
[2026, 9, 25, 11, 52, 59] ;;; compileLootTables;     --> loot_table\archaeology\desert_pyramid.json
[2026, 9, 25, 11, 52, 59] ;;; compileLootTables;     --> loot_table\archaeology\desert_well.json
[2026, 9, 25, 11, 52, 59] ;;; compileLootTables;     --> loot_table\archaeology\ocean_ruin_cold.json
[2026, 9, 25, 11, 52, 59] ;;; compileLootTables;     --> loot_table\archaeology\ocean_ruin_warm.json
[2026, 9, 25, 11, 52, 59] ;;; compileLootTables;     --> loot_table\archaeology\trail_ruins_common.json
[2026, 9, 25, 11, 52, 59] ;;; compileLootTables;     --> loot_table\archaeology\trail_ruins_rare.json
[2026, 9, 25, 11, 52, 59] ;;; compileLootTables;     --> loot_table\blocks\acacia_button.json
[2026, 9, 25, 11, 52, 59] ;;; compileLootTables;     --> loot_table\blocks\acacia_door.json
[2026, 9, 25, 11, 52, 59] ;;; compileLootTables;     --> loot_table\blocks\acacia_fence.json
[2026, 9, 25, 11, 52, 59] ;;; compileLootTables;     --> loot_table\blocks\acacia_fence_gate.json
[2026, 9, 25, 11, 52, 59] ;;; compileLootTables;     --> loot_table\blocks\acacia_hanging_sign.json
[2026, 9, 25, 11, 52, 59] ;;; compileLootTables;     --> loot_table\blocks\acacia_leaves.json
[2026, 9, 25, 11, 52, 59] ;;; compileLootTables;     --> loot_table\blocks\acacia_log.json
[2026, 9, 25, 11, 52, 59] ;;; compileLootTables;     --> loot_table\blocks\acacia_planks.json
[2026, 9, 25, 11, 52, 59] ;;; compileLootTables;     --> loot_table\blocks\acacia_pressure_plate.json
[2026, 9, 25, 11, 52, 59] ;;; compileLootTables;     --> loot_table\blocks\acacia_sapling.json
[2026, 9, 25, 11, 52, 59] ;;; compileLootTables;     --> loot_table\blocks\acacia_sign.json
[2026, 9, 25, 11, 52, 59] ;;; compileLootTables;     --> loot_table\blocks\acacia_slab.json
[2026, 9, 25, 11, 52, 59] ;;; compileLootTables;     --> loot_table\blocks\acacia_stairs.json
[2026, 9, 25, 11, 52, 59] ;;; compileLootTables;     --> loot_table\blocks\acacia_trapdoor.json
[2026, 9, 25, 11, 52, 59] ;;; compileLootTables;     --> loot_table\blocks\acacia_wood.json
[2026, 9, 25, 11, 52, 59] ;;; compileLootTables;     --> loot_table\blocks\activator_rail.json
[2026, 9, 25, 11, 52, 59] ;;; compileLootTables;     --> loot_table\blocks\allium.json
[2026, 9, 25, 11, 52, 59] ;;; compileLootTables;     --> loot_table\blocks\amethyst_block.json
[2026, 9, 25, 11, 52, 59] ;;; compileLootTables;     --> loot_table\blocks\amethyst_cluster.json
[2026, 9, 25, 11, 52, 59] ;;; compileLootTables;     --> loot_table\blocks\ancient_debris.json
[2026, 9, 25, 11, 52, 59] ;;; compileLootTables;     --> loot_table\blocks\andesite.json
[2026, 9, 25, 11, 52, 59] ;;; compileLootTables;     --> loot_table\blocks\andesite_slab.json
[2026, 9, 25, 11, 52, 59] ;;; compileLootTables;     --> loot_table\blocks\andesite_stairs.json
[2026, 9, 25, 11, 52, 59] ;;; compileLootTables;     --> loot_table\blocks\andesite_wall.json
[2026, 9, 25, 11, 52, 59] ;;; compileLootTables;     --> loot_table\blocks\anvil.json
[2026, 9, 25, 11, 52, 59] ;;; compileLootTables;     --> loot_table\blocks\attached_melon_stem.json
[2026, 9, 25, 11, 52, 59] ;;; compileLootTables;     --> loot_table\blocks\attached_pumpkin_stem.json
[2026, 9, 25, 11, 52, 59] ;;; compileLootTables;     --> loot_table\blocks\azalea.json
[2026, 9, 25, 11, 52, 59] ;;; compileLootTables;     --> loot_table\blocks\azalea_leaves.json
[2026, 9, 25, 11, 52, 59] ;;; compileLootTables;     --> loot_table\blocks\azure_bluet.json
[2026, 9, 25, 11, 52, 59] ;;; compileLootTables;     --> loot_table\blocks\bamboo.json
[2026, 9, 25, 11, 52, 59] ;;; compileLootTables;     --> loot_table\blocks\bamboo_block.json
[2026, 9, 25, 11, 52, 59] ;;; compileLootTables;     --> loot_table\blocks\bamboo_button.json
[2026, 9, 25, 11, 52, 59] ;;; compileLootTables;     --> loot_table\blocks\bamboo_door.json
[2026, 9, 25, 11, 52, 59] ;;; compileLootTables;     --> loot_table\blocks\bamboo_fence.json
[2026, 9, 25, 11, 52, 59] ;;; compileLootTables;     --> loot_table\blocks\bamboo_fence_gate.json
[2026, 9, 25, 11, 52, 59] ;;; compileLootTables;     --> loot_table\blocks\bamboo_hanging_sign.json
[2026, 9, 25, 11, 52, 59] ;;; compileLootTables;     --> loot_table\blocks\bamboo_mosaic.json
[2026, 9, 25, 11, 52, 59] ;;; compileLootTables;     --> loot_table\blocks\bamboo_mosaic_slab.json
[2026, 9, 25, 11, 52, 59] ;;; compileLootTables;     --> loot_table\blocks\bamboo_mosaic_stairs.json
[2026, 9, 25, 11, 52, 59] ;;; compileLootTables;     --> loot_table\blocks\bamboo_planks.json
[2026, 9, 25, 11, 52, 59] ;;; compileLootTables;     --> loot_table\blocks\bamboo_pressure_plate.json
[2026, 9, 25, 11, 52, 59] ;;; compileLootTables;     --> loot_table\blocks\bamboo_sapling.json
[2026, 9, 25, 11, 52, 59] ;;; compileLootTables;     --> loot_table\blocks\bamboo_sign.json
[2026, 9, 25, 11, 52, 59] ;;; compileLootTables;     --> loot_table\blocks\bamboo_slab.json
[2026, 9, 25, 11, 52, 59] ;;; compileLootTables;     --> loot_table\blocks\bamboo_stairs.json
[2026, 9, 25, 11, 52, 59] ;;; compileLootTables;     --> loot_table\blocks\bamboo_trapdoor.json
[2026, 9, 25, 11, 52, 59] ;;; compileLootTables;     --> loot_table\blocks\barrel.json
[2026, 9, 25, 11, 52, 59] ;;; compileLootTables;     --> loot_table\blocks\basalt.json
[2026, 9, 25, 11, 52, 59] ;;; compileLootTables;     --> loot_table\blocks\beacon.json
[2026, 9, 25, 11, 52, 59] ;;; compileLootTables;     --> loot_table\blocks\beehive.json
[2026, 9, 25, 11, 52, 59] ;;; compileLootTables;     --> loot_table\blocks\beetroots.json
[2026, 9, 25, 11, 52, 59] ;;; compileLootTables;     --> loot_table\blocks\bee_nest.json
[2026, 9, 25, 11, 52, 59] ;;; compileLootTables;     --> loot_table\blocks\bell.json
[2026, 9, 25, 11, 52, 59] ;;; compileLootTables;     --> loot_table\blocks\big_dripleaf.json
[2026, 9, 25, 11, 52, 59] ;;; compileLootTables;     --> loot_table\blocks\big_dripleaf_stem.json
[2026, 9, 25, 11, 52, 59] ;;; compileLootTables;     --> loot_table\blocks\birch_button.json
[2026, 9, 25, 11, 52, 59] ;;; compileLootTables;     --> loot_table\blocks\birch_door.json
[2026, 9, 25, 11, 52, 59] ;;; compileLootTables;     --> loot_table\blocks\birch_fence.json
[2026, 9, 25, 11, 52, 59] ;;; compileLootTables;     --> loot_table\blocks\birch_fence_gate.json
[2026, 9, 25, 11, 52, 59] ;;; compileLootTables;     --> loot_table\blocks\birch_hanging_sign.json
[2026, 9, 25, 11, 52, 59] ;;; compileLootTables;     --> loot_table\blocks\birch_leaves.json
[2026, 9, 25, 11, 52, 59] ;;; compileLootTables;     --> loot_table\blocks\birch_log.json
[2026, 9, 25, 11, 52, 59] ;;; compileLootTables;     --> loot_table\blocks\birch_planks.json
[2026, 9, 25, 11, 52, 59] ;;; compileLootTables;     --> loot_table\blocks\birch_pressure_plate.json
[2026, 9, 25, 11, 52, 59] ;;; compileLootTables;     --> loot_table\blocks\birch_sapling.json
[2026, 9, 25, 11, 52, 59] ;;; compileLootTables;     --> loot_table\blocks\birch_sign.json
[2026, 9, 25, 11, 52, 59] ;;; compileLootTables;     --> loot_table\blocks\birch_slab.json
[2026, 9, 25, 11, 52, 59] ;;; compileLootTables;     --> loot_table\blocks\birch_stairs.json
[2026, 9, 25, 11, 52, 59] ;;; compileLootTables;     --> loot_table\blocks\birch_trapdoor.json
[2026, 9, 25, 11, 52, 59] ;;; compileLootTables;     --> loot_table\blocks\birch_wood.json
[2026, 9, 25, 11, 52, 59] ;;; compileLootTables;     --> loot_table\blocks\blackstone.json
[2026, 9, 25, 11, 52, 59] ;;; compileLootTables;     --> loot_table\blocks\blackstone_slab.json
[2026, 9, 25, 11, 52, 59] ;;; compileLootTables;     --> loot_table\blocks\blackstone_stairs.json
[2026, 9, 25, 11, 52, 59] ;;; compileLootTables;     --> loot_table\blocks\blackstone_wall.json
[2026, 9, 25, 11, 52, 59] ;;; compileLootTables;     --> loot_table\blocks\black_banner.json
[2026, 9, 25, 11, 52, 59] ;;; compileLootTables;     --> loot_table\blocks\black_bed.json
[2026, 9, 25, 11, 52, 59] ;;; compileLootTables;     --> loot_table\blocks\black_candle.json
[2026, 9, 25, 11, 52, 59] ;;; compileLootTables;     --> loot_table\blocks\black_candle_cake.json
[2026, 9, 25, 11, 52, 59] ;;; compileLootTables;     --> loot_table\blocks\black_carpet.json
[2026, 9, 25, 11, 52, 59] ;;; compileLootTables;     --> loot_table\blocks\black_concrete.json
[2026, 9, 25, 11, 52, 59] ;;; compileLootTables;     --> loot_table\blocks\black_concrete_powder.json
[2026, 9, 25, 11, 52, 59] ;;; compileLootTables;     --> loot_table\blocks\black_glazed_terracotta.json
[2026, 9, 25, 11, 52, 59] ;;; compileLootTables;     --> loot_table\blocks\black_shulker_box.json
[2026, 9, 25, 11, 52, 59] ;;; compileLootTables;     --> loot_table\blocks\black_stained_glass.json
[2026, 9, 25, 11, 52, 59] ;;; compileLootTables;     --> loot_table\blocks\black_stained_glass_pane.json
[2026, 9, 25, 11, 52, 59] ;;; compileLootTables;     --> loot_table\blocks\black_terracotta.json
[2026, 9, 25, 11, 52, 59] ;;; compileLootTables;     --> loot_table\blocks\black_wool.json
[2026, 9, 25, 11, 52, 59] ;;; compileLootTables;     --> loot_table\blocks\blast_furnace.json
[2026, 9, 25, 11, 52, 59] ;;; compileLootTables;     --> loot_table\blocks\blue_banner.json
[2026, 9, 25, 11, 52, 59] ;;; compileLootTables;     --> loot_table\blocks\blue_bed.json
[2026, 9, 25, 11, 52, 59] ;;; compileLootTables;     --> loot_table\blocks\blue_candle.json
[2026, 9, 25, 11, 52, 59] ;;; compileLootTables;     --> loot_table\blocks\blue_candle_cake.json
[2026, 9, 25, 11, 53, 0] ;;; compileLootTables;     --> loot_table\blocks\blue_carpet.json
[2026, 9, 25, 11, 53, 0] ;;; compileLootTables;     --> loot_table\blocks\blue_concrete.json
[2026, 9, 25, 11, 53, 0] ;;; compileLootTables;     --> loot_table\blocks\blue_concrete_powder.json
[2026, 9, 25, 11, 53, 0] ;;; compileLootTables;     --> loot_table\blocks\blue_glazed_terracotta.json
[2026, 9, 25, 11, 53, 0] ;;; compileLootTables;     --> loot_table\blocks\blue_ice.json
[2026, 9, 25, 11, 53, 0] ;;; compileLootTables;     --> loot_table\blocks\blue_orchid.json
[2026, 9, 25, 11, 53, 0] ;;; compileLootTables;     --> loot_table\blocks\blue_shulker_box.json
[2026, 9, 25, 11, 53, 0] ;;; compileLootTables;     --> loot_table\blocks\blue_stained_glass.json
[2026, 9, 25, 11, 53, 0] ;;; compileLootTables;     --> loot_table\blocks\blue_stained_glass_pane.json
[2026, 9, 25, 11, 53, 0] ;;; compileLootTables;     --> loot_table\blocks\blue_terracotta.json
[2026, 9, 25, 11, 53, 0] ;;; compileLootTables;     --> loot_table\blocks\blue_wool.json
[2026, 9, 25, 11, 53, 0] ;;; compileLootTables;     --> loot_table\blocks\bone_block.json
[2026, 9, 25, 11, 53, 0] ;;; compileLootTables;     --> loot_table\blocks\bookshelf.json
[2026, 9, 25, 11, 53, 0] ;;; compileLootTables;     --> loot_table\blocks\brain_coral.json
[2026, 9, 25, 11, 53, 0] ;;; compileLootTables;     --> loot_table\blocks\brain_coral_block.json
[2026, 9, 25, 11, 53, 0] ;;; compileLootTables;     --> loot_table\blocks\brain_coral_fan.json
[2026, 9, 25, 11, 53, 0] ;;; compileLootTables;     --> loot_table\blocks\brewing_stand.json
[2026, 9, 25, 11, 53, 0] ;;; compileLootTables;     --> loot_table\blocks\bricks.json
[2026, 9, 25, 11, 53, 0] ;;; compileLootTables;     --> loot_table\blocks\brick_slab.json
[2026, 9, 25, 11, 53, 0] ;;; compileLootTables;     --> loot_table\blocks\brick_stairs.json
[2026, 9, 25, 11, 53, 0] ;;; compileLootTables;     --> loot_table\blocks\brick_wall.json
[2026, 9, 25, 11, 53, 0] ;;; compileLootTables;     --> loot_table\blocks\brown_banner.json
[2026, 9, 25, 11, 53, 0] ;;; compileLootTables;     --> loot_table\blocks\brown_bed.json
[2026, 9, 25, 11, 53, 0] ;;; compileLootTables;     --> loot_table\blocks\brown_candle.json
[2026, 9, 25, 11, 53, 0] ;;; compileLootTables;     --> loot_table\blocks\brown_candle_cake.json
[2026, 9, 25, 11, 53, 0] ;;; compileLootTables;     --> loot_table\blocks\brown_carpet.json
[2026, 9, 25, 11, 53, 0] ;;; compileLootTables;     --> loot_table\blocks\brown_concrete.json
[2026, 9, 25, 11, 53, 0] ;;; compileLootTables;     --> loot_table\blocks\brown_concrete_powder.json
[2026, 9, 25, 11, 53, 0] ;;; compileLootTables;     --> loot_table\blocks\brown_glazed_terracotta.json
[2026, 9, 25, 11, 53, 0] ;;; compileLootTables;     --> loot_table\blocks\brown_mushroom.json
[2026, 9, 25, 11, 53, 0] ;;; compileLootTables;     --> loot_table\blocks\brown_mushroom_block.json
[2026, 9, 25, 11, 53, 0] ;;; compileLootTables;     --> loot_table\blocks\brown_shulker_box.json
[2026, 9, 25, 11, 53, 0] ;;; compileLootTables;     --> loot_table\blocks\brown_stained_glass.json
[2026, 9, 25, 11, 53, 0] ;;; compileLootTables;     --> loot_table\blocks\brown_stained_glass_pane.json
[2026, 9, 25, 11, 53, 0] ;;; compileLootTables;     --> loot_table\blocks\brown_terracotta.json
[2026, 9, 25, 11, 53, 0] ;;; compileLootTables;     --> loot_table\blocks\brown_wool.json
[2026, 9, 25, 11, 53, 0] ;;; compileLootTables;     --> loot_table\blocks\bubble_coral.json
[2026, 9, 25, 11, 53, 0] ;;; compileLootTables;     --> loot_table\blocks\bubble_coral_block.json
[2026, 9, 25, 11, 53, 0] ;;; compileLootTables;     --> loot_table\blocks\bubble_coral_fan.json
[2026, 9, 25, 11, 53, 0] ;;; compileLootTables;     --> loot_table\blocks\budding_amethyst.json
[2026, 9, 25, 11, 53, 0] ;;; compileLootTables;     --> loot_table\blocks\bush.json
[2026, 9, 25, 11, 53, 0] ;;; compileLootTables;     --> loot_table\blocks\cactus.json
[2026, 9, 25, 11, 53, 0] ;;; compileLootTables;     --> loot_table\blocks\cactus_flower.json
[2026, 9, 25, 11, 53, 0] ;;; compileLootTables;     --> loot_table\blocks\cake.json
[2026, 9, 25, 11, 53, 0] ;;; compileLootTables;     --> loot_table\blocks\calcite.json
[2026, 9, 25, 11, 53, 0] ;;; compileLootTables;     --> loot_table\blocks\calibrated_sculk_sensor.json
[2026, 9, 25, 11, 53, 0] ;;; compileLootTables;     --> loot_table\blocks\campfire.json
[2026, 9, 25, 11, 53, 0] ;;; compileLootTables;     --> loot_table\blocks\candle.json
[2026, 9, 25, 11, 53, 0] ;;; compileLootTables;     --> loot_table\blocks\candle_cake.json
[2026, 9, 25, 11, 53, 0] ;;; compileLootTables;     --> loot_table\blocks\carrots.json
[2026, 9, 25, 11, 53, 0] ;;; compileLootTables;     --> loot_table\blocks\cartography_table.json
[2026, 9, 25, 11, 53, 0] ;;; compileLootTables;     --> loot_table\blocks\carved_pumpkin.json
[2026, 9, 25, 11, 53, 0] ;;; compileLootTables;     --> loot_table\blocks\cauldron.json
[2026, 9, 25, 11, 53, 0] ;;; compileLootTables;     --> loot_table\blocks\cave_vines.json
[2026, 9, 25, 11, 53, 0] ;;; compileLootTables;     --> loot_table\blocks\cave_vines_plant.json
[2026, 9, 25, 11, 53, 0] ;;; compileLootTables;     --> loot_table\blocks\chain.json
[2026, 9, 25, 11, 53, 0] ;;; compileLootTables;     --> loot_table\blocks\cherry_button.json
[2026, 9, 25, 11, 53, 0] ;;; compileLootTables;     --> loot_table\blocks\cherry_door.json
[2026, 9, 25, 11, 53, 0] ;;; compileLootTables;     --> loot_table\blocks\cherry_fence.json
[2026, 9, 25, 11, 53, 0] ;;; compileLootTables;     --> loot_table\blocks\cherry_fence_gate.json
[2026, 9, 25, 11, 53, 0] ;;; compileLootTables;     --> loot_table\blocks\cherry_hanging_sign.json
[2026, 9, 25, 11, 53, 0] ;;; compileLootTables;     --> loot_table\blocks\cherry_leaves.json
[2026, 9, 25, 11, 53, 0] ;;; compileLootTables;     --> loot_table\blocks\cherry_log.json
[2026, 9, 25, 11, 53, 0] ;;; compileLootTables;     --> loot_table\blocks\cherry_planks.json
[2026, 9, 25, 11, 53, 0] ;;; compileLootTables;     --> loot_table\blocks\cherry_pressure_plate.json
[2026, 9, 25, 11, 53, 0] ;;; compileLootTables;     --> loot_table\blocks\cherry_sapling.json
[2026, 9, 25, 11, 53, 0] ;;; compileLootTables;     --> loot_table\blocks\cherry_sign.json
[2026, 9, 25, 11, 53, 0] ;;; compileLootTables;     --> loot_table\blocks\cherry_slab.json
[2026, 9, 25, 11, 53, 0] ;;; compileLootTables;     --> loot_table\blocks\cherry_stairs.json
[2026, 9, 25, 11, 53, 0] ;;; compileLootTables;     --> loot_table\blocks\cherry_trapdoor.json
[2026, 9, 25, 11, 53, 0] ;;; compileLootTables;     --> loot_table\blocks\cherry_wood.json
[2026, 9, 25, 11, 53, 0] ;;; compileLootTables;     --> loot_table\blocks\chest.json
[2026, 9, 25, 11, 53, 0] ;;; compileLootTables;     --> loot_table\blocks\chipped_anvil.json
[2026, 9, 25, 11, 53, 0] ;;; compileLootTables;     --> loot_table\blocks\chiseled_bookshelf.json
[2026, 9, 25, 11, 53, 0] ;;; compileLootTables;     --> loot_table\blocks\chiseled_copper.json
[2026, 9, 25, 11, 53, 0] ;;; compileLootTables;     --> loot_table\blocks\chiseled_deepslate.json
[2026, 9, 25, 11, 53, 0] ;;; compileLootTables;     --> loot_table\blocks\chiseled_nether_bricks.json
[2026, 9, 25, 11, 53, 0] ;;; compileLootTables;     --> loot_table\blocks\chiseled_polished_blackstone.json
[2026, 9, 25, 11, 53, 0] ;;; compileLootTables;     --> loot_table\blocks\chiseled_quartz_block.json
[2026, 9, 25, 11, 53, 0] ;;; compileLootTables;     --> loot_table\blocks\chiseled_red_sandstone.json
[2026, 9, 25, 11, 53, 0] ;;; compileLootTables;     --> loot_table\blocks\chiseled_resin_bricks.json
[2026, 9, 25, 11, 53, 0] ;;; compileLootTables;     --> loot_table\blocks\chiseled_sandstone.json
[2026, 9, 25, 11, 53, 0] ;;; compileLootTables;     --> loot_table\blocks\chiseled_stone_bricks.json
[2026, 9, 25, 11, 53, 0] ;;; compileLootTables;     --> loot_table\blocks\chiseled_tuff.json
[2026, 9, 25, 11, 53, 0] ;;; compileLootTables;     --> loot_table\blocks\chiseled_tuff_bricks.json
[2026, 9, 25, 11, 53, 0] ;;; compileLootTables;     --> loot_table\blocks\chorus_flower.json
[2026, 9, 25, 11, 53, 0] ;;; compileLootTables;     --> loot_table\blocks\chorus_plant.json
[2026, 9, 25, 11, 53, 0] ;;; compileLootTables;     --> loot_table\blocks\clay.json
[2026, 9, 25, 11, 53, 0] ;;; compileLootTables;     --> loot_table\blocks\closed_eyeblossom.json
[2026, 9, 25, 11, 53, 0] ;;; compileLootTables;     --> loot_table\blocks\coal_block.json
[2026, 9, 25, 11, 53, 0] ;;; compileLootTables;     --> loot_table\blocks\coal_ore.json
[2026, 9, 25, 11, 53, 0] ;;; compileLootTables;     --> loot_table\blocks\coarse_dirt.json
[2026, 9, 25, 11, 53, 0] ;;; compileLootTables;     --> loot_table\blocks\cobbled_deepslate.json
[2026, 9, 25, 11, 53, 0] ;;; compileLootTables;     --> loot_table\blocks\cobbled_deepslate_slab.json
[2026, 9, 25, 11, 53, 0] ;;; compileLootTables;     --> loot_table\blocks\cobbled_deepslate_stairs.json
[2026, 9, 25, 11, 53, 0] ;;; compileLootTables;     --> loot_table\blocks\cobbled_deepslate_wall.json
[2026, 9, 25, 11, 53, 0] ;;; compileLootTables;     --> loot_table\blocks\cobblestone.json
[2026, 9, 25, 11, 53, 0] ;;; compileLootTables;     --> loot_table\blocks\cobblestone_slab.json
[2026, 9, 25, 11, 53, 0] ;;; compileLootTables;     --> loot_table\blocks\cobblestone_stairs.json
[2026, 9, 25, 11, 53, 0] ;;; compileLootTables;     --> loot_table\blocks\cobblestone_wall.json
[2026, 9, 25, 11, 53, 0] ;;; compileLootTables;     --> loot_table\blocks\cobweb.json
[2026, 9, 25, 11, 53, 0] ;;; compileLootTables;     --> loot_table\blocks\cocoa.json
[2026, 9, 25, 11, 53, 0] ;;; compileLootTables;     --> loot_table\blocks\comparator.json
[2026, 9, 25, 11, 53, 0] ;;; compileLootTables;     --> loot_table\blocks\composter.json
[2026, 9, 25, 11, 53, 0] ;;; compileLootTables;     --> loot_table\blocks\conduit.json
[2026, 9, 25, 11, 53, 0] ;;; compileLootTables;     --> loot_table\blocks\copper_block.json
[2026, 9, 25, 11, 53, 0] ;;; compileLootTables;     --> loot_table\blocks\copper_bulb.json
[2026, 9, 25, 11, 53, 0] ;;; compileLootTables;     --> loot_table\blocks\copper_door.json
[2026, 9, 25, 11, 53, 0] ;;; compileLootTables;     --> loot_table\blocks\copper_grate.json
[2026, 9, 25, 11, 53, 0] ;;; compileLootTables;     --> loot_table\blocks\copper_ore.json
[2026, 9, 25, 11, 53, 0] ;;; compileLootTables;     --> loot_table\blocks\copper_trapdoor.json
[2026, 9, 25, 11, 53, 0] ;;; compileLootTables;     --> loot_table\blocks\cornflower.json
[2026, 9, 25, 11, 53, 0] ;;; compileLootTables;     --> loot_table\blocks\cracked_deepslate_bricks.json
[2026, 9, 25, 11, 53, 0] ;;; compileLootTables;     --> loot_table\blocks\cracked_deepslate_tiles.json
[2026, 9, 25, 11, 53, 0] ;;; compileLootTables;     --> loot_table\blocks\cracked_nether_bricks.json
[2026, 9, 25, 11, 53, 0] ;;; compileLootTables;     --> loot_table\blocks\cracked_polished_blackstone_bricks.json
[2026, 9, 25, 11, 53, 0] ;;; compileLootTables;     --> loot_table\blocks\cracked_stone_bricks.json
[2026, 9, 25, 11, 53, 0] ;;; compileLootTables;     --> loot_table\blocks\crafter.json
[2026, 9, 25, 11, 53, 0] ;;; compileLootTables;     --> loot_table\blocks\crafting_table.json
[2026, 9, 25, 11, 53, 0] ;;; compileLootTables;     --> loot_table\blocks\creaking_heart.json
[2026, 9, 25, 11, 53, 0] ;;; compileLootTables;     --> loot_table\blocks\creeper_head.json
[2026, 9, 25, 11, 53, 0] ;;; compileLootTables;     --> loot_table\blocks\crimson_button.json
[2026, 9, 25, 11, 53, 0] ;;; compileLootTables;     --> loot_table\blocks\crimson_door.json
[2026, 9, 25, 11, 53, 0] ;;; compileLootTables;     --> loot_table\blocks\crimson_fence.json
[2026, 9, 25, 11, 53, 0] ;;; compileLootTables;     --> loot_table\blocks\crimson_fence_gate.json
[2026, 9, 25, 11, 53, 0] ;;; compileLootTables;     --> loot_table\blocks\crimson_fungus.json
[2026, 9, 25, 11, 53, 0] ;;; compileLootTables;     --> loot_table\blocks\crimson_hanging_sign.json
[2026, 9, 25, 11, 53, 0] ;;; compileLootTables;     --> loot_table\blocks\crimson_hyphae.json
[2026, 9, 25, 11, 53, 0] ;;; compileLootTables;     --> loot_table\blocks\crimson_nylium.json
[2026, 9, 25, 11, 53, 0] ;;; compileLootTables;     --> loot_table\blocks\crimson_planks.json
[2026, 9, 25, 11, 53, 0] ;;; compileLootTables;     --> loot_table\blocks\crimson_pressure_plate.json
[2026, 9, 25, 11, 53, 0] ;;; compileLootTables;     --> loot_table\blocks\crimson_roots.json
[2026, 9, 25, 11, 53, 0] ;;; compileLootTables;     --> loot_table\blocks\crimson_sign.json
[2026, 9, 25, 11, 53, 0] ;;; compileLootTables;     --> loot_table\blocks\crimson_slab.json
[2026, 9, 25, 11, 53, 0] ;;; compileLootTables;     --> loot_table\blocks\crimson_stairs.json
[2026, 9, 25, 11, 53, 0] ;;; compileLootTables;     --> loot_table\blocks\crimson_stem.json
[2026, 9, 25, 11, 53, 0] ;;; compileLootTables;     --> loot_table\blocks\crimson_trapdoor.json
[2026, 9, 25, 11, 53, 0] ;;; compileLootTables;     --> loot_table\blocks\crying_obsidian.json
[2026, 9, 25, 11, 53, 0] ;;; compileLootTables;     --> loot_table\blocks\cut_copper.json
[2026, 9, 25, 11, 53, 0] ;;; compileLootTables;     --> loot_table\blocks\cut_copper_slab.json
[2026, 9, 25, 11, 53, 0] ;;; compileLootTables;     --> loot_table\blocks\cut_copper_stairs.json
[2026, 9, 25, 11, 53, 0] ;;; compileLootTables;     --> loot_table\blocks\cut_red_sandstone.json
[2026, 9, 25, 11, 53, 0] ;;; compileLootTables;     --> loot_table\blocks\cut_red_sandstone_slab.json
[2026, 9, 25, 11, 53, 0] ;;; compileLootTables;     --> loot_table\blocks\cut_sandstone.json
[2026, 9, 25, 11, 53, 0] ;;; compileLootTables;     --> loot_table\blocks\cut_sandstone_slab.json
[2026, 9, 25, 11, 53, 0] ;;; compileLootTables;     --> loot_table\blocks\cyan_banner.json
[2026, 9, 25, 11, 53, 0] ;;; compileLootTables;     --> loot_table\blocks\cyan_bed.json
[2026, 9, 25, 11, 53, 0] ;;; compileLootTables;     --> loot_table\blocks\cyan_candle.json
[2026, 9, 25, 11, 53, 0] ;;; compileLootTables;     --> loot_table\blocks\cyan_candle_cake.json
[2026, 9, 25, 11, 53, 0] ;;; compileLootTables;     --> loot_table\blocks\cyan_carpet.json
[2026, 9, 25, 11, 53, 0] ;;; compileLootTables;     --> loot_table\blocks\cyan_concrete.json
[2026, 9, 25, 11, 53, 0] ;;; compileLootTables;     --> loot_table\blocks\cyan_concrete_powder.json
[2026, 9, 25, 11, 53, 0] ;;; compileLootTables;     --> loot_table\blocks\cyan_glazed_terracotta.json
[2026, 9, 25, 11, 53, 0] ;;; compileLootTables;     --> loot_table\blocks\cyan_shulker_box.json
[2026, 9, 25, 11, 53, 0] ;;; compileLootTables;     --> loot_table\blocks\cyan_stained_glass.json
[2026, 9, 25, 11, 53, 0] ;;; compileLootTables;     --> loot_table\blocks\cyan_stained_glass_pane.json
[2026, 9, 25, 11, 53, 0] ;;; compileLootTables;     --> loot_table\blocks\cyan_terracotta.json
[2026, 9, 25, 11, 53, 0] ;;; compileLootTables;     --> loot_table\blocks\cyan_wool.json
[2026, 9, 25, 11, 53, 0] ;;; compileLootTables;     --> loot_table\blocks\damaged_anvil.json
[2026, 9, 25, 11, 53, 0] ;;; compileLootTables;     --> loot_table\blocks\dandelion.json
[2026, 9, 25, 11, 53, 0] ;;; compileLootTables;     --> loot_table\blocks\dark_oak_button.json
[2026, 9, 25, 11, 53, 0] ;;; compileLootTables;     --> loot_table\blocks\dark_oak_door.json
[2026, 9, 25, 11, 53, 0] ;;; compileLootTables;     --> loot_table\blocks\dark_oak_fence.json
[2026, 9, 25, 11, 53, 0] ;;; compileLootTables;     --> loot_table\blocks\dark_oak_fence_gate.json
[2026, 9, 25, 11, 53, 0] ;;; compileLootTables;     --> loot_table\blocks\dark_oak_hanging_sign.json
[2026, 9, 25, 11, 53, 0] ;;; compileLootTables;     --> loot_table\blocks\dark_oak_leaves.json
[2026, 9, 25, 11, 53, 0] ;;; compileLootTables;     --> loot_table\blocks\dark_oak_log.json
[2026, 9, 25, 11, 53, 0] ;;; compileLootTables;     --> loot_table\blocks\dark_oak_planks.json
[2026, 9, 25, 11, 53, 1] ;;; compileLootTables;     --> loot_table\blocks\dark_oak_pressure_plate.json
[2026, 9, 25, 11, 53, 1] ;;; compileLootTables;     --> loot_table\blocks\dark_oak_sapling.json
[2026, 9, 25, 11, 53, 1] ;;; compileLootTables;     --> loot_table\blocks\dark_oak_sign.json
[2026, 9, 25, 11, 53, 1] ;;; compileLootTables;     --> loot_table\blocks\dark_oak_slab.json
[2026, 9, 25, 11, 53, 1] ;;; compileLootTables;     --> loot_table\blocks\dark_oak_stairs.json
[2026, 9, 25, 11, 53, 1] ;;; compileLootTables;     --> loot_table\blocks\dark_oak_trapdoor.json
[2026, 9, 25, 11, 53, 1] ;;; compileLootTables;     --> loot_table\blocks\dark_oak_wood.json
[2026, 9, 25, 11, 53, 1] ;;; compileLootTables;     --> loot_table\blocks\dark_prismarine.json
[2026, 9, 25, 11, 53, 1] ;;; compileLootTables;     --> loot_table\blocks\dark_prismarine_slab.json
[2026, 9, 25, 11, 53, 1] ;;; compileLootTables;     --> loot_table\blocks\dark_prismarine_stairs.json
[2026, 9, 25, 11, 53, 1] ;;; compileLootTables;     --> loot_table\blocks\daylight_detector.json
[2026, 9, 25, 11, 53, 1] ;;; compileLootTables;     --> loot_table\blocks\dead_brain_coral.json
[2026, 9, 25, 11, 53, 1] ;;; compileLootTables;     --> loot_table\blocks\dead_brain_coral_block.json
[2026, 9, 25, 11, 53, 1] ;;; compileLootTables;     --> loot_table\blocks\dead_brain_coral_fan.json
[2026, 9, 25, 11, 53, 1] ;;; compileLootTables;     --> loot_table\blocks\dead_bubble_coral.json
[2026, 9, 25, 11, 53, 1] ;;; compileLootTables;     --> loot_table\blocks\dead_bubble_coral_block.json
[2026, 9, 25, 11, 53, 1] ;;; compileLootTables;     --> loot_table\blocks\dead_bubble_coral_fan.json
[2026, 9, 25, 11, 53, 1] ;;; compileLootTables;     --> loot_table\blocks\dead_bush.json
[2026, 9, 25, 11, 53, 1] ;;; compileLootTables;     --> loot_table\blocks\dead_fire_coral.json
[2026, 9, 25, 11, 53, 1] ;;; compileLootTables;     --> loot_table\blocks\dead_fire_coral_block.json
[2026, 9, 25, 11, 53, 1] ;;; compileLootTables;     --> loot_table\blocks\dead_fire_coral_fan.json
[2026, 9, 25, 11, 53, 1] ;;; compileLootTables;     --> loot_table\blocks\dead_horn_coral.json
[2026, 9, 25, 11, 53, 1] ;;; compileLootTables;     --> loot_table\blocks\dead_horn_coral_block.json
[2026, 9, 25, 11, 53, 1] ;;; compileLootTables;     --> loot_table\blocks\dead_horn_coral_fan.json
[2026, 9, 25, 11, 53, 1] ;;; compileLootTables;     --> loot_table\blocks\dead_tube_coral.json
[2026, 9, 25, 11, 53, 1] ;;; compileLootTables;     --> loot_table\blocks\dead_tube_coral_block.json
[2026, 9, 25, 11, 53, 1] ;;; compileLootTables;     --> loot_table\blocks\dead_tube_coral_fan.json
[2026, 9, 25, 11, 53, 1] ;;; compileLootTables;     --> loot_table\blocks\decorated_pot.json
[2026, 9, 25, 11, 53, 1] ;;; compileLootTables;     --> loot_table\blocks\deepslate.json
[2026, 9, 25, 11, 53, 1] ;;; compileLootTables;     --> loot_table\blocks\deepslate_bricks.json
[2026, 9, 25, 11, 53, 1] ;;; compileLootTables;     --> loot_table\blocks\deepslate_brick_slab.json
[2026, 9, 25, 11, 53, 1] ;;; compileLootTables;     --> loot_table\blocks\deepslate_brick_stairs.json
[2026, 9, 25, 11, 53, 1] ;;; compileLootTables;     --> loot_table\blocks\deepslate_brick_wall.json
[2026, 9, 25, 11, 53, 1] ;;; compileLootTables;     --> loot_table\blocks\deepslate_coal_ore.json
[2026, 9, 25, 11, 53, 1] ;;; compileLootTables;     --> loot_table\blocks\deepslate_copper_ore.json
[2026, 9, 25, 11, 53, 1] ;;; compileLootTables;     --> loot_table\blocks\deepslate_diamond_ore.json
[2026, 9, 25, 11, 53, 1] ;;; compileLootTables;     --> loot_table\blocks\deepslate_emerald_ore.json
[2026, 9, 25, 11, 53, 1] ;;; compileLootTables;     --> loot_table\blocks\deepslate_gold_ore.json
[2026, 9, 25, 11, 53, 1] ;;; compileLootTables;     --> loot_table\blocks\deepslate_iron_ore.json
[2026, 9, 25, 11, 53, 1] ;;; compileLootTables;     --> loot_table\blocks\deepslate_lapis_ore.json
[2026, 9, 25, 11, 53, 1] ;;; compileLootTables;     --> loot_table\blocks\deepslate_redstone_ore.json
[2026, 9, 25, 11, 53, 1] ;;; compileLootTables;     --> loot_table\blocks\deepslate_tiles.json
[2026, 9, 25, 11, 53, 1] ;;; compileLootTables;     --> loot_table\blocks\deepslate_tile_slab.json
[2026, 9, 25, 11, 53, 1] ;;; compileLootTables;     --> loot_table\blocks\deepslate_tile_stairs.json
[2026, 9, 25, 11, 53, 1] ;;; compileLootTables;     --> loot_table\blocks\deepslate_tile_wall.json
[2026, 9, 25, 11, 53, 1] ;;; compileLootTables;     --> loot_table\blocks\detector_rail.json
[2026, 9, 25, 11, 53, 1] ;;; compileLootTables;     --> loot_table\blocks\diamond_block.json
[2026, 9, 25, 11, 53, 1] ;;; compileLootTables;     --> loot_table\blocks\diamond_ore.json
[2026, 9, 25, 11, 53, 1] ;;; compileLootTables;     --> loot_table\blocks\diorite.json
[2026, 9, 25, 11, 53, 1] ;;; compileLootTables;     --> loot_table\blocks\diorite_slab.json
[2026, 9, 25, 11, 53, 1] ;;; compileLootTables;     --> loot_table\blocks\diorite_stairs.json
[2026, 9, 25, 11, 53, 1] ;;; compileLootTables;     --> loot_table\blocks\diorite_wall.json
[2026, 9, 25, 11, 53, 1] ;;; compileLootTables;     --> loot_table\blocks\dirt.json
[2026, 9, 25, 11, 53, 1] ;;; compileLootTables;     --> loot_table\blocks\dirt_path.json
[2026, 9, 25, 11, 53, 1] ;;; compileLootTables;     --> loot_table\blocks\dispenser.json
[2026, 9, 25, 11, 53, 1] ;;; compileLootTables;     --> loot_table\blocks\dragon_egg.json
[2026, 9, 25, 11, 53, 1] ;;; compileLootTables;     --> loot_table\blocks\dragon_head.json
[2026, 9, 25, 11, 53, 1] ;;; compileLootTables;     --> loot_table\blocks\dried_ghast.json
[2026, 9, 25, 11, 53, 1] ;;; compileLootTables;     --> loot_table\blocks\dried_kelp_block.json
[2026, 9, 25, 11, 53, 1] ;;; compileLootTables;     --> loot_table\blocks\dripstone_block.json
[2026, 9, 25, 11, 53, 1] ;;; compileLootTables;     --> loot_table\blocks\dropper.json
[2026, 9, 25, 11, 53, 1] ;;; compileLootTables;     --> loot_table\blocks\emerald_block.json
[2026, 9, 25, 11, 53, 1] ;;; compileLootTables;     --> loot_table\blocks\emerald_ore.json
[2026, 9, 25, 11, 53, 1] ;;; compileLootTables;     --> loot_table\blocks\enchanting_table.json
[2026, 9, 25, 11, 53, 1] ;;; compileLootTables;     --> loot_table\blocks\ender_chest.json
[2026, 9, 25, 11, 53, 1] ;;; compileLootTables;     --> loot_table\blocks\end_rod.json
[2026, 9, 25, 11, 53, 1] ;;; compileLootTables;     --> loot_table\blocks\end_stone.json
[2026, 9, 25, 11, 53, 1] ;;; compileLootTables;     --> loot_table\blocks\end_stone_bricks.json
[2026, 9, 25, 11, 53, 1] ;;; compileLootTables;     --> loot_table\blocks\end_stone_brick_slab.json
[2026, 9, 25, 11, 53, 1] ;;; compileLootTables;     --> loot_table\blocks\end_stone_brick_stairs.json
[2026, 9, 25, 11, 53, 1] ;;; compileLootTables;     --> loot_table\blocks\end_stone_brick_wall.json
[2026, 9, 25, 11, 53, 1] ;;; compileLootTables;     --> loot_table\blocks\exposed_chiseled_copper.json
[2026, 9, 25, 11, 53, 1] ;;; compileLootTables;     --> loot_table\blocks\exposed_copper.json
[2026, 9, 25, 11, 53, 1] ;;; compileLootTables;     --> loot_table\blocks\exposed_copper_bulb.json
[2026, 9, 25, 11, 53, 1] ;;; compileLootTables;     --> loot_table\blocks\exposed_copper_door.json
[2026, 9, 25, 11, 53, 1] ;;; compileLootTables;     --> loot_table\blocks\exposed_copper_grate.json
[2026, 9, 25, 11, 53, 1] ;;; compileLootTables;     --> loot_table\blocks\exposed_copper_trapdoor.json
[2026, 9, 25, 11, 53, 1] ;;; compileLootTables;     --> loot_table\blocks\exposed_cut_copper.json
[2026, 9, 25, 11, 53, 1] ;;; compileLootTables;     --> loot_table\blocks\exposed_cut_copper_slab.json
[2026, 9, 25, 11, 53, 1] ;;; compileLootTables;     --> loot_table\blocks\exposed_cut_copper_stairs.json
[2026, 9, 25, 11, 53, 1] ;;; compileLootTables;     --> loot_table\blocks\farmland.json
[2026, 9, 25, 11, 53, 1] ;;; compileLootTables;     --> loot_table\blocks\fern.json
[2026, 9, 25, 11, 53, 1] ;;; compileLootTables;     --> loot_table\blocks\fire.json
[2026, 9, 25, 11, 53, 1] ;;; compileLootTables;     --> loot_table\blocks\firefly_bush.json
[2026, 9, 25, 11, 53, 1] ;;; compileLootTables;     --> loot_table\blocks\fire_coral.json
[2026, 9, 25, 11, 53, 1] ;;; compileLootTables;     --> loot_table\blocks\fire_coral_block.json
[2026, 9, 25, 11, 53, 1] ;;; compileLootTables;     --> loot_table\blocks\fire_coral_fan.json
[2026, 9, 25, 11, 53, 1] ;;; compileLootTables;     --> loot_table\blocks\fletching_table.json
[2026, 9, 25, 11, 53, 1] ;;; compileLootTables;     --> loot_table\blocks\flowering_azalea.json
[2026, 9, 25, 11, 53, 1] ;;; compileLootTables;     --> loot_table\blocks\flowering_azalea_leaves.json
[2026, 9, 25, 11, 53, 1] ;;; compileLootTables;     --> loot_table\blocks\flower_pot.json
[2026, 9, 25, 11, 53, 1] ;;; compileLootTables;     --> loot_table\blocks\frogspawn.json
[2026, 9, 25, 11, 53, 1] ;;; compileLootTables;     --> loot_table\blocks\frosted_ice.json
[2026, 9, 25, 11, 53, 1] ;;; compileLootTables;     --> loot_table\blocks\furnace.json
[2026, 9, 25, 11, 53, 1] ;;; compileLootTables;     --> loot_table\blocks\gilded_blackstone.json
[2026, 9, 25, 11, 53, 1] ;;; compileLootTables;     --> loot_table\blocks\glass.json
[2026, 9, 25, 11, 53, 1] ;;; compileLootTables;     --> loot_table\blocks\glass_pane.json
[2026, 9, 25, 11, 53, 1] ;;; compileLootTables;     --> loot_table\blocks\glowstone.json
[2026, 9, 25, 11, 53, 1] ;;; compileLootTables;     --> loot_table\blocks\glow_lichen.json
[2026, 9, 25, 11, 53, 1] ;;; compileLootTables;     --> loot_table\blocks\gold_block.json
[2026, 9, 25, 11, 53, 1] ;;; compileLootTables;     --> loot_table\blocks\gold_ore.json
[2026, 9, 25, 11, 53, 1] ;;; compileLootTables;     --> loot_table\blocks\granite.json
[2026, 9, 25, 11, 53, 1] ;;; compileLootTables;     --> loot_table\blocks\granite_slab.json
[2026, 9, 25, 11, 53, 1] ;;; compileLootTables;     --> loot_table\blocks\granite_stairs.json
[2026, 9, 25, 11, 53, 1] ;;; compileLootTables;     --> loot_table\blocks\granite_wall.json
[2026, 9, 25, 11, 53, 1] ;;; compileLootTables;     --> loot_table\blocks\grass_block.json
[2026, 9, 25, 11, 53, 1] ;;; compileLootTables;     --> loot_table\blocks\gravel.json
[2026, 9, 25, 11, 53, 1] ;;; compileLootTables;     --> loot_table\blocks\gray_banner.json
[2026, 9, 25, 11, 53, 1] ;;; compileLootTables;     --> loot_table\blocks\gray_bed.json
[2026, 9, 25, 11, 53, 1] ;;; compileLootTables;     --> loot_table\blocks\gray_candle.json
[2026, 9, 25, 11, 53, 1] ;;; compileLootTables;     --> loot_table\blocks\gray_candle_cake.json
[2026, 9, 25, 11, 53, 1] ;;; compileLootTables;     --> loot_table\blocks\gray_carpet.json
[2026, 9, 25, 11, 53, 1] ;;; compileLootTables;     --> loot_table\blocks\gray_concrete.json
[2026, 9, 25, 11, 53, 1] ;;; compileLootTables;     --> loot_table\blocks\gray_concrete_powder.json
[2026, 9, 25, 11, 53, 1] ;;; compileLootTables;     --> loot_table\blocks\gray_glazed_terracotta.json
[2026, 9, 25, 11, 53, 1] ;;; compileLootTables;     --> loot_table\blocks\gray_shulker_box.json
[2026, 9, 25, 11, 53, 1] ;;; compileLootTables;     --> loot_table\blocks\gray_stained_glass.json
[2026, 9, 25, 11, 53, 1] ;;; compileLootTables;     --> loot_table\blocks\gray_stained_glass_pane.json
[2026, 9, 25, 11, 53, 1] ;;; compileLootTables;     --> loot_table\blocks\gray_terracotta.json
[2026, 9, 25, 11, 53, 1] ;;; compileLootTables;     --> loot_table\blocks\gray_wool.json
[2026, 9, 25, 11, 53, 1] ;;; compileLootTables;     --> loot_table\blocks\green_banner.json
[2026, 9, 25, 11, 53, 1] ;;; compileLootTables;     --> loot_table\blocks\green_bed.json
[2026, 9, 25, 11, 53, 1] ;;; compileLootTables;     --> loot_table\blocks\green_candle.json
[2026, 9, 25, 11, 53, 1] ;;; compileLootTables;     --> loot_table\blocks\green_candle_cake.json
[2026, 9, 25, 11, 53, 1] ;;; compileLootTables;     --> loot_table\blocks\green_carpet.json
[2026, 9, 25, 11, 53, 1] ;;; compileLootTables;     --> loot_table\blocks\green_concrete.json
[2026, 9, 25, 11, 53, 1] ;;; compileLootTables;     --> loot_table\blocks\green_concrete_powder.json
[2026, 9, 25, 11, 53, 1] ;;; compileLootTables;     --> loot_table\blocks\green_glazed_terracotta.json
[2026, 9, 25, 11, 53, 1] ;;; compileLootTables;     --> loot_table\blocks\green_shulker_box.json
[2026, 9, 25, 11, 53, 1] ;;; compileLootTables;     --> loot_table\blocks\green_stained_glass.json
[2026, 9, 25, 11, 53, 1] ;;; compileLootTables;     --> loot_table\blocks\green_stained_glass_pane.json
[2026, 9, 25, 11, 53, 1] ;;; compileLootTables;     --> loot_table\blocks\green_terracotta.json
[2026, 9, 25, 11, 53, 1] ;;; compileLootTables;     --> loot_table\blocks\green_wool.json
[2026, 9, 25, 11, 53, 1] ;;; compileLootTables;     --> loot_table\blocks\grindstone.json
[2026, 9, 25, 11, 53, 1] ;;; compileLootTables;     --> loot_table\blocks\hanging_roots.json
[2026, 9, 25, 11, 53, 1] ;;; compileLootTables;     --> loot_table\blocks\hay_block.json
[2026, 9, 25, 11, 53, 1] ;;; compileLootTables;     --> loot_table\blocks\heavy_core.json
[2026, 9, 25, 11, 53, 1] ;;; compileLootTables;     --> loot_table\blocks\heavy_weighted_pressure_plate.json
[2026, 9, 25, 11, 53, 1] ;;; compileLootTables;     --> loot_table\blocks\honeycomb_block.json
[2026, 9, 25, 11, 53, 1] ;;; compileLootTables;     --> loot_table\blocks\honey_block.json
[2026, 9, 25, 11, 53, 1] ;;; compileLootTables;     --> loot_table\blocks\hopper.json
[2026, 9, 25, 11, 53, 1] ;;; compileLootTables;     --> loot_table\blocks\horn_coral.json
[2026, 9, 25, 11, 53, 1] ;;; compileLootTables;     --> loot_table\blocks\horn_coral_block.json
[2026, 9, 25, 11, 53, 1] ;;; compileLootTables;     --> loot_table\blocks\horn_coral_fan.json
[2026, 9, 25, 11, 53, 1] ;;; compileLootTables;     --> loot_table\blocks\ice.json
[2026, 9, 25, 11, 53, 1] ;;; compileLootTables;     --> loot_table\blocks\infested_chiseled_stone_bricks.json
[2026, 9, 25, 11, 53, 2] ;;; compileLootTables;     --> loot_table\blocks\infested_cobblestone.json
[2026, 9, 25, 11, 53, 2] ;;; compileLootTables;     --> loot_table\blocks\infested_cracked_stone_bricks.json
[2026, 9, 25, 11, 53, 2] ;;; compileLootTables;     --> loot_table\blocks\infested_deepslate.json
[2026, 9, 25, 11, 53, 2] ;;; compileLootTables;     --> loot_table\blocks\infested_mossy_stone_bricks.json
[2026, 9, 25, 11, 53, 2] ;;; compileLootTables;     --> loot_table\blocks\infested_stone.json
[2026, 9, 25, 11, 53, 2] ;;; compileLootTables;     --> loot_table\blocks\infested_stone_bricks.json
[2026, 9, 25, 11, 53, 2] ;;; compileLootTables;     --> loot_table\blocks\iron_bars.json
[2026, 9, 25, 11, 53, 2] ;;; compileLootTables;     --> loot_table\blocks\iron_block.json
[2026, 9, 25, 11, 53, 2] ;;; compileLootTables;     --> loot_table\blocks\iron_door.json
[2026, 9, 25, 11, 53, 2] ;;; compileLootTables;     --> loot_table\blocks\iron_ore.json
[2026, 9, 25, 11, 53, 2] ;;; compileLootTables;     --> loot_table\blocks\iron_trapdoor.json
[2026, 9, 25, 11, 53, 2] ;;; compileLootTables;     --> loot_table\blocks\jack_o_lantern.json
[2026, 9, 25, 11, 53, 2] ;;; compileLootTables;     --> loot_table\blocks\jukebox.json
[2026, 9, 25, 11, 53, 2] ;;; compileLootTables;     --> loot_table\blocks\jungle_button.json
[2026, 9, 25, 11, 53, 2] ;;; compileLootTables;     --> loot_table\blocks\jungle_door.json
[2026, 9, 25, 11, 53, 2] ;;; compileLootTables;     --> loot_table\blocks\jungle_fence.json
[2026, 9, 25, 11, 53, 2] ;;; compileLootTables;     --> loot_table\blocks\jungle_fence_gate.json
[2026, 9, 25, 11, 53, 2] ;;; compileLootTables;     --> loot_table\blocks\jungle_hanging_sign.json
[2026, 9, 25, 11, 53, 2] ;;; compileLootTables;     --> loot_table\blocks\jungle_leaves.json
[2026, 9, 25, 11, 53, 2] ;;; compileLootTables;     --> loot_table\blocks\jungle_log.json
[2026, 9, 25, 11, 53, 2] ;;; compileLootTables;     --> loot_table\blocks\jungle_planks.json
[2026, 9, 25, 11, 53, 2] ;;; compileLootTables;     --> loot_table\blocks\jungle_pressure_plate.json
[2026, 9, 25, 11, 53, 2] ;;; compileLootTables;     --> loot_table\blocks\jungle_sapling.json
[2026, 9, 25, 11, 53, 2] ;;; compileLootTables;     --> loot_table\blocks\jungle_sign.json
[2026, 9, 25, 11, 53, 2] ;;; compileLootTables;     --> loot_table\blocks\jungle_slab.json
[2026, 9, 25, 11, 53, 2] ;;; compileLootTables;     --> loot_table\blocks\jungle_stairs.json
[2026, 9, 25, 11, 53, 2] ;;; compileLootTables;     --> loot_table\blocks\jungle_trapdoor.json
[2026, 9, 25, 11, 53, 2] ;;; compileLootTables;     --> loot_table\blocks\jungle_wood.json
[2026, 9, 25, 11, 53, 2] ;;; compileLootTables;     --> loot_table\blocks\kelp.json
[2026, 9, 25, 11, 53, 2] ;;; compileLootTables;     --> loot_table\blocks\kelp_plant.json
[2026, 9, 25, 11, 53, 2] ;;; compileLootTables;     --> loot_table\blocks\ladder.json
[2026, 9, 25, 11, 53, 2] ;;; compileLootTables;     --> loot_table\blocks\lantern.json
[2026, 9, 25, 11, 53, 2] ;;; compileLootTables;     --> loot_table\blocks\lapis_block.json
[2026, 9, 25, 11, 53, 2] ;;; compileLootTables;     --> loot_table\blocks\lapis_ore.json
[2026, 9, 25, 11, 53, 2] ;;; compileLootTables;     --> loot_table\blocks\large_amethyst_bud.json
[2026, 9, 25, 11, 53, 2] ;;; compileLootTables;     --> loot_table\blocks\large_fern.json
[2026, 9, 25, 11, 53, 2] ;;; compileLootTables;     --> loot_table\blocks\lava_cauldron.json
[2026, 9, 25, 11, 53, 2] ;;; compileLootTables;     --> loot_table\blocks\leaf_litter.json
[2026, 9, 25, 11, 53, 2] ;;; compileLootTables;     --> loot_table\blocks\lectern.json
[2026, 9, 25, 11, 53, 2] ;;; compileLootTables;     --> loot_table\blocks\lever.json
[2026, 9, 25, 11, 53, 2] ;;; compileLootTables;     --> loot_table\blocks\lightning_rod.json
[2026, 9, 25, 11, 53, 2] ;;; compileLootTables;     --> loot_table\blocks\light_blue_banner.json
[2026, 9, 25, 11, 53, 2] ;;; compileLootTables;     --> loot_table\blocks\light_blue_bed.json
[2026, 9, 25, 11, 53, 2] ;;; compileLootTables;     --> loot_table\blocks\light_blue_candle.json
[2026, 9, 25, 11, 53, 2] ;;; compileLootTables;     --> loot_table\blocks\light_blue_candle_cake.json
[2026, 9, 25, 11, 53, 2] ;;; compileLootTables;     --> loot_table\blocks\light_blue_carpet.json
[2026, 9, 25, 11, 53, 2] ;;; compileLootTables;     --> loot_table\blocks\light_blue_concrete.json
[2026, 9, 25, 11, 53, 2] ;;; compileLootTables;     --> loot_table\blocks\light_blue_concrete_powder.json
[2026, 9, 25, 11, 53, 2] ;;; compileLootTables;     --> loot_table\blocks\light_blue_glazed_terracotta.json
[2026, 9, 25, 11, 53, 2] ;;; compileLootTables;     --> loot_table\blocks\light_blue_shulker_box.json
[2026, 9, 25, 11, 53, 2] ;;; compileLootTables;     --> loot_table\blocks\light_blue_stained_glass.json
[2026, 9, 25, 11, 53, 2] ;;; compileLootTables;     --> loot_table\blocks\light_blue_stained_glass_pane.json
[2026, 9, 25, 11, 53, 2] ;;; compileLootTables;     --> loot_table\blocks\light_blue_terracotta.json
[2026, 9, 25, 11, 53, 2] ;;; compileLootTables;     --> loot_table\blocks\light_blue_wool.json
[2026, 9, 25, 11, 53, 2] ;;; compileLootTables;     --> loot_table\blocks\light_gray_banner.json
[2026, 9, 25, 11, 53, 2] ;;; compileLootTables;     --> loot_table\blocks\light_gray_bed.json
[2026, 9, 25, 11, 53, 2] ;;; compileLootTables;     --> loot_table\blocks\light_gray_candle.json
[2026, 9, 25, 11, 53, 2] ;;; compileLootTables;     --> loot_table\blocks\light_gray_candle_cake.json
[2026, 9, 25, 11, 53, 2] ;;; compileLootTables;     --> loot_table\blocks\light_gray_carpet.json
[2026, 9, 25, 11, 53, 2] ;;; compileLootTables;     --> loot_table\blocks\light_gray_concrete.json
[2026, 9, 25, 11, 53, 2] ;;; compileLootTables;     --> loot_table\blocks\light_gray_concrete_powder.json
[2026, 9, 25, 11, 53, 2] ;;; compileLootTables;     --> loot_table\blocks\light_gray_glazed_terracotta.json
[2026, 9, 25, 11, 53, 2] ;;; compileLootTables;     --> loot_table\blocks\light_gray_shulker_box.json
[2026, 9, 25, 11, 53, 2] ;;; compileLootTables;     --> loot_table\blocks\light_gray_stained_glass.json
[2026, 9, 25, 11, 53, 2] ;;; compileLootTables;     --> loot_table\blocks\light_gray_stained_glass_pane.json
[2026, 9, 25, 11, 53, 2] ;;; compileLootTables;     --> loot_table\blocks\light_gray_terracotta.json
[2026, 9, 25, 11, 53, 2] ;;; compileLootTables;     --> loot_table\blocks\light_gray_wool.json
[2026, 9, 25, 11, 53, 2] ;;; compileLootTables;     --> loot_table\blocks\light_weighted_pressure_plate.json
[2026, 9, 25, 11, 53, 2] ;;; compileLootTables;     --> loot_table\blocks\lilac.json
[2026, 9, 25, 11, 53, 2] ;;; compileLootTables;     --> loot_table\blocks\lily_of_the_valley.json
[2026, 9, 25, 11, 53, 2] ;;; compileLootTables;     --> loot_table\blocks\lily_pad.json
[2026, 9, 25, 11, 53, 2] ;;; compileLootTables;     --> loot_table\blocks\lime_banner.json
[2026, 9, 25, 11, 53, 2] ;;; compileLootTables;     --> loot_table\blocks\lime_bed.json
[2026, 9, 25, 11, 53, 2] ;;; compileLootTables;     --> loot_table\blocks\lime_candle.json
[2026, 9, 25, 11, 53, 2] ;;; compileLootTables;     --> loot_table\blocks\lime_candle_cake.json
[2026, 9, 25, 11, 53, 2] ;;; compileLootTables;     --> loot_table\blocks\lime_carpet.json
[2026, 9, 25, 11, 53, 2] ;;; compileLootTables;     --> loot_table\blocks\lime_concrete.json
[2026, 9, 25, 11, 53, 2] ;;; compileLootTables;     --> loot_table\blocks\lime_concrete_powder.json
[2026, 9, 25, 11, 53, 2] ;;; compileLootTables;     --> loot_table\blocks\lime_glazed_terracotta.json
[2026, 9, 25, 11, 53, 2] ;;; compileLootTables;     --> loot_table\blocks\lime_shulker_box.json
[2026, 9, 25, 11, 53, 2] ;;; compileLootTables;     --> loot_table\blocks\lime_stained_glass.json
[2026, 9, 25, 11, 53, 2] ;;; compileLootTables;     --> loot_table\blocks\lime_stained_glass_pane.json
[2026, 9, 25, 11, 53, 2] ;;; compileLootTables;     --> loot_table\blocks\lime_terracotta.json
[2026, 9, 25, 11, 53, 2] ;;; compileLootTables;     --> loot_table\blocks\lime_wool.json
[2026, 9, 25, 11, 53, 2] ;;; compileLootTables;     --> loot_table\blocks\lodestone.json
[2026, 9, 25, 11, 53, 2] ;;; compileLootTables;     --> loot_table\blocks\loom.json
[2026, 9, 25, 11, 53, 2] ;;; compileLootTables;     --> loot_table\blocks\magenta_banner.json
[2026, 9, 25, 11, 53, 2] ;;; compileLootTables;     --> loot_table\blocks\magenta_bed.json
[2026, 9, 25, 11, 53, 2] ;;; compileLootTables;     --> loot_table\blocks\magenta_candle.json
[2026, 9, 25, 11, 53, 2] ;;; compileLootTables;     --> loot_table\blocks\magenta_candle_cake.json
[2026, 9, 25, 11, 53, 2] ;;; compileLootTables;     --> loot_table\blocks\magenta_carpet.json
[2026, 9, 25, 11, 53, 2] ;;; compileLootTables;     --> loot_table\blocks\magenta_concrete.json
[2026, 9, 25, 11, 53, 2] ;;; compileLootTables;     --> loot_table\blocks\magenta_concrete_powder.json
[2026, 9, 25, 11, 53, 2] ;;; compileLootTables;     --> loot_table\blocks\magenta_glazed_terracotta.json
[2026, 9, 25, 11, 53, 2] ;;; compileLootTables;     --> loot_table\blocks\magenta_shulker_box.json
[2026, 9, 25, 11, 53, 2] ;;; compileLootTables;     --> loot_table\blocks\magenta_stained_glass.json
[2026, 9, 25, 11, 53, 2] ;;; compileLootTables;     --> loot_table\blocks\magenta_stained_glass_pane.json
[2026, 9, 25, 11, 53, 2] ;;; compileLootTables;     --> loot_table\blocks\magenta_terracotta.json
[2026, 9, 25, 11, 53, 2] ;;; compileLootTables;     --> loot_table\blocks\magenta_wool.json
[2026, 9, 25, 11, 53, 2] ;;; compileLootTables;     --> loot_table\blocks\magma_block.json
[2026, 9, 25, 11, 53, 2] ;;; compileLootTables;     --> loot_table\blocks\mangrove_button.json
[2026, 9, 25, 11, 53, 2] ;;; compileLootTables;     --> loot_table\blocks\mangrove_door.json
[2026, 9, 25, 11, 53, 2] ;;; compileLootTables;     --> loot_table\blocks\mangrove_fence.json
[2026, 9, 25, 11, 53, 2] ;;; compileLootTables;     --> loot_table\blocks\mangrove_fence_gate.json
[2026, 9, 25, 11, 53, 2] ;;; compileLootTables;     --> loot_table\blocks\mangrove_hanging_sign.json
[2026, 9, 25, 11, 53, 2] ;;; compileLootTables;     --> loot_table\blocks\mangrove_leaves.json
[2026, 9, 25, 11, 53, 2] ;;; compileLootTables;     --> loot_table\blocks\mangrove_log.json
[2026, 9, 25, 11, 53, 2] ;;; compileLootTables;     --> loot_table\blocks\mangrove_planks.json
[2026, 9, 25, 11, 53, 2] ;;; compileLootTables;     --> loot_table\blocks\mangrove_pressure_plate.json
[2026, 9, 25, 11, 53, 2] ;;; compileLootTables;     --> loot_table\blocks\mangrove_propagule.json
[2026, 9, 25, 11, 53, 2] ;;; compileLootTables;     --> loot_table\blocks\mangrove_roots.json
[2026, 9, 25, 11, 53, 2] ;;; compileLootTables;     --> loot_table\blocks\mangrove_sign.json
[2026, 9, 25, 11, 53, 2] ;;; compileLootTables;     --> loot_table\blocks\mangrove_slab.json
[2026, 9, 25, 11, 53, 2] ;;; compileLootTables;     --> loot_table\blocks\mangrove_stairs.json
[2026, 9, 25, 11, 53, 2] ;;; compileLootTables;     --> loot_table\blocks\mangrove_trapdoor.json
[2026, 9, 25, 11, 53, 2] ;;; compileLootTables;     --> loot_table\blocks\mangrove_wood.json
[2026, 9, 25, 11, 53, 2] ;;; compileLootTables;     --> loot_table\blocks\medium_amethyst_bud.json
[2026, 9, 25, 11, 53, 2] ;;; compileLootTables;     --> loot_table\blocks\melon.json
[2026, 9, 25, 11, 53, 2] ;;; compileLootTables;     --> loot_table\blocks\melon_stem.json
[2026, 9, 25, 11, 53, 2] ;;; compileLootTables;     --> loot_table\blocks\mossy_cobblestone.json
[2026, 9, 25, 11, 53, 2] ;;; compileLootTables;     --> loot_table\blocks\mossy_cobblestone_slab.json
[2026, 9, 25, 11, 53, 2] ;;; compileLootTables;     --> loot_table\blocks\mossy_cobblestone_stairs.json
[2026, 9, 25, 11, 53, 2] ;;; compileLootTables;     --> loot_table\blocks\mossy_cobblestone_wall.json
[2026, 9, 25, 11, 53, 2] ;;; compileLootTables;     --> loot_table\blocks\mossy_stone_bricks.json
[2026, 9, 25, 11, 53, 2] ;;; compileLootTables;     --> loot_table\blocks\mossy_stone_brick_slab.json
[2026, 9, 25, 11, 53, 2] ;;; compileLootTables;     --> loot_table\blocks\mossy_stone_brick_stairs.json
[2026, 9, 25, 11, 53, 2] ;;; compileLootTables;     --> loot_table\blocks\mossy_stone_brick_wall.json
[2026, 9, 25, 11, 53, 2] ;;; compileLootTables;     --> loot_table\blocks\moss_block.json
[2026, 9, 25, 11, 53, 2] ;;; compileLootTables;     --> loot_table\blocks\moss_carpet.json
[2026, 9, 25, 11, 53, 2] ;;; compileLootTables;     --> loot_table\blocks\mud.json
[2026, 9, 25, 11, 53, 2] ;;; compileLootTables;     --> loot_table\blocks\muddy_mangrove_roots.json
[2026, 9, 25, 11, 53, 2] ;;; compileLootTables;     --> loot_table\blocks\mud_bricks.json
[2026, 9, 25, 11, 53, 2] ;;; compileLootTables;     --> loot_table\blocks\mud_brick_slab.json
[2026, 9, 25, 11, 53, 2] ;;; compileLootTables;     --> loot_table\blocks\mud_brick_stairs.json
[2026, 9, 25, 11, 53, 2] ;;; compileLootTables;     --> loot_table\blocks\mud_brick_wall.json
[2026, 9, 25, 11, 53, 2] ;;; compileLootTables;     --> loot_table\blocks\mushroom_stem.json
[2026, 9, 25, 11, 53, 2] ;;; compileLootTables;     --> loot_table\blocks\mycelium.json
[2026, 9, 25, 11, 53, 2] ;;; compileLootTables;     --> loot_table\blocks\netherite_block.json
[2026, 9, 25, 11, 53, 2] ;;; compileLootTables;     --> loot_table\blocks\netherrack.json
[2026, 9, 25, 11, 53, 2] ;;; compileLootTables;     --> loot_table\blocks\nether_bricks.json
[2026, 9, 25, 11, 53, 2] ;;; compileLootTables;     --> loot_table\blocks\nether_brick_fence.json
[2026, 9, 25, 11, 53, 2] ;;; compileLootTables;     --> loot_table\blocks\nether_brick_slab.json
[2026, 9, 25, 11, 53, 2] ;;; compileLootTables;     --> loot_table\blocks\nether_brick_stairs.json
[2026, 9, 25, 11, 53, 2] ;;; compileLootTables;     --> loot_table\blocks\nether_brick_wall.json
[2026, 9, 25, 11, 53, 2] ;;; compileLootTables;     --> loot_table\blocks\nether_gold_ore.json
[2026, 9, 25, 11, 53, 2] ;;; compileLootTables;     --> loot_table\blocks\nether_portal.json
[2026, 9, 25, 11, 53, 3] ;;; compileLootTables;     --> loot_table\blocks\nether_quartz_ore.json
[2026, 9, 25, 11, 53, 3] ;;; compileLootTables;     --> loot_table\blocks\nether_sprouts.json
[2026, 9, 25, 11, 53, 3] ;;; compileLootTables;     --> loot_table\blocks\nether_wart.json
[2026, 9, 25, 11, 53, 3] ;;; compileLootTables;     --> loot_table\blocks\nether_wart_block.json
[2026, 9, 25, 11, 53, 3] ;;; compileLootTables;     --> loot_table\blocks\note_block.json
[2026, 9, 25, 11, 53, 3] ;;; compileLootTables;     --> loot_table\blocks\oak_button.json
[2026, 9, 25, 11, 53, 3] ;;; compileLootTables;     --> loot_table\blocks\oak_door.json
[2026, 9, 25, 11, 53, 3] ;;; compileLootTables;     --> loot_table\blocks\oak_fence.json
[2026, 9, 25, 11, 53, 3] ;;; compileLootTables;     --> loot_table\blocks\oak_fence_gate.json
[2026, 9, 25, 11, 53, 3] ;;; compileLootTables;     --> loot_table\blocks\oak_hanging_sign.json
[2026, 9, 25, 11, 53, 3] ;;; compileLootTables;     --> loot_table\blocks\oak_leaves.json
[2026, 9, 25, 11, 53, 3] ;;; compileLootTables;     --> loot_table\blocks\oak_log.json
[2026, 9, 25, 11, 53, 3] ;;; compileLootTables;     --> loot_table\blocks\oak_planks.json
[2026, 9, 25, 11, 53, 3] ;;; compileLootTables;     --> loot_table\blocks\oak_pressure_plate.json
[2026, 9, 25, 11, 53, 3] ;;; compileLootTables;     --> loot_table\blocks\oak_sapling.json
[2026, 9, 25, 11, 53, 3] ;;; compileLootTables;     --> loot_table\blocks\oak_sign.json
[2026, 9, 25, 11, 53, 3] ;;; compileLootTables;     --> loot_table\blocks\oak_slab.json
[2026, 9, 25, 11, 53, 3] ;;; compileLootTables;     --> loot_table\blocks\oak_stairs.json
[2026, 9, 25, 11, 53, 3] ;;; compileLootTables;     --> loot_table\blocks\oak_trapdoor.json
[2026, 9, 25, 11, 53, 3] ;;; compileLootTables;     --> loot_table\blocks\oak_wood.json
[2026, 9, 25, 11, 53, 3] ;;; compileLootTables;     --> loot_table\blocks\observer.json
[2026, 9, 25, 11, 53, 3] ;;; compileLootTables;     --> loot_table\blocks\obsidian.json
[2026, 9, 25, 11, 53, 3] ;;; compileLootTables;     --> loot_table\blocks\ochre_froglight.json
[2026, 9, 25, 11, 53, 3] ;;; compileLootTables;     --> loot_table\blocks\open_eyeblossom.json
[2026, 9, 25, 11, 53, 3] ;;; compileLootTables;     --> loot_table\blocks\orange_banner.json
[2026, 9, 25, 11, 53, 3] ;;; compileLootTables;     --> loot_table\blocks\orange_bed.json
[2026, 9, 25, 11, 53, 3] ;;; compileLootTables;     --> loot_table\blocks\orange_candle.json
[2026, 9, 25, 11, 53, 3] ;;; compileLootTables;     --> loot_table\blocks\orange_candle_cake.json
[2026, 9, 25, 11, 53, 3] ;;; compileLootTables;     --> loot_table\blocks\orange_carpet.json
[2026, 9, 25, 11, 53, 3] ;;; compileLootTables;     --> loot_table\blocks\orange_concrete.json
[2026, 9, 25, 11, 53, 3] ;;; compileLootTables;     --> loot_table\blocks\orange_concrete_powder.json
[2026, 9, 25, 11, 53, 3] ;;; compileLootTables;     --> loot_table\blocks\orange_glazed_terracotta.json
[2026, 9, 25, 11, 53, 3] ;;; compileLootTables;     --> loot_table\blocks\orange_shulker_box.json
[2026, 9, 25, 11, 53, 3] ;;; compileLootTables;     --> loot_table\blocks\orange_stained_glass.json
[2026, 9, 25, 11, 53, 3] ;;; compileLootTables;     --> loot_table\blocks\orange_stained_glass_pane.json
[2026, 9, 25, 11, 53, 3] ;;; compileLootTables;     --> loot_table\blocks\orange_terracotta.json
[2026, 9, 25, 11, 53, 3] ;;; compileLootTables;     --> loot_table\blocks\orange_tulip.json
[2026, 9, 25, 11, 53, 3] ;;; compileLootTables;     --> loot_table\blocks\orange_wool.json
[2026, 9, 25, 11, 53, 3] ;;; compileLootTables;     --> loot_table\blocks\oxeye_daisy.json
[2026, 9, 25, 11, 53, 3] ;;; compileLootTables;     --> loot_table\blocks\oxidized_chiseled_copper.json
[2026, 9, 25, 11, 53, 3] ;;; compileLootTables;     --> loot_table\blocks\oxidized_copper.json
[2026, 9, 25, 11, 53, 3] ;;; compileLootTables;     --> loot_table\blocks\oxidized_copper_bulb.json
[2026, 9, 25, 11, 53, 3] ;;; compileLootTables;     --> loot_table\blocks\oxidized_copper_door.json
[2026, 9, 25, 11, 53, 3] ;;; compileLootTables;     --> loot_table\blocks\oxidized_copper_grate.json
[2026, 9, 25, 11, 53, 3] ;;; compileLootTables;     --> loot_table\blocks\oxidized_copper_trapdoor.json
[2026, 9, 25, 11, 53, 3] ;;; compileLootTables;     --> loot_table\blocks\oxidized_cut_copper.json
[2026, 9, 25, 11, 53, 3] ;;; compileLootTables;     --> loot_table\blocks\oxidized_cut_copper_slab.json
[2026, 9, 25, 11, 53, 3] ;;; compileLootTables;     --> loot_table\blocks\oxidized_cut_copper_stairs.json
[2026, 9, 25, 11, 53, 3] ;;; compileLootTables;     --> loot_table\blocks\packed_ice.json
[2026, 9, 25, 11, 53, 3] ;;; compileLootTables;     --> loot_table\blocks\packed_mud.json
[2026, 9, 25, 11, 53, 3] ;;; compileLootTables;     --> loot_table\blocks\pale_hanging_moss.json
[2026, 9, 25, 11, 53, 3] ;;; compileLootTables;     --> loot_table\blocks\pale_moss_block.json
[2026, 9, 25, 11, 53, 3] ;;; compileLootTables;     --> loot_table\blocks\pale_moss_carpet.json
[2026, 9, 25, 11, 53, 3] ;;; compileLootTables;     --> loot_table\blocks\pale_oak_button.json
[2026, 9, 25, 11, 53, 3] ;;; compileLootTables;     --> loot_table\blocks\pale_oak_door.json
[2026, 9, 25, 11, 53, 3] ;;; compileLootTables;     --> loot_table\blocks\pale_oak_fence.json
[2026, 9, 25, 11, 53, 3] ;;; compileLootTables;     --> loot_table\blocks\pale_oak_fence_gate.json
[2026, 9, 25, 11, 53, 3] ;;; compileLootTables;     --> loot_table\blocks\pale_oak_hanging_sign.json
[2026, 9, 25, 11, 53, 3] ;;; compileLootTables;     --> loot_table\blocks\pale_oak_leaves.json
[2026, 9, 25, 11, 53, 3] ;;; compileLootTables;     --> loot_table\blocks\pale_oak_log.json
[2026, 9, 25, 11, 53, 3] ;;; compileLootTables;     --> loot_table\blocks\pale_oak_planks.json
[2026, 9, 25, 11, 53, 3] ;;; compileLootTables;     --> loot_table\blocks\pale_oak_pressure_plate.json
[2026, 9, 25, 11, 53, 3] ;;; compileLootTables;     --> loot_table\blocks\pale_oak_sapling.json
[2026, 9, 25, 11, 53, 3] ;;; compileLootTables;     --> loot_table\blocks\pale_oak_sign.json
[2026, 9, 25, 11, 53, 3] ;;; compileLootTables;     --> loot_table\blocks\pale_oak_slab.json
[2026, 9, 25, 11, 53, 3] ;;; compileLootTables;     --> loot_table\blocks\pale_oak_stairs.json
[2026, 9, 25, 11, 53, 3] ;;; compileLootTables;     --> loot_table\blocks\pale_oak_trapdoor.json
[2026, 9, 25, 11, 53, 3] ;;; compileLootTables;     --> loot_table\blocks\pale_oak_wood.json
[2026, 9, 25, 11, 53, 3] ;;; compileLootTables;     --> loot_table\blocks\pearlescent_froglight.json
[2026, 9, 25, 11, 53, 3] ;;; compileLootTables;     --> loot_table\blocks\peony.json
[2026, 9, 25, 11, 53, 3] ;;; compileLootTables;     --> loot_table\blocks\petrified_oak_slab.json
[2026, 9, 25, 11, 53, 3] ;;; compileLootTables;     --> loot_table\blocks\piglin_head.json
[2026, 9, 25, 11, 53, 3] ;;; compileLootTables;     --> loot_table\blocks\pink_banner.json
[2026, 9, 25, 11, 53, 3] ;;; compileLootTables;     --> loot_table\blocks\pink_bed.json
[2026, 9, 25, 11, 53, 3] ;;; compileLootTables;     --> loot_table\blocks\pink_candle.json
[2026, 9, 25, 11, 53, 3] ;;; compileLootTables;     --> loot_table\blocks\pink_candle_cake.json
[2026, 9, 25, 11, 53, 3] ;;; compileLootTables;     --> loot_table\blocks\pink_carpet.json
[2026, 9, 25, 11, 53, 3] ;;; compileLootTables;     --> loot_table\blocks\pink_concrete.json
[2026, 9, 25, 11, 53, 3] ;;; compileLootTables;     --> loot_table\blocks\pink_concrete_powder.json
[2026, 9, 25, 11, 53, 3] ;;; compileLootTables;     --> loot_table\blocks\pink_glazed_terracotta.json
[2026, 9, 25, 11, 53, 3] ;;; compileLootTables;     --> loot_table\blocks\pink_petals.json
[2026, 9, 25, 11, 53, 3] ;;; compileLootTables;     --> loot_table\blocks\pink_shulker_box.json
[2026, 9, 25, 11, 53, 3] ;;; compileLootTables;     --> loot_table\blocks\pink_stained_glass.json
[2026, 9, 25, 11, 53, 3] ;;; compileLootTables;     --> loot_table\blocks\pink_stained_glass_pane.json
[2026, 9, 25, 11, 53, 3] ;;; compileLootTables;     --> loot_table\blocks\pink_terracotta.json
[2026, 9, 25, 11, 53, 3] ;;; compileLootTables;     --> loot_table\blocks\pink_tulip.json
[2026, 9, 25, 11, 53, 3] ;;; compileLootTables;     --> loot_table\blocks\pink_wool.json
[2026, 9, 25, 11, 53, 3] ;;; compileLootTables;     --> loot_table\blocks\piston.json
[2026, 9, 25, 11, 53, 3] ;;; compileLootTables;     --> loot_table\blocks\pitcher_crop.json
[2026, 9, 25, 11, 53, 3] ;;; compileLootTables;     --> loot_table\blocks\pitcher_plant.json
[2026, 9, 25, 11, 53, 3] ;;; compileLootTables;     --> loot_table\blocks\player_head.json
[2026, 9, 25, 11, 53, 3] ;;; compileLootTables;     --> loot_table\blocks\podzol.json
[2026, 9, 25, 11, 53, 3] ;;; compileLootTables;     --> loot_table\blocks\pointed_dripstone.json
[2026, 9, 25, 11, 53, 3] ;;; compileLootTables;     --> loot_table\blocks\polished_andesite.json
[2026, 9, 25, 11, 53, 3] ;;; compileLootTables;     --> loot_table\blocks\polished_andesite_slab.json
[2026, 9, 25, 11, 53, 3] ;;; compileLootTables;     --> loot_table\blocks\polished_andesite_stairs.json
[2026, 9, 25, 11, 53, 3] ;;; compileLootTables;     --> loot_table\blocks\polished_basalt.json
[2026, 9, 25, 11, 53, 3] ;;; compileLootTables;     --> loot_table\blocks\polished_blackstone.json
[2026, 9, 25, 11, 53, 3] ;;; compileLootTables;     --> loot_table\blocks\polished_blackstone_bricks.json
[2026, 9, 25, 11, 53, 3] ;;; compileLootTables;     --> loot_table\blocks\polished_blackstone_brick_slab.json
[2026, 9, 25, 11, 53, 3] ;;; compileLootTables;     --> loot_table\blocks\polished_blackstone_brick_stairs.json
[2026, 9, 25, 11, 53, 3] ;;; compileLootTables;     --> loot_table\blocks\polished_blackstone_brick_wall.json
[2026, 9, 25, 11, 53, 3] ;;; compileLootTables;     --> loot_table\blocks\polished_blackstone_button.json
[2026, 9, 25, 11, 53, 3] ;;; compileLootTables;     --> loot_table\blocks\polished_blackstone_pressure_plate.json
[2026, 9, 25, 11, 53, 3] ;;; compileLootTables;     --> loot_table\blocks\polished_blackstone_slab.json
[2026, 9, 25, 11, 53, 3] ;;; compileLootTables;     --> loot_table\blocks\polished_blackstone_stairs.json
[2026, 9, 25, 11, 53, 3] ;;; compileLootTables;     --> loot_table\blocks\polished_blackstone_wall.json
[2026, 9, 25, 11, 53, 3] ;;; compileLootTables;     --> loot_table\blocks\polished_deepslate.json
[2026, 9, 25, 11, 53, 3] ;;; compileLootTables;     --> loot_table\blocks\polished_deepslate_slab.json
[2026, 9, 25, 11, 53, 3] ;;; compileLootTables;     --> loot_table\blocks\polished_deepslate_stairs.json
[2026, 9, 25, 11, 53, 3] ;;; compileLootTables;     --> loot_table\blocks\polished_deepslate_wall.json
[2026, 9, 25, 11, 53, 3] ;;; compileLootTables;     --> loot_table\blocks\polished_diorite.json
[2026, 9, 25, 11, 53, 3] ;;; compileLootTables;     --> loot_table\blocks\polished_diorite_slab.json
[2026, 9, 25, 11, 53, 3] ;;; compileLootTables;     --> loot_table\blocks\polished_diorite_stairs.json
[2026, 9, 25, 11, 53, 3] ;;; compileLootTables;     --> loot_table\blocks\polished_granite.json
[2026, 9, 25, 11, 53, 3] ;;; compileLootTables;     --> loot_table\blocks\polished_granite_slab.json
[2026, 9, 25, 11, 53, 3] ;;; compileLootTables;     --> loot_table\blocks\polished_granite_stairs.json
[2026, 9, 25, 11, 53, 3] ;;; compileLootTables;     --> loot_table\blocks\polished_tuff.json
[2026, 9, 25, 11, 53, 3] ;;; compileLootTables;     --> loot_table\blocks\polished_tuff_slab.json
[2026, 9, 25, 11, 53, 3] ;;; compileLootTables;     --> loot_table\blocks\polished_tuff_stairs.json
[2026, 9, 25, 11, 53, 3] ;;; compileLootTables;     --> loot_table\blocks\polished_tuff_wall.json
[2026, 9, 25, 11, 53, 3] ;;; compileLootTables;     --> loot_table\blocks\poppy.json
[2026, 9, 25, 11, 53, 3] ;;; compileLootTables;     --> loot_table\blocks\potatoes.json
[2026, 9, 25, 11, 53, 3] ;;; compileLootTables;     --> loot_table\blocks\potted_acacia_sapling.json
[2026, 9, 25, 11, 53, 4] ;;; compileLootTables;     --> loot_table\blocks\potted_allium.json
[2026, 9, 25, 11, 53, 4] ;;; compileLootTables;     --> loot_table\blocks\potted_azalea_bush.json
[2026, 9, 25, 11, 53, 4] ;;; compileLootTables;     --> loot_table\blocks\potted_azure_bluet.json
[2026, 9, 25, 11, 53, 4] ;;; compileLootTables;     --> loot_table\blocks\potted_bamboo.json
[2026, 9, 25, 11, 53, 4] ;;; compileLootTables;     --> loot_table\blocks\potted_birch_sapling.json
[2026, 9, 25, 11, 53, 4] ;;; compileLootTables;     --> loot_table\blocks\potted_blue_orchid.json
[2026, 9, 25, 11, 53, 4] ;;; compileLootTables;     --> loot_table\blocks\potted_brown_mushroom.json
[2026, 9, 25, 11, 53, 4] ;;; compileLootTables;     --> loot_table\blocks\potted_cactus.json
[2026, 9, 25, 11, 53, 4] ;;; compileLootTables;     --> loot_table\blocks\potted_cherry_sapling.json
[2026, 9, 25, 11, 53, 4] ;;; compileLootTables;     --> loot_table\blocks\potted_closed_eyeblossom.json
[2026, 9, 25, 11, 53, 4] ;;; compileLootTables;     --> loot_table\blocks\potted_cornflower.json
[2026, 9, 25, 11, 53, 4] ;;; compileLootTables;     --> loot_table\blocks\potted_crimson_fungus.json
[2026, 9, 25, 11, 53, 4] ;;; compileLootTables;     --> loot_table\blocks\potted_crimson_roots.json
[2026, 9, 25, 11, 53, 4] ;;; compileLootTables;     --> loot_table\blocks\potted_dandelion.json
[2026, 9, 25, 11, 53, 4] ;;; compileLootTables;     --> loot_table\blocks\potted_dark_oak_sapling.json
[2026, 9, 25, 11, 53, 4] ;;; compileLootTables;     --> loot_table\blocks\potted_dead_bush.json
[2026, 9, 25, 11, 53, 4] ;;; compileLootTables;     --> loot_table\blocks\potted_fern.json
[2026, 9, 25, 11, 53, 4] ;;; compileLootTables;     --> loot_table\blocks\potted_flowering_azalea_bush.json
[2026, 9, 25, 11, 53, 4] ;;; compileLootTables;     --> loot_table\blocks\potted_jungle_sapling.json
[2026, 9, 25, 11, 53, 4] ;;; compileLootTables;     --> loot_table\blocks\potted_lily_of_the_valley.json
[2026, 9, 25, 11, 53, 4] ;;; compileLootTables;     --> loot_table\blocks\potted_mangrove_propagule.json
[2026, 9, 25, 11, 53, 4] ;;; compileLootTables;     --> loot_table\blocks\potted_oak_sapling.json
[2026, 9, 25, 11, 53, 4] ;;; compileLootTables;     --> loot_table\blocks\potted_open_eyeblossom.json
[2026, 9, 25, 11, 53, 4] ;;; compileLootTables;     --> loot_table\blocks\potted_orange_tulip.json
[2026, 9, 25, 11, 53, 4] ;;; compileLootTables;     --> loot_table\blocks\potted_oxeye_daisy.json
[2026, 9, 25, 11, 53, 4] ;;; compileLootTables;     --> loot_table\blocks\potted_pale_oak_sapling.json
[2026, 9, 25, 11, 53, 4] ;;; compileLootTables;     --> loot_table\blocks\potted_pink_tulip.json
[2026, 9, 25, 11, 53, 4] ;;; compileLootTables;     --> loot_table\blocks\potted_poppy.json
[2026, 9, 25, 11, 53, 4] ;;; compileLootTables;     --> loot_table\blocks\potted_red_mushroom.json
[2026, 9, 25, 11, 53, 4] ;;; compileLootTables;     --> loot_table\blocks\potted_red_tulip.json
[2026, 9, 25, 11, 53, 4] ;;; compileLootTables;     --> loot_table\blocks\potted_spruce_sapling.json
[2026, 9, 25, 11, 53, 4] ;;; compileLootTables;     --> loot_table\blocks\potted_torchflower.json
[2026, 9, 25, 11, 53, 4] ;;; compileLootTables;     --> loot_table\blocks\potted_warped_fungus.json
[2026, 9, 25, 11, 53, 4] ;;; compileLootTables;     --> loot_table\blocks\potted_warped_roots.json
[2026, 9, 25, 11, 53, 4] ;;; compileLootTables;     --> loot_table\blocks\potted_white_tulip.json
[2026, 9, 25, 11, 53, 4] ;;; compileLootTables;     --> loot_table\blocks\potted_wither_rose.json
[2026, 9, 25, 11, 53, 4] ;;; compileLootTables;     --> loot_table\blocks\powder_snow.json
[2026, 9, 25, 11, 53, 4] ;;; compileLootTables;     --> loot_table\blocks\powder_snow_cauldron.json
[2026, 9, 25, 11, 53, 4] ;;; compileLootTables;     --> loot_table\blocks\powered_rail.json
[2026, 9, 25, 11, 53, 4] ;;; compileLootTables;     --> loot_table\blocks\prismarine.json
[2026, 9, 25, 11, 53, 4] ;;; compileLootTables;     --> loot_table\blocks\prismarine_bricks.json
[2026, 9, 25, 11, 53, 4] ;;; compileLootTables;     --> loot_table\blocks\prismarine_brick_slab.json
[2026, 9, 25, 11, 53, 4] ;;; compileLootTables;     --> loot_table\blocks\prismarine_brick_stairs.json
[2026, 9, 25, 11, 53, 4] ;;; compileLootTables;     --> loot_table\blocks\prismarine_slab.json
[2026, 9, 25, 11, 53, 4] ;;; compileLootTables;     --> loot_table\blocks\prismarine_stairs.json
[2026, 9, 25, 11, 53, 4] ;;; compileLootTables;     --> loot_table\blocks\prismarine_wall.json
[2026, 9, 25, 11, 53, 4] ;;; compileLootTables;     --> loot_table\blocks\pumpkin.json
[2026, 9, 25, 11, 53, 4] ;;; compileLootTables;     --> loot_table\blocks\pumpkin_stem.json
[2026, 9, 25, 11, 53, 4] ;;; compileLootTables;     --> loot_table\blocks\purple_banner.json
[2026, 9, 25, 11, 53, 4] ;;; compileLootTables;     --> loot_table\blocks\purple_bed.json
[2026, 9, 25, 11, 53, 4] ;;; compileLootTables;     --> loot_table\blocks\purple_candle.json
[2026, 9, 25, 11, 53, 4] ;;; compileLootTables;     --> loot_table\blocks\purple_candle_cake.json
[2026, 9, 25, 11, 53, 4] ;;; compileLootTables;     --> loot_table\blocks\purple_carpet.json
[2026, 9, 25, 11, 53, 4] ;;; compileLootTables;     --> loot_table\blocks\purple_concrete.json
[2026, 9, 25, 11, 53, 4] ;;; compileLootTables;     --> loot_table\blocks\purple_concrete_powder.json
[2026, 9, 25, 11, 53, 4] ;;; compileLootTables;     --> loot_table\blocks\purple_glazed_terracotta.json
[2026, 9, 25, 11, 53, 4] ;;; compileLootTables;     --> loot_table\blocks\purple_shulker_box.json
[2026, 9, 25, 11, 53, 4] ;;; compileLootTables;     --> loot_table\blocks\purple_stained_glass.json
[2026, 9, 25, 11, 53, 4] ;;; compileLootTables;     --> loot_table\blocks\purple_stained_glass_pane.json
[2026, 9, 25, 11, 53, 4] ;;; compileLootTables;     --> loot_table\blocks\purple_terracotta.json
[2026, 9, 25, 11, 53, 4] ;;; compileLootTables;     --> loot_table\blocks\purple_wool.json
[2026, 9, 25, 11, 53, 4] ;;; compileLootTables;     --> loot_table\blocks\purpur_block.json
[2026, 9, 25, 11, 53, 4] ;;; compileLootTables;     --> loot_table\blocks\purpur_pillar.json
[2026, 9, 25, 11, 53, 4] ;;; compileLootTables;     --> loot_table\blocks\purpur_slab.json
[2026, 9, 25, 11, 53, 4] ;;; compileLootTables;     --> loot_table\blocks\purpur_stairs.json
[2026, 9, 25, 11, 53, 4] ;;; compileLootTables;     --> loot_table\blocks\quartz_block.json
[2026, 9, 25, 11, 53, 4] ;;; compileLootTables;     --> loot_table\blocks\quartz_bricks.json
[2026, 9, 25, 11, 53, 4] ;;; compileLootTables;     --> loot_table\blocks\quartz_pillar.json
[2026, 9, 25, 11, 53, 4] ;;; compileLootTables;     --> loot_table\blocks\quartz_slab.json
[2026, 9, 25, 11, 53, 4] ;;; compileLootTables;     --> loot_table\blocks\quartz_stairs.json
[2026, 9, 25, 11, 53, 4] ;;; compileLootTables;     --> loot_table\blocks\rail.json
[2026, 9, 25, 11, 53, 4] ;;; compileLootTables;     --> loot_table\blocks\raw_copper_block.json
[2026, 9, 25, 11, 53, 4] ;;; compileLootTables;     --> loot_table\blocks\raw_gold_block.json
[2026, 9, 25, 11, 53, 4] ;;; compileLootTables;     --> loot_table\blocks\raw_iron_block.json
[2026, 9, 25, 11, 53, 4] ;;; compileLootTables;     --> loot_table\blocks\redstone_block.json
[2026, 9, 25, 11, 53, 4] ;;; compileLootTables;     --> loot_table\blocks\redstone_lamp.json
[2026, 9, 25, 11, 53, 4] ;;; compileLootTables;     --> loot_table\blocks\redstone_ore.json
[2026, 9, 25, 11, 53, 4] ;;; compileLootTables;     --> loot_table\blocks\redstone_torch.json
[2026, 9, 25, 11, 53, 4] ;;; compileLootTables;     --> loot_table\blocks\redstone_wire.json
[2026, 9, 25, 11, 53, 4] ;;; compileLootTables;     --> loot_table\blocks\red_banner.json
[2026, 9, 25, 11, 53, 4] ;;; compileLootTables;     --> loot_table\blocks\red_bed.json
[2026, 9, 25, 11, 53, 4] ;;; compileLootTables;     --> loot_table\blocks\red_candle.json
[2026, 9, 25, 11, 53, 4] ;;; compileLootTables;     --> loot_table\blocks\red_candle_cake.json
[2026, 9, 25, 11, 53, 4] ;;; compileLootTables;     --> loot_table\blocks\red_carpet.json
[2026, 9, 25, 11, 53, 4] ;;; compileLootTables;     --> loot_table\blocks\red_concrete.json
[2026, 9, 25, 11, 53, 4] ;;; compileLootTables;     --> loot_table\blocks\red_concrete_powder.json
[2026, 9, 25, 11, 53, 4] ;;; compileLootTables;     --> loot_table\blocks\red_glazed_terracotta.json
[2026, 9, 25, 11, 53, 4] ;;; compileLootTables;     --> loot_table\blocks\red_mushroom.json
[2026, 9, 25, 11, 53, 4] ;;; compileLootTables;     --> loot_table\blocks\red_mushroom_block.json
[2026, 9, 25, 11, 53, 4] ;;; compileLootTables;     --> loot_table\blocks\red_nether_bricks.json
[2026, 9, 25, 11, 53, 4] ;;; compileLootTables;     --> loot_table\blocks\red_nether_brick_slab.json
[2026, 9, 25, 11, 53, 4] ;;; compileLootTables;     --> loot_table\blocks\red_nether_brick_stairs.json
[2026, 9, 25, 11, 53, 4] ;;; compileLootTables;     --> loot_table\blocks\red_nether_brick_wall.json
[2026, 9, 25, 11, 53, 4] ;;; compileLootTables;     --> loot_table\blocks\red_sand.json
[2026, 9, 25, 11, 53, 4] ;;; compileLootTables;     --> loot_table\blocks\red_sandstone.json
[2026, 9, 25, 11, 53, 4] ;;; compileLootTables;     --> loot_table\blocks\red_sandstone_slab.json
[2026, 9, 25, 11, 53, 4] ;;; compileLootTables;     --> loot_table\blocks\red_sandstone_stairs.json
[2026, 9, 25, 11, 53, 4] ;;; compileLootTables;     --> loot_table\blocks\red_sandstone_wall.json
[2026, 9, 25, 11, 53, 4] ;;; compileLootTables;     --> loot_table\blocks\red_shulker_box.json
[2026, 9, 25, 11, 53, 4] ;;; compileLootTables;     --> loot_table\blocks\red_stained_glass.json
[2026, 9, 25, 11, 53, 4] ;;; compileLootTables;     --> loot_table\blocks\red_stained_glass_pane.json
[2026, 9, 25, 11, 53, 4] ;;; compileLootTables;     --> loot_table\blocks\red_terracotta.json
[2026, 9, 25, 11, 53, 4] ;;; compileLootTables;     --> loot_table\blocks\red_tulip.json
[2026, 9, 25, 11, 53, 4] ;;; compileLootTables;     --> loot_table\blocks\red_wool.json
[2026, 9, 25, 11, 53, 4] ;;; compileLootTables;     --> loot_table\blocks\reinforced_deepslate.json
[2026, 9, 25, 11, 53, 4] ;;; compileLootTables;     --> loot_table\blocks\repeater.json
[2026, 9, 25, 11, 53, 4] ;;; compileLootTables;     --> loot_table\blocks\resin_block.json
[2026, 9, 25, 11, 53, 4] ;;; compileLootTables;     --> loot_table\blocks\resin_bricks.json
[2026, 9, 25, 11, 53, 4] ;;; compileLootTables;     --> loot_table\blocks\resin_brick_slab.json
[2026, 9, 25, 11, 53, 4] ;;; compileLootTables;     --> loot_table\blocks\resin_brick_stairs.json
[2026, 9, 25, 11, 53, 4] ;;; compileLootTables;     --> loot_table\blocks\resin_brick_wall.json
[2026, 9, 25, 11, 53, 4] ;;; compileLootTables;     --> loot_table\blocks\resin_clump.json
[2026, 9, 25, 11, 53, 4] ;;; compileLootTables;     --> loot_table\blocks\respawn_anchor.json
[2026, 9, 25, 11, 53, 4] ;;; compileLootTables;     --> loot_table\blocks\rooted_dirt.json
[2026, 9, 25, 11, 53, 4] ;;; compileLootTables;     --> loot_table\blocks\rose_bush.json
[2026, 9, 25, 11, 53, 4] ;;; compileLootTables;     --> loot_table\blocks\sand.json
[2026, 9, 25, 11, 53, 4] ;;; compileLootTables;     --> loot_table\blocks\sandstone.json
[2026, 9, 25, 11, 53, 4] ;;; compileLootTables;     --> loot_table\blocks\sandstone_slab.json
[2026, 9, 25, 11, 53, 4] ;;; compileLootTables;     --> loot_table\blocks\sandstone_stairs.json
[2026, 9, 25, 11, 53, 4] ;;; compileLootTables;     --> loot_table\blocks\sandstone_wall.json
[2026, 9, 25, 11, 53, 4] ;;; compileLootTables;     --> loot_table\blocks\scaffolding.json
[2026, 9, 25, 11, 53, 4] ;;; compileLootTables;     --> loot_table\blocks\sculk.json
[2026, 9, 25, 11, 53, 4] ;;; compileLootTables;     --> loot_table\blocks\sculk_catalyst.json
[2026, 9, 25, 11, 53, 4] ;;; compileLootTables;     --> loot_table\blocks\sculk_sensor.json
[2026, 9, 25, 11, 53, 4] ;;; compileLootTables;     --> loot_table\blocks\sculk_shrieker.json
[2026, 9, 25, 11, 53, 4] ;;; compileLootTables;     --> loot_table\blocks\sculk_vein.json
[2026, 9, 25, 11, 53, 4] ;;; compileLootTables;     --> loot_table\blocks\seagrass.json
[2026, 9, 25, 11, 53, 4] ;;; compileLootTables;     --> loot_table\blocks\sea_lantern.json
[2026, 9, 25, 11, 53, 4] ;;; compileLootTables;     --> loot_table\blocks\sea_pickle.json
[2026, 9, 25, 11, 53, 4] ;;; compileLootTables;     --> loot_table\blocks\short_dry_grass.json
[2026, 9, 25, 11, 53, 4] ;;; compileLootTables;     --> loot_table\blocks\short_grass.json
[2026, 9, 25, 11, 53, 4] ;;; compileLootTables;     --> loot_table\blocks\shroomlight.json
[2026, 9, 25, 11, 53, 4] ;;; compileLootTables;     --> loot_table\blocks\shulker_box.json
[2026, 9, 25, 11, 53, 4] ;;; compileLootTables;     --> loot_table\blocks\skeleton_skull.json
[2026, 9, 25, 11, 53, 4] ;;; compileLootTables;     --> loot_table\blocks\slime_block.json
[2026, 9, 25, 11, 53, 4] ;;; compileLootTables;     --> loot_table\blocks\small_amethyst_bud.json
[2026, 9, 25, 11, 53, 4] ;;; compileLootTables;     --> loot_table\blocks\small_dripleaf.json
[2026, 9, 25, 11, 53, 4] ;;; compileLootTables;     --> loot_table\blocks\smithing_table.json
[2026, 9, 25, 11, 53, 4] ;;; compileLootTables;     --> loot_table\blocks\smoker.json
[2026, 9, 25, 11, 53, 4] ;;; compileLootTables;     --> loot_table\blocks\smooth_basalt.json
[2026, 9, 25, 11, 53, 4] ;;; compileLootTables;     --> loot_table\blocks\smooth_quartz.json
[2026, 9, 25, 11, 53, 4] ;;; compileLootTables;     --> loot_table\blocks\smooth_quartz_slab.json
[2026, 9, 25, 11, 53, 4] ;;; compileLootTables;     --> loot_table\blocks\smooth_quartz_stairs.json
[2026, 9, 25, 11, 53, 4] ;;; compileLootTables;     --> loot_table\blocks\smooth_red_sandstone.json
[2026, 9, 25, 11, 53, 4] ;;; compileLootTables;     --> loot_table\blocks\smooth_red_sandstone_slab.json
[2026, 9, 25, 11, 53, 4] ;;; compileLootTables;     --> loot_table\blocks\smooth_red_sandstone_stairs.json
[2026, 9, 25, 11, 53, 4] ;;; compileLootTables;     --> loot_table\blocks\smooth_sandstone.json
[2026, 9, 25, 11, 53, 4] ;;; compileLootTables;     --> loot_table\blocks\smooth_sandstone_slab.json
[2026, 9, 25, 11, 53, 4] ;;; compileLootTables;     --> loot_table\blocks\smooth_sandstone_stairs.json
[2026, 9, 25, 11, 53, 4] ;;; compileLootTables;     --> loot_table\blocks\smooth_stone.json
[2026, 9, 25, 11, 53, 4] ;;; compileLootTables;     --> loot_table\blocks\smooth_stone_slab.json
[2026, 9, 25, 11, 53, 4] ;;; compileLootTables;     --> loot_table\blocks\sniffer_egg.json
[2026, 9, 25, 11, 53, 4] ;;; compileLootTables;     --> loot_table\blocks\snow.json
[2026, 9, 25, 11, 53, 4] ;;; compileLootTables;     --> loot_table\blocks\snow_block.json
[2026, 9, 25, 11, 53, 4] ;;; compileLootTables;     --> loot_table\blocks\soul_campfire.json
[2026, 9, 25, 11, 53, 4] ;;; compileLootTables;     --> loot_table\blocks\soul_fire.json
[2026, 9, 25, 11, 53, 4] ;;; compileLootTables;     --> loot_table\blocks\soul_lantern.json
[2026, 9, 25, 11, 53, 4] ;;; compileLootTables;     --> loot_table\blocks\soul_sand.json
[2026, 9, 25, 11, 53, 4] ;;; compileLootTables;     --> loot_table\blocks\soul_soil.json
[2026, 9, 25, 11, 53, 4] ;;; compileLootTables;     --> loot_table\blocks\soul_torch.json
[2026, 9, 25, 11, 53, 4] ;;; compileLootTables;     --> loot_table\blocks\spawner.json
[2026, 9, 25, 11, 53, 4] ;;; compileLootTables;     --> loot_table\blocks\sponge.json
[2026, 9, 25, 11, 53, 5] ;;; compileLootTables;     --> loot_table\blocks\spore_blossom.json
[2026, 9, 25, 11, 53, 5] ;;; compileLootTables;     --> loot_table\blocks\spruce_button.json
[2026, 9, 25, 11, 53, 5] ;;; compileLootTables;     --> loot_table\blocks\spruce_door.json
[2026, 9, 25, 11, 53, 5] ;;; compileLootTables;     --> loot_table\blocks\spruce_fence.json
[2026, 9, 25, 11, 53, 5] ;;; compileLootTables;     --> loot_table\blocks\spruce_fence_gate.json
[2026, 9, 25, 11, 53, 5] ;;; compileLootTables;     --> loot_table\blocks\spruce_hanging_sign.json
[2026, 9, 25, 11, 53, 5] ;;; compileLootTables;     --> loot_table\blocks\spruce_leaves.json
[2026, 9, 25, 11, 53, 5] ;;; compileLootTables;     --> loot_table\blocks\spruce_log.json
[2026, 9, 25, 11, 53, 5] ;;; compileLootTables;     --> loot_table\blocks\spruce_planks.json
[2026, 9, 25, 11, 53, 5] ;;; compileLootTables;     --> loot_table\blocks\spruce_pressure_plate.json
[2026, 9, 25, 11, 53, 5] ;;; compileLootTables;     --> loot_table\blocks\spruce_sapling.json
[2026, 9, 25, 11, 53, 5] ;;; compileLootTables;     --> loot_table\blocks\spruce_sign.json
[2026, 9, 25, 11, 53, 5] ;;; compileLootTables;     --> loot_table\blocks\spruce_slab.json
[2026, 9, 25, 11, 53, 5] ;;; compileLootTables;     --> loot_table\blocks\spruce_stairs.json
[2026, 9, 25, 11, 53, 5] ;;; compileLootTables;     --> loot_table\blocks\spruce_trapdoor.json
[2026, 9, 25, 11, 53, 5] ;;; compileLootTables;     --> loot_table\blocks\spruce_wood.json
[2026, 9, 25, 11, 53, 5] ;;; compileLootTables;     --> loot_table\blocks\sticky_piston.json
[2026, 9, 25, 11, 53, 5] ;;; compileLootTables;     --> loot_table\blocks\stone.json
[2026, 9, 25, 11, 53, 5] ;;; compileLootTables;     --> loot_table\blocks\stonecutter.json
[2026, 9, 25, 11, 53, 5] ;;; compileLootTables;     --> loot_table\blocks\stone_bricks.json
[2026, 9, 25, 11, 53, 5] ;;; compileLootTables;     --> loot_table\blocks\stone_brick_slab.json
[2026, 9, 25, 11, 53, 5] ;;; compileLootTables;     --> loot_table\blocks\stone_brick_stairs.json
[2026, 9, 25, 11, 53, 5] ;;; compileLootTables;     --> loot_table\blocks\stone_brick_wall.json
[2026, 9, 25, 11, 53, 5] ;;; compileLootTables;     --> loot_table\blocks\stone_button.json
[2026, 9, 25, 11, 53, 5] ;;; compileLootTables;     --> loot_table\blocks\stone_pressure_plate.json
[2026, 9, 25, 11, 53, 5] ;;; compileLootTables;     --> loot_table\blocks\stone_slab.json
[2026, 9, 25, 11, 53, 5] ;;; compileLootTables;     --> loot_table\blocks\stone_stairs.json
[2026, 9, 25, 11, 53, 5] ;;; compileLootTables;     --> loot_table\blocks\stripped_acacia_log.json
[2026, 9, 25, 11, 53, 5] ;;; compileLootTables;     --> loot_table\blocks\stripped_acacia_wood.json
[2026, 9, 25, 11, 53, 5] ;;; compileLootTables;     --> loot_table\blocks\stripped_bamboo_block.json
[2026, 9, 25, 11, 53, 5] ;;; compileLootTables;     --> loot_table\blocks\stripped_birch_log.json
[2026, 9, 25, 11, 53, 5] ;;; compileLootTables;     --> loot_table\blocks\stripped_birch_wood.json
[2026, 9, 25, 11, 53, 5] ;;; compileLootTables;     --> loot_table\blocks\stripped_cherry_log.json
[2026, 9, 25, 11, 53, 5] ;;; compileLootTables;     --> loot_table\blocks\stripped_cherry_wood.json
[2026, 9, 25, 11, 53, 5] ;;; compileLootTables;     --> loot_table\blocks\stripped_crimson_hyphae.json
[2026, 9, 25, 11, 53, 5] ;;; compileLootTables;     --> loot_table\blocks\stripped_crimson_stem.json
[2026, 9, 25, 11, 53, 5] ;;; compileLootTables;     --> loot_table\blocks\stripped_dark_oak_log.json
[2026, 9, 25, 11, 53, 5] ;;; compileLootTables;     --> loot_table\blocks\stripped_dark_oak_wood.json
[2026, 9, 25, 11, 53, 5] ;;; compileLootTables;     --> loot_table\blocks\stripped_jungle_log.json
[2026, 9, 25, 11, 53, 5] ;;; compileLootTables;     --> loot_table\blocks\stripped_jungle_wood.json
[2026, 9, 25, 11, 53, 5] ;;; compileLootTables;     --> loot_table\blocks\stripped_mangrove_log.json
[2026, 9, 25, 11, 53, 5] ;;; compileLootTables;     --> loot_table\blocks\stripped_mangrove_wood.json
[2026, 9, 25, 11, 53, 5] ;;; compileLootTables;     --> loot_table\blocks\stripped_oak_log.json
[2026, 9, 25, 11, 53, 5] ;;; compileLootTables;     --> loot_table\blocks\stripped_oak_wood.json
[2026, 9, 25, 11, 53, 5] ;;; compileLootTables;     --> loot_table\blocks\stripped_pale_oak_log.json
[2026, 9, 25, 11, 53, 5] ;;; compileLootTables;     --> loot_table\blocks\stripped_pale_oak_wood.json
[2026, 9, 25, 11, 53, 5] ;;; compileLootTables;     --> loot_table\blocks\stripped_spruce_log.json
[2026, 9, 25, 11, 53, 5] ;;; compileLootTables;     --> loot_table\blocks\stripped_spruce_wood.json
[2026, 9, 25, 11, 53, 5] ;;; compileLootTables;     --> loot_table\blocks\stripped_warped_hyphae.json
[2026, 9, 25, 11, 53, 5] ;;; compileLootTables;     --> loot_table\blocks\stripped_warped_stem.json
[2026, 9, 25, 11, 53, 5] ;;; compileLootTables;     --> loot_table\blocks\sugar_cane.json
[2026, 9, 25, 11, 53, 5] ;;; compileLootTables;     --> loot_table\blocks\sunflower.json
[2026, 9, 25, 11, 53, 5] ;;; compileLootTables;     --> loot_table\blocks\suspicious_gravel.json
[2026, 9, 25, 11, 53, 5] ;;; compileLootTables;     --> loot_table\blocks\suspicious_sand.json
[2026, 9, 25, 11, 53, 5] ;;; compileLootTables;     --> loot_table\blocks\sweet_berry_bush.json
[2026, 9, 25, 11, 53, 5] ;;; compileLootTables;     --> loot_table\blocks\tall_dry_grass.json
[2026, 9, 25, 11, 53, 5] ;;; compileLootTables;     --> loot_table\blocks\tall_grass.json
[2026, 9, 25, 11, 53, 5] ;;; compileLootTables;     --> loot_table\blocks\tall_seagrass.json
[2026, 9, 25, 11, 53, 5] ;;; compileLootTables;     --> loot_table\blocks\target.json
[2026, 9, 25, 11, 53, 5] ;;; compileLootTables;     --> loot_table\blocks\terracotta.json
[2026, 9, 25, 11, 53, 5] ;;; compileLootTables;     --> loot_table\blocks\tinted_glass.json
[2026, 9, 25, 11, 53, 5] ;;; compileLootTables;     --> loot_table\blocks\tnt.json
[2026, 9, 25, 11, 53, 5] ;;; compileLootTables;     --> loot_table\blocks\torch.json
[2026, 9, 25, 11, 53, 5] ;;; compileLootTables;     --> loot_table\blocks\torchflower.json
[2026, 9, 25, 11, 53, 5] ;;; compileLootTables;     --> loot_table\blocks\torchflower_crop.json
[2026, 9, 25, 11, 53, 5] ;;; compileLootTables;     --> loot_table\blocks\trapped_chest.json
[2026, 9, 25, 11, 53, 5] ;;; compileLootTables;     --> loot_table\blocks\trial_spawner.json
[2026, 9, 25, 11, 53, 5] ;;; compileLootTables;     --> loot_table\blocks\tripwire.json
[2026, 9, 25, 11, 53, 5] ;;; compileLootTables;     --> loot_table\blocks\tripwire_hook.json
[2026, 9, 25, 11, 53, 5] ;;; compileLootTables;     --> loot_table\blocks\tube_coral.json
[2026, 9, 25, 11, 53, 5] ;;; compileLootTables;     --> loot_table\blocks\tube_coral_block.json
[2026, 9, 25, 11, 53, 5] ;;; compileLootTables;     --> loot_table\blocks\tube_coral_fan.json
[2026, 9, 25, 11, 53, 5] ;;; compileLootTables;     --> loot_table\blocks\tuff.json
[2026, 9, 25, 11, 53, 5] ;;; compileLootTables;     --> loot_table\blocks\tuff_bricks.json
[2026, 9, 25, 11, 53, 5] ;;; compileLootTables;     --> loot_table\blocks\tuff_brick_slab.json
[2026, 9, 25, 11, 53, 5] ;;; compileLootTables;     --> loot_table\blocks\tuff_brick_stairs.json
[2026, 9, 25, 11, 53, 5] ;;; compileLootTables;     --> loot_table\blocks\tuff_brick_wall.json
[2026, 9, 25, 11, 53, 5] ;;; compileLootTables;     --> loot_table\blocks\tuff_slab.json
[2026, 9, 25, 11, 53, 5] ;;; compileLootTables;     --> loot_table\blocks\tuff_stairs.json
[2026, 9, 25, 11, 53, 5] ;;; compileLootTables;     --> loot_table\blocks\tuff_wall.json
[2026, 9, 25, 11, 53, 5] ;;; compileLootTables;     --> loot_table\blocks\turtle_egg.json
[2026, 9, 25, 11, 53, 5] ;;; compileLootTables;     --> loot_table\blocks\twisting_vines.json
[2026, 9, 25, 11, 53, 5] ;;; compileLootTables;     --> loot_table\blocks\twisting_vines_plant.json
[2026, 9, 25, 11, 53, 5] ;;; compileLootTables;     --> loot_table\blocks\vault.json
[2026, 9, 25, 11, 53, 5] ;;; compileLootTables;     --> loot_table\blocks\verdant_froglight.json
[2026, 9, 25, 11, 53, 5] ;;; compileLootTables;     --> loot_table\blocks\vine.json
[2026, 9, 25, 11, 53, 5] ;;; compileLootTables;     --> loot_table\blocks\warped_button.json
[2026, 9, 25, 11, 53, 5] ;;; compileLootTables;     --> loot_table\blocks\warped_door.json
[2026, 9, 25, 11, 53, 5] ;;; compileLootTables;     --> loot_table\blocks\warped_fence.json
[2026, 9, 25, 11, 53, 5] ;;; compileLootTables;     --> loot_table\blocks\warped_fence_gate.json
[2026, 9, 25, 11, 53, 5] ;;; compileLootTables;     --> loot_table\blocks\warped_fungus.json
[2026, 9, 25, 11, 53, 5] ;;; compileLootTables;     --> loot_table\blocks\warped_hanging_sign.json
[2026, 9, 25, 11, 53, 5] ;;; compileLootTables;     --> loot_table\blocks\warped_hyphae.json
[2026, 9, 25, 11, 53, 5] ;;; compileLootTables;     --> loot_table\blocks\warped_nylium.json
[2026, 9, 25, 11, 53, 5] ;;; compileLootTables;     --> loot_table\blocks\warped_planks.json
[2026, 9, 25, 11, 53, 5] ;;; compileLootTables;     --> loot_table\blocks\warped_pressure_plate.json
[2026, 9, 25, 11, 53, 5] ;;; compileLootTables;     --> loot_table\blocks\warped_roots.json
[2026, 9, 25, 11, 53, 5] ;;; compileLootTables;     --> loot_table\blocks\warped_sign.json
[2026, 9, 25, 11, 53, 5] ;;; compileLootTables;     --> loot_table\blocks\warped_slab.json
[2026, 9, 25, 11, 53, 5] ;;; compileLootTables;     --> loot_table\blocks\warped_stairs.json
[2026, 9, 25, 11, 53, 5] ;;; compileLootTables;     --> loot_table\blocks\warped_stem.json
[2026, 9, 25, 11, 53, 5] ;;; compileLootTables;     --> loot_table\blocks\warped_trapdoor.json
[2026, 9, 25, 11, 53, 5] ;;; compileLootTables;     --> loot_table\blocks\warped_wart_block.json
[2026, 9, 25, 11, 53, 5] ;;; compileLootTables;     --> loot_table\blocks\water_cauldron.json
[2026, 9, 25, 11, 53, 5] ;;; compileLootTables;     --> loot_table\blocks\waxed_chiseled_copper.json
[2026, 9, 25, 11, 53, 5] ;;; compileLootTables;     --> loot_table\blocks\waxed_copper_block.json
[2026, 9, 25, 11, 53, 5] ;;; compileLootTables;     --> loot_table\blocks\waxed_copper_bulb.json
[2026, 9, 25, 11, 53, 5] ;;; compileLootTables;     --> loot_table\blocks\waxed_copper_door.json
[2026, 9, 25, 11, 53, 5] ;;; compileLootTables;     --> loot_table\blocks\waxed_copper_grate.json
[2026, 9, 25, 11, 53, 5] ;;; compileLootTables;     --> loot_table\blocks\waxed_copper_trapdoor.json
[2026, 9, 25, 11, 53, 5] ;;; compileLootTables;     --> loot_table\blocks\waxed_cut_copper.json
[2026, 9, 25, 11, 53, 5] ;;; compileLootTables;     --> loot_table\blocks\waxed_cut_copper_slab.json
[2026, 9, 25, 11, 53, 5] ;;; compileLootTables;     --> loot_table\blocks\waxed_cut_copper_stairs.json
[2026, 9, 25, 11, 53, 5] ;;; compileLootTables;     --> loot_table\blocks\waxed_exposed_chiseled_copper.json
[2026, 9, 25, 11, 53, 5] ;;; compileLootTables;     --> loot_table\blocks\waxed_exposed_copper.json
[2026, 9, 25, 11, 53, 5] ;;; compileLootTables;     --> loot_table\blocks\waxed_exposed_copper_bulb.json
[2026, 9, 25, 11, 53, 5] ;;; compileLootTables;     --> loot_table\blocks\waxed_exposed_copper_door.json
[2026, 9, 25, 11, 53, 5] ;;; compileLootTables;     --> loot_table\blocks\waxed_exposed_copper_grate.json
[2026, 9, 25, 11, 53, 5] ;;; compileLootTables;     --> loot_table\blocks\waxed_exposed_copper_trapdoor.json
[2026, 9, 25, 11, 53, 5] ;;; compileLootTables;     --> loot_table\blocks\waxed_exposed_cut_copper.json
[2026, 9, 25, 11, 53, 5] ;;; compileLootTables;     --> loot_table\blocks\waxed_exposed_cut_copper_slab.json
[2026, 9, 25, 11, 53, 5] ;;; compileLootTables;     --> loot_table\blocks\waxed_exposed_cut_copper_stairs.json
[2026, 9, 25, 11, 53, 5] ;;; compileLootTables;     --> loot_table\blocks\waxed_oxidized_chiseled_copper.json
[2026, 9, 25, 11, 53, 5] ;;; compileLootTables;     --> loot_table\blocks\waxed_oxidized_copper.json
[2026, 9, 25, 11, 53, 5] ;;; compileLootTables;     --> loot_table\blocks\waxed_oxidized_copper_bulb.json
[2026, 9, 25, 11, 53, 5] ;;; compileLootTables;     --> loot_table\blocks\waxed_oxidized_copper_door.json
[2026, 9, 25, 11, 53, 5] ;;; compileLootTables;     --> loot_table\blocks\waxed_oxidized_copper_grate.json
[2026, 9, 25, 11, 53, 5] ;;; compileLootTables;     --> loot_table\blocks\waxed_oxidized_copper_trapdoor.json
[2026, 9, 25, 11, 53, 5] ;;; compileLootTables;     --> loot_table\blocks\waxed_oxidized_cut_copper.json
[2026, 9, 25, 11, 53, 5] ;;; compileLootTables;     --> loot_table\blocks\waxed_oxidized_cut_copper_slab.json
[2026, 9, 25, 11, 53, 5] ;;; compileLootTables;     --> loot_table\blocks\waxed_oxidized_cut_copper_stairs.json
[2026, 9, 25, 11, 53, 5] ;;; compileLootTables;     --> loot_table\blocks\waxed_weathered_chiseled_copper.json
[2026, 9, 25, 11, 53, 5] ;;; compileLootTables;     --> loot_table\blocks\waxed_weathered_copper.json
[2026, 9, 25, 11, 53, 5] ;;; compileLootTables;     --> loot_table\blocks\waxed_weathered_copper_bulb.json
[2026, 9, 25, 11, 53, 5] ;;; compileLootTables;     --> loot_table\blocks\waxed_weathered_copper_door.json
[2026, 9, 25, 11, 53, 5] ;;; compileLootTables;     --> loot_table\blocks\waxed_weathered_copper_grate.json
[2026, 9, 25, 11, 53, 5] ;;; compileLootTables;     --> loot_table\blocks\waxed_weathered_copper_trapdoor.json
[2026, 9, 25, 11, 53, 5] ;;; compileLootTables;     --> loot_table\blocks\waxed_weathered_cut_copper.json
[2026, 9, 25, 11, 53, 5] ;;; compileLootTables;     --> loot_table\blocks\waxed_weathered_cut_copper_slab.json
[2026, 9, 25, 11, 53, 5] ;;; compileLootTables;     --> loot_table\blocks\waxed_weathered_cut_copper_stairs.json
[2026, 9, 25, 11, 53, 5] ;;; compileLootTables;     --> loot_table\blocks\weathered_chiseled_copper.json
[2026, 9, 25, 11, 53, 5] ;;; compileLootTables;     --> loot_table\blocks\weathered_copper.json
[2026, 9, 25, 11, 53, 5] ;;; compileLootTables;     --> loot_table\blocks\weathered_copper_bulb.json
[2026, 9, 25, 11, 53, 5] ;;; compileLootTables;     --> loot_table\blocks\weathered_copper_door.json
[2026, 9, 25, 11, 53, 5] ;;; compileLootTables;     --> loot_table\blocks\weathered_copper_grate.json
[2026, 9, 25, 11, 53, 5] ;;; compileLootTables;     --> loot_table\blocks\weathered_copper_trapdoor.json
[2026, 9, 25, 11, 53, 5] ;;; compileLootTables;     --> loot_table\blocks\weathered_cut_copper.json
[2026, 9, 25, 11, 53, 5] ;;; compileLootTables;     --> loot_table\blocks\weathered_cut_copper_slab.json
[2026, 9, 25, 11, 53, 5] ;;; compileLootTables;     --> loot_table\blocks\weathered_cut_copper_stairs.json
[2026, 9, 25, 11, 53, 5] ;;; compileLootTables;     --> loot_table\blocks\weeping_vines.json
[2026, 9, 25, 11, 53, 5] ;;; compileLootTables;     --> loot_table\blocks\weeping_vines_plant.json
[2026, 9, 25, 11, 53, 5] ;;; compileLootTables;     --> loot_table\blocks\wet_sponge.json
[2026, 9, 25, 11, 53, 5] ;;; compileLootTables;     --> loot_table\blocks\wheat.json
[2026, 9, 25, 11, 53, 5] ;;; compileLootTables;     --> loot_table\blocks\white_banner.json
[2026, 9, 25, 11, 53, 5] ;;; compileLootTables;     --> loot_table\blocks\white_bed.json
[2026, 9, 25, 11, 53, 5] ;;; compileLootTables;     --> loot_table\blocks\white_candle.json
[2026, 9, 25, 11, 53, 5] ;;; compileLootTables;     --> loot_table\blocks\white_candle_cake.json
[2026, 9, 25, 11, 53, 5] ;;; compileLootTables;     --> loot_table\blocks\white_carpet.json
[2026, 9, 25, 11, 53, 5] ;;; compileLootTables;     --> loot_table\blocks\white_concrete.json
[2026, 9, 25, 11, 53, 5] ;;; compileLootTables;     --> loot_table\blocks\white_concrete_powder.json
[2026, 9, 25, 11, 53, 5] ;;; compileLootTables;     --> loot_table\blocks\white_glazed_terracotta.json
[2026, 9, 25, 11, 53, 5] ;;; compileLootTables;     --> loot_table\blocks\white_shulker_box.json
[2026, 9, 25, 11, 53, 5] ;;; compileLootTables;     --> loot_table\blocks\white_stained_glass.json
[2026, 9, 25, 11, 53, 5] ;;; compileLootTables;     --> loot_table\blocks\white_stained_glass_pane.json
[2026, 9, 25, 11, 53, 5] ;;; compileLootTables;     --> loot_table\blocks\white_terracotta.json
[2026, 9, 25, 11, 53, 5] ;;; compileLootTables;     --> loot_table\blocks\white_tulip.json
[2026, 9, 25, 11, 53, 5] ;;; compileLootTables;     --> loot_table\blocks\white_wool.json
[2026, 9, 25, 11, 53, 5] ;;; compileLootTables;     --> loot_table\blocks\wildflowers.json
[2026, 9, 25, 11, 53, 5] ;;; compileLootTables;     --> loot_table\blocks\wither_rose.json
[2026, 9, 25, 11, 53, 5] ;;; compileLootTables;     --> loot_table\blocks\wither_skeleton_skull.json
[2026, 9, 25, 11, 53, 5] ;;; compileLootTables;     --> loot_table\blocks\yellow_banner.json
[2026, 9, 25, 11, 53, 6] ;;; compileLootTables;     --> loot_table\blocks\yellow_bed.json
[2026, 9, 25, 11, 53, 6] ;;; compileLootTables;     --> loot_table\blocks\yellow_candle.json
[2026, 9, 25, 11, 53, 6] ;;; compileLootTables;     --> loot_table\blocks\yellow_candle_cake.json
[2026, 9, 25, 11, 53, 6] ;;; compileLootTables;     --> loot_table\blocks\yellow_carpet.json
[2026, 9, 25, 11, 53, 6] ;;; compileLootTables;     --> loot_table\blocks\yellow_concrete.json
[2026, 9, 25, 11, 53, 6] ;;; compileLootTables;     --> loot_table\blocks\yellow_concrete_powder.json
[2026, 9, 25, 11, 53, 6] ;;; compileLootTables;     --> loot_table\blocks\yellow_glazed_terracotta.json
[2026, 9, 25, 11, 53, 6] ;;; compileLootTables;     --> loot_table\blocks\yellow_shulker_box.json
[2026, 9, 25, 11, 53, 6] ;;; compileLootTables;     --> loot_table\blocks\yellow_stained_glass.json
[2026, 9, 25, 11, 53, 6] ;;; compileLootTables;     --> loot_table\blocks\yellow_stained_glass_pane.json
[2026, 9, 25, 11, 53, 6] ;;; compileLootTables;     --> loot_table\blocks\yellow_terracotta.json
[2026, 9, 25, 11, 53, 6] ;;; compileLootTables;     --> loot_table\blocks\yellow_wool.json
[2026, 9, 25, 11, 53, 6] ;;; compileLootTables;     --> loot_table\blocks\zombie_head.json
[2026, 9, 25, 11, 53, 6] ;;; compileLootTables;     --> loot_table\chests\abandoned_mineshaft.json
[2026, 9, 25, 11, 53, 6] ;;; compileLootTables;     --> loot_table\chests\ancient_city.json
[2026, 9, 25, 11, 53, 6] ;;; compileLootTables;     --> loot_table\chests\ancient_city_ice_box.json
[2026, 9, 25, 11, 53, 6] ;;; compileLootTables;     --> loot_table\chests\bastion_bridge.json
[2026, 9, 25, 11, 53, 6] ;;; compileLootTables;     --> loot_table\chests\bastion_hoglin_stable.json
[2026, 9, 25, 11, 53, 6] ;;; compileLootTables;     --> loot_table\chests\bastion_other.json
[2026, 9, 25, 11, 53, 6] ;;; compileLootTables;     --> loot_table\chests\bastion_treasure.json
[2026, 9, 25, 11, 53, 6] ;;; compileLootTables;     --> loot_table\chests\buried_treasure.json
[2026, 9, 25, 11, 53, 6] ;;; compileLootTables;     --> loot_table\chests\desert_pyramid.json
[2026, 9, 25, 11, 53, 6] ;;; compileLootTables;     --> loot_table\chests\end_city_treasure.json
[2026, 9, 25, 11, 53, 6] ;;; compileLootTables;     --> loot_table\chests\igloo_chest.json
[2026, 9, 25, 11, 53, 6] ;;; compileLootTables;     --> loot_table\chests\jungle_temple.json
[2026, 9, 25, 11, 53, 6] ;;; compileLootTables;     --> loot_table\chests\jungle_temple_dispenser.json
[2026, 9, 25, 11, 53, 6] ;;; compileLootTables;     --> loot_table\chests\nether_bridge.json
[2026, 9, 25, 11, 53, 6] ;;; compileLootTables;     --> loot_table\chests\pillager_outpost.json
[2026, 9, 25, 11, 53, 6] ;;; compileLootTables;     --> loot_table\chests\ruined_portal.json
[2026, 9, 25, 11, 53, 6] ;;; compileLootTables;     --> loot_table\chests\shipwreck_map.json
[2026, 9, 25, 11, 53, 6] ;;; compileLootTables;     --> loot_table\chests\shipwreck_supply.json
[2026, 9, 25, 11, 53, 6] ;;; compileLootTables;     --> loot_table\chests\shipwreck_treasure.json
[2026, 9, 25, 11, 53, 6] ;;; compileLootTables;     --> loot_table\chests\simple_dungeon.json
[2026, 9, 25, 11, 53, 6] ;;; compileLootTables;     --> loot_table\chests\spawn_bonus_chest.json
[2026, 9, 25, 11, 53, 6] ;;; compileLootTables;     --> loot_table\chests\stronghold_corridor.json
[2026, 9, 25, 11, 53, 6] ;;; compileLootTables;     --> loot_table\chests\stronghold_crossing.json
[2026, 9, 25, 11, 53, 6] ;;; compileLootTables;     --> loot_table\chests\stronghold_library.json
[2026, 9, 25, 11, 53, 6] ;;; compileLootTables;     --> loot_table\chests\underwater_ruin_big.json
[2026, 9, 25, 11, 53, 6] ;;; compileLootTables;     --> loot_table\chests\underwater_ruin_small.json
[2026, 9, 25, 11, 53, 6] ;;; compileLootTables;     --> loot_table\chests\woodland_mansion.json
[2026, 9, 25, 11, 53, 6] ;;; compileLootTables;     --> loot_table\chests\trial_chambers\corridor.json
[2026, 9, 25, 11, 53, 6] ;;; compileLootTables;     --> loot_table\chests\trial_chambers\entrance.json
[2026, 9, 25, 11, 53, 6] ;;; compileLootTables;     --> loot_table\chests\trial_chambers\intersection.json
[2026, 9, 25, 11, 53, 6] ;;; compileLootTables;     --> loot_table\chests\trial_chambers\intersection_barrel.json
[2026, 9, 25, 11, 53, 6] ;;; compileLootTables;     --> loot_table\chests\trial_chambers\reward.json
[2026, 9, 25, 11, 53, 6] ;;; compileLootTables;     --> loot_table\chests\trial_chambers\reward_common.json
[2026, 9, 25, 11, 53, 6] ;;; compileLootTables;     --> loot_table\chests\trial_chambers\reward_ominous.json
[2026, 9, 25, 11, 53, 6] ;;; compileLootTables;     --> loot_table\chests\trial_chambers\reward_ominous_common.json
[2026, 9, 25, 11, 53, 6] ;;; compileLootTables;     --> loot_table\chests\trial_chambers\reward_ominous_rare.json
[2026, 9, 25, 11, 53, 6] ;;; compileLootTables;     --> loot_table\chests\trial_chambers\reward_ominous_unique.json
[2026, 9, 25, 11, 53, 6] ;;; compileLootTables;     --> loot_table\chests\trial_chambers\reward_rare.json
[2026, 9, 25, 11, 53, 6] ;;; compileLootTables;     --> loot_table\chests\trial_chambers\reward_unique.json
[2026, 9, 25, 11, 53, 6] ;;; compileLootTables;     --> loot_table\chests\trial_chambers\supply.json
[2026, 9, 25, 11, 53, 6] ;;; compileLootTables;     --> loot_table\chests\village\village_armorer.json
[2026, 9, 25, 11, 53, 6] ;;; compileLootTables;     --> loot_table\chests\village\village_butcher.json
[2026, 9, 25, 11, 53, 6] ;;; compileLootTables;     --> loot_table\chests\village\village_cartographer.json
[2026, 9, 25, 11, 53, 6] ;;; compileLootTables;     --> loot_table\chests\village\village_desert_house.json
[2026, 9, 25, 11, 53, 6] ;;; compileLootTables;     --> loot_table\chests\village\village_fisher.json
[2026, 9, 25, 11, 53, 6] ;;; compileLootTables;     --> loot_table\chests\village\village_fletcher.json
[2026, 9, 25, 11, 53, 6] ;;; compileLootTables;     --> loot_table\chests\village\village_mason.json
[2026, 9, 25, 11, 53, 6] ;;; compileLootTables;     --> loot_table\chests\village\village_plains_house.json
[2026, 9, 25, 11, 53, 6] ;;; compileLootTables;     --> loot_table\chests\village\village_savanna_house.json
[2026, 9, 25, 11, 53, 6] ;;; compileLootTables;     --> loot_table\chests\village\village_shepherd.json
[2026, 9, 25, 11, 53, 6] ;;; compileLootTables;     --> loot_table\chests\village\village_snowy_house.json
[2026, 9, 25, 11, 53, 6] ;;; compileLootTables;     --> loot_table\chests\village\village_taiga_house.json
[2026, 9, 25, 11, 53, 6] ;;; compileLootTables;     --> loot_table\chests\village\village_tannery.json
[2026, 9, 25, 11, 53, 6] ;;; compileLootTables;     --> loot_table\chests\village\village_temple.json
[2026, 9, 25, 11, 53, 6] ;;; compileLootTables;     --> loot_table\chests\village\village_toolsmith.json
[2026, 9, 25, 11, 53, 6] ;;; compileLootTables;     --> loot_table\chests\village\village_weaponsmith.json
[2026, 9, 25, 11, 53, 6] ;;; compileLootTables;     --> loot_table\dispensers\trial_chambers\chamber.json
[2026, 9, 25, 11, 53, 6] ;;; compileLootTables;     --> loot_table\dispensers\trial_chambers\corridor.json
[2026, 9, 25, 11, 53, 6] ;;; compileLootTables;     --> loot_table\dispensers\trial_chambers\water.json
[2026, 9, 25, 11, 53, 6] ;;; compileLootTables;     --> loot_table\entities\allay.json
[2026, 9, 25, 11, 53, 6] ;;; compileLootTables;     --> loot_table\entities\armadillo.json
[2026, 9, 25, 11, 53, 6] ;;; compileLootTables;     --> loot_table\entities\armor_stand.json
[2026, 9, 25, 11, 53, 6] ;;; compileLootTables;     --> loot_table\entities\axolotl.json
[2026, 9, 25, 11, 53, 6] ;;; compileLootTables;     --> loot_table\entities\bat.json
[2026, 9, 25, 11, 53, 6] ;;; compileLootTables;     --> loot_table\entities\bee.json
[2026, 9, 25, 11, 53, 6] ;;; compileLootTables;     --> loot_table\entities\blaze.json
[2026, 9, 25, 11, 53, 6] ;;; compileLootTables;     --> loot_table\entities\bogged.json
[2026, 9, 25, 11, 53, 6] ;;; compileLootTables;     --> loot_table\entities\breeze.json
[2026, 9, 25, 11, 53, 6] ;;; compileLootTables;     --> loot_table\entities\camel.json
[2026, 9, 25, 11, 53, 6] ;;; compileLootTables;     --> loot_table\entities\cat.json
[2026, 9, 25, 11, 53, 6] ;;; compileLootTables;     --> loot_table\entities\cave_spider.json
[2026, 9, 25, 11, 53, 6] ;;; compileLootTables;     --> loot_table\entities\chicken.json
[2026, 9, 25, 11, 53, 6] ;;; compileLootTables;     --> loot_table\entities\cod.json
[2026, 9, 25, 11, 53, 6] ;;; compileLootTables;     --> loot_table\entities\cow.json
[2026, 9, 25, 11, 53, 6] ;;; compileLootTables;     --> loot_table\entities\creaking.json
[2026, 9, 25, 11, 53, 6] ;;; compileLootTables;     --> loot_table\entities\creeper.json
[2026, 9, 25, 11, 53, 6] ;;; compileLootTables;     --> loot_table\entities\dolphin.json
[2026, 9, 25, 11, 53, 6] ;;; compileLootTables;     --> loot_table\entities\donkey.json
[2026, 9, 25, 11, 53, 6] ;;; compileLootTables;     --> loot_table\entities\drowned.json
[2026, 9, 25, 11, 53, 6] ;;; compileLootTables;     --> loot_table\entities\elder_guardian.json
[2026, 9, 25, 11, 53, 6] ;;; compileLootTables;     --> loot_table\entities\enderman.json
[2026, 9, 25, 11, 53, 6] ;;; compileLootTables;     --> loot_table\entities\endermite.json
[2026, 9, 25, 11, 53, 6] ;;; compileLootTables;     --> loot_table\entities\ender_dragon.json
[2026, 9, 25, 11, 53, 6] ;;; compileLootTables;     --> loot_table\entities\evoker.json
[2026, 9, 25, 11, 53, 6] ;;; compileLootTables;     --> loot_table\entities\fox.json
[2026, 9, 25, 11, 53, 6] ;;; compileLootTables;     --> loot_table\entities\frog.json
[2026, 9, 25, 11, 53, 6] ;;; compileLootTables;     --> loot_table\entities\ghast.json
[2026, 9, 25, 11, 53, 6] ;;; compileLootTables;     --> loot_table\entities\giant.json
[2026, 9, 25, 11, 53, 6] ;;; compileLootTables;     --> loot_table\entities\glow_squid.json
[2026, 9, 25, 11, 53, 6] ;;; compileLootTables;     --> loot_table\entities\goat.json
[2026, 9, 25, 11, 53, 6] ;;; compileLootTables;     --> loot_table\entities\guardian.json
[2026, 9, 25, 11, 53, 6] ;;; compileLootTables;     --> loot_table\entities\happy_ghast.json
[2026, 9, 25, 11, 53, 6] ;;; compileLootTables;     --> loot_table\entities\hoglin.json
[2026, 9, 25, 11, 53, 6] ;;; compileLootTables;     --> loot_table\entities\horse.json
[2026, 9, 25, 11, 53, 6] ;;; compileLootTables;     --> loot_table\entities\husk.json
[2026, 9, 25, 11, 53, 6] ;;; compileLootTables;     --> loot_table\entities\illusioner.json
[2026, 9, 25, 11, 53, 6] ;;; compileLootTables;     --> loot_table\entities\iron_golem.json
[2026, 9, 25, 11, 53, 6] ;;; compileLootTables;     --> loot_table\entities\llama.json
[2026, 9, 25, 11, 53, 6] ;;; compileLootTables;     --> loot_table\entities\magma_cube.json
[2026, 9, 25, 11, 53, 6] ;;; compileLootTables;     --> loot_table\entities\mooshroom.json
[2026, 9, 25, 11, 53, 6] ;;; compileLootTables;     --> loot_table\entities\mule.json
[2026, 9, 25, 11, 53, 6] ;;; compileLootTables;     --> loot_table\entities\ocelot.json
[2026, 9, 25, 11, 53, 6] ;;; compileLootTables;     --> loot_table\entities\panda.json
[2026, 9, 25, 11, 53, 6] ;;; compileLootTables;     --> loot_table\entities\parrot.json
[2026, 9, 25, 11, 53, 6] ;;; compileLootTables;     --> loot_table\entities\phantom.json
[2026, 9, 25, 11, 53, 6] ;;; compileLootTables;     --> loot_table\entities\pig.json
[2026, 9, 25, 11, 53, 6] ;;; compileLootTables;     --> loot_table\entities\piglin.json
[2026, 9, 25, 11, 53, 6] ;;; compileLootTables;     --> loot_table\entities\piglin_brute.json
[2026, 9, 25, 11, 53, 6] ;;; compileLootTables;     --> loot_table\entities\pillager.json
[2026, 9, 25, 11, 53, 6] ;;; compileLootTables;     --> loot_table\entities\player.json
[2026, 9, 25, 11, 53, 6] ;;; compileLootTables;     --> loot_table\entities\polar_bear.json
[2026, 9, 25, 11, 53, 6] ;;; compileLootTables;     --> loot_table\entities\pufferfish.json
[2026, 9, 25, 11, 53, 6] ;;; compileLootTables;     --> loot_table\entities\rabbit.json
[2026, 9, 25, 11, 53, 6] ;;; compileLootTables;     --> loot_table\entities\ravager.json
[2026, 9, 25, 11, 53, 6] ;;; compileLootTables;     --> loot_table\entities\salmon.json
[2026, 9, 25, 11, 53, 6] ;;; compileLootTables;     --> loot_table\entities\sheep.json
[2026, 9, 25, 11, 53, 6] ;;; compileLootTables;     --> loot_table\entities\shulker.json
[2026, 9, 25, 11, 53, 6] ;;; compileLootTables;     --> loot_table\entities\silverfish.json
[2026, 9, 25, 11, 53, 6] ;;; compileLootTables;     --> loot_table\entities\skeleton.json
[2026, 9, 25, 11, 53, 6] ;;; compileLootTables;     --> loot_table\entities\skeleton_horse.json
[2026, 9, 25, 11, 53, 6] ;;; compileLootTables;     --> loot_table\entities\slime.json
[2026, 9, 25, 11, 53, 6] ;;; compileLootTables;     --> loot_table\entities\sniffer.json
[2026, 9, 25, 11, 53, 6] ;;; compileLootTables;     --> loot_table\entities\snow_golem.json
[2026, 9, 25, 11, 53, 6] ;;; compileLootTables;     --> loot_table\entities\spider.json
[2026, 9, 25, 11, 53, 6] ;;; compileLootTables;     --> loot_table\entities\squid.json
[2026, 9, 25, 11, 53, 7] ;;; compileLootTables;     --> loot_table\entities\stray.json
[2026, 9, 25, 11, 53, 7] ;;; compileLootTables;     --> loot_table\entities\strider.json
[2026, 9, 25, 11, 53, 7] ;;; compileLootTables;     --> loot_table\entities\tadpole.json
[2026, 9, 25, 11, 53, 7] ;;; compileLootTables;     --> loot_table\entities\trader_llama.json
[2026, 9, 25, 11, 53, 7] ;;; compileLootTables;     --> loot_table\entities\tropical_fish.json
[2026, 9, 25, 11, 53, 7] ;;; compileLootTables;     --> loot_table\entities\turtle.json
[2026, 9, 25, 11, 53, 7] ;;; compileLootTables;     --> loot_table\entities\vex.json
[2026, 9, 25, 11, 53, 7] ;;; compileLootTables;     --> loot_table\entities\villager.json
[2026, 9, 25, 11, 53, 7] ;;; compileLootTables;     --> loot_table\entities\vindicator.json
[2026, 9, 25, 11, 53, 7] ;;; compileLootTables;     --> loot_table\entities\wandering_trader.json
[2026, 9, 25, 11, 53, 7] ;;; compileLootTables;     --> loot_table\entities\warden.json
[2026, 9, 25, 11, 53, 7] ;;; compileLootTables;     --> loot_table\entities\witch.json
[2026, 9, 25, 11, 53, 7] ;;; compileLootTables;     --> loot_table\entities\wither.json
[2026, 9, 25, 11, 53, 7] ;;; compileLootTables;     --> loot_table\entities\wither_skeleton.json
[2026, 9, 25, 11, 53, 7] ;;; compileLootTables;     --> loot_table\entities\wolf.json
[2026, 9, 25, 11, 53, 7] ;;; compileLootTables;     --> loot_table\entities\zoglin.json
[2026, 9, 25, 11, 53, 7] ;;; compileLootTables;     --> loot_table\entities\zombie.json
[2026, 9, 25, 11, 53, 7] ;;; compileLootTables;     --> loot_table\entities\zombie_horse.json
[2026, 9, 25, 11, 53, 7] ;;; compileLootTables;     --> loot_table\entities\zombie_villager.json
[2026, 9, 25, 11, 53, 7] ;;; compileLootTables;     --> loot_table\entities\zombified_piglin.json
[2026, 9, 25, 11, 53, 7] ;;; compileLootTables;     --> loot_table\entities\sheep\black.json
[2026, 9, 25, 11, 53, 7] ;;; compileLootTables;     --> loot_table\entities\sheep\blue.json
[2026, 9, 25, 11, 53, 7] ;;; compileLootTables;     --> loot_table\entities\sheep\brown.json
[2026, 9, 25, 11, 53, 7] ;;; compileLootTables;     --> loot_table\entities\sheep\cyan.json
[2026, 9, 25, 11, 53, 7] ;;; compileLootTables;     --> loot_table\entities\sheep\gray.json
[2026, 9, 25, 11, 53, 7] ;;; compileLootTables;     --> loot_table\entities\sheep\green.json
[2026, 9, 25, 11, 53, 7] ;;; compileLootTables;     --> loot_table\entities\sheep\light_blue.json
[2026, 9, 25, 11, 53, 7] ;;; compileLootTables;     --> loot_table\entities\sheep\light_gray.json
[2026, 9, 25, 11, 53, 7] ;;; compileLootTables;     --> loot_table\entities\sheep\lime.json
[2026, 9, 25, 11, 53, 7] ;;; compileLootTables;     --> loot_table\entities\sheep\magenta.json
[2026, 9, 25, 11, 53, 7] ;;; compileLootTables;     --> loot_table\entities\sheep\orange.json
[2026, 9, 25, 11, 53, 7] ;;; compileLootTables;     --> loot_table\entities\sheep\pink.json
[2026, 9, 25, 11, 53, 7] ;;; compileLootTables;     --> loot_table\entities\sheep\purple.json
[2026, 9, 25, 11, 53, 7] ;;; compileLootTables;     --> loot_table\entities\sheep\red.json
[2026, 9, 25, 11, 53, 7] ;;; compileLootTables;     --> loot_table\entities\sheep\white.json
[2026, 9, 25, 11, 53, 7] ;;; compileLootTables;     --> loot_table\entities\sheep\yellow.json
[2026, 9, 25, 11, 53, 7] ;;; compileLootTables;     --> loot_table\equipment\trial_chamber.json
[2026, 9, 25, 11, 53, 7] ;;; compileLootTables;     --> loot_table\equipment\trial_chamber_melee.json
[2026, 9, 25, 11, 53, 7] ;;; compileLootTables;     --> loot_table\equipment\trial_chamber_ranged.json
[2026, 9, 25, 11, 53, 7] ;;; compileLootTables;     --> loot_table\gameplay\armadillo_shed.json
[2026, 9, 25, 11, 53, 7] ;;; compileLootTables;     --> loot_table\gameplay\cat_morning_gift.json
[2026, 9, 25, 11, 53, 7] ;;; compileLootTables;     --> loot_table\gameplay\chicken_lay.json
[2026, 9, 25, 11, 53, 7] ;;; compileLootTables;     --> loot_table\gameplay\fishing.json
[2026, 9, 25, 11, 53, 7] ;;; compileLootTables;     --> loot_table\gameplay\panda_sneeze.json
[2026, 9, 25, 11, 53, 7] ;;; compileLootTables;     --> loot_table\gameplay\piglin_bartering.json
[2026, 9, 25, 11, 53, 7] ;;; compileLootTables;     --> loot_table\gameplay\sniffer_digging.json
[2026, 9, 25, 11, 53, 7] ;;; compileLootTables;     --> loot_table\gameplay\fishing\fish.json
[2026, 9, 25, 11, 53, 7] ;;; compileLootTables;     --> loot_table\gameplay\fishing\junk.json
[2026, 9, 25, 11, 53, 7] ;;; compileLootTables;     --> loot_table\gameplay\fishing\treasure.json
[2026, 9, 25, 11, 53, 7] ;;; compileLootTables;     --> loot_table\gameplay\hero_of_the_village\armorer_gift.json
[2026, 9, 25, 11, 53, 7] ;;; compileLootTables;     --> loot_table\gameplay\hero_of_the_village\baby_gift.json
[2026, 9, 25, 11, 53, 7] ;;; compileLootTables;     --> loot_table\gameplay\hero_of_the_village\butcher_gift.json
[2026, 9, 25, 11, 53, 7] ;;; compileLootTables;     --> loot_table\gameplay\hero_of_the_village\cartographer_gift.json
[2026, 9, 25, 11, 53, 7] ;;; compileLootTables;     --> loot_table\gameplay\hero_of_the_village\cleric_gift.json
[2026, 9, 25, 11, 53, 7] ;;; compileLootTables;     --> loot_table\gameplay\hero_of_the_village\farmer_gift.json
[2026, 9, 25, 11, 53, 7] ;;; compileLootTables;     --> loot_table\gameplay\hero_of_the_village\fisherman_gift.json
[2026, 9, 25, 11, 53, 7] ;;; compileLootTables;     --> loot_table\gameplay\hero_of_the_village\fletcher_gift.json
[2026, 9, 25, 11, 53, 7] ;;; compileLootTables;     --> loot_table\gameplay\hero_of_the_village\leatherworker_gift.json
[2026, 9, 25, 11, 53, 7] ;;; compileLootTables;     --> loot_table\gameplay\hero_of_the_village\librarian_gift.json
[2026, 9, 25, 11, 53, 7] ;;; compileLootTables;     --> loot_table\gameplay\hero_of_the_village\mason_gift.json
[2026, 9, 25, 11, 53, 7] ;;; compileLootTables;     --> loot_table\gameplay\hero_of_the_village\shepherd_gift.json
[2026, 9, 25, 11, 53, 7] ;;; compileLootTables;     --> loot_table\gameplay\hero_of_the_village\toolsmith_gift.json
[2026, 9, 25, 11, 53, 7] ;;; compileLootTables;     --> loot_table\gameplay\hero_of_the_village\unemployed_gift.json
[2026, 9, 25, 11, 53, 7] ;;; compileLootTables;     --> loot_table\gameplay\hero_of_the_village\weaponsmith_gift.json
[2026, 9, 25, 11, 53, 7] ;;; compileLootTables;     --> loot_table\pots\trial_chambers\corridor.json
[2026, 9, 25, 11, 53, 7] ;;; compileLootTables;     --> loot_table\shearing\bogged.json
[2026, 9, 25, 11, 53, 7] ;;; compileLootTables;     --> loot_table\shearing\mooshroom.json
[2026, 9, 25, 11, 53, 7] ;;; compileLootTables;     --> loot_table\shearing\sheep.json
[2026, 9, 25, 11, 53, 7] ;;; compileLootTables;     --> loot_table\shearing\snow_golem.json
[2026, 9, 25, 11, 53, 7] ;;; compileLootTables;     --> loot_table\shearing\mooshroom\brown.json
[2026, 9, 25, 11, 53, 7] ;;; compileLootTables;     --> loot_table\shearing\mooshroom\red.json
[2026, 9, 25, 11, 53, 7] ;;; compileLootTables;     --> loot_table\shearing\sheep\black.json
[2026, 9, 25, 11, 53, 7] ;;; compileLootTables;     --> loot_table\shearing\sheep\blue.json
[2026, 9, 25, 11, 53, 7] ;;; compileLootTables;     --> loot_table\shearing\sheep\brown.json
[2026, 9, 25, 11, 53, 7] ;;; compileLootTables;     --> loot_table\shearing\sheep\cyan.json
[2026, 9, 25, 11, 53, 7] ;;; compileLootTables;     --> loot_table\shearing\sheep\gray.json
[2026, 9, 25, 11, 53, 7] ;;; compileLootTables;     --> loot_table\shearing\sheep\green.json
[2026, 9, 25, 11, 53, 7] ;;; compileLootTables;     --> loot_table\shearing\sheep\light_blue.json
[2026, 9, 25, 11, 53, 7] ;;; compileLootTables;     --> loot_table\shearing\sheep\light_gray.json
[2026, 9, 25, 11, 53, 7] ;;; compileLootTables;     --> loot_table\shearing\sheep\lime.json
[2026, 9, 25, 11, 53, 7] ;;; compileLootTables;     --> loot_table\shearing\sheep\magenta.json
[2026, 9, 25, 11, 53, 7] ;;; compileLootTables;     --> loot_table\shearing\sheep\orange.json
[2026, 9, 25, 11, 53, 7] ;;; compileLootTables;     --> loot_table\shearing\sheep\pink.json
[2026, 9, 25, 11, 53, 7] ;;; compileLootTables;     --> loot_table\shearing\sheep\purple.json
[2026, 9, 25, 11, 53, 7] ;;; compileLootTables;     --> loot_table\shearing\sheep\red.json
[2026, 9, 25, 11, 53, 7] ;;; compileLootTables;     --> loot_table\shearing\sheep\white.json
[2026, 9, 25, 11, 53, 7] ;;; compileLootTables;     --> loot_table\shearing\sheep\yellow.json
[2026, 9, 25, 11, 53, 7] ;;; compileLootTables;     --> loot_table\spawners\ominous\trial_chamber\consumables.json
[2026, 9, 25, 11, 53, 7] ;;; compileLootTables;     --> loot_table\spawners\ominous\trial_chamber\key.json
[2026, 9, 25, 11, 53, 7] ;;; compileLootTables;     --> loot_table\spawners\trial_chamber\consumables.json
[2026, 9, 25, 11, 53, 7] ;;; compileLootTables;     --> loot_table\spawners\trial_chamber\items_to_drop_when_ominous.json
[2026, 9, 25, 11, 53, 7] ;;; compileLootTables;     --> loot_table\spawners\trial_chamber\key.json
[2026, 9, 25, 11, 54, 2] ;;; compileLootTables;     --> loot_table\archaeology\desert_pyramid.json
[2026, 9, 25, 11, 54, 2] ;;; compileLootTables;     --> loot_table\archaeology\desert_well.json
[2026, 9, 25, 11, 54, 2] ;;; compileLootTables;     --> loot_table\archaeology\ocean_ruin_cold.json
[2026, 9, 25, 11, 54, 2] ;;; compileLootTables;     --> loot_table\archaeology\ocean_ruin_warm.json
[2026, 9, 25, 11, 54, 2] ;;; compileLootTables;     --> loot_table\archaeology\trail_ruins_common.json
[2026, 9, 25, 11, 54, 2] ;;; compileLootTables;     --> loot_table\archaeology\trail_ruins_rare.json
[2026, 9, 25, 11, 54, 2] ;;; compileLootTables;     --> loot_table\blocks\acacia_button.json
[2026, 9, 25, 11, 54, 2] ;;; compileLootTables;     --> loot_table\blocks\acacia_door.json
[2026, 9, 25, 11, 54, 2] ;;; compileLootTables;     --> loot_table\blocks\acacia_fence.json
[2026, 9, 25, 11, 54, 2] ;;; compileLootTables;     --> loot_table\blocks\acacia_fence_gate.json
[2026, 9, 25, 11, 54, 2] ;;; compileLootTables;     --> loot_table\blocks\acacia_hanging_sign.json
[2026, 9, 25, 11, 54, 2] ;;; compileLootTables;     --> loot_table\blocks\acacia_leaves.json
[2026, 9, 25, 11, 54, 2] ;;; compileLootTables;     --> loot_table\blocks\acacia_log.json
[2026, 9, 25, 11, 54, 2] ;;; compileLootTables;     --> loot_table\blocks\acacia_planks.json
[2026, 9, 25, 11, 54, 2] ;;; compileLootTables;     --> loot_table\blocks\acacia_pressure_plate.json
[2026, 9, 25, 11, 54, 2] ;;; compileLootTables;     --> loot_table\blocks\acacia_sapling.json
[2026, 9, 25, 11, 54, 2] ;;; compileLootTables;     --> loot_table\blocks\acacia_shelf.json
[2026, 9, 25, 11, 54, 2] ;;; compileLootTables;     --> loot_table\blocks\acacia_sign.json
[2026, 9, 25, 11, 54, 2] ;;; compileLootTables;     --> loot_table\blocks\acacia_slab.json
[2026, 9, 25, 11, 54, 2] ;;; compileLootTables;     --> loot_table\blocks\acacia_stairs.json
[2026, 9, 25, 11, 54, 2] ;;; compileLootTables;     --> loot_table\blocks\acacia_trapdoor.json
[2026, 9, 25, 11, 54, 2] ;;; compileLootTables;     --> loot_table\blocks\acacia_wood.json
[2026, 9, 25, 11, 54, 2] ;;; compileLootTables;     --> loot_table\blocks\activator_rail.json
[2026, 9, 25, 11, 54, 2] ;;; compileLootTables;     --> loot_table\blocks\allium.json
[2026, 9, 25, 11, 54, 2] ;;; compileLootTables;     --> loot_table\blocks\amethyst_block.json
[2026, 9, 25, 11, 54, 2] ;;; compileLootTables;     --> loot_table\blocks\amethyst_cluster.json
[2026, 9, 25, 11, 54, 2] ;;; compileLootTables;     --> loot_table\blocks\ancient_debris.json
[2026, 9, 25, 11, 54, 2] ;;; compileLootTables;     --> loot_table\blocks\andesite.json
[2026, 9, 25, 11, 54, 2] ;;; compileLootTables;     --> loot_table\blocks\andesite_slab.json
[2026, 9, 25, 11, 54, 2] ;;; compileLootTables;     --> loot_table\blocks\andesite_stairs.json
[2026, 9, 25, 11, 54, 2] ;;; compileLootTables;     --> loot_table\blocks\andesite_wall.json
[2026, 9, 25, 11, 54, 2] ;;; compileLootTables;     --> loot_table\blocks\anvil.json
[2026, 9, 25, 11, 54, 2] ;;; compileLootTables;     --> loot_table\blocks\attached_melon_stem.json
[2026, 9, 25, 11, 54, 2] ;;; compileLootTables;     --> loot_table\blocks\attached_pumpkin_stem.json
[2026, 9, 25, 11, 54, 2] ;;; compileLootTables;     --> loot_table\blocks\azalea.json
[2026, 9, 25, 11, 54, 2] ;;; compileLootTables;     --> loot_table\blocks\azalea_leaves.json
[2026, 9, 25, 11, 54, 2] ;;; compileLootTables;     --> loot_table\blocks\azure_bluet.json
[2026, 9, 25, 11, 54, 2] ;;; compileLootTables;     --> loot_table\blocks\bamboo.json
[2026, 9, 25, 11, 54, 2] ;;; compileLootTables;     --> loot_table\blocks\bamboo_block.json
[2026, 9, 25, 11, 54, 2] ;;; compileLootTables;     --> loot_table\blocks\bamboo_button.json
[2026, 9, 25, 11, 54, 2] ;;; compileLootTables;     --> loot_table\blocks\bamboo_door.json
[2026, 9, 25, 11, 54, 2] ;;; compileLootTables;     --> loot_table\blocks\bamboo_fence.json
[2026, 9, 25, 11, 54, 2] ;;; compileLootTables;     --> loot_table\blocks\bamboo_fence_gate.json
[2026, 9, 25, 11, 54, 2] ;;; compileLootTables;     --> loot_table\blocks\bamboo_hanging_sign.json
[2026, 9, 25, 11, 54, 2] ;;; compileLootTables;     --> loot_table\blocks\bamboo_mosaic.json
[2026, 9, 25, 11, 54, 2] ;;; compileLootTables;     --> loot_table\blocks\bamboo_mosaic_slab.json
[2026, 9, 25, 11, 54, 2] ;;; compileLootTables;     --> loot_table\blocks\bamboo_mosaic_stairs.json
[2026, 9, 25, 11, 54, 2] ;;; compileLootTables;     --> loot_table\blocks\bamboo_planks.json
[2026, 9, 25, 11, 54, 2] ;;; compileLootTables;     --> loot_table\blocks\bamboo_pressure_plate.json
[2026, 9, 25, 11, 54, 2] ;;; compileLootTables;     --> loot_table\blocks\bamboo_sapling.json
[2026, 9, 25, 11, 54, 2] ;;; compileLootTables;     --> loot_table\blocks\bamboo_shelf.json
[2026, 9, 25, 11, 54, 2] ;;; compileLootTables;     --> loot_table\blocks\bamboo_sign.json
[2026, 9, 25, 11, 54, 2] ;;; compileLootTables;     --> loot_table\blocks\bamboo_slab.json
[2026, 9, 25, 11, 54, 2] ;;; compileLootTables;     --> loot_table\blocks\bamboo_stairs.json
[2026, 9, 25, 11, 54, 2] ;;; compileLootTables;     --> loot_table\blocks\bamboo_trapdoor.json
[2026, 9, 25, 11, 54, 2] ;;; compileLootTables;     --> loot_table\blocks\barrel.json
[2026, 9, 25, 11, 54, 2] ;;; compileLootTables;     --> loot_table\blocks\basalt.json
[2026, 9, 25, 11, 54, 2] ;;; compileLootTables;     --> loot_table\blocks\beacon.json
[2026, 9, 25, 11, 54, 2] ;;; compileLootTables;     --> loot_table\blocks\beehive.json
[2026, 9, 25, 11, 54, 2] ;;; compileLootTables;     --> loot_table\blocks\beetroots.json
[2026, 9, 25, 11, 54, 2] ;;; compileLootTables;     --> loot_table\blocks\bee_nest.json
[2026, 9, 25, 11, 54, 2] ;;; compileLootTables;     --> loot_table\blocks\bell.json
[2026, 9, 25, 11, 54, 2] ;;; compileLootTables;     --> loot_table\blocks\big_dripleaf.json
[2026, 9, 25, 11, 54, 2] ;;; compileLootTables;     --> loot_table\blocks\big_dripleaf_stem.json
[2026, 9, 25, 11, 54, 2] ;;; compileLootTables;     --> loot_table\blocks\birch_button.json
[2026, 9, 25, 11, 54, 2] ;;; compileLootTables;     --> loot_table\blocks\birch_door.json
[2026, 9, 25, 11, 54, 2] ;;; compileLootTables;     --> loot_table\blocks\birch_fence.json
[2026, 9, 25, 11, 54, 2] ;;; compileLootTables;     --> loot_table\blocks\birch_fence_gate.json
[2026, 9, 25, 11, 54, 2] ;;; compileLootTables;     --> loot_table\blocks\birch_hanging_sign.json
[2026, 9, 25, 11, 54, 2] ;;; compileLootTables;     --> loot_table\blocks\birch_leaves.json
[2026, 9, 25, 11, 54, 2] ;;; compileLootTables;     --> loot_table\blocks\birch_log.json
[2026, 9, 25, 11, 54, 2] ;;; compileLootTables;     --> loot_table\blocks\birch_planks.json
[2026, 9, 25, 11, 54, 2] ;;; compileLootTables;     --> loot_table\blocks\birch_pressure_plate.json
[2026, 9, 25, 11, 54, 2] ;;; compileLootTables;     --> loot_table\blocks\birch_sapling.json
[2026, 9, 25, 11, 54, 2] ;;; compileLootTables;     --> loot_table\blocks\birch_shelf.json
[2026, 9, 25, 11, 54, 2] ;;; compileLootTables;     --> loot_table\blocks\birch_sign.json
[2026, 9, 25, 11, 54, 2] ;;; compileLootTables;     --> loot_table\blocks\birch_slab.json
[2026, 9, 25, 11, 54, 2] ;;; compileLootTables;     --> loot_table\blocks\birch_stairs.json
[2026, 9, 25, 11, 54, 2] ;;; compileLootTables;     --> loot_table\blocks\birch_trapdoor.json
[2026, 9, 25, 11, 54, 2] ;;; compileLootTables;     --> loot_table\blocks\birch_wood.json
[2026, 9, 25, 11, 54, 2] ;;; compileLootTables;     --> loot_table\blocks\blackstone.json
[2026, 9, 25, 11, 54, 2] ;;; compileLootTables;     --> loot_table\blocks\blackstone_slab.json
[2026, 9, 25, 11, 54, 2] ;;; compileLootTables;     --> loot_table\blocks\blackstone_stairs.json
[2026, 9, 25, 11, 54, 2] ;;; compileLootTables;     --> loot_table\blocks\blackstone_wall.json
[2026, 9, 25, 11, 54, 2] ;;; compileLootTables;     --> loot_table\blocks\black_banner.json
[2026, 9, 25, 11, 54, 2] ;;; compileLootTables;     --> loot_table\blocks\black_bed.json
[2026, 9, 25, 11, 54, 2] ;;; compileLootTables;     --> loot_table\blocks\black_candle.json
[2026, 9, 25, 11, 54, 2] ;;; compileLootTables;     --> loot_table\blocks\black_candle_cake.json
[2026, 9, 25, 11, 54, 2] ;;; compileLootTables;     --> loot_table\blocks\black_carpet.json
[2026, 9, 25, 11, 54, 2] ;;; compileLootTables;     --> loot_table\blocks\black_concrete.json
[2026, 9, 25, 11, 54, 2] ;;; compileLootTables;     --> loot_table\blocks\black_concrete_powder.json
[2026, 9, 25, 11, 54, 2] ;;; compileLootTables;     --> loot_table\blocks\black_glazed_terracotta.json
[2026, 9, 25, 11, 54, 2] ;;; compileLootTables;     --> loot_table\blocks\black_shulker_box.json
[2026, 9, 25, 11, 54, 2] ;;; compileLootTables;     --> loot_table\blocks\black_stained_glass.json
[2026, 9, 25, 11, 54, 2] ;;; compileLootTables;     --> loot_table\blocks\black_stained_glass_pane.json
[2026, 9, 25, 11, 54, 2] ;;; compileLootTables;     --> loot_table\blocks\black_terracotta.json
[2026, 9, 25, 11, 54, 2] ;;; compileLootTables;     --> loot_table\blocks\black_wool.json
[2026, 9, 25, 11, 54, 3] ;;; compileLootTables;     --> loot_table\blocks\blast_furnace.json
[2026, 9, 25, 11, 54, 3] ;;; compileLootTables;     --> loot_table\blocks\blue_banner.json
[2026, 9, 25, 11, 54, 3] ;;; compileLootTables;     --> loot_table\blocks\blue_bed.json
[2026, 9, 25, 11, 54, 3] ;;; compileLootTables;     --> loot_table\blocks\blue_candle.json
[2026, 9, 25, 11, 54, 3] ;;; compileLootTables;     --> loot_table\blocks\blue_candle_cake.json
[2026, 9, 25, 11, 54, 3] ;;; compileLootTables;     --> loot_table\blocks\blue_carpet.json
[2026, 9, 25, 11, 54, 3] ;;; compileLootTables;     --> loot_table\blocks\blue_concrete.json
[2026, 9, 25, 11, 54, 3] ;;; compileLootTables;     --> loot_table\blocks\blue_concrete_powder.json
[2026, 9, 25, 11, 54, 3] ;;; compileLootTables;     --> loot_table\blocks\blue_glazed_terracotta.json
[2026, 9, 25, 11, 54, 3] ;;; compileLootTables;     --> loot_table\blocks\blue_ice.json
[2026, 9, 25, 11, 54, 3] ;;; compileLootTables;     --> loot_table\blocks\blue_orchid.json
[2026, 9, 25, 11, 54, 3] ;;; compileLootTables;     --> loot_table\blocks\blue_shulker_box.json
[2026, 9, 25, 11, 54, 3] ;;; compileLootTables;     --> loot_table\blocks\blue_stained_glass.json
[2026, 9, 25, 11, 54, 3] ;;; compileLootTables;     --> loot_table\blocks\blue_stained_glass_pane.json
[2026, 9, 25, 11, 54, 3] ;;; compileLootTables;     --> loot_table\blocks\blue_terracotta.json
[2026, 9, 25, 11, 54, 3] ;;; compileLootTables;     --> loot_table\blocks\blue_wool.json
[2026, 9, 25, 11, 54, 3] ;;; compileLootTables;     --> loot_table\blocks\bone_block.json
[2026, 9, 25, 11, 54, 3] ;;; compileLootTables;     --> loot_table\blocks\bookshelf.json
[2026, 9, 25, 11, 54, 3] ;;; compileLootTables;     --> loot_table\blocks\brain_coral.json
[2026, 9, 25, 11, 54, 3] ;;; compileLootTables;     --> loot_table\blocks\brain_coral_block.json
[2026, 9, 25, 11, 54, 3] ;;; compileLootTables;     --> loot_table\blocks\brain_coral_fan.json
[2026, 9, 25, 11, 54, 3] ;;; compileLootTables;     --> loot_table\blocks\brewing_stand.json
[2026, 9, 25, 11, 54, 3] ;;; compileLootTables;     --> loot_table\blocks\bricks.json
[2026, 9, 25, 11, 54, 3] ;;; compileLootTables;     --> loot_table\blocks\brick_slab.json
[2026, 9, 25, 11, 54, 3] ;;; compileLootTables;     --> loot_table\blocks\brick_stairs.json
[2026, 9, 25, 11, 54, 3] ;;; compileLootTables;     --> loot_table\blocks\brick_wall.json
[2026, 9, 25, 11, 54, 3] ;;; compileLootTables;     --> loot_table\blocks\brown_banner.json
[2026, 9, 25, 11, 54, 3] ;;; compileLootTables;     --> loot_table\blocks\brown_bed.json
[2026, 9, 25, 11, 54, 3] ;;; compileLootTables;     --> loot_table\blocks\brown_candle.json
[2026, 9, 25, 11, 54, 3] ;;; compileLootTables;     --> loot_table\blocks\brown_candle_cake.json
[2026, 9, 25, 11, 54, 3] ;;; compileLootTables;     --> loot_table\blocks\brown_carpet.json
[2026, 9, 25, 11, 54, 3] ;;; compileLootTables;     --> loot_table\blocks\brown_concrete.json
[2026, 9, 25, 11, 54, 3] ;;; compileLootTables;     --> loot_table\blocks\brown_concrete_powder.json
[2026, 9, 25, 11, 54, 3] ;;; compileLootTables;     --> loot_table\blocks\brown_glazed_terracotta.json
[2026, 9, 25, 11, 54, 3] ;;; compileLootTables;     --> loot_table\blocks\brown_mushroom.json
[2026, 9, 25, 11, 54, 3] ;;; compileLootTables;     --> loot_table\blocks\brown_mushroom_block.json
[2026, 9, 25, 11, 54, 3] ;;; compileLootTables;     --> loot_table\blocks\brown_shulker_box.json
[2026, 9, 25, 11, 54, 3] ;;; compileLootTables;     --> loot_table\blocks\brown_stained_glass.json
[2026, 9, 25, 11, 54, 3] ;;; compileLootTables;     --> loot_table\blocks\brown_stained_glass_pane.json
[2026, 9, 25, 11, 54, 3] ;;; compileLootTables;     --> loot_table\blocks\brown_terracotta.json
[2026, 9, 25, 11, 54, 3] ;;; compileLootTables;     --> loot_table\blocks\brown_wool.json
[2026, 9, 25, 11, 54, 3] ;;; compileLootTables;     --> loot_table\blocks\bubble_coral.json
[2026, 9, 25, 11, 54, 3] ;;; compileLootTables;     --> loot_table\blocks\bubble_coral_block.json
[2026, 9, 25, 11, 54, 3] ;;; compileLootTables;     --> loot_table\blocks\bubble_coral_fan.json
[2026, 9, 25, 11, 54, 3] ;;; compileLootTables;     --> loot_table\blocks\budding_amethyst.json
[2026, 9, 25, 11, 54, 3] ;;; compileLootTables;     --> loot_table\blocks\bush.json
[2026, 9, 25, 11, 54, 3] ;;; compileLootTables;     --> loot_table\blocks\cactus.json
[2026, 9, 25, 11, 54, 3] ;;; compileLootTables;     --> loot_table\blocks\cactus_flower.json
[2026, 9, 25, 11, 54, 3] ;;; compileLootTables;     --> loot_table\blocks\cake.json
[2026, 9, 25, 11, 54, 3] ;;; compileLootTables;     --> loot_table\blocks\calcite.json
[2026, 9, 25, 11, 54, 3] ;;; compileLootTables;     --> loot_table\blocks\calibrated_sculk_sensor.json
[2026, 9, 25, 11, 54, 3] ;;; compileLootTables;     --> loot_table\blocks\campfire.json
[2026, 9, 25, 11, 54, 3] ;;; compileLootTables;     --> loot_table\blocks\candle.json
[2026, 9, 25, 11, 54, 3] ;;; compileLootTables;     --> loot_table\blocks\candle_cake.json
[2026, 9, 25, 11, 54, 3] ;;; compileLootTables;     --> loot_table\blocks\carrots.json
[2026, 9, 25, 11, 54, 3] ;;; compileLootTables;     --> loot_table\blocks\cartography_table.json
[2026, 9, 25, 11, 54, 3] ;;; compileLootTables;     --> loot_table\blocks\carved_pumpkin.json
[2026, 9, 25, 11, 54, 3] ;;; compileLootTables;     --> loot_table\blocks\cauldron.json
[2026, 9, 25, 11, 54, 3] ;;; compileLootTables;     --> loot_table\blocks\cave_vines.json
[2026, 9, 25, 11, 54, 3] ;;; compileLootTables;     --> loot_table\blocks\cave_vines_plant.json
[2026, 9, 25, 11, 54, 3] ;;; compileLootTables;     --> loot_table\blocks\cherry_button.json
[2026, 9, 25, 11, 54, 3] ;;; compileLootTables;     --> loot_table\blocks\cherry_door.json
[2026, 9, 25, 11, 54, 3] ;;; compileLootTables;     --> loot_table\blocks\cherry_fence.json
[2026, 9, 25, 11, 54, 3] ;;; compileLootTables;     --> loot_table\blocks\cherry_fence_gate.json
[2026, 9, 25, 11, 54, 3] ;;; compileLootTables;     --> loot_table\blocks\cherry_hanging_sign.json
[2026, 9, 25, 11, 54, 3] ;;; compileLootTables;     --> loot_table\blocks\cherry_leaves.json
[2026, 9, 25, 11, 54, 3] ;;; compileLootTables;     --> loot_table\blocks\cherry_log.json
[2026, 9, 25, 11, 54, 3] ;;; compileLootTables;     --> loot_table\blocks\cherry_planks.json
[2026, 9, 25, 11, 54, 3] ;;; compileLootTables;     --> loot_table\blocks\cherry_pressure_plate.json
[2026, 9, 25, 11, 54, 3] ;;; compileLootTables;     --> loot_table\blocks\cherry_sapling.json
[2026, 9, 25, 11, 54, 3] ;;; compileLootTables;     --> loot_table\blocks\cherry_shelf.json
[2026, 9, 25, 11, 54, 3] ;;; compileLootTables;     --> loot_table\blocks\cherry_sign.json
[2026, 9, 25, 11, 54, 3] ;;; compileLootTables;     --> loot_table\blocks\cherry_slab.json
[2026, 9, 25, 11, 54, 3] ;;; compileLootTables;     --> loot_table\blocks\cherry_stairs.json
[2026, 9, 25, 11, 54, 3] ;;; compileLootTables;     --> loot_table\blocks\cherry_trapdoor.json
[2026, 9, 25, 11, 54, 3] ;;; compileLootTables;     --> loot_table\blocks\cherry_wood.json
[2026, 9, 25, 11, 54, 3] ;;; compileLootTables;     --> loot_table\blocks\chest.json
[2026, 9, 25, 11, 54, 3] ;;; compileLootTables;     --> loot_table\blocks\chipped_anvil.json
[2026, 9, 25, 11, 54, 3] ;;; compileLootTables;     --> loot_table\blocks\chiseled_bookshelf.json
[2026, 9, 25, 11, 54, 3] ;;; compileLootTables;     --> loot_table\blocks\chiseled_copper.json
[2026, 9, 25, 11, 54, 3] ;;; compileLootTables;     --> loot_table\blocks\chiseled_deepslate.json
[2026, 9, 25, 11, 54, 3] ;;; compileLootTables;     --> loot_table\blocks\chiseled_nether_bricks.json
[2026, 9, 25, 11, 54, 3] ;;; compileLootTables;     --> loot_table\blocks\chiseled_polished_blackstone.json
[2026, 9, 25, 11, 54, 3] ;;; compileLootTables;     --> loot_table\blocks\chiseled_quartz_block.json
[2026, 9, 25, 11, 54, 3] ;;; compileLootTables;     --> loot_table\blocks\chiseled_red_sandstone.json
[2026, 9, 25, 11, 54, 3] ;;; compileLootTables;     --> loot_table\blocks\chiseled_resin_bricks.json
[2026, 9, 25, 11, 54, 3] ;;; compileLootTables;     --> loot_table\blocks\chiseled_sandstone.json
[2026, 9, 25, 11, 54, 3] ;;; compileLootTables;     --> loot_table\blocks\chiseled_stone_bricks.json
[2026, 9, 25, 11, 54, 3] ;;; compileLootTables;     --> loot_table\blocks\chiseled_tuff.json
[2026, 9, 25, 11, 54, 3] ;;; compileLootTables;     --> loot_table\blocks\chiseled_tuff_bricks.json
[2026, 9, 25, 11, 54, 3] ;;; compileLootTables;     --> loot_table\blocks\chorus_flower.json
[2026, 9, 25, 11, 54, 3] ;;; compileLootTables;     --> loot_table\blocks\chorus_plant.json
[2026, 9, 25, 11, 54, 3] ;;; compileLootTables;     --> loot_table\blocks\clay.json
[2026, 9, 25, 11, 54, 3] ;;; compileLootTables;     --> loot_table\blocks\closed_eyeblossom.json
[2026, 9, 25, 11, 54, 3] ;;; compileLootTables;     --> loot_table\blocks\coal_block.json
[2026, 9, 25, 11, 54, 3] ;;; compileLootTables;     --> loot_table\blocks\coal_ore.json
[2026, 9, 25, 11, 54, 3] ;;; compileLootTables;     --> loot_table\blocks\coarse_dirt.json
[2026, 9, 25, 11, 54, 3] ;;; compileLootTables;     --> loot_table\blocks\cobbled_deepslate.json
[2026, 9, 25, 11, 54, 3] ;;; compileLootTables;     --> loot_table\blocks\cobbled_deepslate_slab.json
[2026, 9, 25, 11, 54, 3] ;;; compileLootTables;     --> loot_table\blocks\cobbled_deepslate_stairs.json
[2026, 9, 25, 11, 54, 3] ;;; compileLootTables;     --> loot_table\blocks\cobbled_deepslate_wall.json
[2026, 9, 25, 11, 54, 3] ;;; compileLootTables;     --> loot_table\blocks\cobblestone.json
[2026, 9, 25, 11, 54, 3] ;;; compileLootTables;     --> loot_table\blocks\cobblestone_slab.json
[2026, 9, 25, 11, 54, 3] ;;; compileLootTables;     --> loot_table\blocks\cobblestone_stairs.json
[2026, 9, 25, 11, 54, 3] ;;; compileLootTables;     --> loot_table\blocks\cobblestone_wall.json
[2026, 9, 25, 11, 54, 3] ;;; compileLootTables;     --> loot_table\blocks\cobweb.json
[2026, 9, 25, 11, 54, 3] ;;; compileLootTables;     --> loot_table\blocks\cocoa.json
[2026, 9, 25, 11, 54, 3] ;;; compileLootTables;     --> loot_table\blocks\comparator.json
[2026, 9, 25, 11, 54, 3] ;;; compileLootTables;     --> loot_table\blocks\composter.json
[2026, 9, 25, 11, 54, 3] ;;; compileLootTables;     --> loot_table\blocks\conduit.json
[2026, 9, 25, 11, 54, 3] ;;; compileLootTables;     --> loot_table\blocks\copper_bars.json
[2026, 9, 25, 11, 54, 3] ;;; compileLootTables;     --> loot_table\blocks\copper_block.json
[2026, 9, 25, 11, 54, 3] ;;; compileLootTables;     --> loot_table\blocks\copper_bulb.json
[2026, 9, 25, 11, 54, 3] ;;; compileLootTables;     --> loot_table\blocks\copper_chain.json
[2026, 9, 25, 11, 54, 3] ;;; compileLootTables;     --> loot_table\blocks\copper_chest.json
[2026, 9, 25, 11, 54, 3] ;;; compileLootTables;     --> loot_table\blocks\copper_door.json
[2026, 9, 25, 11, 54, 3] ;;; compileLootTables;     --> loot_table\blocks\copper_golem_statue.json
[2026, 9, 25, 11, 54, 3] ;;; compileLootTables;     --> loot_table\blocks\copper_grate.json
[2026, 9, 25, 11, 54, 3] ;;; compileLootTables;     --> loot_table\blocks\copper_lantern.json
[2026, 9, 25, 11, 54, 3] ;;; compileLootTables;     --> loot_table\blocks\copper_ore.json
[2026, 9, 25, 11, 54, 3] ;;; compileLootTables;     --> loot_table\blocks\copper_torch.json
[2026, 9, 25, 11, 54, 3] ;;; compileLootTables;     --> loot_table\blocks\copper_trapdoor.json
[2026, 9, 25, 11, 54, 3] ;;; compileLootTables;     --> loot_table\blocks\cornflower.json
[2026, 9, 25, 11, 54, 3] ;;; compileLootTables;     --> loot_table\blocks\cracked_deepslate_bricks.json
[2026, 9, 25, 11, 54, 3] ;;; compileLootTables;     --> loot_table\blocks\cracked_deepslate_tiles.json
[2026, 9, 25, 11, 54, 3] ;;; compileLootTables;     --> loot_table\blocks\cracked_nether_bricks.json
[2026, 9, 25, 11, 54, 3] ;;; compileLootTables;     --> loot_table\blocks\cracked_polished_blackstone_bricks.json
[2026, 9, 25, 11, 54, 3] ;;; compileLootTables;     --> loot_table\blocks\cracked_stone_bricks.json
[2026, 9, 25, 11, 54, 3] ;;; compileLootTables;     --> loot_table\blocks\crafter.json
[2026, 9, 25, 11, 54, 3] ;;; compileLootTables;     --> loot_table\blocks\crafting_table.json
[2026, 9, 25, 11, 54, 3] ;;; compileLootTables;     --> loot_table\blocks\creaking_heart.json
[2026, 9, 25, 11, 54, 3] ;;; compileLootTables;     --> loot_table\blocks\creeper_head.json
[2026, 9, 25, 11, 54, 3] ;;; compileLootTables;     --> loot_table\blocks\crimson_button.json
[2026, 9, 25, 11, 54, 3] ;;; compileLootTables;     --> loot_table\blocks\crimson_door.json
[2026, 9, 25, 11, 54, 3] ;;; compileLootTables;     --> loot_table\blocks\crimson_fence.json
[2026, 9, 25, 11, 54, 3] ;;; compileLootTables;     --> loot_table\blocks\crimson_fence_gate.json
[2026, 9, 25, 11, 54, 3] ;;; compileLootTables;     --> loot_table\blocks\crimson_fungus.json
[2026, 9, 25, 11, 54, 3] ;;; compileLootTables;     --> loot_table\blocks\crimson_hanging_sign.json
[2026, 9, 25, 11, 54, 4] ;;; compileLootTables;     --> loot_table\blocks\crimson_hyphae.json
[2026, 9, 25, 11, 54, 4] ;;; compileLootTables;     --> loot_table\blocks\crimson_nylium.json
[2026, 9, 25, 11, 54, 4] ;;; compileLootTables;     --> loot_table\blocks\crimson_planks.json
[2026, 9, 25, 11, 54, 4] ;;; compileLootTables;     --> loot_table\blocks\crimson_pressure_plate.json
[2026, 9, 25, 11, 54, 4] ;;; compileLootTables;     --> loot_table\blocks\crimson_roots.json
[2026, 9, 25, 11, 54, 4] ;;; compileLootTables;     --> loot_table\blocks\crimson_shelf.json
[2026, 9, 25, 11, 54, 4] ;;; compileLootTables;     --> loot_table\blocks\crimson_sign.json
[2026, 9, 25, 11, 54, 4] ;;; compileLootTables;     --> loot_table\blocks\crimson_slab.json
[2026, 9, 25, 11, 54, 4] ;;; compileLootTables;     --> loot_table\blocks\crimson_stairs.json
[2026, 9, 25, 11, 54, 4] ;;; compileLootTables;     --> loot_table\blocks\crimson_stem.json
[2026, 9, 25, 11, 54, 4] ;;; compileLootTables;     --> loot_table\blocks\crimson_trapdoor.json
[2026, 9, 25, 11, 54, 4] ;;; compileLootTables;     --> loot_table\blocks\crying_obsidian.json
[2026, 9, 25, 11, 54, 4] ;;; compileLootTables;     --> loot_table\blocks\cut_copper.json
[2026, 9, 25, 11, 54, 4] ;;; compileLootTables;     --> loot_table\blocks\cut_copper_slab.json
[2026, 9, 25, 11, 54, 4] ;;; compileLootTables;     --> loot_table\blocks\cut_copper_stairs.json
[2026, 9, 25, 11, 54, 4] ;;; compileLootTables;     --> loot_table\blocks\cut_red_sandstone.json
[2026, 9, 25, 11, 54, 4] ;;; compileLootTables;     --> loot_table\blocks\cut_red_sandstone_slab.json
[2026, 9, 25, 11, 54, 4] ;;; compileLootTables;     --> loot_table\blocks\cut_sandstone.json
[2026, 9, 25, 11, 54, 4] ;;; compileLootTables;     --> loot_table\blocks\cut_sandstone_slab.json
[2026, 9, 25, 11, 54, 4] ;;; compileLootTables;     --> loot_table\blocks\cyan_banner.json
[2026, 9, 25, 11, 54, 4] ;;; compileLootTables;     --> loot_table\blocks\cyan_bed.json
[2026, 9, 25, 11, 54, 4] ;;; compileLootTables;     --> loot_table\blocks\cyan_candle.json
[2026, 9, 25, 11, 54, 4] ;;; compileLootTables;     --> loot_table\blocks\cyan_candle_cake.json
[2026, 9, 25, 11, 54, 4] ;;; compileLootTables;     --> loot_table\blocks\cyan_carpet.json
[2026, 9, 25, 11, 54, 4] ;;; compileLootTables;     --> loot_table\blocks\cyan_concrete.json
[2026, 9, 25, 11, 54, 4] ;;; compileLootTables;     --> loot_table\blocks\cyan_concrete_powder.json
[2026, 9, 25, 11, 54, 4] ;;; compileLootTables;     --> loot_table\blocks\cyan_glazed_terracotta.json
[2026, 9, 25, 11, 54, 4] ;;; compileLootTables;     --> loot_table\blocks\cyan_shulker_box.json
[2026, 9, 25, 11, 54, 4] ;;; compileLootTables;     --> loot_table\blocks\cyan_stained_glass.json
[2026, 9, 25, 11, 54, 4] ;;; compileLootTables;     --> loot_table\blocks\cyan_stained_glass_pane.json
[2026, 9, 25, 11, 54, 4] ;;; compileLootTables;     --> loot_table\blocks\cyan_terracotta.json
[2026, 9, 25, 11, 54, 4] ;;; compileLootTables;     --> loot_table\blocks\cyan_wool.json
[2026, 9, 25, 11, 54, 4] ;;; compileLootTables;     --> loot_table\blocks\damaged_anvil.json
[2026, 9, 25, 11, 54, 4] ;;; compileLootTables;     --> loot_table\blocks\dandelion.json
[2026, 9, 25, 11, 54, 4] ;;; compileLootTables;     --> loot_table\blocks\dark_oak_button.json
[2026, 9, 25, 11, 54, 4] ;;; compileLootTables;     --> loot_table\blocks\dark_oak_door.json
[2026, 9, 25, 11, 54, 4] ;;; compileLootTables;     --> loot_table\blocks\dark_oak_fence.json
[2026, 9, 25, 11, 54, 4] ;;; compileLootTables;     --> loot_table\blocks\dark_oak_fence_gate.json
[2026, 9, 25, 11, 54, 4] ;;; compileLootTables;     --> loot_table\blocks\dark_oak_hanging_sign.json
[2026, 9, 25, 11, 54, 4] ;;; compileLootTables;     --> loot_table\blocks\dark_oak_leaves.json
[2026, 9, 25, 11, 54, 4] ;;; compileLootTables;     --> loot_table\blocks\dark_oak_log.json
[2026, 9, 25, 11, 54, 4] ;;; compileLootTables;     --> loot_table\blocks\dark_oak_planks.json
[2026, 9, 25, 11, 54, 4] ;;; compileLootTables;     --> loot_table\blocks\dark_oak_pressure_plate.json
[2026, 9, 25, 11, 54, 4] ;;; compileLootTables;     --> loot_table\blocks\dark_oak_sapling.json
[2026, 9, 25, 11, 54, 4] ;;; compileLootTables;     --> loot_table\blocks\dark_oak_shelf.json
[2026, 9, 25, 11, 54, 4] ;;; compileLootTables;     --> loot_table\blocks\dark_oak_sign.json
[2026, 9, 25, 11, 54, 4] ;;; compileLootTables;     --> loot_table\blocks\dark_oak_slab.json
[2026, 9, 25, 11, 54, 4] ;;; compileLootTables;     --> loot_table\blocks\dark_oak_stairs.json
[2026, 9, 25, 11, 54, 4] ;;; compileLootTables;     --> loot_table\blocks\dark_oak_trapdoor.json
[2026, 9, 25, 11, 54, 4] ;;; compileLootTables;     --> loot_table\blocks\dark_oak_wood.json
[2026, 9, 25, 11, 54, 4] ;;; compileLootTables;     --> loot_table\blocks\dark_prismarine.json
[2026, 9, 25, 11, 54, 4] ;;; compileLootTables;     --> loot_table\blocks\dark_prismarine_slab.json
[2026, 9, 25, 11, 54, 4] ;;; compileLootTables;     --> loot_table\blocks\dark_prismarine_stairs.json
[2026, 9, 25, 11, 54, 4] ;;; compileLootTables;     --> loot_table\blocks\daylight_detector.json
[2026, 9, 25, 11, 54, 4] ;;; compileLootTables;     --> loot_table\blocks\dead_brain_coral.json
[2026, 9, 25, 11, 54, 4] ;;; compileLootTables;     --> loot_table\blocks\dead_brain_coral_block.json
[2026, 9, 25, 11, 54, 4] ;;; compileLootTables;     --> loot_table\blocks\dead_brain_coral_fan.json
[2026, 9, 25, 11, 54, 4] ;;; compileLootTables;     --> loot_table\blocks\dead_bubble_coral.json
[2026, 9, 25, 11, 54, 4] ;;; compileLootTables;     --> loot_table\blocks\dead_bubble_coral_block.json
[2026, 9, 25, 11, 54, 4] ;;; compileLootTables;     --> loot_table\blocks\dead_bubble_coral_fan.json
[2026, 9, 25, 11, 54, 4] ;;; compileLootTables;     --> loot_table\blocks\dead_bush.json
[2026, 9, 25, 11, 54, 4] ;;; compileLootTables;     --> loot_table\blocks\dead_fire_coral.json
[2026, 9, 25, 11, 54, 4] ;;; compileLootTables;     --> loot_table\blocks\dead_fire_coral_block.json
[2026, 9, 25, 11, 54, 4] ;;; compileLootTables;     --> loot_table\blocks\dead_fire_coral_fan.json
[2026, 9, 25, 11, 54, 4] ;;; compileLootTables;     --> loot_table\blocks\dead_horn_coral.json
[2026, 9, 25, 11, 54, 4] ;;; compileLootTables;     --> loot_table\blocks\dead_horn_coral_block.json
[2026, 9, 25, 11, 54, 4] ;;; compileLootTables;     --> loot_table\blocks\dead_horn_coral_fan.json
[2026, 9, 25, 11, 54, 4] ;;; compileLootTables;     --> loot_table\blocks\dead_tube_coral.json
[2026, 9, 25, 11, 54, 4] ;;; compileLootTables;     --> loot_table\blocks\dead_tube_coral_block.json
[2026, 9, 25, 11, 54, 4] ;;; compileLootTables;     --> loot_table\blocks\dead_tube_coral_fan.json
[2026, 9, 25, 11, 54, 4] ;;; compileLootTables;     --> loot_table\blocks\decorated_pot.json
[2026, 9, 25, 11, 54, 4] ;;; compileLootTables;     --> loot_table\blocks\deepslate.json
[2026, 9, 25, 11, 54, 4] ;;; compileLootTables;     --> loot_table\blocks\deepslate_bricks.json
[2026, 9, 25, 11, 54, 4] ;;; compileLootTables;     --> loot_table\blocks\deepslate_brick_slab.json
[2026, 9, 25, 11, 54, 4] ;;; compileLootTables;     --> loot_table\blocks\deepslate_brick_stairs.json
[2026, 9, 25, 11, 54, 4] ;;; compileLootTables;     --> loot_table\blocks\deepslate_brick_wall.json
[2026, 9, 25, 11, 54, 4] ;;; compileLootTables;     --> loot_table\blocks\deepslate_coal_ore.json
[2026, 9, 25, 11, 54, 4] ;;; compileLootTables;     --> loot_table\blocks\deepslate_copper_ore.json
[2026, 9, 25, 11, 54, 4] ;;; compileLootTables;     --> loot_table\blocks\deepslate_diamond_ore.json
[2026, 9, 25, 11, 54, 4] ;;; compileLootTables;     --> loot_table\blocks\deepslate_emerald_ore.json
[2026, 9, 25, 11, 54, 4] ;;; compileLootTables;     --> loot_table\blocks\deepslate_gold_ore.json
[2026, 9, 25, 11, 54, 4] ;;; compileLootTables;     --> loot_table\blocks\deepslate_iron_ore.json
[2026, 9, 25, 11, 54, 4] ;;; compileLootTables;     --> loot_table\blocks\deepslate_lapis_ore.json
[2026, 9, 25, 11, 54, 4] ;;; compileLootTables;     --> loot_table\blocks\deepslate_redstone_ore.json
[2026, 9, 25, 11, 54, 4] ;;; compileLootTables;     --> loot_table\blocks\deepslate_tiles.json
[2026, 9, 25, 11, 54, 4] ;;; compileLootTables;     --> loot_table\blocks\deepslate_tile_slab.json
[2026, 9, 25, 11, 54, 4] ;;; compileLootTables;     --> loot_table\blocks\deepslate_tile_stairs.json
[2026, 9, 25, 11, 54, 4] ;;; compileLootTables;     --> loot_table\blocks\deepslate_tile_wall.json
[2026, 9, 25, 11, 54, 4] ;;; compileLootTables;     --> loot_table\blocks\detector_rail.json
[2026, 9, 25, 11, 54, 4] ;;; compileLootTables;     --> loot_table\blocks\diamond_block.json
[2026, 9, 25, 11, 54, 4] ;;; compileLootTables;     --> loot_table\blocks\diamond_ore.json
[2026, 9, 25, 11, 54, 4] ;;; compileLootTables;     --> loot_table\blocks\diorite.json
[2026, 9, 25, 11, 54, 4] ;;; compileLootTables;     --> loot_table\blocks\diorite_slab.json
[2026, 9, 25, 11, 54, 4] ;;; compileLootTables;     --> loot_table\blocks\diorite_stairs.json
[2026, 9, 25, 11, 54, 4] ;;; compileLootTables;     --> loot_table\blocks\diorite_wall.json
[2026, 9, 25, 11, 54, 4] ;;; compileLootTables;     --> loot_table\blocks\dirt.json
[2026, 9, 25, 11, 54, 4] ;;; compileLootTables;     --> loot_table\blocks\dirt_path.json
[2026, 9, 25, 11, 54, 4] ;;; compileLootTables;     --> loot_table\blocks\dispenser.json
[2026, 9, 25, 11, 54, 4] ;;; compileLootTables;     --> loot_table\blocks\dragon_egg.json
[2026, 9, 25, 11, 54, 4] ;;; compileLootTables;     --> loot_table\blocks\dragon_head.json
[2026, 9, 25, 11, 54, 4] ;;; compileLootTables;     --> loot_table\blocks\dried_ghast.json
[2026, 9, 25, 11, 54, 4] ;;; compileLootTables;     --> loot_table\blocks\dried_kelp_block.json
[2026, 9, 25, 11, 54, 4] ;;; compileLootTables;     --> loot_table\blocks\dripstone_block.json
[2026, 9, 25, 11, 54, 4] ;;; compileLootTables;     --> loot_table\blocks\dropper.json
[2026, 9, 25, 11, 54, 4] ;;; compileLootTables;     --> loot_table\blocks\emerald_block.json
[2026, 9, 25, 11, 54, 4] ;;; compileLootTables;     --> loot_table\blocks\emerald_ore.json
[2026, 9, 25, 11, 54, 4] ;;; compileLootTables;     --> loot_table\blocks\enchanting_table.json
[2026, 9, 25, 11, 54, 4] ;;; compileLootTables;     --> loot_table\blocks\ender_chest.json
[2026, 9, 25, 11, 54, 4] ;;; compileLootTables;     --> loot_table\blocks\end_rod.json
[2026, 9, 25, 11, 54, 4] ;;; compileLootTables;     --> loot_table\blocks\end_stone.json
[2026, 9, 25, 11, 54, 4] ;;; compileLootTables;     --> loot_table\blocks\end_stone_bricks.json
[2026, 9, 25, 11, 54, 4] ;;; compileLootTables;     --> loot_table\blocks\end_stone_brick_slab.json
[2026, 9, 25, 11, 54, 4] ;;; compileLootTables;     --> loot_table\blocks\end_stone_brick_stairs.json
[2026, 9, 25, 11, 54, 4] ;;; compileLootTables;     --> loot_table\blocks\end_stone_brick_wall.json
[2026, 9, 25, 11, 54, 4] ;;; compileLootTables;     --> loot_table\blocks\exposed_chiseled_copper.json
[2026, 9, 25, 11, 54, 4] ;;; compileLootTables;     --> loot_table\blocks\exposed_copper.json
[2026, 9, 25, 11, 54, 4] ;;; compileLootTables;     --> loot_table\blocks\exposed_copper_bars.json
[2026, 9, 25, 11, 54, 4] ;;; compileLootTables;     --> loot_table\blocks\exposed_copper_bulb.json
[2026, 9, 25, 11, 54, 4] ;;; compileLootTables;     --> loot_table\blocks\exposed_copper_chain.json
[2026, 9, 25, 11, 54, 4] ;;; compileLootTables;     --> loot_table\blocks\exposed_copper_chest.json
[2026, 9, 25, 11, 54, 4] ;;; compileLootTables;     --> loot_table\blocks\exposed_copper_door.json
[2026, 9, 25, 11, 54, 4] ;;; compileLootTables;     --> loot_table\blocks\exposed_copper_golem_statue.json
[2026, 9, 25, 11, 54, 4] ;;; compileLootTables;     --> loot_table\blocks\exposed_copper_grate.json
[2026, 9, 25, 11, 54, 4] ;;; compileLootTables;     --> loot_table\blocks\exposed_copper_lantern.json
[2026, 9, 25, 11, 54, 5] ;;; compileLootTables;     --> loot_table\blocks\exposed_copper_trapdoor.json
[2026, 9, 25, 11, 54, 5] ;;; compileLootTables;     --> loot_table\blocks\exposed_cut_copper.json
[2026, 9, 25, 11, 54, 5] ;;; compileLootTables;     --> loot_table\blocks\exposed_cut_copper_slab.json
[2026, 9, 25, 11, 54, 5] ;;; compileLootTables;     --> loot_table\blocks\exposed_cut_copper_stairs.json
[2026, 9, 25, 11, 54, 5] ;;; compileLootTables;     --> loot_table\blocks\exposed_lightning_rod.json
[2026, 9, 25, 11, 54, 5] ;;; compileLootTables;     --> loot_table\blocks\farmland.json
[2026, 9, 25, 11, 54, 5] ;;; compileLootTables;     --> loot_table\blocks\fern.json
[2026, 9, 25, 11, 54, 5] ;;; compileLootTables;     --> loot_table\blocks\fire.json
[2026, 9, 25, 11, 54, 5] ;;; compileLootTables;     --> loot_table\blocks\firefly_bush.json
[2026, 9, 25, 11, 54, 5] ;;; compileLootTables;     --> loot_table\blocks\fire_coral.json
[2026, 9, 25, 11, 54, 5] ;;; compileLootTables;     --> loot_table\blocks\fire_coral_block.json
[2026, 9, 25, 11, 54, 5] ;;; compileLootTables;     --> loot_table\blocks\fire_coral_fan.json
[2026, 9, 25, 11, 54, 5] ;;; compileLootTables;     --> loot_table\blocks\fletching_table.json
[2026, 9, 25, 11, 54, 5] ;;; compileLootTables;     --> loot_table\blocks\flowering_azalea.json
[2026, 9, 25, 11, 54, 5] ;;; compileLootTables;     --> loot_table\blocks\flowering_azalea_leaves.json
[2026, 9, 25, 11, 54, 5] ;;; compileLootTables;     --> loot_table\blocks\flower_pot.json
[2026, 9, 25, 11, 54, 5] ;;; compileLootTables;     --> loot_table\blocks\frogspawn.json
[2026, 9, 25, 11, 54, 5] ;;; compileLootTables;     --> loot_table\blocks\frosted_ice.json
[2026, 9, 25, 11, 54, 5] ;;; compileLootTables;     --> loot_table\blocks\furnace.json
[2026, 9, 25, 11, 54, 5] ;;; compileLootTables;     --> loot_table\blocks\gilded_blackstone.json
[2026, 9, 25, 11, 54, 5] ;;; compileLootTables;     --> loot_table\blocks\glass.json
[2026, 9, 25, 11, 54, 5] ;;; compileLootTables;     --> loot_table\blocks\glass_pane.json
[2026, 9, 25, 11, 54, 5] ;;; compileLootTables;     --> loot_table\blocks\glowstone.json
[2026, 9, 25, 11, 54, 5] ;;; compileLootTables;     --> loot_table\blocks\glow_lichen.json
[2026, 9, 25, 11, 54, 5] ;;; compileLootTables;     --> loot_table\blocks\gold_block.json
[2026, 9, 25, 11, 54, 5] ;;; compileLootTables;     --> loot_table\blocks\gold_ore.json
[2026, 9, 25, 11, 54, 5] ;;; compileLootTables;     --> loot_table\blocks\granite.json
[2026, 9, 25, 11, 54, 5] ;;; compileLootTables;     --> loot_table\blocks\granite_slab.json
[2026, 9, 25, 11, 54, 5] ;;; compileLootTables;     --> loot_table\blocks\granite_stairs.json
[2026, 9, 25, 11, 54, 5] ;;; compileLootTables;     --> loot_table\blocks\granite_wall.json
[2026, 9, 25, 11, 54, 5] ;;; compileLootTables;     --> loot_table\blocks\grass_block.json
[2026, 9, 25, 11, 54, 5] ;;; compileLootTables;     --> loot_table\blocks\gravel.json
[2026, 9, 25, 11, 54, 5] ;;; compileLootTables;     --> loot_table\blocks\gray_banner.json
[2026, 9, 25, 11, 54, 5] ;;; compileLootTables;     --> loot_table\blocks\gray_bed.json
[2026, 9, 25, 11, 54, 5] ;;; compileLootTables;     --> loot_table\blocks\gray_candle.json
[2026, 9, 25, 11, 54, 5] ;;; compileLootTables;     --> loot_table\blocks\gray_candle_cake.json
[2026, 9, 25, 11, 54, 5] ;;; compileLootTables;     --> loot_table\blocks\gray_carpet.json
[2026, 9, 25, 11, 54, 5] ;;; compileLootTables;     --> loot_table\blocks\gray_concrete.json
[2026, 9, 25, 11, 54, 5] ;;; compileLootTables;     --> loot_table\blocks\gray_concrete_powder.json
[2026, 9, 25, 11, 54, 5] ;;; compileLootTables;     --> loot_table\blocks\gray_glazed_terracotta.json
[2026, 9, 25, 11, 54, 5] ;;; compileLootTables;     --> loot_table\blocks\gray_shulker_box.json
[2026, 9, 25, 11, 54, 5] ;;; compileLootTables;     --> loot_table\blocks\gray_stained_glass.json
[2026, 9, 25, 11, 54, 5] ;;; compileLootTables;     --> loot_table\blocks\gray_stained_glass_pane.json
[2026, 9, 25, 11, 54, 5] ;;; compileLootTables;     --> loot_table\blocks\gray_terracotta.json
[2026, 9, 25, 11, 54, 5] ;;; compileLootTables;     --> loot_table\blocks\gray_wool.json
[2026, 9, 25, 11, 54, 5] ;;; compileLootTables;     --> loot_table\blocks\green_banner.json
[2026, 9, 25, 11, 54, 5] ;;; compileLootTables;     --> loot_table\blocks\green_bed.json
[2026, 9, 25, 11, 54, 5] ;;; compileLootTables;     --> loot_table\blocks\green_candle.json
[2026, 9, 25, 11, 54, 5] ;;; compileLootTables;     --> loot_table\blocks\green_candle_cake.json
[2026, 9, 25, 11, 54, 5] ;;; compileLootTables;     --> loot_table\blocks\green_carpet.json
[2026, 9, 25, 11, 54, 5] ;;; compileLootTables;     --> loot_table\blocks\green_concrete.json
[2026, 9, 25, 11, 54, 5] ;;; compileLootTables;     --> loot_table\blocks\green_concrete_powder.json
[2026, 9, 25, 11, 54, 5] ;;; compileLootTables;     --> loot_table\blocks\green_glazed_terracotta.json
[2026, 9, 25, 11, 54, 5] ;;; compileLootTables;     --> loot_table\blocks\green_shulker_box.json
[2026, 9, 25, 11, 54, 5] ;;; compileLootTables;     --> loot_table\blocks\green_stained_glass.json
[2026, 9, 25, 11, 54, 5] ;;; compileLootTables;     --> loot_table\blocks\green_stained_glass_pane.json
[2026, 9, 25, 11, 54, 5] ;;; compileLootTables;     --> loot_table\blocks\green_terracotta.json
[2026, 9, 25, 11, 54, 5] ;;; compileLootTables;     --> loot_table\blocks\green_wool.json
[2026, 9, 25, 11, 54, 5] ;;; compileLootTables;     --> loot_table\blocks\grindstone.json
[2026, 9, 25, 11, 54, 5] ;;; compileLootTables;     --> loot_table\blocks\hanging_roots.json
[2026, 9, 25, 11, 54, 5] ;;; compileLootTables;     --> loot_table\blocks\hay_block.json
[2026, 9, 25, 11, 54, 5] ;;; compileLootTables;     --> loot_table\blocks\heavy_core.json
[2026, 9, 25, 11, 54, 5] ;;; compileLootTables;     --> loot_table\blocks\heavy_weighted_pressure_plate.json
[2026, 9, 25, 11, 54, 5] ;;; compileLootTables;     --> loot_table\blocks\honeycomb_block.json
[2026, 9, 25, 11, 54, 5] ;;; compileLootTables;     --> loot_table\blocks\honey_block.json
[2026, 9, 25, 11, 54, 5] ;;; compileLootTables;     --> loot_table\blocks\hopper.json
[2026, 9, 25, 11, 54, 5] ;;; compileLootTables;     --> loot_table\blocks\horn_coral.json
[2026, 9, 25, 11, 54, 5] ;;; compileLootTables;     --> loot_table\blocks\horn_coral_block.json
[2026, 9, 25, 11, 54, 5] ;;; compileLootTables;     --> loot_table\blocks\horn_coral_fan.json
[2026, 9, 25, 11, 54, 5] ;;; compileLootTables;     --> loot_table\blocks\ice.json
[2026, 9, 25, 11, 54, 5] ;;; compileLootTables;     --> loot_table\blocks\infested_chiseled_stone_bricks.json
[2026, 9, 25, 11, 54, 5] ;;; compileLootTables;     --> loot_table\blocks\infested_cobblestone.json
[2026, 9, 25, 11, 54, 5] ;;; compileLootTables;     --> loot_table\blocks\infested_cracked_stone_bricks.json
[2026, 9, 25, 11, 54, 5] ;;; compileLootTables;     --> loot_table\blocks\infested_deepslate.json
[2026, 9, 25, 11, 54, 5] ;;; compileLootTables;     --> loot_table\blocks\infested_mossy_stone_bricks.json
[2026, 9, 25, 11, 54, 5] ;;; compileLootTables;     --> loot_table\blocks\infested_stone.json
[2026, 9, 25, 11, 54, 5] ;;; compileLootTables;     --> loot_table\blocks\infested_stone_bricks.json
[2026, 9, 25, 11, 54, 5] ;;; compileLootTables;     --> loot_table\blocks\iron_bars.json
[2026, 9, 25, 11, 54, 5] ;;; compileLootTables;     --> loot_table\blocks\iron_block.json
[2026, 9, 25, 11, 54, 5] ;;; compileLootTables;     --> loot_table\blocks\iron_chain.json
[2026, 9, 25, 11, 54, 5] ;;; compileLootTables;     --> loot_table\blocks\iron_door.json
[2026, 9, 25, 11, 54, 5] ;;; compileLootTables;     --> loot_table\blocks\iron_ore.json
[2026, 9, 25, 11, 54, 5] ;;; compileLootTables;     --> loot_table\blocks\iron_trapdoor.json
[2026, 9, 25, 11, 54, 5] ;;; compileLootTables;     --> loot_table\blocks\jack_o_lantern.json
[2026, 9, 25, 11, 54, 5] ;;; compileLootTables;     --> loot_table\blocks\jukebox.json
[2026, 9, 25, 11, 54, 5] ;;; compileLootTables;     --> loot_table\blocks\jungle_button.json
[2026, 9, 25, 11, 54, 5] ;;; compileLootTables;     --> loot_table\blocks\jungle_door.json
[2026, 9, 25, 11, 54, 5] ;;; compileLootTables;     --> loot_table\blocks\jungle_fence.json
[2026, 9, 25, 11, 54, 5] ;;; compileLootTables;     --> loot_table\blocks\jungle_fence_gate.json
[2026, 9, 25, 11, 54, 5] ;;; compileLootTables;     --> loot_table\blocks\jungle_hanging_sign.json
[2026, 9, 25, 11, 54, 5] ;;; compileLootTables;     --> loot_table\blocks\jungle_leaves.json
[2026, 9, 25, 11, 54, 5] ;;; compileLootTables;     --> loot_table\blocks\jungle_log.json
[2026, 9, 25, 11, 54, 5] ;;; compileLootTables;     --> loot_table\blocks\jungle_planks.json
[2026, 9, 25, 11, 54, 5] ;;; compileLootTables;     --> loot_table\blocks\jungle_pressure_plate.json
[2026, 9, 25, 11, 54, 5] ;;; compileLootTables;     --> loot_table\blocks\jungle_sapling.json
[2026, 9, 25, 11, 54, 5] ;;; compileLootTables;     --> loot_table\blocks\jungle_shelf.json
[2026, 9, 25, 11, 54, 5] ;;; compileLootTables;     --> loot_table\blocks\jungle_sign.json
[2026, 9, 25, 11, 54, 5] ;;; compileLootTables;     --> loot_table\blocks\jungle_slab.json
[2026, 9, 25, 11, 54, 5] ;;; compileLootTables;     --> loot_table\blocks\jungle_stairs.json
[2026, 9, 25, 11, 54, 5] ;;; compileLootTables;     --> loot_table\blocks\jungle_trapdoor.json
[2026, 9, 25, 11, 54, 5] ;;; compileLootTables;     --> loot_table\blocks\jungle_wood.json
[2026, 9, 25, 11, 54, 5] ;;; compileLootTables;     --> loot_table\blocks\kelp.json
[2026, 9, 25, 11, 54, 5] ;;; compileLootTables;     --> loot_table\blocks\kelp_plant.json
[2026, 9, 25, 11, 54, 5] ;;; compileLootTables;     --> loot_table\blocks\ladder.json
[2026, 9, 25, 11, 54, 5] ;;; compileLootTables;     --> loot_table\blocks\lantern.json
[2026, 9, 25, 11, 54, 5] ;;; compileLootTables;     --> loot_table\blocks\lapis_block.json
[2026, 9, 25, 11, 54, 5] ;;; compileLootTables;     --> loot_table\blocks\lapis_ore.json
[2026, 9, 25, 11, 54, 5] ;;; compileLootTables;     --> loot_table\blocks\large_amethyst_bud.json
[2026, 9, 25, 11, 54, 5] ;;; compileLootTables;     --> loot_table\blocks\large_fern.json
[2026, 9, 25, 11, 54, 5] ;;; compileLootTables;     --> loot_table\blocks\lava_cauldron.json
[2026, 9, 25, 11, 54, 5] ;;; compileLootTables;     --> loot_table\blocks\leaf_litter.json
[2026, 9, 25, 11, 54, 5] ;;; compileLootTables;     --> loot_table\blocks\lectern.json
[2026, 9, 25, 11, 54, 5] ;;; compileLootTables;     --> loot_table\blocks\lever.json
[2026, 9, 25, 11, 54, 5] ;;; compileLootTables;     --> loot_table\blocks\lightning_rod.json
[2026, 9, 25, 11, 54, 5] ;;; compileLootTables;     --> loot_table\blocks\light_blue_banner.json
[2026, 9, 25, 11, 54, 5] ;;; compileLootTables;     --> loot_table\blocks\light_blue_bed.json
[2026, 9, 25, 11, 54, 5] ;;; compileLootTables;     --> loot_table\blocks\light_blue_candle.json
[2026, 9, 25, 11, 54, 5] ;;; compileLootTables;     --> loot_table\blocks\light_blue_candle_cake.json
[2026, 9, 25, 11, 54, 5] ;;; compileLootTables;     --> loot_table\blocks\light_blue_carpet.json
[2026, 9, 25, 11, 54, 5] ;;; compileLootTables;     --> loot_table\blocks\light_blue_concrete.json
[2026, 9, 25, 11, 54, 5] ;;; compileLootTables;     --> loot_table\blocks\light_blue_concrete_powder.json
[2026, 9, 25, 11, 54, 5] ;;; compileLootTables;     --> loot_table\blocks\light_blue_glazed_terracotta.json
[2026, 9, 25, 11, 54, 5] ;;; compileLootTables;     --> loot_table\blocks\light_blue_shulker_box.json
[2026, 9, 25, 11, 54, 5] ;;; compileLootTables;     --> loot_table\blocks\light_blue_stained_glass.json
[2026, 9, 25, 11, 54, 5] ;;; compileLootTables;     --> loot_table\blocks\light_blue_stained_glass_pane.json
[2026, 9, 25, 11, 54, 5] ;;; compileLootTables;     --> loot_table\blocks\light_blue_terracotta.json
[2026, 9, 25, 11, 54, 5] ;;; compileLootTables;     --> loot_table\blocks\light_blue_wool.json
[2026, 9, 25, 11, 54, 5] ;;; compileLootTables;     --> loot_table\blocks\light_gray_banner.json
[2026, 9, 25, 11, 54, 5] ;;; compileLootTables;     --> loot_table\blocks\light_gray_bed.json
[2026, 9, 25, 11, 54, 5] ;;; compileLootTables;     --> loot_table\blocks\light_gray_candle.json
[2026, 9, 25, 11, 54, 5] ;;; compileLootTables;     --> loot_table\blocks\light_gray_candle_cake.json
[2026, 9, 25, 11, 54, 5] ;;; compileLootTables;     --> loot_table\blocks\light_gray_carpet.json
[2026, 9, 25, 11, 54, 5] ;;; compileLootTables;     --> loot_table\blocks\light_gray_concrete.json
[2026, 9, 25, 11, 54, 5] ;;; compileLootTables;     --> loot_table\blocks\light_gray_concrete_powder.json
[2026, 9, 25, 11, 54, 5] ;;; compileLootTables;     --> loot_table\blocks\light_gray_glazed_terracotta.json
[2026, 9, 25, 11, 54, 5] ;;; compileLootTables;     --> loot_table\blocks\light_gray_shulker_box.json
[2026, 9, 25, 11, 54, 5] ;;; compileLootTables;     --> loot_table\blocks\light_gray_stained_glass.json
[2026, 9, 25, 11, 54, 5] ;;; compileLootTables;     --> loot_table\blocks\light_gray_stained_glass_pane.json
[2026, 9, 25, 11, 54, 5] ;;; compileLootTables;     --> loot_table\blocks\light_gray_terracotta.json
[2026, 9, 25, 11, 54, 5] ;;; compileLootTables;     --> loot_table\blocks\light_gray_wool.json
[2026, 9, 25, 11, 54, 5] ;;; compileLootTables;     --> loot_table\blocks\light_weighted_pressure_plate.json
[2026, 9, 25, 11, 54, 5] ;;; compileLootTables;     --> loot_table\blocks\lilac.json
[2026, 9, 25, 11, 54, 5] ;;; compileLootTables;     --> loot_table\blocks\lily_of_the_valley.json
[2026, 9, 25, 11, 54, 5] ;;; compileLootTables;     --> loot_table\blocks\lily_pad.json
[2026, 9, 25, 11, 54, 5] ;;; compileLootTables;     --> loot_table\blocks\lime_banner.json
[2026, 9, 25, 11, 54, 6] ;;; compileLootTables;     --> loot_table\blocks\lime_bed.json
[2026, 9, 25, 11, 54, 6] ;;; compileLootTables;     --> loot_table\blocks\lime_candle.json
[2026, 9, 25, 11, 54, 6] ;;; compileLootTables;     --> loot_table\blocks\lime_candle_cake.json
[2026, 9, 25, 11, 54, 6] ;;; compileLootTables;     --> loot_table\blocks\lime_carpet.json
[2026, 9, 25, 11, 54, 6] ;;; compileLootTables;     --> loot_table\blocks\lime_concrete.json
[2026, 9, 25, 11, 54, 6] ;;; compileLootTables;     --> loot_table\blocks\lime_concrete_powder.json
[2026, 9, 25, 11, 54, 6] ;;; compileLootTables;     --> loot_table\blocks\lime_glazed_terracotta.json
[2026, 9, 25, 11, 54, 6] ;;; compileLootTables;     --> loot_table\blocks\lime_shulker_box.json
[2026, 9, 25, 11, 54, 6] ;;; compileLootTables;     --> loot_table\blocks\lime_stained_glass.json
[2026, 9, 25, 11, 54, 6] ;;; compileLootTables;     --> loot_table\blocks\lime_stained_glass_pane.json
[2026, 9, 25, 11, 54, 6] ;;; compileLootTables;     --> loot_table\blocks\lime_terracotta.json
[2026, 9, 25, 11, 54, 6] ;;; compileLootTables;     --> loot_table\blocks\lime_wool.json
[2026, 9, 25, 11, 54, 6] ;;; compileLootTables;     --> loot_table\blocks\lodestone.json
[2026, 9, 25, 11, 54, 6] ;;; compileLootTables;     --> loot_table\blocks\loom.json
[2026, 9, 25, 11, 54, 6] ;;; compileLootTables;     --> loot_table\blocks\magenta_banner.json
[2026, 9, 25, 11, 54, 6] ;;; compileLootTables;     --> loot_table\blocks\magenta_bed.json
[2026, 9, 25, 11, 54, 6] ;;; compileLootTables;     --> loot_table\blocks\magenta_candle.json
[2026, 9, 25, 11, 54, 6] ;;; compileLootTables;     --> loot_table\blocks\magenta_candle_cake.json
[2026, 9, 25, 11, 54, 6] ;;; compileLootTables;     --> loot_table\blocks\magenta_carpet.json
[2026, 9, 25, 11, 54, 6] ;;; compileLootTables;     --> loot_table\blocks\magenta_concrete.json
[2026, 9, 25, 11, 54, 6] ;;; compileLootTables;     --> loot_table\blocks\magenta_concrete_powder.json
[2026, 9, 25, 11, 54, 6] ;;; compileLootTables;     --> loot_table\blocks\magenta_glazed_terracotta.json
[2026, 9, 25, 11, 54, 6] ;;; compileLootTables;     --> loot_table\blocks\magenta_shulker_box.json
[2026, 9, 25, 11, 54, 6] ;;; compileLootTables;     --> loot_table\blocks\magenta_stained_glass.json
[2026, 9, 25, 11, 54, 6] ;;; compileLootTables;     --> loot_table\blocks\magenta_stained_glass_pane.json
[2026, 9, 25, 11, 54, 6] ;;; compileLootTables;     --> loot_table\blocks\magenta_terracotta.json
[2026, 9, 25, 11, 54, 6] ;;; compileLootTables;     --> loot_table\blocks\magenta_wool.json
[2026, 9, 25, 11, 54, 6] ;;; compileLootTables;     --> loot_table\blocks\magma_block.json
[2026, 9, 25, 11, 54, 6] ;;; compileLootTables;     --> loot_table\blocks\mangrove_button.json
[2026, 9, 25, 11, 54, 6] ;;; compileLootTables;     --> loot_table\blocks\mangrove_door.json
[2026, 9, 25, 11, 54, 6] ;;; compileLootTables;     --> loot_table\blocks\mangrove_fence.json
[2026, 9, 25, 11, 54, 6] ;;; compileLootTables;     --> loot_table\blocks\mangrove_fence_gate.json
[2026, 9, 25, 11, 54, 6] ;;; compileLootTables;     --> loot_table\blocks\mangrove_hanging_sign.json
[2026, 9, 25, 11, 54, 6] ;;; compileLootTables;     --> loot_table\blocks\mangrove_leaves.json
[2026, 9, 25, 11, 54, 6] ;;; compileLootTables;     --> loot_table\blocks\mangrove_log.json
[2026, 9, 25, 11, 54, 6] ;;; compileLootTables;     --> loot_table\blocks\mangrove_planks.json
[2026, 9, 25, 11, 54, 6] ;;; compileLootTables;     --> loot_table\blocks\mangrove_pressure_plate.json
[2026, 9, 25, 11, 54, 6] ;;; compileLootTables;     --> loot_table\blocks\mangrove_propagule.json
[2026, 9, 25, 11, 54, 6] ;;; compileLootTables;     --> loot_table\blocks\mangrove_roots.json
[2026, 9, 25, 11, 54, 6] ;;; compileLootTables;     --> loot_table\blocks\mangrove_shelf.json
[2026, 9, 25, 11, 54, 6] ;;; compileLootTables;     --> loot_table\blocks\mangrove_sign.json
[2026, 9, 25, 11, 54, 6] ;;; compileLootTables;     --> loot_table\blocks\mangrove_slab.json
[2026, 9, 25, 11, 54, 6] ;;; compileLootTables;     --> loot_table\blocks\mangrove_stairs.json
[2026, 9, 25, 11, 54, 6] ;;; compileLootTables;     --> loot_table\blocks\mangrove_trapdoor.json
[2026, 9, 25, 11, 54, 6] ;;; compileLootTables;     --> loot_table\blocks\mangrove_wood.json
[2026, 9, 25, 11, 54, 6] ;;; compileLootTables;     --> loot_table\blocks\medium_amethyst_bud.json
[2026, 9, 25, 11, 54, 6] ;;; compileLootTables;     --> loot_table\blocks\melon.json
[2026, 9, 25, 11, 54, 6] ;;; compileLootTables;     --> loot_table\blocks\melon_stem.json
[2026, 9, 25, 11, 54, 6] ;;; compileLootTables;     --> loot_table\blocks\mossy_cobblestone.json
[2026, 9, 25, 11, 54, 6] ;;; compileLootTables;     --> loot_table\blocks\mossy_cobblestone_slab.json
[2026, 9, 25, 11, 54, 6] ;;; compileLootTables;     --> loot_table\blocks\mossy_cobblestone_stairs.json
[2026, 9, 25, 11, 54, 6] ;;; compileLootTables;     --> loot_table\blocks\mossy_cobblestone_wall.json
[2026, 9, 25, 11, 54, 6] ;;; compileLootTables;     --> loot_table\blocks\mossy_stone_bricks.json
[2026, 9, 25, 11, 54, 6] ;;; compileLootTables;     --> loot_table\blocks\mossy_stone_brick_slab.json
[2026, 9, 25, 11, 54, 6] ;;; compileLootTables;     --> loot_table\blocks\mossy_stone_brick_stairs.json
[2026, 9, 25, 11, 54, 6] ;;; compileLootTables;     --> loot_table\blocks\mossy_stone_brick_wall.json
[2026, 9, 25, 11, 54, 6] ;;; compileLootTables;     --> loot_table\blocks\moss_block.json
[2026, 9, 25, 11, 54, 6] ;;; compileLootTables;     --> loot_table\blocks\moss_carpet.json
[2026, 9, 25, 11, 54, 6] ;;; compileLootTables;     --> loot_table\blocks\mud.json
[2026, 9, 25, 11, 54, 6] ;;; compileLootTables;     --> loot_table\blocks\muddy_mangrove_roots.json
[2026, 9, 25, 11, 54, 6] ;;; compileLootTables;     --> loot_table\blocks\mud_bricks.json
[2026, 9, 25, 11, 54, 6] ;;; compileLootTables;     --> loot_table\blocks\mud_brick_slab.json
[2026, 9, 25, 11, 54, 6] ;;; compileLootTables;     --> loot_table\blocks\mud_brick_stairs.json
[2026, 9, 25, 11, 54, 6] ;;; compileLootTables;     --> loot_table\blocks\mud_brick_wall.json
[2026, 9, 25, 11, 54, 6] ;;; compileLootTables;     --> loot_table\blocks\mushroom_stem.json
[2026, 9, 25, 11, 54, 6] ;;; compileLootTables;     --> loot_table\blocks\mycelium.json
[2026, 9, 25, 11, 54, 6] ;;; compileLootTables;     --> loot_table\blocks\netherite_block.json
[2026, 9, 25, 11, 54, 6] ;;; compileLootTables;     --> loot_table\blocks\netherrack.json
[2026, 9, 25, 11, 54, 6] ;;; compileLootTables;     --> loot_table\blocks\nether_bricks.json
[2026, 9, 25, 11, 54, 6] ;;; compileLootTables;     --> loot_table\blocks\nether_brick_fence.json
[2026, 9, 25, 11, 54, 6] ;;; compileLootTables;     --> loot_table\blocks\nether_brick_slab.json
[2026, 9, 25, 11, 54, 6] ;;; compileLootTables;     --> loot_table\blocks\nether_brick_stairs.json
[2026, 9, 25, 11, 54, 6] ;;; compileLootTables;     --> loot_table\blocks\nether_brick_wall.json
[2026, 9, 25, 11, 54, 6] ;;; compileLootTables;     --> loot_table\blocks\nether_gold_ore.json
[2026, 9, 25, 11, 54, 6] ;;; compileLootTables;     --> loot_table\blocks\nether_portal.json
[2026, 9, 25, 11, 54, 6] ;;; compileLootTables;     --> loot_table\blocks\nether_quartz_ore.json
[2026, 9, 25, 11, 54, 6] ;;; compileLootTables;     --> loot_table\blocks\nether_sprouts.json
[2026, 9, 25, 11, 54, 6] ;;; compileLootTables;     --> loot_table\blocks\nether_wart.json
[2026, 9, 25, 11, 54, 6] ;;; compileLootTables;     --> loot_table\blocks\nether_wart_block.json
[2026, 9, 25, 11, 54, 6] ;;; compileLootTables;     --> loot_table\blocks\note_block.json
[2026, 9, 25, 11, 54, 6] ;;; compileLootTables;     --> loot_table\blocks\oak_button.json
[2026, 9, 25, 11, 54, 6] ;;; compileLootTables;     --> loot_table\blocks\oak_door.json
[2026, 9, 25, 11, 54, 6] ;;; compileLootTables;     --> loot_table\blocks\oak_fence.json
[2026, 9, 25, 11, 54, 6] ;;; compileLootTables;     --> loot_table\blocks\oak_fence_gate.json
[2026, 9, 25, 11, 54, 6] ;;; compileLootTables;     --> loot_table\blocks\oak_hanging_sign.json
[2026, 9, 25, 11, 54, 6] ;;; compileLootTables;     --> loot_table\blocks\oak_leaves.json
[2026, 9, 25, 11, 54, 6] ;;; compileLootTables;     --> loot_table\blocks\oak_log.json
[2026, 9, 25, 11, 54, 6] ;;; compileLootTables;     --> loot_table\blocks\oak_planks.json
[2026, 9, 25, 11, 54, 6] ;;; compileLootTables;     --> loot_table\blocks\oak_pressure_plate.json
[2026, 9, 25, 11, 54, 6] ;;; compileLootTables;     --> loot_table\blocks\oak_sapling.json
[2026, 9, 25, 11, 54, 6] ;;; compileLootTables;     --> loot_table\blocks\oak_shelf.json
[2026, 9, 25, 11, 54, 6] ;;; compileLootTables;     --> loot_table\blocks\oak_sign.json
[2026, 9, 25, 11, 54, 6] ;;; compileLootTables;     --> loot_table\blocks\oak_slab.json
[2026, 9, 25, 11, 54, 6] ;;; compileLootTables;     --> loot_table\blocks\oak_stairs.json
[2026, 9, 25, 11, 54, 6] ;;; compileLootTables;     --> loot_table\blocks\oak_trapdoor.json
[2026, 9, 25, 11, 54, 6] ;;; compileLootTables;     --> loot_table\blocks\oak_wood.json
[2026, 9, 25, 11, 54, 6] ;;; compileLootTables;     --> loot_table\blocks\observer.json
[2026, 9, 25, 11, 54, 6] ;;; compileLootTables;     --> loot_table\blocks\obsidian.json
[2026, 9, 25, 11, 54, 6] ;;; compileLootTables;     --> loot_table\blocks\ochre_froglight.json
[2026, 9, 25, 11, 54, 6] ;;; compileLootTables;     --> loot_table\blocks\open_eyeblossom.json
[2026, 9, 25, 11, 54, 6] ;;; compileLootTables;     --> loot_table\blocks\orange_banner.json
[2026, 9, 25, 11, 54, 6] ;;; compileLootTables;     --> loot_table\blocks\orange_bed.json
[2026, 9, 25, 11, 54, 6] ;;; compileLootTables;     --> loot_table\blocks\orange_candle.json
[2026, 9, 25, 11, 54, 6] ;;; compileLootTables;     --> loot_table\blocks\orange_candle_cake.json
[2026, 9, 25, 11, 54, 6] ;;; compileLootTables;     --> loot_table\blocks\orange_carpet.json
[2026, 9, 25, 11, 54, 6] ;;; compileLootTables;     --> loot_table\blocks\orange_concrete.json
[2026, 9, 25, 11, 54, 6] ;;; compileLootTables;     --> loot_table\blocks\orange_concrete_powder.json
[2026, 9, 25, 11, 54, 6] ;;; compileLootTables;     --> loot_table\blocks\orange_glazed_terracotta.json
[2026, 9, 25, 11, 54, 6] ;;; compileLootTables;     --> loot_table\blocks\orange_shulker_box.json
[2026, 9, 25, 11, 54, 6] ;;; compileLootTables;     --> loot_table\blocks\orange_stained_glass.json
[2026, 9, 25, 11, 54, 6] ;;; compileLootTables;     --> loot_table\blocks\orange_stained_glass_pane.json
[2026, 9, 25, 11, 54, 6] ;;; compileLootTables;     --> loot_table\blocks\orange_terracotta.json
[2026, 9, 25, 11, 54, 6] ;;; compileLootTables;     --> loot_table\blocks\orange_tulip.json
[2026, 9, 25, 11, 54, 6] ;;; compileLootTables;     --> loot_table\blocks\orange_wool.json
[2026, 9, 25, 11, 54, 6] ;;; compileLootTables;     --> loot_table\blocks\oxeye_daisy.json
[2026, 9, 25, 11, 54, 6] ;;; compileLootTables;     --> loot_table\blocks\oxidized_chiseled_copper.json
[2026, 9, 25, 11, 54, 6] ;;; compileLootTables;     --> loot_table\blocks\oxidized_copper.json
[2026, 9, 25, 11, 54, 6] ;;; compileLootTables;     --> loot_table\blocks\oxidized_copper_bars.json
[2026, 9, 25, 11, 54, 6] ;;; compileLootTables;     --> loot_table\blocks\oxidized_copper_bulb.json
[2026, 9, 25, 11, 54, 6] ;;; compileLootTables;     --> loot_table\blocks\oxidized_copper_chain.json
[2026, 9, 25, 11, 54, 6] ;;; compileLootTables;     --> loot_table\blocks\oxidized_copper_chest.json
[2026, 9, 25, 11, 54, 6] ;;; compileLootTables;     --> loot_table\blocks\oxidized_copper_door.json
[2026, 9, 25, 11, 54, 6] ;;; compileLootTables;     --> loot_table\blocks\oxidized_copper_golem_statue.json
[2026, 9, 25, 11, 54, 6] ;;; compileLootTables;     --> loot_table\blocks\oxidized_copper_grate.json
[2026, 9, 25, 11, 54, 6] ;;; compileLootTables;     --> loot_table\blocks\oxidized_copper_lantern.json
[2026, 9, 25, 11, 54, 6] ;;; compileLootTables;     --> loot_table\blocks\oxidized_copper_trapdoor.json
[2026, 9, 25, 11, 54, 6] ;;; compileLootTables;     --> loot_table\blocks\oxidized_cut_copper.json
[2026, 9, 25, 11, 54, 6] ;;; compileLootTables;     --> loot_table\blocks\oxidized_cut_copper_slab.json
[2026, 9, 25, 11, 54, 6] ;;; compileLootTables;     --> loot_table\blocks\oxidized_cut_copper_stairs.json
[2026, 9, 25, 11, 54, 6] ;;; compileLootTables;     --> loot_table\blocks\oxidized_lightning_rod.json
[2026, 9, 25, 11, 54, 6] ;;; compileLootTables;     --> loot_table\blocks\packed_ice.json
[2026, 9, 25, 11, 54, 6] ;;; compileLootTables;     --> loot_table\blocks\packed_mud.json
[2026, 9, 25, 11, 54, 6] ;;; compileLootTables;     --> loot_table\blocks\pale_hanging_moss.json
[2026, 9, 25, 11, 54, 6] ;;; compileLootTables;     --> loot_table\blocks\pale_moss_block.json
[2026, 9, 25, 11, 54, 6] ;;; compileLootTables;     --> loot_table\blocks\pale_moss_carpet.json
[2026, 9, 25, 11, 54, 6] ;;; compileLootTables;     --> loot_table\blocks\pale_oak_button.json
[2026, 9, 25, 11, 54, 6] ;;; compileLootTables;     --> loot_table\blocks\pale_oak_door.json
[2026, 9, 25, 11, 54, 6] ;;; compileLootTables;     --> loot_table\blocks\pale_oak_fence.json
[2026, 9, 25, 11, 54, 6] ;;; compileLootTables;     --> loot_table\blocks\pale_oak_fence_gate.json
[2026, 9, 25, 11, 54, 6] ;;; compileLootTables;     --> loot_table\blocks\pale_oak_hanging_sign.json
[2026, 9, 25, 11, 54, 6] ;;; compileLootTables;     --> loot_table\blocks\pale_oak_leaves.json
[2026, 9, 25, 11, 54, 6] ;;; compileLootTables;     --> loot_table\blocks\pale_oak_log.json
[2026, 9, 25, 11, 54, 6] ;;; compileLootTables;     --> loot_table\blocks\pale_oak_planks.json
[2026, 9, 25, 11, 54, 6] ;;; compileLootTables;     --> loot_table\blocks\pale_oak_pressure_plate.json
[2026, 9, 25, 11, 54, 6] ;;; compileLootTables;     --> loot_table\blocks\pale_oak_sapling.json
[2026, 9, 25, 11, 54, 6] ;;; compileLootTables;     --> loot_table\blocks\pale_oak_shelf.json
[2026, 9, 25, 11, 54, 6] ;;; compileLootTables;     --> loot_table\blocks\pale_oak_sign.json
[2026, 9, 25, 11, 54, 6] ;;; compileLootTables;     --> loot_table\blocks\pale_oak_slab.json
[2026, 9, 25, 11, 54, 6] ;;; compileLootTables;     --> loot_table\blocks\pale_oak_stairs.json
[2026, 9, 25, 11, 54, 6] ;;; compileLootTables;     --> loot_table\blocks\pale_oak_trapdoor.json
[2026, 9, 25, 11, 54, 6] ;;; compileLootTables;     --> loot_table\blocks\pale_oak_wood.json
[2026, 9, 25, 11, 54, 6] ;;; compileLootTables;     --> loot_table\blocks\pearlescent_froglight.json
[2026, 9, 25, 11, 54, 6] ;;; compileLootTables;     --> loot_table\blocks\peony.json
[2026, 9, 25, 11, 54, 6] ;;; compileLootTables;     --> loot_table\blocks\petrified_oak_slab.json
[2026, 9, 25, 11, 54, 6] ;;; compileLootTables;     --> loot_table\blocks\piglin_head.json
[2026, 9, 25, 11, 54, 6] ;;; compileLootTables;     --> loot_table\blocks\pink_banner.json
[2026, 9, 25, 11, 54, 6] ;;; compileLootTables;     --> loot_table\blocks\pink_bed.json
[2026, 9, 25, 11, 54, 6] ;;; compileLootTables;     --> loot_table\blocks\pink_candle.json
[2026, 9, 25, 11, 54, 6] ;;; compileLootTables;     --> loot_table\blocks\pink_candle_cake.json
[2026, 9, 25, 11, 54, 6] ;;; compileLootTables;     --> loot_table\blocks\pink_carpet.json
[2026, 9, 25, 11, 54, 6] ;;; compileLootTables;     --> loot_table\blocks\pink_concrete.json
[2026, 9, 25, 11, 54, 6] ;;; compileLootTables;     --> loot_table\blocks\pink_concrete_powder.json
[2026, 9, 25, 11, 54, 7] ;;; compileLootTables;     --> loot_table\blocks\pink_glazed_terracotta.json
[2026, 9, 25, 11, 54, 7] ;;; compileLootTables;     --> loot_table\blocks\pink_petals.json
[2026, 9, 25, 11, 54, 7] ;;; compileLootTables;     --> loot_table\blocks\pink_shulker_box.json
[2026, 9, 25, 11, 54, 7] ;;; compileLootTables;     --> loot_table\blocks\pink_stained_glass.json
[2026, 9, 25, 11, 54, 7] ;;; compileLootTables;     --> loot_table\blocks\pink_stained_glass_pane.json
[2026, 9, 25, 11, 54, 7] ;;; compileLootTables;     --> loot_table\blocks\pink_terracotta.json
[2026, 9, 25, 11, 54, 7] ;;; compileLootTables;     --> loot_table\blocks\pink_tulip.json
[2026, 9, 25, 11, 54, 7] ;;; compileLootTables;     --> loot_table\blocks\pink_wool.json
[2026, 9, 25, 11, 54, 7] ;;; compileLootTables;     --> loot_table\blocks\piston.json
[2026, 9, 25, 11, 54, 7] ;;; compileLootTables;     --> loot_table\blocks\pitcher_crop.json
[2026, 9, 25, 11, 54, 7] ;;; compileLootTables;     --> loot_table\blocks\pitcher_plant.json
[2026, 9, 25, 11, 54, 7] ;;; compileLootTables;     --> loot_table\blocks\player_head.json
[2026, 9, 25, 11, 54, 7] ;;; compileLootTables;     --> loot_table\blocks\podzol.json
[2026, 9, 25, 11, 54, 7] ;;; compileLootTables;     --> loot_table\blocks\pointed_dripstone.json
[2026, 9, 25, 11, 54, 7] ;;; compileLootTables;     --> loot_table\blocks\polished_andesite.json
[2026, 9, 25, 11, 54, 7] ;;; compileLootTables;     --> loot_table\blocks\polished_andesite_slab.json
[2026, 9, 25, 11, 54, 7] ;;; compileLootTables;     --> loot_table\blocks\polished_andesite_stairs.json
[2026, 9, 25, 11, 54, 7] ;;; compileLootTables;     --> loot_table\blocks\polished_basalt.json
[2026, 9, 25, 11, 54, 7] ;;; compileLootTables;     --> loot_table\blocks\polished_blackstone.json
[2026, 9, 25, 11, 54, 7] ;;; compileLootTables;     --> loot_table\blocks\polished_blackstone_bricks.json
[2026, 9, 25, 11, 54, 7] ;;; compileLootTables;     --> loot_table\blocks\polished_blackstone_brick_slab.json
[2026, 9, 25, 11, 54, 7] ;;; compileLootTables;     --> loot_table\blocks\polished_blackstone_brick_stairs.json
[2026, 9, 25, 11, 54, 7] ;;; compileLootTables;     --> loot_table\blocks\polished_blackstone_brick_wall.json
[2026, 9, 25, 11, 54, 7] ;;; compileLootTables;     --> loot_table\blocks\polished_blackstone_button.json
[2026, 9, 25, 11, 54, 7] ;;; compileLootTables;     --> loot_table\blocks\polished_blackstone_pressure_plate.json
[2026, 9, 25, 11, 54, 7] ;;; compileLootTables;     --> loot_table\blocks\polished_blackstone_slab.json
[2026, 9, 25, 11, 54, 7] ;;; compileLootTables;     --> loot_table\blocks\polished_blackstone_stairs.json
[2026, 9, 25, 11, 54, 7] ;;; compileLootTables;     --> loot_table\blocks\polished_blackstone_wall.json
[2026, 9, 25, 11, 54, 7] ;;; compileLootTables;     --> loot_table\blocks\polished_deepslate.json
[2026, 9, 25, 11, 54, 7] ;;; compileLootTables;     --> loot_table\blocks\polished_deepslate_slab.json
[2026, 9, 25, 11, 54, 7] ;;; compileLootTables;     --> loot_table\blocks\polished_deepslate_stairs.json
[2026, 9, 25, 11, 54, 7] ;;; compileLootTables;     --> loot_table\blocks\polished_deepslate_wall.json
[2026, 9, 25, 11, 54, 7] ;;; compileLootTables;     --> loot_table\blocks\polished_diorite.json
[2026, 9, 25, 11, 54, 7] ;;; compileLootTables;     --> loot_table\blocks\polished_diorite_slab.json
[2026, 9, 25, 11, 54, 7] ;;; compileLootTables;     --> loot_table\blocks\polished_diorite_stairs.json
[2026, 9, 25, 11, 54, 7] ;;; compileLootTables;     --> loot_table\blocks\polished_granite.json
[2026, 9, 25, 11, 54, 7] ;;; compileLootTables;     --> loot_table\blocks\polished_granite_slab.json
[2026, 9, 25, 11, 54, 7] ;;; compileLootTables;     --> loot_table\blocks\polished_granite_stairs.json
[2026, 9, 25, 11, 54, 7] ;;; compileLootTables;     --> loot_table\blocks\polished_tuff.json
[2026, 9, 25, 11, 54, 7] ;;; compileLootTables;     --> loot_table\blocks\polished_tuff_slab.json
[2026, 9, 25, 11, 54, 7] ;;; compileLootTables;     --> loot_table\blocks\polished_tuff_stairs.json
[2026, 9, 25, 11, 54, 7] ;;; compileLootTables;     --> loot_table\blocks\polished_tuff_wall.json
[2026, 9, 25, 11, 54, 7] ;;; compileLootTables;     --> loot_table\blocks\poppy.json
[2026, 9, 25, 11, 54, 7] ;;; compileLootTables;     --> loot_table\blocks\potatoes.json
[2026, 9, 25, 11, 54, 7] ;;; compileLootTables;     --> loot_table\blocks\potted_acacia_sapling.json
[2026, 9, 25, 11, 54, 7] ;;; compileLootTables;     --> loot_table\blocks\potted_allium.json
[2026, 9, 25, 11, 54, 7] ;;; compileLootTables;     --> loot_table\blocks\potted_azalea_bush.json
[2026, 9, 25, 11, 54, 7] ;;; compileLootTables;     --> loot_table\blocks\potted_azure_bluet.json
[2026, 9, 25, 11, 54, 7] ;;; compileLootTables;     --> loot_table\blocks\potted_bamboo.json
[2026, 9, 25, 11, 54, 7] ;;; compileLootTables;     --> loot_table\blocks\potted_birch_sapling.json
[2026, 9, 25, 11, 54, 7] ;;; compileLootTables;     --> loot_table\blocks\potted_blue_orchid.json
[2026, 9, 25, 11, 54, 7] ;;; compileLootTables;     --> loot_table\blocks\potted_brown_mushroom.json
[2026, 9, 25, 11, 54, 7] ;;; compileLootTables;     --> loot_table\blocks\potted_cactus.json
[2026, 9, 25, 11, 54, 7] ;;; compileLootTables;     --> loot_table\blocks\potted_cherry_sapling.json
[2026, 9, 25, 11, 54, 7] ;;; compileLootTables;     --> loot_table\blocks\potted_closed_eyeblossom.json
[2026, 9, 25, 11, 54, 7] ;;; compileLootTables;     --> loot_table\blocks\potted_cornflower.json
[2026, 9, 25, 11, 54, 7] ;;; compileLootTables;     --> loot_table\blocks\potted_crimson_fungus.json
[2026, 9, 25, 11, 54, 7] ;;; compileLootTables;     --> loot_table\blocks\potted_crimson_roots.json
[2026, 9, 25, 11, 54, 7] ;;; compileLootTables;     --> loot_table\blocks\potted_dandelion.json
[2026, 9, 25, 11, 54, 7] ;;; compileLootTables;     --> loot_table\blocks\potted_dark_oak_sapling.json
[2026, 9, 25, 11, 54, 7] ;;; compileLootTables;     --> loot_table\blocks\potted_dead_bush.json
[2026, 9, 25, 11, 54, 7] ;;; compileLootTables;     --> loot_table\blocks\potted_fern.json
[2026, 9, 25, 11, 54, 7] ;;; compileLootTables;     --> loot_table\blocks\potted_flowering_azalea_bush.json
[2026, 9, 25, 11, 54, 7] ;;; compileLootTables;     --> loot_table\blocks\potted_jungle_sapling.json
[2026, 9, 25, 11, 54, 7] ;;; compileLootTables;     --> loot_table\blocks\potted_lily_of_the_valley.json
[2026, 9, 25, 11, 54, 7] ;;; compileLootTables;     --> loot_table\blocks\potted_mangrove_propagule.json
[2026, 9, 25, 11, 54, 7] ;;; compileLootTables;     --> loot_table\blocks\potted_oak_sapling.json
[2026, 9, 25, 11, 54, 7] ;;; compileLootTables;     --> loot_table\blocks\potted_open_eyeblossom.json
[2026, 9, 25, 11, 54, 7] ;;; compileLootTables;     --> loot_table\blocks\potted_orange_tulip.json
[2026, 9, 25, 11, 54, 7] ;;; compileLootTables;     --> loot_table\blocks\potted_oxeye_daisy.json
[2026, 9, 25, 11, 54, 7] ;;; compileLootTables;     --> loot_table\blocks\potted_pale_oak_sapling.json
[2026, 9, 25, 11, 54, 7] ;;; compileLootTables;     --> loot_table\blocks\potted_pink_tulip.json
[2026, 9, 25, 11, 54, 7] ;;; compileLootTables;     --> loot_table\blocks\potted_poppy.json
[2026, 9, 25, 11, 54, 7] ;;; compileLootTables;     --> loot_table\blocks\potted_red_mushroom.json
[2026, 9, 25, 11, 54, 7] ;;; compileLootTables;     --> loot_table\blocks\potted_red_tulip.json
[2026, 9, 25, 11, 54, 7] ;;; compileLootTables;     --> loot_table\blocks\potted_spruce_sapling.json
[2026, 9, 25, 11, 54, 7] ;;; compileLootTables;     --> loot_table\blocks\potted_torchflower.json
[2026, 9, 25, 11, 54, 7] ;;; compileLootTables;     --> loot_table\blocks\potted_warped_fungus.json
[2026, 9, 25, 11, 54, 7] ;;; compileLootTables;     --> loot_table\blocks\potted_warped_roots.json
[2026, 9, 25, 11, 54, 7] ;;; compileLootTables;     --> loot_table\blocks\potted_white_tulip.json
[2026, 9, 25, 11, 54, 7] ;;; compileLootTables;     --> loot_table\blocks\potted_wither_rose.json
[2026, 9, 25, 11, 54, 7] ;;; compileLootTables;     --> loot_table\blocks\powder_snow.json
[2026, 9, 25, 11, 54, 7] ;;; compileLootTables;     --> loot_table\blocks\powder_snow_cauldron.json
[2026, 9, 25, 11, 54, 7] ;;; compileLootTables;     --> loot_table\blocks\powered_rail.json
[2026, 9, 25, 11, 54, 7] ;;; compileLootTables;     --> loot_table\blocks\prismarine.json
[2026, 9, 25, 11, 54, 7] ;;; compileLootTables;     --> loot_table\blocks\prismarine_bricks.json
[2026, 9, 25, 11, 54, 7] ;;; compileLootTables;     --> loot_table\blocks\prismarine_brick_slab.json
[2026, 9, 25, 11, 54, 7] ;;; compileLootTables;     --> loot_table\blocks\prismarine_brick_stairs.json
[2026, 9, 25, 11, 54, 7] ;;; compileLootTables;     --> loot_table\blocks\prismarine_slab.json
[2026, 9, 25, 11, 54, 7] ;;; compileLootTables;     --> loot_table\blocks\prismarine_stairs.json
[2026, 9, 25, 11, 54, 7] ;;; compileLootTables;     --> loot_table\blocks\prismarine_wall.json
[2026, 9, 25, 11, 54, 7] ;;; compileLootTables;     --> loot_table\blocks\pumpkin.json
[2026, 9, 25, 11, 54, 7] ;;; compileLootTables;     --> loot_table\blocks\pumpkin_stem.json
[2026, 9, 25, 11, 54, 7] ;;; compileLootTables;     --> loot_table\blocks\purple_banner.json
[2026, 9, 25, 11, 54, 7] ;;; compileLootTables;     --> loot_table\blocks\purple_bed.json
[2026, 9, 25, 11, 54, 7] ;;; compileLootTables;     --> loot_table\blocks\purple_candle.json
[2026, 9, 25, 11, 54, 7] ;;; compileLootTables;     --> loot_table\blocks\purple_candle_cake.json
[2026, 9, 25, 11, 54, 7] ;;; compileLootTables;     --> loot_table\blocks\purple_carpet.json
[2026, 9, 25, 11, 54, 7] ;;; compileLootTables;     --> loot_table\blocks\purple_concrete.json
[2026, 9, 25, 11, 54, 7] ;;; compileLootTables;     --> loot_table\blocks\purple_concrete_powder.json
[2026, 9, 25, 11, 54, 7] ;;; compileLootTables;     --> loot_table\blocks\purple_glazed_terracotta.json
[2026, 9, 25, 11, 54, 7] ;;; compileLootTables;     --> loot_table\blocks\purple_shulker_box.json
[2026, 9, 25, 11, 54, 7] ;;; compileLootTables;     --> loot_table\blocks\purple_stained_glass.json
[2026, 9, 25, 11, 54, 7] ;;; compileLootTables;     --> loot_table\blocks\purple_stained_glass_pane.json
[2026, 9, 25, 11, 54, 7] ;;; compileLootTables;     --> loot_table\blocks\purple_terracotta.json
[2026, 9, 25, 11, 54, 7] ;;; compileLootTables;     --> loot_table\blocks\purple_wool.json
[2026, 9, 25, 11, 54, 7] ;;; compileLootTables;     --> loot_table\blocks\purpur_block.json
[2026, 9, 25, 11, 54, 7] ;;; compileLootTables;     --> loot_table\blocks\purpur_pillar.json
[2026, 9, 25, 11, 54, 7] ;;; compileLootTables;     --> loot_table\blocks\purpur_slab.json
[2026, 9, 25, 11, 54, 7] ;;; compileLootTables;     --> loot_table\blocks\purpur_stairs.json
[2026, 9, 25, 11, 54, 7] ;;; compileLootTables;     --> loot_table\blocks\quartz_block.json
[2026, 9, 25, 11, 54, 7] ;;; compileLootTables;     --> loot_table\blocks\quartz_bricks.json
[2026, 9, 25, 11, 54, 7] ;;; compileLootTables;     --> loot_table\blocks\quartz_pillar.json
[2026, 9, 25, 11, 54, 7] ;;; compileLootTables;     --> loot_table\blocks\quartz_slab.json
[2026, 9, 25, 11, 54, 7] ;;; compileLootTables;     --> loot_table\blocks\quartz_stairs.json
[2026, 9, 25, 11, 54, 7] ;;; compileLootTables;     --> loot_table\blocks\rail.json
[2026, 9, 25, 11, 54, 7] ;;; compileLootTables;     --> loot_table\blocks\raw_copper_block.json
[2026, 9, 25, 11, 54, 7] ;;; compileLootTables;     --> loot_table\blocks\raw_gold_block.json
[2026, 9, 25, 11, 54, 7] ;;; compileLootTables;     --> loot_table\blocks\raw_iron_block.json
[2026, 9, 25, 11, 54, 7] ;;; compileLootTables;     --> loot_table\blocks\redstone_block.json
[2026, 9, 25, 11, 54, 7] ;;; compileLootTables;     --> loot_table\blocks\redstone_lamp.json
[2026, 9, 25, 11, 54, 7] ;;; compileLootTables;     --> loot_table\blocks\redstone_ore.json
[2026, 9, 25, 11, 54, 7] ;;; compileLootTables;     --> loot_table\blocks\redstone_torch.json
[2026, 9, 25, 11, 54, 7] ;;; compileLootTables;     --> loot_table\blocks\redstone_wire.json
[2026, 9, 25, 11, 54, 7] ;;; compileLootTables;     --> loot_table\blocks\red_banner.json
[2026, 9, 25, 11, 54, 7] ;;; compileLootTables;     --> loot_table\blocks\red_bed.json
[2026, 9, 25, 11, 54, 7] ;;; compileLootTables;     --> loot_table\blocks\red_candle.json
[2026, 9, 25, 11, 54, 7] ;;; compileLootTables;     --> loot_table\blocks\red_candle_cake.json
[2026, 9, 25, 11, 54, 7] ;;; compileLootTables;     --> loot_table\blocks\red_carpet.json
[2026, 9, 25, 11, 54, 7] ;;; compileLootTables;     --> loot_table\blocks\red_concrete.json
[2026, 9, 25, 11, 54, 7] ;;; compileLootTables;     --> loot_table\blocks\red_concrete_powder.json
[2026, 9, 25, 11, 54, 7] ;;; compileLootTables;     --> loot_table\blocks\red_glazed_terracotta.json
[2026, 9, 25, 11, 54, 7] ;;; compileLootTables;     --> loot_table\blocks\red_mushroom.json
[2026, 9, 25, 11, 54, 7] ;;; compileLootTables;     --> loot_table\blocks\red_mushroom_block.json
[2026, 9, 25, 11, 54, 7] ;;; compileLootTables;     --> loot_table\blocks\red_nether_bricks.json
[2026, 9, 25, 11, 54, 7] ;;; compileLootTables;     --> loot_table\blocks\red_nether_brick_slab.json
[2026, 9, 25, 11, 54, 7] ;;; compileLootTables;     --> loot_table\blocks\red_nether_brick_stairs.json
[2026, 9, 25, 11, 54, 7] ;;; compileLootTables;     --> loot_table\blocks\red_nether_brick_wall.json
[2026, 9, 25, 11, 54, 7] ;;; compileLootTables;     --> loot_table\blocks\red_sand.json
[2026, 9, 25, 11, 54, 7] ;;; compileLootTables;     --> loot_table\blocks\red_sandstone.json
[2026, 9, 25, 11, 54, 7] ;;; compileLootTables;     --> loot_table\blocks\red_sandstone_slab.json
[2026, 9, 25, 11, 54, 7] ;;; compileLootTables;     --> loot_table\blocks\red_sandstone_stairs.json
[2026, 9, 25, 11, 54, 7] ;;; compileLootTables;     --> loot_table\blocks\red_sandstone_wall.json
[2026, 9, 25, 11, 54, 7] ;;; compileLootTables;     --> loot_table\blocks\red_shulker_box.json
[2026, 9, 25, 11, 54, 7] ;;; compileLootTables;     --> loot_table\blocks\red_stained_glass.json
[2026, 9, 25, 11, 54, 7] ;;; compileLootTables;     --> loot_table\blocks\red_stained_glass_pane.json
[2026, 9, 25, 11, 54, 7] ;;; compileLootTables;     --> loot_table\blocks\red_terracotta.json
[2026, 9, 25, 11, 54, 7] ;;; compileLootTables;     --> loot_table\blocks\red_tulip.json
[2026, 9, 25, 11, 54, 7] ;;; compileLootTables;     --> loot_table\blocks\red_wool.json
[2026, 9, 25, 11, 54, 7] ;;; compileLootTables;     --> loot_table\blocks\reinforced_deepslate.json
[2026, 9, 25, 11, 54, 7] ;;; compileLootTables;     --> loot_table\blocks\repeater.json
[2026, 9, 25, 11, 54, 7] ;;; compileLootTables;     --> loot_table\blocks\resin_block.json
[2026, 9, 25, 11, 54, 7] ;;; compileLootTables;     --> loot_table\blocks\resin_bricks.json
[2026, 9, 25, 11, 54, 7] ;;; compileLootTables;     --> loot_table\blocks\resin_brick_slab.json
[2026, 9, 25, 11, 54, 7] ;;; compileLootTables;     --> loot_table\blocks\resin_brick_stairs.json
[2026, 9, 25, 11, 54, 7] ;;; compileLootTables;     --> loot_table\blocks\resin_brick_wall.json
[2026, 9, 25, 11, 54, 7] ;;; compileLootTables;     --> loot_table\blocks\resin_clump.json
[2026, 9, 25, 11, 54, 7] ;;; compileLootTables;     --> loot_table\blocks\respawn_anchor.json
[2026, 9, 25, 11, 54, 7] ;;; compileLootTables;     --> loot_table\blocks\rooted_dirt.json
[2026, 9, 25, 11, 54, 7] ;;; compileLootTables;     --> loot_table\blocks\rose_bush.json
[2026, 9, 25, 11, 54, 7] ;;; compileLootTables;     --> loot_table\blocks\sand.json
[2026, 9, 25, 11, 54, 7] ;;; compileLootTables;     --> loot_table\blocks\sandstone.json
[2026, 9, 25, 11, 54, 7] ;;; compileLootTables;     --> loot_table\blocks\sandstone_slab.json
[2026, 9, 25, 11, 54, 7] ;;; compileLootTables;     --> loot_table\blocks\sandstone_stairs.json
[2026, 9, 25, 11, 54, 7] ;;; compileLootTables;     --> loot_table\blocks\sandstone_wall.json
[2026, 9, 25, 11, 54, 7] ;;; compileLootTables;     --> loot_table\blocks\scaffolding.json
[2026, 9, 25, 11, 54, 7] ;;; compileLootTables;     --> loot_table\blocks\sculk.json
[2026, 9, 25, 11, 54, 7] ;;; compileLootTables;     --> loot_table\blocks\sculk_catalyst.json
[2026, 9, 25, 11, 54, 7] ;;; compileLootTables;     --> loot_table\blocks\sculk_sensor.json
[2026, 9, 25, 11, 54, 8] ;;; compileLootTables;     --> loot_table\blocks\sculk_shrieker.json
[2026, 9, 25, 11, 54, 8] ;;; compileLootTables;     --> loot_table\blocks\sculk_vein.json
[2026, 9, 25, 11, 54, 8] ;;; compileLootTables;     --> loot_table\blocks\seagrass.json
[2026, 9, 25, 11, 54, 8] ;;; compileLootTables;     --> loot_table\blocks\sea_lantern.json
[2026, 9, 25, 11, 54, 8] ;;; compileLootTables;     --> loot_table\blocks\sea_pickle.json
[2026, 9, 25, 11, 54, 8] ;;; compileLootTables;     --> loot_table\blocks\short_dry_grass.json
[2026, 9, 25, 11, 54, 8] ;;; compileLootTables;     --> loot_table\blocks\short_grass.json
[2026, 9, 25, 11, 54, 8] ;;; compileLootTables;     --> loot_table\blocks\shroomlight.json
[2026, 9, 25, 11, 54, 8] ;;; compileLootTables;     --> loot_table\blocks\shulker_box.json
[2026, 9, 25, 11, 54, 8] ;;; compileLootTables;     --> loot_table\blocks\skeleton_skull.json
[2026, 9, 25, 11, 54, 8] ;;; compileLootTables;     --> loot_table\blocks\slime_block.json
[2026, 9, 25, 11, 54, 8] ;;; compileLootTables;     --> loot_table\blocks\small_amethyst_bud.json
[2026, 9, 25, 11, 54, 8] ;;; compileLootTables;     --> loot_table\blocks\small_dripleaf.json
[2026, 9, 25, 11, 54, 8] ;;; compileLootTables;     --> loot_table\blocks\smithing_table.json
[2026, 9, 25, 11, 54, 8] ;;; compileLootTables;     --> loot_table\blocks\smoker.json
[2026, 9, 25, 11, 54, 8] ;;; compileLootTables;     --> loot_table\blocks\smooth_basalt.json
[2026, 9, 25, 11, 54, 8] ;;; compileLootTables;     --> loot_table\blocks\smooth_quartz.json
[2026, 9, 25, 11, 54, 8] ;;; compileLootTables;     --> loot_table\blocks\smooth_quartz_slab.json
[2026, 9, 25, 11, 54, 8] ;;; compileLootTables;     --> loot_table\blocks\smooth_quartz_stairs.json
[2026, 9, 25, 11, 54, 8] ;;; compileLootTables;     --> loot_table\blocks\smooth_red_sandstone.json
[2026, 9, 25, 11, 54, 8] ;;; compileLootTables;     --> loot_table\blocks\smooth_red_sandstone_slab.json
[2026, 9, 25, 11, 54, 8] ;;; compileLootTables;     --> loot_table\blocks\smooth_red_sandstone_stairs.json
[2026, 9, 25, 11, 54, 8] ;;; compileLootTables;     --> loot_table\blocks\smooth_sandstone.json
[2026, 9, 25, 11, 54, 8] ;;; compileLootTables;     --> loot_table\blocks\smooth_sandstone_slab.json
[2026, 9, 25, 11, 54, 8] ;;; compileLootTables;     --> loot_table\blocks\smooth_sandstone_stairs.json
[2026, 9, 25, 11, 54, 8] ;;; compileLootTables;     --> loot_table\blocks\smooth_stone.json
[2026, 9, 25, 11, 54, 8] ;;; compileLootTables;     --> loot_table\blocks\smooth_stone_slab.json
[2026, 9, 25, 11, 54, 8] ;;; compileLootTables;     --> loot_table\blocks\sniffer_egg.json
[2026, 9, 25, 11, 54, 8] ;;; compileLootTables;     --> loot_table\blocks\snow.json
[2026, 9, 25, 11, 54, 8] ;;; compileLootTables;     --> loot_table\blocks\snow_block.json
[2026, 9, 25, 11, 54, 8] ;;; compileLootTables;     --> loot_table\blocks\soul_campfire.json
[2026, 9, 25, 11, 54, 8] ;;; compileLootTables;     --> loot_table\blocks\soul_fire.json
[2026, 9, 25, 11, 54, 8] ;;; compileLootTables;     --> loot_table\blocks\soul_lantern.json
[2026, 9, 25, 11, 54, 8] ;;; compileLootTables;     --> loot_table\blocks\soul_sand.json
[2026, 9, 25, 11, 54, 8] ;;; compileLootTables;     --> loot_table\blocks\soul_soil.json
[2026, 9, 25, 11, 54, 8] ;;; compileLootTables;     --> loot_table\blocks\soul_torch.json
[2026, 9, 25, 11, 54, 8] ;;; compileLootTables;     --> loot_table\blocks\spawner.json
[2026, 9, 25, 11, 54, 8] ;;; compileLootTables;     --> loot_table\blocks\sponge.json
[2026, 9, 25, 11, 54, 8] ;;; compileLootTables;     --> loot_table\blocks\spore_blossom.json
[2026, 9, 25, 11, 54, 8] ;;; compileLootTables;     --> loot_table\blocks\spruce_button.json
[2026, 9, 25, 11, 54, 8] ;;; compileLootTables;     --> loot_table\blocks\spruce_door.json
[2026, 9, 25, 11, 54, 8] ;;; compileLootTables;     --> loot_table\blocks\spruce_fence.json
[2026, 9, 25, 11, 54, 8] ;;; compileLootTables;     --> loot_table\blocks\spruce_fence_gate.json
[2026, 9, 25, 11, 54, 8] ;;; compileLootTables;     --> loot_table\blocks\spruce_hanging_sign.json
[2026, 9, 25, 11, 54, 8] ;;; compileLootTables;     --> loot_table\blocks\spruce_leaves.json
[2026, 9, 25, 11, 54, 8] ;;; compileLootTables;     --> loot_table\blocks\spruce_log.json
[2026, 9, 25, 11, 54, 8] ;;; compileLootTables;     --> loot_table\blocks\spruce_planks.json
[2026, 9, 25, 11, 54, 8] ;;; compileLootTables;     --> loot_table\blocks\spruce_pressure_plate.json
[2026, 9, 25, 11, 54, 8] ;;; compileLootTables;     --> loot_table\blocks\spruce_sapling.json
[2026, 9, 25, 11, 54, 8] ;;; compileLootTables;     --> loot_table\blocks\spruce_shelf.json
[2026, 9, 25, 11, 54, 8] ;;; compileLootTables;     --> loot_table\blocks\spruce_sign.json
[2026, 9, 25, 11, 54, 8] ;;; compileLootTables;     --> loot_table\blocks\spruce_slab.json
[2026, 9, 25, 11, 54, 8] ;;; compileLootTables;     --> loot_table\blocks\spruce_stairs.json
[2026, 9, 25, 11, 54, 8] ;;; compileLootTables;     --> loot_table\blocks\spruce_trapdoor.json
[2026, 9, 25, 11, 54, 8] ;;; compileLootTables;     --> loot_table\blocks\spruce_wood.json
[2026, 9, 25, 11, 54, 8] ;;; compileLootTables;     --> loot_table\blocks\sticky_piston.json
[2026, 9, 25, 11, 54, 8] ;;; compileLootTables;     --> loot_table\blocks\stone.json
[2026, 9, 25, 11, 54, 8] ;;; compileLootTables;     --> loot_table\blocks\stonecutter.json
[2026, 9, 25, 11, 54, 8] ;;; compileLootTables;     --> loot_table\blocks\stone_bricks.json
[2026, 9, 25, 11, 54, 8] ;;; compileLootTables;     --> loot_table\blocks\stone_brick_slab.json
[2026, 9, 25, 11, 54, 8] ;;; compileLootTables;     --> loot_table\blocks\stone_brick_stairs.json
[2026, 9, 25, 11, 54, 8] ;;; compileLootTables;     --> loot_table\blocks\stone_brick_wall.json
[2026, 9, 25, 11, 54, 8] ;;; compileLootTables;     --> loot_table\blocks\stone_button.json
[2026, 9, 25, 11, 54, 8] ;;; compileLootTables;     --> loot_table\blocks\stone_pressure_plate.json
[2026, 9, 25, 11, 54, 8] ;;; compileLootTables;     --> loot_table\blocks\stone_slab.json
[2026, 9, 25, 11, 54, 8] ;;; compileLootTables;     --> loot_table\blocks\stone_stairs.json
[2026, 9, 25, 11, 54, 8] ;;; compileLootTables;     --> loot_table\blocks\stripped_acacia_log.json
[2026, 9, 25, 11, 54, 8] ;;; compileLootTables;     --> loot_table\blocks\stripped_acacia_wood.json
[2026, 9, 25, 11, 54, 8] ;;; compileLootTables;     --> loot_table\blocks\stripped_bamboo_block.json
[2026, 9, 25, 11, 54, 8] ;;; compileLootTables;     --> loot_table\blocks\stripped_birch_log.json
[2026, 9, 25, 11, 54, 8] ;;; compileLootTables;     --> loot_table\blocks\stripped_birch_wood.json
[2026, 9, 25, 11, 54, 8] ;;; compileLootTables;     --> loot_table\blocks\stripped_cherry_log.json
[2026, 9, 25, 11, 54, 8] ;;; compileLootTables;     --> loot_table\blocks\stripped_cherry_wood.json
[2026, 9, 25, 11, 54, 8] ;;; compileLootTables;     --> loot_table\blocks\stripped_crimson_hyphae.json
[2026, 9, 25, 11, 54, 8] ;;; compileLootTables;     --> loot_table\blocks\stripped_crimson_stem.json
[2026, 9, 25, 11, 54, 8] ;;; compileLootTables;     --> loot_table\blocks\stripped_dark_oak_log.json
[2026, 9, 25, 11, 54, 8] ;;; compileLootTables;     --> loot_table\blocks\stripped_dark_oak_wood.json
[2026, 9, 25, 11, 54, 8] ;;; compileLootTables;     --> loot_table\blocks\stripped_jungle_log.json
[2026, 9, 25, 11, 54, 8] ;;; compileLootTables;     --> loot_table\blocks\stripped_jungle_wood.json
[2026, 9, 25, 11, 54, 8] ;;; compileLootTables;     --> loot_table\blocks\stripped_mangrove_log.json
[2026, 9, 25, 11, 54, 8] ;;; compileLootTables;     --> loot_table\blocks\stripped_mangrove_wood.json
[2026, 9, 25, 11, 54, 8] ;;; compileLootTables;     --> loot_table\blocks\stripped_oak_log.json
[2026, 9, 25, 11, 54, 8] ;;; compileLootTables;     --> loot_table\blocks\stripped_oak_wood.json
[2026, 9, 25, 11, 54, 8] ;;; compileLootTables;     --> loot_table\blocks\stripped_pale_oak_log.json
[2026, 9, 25, 11, 54, 8] ;;; compileLootTables;     --> loot_table\blocks\stripped_pale_oak_wood.json
[2026, 9, 25, 11, 54, 8] ;;; compileLootTables;     --> loot_table\blocks\stripped_spruce_log.json
[2026, 9, 25, 11, 54, 8] ;;; compileLootTables;     --> loot_table\blocks\stripped_spruce_wood.json
[2026, 9, 25, 11, 54, 8] ;;; compileLootTables;     --> loot_table\blocks\stripped_warped_hyphae.json
[2026, 9, 25, 11, 54, 8] ;;; compileLootTables;     --> loot_table\blocks\stripped_warped_stem.json
[2026, 9, 25, 11, 54, 8] ;;; compileLootTables;     --> loot_table\blocks\sugar_cane.json
[2026, 9, 25, 11, 54, 8] ;;; compileLootTables;     --> loot_table\blocks\sunflower.json
[2026, 9, 25, 11, 54, 8] ;;; compileLootTables;     --> loot_table\blocks\suspicious_gravel.json
[2026, 9, 25, 11, 54, 8] ;;; compileLootTables;     --> loot_table\blocks\suspicious_sand.json
[2026, 9, 25, 11, 54, 8] ;;; compileLootTables;     --> loot_table\blocks\sweet_berry_bush.json
[2026, 9, 25, 11, 54, 8] ;;; compileLootTables;     --> loot_table\blocks\tall_dry_grass.json
[2026, 9, 25, 11, 54, 8] ;;; compileLootTables;     --> loot_table\blocks\tall_grass.json
[2026, 9, 25, 11, 54, 8] ;;; compileLootTables;     --> loot_table\blocks\tall_seagrass.json
[2026, 9, 25, 11, 54, 8] ;;; compileLootTables;     --> loot_table\blocks\target.json
[2026, 9, 25, 11, 54, 8] ;;; compileLootTables;     --> loot_table\blocks\terracotta.json
[2026, 9, 25, 11, 54, 8] ;;; compileLootTables;     --> loot_table\blocks\tinted_glass.json
[2026, 9, 25, 11, 54, 8] ;;; compileLootTables;     --> loot_table\blocks\tnt.json
[2026, 9, 25, 11, 54, 8] ;;; compileLootTables;     --> loot_table\blocks\torch.json
[2026, 9, 25, 11, 54, 8] ;;; compileLootTables;     --> loot_table\blocks\torchflower.json
[2026, 9, 25, 11, 54, 8] ;;; compileLootTables;     --> loot_table\blocks\torchflower_crop.json
[2026, 9, 25, 11, 54, 8] ;;; compileLootTables;     --> loot_table\blocks\trapped_chest.json
[2026, 9, 25, 11, 54, 8] ;;; compileLootTables;     --> loot_table\blocks\trial_spawner.json
[2026, 9, 25, 11, 54, 8] ;;; compileLootTables;     --> loot_table\blocks\tripwire.json
[2026, 9, 25, 11, 54, 8] ;;; compileLootTables;     --> loot_table\blocks\tripwire_hook.json
[2026, 9, 25, 11, 54, 8] ;;; compileLootTables;     --> loot_table\blocks\tube_coral.json
[2026, 9, 25, 11, 54, 8] ;;; compileLootTables;     --> loot_table\blocks\tube_coral_block.json
[2026, 9, 25, 11, 54, 8] ;;; compileLootTables;     --> loot_table\blocks\tube_coral_fan.json
[2026, 9, 25, 11, 54, 8] ;;; compileLootTables;     --> loot_table\blocks\tuff.json
[2026, 9, 25, 11, 54, 8] ;;; compileLootTables;     --> loot_table\blocks\tuff_bricks.json
[2026, 9, 25, 11, 54, 8] ;;; compileLootTables;     --> loot_table\blocks\tuff_brick_slab.json
[2026, 9, 25, 11, 54, 8] ;;; compileLootTables;     --> loot_table\blocks\tuff_brick_stairs.json
[2026, 9, 25, 11, 54, 8] ;;; compileLootTables;     --> loot_table\blocks\tuff_brick_wall.json
[2026, 9, 25, 11, 54, 8] ;;; compileLootTables;     --> loot_table\blocks\tuff_slab.json
[2026, 9, 25, 11, 54, 8] ;;; compileLootTables;     --> loot_table\blocks\tuff_stairs.json
[2026, 9, 25, 11, 54, 8] ;;; compileLootTables;     --> loot_table\blocks\tuff_wall.json
[2026, 9, 25, 11, 54, 8] ;;; compileLootTables;     --> loot_table\blocks\turtle_egg.json
[2026, 9, 25, 11, 54, 8] ;;; compileLootTables;     --> loot_table\blocks\twisting_vines.json
[2026, 9, 25, 11, 54, 8] ;;; compileLootTables;     --> loot_table\blocks\twisting_vines_plant.json
[2026, 9, 25, 11, 54, 8] ;;; compileLootTables;     --> loot_table\blocks\vault.json
[2026, 9, 25, 11, 54, 8] ;;; compileLootTables;     --> loot_table\blocks\verdant_froglight.json
[2026, 9, 25, 11, 54, 8] ;;; compileLootTables;     --> loot_table\blocks\vine.json
[2026, 9, 25, 11, 54, 8] ;;; compileLootTables;     --> loot_table\blocks\warped_button.json
[2026, 9, 25, 11, 54, 8] ;;; compileLootTables;     --> loot_table\blocks\warped_door.json
[2026, 9, 25, 11, 54, 8] ;;; compileLootTables;     --> loot_table\blocks\warped_fence.json
[2026, 9, 25, 11, 54, 8] ;;; compileLootTables;     --> loot_table\blocks\warped_fence_gate.json
[2026, 9, 25, 11, 54, 8] ;;; compileLootTables;     --> loot_table\blocks\warped_fungus.json
[2026, 9, 25, 11, 54, 8] ;;; compileLootTables;     --> loot_table\blocks\warped_hanging_sign.json
[2026, 9, 25, 11, 54, 8] ;;; compileLootTables;     --> loot_table\blocks\warped_hyphae.json
[2026, 9, 25, 11, 54, 8] ;;; compileLootTables;     --> loot_table\blocks\warped_nylium.json
[2026, 9, 25, 11, 54, 8] ;;; compileLootTables;     --> loot_table\blocks\warped_planks.json
[2026, 9, 25, 11, 54, 8] ;;; compileLootTables;     --> loot_table\blocks\warped_pressure_plate.json
[2026, 9, 25, 11, 54, 8] ;;; compileLootTables;     --> loot_table\blocks\warped_roots.json
[2026, 9, 25, 11, 54, 8] ;;; compileLootTables;     --> loot_table\blocks\warped_shelf.json
[2026, 9, 25, 11, 54, 8] ;;; compileLootTables;     --> loot_table\blocks\warped_sign.json
[2026, 9, 25, 11, 54, 8] ;;; compileLootTables;     --> loot_table\blocks\warped_slab.json
[2026, 9, 25, 11, 54, 8] ;;; compileLootTables;     --> loot_table\blocks\warped_stairs.json
[2026, 9, 25, 11, 54, 8] ;;; compileLootTables;     --> loot_table\blocks\warped_stem.json
[2026, 9, 25, 11, 54, 8] ;;; compileLootTables;     --> loot_table\blocks\warped_trapdoor.json
[2026, 9, 25, 11, 54, 8] ;;; compileLootTables;     --> loot_table\blocks\warped_wart_block.json
[2026, 9, 25, 11, 54, 8] ;;; compileLootTables;     --> loot_table\blocks\water_cauldron.json
[2026, 9, 25, 11, 54, 8] ;;; compileLootTables;     --> loot_table\blocks\waxed_chiseled_copper.json
[2026, 9, 25, 11, 54, 8] ;;; compileLootTables;     --> loot_table\blocks\waxed_copper_bars.json
[2026, 9, 25, 11, 54, 8] ;;; compileLootTables;     --> loot_table\blocks\waxed_copper_block.json
[2026, 9, 25, 11, 54, 8] ;;; compileLootTables;     --> loot_table\blocks\waxed_copper_bulb.json
[2026, 9, 25, 11, 54, 8] ;;; compileLootTables;     --> loot_table\blocks\waxed_copper_chain.json
[2026, 9, 25, 11, 54, 8] ;;; compileLootTables;     --> loot_table\blocks\waxed_copper_chest.json
[2026, 9, 25, 11, 54, 8] ;;; compileLootTables;     --> loot_table\blocks\waxed_copper_door.json
[2026, 9, 25, 11, 54, 8] ;;; compileLootTables;     --> loot_table\blocks\waxed_copper_golem_statue.json
[2026, 9, 25, 11, 54, 8] ;;; compileLootTables;     --> loot_table\blocks\waxed_copper_grate.json
[2026, 9, 25, 11, 54, 8] ;;; compileLootTables;     --> loot_table\blocks\waxed_copper_lantern.json
[2026, 9, 25, 11, 54, 8] ;;; compileLootTables;     --> loot_table\blocks\waxed_copper_trapdoor.json
[2026, 9, 25, 11, 54, 8] ;;; compileLootTables;     --> loot_table\blocks\waxed_cut_copper.json
[2026, 9, 25, 11, 54, 8] ;;; compileLootTables;     --> loot_table\blocks\waxed_cut_copper_slab.json
[2026, 9, 25, 11, 54, 8] ;;; compileLootTables;     --> loot_table\blocks\waxed_cut_copper_stairs.json
[2026, 9, 25, 11, 54, 8] ;;; compileLootTables;     --> loot_table\blocks\waxed_exposed_chiseled_copper.json
[2026, 9, 25, 11, 54, 8] ;;; compileLootTables;     --> loot_table\blocks\waxed_exposed_copper.json
[2026, 9, 25, 11, 54, 8] ;;; compileLootTables;     --> loot_table\blocks\waxed_exposed_copper_bars.json
[2026, 9, 25, 11, 54, 9] ;;; compileLootTables;     --> loot_table\blocks\waxed_exposed_copper_bulb.json
[2026, 9, 25, 11, 54, 9] ;;; compileLootTables;     --> loot_table\blocks\waxed_exposed_copper_chain.json
[2026, 9, 25, 11, 54, 9] ;;; compileLootTables;     --> loot_table\blocks\waxed_exposed_copper_chest.json
[2026, 9, 25, 11, 54, 9] ;;; compileLootTables;     --> loot_table\blocks\waxed_exposed_copper_door.json
[2026, 9, 25, 11, 54, 9] ;;; compileLootTables;     --> loot_table\blocks\waxed_exposed_copper_golem_statue.json
[2026, 9, 25, 11, 54, 9] ;;; compileLootTables;     --> loot_table\blocks\waxed_exposed_copper_grate.json
[2026, 9, 25, 11, 54, 9] ;;; compileLootTables;     --> loot_table\blocks\waxed_exposed_copper_lantern.json
[2026, 9, 25, 11, 54, 9] ;;; compileLootTables;     --> loot_table\blocks\waxed_exposed_copper_trapdoor.json
[2026, 9, 25, 11, 54, 9] ;;; compileLootTables;     --> loot_table\blocks\waxed_exposed_cut_copper.json
[2026, 9, 25, 11, 54, 9] ;;; compileLootTables;     --> loot_table\blocks\waxed_exposed_cut_copper_slab.json
[2026, 9, 25, 11, 54, 9] ;;; compileLootTables;     --> loot_table\blocks\waxed_exposed_cut_copper_stairs.json
[2026, 9, 25, 11, 54, 9] ;;; compileLootTables;     --> loot_table\blocks\waxed_exposed_lightning_rod.json
[2026, 9, 25, 11, 54, 9] ;;; compileLootTables;     --> loot_table\blocks\waxed_lightning_rod.json
[2026, 9, 25, 11, 54, 9] ;;; compileLootTables;     --> loot_table\blocks\waxed_oxidized_chiseled_copper.json
[2026, 9, 25, 11, 54, 9] ;;; compileLootTables;     --> loot_table\blocks\waxed_oxidized_copper.json
[2026, 9, 25, 11, 54, 9] ;;; compileLootTables;     --> loot_table\blocks\waxed_oxidized_copper_bars.json
[2026, 9, 25, 11, 54, 9] ;;; compileLootTables;     --> loot_table\blocks\waxed_oxidized_copper_bulb.json
[2026, 9, 25, 11, 54, 9] ;;; compileLootTables;     --> loot_table\blocks\waxed_oxidized_copper_chain.json
[2026, 9, 25, 11, 54, 9] ;;; compileLootTables;     --> loot_table\blocks\waxed_oxidized_copper_chest.json
[2026, 9, 25, 11, 54, 9] ;;; compileLootTables;     --> loot_table\blocks\waxed_oxidized_copper_door.json
[2026, 9, 25, 11, 54, 9] ;;; compileLootTables;     --> loot_table\blocks\waxed_oxidized_copper_golem_statue.json
[2026, 9, 25, 11, 54, 9] ;;; compileLootTables;     --> loot_table\blocks\waxed_oxidized_copper_grate.json
[2026, 9, 25, 11, 54, 9] ;;; compileLootTables;     --> loot_table\blocks\waxed_oxidized_copper_lantern.json
[2026, 9, 25, 11, 54, 9] ;;; compileLootTables;     --> loot_table\blocks\waxed_oxidized_copper_trapdoor.json
[2026, 9, 25, 11, 54, 9] ;;; compileLootTables;     --> loot_table\blocks\waxed_oxidized_cut_copper.json
[2026, 9, 25, 11, 54, 9] ;;; compileLootTables;     --> loot_table\blocks\waxed_oxidized_cut_copper_slab.json
[2026, 9, 25, 11, 54, 9] ;;; compileLootTables;     --> loot_table\blocks\waxed_oxidized_cut_copper_stairs.json
[2026, 9, 25, 11, 54, 9] ;;; compileLootTables;     --> loot_table\blocks\waxed_oxidized_lightning_rod.json
[2026, 9, 25, 11, 54, 9] ;;; compileLootTables;     --> loot_table\blocks\waxed_weathered_chiseled_copper.json
[2026, 9, 25, 11, 54, 9] ;;; compileLootTables;     --> loot_table\blocks\waxed_weathered_copper.json
[2026, 9, 25, 11, 54, 9] ;;; compileLootTables;     --> loot_table\blocks\waxed_weathered_copper_bars.json
[2026, 9, 25, 11, 54, 9] ;;; compileLootTables;     --> loot_table\blocks\waxed_weathered_copper_bulb.json
[2026, 9, 25, 11, 54, 9] ;;; compileLootTables;     --> loot_table\blocks\waxed_weathered_copper_chain.json
[2026, 9, 25, 11, 54, 9] ;;; compileLootTables;     --> loot_table\blocks\waxed_weathered_copper_chest.json
[2026, 9, 25, 11, 54, 9] ;;; compileLootTables;     --> loot_table\blocks\waxed_weathered_copper_door.json
[2026, 9, 25, 11, 54, 9] ;;; compileLootTables;     --> loot_table\blocks\waxed_weathered_copper_golem_statue.json
[2026, 9, 25, 11, 54, 9] ;;; compileLootTables;     --> loot_table\blocks\waxed_weathered_copper_grate.json
[2026, 9, 25, 11, 54, 9] ;;; compileLootTables;     --> loot_table\blocks\waxed_weathered_copper_lantern.json
[2026, 9, 25, 11, 54, 9] ;;; compileLootTables;     --> loot_table\blocks\waxed_weathered_copper_trapdoor.json
[2026, 9, 25, 11, 54, 9] ;;; compileLootTables;     --> loot_table\blocks\waxed_weathered_cut_copper.json
[2026, 9, 25, 11, 54, 9] ;;; compileLootTables;     --> loot_table\blocks\waxed_weathered_cut_copper_slab.json
[2026, 9, 25, 11, 54, 9] ;;; compileLootTables;     --> loot_table\blocks\waxed_weathered_cut_copper_stairs.json
[2026, 9, 25, 11, 54, 9] ;;; compileLootTables;     --> loot_table\blocks\waxed_weathered_lightning_rod.json
[2026, 9, 25, 11, 54, 9] ;;; compileLootTables;     --> loot_table\blocks\weathered_chiseled_copper.json
[2026, 9, 25, 11, 54, 9] ;;; compileLootTables;     --> loot_table\blocks\weathered_copper.json
[2026, 9, 25, 11, 54, 9] ;;; compileLootTables;     --> loot_table\blocks\weathered_copper_bars.json
[2026, 9, 25, 11, 54, 9] ;;; compileLootTables;     --> loot_table\blocks\weathered_copper_bulb.json
[2026, 9, 25, 11, 54, 9] ;;; compileLootTables;     --> loot_table\blocks\weathered_copper_chain.json
[2026, 9, 25, 11, 54, 9] ;;; compileLootTables;     --> loot_table\blocks\weathered_copper_chest.json
[2026, 9, 25, 11, 54, 9] ;;; compileLootTables;     --> loot_table\blocks\weathered_copper_door.json
[2026, 9, 25, 11, 54, 9] ;;; compileLootTables;     --> loot_table\blocks\weathered_copper_golem_statue.json
[2026, 9, 25, 11, 54, 9] ;;; compileLootTables;     --> loot_table\blocks\weathered_copper_grate.json
[2026, 9, 25, 11, 54, 9] ;;; compileLootTables;     --> loot_table\blocks\weathered_copper_lantern.json
[2026, 9, 25, 11, 54, 9] ;;; compileLootTables;     --> loot_table\blocks\weathered_copper_trapdoor.json
[2026, 9, 25, 11, 54, 9] ;;; compileLootTables;     --> loot_table\blocks\weathered_cut_copper.json
[2026, 9, 25, 11, 54, 9] ;;; compileLootTables;     --> loot_table\blocks\weathered_cut_copper_slab.json
[2026, 9, 25, 11, 54, 9] ;;; compileLootTables;     --> loot_table\blocks\weathered_cut_copper_stairs.json
[2026, 9, 25, 11, 54, 9] ;;; compileLootTables;     --> loot_table\blocks\weathered_lightning_rod.json
[2026, 9, 25, 11, 54, 9] ;;; compileLootTables;     --> loot_table\blocks\weeping_vines.json
[2026, 9, 25, 11, 54, 9] ;;; compileLootTables;     --> loot_table\blocks\weeping_vines_plant.json
[2026, 9, 25, 11, 54, 9] ;;; compileLootTables;     --> loot_table\blocks\wet_sponge.json
[2026, 9, 25, 11, 54, 9] ;;; compileLootTables;     --> loot_table\blocks\wheat.json
[2026, 9, 25, 11, 54, 9] ;;; compileLootTables;     --> loot_table\blocks\white_banner.json
[2026, 9, 25, 11, 54, 9] ;;; compileLootTables;     --> loot_table\blocks\white_bed.json
[2026, 9, 25, 11, 54, 9] ;;; compileLootTables;     --> loot_table\blocks\white_candle.json
[2026, 9, 25, 11, 54, 9] ;;; compileLootTables;     --> loot_table\blocks\white_candle_cake.json
[2026, 9, 25, 11, 54, 9] ;;; compileLootTables;     --> loot_table\blocks\white_carpet.json
[2026, 9, 25, 11, 54, 9] ;;; compileLootTables;     --> loot_table\blocks\white_concrete.json
[2026, 9, 25, 11, 54, 9] ;;; compileLootTables;     --> loot_table\blocks\white_concrete_powder.json
[2026, 9, 25, 11, 54, 9] ;;; compileLootTables;     --> loot_table\blocks\white_glazed_terracotta.json
[2026, 9, 25, 11, 54, 9] ;;; compileLootTables;     --> loot_table\blocks\white_shulker_box.json
[2026, 9, 25, 11, 54, 9] ;;; compileLootTables;     --> loot_table\blocks\white_stained_glass.json
[2026, 9, 25, 11, 54, 9] ;;; compileLootTables;     --> loot_table\blocks\white_stained_glass_pane.json
[2026, 9, 25, 11, 54, 9] ;;; compileLootTables;     --> loot_table\blocks\white_terracotta.json
[2026, 9, 25, 11, 54, 9] ;;; compileLootTables;     --> loot_table\blocks\white_tulip.json
[2026, 9, 25, 11, 54, 9] ;;; compileLootTables;     --> loot_table\blocks\white_wool.json
[2026, 9, 25, 11, 54, 9] ;;; compileLootTables;     --> loot_table\blocks\wildflowers.json
[2026, 9, 25, 11, 54, 9] ;;; compileLootTables;     --> loot_table\blocks\wither_rose.json
[2026, 9, 25, 11, 54, 9] ;;; compileLootTables;     --> loot_table\blocks\wither_skeleton_skull.json
[2026, 9, 25, 11, 54, 9] ;;; compileLootTables;     --> loot_table\blocks\yellow_banner.json
[2026, 9, 25, 11, 54, 9] ;;; compileLootTables;     --> loot_table\blocks\yellow_bed.json
[2026, 9, 25, 11, 54, 9] ;;; compileLootTables;     --> loot_table\blocks\yellow_candle.json
[2026, 9, 25, 11, 54, 9] ;;; compileLootTables;     --> loot_table\blocks\yellow_candle_cake.json
[2026, 9, 25, 11, 54, 9] ;;; compileLootTables;     --> loot_table\blocks\yellow_carpet.json
[2026, 9, 25, 11, 54, 9] ;;; compileLootTables;     --> loot_table\blocks\yellow_concrete.json
[2026, 9, 25, 11, 54, 9] ;;; compileLootTables;     --> loot_table\blocks\yellow_concrete_powder.json
[2026, 9, 25, 11, 54, 9] ;;; compileLootTables;     --> loot_table\blocks\yellow_glazed_terracotta.json
[2026, 9, 25, 11, 54, 9] ;;; compileLootTables;     --> loot_table\blocks\yellow_shulker_box.json
[2026, 9, 25, 11, 54, 9] ;;; compileLootTables;     --> loot_table\blocks\yellow_stained_glass.json
[2026, 9, 25, 11, 54, 9] ;;; compileLootTables;     --> loot_table\blocks\yellow_stained_glass_pane.json
[2026, 9, 25, 11, 54, 9] ;;; compileLootTables;     --> loot_table\blocks\yellow_terracotta.json
[2026, 9, 25, 11, 54, 9] ;;; compileLootTables;     --> loot_table\blocks\yellow_wool.json
[2026, 9, 25, 11, 54, 9] ;;; compileLootTables;     --> loot_table\blocks\zombie_head.json
[2026, 9, 25, 11, 54, 9] ;;; compileLootTables;     --> loot_table\brush\armadillo.json
[2026, 9, 25, 11, 54, 9] ;;; compileLootTables;     --> loot_table\carve\pumpkin.json
[2026, 9, 25, 11, 54, 9] ;;; compileLootTables;     --> loot_table\charged_creeper\creeper.json
[2026, 9, 25, 11, 54, 9] ;;; compileLootTables;     --> loot_table\charged_creeper\piglin.json
[2026, 9, 25, 11, 54, 9] ;;; compileLootTables;     --> loot_table\charged_creeper\root.json
[2026, 9, 25, 11, 54, 9] ;;; compileLootTables;     --> loot_table\charged_creeper\skeleton.json
[2026, 9, 25, 11, 54, 9] ;;; compileLootTables;     --> loot_table\charged_creeper\wither_skeleton.json
[2026, 9, 25, 11, 54, 9] ;;; compileLootTables;     --> loot_table\charged_creeper\zombie.json
[2026, 9, 25, 11, 54, 9] ;;; compileLootTables;     --> loot_table\chests\abandoned_mineshaft.json
[2026, 9, 25, 11, 54, 9] ;;; compileLootTables;     --> loot_table\chests\ancient_city.json
[2026, 9, 25, 11, 54, 9] ;;; compileLootTables;     --> loot_table\chests\ancient_city_ice_box.json
[2026, 9, 25, 11, 54, 9] ;;; compileLootTables;     --> loot_table\chests\bastion_bridge.json
[2026, 9, 25, 11, 54, 9] ;;; compileLootTables;     --> loot_table\chests\bastion_hoglin_stable.json
[2026, 9, 25, 11, 54, 9] ;;; compileLootTables;     --> loot_table\chests\bastion_other.json
[2026, 9, 25, 11, 54, 9] ;;; compileLootTables;     --> loot_table\chests\bastion_treasure.json
[2026, 9, 25, 11, 54, 9] ;;; compileLootTables;     --> loot_table\chests\buried_treasure.json
[2026, 9, 25, 11, 54, 9] ;;; compileLootTables;     --> loot_table\chests\desert_pyramid.json
[2026, 9, 25, 11, 54, 9] ;;; compileLootTables;     --> loot_table\chests\end_city_treasure.json
[2026, 9, 25, 11, 54, 9] ;;; compileLootTables;     --> loot_table\chests\igloo_chest.json
[2026, 9, 25, 11, 54, 9] ;;; compileLootTables;     --> loot_table\chests\jungle_temple.json
[2026, 9, 25, 11, 54, 9] ;;; compileLootTables;     --> loot_table\chests\jungle_temple_dispenser.json
[2026, 9, 25, 11, 54, 9] ;;; compileLootTables;     --> loot_table\chests\nether_bridge.json
[2026, 9, 25, 11, 54, 9] ;;; compileLootTables;     --> loot_table\chests\pillager_outpost.json
[2026, 9, 25, 11, 54, 9] ;;; compileLootTables;     --> loot_table\chests\ruined_portal.json
[2026, 9, 25, 11, 54, 9] ;;; compileLootTables;     --> loot_table\chests\shipwreck_map.json
[2026, 9, 25, 11, 54, 9] ;;; compileLootTables;     --> loot_table\chests\shipwreck_supply.json
[2026, 9, 25, 11, 54, 10] ;;; compileLootTables;     --> loot_table\chests\shipwreck_treasure.json
[2026, 9, 25, 11, 54, 10] ;;; compileLootTables;     --> loot_table\chests\simple_dungeon.json
[2026, 9, 25, 11, 54, 10] ;;; compileLootTables;     --> loot_table\chests\spawn_bonus_chest.json
[2026, 9, 25, 11, 54, 10] ;;; compileLootTables;     --> loot_table\chests\stronghold_corridor.json
[2026, 9, 25, 11, 54, 10] ;;; compileLootTables;     --> loot_table\chests\stronghold_crossing.json
[2026, 9, 25, 11, 54, 10] ;;; compileLootTables;     --> loot_table\chests\stronghold_library.json
[2026, 9, 25, 11, 54, 10] ;;; compileLootTables;     --> loot_table\chests\underwater_ruin_big.json
[2026, 9, 25, 11, 54, 10] ;;; compileLootTables;     --> loot_table\chests\underwater_ruin_small.json
[2026, 9, 25, 11, 54, 10] ;;; compileLootTables;     --> loot_table\chests\woodland_mansion.json
[2026, 9, 25, 11, 54, 10] ;;; compileLootTables;     --> loot_table\chests\trial_chambers\corridor.json
[2026, 9, 25, 11, 54, 10] ;;; compileLootTables;     --> loot_table\chests\trial_chambers\entrance.json
[2026, 9, 25, 11, 54, 10] ;;; compileLootTables;     --> loot_table\chests\trial_chambers\intersection.json
[2026, 9, 25, 11, 54, 10] ;;; compileLootTables;     --> loot_table\chests\trial_chambers\intersection_barrel.json
[2026, 9, 25, 11, 54, 10] ;;; compileLootTables;     --> loot_table\chests\trial_chambers\reward.json
[2026, 9, 25, 11, 54, 10] ;;; compileLootTables;     --> loot_table\chests\trial_chambers\reward_common.json
[2026, 9, 25, 11, 54, 10] ;;; compileLootTables;     --> loot_table\chests\trial_chambers\reward_ominous.json
[2026, 9, 25, 11, 54, 10] ;;; compileLootTables;     --> loot_table\chests\trial_chambers\reward_ominous_common.json
[2026, 9, 25, 11, 54, 10] ;;; compileLootTables;     --> loot_table\chests\trial_chambers\reward_ominous_rare.json
[2026, 9, 25, 11, 54, 10] ;;; compileLootTables;     --> loot_table\chests\trial_chambers\reward_ominous_unique.json
[2026, 9, 25, 11, 54, 10] ;;; compileLootTables;     --> loot_table\chests\trial_chambers\reward_rare.json
[2026, 9, 25, 11, 54, 10] ;;; compileLootTables;     --> loot_table\chests\trial_chambers\reward_unique.json
[2026, 9, 25, 11, 54, 10] ;;; compileLootTables;     --> loot_table\chests\trial_chambers\supply.json
[2026, 9, 25, 11, 54, 10] ;;; compileLootTables;     --> loot_table\chests\village\village_armorer.json
[2026, 9, 25, 11, 54, 10] ;;; compileLootTables;     --> loot_table\chests\village\village_butcher.json
[2026, 9, 25, 11, 54, 10] ;;; compileLootTables;     --> loot_table\chests\village\village_cartographer.json
[2026, 9, 25, 11, 54, 10] ;;; compileLootTables;     --> loot_table\chests\village\village_desert_house.json
[2026, 9, 25, 11, 54, 10] ;;; compileLootTables;     --> loot_table\chests\village\village_fisher.json
[2026, 9, 25, 11, 54, 10] ;;; compileLootTables;     --> loot_table\chests\village\village_fletcher.json
[2026, 9, 25, 11, 54, 10] ;;; compileLootTables;     --> loot_table\chests\village\village_mason.json
[2026, 9, 25, 11, 54, 10] ;;; compileLootTables;     --> loot_table\chests\village\village_plains_house.json
[2026, 9, 25, 11, 54, 10] ;;; compileLootTables;     --> loot_table\chests\village\village_savanna_house.json
[2026, 9, 25, 11, 54, 10] ;;; compileLootTables;     --> loot_table\chests\village\village_shepherd.json
[2026, 9, 25, 11, 54, 10] ;;; compileLootTables;     --> loot_table\chests\village\village_snowy_house.json
[2026, 9, 25, 11, 54, 10] ;;; compileLootTables;     --> loot_table\chests\village\village_taiga_house.json
[2026, 9, 25, 11, 54, 10] ;;; compileLootTables;     --> loot_table\chests\village\village_tannery.json
[2026, 9, 25, 11, 54, 10] ;;; compileLootTables;     --> loot_table\chests\village\village_temple.json
[2026, 9, 25, 11, 54, 10] ;;; compileLootTables;     --> loot_table\chests\village\village_toolsmith.json
[2026, 9, 25, 11, 54, 10] ;;; compileLootTables;     --> loot_table\chests\village\village_weaponsmith.json
[2026, 9, 25, 11, 54, 10] ;;; compileLootTables;     --> loot_table\dispensers\trial_chambers\chamber.json
[2026, 9, 25, 11, 54, 10] ;;; compileLootTables;     --> loot_table\dispensers\trial_chambers\corridor.json
[2026, 9, 25, 11, 54, 10] ;;; compileLootTables;     --> loot_table\dispensers\trial_chambers\water.json
[2026, 9, 25, 11, 54, 10] ;;; compileLootTables;     --> loot_table\entities\allay.json
[2026, 9, 25, 11, 54, 10] ;;; compileLootTables;     --> loot_table\entities\armadillo.json
[2026, 9, 25, 11, 54, 10] ;;; compileLootTables;     --> loot_table\entities\armor_stand.json
[2026, 9, 25, 11, 54, 10] ;;; compileLootTables;     --> loot_table\entities\axolotl.json
[2026, 9, 25, 11, 54, 10] ;;; compileLootTables;     --> loot_table\entities\bat.json
[2026, 9, 25, 11, 54, 10] ;;; compileLootTables;     --> loot_table\entities\bee.json
[2026, 9, 25, 11, 54, 10] ;;; compileLootTables;     --> loot_table\entities\blaze.json
[2026, 9, 25, 11, 54, 10] ;;; compileLootTables;     --> loot_table\entities\bogged.json
[2026, 9, 25, 11, 54, 10] ;;; compileLootTables;     --> loot_table\entities\breeze.json
[2026, 9, 25, 11, 54, 10] ;;; compileLootTables;     --> loot_table\entities\camel.json
[2026, 9, 25, 11, 54, 10] ;;; compileLootTables;     --> loot_table\entities\camel_husk.json
[2026, 9, 25, 11, 54, 10] ;;; compileLootTables;     --> loot_table\entities\cat.json
[2026, 9, 25, 11, 54, 10] ;;; compileLootTables;     --> loot_table\entities\cave_spider.json
[2026, 9, 25, 11, 54, 10] ;;; compileLootTables;     --> loot_table\entities\chicken.json
[2026, 9, 25, 11, 54, 10] ;;; compileLootTables;     --> loot_table\entities\cod.json
[2026, 9, 25, 11, 54, 10] ;;; compileLootTables;     --> loot_table\entities\copper_golem.json
[2026, 9, 25, 11, 54, 10] ;;; compileLootTables;     --> loot_table\entities\cow.json
[2026, 9, 25, 11, 54, 10] ;;; compileLootTables;     --> loot_table\entities\creaking.json
[2026, 9, 25, 11, 54, 10] ;;; compileLootTables;     --> loot_table\entities\creeper.json
[2026, 9, 25, 11, 54, 10] ;;; compileLootTables;     --> loot_table\entities\dolphin.json
[2026, 9, 25, 11, 54, 10] ;;; compileLootTables;     --> loot_table\entities\donkey.json
[2026, 9, 25, 11, 54, 10] ;;; compileLootTables;     --> loot_table\entities\drowned.json
[2026, 9, 25, 11, 54, 10] ;;; compileLootTables;     --> loot_table\entities\elder_guardian.json
[2026, 9, 25, 11, 54, 10] ;;; compileLootTables;     --> loot_table\entities\enderman.json
[2026, 9, 25, 11, 54, 10] ;;; compileLootTables;     --> loot_table\entities\endermite.json
[2026, 9, 25, 11, 54, 10] ;;; compileLootTables;     --> loot_table\entities\ender_dragon.json
[2026, 9, 25, 11, 54, 10] ;;; compileLootTables;     --> loot_table\entities\evoker.json
[2026, 9, 25, 11, 54, 10] ;;; compileLootTables;     --> loot_table\entities\fox.json
[2026, 9, 25, 11, 54, 10] ;;; compileLootTables;     --> loot_table\entities\frog.json
[2026, 9, 25, 11, 54, 10] ;;; compileLootTables;     --> loot_table\entities\ghast.json
[2026, 9, 25, 11, 54, 10] ;;; compileLootTables;     --> loot_table\entities\giant.json
[2026, 9, 25, 11, 54, 10] ;;; compileLootTables;     --> loot_table\entities\glow_squid.json
[2026, 9, 25, 11, 54, 10] ;;; compileLootTables;     --> loot_table\entities\goat.json
[2026, 9, 25, 11, 54, 10] ;;; compileLootTables;     --> loot_table\entities\guardian.json
[2026, 9, 25, 11, 54, 10] ;;; compileLootTables;     --> loot_table\entities\happy_ghast.json
[2026, 9, 25, 11, 54, 10] ;;; compileLootTables;     --> loot_table\entities\hoglin.json
[2026, 9, 25, 11, 54, 10] ;;; compileLootTables;     --> loot_table\entities\horse.json
[2026, 9, 25, 11, 54, 10] ;;; compileLootTables;     --> loot_table\entities\husk.json
[2026, 9, 25, 11, 54, 10] ;;; compileLootTables;     --> loot_table\entities\illusioner.json
[2026, 9, 25, 11, 54, 10] ;;; compileLootTables;     --> loot_table\entities\iron_golem.json
[2026, 9, 25, 11, 54, 10] ;;; compileLootTables;     --> loot_table\entities\llama.json
[2026, 9, 25, 11, 54, 10] ;;; compileLootTables;     --> loot_table\entities\magma_cube.json
[2026, 9, 25, 11, 54, 10] ;;; compileLootTables;     --> loot_table\entities\mannequin.json
[2026, 9, 25, 11, 54, 10] ;;; compileLootTables;     --> loot_table\entities\mooshroom.json
[2026, 9, 25, 11, 54, 10] ;;; compileLootTables;     --> loot_table\entities\mule.json
[2026, 9, 25, 11, 54, 10] ;;; compileLootTables;     --> loot_table\entities\nautilus.json
[2026, 9, 25, 11, 54, 10] ;;; compileLootTables;     --> loot_table\entities\ocelot.json
[2026, 9, 25, 11, 54, 10] ;;; compileLootTables;     --> loot_table\entities\panda.json
[2026, 9, 25, 11, 54, 10] ;;; compileLootTables;     --> loot_table\entities\parched.json
[2026, 9, 25, 11, 54, 10] ;;; compileLootTables;     --> loot_table\entities\parrot.json
[2026, 9, 25, 11, 54, 10] ;;; compileLootTables;     --> loot_table\entities\phantom.json
[2026, 9, 25, 11, 54, 10] ;;; compileLootTables;     --> loot_table\entities\pig.json
[2026, 9, 25, 11, 54, 10] ;;; compileLootTables;     --> loot_table\entities\piglin.json
[2026, 9, 25, 11, 54, 10] ;;; compileLootTables;     --> loot_table\entities\piglin_brute.json
[2026, 9, 25, 11, 54, 10] ;;; compileLootTables;     --> loot_table\entities\pillager.json
[2026, 9, 25, 11, 54, 10] ;;; compileLootTables;     --> loot_table\entities\player.json
[2026, 9, 25, 11, 54, 10] ;;; compileLootTables;     --> loot_table\entities\polar_bear.json
[2026, 9, 25, 11, 54, 10] ;;; compileLootTables;     --> loot_table\entities\pufferfish.json
[2026, 9, 25, 11, 54, 10] ;;; compileLootTables;     --> loot_table\entities\rabbit.json
[2026, 9, 25, 11, 54, 10] ;;; compileLootTables;     --> loot_table\entities\ravager.json
[2026, 9, 25, 11, 54, 10] ;;; compileLootTables;     --> loot_table\entities\salmon.json
[2026, 9, 25, 11, 54, 10] ;;; compileLootTables;     --> loot_table\entities\sheep.json
[2026, 9, 25, 11, 54, 10] ;;; compileLootTables;     --> loot_table\entities\shulker.json
[2026, 9, 25, 11, 54, 10] ;;; compileLootTables;     --> loot_table\entities\silverfish.json
[2026, 9, 25, 11, 54, 10] ;;; compileLootTables;     --> loot_table\entities\skeleton.json
[2026, 9, 25, 11, 54, 10] ;;; compileLootTables;     --> loot_table\entities\skeleton_horse.json
[2026, 9, 25, 11, 54, 10] ;;; compileLootTables;     --> loot_table\entities\slime.json
[2026, 9, 25, 11, 54, 10] ;;; compileLootTables;     --> loot_table\entities\sniffer.json
[2026, 9, 25, 11, 54, 10] ;;; compileLootTables;     --> loot_table\entities\snow_golem.json
[2026, 9, 25, 11, 54, 10] ;;; compileLootTables;     --> loot_table\entities\spider.json
[2026, 9, 25, 11, 54, 10] ;;; compileLootTables;     --> loot_table\entities\squid.json
[2026, 9, 25, 11, 54, 10] ;;; compileLootTables;     --> loot_table\entities\stray.json
[2026, 9, 25, 11, 54, 10] ;;; compileLootTables;     --> loot_table\entities\strider.json
[2026, 9, 25, 11, 54, 10] ;;; compileLootTables;     --> loot_table\entities\tadpole.json
[2026, 9, 25, 11, 54, 10] ;;; compileLootTables;     --> loot_table\entities\trader_llama.json
[2026, 9, 25, 11, 54, 10] ;;; compileLootTables;     --> loot_table\entities\tropical_fish.json
[2026, 9, 25, 11, 54, 10] ;;; compileLootTables;     --> loot_table\entities\turtle.json
[2026, 9, 25, 11, 54, 10] ;;; compileLootTables;     --> loot_table\entities\vex.json
[2026, 9, 25, 11, 54, 10] ;;; compileLootTables;     --> loot_table\entities\villager.json
[2026, 9, 25, 11, 54, 10] ;;; compileLootTables;     --> loot_table\entities\vindicator.json
[2026, 9, 25, 11, 54, 10] ;;; compileLootTables;     --> loot_table\entities\wandering_trader.json
[2026, 9, 25, 11, 54, 10] ;;; compileLootTables;     --> loot_table\entities\warden.json
[2026, 9, 25, 11, 54, 10] ;;; compileLootTables;     --> loot_table\entities\witch.json
[2026, 9, 25, 11, 54, 10] ;;; compileLootTables;     --> loot_table\entities\wither.json
[2026, 9, 25, 11, 54, 10] ;;; compileLootTables;     --> loot_table\entities\wither_skeleton.json
[2026, 9, 25, 11, 54, 11] ;;; compileLootTables;     --> loot_table\entities\wolf.json
[2026, 9, 25, 11, 54, 11] ;;; compileLootTables;     --> loot_table\entities\zoglin.json
[2026, 9, 25, 11, 54, 11] ;;; compileLootTables;     --> loot_table\entities\zombie.json
[2026, 9, 25, 11, 54, 11] ;;; compileLootTables;     --> loot_table\entities\zombie_horse.json
[2026, 9, 25, 11, 54, 11] ;;; compileLootTables;     --> loot_table\entities\zombie_nautilus.json
[2026, 9, 25, 11, 54, 11] ;;; compileLootTables;     --> loot_table\entities\zombie_villager.json
[2026, 9, 25, 11, 54, 11] ;;; compileLootTables;     --> loot_table\entities\zombified_piglin.json
[2026, 9, 25, 11, 54, 11] ;;; compileLootTables;     --> loot_table\entities\sheep\black.json
[2026, 9, 25, 11, 54, 11] ;;; compileLootTables;     --> loot_table\entities\sheep\blue.json
[2026, 9, 25, 11, 54, 11] ;;; compileLootTables;     --> loot_table\entities\sheep\brown.json
[2026, 9, 25, 11, 54, 11] ;;; compileLootTables;     --> loot_table\entities\sheep\cyan.json
[2026, 9, 25, 11, 54, 11] ;;; compileLootTables;     --> loot_table\entities\sheep\gray.json
[2026, 9, 25, 11, 54, 11] ;;; compileLootTables;     --> loot_table\entities\sheep\green.json
[2026, 9, 25, 11, 54, 11] ;;; compileLootTables;     --> loot_table\entities\sheep\light_blue.json
[2026, 9, 25, 11, 54, 11] ;;; compileLootTables;     --> loot_table\entities\sheep\light_gray.json
[2026, 9, 25, 11, 54, 11] ;;; compileLootTables;     --> loot_table\entities\sheep\lime.json
[2026, 9, 25, 11, 54, 11] ;;; compileLootTables;     --> loot_table\entities\sheep\magenta.json
[2026, 9, 25, 11, 54, 11] ;;; compileLootTables;     --> loot_table\entities\sheep\orange.json
[2026, 9, 25, 11, 54, 11] ;;; compileLootTables;     --> loot_table\entities\sheep\pink.json
[2026, 9, 25, 11, 54, 11] ;;; compileLootTables;     --> loot_table\entities\sheep\purple.json
[2026, 9, 25, 11, 54, 11] ;;; compileLootTables;     --> loot_table\entities\sheep\red.json
[2026, 9, 25, 11, 54, 11] ;;; compileLootTables;     --> loot_table\entities\sheep\white.json
[2026, 9, 25, 11, 54, 11] ;;; compileLootTables;     --> loot_table\entities\sheep\yellow.json
[2026, 9, 25, 11, 54, 11] ;;; compileLootTables;     --> loot_table\equipment\trial_chamber.json
[2026, 9, 25, 11, 54, 11] ;;; compileLootTables;     --> loot_table\equipment\trial_chamber_melee.json
[2026, 9, 25, 11, 54, 11] ;;; compileLootTables;     --> loot_table\equipment\trial_chamber_ranged.json
[2026, 9, 25, 11, 54, 11] ;;; compileLootTables;     --> loot_table\gameplay\armadillo_shed.json
[2026, 9, 25, 11, 54, 11] ;;; compileLootTables;     --> loot_table\gameplay\cat_morning_gift.json
[2026, 9, 25, 11, 54, 11] ;;; compileLootTables;     --> loot_table\gameplay\chicken_lay.json
[2026, 9, 25, 11, 54, 11] ;;; compileLootTables;     --> loot_table\gameplay\fishing.json
[2026, 9, 25, 11, 54, 11] ;;; compileLootTables;     --> loot_table\gameplay\panda_sneeze.json
[2026, 9, 25, 11, 54, 11] ;;; compileLootTables;     --> loot_table\gameplay\piglin_bartering.json
[2026, 9, 25, 11, 54, 11] ;;; compileLootTables;     --> loot_table\gameplay\sniffer_digging.json
[2026, 9, 25, 11, 54, 11] ;;; compileLootTables;     --> loot_table\gameplay\turtle_grow.json
[2026, 9, 25, 11, 54, 11] ;;; compileLootTables;     --> loot_table\gameplay\fishing\fish.json
[2026, 9, 25, 11, 54, 11] ;;; compileLootTables;     --> loot_table\gameplay\fishing\junk.json
[2026, 9, 25, 11, 54, 11] ;;; compileLootTables;     --> loot_table\gameplay\fishing\treasure.json
[2026, 9, 25, 11, 54, 11] ;;; compileLootTables;     --> loot_table\gameplay\hero_of_the_village\armorer_gift.json
[2026, 9, 25, 11, 54, 11] ;;; compileLootTables;     --> loot_table\gameplay\hero_of_the_village\baby_gift.json
[2026, 9, 25, 11, 54, 11] ;;; compileLootTables;     --> loot_table\gameplay\hero_of_the_village\butcher_gift.json
[2026, 9, 25, 11, 54, 11] ;;; compileLootTables;     --> loot_table\gameplay\hero_of_the_village\cartographer_gift.json
[2026, 9, 25, 11, 54, 11] ;;; compileLootTables;     --> loot_table\gameplay\hero_of_the_village\cleric_gift.json
[2026, 9, 25, 11, 54, 11] ;;; compileLootTables;     --> loot_table\gameplay\hero_of_the_village\farmer_gift.json
[2026, 9, 25, 11, 54, 11] ;;; compileLootTables;     --> loot_table\gameplay\hero_of_the_village\fisherman_gift.json
[2026, 9, 25, 11, 54, 11] ;;; compileLootTables;     --> loot_table\gameplay\hero_of_the_village\fletcher_gift.json
[2026, 9, 25, 11, 54, 11] ;;; compileLootTables;     --> loot_table\gameplay\hero_of_the_village\leatherworker_gift.json
[2026, 9, 25, 11, 54, 11] ;;; compileLootTables;     --> loot_table\gameplay\hero_of_the_village\librarian_gift.json
[2026, 9, 25, 11, 54, 11] ;;; compileLootTables;     --> loot_table\gameplay\hero_of_the_village\mason_gift.json
[2026, 9, 25, 11, 54, 11] ;;; compileLootTables;     --> loot_table\gameplay\hero_of_the_village\shepherd_gift.json
[2026, 9, 25, 11, 54, 11] ;;; compileLootTables;     --> loot_table\gameplay\hero_of_the_village\toolsmith_gift.json
[2026, 9, 25, 11, 54, 11] ;;; compileLootTables;     --> loot_table\gameplay\hero_of_the_village\unemployed_gift.json
[2026, 9, 25, 11, 54, 11] ;;; compileLootTables;     --> loot_table\gameplay\hero_of_the_village\weaponsmith_gift.json
[2026, 9, 25, 11, 54, 11] ;;; compileLootTables;     --> loot_table\harvest\beehive.json
[2026, 9, 25, 11, 54, 11] ;;; compileLootTables;     --> loot_table\harvest\cave_vine.json
[2026, 9, 25, 11, 54, 11] ;;; compileLootTables;     --> loot_table\harvest\sweet_berry_bush.json
[2026, 9, 25, 11, 54, 11] ;;; compileLootTables;     --> loot_table\pots\trial_chambers\corridor.json
[2026, 9, 25, 11, 54, 11] ;;; compileLootTables;     --> loot_table\shearing\bogged.json
[2026, 9, 25, 11, 54, 11] ;;; compileLootTables;     --> loot_table\shearing\mooshroom.json
[2026, 9, 25, 11, 54, 11] ;;; compileLootTables;     --> loot_table\shearing\sheep.json
[2026, 9, 25, 11, 54, 11] ;;; compileLootTables;     --> loot_table\shearing\snow_golem.json
[2026, 9, 25, 11, 54, 11] ;;; compileLootTables;     --> loot_table\shearing\mooshroom\brown.json
[2026, 9, 25, 11, 54, 11] ;;; compileLootTables;     --> loot_table\shearing\mooshroom\red.json
[2026, 9, 25, 11, 54, 11] ;;; compileLootTables;     --> loot_table\shearing\sheep\black.json
[2026, 9, 25, 11, 54, 11] ;;; compileLootTables;     --> loot_table\shearing\sheep\blue.json
[2026, 9, 25, 11, 54, 11] ;;; compileLootTables;     --> loot_table\shearing\sheep\brown.json
[2026, 9, 25, 11, 54, 11] ;;; compileLootTables;     --> loot_table\shearing\sheep\cyan.json
[2026, 9, 25, 11, 54, 11] ;;; compileLootTables;     --> loot_table\shearing\sheep\gray.json
[2026, 9, 25, 11, 54, 11] ;;; compileLootTables;     --> loot_table\shearing\sheep\green.json
[2026, 9, 25, 11, 54, 11] ;;; compileLootTables;     --> loot_table\shearing\sheep\light_blue.json
[2026, 9, 25, 11, 54, 11] ;;; compileLootTables;     --> loot_table\shearing\sheep\light_gray.json
[2026, 9, 25, 11, 54, 11] ;;; compileLootTables;     --> loot_table\shearing\sheep\lime.json
[2026, 9, 25, 11, 54, 11] ;;; compileLootTables;     --> loot_table\shearing\sheep\magenta.json
[2026, 9, 25, 11, 54, 11] ;;; compileLootTables;     --> loot_table\shearing\sheep\orange.json
[2026, 9, 25, 11, 54, 11] ;;; compileLootTables;     --> loot_table\shearing\sheep\pink.json
[2026, 9, 25, 11, 54, 11] ;;; compileLootTables;     --> loot_table\shearing\sheep\purple.json
[2026, 9, 25, 11, 54, 11] ;;; compileLootTables;     --> loot_table\shearing\sheep\red.json
[2026, 9, 25, 11, 54, 11] ;;; compileLootTables;     --> loot_table\shearing\sheep\white.json
[2026, 9, 25, 11, 54, 11] ;;; compileLootTables;     --> loot_table\shearing\sheep\yellow.json
[2026, 9, 25, 11, 54, 11] ;;; compileLootTables;     --> loot_table\spawners\ominous\trial_chamber\consumables.json
[2026, 9, 25, 11, 54, 11] ;;; compileLootTables;     --> loot_table\spawners\ominous\trial_chamber\key.json
[2026, 9, 25, 11, 54, 11] ;;; compileLootTables;     --> loot_table\spawners\trial_chamber\consumables.json
[2026, 9, 25, 11, 54, 11] ;;; compileLootTables;     --> loot_table\spawners\trial_chamber\items_to_drop_when_ominous.json
[2026, 9, 25, 11, 54, 11] ;;; compileLootTables;     --> loot_table\spawners\trial_chamber\key.json
[2026, 9, 25, 11, 55, 10] ;;; compileLootTables;     --> loot_table\archaeology\desert_pyramid.json
[2026, 9, 25, 11, 55, 10] ;;; compileLootTables;     --> loot_table\archaeology\desert_well.json
[2026, 9, 25, 11, 55, 11] ;;; compileLootTables;     --> loot_table\archaeology\ocean_ruin_cold.json
[2026, 9, 25, 11, 55, 11] ;;; compileLootTables;     --> loot_table\archaeology\ocean_ruin_warm.json
[2026, 9, 25, 11, 55, 11] ;;; compileLootTables;     --> loot_table\archaeology\trail_ruins_common.json
[2026, 9, 25, 11, 55, 11] ;;; compileLootTables;     --> loot_table\archaeology\trail_ruins_rare.json
[2026, 9, 25, 11, 55, 11] ;;; compileLootTables;     --> loot_table\blocks\acacia_button.json
[2026, 9, 25, 11, 55, 11] ;;; compileLootTables;     --> loot_table\blocks\acacia_door.json
[2026, 9, 25, 11, 55, 11] ;;; compileLootTables;     --> loot_table\blocks\acacia_fence.json
[2026, 9, 25, 11, 55, 11] ;;; compileLootTables;     --> loot_table\blocks\acacia_fence_gate.json
[2026, 9, 25, 11, 55, 11] ;;; compileLootTables;     --> loot_table\blocks\acacia_hanging_sign.json
[2026, 9, 25, 11, 55, 11] ;;; compileLootTables;     --> loot_table\blocks\acacia_leaves.json
[2026, 9, 25, 11, 55, 11] ;;; compileLootTables;     --> loot_table\blocks\acacia_log.json
[2026, 9, 25, 11, 55, 11] ;;; compileLootTables;     --> loot_table\blocks\acacia_planks.json
[2026, 9, 25, 11, 55, 11] ;;; compileLootTables;     --> loot_table\blocks\acacia_pressure_plate.json
[2026, 9, 25, 11, 55, 11] ;;; compileLootTables;     --> loot_table\blocks\acacia_sapling.json
[2026, 9, 25, 11, 55, 11] ;;; compileLootTables;     --> loot_table\blocks\acacia_shelf.json
[2026, 9, 25, 11, 55, 11] ;;; compileLootTables;     --> loot_table\blocks\acacia_sign.json
[2026, 9, 25, 11, 55, 11] ;;; compileLootTables;     --> loot_table\blocks\acacia_slab.json
[2026, 9, 25, 11, 55, 11] ;;; compileLootTables;     --> loot_table\blocks\acacia_stairs.json
[2026, 9, 25, 11, 55, 11] ;;; compileLootTables;     --> loot_table\blocks\acacia_trapdoor.json
[2026, 9, 25, 11, 55, 11] ;;; compileLootTables;     --> loot_table\blocks\acacia_wood.json
[2026, 9, 25, 11, 55, 11] ;;; compileLootTables;     --> loot_table\blocks\activator_rail.json
[2026, 9, 25, 11, 55, 11] ;;; compileLootTables;     --> loot_table\blocks\allium.json
[2026, 9, 25, 11, 55, 11] ;;; compileLootTables;     --> loot_table\blocks\amethyst_block.json
[2026, 9, 25, 11, 55, 11] ;;; compileLootTables;     --> loot_table\blocks\amethyst_cluster.json
[2026, 9, 25, 11, 55, 11] ;;; compileLootTables;     --> loot_table\blocks\ancient_debris.json
[2026, 9, 25, 11, 55, 11] ;;; compileLootTables;     --> loot_table\blocks\andesite.json
[2026, 9, 25, 11, 55, 11] ;;; compileLootTables;     --> loot_table\blocks\andesite_slab.json
[2026, 9, 25, 11, 55, 11] ;;; compileLootTables;     --> loot_table\blocks\andesite_stairs.json
[2026, 9, 25, 11, 55, 11] ;;; compileLootTables;     --> loot_table\blocks\andesite_wall.json
[2026, 9, 25, 11, 55, 11] ;;; compileLootTables;     --> loot_table\blocks\anvil.json
[2026, 9, 25, 11, 55, 11] ;;; compileLootTables;     --> loot_table\blocks\attached_melon_stem.json
[2026, 9, 25, 11, 55, 11] ;;; compileLootTables;     --> loot_table\blocks\attached_pumpkin_stem.json
[2026, 9, 25, 11, 55, 11] ;;; compileLootTables;     --> loot_table\blocks\azalea.json
[2026, 9, 25, 11, 55, 11] ;;; compileLootTables;     --> loot_table\blocks\azalea_leaves.json
[2026, 9, 25, 11, 55, 11] ;;; compileLootTables;     --> loot_table\blocks\azure_bluet.json
[2026, 9, 25, 11, 55, 11] ;;; compileLootTables;     --> loot_table\blocks\bamboo.json
[2026, 9, 25, 11, 55, 11] ;;; compileLootTables;     --> loot_table\blocks\bamboo_block.json
[2026, 9, 25, 11, 55, 11] ;;; compileLootTables;     --> loot_table\blocks\bamboo_button.json
[2026, 9, 25, 11, 55, 11] ;;; compileLootTables;     --> loot_table\blocks\bamboo_door.json
[2026, 9, 25, 11, 55, 11] ;;; compileLootTables;     --> loot_table\blocks\bamboo_fence.json
[2026, 9, 25, 11, 55, 11] ;;; compileLootTables;     --> loot_table\blocks\bamboo_fence_gate.json
[2026, 9, 25, 11, 55, 11] ;;; compileLootTables;     --> loot_table\blocks\bamboo_hanging_sign.json
[2026, 9, 25, 11, 55, 11] ;;; compileLootTables;     --> loot_table\blocks\bamboo_mosaic.json
[2026, 9, 25, 11, 55, 11] ;;; compileLootTables;     --> loot_table\blocks\bamboo_mosaic_slab.json
[2026, 9, 25, 11, 55, 11] ;;; compileLootTables;     --> loot_table\blocks\bamboo_mosaic_stairs.json
[2026, 9, 25, 11, 55, 11] ;;; compileLootTables;     --> loot_table\blocks\bamboo_planks.json
[2026, 9, 25, 11, 55, 11] ;;; compileLootTables;     --> loot_table\blocks\bamboo_pressure_plate.json
[2026, 9, 25, 11, 55, 11] ;;; compileLootTables;     --> loot_table\blocks\bamboo_sapling.json
[2026, 9, 25, 11, 55, 11] ;;; compileLootTables;     --> loot_table\blocks\bamboo_shelf.json
[2026, 9, 25, 11, 55, 11] ;;; compileLootTables;     --> loot_table\blocks\bamboo_sign.json
[2026, 9, 25, 11, 55, 11] ;;; compileLootTables;     --> loot_table\blocks\bamboo_slab.json
[2026, 9, 25, 11, 55, 11] ;;; compileLootTables;     --> loot_table\blocks\bamboo_stairs.json
[2026, 9, 25, 11, 55, 11] ;;; compileLootTables;     --> loot_table\blocks\bamboo_trapdoor.json
[2026, 9, 25, 11, 55, 11] ;;; compileLootTables;     --> loot_table\blocks\barrel.json
[2026, 9, 25, 11, 55, 11] ;;; compileLootTables;     --> loot_table\blocks\basalt.json
[2026, 9, 25, 11, 55, 11] ;;; compileLootTables;     --> loot_table\blocks\beacon.json
[2026, 9, 25, 11, 55, 11] ;;; compileLootTables;     --> loot_table\blocks\beehive.json
[2026, 9, 25, 11, 55, 11] ;;; compileLootTables;     --> loot_table\blocks\beetroots.json
[2026, 9, 25, 11, 55, 11] ;;; compileLootTables;     --> loot_table\blocks\bee_nest.json
[2026, 9, 25, 11, 55, 11] ;;; compileLootTables;     --> loot_table\blocks\bell.json
[2026, 9, 25, 11, 55, 11] ;;; compileLootTables;     --> loot_table\blocks\big_dripleaf.json
[2026, 9, 25, 11, 55, 11] ;;; compileLootTables;     --> loot_table\blocks\big_dripleaf_stem.json
[2026, 9, 25, 11, 55, 11] ;;; compileLootTables;     --> loot_table\blocks\birch_button.json
[2026, 9, 25, 11, 55, 11] ;;; compileLootTables;     --> loot_table\blocks\birch_door.json
[2026, 9, 25, 11, 55, 11] ;;; compileLootTables;     --> loot_table\blocks\birch_fence.json
[2026, 9, 25, 11, 55, 11] ;;; compileLootTables;     --> loot_table\blocks\birch_fence_gate.json
[2026, 9, 25, 11, 55, 11] ;;; compileLootTables;     --> loot_table\blocks\birch_hanging_sign.json
[2026, 9, 25, 11, 55, 11] ;;; compileLootTables;     --> loot_table\blocks\birch_leaves.json
[2026, 9, 25, 11, 55, 11] ;;; compileLootTables;     --> loot_table\blocks\birch_log.json
[2026, 9, 25, 11, 55, 11] ;;; compileLootTables;     --> loot_table\blocks\birch_planks.json
[2026, 9, 25, 11, 55, 11] ;;; compileLootTables;     --> loot_table\blocks\birch_pressure_plate.json
[2026, 9, 25, 11, 55, 11] ;;; compileLootTables;     --> loot_table\blocks\birch_sapling.json
[2026, 9, 25, 11, 55, 11] ;;; compileLootTables;     --> loot_table\blocks\birch_shelf.json
[2026, 9, 25, 11, 55, 11] ;;; compileLootTables;     --> loot_table\blocks\birch_sign.json
[2026, 9, 25, 11, 55, 11] ;;; compileLootTables;     --> loot_table\blocks\birch_slab.json
[2026, 9, 25, 11, 55, 11] ;;; compileLootTables;     --> loot_table\blocks\birch_stairs.json
[2026, 9, 25, 11, 55, 11] ;;; compileLootTables;     --> loot_table\blocks\birch_trapdoor.json
[2026, 9, 25, 11, 55, 11] ;;; compileLootTables;     --> loot_table\blocks\birch_wood.json
[2026, 9, 25, 11, 55, 11] ;;; compileLootTables;     --> loot_table\blocks\blackstone.json
[2026, 9, 25, 11, 55, 11] ;;; compileLootTables;     --> loot_table\blocks\blackstone_slab.json
[2026, 9, 25, 11, 55, 11] ;;; compileLootTables;     --> loot_table\blocks\blackstone_stairs.json
[2026, 9, 25, 11, 55, 11] ;;; compileLootTables;     --> loot_table\blocks\blackstone_wall.json
[2026, 9, 25, 11, 55, 11] ;;; compileLootTables;     --> loot_table\blocks\black_banner.json
[2026, 9, 25, 11, 55, 11] ;;; compileLootTables;     --> loot_table\blocks\black_bed.json
[2026, 9, 25, 11, 55, 11] ;;; compileLootTables;     --> loot_table\blocks\black_candle.json
[2026, 9, 25, 11, 55, 11] ;;; compileLootTables;     --> loot_table\blocks\black_candle_cake.json
[2026, 9, 25, 11, 55, 11] ;;; compileLootTables;     --> loot_table\blocks\black_carpet.json
[2026, 9, 25, 11, 55, 11] ;;; compileLootTables;     --> loot_table\blocks\black_concrete.json
[2026, 9, 25, 11, 55, 11] ;;; compileLootTables;     --> loot_table\blocks\black_concrete_powder.json
[2026, 9, 25, 11, 55, 11] ;;; compileLootTables;     --> loot_table\blocks\black_glazed_terracotta.json
[2026, 9, 25, 11, 55, 11] ;;; compileLootTables;     --> loot_table\blocks\black_shulker_box.json
[2026, 9, 25, 11, 55, 11] ;;; compileLootTables;     --> loot_table\blocks\black_stained_glass.json
[2026, 9, 25, 11, 55, 11] ;;; compileLootTables;     --> loot_table\blocks\black_stained_glass_pane.json
[2026, 9, 25, 11, 55, 11] ;;; compileLootTables;     --> loot_table\blocks\black_terracotta.json
[2026, 9, 25, 11, 55, 11] ;;; compileLootTables;     --> loot_table\blocks\black_wool.json
[2026, 9, 25, 11, 55, 11] ;;; compileLootTables;     --> loot_table\blocks\blast_furnace.json
[2026, 9, 25, 11, 55, 11] ;;; compileLootTables;     --> loot_table\blocks\blue_banner.json
[2026, 9, 25, 11, 55, 11] ;;; compileLootTables;     --> loot_table\blocks\blue_bed.json
[2026, 9, 25, 11, 55, 11] ;;; compileLootTables;     --> loot_table\blocks\blue_candle.json
[2026, 9, 25, 11, 55, 11] ;;; compileLootTables;     --> loot_table\blocks\blue_candle_cake.json
[2026, 9, 25, 11, 55, 11] ;;; compileLootTables;     --> loot_table\blocks\blue_carpet.json
[2026, 9, 25, 11, 55, 11] ;;; compileLootTables;     --> loot_table\blocks\blue_concrete.json
[2026, 9, 25, 11, 55, 11] ;;; compileLootTables;     --> loot_table\blocks\blue_concrete_powder.json
[2026, 9, 25, 11, 55, 11] ;;; compileLootTables;     --> loot_table\blocks\blue_glazed_terracotta.json
[2026, 9, 25, 11, 55, 11] ;;; compileLootTables;     --> loot_table\blocks\blue_ice.json
[2026, 9, 25, 11, 55, 11] ;;; compileLootTables;     --> loot_table\blocks\blue_orchid.json
[2026, 9, 25, 11, 55, 11] ;;; compileLootTables;     --> loot_table\blocks\blue_shulker_box.json
[2026, 9, 25, 11, 55, 11] ;;; compileLootTables;     --> loot_table\blocks\blue_stained_glass.json
[2026, 9, 25, 11, 55, 11] ;;; compileLootTables;     --> loot_table\blocks\blue_stained_glass_pane.json
[2026, 9, 25, 11, 55, 11] ;;; compileLootTables;     --> loot_table\blocks\blue_terracotta.json
[2026, 9, 25, 11, 55, 11] ;;; compileLootTables;     --> loot_table\blocks\blue_wool.json
[2026, 9, 25, 11, 55, 11] ;;; compileLootTables;     --> loot_table\blocks\bone_block.json
[2026, 9, 25, 11, 55, 11] ;;; compileLootTables;     --> loot_table\blocks\bookshelf.json
[2026, 9, 25, 11, 55, 11] ;;; compileLootTables;     --> loot_table\blocks\brain_coral.json
[2026, 9, 25, 11, 55, 11] ;;; compileLootTables;     --> loot_table\blocks\brain_coral_block.json
[2026, 9, 25, 11, 55, 11] ;;; compileLootTables;     --> loot_table\blocks\brain_coral_fan.json
[2026, 9, 25, 11, 55, 11] ;;; compileLootTables;     --> loot_table\blocks\brewing_stand.json
[2026, 9, 25, 11, 55, 11] ;;; compileLootTables;     --> loot_table\blocks\bricks.json
[2026, 9, 25, 11, 55, 11] ;;; compileLootTables;     --> loot_table\blocks\brick_slab.json
[2026, 9, 25, 11, 55, 11] ;;; compileLootTables;     --> loot_table\blocks\brick_stairs.json
[2026, 9, 25, 11, 55, 11] ;;; compileLootTables;     --> loot_table\blocks\brick_wall.json
[2026, 9, 25, 11, 55, 11] ;;; compileLootTables;     --> loot_table\blocks\brown_banner.json
[2026, 9, 25, 11, 55, 11] ;;; compileLootTables;     --> loot_table\blocks\brown_bed.json
[2026, 9, 25, 11, 55, 11] ;;; compileLootTables;     --> loot_table\blocks\brown_candle.json
[2026, 9, 25, 11, 55, 11] ;;; compileLootTables;     --> loot_table\blocks\brown_candle_cake.json
[2026, 9, 25, 11, 55, 11] ;;; compileLootTables;     --> loot_table\blocks\brown_carpet.json
[2026, 9, 25, 11, 55, 11] ;;; compileLootTables;     --> loot_table\blocks\brown_concrete.json
[2026, 9, 25, 11, 55, 11] ;;; compileLootTables;     --> loot_table\blocks\brown_concrete_powder.json
[2026, 9, 25, 11, 55, 11] ;;; compileLootTables;     --> loot_table\blocks\brown_glazed_terracotta.json
[2026, 9, 25, 11, 55, 11] ;;; compileLootTables;     --> loot_table\blocks\brown_mushroom.json
[2026, 9, 25, 11, 55, 11] ;;; compileLootTables;     --> loot_table\blocks\brown_mushroom_block.json
[2026, 9, 25, 11, 55, 11] ;;; compileLootTables;     --> loot_table\blocks\brown_shulker_box.json
[2026, 9, 25, 11, 55, 11] ;;; compileLootTables;     --> loot_table\blocks\brown_stained_glass.json
[2026, 9, 25, 11, 55, 11] ;;; compileLootTables;     --> loot_table\blocks\brown_stained_glass_pane.json
[2026, 9, 25, 11, 55, 11] ;;; compileLootTables;     --> loot_table\blocks\brown_terracotta.json
[2026, 9, 25, 11, 55, 11] ;;; compileLootTables;     --> loot_table\blocks\brown_wool.json
[2026, 9, 25, 11, 55, 12] ;;; compileLootTables;     --> loot_table\blocks\bubble_coral.json
[2026, 9, 25, 11, 55, 12] ;;; compileLootTables;     --> loot_table\blocks\bubble_coral_block.json
[2026, 9, 25, 11, 55, 12] ;;; compileLootTables;     --> loot_table\blocks\bubble_coral_fan.json
[2026, 9, 25, 11, 55, 12] ;;; compileLootTables;     --> loot_table\blocks\budding_amethyst.json
[2026, 9, 25, 11, 55, 12] ;;; compileLootTables;     --> loot_table\blocks\bush.json
[2026, 9, 25, 11, 55, 12] ;;; compileLootTables;     --> loot_table\blocks\cactus.json
[2026, 9, 25, 11, 55, 12] ;;; compileLootTables;     --> loot_table\blocks\cactus_flower.json
[2026, 9, 25, 11, 55, 12] ;;; compileLootTables;     --> loot_table\blocks\cake.json
[2026, 9, 25, 11, 55, 12] ;;; compileLootTables;     --> loot_table\blocks\calcite.json
[2026, 9, 25, 11, 55, 12] ;;; compileLootTables;     --> loot_table\blocks\calibrated_sculk_sensor.json
[2026, 9, 25, 11, 55, 12] ;;; compileLootTables;     --> loot_table\blocks\campfire.json
[2026, 9, 25, 11, 55, 12] ;;; compileLootTables;     --> loot_table\blocks\candle.json
[2026, 9, 25, 11, 55, 12] ;;; compileLootTables;     --> loot_table\blocks\candle_cake.json
[2026, 9, 25, 11, 55, 12] ;;; compileLootTables;     --> loot_table\blocks\carrots.json
[2026, 9, 25, 11, 55, 12] ;;; compileLootTables;     --> loot_table\blocks\cartography_table.json
[2026, 9, 25, 11, 55, 12] ;;; compileLootTables;     --> loot_table\blocks\carved_pumpkin.json
[2026, 9, 25, 11, 55, 12] ;;; compileLootTables;     --> loot_table\blocks\cauldron.json
[2026, 9, 25, 11, 55, 12] ;;; compileLootTables;     --> loot_table\blocks\cave_vines.json
[2026, 9, 25, 11, 55, 12] ;;; compileLootTables;     --> loot_table\blocks\cave_vines_plant.json
[2026, 9, 25, 11, 55, 12] ;;; compileLootTables;     --> loot_table\blocks\cherry_button.json
[2026, 9, 25, 11, 55, 12] ;;; compileLootTables;     --> loot_table\blocks\cherry_door.json
[2026, 9, 25, 11, 55, 12] ;;; compileLootTables;     --> loot_table\blocks\cherry_fence.json
[2026, 9, 25, 11, 55, 12] ;;; compileLootTables;     --> loot_table\blocks\cherry_fence_gate.json
[2026, 9, 25, 11, 55, 12] ;;; compileLootTables;     --> loot_table\blocks\cherry_hanging_sign.json
[2026, 9, 25, 11, 55, 12] ;;; compileLootTables;     --> loot_table\blocks\cherry_leaves.json
[2026, 9, 25, 11, 55, 12] ;;; compileLootTables;     --> loot_table\blocks\cherry_log.json
[2026, 9, 25, 11, 55, 12] ;;; compileLootTables;     --> loot_table\blocks\cherry_planks.json
[2026, 9, 25, 11, 55, 12] ;;; compileLootTables;     --> loot_table\blocks\cherry_pressure_plate.json
[2026, 9, 25, 11, 55, 12] ;;; compileLootTables;     --> loot_table\blocks\cherry_sapling.json
[2026, 9, 25, 11, 55, 12] ;;; compileLootTables;     --> loot_table\blocks\cherry_shelf.json
[2026, 9, 25, 11, 55, 12] ;;; compileLootTables;     --> loot_table\blocks\cherry_sign.json
[2026, 9, 25, 11, 55, 12] ;;; compileLootTables;     --> loot_table\blocks\cherry_slab.json
[2026, 9, 25, 11, 55, 12] ;;; compileLootTables;     --> loot_table\blocks\cherry_stairs.json
[2026, 9, 25, 11, 55, 12] ;;; compileLootTables;     --> loot_table\blocks\cherry_trapdoor.json
[2026, 9, 25, 11, 55, 12] ;;; compileLootTables;     --> loot_table\blocks\cherry_wood.json
[2026, 9, 25, 11, 55, 12] ;;; compileLootTables;     --> loot_table\blocks\chest.json
[2026, 9, 25, 11, 55, 12] ;;; compileLootTables;     --> loot_table\blocks\chipped_anvil.json
[2026, 9, 25, 11, 55, 12] ;;; compileLootTables;     --> loot_table\blocks\chiseled_bookshelf.json
[2026, 9, 25, 11, 55, 12] ;;; compileLootTables;     --> loot_table\blocks\chiseled_copper.json
[2026, 9, 25, 11, 55, 12] ;;; compileLootTables;     --> loot_table\blocks\chiseled_deepslate.json
[2026, 9, 25, 11, 55, 12] ;;; compileLootTables;     --> loot_table\blocks\chiseled_nether_bricks.json
[2026, 9, 25, 11, 55, 12] ;;; compileLootTables;     --> loot_table\blocks\chiseled_polished_blackstone.json
[2026, 9, 25, 11, 55, 12] ;;; compileLootTables;     --> loot_table\blocks\chiseled_quartz_block.json
[2026, 9, 25, 11, 55, 12] ;;; compileLootTables;     --> loot_table\blocks\chiseled_red_sandstone.json
[2026, 9, 25, 11, 55, 12] ;;; compileLootTables;     --> loot_table\blocks\chiseled_resin_bricks.json
[2026, 9, 25, 11, 55, 12] ;;; compileLootTables;     --> loot_table\blocks\chiseled_sandstone.json
[2026, 9, 25, 11, 55, 12] ;;; compileLootTables;     --> loot_table\blocks\chiseled_stone_bricks.json
[2026, 9, 25, 11, 55, 12] ;;; compileLootTables;     --> loot_table\blocks\chiseled_tuff.json
[2026, 9, 25, 11, 55, 12] ;;; compileLootTables;     --> loot_table\blocks\chiseled_tuff_bricks.json
[2026, 9, 25, 11, 55, 12] ;;; compileLootTables;     --> loot_table\blocks\chorus_flower.json
[2026, 9, 25, 11, 55, 12] ;;; compileLootTables;     --> loot_table\blocks\chorus_plant.json
[2026, 9, 25, 11, 55, 12] ;;; compileLootTables;     --> loot_table\blocks\clay.json
[2026, 9, 25, 11, 55, 12] ;;; compileLootTables;     --> loot_table\blocks\closed_eyeblossom.json
[2026, 9, 25, 11, 55, 12] ;;; compileLootTables;     --> loot_table\blocks\coal_block.json
[2026, 9, 25, 11, 55, 12] ;;; compileLootTables;     --> loot_table\blocks\coal_ore.json
[2026, 9, 25, 11, 55, 12] ;;; compileLootTables;     --> loot_table\blocks\coarse_dirt.json
[2026, 9, 25, 11, 55, 12] ;;; compileLootTables;     --> loot_table\blocks\cobbled_deepslate.json
[2026, 9, 25, 11, 55, 12] ;;; compileLootTables;     --> loot_table\blocks\cobbled_deepslate_slab.json
[2026, 9, 25, 11, 55, 12] ;;; compileLootTables;     --> loot_table\blocks\cobbled_deepslate_stairs.json
[2026, 9, 25, 11, 55, 12] ;;; compileLootTables;     --> loot_table\blocks\cobbled_deepslate_wall.json
[2026, 9, 25, 11, 55, 12] ;;; compileLootTables;     --> loot_table\blocks\cobblestone.json
[2026, 9, 25, 11, 55, 12] ;;; compileLootTables;     --> loot_table\blocks\cobblestone_slab.json
[2026, 9, 25, 11, 55, 12] ;;; compileLootTables;     --> loot_table\blocks\cobblestone_stairs.json
[2026, 9, 25, 11, 55, 12] ;;; compileLootTables;     --> loot_table\blocks\cobblestone_wall.json
[2026, 9, 25, 11, 55, 12] ;;; compileLootTables;     --> loot_table\blocks\cobweb.json
[2026, 9, 25, 11, 55, 12] ;;; compileLootTables;     --> loot_table\blocks\cocoa.json
[2026, 9, 25, 11, 55, 12] ;;; compileLootTables;     --> loot_table\blocks\comparator.json
[2026, 9, 25, 11, 55, 12] ;;; compileLootTables;     --> loot_table\blocks\composter.json
[2026, 9, 25, 11, 55, 12] ;;; compileLootTables;     --> loot_table\blocks\conduit.json
[2026, 9, 25, 11, 55, 12] ;;; compileLootTables;     --> loot_table\blocks\copper_bars.json
[2026, 9, 25, 11, 55, 12] ;;; compileLootTables;     --> loot_table\blocks\copper_block.json
[2026, 9, 25, 11, 55, 12] ;;; compileLootTables;     --> loot_table\blocks\copper_bulb.json
[2026, 9, 25, 11, 55, 12] ;;; compileLootTables;     --> loot_table\blocks\copper_chain.json
[2026, 9, 25, 11, 55, 12] ;;; compileLootTables;     --> loot_table\blocks\copper_chest.json
[2026, 9, 25, 11, 55, 12] ;;; compileLootTables;     --> loot_table\blocks\copper_door.json
[2026, 9, 25, 11, 55, 12] ;;; compileLootTables;     --> loot_table\blocks\copper_golem_statue.json
[2026, 9, 25, 11, 55, 12] ;;; compileLootTables;     --> loot_table\blocks\copper_grate.json
[2026, 9, 25, 11, 55, 12] ;;; compileLootTables;     --> loot_table\blocks\copper_lantern.json
[2026, 9, 25, 11, 55, 12] ;;; compileLootTables;     --> loot_table\blocks\copper_ore.json
[2026, 9, 25, 11, 55, 12] ;;; compileLootTables;     --> loot_table\blocks\copper_torch.json
[2026, 9, 25, 11, 55, 12] ;;; compileLootTables;     --> loot_table\blocks\copper_trapdoor.json
[2026, 9, 25, 11, 55, 12] ;;; compileLootTables;     --> loot_table\blocks\cornflower.json
[2026, 9, 25, 11, 55, 12] ;;; compileLootTables;     --> loot_table\blocks\cracked_deepslate_bricks.json
[2026, 9, 25, 11, 55, 12] ;;; compileLootTables;     --> loot_table\blocks\cracked_deepslate_tiles.json
[2026, 9, 25, 11, 55, 12] ;;; compileLootTables;     --> loot_table\blocks\cracked_nether_bricks.json
[2026, 9, 25, 11, 55, 12] ;;; compileLootTables;     --> loot_table\blocks\cracked_polished_blackstone_bricks.json
[2026, 9, 25, 11, 55, 12] ;;; compileLootTables;     --> loot_table\blocks\cracked_stone_bricks.json
[2026, 9, 25, 11, 55, 12] ;;; compileLootTables;     --> loot_table\blocks\crafter.json
[2026, 9, 25, 11, 55, 12] ;;; compileLootTables;     --> loot_table\blocks\crafting_table.json
[2026, 9, 25, 11, 55, 12] ;;; compileLootTables;     --> loot_table\blocks\creaking_heart.json
[2026, 9, 25, 11, 55, 12] ;;; compileLootTables;     --> loot_table\blocks\creeper_head.json
[2026, 9, 25, 11, 55, 12] ;;; compileLootTables;     --> loot_table\blocks\crimson_button.json
[2026, 9, 25, 11, 55, 12] ;;; compileLootTables;     --> loot_table\blocks\crimson_door.json
[2026, 9, 25, 11, 55, 12] ;;; compileLootTables;     --> loot_table\blocks\crimson_fence.json
[2026, 9, 25, 11, 55, 12] ;;; compileLootTables;     --> loot_table\blocks\crimson_fence_gate.json
[2026, 9, 25, 11, 55, 12] ;;; compileLootTables;     --> loot_table\blocks\crimson_fungus.json
[2026, 9, 25, 11, 55, 12] ;;; compileLootTables;     --> loot_table\blocks\crimson_hanging_sign.json
[2026, 9, 25, 11, 55, 12] ;;; compileLootTables;     --> loot_table\blocks\crimson_hyphae.json
[2026, 9, 25, 11, 55, 12] ;;; compileLootTables;     --> loot_table\blocks\crimson_nylium.json
[2026, 9, 25, 11, 55, 12] ;;; compileLootTables;     --> loot_table\blocks\crimson_planks.json
[2026, 9, 25, 11, 55, 12] ;;; compileLootTables;     --> loot_table\blocks\crimson_pressure_plate.json
[2026, 9, 25, 11, 55, 12] ;;; compileLootTables;     --> loot_table\blocks\crimson_roots.json
[2026, 9, 25, 11, 55, 12] ;;; compileLootTables;     --> loot_table\blocks\crimson_shelf.json
[2026, 9, 25, 11, 55, 12] ;;; compileLootTables;     --> loot_table\blocks\crimson_sign.json
[2026, 9, 25, 11, 55, 12] ;;; compileLootTables;     --> loot_table\blocks\crimson_slab.json
[2026, 9, 25, 11, 55, 12] ;;; compileLootTables;     --> loot_table\blocks\crimson_stairs.json
[2026, 9, 25, 11, 55, 12] ;;; compileLootTables;     --> loot_table\blocks\crimson_stem.json
[2026, 9, 25, 11, 55, 12] ;;; compileLootTables;     --> loot_table\blocks\crimson_trapdoor.json
[2026, 9, 25, 11, 55, 12] ;;; compileLootTables;     --> loot_table\blocks\crying_obsidian.json
[2026, 9, 25, 11, 55, 12] ;;; compileLootTables;     --> loot_table\blocks\cut_copper.json
[2026, 9, 25, 11, 55, 12] ;;; compileLootTables;     --> loot_table\blocks\cut_copper_slab.json
[2026, 9, 25, 11, 55, 12] ;;; compileLootTables;     --> loot_table\blocks\cut_copper_stairs.json
[2026, 9, 25, 11, 55, 12] ;;; compileLootTables;     --> loot_table\blocks\cut_red_sandstone.json
[2026, 9, 25, 11, 55, 12] ;;; compileLootTables;     --> loot_table\blocks\cut_red_sandstone_slab.json
[2026, 9, 25, 11, 55, 12] ;;; compileLootTables;     --> loot_table\blocks\cut_sandstone.json
[2026, 9, 25, 11, 55, 12] ;;; compileLootTables;     --> loot_table\blocks\cut_sandstone_slab.json
[2026, 9, 25, 11, 55, 12] ;;; compileLootTables;     --> loot_table\blocks\cyan_banner.json
[2026, 9, 25, 11, 55, 12] ;;; compileLootTables;     --> loot_table\blocks\cyan_bed.json
[2026, 9, 25, 11, 55, 12] ;;; compileLootTables;     --> loot_table\blocks\cyan_candle.json
[2026, 9, 25, 11, 55, 12] ;;; compileLootTables;     --> loot_table\blocks\cyan_candle_cake.json
[2026, 9, 25, 11, 55, 12] ;;; compileLootTables;     --> loot_table\blocks\cyan_carpet.json
[2026, 9, 25, 11, 55, 12] ;;; compileLootTables;     --> loot_table\blocks\cyan_concrete.json
[2026, 9, 25, 11, 55, 12] ;;; compileLootTables;     --> loot_table\blocks\cyan_concrete_powder.json
[2026, 9, 25, 11, 55, 12] ;;; compileLootTables;     --> loot_table\blocks\cyan_glazed_terracotta.json
[2026, 9, 25, 11, 55, 12] ;;; compileLootTables;     --> loot_table\blocks\cyan_shulker_box.json
[2026, 9, 25, 11, 55, 12] ;;; compileLootTables;     --> loot_table\blocks\cyan_stained_glass.json
[2026, 9, 25, 11, 55, 12] ;;; compileLootTables;     --> loot_table\blocks\cyan_stained_glass_pane.json
[2026, 9, 25, 11, 55, 12] ;;; compileLootTables;     --> loot_table\blocks\cyan_terracotta.json
[2026, 9, 25, 11, 55, 12] ;;; compileLootTables;     --> loot_table\blocks\cyan_wool.json
[2026, 9, 25, 11, 55, 12] ;;; compileLootTables;     --> loot_table\blocks\damaged_anvil.json
[2026, 9, 25, 11, 55, 12] ;;; compileLootTables;     --> loot_table\blocks\dandelion.json
[2026, 9, 25, 11, 55, 12] ;;; compileLootTables;     --> loot_table\blocks\dark_oak_button.json
[2026, 9, 25, 11, 55, 12] ;;; compileLootTables;     --> loot_table\blocks\dark_oak_door.json
[2026, 9, 25, 11, 55, 12] ;;; compileLootTables;     --> loot_table\blocks\dark_oak_fence.json
[2026, 9, 25, 11, 55, 12] ;;; compileLootTables;     --> loot_table\blocks\dark_oak_fence_gate.json
[2026, 9, 25, 11, 55, 12] ;;; compileLootTables;     --> loot_table\blocks\dark_oak_hanging_sign.json
[2026, 9, 25, 11, 55, 12] ;;; compileLootTables;     --> loot_table\blocks\dark_oak_leaves.json
[2026, 9, 25, 11, 55, 12] ;;; compileLootTables;     --> loot_table\blocks\dark_oak_log.json
[2026, 9, 25, 11, 55, 12] ;;; compileLootTables;     --> loot_table\blocks\dark_oak_planks.json
[2026, 9, 25, 11, 55, 12] ;;; compileLootTables;     --> loot_table\blocks\dark_oak_pressure_plate.json
[2026, 9, 25, 11, 55, 12] ;;; compileLootTables;     --> loot_table\blocks\dark_oak_sapling.json
[2026, 9, 25, 11, 55, 12] ;;; compileLootTables;     --> loot_table\blocks\dark_oak_shelf.json
[2026, 9, 25, 11, 55, 12] ;;; compileLootTables;     --> loot_table\blocks\dark_oak_sign.json
[2026, 9, 25, 11, 55, 12] ;;; compileLootTables;     --> loot_table\blocks\dark_oak_slab.json
[2026, 9, 25, 11, 55, 12] ;;; compileLootTables;     --> loot_table\blocks\dark_oak_stairs.json
[2026, 9, 25, 11, 55, 13] ;;; compileLootTables;     --> loot_table\blocks\dark_oak_trapdoor.json
[2026, 9, 25, 11, 55, 13] ;;; compileLootTables;     --> loot_table\blocks\dark_oak_wood.json
[2026, 9, 25, 11, 55, 13] ;;; compileLootTables;     --> loot_table\blocks\dark_prismarine.json
[2026, 9, 25, 11, 55, 13] ;;; compileLootTables;     --> loot_table\blocks\dark_prismarine_slab.json
[2026, 9, 25, 11, 55, 13] ;;; compileLootTables;     --> loot_table\blocks\dark_prismarine_stairs.json
[2026, 9, 25, 11, 55, 13] ;;; compileLootTables;     --> loot_table\blocks\daylight_detector.json
[2026, 9, 25, 11, 55, 13] ;;; compileLootTables;     --> loot_table\blocks\dead_brain_coral.json
[2026, 9, 25, 11, 55, 13] ;;; compileLootTables;     --> loot_table\blocks\dead_brain_coral_block.json
[2026, 9, 25, 11, 55, 13] ;;; compileLootTables;     --> loot_table\blocks\dead_brain_coral_fan.json
[2026, 9, 25, 11, 55, 13] ;;; compileLootTables;     --> loot_table\blocks\dead_bubble_coral.json
[2026, 9, 25, 11, 55, 13] ;;; compileLootTables;     --> loot_table\blocks\dead_bubble_coral_block.json
[2026, 9, 25, 11, 55, 13] ;;; compileLootTables;     --> loot_table\blocks\dead_bubble_coral_fan.json
[2026, 9, 25, 11, 55, 13] ;;; compileLootTables;     --> loot_table\blocks\dead_bush.json
[2026, 9, 25, 11, 55, 13] ;;; compileLootTables;     --> loot_table\blocks\dead_fire_coral.json
[2026, 9, 25, 11, 55, 13] ;;; compileLootTables;     --> loot_table\blocks\dead_fire_coral_block.json
[2026, 9, 25, 11, 55, 13] ;;; compileLootTables;     --> loot_table\blocks\dead_fire_coral_fan.json
[2026, 9, 25, 11, 55, 13] ;;; compileLootTables;     --> loot_table\blocks\dead_horn_coral.json
[2026, 9, 25, 11, 55, 13] ;;; compileLootTables;     --> loot_table\blocks\dead_horn_coral_block.json
[2026, 9, 25, 11, 55, 13] ;;; compileLootTables;     --> loot_table\blocks\dead_horn_coral_fan.json
[2026, 9, 25, 11, 55, 13] ;;; compileLootTables;     --> loot_table\blocks\dead_tube_coral.json
[2026, 9, 25, 11, 55, 13] ;;; compileLootTables;     --> loot_table\blocks\dead_tube_coral_block.json
[2026, 9, 25, 11, 55, 13] ;;; compileLootTables;     --> loot_table\blocks\dead_tube_coral_fan.json
[2026, 9, 25, 11, 55, 13] ;;; compileLootTables;     --> loot_table\blocks\decorated_pot.json
[2026, 9, 25, 11, 55, 13] ;;; compileLootTables;     --> loot_table\blocks\deepslate.json
[2026, 9, 25, 11, 55, 13] ;;; compileLootTables;     --> loot_table\blocks\deepslate_bricks.json
[2026, 9, 25, 11, 55, 13] ;;; compileLootTables;     --> loot_table\blocks\deepslate_brick_slab.json
[2026, 9, 25, 11, 55, 13] ;;; compileLootTables;     --> loot_table\blocks\deepslate_brick_stairs.json
[2026, 9, 25, 11, 55, 13] ;;; compileLootTables;     --> loot_table\blocks\deepslate_brick_wall.json
[2026, 9, 25, 11, 55, 13] ;;; compileLootTables;     --> loot_table\blocks\deepslate_coal_ore.json
[2026, 9, 25, 11, 55, 13] ;;; compileLootTables;     --> loot_table\blocks\deepslate_copper_ore.json
[2026, 9, 25, 11, 55, 13] ;;; compileLootTables;     --> loot_table\blocks\deepslate_diamond_ore.json
[2026, 9, 25, 11, 55, 13] ;;; compileLootTables;     --> loot_table\blocks\deepslate_emerald_ore.json
[2026, 9, 25, 11, 55, 13] ;;; compileLootTables;     --> loot_table\blocks\deepslate_gold_ore.json
[2026, 9, 25, 11, 55, 13] ;;; compileLootTables;     --> loot_table\blocks\deepslate_iron_ore.json
[2026, 9, 25, 11, 55, 13] ;;; compileLootTables;     --> loot_table\blocks\deepslate_lapis_ore.json
[2026, 9, 25, 11, 55, 13] ;;; compileLootTables;     --> loot_table\blocks\deepslate_redstone_ore.json
[2026, 9, 25, 11, 55, 13] ;;; compileLootTables;     --> loot_table\blocks\deepslate_tiles.json
[2026, 9, 25, 11, 55, 13] ;;; compileLootTables;     --> loot_table\blocks\deepslate_tile_slab.json
[2026, 9, 25, 11, 55, 13] ;;; compileLootTables;     --> loot_table\blocks\deepslate_tile_stairs.json
[2026, 9, 25, 11, 55, 13] ;;; compileLootTables;     --> loot_table\blocks\deepslate_tile_wall.json
[2026, 9, 25, 11, 55, 13] ;;; compileLootTables;     --> loot_table\blocks\detector_rail.json
[2026, 9, 25, 11, 55, 13] ;;; compileLootTables;     --> loot_table\blocks\diamond_block.json
[2026, 9, 25, 11, 55, 13] ;;; compileLootTables;     --> loot_table\blocks\diamond_ore.json
[2026, 9, 25, 11, 55, 13] ;;; compileLootTables;     --> loot_table\blocks\diorite.json
[2026, 9, 25, 11, 55, 13] ;;; compileLootTables;     --> loot_table\blocks\diorite_slab.json
[2026, 9, 25, 11, 55, 13] ;;; compileLootTables;     --> loot_table\blocks\diorite_stairs.json
[2026, 9, 25, 11, 55, 13] ;;; compileLootTables;     --> loot_table\blocks\diorite_wall.json
[2026, 9, 25, 11, 55, 13] ;;; compileLootTables;     --> loot_table\blocks\dirt.json
[2026, 9, 25, 11, 55, 13] ;;; compileLootTables;     --> loot_table\blocks\dirt_path.json
[2026, 9, 25, 11, 55, 13] ;;; compileLootTables;     --> loot_table\blocks\dispenser.json
[2026, 9, 25, 11, 55, 13] ;;; compileLootTables;     --> loot_table\blocks\dragon_egg.json
[2026, 9, 25, 11, 55, 13] ;;; compileLootTables;     --> loot_table\blocks\dragon_head.json
[2026, 9, 25, 11, 55, 13] ;;; compileLootTables;     --> loot_table\blocks\dried_ghast.json
[2026, 9, 25, 11, 55, 13] ;;; compileLootTables;     --> loot_table\blocks\dried_kelp_block.json
[2026, 9, 25, 11, 55, 13] ;;; compileLootTables;     --> loot_table\blocks\dripstone_block.json
[2026, 9, 25, 11, 55, 13] ;;; compileLootTables;     --> loot_table\blocks\dropper.json
[2026, 9, 25, 11, 55, 13] ;;; compileLootTables;     --> loot_table\blocks\emerald_block.json
[2026, 9, 25, 11, 55, 13] ;;; compileLootTables;     --> loot_table\blocks\emerald_ore.json
[2026, 9, 25, 11, 55, 13] ;;; compileLootTables;     --> loot_table\blocks\enchanting_table.json
[2026, 9, 25, 11, 55, 13] ;;; compileLootTables;     --> loot_table\blocks\ender_chest.json
[2026, 9, 25, 11, 55, 13] ;;; compileLootTables;     --> loot_table\blocks\end_rod.json
[2026, 9, 25, 11, 55, 13] ;;; compileLootTables;     --> loot_table\blocks\end_stone.json
[2026, 9, 25, 11, 55, 13] ;;; compileLootTables;     --> loot_table\blocks\end_stone_bricks.json
[2026, 9, 25, 11, 55, 13] ;;; compileLootTables;     --> loot_table\blocks\end_stone_brick_slab.json
[2026, 9, 25, 11, 55, 13] ;;; compileLootTables;     --> loot_table\blocks\end_stone_brick_stairs.json
[2026, 9, 25, 11, 55, 13] ;;; compileLootTables;     --> loot_table\blocks\end_stone_brick_wall.json
[2026, 9, 25, 11, 55, 13] ;;; compileLootTables;     --> loot_table\blocks\exposed_chiseled_copper.json
[2026, 9, 25, 11, 55, 13] ;;; compileLootTables;     --> loot_table\blocks\exposed_copper.json
[2026, 9, 25, 11, 55, 13] ;;; compileLootTables;     --> loot_table\blocks\exposed_copper_bars.json
[2026, 9, 25, 11, 55, 13] ;;; compileLootTables;     --> loot_table\blocks\exposed_copper_bulb.json
[2026, 9, 25, 11, 55, 13] ;;; compileLootTables;     --> loot_table\blocks\exposed_copper_chain.json
[2026, 9, 25, 11, 55, 13] ;;; compileLootTables;     --> loot_table\blocks\exposed_copper_chest.json
[2026, 9, 25, 11, 55, 13] ;;; compileLootTables;     --> loot_table\blocks\exposed_copper_door.json
[2026, 9, 25, 11, 55, 13] ;;; compileLootTables;     --> loot_table\blocks\exposed_copper_golem_statue.json
[2026, 9, 25, 11, 55, 13] ;;; compileLootTables;     --> loot_table\blocks\exposed_copper_grate.json
[2026, 9, 25, 11, 55, 13] ;;; compileLootTables;     --> loot_table\blocks\exposed_copper_lantern.json
[2026, 9, 25, 11, 55, 13] ;;; compileLootTables;     --> loot_table\blocks\exposed_copper_trapdoor.json
[2026, 9, 25, 11, 55, 13] ;;; compileLootTables;     --> loot_table\blocks\exposed_cut_copper.json
[2026, 9, 25, 11, 55, 13] ;;; compileLootTables;     --> loot_table\blocks\exposed_cut_copper_slab.json
[2026, 9, 25, 11, 55, 13] ;;; compileLootTables;     --> loot_table\blocks\exposed_cut_copper_stairs.json
[2026, 9, 25, 11, 55, 13] ;;; compileLootTables;     --> loot_table\blocks\exposed_lightning_rod.json
[2026, 9, 25, 11, 55, 13] ;;; compileLootTables;     --> loot_table\blocks\farmland.json
[2026, 9, 25, 11, 55, 13] ;;; compileLootTables;     --> loot_table\blocks\fern.json
[2026, 9, 25, 11, 55, 13] ;;; compileLootTables;     --> loot_table\blocks\fire.json
[2026, 9, 25, 11, 55, 13] ;;; compileLootTables;     --> loot_table\blocks\firefly_bush.json
[2026, 9, 25, 11, 55, 13] ;;; compileLootTables;     --> loot_table\blocks\fire_coral.json
[2026, 9, 25, 11, 55, 13] ;;; compileLootTables;     --> loot_table\blocks\fire_coral_block.json
[2026, 9, 25, 11, 55, 13] ;;; compileLootTables;     --> loot_table\blocks\fire_coral_fan.json
[2026, 9, 25, 11, 55, 13] ;;; compileLootTables;     --> loot_table\blocks\fletching_table.json
[2026, 9, 25, 11, 55, 13] ;;; compileLootTables;     --> loot_table\blocks\flowering_azalea.json
[2026, 9, 25, 11, 55, 13] ;;; compileLootTables;     --> loot_table\blocks\flowering_azalea_leaves.json
[2026, 9, 25, 11, 55, 13] ;;; compileLootTables;     --> loot_table\blocks\flower_pot.json
[2026, 9, 25, 11, 55, 13] ;;; compileLootTables;     --> loot_table\blocks\frogspawn.json
[2026, 9, 25, 11, 55, 13] ;;; compileLootTables;     --> loot_table\blocks\frosted_ice.json
[2026, 9, 25, 11, 55, 13] ;;; compileLootTables;     --> loot_table\blocks\furnace.json
[2026, 9, 25, 11, 55, 13] ;;; compileLootTables;     --> loot_table\blocks\gilded_blackstone.json
[2026, 9, 25, 11, 55, 13] ;;; compileLootTables;     --> loot_table\blocks\glass.json
[2026, 9, 25, 11, 55, 13] ;;; compileLootTables;     --> loot_table\blocks\glass_pane.json
[2026, 9, 25, 11, 55, 13] ;;; compileLootTables;     --> loot_table\blocks\glowstone.json
[2026, 9, 25, 11, 55, 13] ;;; compileLootTables;     --> loot_table\blocks\glow_lichen.json
[2026, 9, 25, 11, 55, 13] ;;; compileLootTables;     --> loot_table\blocks\golden_dandelion.json
[2026, 9, 25, 11, 55, 13] ;;; compileLootTables;     --> loot_table\blocks\gold_block.json
[2026, 9, 25, 11, 55, 13] ;;; compileLootTables;     --> loot_table\blocks\gold_ore.json
[2026, 9, 25, 11, 55, 13] ;;; compileLootTables;     --> loot_table\blocks\granite.json
[2026, 9, 25, 11, 55, 13] ;;; compileLootTables;     --> loot_table\blocks\granite_slab.json
[2026, 9, 25, 11, 55, 13] ;;; compileLootTables;     --> loot_table\blocks\granite_stairs.json
[2026, 9, 25, 11, 55, 13] ;;; compileLootTables;     --> loot_table\blocks\granite_wall.json
[2026, 9, 25, 11, 55, 13] ;;; compileLootTables;     --> loot_table\blocks\grass_block.json
[2026, 9, 25, 11, 55, 13] ;;; compileLootTables;     --> loot_table\blocks\gravel.json
[2026, 9, 25, 11, 55, 13] ;;; compileLootTables;     --> loot_table\blocks\gray_banner.json
[2026, 9, 25, 11, 55, 13] ;;; compileLootTables;     --> loot_table\blocks\gray_bed.json
[2026, 9, 25, 11, 55, 13] ;;; compileLootTables;     --> loot_table\blocks\gray_candle.json
[2026, 9, 25, 11, 55, 13] ;;; compileLootTables;     --> loot_table\blocks\gray_candle_cake.json
[2026, 9, 25, 11, 55, 13] ;;; compileLootTables;     --> loot_table\blocks\gray_carpet.json
[2026, 9, 25, 11, 55, 13] ;;; compileLootTables;     --> loot_table\blocks\gray_concrete.json
[2026, 9, 25, 11, 55, 13] ;;; compileLootTables;     --> loot_table\blocks\gray_concrete_powder.json
[2026, 9, 25, 11, 55, 13] ;;; compileLootTables;     --> loot_table\blocks\gray_glazed_terracotta.json
[2026, 9, 25, 11, 55, 13] ;;; compileLootTables;     --> loot_table\blocks\gray_shulker_box.json
[2026, 9, 25, 11, 55, 13] ;;; compileLootTables;     --> loot_table\blocks\gray_stained_glass.json
[2026, 9, 25, 11, 55, 13] ;;; compileLootTables;     --> loot_table\blocks\gray_stained_glass_pane.json
[2026, 9, 25, 11, 55, 13] ;;; compileLootTables;     --> loot_table\blocks\gray_terracotta.json
[2026, 9, 25, 11, 55, 13] ;;; compileLootTables;     --> loot_table\blocks\gray_wool.json
[2026, 9, 25, 11, 55, 13] ;;; compileLootTables;     --> loot_table\blocks\green_banner.json
[2026, 9, 25, 11, 55, 13] ;;; compileLootTables;     --> loot_table\blocks\green_bed.json
[2026, 9, 25, 11, 55, 13] ;;; compileLootTables;     --> loot_table\blocks\green_candle.json
[2026, 9, 25, 11, 55, 13] ;;; compileLootTables;     --> loot_table\blocks\green_candle_cake.json
[2026, 9, 25, 11, 55, 13] ;;; compileLootTables;     --> loot_table\blocks\green_carpet.json
[2026, 9, 25, 11, 55, 13] ;;; compileLootTables;     --> loot_table\blocks\green_concrete.json
[2026, 9, 25, 11, 55, 13] ;;; compileLootTables;     --> loot_table\blocks\green_concrete_powder.json
[2026, 9, 25, 11, 55, 13] ;;; compileLootTables;     --> loot_table\blocks\green_glazed_terracotta.json
[2026, 9, 25, 11, 55, 13] ;;; compileLootTables;     --> loot_table\blocks\green_shulker_box.json
[2026, 9, 25, 11, 55, 13] ;;; compileLootTables;     --> loot_table\blocks\green_stained_glass.json
[2026, 9, 25, 11, 55, 13] ;;; compileLootTables;     --> loot_table\blocks\green_stained_glass_pane.json
[2026, 9, 25, 11, 55, 13] ;;; compileLootTables;     --> loot_table\blocks\green_terracotta.json
[2026, 9, 25, 11, 55, 13] ;;; compileLootTables;     --> loot_table\blocks\green_wool.json
[2026, 9, 25, 11, 55, 13] ;;; compileLootTables;     --> loot_table\blocks\grindstone.json
[2026, 9, 25, 11, 55, 13] ;;; compileLootTables;     --> loot_table\blocks\hanging_roots.json
[2026, 9, 25, 11, 55, 14] ;;; compileLootTables;     --> loot_table\blocks\hay_block.json
[2026, 9, 25, 11, 55, 14] ;;; compileLootTables;     --> loot_table\blocks\heavy_core.json
[2026, 9, 25, 11, 55, 14] ;;; compileLootTables;     --> loot_table\blocks\heavy_weighted_pressure_plate.json
[2026, 9, 25, 11, 55, 14] ;;; compileLootTables;     --> loot_table\blocks\honeycomb_block.json
[2026, 9, 25, 11, 55, 14] ;;; compileLootTables;     --> loot_table\blocks\honey_block.json
[2026, 9, 25, 11, 55, 14] ;;; compileLootTables;     --> loot_table\blocks\hopper.json
[2026, 9, 25, 11, 55, 14] ;;; compileLootTables;     --> loot_table\blocks\horn_coral.json
[2026, 9, 25, 11, 55, 14] ;;; compileLootTables;     --> loot_table\blocks\horn_coral_block.json
[2026, 9, 25, 11, 55, 14] ;;; compileLootTables;     --> loot_table\blocks\horn_coral_fan.json
[2026, 9, 25, 11, 55, 14] ;;; compileLootTables;     --> loot_table\blocks\ice.json
[2026, 9, 25, 11, 55, 14] ;;; compileLootTables;     --> loot_table\blocks\infested_chiseled_stone_bricks.json
[2026, 9, 25, 11, 55, 14] ;;; compileLootTables;     --> loot_table\blocks\infested_cobblestone.json
[2026, 9, 25, 11, 55, 14] ;;; compileLootTables;     --> loot_table\blocks\infested_cracked_stone_bricks.json
[2026, 9, 25, 11, 55, 14] ;;; compileLootTables;     --> loot_table\blocks\infested_deepslate.json
[2026, 9, 25, 11, 55, 14] ;;; compileLootTables;     --> loot_table\blocks\infested_mossy_stone_bricks.json
[2026, 9, 25, 11, 55, 14] ;;; compileLootTables;     --> loot_table\blocks\infested_stone.json
[2026, 9, 25, 11, 55, 14] ;;; compileLootTables;     --> loot_table\blocks\infested_stone_bricks.json
[2026, 9, 25, 11, 55, 14] ;;; compileLootTables;     --> loot_table\blocks\iron_bars.json
[2026, 9, 25, 11, 55, 14] ;;; compileLootTables;     --> loot_table\blocks\iron_block.json
[2026, 9, 25, 11, 55, 14] ;;; compileLootTables;     --> loot_table\blocks\iron_chain.json
[2026, 9, 25, 11, 55, 14] ;;; compileLootTables;     --> loot_table\blocks\iron_door.json
[2026, 9, 25, 11, 55, 14] ;;; compileLootTables;     --> loot_table\blocks\iron_ore.json
[2026, 9, 25, 11, 55, 14] ;;; compileLootTables;     --> loot_table\blocks\iron_trapdoor.json
[2026, 9, 25, 11, 55, 14] ;;; compileLootTables;     --> loot_table\blocks\jack_o_lantern.json
[2026, 9, 25, 11, 55, 14] ;;; compileLootTables;     --> loot_table\blocks\jukebox.json
[2026, 9, 25, 11, 55, 14] ;;; compileLootTables;     --> loot_table\blocks\jungle_button.json
[2026, 9, 25, 11, 55, 14] ;;; compileLootTables;     --> loot_table\blocks\jungle_door.json
[2026, 9, 25, 11, 55, 14] ;;; compileLootTables;     --> loot_table\blocks\jungle_fence.json
[2026, 9, 25, 11, 55, 14] ;;; compileLootTables;     --> loot_table\blocks\jungle_fence_gate.json
[2026, 9, 25, 11, 55, 14] ;;; compileLootTables;     --> loot_table\blocks\jungle_hanging_sign.json
[2026, 9, 25, 11, 55, 14] ;;; compileLootTables;     --> loot_table\blocks\jungle_leaves.json
[2026, 9, 25, 11, 55, 14] ;;; compileLootTables;     --> loot_table\blocks\jungle_log.json
[2026, 9, 25, 11, 55, 14] ;;; compileLootTables;     --> loot_table\blocks\jungle_planks.json
[2026, 9, 25, 11, 55, 14] ;;; compileLootTables;     --> loot_table\blocks\jungle_pressure_plate.json
[2026, 9, 25, 11, 55, 14] ;;; compileLootTables;     --> loot_table\blocks\jungle_sapling.json
[2026, 9, 25, 11, 55, 14] ;;; compileLootTables;     --> loot_table\blocks\jungle_shelf.json
[2026, 9, 25, 11, 55, 14] ;;; compileLootTables;     --> loot_table\blocks\jungle_sign.json
[2026, 9, 25, 11, 55, 14] ;;; compileLootTables;     --> loot_table\blocks\jungle_slab.json
[2026, 9, 25, 11, 55, 14] ;;; compileLootTables;     --> loot_table\blocks\jungle_stairs.json
[2026, 9, 25, 11, 55, 14] ;;; compileLootTables;     --> loot_table\blocks\jungle_trapdoor.json
[2026, 9, 25, 11, 55, 14] ;;; compileLootTables;     --> loot_table\blocks\jungle_wood.json
[2026, 9, 25, 11, 55, 14] ;;; compileLootTables;     --> loot_table\blocks\kelp.json
[2026, 9, 25, 11, 55, 14] ;;; compileLootTables;     --> loot_table\blocks\kelp_plant.json
[2026, 9, 25, 11, 55, 14] ;;; compileLootTables;     --> loot_table\blocks\ladder.json
[2026, 9, 25, 11, 55, 14] ;;; compileLootTables;     --> loot_table\blocks\lantern.json
[2026, 9, 25, 11, 55, 14] ;;; compileLootTables;     --> loot_table\blocks\lapis_block.json
[2026, 9, 25, 11, 55, 14] ;;; compileLootTables;     --> loot_table\blocks\lapis_ore.json
[2026, 9, 25, 11, 55, 14] ;;; compileLootTables;     --> loot_table\blocks\large_amethyst_bud.json
[2026, 9, 25, 11, 55, 14] ;;; compileLootTables;     --> loot_table\blocks\large_fern.json
[2026, 9, 25, 11, 55, 14] ;;; compileLootTables;     --> loot_table\blocks\lava_cauldron.json
[2026, 9, 25, 11, 55, 14] ;;; compileLootTables;     --> loot_table\blocks\leaf_litter.json
[2026, 9, 25, 11, 55, 14] ;;; compileLootTables;     --> loot_table\blocks\lectern.json
[2026, 9, 25, 11, 55, 14] ;;; compileLootTables;     --> loot_table\blocks\lever.json
[2026, 9, 25, 11, 55, 14] ;;; compileLootTables;     --> loot_table\blocks\lightning_rod.json
[2026, 9, 25, 11, 55, 14] ;;; compileLootTables;     --> loot_table\blocks\light_blue_banner.json
[2026, 9, 25, 11, 55, 14] ;;; compileLootTables;     --> loot_table\blocks\light_blue_bed.json
[2026, 9, 25, 11, 55, 14] ;;; compileLootTables;     --> loot_table\blocks\light_blue_candle.json
[2026, 9, 25, 11, 55, 14] ;;; compileLootTables;     --> loot_table\blocks\light_blue_candle_cake.json
[2026, 9, 25, 11, 55, 14] ;;; compileLootTables;     --> loot_table\blocks\light_blue_carpet.json
[2026, 9, 25, 11, 55, 14] ;;; compileLootTables;     --> loot_table\blocks\light_blue_concrete.json
[2026, 9, 25, 11, 55, 14] ;;; compileLootTables;     --> loot_table\blocks\light_blue_concrete_powder.json
[2026, 9, 25, 11, 55, 14] ;;; compileLootTables;     --> loot_table\blocks\light_blue_glazed_terracotta.json
[2026, 9, 25, 11, 55, 14] ;;; compileLootTables;     --> loot_table\blocks\light_blue_shulker_box.json
[2026, 9, 25, 11, 55, 14] ;;; compileLootTables;     --> loot_table\blocks\light_blue_stained_glass.json
[2026, 9, 25, 11, 55, 14] ;;; compileLootTables;     --> loot_table\blocks\light_blue_stained_glass_pane.json
[2026, 9, 25, 11, 55, 14] ;;; compileLootTables;     --> loot_table\blocks\light_blue_terracotta.json
[2026, 9, 25, 11, 55, 14] ;;; compileLootTables;     --> loot_table\blocks\light_blue_wool.json
[2026, 9, 25, 11, 55, 14] ;;; compileLootTables;     --> loot_table\blocks\light_gray_banner.json
[2026, 9, 25, 11, 55, 14] ;;; compileLootTables;     --> loot_table\blocks\light_gray_bed.json
[2026, 9, 25, 11, 55, 14] ;;; compileLootTables;     --> loot_table\blocks\light_gray_candle.json
[2026, 9, 25, 11, 55, 14] ;;; compileLootTables;     --> loot_table\blocks\light_gray_candle_cake.json
[2026, 9, 25, 11, 55, 14] ;;; compileLootTables;     --> loot_table\blocks\light_gray_carpet.json
[2026, 9, 25, 11, 55, 14] ;;; compileLootTables;     --> loot_table\blocks\light_gray_concrete.json
[2026, 9, 25, 11, 55, 14] ;;; compileLootTables;     --> loot_table\blocks\light_gray_concrete_powder.json
[2026, 9, 25, 11, 55, 14] ;;; compileLootTables;     --> loot_table\blocks\light_gray_glazed_terracotta.json
[2026, 9, 25, 11, 55, 14] ;;; compileLootTables;     --> loot_table\blocks\light_gray_shulker_box.json
[2026, 9, 25, 11, 55, 14] ;;; compileLootTables;     --> loot_table\blocks\light_gray_stained_glass.json
[2026, 9, 25, 11, 55, 14] ;;; compileLootTables;     --> loot_table\blocks\light_gray_stained_glass_pane.json
[2026, 9, 25, 11, 55, 14] ;;; compileLootTables;     --> loot_table\blocks\light_gray_terracotta.json
[2026, 9, 25, 11, 55, 14] ;;; compileLootTables;     --> loot_table\blocks\light_gray_wool.json
[2026, 9, 25, 11, 55, 14] ;;; compileLootTables;     --> loot_table\blocks\light_weighted_pressure_plate.json
[2026, 9, 25, 11, 55, 14] ;;; compileLootTables;     --> loot_table\blocks\lilac.json
[2026, 9, 25, 11, 55, 14] ;;; compileLootTables;     --> loot_table\blocks\lily_of_the_valley.json
[2026, 9, 25, 11, 55, 14] ;;; compileLootTables;     --> loot_table\blocks\lily_pad.json
[2026, 9, 25, 11, 55, 14] ;;; compileLootTables;     --> loot_table\blocks\lime_banner.json
[2026, 9, 25, 11, 55, 14] ;;; compileLootTables;     --> loot_table\blocks\lime_bed.json
[2026, 9, 25, 11, 55, 14] ;;; compileLootTables;     --> loot_table\blocks\lime_candle.json
[2026, 9, 25, 11, 55, 14] ;;; compileLootTables;     --> loot_table\blocks\lime_candle_cake.json
[2026, 9, 25, 11, 55, 14] ;;; compileLootTables;     --> loot_table\blocks\lime_carpet.json
[2026, 9, 25, 11, 55, 14] ;;; compileLootTables;     --> loot_table\blocks\lime_concrete.json
[2026, 9, 25, 11, 55, 14] ;;; compileLootTables;     --> loot_table\blocks\lime_concrete_powder.json
[2026, 9, 25, 11, 55, 14] ;;; compileLootTables;     --> loot_table\blocks\lime_glazed_terracotta.json
[2026, 9, 25, 11, 55, 14] ;;; compileLootTables;     --> loot_table\blocks\lime_shulker_box.json
[2026, 9, 25, 11, 55, 14] ;;; compileLootTables;     --> loot_table\blocks\lime_stained_glass.json
[2026, 9, 25, 11, 55, 14] ;;; compileLootTables;     --> loot_table\blocks\lime_stained_glass_pane.json
[2026, 9, 25, 11, 55, 14] ;;; compileLootTables;     --> loot_table\blocks\lime_terracotta.json
[2026, 9, 25, 11, 55, 14] ;;; compileLootTables;     --> loot_table\blocks\lime_wool.json
[2026, 9, 25, 11, 55, 14] ;;; compileLootTables;     --> loot_table\blocks\lodestone.json
[2026, 9, 25, 11, 55, 14] ;;; compileLootTables;     --> loot_table\blocks\loom.json
[2026, 9, 25, 11, 55, 14] ;;; compileLootTables;     --> loot_table\blocks\magenta_banner.json
[2026, 9, 25, 11, 55, 14] ;;; compileLootTables;     --> loot_table\blocks\magenta_bed.json
[2026, 9, 25, 11, 55, 14] ;;; compileLootTables;     --> loot_table\blocks\magenta_candle.json
[2026, 9, 25, 11, 55, 14] ;;; compileLootTables;     --> loot_table\blocks\magenta_candle_cake.json
[2026, 9, 25, 11, 55, 14] ;;; compileLootTables;     --> loot_table\blocks\magenta_carpet.json
[2026, 9, 25, 11, 55, 14] ;;; compileLootTables;     --> loot_table\blocks\magenta_concrete.json
[2026, 9, 25, 11, 55, 14] ;;; compileLootTables;     --> loot_table\blocks\magenta_concrete_powder.json
[2026, 9, 25, 11, 55, 14] ;;; compileLootTables;     --> loot_table\blocks\magenta_glazed_terracotta.json
[2026, 9, 25, 11, 55, 14] ;;; compileLootTables;     --> loot_table\blocks\magenta_shulker_box.json
[2026, 9, 25, 11, 55, 14] ;;; compileLootTables;     --> loot_table\blocks\magenta_stained_glass.json
[2026, 9, 25, 11, 55, 14] ;;; compileLootTables;     --> loot_table\blocks\magenta_stained_glass_pane.json
[2026, 9, 25, 11, 55, 14] ;;; compileLootTables;     --> loot_table\blocks\magenta_terracotta.json
[2026, 9, 25, 11, 55, 14] ;;; compileLootTables;     --> loot_table\blocks\magenta_wool.json
[2026, 9, 25, 11, 55, 14] ;;; compileLootTables;     --> loot_table\blocks\magma_block.json
[2026, 9, 25, 11, 55, 14] ;;; compileLootTables;     --> loot_table\blocks\mangrove_button.json
[2026, 9, 25, 11, 55, 14] ;;; compileLootTables;     --> loot_table\blocks\mangrove_door.json
[2026, 9, 25, 11, 55, 14] ;;; compileLootTables;     --> loot_table\blocks\mangrove_fence.json
[2026, 9, 25, 11, 55, 14] ;;; compileLootTables;     --> loot_table\blocks\mangrove_fence_gate.json
[2026, 9, 25, 11, 55, 14] ;;; compileLootTables;     --> loot_table\blocks\mangrove_hanging_sign.json
[2026, 9, 25, 11, 55, 14] ;;; compileLootTables;     --> loot_table\blocks\mangrove_leaves.json
[2026, 9, 25, 11, 55, 14] ;;; compileLootTables;     --> loot_table\blocks\mangrove_log.json
[2026, 9, 25, 11, 55, 14] ;;; compileLootTables;     --> loot_table\blocks\mangrove_planks.json
[2026, 9, 25, 11, 55, 14] ;;; compileLootTables;     --> loot_table\blocks\mangrove_pressure_plate.json
[2026, 9, 25, 11, 55, 14] ;;; compileLootTables;     --> loot_table\blocks\mangrove_propagule.json
[2026, 9, 25, 11, 55, 14] ;;; compileLootTables;     --> loot_table\blocks\mangrove_roots.json
[2026, 9, 25, 11, 55, 14] ;;; compileLootTables;     --> loot_table\blocks\mangrove_shelf.json
[2026, 9, 25, 11, 55, 14] ;;; compileLootTables;     --> loot_table\blocks\mangrove_sign.json
[2026, 9, 25, 11, 55, 14] ;;; compileLootTables;     --> loot_table\blocks\mangrove_slab.json
[2026, 9, 25, 11, 55, 14] ;;; compileLootTables;     --> loot_table\blocks\mangrove_stairs.json
[2026, 9, 25, 11, 55, 14] ;;; compileLootTables;     --> loot_table\blocks\mangrove_trapdoor.json
[2026, 9, 25, 11, 55, 14] ;;; compileLootTables;     --> loot_table\blocks\mangrove_wood.json
[2026, 9, 25, 11, 55, 14] ;;; compileLootTables;     --> loot_table\blocks\medium_amethyst_bud.json
[2026, 9, 25, 11, 55, 14] ;;; compileLootTables;     --> loot_table\blocks\melon.json
[2026, 9, 25, 11, 55, 14] ;;; compileLootTables;     --> loot_table\blocks\melon_stem.json
[2026, 9, 25, 11, 55, 14] ;;; compileLootTables;     --> loot_table\blocks\mossy_cobblestone.json
[2026, 9, 25, 11, 55, 14] ;;; compileLootTables;     --> loot_table\blocks\mossy_cobblestone_slab.json
[2026, 9, 25, 11, 55, 14] ;;; compileLootTables;     --> loot_table\blocks\mossy_cobblestone_stairs.json
[2026, 9, 25, 11, 55, 14] ;;; compileLootTables;     --> loot_table\blocks\mossy_cobblestone_wall.json
[2026, 9, 25, 11, 55, 14] ;;; compileLootTables;     --> loot_table\blocks\mossy_stone_bricks.json
[2026, 9, 25, 11, 55, 14] ;;; compileLootTables;     --> loot_table\blocks\mossy_stone_brick_slab.json
[2026, 9, 25, 11, 55, 14] ;;; compileLootTables;     --> loot_table\blocks\mossy_stone_brick_stairs.json
[2026, 9, 25, 11, 55, 14] ;;; compileLootTables;     --> loot_table\blocks\mossy_stone_brick_wall.json
[2026, 9, 25, 11, 55, 14] ;;; compileLootTables;     --> loot_table\blocks\moss_block.json
[2026, 9, 25, 11, 55, 14] ;;; compileLootTables;     --> loot_table\blocks\moss_carpet.json
[2026, 9, 25, 11, 55, 14] ;;; compileLootTables;     --> loot_table\blocks\mud.json
[2026, 9, 25, 11, 55, 14] ;;; compileLootTables;     --> loot_table\blocks\muddy_mangrove_roots.json
[2026, 9, 25, 11, 55, 14] ;;; compileLootTables;     --> loot_table\blocks\mud_bricks.json
[2026, 9, 25, 11, 55, 14] ;;; compileLootTables;     --> loot_table\blocks\mud_brick_slab.json
[2026, 9, 25, 11, 55, 14] ;;; compileLootTables;     --> loot_table\blocks\mud_brick_stairs.json
[2026, 9, 25, 11, 55, 14] ;;; compileLootTables;     --> loot_table\blocks\mud_brick_wall.json
[2026, 9, 25, 11, 55, 14] ;;; compileLootTables;     --> loot_table\blocks\mushroom_stem.json
[2026, 9, 25, 11, 55, 14] ;;; compileLootTables;     --> loot_table\blocks\mycelium.json
[2026, 9, 25, 11, 55, 14] ;;; compileLootTables;     --> loot_table\blocks\netherite_block.json
[2026, 9, 25, 11, 55, 15] ;;; compileLootTables;     --> loot_table\blocks\netherrack.json
[2026, 9, 25, 11, 55, 15] ;;; compileLootTables;     --> loot_table\blocks\nether_bricks.json
[2026, 9, 25, 11, 55, 15] ;;; compileLootTables;     --> loot_table\blocks\nether_brick_fence.json
[2026, 9, 25, 11, 55, 15] ;;; compileLootTables;     --> loot_table\blocks\nether_brick_slab.json
[2026, 9, 25, 11, 55, 15] ;;; compileLootTables;     --> loot_table\blocks\nether_brick_stairs.json
[2026, 9, 25, 11, 55, 15] ;;; compileLootTables;     --> loot_table\blocks\nether_brick_wall.json
[2026, 9, 25, 11, 55, 15] ;;; compileLootTables;     --> loot_table\blocks\nether_gold_ore.json
[2026, 9, 25, 11, 55, 15] ;;; compileLootTables;     --> loot_table\blocks\nether_portal.json
[2026, 9, 25, 11, 55, 15] ;;; compileLootTables;     --> loot_table\blocks\nether_quartz_ore.json
[2026, 9, 25, 11, 55, 15] ;;; compileLootTables;     --> loot_table\blocks\nether_sprouts.json
[2026, 9, 25, 11, 55, 15] ;;; compileLootTables;     --> loot_table\blocks\nether_wart.json
[2026, 9, 25, 11, 55, 15] ;;; compileLootTables;     --> loot_table\blocks\nether_wart_block.json
[2026, 9, 25, 11, 55, 15] ;;; compileLootTables;     --> loot_table\blocks\note_block.json
[2026, 9, 25, 11, 55, 15] ;;; compileLootTables;     --> loot_table\blocks\oak_button.json
[2026, 9, 25, 11, 55, 15] ;;; compileLootTables;     --> loot_table\blocks\oak_door.json
[2026, 9, 25, 11, 55, 15] ;;; compileLootTables;     --> loot_table\blocks\oak_fence.json
[2026, 9, 25, 11, 55, 15] ;;; compileLootTables;     --> loot_table\blocks\oak_fence_gate.json
[2026, 9, 25, 11, 55, 15] ;;; compileLootTables;     --> loot_table\blocks\oak_hanging_sign.json
[2026, 9, 25, 11, 55, 15] ;;; compileLootTables;     --> loot_table\blocks\oak_leaves.json
[2026, 9, 25, 11, 55, 15] ;;; compileLootTables;     --> loot_table\blocks\oak_log.json
[2026, 9, 25, 11, 55, 15] ;;; compileLootTables;     --> loot_table\blocks\oak_planks.json
[2026, 9, 25, 11, 55, 15] ;;; compileLootTables;     --> loot_table\blocks\oak_pressure_plate.json
[2026, 9, 25, 11, 55, 15] ;;; compileLootTables;     --> loot_table\blocks\oak_sapling.json
[2026, 9, 25, 11, 55, 15] ;;; compileLootTables;     --> loot_table\blocks\oak_shelf.json
[2026, 9, 25, 11, 55, 15] ;;; compileLootTables;     --> loot_table\blocks\oak_sign.json
[2026, 9, 25, 11, 55, 15] ;;; compileLootTables;     --> loot_table\blocks\oak_slab.json
[2026, 9, 25, 11, 55, 15] ;;; compileLootTables;     --> loot_table\blocks\oak_stairs.json
[2026, 9, 25, 11, 55, 15] ;;; compileLootTables;     --> loot_table\blocks\oak_trapdoor.json
[2026, 9, 25, 11, 55, 15] ;;; compileLootTables;     --> loot_table\blocks\oak_wood.json
[2026, 9, 25, 11, 55, 15] ;;; compileLootTables;     --> loot_table\blocks\observer.json
[2026, 9, 25, 11, 55, 15] ;;; compileLootTables;     --> loot_table\blocks\obsidian.json
[2026, 9, 25, 11, 55, 15] ;;; compileLootTables;     --> loot_table\blocks\ochre_froglight.json
[2026, 9, 25, 11, 55, 15] ;;; compileLootTables;     --> loot_table\blocks\open_eyeblossom.json
[2026, 9, 25, 11, 55, 15] ;;; compileLootTables;     --> loot_table\blocks\orange_banner.json
[2026, 9, 25, 11, 55, 15] ;;; compileLootTables;     --> loot_table\blocks\orange_bed.json
[2026, 9, 25, 11, 55, 15] ;;; compileLootTables;     --> loot_table\blocks\orange_candle.json
[2026, 9, 25, 11, 55, 15] ;;; compileLootTables;     --> loot_table\blocks\orange_candle_cake.json
[2026, 9, 25, 11, 55, 15] ;;; compileLootTables;     --> loot_table\blocks\orange_carpet.json
[2026, 9, 25, 11, 55, 15] ;;; compileLootTables;     --> loot_table\blocks\orange_concrete.json
[2026, 9, 25, 11, 55, 15] ;;; compileLootTables;     --> loot_table\blocks\orange_concrete_powder.json
[2026, 9, 25, 11, 55, 15] ;;; compileLootTables;     --> loot_table\blocks\orange_glazed_terracotta.json
[2026, 9, 25, 11, 55, 15] ;;; compileLootTables;     --> loot_table\blocks\orange_shulker_box.json
[2026, 9, 25, 11, 55, 15] ;;; compileLootTables;     --> loot_table\blocks\orange_stained_glass.json
[2026, 9, 25, 11, 55, 15] ;;; compileLootTables;     --> loot_table\blocks\orange_stained_glass_pane.json
[2026, 9, 25, 11, 55, 15] ;;; compileLootTables;     --> loot_table\blocks\orange_terracotta.json
[2026, 9, 25, 11, 55, 15] ;;; compileLootTables;     --> loot_table\blocks\orange_tulip.json
[2026, 9, 25, 11, 55, 15] ;;; compileLootTables;     --> loot_table\blocks\orange_wool.json
[2026, 9, 25, 11, 55, 15] ;;; compileLootTables;     --> loot_table\blocks\oxeye_daisy.json
[2026, 9, 25, 11, 55, 15] ;;; compileLootTables;     --> loot_table\blocks\oxidized_chiseled_copper.json
[2026, 9, 25, 11, 55, 15] ;;; compileLootTables;     --> loot_table\blocks\oxidized_copper.json
[2026, 9, 25, 11, 55, 15] ;;; compileLootTables;     --> loot_table\blocks\oxidized_copper_bars.json
[2026, 9, 25, 11, 55, 15] ;;; compileLootTables;     --> loot_table\blocks\oxidized_copper_bulb.json
[2026, 9, 25, 11, 55, 15] ;;; compileLootTables;     --> loot_table\blocks\oxidized_copper_chain.json
[2026, 9, 25, 11, 55, 15] ;;; compileLootTables;     --> loot_table\blocks\oxidized_copper_chest.json
[2026, 9, 25, 11, 55, 15] ;;; compileLootTables;     --> loot_table\blocks\oxidized_copper_door.json
[2026, 9, 25, 11, 55, 15] ;;; compileLootTables;     --> loot_table\blocks\oxidized_copper_golem_statue.json
[2026, 9, 25, 11, 55, 15] ;;; compileLootTables;     --> loot_table\blocks\oxidized_copper_grate.json
[2026, 9, 25, 11, 55, 15] ;;; compileLootTables;     --> loot_table\blocks\oxidized_copper_lantern.json
[2026, 9, 25, 11, 55, 15] ;;; compileLootTables;     --> loot_table\blocks\oxidized_copper_trapdoor.json
[2026, 9, 25, 11, 55, 15] ;;; compileLootTables;     --> loot_table\blocks\oxidized_cut_copper.json
[2026, 9, 25, 11, 55, 15] ;;; compileLootTables;     --> loot_table\blocks\oxidized_cut_copper_slab.json
[2026, 9, 25, 11, 55, 15] ;;; compileLootTables;     --> loot_table\blocks\oxidized_cut_copper_stairs.json
[2026, 9, 25, 11, 55, 15] ;;; compileLootTables;     --> loot_table\blocks\oxidized_lightning_rod.json
[2026, 9, 25, 11, 55, 15] ;;; compileLootTables;     --> loot_table\blocks\packed_ice.json
[2026, 9, 25, 11, 55, 15] ;;; compileLootTables;     --> loot_table\blocks\packed_mud.json
[2026, 9, 25, 11, 55, 15] ;;; compileLootTables;     --> loot_table\blocks\pale_hanging_moss.json
[2026, 9, 25, 11, 55, 15] ;;; compileLootTables;     --> loot_table\blocks\pale_moss_block.json
[2026, 9, 25, 11, 55, 15] ;;; compileLootTables;     --> loot_table\blocks\pale_moss_carpet.json
[2026, 9, 25, 11, 55, 15] ;;; compileLootTables;     --> loot_table\blocks\pale_oak_button.json
[2026, 9, 25, 11, 55, 15] ;;; compileLootTables;     --> loot_table\blocks\pale_oak_door.json
[2026, 9, 25, 11, 55, 15] ;;; compileLootTables;     --> loot_table\blocks\pale_oak_fence.json
[2026, 9, 25, 11, 55, 15] ;;; compileLootTables;     --> loot_table\blocks\pale_oak_fence_gate.json
[2026, 9, 25, 11, 55, 15] ;;; compileLootTables;     --> loot_table\blocks\pale_oak_hanging_sign.json
[2026, 9, 25, 11, 55, 15] ;;; compileLootTables;     --> loot_table\blocks\pale_oak_leaves.json
[2026, 9, 25, 11, 55, 15] ;;; compileLootTables;     --> loot_table\blocks\pale_oak_log.json
[2026, 9, 25, 11, 55, 15] ;;; compileLootTables;     --> loot_table\blocks\pale_oak_planks.json
[2026, 9, 25, 11, 55, 15] ;;; compileLootTables;     --> loot_table\blocks\pale_oak_pressure_plate.json
[2026, 9, 25, 11, 55, 15] ;;; compileLootTables;     --> loot_table\blocks\pale_oak_sapling.json
[2026, 9, 25, 11, 55, 15] ;;; compileLootTables;     --> loot_table\blocks\pale_oak_shelf.json
[2026, 9, 25, 11, 55, 15] ;;; compileLootTables;     --> loot_table\blocks\pale_oak_sign.json
[2026, 9, 25, 11, 55, 15] ;;; compileLootTables;     --> loot_table\blocks\pale_oak_slab.json
[2026, 9, 25, 11, 55, 15] ;;; compileLootTables;     --> loot_table\blocks\pale_oak_stairs.json
[2026, 9, 25, 11, 55, 15] ;;; compileLootTables;     --> loot_table\blocks\pale_oak_trapdoor.json
[2026, 9, 25, 11, 55, 15] ;;; compileLootTables;     --> loot_table\blocks\pale_oak_wood.json
[2026, 9, 25, 11, 55, 15] ;;; compileLootTables;     --> loot_table\blocks\pearlescent_froglight.json
[2026, 9, 25, 11, 55, 15] ;;; compileLootTables;     --> loot_table\blocks\peony.json
[2026, 9, 25, 11, 55, 15] ;;; compileLootTables;     --> loot_table\blocks\petrified_oak_slab.json
[2026, 9, 25, 11, 55, 15] ;;; compileLootTables;     --> loot_table\blocks\piglin_head.json
[2026, 9, 25, 11, 55, 15] ;;; compileLootTables;     --> loot_table\blocks\pink_banner.json
[2026, 9, 25, 11, 55, 15] ;;; compileLootTables;     --> loot_table\blocks\pink_bed.json
[2026, 9, 25, 11, 55, 15] ;;; compileLootTables;     --> loot_table\blocks\pink_candle.json
[2026, 9, 25, 11, 55, 15] ;;; compileLootTables;     --> loot_table\blocks\pink_candle_cake.json
[2026, 9, 25, 11, 55, 15] ;;; compileLootTables;     --> loot_table\blocks\pink_carpet.json
[2026, 9, 25, 11, 55, 15] ;;; compileLootTables;     --> loot_table\blocks\pink_concrete.json
[2026, 9, 25, 11, 55, 15] ;;; compileLootTables;     --> loot_table\blocks\pink_concrete_powder.json
[2026, 9, 25, 11, 55, 15] ;;; compileLootTables;     --> loot_table\blocks\pink_glazed_terracotta.json
[2026, 9, 25, 11, 55, 15] ;;; compileLootTables;     --> loot_table\blocks\pink_petals.json
[2026, 9, 25, 11, 55, 15] ;;; compileLootTables;     --> loot_table\blocks\pink_shulker_box.json
[2026, 9, 25, 11, 55, 15] ;;; compileLootTables;     --> loot_table\blocks\pink_stained_glass.json
[2026, 9, 25, 11, 55, 15] ;;; compileLootTables;     --> loot_table\blocks\pink_stained_glass_pane.json
[2026, 9, 25, 11, 55, 15] ;;; compileLootTables;     --> loot_table\blocks\pink_terracotta.json
[2026, 9, 25, 11, 55, 15] ;;; compileLootTables;     --> loot_table\blocks\pink_tulip.json
[2026, 9, 25, 11, 55, 15] ;;; compileLootTables;     --> loot_table\blocks\pink_wool.json
[2026, 9, 25, 11, 55, 15] ;;; compileLootTables;     --> loot_table\blocks\piston.json
[2026, 9, 25, 11, 55, 15] ;;; compileLootTables;     --> loot_table\blocks\pitcher_crop.json
[2026, 9, 25, 11, 55, 15] ;;; compileLootTables;     --> loot_table\blocks\pitcher_plant.json
[2026, 9, 25, 11, 55, 15] ;;; compileLootTables;     --> loot_table\blocks\player_head.json
[2026, 9, 25, 11, 55, 15] ;;; compileLootTables;     --> loot_table\blocks\podzol.json
[2026, 9, 25, 11, 55, 15] ;;; compileLootTables;     --> loot_table\blocks\pointed_dripstone.json
[2026, 9, 25, 11, 55, 15] ;;; compileLootTables;     --> loot_table\blocks\polished_andesite.json
[2026, 9, 25, 11, 55, 15] ;;; compileLootTables;     --> loot_table\blocks\polished_andesite_slab.json
[2026, 9, 25, 11, 55, 15] ;;; compileLootTables;     --> loot_table\blocks\polished_andesite_stairs.json
[2026, 9, 25, 11, 55, 15] ;;; compileLootTables;     --> loot_table\blocks\polished_basalt.json
[2026, 9, 25, 11, 55, 15] ;;; compileLootTables;     --> loot_table\blocks\polished_blackstone.json
[2026, 9, 25, 11, 55, 15] ;;; compileLootTables;     --> loot_table\blocks\polished_blackstone_bricks.json
[2026, 9, 25, 11, 55, 15] ;;; compileLootTables;     --> loot_table\blocks\polished_blackstone_brick_slab.json
[2026, 9, 25, 11, 55, 15] ;;; compileLootTables;     --> loot_table\blocks\polished_blackstone_brick_stairs.json
[2026, 9, 25, 11, 55, 15] ;;; compileLootTables;     --> loot_table\blocks\polished_blackstone_brick_wall.json
[2026, 9, 25, 11, 55, 15] ;;; compileLootTables;     --> loot_table\blocks\polished_blackstone_button.json
[2026, 9, 25, 11, 55, 15] ;;; compileLootTables;     --> loot_table\blocks\polished_blackstone_pressure_plate.json
[2026, 9, 25, 11, 55, 15] ;;; compileLootTables;     --> loot_table\blocks\polished_blackstone_slab.json
[2026, 9, 25, 11, 55, 15] ;;; compileLootTables;     --> loot_table\blocks\polished_blackstone_stairs.json
[2026, 9, 25, 11, 55, 15] ;;; compileLootTables;     --> loot_table\blocks\polished_blackstone_wall.json
[2026, 9, 25, 11, 55, 15] ;;; compileLootTables;     --> loot_table\blocks\polished_deepslate.json
[2026, 9, 25, 11, 55, 15] ;;; compileLootTables;     --> loot_table\blocks\polished_deepslate_slab.json
[2026, 9, 25, 11, 55, 15] ;;; compileLootTables;     --> loot_table\blocks\polished_deepslate_stairs.json
[2026, 9, 25, 11, 55, 15] ;;; compileLootTables;     --> loot_table\blocks\polished_deepslate_wall.json
[2026, 9, 25, 11, 55, 15] ;;; compileLootTables;     --> loot_table\blocks\polished_diorite.json
[2026, 9, 25, 11, 55, 15] ;;; compileLootTables;     --> loot_table\blocks\polished_diorite_slab.json
[2026, 9, 25, 11, 55, 15] ;;; compileLootTables;     --> loot_table\blocks\polished_diorite_stairs.json
[2026, 9, 25, 11, 55, 15] ;;; compileLootTables;     --> loot_table\blocks\polished_granite.json
[2026, 9, 25, 11, 55, 15] ;;; compileLootTables;     --> loot_table\blocks\polished_granite_slab.json
[2026, 9, 25, 11, 55, 15] ;;; compileLootTables;     --> loot_table\blocks\polished_granite_stairs.json
[2026, 9, 25, 11, 55, 15] ;;; compileLootTables;     --> loot_table\blocks\polished_tuff.json
[2026, 9, 25, 11, 55, 15] ;;; compileLootTables;     --> loot_table\blocks\polished_tuff_slab.json
[2026, 9, 25, 11, 55, 15] ;;; compileLootTables;     --> loot_table\blocks\polished_tuff_stairs.json
[2026, 9, 25, 11, 55, 15] ;;; compileLootTables;     --> loot_table\blocks\polished_tuff_wall.json
[2026, 9, 25, 11, 55, 15] ;;; compileLootTables;     --> loot_table\blocks\poppy.json
[2026, 9, 25, 11, 55, 15] ;;; compileLootTables;     --> loot_table\blocks\potatoes.json
[2026, 9, 25, 11, 55, 15] ;;; compileLootTables;     --> loot_table\blocks\potted_acacia_sapling.json
[2026, 9, 25, 11, 55, 15] ;;; compileLootTables;     --> loot_table\blocks\potted_allium.json
[2026, 9, 25, 11, 55, 15] ;;; compileLootTables;     --> loot_table\blocks\potted_azalea_bush.json
[2026, 9, 25, 11, 55, 15] ;;; compileLootTables;     --> loot_table\blocks\potted_azure_bluet.json
[2026, 9, 25, 11, 55, 15] ;;; compileLootTables;     --> loot_table\blocks\potted_bamboo.json
[2026, 9, 25, 11, 55, 15] ;;; compileLootTables;     --> loot_table\blocks\potted_birch_sapling.json
[2026, 9, 25, 11, 55, 15] ;;; compileLootTables;     --> loot_table\blocks\potted_blue_orchid.json
[2026, 9, 25, 11, 55, 15] ;;; compileLootTables;     --> loot_table\blocks\potted_brown_mushroom.json
[2026, 9, 25, 11, 55, 15] ;;; compileLootTables;     --> loot_table\blocks\potted_cactus.json
[2026, 9, 25, 11, 55, 15] ;;; compileLootTables;     --> loot_table\blocks\potted_cherry_sapling.json
[2026, 9, 25, 11, 55, 16] ;;; compileLootTables;     --> loot_table\blocks\potted_closed_eyeblossom.json
[2026, 9, 25, 11, 55, 16] ;;; compileLootTables;     --> loot_table\blocks\potted_cornflower.json
[2026, 9, 25, 11, 55, 16] ;;; compileLootTables;     --> loot_table\blocks\potted_crimson_fungus.json
[2026, 9, 25, 11, 55, 16] ;;; compileLootTables;     --> loot_table\blocks\potted_crimson_roots.json
[2026, 9, 25, 11, 55, 16] ;;; compileLootTables;     --> loot_table\blocks\potted_dandelion.json
[2026, 9, 25, 11, 55, 16] ;;; compileLootTables;     --> loot_table\blocks\potted_dark_oak_sapling.json
[2026, 9, 25, 11, 55, 16] ;;; compileLootTables;     --> loot_table\blocks\potted_dead_bush.json
[2026, 9, 25, 11, 55, 16] ;;; compileLootTables;     --> loot_table\blocks\potted_fern.json
[2026, 9, 25, 11, 55, 16] ;;; compileLootTables;     --> loot_table\blocks\potted_flowering_azalea_bush.json
[2026, 9, 25, 11, 55, 16] ;;; compileLootTables;     --> loot_table\blocks\potted_golden_dandelion.json
[2026, 9, 25, 11, 55, 16] ;;; compileLootTables;     --> loot_table\blocks\potted_jungle_sapling.json
[2026, 9, 25, 11, 55, 16] ;;; compileLootTables;     --> loot_table\blocks\potted_lily_of_the_valley.json
[2026, 9, 25, 11, 55, 16] ;;; compileLootTables;     --> loot_table\blocks\potted_mangrove_propagule.json
[2026, 9, 25, 11, 55, 16] ;;; compileLootTables;     --> loot_table\blocks\potted_oak_sapling.json
[2026, 9, 25, 11, 55, 16] ;;; compileLootTables;     --> loot_table\blocks\potted_open_eyeblossom.json
[2026, 9, 25, 11, 55, 16] ;;; compileLootTables;     --> loot_table\blocks\potted_orange_tulip.json
[2026, 9, 25, 11, 55, 16] ;;; compileLootTables;     --> loot_table\blocks\potted_oxeye_daisy.json
[2026, 9, 25, 11, 55, 16] ;;; compileLootTables;     --> loot_table\blocks\potted_pale_oak_sapling.json
[2026, 9, 25, 11, 55, 16] ;;; compileLootTables;     --> loot_table\blocks\potted_pink_tulip.json
[2026, 9, 25, 11, 55, 16] ;;; compileLootTables;     --> loot_table\blocks\potted_poppy.json
[2026, 9, 25, 11, 55, 16] ;;; compileLootTables;     --> loot_table\blocks\potted_red_mushroom.json
[2026, 9, 25, 11, 55, 16] ;;; compileLootTables;     --> loot_table\blocks\potted_red_tulip.json
[2026, 9, 25, 11, 55, 16] ;;; compileLootTables;     --> loot_table\blocks\potted_spruce_sapling.json
[2026, 9, 25, 11, 55, 16] ;;; compileLootTables;     --> loot_table\blocks\potted_torchflower.json
[2026, 9, 25, 11, 55, 16] ;;; compileLootTables;     --> loot_table\blocks\potted_warped_fungus.json
[2026, 9, 25, 11, 55, 16] ;;; compileLootTables;     --> loot_table\blocks\potted_warped_roots.json
[2026, 9, 25, 11, 55, 16] ;;; compileLootTables;     --> loot_table\blocks\potted_white_tulip.json
[2026, 9, 25, 11, 55, 16] ;;; compileLootTables;     --> loot_table\blocks\potted_wither_rose.json
[2026, 9, 25, 11, 55, 16] ;;; compileLootTables;     --> loot_table\blocks\powder_snow.json
[2026, 9, 25, 11, 55, 16] ;;; compileLootTables;     --> loot_table\blocks\powder_snow_cauldron.json
[2026, 9, 25, 11, 55, 16] ;;; compileLootTables;     --> loot_table\blocks\powered_rail.json
[2026, 9, 25, 11, 55, 16] ;;; compileLootTables;     --> loot_table\blocks\prismarine.json
[2026, 9, 25, 11, 55, 16] ;;; compileLootTables;     --> loot_table\blocks\prismarine_bricks.json
[2026, 9, 25, 11, 55, 16] ;;; compileLootTables;     --> loot_table\blocks\prismarine_brick_slab.json
[2026, 9, 25, 11, 55, 16] ;;; compileLootTables;     --> loot_table\blocks\prismarine_brick_stairs.json
[2026, 9, 25, 11, 55, 16] ;;; compileLootTables;     --> loot_table\blocks\prismarine_slab.json
[2026, 9, 25, 11, 55, 16] ;;; compileLootTables;     --> loot_table\blocks\prismarine_stairs.json
[2026, 9, 25, 11, 55, 16] ;;; compileLootTables;     --> loot_table\blocks\prismarine_wall.json
[2026, 9, 25, 11, 55, 16] ;;; compileLootTables;     --> loot_table\blocks\pumpkin.json
[2026, 9, 25, 11, 55, 16] ;;; compileLootTables;     --> loot_table\blocks\pumpkin_stem.json
[2026, 9, 25, 11, 55, 16] ;;; compileLootTables;     --> loot_table\blocks\purple_banner.json
[2026, 9, 25, 11, 55, 16] ;;; compileLootTables;     --> loot_table\blocks\purple_bed.json
[2026, 9, 25, 11, 55, 16] ;;; compileLootTables;     --> loot_table\blocks\purple_candle.json
[2026, 9, 25, 11, 55, 16] ;;; compileLootTables;     --> loot_table\blocks\purple_candle_cake.json
[2026, 9, 25, 11, 55, 16] ;;; compileLootTables;     --> loot_table\blocks\purple_carpet.json
[2026, 9, 25, 11, 55, 16] ;;; compileLootTables;     --> loot_table\blocks\purple_concrete.json
[2026, 9, 25, 11, 55, 16] ;;; compileLootTables;     --> loot_table\blocks\purple_concrete_powder.json
[2026, 9, 25, 11, 55, 16] ;;; compileLootTables;     --> loot_table\blocks\purple_glazed_terracotta.json
[2026, 9, 25, 11, 55, 16] ;;; compileLootTables;     --> loot_table\blocks\purple_shulker_box.json
[2026, 9, 25, 11, 55, 16] ;;; compileLootTables;     --> loot_table\blocks\purple_stained_glass.json
[2026, 9, 25, 11, 55, 16] ;;; compileLootTables;     --> loot_table\blocks\purple_stained_glass_pane.json
[2026, 9, 25, 11, 55, 16] ;;; compileLootTables;     --> loot_table\blocks\purple_terracotta.json
[2026, 9, 25, 11, 55, 16] ;;; compileLootTables;     --> loot_table\blocks\purple_wool.json
[2026, 9, 25, 11, 55, 16] ;;; compileLootTables;     --> loot_table\blocks\purpur_block.json
[2026, 9, 25, 11, 55, 16] ;;; compileLootTables;     --> loot_table\blocks\purpur_pillar.json
[2026, 9, 25, 11, 55, 16] ;;; compileLootTables;     --> loot_table\blocks\purpur_slab.json
[2026, 9, 25, 11, 55, 16] ;;; compileLootTables;     --> loot_table\blocks\purpur_stairs.json
[2026, 9, 25, 11, 55, 16] ;;; compileLootTables;     --> loot_table\blocks\quartz_block.json
[2026, 9, 25, 11, 55, 16] ;;; compileLootTables;     --> loot_table\blocks\quartz_bricks.json
[2026, 9, 25, 11, 55, 16] ;;; compileLootTables;     --> loot_table\blocks\quartz_pillar.json
[2026, 9, 25, 11, 55, 16] ;;; compileLootTables;     --> loot_table\blocks\quartz_slab.json
[2026, 9, 25, 11, 55, 16] ;;; compileLootTables;     --> loot_table\blocks\quartz_stairs.json
[2026, 9, 25, 11, 55, 16] ;;; compileLootTables;     --> loot_table\blocks\rail.json
[2026, 9, 25, 11, 55, 16] ;;; compileLootTables;     --> loot_table\blocks\raw_copper_block.json
[2026, 9, 25, 11, 55, 16] ;;; compileLootTables;     --> loot_table\blocks\raw_gold_block.json
[2026, 9, 25, 11, 55, 16] ;;; compileLootTables;     --> loot_table\blocks\raw_iron_block.json
[2026, 9, 25, 11, 55, 16] ;;; compileLootTables;     --> loot_table\blocks\redstone_block.json
[2026, 9, 25, 11, 55, 16] ;;; compileLootTables;     --> loot_table\blocks\redstone_lamp.json
[2026, 9, 25, 11, 55, 16] ;;; compileLootTables;     --> loot_table\blocks\redstone_ore.json
[2026, 9, 25, 11, 55, 16] ;;; compileLootTables;     --> loot_table\blocks\redstone_torch.json
[2026, 9, 25, 11, 55, 16] ;;; compileLootTables;     --> loot_table\blocks\redstone_wire.json
[2026, 9, 25, 11, 55, 16] ;;; compileLootTables;     --> loot_table\blocks\red_banner.json
[2026, 9, 25, 11, 55, 16] ;;; compileLootTables;     --> loot_table\blocks\red_bed.json
[2026, 9, 25, 11, 55, 16] ;;; compileLootTables;     --> loot_table\blocks\red_candle.json
[2026, 9, 25, 11, 55, 16] ;;; compileLootTables;     --> loot_table\blocks\red_candle_cake.json
[2026, 9, 25, 11, 55, 16] ;;; compileLootTables;     --> loot_table\blocks\red_carpet.json
[2026, 9, 25, 11, 55, 16] ;;; compileLootTables;     --> loot_table\blocks\red_concrete.json
[2026, 9, 25, 11, 55, 16] ;;; compileLootTables;     --> loot_table\blocks\red_concrete_powder.json
[2026, 9, 25, 11, 55, 16] ;;; compileLootTables;     --> loot_table\blocks\red_glazed_terracotta.json
[2026, 9, 25, 11, 55, 16] ;;; compileLootTables;     --> loot_table\blocks\red_mushroom.json
[2026, 9, 25, 11, 55, 16] ;;; compileLootTables;     --> loot_table\blocks\red_mushroom_block.json
[2026, 9, 25, 11, 55, 16] ;;; compileLootTables;     --> loot_table\blocks\red_nether_bricks.json
[2026, 9, 25, 11, 55, 16] ;;; compileLootTables;     --> loot_table\blocks\red_nether_brick_slab.json
[2026, 9, 25, 11, 55, 16] ;;; compileLootTables;     --> loot_table\blocks\red_nether_brick_stairs.json
[2026, 9, 25, 11, 55, 16] ;;; compileLootTables;     --> loot_table\blocks\red_nether_brick_wall.json
[2026, 9, 25, 11, 55, 16] ;;; compileLootTables;     --> loot_table\blocks\red_sand.json
[2026, 9, 25, 11, 55, 16] ;;; compileLootTables;     --> loot_table\blocks\red_sandstone.json
[2026, 9, 25, 11, 55, 16] ;;; compileLootTables;     --> loot_table\blocks\red_sandstone_slab.json
[2026, 9, 25, 11, 55, 16] ;;; compileLootTables;     --> loot_table\blocks\red_sandstone_stairs.json
[2026, 9, 25, 11, 55, 16] ;;; compileLootTables;     --> loot_table\blocks\red_sandstone_wall.json
[2026, 9, 25, 11, 55, 16] ;;; compileLootTables;     --> loot_table\blocks\red_shulker_box.json
[2026, 9, 25, 11, 55, 16] ;;; compileLootTables;     --> loot_table\blocks\red_stained_glass.json
[2026, 9, 25, 11, 55, 16] ;;; compileLootTables;     --> loot_table\blocks\red_stained_glass_pane.json
[2026, 9, 25, 11, 55, 16] ;;; compileLootTables;     --> loot_table\blocks\red_terracotta.json
[2026, 9, 25, 11, 55, 16] ;;; compileLootTables;     --> loot_table\blocks\red_tulip.json
[2026, 9, 25, 11, 55, 16] ;;; compileLootTables;     --> loot_table\blocks\red_wool.json
[2026, 9, 25, 11, 55, 16] ;;; compileLootTables;     --> loot_table\blocks\reinforced_deepslate.json
[2026, 9, 25, 11, 55, 16] ;;; compileLootTables;     --> loot_table\blocks\repeater.json
[2026, 9, 25, 11, 55, 16] ;;; compileLootTables;     --> loot_table\blocks\resin_block.json
[2026, 9, 25, 11, 55, 16] ;;; compileLootTables;     --> loot_table\blocks\resin_bricks.json
[2026, 9, 25, 11, 55, 16] ;;; compileLootTables;     --> loot_table\blocks\resin_brick_slab.json
[2026, 9, 25, 11, 55, 16] ;;; compileLootTables;     --> loot_table\blocks\resin_brick_stairs.json
[2026, 9, 25, 11, 55, 16] ;;; compileLootTables;     --> loot_table\blocks\resin_brick_wall.json
[2026, 9, 25, 11, 55, 16] ;;; compileLootTables;     --> loot_table\blocks\resin_clump.json
[2026, 9, 25, 11, 55, 16] ;;; compileLootTables;     --> loot_table\blocks\respawn_anchor.json
[2026, 9, 25, 11, 55, 16] ;;; compileLootTables;     --> loot_table\blocks\rooted_dirt.json
[2026, 9, 25, 11, 55, 16] ;;; compileLootTables;     --> loot_table\blocks\rose_bush.json
[2026, 9, 25, 11, 55, 16] ;;; compileLootTables;     --> loot_table\blocks\sand.json
[2026, 9, 25, 11, 55, 16] ;;; compileLootTables;     --> loot_table\blocks\sandstone.json
[2026, 9, 25, 11, 55, 16] ;;; compileLootTables;     --> loot_table\blocks\sandstone_slab.json
[2026, 9, 25, 11, 55, 16] ;;; compileLootTables;     --> loot_table\blocks\sandstone_stairs.json
[2026, 9, 25, 11, 55, 16] ;;; compileLootTables;     --> loot_table\blocks\sandstone_wall.json
[2026, 9, 25, 11, 55, 16] ;;; compileLootTables;     --> loot_table\blocks\scaffolding.json
[2026, 9, 25, 11, 55, 16] ;;; compileLootTables;     --> loot_table\blocks\sculk.json
[2026, 9, 25, 11, 55, 16] ;;; compileLootTables;     --> loot_table\blocks\sculk_catalyst.json
[2026, 9, 25, 11, 55, 16] ;;; compileLootTables;     --> loot_table\blocks\sculk_sensor.json
[2026, 9, 25, 11, 55, 16] ;;; compileLootTables;     --> loot_table\blocks\sculk_shrieker.json
[2026, 9, 25, 11, 55, 16] ;;; compileLootTables;     --> loot_table\blocks\sculk_vein.json
[2026, 9, 25, 11, 55, 16] ;;; compileLootTables;     --> loot_table\blocks\seagrass.json
[2026, 9, 25, 11, 55, 16] ;;; compileLootTables;     --> loot_table\blocks\sea_lantern.json
[2026, 9, 25, 11, 55, 16] ;;; compileLootTables;     --> loot_table\blocks\sea_pickle.json
[2026, 9, 25, 11, 55, 16] ;;; compileLootTables;     --> loot_table\blocks\short_dry_grass.json
[2026, 9, 25, 11, 55, 16] ;;; compileLootTables;     --> loot_table\blocks\short_grass.json
[2026, 9, 25, 11, 55, 16] ;;; compileLootTables;     --> loot_table\blocks\shroomlight.json
[2026, 9, 25, 11, 55, 16] ;;; compileLootTables;     --> loot_table\blocks\shulker_box.json
[2026, 9, 25, 11, 55, 16] ;;; compileLootTables;     --> loot_table\blocks\skeleton_skull.json
[2026, 9, 25, 11, 55, 16] ;;; compileLootTables;     --> loot_table\blocks\slime_block.json
[2026, 9, 25, 11, 55, 16] ;;; compileLootTables;     --> loot_table\blocks\small_amethyst_bud.json
[2026, 9, 25, 11, 55, 16] ;;; compileLootTables;     --> loot_table\blocks\small_dripleaf.json
[2026, 9, 25, 11, 55, 16] ;;; compileLootTables;     --> loot_table\blocks\smithing_table.json
[2026, 9, 25, 11, 55, 16] ;;; compileLootTables;     --> loot_table\blocks\smoker.json
[2026, 9, 25, 11, 55, 16] ;;; compileLootTables;     --> loot_table\blocks\smooth_basalt.json
[2026, 9, 25, 11, 55, 16] ;;; compileLootTables;     --> loot_table\blocks\smooth_quartz.json
[2026, 9, 25, 11, 55, 16] ;;; compileLootTables;     --> loot_table\blocks\smooth_quartz_slab.json
[2026, 9, 25, 11, 55, 16] ;;; compileLootTables;     --> loot_table\blocks\smooth_quartz_stairs.json
[2026, 9, 25, 11, 55, 16] ;;; compileLootTables;     --> loot_table\blocks\smooth_red_sandstone.json
[2026, 9, 25, 11, 55, 16] ;;; compileLootTables;     --> loot_table\blocks\smooth_red_sandstone_slab.json
[2026, 9, 25, 11, 55, 16] ;;; compileLootTables;     --> loot_table\blocks\smooth_red_sandstone_stairs.json
[2026, 9, 25, 11, 55, 16] ;;; compileLootTables;     --> loot_table\blocks\smooth_sandstone.json
[2026, 9, 25, 11, 55, 16] ;;; compileLootTables;     --> loot_table\blocks\smooth_sandstone_slab.json
[2026, 9, 25, 11, 55, 16] ;;; compileLootTables;     --> loot_table\blocks\smooth_sandstone_stairs.json
[2026, 9, 25, 11, 55, 16] ;;; compileLootTables;     --> loot_table\blocks\smooth_stone.json
[2026, 9, 25, 11, 55, 16] ;;; compileLootTables;     --> loot_table\blocks\smooth_stone_slab.json
[2026, 9, 25, 11, 55, 16] ;;; compileLootTables;     --> loot_table\blocks\sniffer_egg.json
[2026, 9, 25, 11, 55, 16] ;;; compileLootTables;     --> loot_table\blocks\snow.json
[2026, 9, 25, 11, 55, 16] ;;; compileLootTables;     --> loot_table\blocks\snow_block.json
[2026, 9, 25, 11, 55, 16] ;;; compileLootTables;     --> loot_table\blocks\soul_campfire.json
[2026, 9, 25, 11, 55, 17] ;;; compileLootTables;     --> loot_table\blocks\soul_fire.json
[2026, 9, 25, 11, 55, 17] ;;; compileLootTables;     --> loot_table\blocks\soul_lantern.json
[2026, 9, 25, 11, 55, 17] ;;; compileLootTables;     --> loot_table\blocks\soul_sand.json
[2026, 9, 25, 11, 55, 17] ;;; compileLootTables;     --> loot_table\blocks\soul_soil.json
[2026, 9, 25, 11, 55, 17] ;;; compileLootTables;     --> loot_table\blocks\soul_torch.json
[2026, 9, 25, 11, 55, 17] ;;; compileLootTables;     --> loot_table\blocks\spawner.json
[2026, 9, 25, 11, 55, 17] ;;; compileLootTables;     --> loot_table\blocks\sponge.json
[2026, 9, 25, 11, 55, 17] ;;; compileLootTables;     --> loot_table\blocks\spore_blossom.json
[2026, 9, 25, 11, 55, 17] ;;; compileLootTables;     --> loot_table\blocks\spruce_button.json
[2026, 9, 25, 11, 55, 17] ;;; compileLootTables;     --> loot_table\blocks\spruce_door.json
[2026, 9, 25, 11, 55, 17] ;;; compileLootTables;     --> loot_table\blocks\spruce_fence.json
[2026, 9, 25, 11, 55, 17] ;;; compileLootTables;     --> loot_table\blocks\spruce_fence_gate.json
[2026, 9, 25, 11, 55, 17] ;;; compileLootTables;     --> loot_table\blocks\spruce_hanging_sign.json
[2026, 9, 25, 11, 55, 17] ;;; compileLootTables;     --> loot_table\blocks\spruce_leaves.json
[2026, 9, 25, 11, 55, 17] ;;; compileLootTables;     --> loot_table\blocks\spruce_log.json
[2026, 9, 25, 11, 55, 17] ;;; compileLootTables;     --> loot_table\blocks\spruce_planks.json
[2026, 9, 25, 11, 55, 17] ;;; compileLootTables;     --> loot_table\blocks\spruce_pressure_plate.json
[2026, 9, 25, 11, 55, 17] ;;; compileLootTables;     --> loot_table\blocks\spruce_sapling.json
[2026, 9, 25, 11, 55, 17] ;;; compileLootTables;     --> loot_table\blocks\spruce_shelf.json
[2026, 9, 25, 11, 55, 17] ;;; compileLootTables;     --> loot_table\blocks\spruce_sign.json
[2026, 9, 25, 11, 55, 17] ;;; compileLootTables;     --> loot_table\blocks\spruce_slab.json
[2026, 9, 25, 11, 55, 17] ;;; compileLootTables;     --> loot_table\blocks\spruce_stairs.json
[2026, 9, 25, 11, 55, 17] ;;; compileLootTables;     --> loot_table\blocks\spruce_trapdoor.json
[2026, 9, 25, 11, 55, 17] ;;; compileLootTables;     --> loot_table\blocks\spruce_wood.json
[2026, 9, 25, 11, 55, 17] ;;; compileLootTables;     --> loot_table\blocks\sticky_piston.json
[2026, 9, 25, 11, 55, 17] ;;; compileLootTables;     --> loot_table\blocks\stone.json
[2026, 9, 25, 11, 55, 17] ;;; compileLootTables;     --> loot_table\blocks\stonecutter.json
[2026, 9, 25, 11, 55, 17] ;;; compileLootTables;     --> loot_table\blocks\stone_bricks.json
[2026, 9, 25, 11, 55, 17] ;;; compileLootTables;     --> loot_table\blocks\stone_brick_slab.json
[2026, 9, 25, 11, 55, 17] ;;; compileLootTables;     --> loot_table\blocks\stone_brick_stairs.json
[2026, 9, 25, 11, 55, 17] ;;; compileLootTables;     --> loot_table\blocks\stone_brick_wall.json
[2026, 9, 25, 11, 55, 17] ;;; compileLootTables;     --> loot_table\blocks\stone_button.json
[2026, 9, 25, 11, 55, 17] ;;; compileLootTables;     --> loot_table\blocks\stone_pressure_plate.json
[2026, 9, 25, 11, 55, 17] ;;; compileLootTables;     --> loot_table\blocks\stone_slab.json
[2026, 9, 25, 11, 55, 17] ;;; compileLootTables;     --> loot_table\blocks\stone_stairs.json
[2026, 9, 25, 11, 55, 17] ;;; compileLootTables;     --> loot_table\blocks\stripped_acacia_log.json
[2026, 9, 25, 11, 55, 17] ;;; compileLootTables;     --> loot_table\blocks\stripped_acacia_wood.json
[2026, 9, 25, 11, 55, 17] ;;; compileLootTables;     --> loot_table\blocks\stripped_bamboo_block.json
[2026, 9, 25, 11, 55, 17] ;;; compileLootTables;     --> loot_table\blocks\stripped_birch_log.json
[2026, 9, 25, 11, 55, 17] ;;; compileLootTables;     --> loot_table\blocks\stripped_birch_wood.json
[2026, 9, 25, 11, 55, 17] ;;; compileLootTables;     --> loot_table\blocks\stripped_cherry_log.json
[2026, 9, 25, 11, 55, 17] ;;; compileLootTables;     --> loot_table\blocks\stripped_cherry_wood.json
[2026, 9, 25, 11, 55, 17] ;;; compileLootTables;     --> loot_table\blocks\stripped_crimson_hyphae.json
[2026, 9, 25, 11, 55, 17] ;;; compileLootTables;     --> loot_table\blocks\stripped_crimson_stem.json
[2026, 9, 25, 11, 55, 17] ;;; compileLootTables;     --> loot_table\blocks\stripped_dark_oak_log.json
[2026, 9, 25, 11, 55, 17] ;;; compileLootTables;     --> loot_table\blocks\stripped_dark_oak_wood.json
[2026, 9, 25, 11, 55, 17] ;;; compileLootTables;     --> loot_table\blocks\stripped_jungle_log.json
[2026, 9, 25, 11, 55, 17] ;;; compileLootTables;     --> loot_table\blocks\stripped_jungle_wood.json
[2026, 9, 25, 11, 55, 17] ;;; compileLootTables;     --> loot_table\blocks\stripped_mangrove_log.json
[2026, 9, 25, 11, 55, 17] ;;; compileLootTables;     --> loot_table\blocks\stripped_mangrove_wood.json
[2026, 9, 25, 11, 55, 17] ;;; compileLootTables;     --> loot_table\blocks\stripped_oak_log.json
[2026, 9, 25, 11, 55, 17] ;;; compileLootTables;     --> loot_table\blocks\stripped_oak_wood.json
[2026, 9, 25, 11, 55, 17] ;;; compileLootTables;     --> loot_table\blocks\stripped_pale_oak_log.json
[2026, 9, 25, 11, 55, 17] ;;; compileLootTables;     --> loot_table\blocks\stripped_pale_oak_wood.json
[2026, 9, 25, 11, 55, 17] ;;; compileLootTables;     --> loot_table\blocks\stripped_spruce_log.json
[2026, 9, 25, 11, 55, 17] ;;; compileLootTables;     --> loot_table\blocks\stripped_spruce_wood.json
[2026, 9, 25, 11, 55, 17] ;;; compileLootTables;     --> loot_table\blocks\stripped_warped_hyphae.json
[2026, 9, 25, 11, 55, 17] ;;; compileLootTables;     --> loot_table\blocks\stripped_warped_stem.json
[2026, 9, 25, 11, 55, 17] ;;; compileLootTables;     --> loot_table\blocks\sugar_cane.json
[2026, 9, 25, 11, 55, 17] ;;; compileLootTables;     --> loot_table\blocks\sunflower.json
[2026, 9, 25, 11, 55, 17] ;;; compileLootTables;     --> loot_table\blocks\suspicious_gravel.json
[2026, 9, 25, 11, 55, 17] ;;; compileLootTables;     --> loot_table\blocks\suspicious_sand.json
[2026, 9, 25, 11, 55, 17] ;;; compileLootTables;     --> loot_table\blocks\sweet_berry_bush.json
[2026, 9, 25, 11, 55, 17] ;;; compileLootTables;     --> loot_table\blocks\tall_dry_grass.json
[2026, 9, 25, 11, 55, 17] ;;; compileLootTables;     --> loot_table\blocks\tall_grass.json
[2026, 9, 25, 11, 55, 17] ;;; compileLootTables;     --> loot_table\blocks\tall_seagrass.json
[2026, 9, 25, 11, 55, 17] ;;; compileLootTables;     --> loot_table\blocks\target.json
[2026, 9, 25, 11, 55, 17] ;;; compileLootTables;     --> loot_table\blocks\terracotta.json
[2026, 9, 25, 11, 55, 17] ;;; compileLootTables;     --> loot_table\blocks\tinted_glass.json
[2026, 9, 25, 11, 55, 17] ;;; compileLootTables;     --> loot_table\blocks\tnt.json
[2026, 9, 25, 11, 55, 17] ;;; compileLootTables;     --> loot_table\blocks\torch.json
[2026, 9, 25, 11, 55, 17] ;;; compileLootTables;     --> loot_table\blocks\torchflower.json
[2026, 9, 25, 11, 55, 17] ;;; compileLootTables;     --> loot_table\blocks\torchflower_crop.json
[2026, 9, 25, 11, 55, 17] ;;; compileLootTables;     --> loot_table\blocks\trapped_chest.json
[2026, 9, 25, 11, 55, 17] ;;; compileLootTables;     --> loot_table\blocks\trial_spawner.json
[2026, 9, 25, 11, 55, 17] ;;; compileLootTables;     --> loot_table\blocks\tripwire.json
[2026, 9, 25, 11, 55, 17] ;;; compileLootTables;     --> loot_table\blocks\tripwire_hook.json
[2026, 9, 25, 11, 55, 17] ;;; compileLootTables;     --> loot_table\blocks\tube_coral.json
[2026, 9, 25, 11, 55, 17] ;;; compileLootTables;     --> loot_table\blocks\tube_coral_block.json
[2026, 9, 25, 11, 55, 17] ;;; compileLootTables;     --> loot_table\blocks\tube_coral_fan.json
[2026, 9, 25, 11, 55, 17] ;;; compileLootTables;     --> loot_table\blocks\tuff.json
[2026, 9, 25, 11, 55, 17] ;;; compileLootTables;     --> loot_table\blocks\tuff_bricks.json
[2026, 9, 25, 11, 55, 17] ;;; compileLootTables;     --> loot_table\blocks\tuff_brick_slab.json
[2026, 9, 25, 11, 55, 17] ;;; compileLootTables;     --> loot_table\blocks\tuff_brick_stairs.json
[2026, 9, 25, 11, 55, 17] ;;; compileLootTables;     --> loot_table\blocks\tuff_brick_wall.json
[2026, 9, 25, 11, 55, 17] ;;; compileLootTables;     --> loot_table\blocks\tuff_slab.json
[2026, 9, 25, 11, 55, 17] ;;; compileLootTables;     --> loot_table\blocks\tuff_stairs.json
[2026, 9, 25, 11, 55, 17] ;;; compileLootTables;     --> loot_table\blocks\tuff_wall.json
[2026, 9, 25, 11, 55, 17] ;;; compileLootTables;     --> loot_table\blocks\turtle_egg.json
[2026, 9, 25, 11, 55, 17] ;;; compileLootTables;     --> loot_table\blocks\twisting_vines.json
[2026, 9, 25, 11, 55, 17] ;;; compileLootTables;     --> loot_table\blocks\twisting_vines_plant.json
[2026, 9, 25, 11, 55, 17] ;;; compileLootTables;     --> loot_table\blocks\vault.json
[2026, 9, 25, 11, 55, 17] ;;; compileLootTables;     --> loot_table\blocks\verdant_froglight.json
[2026, 9, 25, 11, 55, 17] ;;; compileLootTables;     --> loot_table\blocks\vine.json
[2026, 9, 25, 11, 55, 17] ;;; compileLootTables;     --> loot_table\blocks\warped_button.json
[2026, 9, 25, 11, 55, 17] ;;; compileLootTables;     --> loot_table\blocks\warped_door.json
[2026, 9, 25, 11, 55, 17] ;;; compileLootTables;     --> loot_table\blocks\warped_fence.json
[2026, 9, 25, 11, 55, 17] ;;; compileLootTables;     --> loot_table\blocks\warped_fence_gate.json
[2026, 9, 25, 11, 55, 17] ;;; compileLootTables;     --> loot_table\blocks\warped_fungus.json
[2026, 9, 25, 11, 55, 17] ;;; compileLootTables;     --> loot_table\blocks\warped_hanging_sign.json
[2026, 9, 25, 11, 55, 17] ;;; compileLootTables;     --> loot_table\blocks\warped_hyphae.json
[2026, 9, 25, 11, 55, 17] ;;; compileLootTables;     --> loot_table\blocks\warped_nylium.json
[2026, 9, 25, 11, 55, 17] ;;; compileLootTables;     --> loot_table\blocks\warped_planks.json
[2026, 9, 25, 11, 55, 17] ;;; compileLootTables;     --> loot_table\blocks\warped_pressure_plate.json
[2026, 9, 25, 11, 55, 17] ;;; compileLootTables;     --> loot_table\blocks\warped_roots.json
[2026, 9, 25, 11, 55, 17] ;;; compileLootTables;     --> loot_table\blocks\warped_shelf.json
[2026, 9, 25, 11, 55, 17] ;;; compileLootTables;     --> loot_table\blocks\warped_sign.json
[2026, 9, 25, 11, 55, 17] ;;; compileLootTables;     --> loot_table\blocks\warped_slab.json
[2026, 9, 25, 11, 55, 17] ;;; compileLootTables;     --> loot_table\blocks\warped_stairs.json
[2026, 9, 25, 11, 55, 17] ;;; compileLootTables;     --> loot_table\blocks\warped_stem.json
[2026, 9, 25, 11, 55, 17] ;;; compileLootTables;     --> loot_table\blocks\warped_trapdoor.json
[2026, 9, 25, 11, 55, 17] ;;; compileLootTables;     --> loot_table\blocks\warped_wart_block.json
[2026, 9, 25, 11, 55, 17] ;;; compileLootTables;     --> loot_table\blocks\water_cauldron.json
[2026, 9, 25, 11, 55, 17] ;;; compileLootTables;     --> loot_table\blocks\waxed_chiseled_copper.json
[2026, 9, 25, 11, 55, 17] ;;; compileLootTables;     --> loot_table\blocks\waxed_copper_bars.json
[2026, 9, 25, 11, 55, 17] ;;; compileLootTables;     --> loot_table\blocks\waxed_copper_block.json
[2026, 9, 25, 11, 55, 17] ;;; compileLootTables;     --> loot_table\blocks\waxed_copper_bulb.json
[2026, 9, 25, 11, 55, 17] ;;; compileLootTables;     --> loot_table\blocks\waxed_copper_chain.json
[2026, 9, 25, 11, 55, 17] ;;; compileLootTables;     --> loot_table\blocks\waxed_copper_chest.json
[2026, 9, 25, 11, 55, 17] ;;; compileLootTables;     --> loot_table\blocks\waxed_copper_door.json
[2026, 9, 25, 11, 55, 17] ;;; compileLootTables;     --> loot_table\blocks\waxed_copper_golem_statue.json
[2026, 9, 25, 11, 55, 17] ;;; compileLootTables;     --> loot_table\blocks\waxed_copper_grate.json
[2026, 9, 25, 11, 55, 17] ;;; compileLootTables;     --> loot_table\blocks\waxed_copper_lantern.json
[2026, 9, 25, 11, 55, 17] ;;; compileLootTables;     --> loot_table\blocks\waxed_copper_trapdoor.json
[2026, 9, 25, 11, 55, 17] ;;; compileLootTables;     --> loot_table\blocks\waxed_cut_copper.json
[2026, 9, 25, 11, 55, 17] ;;; compileLootTables;     --> loot_table\blocks\waxed_cut_copper_slab.json
[2026, 9, 25, 11, 55, 17] ;;; compileLootTables;     --> loot_table\blocks\waxed_cut_copper_stairs.json
[2026, 9, 25, 11, 55, 17] ;;; compileLootTables;     --> loot_table\blocks\waxed_exposed_chiseled_copper.json
[2026, 9, 25, 11, 55, 17] ;;; compileLootTables;     --> loot_table\blocks\waxed_exposed_copper.json
[2026, 9, 25, 11, 55, 17] ;;; compileLootTables;     --> loot_table\blocks\waxed_exposed_copper_bars.json
[2026, 9, 25, 11, 55, 17] ;;; compileLootTables;     --> loot_table\blocks\waxed_exposed_copper_bulb.json
[2026, 9, 25, 11, 55, 17] ;;; compileLootTables;     --> loot_table\blocks\waxed_exposed_copper_chain.json
[2026, 9, 25, 11, 55, 17] ;;; compileLootTables;     --> loot_table\blocks\waxed_exposed_copper_chest.json
[2026, 9, 25, 11, 55, 17] ;;; compileLootTables;     --> loot_table\blocks\waxed_exposed_copper_door.json
[2026, 9, 25, 11, 55, 17] ;;; compileLootTables;     --> loot_table\blocks\waxed_exposed_copper_golem_statue.json
[2026, 9, 25, 11, 55, 17] ;;; compileLootTables;     --> loot_table\blocks\waxed_exposed_copper_grate.json
[2026, 9, 25, 11, 55, 17] ;;; compileLootTables;     --> loot_table\blocks\waxed_exposed_copper_lantern.json
[2026, 9, 25, 11, 55, 17] ;;; compileLootTables;     --> loot_table\blocks\waxed_exposed_copper_trapdoor.json
[2026, 9, 25, 11, 55, 17] ;;; compileLootTables;     --> loot_table\blocks\waxed_exposed_cut_copper.json
[2026, 9, 25, 11, 55, 17] ;;; compileLootTables;     --> loot_table\blocks\waxed_exposed_cut_copper_slab.json
[2026, 9, 25, 11, 55, 17] ;;; compileLootTables;     --> loot_table\blocks\waxed_exposed_cut_copper_stairs.json
[2026, 9, 25, 11, 55, 17] ;;; compileLootTables;     --> loot_table\blocks\waxed_exposed_lightning_rod.json
[2026, 9, 25, 11, 55, 17] ;;; compileLootTables;     --> loot_table\blocks\waxed_lightning_rod.json
[2026, 9, 25, 11, 55, 17] ;;; compileLootTables;     --> loot_table\blocks\waxed_oxidized_chiseled_copper.json
[2026, 9, 25, 11, 55, 17] ;;; compileLootTables;     --> loot_table\blocks\waxed_oxidized_copper.json
[2026, 9, 25, 11, 55, 17] ;;; compileLootTables;     --> loot_table\blocks\waxed_oxidized_copper_bars.json
[2026, 9, 25, 11, 55, 17] ;;; compileLootTables;     --> loot_table\blocks\waxed_oxidized_copper_bulb.json
[2026, 9, 25, 11, 55, 17] ;;; compileLootTables;     --> loot_table\blocks\waxed_oxidized_copper_chain.json
[2026, 9, 25, 11, 55, 17] ;;; compileLootTables;     --> loot_table\blocks\waxed_oxidized_copper_chest.json
[2026, 9, 25, 11, 55, 17] ;;; compileLootTables;     --> loot_table\blocks\waxed_oxidized_copper_door.json
[2026, 9, 25, 11, 55, 17] ;;; compileLootTables;     --> loot_table\blocks\waxed_oxidized_copper_golem_statue.json
[2026, 9, 25, 11, 55, 17] ;;; compileLootTables;     --> loot_table\blocks\waxed_oxidized_copper_grate.json
[2026, 9, 25, 11, 55, 17] ;;; compileLootTables;     --> loot_table\blocks\waxed_oxidized_copper_lantern.json
[2026, 9, 25, 11, 55, 17] ;;; compileLootTables;     --> loot_table\blocks\waxed_oxidized_copper_trapdoor.json
[2026, 9, 25, 11, 55, 17] ;;; compileLootTables;     --> loot_table\blocks\waxed_oxidized_cut_copper.json
[2026, 9, 25, 11, 55, 17] ;;; compileLootTables;     --> loot_table\blocks\waxed_oxidized_cut_copper_slab.json
[2026, 9, 25, 11, 55, 17] ;;; compileLootTables;     --> loot_table\blocks\waxed_oxidized_cut_copper_stairs.json
[2026, 9, 25, 11, 55, 17] ;;; compileLootTables;     --> loot_table\blocks\waxed_oxidized_lightning_rod.json
[2026, 9, 25, 11, 55, 17] ;;; compileLootTables;     --> loot_table\blocks\waxed_weathered_chiseled_copper.json
[2026, 9, 25, 11, 55, 17] ;;; compileLootTables;     --> loot_table\blocks\waxed_weathered_copper.json
[2026, 9, 25, 11, 55, 17] ;;; compileLootTables;     --> loot_table\blocks\waxed_weathered_copper_bars.json
[2026, 9, 25, 11, 55, 17] ;;; compileLootTables;     --> loot_table\blocks\waxed_weathered_copper_bulb.json
[2026, 9, 25, 11, 55, 17] ;;; compileLootTables;     --> loot_table\blocks\waxed_weathered_copper_chain.json
[2026, 9, 25, 11, 55, 17] ;;; compileLootTables;     --> loot_table\blocks\waxed_weathered_copper_chest.json
[2026, 9, 25, 11, 55, 17] ;;; compileLootTables;     --> loot_table\blocks\waxed_weathered_copper_door.json
[2026, 9, 25, 11, 55, 17] ;;; compileLootTables;     --> loot_table\blocks\waxed_weathered_copper_golem_statue.json
[2026, 9, 25, 11, 55, 17] ;;; compileLootTables;     --> loot_table\blocks\waxed_weathered_copper_grate.json
[2026, 9, 25, 11, 55, 18] ;;; compileLootTables;     --> loot_table\blocks\waxed_weathered_copper_lantern.json
[2026, 9, 25, 11, 55, 18] ;;; compileLootTables;     --> loot_table\blocks\waxed_weathered_copper_trapdoor.json
[2026, 9, 25, 11, 55, 18] ;;; compileLootTables;     --> loot_table\blocks\waxed_weathered_cut_copper.json
[2026, 9, 25, 11, 55, 18] ;;; compileLootTables;     --> loot_table\blocks\waxed_weathered_cut_copper_slab.json
[2026, 9, 25, 11, 55, 18] ;;; compileLootTables;     --> loot_table\blocks\waxed_weathered_cut_copper_stairs.json
[2026, 9, 25, 11, 55, 18] ;;; compileLootTables;     --> loot_table\blocks\waxed_weathered_lightning_rod.json
[2026, 9, 25, 11, 55, 18] ;;; compileLootTables;     --> loot_table\blocks\weathered_chiseled_copper.json
[2026, 9, 25, 11, 55, 18] ;;; compileLootTables;     --> loot_table\blocks\weathered_copper.json
[2026, 9, 25, 11, 55, 18] ;;; compileLootTables;     --> loot_table\blocks\weathered_copper_bars.json
[2026, 9, 25, 11, 55, 18] ;;; compileLootTables;     --> loot_table\blocks\weathered_copper_bulb.json
[2026, 9, 25, 11, 55, 18] ;;; compileLootTables;     --> loot_table\blocks\weathered_copper_chain.json
[2026, 9, 25, 11, 55, 18] ;;; compileLootTables;     --> loot_table\blocks\weathered_copper_chest.json
[2026, 9, 25, 11, 55, 18] ;;; compileLootTables;     --> loot_table\blocks\weathered_copper_door.json
[2026, 9, 25, 11, 55, 18] ;;; compileLootTables;     --> loot_table\blocks\weathered_copper_golem_statue.json
[2026, 9, 25, 11, 55, 18] ;;; compileLootTables;     --> loot_table\blocks\weathered_copper_grate.json
[2026, 9, 25, 11, 55, 18] ;;; compileLootTables;     --> loot_table\blocks\weathered_copper_lantern.json
[2026, 9, 25, 11, 55, 18] ;;; compileLootTables;     --> loot_table\blocks\weathered_copper_trapdoor.json
[2026, 9, 25, 11, 55, 18] ;;; compileLootTables;     --> loot_table\blocks\weathered_cut_copper.json
[2026, 9, 25, 11, 55, 18] ;;; compileLootTables;     --> loot_table\blocks\weathered_cut_copper_slab.json
[2026, 9, 25, 11, 55, 18] ;;; compileLootTables;     --> loot_table\blocks\weathered_cut_copper_stairs.json
[2026, 9, 25, 11, 55, 18] ;;; compileLootTables;     --> loot_table\blocks\weathered_lightning_rod.json
[2026, 9, 25, 11, 55, 18] ;;; compileLootTables;     --> loot_table\blocks\weeping_vines.json
[2026, 9, 25, 11, 55, 18] ;;; compileLootTables;     --> loot_table\blocks\weeping_vines_plant.json
[2026, 9, 25, 11, 55, 18] ;;; compileLootTables;     --> loot_table\blocks\wet_sponge.json
[2026, 9, 25, 11, 55, 18] ;;; compileLootTables;     --> loot_table\blocks\wheat.json
[2026, 9, 25, 11, 55, 18] ;;; compileLootTables;     --> loot_table\blocks\white_banner.json
[2026, 9, 25, 11, 55, 18] ;;; compileLootTables;     --> loot_table\blocks\white_bed.json
[2026, 9, 25, 11, 55, 18] ;;; compileLootTables;     --> loot_table\blocks\white_candle.json
[2026, 9, 25, 11, 55, 18] ;;; compileLootTables;     --> loot_table\blocks\white_candle_cake.json
[2026, 9, 25, 11, 55, 18] ;;; compileLootTables;     --> loot_table\blocks\white_carpet.json
[2026, 9, 25, 11, 55, 18] ;;; compileLootTables;     --> loot_table\blocks\white_concrete.json
[2026, 9, 25, 11, 55, 18] ;;; compileLootTables;     --> loot_table\blocks\white_concrete_powder.json
[2026, 9, 25, 11, 55, 18] ;;; compileLootTables;     --> loot_table\blocks\white_glazed_terracotta.json
[2026, 9, 25, 11, 55, 18] ;;; compileLootTables;     --> loot_table\blocks\white_shulker_box.json
[2026, 9, 25, 11, 55, 18] ;;; compileLootTables;     --> loot_table\blocks\white_stained_glass.json
[2026, 9, 25, 11, 55, 18] ;;; compileLootTables;     --> loot_table\blocks\white_stained_glass_pane.json
[2026, 9, 25, 11, 55, 18] ;;; compileLootTables;     --> loot_table\blocks\white_terracotta.json
[2026, 9, 25, 11, 55, 18] ;;; compileLootTables;     --> loot_table\blocks\white_tulip.json
[2026, 9, 25, 11, 55, 18] ;;; compileLootTables;     --> loot_table\blocks\white_wool.json
[2026, 9, 25, 11, 55, 18] ;;; compileLootTables;     --> loot_table\blocks\wildflowers.json
[2026, 9, 25, 11, 55, 18] ;;; compileLootTables;     --> loot_table\blocks\wither_rose.json
[2026, 9, 25, 11, 55, 18] ;;; compileLootTables;     --> loot_table\blocks\wither_skeleton_skull.json
[2026, 9, 25, 11, 55, 18] ;;; compileLootTables;     --> loot_table\blocks\yellow_banner.json
[2026, 9, 25, 11, 55, 18] ;;; compileLootTables;     --> loot_table\blocks\yellow_bed.json
[2026, 9, 25, 11, 55, 18] ;;; compileLootTables;     --> loot_table\blocks\yellow_candle.json
[2026, 9, 25, 11, 55, 18] ;;; compileLootTables;     --> loot_table\blocks\yellow_candle_cake.json
[2026, 9, 25, 11, 55, 18] ;;; compileLootTables;     --> loot_table\blocks\yellow_carpet.json
[2026, 9, 25, 11, 55, 18] ;;; compileLootTables;     --> loot_table\blocks\yellow_concrete.json
[2026, 9, 25, 11, 55, 18] ;;; compileLootTables;     --> loot_table\blocks\yellow_concrete_powder.json
[2026, 9, 25, 11, 55, 18] ;;; compileLootTables;     --> loot_table\blocks\yellow_glazed_terracotta.json
[2026, 9, 25, 11, 55, 18] ;;; compileLootTables;     --> loot_table\blocks\yellow_shulker_box.json
[2026, 9, 25, 11, 55, 18] ;;; compileLootTables;     --> loot_table\blocks\yellow_stained_glass.json
[2026, 9, 25, 11, 55, 18] ;;; compileLootTables;     --> loot_table\blocks\yellow_stained_glass_pane.json
[2026, 9, 25, 11, 55, 18] ;;; compileLootTables;     --> loot_table\blocks\yellow_terracotta.json
[2026, 9, 25, 11, 55, 18] ;;; compileLootTables;     --> loot_table\blocks\yellow_wool.json
[2026, 9, 25, 11, 55, 18] ;;; compileLootTables;     --> loot_table\blocks\zombie_head.json
[2026, 9, 25, 11, 55, 18] ;;; compileLootTables;     --> loot_table\brush\armadillo.json
[2026, 9, 25, 11, 55, 18] ;;; compileLootTables;     --> loot_table\carve\pumpkin.json
[2026, 9, 25, 11, 55, 18] ;;; compileLootTables;     --> loot_table\charged_creeper\creeper.json
[2026, 9, 25, 11, 55, 18] ;;; compileLootTables;     --> loot_table\charged_creeper\piglin.json
[2026, 9, 25, 11, 55, 18] ;;; compileLootTables;     --> loot_table\charged_creeper\root.json
[2026, 9, 25, 11, 55, 18] ;;; compileLootTables;     --> loot_table\charged_creeper\skeleton.json
[2026, 9, 25, 11, 55, 18] ;;; compileLootTables;     --> loot_table\charged_creeper\wither_skeleton.json
[2026, 9, 25, 11, 55, 18] ;;; compileLootTables;     --> loot_table\charged_creeper\zombie.json
[2026, 9, 25, 11, 55, 18] ;;; compileLootTables;     --> loot_table\chests\abandoned_mineshaft.json
[2026, 9, 25, 11, 55, 18] ;;; compileLootTables;     --> loot_table\chests\ancient_city.json
[2026, 9, 25, 11, 55, 18] ;;; compileLootTables;     --> loot_table\chests\ancient_city_ice_box.json
[2026, 9, 25, 11, 55, 18] ;;; compileLootTables;     --> loot_table\chests\bastion_bridge.json
[2026, 9, 25, 11, 55, 18] ;;; compileLootTables;     --> loot_table\chests\bastion_hoglin_stable.json
[2026, 9, 25, 11, 55, 18] ;;; compileLootTables;     --> loot_table\chests\bastion_other.json
[2026, 9, 25, 11, 55, 18] ;;; compileLootTables;     --> loot_table\chests\bastion_treasure.json
[2026, 9, 25, 11, 55, 18] ;;; compileLootTables;     --> loot_table\chests\buried_treasure.json
[2026, 9, 25, 11, 55, 18] ;;; compileLootTables;     --> loot_table\chests\desert_pyramid.json
[2026, 9, 25, 11, 55, 18] ;;; compileLootTables;     --> loot_table\chests\end_city_treasure.json
[2026, 9, 25, 11, 55, 18] ;;; compileLootTables;     --> loot_table\chests\igloo_chest.json
[2026, 9, 25, 11, 55, 18] ;;; compileLootTables;     --> loot_table\chests\jungle_temple.json
[2026, 9, 25, 11, 55, 18] ;;; compileLootTables;     --> loot_table\chests\jungle_temple_dispenser.json
[2026, 9, 25, 11, 55, 18] ;;; compileLootTables;     --> loot_table\chests\nether_bridge.json
[2026, 9, 25, 11, 55, 18] ;;; compileLootTables;     --> loot_table\chests\pillager_outpost.json
[2026, 9, 25, 11, 55, 18] ;;; compileLootTables;     --> loot_table\chests\ruined_portal.json
[2026, 9, 25, 11, 55, 18] ;;; compileLootTables;     --> loot_table\chests\shipwreck_map.json
[2026, 9, 25, 11, 55, 18] ;;; compileLootTables;     --> loot_table\chests\shipwreck_supply.json
[2026, 9, 25, 11, 55, 18] ;;; compileLootTables;     --> loot_table\chests\shipwreck_treasure.json
[2026, 9, 25, 11, 55, 18] ;;; compileLootTables;     --> loot_table\chests\simple_dungeon.json
[2026, 9, 25, 11, 55, 18] ;;; compileLootTables;     --> loot_table\chests\spawn_bonus_chest.json
[2026, 9, 25, 11, 55, 18] ;;; compileLootTables;     --> loot_table\chests\stronghold_corridor.json
[2026, 9, 25, 11, 55, 18] ;;; compileLootTables;     --> loot_table\chests\stronghold_crossing.json
[2026, 9, 25, 11, 55, 18] ;;; compileLootTables;     --> loot_table\chests\stronghold_library.json
[2026, 9, 25, 11, 55, 18] ;;; compileLootTables;     --> loot_table\chests\underwater_ruin_big.json
[2026, 9, 25, 11, 55, 18] ;;; compileLootTables;     --> loot_table\chests\underwater_ruin_small.json
[2026, 9, 25, 11, 55, 18] ;;; compileLootTables;     --> loot_table\chests\woodland_mansion.json
[2026, 9, 25, 11, 55, 18] ;;; compileLootTables;     --> loot_table\chests\trial_chambers\corridor.json
[2026, 9, 25, 11, 55, 18] ;;; compileLootTables;     --> loot_table\chests\trial_chambers\entrance.json
[2026, 9, 25, 11, 55, 18] ;;; compileLootTables;     --> loot_table\chests\trial_chambers\intersection.json
[2026, 9, 25, 11, 55, 18] ;;; compileLootTables;     --> loot_table\chests\trial_chambers\intersection_barrel.json
[2026, 9, 25, 11, 55, 18] ;;; compileLootTables;     --> loot_table\chests\trial_chambers\reward.json
[2026, 9, 25, 11, 55, 18] ;;; compileLootTables;     --> loot_table\chests\trial_chambers\reward_common.json
[2026, 9, 25, 11, 55, 18] ;;; compileLootTables;     --> loot_table\chests\trial_chambers\reward_ominous.json
[2026, 9, 25, 11, 55, 18] ;;; compileLootTables;     --> loot_table\chests\trial_chambers\reward_ominous_common.json
[2026, 9, 25, 11, 55, 18] ;;; compileLootTables;     --> loot_table\chests\trial_chambers\reward_ominous_rare.json
[2026, 9, 25, 11, 55, 18] ;;; compileLootTables;     --> loot_table\chests\trial_chambers\reward_ominous_unique.json
[2026, 9, 25, 11, 55, 18] ;;; compileLootTables;     --> loot_table\chests\trial_chambers\reward_rare.json
[2026, 9, 25, 11, 55, 18] ;;; compileLootTables;     --> loot_table\chests\trial_chambers\reward_unique.json
[2026, 9, 25, 11, 55, 18] ;;; compileLootTables;     --> loot_table\chests\trial_chambers\supply.json
[2026, 9, 25, 11, 55, 18] ;;; compileLootTables;     --> loot_table\chests\village\village_armorer.json
[2026, 9, 25, 11, 55, 18] ;;; compileLootTables;     --> loot_table\chests\village\village_butcher.json
[2026, 9, 25, 11, 55, 18] ;;; compileLootTables;     --> loot_table\chests\village\village_cartographer.json
[2026, 9, 25, 11, 55, 18] ;;; compileLootTables;     --> loot_table\chests\village\village_desert_house.json
[2026, 9, 25, 11, 55, 18] ;;; compileLootTables;     --> loot_table\chests\village\village_fisher.json
[2026, 9, 25, 11, 55, 18] ;;; compileLootTables;     --> loot_table\chests\village\village_fletcher.json
[2026, 9, 25, 11, 55, 18] ;;; compileLootTables;     --> loot_table\chests\village\village_mason.json
[2026, 9, 25, 11, 55, 18] ;;; compileLootTables;     --> loot_table\chests\village\village_plains_house.json
[2026, 9, 25, 11, 55, 18] ;;; compileLootTables;     --> loot_table\chests\village\village_savanna_house.json
[2026, 9, 25, 11, 55, 18] ;;; compileLootTables;     --> loot_table\chests\village\village_shepherd.json
[2026, 9, 25, 11, 55, 18] ;;; compileLootTables;     --> loot_table\chests\village\village_snowy_house.json
[2026, 9, 25, 11, 55, 18] ;;; compileLootTables;     --> loot_table\chests\village\village_taiga_house.json
[2026, 9, 25, 11, 55, 18] ;;; compileLootTables;     --> loot_table\chests\village\village_tannery.json
[2026, 9, 25, 11, 55, 18] ;;; compileLootTables;     --> loot_table\chests\village\village_temple.json
[2026, 9, 25, 11, 55, 18] ;;; compileLootTables;     --> loot_table\chests\village\village_toolsmith.json
[2026, 9, 25, 11, 55, 18] ;;; compileLootTables;     --> loot_table\chests\village\village_weaponsmith.json
[2026, 9, 25, 11, 55, 18] ;;; compileLootTables;     --> loot_table\dispensers\trial_chambers\chamber.json
[2026, 9, 25, 11, 55, 18] ;;; compileLootTables;     --> loot_table\dispensers\trial_chambers\corridor.json
[2026, 9, 25, 11, 55, 18] ;;; compileLootTables;     --> loot_table\dispensers\trial_chambers\water.json
[2026, 9, 25, 11, 55, 18] ;;; compileLootTables;     --> loot_table\entities\allay.json
[2026, 9, 25, 11, 55, 18] ;;; compileLootTables;     --> loot_table\entities\armadillo.json
[2026, 9, 25, 11, 55, 18] ;;; compileLootTables;     --> loot_table\entities\armor_stand.json
[2026, 9, 25, 11, 55, 18] ;;; compileLootTables;     --> loot_table\entities\axolotl.json
[2026, 9, 25, 11, 55, 18] ;;; compileLootTables;     --> loot_table\entities\bat.json
[2026, 9, 25, 11, 55, 18] ;;; compileLootTables;     --> loot_table\entities\bee.json
[2026, 9, 25, 11, 55, 18] ;;; compileLootTables;     --> loot_table\entities\blaze.json
[2026, 9, 25, 11, 55, 18] ;;; compileLootTables;     --> loot_table\entities\bogged.json
[2026, 9, 25, 11, 55, 18] ;;; compileLootTables;     --> loot_table\entities\breeze.json
[2026, 9, 25, 11, 55, 19] ;;; compileLootTables;     --> loot_table\entities\camel.json
[2026, 9, 25, 11, 55, 19] ;;; compileLootTables;     --> loot_table\entities\camel_husk.json
[2026, 9, 25, 11, 55, 19] ;;; compileLootTables;     --> loot_table\entities\cat.json
[2026, 9, 25, 11, 55, 19] ;;; compileLootTables;     --> loot_table\entities\cave_spider.json
[2026, 9, 25, 11, 55, 19] ;;; compileLootTables;     --> loot_table\entities\chicken.json
[2026, 9, 25, 11, 55, 19] ;;; compileLootTables;     --> loot_table\entities\cod.json
[2026, 9, 25, 11, 55, 19] ;;; compileLootTables;     --> loot_table\entities\copper_golem.json
[2026, 9, 25, 11, 55, 19] ;;; compileLootTables;     --> loot_table\entities\cow.json
[2026, 9, 25, 11, 55, 19] ;;; compileLootTables;     --> loot_table\entities\creaking.json
[2026, 9, 25, 11, 55, 19] ;;; compileLootTables;     --> loot_table\entities\creeper.json
[2026, 9, 25, 11, 55, 19] ;;; compileLootTables;     --> loot_table\entities\dolphin.json
[2026, 9, 25, 11, 55, 19] ;;; compileLootTables;     --> loot_table\entities\donkey.json
[2026, 9, 25, 11, 55, 19] ;;; compileLootTables;     --> loot_table\entities\drowned.json
[2026, 9, 25, 11, 55, 19] ;;; compileLootTables;     --> loot_table\entities\elder_guardian.json
[2026, 9, 25, 11, 55, 19] ;;; compileLootTables;     --> loot_table\entities\enderman.json
[2026, 9, 25, 11, 55, 19] ;;; compileLootTables;     --> loot_table\entities\endermite.json
[2026, 9, 25, 11, 55, 19] ;;; compileLootTables;     --> loot_table\entities\ender_dragon.json
[2026, 9, 25, 11, 55, 19] ;;; compileLootTables;     --> loot_table\entities\evoker.json
[2026, 9, 25, 11, 55, 19] ;;; compileLootTables;     --> loot_table\entities\fox.json
[2026, 9, 25, 11, 55, 19] ;;; compileLootTables;     --> loot_table\entities\frog.json
[2026, 9, 25, 11, 55, 19] ;;; compileLootTables;     --> loot_table\entities\ghast.json
[2026, 9, 25, 11, 55, 19] ;;; compileLootTables;     --> loot_table\entities\giant.json
[2026, 9, 25, 11, 55, 19] ;;; compileLootTables;     --> loot_table\entities\glow_squid.json
[2026, 9, 25, 11, 55, 19] ;;; compileLootTables;     --> loot_table\entities\goat.json
[2026, 9, 25, 11, 55, 19] ;;; compileLootTables;     --> loot_table\entities\guardian.json
[2026, 9, 25, 11, 55, 19] ;;; compileLootTables;     --> loot_table\entities\happy_ghast.json
[2026, 9, 25, 11, 55, 19] ;;; compileLootTables;     --> loot_table\entities\hoglin.json
[2026, 9, 25, 11, 55, 19] ;;; compileLootTables;     --> loot_table\entities\horse.json
[2026, 9, 25, 11, 55, 19] ;;; compileLootTables;     --> loot_table\entities\husk.json
[2026, 9, 25, 11, 55, 19] ;;; compileLootTables;     --> loot_table\entities\illusioner.json
[2026, 9, 25, 11, 55, 19] ;;; compileLootTables;     --> loot_table\entities\iron_golem.json
[2026, 9, 25, 11, 55, 19] ;;; compileLootTables;     --> loot_table\entities\llama.json
[2026, 9, 25, 11, 55, 19] ;;; compileLootTables;     --> loot_table\entities\magma_cube.json
[2026, 9, 25, 11, 55, 19] ;;; compileLootTables;     --> loot_table\entities\mannequin.json
[2026, 9, 25, 11, 55, 19] ;;; compileLootTables;     --> loot_table\entities\mooshroom.json
[2026, 9, 25, 11, 55, 19] ;;; compileLootTables;     --> loot_table\entities\mule.json
[2026, 9, 25, 11, 55, 19] ;;; compileLootTables;     --> loot_table\entities\nautilus.json
[2026, 9, 25, 11, 55, 19] ;;; compileLootTables;     --> loot_table\entities\ocelot.json
[2026, 9, 25, 11, 55, 19] ;;; compileLootTables;     --> loot_table\entities\panda.json
[2026, 9, 25, 11, 55, 19] ;;; compileLootTables;     --> loot_table\entities\parched.json
[2026, 9, 25, 11, 55, 19] ;;; compileLootTables;     --> loot_table\entities\parrot.json
[2026, 9, 25, 11, 55, 19] ;;; compileLootTables;     --> loot_table\entities\phantom.json
[2026, 9, 25, 11, 55, 19] ;;; compileLootTables;     --> loot_table\entities\pig.json
[2026, 9, 25, 11, 55, 19] ;;; compileLootTables;     --> loot_table\entities\piglin.json
[2026, 9, 25, 11, 55, 19] ;;; compileLootTables;     --> loot_table\entities\piglin_brute.json
[2026, 9, 25, 11, 55, 19] ;;; compileLootTables;     --> loot_table\entities\pillager.json
[2026, 9, 25, 11, 55, 19] ;;; compileLootTables;     --> loot_table\entities\player.json
[2026, 9, 25, 11, 55, 19] ;;; compileLootTables;     --> loot_table\entities\polar_bear.json
[2026, 9, 25, 11, 55, 19] ;;; compileLootTables;     --> loot_table\entities\pufferfish.json
[2026, 9, 25, 11, 55, 19] ;;; compileLootTables;     --> loot_table\entities\rabbit.json
[2026, 9, 25, 11, 55, 19] ;;; compileLootTables;     --> loot_table\entities\ravager.json
[2026, 9, 25, 11, 55, 19] ;;; compileLootTables;     --> loot_table\entities\salmon.json
[2026, 9, 25, 11, 55, 19] ;;; compileLootTables;     --> loot_table\entities\sheep.json
[2026, 9, 25, 11, 55, 19] ;;; compileLootTables;     --> loot_table\entities\shulker.json
[2026, 9, 25, 11, 55, 19] ;;; compileLootTables;     --> loot_table\entities\silverfish.json
[2026, 9, 25, 11, 55, 19] ;;; compileLootTables;     --> loot_table\entities\skeleton.json
[2026, 9, 25, 11, 55, 19] ;;; compileLootTables;     --> loot_table\entities\skeleton_horse.json
[2026, 9, 25, 11, 55, 19] ;;; compileLootTables;     --> loot_table\entities\slime.json
[2026, 9, 25, 11, 55, 19] ;;; compileLootTables;     --> loot_table\entities\sniffer.json
[2026, 9, 25, 11, 55, 19] ;;; compileLootTables;     --> loot_table\entities\snow_golem.json
[2026, 9, 25, 11, 55, 19] ;;; compileLootTables;     --> loot_table\entities\spider.json
[2026, 9, 25, 11, 55, 19] ;;; compileLootTables;     --> loot_table\entities\squid.json
[2026, 9, 25, 11, 55, 19] ;;; compileLootTables;     --> loot_table\entities\stray.json
[2026, 9, 25, 11, 55, 19] ;;; compileLootTables;     --> loot_table\entities\strider.json
[2026, 9, 25, 11, 55, 19] ;;; compileLootTables;     --> loot_table\entities\tadpole.json
[2026, 9, 25, 11, 55, 19] ;;; compileLootTables;     --> loot_table\entities\trader_llama.json
[2026, 9, 25, 11, 55, 19] ;;; compileLootTables;     --> loot_table\entities\tropical_fish.json
[2026, 9, 25, 11, 55, 19] ;;; compileLootTables;     --> loot_table\entities\turtle.json
[2026, 9, 25, 11, 55, 19] ;;; compileLootTables;     --> loot_table\entities\vex.json
[2026, 9, 25, 11, 55, 19] ;;; compileLootTables;     --> loot_table\entities\villager.json
[2026, 9, 25, 11, 55, 19] ;;; compileLootTables;     --> loot_table\entities\vindicator.json
[2026, 9, 25, 11, 55, 19] ;;; compileLootTables;     --> loot_table\entities\wandering_trader.json
[2026, 9, 25, 11, 55, 19] ;;; compileLootTables;     --> loot_table\entities\warden.json
[2026, 9, 25, 11, 55, 19] ;;; compileLootTables;     --> loot_table\entities\witch.json
[2026, 9, 25, 11, 55, 19] ;;; compileLootTables;     --> loot_table\entities\wither.json
[2026, 9, 25, 11, 55, 19] ;;; compileLootTables;     --> loot_table\entities\wither_skeleton.json
[2026, 9, 25, 11, 55, 19] ;;; compileLootTables;     --> loot_table\entities\wolf.json
[2026, 9, 25, 11, 55, 19] ;;; compileLootTables;     --> loot_table\entities\zoglin.json
[2026, 9, 25, 11, 55, 19] ;;; compileLootTables;     --> loot_table\entities\zombie.json
[2026, 9, 25, 11, 55, 19] ;;; compileLootTables;     --> loot_table\entities\zombie_horse.json
[2026, 9, 25, 11, 55, 19] ;;; compileLootTables;     --> loot_table\entities\zombie_nautilus.json
[2026, 9, 25, 11, 55, 19] ;;; compileLootTables;     --> loot_table\entities\zombie_villager.json
[2026, 9, 25, 11, 55, 19] ;;; compileLootTables;     --> loot_table\entities\zombified_piglin.json
[2026, 9, 25, 11, 55, 19] ;;; compileLootTables;     --> loot_table\entities\sheep\black.json
[2026, 9, 25, 11, 55, 19] ;;; compileLootTables;     --> loot_table\entities\sheep\blue.json
[2026, 9, 25, 11, 55, 19] ;;; compileLootTables;     --> loot_table\entities\sheep\brown.json
[2026, 9, 25, 11, 55, 19] ;;; compileLootTables;     --> loot_table\entities\sheep\cyan.json
[2026, 9, 25, 11, 55, 19] ;;; compileLootTables;     --> loot_table\entities\sheep\gray.json
[2026, 9, 25, 11, 55, 19] ;;; compileLootTables;     --> loot_table\entities\sheep\green.json
[2026, 9, 25, 11, 55, 19] ;;; compileLootTables;     --> loot_table\entities\sheep\light_blue.json
[2026, 9, 25, 11, 55, 19] ;;; compileLootTables;     --> loot_table\entities\sheep\light_gray.json
[2026, 9, 25, 11, 55, 19] ;;; compileLootTables;     --> loot_table\entities\sheep\lime.json
[2026, 9, 25, 11, 55, 19] ;;; compileLootTables;     --> loot_table\entities\sheep\magenta.json
[2026, 9, 25, 11, 55, 19] ;;; compileLootTables;     --> loot_table\entities\sheep\orange.json
[2026, 9, 25, 11, 55, 19] ;;; compileLootTables;     --> loot_table\entities\sheep\pink.json
[2026, 9, 25, 11, 55, 19] ;;; compileLootTables;     --> loot_table\entities\sheep\purple.json
[2026, 9, 25, 11, 55, 19] ;;; compileLootTables;     --> loot_table\entities\sheep\red.json
[2026, 9, 25, 11, 55, 19] ;;; compileLootTables;     --> loot_table\entities\sheep\white.json
[2026, 9, 25, 11, 55, 19] ;;; compileLootTables;     --> loot_table\entities\sheep\yellow.json
[2026, 9, 25, 11, 55, 19] ;;; compileLootTables;     --> loot_table\equipment\trial_chamber.json
[2026, 9, 25, 11, 55, 19] ;;; compileLootTables;     --> loot_table\equipment\trial_chamber_melee.json
[2026, 9, 25, 11, 55, 19] ;;; compileLootTables;     --> loot_table\equipment\trial_chamber_ranged.json
[2026, 9, 25, 11, 55, 19] ;;; compileLootTables;     --> loot_table\gameplay\armadillo_shed.json
[2026, 9, 25, 11, 55, 19] ;;; compileLootTables;     --> loot_table\gameplay\cat_morning_gift.json
[2026, 9, 25, 11, 55, 19] ;;; compileLootTables;     --> loot_table\gameplay\chicken_lay.json
[2026, 9, 25, 11, 55, 19] ;;; compileLootTables;     --> loot_table\gameplay\fishing.json
[2026, 9, 25, 11, 55, 19] ;;; compileLootTables;     --> loot_table\gameplay\panda_sneeze.json
[2026, 9, 25, 11, 55, 19] ;;; compileLootTables;     --> loot_table\gameplay\piglin_bartering.json
[2026, 9, 25, 11, 55, 19] ;;; compileLootTables;     --> loot_table\gameplay\sniffer_digging.json
[2026, 9, 25, 11, 55, 19] ;;; compileLootTables;     --> loot_table\gameplay\turtle_grow.json
[2026, 9, 25, 11, 55, 19] ;;; compileLootTables;     --> loot_table\gameplay\fishing\fish.json
[2026, 9, 25, 11, 55, 19] ;;; compileLootTables;     --> loot_table\gameplay\fishing\junk.json
[2026, 9, 25, 11, 55, 19] ;;; compileLootTables;     --> loot_table\gameplay\fishing\treasure.json
[2026, 9, 25, 11, 55, 19] ;;; compileLootTables;     --> loot_table\gameplay\hero_of_the_village\armorer_gift.json
[2026, 9, 25, 11, 55, 19] ;;; compileLootTables;     --> loot_table\gameplay\hero_of_the_village\baby_gift.json
[2026, 9, 25, 11, 55, 19] ;;; compileLootTables;     --> loot_table\gameplay\hero_of_the_village\butcher_gift.json
[2026, 9, 25, 11, 55, 19] ;;; compileLootTables;     --> loot_table\gameplay\hero_of_the_village\cartographer_gift.json
[2026, 9, 25, 11, 55, 19] ;;; compileLootTables;     --> loot_table\gameplay\hero_of_the_village\cleric_gift.json
[2026, 9, 25, 11, 55, 19] ;;; compileLootTables;     --> loot_table\gameplay\hero_of_the_village\farmer_gift.json
[2026, 9, 25, 11, 55, 19] ;;; compileLootTables;     --> loot_table\gameplay\hero_of_the_village\fisherman_gift.json
[2026, 9, 25, 11, 55, 19] ;;; compileLootTables;     --> loot_table\gameplay\hero_of_the_village\fletcher_gift.json
[2026, 9, 25, 11, 55, 19] ;;; compileLootTables;     --> loot_table\gameplay\hero_of_the_village\leatherworker_gift.json
[2026, 9, 25, 11, 55, 19] ;;; compileLootTables;     --> loot_table\gameplay\hero_of_the_village\librarian_gift.json
[2026, 9, 25, 11, 55, 20] ;;; compileLootTables;     --> loot_table\gameplay\hero_of_the_village\mason_gift.json
[2026, 9, 25, 11, 55, 20] ;;; compileLootTables;     --> loot_table\gameplay\hero_of_the_village\shepherd_gift.json
[2026, 9, 25, 11, 55, 20] ;;; compileLootTables;     --> loot_table\gameplay\hero_of_the_village\toolsmith_gift.json
[2026, 9, 25, 11, 55, 20] ;;; compileLootTables;     --> loot_table\gameplay\hero_of_the_village\unemployed_gift.json
[2026, 9, 25, 11, 55, 20] ;;; compileLootTables;     --> loot_table\gameplay\hero_of_the_village\weaponsmith_gift.json
[2026, 9, 25, 11, 55, 20] ;;; compileLootTables;     --> loot_table\harvest\beehive.json
[2026, 9, 25, 11, 55, 20] ;;; compileLootTables;     --> loot_table\harvest\cave_vine.json
[2026, 9, 25, 11, 55, 20] ;;; compileLootTables;     --> loot_table\harvest\sweet_berry_bush.json
[2026, 9, 25, 11, 55, 20] ;;; compileLootTables;     --> loot_table\pots\trial_chambers\corridor.json
[2026, 9, 25, 11, 55, 20] ;;; compileLootTables;     --> loot_table\shearing\bogged.json
[2026, 9, 25, 11, 55, 20] ;;; compileLootTables;     --> loot_table\shearing\mooshroom.json
[2026, 9, 25, 11, 55, 20] ;;; compileLootTables;     --> loot_table\shearing\sheep.json
[2026, 9, 25, 11, 55, 20] ;;; compileLootTables;     --> loot_table\shearing\snow_golem.json
[2026, 9, 25, 11, 55, 20] ;;; compileLootTables;     --> loot_table\shearing\mooshroom\brown.json
[2026, 9, 25, 11, 55, 20] ;;; compileLootTables;     --> loot_table\shearing\mooshroom\red.json
[2026, 9, 25, 11, 55, 20] ;;; compileLootTables;     --> loot_table\shearing\sheep\black.json
[2026, 9, 25, 11, 55, 20] ;;; compileLootTables;     --> loot_table\shearing\sheep\blue.json
[2026, 9, 25, 11, 55, 20] ;;; compileLootTables;     --> loot_table\shearing\sheep\brown.json
[2026, 9, 25, 11, 55, 20] ;;; compileLootTables;     --> loot_table\shearing\sheep\cyan.json
[2026, 9, 25, 11, 55, 20] ;;; compileLootTables;     --> loot_table\shearing\sheep\gray.json
[2026, 9, 25, 11, 55, 20] ;;; compileLootTables;     --> loot_table\shearing\sheep\green.json
[2026, 9, 25, 11, 55, 20] ;;; compileLootTables;     --> loot_table\shearing\sheep\light_blue.json
[2026, 9, 25, 11, 55, 20] ;;; compileLootTables;     --> loot_table\shearing\sheep\light_gray.json
[2026, 9, 25, 11, 55, 20] ;;; compileLootTables;     --> loot_table\shearing\sheep\lime.json
[2026, 9, 25, 11, 55, 20] ;;; compileLootTables;     --> loot_table\shearing\sheep\magenta.json
[2026, 9, 25, 11, 55, 20] ;;; compileLootTables;     --> loot_table\shearing\sheep\orange.json
[2026, 9, 25, 11, 55, 20] ;;; compileLootTables;     --> loot_table\shearing\sheep\pink.json
[2026, 9, 25, 11, 55, 20] ;;; compileLootTables;     --> loot_table\shearing\sheep\purple.json
[2026, 9, 25, 11, 55, 20] ;;; compileLootTables;     --> loot_table\shearing\sheep\red.json
[2026, 9, 25, 11, 55, 20] ;;; compileLootTables;     --> loot_table\shearing\sheep\white.json
[2026, 9, 25, 11, 55, 20] ;;; compileLootTables;     --> loot_table\shearing\sheep\yellow.json
[2026, 9, 25, 11, 55, 20] ;;; compileLootTables;     --> loot_table\spawners\ominous\trial_chamber\consumables.json
[2026, 9, 25, 11, 55, 20] ;;; compileLootTables;     --> loot_table\spawners\ominous\trial_chamber\key.json
[2026, 9, 25, 11, 55, 20] ;;; compileLootTables;     --> loot_table\spawners\trial_chamber\consumables.json
[2026, 9, 25, 11, 55, 20] ;;; compileLootTables;     --> loot_table\spawners\trial_chamber\items_to_drop_when_ominous.json
[2026, 9, 25, 11, 55, 20] ;;; compileLootTables;     --> loot_table\spawners\trial_chamber\key.json
[2026, 9, 25, 11, 56, 20] ;;; compileLootTables;     --> loot_table\archaeology\desert_pyramid.json
[2026, 9, 25, 11, 56, 20] ;;; compileLootTables;     --> loot_table\archaeology\desert_well.json
[2026, 9, 25, 11, 56, 20] ;;; compileLootTables;     --> loot_table\archaeology\ocean_ruin_cold.json
[2026, 9, 25, 11, 56, 20] ;;; compileLootTables;     --> loot_table\archaeology\ocean_ruin_warm.json
[2026, 9, 25, 11, 56, 20] ;;; compileLootTables;     --> loot_table\archaeology\trail_ruins_common.json
[2026, 9, 25, 11, 56, 20] ;;; compileLootTables;     --> loot_table\archaeology\trail_ruins_rare.json
[2026, 9, 25, 11, 56, 20] ;;; compileLootTables;     --> loot_table\blocks\acacia_button.json
[2026, 9, 25, 11, 56, 20] ;;; compileLootTables;     --> loot_table\blocks\acacia_door.json
[2026, 9, 25, 11, 56, 20] ;;; compileLootTables;     --> loot_table\blocks\acacia_fence.json
[2026, 9, 25, 11, 56, 20] ;;; compileLootTables;     --> loot_table\blocks\acacia_fence_gate.json
[2026, 9, 25, 11, 56, 20] ;;; compileLootTables;     --> loot_table\blocks\acacia_hanging_sign.json
[2026, 9, 25, 11, 56, 20] ;;; compileLootTables;     --> loot_table\blocks\acacia_leaves.json
[2026, 9, 25, 11, 56, 20] ;;; compileLootTables;     --> loot_table\blocks\acacia_log.json
[2026, 9, 25, 11, 56, 20] ;;; compileLootTables;     --> loot_table\blocks\acacia_planks.json
[2026, 9, 25, 11, 56, 20] ;;; compileLootTables;     --> loot_table\blocks\acacia_pressure_plate.json
[2026, 9, 25, 11, 56, 20] ;;; compileLootTables;     --> loot_table\blocks\acacia_sapling.json
[2026, 9, 25, 11, 56, 20] ;;; compileLootTables;     --> loot_table\blocks\acacia_shelf.json
[2026, 9, 25, 11, 56, 20] ;;; compileLootTables;     --> loot_table\blocks\acacia_sign.json
[2026, 9, 25, 11, 56, 20] ;;; compileLootTables;     --> loot_table\blocks\acacia_slab.json
[2026, 9, 25, 11, 56, 21] ;;; compileLootTables;     --> loot_table\blocks\acacia_stairs.json
[2026, 9, 25, 11, 56, 21] ;;; compileLootTables;     --> loot_table\blocks\acacia_trapdoor.json
[2026, 9, 25, 11, 56, 21] ;;; compileLootTables;     --> loot_table\blocks\acacia_wood.json
[2026, 9, 25, 11, 56, 21] ;;; compileLootTables;     --> loot_table\blocks\activator_rail.json
[2026, 9, 25, 11, 56, 21] ;;; compileLootTables;     --> loot_table\blocks\allium.json
[2026, 9, 25, 11, 56, 21] ;;; compileLootTables;     --> loot_table\blocks\amethyst_block.json
[2026, 9, 25, 11, 56, 21] ;;; compileLootTables;     --> loot_table\blocks\amethyst_cluster.json
[2026, 9, 25, 11, 56, 21] ;;; compileLootTables;     --> loot_table\blocks\ancient_debris.json
[2026, 9, 25, 11, 56, 21] ;;; compileLootTables;     --> loot_table\blocks\andesite.json
[2026, 9, 25, 11, 56, 21] ;;; compileLootTables;     --> loot_table\blocks\andesite_slab.json
[2026, 9, 25, 11, 56, 21] ;;; compileLootTables;     --> loot_table\blocks\andesite_stairs.json
[2026, 9, 25, 11, 56, 21] ;;; compileLootTables;     --> loot_table\blocks\andesite_wall.json
[2026, 9, 25, 11, 56, 21] ;;; compileLootTables;     --> loot_table\blocks\anvil.json
[2026, 9, 25, 11, 56, 21] ;;; compileLootTables;     --> loot_table\blocks\attached_melon_stem.json
[2026, 9, 25, 11, 56, 21] ;;; compileLootTables;     --> loot_table\blocks\attached_pumpkin_stem.json
[2026, 9, 25, 11, 56, 21] ;;; compileLootTables;     --> loot_table\blocks\azalea.json
[2026, 9, 25, 11, 56, 21] ;;; compileLootTables;     --> loot_table\blocks\azalea_leaves.json
[2026, 9, 25, 11, 56, 21] ;;; compileLootTables;     --> loot_table\blocks\azure_bluet.json
[2026, 9, 25, 11, 56, 21] ;;; compileLootTables;     --> loot_table\blocks\bamboo.json
[2026, 9, 25, 11, 56, 21] ;;; compileLootTables;     --> loot_table\blocks\bamboo_block.json
[2026, 9, 25, 11, 56, 21] ;;; compileLootTables;     --> loot_table\blocks\bamboo_button.json
[2026, 9, 25, 11, 56, 21] ;;; compileLootTables;     --> loot_table\blocks\bamboo_door.json
[2026, 9, 25, 11, 56, 21] ;;; compileLootTables;     --> loot_table\blocks\bamboo_fence.json
[2026, 9, 25, 11, 56, 21] ;;; compileLootTables;     --> loot_table\blocks\bamboo_fence_gate.json
[2026, 9, 25, 11, 56, 21] ;;; compileLootTables;     --> loot_table\blocks\bamboo_hanging_sign.json
[2026, 9, 25, 11, 56, 21] ;;; compileLootTables;     --> loot_table\blocks\bamboo_mosaic.json
[2026, 9, 25, 11, 56, 21] ;;; compileLootTables;     --> loot_table\blocks\bamboo_mosaic_slab.json
[2026, 9, 25, 11, 56, 21] ;;; compileLootTables;     --> loot_table\blocks\bamboo_mosaic_stairs.json
[2026, 9, 25, 11, 56, 21] ;;; compileLootTables;     --> loot_table\blocks\bamboo_planks.json
[2026, 9, 25, 11, 56, 21] ;;; compileLootTables;     --> loot_table\blocks\bamboo_pressure_plate.json
[2026, 9, 25, 11, 56, 21] ;;; compileLootTables;     --> loot_table\blocks\bamboo_sapling.json
[2026, 9, 25, 11, 56, 21] ;;; compileLootTables;     --> loot_table\blocks\bamboo_shelf.json
[2026, 9, 25, 11, 56, 21] ;;; compileLootTables;     --> loot_table\blocks\bamboo_sign.json
[2026, 9, 25, 11, 56, 21] ;;; compileLootTables;     --> loot_table\blocks\bamboo_slab.json
[2026, 9, 25, 11, 56, 21] ;;; compileLootTables;     --> loot_table\blocks\bamboo_stairs.json
[2026, 9, 25, 11, 56, 21] ;;; compileLootTables;     --> loot_table\blocks\bamboo_trapdoor.json
[2026, 9, 25, 11, 56, 21] ;;; compileLootTables;     --> loot_table\blocks\barrel.json
[2026, 9, 25, 11, 56, 21] ;;; compileLootTables;     --> loot_table\blocks\basalt.json
[2026, 9, 25, 11, 56, 21] ;;; compileLootTables;     --> loot_table\blocks\beacon.json
[2026, 9, 25, 11, 56, 21] ;;; compileLootTables;     --> loot_table\blocks\beehive.json
[2026, 9, 25, 11, 56, 21] ;;; compileLootTables;     --> loot_table\blocks\beetroots.json
[2026, 9, 25, 11, 56, 21] ;;; compileLootTables;     --> loot_table\blocks\bee_nest.json
[2026, 9, 25, 11, 56, 21] ;;; compileLootTables;     --> loot_table\blocks\bell.json
[2026, 9, 25, 11, 56, 21] ;;; compileLootTables;     --> loot_table\blocks\big_dripleaf.json
[2026, 9, 25, 11, 56, 21] ;;; compileLootTables;     --> loot_table\blocks\big_dripleaf_stem.json
[2026, 9, 25, 11, 56, 21] ;;; compileLootTables;     --> loot_table\blocks\birch_button.json
[2026, 9, 25, 11, 56, 21] ;;; compileLootTables;     --> loot_table\blocks\birch_door.json
[2026, 9, 25, 11, 56, 21] ;;; compileLootTables;     --> loot_table\blocks\birch_fence.json
[2026, 9, 25, 11, 56, 21] ;;; compileLootTables;     --> loot_table\blocks\birch_fence_gate.json
[2026, 9, 25, 11, 56, 21] ;;; compileLootTables;     --> loot_table\blocks\birch_hanging_sign.json
[2026, 9, 25, 11, 56, 21] ;;; compileLootTables;     --> loot_table\blocks\birch_leaves.json
[2026, 9, 25, 11, 56, 21] ;;; compileLootTables;     --> loot_table\blocks\birch_log.json
[2026, 9, 25, 11, 56, 21] ;;; compileLootTables;     --> loot_table\blocks\birch_planks.json
[2026, 9, 25, 11, 56, 21] ;;; compileLootTables;     --> loot_table\blocks\birch_pressure_plate.json
[2026, 9, 25, 11, 56, 21] ;;; compileLootTables;     --> loot_table\blocks\birch_sapling.json
[2026, 9, 25, 11, 56, 21] ;;; compileLootTables;     --> loot_table\blocks\birch_shelf.json
[2026, 9, 25, 11, 56, 21] ;;; compileLootTables;     --> loot_table\blocks\birch_sign.json
[2026, 9, 25, 11, 56, 21] ;;; compileLootTables;     --> loot_table\blocks\birch_slab.json
[2026, 9, 25, 11, 56, 21] ;;; compileLootTables;     --> loot_table\blocks\birch_stairs.json
[2026, 9, 25, 11, 56, 21] ;;; compileLootTables;     --> loot_table\blocks\birch_trapdoor.json
[2026, 9, 25, 11, 56, 21] ;;; compileLootTables;     --> loot_table\blocks\birch_wood.json
[2026, 9, 25, 11, 56, 21] ;;; compileLootTables;     --> loot_table\blocks\blackstone.json
[2026, 9, 25, 11, 56, 21] ;;; compileLootTables;     --> loot_table\blocks\blackstone_slab.json
[2026, 9, 25, 11, 56, 21] ;;; compileLootTables;     --> loot_table\blocks\blackstone_stairs.json
[2026, 9, 25, 11, 56, 21] ;;; compileLootTables;     --> loot_table\blocks\blackstone_wall.json
[2026, 9, 25, 11, 56, 21] ;;; compileLootTables;     --> loot_table\blocks\black_banner.json
[2026, 9, 25, 11, 56, 21] ;;; compileLootTables;     --> loot_table\blocks\black_bed.json
[2026, 9, 25, 11, 56, 21] ;;; compileLootTables;     --> loot_table\blocks\black_candle.json
[2026, 9, 25, 11, 56, 21] ;;; compileLootTables;     --> loot_table\blocks\black_candle_cake.json
[2026, 9, 25, 11, 56, 21] ;;; compileLootTables;     --> loot_table\blocks\black_carpet.json
[2026, 9, 25, 11, 56, 21] ;;; compileLootTables;     --> loot_table\blocks\black_concrete.json
[2026, 9, 25, 11, 56, 21] ;;; compileLootTables;     --> loot_table\blocks\black_concrete_powder.json
[2026, 9, 25, 11, 56, 21] ;;; compileLootTables;     --> loot_table\blocks\black_glazed_terracotta.json
[2026, 9, 25, 11, 56, 21] ;;; compileLootTables;     --> loot_table\blocks\black_shulker_box.json
[2026, 9, 25, 11, 56, 21] ;;; compileLootTables;     --> loot_table\blocks\black_stained_glass.json
[2026, 9, 25, 11, 56, 21] ;;; compileLootTables;     --> loot_table\blocks\black_stained_glass_pane.json
[2026, 9, 25, 11, 56, 21] ;;; compileLootTables;     --> loot_table\blocks\black_terracotta.json
[2026, 9, 25, 11, 56, 21] ;;; compileLootTables;     --> loot_table\blocks\black_wool.json
[2026, 9, 25, 11, 56, 21] ;;; compileLootTables;     --> loot_table\blocks\blast_furnace.json
[2026, 9, 25, 11, 56, 21] ;;; compileLootTables;     --> loot_table\blocks\blue_banner.json
[2026, 9, 25, 11, 56, 21] ;;; compileLootTables;     --> loot_table\blocks\blue_bed.json
[2026, 9, 25, 11, 56, 21] ;;; compileLootTables;     --> loot_table\blocks\blue_candle.json
[2026, 9, 25, 11, 56, 21] ;;; compileLootTables;     --> loot_table\blocks\blue_candle_cake.json
[2026, 9, 25, 11, 56, 21] ;;; compileLootTables;     --> loot_table\blocks\blue_carpet.json
[2026, 9, 25, 11, 56, 21] ;;; compileLootTables;     --> loot_table\blocks\blue_concrete.json
[2026, 9, 25, 11, 56, 21] ;;; compileLootTables;     --> loot_table\blocks\blue_concrete_powder.json
[2026, 9, 25, 11, 56, 21] ;;; compileLootTables;     --> loot_table\blocks\blue_glazed_terracotta.json
[2026, 9, 25, 11, 56, 21] ;;; compileLootTables;     --> loot_table\blocks\blue_ice.json
[2026, 9, 25, 11, 56, 22] ;;; compileLootTables;     --> loot_table\blocks\blue_orchid.json
[2026, 9, 25, 11, 56, 22] ;;; compileLootTables;     --> loot_table\blocks\blue_shulker_box.json
[2026, 9, 25, 11, 56, 22] ;;; compileLootTables;     --> loot_table\blocks\blue_stained_glass.json
[2026, 9, 25, 11, 56, 22] ;;; compileLootTables;     --> loot_table\blocks\blue_stained_glass_pane.json
[2026, 9, 25, 11, 56, 22] ;;; compileLootTables;     --> loot_table\blocks\blue_terracotta.json
[2026, 9, 25, 11, 56, 22] ;;; compileLootTables;     --> loot_table\blocks\blue_wool.json
[2026, 9, 25, 11, 56, 22] ;;; compileLootTables;     --> loot_table\blocks\bone_block.json
[2026, 9, 25, 11, 56, 22] ;;; compileLootTables;     --> loot_table\blocks\bookshelf.json
[2026, 9, 25, 11, 56, 22] ;;; compileLootTables;     --> loot_table\blocks\brain_coral.json
[2026, 9, 25, 11, 56, 22] ;;; compileLootTables;     --> loot_table\blocks\brain_coral_block.json
[2026, 9, 25, 11, 56, 22] ;;; compileLootTables;     --> loot_table\blocks\brain_coral_fan.json
[2026, 9, 25, 11, 56, 22] ;;; compileLootTables;     --> loot_table\blocks\brewing_stand.json
[2026, 9, 25, 11, 56, 22] ;;; compileLootTables;     --> loot_table\blocks\bricks.json
[2026, 9, 25, 11, 56, 22] ;;; compileLootTables;     --> loot_table\blocks\brick_slab.json
[2026, 9, 25, 11, 56, 22] ;;; compileLootTables;     --> loot_table\blocks\brick_stairs.json
[2026, 9, 25, 11, 56, 22] ;;; compileLootTables;     --> loot_table\blocks\brick_wall.json
[2026, 9, 25, 11, 56, 22] ;;; compileLootTables;     --> loot_table\blocks\brown_banner.json
[2026, 9, 25, 11, 56, 22] ;;; compileLootTables;     --> loot_table\blocks\brown_bed.json
[2026, 9, 25, 11, 56, 22] ;;; compileLootTables;     --> loot_table\blocks\brown_candle.json
[2026, 9, 25, 11, 56, 22] ;;; compileLootTables;     --> loot_table\blocks\brown_candle_cake.json
[2026, 9, 25, 11, 56, 22] ;;; compileLootTables;     --> loot_table\blocks\brown_carpet.json
[2026, 9, 25, 11, 56, 22] ;;; compileLootTables;     --> loot_table\blocks\brown_concrete.json
[2026, 9, 25, 11, 56, 22] ;;; compileLootTables;     --> loot_table\blocks\brown_concrete_powder.json
[2026, 9, 25, 11, 56, 22] ;;; compileLootTables;     --> loot_table\blocks\brown_glazed_terracotta.json
[2026, 9, 25, 11, 56, 22] ;;; compileLootTables;     --> loot_table\blocks\brown_mushroom.json
[2026, 9, 25, 11, 56, 22] ;;; compileLootTables;     --> loot_table\blocks\brown_mushroom_block.json
[2026, 9, 25, 11, 56, 22] ;;; compileLootTables;     --> loot_table\blocks\brown_shulker_box.json
[2026, 9, 25, 11, 56, 22] ;;; compileLootTables;     --> loot_table\blocks\brown_stained_glass.json
[2026, 9, 25, 11, 56, 22] ;;; compileLootTables;     --> loot_table\blocks\brown_stained_glass_pane.json
[2026, 9, 25, 11, 56, 22] ;;; compileLootTables;     --> loot_table\blocks\brown_terracotta.json
[2026, 9, 25, 11, 56, 22] ;;; compileLootTables;     --> loot_table\blocks\brown_wool.json
[2026, 9, 25, 11, 56, 22] ;;; compileLootTables;     --> loot_table\blocks\bubble_coral.json
[2026, 9, 25, 11, 56, 22] ;;; compileLootTables;     --> loot_table\blocks\bubble_coral_block.json
[2026, 9, 25, 11, 56, 22] ;;; compileLootTables;     --> loot_table\blocks\bubble_coral_fan.json
[2026, 9, 25, 11, 56, 22] ;;; compileLootTables;     --> loot_table\blocks\budding_amethyst.json
[2026, 9, 25, 11, 56, 22] ;;; compileLootTables;     --> loot_table\blocks\bush.json
[2026, 9, 25, 11, 56, 22] ;;; compileLootTables;     --> loot_table\blocks\cactus.json
[2026, 9, 25, 11, 56, 22] ;;; compileLootTables;     --> loot_table\blocks\cactus_flower.json
[2026, 9, 25, 11, 56, 22] ;;; compileLootTables;     --> loot_table\blocks\cake.json
[2026, 9, 25, 11, 56, 22] ;;; compileLootTables;     --> loot_table\blocks\calcite.json
[2026, 9, 25, 11, 56, 22] ;;; compileLootTables;     --> loot_table\blocks\calibrated_sculk_sensor.json
[2026, 9, 25, 11, 56, 22] ;;; compileLootTables;     --> loot_table\blocks\campfire.json
[2026, 9, 25, 11, 56, 22] ;;; compileLootTables;     --> loot_table\blocks\candle.json
[2026, 9, 25, 11, 56, 22] ;;; compileLootTables;     --> loot_table\blocks\candle_cake.json
[2026, 9, 25, 11, 56, 22] ;;; compileLootTables;     --> loot_table\blocks\carrots.json
[2026, 9, 25, 11, 56, 22] ;;; compileLootTables;     --> loot_table\blocks\cartography_table.json
[2026, 9, 25, 11, 56, 22] ;;; compileLootTables;     --> loot_table\blocks\carved_pumpkin.json
[2026, 9, 25, 11, 56, 22] ;;; compileLootTables;     --> loot_table\blocks\cauldron.json
[2026, 9, 25, 11, 56, 22] ;;; compileLootTables;     --> loot_table\blocks\cave_vines.json
[2026, 9, 25, 11, 56, 22] ;;; compileLootTables;     --> loot_table\blocks\cave_vines_plant.json
[2026, 9, 25, 11, 56, 22] ;;; compileLootTables;     --> loot_table\blocks\cherry_button.json
[2026, 9, 25, 11, 56, 22] ;;; compileLootTables;     --> loot_table\blocks\cherry_door.json
[2026, 9, 25, 11, 56, 22] ;;; compileLootTables;     --> loot_table\blocks\cherry_fence.json
[2026, 9, 25, 11, 56, 22] ;;; compileLootTables;     --> loot_table\blocks\cherry_fence_gate.json
[2026, 9, 25, 11, 56, 22] ;;; compileLootTables;     --> loot_table\blocks\cherry_hanging_sign.json
[2026, 9, 25, 11, 56, 22] ;;; compileLootTables;     --> loot_table\blocks\cherry_leaves.json
[2026, 9, 25, 11, 56, 22] ;;; compileLootTables;     --> loot_table\blocks\cherry_log.json
[2026, 9, 25, 11, 56, 22] ;;; compileLootTables;     --> loot_table\blocks\cherry_planks.json
[2026, 9, 25, 11, 56, 22] ;;; compileLootTables;     --> loot_table\blocks\cherry_pressure_plate.json
[2026, 9, 25, 11, 56, 22] ;;; compileLootTables;     --> loot_table\blocks\cherry_sapling.json
[2026, 9, 25, 11, 56, 22] ;;; compileLootTables;     --> loot_table\blocks\cherry_shelf.json
[2026, 9, 25, 11, 56, 22] ;;; compileLootTables;     --> loot_table\blocks\cherry_sign.json
[2026, 9, 25, 11, 56, 22] ;;; compileLootTables;     --> loot_table\blocks\cherry_slab.json
[2026, 9, 25, 11, 56, 22] ;;; compileLootTables;     --> loot_table\blocks\cherry_stairs.json
[2026, 9, 25, 11, 56, 22] ;;; compileLootTables;     --> loot_table\blocks\cherry_trapdoor.json
[2026, 9, 25, 11, 56, 22] ;;; compileLootTables;     --> loot_table\blocks\cherry_wood.json
[2026, 9, 25, 11, 56, 22] ;;; compileLootTables;     --> loot_table\blocks\chest.json
[2026, 9, 25, 11, 56, 22] ;;; compileLootTables;     --> loot_table\blocks\chipped_anvil.json
[2026, 9, 25, 11, 56, 22] ;;; compileLootTables;     --> loot_table\blocks\chiseled_bookshelf.json
[2026, 9, 25, 11, 56, 22] ;;; compileLootTables;     --> loot_table\blocks\chiseled_cinnabar.json
[2026, 9, 25, 11, 56, 22] ;;; compileLootTables;     --> loot_table\blocks\chiseled_copper.json
[2026, 9, 25, 11, 56, 22] ;;; compileLootTables;     --> loot_table\blocks\chiseled_deepslate.json
[2026, 9, 25, 11, 56, 22] ;;; compileLootTables;     --> loot_table\blocks\chiseled_nether_bricks.json
[2026, 9, 25, 11, 56, 22] ;;; compileLootTables;     --> loot_table\blocks\chiseled_polished_blackstone.json
[2026, 9, 25, 11, 56, 22] ;;; compileLootTables;     --> loot_table\blocks\chiseled_quartz_block.json
[2026, 9, 25, 11, 56, 22] ;;; compileLootTables;     --> loot_table\blocks\chiseled_red_sandstone.json
[2026, 9, 25, 11, 56, 22] ;;; compileLootTables;     --> loot_table\blocks\chiseled_resin_bricks.json
[2026, 9, 25, 11, 56, 22] ;;; compileLootTables;     --> loot_table\blocks\chiseled_sandstone.json
[2026, 9, 25, 11, 56, 22] ;;; compileLootTables;     --> loot_table\blocks\chiseled_stone_bricks.json
[2026, 9, 25, 11, 56, 22] ;;; compileLootTables;     --> loot_table\blocks\chiseled_sulfur.json
[2026, 9, 25, 11, 56, 22] ;;; compileLootTables;     --> loot_table\blocks\chiseled_tuff.json
[2026, 9, 25, 11, 56, 22] ;;; compileLootTables;     --> loot_table\blocks\chiseled_tuff_bricks.json
[2026, 9, 25, 11, 56, 22] ;;; compileLootTables;     --> loot_table\blocks\chorus_flower.json
[2026, 9, 25, 11, 56, 22] ;;; compileLootTables;     --> loot_table\blocks\chorus_plant.json
[2026, 9, 25, 11, 56, 22] ;;; compileLootTables;     --> loot_table\blocks\cinnabar.json
[2026, 9, 25, 11, 56, 22] ;;; compileLootTables;     --> loot_table\blocks\cinnabar_bricks.json
[2026, 9, 25, 11, 56, 22] ;;; compileLootTables;     --> loot_table\blocks\cinnabar_brick_slab.json
[2026, 9, 25, 11, 56, 22] ;;; compileLootTables;     --> loot_table\blocks\cinnabar_brick_stairs.json
[2026, 9, 25, 11, 56, 22] ;;; compileLootTables;     --> loot_table\blocks\cinnabar_brick_wall.json
[2026, 9, 25, 11, 56, 22] ;;; compileLootTables;     --> loot_table\blocks\cinnabar_slab.json
[2026, 9, 25, 11, 56, 22] ;;; compileLootTables;     --> loot_table\blocks\cinnabar_stairs.json
[2026, 9, 25, 11, 56, 22] ;;; compileLootTables;     --> loot_table\blocks\cinnabar_wall.json
[2026, 9, 25, 11, 56, 22] ;;; compileLootTables;     --> loot_table\blocks\clay.json
[2026, 9, 25, 11, 56, 22] ;;; compileLootTables;     --> loot_table\blocks\closed_eyeblossom.json
[2026, 9, 25, 11, 56, 22] ;;; compileLootTables;     --> loot_table\blocks\coal_block.json
[2026, 9, 25, 11, 56, 22] ;;; compileLootTables;     --> loot_table\blocks\coal_ore.json
[2026, 9, 25, 11, 56, 22] ;;; compileLootTables;     --> loot_table\blocks\coarse_dirt.json
[2026, 9, 25, 11, 56, 22] ;;; compileLootTables;     --> loot_table\blocks\cobbled_deepslate.json
[2026, 9, 25, 11, 56, 22] ;;; compileLootTables;     --> loot_table\blocks\cobbled_deepslate_slab.json
[2026, 9, 25, 11, 56, 22] ;;; compileLootTables;     --> loot_table\blocks\cobbled_deepslate_stairs.json
[2026, 9, 25, 11, 56, 22] ;;; compileLootTables;     --> loot_table\blocks\cobbled_deepslate_wall.json
[2026, 9, 25, 11, 56, 22] ;;; compileLootTables;     --> loot_table\blocks\cobblestone.json
[2026, 9, 25, 11, 56, 22] ;;; compileLootTables;     --> loot_table\blocks\cobblestone_slab.json
[2026, 9, 25, 11, 56, 22] ;;; compileLootTables;     --> loot_table\blocks\cobblestone_stairs.json
[2026, 9, 25, 11, 56, 22] ;;; compileLootTables;     --> loot_table\blocks\cobblestone_wall.json
[2026, 9, 25, 11, 56, 22] ;;; compileLootTables;     --> loot_table\blocks\cobweb.json
[2026, 9, 25, 11, 56, 22] ;;; compileLootTables;     --> loot_table\blocks\cocoa.json
[2026, 9, 25, 11, 56, 22] ;;; compileLootTables;     --> loot_table\blocks\comparator.json
[2026, 9, 25, 11, 56, 22] ;;; compileLootTables;     --> loot_table\blocks\composter.json
[2026, 9, 25, 11, 56, 22] ;;; compileLootTables;     --> loot_table\blocks\conduit.json
[2026, 9, 25, 11, 56, 22] ;;; compileLootTables;     --> loot_table\blocks\copper_bars.json
[2026, 9, 25, 11, 56, 22] ;;; compileLootTables;     --> loot_table\blocks\copper_block.json
[2026, 9, 25, 11, 56, 23] ;;; compileLootTables;     --> loot_table\blocks\copper_bulb.json
[2026, 9, 25, 11, 56, 23] ;;; compileLootTables;     --> loot_table\blocks\copper_chain.json
[2026, 9, 25, 11, 56, 23] ;;; compileLootTables;     --> loot_table\blocks\copper_chest.json
[2026, 9, 25, 11, 56, 23] ;;; compileLootTables;     --> loot_table\blocks\copper_door.json
[2026, 9, 25, 11, 56, 23] ;;; compileLootTables;     --> loot_table\blocks\copper_golem_statue.json
[2026, 9, 25, 11, 56, 23] ;;; compileLootTables;     --> loot_table\blocks\copper_grate.json
[2026, 9, 25, 11, 56, 23] ;;; compileLootTables;     --> loot_table\blocks\copper_lantern.json
[2026, 9, 25, 11, 56, 23] ;;; compileLootTables;     --> loot_table\blocks\copper_ore.json
[2026, 9, 25, 11, 56, 23] ;;; compileLootTables;     --> loot_table\blocks\copper_torch.json
[2026, 9, 25, 11, 56, 23] ;;; compileLootTables;     --> loot_table\blocks\copper_trapdoor.json
[2026, 9, 25, 11, 56, 23] ;;; compileLootTables;     --> loot_table\blocks\cornflower.json
[2026, 9, 25, 11, 56, 23] ;;; compileLootTables;     --> loot_table\blocks\cracked_deepslate_bricks.json
[2026, 9, 25, 11, 56, 23] ;;; compileLootTables;     --> loot_table\blocks\cracked_deepslate_tiles.json
[2026, 9, 25, 11, 56, 23] ;;; compileLootTables;     --> loot_table\blocks\cracked_nether_bricks.json
[2026, 9, 25, 11, 56, 23] ;;; compileLootTables;     --> loot_table\blocks\cracked_polished_blackstone_bricks.json
[2026, 9, 25, 11, 56, 23] ;;; compileLootTables;     --> loot_table\blocks\cracked_stone_bricks.json
[2026, 9, 25, 11, 56, 23] ;;; compileLootTables;     --> loot_table\blocks\crafter.json
[2026, 9, 25, 11, 56, 23] ;;; compileLootTables;     --> loot_table\blocks\crafting_table.json
[2026, 9, 25, 11, 56, 23] ;;; compileLootTables;     --> loot_table\blocks\creaking_heart.json
[2026, 9, 25, 11, 56, 23] ;;; compileLootTables;     --> loot_table\blocks\creeper_head.json
[2026, 9, 25, 11, 56, 23] ;;; compileLootTables;     --> loot_table\blocks\crimson_button.json
[2026, 9, 25, 11, 56, 23] ;;; compileLootTables;     --> loot_table\blocks\crimson_door.json
[2026, 9, 25, 11, 56, 23] ;;; compileLootTables;     --> loot_table\blocks\crimson_fence.json
[2026, 9, 25, 11, 56, 23] ;;; compileLootTables;     --> loot_table\blocks\crimson_fence_gate.json
[2026, 9, 25, 11, 56, 23] ;;; compileLootTables;     --> loot_table\blocks\crimson_fungus.json
[2026, 9, 25, 11, 56, 23] ;;; compileLootTables;     --> loot_table\blocks\crimson_hanging_sign.json
[2026, 9, 25, 11, 56, 23] ;;; compileLootTables;     --> loot_table\blocks\crimson_hyphae.json
[2026, 9, 25, 11, 56, 23] ;;; compileLootTables;     --> loot_table\blocks\crimson_nylium.json
[2026, 9, 25, 11, 56, 23] ;;; compileLootTables;     --> loot_table\blocks\crimson_planks.json
[2026, 9, 25, 11, 56, 23] ;;; compileLootTables;     --> loot_table\blocks\crimson_pressure_plate.json
[2026, 9, 25, 11, 56, 23] ;;; compileLootTables;     --> loot_table\blocks\crimson_roots.json
[2026, 9, 25, 11, 56, 23] ;;; compileLootTables;     --> loot_table\blocks\crimson_shelf.json
[2026, 9, 25, 11, 56, 23] ;;; compileLootTables;     --> loot_table\blocks\crimson_sign.json
[2026, 9, 25, 11, 56, 23] ;;; compileLootTables;     --> loot_table\blocks\crimson_slab.json
[2026, 9, 25, 11, 56, 23] ;;; compileLootTables;     --> loot_table\blocks\crimson_stairs.json
[2026, 9, 25, 11, 56, 23] ;;; compileLootTables;     --> loot_table\blocks\crimson_stem.json
[2026, 9, 25, 11, 56, 23] ;;; compileLootTables;     --> loot_table\blocks\crimson_trapdoor.json
[2026, 9, 25, 11, 56, 23] ;;; compileLootTables;     --> loot_table\blocks\crying_obsidian.json
[2026, 9, 25, 11, 56, 23] ;;; compileLootTables;     --> loot_table\blocks\cut_copper.json
[2026, 9, 25, 11, 56, 23] ;;; compileLootTables;     --> loot_table\blocks\cut_copper_slab.json
[2026, 9, 25, 11, 56, 23] ;;; compileLootTables;     --> loot_table\blocks\cut_copper_stairs.json
[2026, 9, 25, 11, 56, 23] ;;; compileLootTables;     --> loot_table\blocks\cut_red_sandstone.json
[2026, 9, 25, 11, 56, 23] ;;; compileLootTables;     --> loot_table\blocks\cut_red_sandstone_slab.json
[2026, 9, 25, 11, 56, 23] ;;; compileLootTables;     --> loot_table\blocks\cut_sandstone.json
[2026, 9, 25, 11, 56, 23] ;;; compileLootTables;     --> loot_table\blocks\cut_sandstone_slab.json
[2026, 9, 25, 11, 56, 23] ;;; compileLootTables;     --> loot_table\blocks\cyan_banner.json
[2026, 9, 25, 11, 56, 23] ;;; compileLootTables;     --> loot_table\blocks\cyan_bed.json
[2026, 9, 25, 11, 56, 23] ;;; compileLootTables;     --> loot_table\blocks\cyan_candle.json
[2026, 9, 25, 11, 56, 23] ;;; compileLootTables;     --> loot_table\blocks\cyan_candle_cake.json
[2026, 9, 25, 11, 56, 23] ;;; compileLootTables;     --> loot_table\blocks\cyan_carpet.json
[2026, 9, 25, 11, 56, 23] ;;; compileLootTables;     --> loot_table\blocks\cyan_concrete.json
[2026, 9, 25, 11, 56, 23] ;;; compileLootTables;     --> loot_table\blocks\cyan_concrete_powder.json
[2026, 9, 25, 11, 56, 23] ;;; compileLootTables;     --> loot_table\blocks\cyan_glazed_terracotta.json
[2026, 9, 25, 11, 56, 23] ;;; compileLootTables;     --> loot_table\blocks\cyan_shulker_box.json
[2026, 9, 25, 11, 56, 23] ;;; compileLootTables;     --> loot_table\blocks\cyan_stained_glass.json
[2026, 9, 25, 11, 56, 23] ;;; compileLootTables;     --> loot_table\blocks\cyan_stained_glass_pane.json
[2026, 9, 25, 11, 56, 23] ;;; compileLootTables;     --> loot_table\blocks\cyan_terracotta.json
[2026, 9, 25, 11, 56, 23] ;;; compileLootTables;     --> loot_table\blocks\cyan_wool.json
[2026, 9, 25, 11, 56, 23] ;;; compileLootTables;     --> loot_table\blocks\damaged_anvil.json
[2026, 9, 25, 11, 56, 23] ;;; compileLootTables;     --> loot_table\blocks\dandelion.json
[2026, 9, 25, 11, 56, 23] ;;; compileLootTables;     --> loot_table\blocks\dark_oak_button.json
[2026, 9, 25, 11, 56, 23] ;;; compileLootTables;     --> loot_table\blocks\dark_oak_door.json
[2026, 9, 25, 11, 56, 23] ;;; compileLootTables;     --> loot_table\blocks\dark_oak_fence.json
[2026, 9, 25, 11, 56, 23] ;;; compileLootTables;     --> loot_table\blocks\dark_oak_fence_gate.json
[2026, 9, 25, 11, 56, 23] ;;; compileLootTables;     --> loot_table\blocks\dark_oak_hanging_sign.json
[2026, 9, 25, 11, 56, 23] ;;; compileLootTables;     --> loot_table\blocks\dark_oak_leaves.json
[2026, 9, 25, 11, 56, 23] ;;; compileLootTables;     --> loot_table\blocks\dark_oak_log.json
[2026, 9, 25, 11, 56, 23] ;;; compileLootTables;     --> loot_table\blocks\dark_oak_planks.json
[2026, 9, 25, 11, 56, 23] ;;; compileLootTables;     --> loot_table\blocks\dark_oak_pressure_plate.json
[2026, 9, 25, 11, 56, 23] ;;; compileLootTables;     --> loot_table\blocks\dark_oak_sapling.json
[2026, 9, 25, 11, 56, 23] ;;; compileLootTables;     --> loot_table\blocks\dark_oak_shelf.json
[2026, 9, 25, 11, 56, 23] ;;; compileLootTables;     --> loot_table\blocks\dark_oak_sign.json
[2026, 9, 25, 11, 56, 23] ;;; compileLootTables;     --> loot_table\blocks\dark_oak_slab.json
[2026, 9, 25, 11, 56, 23] ;;; compileLootTables;     --> loot_table\blocks\dark_oak_stairs.json
[2026, 9, 25, 11, 56, 23] ;;; compileLootTables;     --> loot_table\blocks\dark_oak_trapdoor.json
[2026, 9, 25, 11, 56, 23] ;;; compileLootTables;     --> loot_table\blocks\dark_oak_wood.json
[2026, 9, 25, 11, 56, 23] ;;; compileLootTables;     --> loot_table\blocks\dark_prismarine.json
[2026, 9, 25, 11, 56, 23] ;;; compileLootTables;     --> loot_table\blocks\dark_prismarine_slab.json
[2026, 9, 25, 11, 56, 23] ;;; compileLootTables;     --> loot_table\blocks\dark_prismarine_stairs.json
[2026, 9, 25, 11, 56, 23] ;;; compileLootTables;     --> loot_table\blocks\daylight_detector.json
[2026, 9, 25, 11, 56, 23] ;;; compileLootTables;     --> loot_table\blocks\dead_brain_coral.json
[2026, 9, 25, 11, 56, 23] ;;; compileLootTables;     --> loot_table\blocks\dead_brain_coral_block.json
[2026, 9, 25, 11, 56, 23] ;;; compileLootTables;     --> loot_table\blocks\dead_brain_coral_fan.json
[2026, 9, 25, 11, 56, 23] ;;; compileLootTables;     --> loot_table\blocks\dead_bubble_coral.json
[2026, 9, 25, 11, 56, 23] ;;; compileLootTables;     --> loot_table\blocks\dead_bubble_coral_block.json
[2026, 9, 25, 11, 56, 23] ;;; compileLootTables;     --> loot_table\blocks\dead_bubble_coral_fan.json
[2026, 9, 25, 11, 56, 23] ;;; compileLootTables;     --> loot_table\blocks\dead_bush.json
[2026, 9, 25, 11, 56, 23] ;;; compileLootTables;     --> loot_table\blocks\dead_fire_coral.json
[2026, 9, 25, 11, 56, 23] ;;; compileLootTables;     --> loot_table\blocks\dead_fire_coral_block.json
[2026, 9, 25, 11, 56, 23] ;;; compileLootTables;     --> loot_table\blocks\dead_fire_coral_fan.json
[2026, 9, 25, 11, 56, 23] ;;; compileLootTables;     --> loot_table\blocks\dead_horn_coral.json
[2026, 9, 25, 11, 56, 23] ;;; compileLootTables;     --> loot_table\blocks\dead_horn_coral_block.json
[2026, 9, 25, 11, 56, 23] ;;; compileLootTables;     --> loot_table\blocks\dead_horn_coral_fan.json
[2026, 9, 25, 11, 56, 23] ;;; compileLootTables;     --> loot_table\blocks\dead_tube_coral.json
[2026, 9, 25, 11, 56, 23] ;;; compileLootTables;     --> loot_table\blocks\dead_tube_coral_block.json
[2026, 9, 25, 11, 56, 23] ;;; compileLootTables;     --> loot_table\blocks\dead_tube_coral_fan.json
[2026, 9, 25, 11, 56, 23] ;;; compileLootTables;     --> loot_table\blocks\decorated_pot.json
[2026, 9, 25, 11, 56, 23] ;;; compileLootTables;     --> loot_table\blocks\deepslate.json
[2026, 9, 25, 11, 56, 23] ;;; compileLootTables;     --> loot_table\blocks\deepslate_bricks.json
[2026, 9, 25, 11, 56, 23] ;;; compileLootTables;     --> loot_table\blocks\deepslate_brick_slab.json
[2026, 9, 25, 11, 56, 23] ;;; compileLootTables;     --> loot_table\blocks\deepslate_brick_stairs.json
[2026, 9, 25, 11, 56, 23] ;;; compileLootTables;     --> loot_table\blocks\deepslate_brick_wall.json
[2026, 9, 25, 11, 56, 23] ;;; compileLootTables;     --> loot_table\blocks\deepslate_coal_ore.json
[2026, 9, 25, 11, 56, 23] ;;; compileLootTables;     --> loot_table\blocks\deepslate_copper_ore.json
[2026, 9, 25, 11, 56, 23] ;;; compileLootTables;     --> loot_table\blocks\deepslate_diamond_ore.json
[2026, 9, 25, 11, 56, 23] ;;; compileLootTables;     --> loot_table\blocks\deepslate_emerald_ore.json
[2026, 9, 25, 11, 56, 23] ;;; compileLootTables;     --> loot_table\blocks\deepslate_gold_ore.json
[2026, 9, 25, 11, 56, 23] ;;; compileLootTables;     --> loot_table\blocks\deepslate_iron_ore.json
[2026, 9, 25, 11, 56, 23] ;;; compileLootTables;     --> loot_table\blocks\deepslate_lapis_ore.json
[2026, 9, 25, 11, 56, 23] ;;; compileLootTables;     --> loot_table\blocks\deepslate_redstone_ore.json
[2026, 9, 25, 11, 56, 23] ;;; compileLootTables;     --> loot_table\blocks\deepslate_tiles.json
[2026, 9, 25, 11, 56, 23] ;;; compileLootTables;     --> loot_table\blocks\deepslate_tile_slab.json
[2026, 9, 25, 11, 56, 23] ;;; compileLootTables;     --> loot_table\blocks\deepslate_tile_stairs.json
[2026, 9, 25, 11, 56, 23] ;;; compileLootTables;     --> loot_table\blocks\deepslate_tile_wall.json
[2026, 9, 25, 11, 56, 23] ;;; compileLootTables;     --> loot_table\blocks\detector_rail.json
[2026, 9, 25, 11, 56, 23] ;;; compileLootTables;     --> loot_table\blocks\diamond_block.json
[2026, 9, 25, 11, 56, 23] ;;; compileLootTables;     --> loot_table\blocks\diamond_ore.json
[2026, 9, 25, 11, 56, 23] ;;; compileLootTables;     --> loot_table\blocks\diorite.json
[2026, 9, 25, 11, 56, 23] ;;; compileLootTables;     --> loot_table\blocks\diorite_slab.json
[2026, 9, 25, 11, 56, 23] ;;; compileLootTables;     --> loot_table\blocks\diorite_stairs.json
[2026, 9, 25, 11, 56, 23] ;;; compileLootTables;     --> loot_table\blocks\diorite_wall.json
[2026, 9, 25, 11, 56, 23] ;;; compileLootTables;     --> loot_table\blocks\dirt.json
[2026, 9, 25, 11, 56, 23] ;;; compileLootTables;     --> loot_table\blocks\dirt_path.json
[2026, 9, 25, 11, 56, 24] ;;; compileLootTables;     --> loot_table\blocks\dispenser.json
[2026, 9, 25, 11, 56, 24] ;;; compileLootTables;     --> loot_table\blocks\dragon_egg.json
[2026, 9, 25, 11, 56, 24] ;;; compileLootTables;     --> loot_table\blocks\dragon_head.json
[2026, 9, 25, 11, 56, 24] ;;; compileLootTables;     --> loot_table\blocks\dried_ghast.json
[2026, 9, 25, 11, 56, 24] ;;; compileLootTables;     --> loot_table\blocks\dried_kelp_block.json
[2026, 9, 25, 11, 56, 24] ;;; compileLootTables;     --> loot_table\blocks\dripstone_block.json
[2026, 9, 25, 11, 56, 24] ;;; compileLootTables;     --> loot_table\blocks\dropper.json
[2026, 9, 25, 11, 56, 24] ;;; compileLootTables;     --> loot_table\blocks\emerald_block.json
[2026, 9, 25, 11, 56, 24] ;;; compileLootTables;     --> loot_table\blocks\emerald_ore.json
[2026, 9, 25, 11, 56, 24] ;;; compileLootTables;     --> loot_table\blocks\enchanting_table.json
[2026, 9, 25, 11, 56, 24] ;;; compileLootTables;     --> loot_table\blocks\ender_chest.json
[2026, 9, 25, 11, 56, 24] ;;; compileLootTables;     --> loot_table\blocks\end_rod.json
[2026, 9, 25, 11, 56, 24] ;;; compileLootTables;     --> loot_table\blocks\end_stone.json
[2026, 9, 25, 11, 56, 24] ;;; compileLootTables;     --> loot_table\blocks\end_stone_bricks.json
[2026, 9, 25, 11, 56, 24] ;;; compileLootTables;     --> loot_table\blocks\end_stone_brick_slab.json
[2026, 9, 25, 11, 56, 24] ;;; compileLootTables;     --> loot_table\blocks\end_stone_brick_stairs.json
[2026, 9, 25, 11, 56, 24] ;;; compileLootTables;     --> loot_table\blocks\end_stone_brick_wall.json
[2026, 9, 25, 11, 56, 24] ;;; compileLootTables;     --> loot_table\blocks\exposed_chiseled_copper.json
[2026, 9, 25, 11, 56, 24] ;;; compileLootTables;     --> loot_table\blocks\exposed_copper.json
[2026, 9, 25, 11, 56, 24] ;;; compileLootTables;     --> loot_table\blocks\exposed_copper_bars.json
[2026, 9, 25, 11, 56, 24] ;;; compileLootTables;     --> loot_table\blocks\exposed_copper_bulb.json
[2026, 9, 25, 11, 56, 24] ;;; compileLootTables;     --> loot_table\blocks\exposed_copper_chain.json
[2026, 9, 25, 11, 56, 24] ;;; compileLootTables;     --> loot_table\blocks\exposed_copper_chest.json
[2026, 9, 25, 11, 56, 24] ;;; compileLootTables;     --> loot_table\blocks\exposed_copper_door.json
[2026, 9, 25, 11, 56, 24] ;;; compileLootTables;     --> loot_table\blocks\exposed_copper_golem_statue.json
[2026, 9, 25, 11, 56, 24] ;;; compileLootTables;     --> loot_table\blocks\exposed_copper_grate.json
[2026, 9, 25, 11, 56, 24] ;;; compileLootTables;     --> loot_table\blocks\exposed_copper_lantern.json
[2026, 9, 25, 11, 56, 24] ;;; compileLootTables;     --> loot_table\blocks\exposed_copper_trapdoor.json
[2026, 9, 25, 11, 56, 24] ;;; compileLootTables;     --> loot_table\blocks\exposed_cut_copper.json
[2026, 9, 25, 11, 56, 24] ;;; compileLootTables;     --> loot_table\blocks\exposed_cut_copper_slab.json
[2026, 9, 25, 11, 56, 24] ;;; compileLootTables;     --> loot_table\blocks\exposed_cut_copper_stairs.json
[2026, 9, 25, 11, 56, 24] ;;; compileLootTables;     --> loot_table\blocks\exposed_lightning_rod.json
[2026, 9, 25, 11, 56, 24] ;;; compileLootTables;     --> loot_table\blocks\farmland.json
[2026, 9, 25, 11, 56, 24] ;;; compileLootTables;     --> loot_table\blocks\fern.json
[2026, 9, 25, 11, 56, 24] ;;; compileLootTables;     --> loot_table\blocks\fire.json
[2026, 9, 25, 11, 56, 24] ;;; compileLootTables;     --> loot_table\blocks\firefly_bush.json
[2026, 9, 25, 11, 56, 24] ;;; compileLootTables;     --> loot_table\blocks\fire_coral.json
[2026, 9, 25, 11, 56, 24] ;;; compileLootTables;     --> loot_table\blocks\fire_coral_block.json
[2026, 9, 25, 11, 56, 24] ;;; compileLootTables;     --> loot_table\blocks\fire_coral_fan.json
[2026, 9, 25, 11, 56, 24] ;;; compileLootTables;     --> loot_table\blocks\fletching_table.json
[2026, 9, 25, 11, 56, 24] ;;; compileLootTables;     --> loot_table\blocks\flowering_azalea.json
[2026, 9, 25, 11, 56, 24] ;;; compileLootTables;     --> loot_table\blocks\flowering_azalea_leaves.json
[2026, 9, 25, 11, 56, 24] ;;; compileLootTables;     --> loot_table\blocks\flower_pot.json
[2026, 9, 25, 11, 56, 24] ;;; compileLootTables;     --> loot_table\blocks\frogspawn.json
[2026, 9, 25, 11, 56, 24] ;;; compileLootTables;     --> loot_table\blocks\frosted_ice.json
[2026, 9, 25, 11, 56, 24] ;;; compileLootTables;     --> loot_table\blocks\furnace.json
[2026, 9, 25, 11, 56, 24] ;;; compileLootTables;     --> loot_table\blocks\gilded_blackstone.json
[2026, 9, 25, 11, 56, 24] ;;; compileLootTables;     --> loot_table\blocks\glass.json
[2026, 9, 25, 11, 56, 24] ;;; compileLootTables;     --> loot_table\blocks\glass_pane.json
[2026, 9, 25, 11, 56, 24] ;;; compileLootTables;     --> loot_table\blocks\glowstone.json
[2026, 9, 25, 11, 56, 24] ;;; compileLootTables;     --> loot_table\blocks\glow_lichen.json
[2026, 9, 25, 11, 56, 24] ;;; compileLootTables;     --> loot_table\blocks\golden_dandelion.json
[2026, 9, 25, 11, 56, 24] ;;; compileLootTables;     --> loot_table\blocks\gold_block.json
[2026, 9, 25, 11, 56, 24] ;;; compileLootTables;     --> loot_table\blocks\gold_ore.json
[2026, 9, 25, 11, 56, 24] ;;; compileLootTables;     --> loot_table\blocks\granite.json
[2026, 9, 25, 11, 56, 24] ;;; compileLootTables;     --> loot_table\blocks\granite_slab.json
[2026, 9, 25, 11, 56, 24] ;;; compileLootTables;     --> loot_table\blocks\granite_stairs.json
[2026, 9, 25, 11, 56, 24] ;;; compileLootTables;     --> loot_table\blocks\granite_wall.json
[2026, 9, 25, 11, 56, 24] ;;; compileLootTables;     --> loot_table\blocks\grass_block.json
[2026, 9, 25, 11, 56, 24] ;;; compileLootTables;     --> loot_table\blocks\gravel.json
[2026, 9, 25, 11, 56, 24] ;;; compileLootTables;     --> loot_table\blocks\gray_banner.json
[2026, 9, 25, 11, 56, 24] ;;; compileLootTables;     --> loot_table\blocks\gray_bed.json
[2026, 9, 25, 11, 56, 24] ;;; compileLootTables;     --> loot_table\blocks\gray_candle.json
[2026, 9, 25, 11, 56, 24] ;;; compileLootTables;     --> loot_table\blocks\gray_candle_cake.json
[2026, 9, 25, 11, 56, 24] ;;; compileLootTables;     --> loot_table\blocks\gray_carpet.json
[2026, 9, 25, 11, 56, 24] ;;; compileLootTables;     --> loot_table\blocks\gray_concrete.json
[2026, 9, 25, 11, 56, 24] ;;; compileLootTables;     --> loot_table\blocks\gray_concrete_powder.json
[2026, 9, 25, 11, 56, 24] ;;; compileLootTables;     --> loot_table\blocks\gray_glazed_terracotta.json
[2026, 9, 25, 11, 56, 24] ;;; compileLootTables;     --> loot_table\blocks\gray_shulker_box.json
[2026, 9, 25, 11, 56, 24] ;;; compileLootTables;     --> loot_table\blocks\gray_stained_glass.json
[2026, 9, 25, 11, 56, 24] ;;; compileLootTables;     --> loot_table\blocks\gray_stained_glass_pane.json
[2026, 9, 25, 11, 56, 24] ;;; compileLootTables;     --> loot_table\blocks\gray_terracotta.json
[2026, 9, 25, 11, 56, 24] ;;; compileLootTables;     --> loot_table\blocks\gray_wool.json
[2026, 9, 25, 11, 56, 24] ;;; compileLootTables;     --> loot_table\blocks\green_banner.json
[2026, 9, 25, 11, 56, 24] ;;; compileLootTables;     --> loot_table\blocks\green_bed.json
[2026, 9, 25, 11, 56, 24] ;;; compileLootTables;     --> loot_table\blocks\green_candle.json
[2026, 9, 25, 11, 56, 24] ;;; compileLootTables;     --> loot_table\blocks\green_candle_cake.json
[2026, 9, 25, 11, 56, 24] ;;; compileLootTables;     --> loot_table\blocks\green_carpet.json
[2026, 9, 25, 11, 56, 24] ;;; compileLootTables;     --> loot_table\blocks\green_concrete.json
[2026, 9, 25, 11, 56, 24] ;;; compileLootTables;     --> loot_table\blocks\green_concrete_powder.json
[2026, 9, 25, 11, 56, 24] ;;; compileLootTables;     --> loot_table\blocks\green_glazed_terracotta.json
[2026, 9, 25, 11, 56, 24] ;;; compileLootTables;     --> loot_table\blocks\green_shulker_box.json
[2026, 9, 25, 11, 56, 24] ;;; compileLootTables;     --> loot_table\blocks\green_stained_glass.json
[2026, 9, 25, 11, 56, 24] ;;; compileLootTables;     --> loot_table\blocks\green_stained_glass_pane.json
[2026, 9, 25, 11, 56, 24] ;;; compileLootTables;     --> loot_table\blocks\green_terracotta.json
[2026, 9, 25, 11, 56, 24] ;;; compileLootTables;     --> loot_table\blocks\green_wool.json
[2026, 9, 25, 11, 56, 24] ;;; compileLootTables;     --> loot_table\blocks\grindstone.json
[2026, 9, 25, 11, 56, 24] ;;; compileLootTables;     --> loot_table\blocks\hanging_roots.json
[2026, 9, 25, 11, 56, 24] ;;; compileLootTables;     --> loot_table\blocks\hay_block.json
[2026, 9, 25, 11, 56, 24] ;;; compileLootTables;     --> loot_table\blocks\heavy_core.json
[2026, 9, 25, 11, 56, 24] ;;; compileLootTables;     --> loot_table\blocks\heavy_weighted_pressure_plate.json
[2026, 9, 25, 11, 56, 24] ;;; compileLootTables;     --> loot_table\blocks\honeycomb_block.json
[2026, 9, 25, 11, 56, 24] ;;; compileLootTables;     --> loot_table\blocks\honey_block.json
[2026, 9, 25, 11, 56, 24] ;;; compileLootTables;     --> loot_table\blocks\hopper.json
[2026, 9, 25, 11, 56, 24] ;;; compileLootTables;     --> loot_table\blocks\horn_coral.json
[2026, 9, 25, 11, 56, 24] ;;; compileLootTables;     --> loot_table\blocks\horn_coral_block.json
[2026, 9, 25, 11, 56, 24] ;;; compileLootTables;     --> loot_table\blocks\horn_coral_fan.json
[2026, 9, 25, 11, 56, 24] ;;; compileLootTables;     --> loot_table\blocks\ice.json
[2026, 9, 25, 11, 56, 24] ;;; compileLootTables;     --> loot_table\blocks\infested_chiseled_stone_bricks.json
[2026, 9, 25, 11, 56, 24] ;;; compileLootTables;     --> loot_table\blocks\infested_cobblestone.json
[2026, 9, 25, 11, 56, 24] ;;; compileLootTables;     --> loot_table\blocks\infested_cracked_stone_bricks.json
[2026, 9, 25, 11, 56, 24] ;;; compileLootTables;     --> loot_table\blocks\infested_deepslate.json
[2026, 9, 25, 11, 56, 24] ;;; compileLootTables;     --> loot_table\blocks\infested_mossy_stone_bricks.json
[2026, 9, 25, 11, 56, 24] ;;; compileLootTables;     --> loot_table\blocks\infested_stone.json
[2026, 9, 25, 11, 56, 24] ;;; compileLootTables;     --> loot_table\blocks\infested_stone_bricks.json
[2026, 9, 25, 11, 56, 24] ;;; compileLootTables;     --> loot_table\blocks\iron_bars.json
[2026, 9, 25, 11, 56, 24] ;;; compileLootTables;     --> loot_table\blocks\iron_block.json
[2026, 9, 25, 11, 56, 24] ;;; compileLootTables;     --> loot_table\blocks\iron_chain.json
[2026, 9, 25, 11, 56, 24] ;;; compileLootTables;     --> loot_table\blocks\iron_door.json
[2026, 9, 25, 11, 56, 24] ;;; compileLootTables;     --> loot_table\blocks\iron_ore.json
[2026, 9, 25, 11, 56, 24] ;;; compileLootTables;     --> loot_table\blocks\iron_trapdoor.json
[2026, 9, 25, 11, 56, 24] ;;; compileLootTables;     --> loot_table\blocks\jack_o_lantern.json
[2026, 9, 25, 11, 56, 24] ;;; compileLootTables;     --> loot_table\blocks\jukebox.json
[2026, 9, 25, 11, 56, 24] ;;; compileLootTables;     --> loot_table\blocks\jungle_button.json
[2026, 9, 25, 11, 56, 24] ;;; compileLootTables;     --> loot_table\blocks\jungle_door.json
[2026, 9, 25, 11, 56, 24] ;;; compileLootTables;     --> loot_table\blocks\jungle_fence.json
[2026, 9, 25, 11, 56, 24] ;;; compileLootTables;     --> loot_table\blocks\jungle_fence_gate.json
[2026, 9, 25, 11, 56, 24] ;;; compileLootTables;     --> loot_table\blocks\jungle_hanging_sign.json
[2026, 9, 25, 11, 56, 24] ;;; compileLootTables;     --> loot_table\blocks\jungle_leaves.json
[2026, 9, 25, 11, 56, 24] ;;; compileLootTables;     --> loot_table\blocks\jungle_log.json
[2026, 9, 25, 11, 56, 24] ;;; compileLootTables;     --> loot_table\blocks\jungle_planks.json
[2026, 9, 25, 11, 56, 24] ;;; compileLootTables;     --> loot_table\blocks\jungle_pressure_plate.json
[2026, 9, 25, 11, 56, 24] ;;; compileLootTables;     --> loot_table\blocks\jungle_sapling.json
[2026, 9, 25, 11, 56, 24] ;;; compileLootTables;     --> loot_table\blocks\jungle_shelf.json
[2026, 9, 25, 11, 56, 25] ;;; compileLootTables;     --> loot_table\blocks\jungle_sign.json
[2026, 9, 25, 11, 56, 25] ;;; compileLootTables;     --> loot_table\blocks\jungle_slab.json
[2026, 9, 25, 11, 56, 25] ;;; compileLootTables;     --> loot_table\blocks\jungle_stairs.json
[2026, 9, 25, 11, 56, 25] ;;; compileLootTables;     --> loot_table\blocks\jungle_trapdoor.json
[2026, 9, 25, 11, 56, 25] ;;; compileLootTables;     --> loot_table\blocks\jungle_wood.json
[2026, 9, 25, 11, 56, 25] ;;; compileLootTables;     --> loot_table\blocks\kelp.json
[2026, 9, 25, 11, 56, 25] ;;; compileLootTables;     --> loot_table\blocks\kelp_plant.json
[2026, 9, 25, 11, 56, 25] ;;; compileLootTables;     --> loot_table\blocks\ladder.json
[2026, 9, 25, 11, 56, 25] ;;; compileLootTables;     --> loot_table\blocks\lantern.json
[2026, 9, 25, 11, 56, 25] ;;; compileLootTables;     --> loot_table\blocks\lapis_block.json
[2026, 9, 25, 11, 56, 25] ;;; compileLootTables;     --> loot_table\blocks\lapis_ore.json
[2026, 9, 25, 11, 56, 25] ;;; compileLootTables;     --> loot_table\blocks\large_amethyst_bud.json
[2026, 9, 25, 11, 56, 25] ;;; compileLootTables;     --> loot_table\blocks\large_fern.json
[2026, 9, 25, 11, 56, 25] ;;; compileLootTables;     --> loot_table\blocks\lava_cauldron.json
[2026, 9, 25, 11, 56, 25] ;;; compileLootTables;     --> loot_table\blocks\leaf_litter.json
[2026, 9, 25, 11, 56, 25] ;;; compileLootTables;     --> loot_table\blocks\lectern.json
[2026, 9, 25, 11, 56, 25] ;;; compileLootTables;     --> loot_table\blocks\lever.json
[2026, 9, 25, 11, 56, 25] ;;; compileLootTables;     --> loot_table\blocks\lightning_rod.json
[2026, 9, 25, 11, 56, 25] ;;; compileLootTables;     --> loot_table\blocks\light_blue_banner.json
[2026, 9, 25, 11, 56, 25] ;;; compileLootTables;     --> loot_table\blocks\light_blue_bed.json
[2026, 9, 25, 11, 56, 25] ;;; compileLootTables;     --> loot_table\blocks\light_blue_candle.json
[2026, 9, 25, 11, 56, 25] ;;; compileLootTables;     --> loot_table\blocks\light_blue_candle_cake.json
[2026, 9, 25, 11, 56, 25] ;;; compileLootTables;     --> loot_table\blocks\light_blue_carpet.json
[2026, 9, 25, 11, 56, 25] ;;; compileLootTables;     --> loot_table\blocks\light_blue_concrete.json
[2026, 9, 25, 11, 56, 25] ;;; compileLootTables;     --> loot_table\blocks\light_blue_concrete_powder.json
[2026, 9, 25, 11, 56, 25] ;;; compileLootTables;     --> loot_table\blocks\light_blue_glazed_terracotta.json
[2026, 9, 25, 11, 56, 25] ;;; compileLootTables;     --> loot_table\blocks\light_blue_shulker_box.json
[2026, 9, 25, 11, 56, 25] ;;; compileLootTables;     --> loot_table\blocks\light_blue_stained_glass.json
[2026, 9, 25, 11, 56, 25] ;;; compileLootTables;     --> loot_table\blocks\light_blue_stained_glass_pane.json
[2026, 9, 25, 11, 56, 25] ;;; compileLootTables;     --> loot_table\blocks\light_blue_terracotta.json
[2026, 9, 25, 11, 56, 25] ;;; compileLootTables;     --> loot_table\blocks\light_blue_wool.json
[2026, 9, 25, 11, 56, 25] ;;; compileLootTables;     --> loot_table\blocks\light_gray_banner.json
[2026, 9, 25, 11, 56, 25] ;;; compileLootTables;     --> loot_table\blocks\light_gray_bed.json
[2026, 9, 25, 11, 56, 25] ;;; compileLootTables;     --> loot_table\blocks\light_gray_candle.json
[2026, 9, 25, 11, 56, 25] ;;; compileLootTables;     --> loot_table\blocks\light_gray_candle_cake.json
[2026, 9, 25, 11, 56, 25] ;;; compileLootTables;     --> loot_table\blocks\light_gray_carpet.json
[2026, 9, 25, 11, 56, 25] ;;; compileLootTables;     --> loot_table\blocks\light_gray_concrete.json
[2026, 9, 25, 11, 56, 25] ;;; compileLootTables;     --> loot_table\blocks\light_gray_concrete_powder.json
[2026, 9, 25, 11, 56, 25] ;;; compileLootTables;     --> loot_table\blocks\light_gray_glazed_terracotta.json
[2026, 9, 25, 11, 56, 25] ;;; compileLootTables;     --> loot_table\blocks\light_gray_shulker_box.json
[2026, 9, 25, 11, 56, 25] ;;; compileLootTables;     --> loot_table\blocks\light_gray_stained_glass.json
[2026, 9, 25, 11, 56, 25] ;;; compileLootTables;     --> loot_table\blocks\light_gray_stained_glass_pane.json
[2026, 9, 25, 11, 56, 25] ;;; compileLootTables;     --> loot_table\blocks\light_gray_terracotta.json
[2026, 9, 25, 11, 56, 25] ;;; compileLootTables;     --> loot_table\blocks\light_gray_wool.json
[2026, 9, 25, 11, 56, 25] ;;; compileLootTables;     --> loot_table\blocks\light_weighted_pressure_plate.json
[2026, 9, 25, 11, 56, 25] ;;; compileLootTables;     --> loot_table\blocks\lilac.json
[2026, 9, 25, 11, 56, 25] ;;; compileLootTables;     --> loot_table\blocks\lily_of_the_valley.json
[2026, 9, 25, 11, 56, 25] ;;; compileLootTables;     --> loot_table\blocks\lily_pad.json
[2026, 9, 25, 11, 56, 25] ;;; compileLootTables;     --> loot_table\blocks\lime_banner.json
[2026, 9, 25, 11, 56, 25] ;;; compileLootTables;     --> loot_table\blocks\lime_bed.json
[2026, 9, 25, 11, 56, 25] ;;; compileLootTables;     --> loot_table\blocks\lime_candle.json
[2026, 9, 25, 11, 56, 25] ;;; compileLootTables;     --> loot_table\blocks\lime_candle_cake.json
[2026, 9, 25, 11, 56, 25] ;;; compileLootTables;     --> loot_table\blocks\lime_carpet.json
[2026, 9, 25, 11, 56, 25] ;;; compileLootTables;     --> loot_table\blocks\lime_concrete.json
[2026, 9, 25, 11, 56, 25] ;;; compileLootTables;     --> loot_table\blocks\lime_concrete_powder.json
[2026, 9, 25, 11, 56, 25] ;;; compileLootTables;     --> loot_table\blocks\lime_glazed_terracotta.json
[2026, 9, 25, 11, 56, 25] ;;; compileLootTables;     --> loot_table\blocks\lime_shulker_box.json
[2026, 9, 25, 11, 56, 25] ;;; compileLootTables;     --> loot_table\blocks\lime_stained_glass.json
[2026, 9, 25, 11, 56, 25] ;;; compileLootTables;     --> loot_table\blocks\lime_stained_glass_pane.json
[2026, 9, 25, 11, 56, 25] ;;; compileLootTables;     --> loot_table\blocks\lime_terracotta.json
[2026, 9, 25, 11, 56, 25] ;;; compileLootTables;     --> loot_table\blocks\lime_wool.json
[2026, 9, 25, 11, 56, 25] ;;; compileLootTables;     --> loot_table\blocks\lodestone.json
[2026, 9, 25, 11, 56, 25] ;;; compileLootTables;     --> loot_table\blocks\loom.json
[2026, 9, 25, 11, 56, 25] ;;; compileLootTables;     --> loot_table\blocks\magenta_banner.json
[2026, 9, 25, 11, 56, 25] ;;; compileLootTables;     --> loot_table\blocks\magenta_bed.json
[2026, 9, 25, 11, 56, 25] ;;; compileLootTables;     --> loot_table\blocks\magenta_candle.json
[2026, 9, 25, 11, 56, 25] ;;; compileLootTables;     --> loot_table\blocks\magenta_candle_cake.json
[2026, 9, 25, 11, 56, 25] ;;; compileLootTables;     --> loot_table\blocks\magenta_carpet.json
[2026, 9, 25, 11, 56, 25] ;;; compileLootTables;     --> loot_table\blocks\magenta_concrete.json
[2026, 9, 25, 11, 56, 25] ;;; compileLootTables;     --> loot_table\blocks\magenta_concrete_powder.json
[2026, 9, 25, 11, 56, 25] ;;; compileLootTables;     --> loot_table\blocks\magenta_glazed_terracotta.json
[2026, 9, 25, 11, 56, 25] ;;; compileLootTables;     --> loot_table\blocks\magenta_shulker_box.json
[2026, 9, 25, 11, 56, 25] ;;; compileLootTables;     --> loot_table\blocks\magenta_stained_glass.json
[2026, 9, 25, 11, 56, 25] ;;; compileLootTables;     --> loot_table\blocks\magenta_stained_glass_pane.json
[2026, 9, 25, 11, 56, 25] ;;; compileLootTables;     --> loot_table\blocks\magenta_terracotta.json
[2026, 9, 25, 11, 56, 25] ;;; compileLootTables;     --> loot_table\blocks\magenta_wool.json
[2026, 9, 25, 11, 56, 25] ;;; compileLootTables;     --> loot_table\blocks\magma_block.json
[2026, 9, 25, 11, 56, 25] ;;; compileLootTables;     --> loot_table\blocks\mangrove_button.json
[2026, 9, 25, 11, 56, 25] ;;; compileLootTables;     --> loot_table\blocks\mangrove_door.json
[2026, 9, 25, 11, 56, 25] ;;; compileLootTables;     --> loot_table\blocks\mangrove_fence.json
[2026, 9, 25, 11, 56, 25] ;;; compileLootTables;     --> loot_table\blocks\mangrove_fence_gate.json
[2026, 9, 25, 11, 56, 25] ;;; compileLootTables;     --> loot_table\blocks\mangrove_hanging_sign.json
[2026, 9, 25, 11, 56, 25] ;;; compileLootTables;     --> loot_table\blocks\mangrove_leaves.json
[2026, 9, 25, 11, 56, 25] ;;; compileLootTables;     --> loot_table\blocks\mangrove_log.json
[2026, 9, 25, 11, 56, 25] ;;; compileLootTables;     --> loot_table\blocks\mangrove_planks.json
[2026, 9, 25, 11, 56, 25] ;;; compileLootTables;     --> loot_table\blocks\mangrove_pressure_plate.json
[2026, 9, 25, 11, 56, 25] ;;; compileLootTables;     --> loot_table\blocks\mangrove_propagule.json
[2026, 9, 25, 11, 56, 25] ;;; compileLootTables;     --> loot_table\blocks\mangrove_roots.json
[2026, 9, 25, 11, 56, 25] ;;; compileLootTables;     --> loot_table\blocks\mangrove_shelf.json
[2026, 9, 25, 11, 56, 25] ;;; compileLootTables;     --> loot_table\blocks\mangrove_sign.json
[2026, 9, 25, 11, 56, 25] ;;; compileLootTables;     --> loot_table\blocks\mangrove_slab.json
[2026, 9, 25, 11, 56, 25] ;;; compileLootTables;     --> loot_table\blocks\mangrove_stairs.json
[2026, 9, 25, 11, 56, 25] ;;; compileLootTables;     --> loot_table\blocks\mangrove_trapdoor.json
[2026, 9, 25, 11, 56, 25] ;;; compileLootTables;     --> loot_table\blocks\mangrove_wood.json
[2026, 9, 25, 11, 56, 25] ;;; compileLootTables;     --> loot_table\blocks\medium_amethyst_bud.json
[2026, 9, 25, 11, 56, 25] ;;; compileLootTables;     --> loot_table\blocks\melon.json
[2026, 9, 25, 11, 56, 25] ;;; compileLootTables;     --> loot_table\blocks\melon_stem.json
[2026, 9, 25, 11, 56, 25] ;;; compileLootTables;     --> loot_table\blocks\mossy_cobblestone.json
[2026, 9, 25, 11, 56, 25] ;;; compileLootTables;     --> loot_table\blocks\mossy_cobblestone_slab.json
[2026, 9, 25, 11, 56, 25] ;;; compileLootTables;     --> loot_table\blocks\mossy_cobblestone_stairs.json
[2026, 9, 25, 11, 56, 25] ;;; compileLootTables;     --> loot_table\blocks\mossy_cobblestone_wall.json
[2026, 9, 25, 11, 56, 25] ;;; compileLootTables;     --> loot_table\blocks\mossy_stone_bricks.json
[2026, 9, 25, 11, 56, 25] ;;; compileLootTables;     --> loot_table\blocks\mossy_stone_brick_slab.json
[2026, 9, 25, 11, 56, 25] ;;; compileLootTables;     --> loot_table\blocks\mossy_stone_brick_stairs.json
[2026, 9, 25, 11, 56, 25] ;;; compileLootTables;     --> loot_table\blocks\mossy_stone_brick_wall.json
[2026, 9, 25, 11, 56, 25] ;;; compileLootTables;     --> loot_table\blocks\moss_block.json
[2026, 9, 25, 11, 56, 25] ;;; compileLootTables;     --> loot_table\blocks\moss_carpet.json
[2026, 9, 25, 11, 56, 25] ;;; compileLootTables;     --> loot_table\blocks\mud.json
[2026, 9, 25, 11, 56, 25] ;;; compileLootTables;     --> loot_table\blocks\muddy_mangrove_roots.json
[2026, 9, 25, 11, 56, 25] ;;; compileLootTables;     --> loot_table\blocks\mud_bricks.json
[2026, 9, 25, 11, 56, 25] ;;; compileLootTables;     --> loot_table\blocks\mud_brick_slab.json
[2026, 9, 25, 11, 56, 25] ;;; compileLootTables;     --> loot_table\blocks\mud_brick_stairs.json
[2026, 9, 25, 11, 56, 25] ;;; compileLootTables;     --> loot_table\blocks\mud_brick_wall.json
[2026, 9, 25, 11, 56, 25] ;;; compileLootTables;     --> loot_table\blocks\mushroom_stem.json
[2026, 9, 25, 11, 56, 25] ;;; compileLootTables;     --> loot_table\blocks\mycelium.json
[2026, 9, 25, 11, 56, 25] ;;; compileLootTables;     --> loot_table\blocks\netherite_block.json
[2026, 9, 25, 11, 56, 25] ;;; compileLootTables;     --> loot_table\blocks\netherrack.json
[2026, 9, 25, 11, 56, 25] ;;; compileLootTables;     --> loot_table\blocks\nether_bricks.json
[2026, 9, 25, 11, 56, 25] ;;; compileLootTables;     --> loot_table\blocks\nether_brick_fence.json
[2026, 9, 25, 11, 56, 25] ;;; compileLootTables;     --> loot_table\blocks\nether_brick_slab.json
[2026, 9, 25, 11, 56, 25] ;;; compileLootTables;     --> loot_table\blocks\nether_brick_stairs.json
[2026, 9, 25, 11, 56, 25] ;;; compileLootTables;     --> loot_table\blocks\nether_brick_wall.json
[2026, 9, 25, 11, 56, 25] ;;; compileLootTables;     --> loot_table\blocks\nether_gold_ore.json
[2026, 9, 25, 11, 56, 25] ;;; compileLootTables;     --> loot_table\blocks\nether_portal.json
[2026, 9, 25, 11, 56, 25] ;;; compileLootTables;     --> loot_table\blocks\nether_quartz_ore.json
[2026, 9, 25, 11, 56, 25] ;;; compileLootTables;     --> loot_table\blocks\nether_sprouts.json
[2026, 9, 25, 11, 56, 25] ;;; compileLootTables;     --> loot_table\blocks\nether_wart.json
[2026, 9, 25, 11, 56, 25] ;;; compileLootTables;     --> loot_table\blocks\nether_wart_block.json
[2026, 9, 25, 11, 56, 25] ;;; compileLootTables;     --> loot_table\blocks\note_block.json
[2026, 9, 25, 11, 56, 25] ;;; compileLootTables;     --> loot_table\blocks\oak_button.json
[2026, 9, 25, 11, 56, 25] ;;; compileLootTables;     --> loot_table\blocks\oak_door.json
[2026, 9, 25, 11, 56, 25] ;;; compileLootTables;     --> loot_table\blocks\oak_fence.json
[2026, 9, 25, 11, 56, 25] ;;; compileLootTables;     --> loot_table\blocks\oak_fence_gate.json
[2026, 9, 25, 11, 56, 25] ;;; compileLootTables;     --> loot_table\blocks\oak_hanging_sign.json
[2026, 9, 25, 11, 56, 25] ;;; compileLootTables;     --> loot_table\blocks\oak_leaves.json
[2026, 9, 25, 11, 56, 25] ;;; compileLootTables;     --> loot_table\blocks\oak_log.json
[2026, 9, 25, 11, 56, 26] ;;; compileLootTables;     --> loot_table\blocks\oak_planks.json
[2026, 9, 25, 11, 56, 26] ;;; compileLootTables;     --> loot_table\blocks\oak_pressure_plate.json
[2026, 9, 25, 11, 56, 26] ;;; compileLootTables;     --> loot_table\blocks\oak_sapling.json
[2026, 9, 25, 11, 56, 26] ;;; compileLootTables;     --> loot_table\blocks\oak_shelf.json
[2026, 9, 25, 11, 56, 26] ;;; compileLootTables;     --> loot_table\blocks\oak_sign.json
[2026, 9, 25, 11, 56, 26] ;;; compileLootTables;     --> loot_table\blocks\oak_slab.json
[2026, 9, 25, 11, 56, 26] ;;; compileLootTables;     --> loot_table\blocks\oak_stairs.json
[2026, 9, 25, 11, 56, 26] ;;; compileLootTables;     --> loot_table\blocks\oak_trapdoor.json
[2026, 9, 25, 11, 56, 26] ;;; compileLootTables;     --> loot_table\blocks\oak_wood.json
[2026, 9, 25, 11, 56, 26] ;;; compileLootTables;     --> loot_table\blocks\observer.json
[2026, 9, 25, 11, 56, 26] ;;; compileLootTables;     --> loot_table\blocks\obsidian.json
[2026, 9, 25, 11, 56, 26] ;;; compileLootTables;     --> loot_table\blocks\ochre_froglight.json
[2026, 9, 25, 11, 56, 26] ;;; compileLootTables;     --> loot_table\blocks\open_eyeblossom.json
[2026, 9, 25, 11, 56, 26] ;;; compileLootTables;     --> loot_table\blocks\orange_banner.json
[2026, 9, 25, 11, 56, 26] ;;; compileLootTables;     --> loot_table\blocks\orange_bed.json
[2026, 9, 25, 11, 56, 26] ;;; compileLootTables;     --> loot_table\blocks\orange_candle.json
[2026, 9, 25, 11, 56, 26] ;;; compileLootTables;     --> loot_table\blocks\orange_candle_cake.json
[2026, 9, 25, 11, 56, 26] ;;; compileLootTables;     --> loot_table\blocks\orange_carpet.json
[2026, 9, 25, 11, 56, 26] ;;; compileLootTables;     --> loot_table\blocks\orange_concrete.json
[2026, 9, 25, 11, 56, 26] ;;; compileLootTables;     --> loot_table\blocks\orange_concrete_powder.json
[2026, 9, 25, 11, 56, 26] ;;; compileLootTables;     --> loot_table\blocks\orange_glazed_terracotta.json
[2026, 9, 25, 11, 56, 26] ;;; compileLootTables;     --> loot_table\blocks\orange_shulker_box.json
[2026, 9, 25, 11, 56, 26] ;;; compileLootTables;     --> loot_table\blocks\orange_stained_glass.json
[2026, 9, 25, 11, 56, 26] ;;; compileLootTables;     --> loot_table\blocks\orange_stained_glass_pane.json
[2026, 9, 25, 11, 56, 26] ;;; compileLootTables;     --> loot_table\blocks\orange_terracotta.json
[2026, 9, 25, 11, 56, 26] ;;; compileLootTables;     --> loot_table\blocks\orange_tulip.json
[2026, 9, 25, 11, 56, 26] ;;; compileLootTables;     --> loot_table\blocks\orange_wool.json
[2026, 9, 25, 11, 56, 26] ;;; compileLootTables;     --> loot_table\blocks\oxeye_daisy.json
[2026, 9, 25, 11, 56, 26] ;;; compileLootTables;     --> loot_table\blocks\oxidized_chiseled_copper.json
[2026, 9, 25, 11, 56, 26] ;;; compileLootTables;     --> loot_table\blocks\oxidized_copper.json
[2026, 9, 25, 11, 56, 26] ;;; compileLootTables;     --> loot_table\blocks\oxidized_copper_bars.json
[2026, 9, 25, 11, 56, 26] ;;; compileLootTables;     --> loot_table\blocks\oxidized_copper_bulb.json
[2026, 9, 25, 11, 56, 26] ;;; compileLootTables;     --> loot_table\blocks\oxidized_copper_chain.json
[2026, 9, 25, 11, 56, 26] ;;; compileLootTables;     --> loot_table\blocks\oxidized_copper_chest.json
[2026, 9, 25, 11, 56, 26] ;;; compileLootTables;     --> loot_table\blocks\oxidized_copper_door.json
[2026, 9, 25, 11, 56, 26] ;;; compileLootTables;     --> loot_table\blocks\oxidized_copper_golem_statue.json
[2026, 9, 25, 11, 56, 26] ;;; compileLootTables;     --> loot_table\blocks\oxidized_copper_grate.json
[2026, 9, 25, 11, 56, 26] ;;; compileLootTables;     --> loot_table\blocks\oxidized_copper_lantern.json
[2026, 9, 25, 11, 56, 26] ;;; compileLootTables;     --> loot_table\blocks\oxidized_copper_trapdoor.json
[2026, 9, 25, 11, 56, 26] ;;; compileLootTables;     --> loot_table\blocks\oxidized_cut_copper.json
[2026, 9, 25, 11, 56, 26] ;;; compileLootTables;     --> loot_table\blocks\oxidized_cut_copper_slab.json
[2026, 9, 25, 11, 56, 26] ;;; compileLootTables;     --> loot_table\blocks\oxidized_cut_copper_stairs.json
[2026, 9, 25, 11, 56, 26] ;;; compileLootTables;     --> loot_table\blocks\oxidized_lightning_rod.json
[2026, 9, 25, 11, 56, 26] ;;; compileLootTables;     --> loot_table\blocks\packed_ice.json
[2026, 9, 25, 11, 56, 26] ;;; compileLootTables;     --> loot_table\blocks\packed_mud.json
[2026, 9, 25, 11, 56, 26] ;;; compileLootTables;     --> loot_table\blocks\pale_hanging_moss.json
[2026, 9, 25, 11, 56, 26] ;;; compileLootTables;     --> loot_table\blocks\pale_moss_block.json
[2026, 9, 25, 11, 56, 26] ;;; compileLootTables;     --> loot_table\blocks\pale_moss_carpet.json
[2026, 9, 25, 11, 56, 26] ;;; compileLootTables;     --> loot_table\blocks\pale_oak_button.json
[2026, 9, 25, 11, 56, 26] ;;; compileLootTables;     --> loot_table\blocks\pale_oak_door.json
[2026, 9, 25, 11, 56, 26] ;;; compileLootTables;     --> loot_table\blocks\pale_oak_fence.json
[2026, 9, 25, 11, 56, 26] ;;; compileLootTables;     --> loot_table\blocks\pale_oak_fence_gate.json
[2026, 9, 25, 11, 56, 26] ;;; compileLootTables;     --> loot_table\blocks\pale_oak_hanging_sign.json
[2026, 9, 25, 11, 56, 26] ;;; compileLootTables;     --> loot_table\blocks\pale_oak_leaves.json
[2026, 9, 25, 11, 56, 26] ;;; compileLootTables;     --> loot_table\blocks\pale_oak_log.json
[2026, 9, 25, 11, 56, 26] ;;; compileLootTables;     --> loot_table\blocks\pale_oak_planks.json
[2026, 9, 25, 11, 56, 26] ;;; compileLootTables;     --> loot_table\blocks\pale_oak_pressure_plate.json
[2026, 9, 25, 11, 56, 26] ;;; compileLootTables;     --> loot_table\blocks\pale_oak_sapling.json
[2026, 9, 25, 11, 56, 26] ;;; compileLootTables;     --> loot_table\blocks\pale_oak_shelf.json
[2026, 9, 25, 11, 56, 26] ;;; compileLootTables;     --> loot_table\blocks\pale_oak_sign.json
[2026, 9, 25, 11, 56, 26] ;;; compileLootTables;     --> loot_table\blocks\pale_oak_slab.json
[2026, 9, 25, 11, 56, 26] ;;; compileLootTables;     --> loot_table\blocks\pale_oak_stairs.json
[2026, 9, 25, 11, 56, 26] ;;; compileLootTables;     --> loot_table\blocks\pale_oak_trapdoor.json
[2026, 9, 25, 11, 56, 26] ;;; compileLootTables;     --> loot_table\blocks\pale_oak_wood.json
[2026, 9, 25, 11, 56, 26] ;;; compileLootTables;     --> loot_table\blocks\pearlescent_froglight.json
[2026, 9, 25, 11, 56, 26] ;;; compileLootTables;     --> loot_table\blocks\peony.json
[2026, 9, 25, 11, 56, 26] ;;; compileLootTables;     --> loot_table\blocks\petrified_oak_slab.json
[2026, 9, 25, 11, 56, 26] ;;; compileLootTables;     --> loot_table\blocks\piglin_head.json
[2026, 9, 25, 11, 56, 26] ;;; compileLootTables;     --> loot_table\blocks\pink_banner.json
[2026, 9, 25, 11, 56, 26] ;;; compileLootTables;     --> loot_table\blocks\pink_bed.json
[2026, 9, 25, 11, 56, 26] ;;; compileLootTables;     --> loot_table\blocks\pink_candle.json
[2026, 9, 25, 11, 56, 26] ;;; compileLootTables;     --> loot_table\blocks\pink_candle_cake.json
[2026, 9, 25, 11, 56, 26] ;;; compileLootTables;     --> loot_table\blocks\pink_carpet.json
[2026, 9, 25, 11, 56, 26] ;;; compileLootTables;     --> loot_table\blocks\pink_concrete.json
[2026, 9, 25, 11, 56, 26] ;;; compileLootTables;     --> loot_table\blocks\pink_concrete_powder.json
[2026, 9, 25, 11, 56, 26] ;;; compileLootTables;     --> loot_table\blocks\pink_glazed_terracotta.json
[2026, 9, 25, 11, 56, 26] ;;; compileLootTables;     --> loot_table\blocks\pink_petals.json
[2026, 9, 25, 11, 56, 26] ;;; compileLootTables;     --> loot_table\blocks\pink_shulker_box.json
[2026, 9, 25, 11, 56, 26] ;;; compileLootTables;     --> loot_table\blocks\pink_stained_glass.json
[2026, 9, 25, 11, 56, 26] ;;; compileLootTables;     --> loot_table\blocks\pink_stained_glass_pane.json
[2026, 9, 25, 11, 56, 26] ;;; compileLootTables;     --> loot_table\blocks\pink_terracotta.json
[2026, 9, 25, 11, 56, 26] ;;; compileLootTables;     --> loot_table\blocks\pink_tulip.json
[2026, 9, 25, 11, 56, 26] ;;; compileLootTables;     --> loot_table\blocks\pink_wool.json
[2026, 9, 25, 11, 56, 26] ;;; compileLootTables;     --> loot_table\blocks\piston.json
[2026, 9, 25, 11, 56, 26] ;;; compileLootTables;     --> loot_table\blocks\pitcher_crop.json
[2026, 9, 25, 11, 56, 26] ;;; compileLootTables;     --> loot_table\blocks\pitcher_plant.json
[2026, 9, 25, 11, 56, 26] ;;; compileLootTables;     --> loot_table\blocks\player_head.json
[2026, 9, 25, 11, 56, 26] ;;; compileLootTables;     --> loot_table\blocks\podzol.json
[2026, 9, 25, 11, 56, 26] ;;; compileLootTables;     --> loot_table\blocks\pointed_dripstone.json
[2026, 9, 25, 11, 56, 26] ;;; compileLootTables;     --> loot_table\blocks\polished_andesite.json
[2026, 9, 25, 11, 56, 26] ;;; compileLootTables;     --> loot_table\blocks\polished_andesite_slab.json
[2026, 9, 25, 11, 56, 26] ;;; compileLootTables;     --> loot_table\blocks\polished_andesite_stairs.json
[2026, 9, 25, 11, 56, 26] ;;; compileLootTables;     --> loot_table\blocks\polished_basalt.json
[2026, 9, 25, 11, 56, 26] ;;; compileLootTables;     --> loot_table\blocks\polished_blackstone.json
[2026, 9, 25, 11, 56, 26] ;;; compileLootTables;     --> loot_table\blocks\polished_blackstone_bricks.json
[2026, 9, 25, 11, 56, 26] ;;; compileLootTables;     --> loot_table\blocks\polished_blackstone_brick_slab.json
[2026, 9, 25, 11, 56, 26] ;;; compileLootTables;     --> loot_table\blocks\polished_blackstone_brick_stairs.json
[2026, 9, 25, 11, 56, 26] ;;; compileLootTables;     --> loot_table\blocks\polished_blackstone_brick_wall.json
[2026, 9, 25, 11, 56, 26] ;;; compileLootTables;     --> loot_table\blocks\polished_blackstone_button.json
[2026, 9, 25, 11, 56, 26] ;;; compileLootTables;     --> loot_table\blocks\polished_blackstone_pressure_plate.json
[2026, 9, 25, 11, 56, 26] ;;; compileLootTables;     --> loot_table\blocks\polished_blackstone_slab.json
[2026, 9, 25, 11, 56, 26] ;;; compileLootTables;     --> loot_table\blocks\polished_blackstone_stairs.json
[2026, 9, 25, 11, 56, 26] ;;; compileLootTables;     --> loot_table\blocks\polished_blackstone_wall.json
[2026, 9, 25, 11, 56, 26] ;;; compileLootTables;     --> loot_table\blocks\polished_cinnabar.json
[2026, 9, 25, 11, 56, 26] ;;; compileLootTables;     --> loot_table\blocks\polished_cinnabar_slab.json
[2026, 9, 25, 11, 56, 26] ;;; compileLootTables;     --> loot_table\blocks\polished_cinnabar_stairs.json
[2026, 9, 25, 11, 56, 26] ;;; compileLootTables;     --> loot_table\blocks\polished_cinnabar_wall.json
[2026, 9, 25, 11, 56, 26] ;;; compileLootTables;     --> loot_table\blocks\polished_deepslate.json
[2026, 9, 25, 11, 56, 26] ;;; compileLootTables;     --> loot_table\blocks\polished_deepslate_slab.json
[2026, 9, 25, 11, 56, 26] ;;; compileLootTables;     --> loot_table\blocks\polished_deepslate_stairs.json
[2026, 9, 25, 11, 56, 26] ;;; compileLootTables;     --> loot_table\blocks\polished_deepslate_wall.json
[2026, 9, 25, 11, 56, 26] ;;; compileLootTables;     --> loot_table\blocks\polished_diorite.json
[2026, 9, 25, 11, 56, 26] ;;; compileLootTables;     --> loot_table\blocks\polished_diorite_slab.json
[2026, 9, 25, 11, 56, 26] ;;; compileLootTables;     --> loot_table\blocks\polished_diorite_stairs.json
[2026, 9, 25, 11, 56, 26] ;;; compileLootTables;     --> loot_table\blocks\polished_granite.json
[2026, 9, 25, 11, 56, 26] ;;; compileLootTables;     --> loot_table\blocks\polished_granite_slab.json
[2026, 9, 25, 11, 56, 26] ;;; compileLootTables;     --> loot_table\blocks\polished_granite_stairs.json
[2026, 9, 25, 11, 56, 27] ;;; compileLootTables;     --> loot_table\blocks\polished_sulfur.json
[2026, 9, 25, 11, 56, 27] ;;; compileLootTables;     --> loot_table\blocks\polished_sulfur_slab.json
[2026, 9, 25, 11, 56, 27] ;;; compileLootTables;     --> loot_table\blocks\polished_sulfur_stairs.json
[2026, 9, 25, 11, 56, 27] ;;; compileLootTables;     --> loot_table\blocks\polished_sulfur_wall.json
[2026, 9, 25, 11, 56, 27] ;;; compileLootTables;     --> loot_table\blocks\polished_tuff.json
[2026, 9, 25, 11, 56, 27] ;;; compileLootTables;     --> loot_table\blocks\polished_tuff_slab.json
[2026, 9, 25, 11, 56, 27] ;;; compileLootTables;     --> loot_table\blocks\polished_tuff_stairs.json
[2026, 9, 25, 11, 56, 27] ;;; compileLootTables;     --> loot_table\blocks\polished_tuff_wall.json
[2026, 9, 25, 11, 56, 27] ;;; compileLootTables;     --> loot_table\blocks\poppy.json
[2026, 9, 25, 11, 56, 27] ;;; compileLootTables;     --> loot_table\blocks\potatoes.json
[2026, 9, 25, 11, 56, 27] ;;; compileLootTables;     --> loot_table\blocks\potent_sulfur.json
[2026, 9, 25, 11, 56, 27] ;;; compileLootTables;     --> loot_table\blocks\potted_acacia_sapling.json
[2026, 9, 25, 11, 56, 27] ;;; compileLootTables;     --> loot_table\blocks\potted_allium.json
[2026, 9, 25, 11, 56, 27] ;;; compileLootTables;     --> loot_table\blocks\potted_azalea_bush.json
[2026, 9, 25, 11, 56, 27] ;;; compileLootTables;     --> loot_table\blocks\potted_azure_bluet.json
[2026, 9, 25, 11, 56, 27] ;;; compileLootTables;     --> loot_table\blocks\potted_bamboo.json
[2026, 9, 25, 11, 56, 27] ;;; compileLootTables;     --> loot_table\blocks\potted_birch_sapling.json
[2026, 9, 25, 11, 56, 27] ;;; compileLootTables;     --> loot_table\blocks\potted_blue_orchid.json
[2026, 9, 25, 11, 56, 27] ;;; compileLootTables;     --> loot_table\blocks\potted_brown_mushroom.json
[2026, 9, 25, 11, 56, 27] ;;; compileLootTables;     --> loot_table\blocks\potted_cactus.json
[2026, 9, 25, 11, 56, 27] ;;; compileLootTables;     --> loot_table\blocks\potted_cherry_sapling.json
[2026, 9, 25, 11, 56, 27] ;;; compileLootTables;     --> loot_table\blocks\potted_closed_eyeblossom.json
[2026, 9, 25, 11, 56, 27] ;;; compileLootTables;     --> loot_table\blocks\potted_cornflower.json
[2026, 9, 25, 11, 56, 27] ;;; compileLootTables;     --> loot_table\blocks\potted_crimson_fungus.json
[2026, 9, 25, 11, 56, 27] ;;; compileLootTables;     --> loot_table\blocks\potted_crimson_roots.json
[2026, 9, 25, 11, 56, 27] ;;; compileLootTables;     --> loot_table\blocks\potted_dandelion.json
[2026, 9, 25, 11, 56, 27] ;;; compileLootTables;     --> loot_table\blocks\potted_dark_oak_sapling.json
[2026, 9, 25, 11, 56, 27] ;;; compileLootTables;     --> loot_table\blocks\potted_dead_bush.json
[2026, 9, 25, 11, 56, 27] ;;; compileLootTables;     --> loot_table\blocks\potted_fern.json
[2026, 9, 25, 11, 56, 27] ;;; compileLootTables;     --> loot_table\blocks\potted_flowering_azalea_bush.json
[2026, 9, 25, 11, 56, 27] ;;; compileLootTables;     --> loot_table\blocks\potted_golden_dandelion.json
[2026, 9, 25, 11, 56, 27] ;;; compileLootTables;     --> loot_table\blocks\potted_jungle_sapling.json
[2026, 9, 25, 11, 56, 27] ;;; compileLootTables;     --> loot_table\blocks\potted_lily_of_the_valley.json
[2026, 9, 25, 11, 56, 27] ;;; compileLootTables;     --> loot_table\blocks\potted_mangrove_propagule.json
[2026, 9, 25, 11, 56, 27] ;;; compileLootTables;     --> loot_table\blocks\potted_oak_sapling.json
[2026, 9, 25, 11, 56, 27] ;;; compileLootTables;     --> loot_table\blocks\potted_open_eyeblossom.json
[2026, 9, 25, 11, 56, 27] ;;; compileLootTables;     --> loot_table\blocks\potted_orange_tulip.json
[2026, 9, 25, 11, 56, 27] ;;; compileLootTables;     --> loot_table\blocks\potted_oxeye_daisy.json
[2026, 9, 25, 11, 56, 27] ;;; compileLootTables;     --> loot_table\blocks\potted_pale_oak_sapling.json
[2026, 9, 25, 11, 56, 27] ;;; compileLootTables;     --> loot_table\blocks\potted_pink_tulip.json
[2026, 9, 25, 11, 56, 27] ;;; compileLootTables;     --> loot_table\blocks\potted_poppy.json
[2026, 9, 25, 11, 56, 27] ;;; compileLootTables;     --> loot_table\blocks\potted_red_mushroom.json
[2026, 9, 25, 11, 56, 27] ;;; compileLootTables;     --> loot_table\blocks\potted_red_tulip.json
[2026, 9, 25, 11, 56, 27] ;;; compileLootTables;     --> loot_table\blocks\potted_spruce_sapling.json
[2026, 9, 25, 11, 56, 27] ;;; compileLootTables;     --> loot_table\blocks\potted_torchflower.json
[2026, 9, 25, 11, 56, 27] ;;; compileLootTables;     --> loot_table\blocks\potted_warped_fungus.json
[2026, 9, 25, 11, 56, 27] ;;; compileLootTables;     --> loot_table\blocks\potted_warped_roots.json
[2026, 9, 25, 11, 56, 27] ;;; compileLootTables;     --> loot_table\blocks\potted_white_tulip.json
[2026, 9, 25, 11, 56, 27] ;;; compileLootTables;     --> loot_table\blocks\potted_wither_rose.json
[2026, 9, 25, 11, 56, 27] ;;; compileLootTables;     --> loot_table\blocks\powder_snow.json
[2026, 9, 25, 11, 56, 27] ;;; compileLootTables;     --> loot_table\blocks\powder_snow_cauldron.json
[2026, 9, 25, 11, 56, 27] ;;; compileLootTables;     --> loot_table\blocks\powered_rail.json
[2026, 9, 25, 11, 56, 27] ;;; compileLootTables;     --> loot_table\blocks\prismarine.json
[2026, 9, 25, 11, 56, 27] ;;; compileLootTables;     --> loot_table\blocks\prismarine_bricks.json
[2026, 9, 25, 11, 56, 27] ;;; compileLootTables;     --> loot_table\blocks\prismarine_brick_slab.json
[2026, 9, 25, 11, 56, 27] ;;; compileLootTables;     --> loot_table\blocks\prismarine_brick_stairs.json
[2026, 9, 25, 11, 56, 27] ;;; compileLootTables;     --> loot_table\blocks\prismarine_slab.json
[2026, 9, 25, 11, 56, 27] ;;; compileLootTables;     --> loot_table\blocks\prismarine_stairs.json
[2026, 9, 25, 11, 56, 27] ;;; compileLootTables;     --> loot_table\blocks\prismarine_wall.json
[2026, 9, 25, 11, 56, 27] ;;; compileLootTables;     --> loot_table\blocks\pumpkin.json
[2026, 9, 25, 11, 56, 27] ;;; compileLootTables;     --> loot_table\blocks\pumpkin_stem.json
[2026, 9, 25, 11, 56, 27] ;;; compileLootTables;     --> loot_table\blocks\purple_banner.json
[2026, 9, 25, 11, 56, 27] ;;; compileLootTables;     --> loot_table\blocks\purple_bed.json
[2026, 9, 25, 11, 56, 27] ;;; compileLootTables;     --> loot_table\blocks\purple_candle.json
[2026, 9, 25, 11, 56, 27] ;;; compileLootTables;     --> loot_table\blocks\purple_candle_cake.json
[2026, 9, 25, 11, 56, 27] ;;; compileLootTables;     --> loot_table\blocks\purple_carpet.json
[2026, 9, 25, 11, 56, 27] ;;; compileLootTables;     --> loot_table\blocks\purple_concrete.json
[2026, 9, 25, 11, 56, 27] ;;; compileLootTables;     --> loot_table\blocks\purple_concrete_powder.json
[2026, 9, 25, 11, 56, 27] ;;; compileLootTables;     --> loot_table\blocks\purple_glazed_terracotta.json
[2026, 9, 25, 11, 56, 27] ;;; compileLootTables;     --> loot_table\blocks\purple_shulker_box.json
[2026, 9, 25, 11, 56, 27] ;;; compileLootTables;     --> loot_table\blocks\purple_stained_glass.json
[2026, 9, 25, 11, 56, 27] ;;; compileLootTables;     --> loot_table\blocks\purple_stained_glass_pane.json
[2026, 9, 25, 11, 56, 27] ;;; compileLootTables;     --> loot_table\blocks\purple_terracotta.json
[2026, 9, 25, 11, 56, 27] ;;; compileLootTables;     --> loot_table\blocks\purple_wool.json
[2026, 9, 25, 11, 56, 27] ;;; compileLootTables;     --> loot_table\blocks\purpur_block.json
[2026, 9, 25, 11, 56, 27] ;;; compileLootTables;     --> loot_table\blocks\purpur_pillar.json
[2026, 9, 25, 11, 56, 27] ;;; compileLootTables;     --> loot_table\blocks\purpur_slab.json
[2026, 9, 25, 11, 56, 27] ;;; compileLootTables;     --> loot_table\blocks\purpur_stairs.json
[2026, 9, 25, 11, 56, 27] ;;; compileLootTables;     --> loot_table\blocks\quartz_block.json
[2026, 9, 25, 11, 56, 27] ;;; compileLootTables;     --> loot_table\blocks\quartz_bricks.json
[2026, 9, 25, 11, 56, 27] ;;; compileLootTables;     --> loot_table\blocks\quartz_pillar.json
[2026, 9, 25, 11, 56, 27] ;;; compileLootTables;     --> loot_table\blocks\quartz_slab.json
[2026, 9, 25, 11, 56, 27] ;;; compileLootTables;     --> loot_table\blocks\quartz_stairs.json
[2026, 9, 25, 11, 56, 27] ;;; compileLootTables;     --> loot_table\blocks\rail.json
[2026, 9, 25, 11, 56, 27] ;;; compileLootTables;     --> loot_table\blocks\raw_copper_block.json
[2026, 9, 25, 11, 56, 27] ;;; compileLootTables;     --> loot_table\blocks\raw_gold_block.json
[2026, 9, 25, 11, 56, 27] ;;; compileLootTables;     --> loot_table\blocks\raw_iron_block.json
[2026, 9, 25, 11, 56, 27] ;;; compileLootTables;     --> loot_table\blocks\redstone_block.json
[2026, 9, 25, 11, 56, 27] ;;; compileLootTables;     --> loot_table\blocks\redstone_lamp.json
[2026, 9, 25, 11, 56, 27] ;;; compileLootTables;     --> loot_table\blocks\redstone_ore.json
[2026, 9, 25, 11, 56, 27] ;;; compileLootTables;     --> loot_table\blocks\redstone_torch.json
[2026, 9, 25, 11, 56, 27] ;;; compileLootTables;     --> loot_table\blocks\redstone_wire.json
[2026, 9, 25, 11, 56, 27] ;;; compileLootTables;     --> loot_table\blocks\red_banner.json
[2026, 9, 25, 11, 56, 27] ;;; compileLootTables;     --> loot_table\blocks\red_bed.json
[2026, 9, 25, 11, 56, 27] ;;; compileLootTables;     --> loot_table\blocks\red_candle.json
[2026, 9, 25, 11, 56, 27] ;;; compileLootTables;     --> loot_table\blocks\red_candle_cake.json
[2026, 9, 25, 11, 56, 27] ;;; compileLootTables;     --> loot_table\blocks\red_carpet.json
[2026, 9, 25, 11, 56, 27] ;;; compileLootTables;     --> loot_table\blocks\red_concrete.json
[2026, 9, 25, 11, 56, 27] ;;; compileLootTables;     --> loot_table\blocks\red_concrete_powder.json
[2026, 9, 25, 11, 56, 27] ;;; compileLootTables;     --> loot_table\blocks\red_glazed_terracotta.json
[2026, 9, 25, 11, 56, 27] ;;; compileLootTables;     --> loot_table\blocks\red_mushroom.json
[2026, 9, 25, 11, 56, 27] ;;; compileLootTables;     --> loot_table\blocks\red_mushroom_block.json
[2026, 9, 25, 11, 56, 27] ;;; compileLootTables;     --> loot_table\blocks\red_nether_bricks.json
[2026, 9, 25, 11, 56, 27] ;;; compileLootTables;     --> loot_table\blocks\red_nether_brick_slab.json
[2026, 9, 25, 11, 56, 27] ;;; compileLootTables;     --> loot_table\blocks\red_nether_brick_stairs.json
[2026, 9, 25, 11, 56, 27] ;;; compileLootTables;     --> loot_table\blocks\red_nether_brick_wall.json
[2026, 9, 25, 11, 56, 27] ;;; compileLootTables;     --> loot_table\blocks\red_sand.json
[2026, 9, 25, 11, 56, 27] ;;; compileLootTables;     --> loot_table\blocks\red_sandstone.json
[2026, 9, 25, 11, 56, 27] ;;; compileLootTables;     --> loot_table\blocks\red_sandstone_slab.json
[2026, 9, 25, 11, 56, 27] ;;; compileLootTables;     --> loot_table\blocks\red_sandstone_stairs.json
[2026, 9, 25, 11, 56, 27] ;;; compileLootTables;     --> loot_table\blocks\red_sandstone_wall.json
[2026, 9, 25, 11, 56, 27] ;;; compileLootTables;     --> loot_table\blocks\red_shulker_box.json
[2026, 9, 25, 11, 56, 27] ;;; compileLootTables;     --> loot_table\blocks\red_stained_glass.json
[2026, 9, 25, 11, 56, 27] ;;; compileLootTables;     --> loot_table\blocks\red_stained_glass_pane.json
[2026, 9, 25, 11, 56, 27] ;;; compileLootTables;     --> loot_table\blocks\red_terracotta.json
[2026, 9, 25, 11, 56, 28] ;;; compileLootTables;     --> loot_table\blocks\red_tulip.json
[2026, 9, 25, 11, 56, 28] ;;; compileLootTables;     --> loot_table\blocks\red_wool.json
[2026, 9, 25, 11, 56, 28] ;;; compileLootTables;     --> loot_table\blocks\reinforced_deepslate.json
[2026, 9, 25, 11, 56, 28] ;;; compileLootTables;     --> loot_table\blocks\repeater.json
[2026, 9, 25, 11, 56, 28] ;;; compileLootTables;     --> loot_table\blocks\resin_block.json
[2026, 9, 25, 11, 56, 28] ;;; compileLootTables;     --> loot_table\blocks\resin_bricks.json
[2026, 9, 25, 11, 56, 28] ;;; compileLootTables;     --> loot_table\blocks\resin_brick_slab.json
[2026, 9, 25, 11, 56, 28] ;;; compileLootTables;     --> loot_table\blocks\resin_brick_stairs.json
[2026, 9, 25, 11, 56, 28] ;;; compileLootTables;     --> loot_table\blocks\resin_brick_wall.json
[2026, 9, 25, 11, 56, 28] ;;; compileLootTables;     --> loot_table\blocks\resin_clump.json
[2026, 9, 25, 11, 56, 28] ;;; compileLootTables;     --> loot_table\blocks\respawn_anchor.json
[2026, 9, 25, 11, 56, 28] ;;; compileLootTables;     --> loot_table\blocks\rooted_dirt.json
[2026, 9, 25, 11, 56, 28] ;;; compileLootTables;     --> loot_table\blocks\rose_bush.json
[2026, 9, 25, 11, 56, 28] ;;; compileLootTables;     --> loot_table\blocks\sand.json
[2026, 9, 25, 11, 56, 28] ;;; compileLootTables;     --> loot_table\blocks\sandstone.json
[2026, 9, 25, 11, 56, 28] ;;; compileLootTables;     --> loot_table\blocks\sandstone_slab.json
[2026, 9, 25, 11, 56, 28] ;;; compileLootTables;     --> loot_table\blocks\sandstone_stairs.json
[2026, 9, 25, 11, 56, 28] ;;; compileLootTables;     --> loot_table\blocks\sandstone_wall.json
[2026, 9, 25, 11, 56, 28] ;;; compileLootTables;     --> loot_table\blocks\scaffolding.json
[2026, 9, 25, 11, 56, 28] ;;; compileLootTables;     --> loot_table\blocks\sculk.json
[2026, 9, 25, 11, 56, 28] ;;; compileLootTables;     --> loot_table\blocks\sculk_catalyst.json
[2026, 9, 25, 11, 56, 28] ;;; compileLootTables;     --> loot_table\blocks\sculk_sensor.json
[2026, 9, 25, 11, 56, 28] ;;; compileLootTables;     --> loot_table\blocks\sculk_shrieker.json
[2026, 9, 25, 11, 56, 28] ;;; compileLootTables;     --> loot_table\blocks\sculk_vein.json
[2026, 9, 25, 11, 56, 28] ;;; compileLootTables;     --> loot_table\blocks\seagrass.json
[2026, 9, 25, 11, 56, 28] ;;; compileLootTables;     --> loot_table\blocks\sea_lantern.json
[2026, 9, 25, 11, 56, 28] ;;; compileLootTables;     --> loot_table\blocks\sea_pickle.json
[2026, 9, 25, 11, 56, 28] ;;; compileLootTables;     --> loot_table\blocks\short_dry_grass.json
[2026, 9, 25, 11, 56, 28] ;;; compileLootTables;     --> loot_table\blocks\short_grass.json
[2026, 9, 25, 11, 56, 28] ;;; compileLootTables;     --> loot_table\blocks\shroomlight.json
[2026, 9, 25, 11, 56, 28] ;;; compileLootTables;     --> loot_table\blocks\shulker_box.json
[2026, 9, 25, 11, 56, 28] ;;; compileLootTables;     --> loot_table\blocks\skeleton_skull.json
[2026, 9, 25, 11, 56, 28] ;;; compileLootTables;     --> loot_table\blocks\slime_block.json
[2026, 9, 25, 11, 56, 28] ;;; compileLootTables;     --> loot_table\blocks\small_amethyst_bud.json
[2026, 9, 25, 11, 56, 28] ;;; compileLootTables;     --> loot_table\blocks\small_dripleaf.json
[2026, 9, 25, 11, 56, 28] ;;; compileLootTables;     --> loot_table\blocks\smithing_table.json
[2026, 9, 25, 11, 56, 28] ;;; compileLootTables;     --> loot_table\blocks\smoker.json
[2026, 9, 25, 11, 56, 28] ;;; compileLootTables;     --> loot_table\blocks\smooth_basalt.json
[2026, 9, 25, 11, 56, 28] ;;; compileLootTables;     --> loot_table\blocks\smooth_quartz.json
[2026, 9, 25, 11, 56, 28] ;;; compileLootTables;     --> loot_table\blocks\smooth_quartz_slab.json
[2026, 9, 25, 11, 56, 28] ;;; compileLootTables;     --> loot_table\blocks\smooth_quartz_stairs.json
[2026, 9, 25, 11, 56, 28] ;;; compileLootTables;     --> loot_table\blocks\smooth_red_sandstone.json
[2026, 9, 25, 11, 56, 28] ;;; compileLootTables;     --> loot_table\blocks\smooth_red_sandstone_slab.json
[2026, 9, 25, 11, 56, 28] ;;; compileLootTables;     --> loot_table\blocks\smooth_red_sandstone_stairs.json
[2026, 9, 25, 11, 56, 28] ;;; compileLootTables;     --> loot_table\blocks\smooth_sandstone.json
[2026, 9, 25, 11, 56, 28] ;;; compileLootTables;     --> loot_table\blocks\smooth_sandstone_slab.json
[2026, 9, 25, 11, 56, 28] ;;; compileLootTables;     --> loot_table\blocks\smooth_sandstone_stairs.json
[2026, 9, 25, 11, 56, 28] ;;; compileLootTables;     --> loot_table\blocks\smooth_stone.json
[2026, 9, 25, 11, 56, 28] ;;; compileLootTables;     --> loot_table\blocks\smooth_stone_slab.json
[2026, 9, 25, 11, 56, 28] ;;; compileLootTables;     --> loot_table\blocks\sniffer_egg.json
[2026, 9, 25, 11, 56, 28] ;;; compileLootTables;     --> loot_table\blocks\snow.json
[2026, 9, 25, 11, 56, 28] ;;; compileLootTables;     --> loot_table\blocks\snow_block.json
[2026, 9, 25, 11, 56, 28] ;;; compileLootTables;     --> loot_table\blocks\soul_campfire.json
[2026, 9, 25, 11, 56, 28] ;;; compileLootTables;     --> loot_table\blocks\soul_fire.json
[2026, 9, 25, 11, 56, 28] ;;; compileLootTables;     --> loot_table\blocks\soul_lantern.json
[2026, 9, 25, 11, 56, 28] ;;; compileLootTables;     --> loot_table\blocks\soul_sand.json
[2026, 9, 25, 11, 56, 28] ;;; compileLootTables;     --> loot_table\blocks\soul_soil.json
[2026, 9, 25, 11, 56, 28] ;;; compileLootTables;     --> loot_table\blocks\soul_torch.json
[2026, 9, 25, 11, 56, 28] ;;; compileLootTables;     --> loot_table\blocks\spawner.json
[2026, 9, 25, 11, 56, 28] ;;; compileLootTables;     --> loot_table\blocks\sponge.json
[2026, 9, 25, 11, 56, 28] ;;; compileLootTables;     --> loot_table\blocks\spore_blossom.json
[2026, 9, 25, 11, 56, 28] ;;; compileLootTables;     --> loot_table\blocks\spruce_button.json
[2026, 9, 25, 11, 56, 28] ;;; compileLootTables;     --> loot_table\blocks\spruce_door.json
[2026, 9, 25, 11, 56, 28] ;;; compileLootTables;     --> loot_table\blocks\spruce_fence.json
[2026, 9, 25, 11, 56, 28] ;;; compileLootTables;     --> loot_table\blocks\spruce_fence_gate.json
[2026, 9, 25, 11, 56, 28] ;;; compileLootTables;     --> loot_table\blocks\spruce_hanging_sign.json
[2026, 9, 25, 11, 56, 28] ;;; compileLootTables;     --> loot_table\blocks\spruce_leaves.json
[2026, 9, 25, 11, 56, 28] ;;; compileLootTables;     --> loot_table\blocks\spruce_log.json
[2026, 9, 25, 11, 56, 28] ;;; compileLootTables;     --> loot_table\blocks\spruce_planks.json
[2026, 9, 25, 11, 56, 28] ;;; compileLootTables;     --> loot_table\blocks\spruce_pressure_plate.json
[2026, 9, 25, 11, 56, 28] ;;; compileLootTables;     --> loot_table\blocks\spruce_sapling.json
[2026, 9, 25, 11, 56, 28] ;;; compileLootTables;     --> loot_table\blocks\spruce_shelf.json
[2026, 9, 25, 11, 56, 28] ;;; compileLootTables;     --> loot_table\blocks\spruce_sign.json
[2026, 9, 25, 11, 56, 28] ;;; compileLootTables;     --> loot_table\blocks\spruce_slab.json
[2026, 9, 25, 11, 56, 28] ;;; compileLootTables;     --> loot_table\blocks\spruce_stairs.json
[2026, 9, 25, 11, 56, 28] ;;; compileLootTables;     --> loot_table\blocks\spruce_trapdoor.json
[2026, 9, 25, 11, 56, 28] ;;; compileLootTables;     --> loot_table\blocks\spruce_wood.json
[2026, 9, 25, 11, 56, 28] ;;; compileLootTables;     --> loot_table\blocks\sticky_piston.json
[2026, 9, 25, 11, 56, 28] ;;; compileLootTables;     --> loot_table\blocks\stone.json
[2026, 9, 25, 11, 56, 28] ;;; compileLootTables;     --> loot_table\blocks\stonecutter.json
[2026, 9, 25, 11, 56, 28] ;;; compileLootTables;     --> loot_table\blocks\stone_bricks.json
[2026, 9, 25, 11, 56, 28] ;;; compileLootTables;     --> loot_table\blocks\stone_brick_slab.json
[2026, 9, 25, 11, 56, 28] ;;; compileLootTables;     --> loot_table\blocks\stone_brick_stairs.json
[2026, 9, 25, 11, 56, 28] ;;; compileLootTables;     --> loot_table\blocks\stone_brick_wall.json
[2026, 9, 25, 11, 56, 28] ;;; compileLootTables;     --> loot_table\blocks\stone_button.json
[2026, 9, 25, 11, 56, 28] ;;; compileLootTables;     --> loot_table\blocks\stone_pressure_plate.json
[2026, 9, 25, 11, 56, 28] ;;; compileLootTables;     --> loot_table\blocks\stone_slab.json
[2026, 9, 25, 11, 56, 28] ;;; compileLootTables;     --> loot_table\blocks\stone_stairs.json
[2026, 9, 25, 11, 56, 28] ;;; compileLootTables;     --> loot_table\blocks\stripped_acacia_log.json
[2026, 9, 25, 11, 56, 28] ;;; compileLootTables;     --> loot_table\blocks\stripped_acacia_wood.json
[2026, 9, 25, 11, 56, 28] ;;; compileLootTables;     --> loot_table\blocks\stripped_bamboo_block.json
[2026, 9, 25, 11, 56, 28] ;;; compileLootTables;     --> loot_table\blocks\stripped_birch_log.json
[2026, 9, 25, 11, 56, 28] ;;; compileLootTables;     --> loot_table\blocks\stripped_birch_wood.json
[2026, 9, 25, 11, 56, 28] ;;; compileLootTables;     --> loot_table\blocks\stripped_cherry_log.json
[2026, 9, 25, 11, 56, 28] ;;; compileLootTables;     --> loot_table\blocks\stripped_cherry_wood.json
[2026, 9, 25, 11, 56, 28] ;;; compileLootTables;     --> loot_table\blocks\stripped_crimson_hyphae.json
[2026, 9, 25, 11, 56, 28] ;;; compileLootTables;     --> loot_table\blocks\stripped_crimson_stem.json
[2026, 9, 25, 11, 56, 28] ;;; compileLootTables;     --> loot_table\blocks\stripped_dark_oak_log.json
[2026, 9, 25, 11, 56, 28] ;;; compileLootTables;     --> loot_table\blocks\stripped_dark_oak_wood.json
[2026, 9, 25, 11, 56, 28] ;;; compileLootTables;     --> loot_table\blocks\stripped_jungle_log.json
[2026, 9, 25, 11, 56, 28] ;;; compileLootTables;     --> loot_table\blocks\stripped_jungle_wood.json
[2026, 9, 25, 11, 56, 28] ;;; compileLootTables;     --> loot_table\blocks\stripped_mangrove_log.json
[2026, 9, 25, 11, 56, 28] ;;; compileLootTables;     --> loot_table\blocks\stripped_mangrove_wood.json
[2026, 9, 25, 11, 56, 28] ;;; compileLootTables;     --> loot_table\blocks\stripped_oak_log.json
[2026, 9, 25, 11, 56, 28] ;;; compileLootTables;     --> loot_table\blocks\stripped_oak_wood.json
[2026, 9, 25, 11, 56, 28] ;;; compileLootTables;     --> loot_table\blocks\stripped_pale_oak_log.json
[2026, 9, 25, 11, 56, 28] ;;; compileLootTables;     --> loot_table\blocks\stripped_pale_oak_wood.json
[2026, 9, 25, 11, 56, 28] ;;; compileLootTables;     --> loot_table\blocks\stripped_spruce_log.json
[2026, 9, 25, 11, 56, 28] ;;; compileLootTables;     --> loot_table\blocks\stripped_spruce_wood.json
[2026, 9, 25, 11, 56, 28] ;;; compileLootTables;     --> loot_table\blocks\stripped_warped_hyphae.json
[2026, 9, 25, 11, 56, 28] ;;; compileLootTables;     --> loot_table\blocks\stripped_warped_stem.json
[2026, 9, 25, 11, 56, 28] ;;; compileLootTables;     --> loot_table\blocks\sugar_cane.json
[2026, 9, 25, 11, 56, 28] ;;; compileLootTables;     --> loot_table\blocks\sulfur.json
[2026, 9, 25, 11, 56, 28] ;;; compileLootTables;     --> loot_table\blocks\sulfur_bricks.json
[2026, 9, 25, 11, 56, 28] ;;; compileLootTables;     --> loot_table\blocks\sulfur_brick_slab.json
[2026, 9, 25, 11, 56, 28] ;;; compileLootTables;     --> loot_table\blocks\sulfur_brick_stairs.json
[2026, 9, 25, 11, 56, 28] ;;; compileLootTables;     --> loot_table\blocks\sulfur_brick_wall.json
[2026, 9, 25, 11, 56, 28] ;;; compileLootTables;     --> loot_table\blocks\sulfur_slab.json
[2026, 9, 25, 11, 56, 28] ;;; compileLootTables;     --> loot_table\blocks\sulfur_spike.json
[2026, 9, 25, 11, 56, 28] ;;; compileLootTables;     --> loot_table\blocks\sulfur_stairs.json
[2026, 9, 25, 11, 56, 28] ;;; compileLootTables;     --> loot_table\blocks\sulfur_wall.json
[2026, 9, 25, 11, 56, 28] ;;; compileLootTables;     --> loot_table\blocks\sunflower.json
[2026, 9, 25, 11, 56, 28] ;;; compileLootTables;     --> loot_table\blocks\suspicious_gravel.json
[2026, 9, 25, 11, 56, 28] ;;; compileLootTables;     --> loot_table\blocks\suspicious_sand.json
[2026, 9, 25, 11, 56, 28] ;;; compileLootTables;     --> loot_table\blocks\sweet_berry_bush.json
[2026, 9, 25, 11, 56, 28] ;;; compileLootTables;     --> loot_table\blocks\tall_dry_grass.json
[2026, 9, 25, 11, 56, 28] ;;; compileLootTables;     --> loot_table\blocks\tall_grass.json
[2026, 9, 25, 11, 56, 28] ;;; compileLootTables;     --> loot_table\blocks\tall_seagrass.json
[2026, 9, 25, 11, 56, 28] ;;; compileLootTables;     --> loot_table\blocks\target.json
[2026, 9, 25, 11, 56, 28] ;;; compileLootTables;     --> loot_table\blocks\terracotta.json
[2026, 9, 25, 11, 56, 28] ;;; compileLootTables;     --> loot_table\blocks\tinted_glass.json
[2026, 9, 25, 11, 56, 29] ;;; compileLootTables;     --> loot_table\blocks\tnt.json
[2026, 9, 25, 11, 56, 29] ;;; compileLootTables;     --> loot_table\blocks\torch.json
[2026, 9, 25, 11, 56, 29] ;;; compileLootTables;     --> loot_table\blocks\torchflower.json
[2026, 9, 25, 11, 56, 29] ;;; compileLootTables;     --> loot_table\blocks\torchflower_crop.json
[2026, 9, 25, 11, 56, 29] ;;; compileLootTables;     --> loot_table\blocks\trapped_chest.json
[2026, 9, 25, 11, 56, 29] ;;; compileLootTables;     --> loot_table\blocks\trial_spawner.json
[2026, 9, 25, 11, 56, 29] ;;; compileLootTables;     --> loot_table\blocks\tripwire.json
[2026, 9, 25, 11, 56, 29] ;;; compileLootTables;     --> loot_table\blocks\tripwire_hook.json
[2026, 9, 25, 11, 56, 29] ;;; compileLootTables;     --> loot_table\blocks\tube_coral.json
[2026, 9, 25, 11, 56, 29] ;;; compileLootTables;     --> loot_table\blocks\tube_coral_block.json
[2026, 9, 25, 11, 56, 29] ;;; compileLootTables;     --> loot_table\blocks\tube_coral_fan.json
[2026, 9, 25, 11, 56, 29] ;;; compileLootTables;     --> loot_table\blocks\tuff.json
[2026, 9, 25, 11, 56, 29] ;;; compileLootTables;     --> loot_table\blocks\tuff_bricks.json
[2026, 9, 25, 11, 56, 29] ;;; compileLootTables;     --> loot_table\blocks\tuff_brick_slab.json
[2026, 9, 25, 11, 56, 29] ;;; compileLootTables;     --> loot_table\blocks\tuff_brick_stairs.json
[2026, 9, 25, 11, 56, 29] ;;; compileLootTables;     --> loot_table\blocks\tuff_brick_wall.json
[2026, 9, 25, 11, 56, 29] ;;; compileLootTables;     --> loot_table\blocks\tuff_slab.json
[2026, 9, 25, 11, 56, 29] ;;; compileLootTables;     --> loot_table\blocks\tuff_stairs.json
[2026, 9, 25, 11, 56, 29] ;;; compileLootTables;     --> loot_table\blocks\tuff_wall.json
[2026, 9, 25, 11, 56, 29] ;;; compileLootTables;     --> loot_table\blocks\turtle_egg.json
[2026, 9, 25, 11, 56, 29] ;;; compileLootTables;     --> loot_table\blocks\twisting_vines.json
[2026, 9, 25, 11, 56, 29] ;;; compileLootTables;     --> loot_table\blocks\twisting_vines_plant.json
[2026, 9, 25, 11, 56, 29] ;;; compileLootTables;     --> loot_table\blocks\vault.json
[2026, 9, 25, 11, 56, 29] ;;; compileLootTables;     --> loot_table\blocks\verdant_froglight.json
[2026, 9, 25, 11, 56, 29] ;;; compileLootTables;     --> loot_table\blocks\vine.json
[2026, 9, 25, 11, 56, 29] ;;; compileLootTables;     --> loot_table\blocks\warped_button.json
[2026, 9, 25, 11, 56, 29] ;;; compileLootTables;     --> loot_table\blocks\warped_door.json
[2026, 9, 25, 11, 56, 29] ;;; compileLootTables;     --> loot_table\blocks\warped_fence.json
[2026, 9, 25, 11, 56, 29] ;;; compileLootTables;     --> loot_table\blocks\warped_fence_gate.json
[2026, 9, 25, 11, 56, 29] ;;; compileLootTables;     --> loot_table\blocks\warped_fungus.json
[2026, 9, 25, 11, 56, 29] ;;; compileLootTables;     --> loot_table\blocks\warped_hanging_sign.json
[2026, 9, 25, 11, 56, 29] ;;; compileLootTables;     --> loot_table\blocks\warped_hyphae.json
[2026, 9, 25, 11, 56, 29] ;;; compileLootTables;     --> loot_table\blocks\warped_nylium.json
[2026, 9, 25, 11, 56, 29] ;;; compileLootTables;     --> loot_table\blocks\warped_planks.json
[2026, 9, 25, 11, 56, 29] ;;; compileLootTables;     --> loot_table\blocks\warped_pressure_plate.json
[2026, 9, 25, 11, 56, 29] ;;; compileLootTables;     --> loot_table\blocks\warped_roots.json
[2026, 9, 25, 11, 56, 29] ;;; compileLootTables;     --> loot_table\blocks\warped_shelf.json
[2026, 9, 25, 11, 56, 29] ;;; compileLootTables;     --> loot_table\blocks\warped_sign.json
[2026, 9, 25, 11, 56, 29] ;;; compileLootTables;     --> loot_table\blocks\warped_slab.json
[2026, 9, 25, 11, 56, 29] ;;; compileLootTables;     --> loot_table\blocks\warped_stairs.json
[2026, 9, 25, 11, 56, 29] ;;; compileLootTables;     --> loot_table\blocks\warped_stem.json
[2026, 9, 25, 11, 56, 29] ;;; compileLootTables;     --> loot_table\blocks\warped_trapdoor.json
[2026, 9, 25, 11, 56, 29] ;;; compileLootTables;     --> loot_table\blocks\warped_wart_block.json
[2026, 9, 25, 11, 56, 29] ;;; compileLootTables;     --> loot_table\blocks\water_cauldron.json
[2026, 9, 25, 11, 56, 29] ;;; compileLootTables;     --> loot_table\blocks\waxed_chiseled_copper.json
[2026, 9, 25, 11, 56, 29] ;;; compileLootTables;     --> loot_table\blocks\waxed_copper_bars.json
[2026, 9, 25, 11, 56, 29] ;;; compileLootTables;     --> loot_table\blocks\waxed_copper_block.json
[2026, 9, 25, 11, 56, 29] ;;; compileLootTables;     --> loot_table\blocks\waxed_copper_bulb.json
[2026, 9, 25, 11, 56, 29] ;;; compileLootTables;     --> loot_table\blocks\waxed_copper_chain.json
[2026, 9, 25, 11, 56, 29] ;;; compileLootTables;     --> loot_table\blocks\waxed_copper_chest.json
[2026, 9, 25, 11, 56, 29] ;;; compileLootTables;     --> loot_table\blocks\waxed_copper_door.json
[2026, 9, 25, 11, 56, 29] ;;; compileLootTables;     --> loot_table\blocks\waxed_copper_golem_statue.json
[2026, 9, 25, 11, 56, 29] ;;; compileLootTables;     --> loot_table\blocks\waxed_copper_grate.json
[2026, 9, 25, 11, 56, 29] ;;; compileLootTables;     --> loot_table\blocks\waxed_copper_lantern.json
[2026, 9, 25, 11, 56, 29] ;;; compileLootTables;     --> loot_table\blocks\waxed_copper_trapdoor.json
[2026, 9, 25, 11, 56, 29] ;;; compileLootTables;     --> loot_table\blocks\waxed_cut_copper.json
[2026, 9, 25, 11, 56, 29] ;;; compileLootTables;     --> loot_table\blocks\waxed_cut_copper_slab.json
[2026, 9, 25, 11, 56, 29] ;;; compileLootTables;     --> loot_table\blocks\waxed_cut_copper_stairs.json
[2026, 9, 25, 11, 56, 29] ;;; compileLootTables;     --> loot_table\blocks\waxed_exposed_chiseled_copper.json
[2026, 9, 25, 11, 56, 29] ;;; compileLootTables;     --> loot_table\blocks\waxed_exposed_copper.json
[2026, 9, 25, 11, 56, 29] ;;; compileLootTables;     --> loot_table\blocks\waxed_exposed_copper_bars.json
[2026, 9, 25, 11, 56, 29] ;;; compileLootTables;     --> loot_table\blocks\waxed_exposed_copper_bulb.json
[2026, 9, 25, 11, 56, 29] ;;; compileLootTables;     --> loot_table\blocks\waxed_exposed_copper_chain.json
[2026, 9, 25, 11, 56, 29] ;;; compileLootTables;     --> loot_table\blocks\waxed_exposed_copper_chest.json
[2026, 9, 25, 11, 56, 29] ;;; compileLootTables;     --> loot_table\blocks\waxed_exposed_copper_door.json
[2026, 9, 25, 11, 56, 29] ;;; compileLootTables;     --> loot_table\blocks\waxed_exposed_copper_golem_statue.json
[2026, 9, 25, 11, 56, 29] ;;; compileLootTables;     --> loot_table\blocks\waxed_exposed_copper_grate.json
[2026, 9, 25, 11, 56, 29] ;;; compileLootTables;     --> loot_table\blocks\waxed_exposed_copper_lantern.json
[2026, 9, 25, 11, 56, 29] ;;; compileLootTables;     --> loot_table\blocks\waxed_exposed_copper_trapdoor.json
[2026, 9, 25, 11, 56, 29] ;;; compileLootTables;     --> loot_table\blocks\waxed_exposed_cut_copper.json
[2026, 9, 25, 11, 56, 29] ;;; compileLootTables;     --> loot_table\blocks\waxed_exposed_cut_copper_slab.json
[2026, 9, 25, 11, 56, 29] ;;; compileLootTables;     --> loot_table\blocks\waxed_exposed_cut_copper_stairs.json
[2026, 9, 25, 11, 56, 29] ;;; compileLootTables;     --> loot_table\blocks\waxed_exposed_lightning_rod.json
[2026, 9, 25, 11, 56, 29] ;;; compileLootTables;     --> loot_table\blocks\waxed_lightning_rod.json
[2026, 9, 25, 11, 56, 29] ;;; compileLootTables;     --> loot_table\blocks\waxed_oxidized_chiseled_copper.json
[2026, 9, 25, 11, 56, 29] ;;; compileLootTables;     --> loot_table\blocks\waxed_oxidized_copper.json
[2026, 9, 25, 11, 56, 29] ;;; compileLootTables;     --> loot_table\blocks\waxed_oxidized_copper_bars.json
[2026, 9, 25, 11, 56, 29] ;;; compileLootTables;     --> loot_table\blocks\waxed_oxidized_copper_bulb.json
[2026, 9, 25, 11, 56, 29] ;;; compileLootTables;     --> loot_table\blocks\waxed_oxidized_copper_chain.json
[2026, 9, 25, 11, 56, 29] ;;; compileLootTables;     --> loot_table\blocks\waxed_oxidized_copper_chest.json
[2026, 9, 25, 11, 56, 29] ;;; compileLootTables;     --> loot_table\blocks\waxed_oxidized_copper_door.json
[2026, 9, 25, 11, 56, 29] ;;; compileLootTables;     --> loot_table\blocks\waxed_oxidized_copper_golem_statue.json
[2026, 9, 25, 11, 56, 29] ;;; compileLootTables;     --> loot_table\blocks\waxed_oxidized_copper_grate.json
[2026, 9, 25, 11, 56, 29] ;;; compileLootTables;     --> loot_table\blocks\waxed_oxidized_copper_lantern.json
[2026, 9, 25, 11, 56, 29] ;;; compileLootTables;     --> loot_table\blocks\waxed_oxidized_copper_trapdoor.json
[2026, 9, 25, 11, 56, 29] ;;; compileLootTables;     --> loot_table\blocks\waxed_oxidized_cut_copper.json
[2026, 9, 25, 11, 56, 29] ;;; compileLootTables;     --> loot_table\blocks\waxed_oxidized_cut_copper_slab.json
[2026, 9, 25, 11, 56, 29] ;;; compileLootTables;     --> loot_table\blocks\waxed_oxidized_cut_copper_stairs.json
[2026, 9, 25, 11, 56, 29] ;;; compileLootTables;     --> loot_table\blocks\waxed_oxidized_lightning_rod.json
[2026, 9, 25, 11, 56, 29] ;;; compileLootTables;     --> loot_table\blocks\waxed_weathered_chiseled_copper.json
[2026, 9, 25, 11, 56, 29] ;;; compileLootTables;     --> loot_table\blocks\waxed_weathered_copper.json
[2026, 9, 25, 11, 56, 29] ;;; compileLootTables;     --> loot_table\blocks\waxed_weathered_copper_bars.json
[2026, 9, 25, 11, 56, 29] ;;; compileLootTables;     --> loot_table\blocks\waxed_weathered_copper_bulb.json
[2026, 9, 25, 11, 56, 29] ;;; compileLootTables;     --> loot_table\blocks\waxed_weathered_copper_chain.json
[2026, 9, 25, 11, 56, 29] ;;; compileLootTables;     --> loot_table\blocks\waxed_weathered_copper_chest.json
[2026, 9, 25, 11, 56, 29] ;;; compileLootTables;     --> loot_table\blocks\waxed_weathered_copper_door.json
[2026, 9, 25, 11, 56, 29] ;;; compileLootTables;     --> loot_table\blocks\waxed_weathered_copper_golem_statue.json
[2026, 9, 25, 11, 56, 29] ;;; compileLootTables;     --> loot_table\blocks\waxed_weathered_copper_grate.json
[2026, 9, 25, 11, 56, 29] ;;; compileLootTables;     --> loot_table\blocks\waxed_weathered_copper_lantern.json
[2026, 9, 25, 11, 56, 29] ;;; compileLootTables;     --> loot_table\blocks\waxed_weathered_copper_trapdoor.json
[2026, 9, 25, 11, 56, 29] ;;; compileLootTables;     --> loot_table\blocks\waxed_weathered_cut_copper.json
[2026, 9, 25, 11, 56, 29] ;;; compileLootTables;     --> loot_table\blocks\waxed_weathered_cut_copper_slab.json
[2026, 9, 25, 11, 56, 29] ;;; compileLootTables;     --> loot_table\blocks\waxed_weathered_cut_copper_stairs.json
[2026, 9, 25, 11, 56, 29] ;;; compileLootTables;     --> loot_table\blocks\waxed_weathered_lightning_rod.json
[2026, 9, 25, 11, 56, 29] ;;; compileLootTables;     --> loot_table\blocks\weathered_chiseled_copper.json
[2026, 9, 25, 11, 56, 29] ;;; compileLootTables;     --> loot_table\blocks\weathered_copper.json
[2026, 9, 25, 11, 56, 29] ;;; compileLootTables;     --> loot_table\blocks\weathered_copper_bars.json
[2026, 9, 25, 11, 56, 29] ;;; compileLootTables;     --> loot_table\blocks\weathered_copper_bulb.json
[2026, 9, 25, 11, 56, 29] ;;; compileLootTables;     --> loot_table\blocks\weathered_copper_chain.json
[2026, 9, 25, 11, 56, 29] ;;; compileLootTables;     --> loot_table\blocks\weathered_copper_chest.json
[2026, 9, 25, 11, 56, 29] ;;; compileLootTables;     --> loot_table\blocks\weathered_copper_door.json
[2026, 9, 25, 11, 56, 29] ;;; compileLootTables;     --> loot_table\blocks\weathered_copper_golem_statue.json
[2026, 9, 25, 11, 56, 29] ;;; compileLootTables;     --> loot_table\blocks\weathered_copper_grate.json
[2026, 9, 25, 11, 56, 29] ;;; compileLootTables;     --> loot_table\blocks\weathered_copper_lantern.json
[2026, 9, 25, 11, 56, 29] ;;; compileLootTables;     --> loot_table\blocks\weathered_copper_trapdoor.json
[2026, 9, 25, 11, 56, 29] ;;; compileLootTables;     --> loot_table\blocks\weathered_cut_copper.json
[2026, 9, 25, 11, 56, 29] ;;; compileLootTables;     --> loot_table\blocks\weathered_cut_copper_slab.json
[2026, 9, 25, 11, 56, 29] ;;; compileLootTables;     --> loot_table\blocks\weathered_cut_copper_stairs.json
[2026, 9, 25, 11, 56, 29] ;;; compileLootTables;     --> loot_table\blocks\weathered_lightning_rod.json
[2026, 9, 25, 11, 56, 29] ;;; compileLootTables;     --> loot_table\blocks\weeping_vines.json
[2026, 9, 25, 11, 56, 30] ;;; compileLootTables;     --> loot_table\blocks\weeping_vines_plant.json
[2026, 9, 25, 11, 56, 30] ;;; compileLootTables;     --> loot_table\blocks\wet_sponge.json
[2026, 9, 25, 11, 56, 30] ;;; compileLootTables;     --> loot_table\blocks\wheat.json
[2026, 9, 25, 11, 56, 30] ;;; compileLootTables;     --> loot_table\blocks\white_banner.json
[2026, 9, 25, 11, 56, 30] ;;; compileLootTables;     --> loot_table\blocks\white_bed.json
[2026, 9, 25, 11, 56, 30] ;;; compileLootTables;     --> loot_table\blocks\white_candle.json
[2026, 9, 25, 11, 56, 30] ;;; compileLootTables;     --> loot_table\blocks\white_candle_cake.json
[2026, 9, 25, 11, 56, 30] ;;; compileLootTables;     --> loot_table\blocks\white_carpet.json
[2026, 9, 25, 11, 56, 30] ;;; compileLootTables;     --> loot_table\blocks\white_concrete.json
[2026, 9, 25, 11, 56, 30] ;;; compileLootTables;     --> loot_table\blocks\white_concrete_powder.json
[2026, 9, 25, 11, 56, 30] ;;; compileLootTables;     --> loot_table\blocks\white_glazed_terracotta.json
[2026, 9, 25, 11, 56, 30] ;;; compileLootTables;     --> loot_table\blocks\white_shulker_box.json
[2026, 9, 25, 11, 56, 30] ;;; compileLootTables;     --> loot_table\blocks\white_stained_glass.json
[2026, 9, 25, 11, 56, 30] ;;; compileLootTables;     --> loot_table\blocks\white_stained_glass_pane.json
[2026, 9, 25, 11, 56, 30] ;;; compileLootTables;     --> loot_table\blocks\white_terracotta.json
[2026, 9, 25, 11, 56, 30] ;;; compileLootTables;     --> loot_table\blocks\white_tulip.json
[2026, 9, 25, 11, 56, 30] ;;; compileLootTables;     --> loot_table\blocks\white_wool.json
[2026, 9, 25, 11, 56, 30] ;;; compileLootTables;     --> loot_table\blocks\wildflowers.json
[2026, 9, 25, 11, 56, 30] ;;; compileLootTables;     --> loot_table\blocks\wither_rose.json
[2026, 9, 25, 11, 56, 30] ;;; compileLootTables;     --> loot_table\blocks\wither_skeleton_skull.json
[2026, 9, 25, 11, 56, 30] ;;; compileLootTables;     --> loot_table\blocks\yellow_banner.json
[2026, 9, 25, 11, 56, 30] ;;; compileLootTables;     --> loot_table\blocks\yellow_bed.json
[2026, 9, 25, 11, 56, 30] ;;; compileLootTables;     --> loot_table\blocks\yellow_candle.json
[2026, 9, 25, 11, 56, 30] ;;; compileLootTables;     --> loot_table\blocks\yellow_candle_cake.json
[2026, 9, 25, 11, 56, 30] ;;; compileLootTables;     --> loot_table\blocks\yellow_carpet.json
[2026, 9, 25, 11, 56, 30] ;;; compileLootTables;     --> loot_table\blocks\yellow_concrete.json
[2026, 9, 25, 11, 56, 30] ;;; compileLootTables;     --> loot_table\blocks\yellow_concrete_powder.json
[2026, 9, 25, 11, 56, 30] ;;; compileLootTables;     --> loot_table\blocks\yellow_glazed_terracotta.json
[2026, 9, 25, 11, 56, 30] ;;; compileLootTables;     --> loot_table\blocks\yellow_shulker_box.json
[2026, 9, 25, 11, 56, 30] ;;; compileLootTables;     --> loot_table\blocks\yellow_stained_glass.json
[2026, 9, 25, 11, 56, 30] ;;; compileLootTables;     --> loot_table\blocks\yellow_stained_glass_pane.json
[2026, 9, 25, 11, 56, 30] ;;; compileLootTables;     --> loot_table\blocks\yellow_terracotta.json
[2026, 9, 25, 11, 56, 30] ;;; compileLootTables;     --> loot_table\blocks\yellow_wool.json
[2026, 9, 25, 11, 56, 30] ;;; compileLootTables;     --> loot_table\blocks\zombie_head.json
[2026, 9, 25, 11, 56, 30] ;;; compileLootTables;     --> loot_table\brush\armadillo.json
[2026, 9, 25, 11, 56, 30] ;;; compileLootTables;     --> loot_table\carve\pumpkin.json
[2026, 9, 25, 11, 56, 30] ;;; compileLootTables;     --> loot_table\charged_creeper\creeper.json
[2026, 9, 25, 11, 56, 30] ;;; compileLootTables;     --> loot_table\charged_creeper\piglin.json
[2026, 9, 25, 11, 56, 30] ;;; compileLootTables;     --> loot_table\charged_creeper\root.json
[2026, 9, 25, 11, 56, 30] ;;; compileLootTables;     --> loot_table\charged_creeper\skeleton.json
[2026, 9, 25, 11, 56, 30] ;;; compileLootTables;     --> loot_table\charged_creeper\wither_skeleton.json
[2026, 9, 25, 11, 56, 30] ;;; compileLootTables;     --> loot_table\charged_creeper\zombie.json
[2026, 9, 25, 11, 56, 30] ;;; compileLootTables;     --> loot_table\chests\abandoned_mineshaft.json
[2026, 9, 25, 11, 56, 30] ;;; compileLootTables;     --> loot_table\chests\ancient_city.json
[2026, 9, 25, 11, 56, 30] ;;; compileLootTables;     --> loot_table\chests\ancient_city_ice_box.json
[2026, 9, 25, 11, 56, 30] ;;; compileLootTables;     --> loot_table\chests\bastion_bridge.json
[2026, 9, 25, 11, 56, 30] ;;; compileLootTables;     --> loot_table\chests\bastion_hoglin_stable.json
[2026, 9, 25, 11, 56, 30] ;;; compileLootTables;     --> loot_table\chests\bastion_other.json
[2026, 9, 25, 11, 56, 30] ;;; compileLootTables;     --> loot_table\chests\bastion_treasure.json
[2026, 9, 25, 11, 56, 30] ;;; compileLootTables;     --> loot_table\chests\buried_treasure.json
[2026, 9, 25, 11, 56, 30] ;;; compileLootTables;     --> loot_table\chests\desert_pyramid.json
[2026, 9, 25, 11, 56, 30] ;;; compileLootTables;     --> loot_table\chests\end_city_treasure.json
[2026, 9, 25, 11, 56, 30] ;;; compileLootTables;     --> loot_table\chests\igloo_chest.json
[2026, 9, 25, 11, 56, 30] ;;; compileLootTables;     --> loot_table\chests\jungle_temple.json
[2026, 9, 25, 11, 56, 30] ;;; compileLootTables;     --> loot_table\chests\jungle_temple_dispenser.json
[2026, 9, 25, 11, 56, 30] ;;; compileLootTables;     --> loot_table\chests\nether_bridge.json
[2026, 9, 25, 11, 56, 30] ;;; compileLootTables;     --> loot_table\chests\pillager_outpost.json
[2026, 9, 25, 11, 56, 30] ;;; compileLootTables;     --> loot_table\chests\ruined_portal.json
[2026, 9, 25, 11, 56, 30] ;;; compileLootTables;     --> loot_table\chests\shipwreck_map.json
[2026, 9, 25, 11, 56, 30] ;;; compileLootTables;     --> loot_table\chests\shipwreck_supply.json
[2026, 9, 25, 11, 56, 30] ;;; compileLootTables;     --> loot_table\chests\shipwreck_treasure.json
[2026, 9, 25, 11, 56, 30] ;;; compileLootTables;     --> loot_table\chests\simple_dungeon.json
[2026, 9, 25, 11, 56, 30] ;;; compileLootTables;     --> loot_table\chests\spawn_bonus_chest.json
[2026, 9, 25, 11, 56, 30] ;;; compileLootTables;     --> loot_table\chests\stronghold_corridor.json
[2026, 9, 25, 11, 56, 30] ;;; compileLootTables;     --> loot_table\chests\stronghold_crossing.json
[2026, 9, 25, 11, 56, 30] ;;; compileLootTables;     --> loot_table\chests\stronghold_library.json
[2026, 9, 25, 11, 56, 30] ;;; compileLootTables;     --> loot_table\chests\underwater_ruin_big.json
[2026, 9, 25, 11, 56, 30] ;;; compileLootTables;     --> loot_table\chests\underwater_ruin_small.json
[2026, 9, 25, 11, 56, 30] ;;; compileLootTables;     --> loot_table\chests\woodland_mansion.json
[2026, 9, 25, 11, 56, 30] ;;; compileLootTables;     --> loot_table\chests\trial_chambers\corridor.json
[2026, 9, 25, 11, 56, 30] ;;; compileLootTables;     --> loot_table\chests\trial_chambers\entrance.json
[2026, 9, 25, 11, 56, 30] ;;; compileLootTables;     --> loot_table\chests\trial_chambers\intersection.json
[2026, 9, 25, 11, 56, 30] ;;; compileLootTables;     --> loot_table\chests\trial_chambers\intersection_barrel.json
[2026, 9, 25, 11, 56, 30] ;;; compileLootTables;     --> loot_table\chests\trial_chambers\reward.json
[2026, 9, 25, 11, 56, 30] ;;; compileLootTables;     --> loot_table\chests\trial_chambers\reward_common.json
[2026, 9, 25, 11, 56, 30] ;;; compileLootTables;     --> loot_table\chests\trial_chambers\reward_ominous.json
[2026, 9, 25, 11, 56, 30] ;;; compileLootTables;     --> loot_table\chests\trial_chambers\reward_ominous_common.json
[2026, 9, 25, 11, 56, 30] ;;; compileLootTables;     --> loot_table\chests\trial_chambers\reward_ominous_rare.json
[2026, 9, 25, 11, 56, 30] ;;; compileLootTables;     --> loot_table\chests\trial_chambers\reward_ominous_unique.json
[2026, 9, 25, 11, 56, 30] ;;; compileLootTables;     --> loot_table\chests\trial_chambers\reward_rare.json
[2026, 9, 25, 11, 56, 30] ;;; compileLootTables;     --> loot_table\chests\trial_chambers\reward_unique.json
[2026, 9, 25, 11, 56, 30] ;;; compileLootTables;     --> loot_table\chests\trial_chambers\supply.json
[2026, 9, 25, 11, 56, 30] ;;; compileLootTables;     --> loot_table\chests\village\village_armorer.json
[2026, 9, 25, 11, 56, 30] ;;; compileLootTables;     --> loot_table\chests\village\village_butcher.json
[2026, 9, 25, 11, 56, 30] ;;; compileLootTables;     --> loot_table\chests\village\village_cartographer.json
[2026, 9, 25, 11, 56, 30] ;;; compileLootTables;     --> loot_table\chests\village\village_desert_house.json
[2026, 9, 25, 11, 56, 30] ;;; compileLootTables;     --> loot_table\chests\village\village_fisher.json
[2026, 9, 25, 11, 56, 30] ;;; compileLootTables;     --> loot_table\chests\village\village_fletcher.json
[2026, 9, 25, 11, 56, 30] ;;; compileLootTables;     --> loot_table\chests\village\village_mason.json
[2026, 9, 25, 11, 56, 30] ;;; compileLootTables;     --> loot_table\chests\village\village_plains_house.json
[2026, 9, 25, 11, 56, 30] ;;; compileLootTables;     --> loot_table\chests\village\village_savanna_house.json
[2026, 9, 25, 11, 56, 30] ;;; compileLootTables;     --> loot_table\chests\village\village_shepherd.json
[2026, 9, 25, 11, 56, 30] ;;; compileLootTables;     --> loot_table\chests\village\village_snowy_house.json
[2026, 9, 25, 11, 56, 30] ;;; compileLootTables;     --> loot_table\chests\village\village_taiga_house.json
[2026, 9, 25, 11, 56, 30] ;;; compileLootTables;     --> loot_table\chests\village\village_tannery.json
[2026, 9, 25, 11, 56, 30] ;;; compileLootTables;     --> loot_table\chests\village\village_temple.json
[2026, 9, 25, 11, 56, 30] ;;; compileLootTables;     --> loot_table\chests\village\village_toolsmith.json
[2026, 9, 25, 11, 56, 30] ;;; compileLootTables;     --> loot_table\chests\village\village_weaponsmith.json
[2026, 9, 25, 11, 56, 30] ;;; compileLootTables;     --> loot_table\dispensers\trial_chambers\chamber.json
[2026, 9, 25, 11, 56, 31] ;;; compileLootTables;     --> loot_table\dispensers\trial_chambers\corridor.json
[2026, 9, 25, 11, 56, 31] ;;; compileLootTables;     --> loot_table\dispensers\trial_chambers\water.json
[2026, 9, 25, 11, 56, 31] ;;; compileLootTables;     --> loot_table\entities\allay.json
[2026, 9, 25, 11, 56, 31] ;;; compileLootTables;     --> loot_table\entities\armadillo.json
[2026, 9, 25, 11, 56, 31] ;;; compileLootTables;     --> loot_table\entities\armor_stand.json
[2026, 9, 25, 11, 56, 31] ;;; compileLootTables;     --> loot_table\entities\axolotl.json
[2026, 9, 25, 11, 56, 31] ;;; compileLootTables;     --> loot_table\entities\bat.json
[2026, 9, 25, 11, 56, 31] ;;; compileLootTables;     --> loot_table\entities\bee.json
[2026, 9, 25, 11, 56, 31] ;;; compileLootTables;     --> loot_table\entities\blaze.json
[2026, 9, 25, 11, 56, 31] ;;; compileLootTables;     --> loot_table\entities\bogged.json
[2026, 9, 25, 11, 56, 31] ;;; compileLootTables;     --> loot_table\entities\breeze.json
[2026, 9, 25, 11, 56, 31] ;;; compileLootTables;     --> loot_table\entities\camel.json
[2026, 9, 25, 11, 56, 31] ;;; compileLootTables;     --> loot_table\entities\camel_husk.json
[2026, 9, 25, 11, 56, 31] ;;; compileLootTables;     --> loot_table\entities\cat.json
[2026, 9, 25, 11, 56, 31] ;;; compileLootTables;     --> loot_table\entities\cave_spider.json
[2026, 9, 25, 11, 56, 31] ;;; compileLootTables;     --> loot_table\entities\chicken.json
[2026, 9, 25, 11, 56, 31] ;;; compileLootTables;     --> loot_table\entities\cod.json
[2026, 9, 25, 11, 56, 31] ;;; compileLootTables;     --> loot_table\entities\copper_golem.json
[2026, 9, 25, 11, 56, 31] ;;; compileLootTables;     --> loot_table\entities\cow.json
[2026, 9, 25, 11, 56, 31] ;;; compileLootTables;     --> loot_table\entities\creaking.json
[2026, 9, 25, 11, 56, 31] ;;; compileLootTables;     --> loot_table\entities\creeper.json
[2026, 9, 25, 11, 56, 31] ;;; compileLootTables;     --> loot_table\entities\dolphin.json
[2026, 9, 25, 11, 56, 31] ;;; compileLootTables;     --> loot_table\entities\donkey.json
[2026, 9, 25, 11, 56, 31] ;;; compileLootTables;     --> loot_table\entities\drowned.json
[2026, 9, 25, 11, 56, 31] ;;; compileLootTables;     --> loot_table\entities\elder_guardian.json
[2026, 9, 25, 11, 56, 31] ;;; compileLootTables;     --> loot_table\entities\enderman.json
[2026, 9, 25, 11, 56, 31] ;;; compileLootTables;     --> loot_table\entities\endermite.json
[2026, 9, 25, 11, 56, 31] ;;; compileLootTables;     --> loot_table\entities\ender_dragon.json
[2026, 9, 25, 11, 56, 31] ;;; compileLootTables;     --> loot_table\entities\evoker.json
[2026, 9, 25, 11, 56, 31] ;;; compileLootTables;     --> loot_table\entities\fox.json
[2026, 9, 25, 11, 56, 31] ;;; compileLootTables;     --> loot_table\entities\frog.json
[2026, 9, 25, 11, 56, 31] ;;; compileLootTables;     --> loot_table\entities\ghast.json
[2026, 9, 25, 11, 56, 31] ;;; compileLootTables;     --> loot_table\entities\giant.json
[2026, 9, 25, 11, 56, 31] ;;; compileLootTables;     --> loot_table\entities\glow_squid.json
[2026, 9, 25, 11, 56, 31] ;;; compileLootTables;     --> loot_table\entities\goat.json
[2026, 9, 25, 11, 56, 31] ;;; compileLootTables;     --> loot_table\entities\guardian.json
[2026, 9, 25, 11, 56, 31] ;;; compileLootTables;     --> loot_table\entities\happy_ghast.json
[2026, 9, 25, 11, 56, 31] ;;; compileLootTables;     --> loot_table\entities\hoglin.json
[2026, 9, 25, 11, 56, 31] ;;; compileLootTables;     --> loot_table\entities\horse.json
[2026, 9, 25, 11, 56, 31] ;;; compileLootTables;     --> loot_table\entities\husk.json
[2026, 9, 25, 11, 56, 31] ;;; compileLootTables;     --> loot_table\entities\illusioner.json
[2026, 9, 25, 11, 56, 31] ;;; compileLootTables;     --> loot_table\entities\iron_golem.json
[2026, 9, 25, 11, 56, 31] ;;; compileLootTables;     --> loot_table\entities\llama.json
[2026, 9, 25, 11, 56, 31] ;;; compileLootTables;     --> loot_table\entities\magma_cube.json
[2026, 9, 25, 11, 56, 31] ;;; compileLootTables;     --> loot_table\entities\mannequin.json
[2026, 9, 25, 11, 56, 31] ;;; compileLootTables;     --> loot_table\entities\mooshroom.json
[2026, 9, 25, 11, 56, 31] ;;; compileLootTables;     --> loot_table\entities\mule.json
[2026, 9, 25, 11, 56, 31] ;;; compileLootTables;     --> loot_table\entities\nautilus.json
[2026, 9, 25, 11, 56, 31] ;;; compileLootTables;     --> loot_table\entities\ocelot.json
[2026, 9, 25, 11, 56, 31] ;;; compileLootTables;     --> loot_table\entities\panda.json
[2026, 9, 25, 11, 56, 31] ;;; compileLootTables;     --> loot_table\entities\parched.json
[2026, 9, 25, 11, 56, 31] ;;; compileLootTables;     --> loot_table\entities\parrot.json
[2026, 9, 25, 11, 56, 31] ;;; compileLootTables;     --> loot_table\entities\phantom.json
[2026, 9, 25, 11, 56, 31] ;;; compileLootTables;     --> loot_table\entities\pig.json
[2026, 9, 25, 11, 56, 31] ;;; compileLootTables;     --> loot_table\entities\piglin.json
[2026, 9, 25, 11, 56, 31] ;;; compileLootTables;     --> loot_table\entities\piglin_brute.json
[2026, 9, 25, 11, 56, 31] ;;; compileLootTables;     --> loot_table\entities\pillager.json
[2026, 9, 25, 11, 56, 31] ;;; compileLootTables;     --> loot_table\entities\player.json
[2026, 9, 25, 11, 56, 31] ;;; compileLootTables;     --> loot_table\entities\polar_bear.json
[2026, 9, 25, 11, 56, 31] ;;; compileLootTables;     --> loot_table\entities\pufferfish.json
[2026, 9, 25, 11, 56, 31] ;;; compileLootTables;     --> loot_table\entities\rabbit.json
[2026, 9, 25, 11, 56, 31] ;;; compileLootTables;     --> loot_table\entities\ravager.json
[2026, 9, 25, 11, 56, 31] ;;; compileLootTables;     --> loot_table\entities\salmon.json
[2026, 9, 25, 11, 56, 31] ;;; compileLootTables;     --> loot_table\entities\sheep.json
[2026, 9, 25, 11, 56, 31] ;;; compileLootTables;     --> loot_table\entities\shulker.json
[2026, 9, 25, 11, 56, 31] ;;; compileLootTables;     --> loot_table\entities\silverfish.json
[2026, 9, 25, 11, 56, 31] ;;; compileLootTables;     --> loot_table\entities\skeleton.json
[2026, 9, 25, 11, 56, 31] ;;; compileLootTables;     --> loot_table\entities\skeleton_horse.json
[2026, 9, 25, 11, 56, 31] ;;; compileLootTables;     --> loot_table\entities\slime.json
[2026, 9, 25, 11, 56, 31] ;;; compileLootTables;     --> loot_table\entities\sniffer.json
[2026, 9, 25, 11, 56, 31] ;;; compileLootTables;     --> loot_table\entities\snow_golem.json
[2026, 9, 25, 11, 56, 31] ;;; compileLootTables;     --> loot_table\entities\spider.json
[2026, 9, 25, 11, 56, 31] ;;; compileLootTables;     --> loot_table\entities\squid.json
[2026, 9, 25, 11, 56, 31] ;;; compileLootTables;     --> loot_table\entities\stray.json
[2026, 9, 25, 11, 56, 31] ;;; compileLootTables;     --> loot_table\entities\strider.json
[2026, 9, 25, 11, 56, 31] ;;; compileLootTables;     --> loot_table\entities\sulfur_cube.json
[2026, 9, 25, 11, 56, 31] ;;; compileLootTables;     --> loot_table\entities\tadpole.json
[2026, 9, 25, 11, 56, 31] ;;; compileLootTables;     --> loot_table\entities\trader_llama.json
[2026, 9, 25, 11, 56, 31] ;;; compileLootTables;     --> loot_table\entities\tropical_fish.json
[2026, 9, 25, 11, 56, 31] ;;; compileLootTables;     --> loot_table\entities\turtle.json
[2026, 9, 25, 11, 56, 31] ;;; compileLootTables;     --> loot_table\entities\vex.json
[2026, 9, 25, 11, 56, 31] ;;; compileLootTables;     --> loot_table\entities\villager.json
[2026, 9, 25, 11, 56, 31] ;;; compileLootTables;     --> loot_table\entities\vindicator.json
[2026, 9, 25, 11, 56, 31] ;;; compileLootTables;     --> loot_table\entities\wandering_trader.json
[2026, 9, 25, 11, 56, 31] ;;; compileLootTables;     --> loot_table\entities\warden.json
[2026, 9, 25, 11, 56, 31] ;;; compileLootTables;     --> loot_table\entities\witch.json
[2026, 9, 25, 11, 56, 31] ;;; compileLootTables;     --> loot_table\entities\wither.json
[2026, 9, 25, 11, 56, 31] ;;; compileLootTables;     --> loot_table\entities\wither_skeleton.json
[2026, 9, 25, 11, 56, 31] ;;; compileLootTables;     --> loot_table\entities\wolf.json
[2026, 9, 25, 11, 56, 31] ;;; compileLootTables;     --> loot_table\entities\zoglin.json
[2026, 9, 25, 11, 56, 31] ;;; compileLootTables;     --> loot_table\entities\zombie.json
[2026, 9, 25, 11, 56, 31] ;;; compileLootTables;     --> loot_table\entities\zombie_horse.json
[2026, 9, 25, 11, 56, 31] ;;; compileLootTables;     --> loot_table\entities\zombie_nautilus.json
[2026, 9, 25, 11, 56, 31] ;;; compileLootTables;     --> loot_table\entities\zombie_villager.json
[2026, 9, 25, 11, 56, 31] ;;; compileLootTables;     --> loot_table\entities\zombified_piglin.json
[2026, 9, 25, 11, 56, 31] ;;; compileLootTables;     --> loot_table\entities\sheep\black.json
[2026, 9, 25, 11, 56, 31] ;;; compileLootTables;     --> loot_table\entities\sheep\blue.json
[2026, 9, 25, 11, 56, 31] ;;; compileLootTables;     --> loot_table\entities\sheep\brown.json
[2026, 9, 25, 11, 56, 31] ;;; compileLootTables;     --> loot_table\entities\sheep\cyan.json
[2026, 9, 25, 11, 56, 31] ;;; compileLootTables;     --> loot_table\entities\sheep\gray.json
[2026, 9, 25, 11, 56, 31] ;;; compileLootTables;     --> loot_table\entities\sheep\green.json
[2026, 9, 25, 11, 56, 31] ;;; compileLootTables;     --> loot_table\entities\sheep\light_blue.json
[2026, 9, 25, 11, 56, 31] ;;; compileLootTables;     --> loot_table\entities\sheep\light_gray.json
[2026, 9, 25, 11, 56, 31] ;;; compileLootTables;     --> loot_table\entities\sheep\lime.json
[2026, 9, 25, 11, 56, 31] ;;; compileLootTables;     --> loot_table\entities\sheep\magenta.json
[2026, 9, 25, 11, 56, 31] ;;; compileLootTables;     --> loot_table\entities\sheep\orange.json
[2026, 9, 25, 11, 56, 31] ;;; compileLootTables;     --> loot_table\entities\sheep\pink.json
[2026, 9, 25, 11, 56, 31] ;;; compileLootTables;     --> loot_table\entities\sheep\purple.json
[2026, 9, 25, 11, 56, 31] ;;; compileLootTables;     --> loot_table\entities\sheep\red.json
[2026, 9, 25, 11, 56, 31] ;;; compileLootTables;     --> loot_table\entities\sheep\white.json
[2026, 9, 25, 11, 56, 31] ;;; compileLootTables;     --> loot_table\entities\sheep\yellow.json
[2026, 9, 25, 11, 56, 31] ;;; compileLootTables;     --> loot_table\equipment\trial_chamber.json
[2026, 9, 25, 11, 56, 31] ;;; compileLootTables;     --> loot_table\equipment\trial_chamber_melee.json
[2026, 9, 25, 11, 56, 31] ;;; compileLootTables;     --> loot_table\equipment\trial_chamber_ranged.json
[2026, 9, 25, 11, 56, 31] ;;; compileLootTables;     --> loot_table\gameplay\armadillo_shed.json
[2026, 9, 25, 11, 56, 31] ;;; compileLootTables;     --> loot_table\gameplay\cat_morning_gift.json
[2026, 9, 25, 11, 56, 31] ;;; compileLootTables;     --> loot_table\gameplay\chicken_lay.json
[2026, 9, 25, 11, 56, 31] ;;; compileLootTables;     --> loot_table\gameplay\fishing.json
[2026, 9, 25, 11, 56, 31] ;;; compileLootTables;     --> loot_table\gameplay\panda_sneeze.json
[2026, 9, 25, 11, 56, 31] ;;; compileLootTables;     --> loot_table\gameplay\piglin_bartering.json
[2026, 9, 25, 11, 56, 31] ;;; compileLootTables;     --> loot_table\gameplay\sniffer_digging.json
[2026, 9, 25, 11, 56, 31] ;;; compileLootTables;     --> loot_table\gameplay\turtle_grow.json
[2026, 9, 25, 11, 56, 31] ;;; compileLootTables;     --> loot_table\gameplay\fishing\fish.json
[2026, 9, 25, 11, 56, 31] ;;; compileLootTables;     --> loot_table\gameplay\fishing\junk.json
[2026, 9, 25, 11, 56, 31] ;;; compileLootTables;     --> loot_table\gameplay\fishing\treasure.json
[2026, 9, 25, 11, 56, 31] ;;; compileLootTables;     --> loot_table\gameplay\hero_of_the_village\armorer_gift.json
[2026, 9, 25, 11, 56, 31] ;;; compileLootTables;     --> loot_table\gameplay\hero_of_the_village\baby_gift.json
[2026, 9, 25, 11, 56, 31] ;;; compileLootTables;     --> loot_table\gameplay\hero_of_the_village\butcher_gift.json
[2026, 9, 25, 11, 56, 32] ;;; compileLootTables;     --> loot_table\gameplay\hero_of_the_village\cartographer_gift.json
[2026, 9, 25, 11, 56, 32] ;;; compileLootTables;     --> loot_table\gameplay\hero_of_the_village\cleric_gift.json
[2026, 9, 25, 11, 56, 32] ;;; compileLootTables;     --> loot_table\gameplay\hero_of_the_village\farmer_gift.json
[2026, 9, 25, 11, 56, 32] ;;; compileLootTables;     --> loot_table\gameplay\hero_of_the_village\fisherman_gift.json
[2026, 9, 25, 11, 56, 32] ;;; compileLootTables;     --> loot_table\gameplay\hero_of_the_village\fletcher_gift.json
[2026, 9, 25, 11, 56, 32] ;;; compileLootTables;     --> loot_table\gameplay\hero_of_the_village\leatherworker_gift.json
[2026, 9, 25, 11, 56, 32] ;;; compileLootTables;     --> loot_table\gameplay\hero_of_the_village\librarian_gift.json
[2026, 9, 25, 11, 56, 32] ;;; compileLootTables;     --> loot_table\gameplay\hero_of_the_village\mason_gift.json
[2026, 9, 25, 11, 56, 32] ;;; compileLootTables;     --> loot_table\gameplay\hero_of_the_village\shepherd_gift.json
[2026, 9, 25, 11, 56, 32] ;;; compileLootTables;     --> loot_table\gameplay\hero_of_the_village\toolsmith_gift.json
[2026, 9, 25, 11, 56, 32] ;;; compileLootTables;     --> loot_table\gameplay\hero_of_the_village\unemployed_gift.json
[2026, 9, 25, 11, 56, 32] ;;; compileLootTables;     --> loot_table\gameplay\hero_of_the_village\weaponsmith_gift.json
[2026, 9, 25, 11, 56, 32] ;;; compileLootTables;     --> loot_table\harvest\beehive.json
[2026, 9, 25, 11, 56, 32] ;;; compileLootTables;     --> loot_table\harvest\cave_vine.json
[2026, 9, 25, 11, 56, 32] ;;; compileLootTables;     --> loot_table\harvest\sweet_berry_bush.json
[2026, 9, 25, 11, 56, 32] ;;; compileLootTables;     --> loot_table\pots\trial_chambers\corridor.json
[2026, 9, 25, 11, 56, 32] ;;; compileLootTables;     --> loot_table\shearing\bogged.json
[2026, 9, 25, 11, 56, 32] ;;; compileLootTables;     --> loot_table\shearing\mooshroom.json
[2026, 9, 25, 11, 56, 32] ;;; compileLootTables;     --> loot_table\shearing\sheep.json
[2026, 9, 25, 11, 56, 32] ;;; compileLootTables;     --> loot_table\shearing\snow_golem.json
[2026, 9, 25, 11, 56, 32] ;;; compileLootTables;     --> loot_table\shearing\mooshroom\brown.json
[2026, 9, 25, 11, 56, 32] ;;; compileLootTables;     --> loot_table\shearing\mooshroom\red.json
[2026, 9, 25, 11, 56, 32] ;;; compileLootTables;     --> loot_table\shearing\sheep\black.json
[2026, 9, 25, 11, 56, 32] ;;; compileLootTables;     --> loot_table\shearing\sheep\blue.json
[2026, 9, 25, 11, 56, 32] ;;; compileLootTables;     --> loot_table\shearing\sheep\brown.json
[2026, 9, 25, 11, 56, 32] ;;; compileLootTables;     --> loot_table\shearing\sheep\cyan.json
[2026, 9, 25, 11, 56, 32] ;;; compileLootTables;     --> loot_table\shearing\sheep\gray.json
[2026, 9, 25, 11, 56, 32] ;;; compileLootTables;     --> loot_table\shearing\sheep\green.json
[2026, 9, 25, 11, 56, 32] ;;; compileLootTables;     --> loot_table\shearing\sheep\light_blue.json
[2026, 9, 25, 11, 56, 32] ;;; compileLootTables;     --> loot_table\shearing\sheep\light_gray.json
[2026, 9, 25, 11, 56, 32] ;;; compileLootTables;     --> loot_table\shearing\sheep\lime.json
[2026, 9, 25, 11, 56, 32] ;;; compileLootTables;     --> loot_table\shearing\sheep\magenta.json
[2026, 9, 25, 11, 56, 32] ;;; compileLootTables;     --> loot_table\shearing\sheep\orange.json
[2026, 9, 25, 11, 56, 32] ;;; compileLootTables;     --> loot_table\shearing\sheep\pink.json
[2026, 9, 25, 11, 56, 32] ;;; compileLootTables;     --> loot_table\shearing\sheep\purple.json
[2026, 9, 25, 11, 56, 32] ;;; compileLootTables;     --> loot_table\shearing\sheep\red.json
[2026, 9, 25, 11, 56, 32] ;;; compileLootTables;     --> loot_table\shearing\sheep\white.json
[2026, 9, 25, 11, 56, 32] ;;; compileLootTables;     --> loot_table\shearing\sheep\yellow.json
[2026, 9, 25, 11, 56, 32] ;;; compileLootTables;     --> loot_table\spawners\ominous\trial_chamber\consumables.json
[2026, 9, 25, 11, 56, 32] ;;; compileLootTables;     --> loot_table\spawners\ominous\trial_chamber\key.json
[2026, 9, 25, 11, 56, 32] ;;; compileLootTables;     --> loot_table\spawners\trial_chamber\consumables.json
[2026, 9, 25, 11, 56, 32] ;;; compileLootTables;     --> loot_table\spawners\trial_chamber\items_to_drop_when_ominous.json
[2026, 9, 25, 11, 56, 32] ;;; compileLootTables;     --> loot_table\spawners\trial_chamber\key.json
[2026, 9, 25, 12, 27, 2] ;;; compileLootTables; Traceback (most recent call last):
  File "C:\Users\joshp\curseforge\minecraft\Instances\Alive Dev\saves\Desire Paths\datapacks_uncompiled\compileLootTables.py", line 33, in walkJson
    while i < len(jsonData):
              ^^^^^^^^^^^^^
TypeError: object of type 'int' has no len()
