
-------------------------------------------------------------------------------
   ROBOCOPY     ::     Robust File Copy for Windows                              
-------------------------------------------------------------------------------

  Started : September 25, 2026 10:37:10 AM
   Source : C:\Users\joshp\curseforge\minecraft\Instances\Alive Dev\saves\Desire Paths\datapacks_uncompiled\temp_dir_empty\
     Dest : C:\Users\joshp\curseforge\minecraft\Instances\Alive Dev\saves\Desire Paths\datapacks_uncompiled\temp_dir\

    Files : *.*
	    
 Exc Dirs : \blockdecay
	    
  Options : *.* /NDL /NFL /L /S /E /DCOPY:DA /COPY:DAT /PURGE /MIR /NP /MT:16 /R:1000000 /W:30 

------------------------------------------------------------------------------

	*EXTRA Dir        -1	C:\Users\joshp\curseforge\minecraft\Instances\Alive Dev\saves\Desire Paths\datapacks_uncompiled\temp_dir\data\
	*EXTRA Dir        -1	C:\Users\joshp\curseforge\minecraft\Instances\Alive Dev\saves\Desire Paths\datapacks_uncompiled\temp_dir\data\blockdecay\
	*EXTRA Dir        -1	C:\Users\joshp\curseforge\minecraft\Instances\Alive Dev\saves\Desire Paths\datapacks_uncompiled\temp_dir\data\blockdecay\functions\
	*EXTRA Dir        -1	C:\Users\joshp\curseforge\minecraft\Instances\Alive Dev\saves\Desire Paths\datapacks_uncompiled\temp_dir\data\blockdecay\functions\decay\
	*EXTRA Dir        -1	C:\Users\joshp\curseforge\minecraft\Instances\Alive Dev\saves\Desire Paths\datapacks_uncompiled\temp_dir\data\blockdecay\functions\decay\layer_4\
	*EXTRA Dir        -1	C:\Users\joshp\curseforge\minecraft\Instances\Alive Dev\saves\Desire Paths\datapacks_uncompiled\temp_dir\data\blockdecay\functions\decay\layer_4\n15\
	  *EXTRA File 		      74	C:\Users\joshp\curseforge\minecraft\Instances\Alive Dev\saves\Desire Paths\datapacks_uncompiled\temp_dir\data\blockdecay\functions\decay\layer_4\n15\acacia_stairs.mcfunction
	  *EXTRA File 		      72	C:\Users\joshp\curseforge\minecraft\Instances\Alive Dev\saves\Desire Paths\datapacks_uncompiled\temp_dir\data\blockdecay\functions\decay\layer_4\n15\birch_stairs.mcfunction
	  *EXTRA File 		      74	C:\Users\joshp\curseforge\minecraft\Instances\Alive Dev\saves\Desire Paths\datapacks_uncompiled\temp_dir\data\blockdecay\functions\decay\layer_4\n15\cherry_stairs.mcfunction
	  *EXTRA File 		      76	C:\Users\joshp\curseforge\minecraft\Instances\Alive Dev\saves\Desire Paths\datapacks_uncompiled\temp_dir\data\blockdecay\functions\decay\layer_4\n15\crimson_stairs.mcfunction
	  *EXTRA File 		      78	C:\Users\joshp\curseforge\minecraft\Instances\Alive Dev\saves\Desire Paths\datapacks_uncompiled\temp_dir\data\blockdecay\functions\decay\layer_4\n15\dark_oak_stairs.mcfunction
	  *EXTRA File 		      74	C:\Users\joshp\curseforge\minecraft\Instances\Alive Dev\saves\Desire Paths\datapacks_uncompiled\temp_dir\data\blockdecay\functions\decay\layer_4\n15\jungle_stairs.mcfunction
	  *EXTRA File 		      78	C:\Users\joshp\curseforge\minecraft\Instances\Alive Dev\saves\Desire Paths\datapacks_uncompiled\temp_dir\data\blockdecay\functions\decay\layer_4\n15\mangrove_stairs.mcfunction
	  *EXTRA File 		      68	C:\Users\joshp\curseforge\minecraft\Instances\Alive Dev\saves\Desire Paths\datapacks_uncompiled\temp_dir\data\blockdecay\functions\decay\layer_4\n15\oak_stairs.mcfunction
	  *EXTRA File 		      78	C:\Users\joshp\curseforge\minecraft\Instances\Alive Dev\saves\Desire Paths\datapacks_uncompiled\temp_dir\data\blockdecay\functions\decay\layer_4\n15\pale_oak_stairs.mcfunction
	  *EXTRA File 		      74	C:\Users\joshp\curseforge\minecraft\Instances\Alive Dev\saves\Desire Paths\datapacks_uncompiled\temp_dir\data\blockdecay\functions\decay\layer_4\n15\spruce_stairs.mcfunction
	  *EXTRA File 		      74	C:\Users\joshp\curseforge\minecraft\Instances\Alive Dev\saves\Desire Paths\datapacks_uncompiled\temp_dir\data\blockdecay\functions\decay\layer_4\n15\warped_stairs.mcfunction
	*EXTRA Dir        -1	C:\Users\joshp\curseforge\minecraft\Instances\Alive Dev\saves\Desire Paths\datapacks_uncompiled\temp_dir\data\blockdecay\functions\decay\layer_4\n152\
	  *EXTRA File 		      92	C:\Users\joshp\curseforge\minecraft\Instances\Alive Dev\saves\Desire Paths\datapacks_uncompiled\temp_dir\data\blockdecay\functions\decay\layer_4\n152\deepslate_tile_stairs.mcfunction
	*EXTRA Dir        -1	C:\Users\joshp\curseforge\minecraft\Instances\Alive Dev\saves\Desire Paths\datapacks_uncompiled\temp_dir\data\blockdecay\functions\decay\layer_4\n153\
	  *EXTRA File 		      90	C:\Users\joshp\curseforge\minecraft\Instances\Alive Dev\saves\Desire Paths\datapacks_uncompiled\temp_dir\data\blockdecay\functions\decay\layer_4\n153\deepslate_tile_slab.mcfunction
	*EXTRA Dir        -1	C:\Users\joshp\curseforge\minecraft\Instances\Alive Dev\saves\Desire Paths\datapacks_uncompiled\temp_dir\data\blockdecay\functions\decay\layer_4\n154\
	  *EXTRA File 		      90	C:\Users\joshp\curseforge\minecraft\Instances\Alive Dev\saves\Desire Paths\datapacks_uncompiled\temp_dir\data\blockdecay\functions\decay\layer_4\n154\deepslate_tile_wall.mcfunction
	*EXTRA Dir        -1	C:\Users\joshp\curseforge\minecraft\Instances\Alive Dev\saves\Desire Paths\datapacks_uncompiled\temp_dir\data\blockdecay\functions\decay\layer_4\n163\
	  *EXTRA File 		      92	C:\Users\joshp\curseforge\minecraft\Instances\Alive Dev\saves\Desire Paths\datapacks_uncompiled\temp_dir\data\blockdecay\functions\decay\layer_4\n163\red_nether_brick_stairs.mcfunction
	*EXTRA Dir        -1	C:\Users\joshp\curseforge\minecraft\Instances\Alive Dev\saves\Desire Paths\datapacks_uncompiled\temp_dir\data\blockdecay\functions\decay\layer_4\n165\
	  *EXTRA File 		      90	C:\Users\joshp\curseforge\minecraft\Instances\Alive Dev\saves\Desire Paths\datapacks_uncompiled\temp_dir\data\blockdecay\functions\decay\layer_4\n165\red_nether_brick_wall.mcfunction
	*EXTRA Dir        -1	C:\Users\joshp\curseforge\minecraft\Instances\Alive Dev\saves\Desire Paths\datapacks_uncompiled\temp_dir\data\blockdecay\functions\decay\layer_4\n169\
	  *EXTRA File 		      95	C:\Users\joshp\curseforge\minecraft\Instances\Alive Dev\saves\Desire Paths\datapacks_uncompiled\temp_dir\data\blockdecay\functions\decay\layer_4\n169\chiseled_polished_blackstone.mcfunction
	*EXTRA Dir        -1	C:\Users\joshp\curseforge\minecraft\Instances\Alive Dev\saves\Desire Paths\datapacks_uncompiled\temp_dir\data\blockdecay\functions\decay\layer_4\n17\
	  *EXTRA File 		      79	C:\Users\joshp\curseforge\minecraft\Instances\Alive Dev\saves\Desire Paths\datapacks_uncompiled\temp_dir\data\blockdecay\functions\decay\layer_4\n17\acacia_wood.mcfunction
	  *EXTRA File 		      77	C:\Users\joshp\curseforge\minecraft\Instances\Alive Dev\saves\Desire Paths\datapacks_uncompiled\temp_dir\data\blockdecay\functions\decay\layer_4\n17\birch_wood.mcfunction
	  *EXTRA File 		      79	C:\Users\joshp\curseforge\minecraft\Instances\Alive Dev\saves\Desire Paths\datapacks_uncompiled\temp_dir\data\blockdecay\functions\decay\layer_4\n17\cherry_wood.mcfunction
	  *EXTRA File 		      81	C:\Users\joshp\curseforge\minecraft\Instances\Alive Dev\saves\Desire Paths\datapacks_uncompiled\temp_dir\data\blockdecay\functions\decay\layer_4\n17\crimson_wood.mcfunction
	  *EXTRA File 		      83	C:\Users\joshp\curseforge\minecraft\Instances\Alive Dev\saves\Desire Paths\datapacks_uncompiled\temp_dir\data\blockdecay\functions\decay\layer_4\n17\dark_oak_wood.mcfunction
	  *EXTRA File 		      79	C:\Users\joshp\curseforge\minecraft\Instances\Alive Dev\saves\Desire Paths\datapacks_uncompiled\temp_dir\data\blockdecay\functions\decay\layer_4\n17\jungle_wood.mcfunction
	  *EXTRA File 		      83	C:\Users\joshp\curseforge\minecraft\Instances\Alive Dev\saves\Desire Paths\datapacks_uncompiled\temp_dir\data\blockdecay\functions\decay\layer_4\n17\mangrove_wood.mcfunction
	  *EXTRA File 		      73	C:\Users\joshp\curseforge\minecraft\Instances\Alive Dev\saves\Desire Paths\datapacks_uncompiled\temp_dir\data\blockdecay\functions\decay\layer_4\n17\oak_wood.mcfunction
	  *EXTRA File 		      83	C:\Users\joshp\curseforge\minecraft\Instances\Alive Dev\saves\Desire Paths\datapacks_uncompiled\temp_dir\data\blockdecay\functions\decay\layer_4\n17\pale_oak_wood.mcfunction
	  *EXTRA File 		      79	C:\Users\joshp\curseforge\minecraft\Instances\Alive Dev\saves\Desire Paths\datapacks_uncompiled\temp_dir\data\blockdecay\functions\decay\layer_4\n17\spruce_wood.mcfunction
	  *EXTRA File 		      79	C:\Users\joshp\curseforge\minecraft\Instances\Alive Dev\saves\Desire Paths\datapacks_uncompiled\temp_dir\data\blockdecay\functions\decay\layer_4\n17\warped_wood.mcfunction
	*EXTRA Dir        -1	C:\Users\joshp\curseforge\minecraft\Instances\Alive Dev\saves\Desire Paths\datapacks_uncompiled\temp_dir\data\blockdecay\functions\decay\layer_4\n18\
	  *EXTRA File 		      81	C:\Users\joshp\curseforge\minecraft\Instances\Alive Dev\saves\Desire Paths\datapacks_uncompiled\temp_dir\data\blockdecay\functions\decay\layer_4\n18\stripped_acacia_wood.mcfunction
	  *EXTRA File 		      79	C:\Users\joshp\curseforge\minecraft\Instances\Alive Dev\saves\Desire Paths\datapacks_uncompiled\temp_dir\data\blockdecay\functions\decay\layer_4\n18\stripped_birch_wood.mcfunction
	  *EXTRA File 		      81	C:\Users\joshp\curseforge\minecraft\Instances\Alive Dev\saves\Desire Paths\datapacks_uncompiled\temp_dir\data\blockdecay\functions\decay\layer_4\n18\stripped_cherry_wood.mcfunction
	  *EXTRA File 		      83	C:\Users\joshp\curseforge\minecraft\Instances\Alive Dev\saves\Desire Paths\datapacks_uncompiled\temp_dir\data\blockdecay\functions\decay\layer_4\n18\stripped_crimson_wood.mcfunction
	  *EXTRA File 		      85	C:\Users\joshp\curseforge\minecraft\Instances\Alive Dev\saves\Desire Paths\datapacks_uncompiled\temp_dir\data\blockdecay\functions\decay\layer_4\n18\stripped_dark_oak_wood.mcfunction
	  *EXTRA File 		      81	C:\Users\joshp\curseforge\minecraft\Instances\Alive Dev\saves\Desire Paths\datapacks_uncompiled\temp_dir\data\blockdecay\functions\decay\layer_4\n18\stripped_jungle_wood.mcfunction
	  *EXTRA File 		      85	C:\Users\joshp\curseforge\minecraft\Instances\Alive Dev\saves\Desire Paths\datapacks_uncompiled\temp_dir\data\blockdecay\functions\decay\layer_4\n18\stripped_mangrove_wood.mcfunction
	  *EXTRA File 		      75	C:\Users\joshp\curseforge\minecraft\Instances\Alive Dev\saves\Desire Paths\datapacks_uncompiled\temp_dir\data\blockdecay\functions\decay\layer_4\n18\stripped_oak_wood.mcfunction
	  *EXTRA File 		      85	C:\Users\joshp\curseforge\minecraft\Instances\Alive Dev\saves\Desire Paths\datapacks_uncompiled\temp_dir\data\blockdecay\functions\decay\layer_4\n18\stripped_pale_oak_wood.mcfunction
	  *EXTRA File 		      81	C:\Users\joshp\curseforge\minecraft\Instances\Alive Dev\saves\Desire Paths\datapacks_uncompiled\temp_dir\data\blockdecay\functions\decay\layer_4\n18\stripped_spruce_wood.mcfunction
	  *EXTRA File 		      81	C:\Users\joshp\curseforge\minecraft\Instances\Alive Dev\saves\Desire Paths\datapacks_uncompiled\temp_dir\data\blockdecay\functions\decay\layer_4\n18\stripped_warped_wood.mcfunction
	*EXTRA Dir        -1	C:\Users\joshp\curseforge\minecraft\Instances\Alive Dev\saves\Desire Paths\datapacks_uncompiled\temp_dir\data\blockdecay\functions\decay\layer_4\n180\
	  *EXTRA File 		      72	C:\Users\joshp\curseforge\minecraft\Instances\Alive Dev\saves\Desire Paths\datapacks_uncompiled\temp_dir\data\blockdecay\functions\decay\layer_4\n180\quartz_stairs.mcfunction
	*EXTRA Dir        -1	C:\Users\joshp\curseforge\minecraft\Instances\Alive Dev\saves\Desire Paths\datapacks_uncompiled\temp_dir\data\blockdecay\functions\decay\layer_4\n185\
	  *EXTRA File 		      73	C:\Users\joshp\curseforge\minecraft\Instances\Alive Dev\saves\Desire Paths\datapacks_uncompiled\temp_dir\data\blockdecay\functions\decay\layer_4\n185\smooth_quartz.mcfunction
	*EXTRA Dir        -1	C:\Users\joshp\curseforge\minecraft\Instances\Alive Dev\saves\Desire Paths\datapacks_uncompiled\temp_dir\data\blockdecay\functions\decay\layer_4\n187\
	  *EXTRA File 		     391	C:\Users\joshp\curseforge\minecraft\Instances\Alive Dev\saves\Desire Paths\datapacks_uncompiled\temp_dir\data\blockdecay\functions\decay\layer_4\n187\smooth_quartz_slab.mcfunction
	*EXTRA Dir        -1	C:\Users\joshp\curseforge\minecraft\Instances\Alive Dev\saves\Desire Paths\datapacks_uncompiled\temp_dir\data\blockdecay\functions\decay\layer_4\n187\smooth_quartz_slab_sub\
	  *EXTRA File 		     308	C:\Users\joshp\curseforge\minecraft\Instances\Alive Dev\saves\Desire Paths\datapacks_uncompiled\temp_dir\data\blockdecay\functions\decay\layer_4\n187\smooth_quartz_slab_sub\2.mcfunction
	  *EXTRA File 		     314	C:\Users\joshp\curseforge\minecraft\Instances\Alive Dev\saves\Desire Paths\datapacks_uncompiled\temp_dir\data\blockdecay\functions\decay\layer_4\n187\smooth_quartz_slab_sub\4.mcfunction
	  *EXTRA File 		     314	C:\Users\joshp\curseforge\minecraft\Instances\Alive Dev\saves\Desire Paths\datapacks_uncompiled\temp_dir\data\blockdecay\functions\decay\layer_4\n187\smooth_quartz_slab_sub\6.mcfunction
	*EXTRA Dir        -1	C:\Users\joshp\curseforge\minecraft\Instances\Alive Dev\saves\Desire Paths\datapacks_uncompiled\temp_dir\data\blockdecay\functions\decay\layer_4\n193\
	  *EXTRA File 		      82	C:\Users\joshp\curseforge\minecraft\Instances\Alive Dev\saves\Desire Paths\datapacks_uncompiled\temp_dir\data\blockdecay\functions\decay\layer_4\n193\chiseled_sandstone.mcfunction
	*EXTRA Dir        -1	C:\Users\joshp\curseforge\minecraft\Instances\Alive Dev\saves\Desire Paths\datapacks_uncompiled\temp_dir\data\blockdecay\functions\decay\layer_4\n2\
	  *EXTRA File 		      80	C:\Users\joshp\curseforge\minecraft\Instances\Alive Dev\saves\Desire Paths\datapacks_uncompiled\temp_dir\data\blockdecay\functions\decay\layer_4\n2\stripped_acacia_log.mcfunction
	  *EXTRA File 		      78	C:\Users\joshp\curseforge\minecraft\Instances\Alive Dev\saves\Desire Paths\datapacks_uncompiled\temp_dir\data\blockdecay\functions\decay\layer_4\n2\stripped_birch_log.mcfunction
	  *EXTRA File 		      80	C:\Users\joshp\curseforge\minecraft\Instances\Alive Dev\saves\Desire Paths\datapacks_uncompiled\temp_dir\data\blockdecay\functions\decay\layer_4\n2\stripped_cherry_log.mcfunction
	  *EXTRA File 		      82	C:\Users\joshp\curseforge\minecraft\Instances\Alive Dev\saves\Desire Paths\datapacks_uncompiled\temp_dir\data\blockdecay\functions\decay\layer_4\n2\stripped_crimson_log.mcfunction
	  *EXTRA File 		      84	C:\Users\joshp\curseforge\minecraft\Instances\Alive Dev\saves\Desire Paths\datapacks_uncompiled\temp_dir\data\blockdecay\functions\decay\layer_4\n2\stripped_dark_oak_log.mcfunction
	  *EXTRA File 		      80	C:\Users\joshp\curseforge\minecraft\Instances\Alive Dev\saves\Desire Paths\datapacks_uncompiled\temp_dir\data\blockdecay\functions\decay\layer_4\n2\stripped_jungle_log.mcfunction
	  *EXTRA File 		      84	C:\Users\joshp\curseforge\minecraft\Instances\Alive Dev\saves\Desire Paths\datapacks_uncompiled\temp_dir\data\blockdecay\functions\decay\layer_4\n2\stripped_mangrove_log.mcfunction
	  *EXTRA File 		      74	C:\Users\joshp\curseforge\minecraft\Instances\Alive Dev\saves\Desire Paths\datapacks_uncompiled\temp_dir\data\blockdecay\functions\decay\layer_4\n2\stripped_oak_log.mcfunction
	  *EXTRA File 		      84	C:\Users\joshp\curseforge\minecraft\Instances\Alive Dev\saves\Desire Paths\datapacks_uncompiled\temp_dir\data\blockdecay\functions\decay\layer_4\n2\stripped_pale_oak_log.mcfunction
	  *EXTRA File 		      80	C:\Users\joshp\curseforge\minecraft\Instances\Alive Dev\saves\Desire Paths\datapacks_uncompiled\temp_dir\data\blockdecay\functions\decay\layer_4\n2\stripped_spruce_log.mcfunction
	  *EXTRA File 		      80	C:\Users\joshp\curseforge\minecraft\Instances\Alive Dev\saves\Desire Paths\datapacks_uncompiled\temp_dir\data\blockdecay\functions\decay\layer_4\n2\stripped_warped_log.mcfunction
	*EXTRA Dir        -1	C:\Users\joshp\curseforge\minecraft\Instances\Alive Dev\saves\Desire Paths\datapacks_uncompiled\temp_dir\data\blockdecay\functions\decay\layer_4\n204\
	  *EXTRA File 		      84	C:\Users\joshp\curseforge\minecraft\Instances\Alive Dev\saves\Desire Paths\datapacks_uncompiled\temp_dir\data\blockdecay\functions\decay\layer_4\n204\smooth_red_sandstone.mcfunction
	*EXTRA Dir        -1	C:\Users\joshp\curseforge\minecraft\Instances\Alive Dev\saves\Desire Paths\datapacks_uncompiled\temp_dir\data\blockdecay\functions\decay\layer_4\n207\
	  *EXTRA File 		      78	C:\Users\joshp\curseforge\minecraft\Instances\Alive Dev\saves\Desire Paths\datapacks_uncompiled\temp_dir\data\blockdecay\functions\decay\layer_4\n207\cut_red_sandstone.mcfunction
	*EXTRA Dir        -1	C:\Users\joshp\curseforge\minecraft\Instances\Alive Dev\saves\Desire Paths\datapacks_uncompiled\temp_dir\data\blockdecay\functions\decay\layer_4\n237\
	  *EXTRA File 		     376	C:\Users\joshp\curseforge\minecraft\Instances\Alive Dev\saves\Desire Paths\datapacks_uncompiled\temp_dir\data\blockdecay\functions\decay\layer_4\n237\acacia_stem.mcfunction
	  *EXTRA File 		     367	C:\Users\joshp\curseforge\minecraft\Instances\Alive Dev\saves\Desire Paths\datapacks_uncompiled\temp_dir\data\blockdecay\functions\decay\layer_4\n237\birch_stem.mcfunction
	  *EXTRA File 		     376	C:\Users\joshp\curseforge\minecraft\Instances\Alive Dev\saves\Desire Paths\datapacks_uncompiled\temp_dir\data\blockdecay\functions\decay\layer_4\n237\cherry_stem.mcfunction
	  *EXTRA File 		     385	C:\Users\joshp\curseforge\minecraft\Instances\Alive Dev\saves\Desire Paths\datapacks_uncompiled\temp_dir\data\blockdecay\functions\decay\layer_4\n237\crimson_stem.mcfunction
	  *EXTRA File 		     394	C:\Users\joshp\curseforge\minecraft\Instances\Alive Dev\saves\Desire Paths\datapacks_uncompiled\temp_dir\data\blockdecay\functions\decay\layer_4\n237\dark_oak_stem.mcfunction
	  *EXTRA File 		     376	C:\Users\joshp\curseforge\minecraft\Instances\Alive Dev\saves\Desire Paths\datapacks_uncompiled\temp_dir\data\blockdecay\functions\decay\layer_4\n237\jungle_stem.mcfunction
	  *EXTRA File 		     394	C:\Users\joshp\curseforge\minecraft\Instances\Alive Dev\saves\Desire Paths\datapacks_uncompiled\temp_dir\data\blockdecay\functions\decay\layer_4\n237\mangrove_stem.mcfunction
	  *EXTRA File 		     349	C:\Users\joshp\curseforge\minecraft\Instances\Alive Dev\saves\Desire Paths\datapacks_uncompiled\temp_dir\data\blockdecay\functions\decay\layer_4\n237\oak_stem.mcfunction
	  *EXTRA File 		     394	C:\Users\joshp\curseforge\minecraft\Instances\Alive Dev\saves\Desire Paths\datapacks_uncompiled\temp_dir\data\blockdecay\functions\decay\layer_4\n237\pale_oak_stem.mcfunction
	  *EXTRA File 		     376	C:\Users\joshp\curseforge\minecraft\Instances\Alive Dev\saves\Desire Paths\datapacks_uncompiled\temp_dir\data\blockdecay\functions\decay\layer_4\n237\spruce_stem.mcfunction
	  *EXTRA File 		     376	C:\Users\joshp\curseforge\minecraft\Instances\Alive Dev\saves\Desire Paths\datapacks_uncompiled\temp_dir\data\blockdecay\functions\decay\layer_4\n237\warped_stem.mcfunction
	*EXTRA Dir        -1	C:\Users\joshp\curseforge\minecraft\Instances\Alive Dev\saves\Desire Paths\datapacks_uncompiled\temp_dir\data\blockdecay\functions\decay\layer_4\n238\
	  *EXTRA File 		      83	C:\Users\joshp\curseforge\minecraft\Instances\Alive Dev\saves\Desire Paths\datapacks_uncompiled\temp_dir\data\blockdecay\functions\decay\layer_4\n238\acacia_hyphae.mcfunction
	  *EXTRA File 		      81	C:\Users\joshp\curseforge\minecraft\Instances\Alive Dev\saves\Desire Paths\datapacks_uncompiled\temp_dir\data\blockdecay\functions\decay\layer_4\n238\birch_hyphae.mcfunction
	  *EXTRA File 		      83	C:\Users\joshp\curseforge\minecraft\Instances\Alive Dev\saves\Desire Paths\datapacks_uncompiled\temp_dir\data\blockdecay\functions\decay\layer_4\n238\cherry_hyphae.mcfunction
	  *EXTRA File 		      85	C:\Users\joshp\curseforge\minecraft\Instances\Alive Dev\saves\Desire Paths\datapacks_uncompiled\temp_dir\data\blockdecay\functions\decay\layer_4\n238\crimson_hyphae.mcfunction
	  *EXTRA File 		      87	C:\Users\joshp\curseforge\minecraft\Instances\Alive Dev\saves\Desire Paths\datapacks_uncompiled\temp_dir\data\blockdecay\functions\decay\layer_4\n238\dark_oak_hyphae.mcfunction
	  *EXTRA File 		      83	C:\Users\joshp\curseforge\minecraft\Instances\Alive Dev\saves\Desire Paths\datapacks_uncompiled\temp_dir\data\blockdecay\functions\decay\layer_4\n238\jungle_hyphae.mcfunction
	  *EXTRA File 		      87	C:\Users\joshp\curseforge\minecraft\Instances\Alive Dev\saves\Desire Paths\datapacks_uncompiled\temp_dir\data\blockdecay\functions\decay\layer_4\n238\mangrove_hyphae.mcfunction
	  *EXTRA File 		      77	C:\Users\joshp\curseforge\minecraft\Instances\Alive Dev\saves\Desire Paths\datapacks_uncompiled\temp_dir\data\blockdecay\functions\decay\layer_4\n238\oak_hyphae.mcfunction
	  *EXTRA File 		      87	C:\Users\joshp\curseforge\minecraft\Instances\Alive Dev\saves\Desire Paths\datapacks_uncompiled\temp_dir\data\blockdecay\functions\decay\layer_4\n238\pale_oak_hyphae.mcfunction
	  *EXTRA File 		      83	C:\Users\joshp\curseforge\minecraft\Instances\Alive Dev\saves\Desire Paths\datapacks_uncompiled\temp_dir\data\blockdecay\functions\decay\layer_4\n238\spruce_hyphae.mcfunction
	  *EXTRA File 		      83	C:\Users\joshp\curseforge\minecraft\Instances\Alive Dev\saves\Desire Paths\datapacks_uncompiled\temp_dir\data\blockdecay\functions\decay\layer_4\n238\warped_hyphae.mcfunction
	*EXTRA Dir        -1	C:\Users\joshp\curseforge\minecraft\Instances\Alive Dev\saves\Desire Paths\datapacks_uncompiled\temp_dir\data\blockdecay\functions\decay\layer_4\n239\
	  *EXTRA File 		      81	C:\Users\joshp\curseforge\minecraft\Instances\Alive Dev\saves\Desire Paths\datapacks_uncompiled\temp_dir\data\blockdecay\functions\decay\layer_4\n239\stripped_acacia_stem.mcfunction
	  *EXTRA File 		      79	C:\Users\joshp\curseforge\minecraft\Instances\Alive Dev\saves\Desire Paths\datapacks_uncompiled\temp_dir\data\blockdecay\functions\decay\layer_4\n239\stripped_birch_stem.mcfunction
	  *EXTRA File 		      81	C:\Users\joshp\curseforge\minecraft\Instances\Alive Dev\saves\Desire Paths\datapacks_uncompiled\temp_dir\data\blockdecay\functions\decay\layer_4\n239\stripped_cherry_stem.mcfunction
	  *EXTRA File 		      83	C:\Users\joshp\curseforge\minecraft\Instances\Alive Dev\saves\Desire Paths\datapacks_uncompiled\temp_dir\data\blockdecay\functions\decay\layer_4\n239\stripped_crimson_stem.mcfunction
	  *EXTRA File 		      85	C:\Users\joshp\curseforge\minecraft\Instances\Alive Dev\saves\Desire Paths\datapacks_uncompiled\temp_dir\data\blockdecay\functions\decay\layer_4\n239\stripped_dark_oak_stem.mcfunction
	  *EXTRA File 		      81	C:\Users\joshp\curseforge\minecraft\Instances\Alive Dev\saves\Desire Paths\datapacks_uncompiled\temp_dir\data\blockdecay\functions\decay\layer_4\n239\stripped_jungle_stem.mcfunction
	  *EXTRA File 		      85	C:\Users\joshp\curseforge\minecraft\Instances\Alive Dev\saves\Desire Paths\datapacks_uncompiled\temp_dir\data\blockdecay\functions\decay\layer_4\n239\stripped_mangrove_stem.mcfunction
	  *EXTRA File 		      75	C:\Users\joshp\curseforge\minecraft\Instances\Alive Dev\saves\Desire Paths\datapacks_uncompiled\temp_dir\data\blockdecay\functions\decay\layer_4\n239\stripped_oak_stem.mcfunction
	  *EXTRA File 		      85	C:\Users\joshp\curseforge\minecraft\Instances\Alive Dev\saves\Desire Paths\datapacks_uncompiled\temp_dir\data\blockdecay\functions\decay\layer_4\n239\stripped_pale_oak_stem.mcfunction
	  *EXTRA File 		      81	C:\Users\joshp\curseforge\minecraft\Instances\Alive Dev\saves\Desire Paths\datapacks_uncompiled\temp_dir\data\blockdecay\functions\decay\layer_4\n239\stripped_spruce_stem.mcfunction
	  *EXTRA File 		      81	C:\Users\joshp\curseforge\minecraft\Instances\Alive Dev\saves\Desire Paths\datapacks_uncompiled\temp_dir\data\blockdecay\functions\decay\layer_4\n239\stripped_warped_stem.mcfunction
	*EXTRA Dir        -1	C:\Users\joshp\curseforge\minecraft\Instances\Alive Dev\saves\Desire Paths\datapacks_uncompiled\temp_dir\data\blockdecay\functions\decay\layer_4\n240\
	  *EXTRA File 		      83	C:\Users\joshp\curseforge\minecraft\Instances\Alive Dev\saves\Desire Paths\datapacks_uncompiled\temp_dir\data\blockdecay\functions\decay\layer_4\n240\stripped_acacia_hyphae.mcfunction
	  *EXTRA File 		      81	C:\Users\joshp\curseforge\minecraft\Instances\Alive Dev\saves\Desire Paths\datapacks_uncompiled\temp_dir\data\blockdecay\functions\decay\layer_4\n240\stripped_birch_hyphae.mcfunction
	  *EXTRA File 		      83	C:\Users\joshp\curseforge\minecraft\Instances\Alive Dev\saves\Desire Paths\datapacks_uncompiled\temp_dir\data\blockdecay\functions\decay\layer_4\n240\stripped_cherry_hyphae.mcfunction
	  *EXTRA File 		      85	C:\Users\joshp\curseforge\minecraft\Instances\Alive Dev\saves\Desire Paths\datapacks_uncompiled\temp_dir\data\blockdecay\functions\decay\layer_4\n240\stripped_crimson_hyphae.mcfunction
	  *EXTRA File 		      87	C:\Users\joshp\curseforge\minecraft\Instances\Alive Dev\saves\Desire Paths\datapacks_uncompiled\temp_dir\data\blockdecay\functions\decay\layer_4\n240\stripped_dark_oak_hyphae.mcfunction
	  *EXTRA File 		      83	C:\Users\joshp\curseforge\minecraft\Instances\Alive Dev\saves\Desire Paths\datapacks_uncompiled\temp_dir\data\blockdecay\functions\decay\layer_4\n240\stripped_jungle_hyphae.mcfunction
	  *EXTRA File 		      87	C:\Users\joshp\curseforge\minecraft\Instances\Alive Dev\saves\Desire Paths\datapacks_uncompiled\temp_dir\data\blockdecay\functions\decay\layer_4\n240\stripped_mangrove_hyphae.mcfunction
	  *EXTRA File 		      77	C:\Users\joshp\curseforge\minecraft\Instances\Alive Dev\saves\Desire Paths\datapacks_uncompiled\temp_dir\data\blockdecay\functions\decay\layer_4\n240\stripped_oak_hyphae.mcfunction
	  *EXTRA File 		      87	C:\Users\joshp\curseforge\minecraft\Instances\Alive Dev\saves\Desire Paths\datapacks_uncompiled\temp_dir\data\blockdecay\functions\decay\layer_4\n240\stripped_pale_oak_hyphae.mcfunction
	  *EXTRA File 		      83	C:\Users\joshp\curseforge\minecraft\Instances\Alive Dev\saves\Desire Paths\datapacks_uncompiled\temp_dir\data\blockdecay\functions\decay\layer_4\n240\stripped_spruce_hyphae.mcfunction
	  *EXTRA File 		      83	C:\Users\joshp\curseforge\minecraft\Instances\Alive Dev\saves\Desire Paths\datapacks_uncompiled\temp_dir\data\blockdecay\functions\decay\layer_4\n240\stripped_warped_hyphae.mcfunction
	*EXTRA Dir        -1	C:\Users\joshp\curseforge\minecraft\Instances\Alive Dev\saves\Desire Paths\datapacks_uncompiled\temp_dir\data\blockdecay\functions\decay\layer_4\n250\
	  *EXTRA File 		      85	C:\Users\joshp\curseforge\minecraft\Instances\Alive Dev\saves\Desire Paths\datapacks_uncompiled\temp_dir\data\blockdecay\functions\decay\layer_4\n250\dark_prismarine.mcfunction
	*EXTRA Dir        -1	C:\Users\joshp\curseforge\minecraft\Instances\Alive Dev\saves\Desire Paths\datapacks_uncompiled\temp_dir\data\blockdecay\functions\decay\layer_4\n253\
	  *EXTRA File 		      68	C:\Users\joshp\curseforge\minecraft\Instances\Alive Dev\saves\Desire Paths\datapacks_uncompiled\temp_dir\data\blockdecay\functions\decay\layer_4\n253\glowstone.mcfunction
	*EXTRA Dir        -1	C:\Users\joshp\curseforge\minecraft\Instances\Alive Dev\saves\Desire Paths\datapacks_uncompiled\temp_dir\data\blockdecay\functions\decay\layer_4\n3\
	  *EXTRA File 		     367	C:\Users\joshp\curseforge\minecraft\Instances\Alive Dev\saves\Desire Paths\datapacks_uncompiled\temp_dir\data\blockdecay\functions\decay\layer_4\n3\acacia_log.mcfunction
	  *EXTRA File 		     358	C:\Users\joshp\curseforge\minecraft\Instances\Alive Dev\saves\Desire Paths\datapacks_uncompiled\temp_dir\data\blockdecay\functions\decay\layer_4\n3\birch_log.mcfunction
	  *EXTRA File 		     367	C:\Users\joshp\curseforge\minecraft\Instances\Alive Dev\saves\Desire Paths\datapacks_uncompiled\temp_dir\data\blockdecay\functions\decay\layer_4\n3\cherry_log.mcfunction
	  *EXTRA File 		     376	C:\Users\joshp\curseforge\minecraft\Instances\Alive Dev\saves\Desire Paths\datapacks_uncompiled\temp_dir\data\blockdecay\functions\decay\layer_4\n3\crimson_log.mcfunction
	  *EXTRA File 		     385	C:\Users\joshp\curseforge\minecraft\Instances\Alive Dev\saves\Desire Paths\datapacks_uncompiled\temp_dir\data\blockdecay\functions\decay\layer_4\n3\dark_oak_log.mcfunction
	  *EXTRA File 		     367	C:\Users\joshp\curseforge\minecraft\Instances\Alive Dev\saves\Desire Paths\datapacks_uncompiled\temp_dir\data\blockdecay\functions\decay\layer_4\n3\jungle_log.mcfunction
	  *EXTRA File 		     385	C:\Users\joshp\curseforge\minecraft\Instances\Alive Dev\saves\Desire Paths\datapacks_uncompiled\temp_dir\data\blockdecay\functions\decay\layer_4\n3\mangrove_log.mcfunction
	  *EXTRA File 		     340	C:\Users\joshp\curseforge\minecraft\Instances\Alive Dev\saves\Desire Paths\datapacks_uncompiled\temp_dir\data\blockdecay\functions\decay\layer_4\n3\oak_log.mcfunction
	  *EXTRA File 		     385	C:\Users\joshp\curseforge\minecraft\Instances\Alive Dev\saves\Desire Paths\datapacks_uncompiled\temp_dir\data\blockdecay\functions\decay\layer_4\n3\pale_oak_log.mcfunction
	  *EXTRA File 		     367	C:\Users\joshp\curseforge\minecraft\Instances\Alive Dev\saves\Desire Paths\datapacks_uncompiled\temp_dir\data\blockdecay\functions\decay\layer_4\n3\spruce_log.mcfunction
	  *EXTRA File 		     367	C:\Users\joshp\curseforge\minecraft\Instances\Alive Dev\saves\Desire Paths\datapacks_uncompiled\temp_dir\data\blockdecay\functions\decay\layer_4\n3\warped_log.mcfunction
	*EXTRA Dir        -1	C:\Users\joshp\curseforge\minecraft\Instances\Alive Dev\saves\Desire Paths\datapacks_uncompiled\temp_dir\data\blockdecay\functions\decay\layer_4\n34\
	  *EXTRA File 		      79	C:\Users\joshp\curseforge\minecraft\Instances\Alive Dev\saves\Desire Paths\datapacks_uncompiled\temp_dir\data\blockdecay\functions\decay\layer_4\n34\acacia_mosaic.mcfunction
	  *EXTRA File 		      77	C:\Users\joshp\curseforge\minecraft\Instances\Alive Dev\saves\Desire Paths\datapacks_uncompiled\temp_dir\data\blockdecay\functions\decay\layer_4\n34\birch_mosaic.mcfunction
	  *EXTRA File 		      79	C:\Users\joshp\curseforge\minecraft\Instances\Alive Dev\saves\Desire Paths\datapacks_uncompiled\temp_dir\data\blockdecay\functions\decay\layer_4\n34\cherry_mosaic.mcfunction
	  *EXTRA File 		      81	C:\Users\joshp\curseforge\minecraft\Instances\Alive Dev\saves\Desire Paths\datapacks_uncompiled\temp_dir\data\blockdecay\functions\decay\layer_4\n34\crimson_mosaic.mcfunction
	  *EXTRA File 		      83	C:\Users\joshp\curseforge\minecraft\Instances\Alive Dev\saves\Desire Paths\datapacks_uncompiled\temp_dir\data\blockdecay\functions\decay\layer_4\n34\dark_oak_mosaic.mcfunction
	  *EXTRA File 		      79	C:\Users\joshp\curseforge\minecraft\Instances\Alive Dev\saves\Desire Paths\datapacks_uncompiled\temp_dir\data\blockdecay\functions\decay\layer_4\n34\jungle_mosaic.mcfunction
	  *EXTRA File 		      83	C:\Users\joshp\curseforge\minecraft\Instances\Alive Dev\saves\Desire Paths\datapacks_uncompiled\temp_dir\data\blockdecay\functions\decay\layer_4\n34\mangrove_mosaic.mcfunction
	  *EXTRA File 		      73	C:\Users\joshp\curseforge\minecraft\Instances\Alive Dev\saves\Desire Paths\datapacks_uncompiled\temp_dir\data\blockdecay\functions\decay\layer_4\n34\oak_mosaic.mcfunction
	  *EXTRA File 		      83	C:\Users\joshp\curseforge\minecraft\Instances\Alive Dev\saves\Desire Paths\datapacks_uncompiled\temp_dir\data\blockdecay\functions\decay\layer_4\n34\pale_oak_mosaic.mcfunction
	  *EXTRA File 		      79	C:\Users\joshp\curseforge\minecraft\Instances\Alive Dev\saves\Desire Paths\datapacks_uncompiled\temp_dir\data\blockdecay\functions\decay\layer_4\n34\spruce_mosaic.mcfunction
	  *EXTRA File 		      79	C:\Users\joshp\curseforge\minecraft\Instances\Alive Dev\saves\Desire Paths\datapacks_uncompiled\temp_dir\data\blockdecay\functions\decay\layer_4\n34\warped_mosaic.mcfunction
	*EXTRA Dir        -1	C:\Users\joshp\curseforge\minecraft\Instances\Alive Dev\saves\Desire Paths\datapacks_uncompiled\temp_dir\data\blockdecay\functions\decay\layer_4\n37\
	  *EXTRA File 		      86	C:\Users\joshp\curseforge\minecraft\Instances\Alive Dev\saves\Desire Paths\datapacks_uncompiled\temp_dir\data\blockdecay\functions\decay\layer_4\n37\acacia_mosaic_stairs.mcfunction
	  *EXTRA File 		      84	C:\Users\joshp\curseforge\minecraft\Instances\Alive Dev\saves\Desire Paths\datapacks_uncompiled\temp_dir\data\blockdecay\functions\decay\layer_4\n37\birch_mosaic_stairs.mcfunction
	  *EXTRA File 		      86	C:\Users\joshp\curseforge\minecraft\Instances\Alive Dev\saves\Desire Paths\datapacks_uncompiled\temp_dir\data\blockdecay\functions\decay\layer_4\n37\cherry_mosaic_stairs.mcfunction
	  *EXTRA File 		      88	C:\Users\joshp\curseforge\minecraft\Instances\Alive Dev\saves\Desire Paths\datapacks_uncompiled\temp_dir\data\blockdecay\functions\decay\layer_4\n37\crimson_mosaic_stairs.mcfunction
	  *EXTRA File 		      90	C:\Users\joshp\curseforge\minecraft\Instances\Alive Dev\saves\Desire Paths\datapacks_uncompiled\temp_dir\data\blockdecay\functions\decay\layer_4\n37\dark_oak_mosaic_stairs.mcfunction
	  *EXTRA File 		      86	C:\Users\joshp\curseforge\minecraft\Instances\Alive Dev\saves\Desire Paths\datapacks_uncompiled\temp_dir\data\blockdecay\functions\decay\layer_4\n37\jungle_mosaic_stairs.mcfunction
	  *EXTRA File 		      90	C:\Users\joshp\curseforge\minecraft\Instances\Alive Dev\saves\Desire Paths\datapacks_uncompiled\temp_dir\data\blockdecay\functions\decay\layer_4\n37\mangrove_mosaic_stairs.mcfunction
	  *EXTRA File 		      80	C:\Users\joshp\curseforge\minecraft\Instances\Alive Dev\saves\Desire Paths\datapacks_uncompiled\temp_dir\data\blockdecay\functions\decay\layer_4\n37\oak_mosaic_stairs.mcfunction
	  *EXTRA File 		      90	C:\Users\joshp\curseforge\minecraft\Instances\Alive Dev\saves\Desire Paths\datapacks_uncompiled\temp_dir\data\blockdecay\functions\decay\layer_4\n37\pale_oak_mosaic_stairs.mcfunction
	  *EXTRA File 		      86	C:\Users\joshp\curseforge\minecraft\Instances\Alive Dev\saves\Desire Paths\datapacks_uncompiled\temp_dir\data\blockdecay\functions\decay\layer_4\n37\spruce_mosaic_stairs.mcfunction
	  *EXTRA File 		      86	C:\Users\joshp\curseforge\minecraft\Instances\Alive Dev\saves\Desire Paths\datapacks_uncompiled\temp_dir\data\blockdecay\functions\decay\layer_4\n37\warped_mosaic_stairs.mcfunction
	*EXTRA Dir        -1	C:\Users\joshp\curseforge\minecraft\Instances\Alive Dev\saves\Desire Paths\datapacks_uncompiled\temp_dir\data\blockdecay\functions\decay\layer_4\n82\
	  *EXTRA File 		      81	C:\Users\joshp\curseforge\minecraft\Instances\Alive Dev\saves\Desire Paths\datapacks_uncompiled\temp_dir\data\blockdecay\functions\decay\layer_4\n82\acacia_block.mcfunction
	  *EXTRA File 		      79	C:\Users\joshp\curseforge\minecraft\Instances\Alive Dev\saves\Desire Paths\datapacks_uncompiled\temp_dir\data\blockdecay\functions\decay\layer_4\n82\birch_block.mcfunction
	  *EXTRA File 		      81	C:\Users\joshp\curseforge\minecraft\Instances\Alive Dev\saves\Desire Paths\datapacks_uncompiled\temp_dir\data\blockdecay\functions\decay\layer_4\n82\cherry_block.mcfunction
	  *EXTRA File 		      83	C:\Users\joshp\curseforge\minecraft\Instances\Alive Dev\saves\Desire Paths\datapacks_uncompiled\temp_dir\data\blockdecay\functions\decay\layer_4\n82\crimson_block.mcfunction
	  *EXTRA File 		      85	C:\Users\joshp\curseforge\minecraft\Instances\Alive Dev\saves\Desire Paths\datapacks_uncompiled\temp_dir\data\blockdecay\functions\decay\layer_4\n82\dark_oak_block.mcfunction
	  *EXTRA File 		      81	C:\Users\joshp\curseforge\minecraft\Instances\Alive Dev\saves\Desire Paths\datapacks_uncompiled\temp_dir\data\blockdecay\functions\decay\layer_4\n82\jungle_block.mcfunction
	  *EXTRA File 		      85	C:\Users\joshp\curseforge\minecraft\Instances\Alive Dev\saves\Desire Paths\datapacks_uncompiled\temp_dir\data\blockdecay\functions\decay\layer_4\n82\mangrove_block.mcfunction
	  *EXTRA File 		      75	C:\Users\joshp\curseforge\minecraft\Instances\Alive Dev\saves\Desire Paths\datapacks_uncompiled\temp_dir\data\blockdecay\functions\decay\layer_4\n82\oak_block.mcfunction
	  *EXTRA File 		      85	C:\Users\joshp\curseforge\minecraft\Instances\Alive Dev\saves\Desire Paths\datapacks_uncompiled\temp_dir\data\blockdecay\functions\decay\layer_4\n82\pale_oak_block.mcfunction
	  *EXTRA File 		      81	C:\Users\joshp\curseforge\minecraft\Instances\Alive Dev\saves\Desire Paths\datapacks_uncompiled\temp_dir\data\blockdecay\functions\decay\layer_4\n82\spruce_block.mcfunction
	  *EXTRA File 		      81	C:\Users\joshp\curseforge\minecraft\Instances\Alive Dev\saves\Desire Paths\datapacks_uncompiled\temp_dir\data\blockdecay\functions\decay\layer_4\n82\warped_block.mcfunction
	*EXTRA Dir        -1	C:\Users\joshp\curseforge\minecraft\Instances\Alive Dev\saves\Desire Paths\datapacks_uncompiled\temp_dir\data\blockdecay\functions\decay\layer_4\n83\
	  *EXTRA File 		      82	C:\Users\joshp\curseforge\minecraft\Instances\Alive Dev\saves\Desire Paths\datapacks_uncompiled\temp_dir\data\blockdecay\functions\decay\layer_4\n83\stripped_acacia_block.mcfunction
	  *EXTRA File 		      80	C:\Users\joshp\curseforge\minecraft\Instances\Alive Dev\saves\Desire Paths\datapacks_uncompiled\temp_dir\data\blockdecay\functions\decay\layer_4\n83\stripped_birch_block.mcfunction
	  *EXTRA File 		      82	C:\Users\joshp\curseforge\minecraft\Instances\Alive Dev\saves\Desire Paths\datapacks_uncompiled\temp_dir\data\blockdecay\functions\decay\layer_4\n83\stripped_cherry_block.mcfunction
	  *EXTRA File 		      84	C:\Users\joshp\curseforge\minecraft\Instances\Alive Dev\saves\Desire Paths\datapacks_uncompiled\temp_dir\data\blockdecay\functions\decay\layer_4\n83\stripped_crimson_block.mcfunction
	  *EXTRA File 		      86	C:\Users\joshp\curseforge\minecraft\Instances\Alive Dev\saves\Desire Paths\datapacks_uncompiled\temp_dir\data\blockdecay\functions\decay\layer_4\n83\stripped_dark_oak_block.mcfunction
	  *EXTRA File 		      82	C:\Users\joshp\curseforge\minecraft\Instances\Alive Dev\saves\Desire Paths\datapacks_uncompiled\temp_dir\data\blockdecay\functions\decay\layer_4\n83\stripped_jungle_block.mcfunction
	  *EXTRA File 		      86	C:\Users\joshp\curseforge\minecraft\Instances\Alive Dev\saves\Desire Paths\datapacks_uncompiled\temp_dir\data\blockdecay\functions\decay\layer_4\n83\stripped_mangrove_block.mcfunction
	  *EXTRA File 		      76	C:\Users\joshp\curseforge\minecraft\Instances\Alive Dev\saves\Desire Paths\datapacks_uncompiled\temp_dir\data\blockdecay\functions\decay\layer_4\n83\stripped_oak_block.mcfunction
	  *EXTRA File 		      86	C:\Users\joshp\curseforge\minecraft\Instances\Alive Dev\saves\Desire Paths\datapacks_uncompiled\temp_dir\data\blockdecay\functions\decay\layer_4\n83\stripped_pale_oak_block.mcfunction
	  *EXTRA File 		      82	C:\Users\joshp\curseforge\minecraft\Instances\Alive Dev\saves\Desire Paths\datapacks_uncompiled\temp_dir\data\blockdecay\functions\decay\layer_4\n83\stripped_spruce_block.mcfunction
	  *EXTRA File 		      82	C:\Users\joshp\curseforge\minecraft\Instances\Alive Dev\saves\Desire Paths\datapacks_uncompiled\temp_dir\data\blockdecay\functions\decay\layer_4\n83\stripped_warped_block.mcfunction
	*EXTRA Dir        -1	C:\Users\joshp\curseforge\minecraft\Instances\Alive Dev\saves\Desire Paths\datapacks_uncompiled\temp_dir\data\blockdecay\functions\decay\layer_4\n85\
	  *EXTRA File 		      76	C:\Users\joshp\curseforge\minecraft\Instances\Alive Dev\saves\Desire Paths\datapacks_uncompiled\temp_dir\data\blockdecay\functions\decay\layer_4\n85\resin_bricks.mcfunction
	*EXTRA Dir        -1	C:\Users\joshp\curseforge\minecraft\Instances\Alive Dev\saves\Desire Paths\datapacks_uncompiled\temp_dir\data\blockdecay\functions\decay\layer_4\n89\
	  *EXTRA File 		      82	C:\Users\joshp\curseforge\minecraft\Instances\Alive Dev\saves\Desire Paths\datapacks_uncompiled\temp_dir\data\blockdecay\functions\decay\layer_4\n89\resin_brick_stairs.mcfunction
	*EXTRA Dir        -1	C:\Users\joshp\curseforge\minecraft\Instances\Alive Dev\saves\Desire Paths\datapacks_uncompiled\temp_dir\data\blockdecay\functions\decay\layer_5\
	  *EXTRA File 		    6879	C:\Users\joshp\curseforge\minecraft\Instances\Alive Dev\saves\Desire Paths\datapacks_uncompiled\temp_dir\data\blockdecay\functions\decay\layer_5\main.mcfunction
	*EXTRA Dir        -1	C:\Users\joshp\curseforge\minecraft\Instances\Alive Dev\saves\Desire Paths\datapacks_uncompiled\temp_dir\data\blockdecay\functions\decay\layer_5\n120\
	  *EXTRA File 		      91	C:\Users\joshp\curseforge\minecraft\Instances\Alive Dev\saves\Desire Paths\datapacks_uncompiled\temp_dir\data\blockdecay\functions\decay\layer_5\n120\oxidized_chiseled_copper.mcfunction
	  *EXTRA File 		      87	C:\Users\joshp\curseforge\minecraft\Instances\Alive Dev\saves\Desire Paths\datapacks_uncompiled\temp_dir\data\blockdecay\functions\decay\layer_5\n120\oxidized_chiseled_gold.mcfunction
	  *EXTRA File 		      87	C:\Users\joshp\curseforge\minecraft\Instances\Alive Dev\saves\Desire Paths\datapacks_uncompiled\temp_dir\data\blockdecay\functions\decay\layer_5\n120\oxidized_chiseled_iron.mcfunction
	*EXTRA Dir        -1	C:\Users\joshp\curseforge\minecraft\Instances\Alive Dev\saves\Desire Paths\datapacks_uncompiled\temp_dir\data\blockdecay\functions\decay\layer_5\n122\
	  *EXTRA File 		      93	C:\Users\joshp\curseforge\minecraft\Instances\Alive Dev\saves\Desire Paths\datapacks_uncompiled\temp_dir\data\blockdecay\functions\decay\layer_5\n122\oxidized_cut_copper_stairs.mcfunction
	  *EXTRA File 		      89	C:\Users\joshp\curseforge\minecraft\Instances\Alive Dev\saves\Desire Paths\datapacks_uncompiled\temp_dir\data\blockdecay\functions\decay\layer_5\n122\oxidized_cut_gold_stairs.mcfunction
	  *EXTRA File 		      89	C:\Users\joshp\curseforge\minecraft\Instances\Alive Dev\saves\Desire Paths\datapacks_uncompiled\temp_dir\data\blockdecay\functions\decay\layer_5\n122\oxidized_cut_iron_stairs.mcfunction
	*EXTRA Dir        -1	C:\Users\joshp\curseforge\minecraft\Instances\Alive Dev\saves\Desire Paths\datapacks_uncompiled\temp_dir\data\blockdecay\functions\decay\layer_5\n162\
	  *EXTRA File 		      88	C:\Users\joshp\curseforge\minecraft\Instances\Alive Dev\saves\Desire Paths\datapacks_uncompiled\temp_dir\data\blockdecay\functions\decay\layer_5\n162\red_nether_bricks.mcfunction
	*EXTRA Dir        -1	C:\Users\joshp\curseforge\minecraft\Instances\Alive Dev\saves\Desire Paths\datapacks_uncompiled\temp_dir\data\blockdecay\functions\decay\layer_5\n17\
	  *EXTRA File 		      79	C:\Users\joshp\curseforge\minecraft\Instances\Alive Dev\saves\Desire Paths\datapacks_uncompiled\temp_dir\data\blockdecay\functions\decay\layer_5\n17\acacia_wood.mcfunction
	  *EXTRA File 		      77	C:\Users\joshp\curseforge\minecraft\Instances\Alive Dev\saves\Desire Paths\datapacks_uncompiled\temp_dir\data\blockdecay\functions\decay\layer_5\n17\birch_wood.mcfunction
	  *EXTRA File 		      79	C:\Users\joshp\curseforge\minecraft\Instances\Alive Dev\saves\Desire Paths\datapacks_uncompiled\temp_dir\data\blockdecay\functions\decay\layer_5\n17\cherry_wood.mcfunction
	  *EXTRA File 		      81	C:\Users\joshp\curseforge\minecraft\Instances\Alive Dev\saves\Desire Paths\datapacks_uncompiled\temp_dir\data\blockdecay\functions\decay\layer_5\n17\crimson_wood.mcfunction
	  *EXTRA File 		      83	C:\Users\joshp\curseforge\minecraft\Instances\Alive Dev\saves\Desire Paths\datapacks_uncompiled\temp_dir\data\blockdecay\functions\decay\layer_5\n17\dark_oak_wood.mcfunction
	  *EXTRA File 		      79	C:\Users\joshp\curseforge\minecraft\Instances\Alive Dev\saves\Desire Paths\datapacks_uncompiled\temp_dir\data\blockdecay\functions\decay\layer_5\n17\jungle_wood.mcfunction
	  *EXTRA File 		      83	C:\Users\joshp\curseforge\minecraft\Instances\Alive Dev\saves\Desire Paths\datapacks_uncompiled\temp_dir\data\blockdecay\functions\decay\layer_5\n17\mangrove_wood.mcfunction
	  *EXTRA File 		      73	C:\Users\joshp\curseforge\minecraft\Instances\Alive Dev\saves\Desire Paths\datapacks_uncompiled\temp_dir\data\blockdecay\functions\decay\layer_5\n17\oak_wood.mcfunction
	  *EXTRA File 		      83	C:\Users\joshp\curseforge\minecraft\Instances\Alive Dev\saves\Desire Paths\datapacks_uncompiled\temp_dir\data\blockdecay\functions\decay\layer_5\n17\pale_oak_wood.mcfunction
	  *EXTRA File 		      79	C:\Users\joshp\curseforge\minecraft\Instances\Alive Dev\saves\Desire Paths\datapacks_uncompiled\temp_dir\data\blockdecay\functions\decay\layer_5\n17\spruce_wood.mcfunction
	  *EXTRA File 		      79	C:\Users\joshp\curseforge\minecraft\Instances\Alive Dev\saves\Desire Paths\datapacks_uncompiled\temp_dir\data\blockdecay\functions\decay\layer_5\n17\warped_wood.mcfunction
	*EXTRA Dir        -1	C:\Users\joshp\curseforge\minecraft\Instances\Alive Dev\saves\Desire Paths\datapacks_uncompiled\temp_dir\data\blockdecay\functions\decay\layer_5\n183\
	  *EXTRA File 		      74	C:\Users\joshp\curseforge\minecraft\Instances\Alive Dev\saves\Desire Paths\datapacks_uncompiled\temp_dir\data\blockdecay\functions\decay\layer_5\n183\quartz_bricks.mcfunction
	*EXTRA Dir        -1	C:\Users\joshp\curseforge\minecraft\Instances\Alive Dev\saves\Desire Paths\datapacks_uncompiled\temp_dir\data\blockdecay\functions\decay\layer_5\n186\
	  *EXTRA File 		     541	C:\Users\joshp\curseforge\minecraft\Instances\Alive Dev\saves\Desire Paths\datapacks_uncompiled\temp_dir\data\blockdecay\functions\decay\layer_5\n186\smooth_quartz_stairs.mcfunction
	*EXTRA Dir        -1	C:\Users\joshp\curseforge\minecraft\Instances\Alive Dev\saves\Desire Paths\datapacks_uncompiled\temp_dir\data\blockdecay\functions\decay\layer_5\n186\smooth_quartz_stairs_sub\
	  *EXTRA File 		     268	C:\Users\joshp\curseforge\minecraft\Instances\Alive Dev\saves\Desire Paths\datapacks_uncompiled\temp_dir\data\blockdecay\functions\decay\layer_5\n186\smooth_quartz_stairs_sub\2.mcfunction
	  *EXTRA File 		     270	C:\Users\joshp\curseforge\minecraft\Instances\Alive Dev\saves\Desire Paths\datapacks_uncompiled\temp_dir\data\blockdecay\functions\decay\layer_5\n186\smooth_quartz_stairs_sub\22.mcfunction
	  *EXTRA File 		     270	C:\Users\joshp\curseforge\minecraft\Instances\Alive Dev\saves\Desire Paths\datapacks_uncompiled\temp_dir\data\blockdecay\functions\decay\layer_5\n186\smooth_quartz_stairs_sub\42.mcfunction
	  *EXTRA File 		     270	C:\Users\joshp\curseforge\minecraft\Instances\Alive Dev\saves\Desire Paths\datapacks_uncompiled\temp_dir\data\blockdecay\functions\decay\layer_5\n186\smooth_quartz_stairs_sub\62.mcfunction
	*EXTRA Dir        -1	C:\Users\joshp\curseforge\minecraft\Instances\Alive Dev\saves\Desire Paths\datapacks_uncompiled\temp_dir\data\blockdecay\functions\decay\layer_5\n186\smooth_quartz_stairs_sub\22_sub\
	  *EXTRA File 		     738	C:\Users\joshp\curseforge\minecraft\Instances\Alive Dev\saves\Desire Paths\datapacks_uncompiled\temp_dir\data\blockdecay\functions\decay\layer_5\n186\smooth_quartz_stairs_sub\22_sub\0.mcfunction
	  *EXTRA File 		     743	C:\Users\joshp\curseforge\minecraft\Instances\Alive Dev\saves\Desire Paths\datapacks_uncompiled\temp_dir\data\blockdecay\functions\decay\layer_5\n186\smooth_quartz_stairs_sub\22_sub\10.mcfunction
	*EXTRA Dir        -1	C:\Users\joshp\curseforge\minecraft\Instances\Alive Dev\saves\Desire Paths\datapacks_uncompiled\temp_dir\data\blockdecay\functions\decay\layer_5\n186\smooth_quartz_stairs_sub\22_sub\0_sub\
	  *EXTRA File 		     378	C:\Users\joshp\curseforge\minecraft\Instances\Alive Dev\saves\Desire Paths\datapacks_uncompiled\temp_dir\data\blockdecay\functions\decay\layer_5\n186\smooth_quartz_stairs_sub\22_sub\0_sub\0.mcfunction
	  *EXTRA File 		     380	C:\Users\joshp\curseforge\minecraft\Instances\Alive Dev\saves\Desire Paths\datapacks_uncompiled\temp_dir\data\blockdecay\functions\decay\layer_5\n186\smooth_quartz_stairs_sub\22_sub\0_sub\2.mcfunction
	  *EXTRA File 		     378	C:\Users\joshp\curseforge\minecraft\Instances\Alive Dev\saves\Desire Paths\datapacks_uncompiled\temp_dir\data\blockdecay\functions\decay\layer_5\n186\smooth_quartz_stairs_sub\22_sub\0_sub\4.mcfunction
	  *EXTRA File 		     380	C:\Users\joshp\curseforge\minecraft\Instances\Alive Dev\saves\Desire Paths\datapacks_uncompiled\temp_dir\data\blockdecay\functions\decay\layer_5\n186\smooth_quartz_stairs_sub\22_sub\0_sub\6.mcfunction
	  *EXTRA File 		     374	C:\Users\joshp\curseforge\minecraft\Instances\Alive Dev\saves\Desire Paths\datapacks_uncompiled\temp_dir\data\blockdecay\functions\decay\layer_5\n186\smooth_quartz_stairs_sub\22_sub\0_sub\8.mcfunction
	*EXTRA Dir        -1	C:\Users\joshp\curseforge\minecraft\Instances\Alive Dev\saves\Desire Paths\datapacks_uncompiled\temp_dir\data\blockdecay\functions\decay\layer_5\n186\smooth_quartz_stairs_sub\22_sub\10_sub\
	  *EXTRA File 		     384	C:\Users\joshp\curseforge\minecraft\Instances\Alive Dev\saves\Desire Paths\datapacks_uncompiled\temp_dir\data\blockdecay\functions\decay\layer_5\n186\smooth_quartz_stairs_sub\22_sub\10_sub\0.mcfunction
	  *EXTRA File 		     386	C:\Users\joshp\curseforge\minecraft\Instances\Alive Dev\saves\Desire Paths\datapacks_uncompiled\temp_dir\data\blockdecay\functions\decay\layer_5\n186\smooth_quartz_stairs_sub\22_sub\10_sub\2.mcfunction
	  *EXTRA File 		     384	C:\Users\joshp\curseforge\minecraft\Instances\Alive Dev\saves\Desire Paths\datapacks_uncompiled\temp_dir\data\blockdecay\functions\decay\layer_5\n186\smooth_quartz_stairs_sub\22_sub\10_sub\4.mcfunction
	  *EXTRA File 		     386	C:\Users\joshp\curseforge\minecraft\Instances\Alive Dev\saves\Desire Paths\datapacks_uncompiled\temp_dir\data\blockdecay\functions\decay\layer_5\n186\smooth_quartz_stairs_sub\22_sub\10_sub\6.mcfunction
	  *EXTRA File 		     380	C:\Users\joshp\curseforge\minecraft\Instances\Alive Dev\saves\Desire Paths\datapacks_uncompiled\temp_dir\data\blockdecay\functions\decay\layer_5\n186\smooth_quartz_stairs_sub\22_sub\10_sub\8.mcfunction
	*EXTRA Dir        -1	C:\Users\joshp\curseforge\minecraft\Instances\Alive Dev\saves\Desire Paths\datapacks_uncompiled\temp_dir\data\blockdecay\functions\decay\layer_5\n186\smooth_quartz_stairs_sub\2_sub\
	  *EXTRA File 		     733	C:\Users\joshp\curseforge\minecraft\Instances\Alive Dev\saves\Desire Paths\datapacks_uncompiled\temp_dir\data\blockdecay\functions\decay\layer_5\n186\smooth_quartz_stairs_sub\2_sub\0.mcfunction
	  *EXTRA File 		     738	C:\Users\joshp\curseforge\minecraft\Instances\Alive Dev\saves\Desire Paths\datapacks_uncompiled\temp_dir\data\blockdecay\functions\decay\layer_5\n186\smooth_quartz_stairs_sub\2_sub\10.mcfunction
	*EXTRA Dir        -1	C:\Users\joshp\curseforge\minecraft\Instances\Alive Dev\saves\Desire Paths\datapacks_uncompiled\temp_dir\data\blockdecay\functions\decay\layer_5\n186\smooth_quartz_stairs_sub\2_sub\0_sub\
	  *EXTRA File 		     378	C:\Users\joshp\curseforge\minecraft\Instances\Alive Dev\saves\Desire Paths\datapacks_uncompiled\temp_dir\data\blockdecay\functions\decay\layer_5\n186\smooth_quartz_stairs_sub\2_sub\0_sub\0.mcfunction
	  *EXTRA File 		     380	C:\Users\joshp\curseforge\minecraft\Instances\Alive Dev\saves\Desire Paths\datapacks_uncompiled\temp_dir\data\blockdecay\functions\decay\layer_5\n186\smooth_quartz_stairs_sub\2_sub\0_sub\2.mcfunction
	  *EXTRA File 		     378	C:\Users\joshp\curseforge\minecraft\Instances\Alive Dev\saves\Desire Paths\datapacks_uncompiled\temp_dir\data\blockdecay\functions\decay\layer_5\n186\smooth_quartz_stairs_sub\2_sub\0_sub\4.mcfunction
	  *EXTRA File 		     380	C:\Users\joshp\curseforge\minecraft\Instances\Alive Dev\saves\Desire Paths\datapacks_uncompiled\temp_dir\data\blockdecay\functions\decay\layer_5\n186\smooth_quartz_stairs_sub\2_sub\0_sub\6.mcfunction
	  *EXTRA File 		     374	C:\Users\joshp\curseforge\minecraft\Instances\Alive Dev\saves\Desire Paths\datapacks_uncompiled\temp_dir\data\blockdecay\functions\decay\layer_5\n186\smooth_quartz_stairs_sub\2_sub\0_sub\8.mcfunction
	*EXTRA Dir        -1	C:\Users\joshp\curseforge\minecraft\Instances\Alive Dev\saves\Desire Paths\datapacks_uncompiled\temp_dir\data\blockdecay\functions\decay\layer_5\n186\smooth_quartz_stairs_sub\2_sub\10_sub\
	  *EXTRA File 		     384	C:\Users\joshp\curseforge\minecraft\Instances\Alive Dev\saves\Desire Paths\datapacks_uncompiled\temp_dir\data\blockdecay\functions\decay\layer_5\n186\smooth_quartz_stairs_sub\2_sub\10_sub\0.mcfunction
	  *EXTRA File 		     386	C:\Users\joshp\curseforge\minecraft\Instances\Alive Dev\saves\Desire Paths\datapacks_uncompiled\temp_dir\data\blockdecay\functions\decay\layer_5\n186\smooth_quartz_stairs_sub\2_sub\10_sub\2.mcfunction
	  *EXTRA File 		     384	C:\Users\joshp\curseforge\minecraft\Instances\Alive Dev\saves\Desire Paths\datapacks_uncompiled\temp_dir\data\blockdecay\functions\decay\layer_5\n186\smooth_quartz_stairs_sub\2_sub\10_sub\4.mcfunction
	  *EXTRA File 		     386	C:\Users\joshp\curseforge\minecraft\Instances\Alive Dev\saves\Desire Paths\datapacks_uncompiled\temp_dir\data\blockdecay\functions\decay\layer_5\n186\smooth_quartz_stairs_sub\2_sub\10_sub\6.mcfunction
	  *EXTRA File 		     380	C:\Users\joshp\curseforge\minecraft\Instances\Alive Dev\saves\Desire Paths\datapacks_uncompiled\temp_dir\data\blockdecay\functions\decay\layer_5\n186\smooth_quartz_stairs_sub\2_sub\10_sub\8.mcfunction
	*EXTRA Dir        -1	C:\Users\joshp\curseforge\minecraft\Instances\Alive Dev\saves\Desire Paths\datapacks_uncompiled\temp_dir\data\blockdecay\functions\decay\layer_5\n186\smooth_quartz_stairs_sub\42_sub\
	  *EXTRA File 		     738	C:\Users\joshp\curseforge\minecraft\Instances\Alive Dev\saves\Desire Paths\datapacks_uncompiled\temp_dir\data\blockdecay\functions\decay\layer_5\n186\smooth_quartz_stairs_sub\42_sub\0.mcfunction
	  *EXTRA File 		     743	C:\Users\joshp\curseforge\minecraft\Instances\Alive Dev\saves\Desire Paths\datapacks_uncompiled\temp_dir\data\blockdecay\functions\decay\layer_5\n186\smooth_quartz_stairs_sub\42_sub\10.mcfunction
	*EXTRA Dir        -1	C:\Users\joshp\curseforge\minecraft\Instances\Alive Dev\saves\Desire Paths\datapacks_uncompiled\temp_dir\data\blockdecay\functions\decay\layer_5\n186\smooth_quartz_stairs_sub\42_sub\0_sub\
	  *EXTRA File 		     380	C:\Users\joshp\curseforge\minecraft\Instances\Alive Dev\saves\Desire Paths\datapacks_uncompiled\temp_dir\data\blockdecay\functions\decay\layer_5\n186\smooth_quartz_stairs_sub\42_sub\0_sub\0.mcfunction
	  *EXTRA File 		     382	C:\Users\joshp\curseforge\minecraft\Instances\Alive Dev\saves\Desire Paths\datapacks_uncompiled\temp_dir\data\blockdecay\functions\decay\layer_5\n186\smooth_quartz_stairs_sub\42_sub\0_sub\2.mcfunction
	  *EXTRA File 		     380	C:\Users\joshp\curseforge\minecraft\Instances\Alive Dev\saves\Desire Paths\datapacks_uncompiled\temp_dir\data\blockdecay\functions\decay\layer_5\n186\smooth_quartz_stairs_sub\42_sub\0_sub\4.mcfunction
	  *EXTRA File 		     382	C:\Users\joshp\curseforge\minecraft\Instances\Alive Dev\saves\Desire Paths\datapacks_uncompiled\temp_dir\data\blockdecay\functions\decay\layer_5\n186\smooth_quartz_stairs_sub\42_sub\0_sub\6.mcfunction
	  *EXTRA File 		     376	C:\Users\joshp\curseforge\minecraft\Instances\Alive Dev\saves\Desire Paths\datapacks_uncompiled\temp_dir\data\blockdecay\functions\decay\layer_5\n186\smooth_quartz_stairs_sub\42_sub\0_sub\8.mcfunction
	*EXTRA Dir        -1	C:\Users\joshp\curseforge\minecraft\Instances\Alive Dev\saves\Desire Paths\datapacks_uncompiled\temp_dir\data\blockdecay\functions\decay\layer_5\n186\smooth_quartz_stairs_sub\42_sub\10_sub\
	  *EXTRA File 		     386	C:\Users\joshp\curseforge\minecraft\Instances\Alive Dev\saves\Desire Paths\datapacks_uncompiled\temp_dir\data\blockdecay\functions\decay\layer_5\n186\smooth_quartz_stairs_sub\42_sub\10_sub\0.mcfunction
	  *EXTRA File 		     388	C:\Users\joshp\curseforge\minecraft\Instances\Alive Dev\saves\Desire Paths\datapacks_uncompiled\temp_dir\data\blockdecay\functions\decay\layer_5\n186\smooth_quartz_stairs_sub\42_sub\10_sub\2.mcfunction
	  *EXTRA File 		     386	C:\Users\joshp\curseforge\minecraft\Instances\Alive Dev\saves\Desire Paths\datapacks_uncompiled\temp_dir\data\blockdecay\functions\decay\layer_5\n186\smooth_quartz_stairs_sub\42_sub\10_sub\4.mcfunction
	  *EXTRA File 		     388	C:\Users\joshp\curseforge\minecraft\Instances\Alive Dev\saves\Desire Paths\datapacks_uncompiled\temp_dir\data\blockdecay\functions\decay\layer_5\n186\smooth_quartz_stairs_sub\42_sub\10_sub\6.mcfunction
	  *EXTRA File 		     382	C:\Users\joshp\curseforge\minecraft\Instances\Alive Dev\saves\Desire Paths\datapacks_uncompiled\temp_dir\data\blockdecay\functions\decay\layer_5\n186\smooth_quartz_stairs_sub\42_sub\10_sub\8.mcfunction
	*EXTRA Dir        -1	C:\Users\joshp\curseforge\minecraft\Instances\Alive Dev\saves\Desire Paths\datapacks_uncompiled\temp_dir\data\blockdecay\functions\decay\layer_5\n186\smooth_quartz_stairs_sub\62_sub\
	  *EXTRA File 		     738	C:\Users\joshp\curseforge\minecraft\Instances\Alive Dev\saves\Desire Paths\datapacks_uncompiled\temp_dir\data\blockdecay\functions\decay\layer_5\n186\smooth_quartz_stairs_sub\62_sub\0.mcfunction
	  *EXTRA File 		     743	C:\Users\joshp\curseforge\minecraft\Instances\Alive Dev\saves\Desire Paths\datapacks_uncompiled\temp_dir\data\blockdecay\functions\decay\layer_5\n186\smooth_quartz_stairs_sub\62_sub\10.mcfunction
	*EXTRA Dir        -1	C:\Users\joshp\curseforge\minecraft\Instances\Alive Dev\saves\Desire Paths\datapacks_uncompiled\temp_dir\data\blockdecay\functions\decay\layer_5\n186\smooth_quartz_stairs_sub\62_sub\0_sub\
	  *EXTRA File 		     380	C:\Users\joshp\curseforge\minecraft\Instances\Alive Dev\saves\Desire Paths\datapacks_uncompiled\temp_dir\data\blockdecay\functions\decay\layer_5\n186\smooth_quartz_stairs_sub\62_sub\0_sub\0.mcfunction
	  *EXTRA File 		     382	C:\Users\joshp\curseforge\minecraft\Instances\Alive Dev\saves\Desire Paths\datapacks_uncompiled\temp_dir\data\blockdecay\functions\decay\layer_5\n186\smooth_quartz_stairs_sub\62_sub\0_sub\2.mcfunction
	  *EXTRA File 		     380	C:\Users\joshp\curseforge\minecraft\Instances\Alive Dev\saves\Desire Paths\datapacks_uncompiled\temp_dir\data\blockdecay\functions\decay\layer_5\n186\smooth_quartz_stairs_sub\62_sub\0_sub\4.mcfunction
	  *EXTRA File 		     382	C:\Users\joshp\curseforge\minecraft\Instances\Alive Dev\saves\Desire Paths\datapacks_uncompiled\temp_dir\data\blockdecay\functions\decay\layer_5\n186\smooth_quartz_stairs_sub\62_sub\0_sub\6.mcfunction
	  *EXTRA File 		     376	C:\Users\joshp\curseforge\minecraft\Instances\Alive Dev\saves\Desire Paths\datapacks_uncompiled\temp_dir\data\blockdecay\functions\decay\layer_5\n186\smooth_quartz_stairs_sub\62_sub\0_sub\8.mcfunction
	*EXTRA Dir        -1	C:\Users\joshp\curseforge\minecraft\Instances\Alive Dev\saves\Desire Paths\datapacks_uncompiled\temp_dir\data\blockdecay\functions\decay\layer_5\n186\smooth_quartz_stairs_sub\62_sub\10_sub\
	  *EXTRA File 		     386	C:\Users\joshp\curseforge\minecraft\Instances\Alive Dev\saves\Desire Paths\datapacks_uncompiled\temp_dir\data\blockdecay\functions\decay\layer_5\n186\smooth_quartz_stairs_sub\62_sub\10_sub\0.mcfunction
	  *EXTRA File 		     388	C:\Users\joshp\curseforge\minecraft\Instances\Alive Dev\saves\Desire Paths\datapacks_uncompiled\temp_dir\data\blockdecay\functions\decay\layer_5\n186\smooth_quartz_stairs_sub\62_sub\10_sub\2.mcfunction
	  *EXTRA File 		     386	C:\Users\joshp\curseforge\minecraft\Instances\Alive Dev\saves\Desire Paths\datapacks_uncompiled\temp_dir\data\blockdecay\functions\decay\layer_5\n186\smooth_quartz_stairs_sub\62_sub\10_sub\4.mcfunction
	  *EXTRA File 		     388	C:\Users\joshp\curseforge\minecraft\Instances\Alive Dev\saves\Desire Paths\datapacks_uncompiled\temp_dir\data\blockdecay\functions\decay\layer_5\n186\smooth_quartz_stairs_sub\62_sub\10_sub\6.mcfunction
	  *EXTRA File 		     382	C:\Users\joshp\curseforge\minecraft\Instances\Alive Dev\saves\Desire Paths\datapacks_uncompiled\temp_dir\data\blockdecay\functions\decay\layer_5\n186\smooth_quartz_stairs_sub\62_sub\10_sub\8.mcfunction
	*EXTRA Dir        -1	C:\Users\joshp\curseforge\minecraft\Instances\Alive Dev\saves\Desire Paths\datapacks_uncompiled\temp_dir\data\blockdecay\functions\decay\layer_5\n203\
	  *EXTRA File 		      88	C:\Users\joshp\curseforge\minecraft\Instances\Alive Dev\saves\Desire Paths\datapacks_uncompiled\temp_dir\data\blockdecay\functions\decay\layer_5\n203\chiseled_red_sandstone.mcfunction
	*EXTRA Dir        -1	C:\Users\joshp\curseforge\minecraft\Instances\Alive Dev\saves\Desire Paths\datapacks_uncompiled\temp_dir\data\blockdecay\functions\decay\layer_5\n237\
	  *EXTRA File 		     376	C:\Users\joshp\curseforge\minecraft\Instances\Alive Dev\saves\Desire Paths\datapacks_uncompiled\temp_dir\data\blockdecay\functions\decay\layer_5\n237\acacia_stem.mcfunction
	  *EXTRA File 		     367	C:\Users\joshp\curseforge\minecraft\Instances\Alive Dev\saves\Desire Paths\datapacks_uncompiled\temp_dir\data\blockdecay\functions\decay\layer_5\n237\birch_stem.mcfunction
	  *EXTRA File 		     376	C:\Users\joshp\curseforge\minecraft\Instances\Alive Dev\saves\Desire Paths\datapacks_uncompiled\temp_dir\data\blockdecay\functions\decay\layer_5\n237\cherry_stem.mcfunction
	  *EXTRA File 		     385	C:\Users\joshp\curseforge\minecraft\Instances\Alive Dev\saves\Desire Paths\datapacks_uncompiled\temp_dir\data\blockdecay\functions\decay\layer_5\n237\crimson_stem.mcfunction
	  *EXTRA File 		     394	C:\Users\joshp\curseforge\minecraft\Instances\Alive Dev\saves\Desire Paths\datapacks_uncompiled\temp_dir\data\blockdecay\functions\decay\layer_5\n237\dark_oak_stem.mcfunction
	  *EXTRA File 		     376	C:\Users\joshp\curseforge\minecraft\Instances\Alive Dev\saves\Desire Paths\datapacks_uncompiled\temp_dir\data\blockdecay\functions\decay\layer_5\n237\jungle_stem.mcfunction
	  *EXTRA File 		     394	C:\Users\joshp\curseforge\minecraft\Instances\Alive Dev\saves\Desire Paths\datapacks_uncompiled\temp_dir\data\blockdecay\functions\decay\layer_5\n237\mangrove_stem.mcfunction
	  *EXTRA File 		     349	C:\Users\joshp\curseforge\minecraft\Instances\Alive Dev\saves\Desire Paths\datapacks_uncompiled\temp_dir\data\blockdecay\functions\decay\layer_5\n237\oak_stem.mcfunction
	  *EXTRA File 		     394	C:\Users\joshp\curseforge\minecraft\Instances\Alive Dev\saves\Desire Paths\datapacks_uncompiled\temp_dir\data\blockdecay\functions\decay\layer_5\n237\pale_oak_stem.mcfunction
	  *EXTRA File 		     376	C:\Users\joshp\curseforge\minecraft\Instances\Alive Dev\saves\Desire Paths\datapacks_uncompiled\temp_dir\data\blockdecay\functions\decay\layer_5\n237\spruce_stem.mcfunction
	  *EXTRA File 		     376	C:\Users\joshp\curseforge\minecraft\Instances\Alive Dev\saves\Desire Paths\datapacks_uncompiled\temp_dir\data\blockdecay\functions\decay\layer_5\n237\warped_stem.mcfunction
	*EXTRA Dir        -1	C:\Users\joshp\curseforge\minecraft\Instances\Alive Dev\saves\Desire Paths\datapacks_uncompiled\temp_dir\data\blockdecay\functions\decay\layer_5\n238\
	  *EXTRA File 		      83	C:\Users\joshp\curseforge\minecraft\Instances\Alive Dev\saves\Desire Paths\datapacks_uncompiled\temp_dir\data\blockdecay\functions\decay\layer_5\n238\acacia_hyphae.mcfunction
	  *EXTRA File 		      81	C:\Users\joshp\curseforge\minecraft\Instances\Alive Dev\saves\Desire Paths\datapacks_uncompiled\temp_dir\data\blockdecay\functions\decay\layer_5\n238\birch_hyphae.mcfunction
	  *EXTRA File 		      83	C:\Users\joshp\curseforge\minecraft\Instances\Alive Dev\saves\Desire Paths\datapacks_uncompiled\temp_dir\data\blockdecay\functions\decay\layer_5\n238\cherry_hyphae.mcfunction
	  *EXTRA File 		      85	C:\Users\joshp\curseforge\minecraft\Instances\Alive Dev\saves\Desire Paths\datapacks_uncompiled\temp_dir\data\blockdecay\functions\decay\layer_5\n238\crimson_hyphae.mcfunction
	  *EXTRA File 		      87	C:\Users\joshp\curseforge\minecraft\Instances\Alive Dev\saves\Desire Paths\datapacks_uncompiled\temp_dir\data\blockdecay\functions\decay\layer_5\n238\dark_oak_hyphae.mcfunction
	  *EXTRA File 		      83	C:\Users\joshp\curseforge\minecraft\Instances\Alive Dev\saves\Desire Paths\datapacks_uncompiled\temp_dir\data\blockdecay\functions\decay\layer_5\n238\jungle_hyphae.mcfunction
	  *EXTRA File 		      87	C:\Users\joshp\curseforge\minecraft\Instances\Alive Dev\saves\Desire Paths\datapacks_uncompiled\temp_dir\data\blockdecay\functions\decay\layer_5\n238\mangrove_hyphae.mcfunction
	  *EXTRA File 		      77	C:\Users\joshp\curseforge\minecraft\Instances\Alive Dev\saves\Desire Paths\datapacks_uncompiled\temp_dir\data\blockdecay\functions\decay\layer_5\n238\oak_hyphae.mcfunction
	  *EXTRA File 		      87	C:\Users\joshp\curseforge\minecraft\Instances\Alive Dev\saves\Desire Paths\datapacks_uncompiled\temp_dir\data\blockdecay\functions\decay\layer_5\n238\pale_oak_hyphae.mcfunction
	  *EXTRA File 		      83	C:\Users\joshp\curseforge\minecraft\Instances\Alive Dev\saves\Desire Paths\datapacks_uncompiled\temp_dir\data\blockdecay\functions\decay\layer_5\n238\spruce_hyphae.mcfunction
	  *EXTRA File 		      83	C:\Users\joshp\curseforge\minecraft\Instances\Alive Dev\saves\Desire Paths\datapacks_uncompiled\temp_dir\data\blockdecay\functions\decay\layer_5\n238\warped_hyphae.mcfunction
	*EXTRA Dir        -1	C:\Users\joshp\curseforge\minecraft\Instances\Alive Dev\saves\Desire Paths\datapacks_uncompiled\temp_dir\data\blockdecay\functions\decay\layer_5\n3\
	  *EXTRA File 		     367	C:\Users\joshp\curseforge\minecraft\Instances\Alive Dev\saves\Desire Paths\datapacks_uncompiled\temp_dir\data\blockdecay\functions\decay\layer_5\n3\acacia_log.mcfunction
	  *EXTRA File 		     358	C:\Users\joshp\curseforge\minecraft\Instances\Alive Dev\saves\Desire Paths\datapacks_uncompiled\temp_dir\data\blockdecay\functions\decay\layer_5\n3\birch_log.mcfunction
	  *EXTRA File 		     367	C:\Users\joshp\curseforge\minecraft\Instances\Alive Dev\saves\Desire Paths\datapacks_uncompiled\temp_dir\data\blockdecay\functions\decay\layer_5\n3\cherry_log.mcfunction
	  *EXTRA File 		     376	C:\Users\joshp\curseforge\minecraft\Instances\Alive Dev\saves\Desire Paths\datapacks_uncompiled\temp_dir\data\blockdecay\functions\decay\layer_5\n3\crimson_log.mcfunction
	  *EXTRA File 		     385	C:\Users\joshp\curseforge\minecraft\Instances\Alive Dev\saves\Desire Paths\datapacks_uncompiled\temp_dir\data\blockdecay\functions\decay\layer_5\n3\dark_oak_log.mcfunction
	  *EXTRA File 		     367	C:\Users\joshp\curseforge\minecraft\Instances\Alive Dev\saves\Desire Paths\datapacks_uncompiled\temp_dir\data\blockdecay\functions\decay\layer_5\n3\jungle_log.mcfunction
	  *EXTRA File 		     385	C:\Users\joshp\curseforge\minecraft\Instances\Alive Dev\saves\Desire Paths\datapacks_uncompiled\temp_dir\data\blockdecay\functions\decay\layer_5\n3\mangrove_log.mcfunction
	  *EXTRA File 		     340	C:\Users\joshp\curseforge\minecraft\Instances\Alive Dev\saves\Desire Paths\datapacks_uncompiled\temp_dir\data\blockdecay\functions\decay\layer_5\n3\oak_log.mcfunction
	  *EXTRA File 		     385	C:\Users\joshp\curseforge\minecraft\Instances\Alive Dev\saves\Desire Paths\datapacks_uncompiled\temp_dir\data\blockdecay\functions\decay\layer_5\n3\pale_oak_log.mcfunction
	  *EXTRA File 		     367	C:\Users\joshp\curseforge\minecraft\Instances\Alive Dev\saves\Desire Paths\datapacks_uncompiled\temp_dir\data\blockdecay\functions\decay\layer_5\n3\spruce_log.mcfunction
	  *EXTRA File 		     367	C:\Users\joshp\curseforge\minecraft\Instances\Alive Dev\saves\Desire Paths\datapacks_uncompiled\temp_dir\data\blockdecay\functions\decay\layer_5\n3\warped_log.mcfunction
	*EXTRA Dir        -1	C:\Users\joshp\curseforge\minecraft\Instances\Alive Dev\saves\Desire Paths\datapacks_uncompiled\temp_dir\data\blockdecay\functions\decay\layer_5\n82\
	  *EXTRA File 		      81	C:\Users\joshp\curseforge\minecraft\Instances\Alive Dev\saves\Desire Paths\datapacks_uncompiled\temp_dir\data\blockdecay\functions\decay\layer_5\n82\acacia_block.mcfunction
	  *EXTRA File 		      79	C:\Users\joshp\curseforge\minecraft\Instances\Alive Dev\saves\Desire Paths\datapacks_uncompiled\temp_dir\data\blockdecay\functions\decay\layer_5\n82\birch_block.mcfunction
	  *EXTRA File 		      81	C:\Users\joshp\curseforge\minecraft\Instances\Alive Dev\saves\Desire Paths\datapacks_uncompiled\temp_dir\data\blockdecay\functions\decay\layer_5\n82\cherry_block.mcfunction
	  *EXTRA File 		      83	C:\Users\joshp\curseforge\minecraft\Instances\Alive Dev\saves\Desire Paths\datapacks_uncompiled\temp_dir\data\blockdecay\functions\decay\layer_5\n82\crimson_block.mcfunction
	  *EXTRA File 		      85	C:\Users\joshp\curseforge\minecraft\Instances\Alive Dev\saves\Desire Paths\datapacks_uncompiled\temp_dir\data\blockdecay\functions\decay\layer_5\n82\dark_oak_block.mcfunction
	  *EXTRA File 		      81	C:\Users\joshp\curseforge\minecraft\Instances\Alive Dev\saves\Desire Paths\datapacks_uncompiled\temp_dir\data\blockdecay\functions\decay\layer_5\n82\jungle_block.mcfunction
	  *EXTRA File 		      85	C:\Users\joshp\curseforge\minecraft\Instances\Alive Dev\saves\Desire Paths\datapacks_uncompiled\temp_dir\data\blockdecay\functions\decay\layer_5\n82\mangrove_block.mcfunction
	  *EXTRA File 		      75	C:\Users\joshp\curseforge\minecraft\Instances\Alive Dev\saves\Desire Paths\datapacks_uncompiled\temp_dir\data\blockdecay\functions\decay\layer_5\n82\oak_block.mcfunction
	  *EXTRA File 		      85	C:\Users\joshp\curseforge\minecraft\Instances\Alive Dev\saves\Desire Paths\datapacks_uncompiled\temp_dir\data\blockdecay\functions\decay\layer_5\n82\pale_oak_block.mcfunction
	  *EXTRA File 		      81	C:\Users\joshp\curseforge\minecraft\Instances\Alive Dev\saves\Desire Paths\datapacks_uncompiled\temp_dir\data\blockdecay\functions\decay\layer_5\n82\spruce_block.mcfunction
	  *EXTRA File 		      81	C:\Users\joshp\curseforge\minecraft\Instances\Alive Dev\saves\Desire Paths\datapacks_uncompiled\temp_dir\data\blockdecay\functions\decay\layer_5\n82\warped_block.mcfunction
	*EXTRA Dir        -1	C:\Users\joshp\curseforge\minecraft\Instances\Alive Dev\saves\Desire Paths\datapacks_uncompiled\temp_dir\data\blockdecay\functions\decay\layer_5\n84\
	  *EXTRA File 		      81	C:\Users\joshp\curseforge\minecraft\Instances\Alive Dev\saves\Desire Paths\datapacks_uncompiled\temp_dir\data\blockdecay\functions\decay\layer_5\n84\chiseled_resin_bricks.mcfunction
	*EXTRA Dir        -1	C:\Users\joshp\curseforge\minecraft\Instances\Alive Dev\saves\Desire Paths\datapacks_uncompiled\temp_dir\data\blockdecay\functions\decay\layer_5\n87\
	  *EXTRA File 		      76	C:\Users\joshp\curseforge\minecraft\Instances\Alive Dev\saves\Desire Paths\datapacks_uncompiled\temp_dir\data\blockdecay\functions\decay\layer_5\n87\resin_brick_wall.mcfunction
	*EXTRA Dir        -1	C:\Users\joshp\curseforge\minecraft\Instances\Alive Dev\saves\Desire Paths\datapacks_uncompiled\temp_dir\data\blockdecay\functions\decay\layer_6\
	  *EXTRA File 		     505	C:\Users\joshp\curseforge\minecraft\Instances\Alive Dev\saves\Desire Paths\datapacks_uncompiled\temp_dir\data\blockdecay\functions\decay\layer_6\main.mcfunction
	*EXTRA Dir        -1	C:\Users\joshp\curseforge\minecraft\Instances\Alive Dev\saves\Desire Paths\datapacks_uncompiled\temp_dir\data\blockdecay\functions\decay\layer_6\n121\
	  *EXTRA File 		      93	C:\Users\joshp\curseforge\minecraft\Instances\Alive Dev\saves\Desire Paths\datapacks_uncompiled\temp_dir\data\blockdecay\functions\decay\layer_6\n121\oxidized_copper_grate.mcfunction
	  *EXTRA File 		      89	C:\Users\joshp\curseforge\minecraft\Instances\Alive Dev\saves\Desire Paths\datapacks_uncompiled\temp_dir\data\blockdecay\functions\decay\layer_6\n121\oxidized_gold_grate.mcfunction
	  *EXTRA File 		      89	C:\Users\joshp\curseforge\minecraft\Instances\Alive Dev\saves\Desire Paths\datapacks_uncompiled\temp_dir\data\blockdecay\functions\decay\layer_6\n121\oxidized_iron_grate.mcfunction
	*EXTRA Dir        -1	C:\Users\joshp\curseforge\minecraft\Instances\Alive Dev\saves\Desire Paths\datapacks_uncompiled\temp_dir\data\blockdecay\functions\decay\layer_6\n182\
	  *EXTRA File 		      82	C:\Users\joshp\curseforge\minecraft\Instances\Alive Dev\saves\Desire Paths\datapacks_uncompiled\temp_dir\data\blockdecay\functions\decay\layer_6\n182\chiseled_quartz_block.mcfunction
	*EXTRA Dir        -1	C:\Users\joshp\curseforge\minecraft\Instances\Alive Dev\saves\Desire Paths\datapacks_uncompiled\temp_dir\data\blockdecay\functions\decay\layer_7\
	  *EXTRA File 		      16	C:\Users\joshp\curseforge\minecraft\Instances\Alive Dev\saves\Desire Paths\datapacks_uncompiled\temp_dir\data\blockdecay\functions\decay\layer_7\main.mcfunction
	*EXTRA Dir        -1	C:\Users\joshp\curseforge\minecraft\Instances\Alive Dev\saves\Desire Paths\datapacks_uncompiled\temp_dir\data\blockdecay\functions\decay\layer_8\
	  *EXTRA File 		      16	C:\Users\joshp\curseforge\minecraft\Instances\Alive Dev\saves\Desire Paths\datapacks_uncompiled\temp_dir\data\blockdecay\functions\decay\layer_8\main.mcfunction
	*EXTRA Dir        -1	C:\Users\joshp\curseforge\minecraft\Instances\Alive Dev\saves\Desire Paths\datapacks_uncompiled\temp_dir\data\blockdecay\functions\main_sub\
	  *EXTRA File 		      72	C:\Users\joshp\curseforge\minecraft\Instances\Alive Dev\saves\Desire Paths\datapacks_uncompiled\temp_dir\data\blockdecay\functions\main_sub\12.mcfunction
	  *EXTRA File 		      90	C:\Users\joshp\curseforge\minecraft\Instances\Alive Dev\saves\Desire Paths\datapacks_uncompiled\temp_dir\data\blockdecay\functions\main_sub\14.mcfunction
	  *EXTRA File 		      55	C:\Users\joshp\curseforge\minecraft\Instances\Alive Dev\saves\Desire Paths\datapacks_uncompiled\temp_dir\data\blockdecay\functions\main_sub\18.mcfunction
	*EXTRA Dir        -1	C:\Users\joshp\curseforge\minecraft\Instances\Alive Dev\saves\Desire Paths\datapacks_uncompiled\temp_dir\data\blockdecay\functions\main_sub\18_sub\
	  *EXTRA File 		     567	C:\Users\joshp\curseforge\minecraft\Instances\Alive Dev\saves\Desire Paths\datapacks_uncompiled\temp_dir\data\blockdecay\functions\main_sub\18_sub\0.mcfunction
	*EXTRA Dir        -1	C:\Users\joshp\curseforge\minecraft\Instances\Alive Dev\saves\Desire Paths\datapacks_uncompiled\temp_dir\data\blockdecay\functions\_cursor\
	  *EXTRA File 		    8581	C:\Users\joshp\curseforge\minecraft\Instances\Alive Dev\saves\Desire Paths\datapacks_uncompiled\temp_dir\data\blockdecay\functions\_cursor\construct.mcfunction
	*EXTRA Dir        -1	C:\Users\joshp\curseforge\minecraft\Instances\Alive Dev\saves\Desire Paths\datapacks_uncompiled\temp_dir\data\blockdecay\functions\_cursor\construct_sub\
	  *EXTRA File 		     117	C:\Users\joshp\curseforge\minecraft\Instances\Alive Dev\saves\Desire Paths\datapacks_uncompiled\temp_dir\data\blockdecay\functions\_cursor\construct_sub\8.mcfunction
	*EXTRA Dir        -1	C:\Users\joshp\curseforge\minecraft\Instances\Alive Dev\saves\Desire Paths\datapacks_uncompiled\temp_dir\data\blockdecay\tags\
	*EXTRA Dir        -1	C:\Users\joshp\curseforge\minecraft\Instances\Alive Dev\saves\Desire Paths\datapacks_uncompiled\temp_dir\data\blockdecay\tags\block\
	  *EXTRA File 		     108	C:\Users\joshp\curseforge\minecraft\Instances\Alive Dev\saves\Desire Paths\datapacks_uncompiled\temp_dir\data\blockdecay\tags\block\drip_leaves.json
	  *EXTRA File 		     154	C:\Users\joshp\curseforge\minecraft\Instances\Alive Dev\saves\Desire Paths\datapacks_uncompiled\temp_dir\data\blockdecay\tags\block\froglights.json
	  *EXTRA File 		     419	C:\Users\joshp\curseforge\minecraft\Instances\Alive Dev\saves\Desire Paths\datapacks_uncompiled\temp_dir\data\blockdecay\tags\block\shelves.json
	*EXTRA Dir        -1	C:\Users\joshp\curseforge\minecraft\Instances\Alive Dev\saves\Desire Paths\datapacks_uncompiled\temp_dir\data\blockdecay\tags\blocks\
	  *EXTRA File 		     108	C:\Users\joshp\curseforge\minecraft\Instances\Alive Dev\saves\Desire Paths\datapacks_uncompiled\temp_dir\data\blockdecay\tags\blocks\drip_leaves.json
	  *EXTRA File 		     154	C:\Users\joshp\curseforge\minecraft\Instances\Alive Dev\saves\Desire Paths\datapacks_uncompiled\temp_dir\data\blockdecay\tags\blocks\froglights.json
	  *EXTRA File 		     419	C:\Users\joshp\curseforge\minecraft\Instances\Alive Dev\saves\Desire Paths\datapacks_uncompiled\temp_dir\data\blockdecay\tags\blocks\shelves.json
	*EXTRA Dir        -1	C:\Users\joshp\curseforge\minecraft\Instances\Alive Dev\saves\Desire Paths\datapacks_uncompiled\temp_dir\data\minecraft\
	*EXTRA Dir        -1	C:\Users\joshp\curseforge\minecraft\Instances\Alive Dev\saves\Desire Paths\datapacks_uncompiled\temp_dir\data\minecraft\structure\
	  *EXTRA File 		     142	C:\Users\joshp\curseforge\minecraft\Instances\Alive Dev\saves\Desire Paths\datapacks_uncompiled\temp_dir\data\minecraft\structure\empty.nbt
	*EXTRA Dir        -1	C:\Users\joshp\curseforge\minecraft\Instances\Alive Dev\saves\Desire Paths\datapacks_uncompiled\temp_dir\data\minecraft\structure\ancient_city\
	*EXTRA Dir        -1	C:\Users\joshp\curseforge\minecraft\Instances\Alive Dev\saves\Desire Paths\datapacks_uncompiled\temp_dir\data\minecraft\structure\ancient_city\city\
	*EXTRA Dir        -1	C:\Users\joshp\curseforge\minecraft\Instances\Alive Dev\saves\Desire Paths\datapacks_uncompiled\temp_dir\data\minecraft\structure\ancient_city\city\entrance\
	  *EXTRA File 		    8998	C:\Users\joshp\curseforge\minecraft\Instances\Alive Dev\saves\Desire Paths\datapacks_uncompiled\temp_dir\data\minecraft\structure\ancient_city\city\entrance\entrance_connector.nbt
	  *EXTRA File 		    9479	C:\Users\joshp\curseforge\minecraft\Instances\Alive Dev\saves\Desire Paths\datapacks_uncompiled\temp_dir\data\minecraft\structure\ancient_city\city\entrance\entrance_path_1.nbt
	  *EXTRA File 		   13336	C:\Users\joshp\curseforge\minecraft\Instances\Alive Dev\saves\Desire Paths\datapacks_uncompiled\temp_dir\data\minecraft\structure\ancient_city\city\entrance\entrance_path_2.nbt
	  *EXTRA File 		   11832	C:\Users\joshp\curseforge\minecraft\Instances\Alive Dev\saves\Desire Paths\datapacks_uncompiled\temp_dir\data\minecraft\structure\ancient_city\city\entrance\entrance_path_3.nbt
	  *EXTRA File 		   11315	C:\Users\joshp\curseforge\minecraft\Instances\Alive Dev\saves\Desire Paths\datapacks_uncompiled\temp_dir\data\minecraft\structure\ancient_city\city\entrance\entrance_path_4.nbt
	  *EXTRA File 		    8728	C:\Users\joshp\curseforge\minecraft\Instances\Alive Dev\saves\Desire Paths\datapacks_uncompiled\temp_dir\data\minecraft\structure\ancient_city\city\entrance\entrance_path_5.nbt
	*EXTRA Dir        -1	C:\Users\joshp\curseforge\minecraft\Instances\Alive Dev\saves\Desire Paths\datapacks_uncompiled\temp_dir\data\minecraft\structure\ancient_city\city_center\
	  *EXTRA File 		   24224	C:\Users\joshp\curseforge\minecraft\Instances\Alive Dev\saves\Desire Paths\datapacks_uncompiled\temp_dir\data\minecraft\structure\ancient_city\city_center\city_center_1.nbt
	  *EXTRA File 		   24501	C:\Users\joshp\curseforge\minecraft\Instances\Alive Dev\saves\Desire Paths\datapacks_uncompiled\temp_dir\data\minecraft\structure\ancient_city\city_center\city_center_2.nbt
	  *EXTRA File 		   24132	C:\Users\joshp\curseforge\minecraft\Instances\Alive Dev\saves\Desire Paths\datapacks_uncompiled\temp_dir\data\minecraft\structure\ancient_city\city_center\city_center_3.nbt
	*EXTRA Dir        -1	C:\Users\joshp\curseforge\minecraft\Instances\Alive Dev\saves\Desire Paths\datapacks_uncompiled\temp_dir\data\minecraft\structure\ancient_city\city_center\walls\
	  *EXTRA File 		    6536	C:\Users\joshp\curseforge\minecraft\Instances\Alive Dev\saves\Desire Paths\datapacks_uncompiled\temp_dir\data\minecraft\structure\ancient_city\city_center\walls\bottom_1.nbt
	  *EXTRA File 		    6166	C:\Users\joshp\curseforge\minecraft\Instances\Alive Dev\saves\Desire Paths\datapacks_uncompiled\temp_dir\data\minecraft\structure\ancient_city\city_center\walls\bottom_2.nbt
	  *EXTRA File 		    2540	C:\Users\joshp\curseforge\minecraft\Instances\Alive Dev\saves\Desire Paths\datapacks_uncompiled\temp_dir\data\minecraft\structure\ancient_city\city_center\walls\bottom_left_corner.nbt
	  *EXTRA File 		    2933	C:\Users\joshp\curseforge\minecraft\Instances\Alive Dev\saves\Desire Paths\datapacks_uncompiled\temp_dir\data\minecraft\structure\ancient_city\city_center\walls\bottom_right_corner.nbt
	  *EXTRA File 		    2560	C:\Users\joshp\curseforge\minecraft\Instances\Alive Dev\saves\Desire Paths\datapacks_uncompiled\temp_dir\data\minecraft\structure\ancient_city\city_center\walls\bottom_right_corner_1.nbt
	  *EXTRA File 		    2587	C:\Users\joshp\curseforge\minecraft\Instances\Alive Dev\saves\Desire Paths\datapacks_uncompiled\temp_dir\data\minecraft\structure\ancient_city\city_center\walls\bottom_right_corner_2.nbt
	  *EXTRA File 		    3121	C:\Users\joshp\curseforge\minecraft\Instances\Alive Dev\saves\Desire Paths\datapacks_uncompiled\temp_dir\data\minecraft\structure\ancient_city\city_center\walls\left.nbt
	  *EXTRA File 		    3157	C:\Users\joshp\curseforge\minecraft\Instances\Alive Dev\saves\Desire Paths\datapacks_uncompiled\temp_dir\data\minecraft\structure\ancient_city\city_center\walls\right.nbt
	  *EXTRA File 		    6122	C:\Users\joshp\curseforge\minecraft\Instances\Alive Dev\saves\Desire Paths\datapacks_uncompiled\temp_dir\data\minecraft\structure\ancient_city\city_center\walls\top.nbt
	  *EXTRA File 		    2541	C:\Users\joshp\curseforge\minecraft\Instances\Alive Dev\saves\Desire Paths\datapacks_uncompiled\temp_dir\data\minecraft\structure\ancient_city\city_center\walls\top_left_corner.nbt
	  *EXTRA File 		    2553	C:\Users\joshp\curseforge\minecraft\Instances\Alive Dev\saves\Desire Paths\datapacks_uncompiled\temp_dir\data\minecraft\structure\ancient_city\city_center\walls\top_right_corner.nbt
	*EXTRA Dir        -1	C:\Users\joshp\curseforge\minecraft\Instances\Alive Dev\saves\Desire Paths\datapacks_uncompiled\temp_dir\data\minecraft\structure\ancient_city\structures\
	  *EXTRA File 		    5332	C:\Users\joshp\curseforge\minecraft\Instances\Alive Dev\saves\Desire Paths\datapacks_uncompiled\temp_dir\data\minecraft\structure\ancient_city\structures\barracks.nbt
	  *EXTRA File 		    1122	C:\Users\joshp\curseforge\minecraft\Instances\Alive Dev\saves\Desire Paths\datapacks_uncompiled\temp_dir\data\minecraft\structure\ancient_city\structures\camp_1.nbt
	  *EXTRA File 		    1255	C:\Users\joshp\curseforge\minecraft\Instances\Alive Dev\saves\Desire Paths\datapacks_uncompiled\temp_dir\data\minecraft\structure\ancient_city\structures\camp_2.nbt
	  *EXTRA File 		     992	C:\Users\joshp\curseforge\minecraft\Instances\Alive Dev\saves\Desire Paths\datapacks_uncompiled\temp_dir\data\minecraft\structure\ancient_city\structures\camp_3.nbt
	  *EXTRA File 		    2500	C:\Users\joshp\curseforge\minecraft\Instances\Alive Dev\saves\Desire Paths\datapacks_uncompiled\temp_dir\data\minecraft\structure\ancient_city\structures\chamber_1.nbt
	  *EXTRA File 		    1322	C:\Users\joshp\curseforge\minecraft\Instances\Alive Dev\saves\Desire Paths\datapacks_uncompiled\temp_dir\data\minecraft\structure\ancient_city\structures\chamber_2.nbt
	  *EXTRA File 		    1090	C:\Users\joshp\curseforge\minecraft\Instances\Alive Dev\saves\Desire Paths\datapacks_uncompiled\temp_dir\data\minecraft\structure\ancient_city\structures\chamber_3.nbt
	  *EXTRA File 		    3765	C:\Users\joshp\curseforge\minecraft\Instances\Alive Dev\saves\Desire Paths\datapacks_uncompiled\temp_dir\data\minecraft\structure\ancient_city\structures\ice_box_1.nbt
	  *EXTRA File 		    1589	C:\Users\joshp\curseforge\minecraft\Instances\Alive Dev\saves\Desire Paths\datapacks_uncompiled\temp_dir\data\minecraft\structure\ancient_city\structures\large_pillar_1.nbt
	  *EXTRA File 		     414	C:\Users\joshp\curseforge\minecraft\Instances\Alive Dev\saves\Desire Paths\datapacks_uncompiled\temp_dir\data\minecraft\structure\ancient_city\structures\large_ruin_1.nbt
	  *EXTRA File 		    1032	C:\Users\joshp\curseforge\minecraft\Instances\Alive Dev\saves\Desire Paths\datapacks_uncompiled\temp_dir\data\minecraft\structure\ancient_city\structures\medium_pillar_1.nbt
	  *EXTRA File 		     361	C:\Users\joshp\curseforge\minecraft\Instances\Alive Dev\saves\Desire Paths\datapacks_uncompiled\temp_dir\data\minecraft\structure\ancient_city\structures\medium_ruin_1.nbt
	  *EXTRA File 		     377	C:\Users\joshp\curseforge\minecraft\Instances\Alive Dev\saves\Desire Paths\datapacks_uncompiled\temp_dir\data\minecraft\structure\ancient_city\structures\medium_ruin_2.nbt
	  *EXTRA File 		    6474	C:\Users\joshp\curseforge\minecraft\Instances\Alive Dev\saves\Desire Paths\datapacks_uncompiled\temp_dir\data\minecraft\structure\ancient_city\structures\sauna_1.nbt
	  *EXTRA File 		     336	C:\Users\joshp\curseforge\minecraft\Instances\Alive Dev\saves\Desire Paths\datapacks_uncompiled\temp_dir\data\minecraft\structure\ancient_city\structures\small_ruin_1.nbt
	  *EXTRA File 		     332	C:\Users\joshp\curseforge\minecraft\Instances\Alive Dev\saves\Desire Paths\datapacks_uncompiled\temp_dir\data\minecraft\structure\ancient_city\structures\small_ruin_2.nbt
	  *EXTRA File 		     883	C:\Users\joshp\curseforge\minecraft\Instances\Alive Dev\saves\Desire Paths\datapacks_uncompiled\temp_dir\data\minecraft\structure\ancient_city\structures\small_statue.nbt
	  *EXTRA File 		    2749	C:\Users\joshp\curseforge\minecraft\Instances\Alive Dev\saves\Desire Paths\datapacks_uncompiled\temp_dir\data\minecraft\structure\ancient_city\structures\tall_ruin_1.nbt
	  *EXTRA File 		    3308	C:\Users\joshp\curseforge\minecraft\Instances\Alive Dev\saves\Desire Paths\datapacks_uncompiled\temp_dir\data\minecraft\structure\ancient_city\structures\tall_ruin_2.nbt
	  *EXTRA File 		    1561	C:\Users\joshp\curseforge\minecraft\Instances\Alive Dev\saves\Desire Paths\datapacks_uncompiled\temp_dir\data\minecraft\structure\ancient_city\structures\tall_ruin_3.nbt
	  *EXTRA File 		    2247	C:\Users\joshp\curseforge\minecraft\Instances\Alive Dev\saves\Desire Paths\datapacks_uncompiled\temp_dir\data\minecraft\structure\ancient_city\structures\tall_ruin_4.nbt
	*EXTRA Dir        -1	C:\Users\joshp\curseforge\minecraft\Instances\Alive Dev\saves\Desire Paths\datapacks_uncompiled\temp_dir\data\minecraft\structure\ancient_city\walls\
	  *EXTRA File 		    3638	C:\Users\joshp\curseforge\minecraft\Instances\Alive Dev\saves\Desire Paths\datapacks_uncompiled\temp_dir\data\minecraft\structure\ancient_city\walls\intact_corner_wall_1.nbt
	  *EXTRA File 		    1982	C:\Users\joshp\curseforge\minecraft\Instances\Alive Dev\saves\Desire Paths\datapacks_uncompiled\temp_dir\data\minecraft\structure\ancient_city\walls\intact_horizontal_wall_1.nbt
	  *EXTRA File 		    1970	C:\Users\joshp\curseforge\minecraft\Instances\Alive Dev\saves\Desire Paths\datapacks_uncompiled\temp_dir\data\minecraft\structure\ancient_city\walls\intact_horizontal_wall_2.nbt
	  *EXTRA File 		    2712	C:\Users\joshp\curseforge\minecraft\Instances\Alive Dev\saves\Desire Paths\datapacks_uncompiled\temp_dir\data\minecraft\structure\ancient_city\walls\intact_horizontal_wall_bridge.nbt
	  *EXTRA File 		    1685	C:\Users\joshp\curseforge\minecraft\Instances\Alive Dev\saves\Desire Paths\datapacks_uncompiled\temp_dir\data\minecraft\structure\ancient_city\walls\intact_horizontal_wall_passage_1.nbt
	  *EXTRA File 		    2100	C:\Users\joshp\curseforge\minecraft\Instances\Alive Dev\saves\Desire Paths\datapacks_uncompiled\temp_dir\data\minecraft\structure\ancient_city\walls\intact_horizontal_wall_stairs_1.nbt
	  *EXTRA File 		    2140	C:\Users\joshp\curseforge\minecraft\Instances\Alive Dev\saves\Desire Paths\datapacks_uncompiled\temp_dir\data\minecraft\structure\ancient_city\walls\intact_horizontal_wall_stairs_2.nbt
	  *EXTRA File 		    2125	C:\Users\joshp\curseforge\minecraft\Instances\Alive Dev\saves\Desire Paths\datapacks_uncompiled\temp_dir\data\minecraft\structure\ancient_city\walls\intact_horizontal_wall_stairs_3.nbt
	  *EXTRA File 		    2069	C:\Users\joshp\curseforge\minecraft\Instances\Alive Dev\saves\Desire Paths\datapacks_uncompiled\temp_dir\data\minecraft\structure\ancient_city\walls\intact_horizontal_wall_stairs_4.nbt
	  *EXTRA File 		    3016	C:\Users\joshp\curseforge\minecraft\Instances\Alive Dev\saves\Desire Paths\datapacks_uncompiled\temp_dir\data\minecraft\structure\ancient_city\walls\intact_intersection_wall_1.nbt
	  *EXTRA File 		    2298	C:\Users\joshp\curseforge\minecraft\Instances\Alive Dev\saves\Desire Paths\datapacks_uncompiled\temp_dir\data\minecraft\structure\ancient_city\walls\intact_lshape_wall_1.nbt
	  *EXTRA File 		    3920	C:\Users\joshp\curseforge\minecraft\Instances\Alive Dev\saves\Desire Paths\datapacks_uncompiled\temp_dir\data\minecraft\structure\ancient_city\walls\ruined_corner_wall_1.nbt
	  *EXTRA File 		    3138	C:\Users\joshp\curseforge\minecraft\Instances\Alive Dev\saves\Desire Paths\datapacks_uncompiled\temp_dir\data\minecraft\structure\ancient_city\walls\ruined_corner_wall_2.nbt
	  *EXTRA File 		    1501	C:\Users\joshp\curseforge\minecraft\Instances\Alive Dev\saves\Desire Paths\datapacks_uncompiled\temp_dir\data\minecraft\structure\ancient_city\walls\ruined_horizontal_wall_stairs_1.nbt
	  *EXTRA File 		    1973	C:\Users\joshp\curseforge\minecraft\Instances\Alive Dev\saves\Desire Paths\datapacks_uncompiled\temp_dir\data\minecraft\structure\ancient_city\walls\ruined_horizontal_wall_stairs_2.nbt
	  *EXTRA File 		    1422	C:\Users\joshp\curseforge\minecraft\Instances\Alive Dev\saves\Desire Paths\datapacks_uncompiled\temp_dir\data\minecraft\structure\ancient_city\walls\ruined_horizontal_wall_stairs_3.nbt
	  *EXTRA File 		    1328	C:\Users\joshp\curseforge\minecraft\Instances\Alive Dev\saves\Desire Paths\datapacks_uncompiled\temp_dir\data\minecraft\structure\ancient_city\walls\ruined_horizontal_wall_stairs_4.nbt
	*EXTRA Dir        -1	C:\Users\joshp\curseforge\minecraft\Instances\Alive Dev\saves\Desire Paths\datapacks_uncompiled\temp_dir\data\minecraft\structure\bastion\
	*EXTRA Dir        -1	C:\Users\joshp\curseforge\minecraft\Instances\Alive Dev\saves\Desire Paths\datapacks_uncompiled\temp_dir\data\minecraft\structure\bastion\blocks\
	  *EXTRA File 		     243	C:\Users\joshp\curseforge\minecraft\Instances\Alive Dev\saves\Desire Paths\datapacks_uncompiled\temp_dir\data\minecraft\structure\bastion\blocks\air.nbt
	  *EXTRA File 		     249	C:\Users\joshp\curseforge\minecraft\Instances\Alive Dev\saves\Desire Paths\datapacks_uncompiled\temp_dir\data\minecraft\structure\bastion\blocks\gold.nbt
	*EXTRA Dir        -1	C:\Users\joshp\curseforge\minecraft\Instances\Alive Dev\saves\Desire Paths\datapacks_uncompiled\temp_dir\data\minecraft\structure\bastion\bridge\
	*EXTRA Dir        -1	C:\Users\joshp\curseforge\minecraft\Instances\Alive Dev\saves\Desire Paths\datapacks_uncompiled\temp_dir\data\minecraft\structure\bastion\bridge\bridge_pieces\
	  *EXTRA File 		   15381	C:\Users\joshp\curseforge\minecraft\Instances\Alive Dev\saves\Desire Paths\datapacks_uncompiled\temp_dir\data\minecraft\structure\bastion\bridge\bridge_pieces\bridge.nbt
	*EXTRA Dir        -1	C:\Users\joshp\curseforge\minecraft\Instances\Alive Dev\saves\Desire Paths\datapacks_uncompiled\temp_dir\data\minecraft\structure\bastion\bridge\connectors\
	  *EXTRA File 		    1386	C:\Users\joshp\curseforge\minecraft\Instances\Alive Dev\saves\Desire Paths\datapacks_uncompiled\temp_dir\data\minecraft\structure\bastion\bridge\connectors\back_bridge_bottom.nbt
	  *EXTRA File 		    1346	C:\Users\joshp\curseforge\minecraft\Instances\Alive Dev\saves\Desire Paths\datapacks_uncompiled\temp_dir\data\minecraft\structure\bastion\bridge\connectors\back_bridge_top.nbt
	*EXTRA Dir        -1	C:\Users\joshp\curseforge\minecraft\Instances\Alive Dev\saves\Desire Paths\datapacks_uncompiled\temp_dir\data\minecraft\structure\bastion\bridge\legs\
	  *EXTRA File 		     808	C:\Users\joshp\curseforge\minecraft\Instances\Alive Dev\saves\Desire Paths\datapacks_uncompiled\temp_dir\data\minecraft\structure\bastion\bridge\legs\leg_0.nbt
	  *EXTRA File 		     798	C:\Users\joshp\curseforge\minecraft\Instances\Alive Dev\saves\Desire Paths\datapacks_uncompiled\temp_dir\data\minecraft\structure\bastion\bridge\legs\leg_1.nbt
	*EXTRA Dir        -1	C:\Users\joshp\curseforge\minecraft\Instances\Alive Dev\saves\Desire Paths\datapacks_uncompiled\temp_dir\data\minecraft\structure\bastion\bridge\ramparts\
	  *EXTRA File 		   12678	C:\Users\joshp\curseforge\minecraft\Instances\Alive Dev\saves\Desire Paths\datapacks_uncompiled\temp_dir\data\minecraft\structure\bastion\bridge\ramparts\rampart_0.nbt
	  *EXTRA File 		   20078	C:\Users\joshp\curseforge\minecraft\Instances\Alive Dev\saves\Desire Paths\datapacks_uncompiled\temp_dir\data\minecraft\structure\bastion\bridge\ramparts\rampart_1.nbt
	*EXTRA Dir        -1	C:\Users\joshp\curseforge\minecraft\Instances\Alive Dev\saves\Desire Paths\datapacks_uncompiled\temp_dir\data\minecraft\structure\bastion\bridge\rampart_plates\
	  *EXTRA File 		    1977	C:\Users\joshp\curseforge\minecraft\Instances\Alive Dev\saves\Desire Paths\datapacks_uncompiled\temp_dir\data\minecraft\structure\bastion\bridge\rampart_plates\plate_0.nbt
	*EXTRA Dir        -1	C:\Users\joshp\curseforge\minecraft\Instances\Alive Dev\saves\Desire Paths\datapacks_uncompiled\temp_dir\data\minecraft\structure\bastion\bridge\starting_pieces\
	  *EXTRA File 		   40962	C:\Users\joshp\curseforge\minecraft\Instances\Alive Dev\saves\Desire Paths\datapacks_uncompiled\temp_dir\data\minecraft\structure\bastion\bridge\starting_pieces\entrance.nbt
	  *EXTRA File 		   49108	C:\Users\joshp\curseforge\minecraft\Instances\Alive Dev\saves\Desire Paths\datapacks_uncompiled\temp_dir\data\minecraft\structure\bastion\bridge\starting_pieces\entrance_base.nbt
	  *EXTRA File 		    2774	C:\Users\joshp\curseforge\minecraft\Instances\Alive Dev\saves\Desire Paths\datapacks_uncompiled\temp_dir\data\minecraft\structure\bastion\bridge\starting_pieces\entrance_face.nbt
	*EXTRA Dir        -1	C:\Users\joshp\curseforge\minecraft\Instances\Alive Dev\saves\Desire Paths\datapacks_uncompiled\temp_dir\data\minecraft\structure\bastion\bridge\walls\
	  *EXTRA File 		   18767	C:\Users\joshp\curseforge\minecraft\Instances\Alive Dev\saves\Desire Paths\datapacks_uncompiled\temp_dir\data\minecraft\structure\bastion\bridge\walls\wall_base_0.nbt
	  *EXTRA File 		   19241	C:\Users\joshp\curseforge\minecraft\Instances\Alive Dev\saves\Desire Paths\datapacks_uncompiled\temp_dir\data\minecraft\structure\bastion\bridge\walls\wall_base_1.nbt
	*EXTRA Dir        -1	C:\Users\joshp\curseforge\minecraft\Instances\Alive Dev\saves\Desire Paths\datapacks_uncompiled\temp_dir\data\minecraft\structure\bastion\hoglin_stable\
	  *EXTRA File 		   80383	C:\Users\joshp\curseforge\minecraft\Instances\Alive Dev\saves\Desire Paths\datapacks_uncompiled\temp_dir\data\minecraft\structure\bastion\hoglin_stable\air_base.nbt
	*EXTRA Dir        -1	C:\Users\joshp\curseforge\minecraft\Instances\Alive Dev\saves\Desire Paths\datapacks_uncompiled\temp_dir\data\minecraft\structure\bastion\hoglin_stable\connectors\
	  *EXTRA File 		     318	C:\Users\joshp\curseforge\minecraft\Instances\Alive Dev\saves\Desire Paths\datapacks_uncompiled\temp_dir\data\minecraft\structure\bastion\hoglin_stable\connectors\end_post_connector.nbt
	*EXTRA Dir        -1	C:\Users\joshp\curseforge\minecraft\Instances\Alive Dev\saves\Desire Paths\datapacks_uncompiled\temp_dir\data\minecraft\structure\bastion\hoglin_stable\large_stables\
	  *EXTRA File 		    1869	C:\Users\joshp\curseforge\minecraft\Instances\Alive Dev\saves\Desire Paths\datapacks_uncompiled\temp_dir\data\minecraft\structure\bastion\hoglin_stable\large_stables\inner_0.nbt
	  *EXTRA File 		    2008	C:\Users\joshp\curseforge\minecraft\Instances\Alive Dev\saves\Desire Paths\datapacks_uncompiled\temp_dir\data\minecraft\structure\bastion\hoglin_stable\large_stables\inner_1.nbt
	  *EXTRA File 		    2279	C:\Users\joshp\curseforge\minecraft\Instances\Alive Dev\saves\Desire Paths\datapacks_uncompiled\temp_dir\data\minecraft\structure\bastion\hoglin_stable\large_stables\inner_2.nbt
	  *EXTRA File 		    2295	C:\Users\joshp\curseforge\minecraft\Instances\Alive Dev\saves\Desire Paths\datapacks_uncompiled\temp_dir\data\minecraft\structure\bastion\hoglin_stable\large_stables\inner_3.nbt
	  *EXTRA File 		    2019	C:\Users\joshp\curseforge\minecraft\Instances\Alive Dev\saves\Desire Paths\datapacks_uncompiled\temp_dir\data\minecraft\structure\bastion\hoglin_stable\large_stables\inner_4.nbt
	  *EXTRA File 		    1942	C:\Users\joshp\curseforge\minecraft\Instances\Alive Dev\saves\Desire Paths\datapacks_uncompiled\temp_dir\data\minecraft\structure\bastion\hoglin_stable\large_stables\outer_0.nbt
	  *EXTRA File 		    2244	C:\Users\joshp\curseforge\minecraft\Instances\Alive Dev\saves\Desire Paths\datapacks_uncompiled\temp_dir\data\minecraft\structure\bastion\hoglin_stable\large_stables\outer_1.nbt
	  *EXTRA File 		    2476	C:\Users\joshp\curseforge\minecraft\Instances\Alive Dev\saves\Desire Paths\datapacks_uncompiled\temp_dir\data\minecraft\structure\bastion\hoglin_stable\large_stables\outer_2.nbt
	  *EXTRA File 		    2345	C:\Users\joshp\curseforge\minecraft\Instances\Alive Dev\saves\Desire Paths\datapacks_uncompiled\temp_dir\data\minecraft\structure\bastion\hoglin_stable\large_stables\outer_3.nbt
	  *EXTRA File 		    2296	C:\Users\joshp\curseforge\minecraft\Instances\Alive Dev\saves\Desire Paths\datapacks_uncompiled\temp_dir\data\minecraft\structure\bastion\hoglin_stable\large_stables\outer_4.nbt
	*EXTRA Dir        -1	C:\Users\joshp\curseforge\minecraft\Instances\Alive Dev\saves\Desire Paths\datapacks_uncompiled\temp_dir\data\minecraft\structure\bastion\hoglin_stable\posts\
	  *EXTRA File 		     604	C:\Users\joshp\curseforge\minecraft\Instances\Alive Dev\saves\Desire Paths\datapacks_uncompiled\temp_dir\data\minecraft\structure\bastion\hoglin_stable\posts\end_post.nbt
	  *EXTRA File 		    1168	C:\Users\joshp\curseforge\minecraft\Instances\Alive Dev\saves\Desire Paths\datapacks_uncompiled\temp_dir\data\minecraft\structure\bastion\hoglin_stable\posts\stair_post.nbt
	*EXTRA Dir        -1	C:\Users\joshp\curseforge\minecraft\Instances\Alive Dev\saves\Desire Paths\datapacks_uncompiled\temp_dir\data\minecraft\structure\bastion\hoglin_stable\ramparts\
	  *EXTRA File 		   19532	C:\Users\joshp\curseforge\minecraft\Instances\Alive Dev\saves\Desire Paths\datapacks_uncompiled\temp_dir\data\minecraft\structure\bastion\hoglin_stable\ramparts\ramparts_1.nbt
	  *EXTRA File 		   12249	C:\Users\joshp\curseforge\minecraft\Instances\Alive Dev\saves\Desire Paths\datapacks_uncompiled\temp_dir\data\minecraft\structure\bastion\hoglin_stable\ramparts\ramparts_2.nbt
	  *EXTRA File 		    6318	C:\Users\joshp\curseforge\minecraft\Instances\Alive Dev\saves\Desire Paths\datapacks_uncompiled\temp_dir\data\minecraft\structure\bastion\hoglin_stable\ramparts\ramparts_3.nbt
	*EXTRA Dir        -1	C:\Users\joshp\curseforge\minecraft\Instances\Alive Dev\saves\Desire Paths\datapacks_uncompiled\temp_dir\data\minecraft\structure\bastion\hoglin_stable\rampart_plates\
	  *EXTRA File 		    2090	C:\Users\joshp\curseforge\minecraft\Instances\Alive Dev\saves\Desire Paths\datapacks_uncompiled\temp_dir\data\minecraft\structure\bastion\hoglin_stable\rampart_plates\rampart_plate_1.nbt
	*EXTRA Dir        -1	C:\Users\joshp\curseforge\minecraft\Instances\Alive Dev\saves\Desire Paths\datapacks_uncompiled\temp_dir\data\minecraft\structure\bastion\hoglin_stable\small_stables\
	  *EXTRA File 		    1871	C:\Users\joshp\curseforge\minecraft\Instances\Alive Dev\saves\Desire Paths\datapacks_uncompiled\temp_dir\data\minecraft\structure\bastion\hoglin_stable\small_stables\inner_0.nbt
	  *EXTRA File 		    1942	C:\Users\joshp\curseforge\minecraft\Instances\Alive Dev\saves\Desire Paths\datapacks_uncompiled\temp_dir\data\minecraft\structure\bastion\hoglin_stable\small_stables\inner_1.nbt
	  *EXTRA File 		    2152	C:\Users\joshp\curseforge\minecraft\Instances\Alive Dev\saves\Desire Paths\datapacks_uncompiled\temp_dir\data\minecraft\structure\bastion\hoglin_stable\small_stables\inner_2.nbt
	  *EXTRA File 		    1675	C:\Users\joshp\curseforge\minecraft\Instances\Alive Dev\saves\Desire Paths\datapacks_uncompiled\temp_dir\data\minecraft\structure\bastion\hoglin_stable\small_stables\inner_3.nbt
	  *EXTRA File 		    2077	C:\Users\joshp\curseforge\minecraft\Instances\Alive Dev\saves\Desire Paths\datapacks_uncompiled\temp_dir\data\minecraft\structure\bastion\hoglin_stable\small_stables\outer_0.nbt
	  *EXTRA File 		    2010	C:\Users\joshp\curseforge\minecraft\Instances\Alive Dev\saves\Desire Paths\datapacks_uncompiled\temp_dir\data\minecraft\structure\bastion\hoglin_stable\small_stables\outer_1.nbt
	  *EXTRA File 		    2077	C:\Users\joshp\curseforge\minecraft\Instances\Alive Dev\saves\Desire Paths\datapacks_uncompiled\temp_dir\data\minecraft\structure\bastion\hoglin_stable\small_stables\outer_2.nbt
	  *EXTRA File 		    1847	C:\Users\joshp\curseforge\minecraft\Instances\Alive Dev\saves\Desire Paths\datapacks_uncompiled\temp_dir\data\minecraft\structure\bastion\hoglin_stable\small_stables\outer_3.nbt
	*EXTRA Dir        -1	C:\Users\joshp\curseforge\minecraft\Instances\Alive Dev\saves\Desire Paths\datapacks_uncompiled\temp_dir\data\minecraft\structure\bastion\hoglin_stable\stairs\
	  *EXTRA File 		    4211	C:\Users\joshp\curseforge\minecraft\Instances\Alive Dev\saves\Desire Paths\datapacks_uncompiled\temp_dir\data\minecraft\structure\bastion\hoglin_stable\stairs\stairs_1_0.nbt
	  *EXTRA File 		    4079	C:\Users\joshp\curseforge\minecraft\Instances\Alive Dev\saves\Desire Paths\datapacks_uncompiled\temp_dir\data\minecraft\structure\bastion\hoglin_stable\stairs\stairs_1_1.nbt
	  *EXTRA File 		    4116	C:\Users\joshp\curseforge\minecraft\Instances\Alive Dev\saves\Desire Paths\datapacks_uncompiled\temp_dir\data\minecraft\structure\bastion\hoglin_stable\stairs\stairs_1_2.nbt
	  *EXTRA File 		    4311	C:\Users\joshp\curseforge\minecraft\Instances\Alive Dev\saves\Desire Paths\datapacks_uncompiled\temp_dir\data\minecraft\structure\bastion\hoglin_stable\stairs\stairs_1_3.nbt
	  *EXTRA File 		    4245	C:\Users\joshp\curseforge\minecraft\Instances\Alive Dev\saves\Desire Paths\datapacks_uncompiled\temp_dir\data\minecraft\structure\bastion\hoglin_stable\stairs\stairs_1_4.nbt
	  *EXTRA File 		    4173	C:\Users\joshp\curseforge\minecraft\Instances\Alive Dev\saves\Desire Paths\datapacks_uncompiled\temp_dir\data\minecraft\structure\bastion\hoglin_stable\stairs\stairs_2_0.nbt
	  *EXTRA File 		    4058	C:\Users\joshp\curseforge\minecraft\Instances\Alive Dev\saves\Desire Paths\datapacks_uncompiled\temp_dir\data\minecraft\structure\bastion\hoglin_stable\stairs\stairs_2_1.nbt
	  *EXTRA File 		    3930	C:\Users\joshp\curseforge\minecraft\Instances\Alive Dev\saves\Desire Paths\datapacks_uncompiled\temp_dir\data\minecraft\structure\bastion\hoglin_stable\stairs\stairs_2_2.nbt
	  *EXTRA File 		    3238	C:\Users\joshp\curseforge\minecraft\Instances\Alive Dev\saves\Desire Paths\datapacks_uncompiled\temp_dir\data\minecraft\structure\bastion\hoglin_stable\stairs\stairs_2_3.nbt
	  *EXTRA File 		    4160	C:\Users\joshp\curseforge\minecraft\Instances\Alive Dev\saves\Desire Paths\datapacks_uncompiled\temp_dir\data\minecraft\structure\bastion\hoglin_stable\stairs\stairs_2_4.nbt
	  *EXTRA File 		    3870	C:\Users\joshp\curseforge\minecraft\Instances\Alive Dev\saves\Desire Paths\datapacks_uncompiled\temp_dir\data\minecraft\structure\bastion\hoglin_stable\stairs\stairs_3_0.nbt
	  *EXTRA File 		    3755	C:\Users\joshp\curseforge\minecraft\Instances\Alive Dev\saves\Desire Paths\datapacks_uncompiled\temp_dir\data\minecraft\structure\bastion\hoglin_stable\stairs\stairs_3_1.nbt
	  *EXTRA File 		    4018	C:\Users\joshp\curseforge\minecraft\Instances\Alive Dev\saves\Desire Paths\datapacks_uncompiled\temp_dir\data\minecraft\structure\bastion\hoglin_stable\stairs\stairs_3_2.nbt
	  *EXTRA File 		    4154	C:\Users\joshp\curseforge\minecraft\Instances\Alive Dev\saves\Desire Paths\datapacks_uncompiled\temp_dir\data\minecraft\structure\bastion\hoglin_stable\stairs\stairs_3_3.nbt
	  *EXTRA File 		    2641	C:\Users\joshp\curseforge\minecraft\Instances\Alive Dev\saves\Desire Paths\datapacks_uncompiled\temp_dir\data\minecraft\structure\bastion\hoglin_stable\stairs\stairs_3_4.nbt
	*EXTRA Dir        -1	C:\Users\joshp\curseforge\minecraft\Instances\Alive Dev\saves\Desire Paths\datapacks_uncompiled\temp_dir\data\minecraft\structure\bastion\hoglin_stable\starting_pieces\
	  *EXTRA File 		    4449	C:\Users\joshp\curseforge\minecraft\Instances\Alive Dev\saves\Desire Paths\datapacks_uncompiled\temp_dir\data\minecraft\structure\bastion\hoglin_stable\starting_pieces\stairs_0_mirrored.nbt
	  *EXTRA File 		    4411	C:\Users\joshp\curseforge\minecraft\Instances\Alive Dev\saves\Desire Paths\datapacks_uncompiled\temp_dir\data\minecraft\structure\bastion\hoglin_stable\starting_pieces\stairs_1_mirrored.nbt
	  *EXTRA File 		    4414	C:\Users\joshp\curseforge\minecraft\Instances\Alive Dev\saves\Desire Paths\datapacks_uncompiled\temp_dir\data\minecraft\structure\bastion\hoglin_stable\starting_pieces\stairs_2_mirrored.nbt
	  *EXTRA File 		    4605	C:\Users\joshp\curseforge\minecraft\Instances\Alive Dev\saves\Desire Paths\datapacks_uncompiled\temp_dir\data\minecraft\structure\bastion\hoglin_stable\starting_pieces\stairs_3_mirrored.nbt
	  *EXTRA File 		    4370	C:\Users\joshp\curseforge\minecraft\Instances\Alive Dev\saves\Desire Paths\datapacks_uncompiled\temp_dir\data\minecraft\structure\bastion\hoglin_stable\starting_pieces\stairs_4_mirrored.nbt
	  *EXTRA File 		    4305	C:\Users\joshp\curseforge\minecraft\Instances\Alive Dev\saves\Desire Paths\datapacks_uncompiled\temp_dir\data\minecraft\structure\bastion\hoglin_stable\starting_pieces\starting_stairs_0.nbt
	  *EXTRA File 		    4583	C:\Users\joshp\curseforge\minecraft\Instances\Alive Dev\saves\Desire Paths\datapacks_uncompiled\temp_dir\data\minecraft\structure\bastion\hoglin_stable\starting_pieces\starting_stairs_1.nbt
	  *EXTRA File 		    4540	C:\Users\joshp\curseforge\minecraft\Instances\Alive Dev\saves\Desire Paths\datapacks_uncompiled\temp_dir\data\minecraft\structure\bastion\hoglin_stable\starting_pieces\starting_stairs_2.nbt
	  *EXTRA File 		    4601	C:\Users\joshp\curseforge\minecraft\Instances\Alive Dev\saves\Desire Paths\datapacks_uncompiled\temp_dir\data\minecraft\structure\bastion\hoglin_stable\starting_pieces\starting_stairs_3.nbt
	  *EXTRA File 		    4424	C:\Users\joshp\curseforge\minecraft\Instances\Alive Dev\saves\Desire Paths\datapacks_uncompiled\temp_dir\data\minecraft\structure\bastion\hoglin_stable\starting_pieces\starting_stairs_4.nbt
	*EXTRA Dir        -1	C:\Users\joshp\curseforge\minecraft\Instances\Alive Dev\saves\Desire Paths\datapacks_uncompiled\temp_dir\data\minecraft\structure\bastion\hoglin_stable\walls\
	  *EXTRA File 		   17432	C:\Users\joshp\curseforge\minecraft\Instances\Alive Dev\saves\Desire Paths\datapacks_uncompiled\temp_dir\data\minecraft\structure\bastion\hoglin_stable\walls\side_wall_0.nbt
	  *EXTRA File 		   17978	C:\Users\joshp\curseforge\minecraft\Instances\Alive Dev\saves\Desire Paths\datapacks_uncompiled\temp_dir\data\minecraft\structure\bastion\hoglin_stable\walls\side_wall_1.nbt
	  *EXTRA File 		   17555	C:\Users\joshp\curseforge\minecraft\Instances\Alive Dev\saves\Desire Paths\datapacks_uncompiled\temp_dir\data\minecraft\structure\bastion\hoglin_stable\walls\wall_base.nbt
	*EXTRA Dir        -1	C:\Users\joshp\curseforge\minecraft\Instances\Alive Dev\saves\Desire Paths\datapacks_uncompiled\temp_dir\data\minecraft\structure\bastion\mobs\
	  *EXTRA File 		     710	C:\Users\joshp\curseforge\minecraft\Instances\Alive Dev\saves\Desire Paths\datapacks_uncompiled\temp_dir\data\minecraft\structure\bastion\mobs\crossbow_piglin.nbt
	  *EXTRA File 		     246	C:\Users\joshp\curseforge\minecraft\Instances\Alive Dev\saves\Desire Paths\datapacks_uncompiled\temp_dir\data\minecraft\structure\bastion\mobs\empty.nbt
	  *EXTRA File 		     726	C:\Users\joshp\curseforge\minecraft\Instances\Alive Dev\saves\Desire Paths\datapacks_uncompiled\temp_dir\data\minecraft\structure\bastion\mobs\hoglin.nbt
	  *EXTRA File 		     675	C:\Users\joshp\curseforge\minecraft\Instances\Alive Dev\saves\Desire Paths\datapacks_uncompiled\temp_dir\data\minecraft\structure\bastion\mobs\melee_piglin.nbt
	  *EXTRA File 		     673	C:\Users\joshp\curseforge\minecraft\Instances\Alive Dev\saves\Desire Paths\datapacks_uncompiled\temp_dir\data\minecraft\structure\bastion\mobs\melee_piglin_always.nbt
	  *EXTRA File 		     713	C:\Users\joshp\curseforge\minecraft\Instances\Alive Dev\saves\Desire Paths\datapacks_uncompiled\temp_dir\data\minecraft\structure\bastion\mobs\sword_piglin.nbt
	*EXTRA Dir        -1	C:\Users\joshp\curseforge\minecraft\Instances\Alive Dev\saves\Desire Paths\datapacks_uncompiled\temp_dir\data\minecraft\structure\bastion\treasure\
	  *EXTRA File 		   69674	C:\Users\joshp\curseforge\minecraft\Instances\Alive Dev\saves\Desire Paths\datapacks_uncompiled\temp_dir\data\minecraft\structure\bastion\treasure\big_air_full.nbt
	*EXTRA Dir        -1	C:\Users\joshp\curseforge\minecraft\Instances\Alive Dev\saves\Desire Paths\datapacks_uncompiled\temp_dir\data\minecraft\structure\bastion\treasure\bases\
	  *EXTRA File 		    6145	C:\Users\joshp\curseforge\minecraft\Instances\Alive Dev\saves\Desire Paths\datapacks_uncompiled\temp_dir\data\minecraft\structure\bastion\treasure\bases\lava_basin.nbt
	*EXTRA Dir        -1	C:\Users\joshp\curseforge\minecraft\Instances\Alive Dev\saves\Desire Paths\datapacks_uncompiled\temp_dir\data\minecraft\structure\bastion\treasure\bases\centers\
	  *EXTRA File 		    1051	C:\Users\joshp\curseforge\minecraft\Instances\Alive Dev\saves\Desire Paths\datapacks_uncompiled\temp_dir\data\minecraft\structure\bastion\treasure\bases\centers\center_0.nbt
	  *EXTRA File 		     973	C:\Users\joshp\curseforge\minecraft\Instances\Alive Dev\saves\Desire Paths\datapacks_uncompiled\temp_dir\data\minecraft\structure\bastion\treasure\bases\centers\center_1.nbt
	  *EXTRA File 		    1082	C:\Users\joshp\curseforge\minecraft\Instances\Alive Dev\saves\Desire Paths\datapacks_uncompiled\temp_dir\data\minecraft\structure\bastion\treasure\bases\centers\center_2.nbt
	  *EXTRA File 		     743	C:\Users\joshp\curseforge\minecraft\Instances\Alive Dev\saves\Desire Paths\datapacks_uncompiled\temp_dir\data\minecraft\structure\bastion\treasure\bases\centers\center_3.nbt
	*EXTRA Dir        -1	C:\Users\joshp\curseforge\minecraft\Instances\Alive Dev\saves\Desire Paths\datapacks_uncompiled\temp_dir\data\minecraft\structure\bastion\treasure\brains\
	  *EXTRA File 		     439	C:\Users\joshp\curseforge\minecraft\Instances\Alive Dev\saves\Desire Paths\datapacks_uncompiled\temp_dir\data\minecraft\structure\bastion\treasure\brains\center_brain.nbt
	*EXTRA Dir        -1	C:\Users\joshp\curseforge\minecraft\Instances\Alive Dev\saves\Desire Paths\datapacks_uncompiled\temp_dir\data\minecraft\structure\bastion\treasure\connectors\
	  *EXTRA File 		     320	C:\Users\joshp\curseforge\minecraft\Instances\Alive Dev\saves\Desire Paths\datapacks_uncompiled\temp_dir\data\minecraft\structure\bastion\treasure\connectors\center_to_wall_middle.nbt
	  *EXTRA File 		     317	C:\Users\joshp\curseforge\minecraft\Instances\Alive Dev\saves\Desire Paths\datapacks_uncompiled\temp_dir\data\minecraft\structure\bastion\treasure\connectors\center_to_wall_top.nbt
	  *EXTRA File 		     330	C:\Users\joshp\curseforge\minecraft\Instances\Alive Dev\saves\Desire Paths\datapacks_uncompiled\temp_dir\data\minecraft\structure\bastion\treasure\connectors\center_to_wall_top_entrance.nbt
	*EXTRA Dir        -1	C:\Users\joshp\curseforge\minecraft\Instances\Alive Dev\saves\Desire Paths\datapacks_uncompiled\temp_dir\data\minecraft\structure\bastion\treasure\corners\
	*EXTRA Dir        -1	C:\Users\joshp\curseforge\minecraft\Instances\Alive Dev\saves\Desire Paths\datapacks_uncompiled\temp_dir\data\minecraft\structure\bastion\treasure\corners\bottom\
	  *EXTRA File 		    1729	C:\Users\joshp\curseforge\minecraft\Instances\Alive Dev\saves\Desire Paths\datapacks_uncompiled\temp_dir\data\minecraft\structure\bastion\treasure\corners\bottom\corner_0.nbt
	  *EXTRA File 		    1697	C:\Users\joshp\curseforge\minecraft\Instances\Alive Dev\saves\Desire Paths\datapacks_uncompiled\temp_dir\data\minecraft\structure\bastion\treasure\corners\bottom\corner_1.nbt
	*EXTRA Dir        -1	C:\Users\joshp\curseforge\minecraft\Instances\Alive Dev\saves\Desire Paths\datapacks_uncompiled\temp_dir\data\minecraft\structure\bastion\treasure\corners\edges\
	  *EXTRA File 		     506	C:\Users\joshp\curseforge\minecraft\Instances\Alive Dev\saves\Desire Paths\datapacks_uncompiled\temp_dir\data\minecraft\structure\bastion\treasure\corners\edges\bottom.nbt
	  *EXTRA File 		     477	C:\Users\joshp\curseforge\minecraft\Instances\Alive Dev\saves\Desire Paths\datapacks_uncompiled\temp_dir\data\minecraft\structure\bastion\treasure\corners\edges\middle.nbt
	  *EXTRA File 		     504	C:\Users\joshp\curseforge\minecraft\Instances\Alive Dev\saves\Desire Paths\datapacks_uncompiled\temp_dir\data\minecraft\structure\bastion\treasure\corners\edges\top.nbt
	*EXTRA Dir        -1	C:\Users\joshp\curseforge\minecraft\Instances\Alive Dev\saves\Desire Paths\datapacks_uncompiled\temp_dir\data\minecraft\structure\bastion\treasure\corners\middle\
	  *EXTRA File 		    1610	C:\Users\joshp\curseforge\minecraft\Instances\Alive Dev\saves\Desire Paths\datapacks_uncompiled\temp_dir\data\minecraft\structure\bastion\treasure\corners\middle\corner_0.nbt
	  *EXTRA File 		    1588	C:\Users\joshp\curseforge\minecraft\Instances\Alive Dev\saves\Desire Paths\datapacks_uncompiled\temp_dir\data\minecraft\structure\bastion\treasure\corners\middle\corner_1.nbt
	*EXTRA Dir        -1	C:\Users\joshp\curseforge\minecraft\Instances\Alive Dev\saves\Desire Paths\datapacks_uncompiled\temp_dir\data\minecraft\structure\bastion\treasure\corners\top\
	  *EXTRA File 		    1593	C:\Users\joshp\curseforge\minecraft\Instances\Alive Dev\saves\Desire Paths\datapacks_uncompiled\temp_dir\data\minecraft\structure\bastion\treasure\corners\top\corner_0.nbt
	  *EXTRA File 		    1622	C:\Users\joshp\curseforge\minecraft\Instances\Alive Dev\saves\Desire Paths\datapacks_uncompiled\temp_dir\data\minecraft\structure\bastion\treasure\corners\top\corner_1.nbt
	*EXTRA Dir        -1	C:\Users\joshp\curseforge\minecraft\Instances\Alive Dev\saves\Desire Paths\datapacks_uncompiled\temp_dir\data\minecraft\structure\bastion\treasure\entrances\
	  *EXTRA File 		   10585	C:\Users\joshp\curseforge\minecraft\Instances\Alive Dev\saves\Desire Paths\datapacks_uncompiled\temp_dir\data\minecraft\structure\bastion\treasure\entrances\entrance_0.nbt
	*EXTRA Dir        -1	C:\Users\joshp\curseforge\minecraft\Instances\Alive Dev\saves\Desire Paths\datapacks_uncompiled\temp_dir\data\minecraft\structure\bastion\treasure\extensions\
	  *EXTRA File 		     250	C:\Users\joshp\curseforge\minecraft\Instances\Alive Dev\saves\Desire Paths\datapacks_uncompiled\temp_dir\data\minecraft\structure\bastion\treasure\extensions\empty.nbt
	  *EXTRA File 		    1807	C:\Users\joshp\curseforge\minecraft\Instances\Alive Dev\saves\Desire Paths\datapacks_uncompiled\temp_dir\data\minecraft\structure\bastion\treasure\extensions\fire_room.nbt
	  *EXTRA File 		    2067	C:\Users\joshp\curseforge\minecraft\Instances\Alive Dev\saves\Desire Paths\datapacks_uncompiled\temp_dir\data\minecraft\structure\bastion\treasure\extensions\house_0.nbt
	  *EXTRA File 		    2140	C:\Users\joshp\curseforge\minecraft\Instances\Alive Dev\saves\Desire Paths\datapacks_uncompiled\temp_dir\data\minecraft\structure\bastion\treasure\extensions\house_1.nbt
	  *EXTRA File 		     488	C:\Users\joshp\curseforge\minecraft\Instances\Alive Dev\saves\Desire Paths\datapacks_uncompiled\temp_dir\data\minecraft\structure\bastion\treasure\extensions\large_bridge_0.nbt
	  *EXTRA File 		     433	C:\Users\joshp\curseforge\minecraft\Instances\Alive Dev\saves\Desire Paths\datapacks_uncompiled\temp_dir\data\minecraft\structure\bastion\treasure\extensions\large_bridge_1.nbt
	  *EXTRA File 		     549	C:\Users\joshp\curseforge\minecraft\Instances\Alive Dev\saves\Desire Paths\datapacks_uncompiled\temp_dir\data\minecraft\structure\bastion\treasure\extensions\large_bridge_2.nbt
	  *EXTRA File 		     597	C:\Users\joshp\curseforge\minecraft\Instances\Alive Dev\saves\Desire Paths\datapacks_uncompiled\temp_dir\data\minecraft\structure\bastion\treasure\extensions\large_bridge_3.nbt
	  *EXTRA File 		     684	C:\Users\joshp\curseforge\minecraft\Instances\Alive Dev\saves\Desire Paths\datapacks_uncompiled\temp_dir\data\minecraft\structure\bastion\treasure\extensions\roofed_bridge.nbt
	  *EXTRA File 		     344	C:\Users\joshp\curseforge\minecraft\Instances\Alive Dev\saves\Desire Paths\datapacks_uncompiled\temp_dir\data\minecraft\structure\bastion\treasure\extensions\small_bridge_0.nbt
	  *EXTRA File 		     413	C:\Users\joshp\curseforge\minecraft\Instances\Alive Dev\saves\Desire Paths\datapacks_uncompiled\temp_dir\data\minecraft\structure\bastion\treasure\extensions\small_bridge_1.nbt
	  *EXTRA File 		     372	C:\Users\joshp\curseforge\minecraft\Instances\Alive Dev\saves\Desire Paths\datapacks_uncompiled\temp_dir\data\minecraft\structure\bastion\treasure\extensions\small_bridge_2.nbt
	  *EXTRA File 		     479	C:\Users\joshp\curseforge\minecraft\Instances\Alive Dev\saves\Desire Paths\datapacks_uncompiled\temp_dir\data\minecraft\structure\bastion\treasure\extensions\small_bridge_3.nbt
	*EXTRA Dir        -1	C:\Users\joshp\curseforge\minecraft\Instances\Alive Dev\saves\Desire Paths\datapacks_uncompiled\temp_dir\data\minecraft\structure\bastion\treasure\ramparts\
	  *EXTRA File 		   12765	C:\Users\joshp\curseforge\minecraft\Instances\Alive Dev\saves\Desire Paths\datapacks_uncompiled\temp_dir\data\minecraft\structure\bastion\treasure\ramparts\bottom_wall_0.nbt
	  *EXTRA File 		   29209	C:\Users\joshp\curseforge\minecraft\Instances\Alive Dev\saves\Desire Paths\datapacks_uncompiled\temp_dir\data\minecraft\structure\bastion\treasure\ramparts\lava_basin_main.nbt
	  *EXTRA File 		   27345	C:\Users\joshp\curseforge\minecraft\Instances\Alive Dev\saves\Desire Paths\datapacks_uncompiled\temp_dir\data\minecraft\structure\bastion\treasure\ramparts\lava_basin_side.nbt
	  *EXTRA File 		   21004	C:\Users\joshp\curseforge\minecraft\Instances\Alive Dev\saves\Desire Paths\datapacks_uncompiled\temp_dir\data\minecraft\structure\bastion\treasure\ramparts\mid_wall_main.nbt
	  *EXTRA File 		   19623	C:\Users\joshp\curseforge\minecraft\Instances\Alive Dev\saves\Desire Paths\datapacks_uncompiled\temp_dir\data\minecraft\structure\bastion\treasure\ramparts\mid_wall_side.nbt
	  *EXTRA File 		   10258	C:\Users\joshp\curseforge\minecraft\Instances\Alive Dev\saves\Desire Paths\datapacks_uncompiled\temp_dir\data\minecraft\structure\bastion\treasure\ramparts\top_wall.nbt
	*EXTRA Dir        -1	C:\Users\joshp\curseforge\minecraft\Instances\Alive Dev\saves\Desire Paths\datapacks_uncompiled\temp_dir\data\minecraft\structure\bastion\treasure\roofs\
	  *EXTRA File 		    3632	C:\Users\joshp\curseforge\minecraft\Instances\Alive Dev\saves\Desire Paths\datapacks_uncompiled\temp_dir\data\minecraft\structure\bastion\treasure\roofs\center_roof.nbt
	  *EXTRA File 		     430	C:\Users\joshp\curseforge\minecraft\Instances\Alive Dev\saves\Desire Paths\datapacks_uncompiled\temp_dir\data\minecraft\structure\bastion\treasure\roofs\corner_roof.nbt
	  *EXTRA File 		     988	C:\Users\joshp\curseforge\minecraft\Instances\Alive Dev\saves\Desire Paths\datapacks_uncompiled\temp_dir\data\minecraft\structure\bastion\treasure\roofs\wall_roof.nbt
	*EXTRA Dir        -1	C:\Users\joshp\curseforge\minecraft\Instances\Alive Dev\saves\Desire Paths\datapacks_uncompiled\temp_dir\data\minecraft\structure\bastion\treasure\stairs\
	  *EXTRA File 		     485	C:\Users\joshp\curseforge\minecraft\Instances\Alive Dev\saves\Desire Paths\datapacks_uncompiled\temp_dir\data\minecraft\structure\bastion\treasure\stairs\lower_stairs.nbt
	*EXTRA Dir        -1	C:\Users\joshp\curseforge\minecraft\Instances\Alive Dev\saves\Desire Paths\datapacks_uncompiled\temp_dir\data\minecraft\structure\bastion\treasure\walls\
	  *EXTRA File 		    2724	C:\Users\joshp\curseforge\minecraft\Instances\Alive Dev\saves\Desire Paths\datapacks_uncompiled\temp_dir\data\minecraft\structure\bastion\treasure\walls\entrance_wall.nbt
	  *EXTRA File 		    3308	C:\Users\joshp\curseforge\minecraft\Instances\Alive Dev\saves\Desire Paths\datapacks_uncompiled\temp_dir\data\minecraft\structure\bastion\treasure\walls\lava_wall.nbt
	*EXTRA Dir        -1	C:\Users\joshp\curseforge\minecraft\Instances\Alive Dev\saves\Desire Paths\datapacks_uncompiled\temp_dir\data\minecraft\structure\bastion\treasure\walls\bottom\
	  *EXTRA File 		    6264	C:\Users\joshp\curseforge\minecraft\Instances\Alive Dev\saves\Desire Paths\datapacks_uncompiled\temp_dir\data\minecraft\structure\bastion\treasure\walls\bottom\wall_0.nbt
	  *EXTRA File 		    6194	C:\Users\joshp\curseforge\minecraft\Instances\Alive Dev\saves\Desire Paths\datapacks_uncompiled\temp_dir\data\minecraft\structure\bastion\treasure\walls\bottom\wall_1.nbt
	  *EXTRA File 		    6142	C:\Users\joshp\curseforge\minecraft\Instances\Alive Dev\saves\Desire Paths\datapacks_uncompiled\temp_dir\data\minecraft\structure\bastion\treasure\walls\bottom\wall_2.nbt
	  *EXTRA File 		    6203	C:\Users\joshp\curseforge\minecraft\Instances\Alive Dev\saves\Desire Paths\datapacks_uncompiled\temp_dir\data\minecraft\structure\bastion\treasure\walls\bottom\wall_3.nbt
	*EXTRA Dir        -1	C:\Users\joshp\curseforge\minecraft\Instances\Alive Dev\saves\Desire Paths\datapacks_uncompiled\temp_dir\data\minecraft\structure\bastion\treasure\walls\mid\
	  *EXTRA File 		    6047	C:\Users\joshp\curseforge\minecraft\Instances\Alive Dev\saves\Desire Paths\datapacks_uncompiled\temp_dir\data\minecraft\structure\bastion\treasure\walls\mid\wall_0.nbt
	  *EXTRA File 		    5983	C:\Users\joshp\curseforge\minecraft\Instances\Alive Dev\saves\Desire Paths\datapacks_uncompiled\temp_dir\data\minecraft\structure\bastion\treasure\walls\mid\wall_1.nbt
	  *EXTRA File 		    6025	C:\Users\joshp\curseforge\minecraft\Instances\Alive Dev\saves\Desire Paths\datapacks_uncompiled\temp_dir\data\minecraft\structure\bastion\treasure\walls\mid\wall_2.nbt
	*EXTRA Dir        -1	C:\Users\joshp\curseforge\minecraft\Instances\Alive Dev\saves\Desire Paths\datapacks_uncompiled\temp_dir\data\minecraft\structure\bastion\treasure\walls\outer\
	  *EXTRA File 		     840	C:\Users\joshp\curseforge\minecraft\Instances\Alive Dev\saves\Desire Paths\datapacks_uncompiled\temp_dir\data\minecraft\structure\bastion\treasure\walls\outer\bottom_corner.nbt
	  *EXTRA File 		    2562	C:\Users\joshp\curseforge\minecraft\Instances\Alive Dev\saves\Desire Paths\datapacks_uncompiled\temp_dir\data\minecraft\structure\bastion\treasure\walls\outer\medium_outer_wall.nbt
	  *EXTRA File 		     825	C:\Users\joshp\curseforge\minecraft\Instances\Alive Dev\saves\Desire Paths\datapacks_uncompiled\temp_dir\data\minecraft\structure\bastion\treasure\walls\outer\mid_corner.nbt
	  *EXTRA File 		    2352	C:\Users\joshp\curseforge\minecraft\Instances\Alive Dev\saves\Desire Paths\datapacks_uncompiled\temp_dir\data\minecraft\structure\bastion\treasure\walls\outer\outer_wall.nbt
	  *EXTRA File 		    2724	C:\Users\joshp\curseforge\minecraft\Instances\Alive Dev\saves\Desire Paths\datapacks_uncompiled\temp_dir\data\minecraft\structure\bastion\treasure\walls\outer\tall_outer_wall.nbt
	  *EXTRA File 		     873	C:\Users\joshp\curseforge\minecraft\Instances\Alive Dev\saves\Desire Paths\datapacks_uncompiled\temp_dir\data\minecraft\structure\bastion\treasure\walls\outer\top_corner.nbt
	*EXTRA Dir        -1	C:\Users\joshp\curseforge\minecraft\Instances\Alive Dev\saves\Desire Paths\datapacks_uncompiled\temp_dir\data\minecraft\structure\bastion\treasure\walls\top\
	  *EXTRA File 		    5961	C:\Users\joshp\curseforge\minecraft\Instances\Alive Dev\saves\Desire Paths\datapacks_uncompiled\temp_dir\data\minecraft\structure\bastion\treasure\walls\top\main_entrance.nbt
	  *EXTRA File 		    5883	C:\Users\joshp\curseforge\minecraft\Instances\Alive Dev\saves\Desire Paths\datapacks_uncompiled\temp_dir\data\minecraft\structure\bastion\treasure\walls\top\wall_0.nbt
	  *EXTRA File 		    6017	C:\Users\joshp\curseforge\minecraft\Instances\Alive Dev\saves\Desire Paths\datapacks_uncompiled\temp_dir\data\minecraft\structure\bastion\treasure\walls\top\wall_1.nbt
	*EXTRA Dir        -1	C:\Users\joshp\curseforge\minecraft\Instances\Alive Dev\saves\Desire Paths\datapacks_uncompiled\temp_dir\data\minecraft\structure\bastion\units\
	  *EXTRA File 		   63633	C:\Users\joshp\curseforge\minecraft\Instances\Alive Dev\saves\Desire Paths\datapacks_uncompiled\temp_dir\data\minecraft\structure\bastion\units\air_base.nbt
	*EXTRA Dir        -1	C:\Users\joshp\curseforge\minecraft\Instances\Alive Dev\saves\Desire Paths\datapacks_uncompiled\temp_dir\data\minecraft\structure\bastion\units\center_pieces\
	  *EXTRA File 		    2973	C:\Users\joshp\curseforge\minecraft\Instances\Alive Dev\saves\Desire Paths\datapacks_uncompiled\temp_dir\data\minecraft\structure\bastion\units\center_pieces\center_0.nbt
	  *EXTRA File 		    3279	C:\Users\joshp\curseforge\minecraft\Instances\Alive Dev\saves\Desire Paths\datapacks_uncompiled\temp_dir\data\minecraft\structure\bastion\units\center_pieces\center_1.nbt
	  *EXTRA File 		    3339	C:\Users\joshp\curseforge\minecraft\Instances\Alive Dev\saves\Desire Paths\datapacks_uncompiled\temp_dir\data\minecraft\structure\bastion\units\center_pieces\center_2.nbt
	*EXTRA Dir        -1	C:\Users\joshp\curseforge\minecraft\Instances\Alive Dev\saves\Desire Paths\datapacks_uncompiled\temp_dir\data\minecraft\structure\bastion\units\edges\
	  *EXTRA File 		    2335	C:\Users\joshp\curseforge\minecraft\Instances\Alive Dev\saves\Desire Paths\datapacks_uncompiled\temp_dir\data\minecraft\structure\bastion\units\edges\edge_0.nbt
	*EXTRA Dir        -1	C:\Users\joshp\curseforge\minecraft\Instances\Alive Dev\saves\Desire Paths\datapacks_uncompiled\temp_dir\data\minecraft\structure\bastion\units\fillers\
	  *EXTRA File 		    2423	C:\Users\joshp\curseforge\minecraft\Instances\Alive Dev\saves\Desire Paths\datapacks_uncompiled\temp_dir\data\minecraft\structure\bastion\units\fillers\stage_0.nbt
	*EXTRA Dir        -1	C:\Users\joshp\curseforge\minecraft\Instances\Alive Dev\saves\Desire Paths\datapacks_uncompiled\temp_dir\data\minecraft\structure\bastion\units\pathways\
	  *EXTRA File 		     376	C:\Users\joshp\curseforge\minecraft\Instances\Alive Dev\saves\Desire Paths\datapacks_uncompiled\temp_dir\data\minecraft\structure\bastion\units\pathways\pathway_0.nbt
	  *EXTRA File 		     381	C:\Users\joshp\curseforge\minecraft\Instances\Alive Dev\saves\Desire Paths\datapacks_uncompiled\temp_dir\data\minecraft\structure\bastion\units\pathways\pathway_wall_0.nbt
	*EXTRA Dir        -1	C:\Users\joshp\curseforge\minecraft\Instances\Alive Dev\saves\Desire Paths\datapacks_uncompiled\temp_dir\data\minecraft\structure\bastion\units\ramparts\
	  *EXTRA File 		   25133	C:\Users\joshp\curseforge\minecraft\Instances\Alive Dev\saves\Desire Paths\datapacks_uncompiled\temp_dir\data\minecraft\structure\bastion\units\ramparts\ramparts_0.nbt
	  *EXTRA File 		   12138	C:\Users\joshp\curseforge\minecraft\Instances\Alive Dev\saves\Desire Paths\datapacks_uncompiled\temp_dir\data\minecraft\structure\bastion\units\ramparts\ramparts_1.nbt
	  *EXTRA File 		    6940	C:\Users\joshp\curseforge\minecraft\Instances\Alive Dev\saves\Desire Paths\datapacks_uncompiled\temp_dir\data\minecraft\structure\bastion\units\ramparts\ramparts_2.nbt
	*EXTRA Dir        -1	C:\Users\joshp\curseforge\minecraft\Instances\Alive Dev\saves\Desire Paths\datapacks_uncompiled\temp_dir\data\minecraft\structure\bastion\units\rampart_plates\
	  *EXTRA File 		    3453	C:\Users\joshp\curseforge\minecraft\Instances\Alive Dev\saves\Desire Paths\datapacks_uncompiled\temp_dir\data\minecraft\structure\bastion\units\rampart_plates\plate_0.nbt
	*EXTRA Dir        -1	C:\Users\joshp\curseforge\minecraft\Instances\Alive Dev\saves\Desire Paths\datapacks_uncompiled\temp_dir\data\minecraft\structure\bastion\units\stages\
	  *EXTRA File 		    2480	C:\Users\joshp\curseforge\minecraft\Instances\Alive Dev\saves\Desire Paths\datapacks_uncompiled\temp_dir\data\minecraft\structure\bastion\units\stages\stage_0_0.nbt
	  *EXTRA File 		    2533	C:\Users\joshp\curseforge\minecraft\Instances\Alive Dev\saves\Desire Paths\datapacks_uncompiled\temp_dir\data\minecraft\structure\bastion\units\stages\stage_0_1.nbt
	  *EXTRA File 		    2632	C:\Users\joshp\curseforge\minecraft\Instances\Alive Dev\saves\Desire Paths\datapacks_uncompiled\temp_dir\data\minecraft\structure\bastion\units\stages\stage_0_2.nbt
	  *EXTRA File 		    2443	C:\Users\joshp\curseforge\minecraft\Instances\Alive Dev\saves\Desire Paths\datapacks_uncompiled\temp_dir\data\minecraft\structure\bastion\units\stages\stage_0_3.nbt
	  *EXTRA File 		    2379	C:\Users\joshp\curseforge\minecraft\Instances\Alive Dev\saves\Desire Paths\datapacks_uncompiled\temp_dir\data\minecraft\structure\bastion\units\stages\stage_1_0.nbt
	  *EXTRA File 		    2363	C:\Users\joshp\curseforge\minecraft\Instances\Alive Dev\saves\Desire Paths\datapacks_uncompiled\temp_dir\data\minecraft\structure\bastion\units\stages\stage_1_1.nbt
	  *EXTRA File 		    2407	C:\Users\joshp\curseforge\minecraft\Instances\Alive Dev\saves\Desire Paths\datapacks_uncompiled\temp_dir\data\minecraft\structure\bastion\units\stages\stage_1_2.nbt
	  *EXTRA File 		    2413	C:\Users\joshp\curseforge\minecraft\Instances\Alive Dev\saves\Desire Paths\datapacks_uncompiled\temp_dir\data\minecraft\structure\bastion\units\stages\stage_1_3.nbt
	  *EXTRA File 		    2343	C:\Users\joshp\curseforge\minecraft\Instances\Alive Dev\saves\Desire Paths\datapacks_uncompiled\temp_dir\data\minecraft\structure\bastion\units\stages\stage_2_0.nbt
	  *EXTRA File 		    2380	C:\Users\joshp\curseforge\minecraft\Instances\Alive Dev\saves\Desire Paths\datapacks_uncompiled\temp_dir\data\minecraft\structure\bastion\units\stages\stage_2_1.nbt
	  *EXTRA File 		     646	C:\Users\joshp\curseforge\minecraft\Instances\Alive Dev\saves\Desire Paths\datapacks_uncompiled\temp_dir\data\minecraft\structure\bastion\units\stages\stage_3_0.nbt
	  *EXTRA File 		     698	C:\Users\joshp\curseforge\minecraft\Instances\Alive Dev\saves\Desire Paths\datapacks_uncompiled\temp_dir\data\minecraft\structure\bastion\units\stages\stage_3_1.nbt
	  *EXTRA File 		     629	C:\Users\joshp\curseforge\minecraft\Instances\Alive Dev\saves\Desire Paths\datapacks_uncompiled\temp_dir\data\minecraft\structure\bastion\units\stages\stage_3_2.nbt
	  *EXTRA File 		     649	C:\Users\joshp\curseforge\minecraft\Instances\Alive Dev\saves\Desire Paths\datapacks_uncompiled\temp_dir\data\minecraft\structure\bastion\units\stages\stage_3_3.nbt
	*EXTRA Dir        -1	C:\Users\joshp\curseforge\minecraft\Instances\Alive Dev\saves\Desire Paths\datapacks_uncompiled\temp_dir\data\minecraft\structure\bastion\units\stages\rot\
	  *EXTRA File 		    2328	C:\Users\joshp\curseforge\minecraft\Instances\Alive Dev\saves\Desire Paths\datapacks_uncompiled\temp_dir\data\minecraft\structure\bastion\units\stages\rot\stage_1_0.nbt
	*EXTRA Dir        -1	C:\Users\joshp\curseforge\minecraft\Instances\Alive Dev\saves\Desire Paths\datapacks_uncompiled\temp_dir\data\minecraft\structure\bastion\units\walls\
	  *EXTRA File 		   17077	C:\Users\joshp\curseforge\minecraft\Instances\Alive Dev\saves\Desire Paths\datapacks_uncompiled\temp_dir\data\minecraft\structure\bastion\units\walls\connected_wall.nbt
	  *EXTRA File 		   17610	C:\Users\joshp\curseforge\minecraft\Instances\Alive Dev\saves\Desire Paths\datapacks_uncompiled\temp_dir\data\minecraft\structure\bastion\units\walls\wall_base.nbt
	*EXTRA Dir        -1	C:\Users\joshp\curseforge\minecraft\Instances\Alive Dev\saves\Desire Paths\datapacks_uncompiled\temp_dir\data\minecraft\structure\bastion\units\wall_units\
	  *EXTRA File 		    2718	C:\Users\joshp\curseforge\minecraft\Instances\Alive Dev\saves\Desire Paths\datapacks_uncompiled\temp_dir\data\minecraft\structure\bastion\units\wall_units\edge_0_large.nbt
	  *EXTRA File 		    2435	C:\Users\joshp\curseforge\minecraft\Instances\Alive Dev\saves\Desire Paths\datapacks_uncompiled\temp_dir\data\minecraft\structure\bastion\units\wall_units\unit_0.nbt
	*EXTRA Dir        -1	C:\Users\joshp\curseforge\minecraft\Instances\Alive Dev\saves\Desire Paths\datapacks_uncompiled\temp_dir\data\minecraft\structure\end_city\
	  *EXTRA File 		    1595	C:\Users\joshp\curseforge\minecraft\Instances\Alive Dev\saves\Desire Paths\datapacks_uncompiled\temp_dir\data\minecraft\structure\end_city\base_floor.nbt
	  *EXTRA File 		    1084	C:\Users\joshp\curseforge\minecraft\Instances\Alive Dev\saves\Desire Paths\datapacks_uncompiled\temp_dir\data\minecraft\structure\end_city\base_roof.nbt
	  *EXTRA File 		     486	C:\Users\joshp\curseforge\minecraft\Instances\Alive Dev\saves\Desire Paths\datapacks_uncompiled\temp_dir\data\minecraft\structure\end_city\bridge_end.nbt
	  *EXTRA File 		    1088	C:\Users\joshp\curseforge\minecraft\Instances\Alive Dev\saves\Desire Paths\datapacks_uncompiled\temp_dir\data\minecraft\structure\end_city\bridge_gentle_stairs.nbt
	  *EXTRA File 		     619	C:\Users\joshp\curseforge\minecraft\Instances\Alive Dev\saves\Desire Paths\datapacks_uncompiled\temp_dir\data\minecraft\structure\end_city\bridge_piece.nbt
	  *EXTRA File 		     728	C:\Users\joshp\curseforge\minecraft\Instances\Alive Dev\saves\Desire Paths\datapacks_uncompiled\temp_dir\data\minecraft\structure\end_city\bridge_steep_stairs.nbt
	  *EXTRA File 		    2204	C:\Users\joshp\curseforge\minecraft\Instances\Alive Dev\saves\Desire Paths\datapacks_uncompiled\temp_dir\data\minecraft\structure\end_city\fat_tower_base.nbt
	  *EXTRA File 		    4243	C:\Users\joshp\curseforge\minecraft\Instances\Alive Dev\saves\Desire Paths\datapacks_uncompiled\temp_dir\data\minecraft\structure\end_city\fat_tower_middle.nbt
	  *EXTRA File 		    5291	C:\Users\joshp\curseforge\minecraft\Instances\Alive Dev\saves\Desire Paths\datapacks_uncompiled\temp_dir\data\minecraft\structure\end_city\fat_tower_top.nbt
	  *EXTRA File 		    3580	C:\Users\joshp\curseforge\minecraft\Instances\Alive Dev\saves\Desire Paths\datapacks_uncompiled\temp_dir\data\minecraft\structure\end_city\second_floor_1.nbt
	  *EXTRA File 		    3842	C:\Users\joshp\curseforge\minecraft\Instances\Alive Dev\saves\Desire Paths\datapacks_uncompiled\temp_dir\data\minecraft\structure\end_city\second_floor_2.nbt
	  *EXTRA File 		    1302	C:\Users\joshp\curseforge\minecraft\Instances\Alive Dev\saves\Desire Paths\datapacks_uncompiled\temp_dir\data\minecraft\structure\end_city\second_roof.nbt
	  *EXTRA File 		   24414	C:\Users\joshp\curseforge\minecraft\Instances\Alive Dev\saves\Desire Paths\datapacks_uncompiled\temp_dir\data\minecraft\structure\end_city\ship.nbt
	  *EXTRA File 		    4389	C:\Users\joshp\curseforge\minecraft\Instances\Alive Dev\saves\Desire Paths\datapacks_uncompiled\temp_dir\data\minecraft\structure\end_city\third_floor_1.nbt
	  *EXTRA File 		    4825	C:\Users\joshp\curseforge\minecraft\Instances\Alive Dev\saves\Desire Paths\datapacks_uncompiled\temp_dir\data\minecraft\structure\end_city\third_floor_2.nbt
	  *EXTRA File 		    1656	C:\Users\joshp\curseforge\minecraft\Instances\Alive Dev\saves\Desire Paths\datapacks_uncompiled\temp_dir\data\minecraft\structure\end_city\third_roof.nbt
	  *EXTRA File 		     899	C:\Users\joshp\curseforge\minecraft\Instances\Alive Dev\saves\Desire Paths\datapacks_uncompiled\temp_dir\data\minecraft\structure\end_city\tower_base.nbt
	  *EXTRA File 		     958	C:\Users\joshp\curseforge\minecraft\Instances\Alive Dev\saves\Desire Paths\datapacks_uncompiled\temp_dir\data\minecraft\structure\end_city\tower_floor.nbt
	  *EXTRA File 		     863	C:\Users\joshp\curseforge\minecraft\Instances\Alive Dev\saves\Desire Paths\datapacks_uncompiled\temp_dir\data\minecraft\structure\end_city\tower_piece.nbt
	  *EXTRA File 		    1893	C:\Users\joshp\curseforge\minecraft\Instances\Alive Dev\saves\Desire Paths\datapacks_uncompiled\temp_dir\data\minecraft\structure\end_city\tower_top.nbt
	*EXTRA Dir        -1	C:\Users\joshp\curseforge\minecraft\Instances\Alive Dev\saves\Desire Paths\datapacks_uncompiled\temp_dir\data\minecraft\structure\fossil\
	  *EXTRA File 		     447	C:\Users\joshp\curseforge\minecraft\Instances\Alive Dev\saves\Desire Paths\datapacks_uncompiled\temp_dir\data\minecraft\structure\fossil\skull_1.nbt
	  *EXTRA File 		     423	C:\Users\joshp\curseforge\minecraft\Instances\Alive Dev\saves\Desire Paths\datapacks_uncompiled\temp_dir\data\minecraft\structure\fossil\skull_1_coal.nbt
	  *EXTRA File 		     424	C:\Users\joshp\curseforge\minecraft\Instances\Alive Dev\saves\Desire Paths\datapacks_uncompiled\temp_dir\data\minecraft\structure\fossil\skull_2.nbt
	  *EXTRA File 		     391	C:\Users\joshp\curseforge\minecraft\Instances\Alive Dev\saves\Desire Paths\datapacks_uncompiled\temp_dir\data\minecraft\structure\fossil\skull_2_coal.nbt
	  *EXTRA File 		     370	C:\Users\joshp\curseforge\minecraft\Instances\Alive Dev\saves\Desire Paths\datapacks_uncompiled\temp_dir\data\minecraft\structure\fossil\skull_3.nbt
	  *EXTRA File 		     342	C:\Users\joshp\curseforge\minecraft\Instances\Alive Dev\saves\Desire Paths\datapacks_uncompiled\temp_dir\data\minecraft\structure\fossil\skull_3_coal.nbt
	  *EXTRA File 		     281	C:\Users\joshp\curseforge\minecraft\Instances\Alive Dev\saves\Desire Paths\datapacks_uncompiled\temp_dir\data\minecraft\structure\fossil\skull_4.nbt
	  *EXTRA File 		     272	C:\Users\joshp\curseforge\minecraft\Instances\Alive Dev\saves\Desire Paths\datapacks_uncompiled\temp_dir\data\minecraft\structure\fossil\skull_4_coal.nbt
	  *EXTRA File 		     284	C:\Users\joshp\curseforge\minecraft\Instances\Alive Dev\saves\Desire Paths\datapacks_uncompiled\temp_dir\data\minecraft\structure\fossil\spine_1.nbt
	  *EXTRA File 		     278	C:\Users\joshp\curseforge\minecraft\Instances\Alive Dev\saves\Desire Paths\datapacks_uncompiled\temp_dir\data\minecraft\structure\fossil\spine_1_coal.nbt
	  *EXTRA File 		     382	C:\Users\joshp\curseforge\minecraft\Instances\Alive Dev\saves\Desire Paths\datapacks_uncompiled\temp_dir\data\minecraft\structure\fossil\spine_2.nbt
	  *EXTRA File 		     345	C:\Users\joshp\curseforge\minecraft\Instances\Alive Dev\saves\Desire Paths\datapacks_uncompiled\temp_dir\data\minecraft\structure\fossil\spine_2_coal.nbt
	  *EXTRA File 		     485	C:\Users\joshp\curseforge\minecraft\Instances\Alive Dev\saves\Desire Paths\datapacks_uncompiled\temp_dir\data\minecraft\structure\fossil\spine_3.nbt
	  *EXTRA File 		     459	C:\Users\joshp\curseforge\minecraft\Instances\Alive Dev\saves\Desire Paths\datapacks_uncompiled\temp_dir\data\minecraft\structure\fossil\spine_3_coal.nbt
	  *EXTRA File 		     544	C:\Users\joshp\curseforge\minecraft\Instances\Alive Dev\saves\Desire Paths\datapacks_uncompiled\temp_dir\data\minecraft\structure\fossil\spine_4.nbt
	  *EXTRA File 		     511	C:\Users\joshp\curseforge\minecraft\Instances\Alive Dev\saves\Desire Paths\datapacks_uncompiled\temp_dir\data\minecraft\structure\fossil\spine_4_coal.nbt
	*EXTRA Dir        -1	C:\Users\joshp\curseforge\minecraft\Instances\Alive Dev\saves\Desire Paths\datapacks_uncompiled\temp_dir\data\minecraft\structure\igloo\
	  *EXTRA File 		    2677	C:\Users\joshp\curseforge\minecraft\Instances\Alive Dev\saves\Desire Paths\datapacks_uncompiled\temp_dir\data\minecraft\structure\igloo\bottom.nbt
	  *EXTRA File 		     253	C:\Users\joshp\curseforge\minecraft\Instances\Alive Dev\saves\Desire Paths\datapacks_uncompiled\temp_dir\data\minecraft\structure\igloo\middle.nbt
	  *EXTRA File 		     902	C:\Users\joshp\curseforge\minecraft\Instances\Alive Dev\saves\Desire Paths\datapacks_uncompiled\temp_dir\data\minecraft\structure\igloo\top.nbt
	*EXTRA Dir        -1	C:\Users\joshp\curseforge\minecraft\Instances\Alive Dev\saves\Desire Paths\datapacks_uncompiled\temp_dir\data\minecraft\structure\nether_fossils\
	  *EXTRA File 		     406	C:\Users\joshp\curseforge\minecraft\Instances\Alive Dev\saves\Desire Paths\datapacks_uncompiled\temp_dir\data\minecraft\structure\nether_fossils\fossil_1.nbt
	  *EXTRA File 		     254	C:\Users\joshp\curseforge\minecraft\Instances\Alive Dev\saves\Desire Paths\datapacks_uncompiled\temp_dir\data\minecraft\structure\nether_fossils\fossil_10.nbt
	  *EXTRA File 		     679	C:\Users\joshp\curseforge\minecraft\Instances\Alive Dev\saves\Desire Paths\datapacks_uncompiled\temp_dir\data\minecraft\structure\nether_fossils\fossil_11.nbt
	  *EXTRA File 		     339	C:\Users\joshp\curseforge\minecraft\Instances\Alive Dev\saves\Desire Paths\datapacks_uncompiled\temp_dir\data\minecraft\structure\nether_fossils\fossil_12.nbt
	  *EXTRA File 		     513	C:\Users\joshp\curseforge\minecraft\Instances\Alive Dev\saves\Desire Paths\datapacks_uncompiled\temp_dir\data\minecraft\structure\nether_fossils\fossil_13.nbt
	  *EXTRA File 		     964	C:\Users\joshp\curseforge\minecraft\Instances\Alive Dev\saves\Desire Paths\datapacks_uncompiled\temp_dir\data\minecraft\structure\nether_fossils\fossil_14.nbt
	  *EXTRA File 		     270	C:\Users\joshp\curseforge\minecraft\Instances\Alive Dev\saves\Desire Paths\datapacks_uncompiled\temp_dir\data\minecraft\structure\nether_fossils\fossil_2.nbt
	  *EXTRA File 		     276	C:\Users\joshp\curseforge\minecraft\Instances\Alive Dev\saves\Desire Paths\datapacks_uncompiled\temp_dir\data\minecraft\structure\nether_fossils\fossil_3.nbt
	  *EXTRA File 		     236	C:\Users\joshp\curseforge\minecraft\Instances\Alive Dev\saves\Desire Paths\datapacks_uncompiled\temp_dir\data\minecraft\structure\nether_fossils\fossil_4.nbt
	  *EXTRA File 		     223	C:\Users\joshp\curseforge\minecraft\Instances\Alive Dev\saves\Desire Paths\datapacks_uncompiled\temp_dir\data\minecraft\structure\nether_fossils\fossil_5.nbt
	  *EXTRA File 		     664	C:\Users\joshp\curseforge\minecraft\Instances\Alive Dev\saves\Desire Paths\datapacks_uncompiled\temp_dir\data\minecraft\structure\nether_fossils\fossil_6.nbt
	  *EXTRA File 		     537	C:\Users\joshp\curseforge\minecraft\Instances\Alive Dev\saves\Desire Paths\datapacks_uncompiled\temp_dir\data\minecraft\structure\nether_fossils\fossil_7.nbt
	  *EXTRA File 		     238	C:\Users\joshp\curseforge\minecraft\Instances\Alive Dev\saves\Desire Paths\datapacks_uncompiled\temp_dir\data\minecraft\structure\nether_fossils\fossil_8.nbt
	  *EXTRA File 		     408	C:\Users\joshp\curseforge\minecraft\Instances\Alive Dev\saves\Desire Paths\datapacks_uncompiled\temp_dir\data\minecraft\structure\nether_fossils\fossil_9.nbt
	*EXTRA Dir        -1	C:\Users\joshp\curseforge\minecraft\Instances\Alive Dev\saves\Desire Paths\datapacks_uncompiled\temp_dir\data\minecraft\structure\pillager_outpost\
	  *EXTRA File 		   18178	C:\Users\joshp\curseforge\minecraft\Instances\Alive Dev\saves\Desire Paths\datapacks_uncompiled\temp_dir\data\minecraft\structure\pillager_outpost\base_plate.nbt
	  *EXTRA File 		    1612	C:\Users\joshp\curseforge\minecraft\Instances\Alive Dev\saves\Desire Paths\datapacks_uncompiled\temp_dir\data\minecraft\structure\pillager_outpost\feature_cage1.nbt
	  *EXTRA File 		    1009	C:\Users\joshp\curseforge\minecraft\Instances\Alive Dev\saves\Desire Paths\datapacks_uncompiled\temp_dir\data\minecraft\structure\pillager_outpost\feature_cage2.nbt
	  *EXTRA File 		    1755	C:\Users\joshp\curseforge\minecraft\Instances\Alive Dev\saves\Desire Paths\datapacks_uncompiled\temp_dir\data\minecraft\structure\pillager_outpost\feature_cage_with_allays.nbt
	  *EXTRA File 		     665	C:\Users\joshp\curseforge\minecraft\Instances\Alive Dev\saves\Desire Paths\datapacks_uncompiled\temp_dir\data\minecraft\structure\pillager_outpost\feature_logs.nbt
	  *EXTRA File 		    5420	C:\Users\joshp\curseforge\minecraft\Instances\Alive Dev\saves\Desire Paths\datapacks_uncompiled\temp_dir\data\minecraft\structure\pillager_outpost\feature_plate.nbt
	  *EXTRA File 		     586	C:\Users\joshp\curseforge\minecraft\Instances\Alive Dev\saves\Desire Paths\datapacks_uncompiled\temp_dir\data\minecraft\structure\pillager_outpost\feature_targets.nbt
	  *EXTRA File 		     856	C:\Users\joshp\curseforge\minecraft\Instances\Alive Dev\saves\Desire Paths\datapacks_uncompiled\temp_dir\data\minecraft\structure\pillager_outpost\feature_tent1.nbt
	  *EXTRA File 		     859	C:\Users\joshp\curseforge\minecraft\Instances\Alive Dev\saves\Desire Paths\datapacks_uncompiled\temp_dir\data\minecraft\structure\pillager_outpost\feature_tent2.nbt
	  *EXTRA File 		   14300	C:\Users\joshp\curseforge\minecraft\Instances\Alive Dev\saves\Desire Paths\datapacks_uncompiled\temp_dir\data\minecraft\structure\pillager_outpost\watchtower.nbt
	  *EXTRA File 		   16021	C:\Users\joshp\curseforge\minecraft\Instances\Alive Dev\saves\Desire Paths\datapacks_uncompiled\temp_dir\data\minecraft\structure\pillager_outpost\watchtower_overgrown.nbt
	*EXTRA Dir        -1	C:\Users\joshp\curseforge\minecraft\Instances\Alive Dev\saves\Desire Paths\datapacks_uncompiled\temp_dir\data\minecraft\structure\ruined_portal\
	  *EXTRA File 		    7295	C:\Users\joshp\curseforge\minecraft\Instances\Alive Dev\saves\Desire Paths\datapacks_uncompiled\temp_dir\data\minecraft\structure\ruined_portal\giant_portal_1.nbt
	  *EXTRA File 		    6898	C:\Users\joshp\curseforge\minecraft\Instances\Alive Dev\saves\Desire Paths\datapacks_uncompiled\temp_dir\data\minecraft\structure\ruined_portal\giant_portal_2.nbt
	  *EXTRA File 		    9443	C:\Users\joshp\curseforge\minecraft\Instances\Alive Dev\saves\Desire Paths\datapacks_uncompiled\temp_dir\data\minecraft\structure\ruined_portal\giant_portal_3.nbt
	  *EXTRA File 		    1453	C:\Users\joshp\curseforge\minecraft\Instances\Alive Dev\saves\Desire Paths\datapacks_uncompiled\temp_dir\data\minecraft\structure\ruined_portal\portal_1.nbt
	  *EXTRA File 		    2827	C:\Users\joshp\curseforge\minecraft\Instances\Alive Dev\saves\Desire Paths\datapacks_uncompiled\temp_dir\data\minecraft\structure\ruined_portal\portal_10.nbt
	  *EXTRA File 		    2735	C:\Users\joshp\curseforge\minecraft\Instances\Alive Dev\saves\Desire Paths\datapacks_uncompiled\temp_dir\data\minecraft\structure\ruined_portal\portal_2.nbt
	  *EXTRA File 		    1963	C:\Users\joshp\curseforge\minecraft\Instances\Alive Dev\saves\Desire Paths\datapacks_uncompiled\temp_dir\data\minecraft\structure\ruined_portal\portal_3.nbt
	  *EXTRA File 		    1867	C:\Users\joshp\curseforge\minecraft\Instances\Alive Dev\saves\Desire Paths\datapacks_uncompiled\temp_dir\data\minecraft\structure\ruined_portal\portal_4.nbt
	  *EXTRA File 		    2187	C:\Users\joshp\curseforge\minecraft\Instances\Alive Dev\saves\Desire Paths\datapacks_uncompiled\temp_dir\data\minecraft\structure\ruined_portal\portal_5.nbt
	  *EXTRA File 		     951	C:\Users\joshp\curseforge\minecraft\Instances\Alive Dev\saves\Desire Paths\datapacks_uncompiled\temp_dir\data\minecraft\structure\ruined_portal\portal_6.nbt
	  *EXTRA File 		    1798	C:\Users\joshp\curseforge\minecraft\Instances\Alive Dev\saves\Desire Paths\datapacks_uncompiled\temp_dir\data\minecraft\structure\ruined_portal\portal_7.nbt
	  *EXTRA File 		    3330	C:\Users\joshp\curseforge\minecraft\Instances\Alive Dev\saves\Desire Paths\datapacks_uncompiled\temp_dir\data\minecraft\structure\ruined_portal\portal_8.nbt
	  *EXTRA File 		    2168	C:\Users\joshp\curseforge\minecraft\Instances\Alive Dev\saves\Desire Paths\datapacks_uncompiled\temp_dir\data\minecraft\structure\ruined_portal\portal_9.nbt
	*EXTRA Dir        -1	C:\Users\joshp\curseforge\minecraft\Instances\Alive Dev\saves\Desire Paths\datapacks_uncompiled\temp_dir\data\minecraft\structure\shipwreck\
	  *EXTRA File 		    2713	C:\Users\joshp\curseforge\minecraft\Instances\Alive Dev\saves\Desire Paths\datapacks_uncompiled\temp_dir\data\minecraft\structure\shipwreck\rightsideup_backhalf.nbt
	  *EXTRA File 		    2570	C:\Users\joshp\curseforge\minecraft\Instances\Alive Dev\saves\Desire Paths\datapacks_uncompiled\temp_dir\data\minecraft\structure\shipwreck\rightsideup_backhalf_degraded.nbt
	  *EXTRA File 		    2476	C:\Users\joshp\curseforge\minecraft\Instances\Alive Dev\saves\Desire Paths\datapacks_uncompiled\temp_dir\data\minecraft\structure\shipwreck\rightsideup_fronthalf.nbt
	  *EXTRA File 		    2253	C:\Users\joshp\curseforge\minecraft\Instances\Alive Dev\saves\Desire Paths\datapacks_uncompiled\temp_dir\data\minecraft\structure\shipwreck\rightsideup_fronthalf_degraded.nbt
	  *EXTRA File 		    3755	C:\Users\joshp\curseforge\minecraft\Instances\Alive Dev\saves\Desire Paths\datapacks_uncompiled\temp_dir\data\minecraft\structure\shipwreck\rightsideup_full.nbt
	  *EXTRA File 		    3528	C:\Users\joshp\curseforge\minecraft\Instances\Alive Dev\saves\Desire Paths\datapacks_uncompiled\temp_dir\data\minecraft\structure\shipwreck\rightsideup_full_degraded.nbt
	  *EXTRA File 		    2436	C:\Users\joshp\curseforge\minecraft\Instances\Alive Dev\saves\Desire Paths\datapacks_uncompiled\temp_dir\data\minecraft\structure\shipwreck\sideways_backhalf.nbt
	  *EXTRA File 		    2259	C:\Users\joshp\curseforge\minecraft\Instances\Alive Dev\saves\Desire Paths\datapacks_uncompiled\temp_dir\data\minecraft\structure\shipwreck\sideways_backhalf_degraded.nbt
	  *EXTRA File 		    2204	C:\Users\joshp\curseforge\minecraft\Instances\Alive Dev\saves\Desire Paths\datapacks_uncompiled\temp_dir\data\minecraft\structure\shipwreck\sideways_fronthalf.nbt
	  *EXTRA File 		    1914	C:\Users\joshp\curseforge\minecraft\Instances\Alive Dev\saves\Desire Paths\datapacks_uncompiled\temp_dir\data\minecraft\structure\shipwreck\sideways_fronthalf_degraded.nbt
	  *EXTRA File 		    3512	C:\Users\joshp\curseforge\minecraft\Instances\Alive Dev\saves\Desire Paths\datapacks_uncompiled\temp_dir\data\minecraft\structure\shipwreck\sideways_full.nbt
	  *EXTRA File 		    3308	C:\Users\joshp\curseforge\minecraft\Instances\Alive Dev\saves\Desire Paths\datapacks_uncompiled\temp_dir\data\minecraft\structure\shipwreck\sideways_full_degraded.nbt
	  *EXTRA File 		    2518	C:\Users\joshp\curseforge\minecraft\Instances\Alive Dev\saves\Desire Paths\datapacks_uncompiled\temp_dir\data\minecraft\structure\shipwreck\upsidedown_backhalf.nbt
	  *EXTRA File 		    2389	C:\Users\joshp\curseforge\minecraft\Instances\Alive Dev\saves\Desire Paths\datapacks_uncompiled\temp_dir\data\minecraft\structure\shipwreck\upsidedown_backhalf_degraded.nbt
	  *EXTRA File 		    2325	C:\Users\joshp\curseforge\minecraft\Instances\Alive Dev\saves\Desire Paths\datapacks_uncompiled\temp_dir\data\minecraft\structure\shipwreck\upsidedown_fronthalf.nbt
	  *EXTRA File 		    2210	C:\Users\joshp\curseforge\minecraft\Instances\Alive Dev\saves\Desire Paths\datapacks_uncompiled\temp_dir\data\minecraft\structure\shipwreck\upsidedown_fronthalf_degraded.nbt
	  *EXTRA File 		    3470	C:\Users\joshp\curseforge\minecraft\Instances\Alive Dev\saves\Desire Paths\datapacks_uncompiled\temp_dir\data\minecraft\structure\shipwreck\upsidedown_full.nbt
	  *EXTRA File 		    3299	C:\Users\joshp\curseforge\minecraft\Instances\Alive Dev\saves\Desire Paths\datapacks_uncompiled\temp_dir\data\minecraft\structure\shipwreck\upsidedown_full_degraded.nbt
	  *EXTRA File 		    3960	C:\Users\joshp\curseforge\minecraft\Instances\Alive Dev\saves\Desire Paths\datapacks_uncompiled\temp_dir\data\minecraft\structure\shipwreck\with_mast.nbt
	  *EXTRA File 		    3685	C:\Users\joshp\curseforge\minecraft\Instances\Alive Dev\saves\Desire Paths\datapacks_uncompiled\temp_dir\data\minecraft\structure\shipwreck\with_mast_degraded.nbt
	*EXTRA Dir        -1	C:\Users\joshp\curseforge\minecraft\Instances\Alive Dev\saves\Desire Paths\datapacks_uncompiled\temp_dir\data\minecraft\structure\spring\
	*EXTRA Dir        -1	C:\Users\joshp\curseforge\minecraft\Instances\Alive Dev\saves\Desire Paths\datapacks_uncompiled\temp_dir\data\minecraft\structure\trail_ruins\
	*EXTRA Dir        -1	C:\Users\joshp\curseforge\minecraft\Instances\Alive Dev\saves\Desire Paths\datapacks_uncompiled\temp_dir\data\minecraft\structure\trail_ruins\buildings\
	  *EXTRA File 		    1412	C:\Users\joshp\curseforge\minecraft\Instances\Alive Dev\saves\Desire Paths\datapacks_uncompiled\temp_dir\data\minecraft\structure\trail_ruins\buildings\group_full_1.nbt
	  *EXTRA File 		    1322	C:\Users\joshp\curseforge\minecraft\Instances\Alive Dev\saves\Desire Paths\datapacks_uncompiled\temp_dir\data\minecraft\structure\trail_ruins\buildings\group_full_2.nbt
	  *EXTRA File 		    1357	C:\Users\joshp\curseforge\minecraft\Instances\Alive Dev\saves\Desire Paths\datapacks_uncompiled\temp_dir\data\minecraft\structure\trail_ruins\buildings\group_full_3.nbt
	  *EXTRA File 		    1354	C:\Users\joshp\curseforge\minecraft\Instances\Alive Dev\saves\Desire Paths\datapacks_uncompiled\temp_dir\data\minecraft\structure\trail_ruins\buildings\group_full_4.nbt
	  *EXTRA File 		    1293	C:\Users\joshp\curseforge\minecraft\Instances\Alive Dev\saves\Desire Paths\datapacks_uncompiled\temp_dir\data\minecraft\structure\trail_ruins\buildings\group_full_5.nbt
	  *EXTRA File 		    1532	C:\Users\joshp\curseforge\minecraft\Instances\Alive Dev\saves\Desire Paths\datapacks_uncompiled\temp_dir\data\minecraft\structure\trail_ruins\buildings\group_hall_1.nbt
	  *EXTRA File 		    1619	C:\Users\joshp\curseforge\minecraft\Instances\Alive Dev\saves\Desire Paths\datapacks_uncompiled\temp_dir\data\minecraft\structure\trail_ruins\buildings\group_hall_2.nbt
	  *EXTRA File 		    1680	C:\Users\joshp\curseforge\minecraft\Instances\Alive Dev\saves\Desire Paths\datapacks_uncompiled\temp_dir\data\minecraft\structure\trail_ruins\buildings\group_hall_3.nbt
	  *EXTRA File 		    1627	C:\Users\joshp\curseforge\minecraft\Instances\Alive Dev\saves\Desire Paths\datapacks_uncompiled\temp_dir\data\minecraft\structure\trail_ruins\buildings\group_hall_4.nbt
	  *EXTRA File 		    1515	C:\Users\joshp\curseforge\minecraft\Instances\Alive Dev\saves\Desire Paths\datapacks_uncompiled\temp_dir\data\minecraft\structure\trail_ruins\buildings\group_hall_5.nbt
	  *EXTRA File 		    1117	C:\Users\joshp\curseforge\minecraft\Instances\Alive Dev\saves\Desire Paths\datapacks_uncompiled\temp_dir\data\minecraft\structure\trail_ruins\buildings\group_lower_1.nbt
	  *EXTRA File 		    1088	C:\Users\joshp\curseforge\minecraft\Instances\Alive Dev\saves\Desire Paths\datapacks_uncompiled\temp_dir\data\minecraft\structure\trail_ruins\buildings\group_lower_2.nbt
	  *EXTRA File 		    1103	C:\Users\joshp\curseforge\minecraft\Instances\Alive Dev\saves\Desire Paths\datapacks_uncompiled\temp_dir\data\minecraft\structure\trail_ruins\buildings\group_lower_3.nbt
	  *EXTRA File 		    1020	C:\Users\joshp\curseforge\minecraft\Instances\Alive Dev\saves\Desire Paths\datapacks_uncompiled\temp_dir\data\minecraft\structure\trail_ruins\buildings\group_lower_4.nbt
	  *EXTRA File 		    1019	C:\Users\joshp\curseforge\minecraft\Instances\Alive Dev\saves\Desire Paths\datapacks_uncompiled\temp_dir\data\minecraft\structure\trail_ruins\buildings\group_lower_5.nbt
	  *EXTRA File 		     816	C:\Users\joshp\curseforge\minecraft\Instances\Alive Dev\saves\Desire Paths\datapacks_uncompiled\temp_dir\data\minecraft\structure\trail_ruins\buildings\group_room_1.nbt
	  *EXTRA File 		     883	C:\Users\joshp\curseforge\minecraft\Instances\Alive Dev\saves\Desire Paths\datapacks_uncompiled\temp_dir\data\minecraft\structure\trail_ruins\buildings\group_room_2.nbt
	  *EXTRA File 		     842	C:\Users\joshp\curseforge\minecraft\Instances\Alive Dev\saves\Desire Paths\datapacks_uncompiled\temp_dir\data\minecraft\structure\trail_ruins\buildings\group_room_3.nbt
	  *EXTRA File 		     801	C:\Users\joshp\curseforge\minecraft\Instances\Alive Dev\saves\Desire Paths\datapacks_uncompiled\temp_dir\data\minecraft\structure\trail_ruins\buildings\group_room_4.nbt
	  *EXTRA File 		     818	C:\Users\joshp\curseforge\minecraft\Instances\Alive Dev\saves\Desire Paths\datapacks_uncompiled\temp_dir\data\minecraft\structure\trail_ruins\buildings\group_room_5.nbt
	  *EXTRA File 		    1310	C:\Users\joshp\curseforge\minecraft\Instances\Alive Dev\saves\Desire Paths\datapacks_uncompiled\temp_dir\data\minecraft\structure\trail_ruins\buildings\group_upper_1.nbt
	  *EXTRA File 		    1316	C:\Users\joshp\curseforge\minecraft\Instances\Alive Dev\saves\Desire Paths\datapacks_uncompiled\temp_dir\data\minecraft\structure\trail_ruins\buildings\group_upper_2.nbt
	  *EXTRA File 		    1315	C:\Users\joshp\curseforge\minecraft\Instances\Alive Dev\saves\Desire Paths\datapacks_uncompiled\temp_dir\data\minecraft\structure\trail_ruins\buildings\group_upper_3.nbt
	  *EXTRA File 		    1226	C:\Users\joshp\curseforge\minecraft\Instances\Alive Dev\saves\Desire Paths\datapacks_uncompiled\temp_dir\data\minecraft\structure\trail_ruins\buildings\group_upper_4.nbt
	  *EXTRA File 		    1208	C:\Users\joshp\curseforge\minecraft\Instances\Alive Dev\saves\Desire Paths\datapacks_uncompiled\temp_dir\data\minecraft\structure\trail_ruins\buildings\group_upper_5.nbt
	  *EXTRA File 		    1892	C:\Users\joshp\curseforge\minecraft\Instances\Alive Dev\saves\Desire Paths\datapacks_uncompiled\temp_dir\data\minecraft\structure\trail_ruins\buildings\large_room_1.nbt
	  *EXTRA File 		    1612	C:\Users\joshp\curseforge\minecraft\Instances\Alive Dev\saves\Desire Paths\datapacks_uncompiled\temp_dir\data\minecraft\structure\trail_ruins\buildings\large_room_2.nbt
	  *EXTRA File 		    2767	C:\Users\joshp\curseforge\minecraft\Instances\Alive Dev\saves\Desire Paths\datapacks_uncompiled\temp_dir\data\minecraft\structure\trail_ruins\buildings\large_room_3.nbt
	  *EXTRA File 		    1523	C:\Users\joshp\curseforge\minecraft\Instances\Alive Dev\saves\Desire Paths\datapacks_uncompiled\temp_dir\data\minecraft\structure\trail_ruins\buildings\large_room_4.nbt
	  *EXTRA File 		    3242	C:\Users\joshp\curseforge\minecraft\Instances\Alive Dev\saves\Desire Paths\datapacks_uncompiled\temp_dir\data\minecraft\structure\trail_ruins\buildings\large_room_5.nbt
	  *EXTRA File 		     984	C:\Users\joshp\curseforge\minecraft\Instances\Alive Dev\saves\Desire Paths\datapacks_uncompiled\temp_dir\data\minecraft\structure\trail_ruins\buildings\one_room_1.nbt
	  *EXTRA File 		    1101	C:\Users\joshp\curseforge\minecraft\Instances\Alive Dev\saves\Desire Paths\datapacks_uncompiled\temp_dir\data\minecraft\structure\trail_ruins\buildings\one_room_2.nbt
	  *EXTRA File 		    1101	C:\Users\joshp\curseforge\minecraft\Instances\Alive Dev\saves\Desire Paths\datapacks_uncompiled\temp_dir\data\minecraft\structure\trail_ruins\buildings\one_room_3.nbt
	  *EXTRA File 		    1422	C:\Users\joshp\curseforge\minecraft\Instances\Alive Dev\saves\Desire Paths\datapacks_uncompiled\temp_dir\data\minecraft\structure\trail_ruins\buildings\one_room_4.nbt
	  *EXTRA File 		     978	C:\Users\joshp\curseforge\minecraft\Instances\Alive Dev\saves\Desire Paths\datapacks_uncompiled\temp_dir\data\minecraft\structure\trail_ruins\buildings\one_room_5.nbt
	*EXTRA Dir        -1	C:\Users\joshp\curseforge\minecraft\Instances\Alive Dev\saves\Desire Paths\datapacks_uncompiled\temp_dir\data\minecraft\structure\trail_ruins\decor\
	  *EXTRA File 		     525	C:\Users\joshp\curseforge\minecraft\Instances\Alive Dev\saves\Desire Paths\datapacks_uncompiled\temp_dir\data\minecraft\structure\trail_ruins\decor\decor_1.nbt
	  *EXTRA File 		     497	C:\Users\joshp\curseforge\minecraft\Instances\Alive Dev\saves\Desire Paths\datapacks_uncompiled\temp_dir\data\minecraft\structure\trail_ruins\decor\decor_2.nbt
	  *EXTRA File 		     405	C:\Users\joshp\curseforge\minecraft\Instances\Alive Dev\saves\Desire Paths\datapacks_uncompiled\temp_dir\data\minecraft\structure\trail_ruins\decor\decor_3.nbt
	  *EXTRA File 		     430	C:\Users\joshp\curseforge\minecraft\Instances\Alive Dev\saves\Desire Paths\datapacks_uncompiled\temp_dir\data\minecraft\structure\trail_ruins\decor\decor_4.nbt
	  *EXTRA File 		     519	C:\Users\joshp\curseforge\minecraft\Instances\Alive Dev\saves\Desire Paths\datapacks_uncompiled\temp_dir\data\minecraft\structure\trail_ruins\decor\decor_5.nbt
	  *EXTRA File 		     524	C:\Users\joshp\curseforge\minecraft\Instances\Alive Dev\saves\Desire Paths\datapacks_uncompiled\temp_dir\data\minecraft\structure\trail_ruins\decor\decor_6.nbt
	  *EXTRA File 		     639	C:\Users\joshp\curseforge\minecraft\Instances\Alive Dev\saves\Desire Paths\datapacks_uncompiled\temp_dir\data\minecraft\structure\trail_ruins\decor\decor_7.nbt
	*EXTRA Dir        -1	C:\Users\joshp\curseforge\minecraft\Instances\Alive Dev\saves\Desire Paths\datapacks_uncompiled\temp_dir\data\minecraft\structure\trail_ruins\roads\
	  *EXTRA File 		     883	C:\Users\joshp\curseforge\minecraft\Instances\Alive Dev\saves\Desire Paths\datapacks_uncompiled\temp_dir\data\minecraft\structure\trail_ruins\roads\long_road_end.nbt
	  *EXTRA File 		     485	C:\Users\joshp\curseforge\minecraft\Instances\Alive Dev\saves\Desire Paths\datapacks_uncompiled\temp_dir\data\minecraft\structure\trail_ruins\roads\road_end_1.nbt
	  *EXTRA File 		     729	C:\Users\joshp\curseforge\minecraft\Instances\Alive Dev\saves\Desire Paths\datapacks_uncompiled\temp_dir\data\minecraft\structure\trail_ruins\roads\road_section_1.nbt
	  *EXTRA File 		     727	C:\Users\joshp\curseforge\minecraft\Instances\Alive Dev\saves\Desire Paths\datapacks_uncompiled\temp_dir\data\minecraft\structure\trail_ruins\roads\road_section_2.nbt
	  *EXTRA File 		     784	C:\Users\joshp\curseforge\minecraft\Instances\Alive Dev\saves\Desire Paths\datapacks_uncompiled\temp_dir\data\minecraft\structure\trail_ruins\roads\road_section_3.nbt
	  *EXTRA File 		     776	C:\Users\joshp\curseforge\minecraft\Instances\Alive Dev\saves\Desire Paths\datapacks_uncompiled\temp_dir\data\minecraft\structure\trail_ruins\roads\road_section_4.nbt
	  *EXTRA File 		     664	C:\Users\joshp\curseforge\minecraft\Instances\Alive Dev\saves\Desire Paths\datapacks_uncompiled\temp_dir\data\minecraft\structure\trail_ruins\roads\road_spacer_1.nbt
	*EXTRA Dir        -1	C:\Users\joshp\curseforge\minecraft\Instances\Alive Dev\saves\Desire Paths\datapacks_uncompiled\temp_dir\data\minecraft\structure\trail_ruins\tower\
	  *EXTRA File 		    1526	C:\Users\joshp\curseforge\minecraft\Instances\Alive Dev\saves\Desire Paths\datapacks_uncompiled\temp_dir\data\minecraft\structure\trail_ruins\tower\hall_1.nbt
	  *EXTRA File 		    1858	C:\Users\joshp\curseforge\minecraft\Instances\Alive Dev\saves\Desire Paths\datapacks_uncompiled\temp_dir\data\minecraft\structure\trail_ruins\tower\hall_2.nbt
	  *EXTRA File 		    2082	C:\Users\joshp\curseforge\minecraft\Instances\Alive Dev\saves\Desire Paths\datapacks_uncompiled\temp_dir\data\minecraft\structure\trail_ruins\tower\hall_3.nbt
	  *EXTRA File 		    1971	C:\Users\joshp\curseforge\minecraft\Instances\Alive Dev\saves\Desire Paths\datapacks_uncompiled\temp_dir\data\minecraft\structure\trail_ruins\tower\hall_4.nbt
	  *EXTRA File 		    1808	C:\Users\joshp\curseforge\minecraft\Instances\Alive Dev\saves\Desire Paths\datapacks_uncompiled\temp_dir\data\minecraft\structure\trail_ruins\tower\hall_5.nbt
	  *EXTRA File 		    2006	C:\Users\joshp\curseforge\minecraft\Instances\Alive Dev\saves\Desire Paths\datapacks_uncompiled\temp_dir\data\minecraft\structure\trail_ruins\tower\large_hall_1.nbt
	  *EXTRA File 		    1937	C:\Users\joshp\curseforge\minecraft\Instances\Alive Dev\saves\Desire Paths\datapacks_uncompiled\temp_dir\data\minecraft\structure\trail_ruins\tower\large_hall_2.nbt
	  *EXTRA File 		    1991	C:\Users\joshp\curseforge\minecraft\Instances\Alive Dev\saves\Desire Paths\datapacks_uncompiled\temp_dir\data\minecraft\structure\trail_ruins\tower\large_hall_3.nbt
	  *EXTRA File 		    1784	C:\Users\joshp\curseforge\minecraft\Instances\Alive Dev\saves\Desire Paths\datapacks_uncompiled\temp_dir\data\minecraft\structure\trail_ruins\tower\large_hall_4.nbt
	  *EXTRA File 		    1990	C:\Users\joshp\curseforge\minecraft\Instances\Alive Dev\saves\Desire Paths\datapacks_uncompiled\temp_dir\data\minecraft\structure\trail_ruins\tower\large_hall_5.nbt
	  *EXTRA File 		     648	C:\Users\joshp\curseforge\minecraft\Instances\Alive Dev\saves\Desire Paths\datapacks_uncompiled\temp_dir\data\minecraft\structure\trail_ruins\tower\one_room_1.nbt
	  *EXTRA File 		     726	C:\Users\joshp\curseforge\minecraft\Instances\Alive Dev\saves\Desire Paths\datapacks_uncompiled\temp_dir\data\minecraft\structure\trail_ruins\tower\one_room_2.nbt
	  *EXTRA File 		     642	C:\Users\joshp\curseforge\minecraft\Instances\Alive Dev\saves\Desire Paths\datapacks_uncompiled\temp_dir\data\minecraft\structure\trail_ruins\tower\one_room_3.nbt
	  *EXTRA File 		     621	C:\Users\joshp\curseforge\minecraft\Instances\Alive Dev\saves\Desire Paths\datapacks_uncompiled\temp_dir\data\minecraft\structure\trail_ruins\tower\one_room_4.nbt
	  *EXTRA File 		     654	C:\Users\joshp\curseforge\minecraft\Instances\Alive Dev\saves\Desire Paths\datapacks_uncompiled\temp_dir\data\minecraft\structure\trail_ruins\tower\one_room_5.nbt
	  *EXTRA File 		    1206	C:\Users\joshp\curseforge\minecraft\Instances\Alive Dev\saves\Desire Paths\datapacks_uncompiled\temp_dir\data\minecraft\structure\trail_ruins\tower\platform_1.nbt
	  *EXTRA File 		    1102	C:\Users\joshp\curseforge\minecraft\Instances\Alive Dev\saves\Desire Paths\datapacks_uncompiled\temp_dir\data\minecraft\structure\trail_ruins\tower\platform_2.nbt
	  *EXTRA File 		     872	C:\Users\joshp\curseforge\minecraft\Instances\Alive Dev\saves\Desire Paths\datapacks_uncompiled\temp_dir\data\minecraft\structure\trail_ruins\tower\platform_3.nbt
	  *EXTRA File 		    1204	C:\Users\joshp\curseforge\minecraft\Instances\Alive Dev\saves\Desire Paths\datapacks_uncompiled\temp_dir\data\minecraft\structure\trail_ruins\tower\platform_4.nbt
	  *EXTRA File 		    1146	C:\Users\joshp\curseforge\minecraft\Instances\Alive Dev\saves\Desire Paths\datapacks_uncompiled\temp_dir\data\minecraft\structure\trail_ruins\tower\platform_5.nbt
	  *EXTRA File 		    1276	C:\Users\joshp\curseforge\minecraft\Instances\Alive Dev\saves\Desire Paths\datapacks_uncompiled\temp_dir\data\minecraft\structure\trail_ruins\tower\stable_1.nbt
	  *EXTRA File 		    1302	C:\Users\joshp\curseforge\minecraft\Instances\Alive Dev\saves\Desire Paths\datapacks_uncompiled\temp_dir\data\minecraft\structure\trail_ruins\tower\stable_2.nbt
	  *EXTRA File 		    1236	C:\Users\joshp\curseforge\minecraft\Instances\Alive Dev\saves\Desire Paths\datapacks_uncompiled\temp_dir\data\minecraft\structure\trail_ruins\tower\stable_3.nbt
	  *EXTRA File 		    1278	C:\Users\joshp\curseforge\minecraft\Instances\Alive Dev\saves\Desire Paths\datapacks_uncompiled\temp_dir\data\minecraft\structure\trail_ruins\tower\stable_4.nbt
	  *EXTRA File 		    1035	C:\Users\joshp\curseforge\minecraft\Instances\Alive Dev\saves\Desire Paths\datapacks_uncompiled\temp_dir\data\minecraft\structure\trail_ruins\tower\stable_5.nbt
	  *EXTRA File 		    1636	C:\Users\joshp\curseforge\minecraft\Instances\Alive Dev\saves\Desire Paths\datapacks_uncompiled\temp_dir\data\minecraft\structure\trail_ruins\tower\tower_1.nbt
	  *EXTRA File 		    1625	C:\Users\joshp\curseforge\minecraft\Instances\Alive Dev\saves\Desire Paths\datapacks_uncompiled\temp_dir\data\minecraft\structure\trail_ruins\tower\tower_2.nbt
	  *EXTRA File 		    2262	C:\Users\joshp\curseforge\minecraft\Instances\Alive Dev\saves\Desire Paths\datapacks_uncompiled\temp_dir\data\minecraft\structure\trail_ruins\tower\tower_3.nbt
	  *EXTRA File 		    2110	C:\Users\joshp\curseforge\minecraft\Instances\Alive Dev\saves\Desire Paths\datapacks_uncompiled\temp_dir\data\minecraft\structure\trail_ruins\tower\tower_4.nbt
	  *EXTRA File 		    2031	C:\Users\joshp\curseforge\minecraft\Instances\Alive Dev\saves\Desire Paths\datapacks_uncompiled\temp_dir\data\minecraft\structure\trail_ruins\tower\tower_5.nbt
	  *EXTRA File 		     529	C:\Users\joshp\curseforge\minecraft\Instances\Alive Dev\saves\Desire Paths\datapacks_uncompiled\temp_dir\data\minecraft\structure\trail_ruins\tower\tower_top_1.nbt
	  *EXTRA File 		     545	C:\Users\joshp\curseforge\minecraft\Instances\Alive Dev\saves\Desire Paths\datapacks_uncompiled\temp_dir\data\minecraft\structure\trail_ruins\tower\tower_top_2.nbt
	  *EXTRA File 		     515	C:\Users\joshp\curseforge\minecraft\Instances\Alive Dev\saves\Desire Paths\datapacks_uncompiled\temp_dir\data\minecraft\structure\trail_ruins\tower\tower_top_3.nbt
	  *EXTRA File 		     500	C:\Users\joshp\curseforge\minecraft\Instances\Alive Dev\saves\Desire Paths\datapacks_uncompiled\temp_dir\data\minecraft\structure\trail_ruins\tower\tower_top_4.nbt
	  *EXTRA File 		     432	C:\Users\joshp\curseforge\minecraft\Instances\Alive Dev\saves\Desire Paths\datapacks_uncompiled\temp_dir\data\minecraft\structure\trail_ruins\tower\tower_top_5.nbt
	*EXTRA Dir        -1	C:\Users\joshp\curseforge\minecraft\Instances\Alive Dev\saves\Desire Paths\datapacks_uncompiled\temp_dir\data\minecraft\structure\trial_chambers\
	*EXTRA Dir        -1	C:\Users\joshp\curseforge\minecraft\Instances\Alive Dev\saves\Desire Paths\datapacks_uncompiled\temp_dir\data\minecraft\structure\trial_chambers\chamber\
	  *EXTRA File 		   56930	C:\Users\joshp\curseforge\minecraft\Instances\Alive Dev\saves\Desire Paths\datapacks_uncompiled\temp_dir\data\minecraft\structure\trial_chambers\chamber\assembly.nbt
	  *EXTRA File 		   36985	C:\Users\joshp\curseforge\minecraft\Instances\Alive Dev\saves\Desire Paths\datapacks_uncompiled\temp_dir\data\minecraft\structure\trial_chambers\chamber\chamber_1.nbt
	  *EXTRA File 		   37400	C:\Users\joshp\curseforge\minecraft\Instances\Alive Dev\saves\Desire Paths\datapacks_uncompiled\temp_dir\data\minecraft\structure\trial_chambers\chamber\chamber_2.nbt
	  *EXTRA File 		   23592	C:\Users\joshp\curseforge\minecraft\Instances\Alive Dev\saves\Desire Paths\datapacks_uncompiled\temp_dir\data\minecraft\structure\trial_chambers\chamber\chamber_4.nbt
	  *EXTRA File 		   19691	C:\Users\joshp\curseforge\minecraft\Instances\Alive Dev\saves\Desire Paths\datapacks_uncompiled\temp_dir\data\minecraft\structure\trial_chambers\chamber\chamber_8.nbt
	  *EXTRA File 		     410	C:\Users\joshp\curseforge\minecraft\Instances\Alive Dev\saves\Desire Paths\datapacks_uncompiled\temp_dir\data\minecraft\structure\trial_chambers\chamber\entrance_cap.nbt
	  *EXTRA File 		   31232	C:\Users\joshp\curseforge\minecraft\Instances\Alive Dev\saves\Desire Paths\datapacks_uncompiled\temp_dir\data\minecraft\structure\trial_chambers\chamber\eruption.nbt
	  *EXTRA File 		   48696	C:\Users\joshp\curseforge\minecraft\Instances\Alive Dev\saves\Desire Paths\datapacks_uncompiled\temp_dir\data\minecraft\structure\trial_chambers\chamber\pedestal.nbt
	  *EXTRA File 		   35080	C:\Users\joshp\curseforge\minecraft\Instances\Alive Dev\saves\Desire Paths\datapacks_uncompiled\temp_dir\data\minecraft\structure\trial_chambers\chamber\slanted.nbt
	*EXTRA Dir        -1	C:\Users\joshp\curseforge\minecraft\Instances\Alive Dev\saves\Desire Paths\datapacks_uncompiled\temp_dir\data\minecraft\structure\trial_chambers\chamber\addon\
	  *EXTRA File 		    1784	C:\Users\joshp\curseforge\minecraft\Instances\Alive Dev\saves\Desire Paths\datapacks_uncompiled\temp_dir\data\minecraft\structure\trial_chambers\chamber\addon\c1_breeze.nbt
	  *EXTRA File 		    4152	C:\Users\joshp\curseforge\minecraft\Instances\Alive Dev\saves\Desire Paths\datapacks_uncompiled\temp_dir\data\minecraft\structure\trial_chambers\chamber\addon\full_corner_column.nbt
	  *EXTRA File 		    4031	C:\Users\joshp\curseforge\minecraft\Instances\Alive Dev\saves\Desire Paths\datapacks_uncompiled\temp_dir\data\minecraft\structure\trial_chambers\chamber\addon\full_stacked_walkway.nbt
	  *EXTRA File 		    4123	C:\Users\joshp\curseforge\minecraft\Instances\Alive Dev\saves\Desire Paths\datapacks_uncompiled\temp_dir\data\minecraft\structure\trial_chambers\chamber\addon\full_stacked_walkway_2.nbt
	  *EXTRA File 		    1781	C:\Users\joshp\curseforge\minecraft\Instances\Alive Dev\saves\Desire Paths\datapacks_uncompiled\temp_dir\data\minecraft\structure\trial_chambers\chamber\addon\grate_bridge.nbt
	  *EXTRA File 		     549	C:\Users\joshp\curseforge\minecraft\Instances\Alive Dev\saves\Desire Paths\datapacks_uncompiled\temp_dir\data\minecraft\structure\trial_chambers\chamber\addon\hanging_platform.nbt
	  *EXTRA File 		     461	C:\Users\joshp\curseforge\minecraft\Instances\Alive Dev\saves\Desire Paths\datapacks_uncompiled\temp_dir\data\minecraft\structure\trial_chambers\chamber\addon\lower_staircase_down.nbt
	  *EXTRA File 		     827	C:\Users\joshp\curseforge\minecraft\Instances\Alive Dev\saves\Desire Paths\datapacks_uncompiled\temp_dir\data\minecraft\structure\trial_chambers\chamber\addon\short_grate_platform.nbt
	  *EXTRA File 		     598	C:\Users\joshp\curseforge\minecraft\Instances\Alive Dev\saves\Desire Paths\datapacks_uncompiled\temp_dir\data\minecraft\structure\trial_chambers\chamber\addon\short_platform.nbt
	  *EXTRA File 		    6107	C:\Users\joshp\curseforge\minecraft\Instances\Alive Dev\saves\Desire Paths\datapacks_uncompiled\temp_dir\data\minecraft\structure\trial_chambers\chamber\addon\walkway_with_bridge_1.nbt
	*EXTRA Dir        -1	C:\Users\joshp\curseforge\minecraft\Instances\Alive Dev\saves\Desire Paths\datapacks_uncompiled\temp_dir\data\minecraft\structure\trial_chambers\chamber\assembly\
	  *EXTRA File 		     991	C:\Users\joshp\curseforge\minecraft\Instances\Alive Dev\saves\Desire Paths\datapacks_uncompiled\temp_dir\data\minecraft\structure\trial_chambers\chamber\assembly\cover_1.nbt
	  *EXTRA File 		     967	C:\Users\joshp\curseforge\minecraft\Instances\Alive Dev\saves\Desire Paths\datapacks_uncompiled\temp_dir\data\minecraft\structure\trial_chambers\chamber\assembly\cover_2.nbt
	  *EXTRA File 		     996	C:\Users\joshp\curseforge\minecraft\Instances\Alive Dev\saves\Desire Paths\datapacks_uncompiled\temp_dir\data\minecraft\structure\trial_chambers\chamber\assembly\cover_3.nbt
	  *EXTRA File 		     985	C:\Users\joshp\curseforge\minecraft\Instances\Alive Dev\saves\Desire Paths\datapacks_uncompiled\temp_dir\data\minecraft\structure\trial_chambers\chamber\assembly\cover_4.nbt
	  *EXTRA File 		    1051	C:\Users\joshp\curseforge\minecraft\Instances\Alive Dev\saves\Desire Paths\datapacks_uncompiled\temp_dir\data\minecraft\structure\trial_chambers\chamber\assembly\cover_5.nbt
	  *EXTRA File 		    1050	C:\Users\joshp\curseforge\minecraft\Instances\Alive Dev\saves\Desire Paths\datapacks_uncompiled\temp_dir\data\minecraft\structure\trial_chambers\chamber\assembly\cover_6.nbt
	  *EXTRA File 		     780	C:\Users\joshp\curseforge\minecraft\Instances\Alive Dev\saves\Desire Paths\datapacks_uncompiled\temp_dir\data\minecraft\structure\trial_chambers\chamber\assembly\cover_7.nbt
	  *EXTRA File 		     699	C:\Users\joshp\curseforge\minecraft\Instances\Alive Dev\saves\Desire Paths\datapacks_uncompiled\temp_dir\data\minecraft\structure\trial_chambers\chamber\assembly\full_column.nbt
	  *EXTRA File 		     611	C:\Users\joshp\curseforge\minecraft\Instances\Alive Dev\saves\Desire Paths\datapacks_uncompiled\temp_dir\data\minecraft\structure\trial_chambers\chamber\assembly\hanging_1.nbt
	  *EXTRA File 		     865	C:\Users\joshp\curseforge\minecraft\Instances\Alive Dev\saves\Desire Paths\datapacks_uncompiled\temp_dir\data\minecraft\structure\trial_chambers\chamber\assembly\hanging_2.nbt
	  *EXTRA File 		     556	C:\Users\joshp\curseforge\minecraft\Instances\Alive Dev\saves\Desire Paths\datapacks_uncompiled\temp_dir\data\minecraft\structure\trial_chambers\chamber\assembly\hanging_3.nbt
	  *EXTRA File 		     647	C:\Users\joshp\curseforge\minecraft\Instances\Alive Dev\saves\Desire Paths\datapacks_uncompiled\temp_dir\data\minecraft\structure\trial_chambers\chamber\assembly\hanging_4.nbt
	  *EXTRA File 		     360	C:\Users\joshp\curseforge\minecraft\Instances\Alive Dev\saves\Desire Paths\datapacks_uncompiled\temp_dir\data\minecraft\structure\trial_chambers\chamber\assembly\hanging_5.nbt
	  *EXTRA File 		    2397	C:\Users\joshp\curseforge\minecraft\Instances\Alive Dev\saves\Desire Paths\datapacks_uncompiled\temp_dir\data\minecraft\structure\trial_chambers\chamber\assembly\left_staircase_1.nbt
	  *EXTRA File 		    2423	C:\Users\joshp\curseforge\minecraft\Instances\Alive Dev\saves\Desire Paths\datapacks_uncompiled\temp_dir\data\minecraft\structure\trial_chambers\chamber\assembly\left_staircase_2.nbt
	  *EXTRA File 		    2422	C:\Users\joshp\curseforge\minecraft\Instances\Alive Dev\saves\Desire Paths\datapacks_uncompiled\temp_dir\data\minecraft\structure\trial_chambers\chamber\assembly\left_staircase_3.nbt
	  *EXTRA File 		     485	C:\Users\joshp\curseforge\minecraft\Instances\Alive Dev\saves\Desire Paths\datapacks_uncompiled\temp_dir\data\minecraft\structure\trial_chambers\chamber\assembly\platform_1.nbt
	  *EXTRA File 		    2432	C:\Users\joshp\curseforge\minecraft\Instances\Alive Dev\saves\Desire Paths\datapacks_uncompiled\temp_dir\data\minecraft\structure\trial_chambers\chamber\assembly\right_staircase_1.nbt
	  *EXTRA File 		    2470	C:\Users\joshp\curseforge\minecraft\Instances\Alive Dev\saves\Desire Paths\datapacks_uncompiled\temp_dir\data\minecraft\structure\trial_chambers\chamber\assembly\right_staircase_2.nbt
	  *EXTRA File 		    2466	C:\Users\joshp\curseforge\minecraft\Instances\Alive Dev\saves\Desire Paths\datapacks_uncompiled\temp_dir\data\minecraft\structure\trial_chambers\chamber\assembly\right_staircase_3.nbt
	  *EXTRA File 		     942	C:\Users\joshp\curseforge\minecraft\Instances\Alive Dev\saves\Desire Paths\datapacks_uncompiled\temp_dir\data\minecraft\structure\trial_chambers\chamber\assembly\spawner_1.nbt
	*EXTRA Dir        -1	C:\Users\joshp\curseforge\minecraft\Instances\Alive Dev\saves\Desire Paths\datapacks_uncompiled\temp_dir\data\minecraft\structure\trial_chambers\chamber\eruption\
	  *EXTRA File 		    2553	C:\Users\joshp\curseforge\minecraft\Instances\Alive Dev\saves\Desire Paths\datapacks_uncompiled\temp_dir\data\minecraft\structure\trial_chambers\chamber\eruption\breeze_slice_1.nbt
	  *EXTRA File 		    1563	C:\Users\joshp\curseforge\minecraft\Instances\Alive Dev\saves\Desire Paths\datapacks_uncompiled\temp_dir\data\minecraft\structure\trial_chambers\chamber\eruption\center_1.nbt
	  *EXTRA File 		    4374	C:\Users\joshp\curseforge\minecraft\Instances\Alive Dev\saves\Desire Paths\datapacks_uncompiled\temp_dir\data\minecraft\structure\trial_chambers\chamber\eruption\quadrant_1.nbt
	  *EXTRA File 		    4533	C:\Users\joshp\curseforge\minecraft\Instances\Alive Dev\saves\Desire Paths\datapacks_uncompiled\temp_dir\data\minecraft\structure\trial_chambers\chamber\eruption\quadrant_2.nbt
	  *EXTRA File 		    4572	C:\Users\joshp\curseforge\minecraft\Instances\Alive Dev\saves\Desire Paths\datapacks_uncompiled\temp_dir\data\minecraft\structure\trial_chambers\chamber\eruption\quadrant_3.nbt
	  *EXTRA File 		    4790	C:\Users\joshp\curseforge\minecraft\Instances\Alive Dev\saves\Desire Paths\datapacks_uncompiled\temp_dir\data\minecraft\structure\trial_chambers\chamber\eruption\quadrant_4.nbt
	  *EXTRA File 		    4774	C:\Users\joshp\curseforge\minecraft\Instances\Alive Dev\saves\Desire Paths\datapacks_uncompiled\temp_dir\data\minecraft\structure\trial_chambers\chamber\eruption\quadrant_5.nbt
	  *EXTRA File 		    2428	C:\Users\joshp\curseforge\minecraft\Instances\Alive Dev\saves\Desire Paths\datapacks_uncompiled\temp_dir\data\minecraft\structure\trial_chambers\chamber\eruption\slice_1.nbt
	  *EXTRA File 		    2437	C:\Users\joshp\curseforge\minecraft\Instances\Alive Dev\saves\Desire Paths\datapacks_uncompiled\temp_dir\data\minecraft\structure\trial_chambers\chamber\eruption\slice_2.nbt
	  *EXTRA File 		    2373	C:\Users\joshp\curseforge\minecraft\Instances\Alive Dev\saves\Desire Paths\datapacks_uncompiled\temp_dir\data\minecraft\structure\trial_chambers\chamber\eruption\slice_3.nbt
	*EXTRA Dir        -1	C:\Users\joshp\curseforge\minecraft\Instances\Alive Dev\saves\Desire Paths\datapacks_uncompiled\temp_dir\data\minecraft\structure\trial_chambers\chamber\pedestal\
	  *EXTRA File 		    3631	C:\Users\joshp\curseforge\minecraft\Instances\Alive Dev\saves\Desire Paths\datapacks_uncompiled\temp_dir\data\minecraft\structure\trial_chambers\chamber\pedestal\center_1.nbt
	  *EXTRA File 		    1899	C:\Users\joshp\curseforge\minecraft\Instances\Alive Dev\saves\Desire Paths\datapacks_uncompiled\temp_dir\data\minecraft\structure\trial_chambers\chamber\pedestal\ominous_slice_1.nbt
	  *EXTRA File 		    3525	C:\Users\joshp\curseforge\minecraft\Instances\Alive Dev\saves\Desire Paths\datapacks_uncompiled\temp_dir\data\minecraft\structure\trial_chambers\chamber\pedestal\quadrant_1.nbt
	  *EXTRA File 		    3347	C:\Users\joshp\curseforge\minecraft\Instances\Alive Dev\saves\Desire Paths\datapacks_uncompiled\temp_dir\data\minecraft\structure\trial_chambers\chamber\pedestal\quadrant_2.nbt
	  *EXTRA File 		    3825	C:\Users\joshp\curseforge\minecraft\Instances\Alive Dev\saves\Desire Paths\datapacks_uncompiled\temp_dir\data\minecraft\structure\trial_chambers\chamber\pedestal\quadrant_3.nbt
	  *EXTRA File 		    1899	C:\Users\joshp\curseforge\minecraft\Instances\Alive Dev\saves\Desire Paths\datapacks_uncompiled\temp_dir\data\minecraft\structure\trial_chambers\chamber\pedestal\slice_1.nbt
	  *EXTRA File 		    1986	C:\Users\joshp\curseforge\minecraft\Instances\Alive Dev\saves\Desire Paths\datapacks_uncompiled\temp_dir\data\minecraft\structure\trial_chambers\chamber\pedestal\slice_2.nbt
	  *EXTRA File 		    1981	C:\Users\joshp\curseforge\minecraft\Instances\Alive Dev\saves\Desire Paths\datapacks_uncompiled\temp_dir\data\minecraft\structure\trial_chambers\chamber\pedestal\slice_3.nbt
	  *EXTRA File 		    1960	C:\Users\joshp\curseforge\minecraft\Instances\Alive Dev\saves\Desire Paths\datapacks_uncompiled\temp_dir\data\minecraft\structure\trial_chambers\chamber\pedestal\slice_4.nbt
	  *EXTRA File 		    1931	C:\Users\joshp\curseforge\minecraft\Instances\Alive Dev\saves\Desire Paths\datapacks_uncompiled\temp_dir\data\minecraft\structure\trial_chambers\chamber\pedestal\slice_5.nbt
	*EXTRA Dir        -1	C:\Users\joshp\curseforge\minecraft\Instances\Alive Dev\saves\Desire Paths\datapacks_uncompiled\temp_dir\data\minecraft\structure\trial_chambers\chamber\slanted\
	  *EXTRA File 		    1324	C:\Users\joshp\curseforge\minecraft\Instances\Alive Dev\saves\Desire Paths\datapacks_uncompiled\temp_dir\data\minecraft\structure\trial_chambers\chamber\slanted\center.nbt
	  *EXTRA File 		     990	C:\Users\joshp\curseforge\minecraft\Instances\Alive Dev\saves\Desire Paths\datapacks_uncompiled\temp_dir\data\minecraft\structure\trial_chambers\chamber\slanted\hallway_1.nbt
	  *EXTRA File 		    1112	C:\Users\joshp\curseforge\minecraft\Instances\Alive Dev\saves\Desire Paths\datapacks_uncompiled\temp_dir\data\minecraft\structure\trial_chambers\chamber\slanted\hallway_2.nbt
	  *EXTRA File 		    1033	C:\Users\joshp\curseforge\minecraft\Instances\Alive Dev\saves\Desire Paths\datapacks_uncompiled\temp_dir\data\minecraft\structure\trial_chambers\chamber\slanted\hallway_3.nbt
	  *EXTRA File 		    1322	C:\Users\joshp\curseforge\minecraft\Instances\Alive Dev\saves\Desire Paths\datapacks_uncompiled\temp_dir\data\minecraft\structure\trial_chambers\chamber\slanted\ominous_upper_arm_1.nbt
	  *EXTRA File 		    3468	C:\Users\joshp\curseforge\minecraft\Instances\Alive Dev\saves\Desire Paths\datapacks_uncompiled\temp_dir\data\minecraft\structure\trial_chambers\chamber\slanted\quadrant_1.nbt
	  *EXTRA File 		    3386	C:\Users\joshp\curseforge\minecraft\Instances\Alive Dev\saves\Desire Paths\datapacks_uncompiled\temp_dir\data\minecraft\structure\trial_chambers\chamber\slanted\quadrant_2.nbt
	  *EXTRA File 		    3400	C:\Users\joshp\curseforge\minecraft\Instances\Alive Dev\saves\Desire Paths\datapacks_uncompiled\temp_dir\data\minecraft\structure\trial_chambers\chamber\slanted\quadrant_3.nbt
	  *EXTRA File 		    4304	C:\Users\joshp\curseforge\minecraft\Instances\Alive Dev\saves\Desire Paths\datapacks_uncompiled\temp_dir\data\minecraft\structure\trial_chambers\chamber\slanted\quadrant_4.nbt
	  *EXTRA File 		    1324	C:\Users\joshp\curseforge\minecraft\Instances\Alive Dev\saves\Desire Paths\datapacks_uncompiled\temp_dir\data\minecraft\structure\trial_chambers\chamber\slanted\ramp_1.nbt
	  *EXTRA File 		    1259	C:\Users\joshp\curseforge\minecraft\Instances\Alive Dev\saves\Desire Paths\datapacks_uncompiled\temp_dir\data\minecraft\structure\trial_chambers\chamber\slanted\ramp_2.nbt
	  *EXTRA File 		    1456	C:\Users\joshp\curseforge\minecraft\Instances\Alive Dev\saves\Desire Paths\datapacks_uncompiled\temp_dir\data\minecraft\structure\trial_chambers\chamber\slanted\ramp_3.nbt
	  *EXTRA File 		    1198	C:\Users\joshp\curseforge\minecraft\Instances\Alive Dev\saves\Desire Paths\datapacks_uncompiled\temp_dir\data\minecraft\structure\trial_chambers\chamber\slanted\ramp_4.nbt
	*EXTRA Dir        -1	C:\Users\joshp\curseforge\minecraft\Instances\Alive Dev\saves\Desire Paths\datapacks_uncompiled\temp_dir\data\minecraft\structure\trial_chambers\chests\
	  *EXTRA File 		     456	C:\Users\joshp\curseforge\minecraft\Instances\Alive Dev\saves\Desire Paths\datapacks_uncompiled\temp_dir\data\minecraft\structure\trial_chambers\chests\supply.nbt
	*EXTRA Dir        -1	C:\Users\joshp\curseforge\minecraft\Instances\Alive Dev\saves\Desire Paths\datapacks_uncompiled\temp_dir\data\minecraft\structure\trial_chambers\chests\connectors\
	  *EXTRA File 		     372	C:\Users\joshp\curseforge\minecraft\Instances\Alive Dev\saves\Desire Paths\datapacks_uncompiled\temp_dir\data\minecraft\structure\trial_chambers\chests\connectors\supply.nbt
	*EXTRA Dir        -1	C:\Users\joshp\curseforge\minecraft\Instances\Alive Dev\saves\Desire Paths\datapacks_uncompiled\temp_dir\data\minecraft\structure\trial_chambers\corridor\
	  *EXTRA File 		   22376	C:\Users\joshp\curseforge\minecraft\Instances\Alive Dev\saves\Desire Paths\datapacks_uncompiled\temp_dir\data\minecraft\structure\trial_chambers\corridor\atrium_1.nbt
	  *EXTRA File 		   21376	C:\Users\joshp\curseforge\minecraft\Instances\Alive Dev\saves\Desire Paths\datapacks_uncompiled\temp_dir\data\minecraft\structure\trial_chambers\corridor\end_1.nbt
	  *EXTRA File 		   21134	C:\Users\joshp\curseforge\minecraft\Instances\Alive Dev\saves\Desire Paths\datapacks_uncompiled\temp_dir\data\minecraft\structure\trial_chambers\corridor\end_2.nbt
	  *EXTRA File 		   22037	C:\Users\joshp\curseforge\minecraft\Instances\Alive Dev\saves\Desire Paths\datapacks_uncompiled\temp_dir\data\minecraft\structure\trial_chambers\corridor\entrance_1.nbt
	  *EXTRA File 		   21908	C:\Users\joshp\curseforge\minecraft\Instances\Alive Dev\saves\Desire Paths\datapacks_uncompiled\temp_dir\data\minecraft\structure\trial_chambers\corridor\entrance_2.nbt
	  *EXTRA File 		   23917	C:\Users\joshp\curseforge\minecraft\Instances\Alive Dev\saves\Desire Paths\datapacks_uncompiled\temp_dir\data\minecraft\structure\trial_chambers\corridor\entrance_3.nbt
	  *EXTRA File 		    1424	C:\Users\joshp\curseforge\minecraft\Instances\Alive Dev\saves\Desire Paths\datapacks_uncompiled\temp_dir\data\minecraft\structure\trial_chambers\corridor\first_plate.nbt
	  *EXTRA File 		    1445	C:\Users\joshp\curseforge\minecraft\Instances\Alive Dev\saves\Desire Paths\datapacks_uncompiled\temp_dir\data\minecraft\structure\trial_chambers\corridor\second_plate.nbt
	  *EXTRA File 		    5961	C:\Users\joshp\curseforge\minecraft\Instances\Alive Dev\saves\Desire Paths\datapacks_uncompiled\temp_dir\data\minecraft\structure\trial_chambers\corridor\straight_1.nbt
	  *EXTRA File 		    6155	C:\Users\joshp\curseforge\minecraft\Instances\Alive Dev\saves\Desire Paths\datapacks_uncompiled\temp_dir\data\minecraft\structure\trial_chambers\corridor\straight_2.nbt
	  *EXTRA File 		    6086	C:\Users\joshp\curseforge\minecraft\Instances\Alive Dev\saves\Desire Paths\datapacks_uncompiled\temp_dir\data\minecraft\structure\trial_chambers\corridor\straight_3.nbt
	  *EXTRA File 		    6125	C:\Users\joshp\curseforge\minecraft\Instances\Alive Dev\saves\Desire Paths\datapacks_uncompiled\temp_dir\data\minecraft\structure\trial_chambers\corridor\straight_4.nbt
	  *EXTRA File 		    6137	C:\Users\joshp\curseforge\minecraft\Instances\Alive Dev\saves\Desire Paths\datapacks_uncompiled\temp_dir\data\minecraft\structure\trial_chambers\corridor\straight_5.nbt
	  *EXTRA File 		    6103	C:\Users\joshp\curseforge\minecraft\Instances\Alive Dev\saves\Desire Paths\datapacks_uncompiled\temp_dir\data\minecraft\structure\trial_chambers\corridor\straight_6.nbt
	  *EXTRA File 		    6109	C:\Users\joshp\curseforge\minecraft\Instances\Alive Dev\saves\Desire Paths\datapacks_uncompiled\temp_dir\data\minecraft\structure\trial_chambers\corridor\straight_7.nbt
	  *EXTRA File 		    5844	C:\Users\joshp\curseforge\minecraft\Instances\Alive Dev\saves\Desire Paths\datapacks_uncompiled\temp_dir\data\minecraft\structure\trial_chambers\corridor\straight_8.nbt
	*EXTRA Dir        -1	C:\Users\joshp\curseforge\minecraft\Instances\Alive Dev\saves\Desire Paths\datapacks_uncompiled\temp_dir\data\minecraft\structure\trial_chambers\corridor\addon\
	  *EXTRA File 		     844	C:\Users\joshp\curseforge\minecraft\Instances\Alive Dev\saves\Desire Paths\datapacks_uncompiled\temp_dir\data\minecraft\structure\trial_chambers\corridor\addon\arrow_dispenser.nbt
	  *EXTRA File 		     725	C:\Users\joshp\curseforge\minecraft\Instances\Alive Dev\saves\Desire Paths\datapacks_uncompiled\temp_dir\data\minecraft\structure\trial_chambers\corridor\addon\bridge_lower.nbt
	  *EXTRA File 		     553	C:\Users\joshp\curseforge\minecraft\Instances\Alive Dev\saves\Desire Paths\datapacks_uncompiled\temp_dir\data\minecraft\structure\trial_chambers\corridor\addon\chandelier_upper.nbt
	  *EXTRA File 		     548	C:\Users\joshp\curseforge\minecraft\Instances\Alive Dev\saves\Desire Paths\datapacks_uncompiled\temp_dir\data\minecraft\structure\trial_chambers\corridor\addon\decoration_upper.nbt
	  *EXTRA File 		     917	C:\Users\joshp\curseforge\minecraft\Instances\Alive Dev\saves\Desire Paths\datapacks_uncompiled\temp_dir\data\minecraft\structure\trial_chambers\corridor\addon\display_1.nbt
	  *EXTRA File 		    1488	C:\Users\joshp\curseforge\minecraft\Instances\Alive Dev\saves\Desire Paths\datapacks_uncompiled\temp_dir\data\minecraft\structure\trial_chambers\corridor\addon\display_2.nbt
	  *EXTRA File 		     796	C:\Users\joshp\curseforge\minecraft\Instances\Alive Dev\saves\Desire Paths\datapacks_uncompiled\temp_dir\data\minecraft\structure\trial_chambers\corridor\addon\display_3.nbt
	  *EXTRA File 		     549	C:\Users\joshp\curseforge\minecraft\Instances\Alive Dev\saves\Desire Paths\datapacks_uncompiled\temp_dir\data\minecraft\structure\trial_chambers\corridor\addon\head_upper.nbt
	  *EXTRA File 		     693	C:\Users\joshp\curseforge\minecraft\Instances\Alive Dev\saves\Desire Paths\datapacks_uncompiled\temp_dir\data\minecraft\structure\trial_chambers\corridor\addon\ladder_to_middle.nbt
	  *EXTRA File 		    1186	C:\Users\joshp\curseforge\minecraft\Instances\Alive Dev\saves\Desire Paths\datapacks_uncompiled\temp_dir\data\minecraft\structure\trial_chambers\corridor\addon\open_walkway.nbt
	  *EXTRA File 		     612	C:\Users\joshp\curseforge\minecraft\Instances\Alive Dev\saves\Desire Paths\datapacks_uncompiled\temp_dir\data\minecraft\structure\trial_chambers\corridor\addon\open_walkway_upper.nbt
	  *EXTRA File 		     609	C:\Users\joshp\curseforge\minecraft\Instances\Alive Dev\saves\Desire Paths\datapacks_uncompiled\temp_dir\data\minecraft\structure\trial_chambers\corridor\addon\reward_upper.nbt
	  *EXTRA File 		     485	C:\Users\joshp\curseforge\minecraft\Instances\Alive Dev\saves\Desire Paths\datapacks_uncompiled\temp_dir\data\minecraft\structure\trial_chambers\corridor\addon\staircase.nbt
	  *EXTRA File 		     943	C:\Users\joshp\curseforge\minecraft\Instances\Alive Dev\saves\Desire Paths\datapacks_uncompiled\temp_dir\data\minecraft\structure\trial_chambers\corridor\addon\wall.nbt
	  *EXTRA File 		    1264	C:\Users\joshp\curseforge\minecraft\Instances\Alive Dev\saves\Desire Paths\datapacks_uncompiled\temp_dir\data\minecraft\structure\trial_chambers\corridor\addon\walled_walkway.nbt
	*EXTRA Dir        -1	C:\Users\joshp\curseforge\minecraft\Instances\Alive Dev\saves\Desire Paths\datapacks_uncompiled\temp_dir\data\minecraft\structure\trial_chambers\corridor\atrium\
	  *EXTRA File 		    3199	C:\Users\joshp\curseforge\minecraft\Instances\Alive Dev\saves\Desire Paths\datapacks_uncompiled\temp_dir\data\minecraft\structure\trial_chambers\corridor\atrium\bogged_relief.nbt
	  *EXTRA File 		    3155	C:\Users\joshp\curseforge\minecraft\Instances\Alive Dev\saves\Desire Paths\datapacks_uncompiled\temp_dir\data\minecraft\structure\trial_chambers\corridor\atrium\breeze_relief.nbt
	  *EXTRA File 		    2898	C:\Users\joshp\curseforge\minecraft\Instances\Alive Dev\saves\Desire Paths\datapacks_uncompiled\temp_dir\data\minecraft\structure\trial_chambers\corridor\atrium\grand_staircase_1.nbt
	  *EXTRA File 		    2795	C:\Users\joshp\curseforge\minecraft\Instances\Alive Dev\saves\Desire Paths\datapacks_uncompiled\temp_dir\data\minecraft\structure\trial_chambers\corridor\atrium\grand_staircase_2.nbt
	  *EXTRA File 		    2885	C:\Users\joshp\curseforge\minecraft\Instances\Alive Dev\saves\Desire Paths\datapacks_uncompiled\temp_dir\data\minecraft\structure\trial_chambers\corridor\atrium\grand_staircase_3.nbt
	  *EXTRA File 		    3904	C:\Users\joshp\curseforge\minecraft\Instances\Alive Dev\saves\Desire Paths\datapacks_uncompiled\temp_dir\data\minecraft\structure\trial_chambers\corridor\atrium\spider_relief.nbt
	  *EXTRA File 		    3278	C:\Users\joshp\curseforge\minecraft\Instances\Alive Dev\saves\Desire Paths\datapacks_uncompiled\temp_dir\data\minecraft\structure\trial_chambers\corridor\atrium\spiral_relief.nbt
	*EXTRA Dir        -1	C:\Users\joshp\curseforge\minecraft\Instances\Alive Dev\saves\Desire Paths\datapacks_uncompiled\temp_dir\data\minecraft\structure\trial_chambers\decor\
	  *EXTRA File 		     355	C:\Users\joshp\curseforge\minecraft\Instances\Alive Dev\saves\Desire Paths\datapacks_uncompiled\temp_dir\data\minecraft\structure\trial_chambers\decor\barrel.nbt
	  *EXTRA File 		     347	C:\Users\joshp\curseforge\minecraft\Instances\Alive Dev\saves\Desire Paths\datapacks_uncompiled\temp_dir\data\minecraft\structure\trial_chambers\decor\black_bed.nbt
	  *EXTRA File 		     344	C:\Users\joshp\curseforge\minecraft\Instances\Alive Dev\saves\Desire Paths\datapacks_uncompiled\temp_dir\data\minecraft\structure\trial_chambers\decor\blue_bed.nbt
	  *EXTRA File 		     347	C:\Users\joshp\curseforge\minecraft\Instances\Alive Dev\saves\Desire Paths\datapacks_uncompiled\temp_dir\data\minecraft\structure\trial_chambers\decor\brown_bed.nbt
	  *EXTRA File 		     327	C:\Users\joshp\curseforge\minecraft\Instances\Alive Dev\saves\Desire Paths\datapacks_uncompiled\temp_dir\data\minecraft\structure\trial_chambers\decor\candle_1.nbt
	  *EXTRA File 		     327	C:\Users\joshp\curseforge\minecraft\Instances\Alive Dev\saves\Desire Paths\datapacks_uncompiled\temp_dir\data\minecraft\structure\trial_chambers\decor\candle_2.nbt
	  *EXTRA File 		     327	C:\Users\joshp\curseforge\minecraft\Instances\Alive Dev\saves\Desire Paths\datapacks_uncompiled\temp_dir\data\minecraft\structure\trial_chambers\decor\candle_3.nbt
	  *EXTRA File 		     327	C:\Users\joshp\curseforge\minecraft\Instances\Alive Dev\saves\Desire Paths\datapacks_uncompiled\temp_dir\data\minecraft\structure\trial_chambers\decor\candle_4.nbt
	  *EXTRA File 		     345	C:\Users\joshp\curseforge\minecraft\Instances\Alive Dev\saves\Desire Paths\datapacks_uncompiled\temp_dir\data\minecraft\structure\trial_chambers\decor\cyan_bed.nbt
	  *EXTRA File 		     314	C:\Users\joshp\curseforge\minecraft\Instances\Alive Dev\saves\Desire Paths\datapacks_uncompiled\temp_dir\data\minecraft\structure\trial_chambers\decor\dead_bush_pot.nbt
	  *EXTRA File 		     557	C:\Users\joshp\curseforge\minecraft\Instances\Alive Dev\saves\Desire Paths\datapacks_uncompiled\temp_dir\data\minecraft\structure\trial_chambers\decor\disposal.nbt
	  *EXTRA File 		     306	C:\Users\joshp\curseforge\minecraft\Instances\Alive Dev\saves\Desire Paths\datapacks_uncompiled\temp_dir\data\minecraft\structure\trial_chambers\decor\empty_pot.nbt
	  *EXTRA File 		     408	C:\Users\joshp\curseforge\minecraft\Instances\Alive Dev\saves\Desire Paths\datapacks_uncompiled\temp_dir\data\minecraft\structure\trial_chambers\decor\flow_pot.nbt
	  *EXTRA File 		     345	C:\Users\joshp\curseforge\minecraft\Instances\Alive Dev\saves\Desire Paths\datapacks_uncompiled\temp_dir\data\minecraft\structure\trial_chambers\decor\gray_bed.nbt
	  *EXTRA File 		     347	C:\Users\joshp\curseforge\minecraft\Instances\Alive Dev\saves\Desire Paths\datapacks_uncompiled\temp_dir\data\minecraft\structure\trial_chambers\decor\green_bed.nbt
	  *EXTRA File 		     407	C:\Users\joshp\curseforge\minecraft\Instances\Alive Dev\saves\Desire Paths\datapacks_uncompiled\temp_dir\data\minecraft\structure\trial_chambers\decor\guster_pot.nbt
	  *EXTRA File 		     357	C:\Users\joshp\curseforge\minecraft\Instances\Alive Dev\saves\Desire Paths\datapacks_uncompiled\temp_dir\data\minecraft\structure\trial_chambers\decor\light_blue_bed.nbt
	  *EXTRA File 		     357	C:\Users\joshp\curseforge\minecraft\Instances\Alive Dev\saves\Desire Paths\datapacks_uncompiled\temp_dir\data\minecraft\structure\trial_chambers\decor\light_gray_bed.nbt
	  *EXTRA File 		     344	C:\Users\joshp\curseforge\minecraft\Instances\Alive Dev\saves\Desire Paths\datapacks_uncompiled\temp_dir\data\minecraft\structure\trial_chambers\decor\lime_bed.nbt
	  *EXTRA File 		     351	C:\Users\joshp\curseforge\minecraft\Instances\Alive Dev\saves\Desire Paths\datapacks_uncompiled\temp_dir\data\minecraft\structure\trial_chambers\decor\magenta_bed.nbt
	  *EXTRA File 		     349	C:\Users\joshp\curseforge\minecraft\Instances\Alive Dev\saves\Desire Paths\datapacks_uncompiled\temp_dir\data\minecraft\structure\trial_chambers\decor\orange_bed.nbt
	  *EXTRA File 		     345	C:\Users\joshp\curseforge\minecraft\Instances\Alive Dev\saves\Desire Paths\datapacks_uncompiled\temp_dir\data\minecraft\structure\trial_chambers\decor\pink_bed.nbt
	  *EXTRA File 		     349	C:\Users\joshp\curseforge\minecraft\Instances\Alive Dev\saves\Desire Paths\datapacks_uncompiled\temp_dir\data\minecraft\structure\trial_chambers\decor\purple_bed.nbt
	  *EXTRA File 		     343	C:\Users\joshp\curseforge\minecraft\Instances\Alive Dev\saves\Desire Paths\datapacks_uncompiled\temp_dir\data\minecraft\structure\trial_chambers\decor\red_bed.nbt
	  *EXTRA File 		     406	C:\Users\joshp\curseforge\minecraft\Instances\Alive Dev\saves\Desire Paths\datapacks_uncompiled\temp_dir\data\minecraft\structure\trial_chambers\decor\scrape_pot.nbt
	  *EXTRA File 		     380	C:\Users\joshp\curseforge\minecraft\Instances\Alive Dev\saves\Desire Paths\datapacks_uncompiled\temp_dir\data\minecraft\structure\trial_chambers\decor\undecorated_pot.nbt
	  *EXTRA File 		     348	C:\Users\joshp\curseforge\minecraft\Instances\Alive Dev\saves\Desire Paths\datapacks_uncompiled\temp_dir\data\minecraft\structure\trial_chambers\decor\white_bed.nbt
	  *EXTRA File 		     350	C:\Users\joshp\curseforge\minecraft\Instances\Alive Dev\saves\Desire Paths\datapacks_uncompiled\temp_dir\data\minecraft\structure\trial_chambers\decor\yellow_bed.nbt
	*EXTRA Dir        -1	C:\Users\joshp\curseforge\minecraft\Instances\Alive Dev\saves\Desire Paths\datapacks_uncompiled\temp_dir\data\minecraft\structure\trial_chambers\dispensers\
	  *EXTRA File 		     402	C:\Users\joshp\curseforge\minecraft\Instances\Alive Dev\saves\Desire Paths\datapacks_uncompiled\temp_dir\data\minecraft\structure\trial_chambers\dispensers\chamber.nbt
	  *EXTRA File 		     384	C:\Users\joshp\curseforge\minecraft\Instances\Alive Dev\saves\Desire Paths\datapacks_uncompiled\temp_dir\data\minecraft\structure\trial_chambers\dispensers\floor_dispenser.nbt
	  *EXTRA File 		     445	C:\Users\joshp\curseforge\minecraft\Instances\Alive Dev\saves\Desire Paths\datapacks_uncompiled\temp_dir\data\minecraft\structure\trial_chambers\dispensers\wall_dispenser.nbt
	*EXTRA Dir        -1	C:\Users\joshp\curseforge\minecraft\Instances\Alive Dev\saves\Desire Paths\datapacks_uncompiled\temp_dir\data\minecraft\structure\trial_chambers\hallway\
	  *EXTRA File 		    2584	C:\Users\joshp\curseforge\minecraft\Instances\Alive Dev\saves\Desire Paths\datapacks_uncompiled\temp_dir\data\minecraft\structure\trial_chambers\hallway\cache_1.nbt
	  *EXTRA File 		    1476	C:\Users\joshp\curseforge\minecraft\Instances\Alive Dev\saves\Desire Paths\datapacks_uncompiled\temp_dir\data\minecraft\structure\trial_chambers\hallway\corner_staircase.nbt
	  *EXTRA File 		    1454	C:\Users\joshp\curseforge\minecraft\Instances\Alive Dev\saves\Desire Paths\datapacks_uncompiled\temp_dir\data\minecraft\structure\trial_chambers\hallway\corner_staircase_down.nbt
	  *EXTRA File 		     735	C:\Users\joshp\curseforge\minecraft\Instances\Alive Dev\saves\Desire Paths\datapacks_uncompiled\temp_dir\data\minecraft\structure\trial_chambers\hallway\corridor_connector_1.nbt
	  *EXTRA File 		    7061	C:\Users\joshp\curseforge\minecraft\Instances\Alive Dev\saves\Desire Paths\datapacks_uncompiled\temp_dir\data\minecraft\structure\trial_chambers\hallway\encounter_1.nbt
	  *EXTRA File 		    6703	C:\Users\joshp\curseforge\minecraft\Instances\Alive Dev\saves\Desire Paths\datapacks_uncompiled\temp_dir\data\minecraft\structure\trial_chambers\hallway\encounter_2.nbt
	  *EXTRA File 		    5828	C:\Users\joshp\curseforge\minecraft\Instances\Alive Dev\saves\Desire Paths\datapacks_uncompiled\temp_dir\data\minecraft\structure\trial_chambers\hallway\encounter_3.nbt
	  *EXTRA File 		   18080	C:\Users\joshp\curseforge\minecraft\Instances\Alive Dev\saves\Desire Paths\datapacks_uncompiled\temp_dir\data\minecraft\structure\trial_chambers\hallway\encounter_4.nbt
	  *EXTRA File 		   13604	C:\Users\joshp\curseforge\minecraft\Instances\Alive Dev\saves\Desire Paths\datapacks_uncompiled\temp_dir\data\minecraft\structure\trial_chambers\hallway\encounter_5.nbt
	  *EXTRA File 		     964	C:\Users\joshp\curseforge\minecraft\Instances\Alive Dev\saves\Desire Paths\datapacks_uncompiled\temp_dir\data\minecraft\structure\trial_chambers\hallway\left_corner.nbt
	  *EXTRA File 		    2653	C:\Users\joshp\curseforge\minecraft\Instances\Alive Dev\saves\Desire Paths\datapacks_uncompiled\temp_dir\data\minecraft\structure\trial_chambers\hallway\long_straight_staircase.nbt
	  *EXTRA File 		    2617	C:\Users\joshp\curseforge\minecraft\Instances\Alive Dev\saves\Desire Paths\datapacks_uncompiled\temp_dir\data\minecraft\structure\trial_chambers\hallway\long_straight_staircase_down.nbt
	  *EXTRA File 		    3353	C:\Users\joshp\curseforge\minecraft\Instances\Alive Dev\saves\Desire Paths\datapacks_uncompiled\temp_dir\data\minecraft\structure\trial_chambers\hallway\lower_hallway_connector.nbt
	  *EXTRA File 		     962	C:\Users\joshp\curseforge\minecraft\Instances\Alive Dev\saves\Desire Paths\datapacks_uncompiled\temp_dir\data\minecraft\structure\trial_chambers\hallway\right_corner.nbt
	  *EXTRA File 		     951	C:\Users\joshp\curseforge\minecraft\Instances\Alive Dev\saves\Desire Paths\datapacks_uncompiled\temp_dir\data\minecraft\structure\trial_chambers\hallway\rubble.nbt
	  *EXTRA File 		     965	C:\Users\joshp\curseforge\minecraft\Instances\Alive Dev\saves\Desire Paths\datapacks_uncompiled\temp_dir\data\minecraft\structure\trial_chambers\hallway\rubble_chamber.nbt
	  *EXTRA File 		     513	C:\Users\joshp\curseforge\minecraft\Instances\Alive Dev\saves\Desire Paths\datapacks_uncompiled\temp_dir\data\minecraft\structure\trial_chambers\hallway\rubble_chamber_thin.nbt
	  *EXTRA File 		     503	C:\Users\joshp\curseforge\minecraft\Instances\Alive Dev\saves\Desire Paths\datapacks_uncompiled\temp_dir\data\minecraft\structure\trial_chambers\hallway\rubble_thin.nbt
	  *EXTRA File 		     950	C:\Users\joshp\curseforge\minecraft\Instances\Alive Dev\saves\Desire Paths\datapacks_uncompiled\temp_dir\data\minecraft\structure\trial_chambers\hallway\straight.nbt
	  *EXTRA File 		    1224	C:\Users\joshp\curseforge\minecraft\Instances\Alive Dev\saves\Desire Paths\datapacks_uncompiled\temp_dir\data\minecraft\structure\trial_chambers\hallway\straight_staircase.nbt
	  *EXTRA File 		    1216	C:\Users\joshp\curseforge\minecraft\Instances\Alive Dev\saves\Desire Paths\datapacks_uncompiled\temp_dir\data\minecraft\structure\trial_chambers\hallway\straight_staircase_down.nbt
	  *EXTRA File 		    3970	C:\Users\joshp\curseforge\minecraft\Instances\Alive Dev\saves\Desire Paths\datapacks_uncompiled\temp_dir\data\minecraft\structure\trial_chambers\hallway\trapped_staircase.nbt
	  *EXTRA File 		    2813	C:\Users\joshp\curseforge\minecraft\Instances\Alive Dev\saves\Desire Paths\datapacks_uncompiled\temp_dir\data\minecraft\structure\trial_chambers\hallway\upper_hallway_connector.nbt
	*EXTRA Dir        -1	C:\Users\joshp\curseforge\minecraft\Instances\Alive Dev\saves\Desire Paths\datapacks_uncompiled\temp_dir\data\minecraft\structure\trial_chambers\intersection\
	  *EXTRA File 		   28521	C:\Users\joshp\curseforge\minecraft\Instances\Alive Dev\saves\Desire Paths\datapacks_uncompiled\temp_dir\data\minecraft\structure\trial_chambers\intersection\intersection_1.nbt
	  *EXTRA File 		   30287	C:\Users\joshp\curseforge\minecraft\Instances\Alive Dev\saves\Desire Paths\datapacks_uncompiled\temp_dir\data\minecraft\structure\trial_chambers\intersection\intersection_2.nbt
	  *EXTRA File 		   52067	C:\Users\joshp\curseforge\minecraft\Instances\Alive Dev\saves\Desire Paths\datapacks_uncompiled\temp_dir\data\minecraft\structure\trial_chambers\intersection\intersection_3.nbt
	*EXTRA Dir        -1	C:\Users\joshp\curseforge\minecraft\Instances\Alive Dev\saves\Desire Paths\datapacks_uncompiled\temp_dir\data\minecraft\structure\trial_chambers\reward\
	  *EXTRA File 		     690	C:\Users\joshp\curseforge\minecraft\Instances\Alive Dev\saves\Desire Paths\datapacks_uncompiled\temp_dir\data\minecraft\structure\trial_chambers\reward\ominous_vault.nbt
	  *EXTRA File 		     505	C:\Users\joshp\curseforge\minecraft\Instances\Alive Dev\saves\Desire Paths\datapacks_uncompiled\temp_dir\data\minecraft\structure\trial_chambers\reward\vault.nbt
	*EXTRA Dir        -1	C:\Users\joshp\curseforge\minecraft\Instances\Alive Dev\saves\Desire Paths\datapacks_uncompiled\temp_dir\data\minecraft\structure\trial_chambers\spawner\
	*EXTRA Dir        -1	C:\Users\joshp\curseforge\minecraft\Instances\Alive Dev\saves\Desire Paths\datapacks_uncompiled\temp_dir\data\minecraft\structure\trial_chambers\spawner\breeze\
	  *EXTRA File 		     469	C:\Users\joshp\curseforge\minecraft\Instances\Alive Dev\saves\Desire Paths\datapacks_uncompiled\temp_dir\data\minecraft\structure\trial_chambers\spawner\breeze\breeze.nbt
	*EXTRA Dir        -1	C:\Users\joshp\curseforge\minecraft\Instances\Alive Dev\saves\Desire Paths\datapacks_uncompiled\temp_dir\data\minecraft\structure\trial_chambers\spawner\connectors\
	  *EXTRA File 		     345	C:\Users\joshp\curseforge\minecraft\Instances\Alive Dev\saves\Desire Paths\datapacks_uncompiled\temp_dir\data\minecraft\structure\trial_chambers\spawner\connectors\breeze.nbt
	  *EXTRA File 		     343	C:\Users\joshp\curseforge\minecraft\Instances\Alive Dev\saves\Desire Paths\datapacks_uncompiled\temp_dir\data\minecraft\structure\trial_chambers\spawner\connectors\melee.nbt
	  *EXTRA File 		     345	C:\Users\joshp\curseforge\minecraft\Instances\Alive Dev\saves\Desire Paths\datapacks_uncompiled\temp_dir\data\minecraft\structure\trial_chambers\spawner\connectors\ranged.nbt
	  *EXTRA File 		     354	C:\Users\joshp\curseforge\minecraft\Instances\Alive Dev\saves\Desire Paths\datapacks_uncompiled\temp_dir\data\minecraft\structure\trial_chambers\spawner\connectors\slow_ranged.nbt
	  *EXTRA File 		     352	C:\Users\joshp\curseforge\minecraft\Instances\Alive Dev\saves\Desire Paths\datapacks_uncompiled\temp_dir\data\minecraft\structure\trial_chambers\spawner\connectors\small_melee.nbt
	*EXTRA Dir        -1	C:\Users\joshp\curseforge\minecraft\Instances\Alive Dev\saves\Desire Paths\datapacks_uncompiled\temp_dir\data\minecraft\structure\trial_chambers\spawner\melee\
	  *EXTRA File 		     473	C:\Users\joshp\curseforge\minecraft\Instances\Alive Dev\saves\Desire Paths\datapacks_uncompiled\temp_dir\data\minecraft\structure\trial_chambers\spawner\melee\husk.nbt
	  *EXTRA File 		     481	C:\Users\joshp\curseforge\minecraft\Instances\Alive Dev\saves\Desire Paths\datapacks_uncompiled\temp_dir\data\minecraft\structure\trial_chambers\spawner\melee\spider.nbt
	  *EXTRA File 		     480	C:\Users\joshp\curseforge\minecraft\Instances\Alive Dev\saves\Desire Paths\datapacks_uncompiled\temp_dir\data\minecraft\structure\trial_chambers\spawner\melee\zombie.nbt
	*EXTRA Dir        -1	C:\Users\joshp\curseforge\minecraft\Instances\Alive Dev\saves\Desire Paths\datapacks_uncompiled\temp_dir\data\minecraft\structure\trial_chambers\spawner\ranged\
	  *EXTRA File 		     524	C:\Users\joshp\curseforge\minecraft\Instances\Alive Dev\saves\Desire Paths\datapacks_uncompiled\temp_dir\data\minecraft\structure\trial_chambers\spawner\ranged\poison_skeleton.nbt
	  *EXTRA File 		     480	C:\Users\joshp\curseforge\minecraft\Instances\Alive Dev\saves\Desire Paths\datapacks_uncompiled\temp_dir\data\minecraft\structure\trial_chambers\spawner\ranged\skeleton.nbt
	  *EXTRA File 		     476	C:\Users\joshp\curseforge\minecraft\Instances\Alive Dev\saves\Desire Paths\datapacks_uncompiled\temp_dir\data\minecraft\structure\trial_chambers\spawner\ranged\stray.nbt
	*EXTRA Dir        -1	C:\Users\joshp\curseforge\minecraft\Instances\Alive Dev\saves\Desire Paths\datapacks_uncompiled\temp_dir\data\minecraft\structure\trial_chambers\spawner\slow_ranged\
	  *EXTRA File 		     527	C:\Users\joshp\curseforge\minecraft\Instances\Alive Dev\saves\Desire Paths\datapacks_uncompiled\temp_dir\data\minecraft\structure\trial_chambers\spawner\slow_ranged\poison_skeleton.nbt
	  *EXTRA File 		     485	C:\Users\joshp\curseforge\minecraft\Instances\Alive Dev\saves\Desire Paths\datapacks_uncompiled\temp_dir\data\minecraft\structure\trial_chambers\spawner\slow_ranged\skeleton.nbt
	  *EXTRA File 		     479	C:\Users\joshp\curseforge\minecraft\Instances\Alive Dev\saves\Desire Paths\datapacks_uncompiled\temp_dir\data\minecraft\structure\trial_chambers\spawner\slow_ranged\stray.nbt
	*EXTRA Dir        -1	C:\Users\joshp\curseforge\minecraft\Instances\Alive Dev\saves\Desire Paths\datapacks_uncompiled\temp_dir\data\minecraft\structure\trial_chambers\spawner\small_melee\
	  *EXTRA File 		     499	C:\Users\joshp\curseforge\minecraft\Instances\Alive Dev\saves\Desire Paths\datapacks_uncompiled\temp_dir\data\minecraft\structure\trial_chambers\spawner\small_melee\baby_zombie.nbt
	  *EXTRA File 		     523	C:\Users\joshp\curseforge\minecraft\Instances\Alive Dev\saves\Desire Paths\datapacks_uncompiled\temp_dir\data\minecraft\structure\trial_chambers\spawner\small_melee\cave_spider.nbt
	  *EXTRA File 		     483	C:\Users\joshp\curseforge\minecraft\Instances\Alive Dev\saves\Desire Paths\datapacks_uncompiled\temp_dir\data\minecraft\structure\trial_chambers\spawner\small_melee\silverfish.nbt
	  *EXTRA File 		     473	C:\Users\joshp\curseforge\minecraft\Instances\Alive Dev\saves\Desire Paths\datapacks_uncompiled\temp_dir\data\minecraft\structure\trial_chambers\spawner\small_melee\slime.nbt
	*EXTRA Dir        -1	C:\Users\joshp\curseforge\minecraft\Instances\Alive Dev\saves\Desire Paths\datapacks_uncompiled\temp_dir\data\minecraft\structure\underwater_ruin\
	  *EXTRA File 		   10499	C:\Users\joshp\curseforge\minecraft\Instances\Alive Dev\saves\Desire Paths\datapacks_uncompiled\temp_dir\data\minecraft\structure\underwater_ruin\big_brick_1.nbt
	  *EXTRA File 		   10774	C:\Users\joshp\curseforge\minecraft\Instances\Alive Dev\saves\Desire Paths\datapacks_uncompiled\temp_dir\data\minecraft\structure\underwater_ruin\big_brick_2.nbt
	  *EXTRA File 		   10940	C:\Users\joshp\curseforge\minecraft\Instances\Alive Dev\saves\Desire Paths\datapacks_uncompiled\temp_dir\data\minecraft\structure\underwater_ruin\big_brick_3.nbt
	  *EXTRA File 		   10382	C:\Users\joshp\curseforge\minecraft\Instances\Alive Dev\saves\Desire Paths\datapacks_uncompiled\temp_dir\data\minecraft\structure\underwater_ruin\big_brick_8.nbt
	  *EXTRA File 		   10423	C:\Users\joshp\curseforge\minecraft\Instances\Alive Dev\saves\Desire Paths\datapacks_uncompiled\temp_dir\data\minecraft\structure\underwater_ruin\big_cracked_1.nbt
	  *EXTRA File 		   10831	C:\Users\joshp\curseforge\minecraft\Instances\Alive Dev\saves\Desire Paths\datapacks_uncompiled\temp_dir\data\minecraft\structure\underwater_ruin\big_cracked_2.nbt
	  *EXTRA File 		   10940	C:\Users\joshp\curseforge\minecraft\Instances\Alive Dev\saves\Desire Paths\datapacks_uncompiled\temp_dir\data\minecraft\structure\underwater_ruin\big_cracked_3.nbt
	  *EXTRA File 		   10360	C:\Users\joshp\curseforge\minecraft\Instances\Alive Dev\saves\Desire Paths\datapacks_uncompiled\temp_dir\data\minecraft\structure\underwater_ruin\big_cracked_8.nbt
	  *EXTRA File 		   10481	C:\Users\joshp\curseforge\minecraft\Instances\Alive Dev\saves\Desire Paths\datapacks_uncompiled\temp_dir\data\minecraft\structure\underwater_ruin\big_mossy_1.nbt
	  *EXTRA File 		   10832	C:\Users\joshp\curseforge\minecraft\Instances\Alive Dev\saves\Desire Paths\datapacks_uncompiled\temp_dir\data\minecraft\structure\underwater_ruin\big_mossy_2.nbt
	  *EXTRA File 		   10949	C:\Users\joshp\curseforge\minecraft\Instances\Alive Dev\saves\Desire Paths\datapacks_uncompiled\temp_dir\data\minecraft\structure\underwater_ruin\big_mossy_3.nbt
	  *EXTRA File 		   10380	C:\Users\joshp\curseforge\minecraft\Instances\Alive Dev\saves\Desire Paths\datapacks_uncompiled\temp_dir\data\minecraft\structure\underwater_ruin\big_mossy_8.nbt
	  *EXTRA File 		   10491	C:\Users\joshp\curseforge\minecraft\Instances\Alive Dev\saves\Desire Paths\datapacks_uncompiled\temp_dir\data\minecraft\structure\underwater_ruin\big_warm_4.nbt
	  *EXTRA File 		   10316	C:\Users\joshp\curseforge\minecraft\Instances\Alive Dev\saves\Desire Paths\datapacks_uncompiled\temp_dir\data\minecraft\structure\underwater_ruin\big_warm_5.nbt
	  *EXTRA File 		   10351	C:\Users\joshp\curseforge\minecraft\Instances\Alive Dev\saves\Desire Paths\datapacks_uncompiled\temp_dir\data\minecraft\structure\underwater_ruin\big_warm_6.nbt
	  *EXTRA File 		   10405	C:\Users\joshp\curseforge\minecraft\Instances\Alive Dev\saves\Desire Paths\datapacks_uncompiled\temp_dir\data\minecraft\structure\underwater_ruin\big_warm_7.nbt
	  *EXTRA File 		    1247	C:\Users\joshp\curseforge\minecraft\Instances\Alive Dev\saves\Desire Paths\datapacks_uncompiled\temp_dir\data\minecraft\structure\underwater_ruin\brick_1.nbt
	  *EXTRA File 		    1230	C:\Users\joshp\curseforge\minecraft\Instances\Alive Dev\saves\Desire Paths\datapacks_uncompiled\temp_dir\data\minecraft\structure\underwater_ruin\brick_2.nbt
	  *EXTRA File 		    1283	C:\Users\joshp\curseforge\minecraft\Instances\Alive Dev\saves\Desire Paths\datapacks_uncompiled\temp_dir\data\minecraft\structure\underwater_ruin\brick_3.nbt
	  *EXTRA File 		    1294	C:\Users\joshp\curseforge\minecraft\Instances\Alive Dev\saves\Desire Paths\datapacks_uncompiled\temp_dir\data\minecraft\structure\underwater_ruin\brick_4.nbt
	  *EXTRA File 		    1267	C:\Users\joshp\curseforge\minecraft\Instances\Alive Dev\saves\Desire Paths\datapacks_uncompiled\temp_dir\data\minecraft\structure\underwater_ruin\brick_5.nbt
	  *EXTRA File 		    1456	C:\Users\joshp\curseforge\minecraft\Instances\Alive Dev\saves\Desire Paths\datapacks_uncompiled\temp_dir\data\minecraft\structure\underwater_ruin\brick_6.nbt
	  *EXTRA File 		    1286	C:\Users\joshp\curseforge\minecraft\Instances\Alive Dev\saves\Desire Paths\datapacks_uncompiled\temp_dir\data\minecraft\structure\underwater_ruin\brick_7.nbt
	  *EXTRA File 		    1281	C:\Users\joshp\curseforge\minecraft\Instances\Alive Dev\saves\Desire Paths\datapacks_uncompiled\temp_dir\data\minecraft\structure\underwater_ruin\brick_8.nbt
	  *EXTRA File 		    1246	C:\Users\joshp\curseforge\minecraft\Instances\Alive Dev\saves\Desire Paths\datapacks_uncompiled\temp_dir\data\minecraft\structure\underwater_ruin\cracked_1.nbt
	  *EXTRA File 		    1241	C:\Users\joshp\curseforge\minecraft\Instances\Alive Dev\saves\Desire Paths\datapacks_uncompiled\temp_dir\data\minecraft\structure\underwater_ruin\cracked_2.nbt
	  *EXTRA File 		    1301	C:\Users\joshp\curseforge\minecraft\Instances\Alive Dev\saves\Desire Paths\datapacks_uncompiled\temp_dir\data\minecraft\structure\underwater_ruin\cracked_3.nbt
	  *EXTRA File 		    1254	C:\Users\joshp\curseforge\minecraft\Instances\Alive Dev\saves\Desire Paths\datapacks_uncompiled\temp_dir\data\minecraft\structure\underwater_ruin\cracked_4.nbt
	  *EXTRA File 		    1269	C:\Users\joshp\curseforge\minecraft\Instances\Alive Dev\saves\Desire Paths\datapacks_uncompiled\temp_dir\data\minecraft\structure\underwater_ruin\cracked_5.nbt
	  *EXTRA File 		    1375	C:\Users\joshp\curseforge\minecraft\Instances\Alive Dev\saves\Desire Paths\datapacks_uncompiled\temp_dir\data\minecraft\structure\underwater_ruin\cracked_6.nbt
	  *EXTRA File 		    1324	C:\Users\joshp\curseforge\minecraft\Instances\Alive Dev\saves\Desire Paths\datapacks_uncompiled\temp_dir\data\minecraft\structure\underwater_ruin\cracked_7.nbt
	  *EXTRA File 		    1286	C:\Users\joshp\curseforge\minecraft\Instances\Alive Dev\saves\Desire Paths\datapacks_uncompiled\temp_dir\data\minecraft\structure\underwater_ruin\cracked_8.nbt
	  *EXTRA File 		    1246	C:\Users\joshp\curseforge\minecraft\Instances\Alive Dev\saves\Desire Paths\datapacks_uncompiled\temp_dir\data\minecraft\structure\underwater_ruin\mossy_1.nbt
	  *EXTRA File 		    1242	C:\Users\joshp\curseforge\minecraft\Instances\Alive Dev\saves\Desire Paths\datapacks_uncompiled\temp_dir\data\minecraft\structure\underwater_ruin\mossy_2.nbt
	  *EXTRA File 		    1297	C:\Users\joshp\curseforge\minecraft\Instances\Alive Dev\saves\Desire Paths\datapacks_uncompiled\temp_dir\data\minecraft\structure\underwater_ruin\mossy_3.nbt
	  *EXTRA File 		    1259	C:\Users\joshp\curseforge\minecraft\Instances\Alive Dev\saves\Desire Paths\datapacks_uncompiled\temp_dir\data\minecraft\structure\underwater_ruin\mossy_4.nbt
	  *EXTRA File 		    1273	C:\Users\joshp\curseforge\minecraft\Instances\Alive Dev\saves\Desire Paths\datapacks_uncompiled\temp_dir\data\minecraft\structure\underwater_ruin\mossy_5.nbt
	  *EXTRA File 		    1448	C:\Users\joshp\curseforge\minecraft\Instances\Alive Dev\saves\Desire Paths\datapacks_uncompiled\temp_dir\data\minecraft\structure\underwater_ruin\mossy_6.nbt
	  *EXTRA File 		    1318	C:\Users\joshp\curseforge\minecraft\Instances\Alive Dev\saves\Desire Paths\datapacks_uncompiled\temp_dir\data\minecraft\structure\underwater_ruin\mossy_7.nbt
	  *EXTRA File 		    1281	C:\Users\joshp\curseforge\minecraft\Instances\Alive Dev\saves\Desire Paths\datapacks_uncompiled\temp_dir\data\minecraft\structure\underwater_ruin\mossy_8.nbt
	  *EXTRA File 		    1221	C:\Users\joshp\curseforge\minecraft\Instances\Alive Dev\saves\Desire Paths\datapacks_uncompiled\temp_dir\data\minecraft\structure\underwater_ruin\warm_1.nbt
	  *EXTRA File 		    1258	C:\Users\joshp\curseforge\minecraft\Instances\Alive Dev\saves\Desire Paths\datapacks_uncompiled\temp_dir\data\minecraft\structure\underwater_ruin\warm_2.nbt
	  *EXTRA File 		    1249	C:\Users\joshp\curseforge\minecraft\Instances\Alive Dev\saves\Desire Paths\datapacks_uncompiled\temp_dir\data\minecraft\structure\underwater_ruin\warm_3.nbt
	  *EXTRA File 		    1311	C:\Users\joshp\curseforge\minecraft\Instances\Alive Dev\saves\Desire Paths\datapacks_uncompiled\temp_dir\data\minecraft\structure\underwater_ruin\warm_4.nbt
	  *EXTRA File 		    1198	C:\Users\joshp\curseforge\minecraft\Instances\Alive Dev\saves\Desire Paths\datapacks_uncompiled\temp_dir\data\minecraft\structure\underwater_ruin\warm_5.nbt
	  *EXTRA File 		    1242	C:\Users\joshp\curseforge\minecraft\Instances\Alive Dev\saves\Desire Paths\datapacks_uncompiled\temp_dir\data\minecraft\structure\underwater_ruin\warm_6.nbt
	  *EXTRA File 		    1189	C:\Users\joshp\curseforge\minecraft\Instances\Alive Dev\saves\Desire Paths\datapacks_uncompiled\temp_dir\data\minecraft\structure\underwater_ruin\warm_7.nbt
	  *EXTRA File 		    1302	C:\Users\joshp\curseforge\minecraft\Instances\Alive Dev\saves\Desire Paths\datapacks_uncompiled\temp_dir\data\minecraft\structure\underwater_ruin\warm_8.nbt
	*EXTRA Dir        -1	C:\Users\joshp\curseforge\minecraft\Instances\Alive Dev\saves\Desire Paths\datapacks_uncompiled\temp_dir\data\minecraft\structure\village\
	*EXTRA Dir        -1	C:\Users\joshp\curseforge\minecraft\Instances\Alive Dev\saves\Desire Paths\datapacks_uncompiled\temp_dir\data\minecraft\structure\village\common\
	  *EXTRA File 		     845	C:\Users\joshp\curseforge\minecraft\Instances\Alive Dev\saves\Desire Paths\datapacks_uncompiled\temp_dir\data\minecraft\structure\village\common\iron_golem.nbt
	  *EXTRA File 		     441	C:\Users\joshp\curseforge\minecraft\Instances\Alive Dev\saves\Desire Paths\datapacks_uncompiled\temp_dir\data\minecraft\structure\village\common\well_bottom.nbt
	*EXTRA Dir        -1	C:\Users\joshp\curseforge\minecraft\Instances\Alive Dev\saves\Desire Paths\datapacks_uncompiled\temp_dir\data\minecraft\structure\village\common\animals\
	  *EXTRA File 		     912	C:\Users\joshp\curseforge\minecraft\Instances\Alive Dev\saves\Desire Paths\datapacks_uncompiled\temp_dir\data\minecraft\structure\village\common\animals\cat_black.nbt
	  *EXTRA File 		     923	C:\Users\joshp\curseforge\minecraft\Instances\Alive Dev\saves\Desire Paths\datapacks_uncompiled\temp_dir\data\minecraft\structure\village\common\animals\cat_british.nbt
	  *EXTRA File 		     848	C:\Users\joshp\curseforge\minecraft\Instances\Alive Dev\saves\Desire Paths\datapacks_uncompiled\temp_dir\data\minecraft\structure\village\common\animals\cat_calico.nbt
	  *EXTRA File 		     915	C:\Users\joshp\curseforge\minecraft\Instances\Alive Dev\saves\Desire Paths\datapacks_uncompiled\temp_dir\data\minecraft\structure\village\common\animals\cat_jellie.nbt
	  *EXTRA File 		     851	C:\Users\joshp\curseforge\minecraft\Instances\Alive Dev\saves\Desire Paths\datapacks_uncompiled\temp_dir\data\minecraft\structure\village\common\animals\cat_persian.nbt
	  *EXTRA File 		     915	C:\Users\joshp\curseforge\minecraft\Instances\Alive Dev\saves\Desire Paths\datapacks_uncompiled\temp_dir\data\minecraft\structure\village\common\animals\cat_ragdoll.nbt
	  *EXTRA File 		     829	C:\Users\joshp\curseforge\minecraft\Instances\Alive Dev\saves\Desire Paths\datapacks_uncompiled\temp_dir\data\minecraft\structure\village\common\animals\cat_red.nbt
	  *EXTRA File 		     840	C:\Users\joshp\curseforge\minecraft\Instances\Alive Dev\saves\Desire Paths\datapacks_uncompiled\temp_dir\data\minecraft\structure\village\common\animals\cat_siamese.nbt
	  *EXTRA File 		     909	C:\Users\joshp\curseforge\minecraft\Instances\Alive Dev\saves\Desire Paths\datapacks_uncompiled\temp_dir\data\minecraft\structure\village\common\animals\cat_tabby.nbt
	  *EXTRA File 		     907	C:\Users\joshp\curseforge\minecraft\Instances\Alive Dev\saves\Desire Paths\datapacks_uncompiled\temp_dir\data\minecraft\structure\village\common\animals\cat_white.nbt
	  *EXTRA File 		     945	C:\Users\joshp\curseforge\minecraft\Instances\Alive Dev\saves\Desire Paths\datapacks_uncompiled\temp_dir\data\minecraft\structure\village\common\animals\cows_1.nbt
	  *EXTRA File 		     912	C:\Users\joshp\curseforge\minecraft\Instances\Alive Dev\saves\Desire Paths\datapacks_uncompiled\temp_dir\data\minecraft\structure\village\common\animals\horses_1.nbt
	  *EXTRA File 		    1024	C:\Users\joshp\curseforge\minecraft\Instances\Alive Dev\saves\Desire Paths\datapacks_uncompiled\temp_dir\data\minecraft\structure\village\common\animals\horses_2.nbt
	  *EXTRA File 		    1032	C:\Users\joshp\curseforge\minecraft\Instances\Alive Dev\saves\Desire Paths\datapacks_uncompiled\temp_dir\data\minecraft\structure\village\common\animals\horses_3.nbt
	  *EXTRA File 		     904	C:\Users\joshp\curseforge\minecraft\Instances\Alive Dev\saves\Desire Paths\datapacks_uncompiled\temp_dir\data\minecraft\structure\village\common\animals\horses_4.nbt
	  *EXTRA File 		     925	C:\Users\joshp\curseforge\minecraft\Instances\Alive Dev\saves\Desire Paths\datapacks_uncompiled\temp_dir\data\minecraft\structure\village\common\animals\horses_5.nbt
	  *EXTRA File 		     948	C:\Users\joshp\curseforge\minecraft\Instances\Alive Dev\saves\Desire Paths\datapacks_uncompiled\temp_dir\data\minecraft\structure\village\common\animals\pigs_1.nbt
	  *EXTRA File 		     968	C:\Users\joshp\curseforge\minecraft\Instances\Alive Dev\saves\Desire Paths\datapacks_uncompiled\temp_dir\data\minecraft\structure\village\common\animals\sheep_1.nbt
	  *EXTRA File 		     969	C:\Users\joshp\curseforge\minecraft\Instances\Alive Dev\saves\Desire Paths\datapacks_uncompiled\temp_dir\data\minecraft\structure\village\common\animals\sheep_2.nbt
	*EXTRA Dir        -1	C:\Users\joshp\curseforge\minecraft\Instances\Alive Dev\saves\Desire Paths\datapacks_uncompiled\temp_dir\data\minecraft\structure\village\decays\
	  *EXTRA File 		     527	C:\Users\joshp\curseforge\minecraft\Instances\Alive Dev\saves\Desire Paths\datapacks_uncompiled\temp_dir\data\minecraft\structure\village\decays\grass_11x13.nbt
	  *EXTRA File 		     815	C:\Users\joshp\curseforge\minecraft\Instances\Alive Dev\saves\Desire Paths\datapacks_uncompiled\temp_dir\data\minecraft\structure\village\decays\grass_16x16.nbt
	  *EXTRA File 		     380	C:\Users\joshp\curseforge\minecraft\Instances\Alive Dev\saves\Desire Paths\datapacks_uncompiled\temp_dir\data\minecraft\structure\village\decays\grass_9x9.nbt
	*EXTRA Dir        -1	C:\Users\joshp\curseforge\minecraft\Instances\Alive Dev\saves\Desire Paths\datapacks_uncompiled\temp_dir\data\minecraft\structure\village\desert\
	  *EXTRA File 		     307	C:\Users\joshp\curseforge\minecraft\Instances\Alive Dev\saves\Desire Paths\datapacks_uncompiled\temp_dir\data\minecraft\structure\village\desert\camel_spawn.nbt
	  *EXTRA File 		     304	C:\Users\joshp\curseforge\minecraft\Instances\Alive Dev\saves\Desire Paths\datapacks_uncompiled\temp_dir\data\minecraft\structure\village\desert\desert_lamp_1.nbt
	*EXTRA Dir        -1	C:\Users\joshp\curseforge\minecraft\Instances\Alive Dev\saves\Desire Paths\datapacks_uncompiled\temp_dir\data\minecraft\structure\village\desert\houses\
	  *EXTRA File 		    1682	C:\Users\joshp\curseforge\minecraft\Instances\Alive Dev\saves\Desire Paths\datapacks_uncompiled\temp_dir\data\minecraft\structure\village\desert\houses\desert_animal_pen_1.nbt
	  *EXTRA File 		    1798	C:\Users\joshp\curseforge\minecraft\Instances\Alive Dev\saves\Desire Paths\datapacks_uncompiled\temp_dir\data\minecraft\structure\village\desert\houses\desert_animal_pen_2.nbt
	  *EXTRA File 		    1743	C:\Users\joshp\curseforge\minecraft\Instances\Alive Dev\saves\Desire Paths\datapacks_uncompiled\temp_dir\data\minecraft\structure\village\desert\houses\desert_armorer_1.nbt
	  *EXTRA File 		    1707	C:\Users\joshp\curseforge\minecraft\Instances\Alive Dev\saves\Desire Paths\datapacks_uncompiled\temp_dir\data\minecraft\structure\village\desert\houses\desert_butcher_shop_1.nbt
	  *EXTRA File 		    1633	C:\Users\joshp\curseforge\minecraft\Instances\Alive Dev\saves\Desire Paths\datapacks_uncompiled\temp_dir\data\minecraft\structure\village\desert\houses\desert_cartographer_house_1.nbt
	  *EXTRA File 		     730	C:\Users\joshp\curseforge\minecraft\Instances\Alive Dev\saves\Desire Paths\datapacks_uncompiled\temp_dir\data\minecraft\structure\village\desert\houses\desert_farm_1.nbt
	  *EXTRA File 		     880	C:\Users\joshp\curseforge\minecraft\Instances\Alive Dev\saves\Desire Paths\datapacks_uncompiled\temp_dir\data\minecraft\structure\village\desert\houses\desert_farm_2.nbt
	  *EXTRA File 		    2189	C:\Users\joshp\curseforge\minecraft\Instances\Alive Dev\saves\Desire Paths\datapacks_uncompiled\temp_dir\data\minecraft\structure\village\desert\houses\desert_fisher_1.nbt
	  *EXTRA File 		    3026	C:\Users\joshp\curseforge\minecraft\Instances\Alive Dev\saves\Desire Paths\datapacks_uncompiled\temp_dir\data\minecraft\structure\village\desert\houses\desert_fletcher_house_1.nbt
	  *EXTRA File 		    1513	C:\Users\joshp\curseforge\minecraft\Instances\Alive Dev\saves\Desire Paths\datapacks_uncompiled\temp_dir\data\minecraft\structure\village\desert\houses\desert_large_farm_1.nbt
	  *EXTRA File 		    1517	C:\Users\joshp\curseforge\minecraft\Instances\Alive Dev\saves\Desire Paths\datapacks_uncompiled\temp_dir\data\minecraft\structure\village\desert\houses\desert_library_1.nbt
	  *EXTRA File 		    1384	C:\Users\joshp\curseforge\minecraft\Instances\Alive Dev\saves\Desire Paths\datapacks_uncompiled\temp_dir\data\minecraft\structure\village\desert\houses\desert_mason_1.nbt
	  *EXTRA File 		    1408	C:\Users\joshp\curseforge\minecraft\Instances\Alive Dev\saves\Desire Paths\datapacks_uncompiled\temp_dir\data\minecraft\structure\village\desert\houses\desert_medium_house_1.nbt
	  *EXTRA File 		    2726	C:\Users\joshp\curseforge\minecraft\Instances\Alive Dev\saves\Desire Paths\datapacks_uncompiled\temp_dir\data\minecraft\structure\village\desert\houses\desert_medium_house_2.nbt
	  *EXTRA File 		    1599	C:\Users\joshp\curseforge\minecraft\Instances\Alive Dev\saves\Desire Paths\datapacks_uncompiled\temp_dir\data\minecraft\structure\village\desert\houses\desert_shepherd_house_1.nbt
	  *EXTRA File 		    1178	C:\Users\joshp\curseforge\minecraft\Instances\Alive Dev\saves\Desire Paths\datapacks_uncompiled\temp_dir\data\minecraft\structure\village\desert\houses\desert_small_house_1.nbt
	  *EXTRA File 		    1322	C:\Users\joshp\curseforge\minecraft\Instances\Alive Dev\saves\Desire Paths\datapacks_uncompiled\temp_dir\data\minecraft\structure\village\desert\houses\desert_small_house_2.nbt
	  *EXTRA File 		    1147	C:\Users\joshp\curseforge\minecraft\Instances\Alive Dev\saves\Desire Paths\datapacks_uncompiled\temp_dir\data\minecraft\structure\village\desert\houses\desert_small_house_3.nbt
	  *EXTRA File 		    1074	C:\Users\joshp\curseforge\minecraft\Instances\Alive Dev\saves\Desire Paths\datapacks_uncompiled\temp_dir\data\minecraft\structure\village\desert\houses\desert_small_house_4.nbt
	  *EXTRA File 		    1127	C:\Users\joshp\curseforge\minecraft\Instances\Alive Dev\saves\Desire Paths\datapacks_uncompiled\temp_dir\data\minecraft\structure\village\desert\houses\desert_small_house_5.nbt
	  *EXTRA File 		    2284	C:\Users\joshp\curseforge\minecraft\Instances\Alive Dev\saves\Desire Paths\datapacks_uncompiled\temp_dir\data\minecraft\structure\village\desert\houses\desert_small_house_6.nbt
	  *EXTRA File 		    1576	C:\Users\joshp\curseforge\minecraft\Instances\Alive Dev\saves\Desire Paths\datapacks_uncompiled\temp_dir\data\minecraft\structure\village\desert\houses\desert_small_house_7.nbt
	  *EXTRA File 		    1049	C:\Users\joshp\curseforge\minecraft\Instances\Alive Dev\saves\Desire Paths\datapacks_uncompiled\temp_dir\data\minecraft\structure\village\desert\houses\desert_small_house_8.nbt
	  *EXTRA File 		    1833	C:\Users\joshp\curseforge\minecraft\Instances\Alive Dev\saves\Desire Paths\datapacks_uncompiled\temp_dir\data\minecraft\structure\village\desert\houses\desert_tannery_1.nbt
	  *EXTRA File 		    2831	C:\Users\joshp\curseforge\minecraft\Instances\Alive Dev\saves\Desire Paths\datapacks_uncompiled\temp_dir\data\minecraft\structure\village\desert\houses\desert_temple_1.nbt
	  *EXTRA File 		    2645	C:\Users\joshp\curseforge\minecraft\Instances\Alive Dev\saves\Desire Paths\datapacks_uncompiled\temp_dir\data\minecraft\structure\village\desert\houses\desert_temple_2.nbt
	  *EXTRA File 		    2833	C:\Users\joshp\curseforge\minecraft\Instances\Alive Dev\saves\Desire Paths\datapacks_uncompiled\temp_dir\data\minecraft\structure\village\desert\houses\desert_tool_smith_1.nbt
	  *EXTRA File 		    2005	C:\Users\joshp\curseforge\minecraft\Instances\Alive Dev\saves\Desire Paths\datapacks_uncompiled\temp_dir\data\minecraft\structure\village\desert\houses\desert_weaponsmith_1.nbt
	*EXTRA Dir        -1	C:\Users\joshp\curseforge\minecraft\Instances\Alive Dev\saves\Desire Paths\datapacks_uncompiled\temp_dir\data\minecraft\structure\village\desert\streets\
	  *EXTRA File 		     728	C:\Users\joshp\curseforge\minecraft\Instances\Alive Dev\saves\Desire Paths\datapacks_uncompiled\temp_dir\data\minecraft\structure\village\desert\streets\corner_01.nbt
	  *EXTRA File 		     482	C:\Users\joshp\curseforge\minecraft\Instances\Alive Dev\saves\Desire Paths\datapacks_uncompiled\temp_dir\data\minecraft\structure\village\desert\streets\corner_02.nbt
	  *EXTRA File 		    1242	C:\Users\joshp\curseforge\minecraft\Instances\Alive Dev\saves\Desire Paths\datapacks_uncompiled\temp_dir\data\minecraft\structure\village\desert\streets\crossroad_01.nbt
	  *EXTRA File 		     756	C:\Users\joshp\curseforge\minecraft\Instances\Alive Dev\saves\Desire Paths\datapacks_uncompiled\temp_dir\data\minecraft\structure\village\desert\streets\crossroad_02.nbt
	  *EXTRA File 		     456	C:\Users\joshp\curseforge\minecraft\Instances\Alive Dev\saves\Desire Paths\datapacks_uncompiled\temp_dir\data\minecraft\structure\village\desert\streets\crossroad_03.nbt
	  *EXTRA File 		    1509	C:\Users\joshp\curseforge\minecraft\Instances\Alive Dev\saves\Desire Paths\datapacks_uncompiled\temp_dir\data\minecraft\structure\village\desert\streets\square_01.nbt
	  *EXTRA File 		    1262	C:\Users\joshp\curseforge\minecraft\Instances\Alive Dev\saves\Desire Paths\datapacks_uncompiled\temp_dir\data\minecraft\structure\village\desert\streets\square_02.nbt
	  *EXTRA File 		     937	C:\Users\joshp\curseforge\minecraft\Instances\Alive Dev\saves\Desire Paths\datapacks_uncompiled\temp_dir\data\minecraft\structure\village\desert\streets\straight_01.nbt
	  *EXTRA File 		    1166	C:\Users\joshp\curseforge\minecraft\Instances\Alive Dev\saves\Desire Paths\datapacks_uncompiled\temp_dir\data\minecraft\structure\village\desert\streets\straight_02.nbt
	  *EXTRA File 		     345	C:\Users\joshp\curseforge\minecraft\Instances\Alive Dev\saves\Desire Paths\datapacks_uncompiled\temp_dir\data\minecraft\structure\village\desert\streets\straight_03.nbt
	  *EXTRA File 		     415	C:\Users\joshp\curseforge\minecraft\Instances\Alive Dev\saves\Desire Paths\datapacks_uncompiled\temp_dir\data\minecraft\structure\village\desert\streets\turn_01.nbt
	*EXTRA Dir        -1	C:\Users\joshp\curseforge\minecraft\Instances\Alive Dev\saves\Desire Paths\datapacks_uncompiled\temp_dir\data\minecraft\structure\village\desert\terminators\
	  *EXTRA File 		     318	C:\Users\joshp\curseforge\minecraft\Instances\Alive Dev\saves\Desire Paths\datapacks_uncompiled\temp_dir\data\minecraft\structure\village\desert\terminators\terminator_01.nbt
	  *EXTRA File 		     397	C:\Users\joshp\curseforge\minecraft\Instances\Alive Dev\saves\Desire Paths\datapacks_uncompiled\temp_dir\data\minecraft\structure\village\desert\terminators\terminator_02.nbt
	*EXTRA Dir        -1	C:\Users\joshp\curseforge\minecraft\Instances\Alive Dev\saves\Desire Paths\datapacks_uncompiled\temp_dir\data\minecraft\structure\village\desert\town_centers\
	  *EXTRA File 		    1034	C:\Users\joshp\curseforge\minecraft\Instances\Alive Dev\saves\Desire Paths\datapacks_uncompiled\temp_dir\data\minecraft\structure\village\desert\town_centers\desert_meeting_point_1.nbt
	  *EXTRA File 		    1797	C:\Users\joshp\curseforge\minecraft\Instances\Alive Dev\saves\Desire Paths\datapacks_uncompiled\temp_dir\data\minecraft\structure\village\desert\town_centers\desert_meeting_point_2.nbt
	  *EXTRA File 		    1864	C:\Users\joshp\curseforge\minecraft\Instances\Alive Dev\saves\Desire Paths\datapacks_uncompiled\temp_dir\data\minecraft\structure\village\desert\town_centers\desert_meeting_point_3.nbt
	*EXTRA Dir        -1	C:\Users\joshp\curseforge\minecraft\Instances\Alive Dev\saves\Desire Paths\datapacks_uncompiled\temp_dir\data\minecraft\structure\village\desert\villagers\
	  *EXTRA File 		     734	C:\Users\joshp\curseforge\minecraft\Instances\Alive Dev\saves\Desire Paths\datapacks_uncompiled\temp_dir\data\minecraft\structure\village\desert\villagers\baby.nbt
	  *EXTRA File 		     733	C:\Users\joshp\curseforge\minecraft\Instances\Alive Dev\saves\Desire Paths\datapacks_uncompiled\temp_dir\data\minecraft\structure\village\desert\villagers\nitwit.nbt
	  *EXTRA File 		     738	C:\Users\joshp\curseforge\minecraft\Instances\Alive Dev\saves\Desire Paths\datapacks_uncompiled\temp_dir\data\minecraft\structure\village\desert\villagers\unemployed.nbt
	*EXTRA Dir        -1	C:\Users\joshp\curseforge\minecraft\Instances\Alive Dev\saves\Desire Paths\datapacks_uncompiled\temp_dir\data\minecraft\structure\village\desert\zombie\
	*EXTRA Dir        -1	C:\Users\joshp\curseforge\minecraft\Instances\Alive Dev\saves\Desire Paths\datapacks_uncompiled\temp_dir\data\minecraft\structure\village\desert\zombie\houses\
	  *EXTRA File 		    1449	C:\Users\joshp\curseforge\minecraft\Instances\Alive Dev\saves\Desire Paths\datapacks_uncompiled\temp_dir\data\minecraft\structure\village\desert\zombie\houses\desert_medium_house_1.nbt
	  *EXTRA File 		    2799	C:\Users\joshp\curseforge\minecraft\Instances\Alive Dev\saves\Desire Paths\datapacks_uncompiled\temp_dir\data\minecraft\structure\village\desert\zombie\houses\desert_medium_house_2.nbt
	  *EXTRA File 		    1221	C:\Users\joshp\curseforge\minecraft\Instances\Alive Dev\saves\Desire Paths\datapacks_uncompiled\temp_dir\data\minecraft\structure\village\desert\zombie\houses\desert_small_house_1.nbt
	  *EXTRA File 		    1381	C:\Users\joshp\curseforge\minecraft\Instances\Alive Dev\saves\Desire Paths\datapacks_uncompiled\temp_dir\data\minecraft\structure\village\desert\zombie\houses\desert_small_house_2.nbt
	  *EXTRA File 		    1162	C:\Users\joshp\curseforge\minecraft\Instances\Alive Dev\saves\Desire Paths\datapacks_uncompiled\temp_dir\data\minecraft\structure\village\desert\zombie\houses\desert_small_house_3.nbt
	  *EXTRA File 		    1108	C:\Users\joshp\curseforge\minecraft\Instances\Alive Dev\saves\Desire Paths\datapacks_uncompiled\temp_dir\data\minecraft\structure\village\desert\zombie\houses\desert_small_house_4.nbt
	  *EXTRA File 		    1166	C:\Users\joshp\curseforge\minecraft\Instances\Alive Dev\saves\Desire Paths\datapacks_uncompiled\temp_dir\data\minecraft\structure\village\desert\zombie\houses\desert_small_house_5.nbt
	  *EXTRA File 		    2089	C:\Users\joshp\curseforge\minecraft\Instances\Alive Dev\saves\Desire Paths\datapacks_uncompiled\temp_dir\data\minecraft\structure\village\desert\zombie\houses\desert_small_house_6.nbt
	  *EXTRA File 		    1622	C:\Users\joshp\curseforge\minecraft\Instances\Alive Dev\saves\Desire Paths\datapacks_uncompiled\temp_dir\data\minecraft\structure\village\desert\zombie\houses\desert_small_house_7.nbt
	  *EXTRA File 		    1059	C:\Users\joshp\curseforge\minecraft\Instances\Alive Dev\saves\Desire Paths\datapacks_uncompiled\temp_dir\data\minecraft\structure\village\desert\zombie\houses\desert_small_house_8.nbt
	*EXTRA Dir        -1	C:\Users\joshp\curseforge\minecraft\Instances\Alive Dev\saves\Desire Paths\datapacks_uncompiled\temp_dir\data\minecraft\structure\village\desert\zombie\streets\
	  *EXTRA File 		     746	C:\Users\joshp\curseforge\minecraft\Instances\Alive Dev\saves\Desire Paths\datapacks_uncompiled\temp_dir\data\minecraft\structure\village\desert\zombie\streets\corner_01.nbt
	  *EXTRA File 		     500	C:\Users\joshp\curseforge\minecraft\Instances\Alive Dev\saves\Desire Paths\datapacks_uncompiled\temp_dir\data\minecraft\structure\village\desert\zombie\streets\corner_02.nbt
	  *EXTRA File 		    1242	C:\Users\joshp\curseforge\minecraft\Instances\Alive Dev\saves\Desire Paths\datapacks_uncompiled\temp_dir\data\minecraft\structure\village\desert\zombie\streets\crossroad_01.nbt
	  *EXTRA File 		     794	C:\Users\joshp\curseforge\minecraft\Instances\Alive Dev\saves\Desire Paths\datapacks_uncompiled\temp_dir\data\minecraft\structure\village\desert\zombie\streets\crossroad_02.nbt
	  *EXTRA File 		     462	C:\Users\joshp\curseforge\minecraft\Instances\Alive Dev\saves\Desire Paths\datapacks_uncompiled\temp_dir\data\minecraft\structure\village\desert\zombie\streets\crossroad_03.nbt
	  *EXTRA File 		    1531	C:\Users\joshp\curseforge\minecraft\Instances\Alive Dev\saves\Desire Paths\datapacks_uncompiled\temp_dir\data\minecraft\structure\village\desert\zombie\streets\square_01.nbt
	  *EXTRA File 		    1292	C:\Users\joshp\curseforge\minecraft\Instances\Alive Dev\saves\Desire Paths\datapacks_uncompiled\temp_dir\data\minecraft\structure\village\desert\zombie\streets\square_02.nbt
	  *EXTRA File 		     950	C:\Users\joshp\curseforge\minecraft\Instances\Alive Dev\saves\Desire Paths\datapacks_uncompiled\temp_dir\data\minecraft\structure\village\desert\zombie\streets\straight_01.nbt
	  *EXTRA File 		    1188	C:\Users\joshp\curseforge\minecraft\Instances\Alive Dev\saves\Desire Paths\datapacks_uncompiled\temp_dir\data\minecraft\structure\village\desert\zombie\streets\straight_02.nbt
	  *EXTRA File 		     350	C:\Users\joshp\curseforge\minecraft\Instances\Alive Dev\saves\Desire Paths\datapacks_uncompiled\temp_dir\data\minecraft\structure\village\desert\zombie\streets\straight_03.nbt
	  *EXTRA File 		     420	C:\Users\joshp\curseforge\minecraft\Instances\Alive Dev\saves\Desire Paths\datapacks_uncompiled\temp_dir\data\minecraft\structure\village\desert\zombie\streets\turn_01.nbt
	*EXTRA Dir        -1	C:\Users\joshp\curseforge\minecraft\Instances\Alive Dev\saves\Desire Paths\datapacks_uncompiled\temp_dir\data\minecraft\structure\village\desert\zombie\terminators\
	  *EXTRA File 		     401	C:\Users\joshp\curseforge\minecraft\Instances\Alive Dev\saves\Desire Paths\datapacks_uncompiled\temp_dir\data\minecraft\structure\village\desert\zombie\terminators\terminator_02.nbt
	*EXTRA Dir        -1	C:\Users\joshp\curseforge\minecraft\Instances\Alive Dev\saves\Desire Paths\datapacks_uncompiled\temp_dir\data\minecraft\structure\village\desert\zombie\town_centers\
	  *EXTRA File 		    1149	C:\Users\joshp\curseforge\minecraft\Instances\Alive Dev\saves\Desire Paths\datapacks_uncompiled\temp_dir\data\minecraft\structure\village\desert\zombie\town_centers\desert_meeting_point_1.nbt
	  *EXTRA File 		    2293	C:\Users\joshp\curseforge\minecraft\Instances\Alive Dev\saves\Desire Paths\datapacks_uncompiled\temp_dir\data\minecraft\structure\village\desert\zombie\town_centers\desert_meeting_point_2.nbt
	  *EXTRA File 		    4331	C:\Users\joshp\curseforge\minecraft\Instances\Alive Dev\saves\Desire Paths\datapacks_uncompiled\temp_dir\data\minecraft\structure\village\desert\zombie\town_centers\desert_meeting_point_3.nbt
	*EXTRA Dir        -1	C:\Users\joshp\curseforge\minecraft\Instances\Alive Dev\saves\Desire Paths\datapacks_uncompiled\temp_dir\data\minecraft\structure\village\desert\zombie\villagers\
	  *EXTRA File 		     740	C:\Users\joshp\curseforge\minecraft\Instances\Alive Dev\saves\Desire Paths\datapacks_uncompiled\temp_dir\data\minecraft\structure\village\desert\zombie\villagers\nitwit.nbt
	  *EXTRA File 		     744	C:\Users\joshp\curseforge\minecraft\Instances\Alive Dev\saves\Desire Paths\datapacks_uncompiled\temp_dir\data\minecraft\structure\village\desert\zombie\villagers\unemployed.nbt
	*EXTRA Dir        -1	C:\Users\joshp\curseforge\minecraft\Instances\Alive Dev\saves\Desire Paths\datapacks_uncompiled\temp_dir\data\minecraft\structure\village\plains\
	  *EXTRA File 		     493	C:\Users\joshp\curseforge\minecraft\Instances\Alive Dev\saves\Desire Paths\datapacks_uncompiled\temp_dir\data\minecraft\structure\village\plains\plains_lamp_1.nbt
	*EXTRA Dir        -1	C:\Users\joshp\curseforge\minecraft\Instances\Alive Dev\saves\Desire Paths\datapacks_uncompiled\temp_dir\data\minecraft\structure\village\plains\houses\
	  *EXTRA File 		     549	C:\Users\joshp\curseforge\minecraft\Instances\Alive Dev\saves\Desire Paths\datapacks_uncompiled\temp_dir\data\minecraft\structure\village\plains\houses\plains_accessory_1.nbt
	  *EXTRA File 		     744	C:\Users\joshp\curseforge\minecraft\Instances\Alive Dev\saves\Desire Paths\datapacks_uncompiled\temp_dir\data\minecraft\structure\village\plains\houses\plains_animal_pen_1.nbt
	  *EXTRA File 		    1000	C:\Users\joshp\curseforge\minecraft\Instances\Alive Dev\saves\Desire Paths\datapacks_uncompiled\temp_dir\data\minecraft\structure\village\plains\houses\plains_animal_pen_2.nbt
	  *EXTRA File 		    1307	C:\Users\joshp\curseforge\minecraft\Instances\Alive Dev\saves\Desire Paths\datapacks_uncompiled\temp_dir\data\minecraft\structure\village\plains\houses\plains_animal_pen_3.nbt
	  *EXTRA File 		    2583	C:\Users\joshp\curseforge\minecraft\Instances\Alive Dev\saves\Desire Paths\datapacks_uncompiled\temp_dir\data\minecraft\structure\village\plains\houses\plains_armorer_house_1.nbt
	  *EXTRA File 		    3153	C:\Users\joshp\curseforge\minecraft\Instances\Alive Dev\saves\Desire Paths\datapacks_uncompiled\temp_dir\data\minecraft\structure\village\plains\houses\plains_big_house_1.nbt
	  *EXTRA File 		    3948	C:\Users\joshp\curseforge\minecraft\Instances\Alive Dev\saves\Desire Paths\datapacks_uncompiled\temp_dir\data\minecraft\structure\village\plains\houses\plains_butcher_shop_1.nbt
	  *EXTRA File 		    4541	C:\Users\joshp\curseforge\minecraft\Instances\Alive Dev\saves\Desire Paths\datapacks_uncompiled\temp_dir\data\minecraft\structure\village\plains\houses\plains_butcher_shop_2.nbt
	  *EXTRA File 		    2339	C:\Users\joshp\curseforge\minecraft\Instances\Alive Dev\saves\Desire Paths\datapacks_uncompiled\temp_dir\data\minecraft\structure\village\plains\houses\plains_cartographer_1.nbt
	  *EXTRA File 		    3485	C:\Users\joshp\curseforge\minecraft\Instances\Alive Dev\saves\Desire Paths\datapacks_uncompiled\temp_dir\data\minecraft\structure\village\plains\houses\plains_fisher_cottage_1.nbt
	  *EXTRA File 		    2843	C:\Users\joshp\curseforge\minecraft\Instances\Alive Dev\saves\Desire Paths\datapacks_uncompiled\temp_dir\data\minecraft\structure\village\plains\houses\plains_fletcher_house_1.nbt
	  *EXTRA File 		    1128	C:\Users\joshp\curseforge\minecraft\Instances\Alive Dev\saves\Desire Paths\datapacks_uncompiled\temp_dir\data\minecraft\structure\village\plains\houses\plains_large_farm_1.nbt
	  *EXTRA File 		    6085	C:\Users\joshp\curseforge\minecraft\Instances\Alive Dev\saves\Desire Paths\datapacks_uncompiled\temp_dir\data\minecraft\structure\village\plains\houses\plains_library_1.nbt
	  *EXTRA File 		    2785	C:\Users\joshp\curseforge\minecraft\Instances\Alive Dev\saves\Desire Paths\datapacks_uncompiled\temp_dir\data\minecraft\structure\village\plains\houses\plains_library_2.nbt
	  *EXTRA File 		    2205	C:\Users\joshp\curseforge\minecraft\Instances\Alive Dev\saves\Desire Paths\datapacks_uncompiled\temp_dir\data\minecraft\structure\village\plains\houses\plains_masons_house_1.nbt
	  *EXTRA File 		    3946	C:\Users\joshp\curseforge\minecraft\Instances\Alive Dev\saves\Desire Paths\datapacks_uncompiled\temp_dir\data\minecraft\structure\village\plains\houses\plains_medium_house_1.nbt
	  *EXTRA File 		    2438	C:\Users\joshp\curseforge\minecraft\Instances\Alive Dev\saves\Desire Paths\datapacks_uncompiled\temp_dir\data\minecraft\structure\village\plains\houses\plains_medium_house_2.nbt
	  *EXTRA File 		    3798	C:\Users\joshp\curseforge\minecraft\Instances\Alive Dev\saves\Desire Paths\datapacks_uncompiled\temp_dir\data\minecraft\structure\village\plains\houses\plains_meeting_point_4.nbt
	  *EXTRA File 		    2505	C:\Users\joshp\curseforge\minecraft\Instances\Alive Dev\saves\Desire Paths\datapacks_uncompiled\temp_dir\data\minecraft\structure\village\plains\houses\plains_meeting_point_5.nbt
	  *EXTRA File 		    2766	C:\Users\joshp\curseforge\minecraft\Instances\Alive Dev\saves\Desire Paths\datapacks_uncompiled\temp_dir\data\minecraft\structure\village\plains\houses\plains_shepherds_house_1.nbt
	  *EXTRA File 		     757	C:\Users\joshp\curseforge\minecraft\Instances\Alive Dev\saves\Desire Paths\datapacks_uncompiled\temp_dir\data\minecraft\structure\village\plains\houses\plains_small_farm_1.nbt
	  *EXTRA File 		    1803	C:\Users\joshp\curseforge\minecraft\Instances\Alive Dev\saves\Desire Paths\datapacks_uncompiled\temp_dir\data\minecraft\structure\village\plains\houses\plains_small_house_1.nbt
	  *EXTRA File 		    1662	C:\Users\joshp\curseforge\minecraft\Instances\Alive Dev\saves\Desire Paths\datapacks_uncompiled\temp_dir\data\minecraft\structure\village\plains\houses\plains_small_house_2.nbt
	  *EXTRA File 		    1794	C:\Users\joshp\curseforge\minecraft\Instances\Alive Dev\saves\Desire Paths\datapacks_uncompiled\temp_dir\data\minecraft\structure\village\plains\houses\plains_small_house_3.nbt
	  *EXTRA File 		    1775	C:\Users\joshp\curseforge\minecraft\Instances\Alive Dev\saves\Desire Paths\datapacks_uncompiled\temp_dir\data\minecraft\structure\village\plains\houses\plains_small_house_4.nbt
	  *EXTRA File 		    3415	C:\Users\joshp\curseforge\minecraft\Instances\Alive Dev\saves\Desire Paths\datapacks_uncompiled\temp_dir\data\minecraft\structure\village\plains\houses\plains_small_house_5.nbt
	  *EXTRA File 		    1754	C:\Users\joshp\curseforge\minecraft\Instances\Alive Dev\saves\Desire Paths\datapacks_uncompiled\temp_dir\data\minecraft\structure\village\plains\houses\plains_small_house_6.nbt
	  *EXTRA File 		    2036	C:\Users\joshp\curseforge\minecraft\Instances\Alive Dev\saves\Desire Paths\datapacks_uncompiled\temp_dir\data\minecraft\structure\village\plains\houses\plains_small_house_7.nbt
	  *EXTRA File 		    2667	C:\Users\joshp\curseforge\minecraft\Instances\Alive Dev\saves\Desire Paths\datapacks_uncompiled\temp_dir\data\minecraft\structure\village\plains\houses\plains_small_house_8.nbt
	  *EXTRA File 		    3512	C:\Users\joshp\curseforge\minecraft\Instances\Alive Dev\saves\Desire Paths\datapacks_uncompiled\temp_dir\data\minecraft\structure\village\plains\houses\plains_stable_1.nbt
	  *EXTRA File 		    2862	C:\Users\joshp\curseforge\minecraft\Instances\Alive Dev\saves\Desire Paths\datapacks_uncompiled\temp_dir\data\minecraft\structure\village\plains\houses\plains_stable_2.nbt
	  *EXTRA File 		    2431	C:\Users\joshp\curseforge\minecraft\Instances\Alive Dev\saves\Desire Paths\datapacks_uncompiled\temp_dir\data\minecraft\structure\village\plains\houses\plains_tannery_1.nbt
	  *EXTRA File 		    2415	C:\Users\joshp\curseforge\minecraft\Instances\Alive Dev\saves\Desire Paths\datapacks_uncompiled\temp_dir\data\minecraft\structure\village\plains\houses\plains_temple_3.nbt
	  *EXTRA File 		    3198	C:\Users\joshp\curseforge\minecraft\Instances\Alive Dev\saves\Desire Paths\datapacks_uncompiled\temp_dir\data\minecraft\structure\village\plains\houses\plains_temple_4.nbt
	  *EXTRA File 		    2580	C:\Users\joshp\curseforge\minecraft\Instances\Alive Dev\saves\Desire Paths\datapacks_uncompiled\temp_dir\data\minecraft\structure\village\plains\houses\plains_tool_smith_1.nbt
	  *EXTRA File 		    3258	C:\Users\joshp\curseforge\minecraft\Instances\Alive Dev\saves\Desire Paths\datapacks_uncompiled\temp_dir\data\minecraft\structure\village\plains\houses\plains_weaponsmith_1.nbt
	*EXTRA Dir        -1	C:\Users\joshp\curseforge\minecraft\Instances\Alive Dev\saves\Desire Paths\datapacks_uncompiled\temp_dir\data\minecraft\structure\village\plains\streets\
	  *EXTRA File 		    1131	C:\Users\joshp\curseforge\minecraft\Instances\Alive Dev\saves\Desire Paths\datapacks_uncompiled\temp_dir\data\minecraft\structure\village\plains\streets\corner_01.nbt
	  *EXTRA File 		    1043	C:\Users\joshp\curseforge\minecraft\Instances\Alive Dev\saves\Desire Paths\datapacks_uncompiled\temp_dir\data\minecraft\structure\village\plains\streets\corner_02.nbt
	  *EXTRA File 		     367	C:\Users\joshp\curseforge\minecraft\Instances\Alive Dev\saves\Desire Paths\datapacks_uncompiled\temp_dir\data\minecraft\structure\village\plains\streets\corner_03.nbt
	  *EXTRA File 		    1147	C:\Users\joshp\curseforge\minecraft\Instances\Alive Dev\saves\Desire Paths\datapacks_uncompiled\temp_dir\data\minecraft\structure\village\plains\streets\crossroad_01.nbt
	  *EXTRA File 		    1101	C:\Users\joshp\curseforge\minecraft\Instances\Alive Dev\saves\Desire Paths\datapacks_uncompiled\temp_dir\data\minecraft\structure\village\plains\streets\crossroad_02.nbt
	  *EXTRA File 		    1154	C:\Users\joshp\curseforge\minecraft\Instances\Alive Dev\saves\Desire Paths\datapacks_uncompiled\temp_dir\data\minecraft\structure\village\plains\streets\crossroad_03.nbt
	  *EXTRA File 		     393	C:\Users\joshp\curseforge\minecraft\Instances\Alive Dev\saves\Desire Paths\datapacks_uncompiled\temp_dir\data\minecraft\structure\village\plains\streets\crossroad_04.nbt
	  *EXTRA File 		     420	C:\Users\joshp\curseforge\minecraft\Instances\Alive Dev\saves\Desire Paths\datapacks_uncompiled\temp_dir\data\minecraft\structure\village\plains\streets\crossroad_05.nbt
	  *EXTRA File 		     482	C:\Users\joshp\curseforge\minecraft\Instances\Alive Dev\saves\Desire Paths\datapacks_uncompiled\temp_dir\data\minecraft\structure\village\plains\streets\crossroad_06.nbt
	  *EXTRA File 		    1083	C:\Users\joshp\curseforge\minecraft\Instances\Alive Dev\saves\Desire Paths\datapacks_uncompiled\temp_dir\data\minecraft\structure\village\plains\streets\straight_01.nbt
	  *EXTRA File 		    1036	C:\Users\joshp\curseforge\minecraft\Instances\Alive Dev\saves\Desire Paths\datapacks_uncompiled\temp_dir\data\minecraft\structure\village\plains\streets\straight_02.nbt
	  *EXTRA File 		     763	C:\Users\joshp\curseforge\minecraft\Instances\Alive Dev\saves\Desire Paths\datapacks_uncompiled\temp_dir\data\minecraft\structure\village\plains\streets\straight_03.nbt
	  *EXTRA File 		     620	C:\Users\joshp\curseforge\minecraft\Instances\Alive Dev\saves\Desire Paths\datapacks_uncompiled\temp_dir\data\minecraft\structure\village\plains\streets\straight_04.nbt
	  *EXTRA File 		    1266	C:\Users\joshp\curseforge\minecraft\Instances\Alive Dev\saves\Desire Paths\datapacks_uncompiled\temp_dir\data\minecraft\structure\village\plains\streets\straight_05.nbt
	  *EXTRA File 		    1621	C:\Users\joshp\curseforge\minecraft\Instances\Alive Dev\saves\Desire Paths\datapacks_uncompiled\temp_dir\data\minecraft\structure\village\plains\streets\straight_06.nbt
	  *EXTRA File 		     769	C:\Users\joshp\curseforge\minecraft\Instances\Alive Dev\saves\Desire Paths\datapacks_uncompiled\temp_dir\data\minecraft\structure\village\plains\streets\turn_01.nbt
	*EXTRA Dir        -1	C:\Users\joshp\curseforge\minecraft\Instances\Alive Dev\saves\Desire Paths\datapacks_uncompiled\temp_dir\data\minecraft\structure\village\plains\terminators\
	  *EXTRA File 		     309	C:\Users\joshp\curseforge\minecraft\Instances\Alive Dev\saves\Desire Paths\datapacks_uncompiled\temp_dir\data\minecraft\structure\village\plains\terminators\terminator_01.nbt
	  *EXTRA File 		     276	C:\Users\joshp\curseforge\minecraft\Instances\Alive Dev\saves\Desire Paths\datapacks_uncompiled\temp_dir\data\minecraft\structure\village\plains\terminators\terminator_02.nbt
	  *EXTRA File 		     316	C:\Users\joshp\curseforge\minecraft\Instances\Alive Dev\saves\Desire Paths\datapacks_uncompiled\temp_dir\data\minecraft\structure\village\plains\terminators\terminator_03.nbt
	  *EXTRA File 		     340	C:\Users\joshp\curseforge\minecraft\Instances\Alive Dev\saves\Desire Paths\datapacks_uncompiled\temp_dir\data\minecraft\structure\village\plains\terminators\terminator_04.nbt
	*EXTRA Dir        -1	C:\Users\joshp\curseforge\minecraft\Instances\Alive Dev\saves\Desire Paths\datapacks_uncompiled\temp_dir\data\minecraft\structure\village\plains\town_centers\
	  *EXTRA File 		     939	C:\Users\joshp\curseforge\minecraft\Instances\Alive Dev\saves\Desire Paths\datapacks_uncompiled\temp_dir\data\minecraft\structure\village\plains\town_centers\plains_fountain_01.nbt
	  *EXTRA File 		    1084	C:\Users\joshp\curseforge\minecraft\Instances\Alive Dev\saves\Desire Paths\datapacks_uncompiled\temp_dir\data\minecraft\structure\village\plains\town_centers\plains_meeting_point_1.nbt
	  *EXTRA File 		    2375	C:\Users\joshp\curseforge\minecraft\Instances\Alive Dev\saves\Desire Paths\datapacks_uncompiled\temp_dir\data\minecraft\structure\village\plains\town_centers\plains_meeting_point_2.nbt
	  *EXTRA File 		    1557	C:\Users\joshp\curseforge\minecraft\Instances\Alive Dev\saves\Desire Paths\datapacks_uncompiled\temp_dir\data\minecraft\structure\village\plains\town_centers\plains_meeting_point_3.nbt
	*EXTRA Dir        -1	C:\Users\joshp\curseforge\minecraft\Instances\Alive Dev\saves\Desire Paths\datapacks_uncompiled\temp_dir\data\minecraft\structure\village\plains\villagers\
	  *EXTRA File 		     734	C:\Users\joshp\curseforge\minecraft\Instances\Alive Dev\saves\Desire Paths\datapacks_uncompiled\temp_dir\data\minecraft\structure\village\plains\villagers\baby.nbt
	  *EXTRA File 		     734	C:\Users\joshp\curseforge\minecraft\Instances\Alive Dev\saves\Desire Paths\datapacks_uncompiled\temp_dir\data\minecraft\structure\village\plains\villagers\nitwit.nbt
	  *EXTRA File 		     737	C:\Users\joshp\curseforge\minecraft\Instances\Alive Dev\saves\Desire Paths\datapacks_uncompiled\temp_dir\data\minecraft\structure\village\plains\villagers\unemployed.nbt
	*EXTRA Dir        -1	C:\Users\joshp\curseforge\minecraft\Instances\Alive Dev\saves\Desire Paths\datapacks_uncompiled\temp_dir\data\minecraft\structure\village\plains\zombie\
	*EXTRA Dir        -1	C:\Users\joshp\curseforge\minecraft\Instances\Alive Dev\saves\Desire Paths\datapacks_uncompiled\temp_dir\data\minecraft\structure\village\plains\zombie\houses\
	  *EXTRA File 		    1325	C:\Users\joshp\curseforge\minecraft\Instances\Alive Dev\saves\Desire Paths\datapacks_uncompiled\temp_dir\data\minecraft\structure\village\plains\zombie\houses\plains_animal_pen_3.nbt
	  *EXTRA File 		    3281	C:\Users\joshp\curseforge\minecraft\Instances\Alive Dev\saves\Desire Paths\datapacks_uncompiled\temp_dir\data\minecraft\structure\village\plains\zombie\houses\plains_big_house_1.nbt
	  *EXTRA File 		    4903	C:\Users\joshp\curseforge\minecraft\Instances\Alive Dev\saves\Desire Paths\datapacks_uncompiled\temp_dir\data\minecraft\structure\village\plains\zombie\houses\plains_butcher_shop_2.nbt
	  *EXTRA File 		    2971	C:\Users\joshp\curseforge\minecraft\Instances\Alive Dev\saves\Desire Paths\datapacks_uncompiled\temp_dir\data\minecraft\structure\village\plains\zombie\houses\plains_fletcher_house_1.nbt
	  *EXTRA File 		    4233	C:\Users\joshp\curseforge\minecraft\Instances\Alive Dev\saves\Desire Paths\datapacks_uncompiled\temp_dir\data\minecraft\structure\village\plains\zombie\houses\plains_medium_house_1.nbt
	  *EXTRA File 		    2617	C:\Users\joshp\curseforge\minecraft\Instances\Alive Dev\saves\Desire Paths\datapacks_uncompiled\temp_dir\data\minecraft\structure\village\plains\zombie\houses\plains_medium_house_2.nbt
	  *EXTRA File 		    3820	C:\Users\joshp\curseforge\minecraft\Instances\Alive Dev\saves\Desire Paths\datapacks_uncompiled\temp_dir\data\minecraft\structure\village\plains\zombie\houses\plains_meeting_point_4.nbt
	  *EXTRA File 		    2527	C:\Users\joshp\curseforge\minecraft\Instances\Alive Dev\saves\Desire Paths\datapacks_uncompiled\temp_dir\data\minecraft\structure\village\plains\zombie\houses\plains_meeting_point_5.nbt
	  *EXTRA File 		    2894	C:\Users\joshp\curseforge\minecraft\Instances\Alive Dev\saves\Desire Paths\datapacks_uncompiled\temp_dir\data\minecraft\structure\village\plains\zombie\houses\plains_shepherds_house_1.nbt
	  *EXTRA File 		    1863	C:\Users\joshp\curseforge\minecraft\Instances\Alive Dev\saves\Desire Paths\datapacks_uncompiled\temp_dir\data\minecraft\structure\village\plains\zombie\houses\plains_small_house_1.nbt
	  *EXTRA File 		    1763	C:\Users\joshp\curseforge\minecraft\Instances\Alive Dev\saves\Desire Paths\datapacks_uncompiled\temp_dir\data\minecraft\structure\village\plains\zombie\houses\plains_small_house_2.nbt
	  *EXTRA File 		    1875	C:\Users\joshp\curseforge\minecraft\Instances\Alive Dev\saves\Desire Paths\datapacks_uncompiled\temp_dir\data\minecraft\structure\village\plains\zombie\houses\plains_small_house_3.nbt
	  *EXTRA File 		    1946	C:\Users\joshp\curseforge\minecraft\Instances\Alive Dev\saves\Desire Paths\datapacks_uncompiled\temp_dir\data\minecraft\structure\village\plains\zombie\houses\plains_small_house_4.nbt
	  *EXTRA File 		    3678	C:\Users\joshp\curseforge\minecraft\Instances\Alive Dev\saves\Desire Paths\datapacks_uncompiled\temp_dir\data\minecraft\structure\village\plains\zombie\houses\plains_small_house_5.nbt
	  *EXTRA File 		    1831	C:\Users\joshp\curseforge\minecraft\Instances\Alive Dev\saves\Desire Paths\datapacks_uncompiled\temp_dir\data\minecraft\structure\village\plains\zombie\houses\plains_small_house_6.nbt
	  *EXTRA File 		    2061	C:\Users\joshp\curseforge\minecraft\Instances\Alive Dev\saves\Desire Paths\datapacks_uncompiled\temp_dir\data\minecraft\structure\village\plains\zombie\houses\plains_small_house_7.nbt
	  *EXTRA File 		    2836	C:\Users\joshp\curseforge\minecraft\Instances\Alive Dev\saves\Desire Paths\datapacks_uncompiled\temp_dir\data\minecraft\structure\village\plains\zombie\houses\plains_small_house_8.nbt
	  *EXTRA File 		    3827	C:\Users\joshp\curseforge\minecraft\Instances\Alive Dev\saves\Desire Paths\datapacks_uncompiled\temp_dir\data\minecraft\structure\village\plains\zombie\houses\plains_stable_1.nbt
	*EXTRA Dir        -1	C:\Users\joshp\curseforge\minecraft\Instances\Alive Dev\saves\Desire Paths\datapacks_uncompiled\temp_dir\data\minecraft\structure\village\plains\zombie\streets\
	  *EXTRA File 		    1141	C:\Users\joshp\curseforge\minecraft\Instances\Alive Dev\saves\Desire Paths\datapacks_uncompiled\temp_dir\data\minecraft\structure\village\plains\zombie\streets\corner_01.nbt
	  *EXTRA File 		    1070	C:\Users\joshp\curseforge\minecraft\Instances\Alive Dev\saves\Desire Paths\datapacks_uncompiled\temp_dir\data\minecraft\structure\village\plains\zombie\streets\corner_02.nbt
	  *EXTRA File 		     372	C:\Users\joshp\curseforge\minecraft\Instances\Alive Dev\saves\Desire Paths\datapacks_uncompiled\temp_dir\data\minecraft\structure\village\plains\zombie\streets\corner_03.nbt
	  *EXTRA File 		    1183	C:\Users\joshp\curseforge\minecraft\Instances\Alive Dev\saves\Desire Paths\datapacks_uncompiled\temp_dir\data\minecraft\structure\village\plains\zombie\streets\crossroad_01.nbt
	  *EXTRA File 		    1137	C:\Users\joshp\curseforge\minecraft\Instances\Alive Dev\saves\Desire Paths\datapacks_uncompiled\temp_dir\data\minecraft\structure\village\plains\zombie\streets\crossroad_02.nbt
	  *EXTRA File 		    1170	C:\Users\joshp\curseforge\minecraft\Instances\Alive Dev\saves\Desire Paths\datapacks_uncompiled\temp_dir\data\minecraft\structure\village\plains\zombie\streets\crossroad_03.nbt
	  *EXTRA File 		     398	C:\Users\joshp\curseforge\minecraft\Instances\Alive Dev\saves\Desire Paths\datapacks_uncompiled\temp_dir\data\minecraft\structure\village\plains\zombie\streets\crossroad_04.nbt
	  *EXTRA File 		     424	C:\Users\joshp\curseforge\minecraft\Instances\Alive Dev\saves\Desire Paths\datapacks_uncompiled\temp_dir\data\minecraft\structure\village\plains\zombie\streets\crossroad_05.nbt
	  *EXTRA File 		     488	C:\Users\joshp\curseforge\minecraft\Instances\Alive Dev\saves\Desire Paths\datapacks_uncompiled\temp_dir\data\minecraft\structure\village\plains\zombie\streets\crossroad_06.nbt
	  *EXTRA File 		    1099	C:\Users\joshp\curseforge\minecraft\Instances\Alive Dev\saves\Desire Paths\datapacks_uncompiled\temp_dir\data\minecraft\structure\village\plains\zombie\streets\straight_01.nbt
	  *EXTRA File 		    1052	C:\Users\joshp\curseforge\minecraft\Instances\Alive Dev\saves\Desire Paths\datapacks_uncompiled\temp_dir\data\minecraft\structure\village\plains\zombie\streets\straight_02.nbt
	  *EXTRA File 		     767	C:\Users\joshp\curseforge\minecraft\Instances\Alive Dev\saves\Desire Paths\datapacks_uncompiled\temp_dir\data\minecraft\structure\village\plains\zombie\streets\straight_03.nbt
	  *EXTRA File 		     625	C:\Users\joshp\curseforge\minecraft\Instances\Alive Dev\saves\Desire Paths\datapacks_uncompiled\temp_dir\data\minecraft\structure\village\plains\zombie\streets\straight_04.nbt
	  *EXTRA File 		    1280	C:\Users\joshp\curseforge\minecraft\Instances\Alive Dev\saves\Desire Paths\datapacks_uncompiled\temp_dir\data\minecraft\structure\village\plains\zombie\streets\straight_05.nbt
	  *EXTRA File 		    1633	C:\Users\joshp\curseforge\minecraft\Instances\Alive Dev\saves\Desire Paths\datapacks_uncompiled\temp_dir\data\minecraft\structure\village\plains\zombie\streets\straight_06.nbt
	  *EXTRA File 		     790	C:\Users\joshp\curseforge\minecraft\Instances\Alive Dev\saves\Desire Paths\datapacks_uncompiled\temp_dir\data\minecraft\structure\village\plains\zombie\streets\turn_01.nbt
	*EXTRA Dir        -1	C:\Users\joshp\curseforge\minecraft\Instances\Alive Dev\saves\Desire Paths\datapacks_uncompiled\temp_dir\data\minecraft\structure\village\plains\zombie\town_centers\
	  *EXTRA File 		     924	C:\Users\joshp\curseforge\minecraft\Instances\Alive Dev\saves\Desire Paths\datapacks_uncompiled\temp_dir\data\minecraft\structure\village\plains\zombie\town_centers\plains_fountain_01.nbt
	  *EXTRA File 		    1065	C:\Users\joshp\curseforge\minecraft\Instances\Alive Dev\saves\Desire Paths\datapacks_uncompiled\temp_dir\data\minecraft\structure\village\plains\zombie\town_centers\plains_meeting_point_1.nbt
	  *EXTRA File 		    2427	C:\Users\joshp\curseforge\minecraft\Instances\Alive Dev\saves\Desire Paths\datapacks_uncompiled\temp_dir\data\minecraft\structure\village\plains\zombie\town_centers\plains_meeting_point_2.nbt
	  *EXTRA File 		    1598	C:\Users\joshp\curseforge\minecraft\Instances\Alive Dev\saves\Desire Paths\datapacks_uncompiled\temp_dir\data\minecraft\structure\village\plains\zombie\town_centers\plains_meeting_point_3.nbt
	*EXTRA Dir        -1	C:\Users\joshp\curseforge\minecraft\Instances\Alive Dev\saves\Desire Paths\datapacks_uncompiled\temp_dir\data\minecraft\structure\village\plains\zombie\villagers\
	  *EXTRA File 		     740	C:\Users\joshp\curseforge\minecraft\Instances\Alive Dev\saves\Desire Paths\datapacks_uncompiled\temp_dir\data\minecraft\structure\village\plains\zombie\villagers\nitwit.nbt
	  *EXTRA File 		     743	C:\Users\joshp\curseforge\minecraft\Instances\Alive Dev\saves\Desire Paths\datapacks_uncompiled\temp_dir\data\minecraft\structure\village\plains\zombie\villagers\unemployed.nbt
	*EXTRA Dir        -1	C:\Users\joshp\curseforge\minecraft\Instances\Alive Dev\saves\Desire Paths\datapacks_uncompiled\temp_dir\data\minecraft\structure\village\savanna\
	  *EXTRA File 		     316	C:\Users\joshp\curseforge\minecraft\Instances\Alive Dev\saves\Desire Paths\datapacks_uncompiled\temp_dir\data\minecraft\structure\village\savanna\savanna_lamp_post_01.nbt
	*EXTRA Dir        -1	C:\Users\joshp\curseforge\minecraft\Instances\Alive Dev\saves\Desire Paths\datapacks_uncompiled\temp_dir\data\minecraft\structure\village\savanna\houses\
	  *EXTRA File 		    1756	C:\Users\joshp\curseforge\minecraft\Instances\Alive Dev\saves\Desire Paths\datapacks_uncompiled\temp_dir\data\minecraft\structure\village\savanna\houses\savanna_animal_pen_1.nbt
	  *EXTRA File 		    3273	C:\Users\joshp\curseforge\minecraft\Instances\Alive Dev\saves\Desire Paths\datapacks_uncompiled\temp_dir\data\minecraft\structure\village\savanna\houses\savanna_animal_pen_2.nbt
	  *EXTRA File 		    1578	C:\Users\joshp\curseforge\minecraft\Instances\Alive Dev\saves\Desire Paths\datapacks_uncompiled\temp_dir\data\minecraft\structure\village\savanna\houses\savanna_animal_pen_3.nbt
	  *EXTRA File 		    1707	C:\Users\joshp\curseforge\minecraft\Instances\Alive Dev\saves\Desire Paths\datapacks_uncompiled\temp_dir\data\minecraft\structure\village\savanna\houses\savanna_armorer_1.nbt
	  *EXTRA File 		    3799	C:\Users\joshp\curseforge\minecraft\Instances\Alive Dev\saves\Desire Paths\datapacks_uncompiled\temp_dir\data\minecraft\structure\village\savanna\houses\savanna_butchers_shop_1.nbt
	  *EXTRA File 		    2093	C:\Users\joshp\curseforge\minecraft\Instances\Alive Dev\saves\Desire Paths\datapacks_uncompiled\temp_dir\data\minecraft\structure\village\savanna\houses\savanna_butchers_shop_2.nbt
	  *EXTRA File 		    2577	C:\Users\joshp\curseforge\minecraft\Instances\Alive Dev\saves\Desire Paths\datapacks_uncompiled\temp_dir\data\minecraft\structure\village\savanna\houses\savanna_cartographer_1.nbt
	  *EXTRA File 		    3102	C:\Users\joshp\curseforge\minecraft\Instances\Alive Dev\saves\Desire Paths\datapacks_uncompiled\temp_dir\data\minecraft\structure\village\savanna\houses\savanna_fisher_cottage_1.nbt
	  *EXTRA File 		    2876	C:\Users\joshp\curseforge\minecraft\Instances\Alive Dev\saves\Desire Paths\datapacks_uncompiled\temp_dir\data\minecraft\structure\village\savanna\houses\savanna_fletcher_house_1.nbt
	  *EXTRA File 		    1203	C:\Users\joshp\curseforge\minecraft\Instances\Alive Dev\saves\Desire Paths\datapacks_uncompiled\temp_dir\data\minecraft\structure\village\savanna\houses\savanna_large_farm_1.nbt
	  *EXTRA File 		    2084	C:\Users\joshp\curseforge\minecraft\Instances\Alive Dev\saves\Desire Paths\datapacks_uncompiled\temp_dir\data\minecraft\structure\village\savanna\houses\savanna_large_farm_2.nbt
	  *EXTRA File 		    2707	C:\Users\joshp\curseforge\minecraft\Instances\Alive Dev\saves\Desire Paths\datapacks_uncompiled\temp_dir\data\minecraft\structure\village\savanna\houses\savanna_library_1.nbt
	  *EXTRA File 		    2431	C:\Users\joshp\curseforge\minecraft\Instances\Alive Dev\saves\Desire Paths\datapacks_uncompiled\temp_dir\data\minecraft\structure\village\savanna\houses\savanna_mason_1.nbt
	  *EXTRA File 		    3474	C:\Users\joshp\curseforge\minecraft\Instances\Alive Dev\saves\Desire Paths\datapacks_uncompiled\temp_dir\data\minecraft\structure\village\savanna\houses\savanna_medium_house_1.nbt
	  *EXTRA File 		    1912	C:\Users\joshp\curseforge\minecraft\Instances\Alive Dev\saves\Desire Paths\datapacks_uncompiled\temp_dir\data\minecraft\structure\village\savanna\houses\savanna_medium_house_2.nbt
	  *EXTRA File 		    6368	C:\Users\joshp\curseforge\minecraft\Instances\Alive Dev\saves\Desire Paths\datapacks_uncompiled\temp_dir\data\minecraft\structure\village\savanna\houses\savanna_shepherd_1.nbt
	  *EXTRA File 		    1093	C:\Users\joshp\curseforge\minecraft\Instances\Alive Dev\saves\Desire Paths\datapacks_uncompiled\temp_dir\data\minecraft\structure\village\savanna\houses\savanna_small_farm.nbt
	  *EXTRA File 		    1814	C:\Users\joshp\curseforge\minecraft\Instances\Alive Dev\saves\Desire Paths\datapacks_uncompiled\temp_dir\data\minecraft\structure\village\savanna\houses\savanna_small_house_1.nbt
	  *EXTRA File 		    1829	C:\Users\joshp\curseforge\minecraft\Instances\Alive Dev\saves\Desire Paths\datapacks_uncompiled\temp_dir\data\minecraft\structure\village\savanna\houses\savanna_small_house_2.nbt
	  *EXTRA File 		    1779	C:\Users\joshp\curseforge\minecraft\Instances\Alive Dev\saves\Desire Paths\datapacks_uncompiled\temp_dir\data\minecraft\structure\village\savanna\houses\savanna_small_house_3.nbt
	  *EXTRA File 		    2673	C:\Users\joshp\curseforge\minecraft\Instances\Alive Dev\saves\Desire Paths\datapacks_uncompiled\temp_dir\data\minecraft\structure\village\savanna\houses\savanna_small_house_4.nbt
	  *EXTRA File 		    2371	C:\Users\joshp\curseforge\minecraft\Instances\Alive Dev\saves\Desire Paths\datapacks_uncompiled\temp_dir\data\minecraft\structure\village\savanna\houses\savanna_small_house_5.nbt
	  *EXTRA File 		    1783	C:\Users\joshp\curseforge\minecraft\Instances\Alive Dev\saves\Desire Paths\datapacks_uncompiled\temp_dir\data\minecraft\structure\village\savanna\houses\savanna_small_house_6.nbt
	  *EXTRA File 		    1857	C:\Users\joshp\curseforge\minecraft\Instances\Alive Dev\saves\Desire Paths\datapacks_uncompiled\temp_dir\data\minecraft\structure\village\savanna\houses\savanna_small_house_7.nbt
	  *EXTRA File 		    1554	C:\Users\joshp\curseforge\minecraft\Instances\Alive Dev\saves\Desire Paths\datapacks_uncompiled\temp_dir\data\minecraft\structure\village\savanna\houses\savanna_small_house_8.nbt
	  *EXTRA File 		    2067	C:\Users\joshp\curseforge\minecraft\Instances\Alive Dev\saves\Desire Paths\datapacks_uncompiled\temp_dir\data\minecraft\structure\village\savanna\houses\savanna_tannery_1.nbt
	  *EXTRA File 		    3480	C:\Users\joshp\curseforge\minecraft\Instances\Alive Dev\saves\Desire Paths\datapacks_uncompiled\temp_dir\data\minecraft\structure\village\savanna\houses\savanna_temple_1.nbt
	  *EXTRA File 		    1974	C:\Users\joshp\curseforge\minecraft\Instances\Alive Dev\saves\Desire Paths\datapacks_uncompiled\temp_dir\data\minecraft\structure\village\savanna\houses\savanna_temple_2.nbt
	  *EXTRA File 		    2386	C:\Users\joshp\curseforge\minecraft\Instances\Alive Dev\saves\Desire Paths\datapacks_uncompiled\temp_dir\data\minecraft\structure\village\savanna\houses\savanna_tool_smith_1.nbt
	  *EXTRA File 		    2009	C:\Users\joshp\curseforge\minecraft\Instances\Alive Dev\saves\Desire Paths\datapacks_uncompiled\temp_dir\data\minecraft\structure\village\savanna\houses\savanna_weaponsmith_1.nbt
	  *EXTRA File 		    2174	C:\Users\joshp\curseforge\minecraft\Instances\Alive Dev\saves\Desire Paths\datapacks_uncompiled\temp_dir\data\minecraft\structure\village\savanna\houses\savanna_weaponsmith_2.nbt
	*EXTRA Dir        -1	C:\Users\joshp\curseforge\minecraft\Instances\Alive Dev\saves\Desire Paths\datapacks_uncompiled\temp_dir\data\minecraft\structure\village\savanna\streets\
	  *EXTRA File 		    1135	C:\Users\joshp\curseforge\minecraft\Instances\Alive Dev\saves\Desire Paths\datapacks_uncompiled\temp_dir\data\minecraft\structure\village\savanna\streets\corner_01.nbt
	  *EXTRA File 		     368	C:\Users\joshp\curseforge\minecraft\Instances\Alive Dev\saves\Desire Paths\datapacks_uncompiled\temp_dir\data\minecraft\structure\village\savanna\streets\corner_03.nbt
	  *EXTRA File 		     625	C:\Users\joshp\curseforge\minecraft\Instances\Alive Dev\saves\Desire Paths\datapacks_uncompiled\temp_dir\data\minecraft\structure\village\savanna\streets\crossroad_02.nbt
	  *EXTRA File 		    1175	C:\Users\joshp\curseforge\minecraft\Instances\Alive Dev\saves\Desire Paths\datapacks_uncompiled\temp_dir\data\minecraft\structure\village\savanna\streets\crossroad_03.nbt
	  *EXTRA File 		     394	C:\Users\joshp\curseforge\minecraft\Instances\Alive Dev\saves\Desire Paths\datapacks_uncompiled\temp_dir\data\minecraft\structure\village\savanna\streets\crossroad_04.nbt
	  *EXTRA File 		     421	C:\Users\joshp\curseforge\minecraft\Instances\Alive Dev\saves\Desire Paths\datapacks_uncompiled\temp_dir\data\minecraft\structure\village\savanna\streets\crossroad_05.nbt
	  *EXTRA File 		     478	C:\Users\joshp\curseforge\minecraft\Instances\Alive Dev\saves\Desire Paths\datapacks_uncompiled\temp_dir\data\minecraft\structure\village\savanna\streets\crossroad_06.nbt
	  *EXTRA File 		    1331	C:\Users\joshp\curseforge\minecraft\Instances\Alive Dev\saves\Desire Paths\datapacks_uncompiled\temp_dir\data\minecraft\structure\village\savanna\streets\crossroad_07.nbt
	  *EXTRA File 		     528	C:\Users\joshp\curseforge\minecraft\Instances\Alive Dev\saves\Desire Paths\datapacks_uncompiled\temp_dir\data\minecraft\structure\village\savanna\streets\split_01.nbt
	  *EXTRA File 		     730	C:\Users\joshp\curseforge\minecraft\Instances\Alive Dev\saves\Desire Paths\datapacks_uncompiled\temp_dir\data\minecraft\structure\village\savanna\streets\split_02.nbt
	  *EXTRA File 		    1075	C:\Users\joshp\curseforge\minecraft\Instances\Alive Dev\saves\Desire Paths\datapacks_uncompiled\temp_dir\data\minecraft\structure\village\savanna\streets\straight_02.nbt
	  *EXTRA File 		     626	C:\Users\joshp\curseforge\minecraft\Instances\Alive Dev\saves\Desire Paths\datapacks_uncompiled\temp_dir\data\minecraft\structure\village\savanna\streets\straight_04.nbt
	  *EXTRA File 		    1816	C:\Users\joshp\curseforge\minecraft\Instances\Alive Dev\saves\Desire Paths\datapacks_uncompiled\temp_dir\data\minecraft\structure\village\savanna\streets\straight_05.nbt
	  *EXTRA File 		    1061	C:\Users\joshp\curseforge\minecraft\Instances\Alive Dev\saves\Desire Paths\datapacks_uncompiled\temp_dir\data\minecraft\structure\village\savanna\streets\straight_06.nbt
	  *EXTRA File 		     896	C:\Users\joshp\curseforge\minecraft\Instances\Alive Dev\saves\Desire Paths\datapacks_uncompiled\temp_dir\data\minecraft\structure\village\savanna\streets\straight_08.nbt
	  *EXTRA File 		    1449	C:\Users\joshp\curseforge\minecraft\Instances\Alive Dev\saves\Desire Paths\datapacks_uncompiled\temp_dir\data\minecraft\structure\village\savanna\streets\straight_09.nbt
	  *EXTRA File 		     524	C:\Users\joshp\curseforge\minecraft\Instances\Alive Dev\saves\Desire Paths\datapacks_uncompiled\temp_dir\data\minecraft\structure\village\savanna\streets\straight_10.nbt
	  *EXTRA File 		    1454	C:\Users\joshp\curseforge\minecraft\Instances\Alive Dev\saves\Desire Paths\datapacks_uncompiled\temp_dir\data\minecraft\structure\village\savanna\streets\straight_11.nbt
	  *EXTRA File 		    1135	C:\Users\joshp\curseforge\minecraft\Instances\Alive Dev\saves\Desire Paths\datapacks_uncompiled\temp_dir\data\minecraft\structure\village\savanna\streets\turn_01.nbt
	*EXTRA Dir        -1	C:\Users\joshp\curseforge\minecraft\Instances\Alive Dev\saves\Desire Paths\datapacks_uncompiled\temp_dir\data\minecraft\structure\village\savanna\terminators\
	  *EXTRA File 		    1133	C:\Users\joshp\curseforge\minecraft\Instances\Alive Dev\saves\Desire Paths\datapacks_uncompiled\temp_dir\data\minecraft\structure\village\savanna\terminators\terminator_05.nbt
	*EXTRA Dir        -1	C:\Users\joshp\curseforge\minecraft\Instances\Alive Dev\saves\Desire Paths\datapacks_uncompiled\temp_dir\data\minecraft\structure\village\savanna\town_centers\
	  *EXTRA File 		    3180	C:\Users\joshp\curseforge\minecraft\Instances\Alive Dev\saves\Desire Paths\datapacks_uncompiled\temp_dir\data\minecraft\structure\village\savanna\town_centers\savanna_meeting_point_1.nbt
	  *EXTRA File 		    1146	C:\Users\joshp\curseforge\minecraft\Instances\Alive Dev\saves\Desire Paths\datapacks_uncompiled\temp_dir\data\minecraft\structure\village\savanna\town_centers\savanna_meeting_point_2.nbt
	  *EXTRA File 		     991	C:\Users\joshp\curseforge\minecraft\Instances\Alive Dev\saves\Desire Paths\datapacks_uncompiled\temp_dir\data\minecraft\structure\village\savanna\town_centers\savanna_meeting_point_3.nbt
	  *EXTRA File 		    1208	C:\Users\joshp\curseforge\minecraft\Instances\Alive Dev\saves\Desire Paths\datapacks_uncompiled\temp_dir\data\minecraft\structure\village\savanna\town_centers\savanna_meeting_point_4.nbt
	*EXTRA Dir        -1	C:\Users\joshp\curseforge\minecraft\Instances\Alive Dev\saves\Desire Paths\datapacks_uncompiled\temp_dir\data\minecraft\structure\village\savanna\villagers\
	  *EXTRA File 		     735	C:\Users\joshp\curseforge\minecraft\Instances\Alive Dev\saves\Desire Paths\datapacks_uncompiled\temp_dir\data\minecraft\structure\village\savanna\villagers\baby.nbt
	  *EXTRA File 		     737	C:\Users\joshp\curseforge\minecraft\Instances\Alive Dev\saves\Desire Paths\datapacks_uncompiled\temp_dir\data\minecraft\structure\village\savanna\villagers\nitwit.nbt
	  *EXTRA File 		     738	C:\Users\joshp\curseforge\minecraft\Instances\Alive Dev\saves\Desire Paths\datapacks_uncompiled\temp_dir\data\minecraft\structure\village\savanna\villagers\unemployed.nbt
	*EXTRA Dir        -1	C:\Users\joshp\curseforge\minecraft\Instances\Alive Dev\saves\Desire Paths\datapacks_uncompiled\temp_dir\data\minecraft\structure\village\savanna\zombie\
	*EXTRA Dir        -1	C:\Users\joshp\curseforge\minecraft\Instances\Alive Dev\saves\Desire Paths\datapacks_uncompiled\temp_dir\data\minecraft\structure\village\savanna\zombie\houses\
	  *EXTRA File 		    3344	C:\Users\joshp\curseforge\minecraft\Instances\Alive Dev\saves\Desire Paths\datapacks_uncompiled\temp_dir\data\minecraft\structure\village\savanna\zombie\houses\savanna_animal_pen_2.nbt
	  *EXTRA File 		    1672	C:\Users\joshp\curseforge\minecraft\Instances\Alive Dev\saves\Desire Paths\datapacks_uncompiled\temp_dir\data\minecraft\structure\village\savanna\zombie\houses\savanna_animal_pen_3.nbt
	  *EXTRA File 		    2090	C:\Users\joshp\curseforge\minecraft\Instances\Alive Dev\saves\Desire Paths\datapacks_uncompiled\temp_dir\data\minecraft\structure\village\savanna\zombie\houses\savanna_large_farm_2.nbt
	  *EXTRA File 		    3577	C:\Users\joshp\curseforge\minecraft\Instances\Alive Dev\saves\Desire Paths\datapacks_uncompiled\temp_dir\data\minecraft\structure\village\savanna\zombie\houses\savanna_medium_house_1.nbt
	  *EXTRA File 		    2010	C:\Users\joshp\curseforge\minecraft\Instances\Alive Dev\saves\Desire Paths\datapacks_uncompiled\temp_dir\data\minecraft\structure\village\savanna\zombie\houses\savanna_medium_house_2.nbt
	  *EXTRA File 		    1928	C:\Users\joshp\curseforge\minecraft\Instances\Alive Dev\saves\Desire Paths\datapacks_uncompiled\temp_dir\data\minecraft\structure\village\savanna\zombie\houses\savanna_small_house_1.nbt
	  *EXTRA File 		    1928	C:\Users\joshp\curseforge\minecraft\Instances\Alive Dev\saves\Desire Paths\datapacks_uncompiled\temp_dir\data\minecraft\structure\village\savanna\zombie\houses\savanna_small_house_2.nbt
	  *EXTRA File 		    1914	C:\Users\joshp\curseforge\minecraft\Instances\Alive Dev\saves\Desire Paths\datapacks_uncompiled\temp_dir\data\minecraft\structure\village\savanna\zombie\houses\savanna_small_house_3.nbt
	  *EXTRA File 		    2784	C:\Users\joshp\curseforge\minecraft\Instances\Alive Dev\saves\Desire Paths\datapacks_uncompiled\temp_dir\data\minecraft\structure\village\savanna\zombie\houses\savanna_small_house_4.nbt
	  *EXTRA File 		    2546	C:\Users\joshp\curseforge\minecraft\Instances\Alive Dev\saves\Desire Paths\datapacks_uncompiled\temp_dir\data\minecraft\structure\village\savanna\zombie\houses\savanna_small_house_5.nbt
	  *EXTRA File 		    1894	C:\Users\joshp\curseforge\minecraft\Instances\Alive Dev\saves\Desire Paths\datapacks_uncompiled\temp_dir\data\minecraft\structure\village\savanna\zombie\houses\savanna_small_house_6.nbt
	  *EXTRA File 		    1963	C:\Users\joshp\curseforge\minecraft\Instances\Alive Dev\saves\Desire Paths\datapacks_uncompiled\temp_dir\data\minecraft\structure\village\savanna\zombie\houses\savanna_small_house_7.nbt
	  *EXTRA File 		    1654	C:\Users\joshp\curseforge\minecraft\Instances\Alive Dev\saves\Desire Paths\datapacks_uncompiled\temp_dir\data\minecraft\structure\village\savanna\zombie\houses\savanna_small_house_8.nbt
	*EXTRA Dir        -1	C:\Users\joshp\curseforge\minecraft\Instances\Alive Dev\saves\Desire Paths\datapacks_uncompiled\temp_dir\data\minecraft\structure\village\savanna\zombie\streets\
	  *EXTRA File 		    1157	C:\Users\joshp\curseforge\minecraft\Instances\Alive Dev\saves\Desire Paths\datapacks_uncompiled\temp_dir\data\minecraft\structure\village\savanna\zombie\streets\corner_01.nbt
	  *EXTRA File 		     374	C:\Users\joshp\curseforge\minecraft\Instances\Alive Dev\saves\Desire Paths\datapacks_uncompiled\temp_dir\data\minecraft\structure\village\savanna\zombie\streets\corner_03.nbt
	  *EXTRA File 		     644	C:\Users\joshp\curseforge\minecraft\Instances\Alive Dev\saves\Desire Paths\datapacks_uncompiled\temp_dir\data\minecraft\structure\village\savanna\zombie\streets\crossroad_02.nbt
	  *EXTRA File 		    1191	C:\Users\joshp\curseforge\minecraft\Instances\Alive Dev\saves\Desire Paths\datapacks_uncompiled\temp_dir\data\minecraft\structure\village\savanna\zombie\streets\crossroad_03.nbt
	  *EXTRA File 		     414	C:\Users\joshp\curseforge\minecraft\Instances\Alive Dev\saves\Desire Paths\datapacks_uncompiled\temp_dir\data\minecraft\structure\village\savanna\zombie\streets\crossroad_04.nbt
	  *EXTRA File 		     426	C:\Users\joshp\curseforge\minecraft\Instances\Alive Dev\saves\Desire Paths\datapacks_uncompiled\temp_dir\data\minecraft\structure\village\savanna\zombie\streets\crossroad_05.nbt
	  *EXTRA File 		     483	C:\Users\joshp\curseforge\minecraft\Instances\Alive Dev\saves\Desire Paths\datapacks_uncompiled\temp_dir\data\minecraft\structure\village\savanna\zombie\streets\crossroad_06.nbt
	  *EXTRA File 		    1339	C:\Users\joshp\curseforge\minecraft\Instances\Alive Dev\saves\Desire Paths\datapacks_uncompiled\temp_dir\data\minecraft\structure\village\savanna\zombie\streets\crossroad_07.nbt
	  *EXTRA File 		     547	C:\Users\joshp\curseforge\minecraft\Instances\Alive Dev\saves\Desire Paths\datapacks_uncompiled\temp_dir\data\minecraft\structure\village\savanna\zombie\streets\split_01.nbt
	  *EXTRA File 		     738	C:\Users\joshp\curseforge\minecraft\Instances\Alive Dev\saves\Desire Paths\datapacks_uncompiled\temp_dir\data\minecraft\structure\village\savanna\zombie\streets\split_02.nbt
	  *EXTRA File 		    1085	C:\Users\joshp\curseforge\minecraft\Instances\Alive Dev\saves\Desire Paths\datapacks_uncompiled\temp_dir\data\minecraft\structure\village\savanna\zombie\streets\straight_02.nbt
	  *EXTRA File 		     652	C:\Users\joshp\curseforge\minecraft\Instances\Alive Dev\saves\Desire Paths\datapacks_uncompiled\temp_dir\data\minecraft\structure\village\savanna\zombie\streets\straight_04.nbt
	  *EXTRA File 		    1832	C:\Users\joshp\curseforge\minecraft\Instances\Alive Dev\saves\Desire Paths\datapacks_uncompiled\temp_dir\data\minecraft\structure\village\savanna\zombie\streets\straight_05.nbt
	  *EXTRA File 		    1066	C:\Users\joshp\curseforge\minecraft\Instances\Alive Dev\saves\Desire Paths\datapacks_uncompiled\temp_dir\data\minecraft\structure\village\savanna\zombie\streets\straight_06.nbt
	  *EXTRA File 		     914	C:\Users\joshp\curseforge\minecraft\Instances\Alive Dev\saves\Desire Paths\datapacks_uncompiled\temp_dir\data\minecraft\structure\village\savanna\zombie\streets\straight_08.nbt
	  *EXTRA File 		    1477	C:\Users\joshp\curseforge\minecraft\Instances\Alive Dev\saves\Desire Paths\datapacks_uncompiled\temp_dir\data\minecraft\structure\village\savanna\zombie\streets\straight_09.nbt
	  *EXTRA File 		     547	C:\Users\joshp\curseforge\minecraft\Instances\Alive Dev\saves\Desire Paths\datapacks_uncompiled\temp_dir\data\minecraft\structure\village\savanna\zombie\streets\straight_10.nbt
	  *EXTRA File 		    1461	C:\Users\joshp\curseforge\minecraft\Instances\Alive Dev\saves\Desire Paths\datapacks_uncompiled\temp_dir\data\minecraft\structure\village\savanna\zombie\streets\straight_11.nbt
	  *EXTRA File 		    1148	C:\Users\joshp\curseforge\minecraft\Instances\Alive Dev\saves\Desire Paths\datapacks_uncompiled\temp_dir\data\minecraft\structure\village\savanna\zombie\streets\turn_01.nbt
	*EXTRA Dir        -1	C:\Users\joshp\curseforge\minecraft\Instances\Alive Dev\saves\Desire Paths\datapacks_uncompiled\temp_dir\data\minecraft\structure\village\savanna\zombie\terminators\
	  *EXTRA File 		    1137	C:\Users\joshp\curseforge\minecraft\Instances\Alive Dev\saves\Desire Paths\datapacks_uncompiled\temp_dir\data\minecraft\structure\village\savanna\zombie\terminators\terminator_05.nbt
	*EXTRA Dir        -1	C:\Users\joshp\curseforge\minecraft\Instances\Alive Dev\saves\Desire Paths\datapacks_uncompiled\temp_dir\data\minecraft\structure\village\savanna\zombie\town_centers\
	  *EXTRA File 		    3138	C:\Users\joshp\curseforge\minecraft\Instances\Alive Dev\saves\Desire Paths\datapacks_uncompiled\temp_dir\data\minecraft\structure\village\savanna\zombie\town_centers\savanna_meeting_point_1.nbt
	  *EXTRA File 		    2639	C:\Users\joshp\curseforge\minecraft\Instances\Alive Dev\saves\Desire Paths\datapacks_uncompiled\temp_dir\data\minecraft\structure\village\savanna\zombie\town_centers\savanna_meeting_point_2.nbt
	  *EXTRA File 		     948	C:\Users\joshp\curseforge\minecraft\Instances\Alive Dev\saves\Desire Paths\datapacks_uncompiled\temp_dir\data\minecraft\structure\village\savanna\zombie\town_centers\savanna_meeting_point_3.nbt
	  *EXTRA File 		    1206	C:\Users\joshp\curseforge\minecraft\Instances\Alive Dev\saves\Desire Paths\datapacks_uncompiled\temp_dir\data\minecraft\structure\village\savanna\zombie\town_centers\savanna_meeting_point_4.nbt
	*EXTRA Dir        -1	C:\Users\joshp\curseforge\minecraft\Instances\Alive Dev\saves\Desire Paths\datapacks_uncompiled\temp_dir\data\minecraft\structure\village\savanna\zombie\villagers\
	  *EXTRA File 		     741	C:\Users\joshp\curseforge\minecraft\Instances\Alive Dev\saves\Desire Paths\datapacks_uncompiled\temp_dir\data\minecraft\structure\village\savanna\zombie\villagers\nitwit.nbt
	  *EXTRA File 		     744	C:\Users\joshp\curseforge\minecraft\Instances\Alive Dev\saves\Desire Paths\datapacks_uncompiled\temp_dir\data\minecraft\structure\village\savanna\zombie\villagers\unemployed.nbt
	*EXTRA Dir        -1	C:\Users\joshp\curseforge\minecraft\Instances\Alive Dev\saves\Desire Paths\datapacks_uncompiled\temp_dir\data\minecraft\structure\village\snowy\
	  *EXTRA File 		     417	C:\Users\joshp\curseforge\minecraft\Instances\Alive Dev\saves\Desire Paths\datapacks_uncompiled\temp_dir\data\minecraft\structure\village\snowy\snowy_lamp_post_01.nbt
	  *EXTRA File 		     386	C:\Users\joshp\curseforge\minecraft\Instances\Alive Dev\saves\Desire Paths\datapacks_uncompiled\temp_dir\data\minecraft\structure\village\snowy\snowy_lamp_post_02.nbt
	  *EXTRA File 		     531	C:\Users\joshp\curseforge\minecraft\Instances\Alive Dev\saves\Desire Paths\datapacks_uncompiled\temp_dir\data\minecraft\structure\village\snowy\snowy_lamp_post_03.nbt
	*EXTRA Dir        -1	C:\Users\joshp\curseforge\minecraft\Instances\Alive Dev\saves\Desire Paths\datapacks_uncompiled\temp_dir\data\minecraft\structure\village\snowy\houses\
	  *EXTRA File 		    1575	C:\Users\joshp\curseforge\minecraft\Instances\Alive Dev\saves\Desire Paths\datapacks_uncompiled\temp_dir\data\minecraft\structure\village\snowy\houses\snowy_animal_pen_1.nbt
	  *EXTRA File 		    1218	C:\Users\joshp\curseforge\minecraft\Instances\Alive Dev\saves\Desire Paths\datapacks_uncompiled\temp_dir\data\minecraft\structure\village\snowy\houses\snowy_animal_pen_2.nbt
	  *EXTRA File 		    2183	C:\Users\joshp\curseforge\minecraft\Instances\Alive Dev\saves\Desire Paths\datapacks_uncompiled\temp_dir\data\minecraft\structure\village\snowy\houses\snowy_armorer_house_1.nbt
	  *EXTRA File 		    1984	C:\Users\joshp\curseforge\minecraft\Instances\Alive Dev\saves\Desire Paths\datapacks_uncompiled\temp_dir\data\minecraft\structure\village\snowy\houses\snowy_armorer_house_2.nbt
	  *EXTRA File 		    2460	C:\Users\joshp\curseforge\minecraft\Instances\Alive Dev\saves\Desire Paths\datapacks_uncompiled\temp_dir\data\minecraft\structure\village\snowy\houses\snowy_butchers_shop_1.nbt
	  *EXTRA File 		    1469	C:\Users\joshp\curseforge\minecraft\Instances\Alive Dev\saves\Desire Paths\datapacks_uncompiled\temp_dir\data\minecraft\structure\village\snowy\houses\snowy_butchers_shop_2.nbt
	  *EXTRA File 		    2325	C:\Users\joshp\curseforge\minecraft\Instances\Alive Dev\saves\Desire Paths\datapacks_uncompiled\temp_dir\data\minecraft\structure\village\snowy\houses\snowy_cartographer_house_1.nbt
	  *EXTRA File 		    1222	C:\Users\joshp\curseforge\minecraft\Instances\Alive Dev\saves\Desire Paths\datapacks_uncompiled\temp_dir\data\minecraft\structure\village\snowy\houses\snowy_farm_1.nbt
	  *EXTRA File 		    1040	C:\Users\joshp\curseforge\minecraft\Instances\Alive Dev\saves\Desire Paths\datapacks_uncompiled\temp_dir\data\minecraft\structure\village\snowy\houses\snowy_farm_2.nbt
	  *EXTRA File 		    2168	C:\Users\joshp\curseforge\minecraft\Instances\Alive Dev\saves\Desire Paths\datapacks_uncompiled\temp_dir\data\minecraft\structure\village\snowy\houses\snowy_fisher_cottage.nbt
	  *EXTRA File 		    2047	C:\Users\joshp\curseforge\minecraft\Instances\Alive Dev\saves\Desire Paths\datapacks_uncompiled\temp_dir\data\minecraft\structure\village\snowy\houses\snowy_fletcher_house_1.nbt
	  *EXTRA File 		    3297	C:\Users\joshp\curseforge\minecraft\Instances\Alive Dev\saves\Desire Paths\datapacks_uncompiled\temp_dir\data\minecraft\structure\village\snowy\houses\snowy_library_1.nbt
	  *EXTRA File 		    2855	C:\Users\joshp\curseforge\minecraft\Instances\Alive Dev\saves\Desire Paths\datapacks_uncompiled\temp_dir\data\minecraft\structure\village\snowy\houses\snowy_masons_house_1.nbt
	  *EXTRA File 		    3096	C:\Users\joshp\curseforge\minecraft\Instances\Alive Dev\saves\Desire Paths\datapacks_uncompiled\temp_dir\data\minecraft\structure\village\snowy\houses\snowy_masons_house_2.nbt
	  *EXTRA File 		    1518	C:\Users\joshp\curseforge\minecraft\Instances\Alive Dev\saves\Desire Paths\datapacks_uncompiled\temp_dir\data\minecraft\structure\village\snowy\houses\snowy_medium_house_1.nbt
	  *EXTRA File 		    3389	C:\Users\joshp\curseforge\minecraft\Instances\Alive Dev\saves\Desire Paths\datapacks_uncompiled\temp_dir\data\minecraft\structure\village\snowy\houses\snowy_medium_house_2.nbt
	  *EXTRA File 		    1196	C:\Users\joshp\curseforge\minecraft\Instances\Alive Dev\saves\Desire Paths\datapacks_uncompiled\temp_dir\data\minecraft\structure\village\snowy\houses\snowy_medium_house_3.nbt
	  *EXTRA File 		    2086	C:\Users\joshp\curseforge\minecraft\Instances\Alive Dev\saves\Desire Paths\datapacks_uncompiled\temp_dir\data\minecraft\structure\village\snowy\houses\snowy_shepherds_house_1.nbt
	  *EXTRA File 		    1286	C:\Users\joshp\curseforge\minecraft\Instances\Alive Dev\saves\Desire Paths\datapacks_uncompiled\temp_dir\data\minecraft\structure\village\snowy\houses\snowy_small_house_1.nbt
	  *EXTRA File 		    2024	C:\Users\joshp\curseforge\minecraft\Instances\Alive Dev\saves\Desire Paths\datapacks_uncompiled\temp_dir\data\minecraft\structure\village\snowy\houses\snowy_small_house_2.nbt
	  *EXTRA File 		    1736	C:\Users\joshp\curseforge\minecraft\Instances\Alive Dev\saves\Desire Paths\datapacks_uncompiled\temp_dir\data\minecraft\structure\village\snowy\houses\snowy_small_house_3.nbt
	  *EXTRA File 		    1560	C:\Users\joshp\curseforge\minecraft\Instances\Alive Dev\saves\Desire Paths\datapacks_uncompiled\temp_dir\data\minecraft\structure\village\snowy\houses\snowy_small_house_4.nbt
	  *EXTRA File 		    1142	C:\Users\joshp\curseforge\minecraft\Instances\Alive Dev\saves\Desire Paths\datapacks_uncompiled\temp_dir\data\minecraft\structure\village\snowy\houses\snowy_small_house_5.nbt
	  *EXTRA File 		    2228	C:\Users\joshp\curseforge\minecraft\Instances\Alive Dev\saves\Desire Paths\datapacks_uncompiled\temp_dir\data\minecraft\structure\village\snowy\houses\snowy_small_house_6.nbt
	  *EXTRA File 		    1625	C:\Users\joshp\curseforge\minecraft\Instances\Alive Dev\saves\Desire Paths\datapacks_uncompiled\temp_dir\data\minecraft\structure\village\snowy\houses\snowy_small_house_7.nbt
	  *EXTRA File 		    1033	C:\Users\joshp\curseforge\minecraft\Instances\Alive Dev\saves\Desire Paths\datapacks_uncompiled\temp_dir\data\minecraft\structure\village\snowy\houses\snowy_small_house_8.nbt
	  *EXTRA File 		    2935	C:\Users\joshp\curseforge\minecraft\Instances\Alive Dev\saves\Desire Paths\datapacks_uncompiled\temp_dir\data\minecraft\structure\village\snowy\houses\snowy_tannery_1.nbt
	  *EXTRA File 		    3541	C:\Users\joshp\curseforge\minecraft\Instances\Alive Dev\saves\Desire Paths\datapacks_uncompiled\temp_dir\data\minecraft\structure\village\snowy\houses\snowy_temple_1.nbt
	  *EXTRA File 		    1891	C:\Users\joshp\curseforge\minecraft\Instances\Alive Dev\saves\Desire Paths\datapacks_uncompiled\temp_dir\data\minecraft\structure\village\snowy\houses\snowy_tool_smith_1.nbt
	  *EXTRA File 		    2620	C:\Users\joshp\curseforge\minecraft\Instances\Alive Dev\saves\Desire Paths\datapacks_uncompiled\temp_dir\data\minecraft\structure\village\snowy\houses\snowy_weapon_smith_1.nbt
	*EXTRA Dir        -1	C:\Users\joshp\curseforge\minecraft\Instances\Alive Dev\saves\Desire Paths\datapacks_uncompiled\temp_dir\data\minecraft\structure\village\snowy\streets\
	  *EXTRA File 		    1052	C:\Users\joshp\curseforge\minecraft\Instances\Alive Dev\saves\Desire Paths\datapacks_uncompiled\temp_dir\data\minecraft\structure\village\snowy\streets\corner_01.nbt
	  *EXTRA File 		    1655	C:\Users\joshp\curseforge\minecraft\Instances\Alive Dev\saves\Desire Paths\datapacks_uncompiled\temp_dir\data\minecraft\structure\village\snowy\streets\corner_02.nbt
	  *EXTRA File 		     411	C:\Users\joshp\curseforge\minecraft\Instances\Alive Dev\saves\Desire Paths\datapacks_uncompiled\temp_dir\data\minecraft\structure\village\snowy\streets\corner_03.nbt
	  *EXTRA File 		    1765	C:\Users\joshp\curseforge\minecraft\Instances\Alive Dev\saves\Desire Paths\datapacks_uncompiled\temp_dir\data\minecraft\structure\village\snowy\streets\crossroad_01.nbt
	  *EXTRA File 		    1809	C:\Users\joshp\curseforge\minecraft\Instances\Alive Dev\saves\Desire Paths\datapacks_uncompiled\temp_dir\data\minecraft\structure\village\snowy\streets\crossroad_02.nbt
	  *EXTRA File 		    1867	C:\Users\joshp\curseforge\minecraft\Instances\Alive Dev\saves\Desire Paths\datapacks_uncompiled\temp_dir\data\minecraft\structure\village\snowy\streets\crossroad_03.nbt
	  *EXTRA File 		     441	C:\Users\joshp\curseforge\minecraft\Instances\Alive Dev\saves\Desire Paths\datapacks_uncompiled\temp_dir\data\minecraft\structure\village\snowy\streets\crossroad_04.nbt
	  *EXTRA File 		     478	C:\Users\joshp\curseforge\minecraft\Instances\Alive Dev\saves\Desire Paths\datapacks_uncompiled\temp_dir\data\minecraft\structure\village\snowy\streets\crossroad_05.nbt
	  *EXTRA File 		     534	C:\Users\joshp\curseforge\minecraft\Instances\Alive Dev\saves\Desire Paths\datapacks_uncompiled\temp_dir\data\minecraft\structure\village\snowy\streets\crossroad_06.nbt
	  *EXTRA File 		    1459	C:\Users\joshp\curseforge\minecraft\Instances\Alive Dev\saves\Desire Paths\datapacks_uncompiled\temp_dir\data\minecraft\structure\village\snowy\streets\square_01.nbt
	  *EXTRA File 		    1697	C:\Users\joshp\curseforge\minecraft\Instances\Alive Dev\saves\Desire Paths\datapacks_uncompiled\temp_dir\data\minecraft\structure\village\snowy\streets\straight_01.nbt
	  *EXTRA File 		    1650	C:\Users\joshp\curseforge\minecraft\Instances\Alive Dev\saves\Desire Paths\datapacks_uncompiled\temp_dir\data\minecraft\structure\village\snowy\streets\straight_02.nbt
	  *EXTRA File 		    1144	C:\Users\joshp\curseforge\minecraft\Instances\Alive Dev\saves\Desire Paths\datapacks_uncompiled\temp_dir\data\minecraft\structure\village\snowy\streets\straight_03.nbt
	  *EXTRA File 		     709	C:\Users\joshp\curseforge\minecraft\Instances\Alive Dev\saves\Desire Paths\datapacks_uncompiled\temp_dir\data\minecraft\structure\village\snowy\streets\straight_04.nbt
	  *EXTRA File 		    2413	C:\Users\joshp\curseforge\minecraft\Instances\Alive Dev\saves\Desire Paths\datapacks_uncompiled\temp_dir\data\minecraft\structure\village\snowy\streets\straight_06.nbt
	  *EXTRA File 		    1795	C:\Users\joshp\curseforge\minecraft\Instances\Alive Dev\saves\Desire Paths\datapacks_uncompiled\temp_dir\data\minecraft\structure\village\snowy\streets\straight_08.nbt
	  *EXTRA File 		    1162	C:\Users\joshp\curseforge\minecraft\Instances\Alive Dev\saves\Desire Paths\datapacks_uncompiled\temp_dir\data\minecraft\structure\village\snowy\streets\turn_01.nbt
	*EXTRA Dir        -1	C:\Users\joshp\curseforge\minecraft\Instances\Alive Dev\saves\Desire Paths\datapacks_uncompiled\temp_dir\data\minecraft\structure\village\snowy\town_centers\
	  *EXTRA File 		    2696	C:\Users\joshp\curseforge\minecraft\Instances\Alive Dev\saves\Desire Paths\datapacks_uncompiled\temp_dir\data\minecraft\structure\village\snowy\town_centers\snowy_meeting_point_1.nbt
	  *EXTRA File 		    1059	C:\Users\joshp\curseforge\minecraft\Instances\Alive Dev\saves\Desire Paths\datapacks_uncompiled\temp_dir\data\minecraft\structure\village\snowy\town_centers\snowy_meeting_point_2.nbt
	  *EXTRA File 		     894	C:\Users\joshp\curseforge\minecraft\Instances\Alive Dev\saves\Desire Paths\datapacks_uncompiled\temp_dir\data\minecraft\structure\village\snowy\town_centers\snowy_meeting_point_3.nbt
	*EXTRA Dir        -1	C:\Users\joshp\curseforge\minecraft\Instances\Alive Dev\saves\Desire Paths\datapacks_uncompiled\temp_dir\data\minecraft\structure\village\snowy\villagers\
	  *EXTRA File 		     732	C:\Users\joshp\curseforge\minecraft\Instances\Alive Dev\saves\Desire Paths\datapacks_uncompiled\temp_dir\data\minecraft\structure\village\snowy\villagers\baby.nbt
	  *EXTRA File 		     734	C:\Users\joshp\curseforge\minecraft\Instances\Alive Dev\saves\Desire Paths\datapacks_uncompiled\temp_dir\data\minecraft\structure\village\snowy\villagers\nitwit.nbt
	  *EXTRA File 		     735	C:\Users\joshp\curseforge\minecraft\Instances\Alive Dev\saves\Desire Paths\datapacks_uncompiled\temp_dir\data\minecraft\structure\village\snowy\villagers\unemployed.nbt
	*EXTRA Dir        -1	C:\Users\joshp\curseforge\minecraft\Instances\Alive Dev\saves\Desire Paths\datapacks_uncompiled\temp_dir\data\minecraft\structure\village\snowy\zombie\
	*EXTRA Dir        -1	C:\Users\joshp\curseforge\minecraft\Instances\Alive Dev\saves\Desire Paths\datapacks_uncompiled\temp_dir\data\minecraft\structure\village\snowy\zombie\houses\
	  *EXTRA File 		    1525	C:\Users\joshp\curseforge\minecraft\Instances\Alive Dev\saves\Desire Paths\datapacks_uncompiled\temp_dir\data\minecraft\structure\village\snowy\zombie\houses\snowy_medium_house_1.nbt
	  *EXTRA File 		    3555	C:\Users\joshp\curseforge\minecraft\Instances\Alive Dev\saves\Desire Paths\datapacks_uncompiled\temp_dir\data\minecraft\structure\village\snowy\zombie\houses\snowy_medium_house_2.nbt
	  *EXTRA File 		    1207	C:\Users\joshp\curseforge\minecraft\Instances\Alive Dev\saves\Desire Paths\datapacks_uncompiled\temp_dir\data\minecraft\structure\village\snowy\zombie\houses\snowy_medium_house_3.nbt
	  *EXTRA File 		    1300	C:\Users\joshp\curseforge\minecraft\Instances\Alive Dev\saves\Desire Paths\datapacks_uncompiled\temp_dir\data\minecraft\structure\village\snowy\zombie\houses\snowy_small_house_1.nbt
	  *EXTRA File 		    2153	C:\Users\joshp\curseforge\minecraft\Instances\Alive Dev\saves\Desire Paths\datapacks_uncompiled\temp_dir\data\minecraft\structure\village\snowy\zombie\houses\snowy_small_house_2.nbt
	  *EXTRA File 		    1832	C:\Users\joshp\curseforge\minecraft\Instances\Alive Dev\saves\Desire Paths\datapacks_uncompiled\temp_dir\data\minecraft\structure\village\snowy\zombie\houses\snowy_small_house_3.nbt
	  *EXTRA File 		    1568	C:\Users\joshp\curseforge\minecraft\Instances\Alive Dev\saves\Desire Paths\datapacks_uncompiled\temp_dir\data\minecraft\structure\village\snowy\zombie\houses\snowy_small_house_4.nbt
	  *EXTRA File 		    1149	C:\Users\joshp\curseforge\minecraft\Instances\Alive Dev\saves\Desire Paths\datapacks_uncompiled\temp_dir\data\minecraft\structure\village\snowy\zombie\houses\snowy_small_house_5.nbt
	  *EXTRA File 		    2327	C:\Users\joshp\curseforge\minecraft\Instances\Alive Dev\saves\Desire Paths\datapacks_uncompiled\temp_dir\data\minecraft\structure\village\snowy\zombie\houses\snowy_small_house_6.nbt
	  *EXTRA File 		    1645	C:\Users\joshp\curseforge\minecraft\Instances\Alive Dev\saves\Desire Paths\datapacks_uncompiled\temp_dir\data\minecraft\structure\village\snowy\zombie\houses\snowy_small_house_7.nbt
	  *EXTRA File 		     873	C:\Users\joshp\curseforge\minecraft\Instances\Alive Dev\saves\Desire Paths\datapacks_uncompiled\temp_dir\data\minecraft\structure\village\snowy\zombie\houses\snowy_small_house_8.nbt
	*EXTRA Dir        -1	C:\Users\joshp\curseforge\minecraft\Instances\Alive Dev\saves\Desire Paths\datapacks_uncompiled\temp_dir\data\minecraft\structure\village\snowy\zombie\streets\
	  *EXTRA File 		    1063	C:\Users\joshp\curseforge\minecraft\Instances\Alive Dev\saves\Desire Paths\datapacks_uncompiled\temp_dir\data\minecraft\structure\village\snowy\zombie\streets\corner_01.nbt
	  *EXTRA File 		    1674	C:\Users\joshp\curseforge\minecraft\Instances\Alive Dev\saves\Desire Paths\datapacks_uncompiled\temp_dir\data\minecraft\structure\village\snowy\zombie\streets\corner_02.nbt
	  *EXTRA File 		     431	C:\Users\joshp\curseforge\minecraft\Instances\Alive Dev\saves\Desire Paths\datapacks_uncompiled\temp_dir\data\minecraft\structure\village\snowy\zombie\streets\corner_03.nbt
	  *EXTRA File 		    1772	C:\Users\joshp\curseforge\minecraft\Instances\Alive Dev\saves\Desire Paths\datapacks_uncompiled\temp_dir\data\minecraft\structure\village\snowy\zombie\streets\crossroad_01.nbt
	  *EXTRA File 		    1835	C:\Users\joshp\curseforge\minecraft\Instances\Alive Dev\saves\Desire Paths\datapacks_uncompiled\temp_dir\data\minecraft\structure\village\snowy\zombie\streets\crossroad_02.nbt
	  *EXTRA File 		    1881	C:\Users\joshp\curseforge\minecraft\Instances\Alive Dev\saves\Desire Paths\datapacks_uncompiled\temp_dir\data\minecraft\structure\village\snowy\zombie\streets\crossroad_03.nbt
	  *EXTRA File 		     461	C:\Users\joshp\curseforge\minecraft\Instances\Alive Dev\saves\Desire Paths\datapacks_uncompiled\temp_dir\data\minecraft\structure\village\snowy\zombie\streets\crossroad_04.nbt
	  *EXTRA File 		     502	C:\Users\joshp\curseforge\minecraft\Instances\Alive Dev\saves\Desire Paths\datapacks_uncompiled\temp_dir\data\minecraft\structure\village\snowy\zombie\streets\crossroad_05.nbt
	  *EXTRA File 		     538	C:\Users\joshp\curseforge\minecraft\Instances\Alive Dev\saves\Desire Paths\datapacks_uncompiled\temp_dir\data\minecraft\structure\village\snowy\zombie\streets\crossroad_06.nbt
	  *EXTRA File 		    1475	C:\Users\joshp\curseforge\minecraft\Instances\Alive Dev\saves\Desire Paths\datapacks_uncompiled\temp_dir\data\minecraft\structure\village\snowy\zombie\streets\square_01.nbt
	  *EXTRA File 		    1708	C:\Users\joshp\curseforge\minecraft\Instances\Alive Dev\saves\Desire Paths\datapacks_uncompiled\temp_dir\data\minecraft\structure\village\snowy\zombie\streets\straight_01.nbt
	  *EXTRA File 		    1656	C:\Users\joshp\curseforge\minecraft\Instances\Alive Dev\saves\Desire Paths\datapacks_uncompiled\temp_dir\data\minecraft\structure\village\snowy\zombie\streets\straight_02.nbt
	  *EXTRA File 		    1157	C:\Users\joshp\curseforge\minecraft\Instances\Alive Dev\saves\Desire Paths\datapacks_uncompiled\temp_dir\data\minecraft\structure\village\snowy\zombie\streets\straight_03.nbt
	  *EXTRA File 		     720	C:\Users\joshp\curseforge\minecraft\Instances\Alive Dev\saves\Desire Paths\datapacks_uncompiled\temp_dir\data\minecraft\structure\village\snowy\zombie\streets\straight_04.nbt
	  *EXTRA File 		    2431	C:\Users\joshp\curseforge\minecraft\Instances\Alive Dev\saves\Desire Paths\datapacks_uncompiled\temp_dir\data\minecraft\structure\village\snowy\zombie\streets\straight_06.nbt
	  *EXTRA File 		    1820	C:\Users\joshp\curseforge\minecraft\Instances\Alive Dev\saves\Desire Paths\datapacks_uncompiled\temp_dir\data\minecraft\structure\village\snowy\zombie\streets\straight_08.nbt
	  *EXTRA File 		    1186	C:\Users\joshp\curseforge\minecraft\Instances\Alive Dev\saves\Desire Paths\datapacks_uncompiled\temp_dir\data\minecraft\structure\village\snowy\zombie\streets\turn_01.nbt
	*EXTRA Dir        -1	C:\Users\joshp\curseforge\minecraft\Instances\Alive Dev\saves\Desire Paths\datapacks_uncompiled\temp_dir\data\minecraft\structure\village\snowy\zombie\town_centers\
	  *EXTRA File 		    2713	C:\Users\joshp\curseforge\minecraft\Instances\Alive Dev\saves\Desire Paths\datapacks_uncompiled\temp_dir\data\minecraft\structure\village\snowy\zombie\town_centers\snowy_meeting_point_1.nbt
	  *EXTRA File 		    1004	C:\Users\joshp\curseforge\minecraft\Instances\Alive Dev\saves\Desire Paths\datapacks_uncompiled\temp_dir\data\minecraft\structure\village\snowy\zombie\town_centers\snowy_meeting_point_2.nbt
	  *EXTRA File 		     877	C:\Users\joshp\curseforge\minecraft\Instances\Alive Dev\saves\Desire Paths\datapacks_uncompiled\temp_dir\data\minecraft\structure\village\snowy\zombie\town_centers\snowy_meeting_point_3.nbt
	*EXTRA Dir        -1	C:\Users\joshp\curseforge\minecraft\Instances\Alive Dev\saves\Desire Paths\datapacks_uncompiled\temp_dir\data\minecraft\structure\village\snowy\zombie\villagers\
	  *EXTRA File 		     739	C:\Users\joshp\curseforge\minecraft\Instances\Alive Dev\saves\Desire Paths\datapacks_uncompiled\temp_dir\data\minecraft\structure\village\snowy\zombie\villagers\nitwit.nbt
	  *EXTRA File 		     742	C:\Users\joshp\curseforge\minecraft\Instances\Alive Dev\saves\Desire Paths\datapacks_uncompiled\temp_dir\data\minecraft\structure\village\snowy\zombie\villagers\unemployed.nbt
	*EXTRA Dir        -1	C:\Users\joshp\curseforge\minecraft\Instances\Alive Dev\saves\Desire Paths\datapacks_uncompiled\temp_dir\data\minecraft\structure\village\taiga\
	  *EXTRA File 		     453	C:\Users\joshp\curseforge\minecraft\Instances\Alive Dev\saves\Desire Paths\datapacks_uncompiled\temp_dir\data\minecraft\structure\village\taiga\taiga_decoration_1.nbt
	  *EXTRA File 		     397	C:\Users\joshp\curseforge\minecraft\Instances\Alive Dev\saves\Desire Paths\datapacks_uncompiled\temp_dir\data\minecraft\structure\village\taiga\taiga_decoration_2.nbt
	  *EXTRA File 		     384	C:\Users\joshp\curseforge\minecraft\Instances\Alive Dev\saves\Desire Paths\datapacks_uncompiled\temp_dir\data\minecraft\structure\village\taiga\taiga_decoration_3.nbt
	  *EXTRA File 		     353	C:\Users\joshp\curseforge\minecraft\Instances\Alive Dev\saves\Desire Paths\datapacks_uncompiled\temp_dir\data\minecraft\structure\village\taiga\taiga_decoration_4.nbt
	  *EXTRA File 		     280	C:\Users\joshp\curseforge\minecraft\Instances\Alive Dev\saves\Desire Paths\datapacks_uncompiled\temp_dir\data\minecraft\structure\village\taiga\taiga_decoration_5.nbt
	  *EXTRA File 		     503	C:\Users\joshp\curseforge\minecraft\Instances\Alive Dev\saves\Desire Paths\datapacks_uncompiled\temp_dir\data\minecraft\structure\village\taiga\taiga_decoration_6.nbt
	  *EXTRA File 		     282	C:\Users\joshp\curseforge\minecraft\Instances\Alive Dev\saves\Desire Paths\datapacks_uncompiled\temp_dir\data\minecraft\structure\village\taiga\taiga_lamp_post_1.nbt
	*EXTRA Dir        -1	C:\Users\joshp\curseforge\minecraft\Instances\Alive Dev\saves\Desire Paths\datapacks_uncompiled\temp_dir\data\minecraft\structure\village\taiga\houses\
	  *EXTRA File 		    2012	C:\Users\joshp\curseforge\minecraft\Instances\Alive Dev\saves\Desire Paths\datapacks_uncompiled\temp_dir\data\minecraft\structure\village\taiga\houses\taiga_animal_pen_1.nbt
	  *EXTRA File 		    2599	C:\Users\joshp\curseforge\minecraft\Instances\Alive Dev\saves\Desire Paths\datapacks_uncompiled\temp_dir\data\minecraft\structure\village\taiga\houses\taiga_armorer_2.nbt
	  *EXTRA File 		    2050	C:\Users\joshp\curseforge\minecraft\Instances\Alive Dev\saves\Desire Paths\datapacks_uncompiled\temp_dir\data\minecraft\structure\village\taiga\houses\taiga_armorer_house_1.nbt
	  *EXTRA File 		    3192	C:\Users\joshp\curseforge\minecraft\Instances\Alive Dev\saves\Desire Paths\datapacks_uncompiled\temp_dir\data\minecraft\structure\village\taiga\houses\taiga_butcher_shop_1.nbt
	  *EXTRA File 		    2548	C:\Users\joshp\curseforge\minecraft\Instances\Alive Dev\saves\Desire Paths\datapacks_uncompiled\temp_dir\data\minecraft\structure\village\taiga\houses\taiga_cartographer_house_1.nbt
	  *EXTRA File 		    3487	C:\Users\joshp\curseforge\minecraft\Instances\Alive Dev\saves\Desire Paths\datapacks_uncompiled\temp_dir\data\minecraft\structure\village\taiga\houses\taiga_fisher_cottage_1.nbt
	  *EXTRA File 		    2647	C:\Users\joshp\curseforge\minecraft\Instances\Alive Dev\saves\Desire Paths\datapacks_uncompiled\temp_dir\data\minecraft\structure\village\taiga\houses\taiga_fletcher_house_1.nbt
	  *EXTRA File 		    2157	C:\Users\joshp\curseforge\minecraft\Instances\Alive Dev\saves\Desire Paths\datapacks_uncompiled\temp_dir\data\minecraft\structure\village\taiga\houses\taiga_large_farm_1.nbt
	  *EXTRA File 		    1546	C:\Users\joshp\curseforge\minecraft\Instances\Alive Dev\saves\Desire Paths\datapacks_uncompiled\temp_dir\data\minecraft\structure\village\taiga\houses\taiga_large_farm_2.nbt
	  *EXTRA File 		    3306	C:\Users\joshp\curseforge\minecraft\Instances\Alive Dev\saves\Desire Paths\datapacks_uncompiled\temp_dir\data\minecraft\structure\village\taiga\houses\taiga_library_1.nbt
	  *EXTRA File 		    2092	C:\Users\joshp\curseforge\minecraft\Instances\Alive Dev\saves\Desire Paths\datapacks_uncompiled\temp_dir\data\minecraft\structure\village\taiga\houses\taiga_masons_house_1.nbt
	  *EXTRA File 		    2757	C:\Users\joshp\curseforge\minecraft\Instances\Alive Dev\saves\Desire Paths\datapacks_uncompiled\temp_dir\data\minecraft\structure\village\taiga\houses\taiga_medium_house_1.nbt
	  *EXTRA File 		    2629	C:\Users\joshp\curseforge\minecraft\Instances\Alive Dev\saves\Desire Paths\datapacks_uncompiled\temp_dir\data\minecraft\structure\village\taiga\houses\taiga_medium_house_2.nbt
	  *EXTRA File 		    2907	C:\Users\joshp\curseforge\minecraft\Instances\Alive Dev\saves\Desire Paths\datapacks_uncompiled\temp_dir\data\minecraft\structure\village\taiga\houses\taiga_medium_house_3.nbt
	  *EXTRA File 		    2689	C:\Users\joshp\curseforge\minecraft\Instances\Alive Dev\saves\Desire Paths\datapacks_uncompiled\temp_dir\data\minecraft\structure\village\taiga\houses\taiga_medium_house_4.nbt
	  *EXTRA File 		    2875	C:\Users\joshp\curseforge\minecraft\Instances\Alive Dev\saves\Desire Paths\datapacks_uncompiled\temp_dir\data\minecraft\structure\village\taiga\houses\taiga_shepherds_house_1.nbt
	  *EXTRA File 		    1204	C:\Users\joshp\curseforge\minecraft\Instances\Alive Dev\saves\Desire Paths\datapacks_uncompiled\temp_dir\data\minecraft\structure\village\taiga\houses\taiga_small_farm_1.nbt
	  *EXTRA File 		    2285	C:\Users\joshp\curseforge\minecraft\Instances\Alive Dev\saves\Desire Paths\datapacks_uncompiled\temp_dir\data\minecraft\structure\village\taiga\houses\taiga_small_house_1.nbt
	  *EXTRA File 		    1747	C:\Users\joshp\curseforge\minecraft\Instances\Alive Dev\saves\Desire Paths\datapacks_uncompiled\temp_dir\data\minecraft\structure\village\taiga\houses\taiga_small_house_2.nbt
	  *EXTRA File 		    1795	C:\Users\joshp\curseforge\minecraft\Instances\Alive Dev\saves\Desire Paths\datapacks_uncompiled\temp_dir\data\minecraft\structure\village\taiga\houses\taiga_small_house_3.nbt
	  *EXTRA File 		    1597	C:\Users\joshp\curseforge\minecraft\Instances\Alive Dev\saves\Desire Paths\datapacks_uncompiled\temp_dir\data\minecraft\structure\village\taiga\houses\taiga_small_house_4.nbt
	  *EXTRA File 		    2036	C:\Users\joshp\curseforge\minecraft\Instances\Alive Dev\saves\Desire Paths\datapacks_uncompiled\temp_dir\data\minecraft\structure\village\taiga\houses\taiga_small_house_5.nbt
	  *EXTRA File 		    2074	C:\Users\joshp\curseforge\minecraft\Instances\Alive Dev\saves\Desire Paths\datapacks_uncompiled\temp_dir\data\minecraft\structure\village\taiga\houses\taiga_tannery_1.nbt
	  *EXTRA File 		    6574	C:\Users\joshp\curseforge\minecraft\Instances\Alive Dev\saves\Desire Paths\datapacks_uncompiled\temp_dir\data\minecraft\structure\village\taiga\houses\taiga_temple_1.nbt
	  *EXTRA File 		    2134	C:\Users\joshp\curseforge\minecraft\Instances\Alive Dev\saves\Desire Paths\datapacks_uncompiled\temp_dir\data\minecraft\structure\village\taiga\houses\taiga_tool_smith_1.nbt
	  *EXTRA File 		    2017	C:\Users\joshp\curseforge\minecraft\Instances\Alive Dev\saves\Desire Paths\datapacks_uncompiled\temp_dir\data\minecraft\structure\village\taiga\houses\taiga_weaponsmith_1.nbt
	  *EXTRA File 		    1187	C:\Users\joshp\curseforge\minecraft\Instances\Alive Dev\saves\Desire Paths\datapacks_uncompiled\temp_dir\data\minecraft\structure\village\taiga\houses\taiga_weaponsmith_2.nbt
	*EXTRA Dir        -1	C:\Users\joshp\curseforge\minecraft\Instances\Alive Dev\saves\Desire Paths\datapacks_uncompiled\temp_dir\data\minecraft\structure\village\taiga\streets\
	  *EXTRA File 		    1115	C:\Users\joshp\curseforge\minecraft\Instances\Alive Dev\saves\Desire Paths\datapacks_uncompiled\temp_dir\data\minecraft\structure\village\taiga\streets\corner_01.nbt
	  *EXTRA File 		    1112	C:\Users\joshp\curseforge\minecraft\Instances\Alive Dev\saves\Desire Paths\datapacks_uncompiled\temp_dir\data\minecraft\structure\village\taiga\streets\corner_02.nbt
	  *EXTRA File 		     366	C:\Users\joshp\curseforge\minecraft\Instances\Alive Dev\saves\Desire Paths\datapacks_uncompiled\temp_dir\data\minecraft\structure\village\taiga\streets\corner_03.nbt
	  *EXTRA File 		    1169	C:\Users\joshp\curseforge\minecraft\Instances\Alive Dev\saves\Desire Paths\datapacks_uncompiled\temp_dir\data\minecraft\structure\village\taiga\streets\crossroad_01.nbt
	  *EXTRA File 		    1117	C:\Users\joshp\curseforge\minecraft\Instances\Alive Dev\saves\Desire Paths\datapacks_uncompiled\temp_dir\data\minecraft\structure\village\taiga\streets\crossroad_02.nbt
	  *EXTRA File 		    1153	C:\Users\joshp\curseforge\minecraft\Instances\Alive Dev\saves\Desire Paths\datapacks_uncompiled\temp_dir\data\minecraft\structure\village\taiga\streets\crossroad_03.nbt
	  *EXTRA File 		     460	C:\Users\joshp\curseforge\minecraft\Instances\Alive Dev\saves\Desire Paths\datapacks_uncompiled\temp_dir\data\minecraft\structure\village\taiga\streets\crossroad_04.nbt
	  *EXTRA File 		     419	C:\Users\joshp\curseforge\minecraft\Instances\Alive Dev\saves\Desire Paths\datapacks_uncompiled\temp_dir\data\minecraft\structure\village\taiga\streets\crossroad_05.nbt
	  *EXTRA File 		     482	C:\Users\joshp\curseforge\minecraft\Instances\Alive Dev\saves\Desire Paths\datapacks_uncompiled\temp_dir\data\minecraft\structure\village\taiga\streets\crossroad_06.nbt
	  *EXTRA File 		    1082	C:\Users\joshp\curseforge\minecraft\Instances\Alive Dev\saves\Desire Paths\datapacks_uncompiled\temp_dir\data\minecraft\structure\village\taiga\streets\straight_01.nbt
	  *EXTRA File 		    1082	C:\Users\joshp\curseforge\minecraft\Instances\Alive Dev\saves\Desire Paths\datapacks_uncompiled\temp_dir\data\minecraft\structure\village\taiga\streets\straight_02.nbt
	  *EXTRA File 		     746	C:\Users\joshp\curseforge\minecraft\Instances\Alive Dev\saves\Desire Paths\datapacks_uncompiled\temp_dir\data\minecraft\structure\village\taiga\streets\straight_03.nbt
	  *EXTRA File 		     672	C:\Users\joshp\curseforge\minecraft\Instances\Alive Dev\saves\Desire Paths\datapacks_uncompiled\temp_dir\data\minecraft\structure\village\taiga\streets\straight_04.nbt
	  *EXTRA File 		    1326	C:\Users\joshp\curseforge\minecraft\Instances\Alive Dev\saves\Desire Paths\datapacks_uncompiled\temp_dir\data\minecraft\structure\village\taiga\streets\straight_05.nbt
	  *EXTRA File 		    1625	C:\Users\joshp\curseforge\minecraft\Instances\Alive Dev\saves\Desire Paths\datapacks_uncompiled\temp_dir\data\minecraft\structure\village\taiga\streets\straight_06.nbt
	  *EXTRA File 		     768	C:\Users\joshp\curseforge\minecraft\Instances\Alive Dev\saves\Desire Paths\datapacks_uncompiled\temp_dir\data\minecraft\structure\village\taiga\streets\turn_01.nbt
	*EXTRA Dir        -1	C:\Users\joshp\curseforge\minecraft\Instances\Alive Dev\saves\Desire Paths\datapacks_uncompiled\temp_dir\data\minecraft\structure\village\taiga\town_centers\
	  *EXTRA File 		    3677	C:\Users\joshp\curseforge\minecraft\Instances\Alive Dev\saves\Desire Paths\datapacks_uncompiled\temp_dir\data\minecraft\structure\village\taiga\town_centers\taiga_meeting_point_1.nbt
	  *EXTRA File 		    2199	C:\Users\joshp\curseforge\minecraft\Instances\Alive Dev\saves\Desire Paths\datapacks_uncompiled\temp_dir\data\minecraft\structure\village\taiga\town_centers\taiga_meeting_point_2.nbt
	*EXTRA Dir        -1	C:\Users\joshp\curseforge\minecraft\Instances\Alive Dev\saves\Desire Paths\datapacks_uncompiled\temp_dir\data\minecraft\structure\village\taiga\villagers\
	  *EXTRA File 		     733	C:\Users\joshp\curseforge\minecraft\Instances\Alive Dev\saves\Desire Paths\datapacks_uncompiled\temp_dir\data\minecraft\structure\village\taiga\villagers\baby.nbt
	  *EXTRA File 		     735	C:\Users\joshp\curseforge\minecraft\Instances\Alive Dev\saves\Desire Paths\datapacks_uncompiled\temp_dir\data\minecraft\structure\village\taiga\villagers\nitwit.nbt
	  *EXTRA File 		     737	C:\Users\joshp\curseforge\minecraft\Instances\Alive Dev\saves\Desire Paths\datapacks_uncompiled\temp_dir\data\minecraft\structure\village\taiga\villagers\unemployed.nbt
	*EXTRA Dir        -1	C:\Users\joshp\curseforge\minecraft\Instances\Alive Dev\saves\Desire Paths\datapacks_uncompiled\temp_dir\data\minecraft\structure\village\taiga\zombie\
	*EXTRA Dir        -1	C:\Users\joshp\curseforge\minecraft\Instances\Alive Dev\saves\Desire Paths\datapacks_uncompiled\temp_dir\data\minecraft\structure\village\taiga\zombie\houses\
	  *EXTRA File 		    2657	C:\Users\joshp\curseforge\minecraft\Instances\Alive Dev\saves\Desire Paths\datapacks_uncompiled\temp_dir\data\minecraft\structure\village\taiga\zombie\houses\taiga_cartographer_house_1.nbt
	  *EXTRA File 		    3581	C:\Users\joshp\curseforge\minecraft\Instances\Alive Dev\saves\Desire Paths\datapacks_uncompiled\temp_dir\data\minecraft\structure\village\taiga\zombie\houses\taiga_fisher_cottage_1.nbt
	  *EXTRA File 		    1579	C:\Users\joshp\curseforge\minecraft\Instances\Alive Dev\saves\Desire Paths\datapacks_uncompiled\temp_dir\data\minecraft\structure\village\taiga\zombie\houses\taiga_large_farm_2.nbt
	  *EXTRA File 		    3417	C:\Users\joshp\curseforge\minecraft\Instances\Alive Dev\saves\Desire Paths\datapacks_uncompiled\temp_dir\data\minecraft\structure\village\taiga\zombie\houses\taiga_library_1.nbt
	  *EXTRA File 		    2891	C:\Users\joshp\curseforge\minecraft\Instances\Alive Dev\saves\Desire Paths\datapacks_uncompiled\temp_dir\data\minecraft\structure\village\taiga\zombie\houses\taiga_medium_house_1.nbt
	  *EXTRA File 		    2715	C:\Users\joshp\curseforge\minecraft\Instances\Alive Dev\saves\Desire Paths\datapacks_uncompiled\temp_dir\data\minecraft\structure\village\taiga\zombie\houses\taiga_medium_house_2.nbt
	  *EXTRA File 		    2993	C:\Users\joshp\curseforge\minecraft\Instances\Alive Dev\saves\Desire Paths\datapacks_uncompiled\temp_dir\data\minecraft\structure\village\taiga\zombie\houses\taiga_medium_house_3.nbt
	  *EXTRA File 		    2698	C:\Users\joshp\curseforge\minecraft\Instances\Alive Dev\saves\Desire Paths\datapacks_uncompiled\temp_dir\data\minecraft\structure\village\taiga\zombie\houses\taiga_medium_house_4.nbt
	  *EXTRA File 		    3006	C:\Users\joshp\curseforge\minecraft\Instances\Alive Dev\saves\Desire Paths\datapacks_uncompiled\temp_dir\data\minecraft\structure\village\taiga\zombie\houses\taiga_shepherds_house_1.nbt
	  *EXTRA File 		    2369	C:\Users\joshp\curseforge\minecraft\Instances\Alive Dev\saves\Desire Paths\datapacks_uncompiled\temp_dir\data\minecraft\structure\village\taiga\zombie\houses\taiga_small_house_1.nbt
	  *EXTRA File 		    1824	C:\Users\joshp\curseforge\minecraft\Instances\Alive Dev\saves\Desire Paths\datapacks_uncompiled\temp_dir\data\minecraft\structure\village\taiga\zombie\houses\taiga_small_house_2.nbt
	  *EXTRA File 		    1869	C:\Users\joshp\curseforge\minecraft\Instances\Alive Dev\saves\Desire Paths\datapacks_uncompiled\temp_dir\data\minecraft\structure\village\taiga\zombie\houses\taiga_small_house_3.nbt
	  *EXTRA File 		    1668	C:\Users\joshp\curseforge\minecraft\Instances\Alive Dev\saves\Desire Paths\datapacks_uncompiled\temp_dir\data\minecraft\structure\village\taiga\zombie\houses\taiga_small_house_4.nbt
	  *EXTRA File 		    2124	C:\Users\joshp\curseforge\minecraft\Instances\Alive Dev\saves\Desire Paths\datapacks_uncompiled\temp_dir\data\minecraft\structure\village\taiga\zombie\houses\taiga_small_house_5.nbt
	  *EXTRA File 		    6791	C:\Users\joshp\curseforge\minecraft\Instances\Alive Dev\saves\Desire Paths\datapacks_uncompiled\temp_dir\data\minecraft\structure\village\taiga\zombie\houses\taiga_temple_1.nbt
	  *EXTRA File 		    2248	C:\Users\joshp\curseforge\minecraft\Instances\Alive Dev\saves\Desire Paths\datapacks_uncompiled\temp_dir\data\minecraft\structure\village\taiga\zombie\houses\taiga_tool_smith_1.nbt
	  *EXTRA File 		    1237	C:\Users\joshp\curseforge\minecraft\Instances\Alive Dev\saves\Desire Paths\datapacks_uncompiled\temp_dir\data\minecraft\structure\village\taiga\zombie\houses\taiga_weaponsmith_2.nbt
	*EXTRA Dir        -1	C:\Users\joshp\curseforge\minecraft\Instances\Alive Dev\saves\Desire Paths\datapacks_uncompiled\temp_dir\data\minecraft\structure\village\taiga\zombie\streets\
	  *EXTRA File 		    1140	C:\Users\joshp\curseforge\minecraft\Instances\Alive Dev\saves\Desire Paths\datapacks_uncompiled\temp_dir\data\minecraft\structure\village\taiga\zombie\streets\corner_01.nbt
	  *EXTRA File 		    1148	C:\Users\joshp\curseforge\minecraft\Instances\Alive Dev\saves\Desire Paths\datapacks_uncompiled\temp_dir\data\minecraft\structure\village\taiga\zombie\streets\corner_02.nbt
	  *EXTRA File 		     371	C:\Users\joshp\curseforge\minecraft\Instances\Alive Dev\saves\Desire Paths\datapacks_uncompiled\temp_dir\data\minecraft\structure\village\taiga\zombie\streets\corner_03.nbt
	  *EXTRA File 		    1177	C:\Users\joshp\curseforge\minecraft\Instances\Alive Dev\saves\Desire Paths\datapacks_uncompiled\temp_dir\data\minecraft\structure\village\taiga\zombie\streets\crossroad_01.nbt
	  *EXTRA File 		    1135	C:\Users\joshp\curseforge\minecraft\Instances\Alive Dev\saves\Desire Paths\datapacks_uncompiled\temp_dir\data\minecraft\structure\village\taiga\zombie\streets\crossroad_02.nbt
	  *EXTRA File 		    1166	C:\Users\joshp\curseforge\minecraft\Instances\Alive Dev\saves\Desire Paths\datapacks_uncompiled\temp_dir\data\minecraft\structure\village\taiga\zombie\streets\crossroad_03.nbt
	  *EXTRA File 		     465	C:\Users\joshp\curseforge\minecraft\Instances\Alive Dev\saves\Desire Paths\datapacks_uncompiled\temp_dir\data\minecraft\structure\village\taiga\zombie\streets\crossroad_04.nbt
	  *EXTRA File 		     423	C:\Users\joshp\curseforge\minecraft\Instances\Alive Dev\saves\Desire Paths\datapacks_uncompiled\temp_dir\data\minecraft\structure\village\taiga\zombie\streets\crossroad_05.nbt
	  *EXTRA File 		     487	C:\Users\joshp\curseforge\minecraft\Instances\Alive Dev\saves\Desire Paths\datapacks_uncompiled\temp_dir\data\minecraft\structure\village\taiga\zombie\streets\crossroad_06.nbt
	  *EXTRA File 		    1099	C:\Users\joshp\curseforge\minecraft\Instances\Alive Dev\saves\Desire Paths\datapacks_uncompiled\temp_dir\data\minecraft\structure\village\taiga\zombie\streets\straight_01.nbt
	  *EXTRA File 		    1106	C:\Users\joshp\curseforge\minecraft\Instances\Alive Dev\saves\Desire Paths\datapacks_uncompiled\temp_dir\data\minecraft\structure\village\taiga\zombie\streets\straight_02.nbt
	  *EXTRA File 		     770	C:\Users\joshp\curseforge\minecraft\Instances\Alive Dev\saves\Desire Paths\datapacks_uncompiled\temp_dir\data\minecraft\structure\village\taiga\zombie\streets\straight_03.nbt
	  *EXTRA File 		     691	C:\Users\joshp\curseforge\minecraft\Instances\Alive Dev\saves\Desire Paths\datapacks_uncompiled\temp_dir\data\minecraft\structure\village\taiga\zombie\streets\straight_04.nbt
	  *EXTRA File 		    1334	C:\Users\joshp\curseforge\minecraft\Instances\Alive Dev\saves\Desire Paths\datapacks_uncompiled\temp_dir\data\minecraft\structure\village\taiga\zombie\streets\straight_05.nbt
	  *EXTRA File 		    1632	C:\Users\joshp\curseforge\minecraft\Instances\Alive Dev\saves\Desire Paths\datapacks_uncompiled\temp_dir\data\minecraft\structure\village\taiga\zombie\streets\straight_06.nbt
	  *EXTRA File 		     788	C:\Users\joshp\curseforge\minecraft\Instances\Alive Dev\saves\Desire Paths\datapacks_uncompiled\temp_dir\data\minecraft\structure\village\taiga\zombie\streets\turn_01.nbt
	*EXTRA Dir        -1	C:\Users\joshp\curseforge\minecraft\Instances\Alive Dev\saves\Desire Paths\datapacks_uncompiled\temp_dir\data\minecraft\structure\village\taiga\zombie\town_centers\
	  *EXTRA File 		    1779	C:\Users\joshp\curseforge\minecraft\Instances\Alive Dev\saves\Desire Paths\datapacks_uncompiled\temp_dir\data\minecraft\structure\village\taiga\zombie\town_centers\taiga_meeting_point_1.nbt
	  *EXTRA File 		    2249	C:\Users\joshp\curseforge\minecraft\Instances\Alive Dev\saves\Desire Paths\datapacks_uncompiled\temp_dir\data\minecraft\structure\village\taiga\zombie\town_centers\taiga_meeting_point_2.nbt
	*EXTRA Dir        -1	C:\Users\joshp\curseforge\minecraft\Instances\Alive Dev\saves\Desire Paths\datapacks_uncompiled\temp_dir\data\minecraft\structure\village\taiga\zombie\villagers\
	  *EXTRA File 		     740	C:\Users\joshp\curseforge\minecraft\Instances\Alive Dev\saves\Desire Paths\datapacks_uncompiled\temp_dir\data\minecraft\structure\village\taiga\zombie\villagers\nitwit.nbt
	  *EXTRA File 		     743	C:\Users\joshp\curseforge\minecraft\Instances\Alive Dev\saves\Desire Paths\datapacks_uncompiled\temp_dir\data\minecraft\structure\village\taiga\zombie\villagers\unemployed.nbt
	*EXTRA Dir        -1	C:\Users\joshp\curseforge\minecraft\Instances\Alive Dev\saves\Desire Paths\datapacks_uncompiled\temp_dir\data\minecraft\structure\woodland_mansion\
	  *EXTRA File 		    1402	C:\Users\joshp\curseforge\minecraft\Instances\Alive Dev\saves\Desire Paths\datapacks_uncompiled\temp_dir\data\minecraft\structure\woodland_mansion\1x1_a1.nbt
	  *EXTRA File 		    1470	C:\Users\joshp\curseforge\minecraft\Instances\Alive Dev\saves\Desire Paths\datapacks_uncompiled\temp_dir\data\minecraft\structure\woodland_mansion\1x1_a2.nbt
	  *EXTRA File 		    1368	C:\Users\joshp\curseforge\minecraft\Instances\Alive Dev\saves\Desire Paths\datapacks_uncompiled\temp_dir\data\minecraft\structure\woodland_mansion\1x1_a3.nbt
	  *EXTRA File 		    1649	C:\Users\joshp\curseforge\minecraft\Instances\Alive Dev\saves\Desire Paths\datapacks_uncompiled\temp_dir\data\minecraft\structure\woodland_mansion\1x1_a4.nbt
	  *EXTRA File 		    1453	C:\Users\joshp\curseforge\minecraft\Instances\Alive Dev\saves\Desire Paths\datapacks_uncompiled\temp_dir\data\minecraft\structure\woodland_mansion\1x1_a5.nbt
	  *EXTRA File 		    1504	C:\Users\joshp\curseforge\minecraft\Instances\Alive Dev\saves\Desire Paths\datapacks_uncompiled\temp_dir\data\minecraft\structure\woodland_mansion\1x1_as1.nbt
	  *EXTRA File 		    1401	C:\Users\joshp\curseforge\minecraft\Instances\Alive Dev\saves\Desire Paths\datapacks_uncompiled\temp_dir\data\minecraft\structure\woodland_mansion\1x1_as2.nbt
	  *EXTRA File 		    1223	C:\Users\joshp\curseforge\minecraft\Instances\Alive Dev\saves\Desire Paths\datapacks_uncompiled\temp_dir\data\minecraft\structure\woodland_mansion\1x1_as3.nbt
	  *EXTRA File 		    1188	C:\Users\joshp\curseforge\minecraft\Instances\Alive Dev\saves\Desire Paths\datapacks_uncompiled\temp_dir\data\minecraft\structure\woodland_mansion\1x1_as4.nbt
	  *EXTRA File 		    1934	C:\Users\joshp\curseforge\minecraft\Instances\Alive Dev\saves\Desire Paths\datapacks_uncompiled\temp_dir\data\minecraft\structure\woodland_mansion\1x1_b1.nbt
	  *EXTRA File 		    1832	C:\Users\joshp\curseforge\minecraft\Instances\Alive Dev\saves\Desire Paths\datapacks_uncompiled\temp_dir\data\minecraft\structure\woodland_mansion\1x1_b2.nbt
	  *EXTRA File 		    1810	C:\Users\joshp\curseforge\minecraft\Instances\Alive Dev\saves\Desire Paths\datapacks_uncompiled\temp_dir\data\minecraft\structure\woodland_mansion\1x1_b3.nbt
	  *EXTRA File 		    1864	C:\Users\joshp\curseforge\minecraft\Instances\Alive Dev\saves\Desire Paths\datapacks_uncompiled\temp_dir\data\minecraft\structure\woodland_mansion\1x1_b4.nbt
	  *EXTRA File 		    1910	C:\Users\joshp\curseforge\minecraft\Instances\Alive Dev\saves\Desire Paths\datapacks_uncompiled\temp_dir\data\minecraft\structure\woodland_mansion\1x1_b5.nbt
	  *EXTRA File 		    2851	C:\Users\joshp\curseforge\minecraft\Instances\Alive Dev\saves\Desire Paths\datapacks_uncompiled\temp_dir\data\minecraft\structure\woodland_mansion\1x2_a1.nbt
	  *EXTRA File 		    2755	C:\Users\joshp\curseforge\minecraft\Instances\Alive Dev\saves\Desire Paths\datapacks_uncompiled\temp_dir\data\minecraft\structure\woodland_mansion\1x2_a2.nbt
	  *EXTRA File 		    2822	C:\Users\joshp\curseforge\minecraft\Instances\Alive Dev\saves\Desire Paths\datapacks_uncompiled\temp_dir\data\minecraft\structure\woodland_mansion\1x2_a3.nbt
	  *EXTRA File 		    2642	C:\Users\joshp\curseforge\minecraft\Instances\Alive Dev\saves\Desire Paths\datapacks_uncompiled\temp_dir\data\minecraft\structure\woodland_mansion\1x2_a4.nbt
	  *EXTRA File 		    2503	C:\Users\joshp\curseforge\minecraft\Instances\Alive Dev\saves\Desire Paths\datapacks_uncompiled\temp_dir\data\minecraft\structure\woodland_mansion\1x2_a5.nbt
	  *EXTRA File 		    2707	C:\Users\joshp\curseforge\minecraft\Instances\Alive Dev\saves\Desire Paths\datapacks_uncompiled\temp_dir\data\minecraft\structure\woodland_mansion\1x2_a6.nbt
	  *EXTRA File 		    2788	C:\Users\joshp\curseforge\minecraft\Instances\Alive Dev\saves\Desire Paths\datapacks_uncompiled\temp_dir\data\minecraft\structure\woodland_mansion\1x2_a7.nbt
	  *EXTRA File 		    2997	C:\Users\joshp\curseforge\minecraft\Instances\Alive Dev\saves\Desire Paths\datapacks_uncompiled\temp_dir\data\minecraft\structure\woodland_mansion\1x2_a8.nbt
	  *EXTRA File 		    2921	C:\Users\joshp\curseforge\minecraft\Instances\Alive Dev\saves\Desire Paths\datapacks_uncompiled\temp_dir\data\minecraft\structure\woodland_mansion\1x2_a9.nbt
	  *EXTRA File 		    3133	C:\Users\joshp\curseforge\minecraft\Instances\Alive Dev\saves\Desire Paths\datapacks_uncompiled\temp_dir\data\minecraft\structure\woodland_mansion\1x2_b1.nbt
	  *EXTRA File 		    3013	C:\Users\joshp\curseforge\minecraft\Instances\Alive Dev\saves\Desire Paths\datapacks_uncompiled\temp_dir\data\minecraft\structure\woodland_mansion\1x2_b2.nbt
	  *EXTRA File 		    2740	C:\Users\joshp\curseforge\minecraft\Instances\Alive Dev\saves\Desire Paths\datapacks_uncompiled\temp_dir\data\minecraft\structure\woodland_mansion\1x2_b3.nbt
	  *EXTRA File 		    2832	C:\Users\joshp\curseforge\minecraft\Instances\Alive Dev\saves\Desire Paths\datapacks_uncompiled\temp_dir\data\minecraft\structure\woodland_mansion\1x2_b4.nbt
	  *EXTRA File 		    2368	C:\Users\joshp\curseforge\minecraft\Instances\Alive Dev\saves\Desire Paths\datapacks_uncompiled\temp_dir\data\minecraft\structure\woodland_mansion\1x2_b5.nbt
	  *EXTRA File 		    3487	C:\Users\joshp\curseforge\minecraft\Instances\Alive Dev\saves\Desire Paths\datapacks_uncompiled\temp_dir\data\minecraft\structure\woodland_mansion\1x2_c1.nbt
	  *EXTRA File 		    3302	C:\Users\joshp\curseforge\minecraft\Instances\Alive Dev\saves\Desire Paths\datapacks_uncompiled\temp_dir\data\minecraft\structure\woodland_mansion\1x2_c2.nbt
	  *EXTRA File 		    3582	C:\Users\joshp\curseforge\minecraft\Instances\Alive Dev\saves\Desire Paths\datapacks_uncompiled\temp_dir\data\minecraft\structure\woodland_mansion\1x2_c3.nbt
	  *EXTRA File 		    3537	C:\Users\joshp\curseforge\minecraft\Instances\Alive Dev\saves\Desire Paths\datapacks_uncompiled\temp_dir\data\minecraft\structure\woodland_mansion\1x2_c4.nbt
	  *EXTRA File 		    6952	C:\Users\joshp\curseforge\minecraft\Instances\Alive Dev\saves\Desire Paths\datapacks_uncompiled\temp_dir\data\minecraft\structure\woodland_mansion\1x2_c_stairs.nbt
	  *EXTRA File 		    3616	C:\Users\joshp\curseforge\minecraft\Instances\Alive Dev\saves\Desire Paths\datapacks_uncompiled\temp_dir\data\minecraft\structure\woodland_mansion\1x2_d1.nbt
	  *EXTRA File 		    3817	C:\Users\joshp\curseforge\minecraft\Instances\Alive Dev\saves\Desire Paths\datapacks_uncompiled\temp_dir\data\minecraft\structure\woodland_mansion\1x2_d2.nbt
	  *EXTRA File 		    3752	C:\Users\joshp\curseforge\minecraft\Instances\Alive Dev\saves\Desire Paths\datapacks_uncompiled\temp_dir\data\minecraft\structure\woodland_mansion\1x2_d3.nbt
	  *EXTRA File 		    3232	C:\Users\joshp\curseforge\minecraft\Instances\Alive Dev\saves\Desire Paths\datapacks_uncompiled\temp_dir\data\minecraft\structure\woodland_mansion\1x2_d4.nbt
	  *EXTRA File 		    3251	C:\Users\joshp\curseforge\minecraft\Instances\Alive Dev\saves\Desire Paths\datapacks_uncompiled\temp_dir\data\minecraft\structure\woodland_mansion\1x2_d5.nbt
	  *EXTRA File 		    6933	C:\Users\joshp\curseforge\minecraft\Instances\Alive Dev\saves\Desire Paths\datapacks_uncompiled\temp_dir\data\minecraft\structure\woodland_mansion\1x2_d_stairs.nbt
	  *EXTRA File 		    2612	C:\Users\joshp\curseforge\minecraft\Instances\Alive Dev\saves\Desire Paths\datapacks_uncompiled\temp_dir\data\minecraft\structure\woodland_mansion\1x2_s1.nbt
	  *EXTRA File 		    2645	C:\Users\joshp\curseforge\minecraft\Instances\Alive Dev\saves\Desire Paths\datapacks_uncompiled\temp_dir\data\minecraft\structure\woodland_mansion\1x2_s2.nbt
	  *EXTRA File 		    3803	C:\Users\joshp\curseforge\minecraft\Instances\Alive Dev\saves\Desire Paths\datapacks_uncompiled\temp_dir\data\minecraft\structure\woodland_mansion\1x2_se1.nbt
	  *EXTRA File 		    5946	C:\Users\joshp\curseforge\minecraft\Instances\Alive Dev\saves\Desire Paths\datapacks_uncompiled\temp_dir\data\minecraft\structure\woodland_mansion\2x2_a1.nbt
	  *EXTRA File 		    5287	C:\Users\joshp\curseforge\minecraft\Instances\Alive Dev\saves\Desire Paths\datapacks_uncompiled\temp_dir\data\minecraft\structure\woodland_mansion\2x2_a2.nbt
	  *EXTRA File 		    4831	C:\Users\joshp\curseforge\minecraft\Instances\Alive Dev\saves\Desire Paths\datapacks_uncompiled\temp_dir\data\minecraft\structure\woodland_mansion\2x2_a3.nbt
	  *EXTRA File 		    4967	C:\Users\joshp\curseforge\minecraft\Instances\Alive Dev\saves\Desire Paths\datapacks_uncompiled\temp_dir\data\minecraft\structure\woodland_mansion\2x2_a4.nbt
	  *EXTRA File 		    6765	C:\Users\joshp\curseforge\minecraft\Instances\Alive Dev\saves\Desire Paths\datapacks_uncompiled\temp_dir\data\minecraft\structure\woodland_mansion\2x2_b1.nbt
	  *EXTRA File 		    6764	C:\Users\joshp\curseforge\minecraft\Instances\Alive Dev\saves\Desire Paths\datapacks_uncompiled\temp_dir\data\minecraft\structure\woodland_mansion\2x2_b2.nbt
	  *EXTRA File 		    6779	C:\Users\joshp\curseforge\minecraft\Instances\Alive Dev\saves\Desire Paths\datapacks_uncompiled\temp_dir\data\minecraft\structure\woodland_mansion\2x2_b3.nbt
	  *EXTRA File 		    6788	C:\Users\joshp\curseforge\minecraft\Instances\Alive Dev\saves\Desire Paths\datapacks_uncompiled\temp_dir\data\minecraft\structure\woodland_mansion\2x2_b4.nbt
	  *EXTRA File 		    7071	C:\Users\joshp\curseforge\minecraft\Instances\Alive Dev\saves\Desire Paths\datapacks_uncompiled\temp_dir\data\minecraft\structure\woodland_mansion\2x2_b5.nbt
	  *EXTRA File 		    6539	C:\Users\joshp\curseforge\minecraft\Instances\Alive Dev\saves\Desire Paths\datapacks_uncompiled\temp_dir\data\minecraft\structure\woodland_mansion\2x2_s1.nbt
	  *EXTRA File 		     200	C:\Users\joshp\curseforge\minecraft\Instances\Alive Dev\saves\Desire Paths\datapacks_uncompiled\temp_dir\data\minecraft\structure\woodland_mansion\carpet_east.nbt
	  *EXTRA File 		     201	C:\Users\joshp\curseforge\minecraft\Instances\Alive Dev\saves\Desire Paths\datapacks_uncompiled\temp_dir\data\minecraft\structure\woodland_mansion\carpet_north.nbt
	  *EXTRA File 		     761	C:\Users\joshp\curseforge\minecraft\Instances\Alive Dev\saves\Desire Paths\datapacks_uncompiled\temp_dir\data\minecraft\structure\woodland_mansion\carpet_south_1.nbt
	  *EXTRA File 		     984	C:\Users\joshp\curseforge\minecraft\Instances\Alive Dev\saves\Desire Paths\datapacks_uncompiled\temp_dir\data\minecraft\structure\woodland_mansion\carpet_south_2.nbt
	  *EXTRA File 		     763	C:\Users\joshp\curseforge\minecraft\Instances\Alive Dev\saves\Desire Paths\datapacks_uncompiled\temp_dir\data\minecraft\structure\woodland_mansion\carpet_west_1.nbt
	  *EXTRA File 		     986	C:\Users\joshp\curseforge\minecraft\Instances\Alive Dev\saves\Desire Paths\datapacks_uncompiled\temp_dir\data\minecraft\structure\woodland_mansion\carpet_west_2.nbt
	  *EXTRA File 		    1160	C:\Users\joshp\curseforge\minecraft\Instances\Alive Dev\saves\Desire Paths\datapacks_uncompiled\temp_dir\data\minecraft\structure\woodland_mansion\corridor_floor.nbt
	  *EXTRA File 		   17383	C:\Users\joshp\curseforge\minecraft\Instances\Alive Dev\saves\Desire Paths\datapacks_uncompiled\temp_dir\data\minecraft\structure\woodland_mansion\entrance.nbt
	  *EXTRA File 		     451	C:\Users\joshp\curseforge\minecraft\Instances\Alive Dev\saves\Desire Paths\datapacks_uncompiled\temp_dir\data\minecraft\structure\woodland_mansion\indoors_door_1.nbt
	  *EXTRA File 		     534	C:\Users\joshp\curseforge\minecraft\Instances\Alive Dev\saves\Desire Paths\datapacks_uncompiled\temp_dir\data\minecraft\structure\woodland_mansion\indoors_door_2.nbt
	  *EXTRA File 		     416	C:\Users\joshp\curseforge\minecraft\Instances\Alive Dev\saves\Desire Paths\datapacks_uncompiled\temp_dir\data\minecraft\structure\woodland_mansion\indoors_wall_1.nbt
	  *EXTRA File 		     478	C:\Users\joshp\curseforge\minecraft\Instances\Alive Dev\saves\Desire Paths\datapacks_uncompiled\temp_dir\data\minecraft\structure\woodland_mansion\indoors_wall_2.nbt
	  *EXTRA File 		     335	C:\Users\joshp\curseforge\minecraft\Instances\Alive Dev\saves\Desire Paths\datapacks_uncompiled\temp_dir\data\minecraft\structure\woodland_mansion\roof.nbt
	  *EXTRA File 		     478	C:\Users\joshp\curseforge\minecraft\Instances\Alive Dev\saves\Desire Paths\datapacks_uncompiled\temp_dir\data\minecraft\structure\woodland_mansion\roof_corner.nbt
	  *EXTRA File 		     603	C:\Users\joshp\curseforge\minecraft\Instances\Alive Dev\saves\Desire Paths\datapacks_uncompiled\temp_dir\data\minecraft\structure\woodland_mansion\roof_front.nbt
	  *EXTRA File 		     482	C:\Users\joshp\curseforge\minecraft\Instances\Alive Dev\saves\Desire Paths\datapacks_uncompiled\temp_dir\data\minecraft\structure\woodland_mansion\roof_inner_corner.nbt
	  *EXTRA File 		     540	C:\Users\joshp\curseforge\minecraft\Instances\Alive Dev\saves\Desire Paths\datapacks_uncompiled\temp_dir\data\minecraft\structure\woodland_mansion\small_wall.nbt
	  *EXTRA File 		     288	C:\Users\joshp\curseforge\minecraft\Instances\Alive Dev\saves\Desire Paths\datapacks_uncompiled\temp_dir\data\minecraft\structure\woodland_mansion\small_wall_corner.nbt
	  *EXTRA File 		     334	C:\Users\joshp\curseforge\minecraft\Instances\Alive Dev\saves\Desire Paths\datapacks_uncompiled\temp_dir\data\minecraft\structure\woodland_mansion\wall_corner.nbt
	  *EXTRA File 		     732	C:\Users\joshp\curseforge\minecraft\Instances\Alive Dev\saves\Desire Paths\datapacks_uncompiled\temp_dir\data\minecraft\structure\woodland_mansion\wall_flat.nbt
	  *EXTRA File 		     872	C:\Users\joshp\curseforge\minecraft\Instances\Alive Dev\saves\Desire Paths\datapacks_uncompiled\temp_dir\data\minecraft\structure\woodland_mansion\wall_window.nbt
	*EXTRA Dir        -1	C:\Users\joshp\curseforge\minecraft\Instances\Alive Dev\saves\Desire Paths\datapacks_uncompiled\temp_dir\data\minecraft\structures\
	*EXTRA Dir        -1	C:\Users\joshp\curseforge\minecraft\Instances\Alive Dev\saves\Desire Paths\datapacks_uncompiled\temp_dir\data\minecraft\structures\ancient_city\
	*EXTRA Dir        -1	C:\Users\joshp\curseforge\minecraft\Instances\Alive Dev\saves\Desire Paths\datapacks_uncompiled\temp_dir\data\minecraft\structures\ancient_city\city\
	*EXTRA Dir        -1	C:\Users\joshp\curseforge\minecraft\Instances\Alive Dev\saves\Desire Paths\datapacks_uncompiled\temp_dir\data\minecraft\structures\ancient_city\city\entrance\
	*EXTRA Dir        -1	C:\Users\joshp\curseforge\minecraft\Instances\Alive Dev\saves\Desire Paths\datapacks_uncompiled\temp_dir\data\minecraft\structures\ancient_city\city_center\
	*EXTRA Dir        -1	C:\Users\joshp\curseforge\minecraft\Instances\Alive Dev\saves\Desire Paths\datapacks_uncompiled\temp_dir\data\minecraft\structures\ancient_city\city_center\walls\
	*EXTRA Dir        -1	C:\Users\joshp\curseforge\minecraft\Instances\Alive Dev\saves\Desire Paths\datapacks_uncompiled\temp_dir\data\minecraft\structures\ancient_city\structures\
	*EXTRA Dir        -1	C:\Users\joshp\curseforge\minecraft\Instances\Alive Dev\saves\Desire Paths\datapacks_uncompiled\temp_dir\data\minecraft\structures\ancient_city\walls\
	*EXTRA Dir        -1	C:\Users\joshp\curseforge\minecraft\Instances\Alive Dev\saves\Desire Paths\datapacks_uncompiled\temp_dir\data\minecraft\structures\bastion\
	*EXTRA Dir        -1	C:\Users\joshp\curseforge\minecraft\Instances\Alive Dev\saves\Desire Paths\datapacks_uncompiled\temp_dir\data\minecraft\structures\bastion\blocks\
	*EXTRA Dir        -1	C:\Users\joshp\curseforge\minecraft\Instances\Alive Dev\saves\Desire Paths\datapacks_uncompiled\temp_dir\data\minecraft\structures\bastion\bridge\
	*EXTRA Dir        -1	C:\Users\joshp\curseforge\minecraft\Instances\Alive Dev\saves\Desire Paths\datapacks_uncompiled\temp_dir\data\minecraft\structures\bastion\bridge\bridge_pieces\
	*EXTRA Dir        -1	C:\Users\joshp\curseforge\minecraft\Instances\Alive Dev\saves\Desire Paths\datapacks_uncompiled\temp_dir\data\minecraft\structures\bastion\bridge\connectors\
	*EXTRA Dir        -1	C:\Users\joshp\curseforge\minecraft\Instances\Alive Dev\saves\Desire Paths\datapacks_uncompiled\temp_dir\data\minecraft\structures\bastion\bridge\legs\
	*EXTRA Dir        -1	C:\Users\joshp\curseforge\minecraft\Instances\Alive Dev\saves\Desire Paths\datapacks_uncompiled\temp_dir\data\minecraft\structures\bastion\bridge\ramparts\
	*EXTRA Dir        -1	C:\Users\joshp\curseforge\minecraft\Instances\Alive Dev\saves\Desire Paths\datapacks_uncompiled\temp_dir\data\minecraft\structures\bastion\bridge\rampart_plates\
	*EXTRA Dir        -1	C:\Users\joshp\curseforge\minecraft\Instances\Alive Dev\saves\Desire Paths\datapacks_uncompiled\temp_dir\data\minecraft\structures\bastion\bridge\starting_pieces\
	*EXTRA Dir        -1	C:\Users\joshp\curseforge\minecraft\Instances\Alive Dev\saves\Desire Paths\datapacks_uncompiled\temp_dir\data\minecraft\structures\bastion\bridge\walls\
	*EXTRA Dir        -1	C:\Users\joshp\curseforge\minecraft\Instances\Alive Dev\saves\Desire Paths\datapacks_uncompiled\temp_dir\data\minecraft\structures\bastion\hoglin_stable\
	*EXTRA Dir        -1	C:\Users\joshp\curseforge\minecraft\Instances\Alive Dev\saves\Desire Paths\datapacks_uncompiled\temp_dir\data\minecraft\structures\bastion\hoglin_stable\connectors\
	*EXTRA Dir        -1	C:\Users\joshp\curseforge\minecraft\Instances\Alive Dev\saves\Desire Paths\datapacks_uncompiled\temp_dir\data\minecraft\structures\bastion\hoglin_stable\large_stables\
	*EXTRA Dir        -1	C:\Users\joshp\curseforge\minecraft\Instances\Alive Dev\saves\Desire Paths\datapacks_uncompiled\temp_dir\data\minecraft\structures\bastion\hoglin_stable\posts\
	*EXTRA Dir        -1	C:\Users\joshp\curseforge\minecraft\Instances\Alive Dev\saves\Desire Paths\datapacks_uncompiled\temp_dir\data\minecraft\structures\bastion\hoglin_stable\ramparts\
	*EXTRA Dir        -1	C:\Users\joshp\curseforge\minecraft\Instances\Alive Dev\saves\Desire Paths\datapacks_uncompiled\temp_dir\data\minecraft\structures\bastion\hoglin_stable\rampart_plates\
	*EXTRA Dir        -1	C:\Users\joshp\curseforge\minecraft\Instances\Alive Dev\saves\Desire Paths\datapacks_uncompiled\temp_dir\data\minecraft\structures\bastion\hoglin_stable\small_stables\
	*EXTRA Dir        -1	C:\Users\joshp\curseforge\minecraft\Instances\Alive Dev\saves\Desire Paths\datapacks_uncompiled\temp_dir\data\minecraft\structures\bastion\hoglin_stable\stairs\
	*EXTRA Dir        -1	C:\Users\joshp\curseforge\minecraft\Instances\Alive Dev\saves\Desire Paths\datapacks_uncompiled\temp_dir\data\minecraft\structures\bastion\hoglin_stable\starting_pieces\
	*EXTRA Dir        -1	C:\Users\joshp\curseforge\minecraft\Instances\Alive Dev\saves\Desire Paths\datapacks_uncompiled\temp_dir\data\minecraft\structures\bastion\hoglin_stable\walls\
	*EXTRA Dir        -1	C:\Users\joshp\curseforge\minecraft\Instances\Alive Dev\saves\Desire Paths\datapacks_uncompiled\temp_dir\data\minecraft\structures\bastion\mobs\
	*EXTRA Dir        -1	C:\Users\joshp\curseforge\minecraft\Instances\Alive Dev\saves\Desire Paths\datapacks_uncompiled\temp_dir\data\minecraft\structures\bastion\treasure\
	*EXTRA Dir        -1	C:\Users\joshp\curseforge\minecraft\Instances\Alive Dev\saves\Desire Paths\datapacks_uncompiled\temp_dir\data\minecraft\structures\bastion\treasure\bases\
	*EXTRA Dir        -1	C:\Users\joshp\curseforge\minecraft\Instances\Alive Dev\saves\Desire Paths\datapacks_uncompiled\temp_dir\data\minecraft\structures\bastion\treasure\bases\centers\
	*EXTRA Dir        -1	C:\Users\joshp\curseforge\minecraft\Instances\Alive Dev\saves\Desire Paths\datapacks_uncompiled\temp_dir\data\minecraft\structures\bastion\treasure\brains\
	*EXTRA Dir        -1	C:\Users\joshp\curseforge\minecraft\Instances\Alive Dev\saves\Desire Paths\datapacks_uncompiled\temp_dir\data\minecraft\structures\bastion\treasure\connectors\
	*EXTRA Dir        -1	C:\Users\joshp\curseforge\minecraft\Instances\Alive Dev\saves\Desire Paths\datapacks_uncompiled\temp_dir\data\minecraft\structures\bastion\treasure\corners\
	*EXTRA Dir        -1	C:\Users\joshp\curseforge\minecraft\Instances\Alive Dev\saves\Desire Paths\datapacks_uncompiled\temp_dir\data\minecraft\structures\bastion\treasure\corners\bottom\
	*EXTRA Dir        -1	C:\Users\joshp\curseforge\minecraft\Instances\Alive Dev\saves\Desire Paths\datapacks_uncompiled\temp_dir\data\minecraft\structures\bastion\treasure\corners\edges\
	*EXTRA Dir        -1	C:\Users\joshp\curseforge\minecraft\Instances\Alive Dev\saves\Desire Paths\datapacks_uncompiled\temp_dir\data\minecraft\structures\bastion\treasure\corners\middle\
	*EXTRA Dir        -1	C:\Users\joshp\curseforge\minecraft\Instances\Alive Dev\saves\Desire Paths\datapacks_uncompiled\temp_dir\data\minecraft\structures\bastion\treasure\corners\top\
	*EXTRA Dir        -1	C:\Users\joshp\curseforge\minecraft\Instances\Alive Dev\saves\Desire Paths\datapacks_uncompiled\temp_dir\data\minecraft\structures\bastion\treasure\entrances\
	*EXTRA Dir        -1	C:\Users\joshp\curseforge\minecraft\Instances\Alive Dev\saves\Desire Paths\datapacks_uncompiled\temp_dir\data\minecraft\structures\bastion\treasure\extensions\
	*EXTRA Dir        -1	C:\Users\joshp\curseforge\minecraft\Instances\Alive Dev\saves\Desire Paths\datapacks_uncompiled\temp_dir\data\minecraft\structures\bastion\treasure\ramparts\
	*EXTRA Dir        -1	C:\Users\joshp\curseforge\minecraft\Instances\Alive Dev\saves\Desire Paths\datapacks_uncompiled\temp_dir\data\minecraft\structures\bastion\treasure\roofs\
	*EXTRA Dir        -1	C:\Users\joshp\curseforge\minecraft\Instances\Alive Dev\saves\Desire Paths\datapacks_uncompiled\temp_dir\data\minecraft\structures\bastion\treasure\stairs\
	*EXTRA Dir        -1	C:\Users\joshp\curseforge\minecraft\Instances\Alive Dev\saves\Desire Paths\datapacks_uncompiled\temp_dir\data\minecraft\structures\bastion\treasure\walls\
	*EXTRA Dir        -1	C:\Users\joshp\curseforge\minecraft\Instances\Alive Dev\saves\Desire Paths\datapacks_uncompiled\temp_dir\data\minecraft\structures\bastion\treasure\walls\bottom\
	*EXTRA Dir        -1	C:\Users\joshp\curseforge\minecraft\Instances\Alive Dev\saves\Desire Paths\datapacks_uncompiled\temp_dir\data\minecraft\structures\bastion\treasure\walls\mid\
	*EXTRA Dir        -1	C:\Users\joshp\curseforge\minecraft\Instances\Alive Dev\saves\Desire Paths\datapacks_uncompiled\temp_dir\data\minecraft\structures\bastion\treasure\walls\outer\
	*EXTRA Dir        -1	C:\Users\joshp\curseforge\minecraft\Instances\Alive Dev\saves\Desire Paths\datapacks_uncompiled\temp_dir\data\minecraft\structures\bastion\treasure\walls\top\
	*EXTRA Dir        -1	C:\Users\joshp\curseforge\minecraft\Instances\Alive Dev\saves\Desire Paths\datapacks_uncompiled\temp_dir\data\minecraft\structures\bastion\units\
	*EXTRA Dir        -1	C:\Users\joshp\curseforge\minecraft\Instances\Alive Dev\saves\Desire Paths\datapacks_uncompiled\temp_dir\data\minecraft\structures\bastion\units\center_pieces\
	*EXTRA Dir        -1	C:\Users\joshp\curseforge\minecraft\Instances\Alive Dev\saves\Desire Paths\datapacks_uncompiled\temp_dir\data\minecraft\structures\bastion\units\edges\
	*EXTRA Dir        -1	C:\Users\joshp\curseforge\minecraft\Instances\Alive Dev\saves\Desire Paths\datapacks_uncompiled\temp_dir\data\minecraft\structures\bastion\units\fillers\
	*EXTRA Dir        -1	C:\Users\joshp\curseforge\minecraft\Instances\Alive Dev\saves\Desire Paths\datapacks_uncompiled\temp_dir\data\minecraft\structures\bastion\units\pathways\
	*EXTRA Dir        -1	C:\Users\joshp\curseforge\minecraft\Instances\Alive Dev\saves\Desire Paths\datapacks_uncompiled\temp_dir\data\minecraft\structures\bastion\units\ramparts\
	*EXTRA Dir        -1	C:\Users\joshp\curseforge\minecraft\Instances\Alive Dev\saves\Desire Paths\datapacks_uncompiled\temp_dir\data\minecraft\structures\bastion\units\rampart_plates\
	*EXTRA Dir        -1	C:\Users\joshp\curseforge\minecraft\Instances\Alive Dev\saves\Desire Paths\datapacks_uncompiled\temp_dir\data\minecraft\structures\bastion\units\stages\
	*EXTRA Dir        -1	C:\Users\joshp\curseforge\minecraft\Instances\Alive Dev\saves\Desire Paths\datapacks_uncompiled\temp_dir\data\minecraft\structures\bastion\units\stages\rot\
	*EXTRA Dir        -1	C:\Users\joshp\curseforge\minecraft\Instances\Alive Dev\saves\Desire Paths\datapacks_uncompiled\temp_dir\data\minecraft\structures\bastion\units\walls\
	*EXTRA Dir        -1	C:\Users\joshp\curseforge\minecraft\Instances\Alive Dev\saves\Desire Paths\datapacks_uncompiled\temp_dir\data\minecraft\structures\bastion\units\wall_units\
	*EXTRA Dir        -1	C:\Users\joshp\curseforge\minecraft\Instances\Alive Dev\saves\Desire Paths\datapacks_uncompiled\temp_dir\data\minecraft\structures\end_city\
	*EXTRA Dir        -1	C:\Users\joshp\curseforge\minecraft\Instances\Alive Dev\saves\Desire Paths\datapacks_uncompiled\temp_dir\data\minecraft\structures\fossil\
	*EXTRA Dir        -1	C:\Users\joshp\curseforge\minecraft\Instances\Alive Dev\saves\Desire Paths\datapacks_uncompiled\temp_dir\data\minecraft\structures\igloo\
	*EXTRA Dir        -1	C:\Users\joshp\curseforge\minecraft\Instances\Alive Dev\saves\Desire Paths\datapacks_uncompiled\temp_dir\data\minecraft\structures\nether_fossils\
	*EXTRA Dir        -1	C:\Users\joshp\curseforge\minecraft\Instances\Alive Dev\saves\Desire Paths\datapacks_uncompiled\temp_dir\data\minecraft\structures\pillager_outpost\
	*EXTRA Dir        -1	C:\Users\joshp\curseforge\minecraft\Instances\Alive Dev\saves\Desire Paths\datapacks_uncompiled\temp_dir\data\minecraft\structures\ruined_portal\
	*EXTRA Dir        -1	C:\Users\joshp\curseforge\minecraft\Instances\Alive Dev\saves\Desire Paths\datapacks_uncompiled\temp_dir\data\minecraft\structures\shipwreck\
	*EXTRA Dir        -1	C:\Users\joshp\curseforge\minecraft\Instances\Alive Dev\saves\Desire Paths\datapacks_uncompiled\temp_dir\data\minecraft\structures\trail_ruins\
	*EXTRA Dir        -1	C:\Users\joshp\curseforge\minecraft\Instances\Alive Dev\saves\Desire Paths\datapacks_uncompiled\temp_dir\data\minecraft\structures\trail_ruins\buildings\
	*EXTRA Dir        -1	C:\Users\joshp\curseforge\minecraft\Instances\Alive Dev\saves\Desire Paths\datapacks_uncompiled\temp_dir\data\minecraft\structures\trail_ruins\decor\
	*EXTRA Dir        -1	C:\Users\joshp\curseforge\minecraft\Instances\Alive Dev\saves\Desire Paths\datapacks_uncompiled\temp_dir\data\minecraft\structures\trail_ruins\roads\
	*EXTRA Dir        -1	C:\Users\joshp\curseforge\minecraft\Instances\Alive Dev\saves\Desire Paths\datapacks_uncompiled\temp_dir\data\minecraft\structures\trail_ruins\tower\
	*EXTRA Dir        -1	C:\Users\joshp\curseforge\minecraft\Instances\Alive Dev\saves\Desire Paths\datapacks_uncompiled\temp_dir\data\minecraft\structures\underwater_ruin\
	*EXTRA Dir        -1	C:\Users\joshp\curseforge\minecraft\Instances\Alive Dev\saves\Desire Paths\datapacks_uncompiled\temp_dir\data\minecraft\structures\village\
	*EXTRA Dir        -1	C:\Users\joshp\curseforge\minecraft\Instances\Alive Dev\saves\Desire Paths\datapacks_uncompiled\temp_dir\data\minecraft\structures\village\common\
	*EXTRA Dir        -1	C:\Users\joshp\curseforge\minecraft\Instances\Alive Dev\saves\Desire Paths\datapacks_uncompiled\temp_dir\data\minecraft\structures\village\common\animals\
	*EXTRA Dir        -1	C:\Users\joshp\curseforge\minecraft\Instances\Alive Dev\saves\Desire Paths\datapacks_uncompiled\temp_dir\data\minecraft\structures\village\decays\
	*EXTRA Dir        -1	C:\Users\joshp\curseforge\minecraft\Instances\Alive Dev\saves\Desire Paths\datapacks_uncompiled\temp_dir\data\minecraft\structures\village\desert\
	*EXTRA Dir        -1	C:\Users\joshp\curseforge\minecraft\Instances\Alive Dev\saves\Desire Paths\datapacks_uncompiled\temp_dir\data\minecraft\structures\village\desert\houses\
	*EXTRA Dir        -1	C:\Users\joshp\curseforge\minecraft\Instances\Alive Dev\saves\Desire Paths\datapacks_uncompiled\temp_dir\data\minecraft\structures\village\desert\streets\
	*EXTRA Dir        -1	C:\Users\joshp\curseforge\minecraft\Instances\Alive Dev\saves\Desire Paths\datapacks_uncompiled\temp_dir\data\minecraft\structures\village\desert\terminators\
	*EXTRA Dir        -1	C:\Users\joshp\curseforge\minecraft\Instances\Alive Dev\saves\Desire Paths\datapacks_uncompiled\temp_dir\data\minecraft\structures\village\desert\town_centers\
	*EXTRA Dir        -1	C:\Users\joshp\curseforge\minecraft\Instances\Alive Dev\saves\Desire Paths\datapacks_uncompiled\temp_dir\data\minecraft\structures\village\desert\villagers\
	*EXTRA Dir        -1	C:\Users\joshp\curseforge\minecraft\Instances\Alive Dev\saves\Desire Paths\datapacks_uncompiled\temp_dir\data\minecraft\structures\village\desert\zombie\
	*EXTRA Dir        -1	C:\Users\joshp\curseforge\minecraft\Instances\Alive Dev\saves\Desire Paths\datapacks_uncompiled\temp_dir\data\minecraft\structures\village\desert\zombie\houses\
	*EXTRA Dir        -1	C:\Users\joshp\curseforge\minecraft\Instances\Alive Dev\saves\Desire Paths\datapacks_uncompiled\temp_dir\data\minecraft\structures\village\desert\zombie\streets\
	*EXTRA Dir        -1	C:\Users\joshp\curseforge\minecraft\Instances\Alive Dev\saves\Desire Paths\datapacks_uncompiled\temp_dir\data\minecraft\structures\village\desert\zombie\terminators\
	*EXTRA Dir        -1	C:\Users\joshp\curseforge\minecraft\Instances\Alive Dev\saves\Desire Paths\datapacks_uncompiled\temp_dir\data\minecraft\structures\village\desert\zombie\town_centers\
	*EXTRA Dir        -1	C:\Users\joshp\curseforge\minecraft\Instances\Alive Dev\saves\Desire Paths\datapacks_uncompiled\temp_dir\data\minecraft\structures\village\desert\zombie\villagers\
	*EXTRA Dir        -1	C:\Users\joshp\curseforge\minecraft\Instances\Alive Dev\saves\Desire Paths\datapacks_uncompiled\temp_dir\data\minecraft\structures\village\plains\
	*EXTRA Dir        -1	C:\Users\joshp\curseforge\minecraft\Instances\Alive Dev\saves\Desire Paths\datapacks_uncompiled\temp_dir\data\minecraft\structures\village\plains\houses\
	*EXTRA Dir        -1	C:\Users\joshp\curseforge\minecraft\Instances\Alive Dev\saves\Desire Paths\datapacks_uncompiled\temp_dir\data\minecraft\structures\village\plains\streets\
	*EXTRA Dir        -1	C:\Users\joshp\curseforge\minecraft\Instances\Alive Dev\saves\Desire Paths\datapacks_uncompiled\temp_dir\data\minecraft\structures\village\plains\terminators\
	*EXTRA Dir        -1	C:\Users\joshp\curseforge\minecraft\Instances\Alive Dev\saves\Desire Paths\datapacks_uncompiled\temp_dir\data\minecraft\structures\village\plains\town_centers\
	*EXTRA Dir        -1	C:\Users\joshp\curseforge\minecraft\Instances\Alive Dev\saves\Desire Paths\datapacks_uncompiled\temp_dir\data\minecraft\structures\village\plains\villagers\
	*EXTRA Dir        -1	C:\Users\joshp\curseforge\minecraft\Instances\Alive Dev\saves\Desire Paths\datapacks_uncompiled\temp_dir\data\minecraft\structures\village\plains\zombie\
	*EXTRA Dir        -1	C:\Users\joshp\curseforge\minecraft\Instances\Alive Dev\saves\Desire Paths\datapacks_uncompiled\temp_dir\data\minecraft\structures\village\plains\zombie\houses\
	*EXTRA Dir        -1	C:\Users\joshp\curseforge\minecraft\Instances\Alive Dev\saves\Desire Paths\datapacks_uncompiled\temp_dir\data\minecraft\structures\village\plains\zombie\streets\
	*EXTRA Dir        -1	C:\Users\joshp\curseforge\minecraft\Instances\Alive Dev\saves\Desire Paths\datapacks_uncompiled\temp_dir\data\minecraft\structures\village\plains\zombie\town_centers\
	*EXTRA Dir        -1	C:\Users\joshp\curseforge\minecraft\Instances\Alive Dev\saves\Desire Paths\datapacks_uncompiled\temp_dir\data\minecraft\structures\village\plains\zombie\villagers\
	*EXTRA Dir        -1	C:\Users\joshp\curseforge\minecraft\Instances\Alive Dev\saves\Desire Paths\datapacks_uncompiled\temp_dir\data\minecraft\structures\village\savanna\
	*EXTRA Dir        -1	C:\Users\joshp\curseforge\minecraft\Instances\Alive Dev\saves\Desire Paths\datapacks_uncompiled\temp_dir\data\minecraft\structures\village\savanna\houses\
	*EXTRA Dir        -1	C:\Users\joshp\curseforge\minecraft\Instances\Alive Dev\saves\Desire Paths\datapacks_uncompiled\temp_dir\data\minecraft\structures\village\savanna\streets\
	*EXTRA Dir        -1	C:\Users\joshp\curseforge\minecraft\Instances\Alive Dev\saves\Desire Paths\datapacks_uncompiled\temp_dir\data\minecraft\structures\village\savanna\terminators\
	*EXTRA Dir        -1	C:\Users\joshp\curseforge\minecraft\Instances\Alive Dev\saves\Desire Paths\datapacks_uncompiled\temp_dir\data\minecraft\structures\village\savanna\town_centers\
	*EXTRA Dir        -1	C:\Users\joshp\curseforge\minecraft\Instances\Alive Dev\saves\Desire Paths\datapacks_uncompiled\temp_dir\data\minecraft\structures\village\savanna\villagers\
	*EXTRA Dir        -1	C:\Users\joshp\curseforge\minecraft\Instances\Alive Dev\saves\Desire Paths\datapacks_uncompiled\temp_dir\data\minecraft\structures\village\savanna\zombie\
	*EXTRA Dir        -1	C:\Users\joshp\curseforge\minecraft\Instances\Alive Dev\saves\Desire Paths\datapacks_uncompiled\temp_dir\data\minecraft\structures\village\savanna\zombie\houses\
	*EXTRA Dir        -1	C:\Users\joshp\curseforge\minecraft\Instances\Alive Dev\saves\Desire Paths\datapacks_uncompiled\temp_dir\data\minecraft\structures\village\savanna\zombie\streets\
	*EXTRA Dir        -1	C:\Users\joshp\curseforge\minecraft\Instances\Alive Dev\saves\Desire Paths\datapacks_uncompiled\temp_dir\data\minecraft\structures\village\savanna\zombie\terminators\
	*EXTRA Dir        -1	C:\Users\joshp\curseforge\minecraft\Instances\Alive Dev\saves\Desire Paths\datapacks_uncompiled\temp_dir\data\minecraft\structures\village\savanna\zombie\town_centers\
	*EXTRA Dir        -1	C:\Users\joshp\curseforge\minecraft\Instances\Alive Dev\saves\Desire Paths\datapacks_uncompiled\temp_dir\data\minecraft\structures\village\savanna\zombie\villagers\
	*EXTRA Dir        -1	C:\Users\joshp\curseforge\minecraft\Instances\Alive Dev\saves\Desire Paths\datapacks_uncompiled\temp_dir\data\minecraft\structures\village\snowy\
	*EXTRA Dir        -1	C:\Users\joshp\curseforge\minecraft\Instances\Alive Dev\saves\Desire Paths\datapacks_uncompiled\temp_dir\data\minecraft\structures\village\snowy\houses\
	*EXTRA Dir        -1	C:\Users\joshp\curseforge\minecraft\Instances\Alive Dev\saves\Desire Paths\datapacks_uncompiled\temp_dir\data\minecraft\structures\village\snowy\streets\
	*EXTRA Dir        -1	C:\Users\joshp\curseforge\minecraft\Instances\Alive Dev\saves\Desire Paths\datapacks_uncompiled\temp_dir\data\minecraft\structures\village\snowy\town_centers\
	*EXTRA Dir        -1	C:\Users\joshp\curseforge\minecraft\Instances\Alive Dev\saves\Desire Paths\datapacks_uncompiled\temp_dir\data\minecraft\structures\village\snowy\villagers\
	*EXTRA Dir        -1	C:\Users\joshp\curseforge\minecraft\Instances\Alive Dev\saves\Desire Paths\datapacks_uncompiled\temp_dir\data\minecraft\structures\village\snowy\zombie\
	*EXTRA Dir        -1	C:\Users\joshp\curseforge\minecraft\Instances\Alive Dev\saves\Desire Paths\datapacks_uncompiled\temp_dir\data\minecraft\structures\village\snowy\zombie\houses\
	*EXTRA Dir        -1	C:\Users\joshp\curseforge\minecraft\Instances\Alive Dev\saves\Desire Paths\datapacks_uncompiled\temp_dir\data\minecraft\structures\village\snowy\zombie\streets\
	*EXTRA Dir        -1	C:\Users\joshp\curseforge\minecraft\Instances\Alive Dev\saves\Desire Paths\datapacks_uncompiled\temp_dir\data\minecraft\structures\village\snowy\zombie\town_centers\
	*EXTRA Dir        -1	C:\Users\joshp\curseforge\minecraft\Instances\Alive Dev\saves\Desire Paths\datapacks_uncompiled\temp_dir\data\minecraft\structures\village\snowy\zombie\villagers\
	*EXTRA Dir        -1	C:\Users\joshp\curseforge\minecraft\Instances\Alive Dev\saves\Desire Paths\datapacks_uncompiled\temp_dir\data\minecraft\structures\village\taiga\
	*EXTRA Dir        -1	C:\Users\joshp\curseforge\minecraft\Instances\Alive Dev\saves\Desire Paths\datapacks_uncompiled\temp_dir\data\minecraft\structures\village\taiga\houses\
	*EXTRA Dir        -1	C:\Users\joshp\curseforge\minecraft\Instances\Alive Dev\saves\Desire Paths\datapacks_uncompiled\temp_dir\data\minecraft\structures\village\taiga\streets\
	*EXTRA Dir        -1	C:\Users\joshp\curseforge\minecraft\Instances\Alive Dev\saves\Desire Paths\datapacks_uncompiled\temp_dir\data\minecraft\structures\village\taiga\town_centers\
	*EXTRA Dir        -1	C:\Users\joshp\curseforge\minecraft\Instances\Alive Dev\saves\Desire Paths\datapacks_uncompiled\temp_dir\data\minecraft\structures\village\taiga\villagers\
	*EXTRA Dir        -1	C:\Users\joshp\curseforge\minecraft\Instances\Alive Dev\saves\Desire Paths\datapacks_uncompiled\temp_dir\data\minecraft\structures\village\taiga\zombie\
	*EXTRA Dir        -1	C:\Users\joshp\curseforge\minecraft\Instances\Alive Dev\saves\Desire Paths\datapacks_uncompiled\temp_dir\data\minecraft\structures\village\taiga\zombie\houses\
	*EXTRA Dir        -1	C:\Users\joshp\curseforge\minecraft\Instances\Alive Dev\saves\Desire Paths\datapacks_uncompiled\temp_dir\data\minecraft\structures\village\taiga\zombie\streets\
	*EXTRA Dir        -1	C:\Users\joshp\curseforge\minecraft\Instances\Alive Dev\saves\Desire Paths\datapacks_uncompiled\temp_dir\data\minecraft\structures\village\taiga\zombie\town_centers\
	*EXTRA Dir        -1	C:\Users\joshp\curseforge\minecraft\Instances\Alive Dev\saves\Desire Paths\datapacks_uncompiled\temp_dir\data\minecraft\structures\village\taiga\zombie\villagers\
	*EXTRA Dir        -1	C:\Users\joshp\curseforge\minecraft\Instances\Alive Dev\saves\Desire Paths\datapacks_uncompiled\temp_dir\data\minecraft\structures\woodland_mansion\
	*EXTRA Dir        -1	C:\Users\joshp\curseforge\minecraft\Instances\Alive Dev\saves\Desire Paths\datapacks_uncompiled\temp_dir\data\minecraft\worldgen\
	*EXTRA Dir        -1	C:\Users\joshp\curseforge\minecraft\Instances\Alive Dev\saves\Desire Paths\datapacks_uncompiled\temp_dir\data\minecraft\worldgen\biome\
	  *EXTRA File 		    6166	C:\Users\joshp\curseforge\minecraft\Instances\Alive Dev\saves\Desire Paths\datapacks_uncompiled\temp_dir\data\minecraft\worldgen\biome\badlands.json
	  *EXTRA File 		    6550	C:\Users\joshp\curseforge\minecraft\Instances\Alive Dev\saves\Desire Paths\datapacks_uncompiled\temp_dir\data\minecraft\worldgen\biome\bamboo_jungle.json
	  *EXTRA File 		    2939	C:\Users\joshp\curseforge\minecraft\Instances\Alive Dev\saves\Desire Paths\datapacks_uncompiled\temp_dir\data\minecraft\worldgen\biome\basalt_deltas.json
	  *EXTRA File 		    4879	C:\Users\joshp\curseforge\minecraft\Instances\Alive Dev\saves\Desire Paths\datapacks_uncompiled\temp_dir\data\minecraft\worldgen\biome\beach.json
	  *EXTRA File 		    5886	C:\Users\joshp\curseforge\minecraft\Instances\Alive Dev\saves\Desire Paths\datapacks_uncompiled\temp_dir\data\minecraft\worldgen\biome\birch_forest.json
	  *EXTRA File 		    5561	C:\Users\joshp\curseforge\minecraft\Instances\Alive Dev\saves\Desire Paths\datapacks_uncompiled\temp_dir\data\minecraft\worldgen\biome\cherry_grove.json
	  *EXTRA File 		    5508	C:\Users\joshp\curseforge\minecraft\Instances\Alive Dev\saves\Desire Paths\datapacks_uncompiled\temp_dir\data\minecraft\worldgen\biome\cold_ocean.json
	  *EXTRA File 		    3137	C:\Users\joshp\curseforge\minecraft\Instances\Alive Dev\saves\Desire Paths\datapacks_uncompiled\temp_dir\data\minecraft\worldgen\biome\crimson_forest.json
	  *EXTRA File 		    5940	C:\Users\joshp\curseforge\minecraft\Instances\Alive Dev\saves\Desire Paths\datapacks_uncompiled\temp_dir\data\minecraft\worldgen\biome\dark_forest.json
	  *EXTRA File 		    5513	C:\Users\joshp\curseforge\minecraft\Instances\Alive Dev\saves\Desire Paths\datapacks_uncompiled\temp_dir\data\minecraft\worldgen\biome\deep_cold_ocean.json
	  *EXTRA File 		    3188	C:\Users\joshp\curseforge\minecraft\Instances\Alive Dev\saves\Desire Paths\datapacks_uncompiled\temp_dir\data\minecraft\worldgen\biome\deep_dark.json
	  *EXTRA File 		    5610	C:\Users\joshp\curseforge\minecraft\Instances\Alive Dev\saves\Desire Paths\datapacks_uncompiled\temp_dir\data\minecraft\worldgen\biome\deep_frozen_ocean.json
	  *EXTRA File 		    5862	C:\Users\joshp\curseforge\minecraft\Instances\Alive Dev\saves\Desire Paths\datapacks_uncompiled\temp_dir\data\minecraft\worldgen\biome\deep_lukewarm_ocean.json
	  *EXTRA File 		    5508	C:\Users\joshp\curseforge\minecraft\Instances\Alive Dev\saves\Desire Paths\datapacks_uncompiled\temp_dir\data\minecraft\worldgen\biome\deep_ocean.json
	  *EXTRA File 		    5770	C:\Users\joshp\curseforge\minecraft\Instances\Alive Dev\saves\Desire Paths\datapacks_uncompiled\temp_dir\data\minecraft\worldgen\biome\desert.json
	  *EXTRA File 		    5345	C:\Users\joshp\curseforge\minecraft\Instances\Alive Dev\saves\Desire Paths\datapacks_uncompiled\temp_dir\data\minecraft\worldgen\biome\dripstone_caves.json
	  *EXTRA File 		     943	C:\Users\joshp\curseforge\minecraft\Instances\Alive Dev\saves\Desire Paths\datapacks_uncompiled\temp_dir\data\minecraft\worldgen\biome\end_barrens.json
	  *EXTRA File 		    1180	C:\Users\joshp\curseforge\minecraft\Instances\Alive Dev\saves\Desire Paths\datapacks_uncompiled\temp_dir\data\minecraft\worldgen\biome\end_highlands.json
	  *EXTRA File 		     943	C:\Users\joshp\curseforge\minecraft\Instances\Alive Dev\saves\Desire Paths\datapacks_uncompiled\temp_dir\data\minecraft\worldgen\biome\end_midlands.json
	  *EXTRA File 		    6166	C:\Users\joshp\curseforge\minecraft\Instances\Alive Dev\saves\Desire Paths\datapacks_uncompiled\temp_dir\data\minecraft\worldgen\biome\eroded_badlands.json
	  *EXTRA File 		    5997	C:\Users\joshp\curseforge\minecraft\Instances\Alive Dev\saves\Desire Paths\datapacks_uncompiled\temp_dir\data\minecraft\worldgen\biome\flower_forest.json
	  *EXTRA File 		    6022	C:\Users\joshp\curseforge\minecraft\Instances\Alive Dev\saves\Desire Paths\datapacks_uncompiled\temp_dir\data\minecraft\worldgen\biome\forest.json
	  *EXTRA File 		    5610	C:\Users\joshp\curseforge\minecraft\Instances\Alive Dev\saves\Desire Paths\datapacks_uncompiled\temp_dir\data\minecraft\worldgen\biome\frozen_ocean.json
	  *EXTRA File 		    5032	C:\Users\joshp\curseforge\minecraft\Instances\Alive Dev\saves\Desire Paths\datapacks_uncompiled\temp_dir\data\minecraft\worldgen\biome\frozen_peaks.json
	  *EXTRA File 		    5301	C:\Users\joshp\curseforge\minecraft\Instances\Alive Dev\saves\Desire Paths\datapacks_uncompiled\temp_dir\data\minecraft\worldgen\biome\frozen_river.json
	  *EXTRA File 		    5438	C:\Users\joshp\curseforge\minecraft\Instances\Alive Dev\saves\Desire Paths\datapacks_uncompiled\temp_dir\data\minecraft\worldgen\biome\grove.json
	  *EXTRA File 		    5381	C:\Users\joshp\curseforge\minecraft\Instances\Alive Dev\saves\Desire Paths\datapacks_uncompiled\temp_dir\data\minecraft\worldgen\biome\ice_spikes.json
	  *EXTRA File 		    5032	C:\Users\joshp\curseforge\minecraft\Instances\Alive Dev\saves\Desire Paths\datapacks_uncompiled\temp_dir\data\minecraft\worldgen\biome\jagged_peaks.json
	  *EXTRA File 		    6543	C:\Users\joshp\curseforge\minecraft\Instances\Alive Dev\saves\Desire Paths\datapacks_uncompiled\temp_dir\data\minecraft\worldgen\biome\jungle.json
	  *EXTRA File 		    5859	C:\Users\joshp\curseforge\minecraft\Instances\Alive Dev\saves\Desire Paths\datapacks_uncompiled\temp_dir\data\minecraft\worldgen\biome\lukewarm_ocean.json
	  *EXTRA File 		    5489	C:\Users\joshp\curseforge\minecraft\Instances\Alive Dev\saves\Desire Paths\datapacks_uncompiled\temp_dir\data\minecraft\worldgen\biome\lush_caves.json
	  *EXTRA File 		    5842	C:\Users\joshp\curseforge\minecraft\Instances\Alive Dev\saves\Desire Paths\datapacks_uncompiled\temp_dir\data\minecraft\worldgen\biome\mangrove_swamp.json
	  *EXTRA File 		    5532	C:\Users\joshp\curseforge\minecraft\Instances\Alive Dev\saves\Desire Paths\datapacks_uncompiled\temp_dir\data\minecraft\worldgen\biome\meadow.json
	  *EXTRA File 		    3422	C:\Users\joshp\curseforge\minecraft\Instances\Alive Dev\saves\Desire Paths\datapacks_uncompiled\temp_dir\data\minecraft\worldgen\biome\mushroom_fields.json
	  *EXTRA File 		    3322	C:\Users\joshp\curseforge\minecraft\Instances\Alive Dev\saves\Desire Paths\datapacks_uncompiled\temp_dir\data\minecraft\worldgen\biome\nether_wastes.json
	  *EXTRA File 		    5510	C:\Users\joshp\curseforge\minecraft\Instances\Alive Dev\saves\Desire Paths\datapacks_uncompiled\temp_dir\data\minecraft\worldgen\biome\ocean.json
	  *EXTRA File 		    5885	C:\Users\joshp\curseforge\minecraft\Instances\Alive Dev\saves\Desire Paths\datapacks_uncompiled\temp_dir\data\minecraft\worldgen\biome\old_growth_birch_forest.json
	  *EXTRA File 		    6556	C:\Users\joshp\curseforge\minecraft\Instances\Alive Dev\saves\Desire Paths\datapacks_uncompiled\temp_dir\data\minecraft\worldgen\biome\old_growth_pine_taiga.json
	  *EXTRA File 		    6557	C:\Users\joshp\curseforge\minecraft\Instances\Alive Dev\saves\Desire Paths\datapacks_uncompiled\temp_dir\data\minecraft\worldgen\biome\old_growth_spruce_taiga.json
	  *EXTRA File 		    4877	C:\Users\joshp\curseforge\minecraft\Instances\Alive Dev\saves\Desire Paths\datapacks_uncompiled\temp_dir\data\minecraft\worldgen\biome\pale_garden.json
	  *EXTRA File 		    5837	C:\Users\joshp\curseforge\minecraft\Instances\Alive Dev\saves\Desire Paths\datapacks_uncompiled\temp_dir\data\minecraft\worldgen\biome\plains.json
	  *EXTRA File 		    5344	C:\Users\joshp\curseforge\minecraft\Instances\Alive Dev\saves\Desire Paths\datapacks_uncompiled\temp_dir\data\minecraft\worldgen\biome\river.json
	  *EXTRA File 		    5973	C:\Users\joshp\curseforge\minecraft\Instances\Alive Dev\saves\Desire Paths\datapacks_uncompiled\temp_dir\data\minecraft\worldgen\biome\savanna.json
	  *EXTRA File 		    6308	C:\Users\joshp\curseforge\minecraft\Instances\Alive Dev\saves\Desire Paths\datapacks_uncompiled\temp_dir\data\minecraft\worldgen\biome\savanna_plateau.json
	  *EXTRA File 		    1017	C:\Users\joshp\curseforge\minecraft\Instances\Alive Dev\saves\Desire Paths\datapacks_uncompiled\temp_dir\data\minecraft\worldgen\biome\small_end_islands.json
	  *EXTRA File 		    4702	C:\Users\joshp\curseforge\minecraft\Instances\Alive Dev\saves\Desire Paths\datapacks_uncompiled\temp_dir\data\minecraft\worldgen\biome\snowy_beach.json
	  *EXTRA File 		    5300	C:\Users\joshp\curseforge\minecraft\Instances\Alive Dev\saves\Desire Paths\datapacks_uncompiled\temp_dir\data\minecraft\worldgen\biome\snowy_plains.json
	  *EXTRA File 		    5241	C:\Users\joshp\curseforge\minecraft\Instances\Alive Dev\saves\Desire Paths\datapacks_uncompiled\temp_dir\data\minecraft\worldgen\biome\snowy_slopes.json
	  *EXTRA File 		    6007	C:\Users\joshp\curseforge\minecraft\Instances\Alive Dev\saves\Desire Paths\datapacks_uncompiled\temp_dir\data\minecraft\worldgen\biome\snowy_taiga.json
	  *EXTRA File 		    3516	C:\Users\joshp\curseforge\minecraft\Instances\Alive Dev\saves\Desire Paths\datapacks_uncompiled\temp_dir\data\minecraft\worldgen\biome\soul_sand_valley.json
	  *EXTRA File 		    6185	C:\Users\joshp\curseforge\minecraft\Instances\Alive Dev\saves\Desire Paths\datapacks_uncompiled\temp_dir\data\minecraft\worldgen\biome\sparse_jungle.json
	  *EXTRA File 		    4809	C:\Users\joshp\curseforge\minecraft\Instances\Alive Dev\saves\Desire Paths\datapacks_uncompiled\temp_dir\data\minecraft\worldgen\biome\stony_peaks.json
	  *EXTRA File 		    4701	C:\Users\joshp\curseforge\minecraft\Instances\Alive Dev\saves\Desire Paths\datapacks_uncompiled\temp_dir\data\minecraft\worldgen\biome\stony_shore.json
	  *EXTRA File 		    5842	C:\Users\joshp\curseforge\minecraft\Instances\Alive Dev\saves\Desire Paths\datapacks_uncompiled\temp_dir\data\minecraft\worldgen\biome\sunflower_plains.json
	  *EXTRA File 		    6660	C:\Users\joshp\curseforge\minecraft\Instances\Alive Dev\saves\Desire Paths\datapacks_uncompiled\temp_dir\data\minecraft\worldgen\biome\swamp.json
	  *EXTRA File 		    6009	C:\Users\joshp\curseforge\minecraft\Instances\Alive Dev\saves\Desire Paths\datapacks_uncompiled\temp_dir\data\minecraft\worldgen\biome\taiga.json
	  *EXTRA File 		    1184	C:\Users\joshp\curseforge\minecraft\Instances\Alive Dev\saves\Desire Paths\datapacks_uncompiled\temp_dir\data\minecraft\worldgen\biome\the_end.json
	  *EXTRA File 		     971	C:\Users\joshp\curseforge\minecraft\Instances\Alive Dev\saves\Desire Paths\datapacks_uncompiled\temp_dir\data\minecraft\worldgen\biome\the_void.json
	  *EXTRA File 		    5742	C:\Users\joshp\curseforge\minecraft\Instances\Alive Dev\saves\Desire Paths\datapacks_uncompiled\temp_dir\data\minecraft\worldgen\biome\warm_ocean.json
	  *EXTRA File 		    2983	C:\Users\joshp\curseforge\minecraft\Instances\Alive Dev\saves\Desire Paths\datapacks_uncompiled\temp_dir\data\minecraft\worldgen\biome\warped_forest.json
	  *EXTRA File 		    5723	C:\Users\joshp\curseforge\minecraft\Instances\Alive Dev\saves\Desire Paths\datapacks_uncompiled\temp_dir\data\minecraft\worldgen\biome\windswept_forest.json
	  *EXTRA File 		    5722	C:\Users\joshp\curseforge\minecraft\Instances\Alive Dev\saves\Desire Paths\datapacks_uncompiled\temp_dir\data\minecraft\worldgen\biome\windswept_gravelly_hills.json
	  *EXTRA File 		    5722	C:\Users\joshp\curseforge\minecraft\Instances\Alive Dev\saves\Desire Paths\datapacks_uncompiled\temp_dir\data\minecraft\worldgen\biome\windswept_hills.json
	  *EXTRA File 		    5942	C:\Users\joshp\curseforge\minecraft\Instances\Alive Dev\saves\Desire Paths\datapacks_uncompiled\temp_dir\data\minecraft\worldgen\biome\windswept_savanna.json
	  *EXTRA File 		    6374	C:\Users\joshp\curseforge\minecraft\Instances\Alive Dev\saves\Desire Paths\datapacks_uncompiled\temp_dir\data\minecraft\worldgen\biome\wooded_badlands.json
	*EXTRA Dir        -1	C:\Users\joshp\curseforge\minecraft\Instances\Alive Dev\saves\Desire Paths\datapacks_uncompiled\temp_dir\data\minecraft\worldgen\configured_carver\
	  *EXTRA File 		    2108	C:\Users\joshp\curseforge\minecraft\Instances\Alive Dev\saves\Desire Paths\datapacks_uncompiled\temp_dir\data\minecraft\worldgen\configured_carver\canyon.json
	  *EXTRA File 		    1843	C:\Users\joshp\curseforge\minecraft\Instances\Alive Dev\saves\Desire Paths\datapacks_uncompiled\temp_dir\data\minecraft\worldgen\configured_carver\cave.json
	  *EXTRA File 		    1838	C:\Users\joshp\curseforge\minecraft\Instances\Alive Dev\saves\Desire Paths\datapacks_uncompiled\temp_dir\data\minecraft\worldgen\configured_carver\cave_extra_underground.json
	  *EXTRA File 		     600	C:\Users\joshp\curseforge\minecraft\Instances\Alive Dev\saves\Desire Paths\datapacks_uncompiled\temp_dir\data\minecraft\worldgen\configured_carver\nether_cave.json
	*EXTRA Dir        -1	C:\Users\joshp\curseforge\minecraft\Instances\Alive Dev\saves\Desire Paths\datapacks_uncompiled\temp_dir\data\minecraft\worldgen\configured_feature\
	  *EXTRA File 		    3849	C:\Users\joshp\curseforge\minecraft\Instances\Alive Dev\saves\Desire Paths\datapacks_uncompiled\temp_dir\data\minecraft\worldgen\configured_feature\acacia.json
	  *EXTRA File 		   11339	C:\Users\joshp\curseforge\minecraft\Instances\Alive Dev\saves\Desire Paths\datapacks_uncompiled\temp_dir\data\minecraft\worldgen\configured_feature\amethyst_geode.json
	  *EXTRA File 		    4154	C:\Users\joshp\curseforge\minecraft\Instances\Alive Dev\saves\Desire Paths\datapacks_uncompiled\temp_dir\data\minecraft\worldgen\configured_feature\azalea_tree.json
	  *EXTRA File 		      89	C:\Users\joshp\curseforge\minecraft\Instances\Alive Dev\saves\Desire Paths\datapacks_uncompiled\temp_dir\data\minecraft\worldgen\configured_feature\bamboo_no_podzol.json
	  *EXTRA File 		      89	C:\Users\joshp\curseforge\minecraft\Instances\Alive Dev\saves\Desire Paths\datapacks_uncompiled\temp_dir\data\minecraft\worldgen\configured_feature\bamboo_some_podzol.json
	  *EXTRA File 		     588	C:\Users\joshp\curseforge\minecraft\Instances\Alive Dev\saves\Desire Paths\datapacks_uncompiled\temp_dir\data\minecraft\worldgen\configured_feature\bamboo_vegetation.json
	  *EXTRA File 		     441	C:\Users\joshp\curseforge\minecraft\Instances\Alive Dev\saves\Desire Paths\datapacks_uncompiled\temp_dir\data\minecraft\worldgen\configured_feature\basalt_blobs.json
	  *EXTRA File 		      62	C:\Users\joshp\curseforge\minecraft\Instances\Alive Dev\saves\Desire Paths\datapacks_uncompiled\temp_dir\data\minecraft\worldgen\configured_feature\basalt_pillar.json
	  *EXTRA File 		    3869	C:\Users\joshp\curseforge\minecraft\Instances\Alive Dev\saves\Desire Paths\datapacks_uncompiled\temp_dir\data\minecraft\worldgen\configured_feature\birch.json
	  *EXTRA File 		    3993	C:\Users\joshp\curseforge\minecraft\Instances\Alive Dev\saves\Desire Paths\datapacks_uncompiled\temp_dir\data\minecraft\worldgen\configured_feature\birch_bees_0002.json
	  *EXTRA File 		   16794	C:\Users\joshp\curseforge\minecraft\Instances\Alive Dev\saves\Desire Paths\datapacks_uncompiled\temp_dir\data\minecraft\worldgen\configured_feature\birch_bees_0002_leaf_litter.json
	  *EXTRA File 		    3992	C:\Users\joshp\curseforge\minecraft\Instances\Alive Dev\saves\Desire Paths\datapacks_uncompiled\temp_dir\data\minecraft\worldgen\configured_feature\birch_bees_002.json
	  *EXTRA File 		    3992	C:\Users\joshp\curseforge\minecraft\Instances\Alive Dev\saves\Desire Paths\datapacks_uncompiled\temp_dir\data\minecraft\worldgen\configured_feature\birch_bees_005.json
	  *EXTRA File 		   16679	C:\Users\joshp\curseforge\minecraft\Instances\Alive Dev\saves\Desire Paths\datapacks_uncompiled\temp_dir\data\minecraft\worldgen\configured_feature\birch_leaf_litter.json
	  *EXTRA File 		     532	C:\Users\joshp\curseforge\minecraft\Instances\Alive Dev\saves\Desire Paths\datapacks_uncompiled\temp_dir\data\minecraft\worldgen\configured_feature\birch_tall.json
	  *EXTRA File 		     371	C:\Users\joshp\curseforge\minecraft\Instances\Alive Dev\saves\Desire Paths\datapacks_uncompiled\temp_dir\data\minecraft\worldgen\configured_feature\blackstone_blobs.json
	  *EXTRA File 		      57	C:\Users\joshp\curseforge\minecraft\Instances\Alive Dev\saves\Desire Paths\datapacks_uncompiled\temp_dir\data\minecraft\worldgen\configured_feature\blue_ice.json
	  *EXTRA File 		      60	C:\Users\joshp\curseforge\minecraft\Instances\Alive Dev\saves\Desire Paths\datapacks_uncompiled\temp_dir\data\minecraft\worldgen\configured_feature\bonus_chest.json
	  *EXTRA File 		    3958	C:\Users\joshp\curseforge\minecraft\Instances\Alive Dev\saves\Desire Paths\datapacks_uncompiled\temp_dir\data\minecraft\worldgen\configured_feature\cave_vine.json
	  *EXTRA File 		    3622	C:\Users\joshp\curseforge\minecraft\Instances\Alive Dev\saves\Desire Paths\datapacks_uncompiled\temp_dir\data\minecraft\worldgen\configured_feature\cave_vine_in_moss.json
	  *EXTRA File 		    5086	C:\Users\joshp\curseforge\minecraft\Instances\Alive Dev\saves\Desire Paths\datapacks_uncompiled\temp_dir\data\minecraft\worldgen\configured_feature\cherry.json
	  *EXTRA File 		    5209	C:\Users\joshp\curseforge\minecraft\Instances\Alive Dev\saves\Desire Paths\datapacks_uncompiled\temp_dir\data\minecraft\worldgen\configured_feature\cherry_bees_005.json
	  *EXTRA File 		      61	C:\Users\joshp\curseforge\minecraft\Instances\Alive Dev\saves\Desire Paths\datapacks_uncompiled\temp_dir\data\minecraft\worldgen\configured_feature\chorus_plant.json
	  *EXTRA File 		     921	C:\Users\joshp\curseforge\minecraft\Instances\Alive Dev\saves\Desire Paths\datapacks_uncompiled\temp_dir\data\minecraft\worldgen\configured_feature\clay_pool_with_dripleaves.json
	  *EXTRA File 		     910	C:\Users\joshp\curseforge\minecraft\Instances\Alive Dev\saves\Desire Paths\datapacks_uncompiled\temp_dir\data\minecraft\worldgen\configured_feature\clay_with_dripleaves.json
	  *EXTRA File 		     835	C:\Users\joshp\curseforge\minecraft\Instances\Alive Dev\saves\Desire Paths\datapacks_uncompiled\temp_dir\data\minecraft\worldgen\configured_feature\crimson_forest_vegetation.json
	  *EXTRA File 		     835	C:\Users\joshp\curseforge\minecraft\Instances\Alive Dev\saves\Desire Paths\datapacks_uncompiled\temp_dir\data\minecraft\worldgen\configured_feature\crimson_forest_vegetation_bonemeal.json
	  *EXTRA File 		    3198	C:\Users\joshp\curseforge\minecraft\Instances\Alive Dev\saves\Desire Paths\datapacks_uncompiled\temp_dir\data\minecraft\worldgen\configured_feature\crimson_fungus.json
	  *EXTRA File 		    3197	C:\Users\joshp\curseforge\minecraft\Instances\Alive Dev\saves\Desire Paths\datapacks_uncompiled\temp_dir\data\minecraft\worldgen\configured_feature\crimson_fungus_planted.json
	  *EXTRA File 		    1203	C:\Users\joshp\curseforge\minecraft\Instances\Alive Dev\saves\Desire Paths\datapacks_uncompiled\temp_dir\data\minecraft\worldgen\configured_feature\dark_forest_vegetation.json
	  *EXTRA File 		    3926	C:\Users\joshp\curseforge\minecraft\Instances\Alive Dev\saves\Desire Paths\datapacks_uncompiled\temp_dir\data\minecraft\worldgen\configured_feature\dark_oak.json
	  *EXTRA File 		   16736	C:\Users\joshp\curseforge\minecraft\Instances\Alive Dev\saves\Desire Paths\datapacks_uncompiled\temp_dir\data\minecraft\worldgen\configured_feature\dark_oak_leaf_litter.json
	  *EXTRA File 		     570	C:\Users\joshp\curseforge\minecraft\Instances\Alive Dev\saves\Desire Paths\datapacks_uncompiled\temp_dir\data\minecraft\worldgen\configured_feature\delta.json
	  *EXTRA File 		      60	C:\Users\joshp\curseforge\minecraft\Instances\Alive Dev\saves\Desire Paths\datapacks_uncompiled\temp_dir\data\minecraft\worldgen\configured_feature\desert_well.json
	  *EXTRA File 		     837	C:\Users\joshp\curseforge\minecraft\Instances\Alive Dev\saves\Desire Paths\datapacks_uncompiled\temp_dir\data\minecraft\worldgen\configured_feature\disk_clay.json
	  *EXTRA File 		    2574	C:\Users\joshp\curseforge\minecraft\Instances\Alive Dev\saves\Desire Paths\datapacks_uncompiled\temp_dir\data\minecraft\worldgen\configured_feature\disk_grass.json
	  *EXTRA File 		    1048	C:\Users\joshp\curseforge\minecraft\Instances\Alive Dev\saves\Desire Paths\datapacks_uncompiled\temp_dir\data\minecraft\worldgen\configured_feature\disk_gravel.json
	  *EXTRA File 		    2446	C:\Users\joshp\curseforge\minecraft\Instances\Alive Dev\saves\Desire Paths\datapacks_uncompiled\temp_dir\data\minecraft\worldgen\configured_feature\disk_sand.json
	  *EXTRA File 		   17021	C:\Users\joshp\curseforge\minecraft\Instances\Alive Dev\saves\Desire Paths\datapacks_uncompiled\temp_dir\data\minecraft\worldgen\configured_feature\dripleaf.json
	  *EXTRA File 		    1190	C:\Users\joshp\curseforge\minecraft\Instances\Alive Dev\saves\Desire Paths\datapacks_uncompiled\temp_dir\data\minecraft\worldgen\configured_feature\dripstone_cluster.json
	  *EXTRA File 		      90	C:\Users\joshp\curseforge\minecraft\Instances\Alive Dev\saves\Desire Paths\datapacks_uncompiled\temp_dir\data\minecraft\worldgen\configured_feature\end_gateway_delayed.json
	  *EXTRA File 		     170	C:\Users\joshp\curseforge\minecraft\Instances\Alive Dev\saves\Desire Paths\datapacks_uncompiled\temp_dir\data\minecraft\worldgen\configured_feature\end_gateway_return.json
	  *EXTRA File 		      59	C:\Users\joshp\curseforge\minecraft\Instances\Alive Dev\saves\Desire Paths\datapacks_uncompiled\temp_dir\data\minecraft\worldgen\configured_feature\end_island.json
	  *EXTRA File 		      61	C:\Users\joshp\curseforge\minecraft\Instances\Alive Dev\saves\Desire Paths\datapacks_uncompiled\temp_dir\data\minecraft\worldgen\configured_feature\end_platform.json
	  *EXTRA File 		     126	C:\Users\joshp\curseforge\minecraft\Instances\Alive Dev\saves\Desire Paths\datapacks_uncompiled\temp_dir\data\minecraft\worldgen\configured_feature\end_spike.json
	  *EXTRA File 		    3053	C:\Users\joshp\curseforge\minecraft\Instances\Alive Dev\saves\Desire Paths\datapacks_uncompiled\temp_dir\data\minecraft\worldgen\configured_feature\fallen_birch_tree.json
	  *EXTRA File 		    3146	C:\Users\joshp\curseforge\minecraft\Instances\Alive Dev\saves\Desire Paths\datapacks_uncompiled\temp_dir\data\minecraft\worldgen\configured_feature\fallen_jungle_tree.json
	  *EXTRA File 		    3133	C:\Users\joshp\curseforge\minecraft\Instances\Alive Dev\saves\Desire Paths\datapacks_uncompiled\temp_dir\data\minecraft\worldgen\configured_feature\fallen_oak_tree.json
	  *EXTRA File 		    3058	C:\Users\joshp\curseforge\minecraft\Instances\Alive Dev\saves\Desire Paths\datapacks_uncompiled\temp_dir\data\minecraft\worldgen\configured_feature\fallen_spruce_tree.json
	  *EXTRA File 		    3054	C:\Users\joshp\curseforge\minecraft\Instances\Alive Dev\saves\Desire Paths\datapacks_uncompiled\temp_dir\data\minecraft\worldgen\configured_feature\fallen_super_birch_tree.json
	  *EXTRA File 		    3896	C:\Users\joshp\curseforge\minecraft\Instances\Alive Dev\saves\Desire Paths\datapacks_uncompiled\temp_dir\data\minecraft\worldgen\configured_feature\fancy_oak.json
	  *EXTRA File 		    4018	C:\Users\joshp\curseforge\minecraft\Instances\Alive Dev\saves\Desire Paths\datapacks_uncompiled\temp_dir\data\minecraft\worldgen\configured_feature\fancy_oak_bees.json
	  *EXTRA File 		   16821	C:\Users\joshp\curseforge\minecraft\Instances\Alive Dev\saves\Desire Paths\datapacks_uncompiled\temp_dir\data\minecraft\worldgen\configured_feature\fancy_oak_bees_0002_leaf_litter.json
	  *EXTRA File 		    4019	C:\Users\joshp\curseforge\minecraft\Instances\Alive Dev\saves\Desire Paths\datapacks_uncompiled\temp_dir\data\minecraft\worldgen\configured_feature\fancy_oak_bees_002.json
	  *EXTRA File 		    4019	C:\Users\joshp\curseforge\minecraft\Instances\Alive Dev\saves\Desire Paths\datapacks_uncompiled\temp_dir\data\minecraft\worldgen\configured_feature\fancy_oak_bees_005.json
	  *EXTRA File 		   16706	C:\Users\joshp\curseforge\minecraft\Instances\Alive Dev\saves\Desire Paths\datapacks_uncompiled\temp_dir\data\minecraft\worldgen\configured_feature\fancy_oak_leaf_litter.json
	  *EXTRA File 		    8344	C:\Users\joshp\curseforge\minecraft\Instances\Alive Dev\saves\Desire Paths\datapacks_uncompiled\temp_dir\data\minecraft\worldgen\configured_feature\flower_cherry.json
	  *EXTRA File 		    1320	C:\Users\joshp\curseforge\minecraft\Instances\Alive Dev\saves\Desire Paths\datapacks_uncompiled\temp_dir\data\minecraft\worldgen\configured_feature\flower_default.json
	  *EXTRA File 		    2515	C:\Users\joshp\curseforge\minecraft\Instances\Alive Dev\saves\Desire Paths\datapacks_uncompiled\temp_dir\data\minecraft\worldgen\configured_feature\flower_flower_forest.json
	  *EXTRA File 		    2665	C:\Users\joshp\curseforge\minecraft\Instances\Alive Dev\saves\Desire Paths\datapacks_uncompiled\temp_dir\data\minecraft\worldgen\configured_feature\flower_meadow.json
	  *EXTRA File 		    1121	C:\Users\joshp\curseforge\minecraft\Instances\Alive Dev\saves\Desire Paths\datapacks_uncompiled\temp_dir\data\minecraft\worldgen\configured_feature\flower_pale_garden.json
	  *EXTRA File 		    2435	C:\Users\joshp\curseforge\minecraft\Instances\Alive Dev\saves\Desire Paths\datapacks_uncompiled\temp_dir\data\minecraft\worldgen\configured_feature\flower_plain.json
	  *EXTRA File 		    1072	C:\Users\joshp\curseforge\minecraft\Instances\Alive Dev\saves\Desire Paths\datapacks_uncompiled\temp_dir\data\minecraft\worldgen\configured_feature\flower_swamp.json
	  *EXTRA File 		    7567	C:\Users\joshp\curseforge\minecraft\Instances\Alive Dev\saves\Desire Paths\datapacks_uncompiled\temp_dir\data\minecraft\worldgen\configured_feature\forest_flowers.json
	  *EXTRA File 		     148	C:\Users\joshp\curseforge\minecraft\Instances\Alive Dev\saves\Desire Paths\datapacks_uncompiled\temp_dir\data\minecraft\worldgen\configured_feature\forest_rock.json
	  *EXTRA File 		     994	C:\Users\joshp\curseforge\minecraft\Instances\Alive Dev\saves\Desire Paths\datapacks_uncompiled\temp_dir\data\minecraft\worldgen\configured_feature\fossil_coal.json
	  *EXTRA File 		     998	C:\Users\joshp\curseforge\minecraft\Instances\Alive Dev\saves\Desire Paths\datapacks_uncompiled\temp_dir\data\minecraft\worldgen\configured_feature\fossil_diamonds.json
	  *EXTRA File 		      65	C:\Users\joshp\curseforge\minecraft\Instances\Alive Dev\saves\Desire Paths\datapacks_uncompiled\temp_dir\data\minecraft\worldgen\configured_feature\freeze_top_layer.json
	  *EXTRA File 		      63	C:\Users\joshp\curseforge\minecraft\Instances\Alive Dev\saves\Desire Paths\datapacks_uncompiled\temp_dir\data\minecraft\worldgen\configured_feature\glowstone_extra.json
	  *EXTRA File 		     612	C:\Users\joshp\curseforge\minecraft\Instances\Alive Dev\saves\Desire Paths\datapacks_uncompiled\temp_dir\data\minecraft\worldgen\configured_feature\glow_lichen.json
	  *EXTRA File 		    1436	C:\Users\joshp\curseforge\minecraft\Instances\Alive Dev\saves\Desire Paths\datapacks_uncompiled\temp_dir\data\minecraft\worldgen\configured_feature\huge_brown_mushroom.json
	  *EXTRA File 		    1432	C:\Users\joshp\curseforge\minecraft\Instances\Alive Dev\saves\Desire Paths\datapacks_uncompiled\temp_dir\data\minecraft\worldgen\configured_feature\huge_red_mushroom.json
	  *EXTRA File 		     135	C:\Users\joshp\curseforge\minecraft\Instances\Alive Dev\saves\Desire Paths\datapacks_uncompiled\temp_dir\data\minecraft\worldgen\configured_feature\iceberg_blue.json
	  *EXTRA File 		     137	C:\Users\joshp\curseforge\minecraft\Instances\Alive Dev\saves\Desire Paths\datapacks_uncompiled\temp_dir\data\minecraft\worldgen\configured_feature\iceberg_packed.json
	  *EXTRA File 		    1244	C:\Users\joshp\curseforge\minecraft\Instances\Alive Dev\saves\Desire Paths\datapacks_uncompiled\temp_dir\data\minecraft\worldgen\configured_feature\ice_patch.json
	  *EXTRA File 		      58	C:\Users\joshp\curseforge\minecraft\Instances\Alive Dev\saves\Desire Paths\datapacks_uncompiled\temp_dir\data\minecraft\worldgen\configured_feature\ice_spike.json
	  *EXTRA File 		    3872	C:\Users\joshp\curseforge\minecraft\Instances\Alive Dev\saves\Desire Paths\datapacks_uncompiled\temp_dir\data\minecraft\worldgen\configured_feature\jungle_bush.json
	  *EXTRA File 		    4190	C:\Users\joshp\curseforge\minecraft\Instances\Alive Dev\saves\Desire Paths\datapacks_uncompiled\temp_dir\data\minecraft\worldgen\configured_feature\jungle_tree.json
	  *EXTRA File 		    3874	C:\Users\joshp\curseforge\minecraft\Instances\Alive Dev\saves\Desire Paths\datapacks_uncompiled\temp_dir\data\minecraft\worldgen\configured_feature\jungle_tree_no_vine.json
	  *EXTRA File 		      53	C:\Users\joshp\curseforge\minecraft\Instances\Alive Dev\saves\Desire Paths\datapacks_uncompiled\temp_dir\data\minecraft\worldgen\configured_feature\kelp.json
	  *EXTRA File 		    1527	C:\Users\joshp\curseforge\minecraft\Instances\Alive Dev\saves\Desire Paths\datapacks_uncompiled\temp_dir\data\minecraft\worldgen\configured_feature\lake_lava.json
	  *EXTRA File 		     348	C:\Users\joshp\curseforge\minecraft\Instances\Alive Dev\saves\Desire Paths\datapacks_uncompiled\temp_dir\data\minecraft\worldgen\configured_feature\large_basalt_columns.json
	  *EXTRA File 		    1009	C:\Users\joshp\curseforge\minecraft\Instances\Alive Dev\saves\Desire Paths\datapacks_uncompiled\temp_dir\data\minecraft\worldgen\configured_feature\large_dripstone.json
	  *EXTRA File 		     335	C:\Users\joshp\curseforge\minecraft\Instances\Alive Dev\saves\Desire Paths\datapacks_uncompiled\temp_dir\data\minecraft\worldgen\configured_feature\lush_caves_clay.json
	  *EXTRA File 		    8411	C:\Users\joshp\curseforge\minecraft\Instances\Alive Dev\saves\Desire Paths\datapacks_uncompiled\temp_dir\data\minecraft\worldgen\configured_feature\mangrove.json
	  *EXTRA File 		     279	C:\Users\joshp\curseforge\minecraft\Instances\Alive Dev\saves\Desire Paths\datapacks_uncompiled\temp_dir\data\minecraft\worldgen\configured_feature\mangrove_vegetation.json
	  *EXTRA File 		     271	C:\Users\joshp\curseforge\minecraft\Instances\Alive Dev\saves\Desire Paths\datapacks_uncompiled\temp_dir\data\minecraft\worldgen\configured_feature\meadow_trees.json
	  *EXTRA File 		    4087	C:\Users\joshp\curseforge\minecraft\Instances\Alive Dev\saves\Desire Paths\datapacks_uncompiled\temp_dir\data\minecraft\worldgen\configured_feature\mega_jungle_tree.json
	  *EXTRA File 		    4648	C:\Users\joshp\curseforge\minecraft\Instances\Alive Dev\saves\Desire Paths\datapacks_uncompiled\temp_dir\data\minecraft\worldgen\configured_feature\mega_pine.json
	  *EXTRA File 		    4650	C:\Users\joshp\curseforge\minecraft\Instances\Alive Dev\saves\Desire Paths\datapacks_uncompiled\temp_dir\data\minecraft\worldgen\configured_feature\mega_spruce.json
	  *EXTRA File 		      61	C:\Users\joshp\curseforge\minecraft\Instances\Alive Dev\saves\Desire Paths\datapacks_uncompiled\temp_dir\data\minecraft\worldgen\configured_feature\monster_room.json
	  *EXTRA File 		    1100	C:\Users\joshp\curseforge\minecraft\Instances\Alive Dev\saves\Desire Paths\datapacks_uncompiled\temp_dir\data\minecraft\worldgen\configured_feature\moss_patch.json
	  *EXTRA File 		    1101	C:\Users\joshp\curseforge\minecraft\Instances\Alive Dev\saves\Desire Paths\datapacks_uncompiled\temp_dir\data\minecraft\worldgen\configured_feature\moss_patch_bonemeal.json
	  *EXTRA File 		    1223	C:\Users\joshp\curseforge\minecraft\Instances\Alive Dev\saves\Desire Paths\datapacks_uncompiled\temp_dir\data\minecraft\worldgen\configured_feature\moss_patch_ceiling.json
	  *EXTRA File 		    1235	C:\Users\joshp\curseforge\minecraft\Instances\Alive Dev\saves\Desire Paths\datapacks_uncompiled\temp_dir\data\minecraft\worldgen\configured_feature\moss_vegetation.json
	  *EXTRA File 		     326	C:\Users\joshp\curseforge\minecraft\Instances\Alive Dev\saves\Desire Paths\datapacks_uncompiled\temp_dir\data\minecraft\worldgen\configured_feature\mushroom_island_vegetation.json
	  *EXTRA File 		     461	C:\Users\joshp\curseforge\minecraft\Instances\Alive Dev\saves\Desire Paths\datapacks_uncompiled\temp_dir\data\minecraft\worldgen\configured_feature\nether_sprouts.json
	  *EXTRA File 		     461	C:\Users\joshp\curseforge\minecraft\Instances\Alive Dev\saves\Desire Paths\datapacks_uncompiled\temp_dir\data\minecraft\worldgen\configured_feature\nether_sprouts_bonemeal.json
	  *EXTRA File 		    3859	C:\Users\joshp\curseforge\minecraft\Instances\Alive Dev\saves\Desire Paths\datapacks_uncompiled\temp_dir\data\minecraft\worldgen\configured_feature\oak.json
	  *EXTRA File 		   16784	C:\Users\joshp\curseforge\minecraft\Instances\Alive Dev\saves\Desire Paths\datapacks_uncompiled\temp_dir\data\minecraft\worldgen\configured_feature\oak_bees_0002_leaf_litter.json
	  *EXTRA File 		    3982	C:\Users\joshp\curseforge\minecraft\Instances\Alive Dev\saves\Desire Paths\datapacks_uncompiled\temp_dir\data\minecraft\worldgen\configured_feature\oak_bees_002.json
	  *EXTRA File 		    3982	C:\Users\joshp\curseforge\minecraft\Instances\Alive Dev\saves\Desire Paths\datapacks_uncompiled\temp_dir\data\minecraft\worldgen\configured_feature\oak_bees_005.json
	  *EXTRA File 		   16669	C:\Users\joshp\curseforge\minecraft\Instances\Alive Dev\saves\Desire Paths\datapacks_uncompiled\temp_dir\data\minecraft\worldgen\configured_feature\oak_leaf_litter.json
	  *EXTRA File 		     471	C:\Users\joshp\curseforge\minecraft\Instances\Alive Dev\saves\Desire Paths\datapacks_uncompiled\temp_dir\data\minecraft\worldgen\configured_feature\ore_ancient_debris_large.json
	  *EXTRA File 		     471	C:\Users\joshp\curseforge\minecraft\Instances\Alive Dev\saves\Desire Paths\datapacks_uncompiled\temp_dir\data\minecraft\worldgen\configured_feature\ore_ancient_debris_small.json
	  *EXTRA File 		     459	C:\Users\joshp\curseforge\minecraft\Instances\Alive Dev\saves\Desire Paths\datapacks_uncompiled\temp_dir\data\minecraft\worldgen\configured_feature\ore_andesite.json
	  *EXTRA File 		     455	C:\Users\joshp\curseforge\minecraft\Instances\Alive Dev\saves\Desire Paths\datapacks_uncompiled\temp_dir\data\minecraft\worldgen\configured_feature\ore_blackstone.json
	  *EXTRA File 		     455	C:\Users\joshp\curseforge\minecraft\Instances\Alive Dev\saves\Desire Paths\datapacks_uncompiled\temp_dir\data\minecraft\worldgen\configured_feature\ore_clay.json
	  *EXTRA File 		     777	C:\Users\joshp\curseforge\minecraft\Instances\Alive Dev\saves\Desire Paths\datapacks_uncompiled\temp_dir\data\minecraft\worldgen\configured_feature\ore_coal.json
	  *EXTRA File 		     777	C:\Users\joshp\curseforge\minecraft\Instances\Alive Dev\saves\Desire Paths\datapacks_uncompiled\temp_dir\data\minecraft\worldgen\configured_feature\ore_coal_buried.json
	  *EXTRA File 		     781	C:\Users\joshp\curseforge\minecraft\Instances\Alive Dev\saves\Desire Paths\datapacks_uncompiled\temp_dir\data\minecraft\worldgen\configured_feature\ore_copper_large.json
	  *EXTRA File 		     781	C:\Users\joshp\curseforge\minecraft\Instances\Alive Dev\saves\Desire Paths\datapacks_uncompiled\temp_dir\data\minecraft\worldgen\configured_feature\ore_copper_small.json
	  *EXTRA File 		     782	C:\Users\joshp\curseforge\minecraft\Instances\Alive Dev\saves\Desire Paths\datapacks_uncompiled\temp_dir\data\minecraft\worldgen\configured_feature\ore_diamond_buried.json
	  *EXTRA File 		     783	C:\Users\joshp\curseforge\minecraft\Instances\Alive Dev\saves\Desire Paths\datapacks_uncompiled\temp_dir\data\minecraft\worldgen\configured_feature\ore_diamond_large.json
	  *EXTRA File 		     782	C:\Users\joshp\curseforge\minecraft\Instances\Alive Dev\saves\Desire Paths\datapacks_uncompiled\temp_dir\data\minecraft\worldgen\configured_feature\ore_diamond_medium.json
	  *EXTRA File 		     782	C:\Users\joshp\curseforge\minecraft\Instances\Alive Dev\saves\Desire Paths\datapacks_uncompiled\temp_dir\data\minecraft\worldgen\configured_feature\ore_diamond_small.json
	  *EXTRA File 		     458	C:\Users\joshp\curseforge\minecraft\Instances\Alive Dev\saves\Desire Paths\datapacks_uncompiled\temp_dir\data\minecraft\worldgen\configured_feature\ore_diorite.json
	  *EXTRA File 		     455	C:\Users\joshp\curseforge\minecraft\Instances\Alive Dev\saves\Desire Paths\datapacks_uncompiled\temp_dir\data\minecraft\worldgen\configured_feature\ore_dirt.json
	  *EXTRA File 		     782	C:\Users\joshp\curseforge\minecraft\Instances\Alive Dev\saves\Desire Paths\datapacks_uncompiled\temp_dir\data\minecraft\worldgen\configured_feature\ore_emerald.json
	  *EXTRA File 		     776	C:\Users\joshp\curseforge\minecraft\Instances\Alive Dev\saves\Desire Paths\datapacks_uncompiled\temp_dir\data\minecraft\worldgen\configured_feature\ore_gold.json
	  *EXTRA File 		     776	C:\Users\joshp\curseforge\minecraft\Instances\Alive Dev\saves\Desire Paths\datapacks_uncompiled\temp_dir\data\minecraft\worldgen\configured_feature\ore_gold_buried.json
	  *EXTRA File 		     458	C:\Users\joshp\curseforge\minecraft\Instances\Alive Dev\saves\Desire Paths\datapacks_uncompiled\temp_dir\data\minecraft\worldgen\configured_feature\ore_granite.json
	  *EXTRA File 		     457	C:\Users\joshp\curseforge\minecraft\Instances\Alive Dev\saves\Desire Paths\datapacks_uncompiled\temp_dir\data\minecraft\worldgen\configured_feature\ore_gravel.json
	  *EXTRA File 		     451	C:\Users\joshp\curseforge\minecraft\Instances\Alive Dev\saves\Desire Paths\datapacks_uncompiled\temp_dir\data\minecraft\worldgen\configured_feature\ore_gravel_nether.json
	  *EXTRA File 		     880	C:\Users\joshp\curseforge\minecraft\Instances\Alive Dev\saves\Desire Paths\datapacks_uncompiled\temp_dir\data\minecraft\worldgen\configured_feature\ore_infested.json
	  *EXTRA File 		     776	C:\Users\joshp\curseforge\minecraft\Instances\Alive Dev\saves\Desire Paths\datapacks_uncompiled\temp_dir\data\minecraft\worldgen\configured_feature\ore_iron.json
	  *EXTRA File 		     776	C:\Users\joshp\curseforge\minecraft\Instances\Alive Dev\saves\Desire Paths\datapacks_uncompiled\temp_dir\data\minecraft\worldgen\configured_feature\ore_iron_small.json
	  *EXTRA File 		     778	C:\Users\joshp\curseforge\minecraft\Instances\Alive Dev\saves\Desire Paths\datapacks_uncompiled\temp_dir\data\minecraft\worldgen\configured_feature\ore_lapis.json
	  *EXTRA File 		     778	C:\Users\joshp\curseforge\minecraft\Instances\Alive Dev\saves\Desire Paths\datapacks_uncompiled\temp_dir\data\minecraft\worldgen\configured_feature\ore_lapis_buried.json
	  *EXTRA File 		     456	C:\Users\joshp\curseforge\minecraft\Instances\Alive Dev\saves\Desire Paths\datapacks_uncompiled\temp_dir\data\minecraft\worldgen\configured_feature\ore_magma.json
	  *EXTRA File 		     460	C:\Users\joshp\curseforge\minecraft\Instances\Alive Dev\saves\Desire Paths\datapacks_uncompiled\temp_dir\data\minecraft\worldgen\configured_feature\ore_nether_gold.json
	  *EXTRA File 		     462	C:\Users\joshp\curseforge\minecraft\Instances\Alive Dev\saves\Desire Paths\datapacks_uncompiled\temp_dir\data\minecraft\worldgen\configured_feature\ore_quartz.json
	  *EXTRA File 		     986	C:\Users\joshp\curseforge\minecraft\Instances\Alive Dev\saves\Desire Paths\datapacks_uncompiled\temp_dir\data\minecraft\worldgen\configured_feature\ore_redstone.json
	  *EXTRA File 		     454	C:\Users\joshp\curseforge\minecraft\Instances\Alive Dev\saves\Desire Paths\datapacks_uncompiled\temp_dir\data\minecraft\worldgen\configured_feature\ore_soul_sand.json
	  *EXTRA File 		     455	C:\Users\joshp\curseforge\minecraft\Instances\Alive Dev\saves\Desire Paths\datapacks_uncompiled\temp_dir\data\minecraft\worldgen\configured_feature\ore_tuff.json
	  *EXTRA File 		    1128	C:\Users\joshp\curseforge\minecraft\Instances\Alive Dev\saves\Desire Paths\datapacks_uncompiled\temp_dir\data\minecraft\worldgen\configured_feature\pale_forest_flowers.json
	  *EXTRA File 		     402	C:\Users\joshp\curseforge\minecraft\Instances\Alive Dev\saves\Desire Paths\datapacks_uncompiled\temp_dir\data\minecraft\worldgen\configured_feature\pale_garden_vegetation.json
	  *EXTRA File 		     922	C:\Users\joshp\curseforge\minecraft\Instances\Alive Dev\saves\Desire Paths\datapacks_uncompiled\temp_dir\data\minecraft\worldgen\configured_feature\pale_moss_patch.json
	  *EXTRA File 		     922	C:\Users\joshp\curseforge\minecraft\Instances\Alive Dev\saves\Desire Paths\datapacks_uncompiled\temp_dir\data\minecraft\worldgen\configured_feature\pale_moss_patch_bonemeal.json
	  *EXTRA File 		    1169	C:\Users\joshp\curseforge\minecraft\Instances\Alive Dev\saves\Desire Paths\datapacks_uncompiled\temp_dir\data\minecraft\worldgen\configured_feature\pale_moss_vegetation.json
	  *EXTRA File 		    4145	C:\Users\joshp\curseforge\minecraft\Instances\Alive Dev\saves\Desire Paths\datapacks_uncompiled\temp_dir\data\minecraft\worldgen\configured_feature\pale_oak.json
	  *EXTRA File 		    3926	C:\Users\joshp\curseforge\minecraft\Instances\Alive Dev\saves\Desire Paths\datapacks_uncompiled\temp_dir\data\minecraft\worldgen\configured_feature\pale_oak_bonemeal.json
	  *EXTRA File 		    4265	C:\Users\joshp\curseforge\minecraft\Instances\Alive Dev\saves\Desire Paths\datapacks_uncompiled\temp_dir\data\minecraft\worldgen\configured_feature\pale_oak_creaking.json
	  *EXTRA File 		    1828	C:\Users\joshp\curseforge\minecraft\Instances\Alive Dev\saves\Desire Paths\datapacks_uncompiled\temp_dir\data\minecraft\worldgen\configured_feature\patch_berry_bush.json
	  *EXTRA File 		    1081	C:\Users\joshp\curseforge\minecraft\Instances\Alive Dev\saves\Desire Paths\datapacks_uncompiled\temp_dir\data\minecraft\worldgen\configured_feature\patch_brown_mushroom.json
	  *EXTRA File 		    1071	C:\Users\joshp\curseforge\minecraft\Instances\Alive Dev\saves\Desire Paths\datapacks_uncompiled\temp_dir\data\minecraft\worldgen\configured_feature\patch_bush.json
	  *EXTRA File 		    5007	C:\Users\joshp\curseforge\minecraft\Instances\Alive Dev\saves\Desire Paths\datapacks_uncompiled\temp_dir\data\minecraft\worldgen\configured_feature\patch_cactus.json
	  *EXTRA File 		    1080	C:\Users\joshp\curseforge\minecraft\Instances\Alive Dev\saves\Desire Paths\datapacks_uncompiled\temp_dir\data\minecraft\worldgen\configured_feature\patch_crimson_roots.json
	  *EXTRA File 		    1075	C:\Users\joshp\curseforge\minecraft\Instances\Alive Dev\saves\Desire Paths\datapacks_uncompiled\temp_dir\data\minecraft\worldgen\configured_feature\patch_dead_bush.json
	  *EXTRA File 		    1341	C:\Users\joshp\curseforge\minecraft\Instances\Alive Dev\saves\Desire Paths\datapacks_uncompiled\temp_dir\data\minecraft\worldgen\configured_feature\patch_dry_grass.json
	  *EXTRA File 		    2105	C:\Users\joshp\curseforge\minecraft\Instances\Alive Dev\saves\Desire Paths\datapacks_uncompiled\temp_dir\data\minecraft\worldgen\configured_feature\patch_fire.json
	  *EXTRA File 		    1079	C:\Users\joshp\curseforge\minecraft\Instances\Alive Dev\saves\Desire Paths\datapacks_uncompiled\temp_dir\data\minecraft\worldgen\configured_feature\patch_firefly_bush.json
	  *EXTRA File 		    1078	C:\Users\joshp\curseforge\minecraft\Instances\Alive Dev\saves\Desire Paths\datapacks_uncompiled\temp_dir\data\minecraft\worldgen\configured_feature\patch_grass.json
	  *EXTRA File 		    2091	C:\Users\joshp\curseforge\minecraft\Instances\Alive Dev\saves\Desire Paths\datapacks_uncompiled\temp_dir\data\minecraft\worldgen\configured_feature\patch_grass_jungle.json
	  *EXTRA File 		    1078	C:\Users\joshp\curseforge\minecraft\Instances\Alive Dev\saves\Desire Paths\datapacks_uncompiled\temp_dir\data\minecraft\worldgen\configured_feature\patch_grass_meadow.json
	  *EXTRA File 		    1227	C:\Users\joshp\curseforge\minecraft\Instances\Alive Dev\saves\Desire Paths\datapacks_uncompiled\temp_dir\data\minecraft\worldgen\configured_feature\patch_large_fern.json
	  *EXTRA File 		    7080	C:\Users\joshp\curseforge\minecraft\Instances\Alive Dev\saves\Desire Paths\datapacks_uncompiled\temp_dir\data\minecraft\worldgen\configured_feature\patch_leaf_litter.json
	  *EXTRA File 		    2317	C:\Users\joshp\curseforge\minecraft\Instances\Alive Dev\saves\Desire Paths\datapacks_uncompiled\temp_dir\data\minecraft\worldgen\configured_feature\patch_melon.json
	  *EXTRA File 		    2189	C:\Users\joshp\curseforge\minecraft\Instances\Alive Dev\saves\Desire Paths\datapacks_uncompiled\temp_dir\data\minecraft\worldgen\configured_feature\patch_pumpkin.json
	  *EXTRA File 		    1079	C:\Users\joshp\curseforge\minecraft\Instances\Alive Dev\saves\Desire Paths\datapacks_uncompiled\temp_dir\data\minecraft\worldgen\configured_feature\patch_red_mushroom.json
	  *EXTRA File 		    1674	C:\Users\joshp\curseforge\minecraft\Instances\Alive Dev\saves\Desire Paths\datapacks_uncompiled\temp_dir\data\minecraft\worldgen\configured_feature\patch_soul_fire.json
	  *EXTRA File 		    5307	C:\Users\joshp\curseforge\minecraft\Instances\Alive Dev\saves\Desire Paths\datapacks_uncompiled\temp_dir\data\minecraft\worldgen\configured_feature\patch_sugar_cane.json
	  *EXTRA File 		    1226	C:\Users\joshp\curseforge\minecraft\Instances\Alive Dev\saves\Desire Paths\datapacks_uncompiled\temp_dir\data\minecraft\worldgen\configured_feature\patch_sunflower.json
	  *EXTRA File 		    1327	C:\Users\joshp\curseforge\minecraft\Instances\Alive Dev\saves\Desire Paths\datapacks_uncompiled\temp_dir\data\minecraft\worldgen\configured_feature\patch_taiga_grass.json
	  *EXTRA File 		    1227	C:\Users\joshp\curseforge\minecraft\Instances\Alive Dev\saves\Desire Paths\datapacks_uncompiled\temp_dir\data\minecraft\worldgen\configured_feature\patch_tall_grass.json
	  *EXTRA File 		    1075	C:\Users\joshp\curseforge\minecraft\Instances\Alive Dev\saves\Desire Paths\datapacks_uncompiled\temp_dir\data\minecraft\worldgen\configured_feature\patch_waterlily.json
	  *EXTRA File 		     334	C:\Users\joshp\curseforge\minecraft\Instances\Alive Dev\saves\Desire Paths\datapacks_uncompiled\temp_dir\data\minecraft\worldgen\configured_feature\pile_hay.json
	  *EXTRA File 		     567	C:\Users\joshp\curseforge\minecraft\Instances\Alive Dev\saves\Desire Paths\datapacks_uncompiled\temp_dir\data\minecraft\worldgen\configured_feature\pile_ice.json
	  *EXTRA File 		     752	C:\Users\joshp\curseforge\minecraft\Instances\Alive Dev\saves\Desire Paths\datapacks_uncompiled\temp_dir\data\minecraft\worldgen\configured_feature\pile_melon.json
	  *EXTRA File 		     687	C:\Users\joshp\curseforge\minecraft\Instances\Alive Dev\saves\Desire Paths\datapacks_uncompiled\temp_dir\data\minecraft\worldgen\configured_feature\pile_pumpkin.json
	  *EXTRA File 		     492	C:\Users\joshp\curseforge\minecraft\Instances\Alive Dev\saves\Desire Paths\datapacks_uncompiled\temp_dir\data\minecraft\worldgen\configured_feature\pile_snow.json
	  *EXTRA File 		    4008	C:\Users\joshp\curseforge\minecraft\Instances\Alive Dev\saves\Desire Paths\datapacks_uncompiled\temp_dir\data\minecraft\worldgen\configured_feature\pine.json
	  *EXTRA File 		    2769	C:\Users\joshp\curseforge\minecraft\Instances\Alive Dev\saves\Desire Paths\datapacks_uncompiled\temp_dir\data\minecraft\worldgen\configured_feature\pointed_dripstone.json
	  *EXTRA File 		    2480	C:\Users\joshp\curseforge\minecraft\Instances\Alive Dev\saves\Desire Paths\datapacks_uncompiled\temp_dir\data\minecraft\worldgen\configured_feature\rooted_azalea_tree.json
	  *EXTRA File 		     403	C:\Users\joshp\curseforge\minecraft\Instances\Alive Dev\saves\Desire Paths\datapacks_uncompiled\temp_dir\data\minecraft\worldgen\configured_feature\sculk_patch_ancient_city.json
	  *EXTRA File 		     285	C:\Users\joshp\curseforge\minecraft\Instances\Alive Dev\saves\Desire Paths\datapacks_uncompiled\temp_dir\data\minecraft\worldgen\configured_feature\sculk_patch_deep_dark.json
	  *EXTRA File 		     610	C:\Users\joshp\curseforge\minecraft\Instances\Alive Dev\saves\Desire Paths\datapacks_uncompiled\temp_dir\data\minecraft\worldgen\configured_feature\sculk_vein.json
	  *EXTRA File 		      91	C:\Users\joshp\curseforge\minecraft\Instances\Alive Dev\saves\Desire Paths\datapacks_uncompiled\temp_dir\data\minecraft\worldgen\configured_feature\seagrass_mid.json
	  *EXTRA File 		      91	C:\Users\joshp\curseforge\minecraft\Instances\Alive Dev\saves\Desire Paths\datapacks_uncompiled\temp_dir\data\minecraft\worldgen\configured_feature\seagrass_short.json
	  *EXTRA File 		      91	C:\Users\joshp\curseforge\minecraft\Instances\Alive Dev\saves\Desire Paths\datapacks_uncompiled\temp_dir\data\minecraft\worldgen\configured_feature\seagrass_slightly_less_short.json
	  *EXTRA File 		      91	C:\Users\joshp\curseforge\minecraft\Instances\Alive Dev\saves\Desire Paths\datapacks_uncompiled\temp_dir\data\minecraft\worldgen\configured_feature\seagrass_tall.json
	  *EXTRA File 		      86	C:\Users\joshp\curseforge\minecraft\Instances\Alive Dev\saves\Desire Paths\datapacks_uncompiled\temp_dir\data\minecraft\worldgen\configured_feature\sea_pickle.json
	  *EXTRA File 		     383	C:\Users\joshp\curseforge\minecraft\Instances\Alive Dev\saves\Desire Paths\datapacks_uncompiled\temp_dir\data\minecraft\worldgen\configured_feature\single_piece_of_grass.json
	  *EXTRA File 		     229	C:\Users\joshp\curseforge\minecraft\Instances\Alive Dev\saves\Desire Paths\datapacks_uncompiled\temp_dir\data\minecraft\worldgen\configured_feature\small_basalt_columns.json
	  *EXTRA File 		     385	C:\Users\joshp\curseforge\minecraft\Instances\Alive Dev\saves\Desire Paths\datapacks_uncompiled\temp_dir\data\minecraft\worldgen\configured_feature\spore_blossom.json
	  *EXTRA File 		     459	C:\Users\joshp\curseforge\minecraft\Instances\Alive Dev\saves\Desire Paths\datapacks_uncompiled\temp_dir\data\minecraft\worldgen\configured_feature\spring_lava_frozen.json
	  *EXTRA File 		     528	C:\Users\joshp\curseforge\minecraft\Instances\Alive Dev\saves\Desire Paths\datapacks_uncompiled\temp_dir\data\minecraft\worldgen\configured_feature\spring_lava_nether.json
	  *EXTRA File 		     614	C:\Users\joshp\curseforge\minecraft\Instances\Alive Dev\saves\Desire Paths\datapacks_uncompiled\temp_dir\data\minecraft\worldgen\configured_feature\spring_lava_overworld.json
	  *EXTRA File 		     359	C:\Users\joshp\curseforge\minecraft\Instances\Alive Dev\saves\Desire Paths\datapacks_uncompiled\temp_dir\data\minecraft\worldgen\configured_feature\spring_nether_closed.json
	  *EXTRA File 		     359	C:\Users\joshp\curseforge\minecraft\Instances\Alive Dev\saves\Desire Paths\datapacks_uncompiled\temp_dir\data\minecraft\worldgen\configured_feature\spring_nether_open.json
	  *EXTRA File 		     727	C:\Users\joshp\curseforge\minecraft\Instances\Alive Dev\saves\Desire Paths\datapacks_uncompiled\temp_dir\data\minecraft\worldgen\configured_feature\spring_water.json
	  *EXTRA File 		    4284	C:\Users\joshp\curseforge\minecraft\Instances\Alive Dev\saves\Desire Paths\datapacks_uncompiled\temp_dir\data\minecraft\worldgen\configured_feature\spruce.json
	  *EXTRA File 		    3991	C:\Users\joshp\curseforge\minecraft\Instances\Alive Dev\saves\Desire Paths\datapacks_uncompiled\temp_dir\data\minecraft\worldgen\configured_feature\super_birch_bees.json
	  *EXTRA File 		    3993	C:\Users\joshp\curseforge\minecraft\Instances\Alive Dev\saves\Desire Paths\datapacks_uncompiled\temp_dir\data\minecraft\worldgen\configured_feature\super_birch_bees_0002.json
	  *EXTRA File 		    3986	C:\Users\joshp\curseforge\minecraft\Instances\Alive Dev\saves\Desire Paths\datapacks_uncompiled\temp_dir\data\minecraft\worldgen\configured_feature\swamp_oak.json
	  *EXTRA File 		    8411	C:\Users\joshp\curseforge\minecraft\Instances\Alive Dev\saves\Desire Paths\datapacks_uncompiled\temp_dir\data\minecraft\worldgen\configured_feature\tall_mangrove.json
	  *EXTRA File 		     274	C:\Users\joshp\curseforge\minecraft\Instances\Alive Dev\saves\Desire Paths\datapacks_uncompiled\temp_dir\data\minecraft\worldgen\configured_feature\trees_badlands.json
	  *EXTRA File 		     276	C:\Users\joshp\curseforge\minecraft\Instances\Alive Dev\saves\Desire Paths\datapacks_uncompiled\temp_dir\data\minecraft\worldgen\configured_feature\trees_birch.json
	  *EXTRA File 		     674	C:\Users\joshp\curseforge\minecraft\Instances\Alive Dev\saves\Desire Paths\datapacks_uncompiled\temp_dir\data\minecraft\worldgen\configured_feature\trees_birch_and_oak_leaf_litter.json
	  *EXTRA File 		     513	C:\Users\joshp\curseforge\minecraft\Instances\Alive Dev\saves\Desire Paths\datapacks_uncompiled\temp_dir\data\minecraft\worldgen\configured_feature\trees_flower_forest.json
	  *EXTRA File 		     274	C:\Users\joshp\curseforge\minecraft\Instances\Alive Dev\saves\Desire Paths\datapacks_uncompiled\temp_dir\data\minecraft\worldgen\configured_feature\trees_grove.json
	  *EXTRA File 		     644	C:\Users\joshp\curseforge\minecraft\Instances\Alive Dev\saves\Desire Paths\datapacks_uncompiled\temp_dir\data\minecraft\worldgen\configured_feature\trees_jungle.json
	  *EXTRA File 		     658	C:\Users\joshp\curseforge\minecraft\Instances\Alive Dev\saves\Desire Paths\datapacks_uncompiled\temp_dir\data\minecraft\worldgen\configured_feature\trees_old_growth_pine_taiga.json
	  *EXTRA File 		     529	C:\Users\joshp\curseforge\minecraft\Instances\Alive Dev\saves\Desire Paths\datapacks_uncompiled\temp_dir\data\minecraft\worldgen\configured_feature\trees_old_growth_spruce_taiga.json
	  *EXTRA File 		     558	C:\Users\joshp\curseforge\minecraft\Instances\Alive Dev\saves\Desire Paths\datapacks_uncompiled\temp_dir\data\minecraft\worldgen\configured_feature\trees_plains.json
	  *EXTRA File 		     388	C:\Users\joshp\curseforge\minecraft\Instances\Alive Dev\saves\Desire Paths\datapacks_uncompiled\temp_dir\data\minecraft\worldgen\configured_feature\trees_savanna.json
	  *EXTRA File 		     276	C:\Users\joshp\curseforge\minecraft\Instances\Alive Dev\saves\Desire Paths\datapacks_uncompiled\temp_dir\data\minecraft\worldgen\configured_feature\trees_snowy.json
	  *EXTRA File 		     509	C:\Users\joshp\curseforge\minecraft\Instances\Alive Dev\saves\Desire Paths\datapacks_uncompiled\temp_dir\data\minecraft\worldgen\configured_feature\trees_sparse_jungle.json
	  *EXTRA File 		     399	C:\Users\joshp\curseforge\minecraft\Instances\Alive Dev\saves\Desire Paths\datapacks_uncompiled\temp_dir\data\minecraft\worldgen\configured_feature\trees_taiga.json
	  *EXTRA File 		     269	C:\Users\joshp\curseforge\minecraft\Instances\Alive Dev\saves\Desire Paths\datapacks_uncompiled\temp_dir\data\minecraft\worldgen\configured_feature\trees_water.json
	  *EXTRA File 		     638	C:\Users\joshp\curseforge\minecraft\Instances\Alive Dev\saves\Desire Paths\datapacks_uncompiled\temp_dir\data\minecraft\worldgen\configured_feature\trees_windswept_hills.json
	  *EXTRA File 		     151	C:\Users\joshp\curseforge\minecraft\Instances\Alive Dev\saves\Desire Paths\datapacks_uncompiled\temp_dir\data\minecraft\worldgen\configured_feature\twisting_vines.json
	  *EXTRA File 		     151	C:\Users\joshp\curseforge\minecraft\Instances\Alive Dev\saves\Desire Paths\datapacks_uncompiled\temp_dir\data\minecraft\worldgen\configured_feature\twisting_vines_bonemeal.json
	  *EXTRA File 		     207	C:\Users\joshp\curseforge\minecraft\Instances\Alive Dev\saves\Desire Paths\datapacks_uncompiled\temp_dir\data\minecraft\worldgen\configured_feature\underwater_magma.json
	  *EXTRA File 		      54	C:\Users\joshp\curseforge\minecraft\Instances\Alive Dev\saves\Desire Paths\datapacks_uncompiled\temp_dir\data\minecraft\worldgen\configured_feature\vines.json
	  *EXTRA File 		      68	C:\Users\joshp\curseforge\minecraft\Instances\Alive Dev\saves\Desire Paths\datapacks_uncompiled\temp_dir\data\minecraft\worldgen\configured_feature\void_start_platform.json
	  *EXTRA File 		     717	C:\Users\joshp\curseforge\minecraft\Instances\Alive Dev\saves\Desire Paths\datapacks_uncompiled\temp_dir\data\minecraft\worldgen\configured_feature\warm_ocean_vegetation.json
	  *EXTRA File 		    1020	C:\Users\joshp\curseforge\minecraft\Instances\Alive Dev\saves\Desire Paths\datapacks_uncompiled\temp_dir\data\minecraft\worldgen\configured_feature\warped_forest_vegetation.json
	  *EXTRA File 		    1020	C:\Users\joshp\curseforge\minecraft\Instances\Alive Dev\saves\Desire Paths\datapacks_uncompiled\temp_dir\data\minecraft\worldgen\configured_feature\warped_forest_vegetation_bonemeal.json
	  *EXTRA File 		    3196	C:\Users\joshp\curseforge\minecraft\Instances\Alive Dev\saves\Desire Paths\datapacks_uncompiled\temp_dir\data\minecraft\worldgen\configured_feature\warped_fungus.json
	  *EXTRA File 		    3195	C:\Users\joshp\curseforge\minecraft\Instances\Alive Dev\saves\Desire Paths\datapacks_uncompiled\temp_dir\data\minecraft\worldgen\configured_feature\warped_fungus_planted.json
	  *EXTRA File 		      62	C:\Users\joshp\curseforge\minecraft\Instances\Alive Dev\saves\Desire Paths\datapacks_uncompiled\temp_dir\data\minecraft\worldgen\configured_feature\weeping_vines.json
	  *EXTRA File 		    8344	C:\Users\joshp\curseforge\minecraft\Instances\Alive Dev\saves\Desire Paths\datapacks_uncompiled\temp_dir\data\minecraft\worldgen\configured_feature\wildflowers_birch_forest.json
	  *EXTRA File 		    8343	C:\Users\joshp\curseforge\minecraft\Instances\Alive Dev\saves\Desire Paths\datapacks_uncompiled\temp_dir\data\minecraft\worldgen\configured_feature\wildflowers_meadow.json
	*EXTRA Dir        -1	C:\Users\joshp\curseforge\minecraft\Instances\Alive Dev\saves\Desire Paths\datapacks_uncompiled\temp_dir\data\minecraft\worldgen\density_function\
	  *EXTRA File 		     226	C:\Users\joshp\curseforge\minecraft\Instances\Alive Dev\saves\Desire Paths\datapacks_uncompiled\temp_dir\data\minecraft\worldgen\density_function\shift_x.json
	  *EXTRA File 		     226	C:\Users\joshp\curseforge\minecraft\Instances\Alive Dev\saves\Desire Paths\datapacks_uncompiled\temp_dir\data\minecraft\worldgen\density_function\shift_z.json
	  *EXTRA File 		     142	C:\Users\joshp\curseforge\minecraft\Instances\Alive Dev\saves\Desire Paths\datapacks_uncompiled\temp_dir\data\minecraft\worldgen\density_function\y.json
	  *EXTRA File 		       3	C:\Users\joshp\curseforge\minecraft\Instances\Alive Dev\saves\Desire Paths\datapacks_uncompiled\temp_dir\data\minecraft\worldgen\density_function\zero.json
	*EXTRA Dir        -1	C:\Users\joshp\curseforge\minecraft\Instances\Alive Dev\saves\Desire Paths\datapacks_uncompiled\temp_dir\data\minecraft\worldgen\density_function\end\
	  *EXTRA File 		     176	C:\Users\joshp\curseforge\minecraft\Instances\Alive Dev\saves\Desire Paths\datapacks_uncompiled\temp_dir\data\minecraft\worldgen\density_function\end\base_3d_noise.json
	  *EXTRA File 		     151	C:\Users\joshp\curseforge\minecraft\Instances\Alive Dev\saves\Desire Paths\datapacks_uncompiled\temp_dir\data\minecraft\worldgen\density_function\end\sloped_cheese.json
	*EXTRA Dir        -1	C:\Users\joshp\curseforge\minecraft\Instances\Alive Dev\saves\Desire Paths\datapacks_uncompiled\temp_dir\data\minecraft\worldgen\density_function\nether\
	  *EXTRA File 		     176	C:\Users\joshp\curseforge\minecraft\Instances\Alive Dev\saves\Desire Paths\datapacks_uncompiled\temp_dir\data\minecraft\worldgen\density_function\nether\base_3d_noise.json
	*EXTRA Dir        -1	C:\Users\joshp\curseforge\minecraft\Instances\Alive Dev\saves\Desire Paths\datapacks_uncompiled\temp_dir\data\minecraft\worldgen\density_function\overworld\
	  *EXTRA File 		     177	C:\Users\joshp\curseforge\minecraft\Instances\Alive Dev\saves\Desire Paths\datapacks_uncompiled\temp_dir\data\minecraft\worldgen\density_function\overworld\base_3d_noise.json
	  *EXTRA File 		     316	C:\Users\joshp\curseforge\minecraft\Instances\Alive Dev\saves\Desire Paths\datapacks_uncompiled\temp_dir\data\minecraft\worldgen\density_function\overworld\continents.json
	  *EXTRA File 		     258	C:\Users\joshp\curseforge\minecraft\Instances\Alive Dev\saves\Desire Paths\datapacks_uncompiled\temp_dir\data\minecraft\worldgen\density_function\overworld\depth.json
	  *EXTRA File 		     308	C:\Users\joshp\curseforge\minecraft\Instances\Alive Dev\saves\Desire Paths\datapacks_uncompiled\temp_dir\data\minecraft\worldgen\density_function\overworld\erosion.json
	  *EXTRA File 		   59307	C:\Users\joshp\curseforge\minecraft\Instances\Alive Dev\saves\Desire Paths\datapacks_uncompiled\temp_dir\data\minecraft\worldgen\density_function\overworld\factor.json
	  *EXTRA File 		   20352	C:\Users\joshp\curseforge\minecraft\Instances\Alive Dev\saves\Desire Paths\datapacks_uncompiled\temp_dir\data\minecraft\worldgen\density_function\overworld\jaggedness.json
	  *EXTRA File 		  103007	C:\Users\joshp\curseforge\minecraft\Instances\Alive Dev\saves\Desire Paths\datapacks_uncompiled\temp_dir\data\minecraft\worldgen\density_function\overworld\offset.json
	  *EXTRA File 		     306	C:\Users\joshp\curseforge\minecraft\Instances\Alive Dev\saves\Desire Paths\datapacks_uncompiled\temp_dir\data\minecraft\worldgen\density_function\overworld\ridges.json
	  *EXTRA File 		     529	C:\Users\joshp\curseforge\minecraft\Instances\Alive Dev\saves\Desire Paths\datapacks_uncompiled\temp_dir\data\minecraft\worldgen\density_function\overworld\ridges_folded.json
	  *EXTRA File 		    1176	C:\Users\joshp\curseforge\minecraft\Instances\Alive Dev\saves\Desire Paths\datapacks_uncompiled\temp_dir\data\minecraft\worldgen\density_function\overworld\sloped_cheese.json
	*EXTRA Dir        -1	C:\Users\joshp\curseforge\minecraft\Instances\Alive Dev\saves\Desire Paths\datapacks_uncompiled\temp_dir\data\minecraft\worldgen\density_function\overworld\caves\
	  *EXTRA File 		    3384	C:\Users\joshp\curseforge\minecraft\Instances\Alive Dev\saves\Desire Paths\datapacks_uncompiled\temp_dir\data\minecraft\worldgen\density_function\overworld\caves\entrances.json
	  *EXTRA File 		    3616	C:\Users\joshp\curseforge\minecraft\Instances\Alive Dev\saves\Desire Paths\datapacks_uncompiled\temp_dir\data\minecraft\worldgen\density_function\overworld\caves\noodle.json
	  *EXTRA File 		    1622	C:\Users\joshp\curseforge\minecraft\Instances\Alive Dev\saves\Desire Paths\datapacks_uncompiled\temp_dir\data\minecraft\worldgen\density_function\overworld\caves\pillars.json
	  *EXTRA File 		    2315	C:\Users\joshp\curseforge\minecraft\Instances\Alive Dev\saves\Desire Paths\datapacks_uncompiled\temp_dir\data\minecraft\worldgen\density_function\overworld\caves\spaghetti_2d.json
	  *EXTRA File 		     466	C:\Users\joshp\curseforge\minecraft\Instances\Alive Dev\saves\Desire Paths\datapacks_uncompiled\temp_dir\data\minecraft\worldgen\density_function\overworld\caves\spaghetti_2d_thickness_modulator.json
	  *EXTRA File 		    1001	C:\Users\joshp\curseforge\minecraft\Instances\Alive Dev\saves\Desire Paths\datapacks_uncompiled\temp_dir\data\minecraft\worldgen\density_function\overworld\caves\spaghetti_roughness_function.json
	*EXTRA Dir        -1	C:\Users\joshp\curseforge\minecraft\Instances\Alive Dev\saves\Desire Paths\datapacks_uncompiled\temp_dir\data\minecraft\worldgen\density_function\overworld_amplified\
	  *EXTRA File 		     268	C:\Users\joshp\curseforge\minecraft\Instances\Alive Dev\saves\Desire Paths\datapacks_uncompiled\temp_dir\data\minecraft\worldgen\density_function\overworld_amplified\depth.json
	  *EXTRA File 		   59654	C:\Users\joshp\curseforge\minecraft\Instances\Alive Dev\saves\Desire Paths\datapacks_uncompiled\temp_dir\data\minecraft\worldgen\density_function\overworld_amplified\factor.json
	  *EXTRA File 		   20348	C:\Users\joshp\curseforge\minecraft\Instances\Alive Dev\saves\Desire Paths\datapacks_uncompiled\temp_dir\data\minecraft\worldgen\density_function\overworld_amplified\jaggedness.json
	  *EXTRA File 		  102979	C:\Users\joshp\curseforge\minecraft\Instances\Alive Dev\saves\Desire Paths\datapacks_uncompiled\temp_dir\data\minecraft\worldgen\density_function\overworld_amplified\offset.json
	  *EXTRA File 		    1206	C:\Users\joshp\curseforge\minecraft\Instances\Alive Dev\saves\Desire Paths\datapacks_uncompiled\temp_dir\data\minecraft\worldgen\density_function\overworld_amplified\sloped_cheese.json
	*EXTRA Dir        -1	C:\Users\joshp\curseforge\minecraft\Instances\Alive Dev\saves\Desire Paths\datapacks_uncompiled\temp_dir\data\minecraft\worldgen\density_function\overworld_large_biomes\
	  *EXTRA File 		     322	C:\Users\joshp\curseforge\minecraft\Instances\Alive Dev\saves\Desire Paths\datapacks_uncompiled\temp_dir\data\minecraft\worldgen\density_function\overworld_large_biomes\continents.json
	  *EXTRA File 		     271	C:\Users\joshp\curseforge\minecraft\Instances\Alive Dev\saves\Desire Paths\datapacks_uncompiled\temp_dir\data\minecraft\worldgen\density_function\overworld_large_biomes\depth.json
	  *EXTRA File 		     314	C:\Users\joshp\curseforge\minecraft\Instances\Alive Dev\saves\Desire Paths\datapacks_uncompiled\temp_dir\data\minecraft\worldgen\density_function\overworld_large_biomes\erosion.json
	  *EXTRA File 		   59372	C:\Users\joshp\curseforge\minecraft\Instances\Alive Dev\saves\Desire Paths\datapacks_uncompiled\temp_dir\data\minecraft\worldgen\density_function\overworld_large_biomes\factor.json
	  *EXTRA File 		   20391	C:\Users\joshp\curseforge\minecraft\Instances\Alive Dev\saves\Desire Paths\datapacks_uncompiled\temp_dir\data\minecraft\worldgen\density_function\overworld_large_biomes\jaggedness.json
	  *EXTRA File 		  103085	C:\Users\joshp\curseforge\minecraft\Instances\Alive Dev\saves\Desire Paths\datapacks_uncompiled\temp_dir\data\minecraft\worldgen\density_function\overworld_large_biomes\offset.json
	  *EXTRA File 		    1215	C:\Users\joshp\curseforge\minecraft\Instances\Alive Dev\saves\Desire Paths\datapacks_uncompiled\temp_dir\data\minecraft\worldgen\density_function\overworld_large_biomes\sloped_cheese.json
	*EXTRA Dir        -1	C:\Users\joshp\curseforge\minecraft\Instances\Alive Dev\saves\Desire Paths\datapacks_uncompiled\temp_dir\data\minecraft\worldgen\flat_level_generator_preset\
	  *EXTRA File 		     569	C:\Users\joshp\curseforge\minecraft\Instances\Alive Dev\saves\Desire Paths\datapacks_uncompiled\temp_dir\data\minecraft\worldgen\flat_level_generator_preset\bottomless_pit.json
	  *EXTRA File 		     569	C:\Users\joshp\curseforge\minecraft\Instances\Alive Dev\saves\Desire Paths\datapacks_uncompiled\temp_dir\data\minecraft\worldgen\flat_level_generator_preset\classic_flat.json
	  *EXTRA File 		     808	C:\Users\joshp\curseforge\minecraft\Instances\Alive Dev\saves\Desire Paths\datapacks_uncompiled\temp_dir\data\minecraft\worldgen\flat_level_generator_preset\desert.json
	  *EXTRA File 		     859	C:\Users\joshp\curseforge\minecraft\Instances\Alive Dev\saves\Desire Paths\datapacks_uncompiled\temp_dir\data\minecraft\worldgen\flat_level_generator_preset\overworld.json
	  *EXTRA File 		     549	C:\Users\joshp\curseforge\minecraft\Instances\Alive Dev\saves\Desire Paths\datapacks_uncompiled\temp_dir\data\minecraft\worldgen\flat_level_generator_preset\redstone_ready.json
	  *EXTRA File 		     837	C:\Users\joshp\curseforge\minecraft\Instances\Alive Dev\saves\Desire Paths\datapacks_uncompiled\temp_dir\data\minecraft\worldgen\flat_level_generator_preset\snowy_kingdom.json
	  *EXTRA File 		     329	C:\Users\joshp\curseforge\minecraft\Instances\Alive Dev\saves\Desire Paths\datapacks_uncompiled\temp_dir\data\minecraft\worldgen\flat_level_generator_preset\the_void.json
	  *EXTRA File 		     744	C:\Users\joshp\curseforge\minecraft\Instances\Alive Dev\saves\Desire Paths\datapacks_uncompiled\temp_dir\data\minecraft\worldgen\flat_level_generator_preset\tunnelers_dream.json
	  *EXTRA File 		     998	C:\Users\joshp\curseforge\minecraft\Instances\Alive Dev\saves\Desire Paths\datapacks_uncompiled\temp_dir\data\minecraft\worldgen\flat_level_generator_preset\water_world.json
	*EXTRA Dir        -1	C:\Users\joshp\curseforge\minecraft\Instances\Alive Dev\saves\Desire Paths\datapacks_uncompiled\temp_dir\data\minecraft\worldgen\multi_noise_biome_source_parameter_list\
	  *EXTRA File 		      38	C:\Users\joshp\curseforge\minecraft\Instances\Alive Dev\saves\Desire Paths\datapacks_uncompiled\temp_dir\data\minecraft\worldgen\multi_noise_biome_source_parameter_list\nether.json
	  *EXTRA File 		      41	C:\Users\joshp\curseforge\minecraft\Instances\Alive Dev\saves\Desire Paths\datapacks_uncompiled\temp_dir\data\minecraft\worldgen\multi_noise_biome_source_parameter_list\overworld.json
	*EXTRA Dir        -1	C:\Users\joshp\curseforge\minecraft\Instances\Alive Dev\saves\Desire Paths\datapacks_uncompiled\temp_dir\data\minecraft\worldgen\noise\
	  *EXTRA File 		      69	C:\Users\joshp\curseforge\minecraft\Instances\Alive Dev\saves\Desire Paths\datapacks_uncompiled\temp_dir\data\minecraft\worldgen\noise\aquifer_barrier.json
	  *EXTRA File 		      69	C:\Users\joshp\curseforge\minecraft\Instances\Alive Dev\saves\Desire Paths\datapacks_uncompiled\temp_dir\data\minecraft\worldgen\noise\aquifer_fluid_level_floodedness.json
	  *EXTRA File 		      69	C:\Users\joshp\curseforge\minecraft\Instances\Alive Dev\saves\Desire Paths\datapacks_uncompiled\temp_dir\data\minecraft\worldgen\noise\aquifer_fluid_level_spread.json
	  *EXTRA File 		      69	C:\Users\joshp\curseforge\minecraft\Instances\Alive Dev\saves\Desire Paths\datapacks_uncompiled\temp_dir\data\minecraft\worldgen\noise\aquifer_lava.json
	  *EXTRA File 		     111	C:\Users\joshp\curseforge\minecraft\Instances\Alive Dev\saves\Desire Paths\datapacks_uncompiled\temp_dir\data\minecraft\worldgen\noise\badlands_pillar.json
	  *EXTRA File 		      69	C:\Users\joshp\curseforge\minecraft\Instances\Alive Dev\saves\Desire Paths\datapacks_uncompiled\temp_dir\data\minecraft\worldgen\noise\badlands_pillar_roof.json
	  *EXTRA File 		      97	C:\Users\joshp\curseforge\minecraft\Instances\Alive Dev\saves\Desire Paths\datapacks_uncompiled\temp_dir\data\minecraft\worldgen\noise\badlands_surface.json
	  *EXTRA File 		     111	C:\Users\joshp\curseforge\minecraft\Instances\Alive Dev\saves\Desire Paths\datapacks_uncompiled\temp_dir\data\minecraft\worldgen\noise\calcite.json
	  *EXTRA File 		     181	C:\Users\joshp\curseforge\minecraft\Instances\Alive Dev\saves\Desire Paths\datapacks_uncompiled\temp_dir\data\minecraft\worldgen\noise\cave_cheese.json
	  *EXTRA File 		      97	C:\Users\joshp\curseforge\minecraft\Instances\Alive Dev\saves\Desire Paths\datapacks_uncompiled\temp_dir\data\minecraft\worldgen\noise\cave_entrance.json
	  *EXTRA File 		      69	C:\Users\joshp\curseforge\minecraft\Instances\Alive Dev\saves\Desire Paths\datapacks_uncompiled\temp_dir\data\minecraft\worldgen\noise\cave_layer.json
	  *EXTRA File 		      69	C:\Users\joshp\curseforge\minecraft\Instances\Alive Dev\saves\Desire Paths\datapacks_uncompiled\temp_dir\data\minecraft\worldgen\noise\clay_bands_offset.json
	  *EXTRA File 		     181	C:\Users\joshp\curseforge\minecraft\Instances\Alive Dev\saves\Desire Paths\datapacks_uncompiled\temp_dir\data\minecraft\worldgen\noise\continentalness.json
	  *EXTRA File 		     182	C:\Users\joshp\curseforge\minecraft\Instances\Alive Dev\saves\Desire Paths\datapacks_uncompiled\temp_dir\data\minecraft\worldgen\noise\continentalness_large.json
	  *EXTRA File 		     125	C:\Users\joshp\curseforge\minecraft\Instances\Alive Dev\saves\Desire Paths\datapacks_uncompiled\temp_dir\data\minecraft\worldgen\noise\erosion.json
	  *EXTRA File 		     126	C:\Users\joshp\curseforge\minecraft\Instances\Alive Dev\saves\Desire Paths\datapacks_uncompiled\temp_dir\data\minecraft\worldgen\noise\erosion_large.json
	  *EXTRA File 		     111	C:\Users\joshp\curseforge\minecraft\Instances\Alive Dev\saves\Desire Paths\datapacks_uncompiled\temp_dir\data\minecraft\worldgen\noise\gravel.json
	  *EXTRA File 		     198	C:\Users\joshp\curseforge\minecraft\Instances\Alive Dev\saves\Desire Paths\datapacks_uncompiled\temp_dir\data\minecraft\worldgen\noise\gravel_layer.json
	  *EXTRA File 		     111	C:\Users\joshp\curseforge\minecraft\Instances\Alive Dev\saves\Desire Paths\datapacks_uncompiled\temp_dir\data\minecraft\worldgen\noise\ice.json
	  *EXTRA File 		     111	C:\Users\joshp\curseforge\minecraft\Instances\Alive Dev\saves\Desire Paths\datapacks_uncompiled\temp_dir\data\minecraft\worldgen\noise\iceberg_pillar.json
	  *EXTRA File 		      69	C:\Users\joshp\curseforge\minecraft\Instances\Alive Dev\saves\Desire Paths\datapacks_uncompiled\temp_dir\data\minecraft\worldgen\noise\iceberg_pillar_roof.json
	  *EXTRA File 		      97	C:\Users\joshp\curseforge\minecraft\Instances\Alive Dev\saves\Desire Paths\datapacks_uncompiled\temp_dir\data\minecraft\worldgen\noise\iceberg_surface.json
	  *EXTRA File 		     280	C:\Users\joshp\curseforge\minecraft\Instances\Alive Dev\saves\Desire Paths\datapacks_uncompiled\temp_dir\data\minecraft\worldgen\noise\jagged.json
	  *EXTRA File 		     112	C:\Users\joshp\curseforge\minecraft\Instances\Alive Dev\saves\Desire Paths\datapacks_uncompiled\temp_dir\data\minecraft\worldgen\noise\netherrack.json
	  *EXTRA File 		      69	C:\Users\joshp\curseforge\minecraft\Instances\Alive Dev\saves\Desire Paths\datapacks_uncompiled\temp_dir\data\minecraft\worldgen\noise\nether_state_selector.json
	  *EXTRA File 		     111	C:\Users\joshp\curseforge\minecraft\Instances\Alive Dev\saves\Desire Paths\datapacks_uncompiled\temp_dir\data\minecraft\worldgen\noise\nether_wart.json
	  *EXTRA File 		      69	C:\Users\joshp\curseforge\minecraft\Instances\Alive Dev\saves\Desire Paths\datapacks_uncompiled\temp_dir\data\minecraft\worldgen\noise\noodle.json
	  *EXTRA File 		      69	C:\Users\joshp\curseforge\minecraft\Instances\Alive Dev\saves\Desire Paths\datapacks_uncompiled\temp_dir\data\minecraft\worldgen\noise\noodle_ridge_a.json
	  *EXTRA File 		      69	C:\Users\joshp\curseforge\minecraft\Instances\Alive Dev\saves\Desire Paths\datapacks_uncompiled\temp_dir\data\minecraft\worldgen\noise\noodle_ridge_b.json
	  *EXTRA File 		      69	C:\Users\joshp\curseforge\minecraft\Instances\Alive Dev\saves\Desire Paths\datapacks_uncompiled\temp_dir\data\minecraft\worldgen\noise\noodle_thickness.json
	  *EXTRA File 		     111	C:\Users\joshp\curseforge\minecraft\Instances\Alive Dev\saves\Desire Paths\datapacks_uncompiled\temp_dir\data\minecraft\worldgen\noise\offset.json
	  *EXTRA File 		      69	C:\Users\joshp\curseforge\minecraft\Instances\Alive Dev\saves\Desire Paths\datapacks_uncompiled\temp_dir\data\minecraft\worldgen\noise\ore_gap.json
	  *EXTRA File 		      69	C:\Users\joshp\curseforge\minecraft\Instances\Alive Dev\saves\Desire Paths\datapacks_uncompiled\temp_dir\data\minecraft\worldgen\noise\ore_veininess.json
	  *EXTRA File 		      69	C:\Users\joshp\curseforge\minecraft\Instances\Alive Dev\saves\Desire Paths\datapacks_uncompiled\temp_dir\data\minecraft\worldgen\noise\ore_vein_a.json
	  *EXTRA File 		      69	C:\Users\joshp\curseforge\minecraft\Instances\Alive Dev\saves\Desire Paths\datapacks_uncompiled\temp_dir\data\minecraft\worldgen\noise\ore_vein_b.json
	  *EXTRA File 		     111	C:\Users\joshp\curseforge\minecraft\Instances\Alive Dev\saves\Desire Paths\datapacks_uncompiled\temp_dir\data\minecraft\worldgen\noise\packed_ice.json
	  *EXTRA File 		     156	C:\Users\joshp\curseforge\minecraft\Instances\Alive Dev\saves\Desire Paths\datapacks_uncompiled\temp_dir\data\minecraft\worldgen\noise\patch.json
	  *EXTRA File 		      83	C:\Users\joshp\curseforge\minecraft\Instances\Alive Dev\saves\Desire Paths\datapacks_uncompiled\temp_dir\data\minecraft\worldgen\noise\pillar.json
	  *EXTRA File 		      69	C:\Users\joshp\curseforge\minecraft\Instances\Alive Dev\saves\Desire Paths\datapacks_uncompiled\temp_dir\data\minecraft\worldgen\noise\pillar_rareness.json
	  *EXTRA File 		      69	C:\Users\joshp\curseforge\minecraft\Instances\Alive Dev\saves\Desire Paths\datapacks_uncompiled\temp_dir\data\minecraft\worldgen\noise\pillar_thickness.json
	  *EXTRA File 		     111	C:\Users\joshp\curseforge\minecraft\Instances\Alive Dev\saves\Desire Paths\datapacks_uncompiled\temp_dir\data\minecraft\worldgen\noise\powder_snow.json
	  *EXTRA File 		     139	C:\Users\joshp\curseforge\minecraft\Instances\Alive Dev\saves\Desire Paths\datapacks_uncompiled\temp_dir\data\minecraft\worldgen\noise\ridge.json
	  *EXTRA File 		     198	C:\Users\joshp\curseforge\minecraft\Instances\Alive Dev\saves\Desire Paths\datapacks_uncompiled\temp_dir\data\minecraft\worldgen\noise\soul_sand_layer.json
	  *EXTRA File 		      69	C:\Users\joshp\curseforge\minecraft\Instances\Alive Dev\saves\Desire Paths\datapacks_uncompiled\temp_dir\data\minecraft\worldgen\noise\spaghetti_2d.json
	  *EXTRA File 		      69	C:\Users\joshp\curseforge\minecraft\Instances\Alive Dev\saves\Desire Paths\datapacks_uncompiled\temp_dir\data\minecraft\worldgen\noise\spaghetti_2d_elevation.json
	  *EXTRA File 		      70	C:\Users\joshp\curseforge\minecraft\Instances\Alive Dev\saves\Desire Paths\datapacks_uncompiled\temp_dir\data\minecraft\worldgen\noise\spaghetti_2d_modulator.json
	  *EXTRA File 		      70	C:\Users\joshp\curseforge\minecraft\Instances\Alive Dev\saves\Desire Paths\datapacks_uncompiled\temp_dir\data\minecraft\worldgen\noise\spaghetti_2d_thickness.json
	  *EXTRA File 		      69	C:\Users\joshp\curseforge\minecraft\Instances\Alive Dev\saves\Desire Paths\datapacks_uncompiled\temp_dir\data\minecraft\worldgen\noise\spaghetti_3d_1.json
	  *EXTRA File 		      69	C:\Users\joshp\curseforge\minecraft\Instances\Alive Dev\saves\Desire Paths\datapacks_uncompiled\temp_dir\data\minecraft\worldgen\noise\spaghetti_3d_2.json
	  *EXTRA File 		      70	C:\Users\joshp\curseforge\minecraft\Instances\Alive Dev\saves\Desire Paths\datapacks_uncompiled\temp_dir\data\minecraft\worldgen\noise\spaghetti_3d_rarity.json
	  *EXTRA File 		      69	C:\Users\joshp\curseforge\minecraft\Instances\Alive Dev\saves\Desire Paths\datapacks_uncompiled\temp_dir\data\minecraft\worldgen\noise\spaghetti_3d_thickness.json
	  *EXTRA File 		      69	C:\Users\joshp\curseforge\minecraft\Instances\Alive Dev\saves\Desire Paths\datapacks_uncompiled\temp_dir\data\minecraft\worldgen\noise\spaghetti_roughness.json
	  *EXTRA File 		      69	C:\Users\joshp\curseforge\minecraft\Instances\Alive Dev\saves\Desire Paths\datapacks_uncompiled\temp_dir\data\minecraft\worldgen\noise\spaghetti_roughness_modulator.json
	  *EXTRA File 		      97	C:\Users\joshp\curseforge\minecraft\Instances\Alive Dev\saves\Desire Paths\datapacks_uncompiled\temp_dir\data\minecraft\worldgen\noise\surface.json
	  *EXTRA File 		     111	C:\Users\joshp\curseforge\minecraft\Instances\Alive Dev\saves\Desire Paths\datapacks_uncompiled\temp_dir\data\minecraft\worldgen\noise\surface_secondary.json
	  *EXTRA File 		      69	C:\Users\joshp\curseforge\minecraft\Instances\Alive Dev\saves\Desire Paths\datapacks_uncompiled\temp_dir\data\minecraft\worldgen\noise\surface_swamp.json
	  *EXTRA File 		     140	C:\Users\joshp\curseforge\minecraft\Instances\Alive Dev\saves\Desire Paths\datapacks_uncompiled\temp_dir\data\minecraft\worldgen\noise\temperature.json
	  *EXTRA File 		     140	C:\Users\joshp\curseforge\minecraft\Instances\Alive Dev\saves\Desire Paths\datapacks_uncompiled\temp_dir\data\minecraft\worldgen\noise\temperature_large.json
	  *EXTRA File 		     139	C:\Users\joshp\curseforge\minecraft\Instances\Alive Dev\saves\Desire Paths\datapacks_uncompiled\temp_dir\data\minecraft\worldgen\noise\vegetation.json
	  *EXTRA File 		     140	C:\Users\joshp\curseforge\minecraft\Instances\Alive Dev\saves\Desire Paths\datapacks_uncompiled\temp_dir\data\minecraft\worldgen\noise\vegetation_large.json
	*EXTRA Dir        -1	C:\Users\joshp\curseforge\minecraft\Instances\Alive Dev\saves\Desire Paths\datapacks_uncompiled\temp_dir\data\minecraft\worldgen\noise\nether\
	*EXTRA Dir        -1	C:\Users\joshp\curseforge\minecraft\Instances\Alive Dev\saves\Desire Paths\datapacks_uncompiled\temp_dir\data\minecraft\worldgen\noise_settings\
	  *EXTRA File 		  184518	C:\Users\joshp\curseforge\minecraft\Instances\Alive Dev\saves\Desire Paths\datapacks_uncompiled\temp_dir\data\minecraft\worldgen\noise_settings\amplified.json
	  *EXTRA File 		  157722	C:\Users\joshp\curseforge\minecraft\Instances\Alive Dev\saves\Desire Paths\datapacks_uncompiled\temp_dir\data\minecraft\worldgen\noise_settings\caves.json
	  *EXTRA File 		    3674	C:\Users\joshp\curseforge\minecraft\Instances\Alive Dev\saves\Desire Paths\datapacks_uncompiled\temp_dir\data\minecraft\worldgen\noise_settings\end.json
	  *EXTRA File 		  156226	C:\Users\joshp\curseforge\minecraft\Instances\Alive Dev\saves\Desire Paths\datapacks_uncompiled\temp_dir\data\minecraft\worldgen\noise_settings\floating_islands.json
	  *EXTRA File 		  184604	C:\Users\joshp\curseforge\minecraft\Instances\Alive Dev\saves\Desire Paths\datapacks_uncompiled\temp_dir\data\minecraft\worldgen\noise_settings\large_biomes.json
	  *EXTRA File 		   37742	C:\Users\joshp\curseforge\minecraft\Instances\Alive Dev\saves\Desire Paths\datapacks_uncompiled\temp_dir\data\minecraft\worldgen\noise_settings\nether.json
	  *EXTRA File 		  184462	C:\Users\joshp\curseforge\minecraft\Instances\Alive Dev\saves\Desire Paths\datapacks_uncompiled\temp_dir\data\minecraft\worldgen\noise_settings\overworld.json
	*EXTRA Dir        -1	C:\Users\joshp\curseforge\minecraft\Instances\Alive Dev\saves\Desire Paths\datapacks_uncompiled\temp_dir\data\minecraft\worldgen\placed_feature\
	  *EXTRA File 		     443	C:\Users\joshp\curseforge\minecraft\Instances\Alive Dev\saves\Desire Paths\datapacks_uncompiled\temp_dir\data\minecraft\worldgen\placed_feature\acacia.json
	  *EXTRA File 		     443	C:\Users\joshp\curseforge\minecraft\Instances\Alive Dev\saves\Desire Paths\datapacks_uncompiled\temp_dir\data\minecraft\worldgen\placed_feature\acacia_checked.json
	  *EXTRA File 		     641	C:\Users\joshp\curseforge\minecraft\Instances\Alive Dev\saves\Desire Paths\datapacks_uncompiled\temp_dir\data\minecraft\worldgen\placed_feature\amethyst_geode.json
	  *EXTRA File 		     503	C:\Users\joshp\curseforge\minecraft\Instances\Alive Dev\saves\Desire Paths\datapacks_uncompiled\temp_dir\data\minecraft\worldgen\placed_feature\bamboo.json
	  *EXTRA File 		     411	C:\Users\joshp\curseforge\minecraft\Instances\Alive Dev\saves\Desire Paths\datapacks_uncompiled\temp_dir\data\minecraft\worldgen\placed_feature\bamboo_light.json
	  *EXTRA File 		     879	C:\Users\joshp\curseforge\minecraft\Instances\Alive Dev\saves\Desire Paths\datapacks_uncompiled\temp_dir\data\minecraft\worldgen\placed_feature\bamboo_vegetation.json
	  *EXTRA File 		     630	C:\Users\joshp\curseforge\minecraft\Instances\Alive Dev\saves\Desire Paths\datapacks_uncompiled\temp_dir\data\minecraft\worldgen\placed_feature\basalt_blobs.json
	  *EXTRA File 		     631	C:\Users\joshp\curseforge\minecraft\Instances\Alive Dev\saves\Desire Paths\datapacks_uncompiled\temp_dir\data\minecraft\worldgen\placed_feature\basalt_pillar.json
	  *EXTRA File 		     451	C:\Users\joshp\curseforge\minecraft\Instances\Alive Dev\saves\Desire Paths\datapacks_uncompiled\temp_dir\data\minecraft\worldgen\placed_feature\birch_bees_0002.json
	  *EXTRA File 		     463	C:\Users\joshp\curseforge\minecraft\Instances\Alive Dev\saves\Desire Paths\datapacks_uncompiled\temp_dir\data\minecraft\worldgen\placed_feature\birch_bees_0002_leaf_litter.json
	  *EXTRA File 		     450	C:\Users\joshp\curseforge\minecraft\Instances\Alive Dev\saves\Desire Paths\datapacks_uncompiled\temp_dir\data\minecraft\worldgen\placed_feature\birch_bees_002.json
	  *EXTRA File 		     441	C:\Users\joshp\curseforge\minecraft\Instances\Alive Dev\saves\Desire Paths\datapacks_uncompiled\temp_dir\data\minecraft\worldgen\placed_feature\birch_checked.json
	  *EXTRA File 		     453	C:\Users\joshp\curseforge\minecraft\Instances\Alive Dev\saves\Desire Paths\datapacks_uncompiled\temp_dir\data\minecraft\worldgen\placed_feature\birch_leaf_litter.json
	  *EXTRA File 		     872	C:\Users\joshp\curseforge\minecraft\Instances\Alive Dev\saves\Desire Paths\datapacks_uncompiled\temp_dir\data\minecraft\worldgen\placed_feature\birch_tall.json
	  *EXTRA File 		     634	C:\Users\joshp\curseforge\minecraft\Instances\Alive Dev\saves\Desire Paths\datapacks_uncompiled\temp_dir\data\minecraft\worldgen\placed_feature\blackstone_blobs.json
	  *EXTRA File 		     757	C:\Users\joshp\curseforge\minecraft\Instances\Alive Dev\saves\Desire Paths\datapacks_uncompiled\temp_dir\data\minecraft\worldgen\placed_feature\blue_ice.json
	  *EXTRA File 		     646	C:\Users\joshp\curseforge\minecraft\Instances\Alive Dev\saves\Desire Paths\datapacks_uncompiled\temp_dir\data\minecraft\worldgen\placed_feature\brown_mushroom_nether.json
	  *EXTRA File 		     417	C:\Users\joshp\curseforge\minecraft\Instances\Alive Dev\saves\Desire Paths\datapacks_uncompiled\temp_dir\data\minecraft\worldgen\placed_feature\brown_mushroom_normal.json
	  *EXTRA File 		     502	C:\Users\joshp\curseforge\minecraft\Instances\Alive Dev\saves\Desire Paths\datapacks_uncompiled\temp_dir\data\minecraft\worldgen\placed_feature\brown_mushroom_old_growth.json
	  *EXTRA File 		     406	C:\Users\joshp\curseforge\minecraft\Instances\Alive Dev\saves\Desire Paths\datapacks_uncompiled\temp_dir\data\minecraft\worldgen\placed_feature\brown_mushroom_swamp.json
	  *EXTRA File 		     415	C:\Users\joshp\curseforge\minecraft\Instances\Alive Dev\saves\Desire Paths\datapacks_uncompiled\temp_dir\data\minecraft\worldgen\placed_feature\brown_mushroom_taiga.json
	  *EXTRA File 		    1200	C:\Users\joshp\curseforge\minecraft\Instances\Alive Dev\saves\Desire Paths\datapacks_uncompiled\temp_dir\data\minecraft\worldgen\placed_feature\cave_vines.json
	  *EXTRA File 		     452	C:\Users\joshp\curseforge\minecraft\Instances\Alive Dev\saves\Desire Paths\datapacks_uncompiled\temp_dir\data\minecraft\worldgen\placed_feature\cherry_bees_005.json
	  *EXTRA File 		     443	C:\Users\joshp\curseforge\minecraft\Instances\Alive Dev\saves\Desire Paths\datapacks_uncompiled\temp_dir\data\minecraft\worldgen\placed_feature\cherry_checked.json
	  *EXTRA File 		     532	C:\Users\joshp\curseforge\minecraft\Instances\Alive Dev\saves\Desire Paths\datapacks_uncompiled\temp_dir\data\minecraft\worldgen\placed_feature\chorus_plant.json
	  *EXTRA File 		     625	C:\Users\joshp\curseforge\minecraft\Instances\Alive Dev\saves\Desire Paths\datapacks_uncompiled\temp_dir\data\minecraft\worldgen\placed_feature\classic_vines_cave_feature.json
	  *EXTRA File 		     249	C:\Users\joshp\curseforge\minecraft\Instances\Alive Dev\saves\Desire Paths\datapacks_uncompiled\temp_dir\data\minecraft\worldgen\placed_feature\crimson_forest_vegetation.json
	  *EXTRA File 		     238	C:\Users\joshp\curseforge\minecraft\Instances\Alive Dev\saves\Desire Paths\datapacks_uncompiled\temp_dir\data\minecraft\worldgen\placed_feature\crimson_fungi.json
	  *EXTRA File 		     523	C:\Users\joshp\curseforge\minecraft\Instances\Alive Dev\saves\Desire Paths\datapacks_uncompiled\temp_dir\data\minecraft\worldgen\placed_feature\dark_forest_vegetation.json
	  *EXTRA File 		     447	C:\Users\joshp\curseforge\minecraft\Instances\Alive Dev\saves\Desire Paths\datapacks_uncompiled\temp_dir\data\minecraft\worldgen\placed_feature\dark_oak_checked.json
	  *EXTRA File 		     459	C:\Users\joshp\curseforge\minecraft\Instances\Alive Dev\saves\Desire Paths\datapacks_uncompiled\temp_dir\data\minecraft\worldgen\placed_feature\dark_oak_leaf_litter.json
	  *EXTRA File 		     230	C:\Users\joshp\curseforge\minecraft\Instances\Alive Dev\saves\Desire Paths\datapacks_uncompiled\temp_dir\data\minecraft\worldgen\placed_feature\delta.json
	  *EXTRA File 		     409	C:\Users\joshp\curseforge\minecraft\Instances\Alive Dev\saves\Desire Paths\datapacks_uncompiled\temp_dir\data\minecraft\worldgen\placed_feature\desert_well.json
	  *EXTRA File 		     529	C:\Users\joshp\curseforge\minecraft\Instances\Alive Dev\saves\Desire Paths\datapacks_uncompiled\temp_dir\data\minecraft\worldgen\placed_feature\disk_clay.json
	  *EXTRA File 		     743	C:\Users\joshp\curseforge\minecraft\Instances\Alive Dev\saves\Desire Paths\datapacks_uncompiled\temp_dir\data\minecraft\worldgen\placed_feature\disk_grass.json
	  *EXTRA File 		     531	C:\Users\joshp\curseforge\minecraft\Instances\Alive Dev\saves\Desire Paths\datapacks_uncompiled\temp_dir\data\minecraft\worldgen\placed_feature\disk_gravel.json
	  *EXTRA File 		     616	C:\Users\joshp\curseforge\minecraft\Instances\Alive Dev\saves\Desire Paths\datapacks_uncompiled\temp_dir\data\minecraft\worldgen\placed_feature\disk_sand.json
	  *EXTRA File 		     771	C:\Users\joshp\curseforge\minecraft\Instances\Alive Dev\saves\Desire Paths\datapacks_uncompiled\temp_dir\data\minecraft\worldgen\placed_feature\dripstone_cluster.json
	  *EXTRA File 		     676	C:\Users\joshp\curseforge\minecraft\Instances\Alive Dev\saves\Desire Paths\datapacks_uncompiled\temp_dir\data\minecraft\worldgen\placed_feature\end_gateway_return.json
	  *EXTRA File 		    1081	C:\Users\joshp\curseforge\minecraft\Instances\Alive Dev\saves\Desire Paths\datapacks_uncompiled\temp_dir\data\minecraft\worldgen\placed_feature\end_island_decorated.json
	  *EXTRA File 		     362	C:\Users\joshp\curseforge\minecraft\Instances\Alive Dev\saves\Desire Paths\datapacks_uncompiled\temp_dir\data\minecraft\worldgen\placed_feature\end_platform.json
	  *EXTRA File 		     131	C:\Users\joshp\curseforge\minecraft\Instances\Alive Dev\saves\Desire Paths\datapacks_uncompiled\temp_dir\data\minecraft\worldgen\placed_feature\end_spike.json
	  *EXTRA File 		     453	C:\Users\joshp\curseforge\minecraft\Instances\Alive Dev\saves\Desire Paths\datapacks_uncompiled\temp_dir\data\minecraft\worldgen\placed_feature\fallen_birch_tree.json
	  *EXTRA File 		     455	C:\Users\joshp\curseforge\minecraft\Instances\Alive Dev\saves\Desire Paths\datapacks_uncompiled\temp_dir\data\minecraft\worldgen\placed_feature\fallen_jungle_tree.json
	  *EXTRA File 		     449	C:\Users\joshp\curseforge\minecraft\Instances\Alive Dev\saves\Desire Paths\datapacks_uncompiled\temp_dir\data\minecraft\worldgen\placed_feature\fallen_oak_tree.json
	  *EXTRA File 		     455	C:\Users\joshp\curseforge\minecraft\Instances\Alive Dev\saves\Desire Paths\datapacks_uncompiled\temp_dir\data\minecraft\worldgen\placed_feature\fallen_spruce_tree.json
	  *EXTRA File 		     459	C:\Users\joshp\curseforge\minecraft\Instances\Alive Dev\saves\Desire Paths\datapacks_uncompiled\temp_dir\data\minecraft\worldgen\placed_feature\fallen_super_birch_tree.json
	  *EXTRA File 		     448	C:\Users\joshp\curseforge\minecraft\Instances\Alive Dev\saves\Desire Paths\datapacks_uncompiled\temp_dir\data\minecraft\worldgen\placed_feature\fancy_oak_bees.json
	  *EXTRA File 		     465	C:\Users\joshp\curseforge\minecraft\Instances\Alive Dev\saves\Desire Paths\datapacks_uncompiled\temp_dir\data\minecraft\worldgen\placed_feature\fancy_oak_bees_0002_leaf_litter.json
	  *EXTRA File 		     452	C:\Users\joshp\curseforge\minecraft\Instances\Alive Dev\saves\Desire Paths\datapacks_uncompiled\temp_dir\data\minecraft\worldgen\placed_feature\fancy_oak_bees_002.json
	  *EXTRA File 		     443	C:\Users\joshp\curseforge\minecraft\Instances\Alive Dev\saves\Desire Paths\datapacks_uncompiled\temp_dir\data\minecraft\worldgen\placed_feature\fancy_oak_checked.json
	  *EXTRA File 		     455	C:\Users\joshp\curseforge\minecraft\Instances\Alive Dev\saves\Desire Paths\datapacks_uncompiled\temp_dir\data\minecraft\worldgen\placed_feature\fancy_oak_leaf_litter.json
	  *EXTRA File 		     487	C:\Users\joshp\curseforge\minecraft\Instances\Alive Dev\saves\Desire Paths\datapacks_uncompiled\temp_dir\data\minecraft\worldgen\placed_feature\flower_cherry.json
	  *EXTRA File 		     410	C:\Users\joshp\curseforge\minecraft\Instances\Alive Dev\saves\Desire Paths\datapacks_uncompiled\temp_dir\data\minecraft\worldgen\placed_feature\flower_default.json
	  *EXTRA File 		     502	C:\Users\joshp\curseforge\minecraft\Instances\Alive Dev\saves\Desire Paths\datapacks_uncompiled\temp_dir\data\minecraft\worldgen\placed_feature\flower_flower_forest.json
	  *EXTRA File 		     811	C:\Users\joshp\curseforge\minecraft\Instances\Alive Dev\saves\Desire Paths\datapacks_uncompiled\temp_dir\data\minecraft\worldgen\placed_feature\flower_forest_flowers.json
	  *EXTRA File 		     312	C:\Users\joshp\curseforge\minecraft\Instances\Alive Dev\saves\Desire Paths\datapacks_uncompiled\temp_dir\data\minecraft\worldgen\placed_feature\flower_meadow.json
	  *EXTRA File 		     414	C:\Users\joshp\curseforge\minecraft\Instances\Alive Dev\saves\Desire Paths\datapacks_uncompiled\temp_dir\data\minecraft\worldgen\placed_feature\flower_pale_garden.json
	  *EXTRA File 		      67	C:\Users\joshp\curseforge\minecraft\Instances\Alive Dev\saves\Desire Paths\datapacks_uncompiled\temp_dir\data\minecraft\worldgen\placed_feature\flower_plain.json
	  *EXTRA File 		     583	C:\Users\joshp\curseforge\minecraft\Instances\Alive Dev\saves\Desire Paths\datapacks_uncompiled\temp_dir\data\minecraft\worldgen\placed_feature\flower_plains.json
	  *EXTRA File 		     408	C:\Users\joshp\curseforge\minecraft\Instances\Alive Dev\saves\Desire Paths\datapacks_uncompiled\temp_dir\data\minecraft\worldgen\placed_feature\flower_swamp.json
	  *EXTRA File 		     410	C:\Users\joshp\curseforge\minecraft\Instances\Alive Dev\saves\Desire Paths\datapacks_uncompiled\temp_dir\data\minecraft\worldgen\placed_feature\flower_warm.json
	  *EXTRA File 		     811	C:\Users\joshp\curseforge\minecraft\Instances\Alive Dev\saves\Desire Paths\datapacks_uncompiled\temp_dir\data\minecraft\worldgen\placed_feature\forest_flowers.json
	  *EXTRA File 		     397	C:\Users\joshp\curseforge\minecraft\Instances\Alive Dev\saves\Desire Paths\datapacks_uncompiled\temp_dir\data\minecraft\worldgen\placed_feature\forest_rock.json
	  *EXTRA File 		     642	C:\Users\joshp\curseforge\minecraft\Instances\Alive Dev\saves\Desire Paths\datapacks_uncompiled\temp_dir\data\minecraft\worldgen\placed_feature\fossil_lower.json
	  *EXTRA File 		     634	C:\Users\joshp\curseforge\minecraft\Instances\Alive Dev\saves\Desire Paths\datapacks_uncompiled\temp_dir\data\minecraft\worldgen\placed_feature\fossil_upper.json
	  *EXTRA File 		     138	C:\Users\joshp\curseforge\minecraft\Instances\Alive Dev\saves\Desire Paths\datapacks_uncompiled\temp_dir\data\minecraft\worldgen\placed_feature\freeze_top_layer.json
	  *EXTRA File 		     633	C:\Users\joshp\curseforge\minecraft\Instances\Alive Dev\saves\Desire Paths\datapacks_uncompiled\temp_dir\data\minecraft\worldgen\placed_feature\glowstone.json
	  *EXTRA File 		     775	C:\Users\joshp\curseforge\minecraft\Instances\Alive Dev\saves\Desire Paths\datapacks_uncompiled\temp_dir\data\minecraft\worldgen\placed_feature\glowstone_extra.json
	  *EXTRA File 		     936	C:\Users\joshp\curseforge\minecraft\Instances\Alive Dev\saves\Desire Paths\datapacks_uncompiled\temp_dir\data\minecraft\worldgen\placed_feature\glow_lichen.json
	  *EXTRA File 		     301	C:\Users\joshp\curseforge\minecraft\Instances\Alive Dev\saves\Desire Paths\datapacks_uncompiled\temp_dir\data\minecraft\worldgen\placed_feature\grass_bonemeal.json
	  *EXTRA File 		     298	C:\Users\joshp\curseforge\minecraft\Instances\Alive Dev\saves\Desire Paths\datapacks_uncompiled\temp_dir\data\minecraft\worldgen\placed_feature\iceberg_blue.json
	  *EXTRA File 		     299	C:\Users\joshp\curseforge\minecraft\Instances\Alive Dev\saves\Desire Paths\datapacks_uncompiled\temp_dir\data\minecraft\worldgen\placed_feature\iceberg_packed.json
	  *EXTRA File 		     750	C:\Users\joshp\curseforge\minecraft\Instances\Alive Dev\saves\Desire Paths\datapacks_uncompiled\temp_dir\data\minecraft\worldgen\placed_feature\ice_patch.json
	  *EXTRA File 		     395	C:\Users\joshp\curseforge\minecraft\Instances\Alive Dev\saves\Desire Paths\datapacks_uncompiled\temp_dir\data\minecraft\worldgen\placed_feature\ice_spike.json
	  *EXTRA File 		     445	C:\Users\joshp\curseforge\minecraft\Instances\Alive Dev\saves\Desire Paths\datapacks_uncompiled\temp_dir\data\minecraft\worldgen\placed_feature\jungle_bush.json
	  *EXTRA File 		     448	C:\Users\joshp\curseforge\minecraft\Instances\Alive Dev\saves\Desire Paths\datapacks_uncompiled\temp_dir\data\minecraft\worldgen\placed_feature\jungle_tree.json
	  *EXTRA File 		     487	C:\Users\joshp\curseforge\minecraft\Instances\Alive Dev\saves\Desire Paths\datapacks_uncompiled\temp_dir\data\minecraft\worldgen\placed_feature\kelp_cold.json
	  *EXTRA File 		     486	C:\Users\joshp\curseforge\minecraft\Instances\Alive Dev\saves\Desire Paths\datapacks_uncompiled\temp_dir\data\minecraft\worldgen\placed_feature\kelp_warm.json
	  *EXTRA File 		     407	C:\Users\joshp\curseforge\minecraft\Instances\Alive Dev\saves\Desire Paths\datapacks_uncompiled\temp_dir\data\minecraft\worldgen\placed_feature\lake_lava_surface.json
	  *EXTRA File 		    1651	C:\Users\joshp\curseforge\minecraft\Instances\Alive Dev\saves\Desire Paths\datapacks_uncompiled\temp_dir\data\minecraft\worldgen\placed_feature\lake_lava_underground.json
	  *EXTRA File 		     244	C:\Users\joshp\curseforge\minecraft\Instances\Alive Dev\saves\Desire Paths\datapacks_uncompiled\temp_dir\data\minecraft\worldgen\placed_feature\large_basalt_columns.json
	  *EXTRA File 		     769	C:\Users\joshp\curseforge\minecraft\Instances\Alive Dev\saves\Desire Paths\datapacks_uncompiled\temp_dir\data\minecraft\worldgen\placed_feature\large_dripstone.json
	  *EXTRA File 		    1161	C:\Users\joshp\curseforge\minecraft\Instances\Alive Dev\saves\Desire Paths\datapacks_uncompiled\temp_dir\data\minecraft\worldgen\placed_feature\lush_caves_ceiling_vegetation.json
	  *EXTRA File 		    1158	C:\Users\joshp\curseforge\minecraft\Instances\Alive Dev\saves\Desire Paths\datapacks_uncompiled\temp_dir\data\minecraft\worldgen\placed_feature\lush_caves_clay.json
	  *EXTRA File 		    1154	C:\Users\joshp\curseforge\minecraft\Instances\Alive Dev\saves\Desire Paths\datapacks_uncompiled\temp_dir\data\minecraft\worldgen\placed_feature\lush_caves_vegetation.json
	  *EXTRA File 		     580	C:\Users\joshp\curseforge\minecraft\Instances\Alive Dev\saves\Desire Paths\datapacks_uncompiled\temp_dir\data\minecraft\worldgen\placed_feature\mangrove_checked.json
	  *EXTRA File 		     453	C:\Users\joshp\curseforge\minecraft\Instances\Alive Dev\saves\Desire Paths\datapacks_uncompiled\temp_dir\data\minecraft\worldgen\placed_feature\mega_jungle_tree_checked.json
	  *EXTRA File 		     446	C:\Users\joshp\curseforge\minecraft\Instances\Alive Dev\saves\Desire Paths\datapacks_uncompiled\temp_dir\data\minecraft\worldgen\placed_feature\mega_pine_checked.json
	  *EXTRA File 		     448	C:\Users\joshp\curseforge\minecraft\Instances\Alive Dev\saves\Desire Paths\datapacks_uncompiled\temp_dir\data\minecraft\worldgen\placed_feature\mega_spruce_checked.json
	  *EXTRA File 		     626	C:\Users\joshp\curseforge\minecraft\Instances\Alive Dev\saves\Desire Paths\datapacks_uncompiled\temp_dir\data\minecraft\worldgen\placed_feature\monster_room.json
	  *EXTRA File 		     629	C:\Users\joshp\curseforge\minecraft\Instances\Alive Dev\saves\Desire Paths\datapacks_uncompiled\temp_dir\data\minecraft\worldgen\placed_feature\monster_room_deep.json
	  *EXTRA File 		     325	C:\Users\joshp\curseforge\minecraft\Instances\Alive Dev\saves\Desire Paths\datapacks_uncompiled\temp_dir\data\minecraft\worldgen\placed_feature\mushroom_island_vegetation.json
	  *EXTRA File 		     238	C:\Users\joshp\curseforge\minecraft\Instances\Alive Dev\saves\Desire Paths\datapacks_uncompiled\temp_dir\data\minecraft\worldgen\placed_feature\nether_sprouts.json
	  *EXTRA File 		     437	C:\Users\joshp\curseforge\minecraft\Instances\Alive Dev\saves\Desire Paths\datapacks_uncompiled\temp_dir\data\minecraft\worldgen\placed_feature\oak.json
	  *EXTRA File 		     459	C:\Users\joshp\curseforge\minecraft\Instances\Alive Dev\saves\Desire Paths\datapacks_uncompiled\temp_dir\data\minecraft\worldgen\placed_feature\oak_bees_0002_leaf_litter.json
	  *EXTRA File 		     446	C:\Users\joshp\curseforge\minecraft\Instances\Alive Dev\saves\Desire Paths\datapacks_uncompiled\temp_dir\data\minecraft\worldgen\placed_feature\oak_bees_002.json
	  *EXTRA File 		     437	C:\Users\joshp\curseforge\minecraft\Instances\Alive Dev\saves\Desire Paths\datapacks_uncompiled\temp_dir\data\minecraft\worldgen\placed_feature\oak_checked.json
	  *EXTRA File 		     449	C:\Users\joshp\curseforge\minecraft\Instances\Alive Dev\saves\Desire Paths\datapacks_uncompiled\temp_dir\data\minecraft\worldgen\placed_feature\oak_leaf_litter.json
	  *EXTRA File 		     552	C:\Users\joshp\curseforge\minecraft\Instances\Alive Dev\saves\Desire Paths\datapacks_uncompiled\temp_dir\data\minecraft\worldgen\placed_feature\ore_ancient_debris_large.json
	  *EXTRA File 		     625	C:\Users\joshp\curseforge\minecraft\Instances\Alive Dev\saves\Desire Paths\datapacks_uncompiled\temp_dir\data\minecraft\worldgen\placed_feature\ore_andesite_lower.json
	  *EXTRA File 		     636	C:\Users\joshp\curseforge\minecraft\Instances\Alive Dev\saves\Desire Paths\datapacks_uncompiled\temp_dir\data\minecraft\worldgen\placed_feature\ore_andesite_upper.json
	  *EXTRA File 		     627	C:\Users\joshp\curseforge\minecraft\Instances\Alive Dev\saves\Desire Paths\datapacks_uncompiled\temp_dir\data\minecraft\worldgen\placed_feature\ore_blackstone.json
	  *EXTRA File 		     627	C:\Users\joshp\curseforge\minecraft\Instances\Alive Dev\saves\Desire Paths\datapacks_uncompiled\temp_dir\data\minecraft\worldgen\placed_feature\ore_clay.json
	  *EXTRA File 		     632	C:\Users\joshp\curseforge\minecraft\Instances\Alive Dev\saves\Desire Paths\datapacks_uncompiled\temp_dir\data\minecraft\worldgen\placed_feature\ore_coal_lower.json
	  *EXTRA File 		     624	C:\Users\joshp\curseforge\minecraft\Instances\Alive Dev\saves\Desire Paths\datapacks_uncompiled\temp_dir\data\minecraft\worldgen\placed_feature\ore_coal_upper.json
	  *EXTRA File 		     635	C:\Users\joshp\curseforge\minecraft\Instances\Alive Dev\saves\Desire Paths\datapacks_uncompiled\temp_dir\data\minecraft\worldgen\placed_feature\ore_copper.json
	  *EXTRA File 		     635	C:\Users\joshp\curseforge\minecraft\Instances\Alive Dev\saves\Desire Paths\datapacks_uncompiled\temp_dir\data\minecraft\worldgen\placed_feature\ore_copper_large.json
	  *EXTRA File 		     554	C:\Users\joshp\curseforge\minecraft\Instances\Alive Dev\saves\Desire Paths\datapacks_uncompiled\temp_dir\data\minecraft\worldgen\placed_feature\ore_debris_small.json
	  *EXTRA File 		     642	C:\Users\joshp\curseforge\minecraft\Instances\Alive Dev\saves\Desire Paths\datapacks_uncompiled\temp_dir\data\minecraft\worldgen\placed_feature\ore_diamond.json
	  *EXTRA File 		     643	C:\Users\joshp\curseforge\minecraft\Instances\Alive Dev\saves\Desire Paths\datapacks_uncompiled\temp_dir\data\minecraft\worldgen\placed_feature\ore_diamond_buried.json
	  *EXTRA File 		     651	C:\Users\joshp\curseforge\minecraft\Instances\Alive Dev\saves\Desire Paths\datapacks_uncompiled\temp_dir\data\minecraft\worldgen\placed_feature\ore_diamond_large.json
	  *EXTRA File 		     633	C:\Users\joshp\curseforge\minecraft\Instances\Alive Dev\saves\Desire Paths\datapacks_uncompiled\temp_dir\data\minecraft\worldgen\placed_feature\ore_diamond_medium.json
	  *EXTRA File 		     624	C:\Users\joshp\curseforge\minecraft\Instances\Alive Dev\saves\Desire Paths\datapacks_uncompiled\temp_dir\data\minecraft\worldgen\placed_feature\ore_diorite_lower.json
	  *EXTRA File 		     635	C:\Users\joshp\curseforge\minecraft\Instances\Alive Dev\saves\Desire Paths\datapacks_uncompiled\temp_dir\data\minecraft\worldgen\placed_feature\ore_diorite_upper.json
	  *EXTRA File 		     622	C:\Users\joshp\curseforge\minecraft\Instances\Alive Dev\saves\Desire Paths\datapacks_uncompiled\temp_dir\data\minecraft\worldgen\placed_feature\ore_dirt.json
	  *EXTRA File 		     631	C:\Users\joshp\curseforge\minecraft\Instances\Alive Dev\saves\Desire Paths\datapacks_uncompiled\temp_dir\data\minecraft\worldgen\placed_feature\ore_emerald.json
	  *EXTRA File 		     632	C:\Users\joshp\curseforge\minecraft\Instances\Alive Dev\saves\Desire Paths\datapacks_uncompiled\temp_dir\data\minecraft\worldgen\placed_feature\ore_gold.json
	  *EXTRA File 		     635	C:\Users\joshp\curseforge\minecraft\Instances\Alive Dev\saves\Desire Paths\datapacks_uncompiled\temp_dir\data\minecraft\worldgen\placed_feature\ore_gold_deltas.json
	  *EXTRA File 		     624	C:\Users\joshp\curseforge\minecraft\Instances\Alive Dev\saves\Desire Paths\datapacks_uncompiled\temp_dir\data\minecraft\worldgen\placed_feature\ore_gold_extra.json
	  *EXTRA File 		     765	C:\Users\joshp\curseforge\minecraft\Instances\Alive Dev\saves\Desire Paths\datapacks_uncompiled\temp_dir\data\minecraft\worldgen\placed_feature\ore_gold_lower.json
	  *EXTRA File 		     635	C:\Users\joshp\curseforge\minecraft\Instances\Alive Dev\saves\Desire Paths\datapacks_uncompiled\temp_dir\data\minecraft\worldgen\placed_feature\ore_gold_nether.json
	  *EXTRA File 		     624	C:\Users\joshp\curseforge\minecraft\Instances\Alive Dev\saves\Desire Paths\datapacks_uncompiled\temp_dir\data\minecraft\worldgen\placed_feature\ore_granite_lower.json
	  *EXTRA File 		     635	C:\Users\joshp\curseforge\minecraft\Instances\Alive Dev\saves\Desire Paths\datapacks_uncompiled\temp_dir\data\minecraft\worldgen\placed_feature\ore_granite_upper.json
	  *EXTRA File 		     628	C:\Users\joshp\curseforge\minecraft\Instances\Alive Dev\saves\Desire Paths\datapacks_uncompiled\temp_dir\data\minecraft\worldgen\placed_feature\ore_gravel.json
	  *EXTRA File 		     630	C:\Users\joshp\curseforge\minecraft\Instances\Alive Dev\saves\Desire Paths\datapacks_uncompiled\temp_dir\data\minecraft\worldgen\placed_feature\ore_gravel_nether.json
	  *EXTRA File 		     630	C:\Users\joshp\curseforge\minecraft\Instances\Alive Dev\saves\Desire Paths\datapacks_uncompiled\temp_dir\data\minecraft\worldgen\placed_feature\ore_infested.json
	  *EXTRA File 		     626	C:\Users\joshp\curseforge\minecraft\Instances\Alive Dev\saves\Desire Paths\datapacks_uncompiled\temp_dir\data\minecraft\worldgen\placed_feature\ore_iron_middle.json
	  *EXTRA File 		     632	C:\Users\joshp\curseforge\minecraft\Instances\Alive Dev\saves\Desire Paths\datapacks_uncompiled\temp_dir\data\minecraft\worldgen\placed_feature\ore_iron_small.json
	  *EXTRA File 		     626	C:\Users\joshp\curseforge\minecraft\Instances\Alive Dev\saves\Desire Paths\datapacks_uncompiled\temp_dir\data\minecraft\worldgen\placed_feature\ore_iron_upper.json
	  *EXTRA File 		     626	C:\Users\joshp\curseforge\minecraft\Instances\Alive Dev\saves\Desire Paths\datapacks_uncompiled\temp_dir\data\minecraft\worldgen\placed_feature\ore_lapis.json
	  *EXTRA File 		     633	C:\Users\joshp\curseforge\minecraft\Instances\Alive Dev\saves\Desire Paths\datapacks_uncompiled\temp_dir\data\minecraft\worldgen\placed_feature\ore_lapis_buried.json
	  *EXTRA File 		     623	C:\Users\joshp\curseforge\minecraft\Instances\Alive Dev\saves\Desire Paths\datapacks_uncompiled\temp_dir\data\minecraft\worldgen\placed_feature\ore_magma.json
	  *EXTRA File 		     630	C:\Users\joshp\curseforge\minecraft\Instances\Alive Dev\saves\Desire Paths\datapacks_uncompiled\temp_dir\data\minecraft\worldgen\placed_feature\ore_quartz_deltas.json
	  *EXTRA File 		     630	C:\Users\joshp\curseforge\minecraft\Instances\Alive Dev\saves\Desire Paths\datapacks_uncompiled\temp_dir\data\minecraft\worldgen\placed_feature\ore_quartz_nether.json
	  *EXTRA File 		     629	C:\Users\joshp\curseforge\minecraft\Instances\Alive Dev\saves\Desire Paths\datapacks_uncompiled\temp_dir\data\minecraft\worldgen\placed_feature\ore_redstone.json
	  *EXTRA File 		     637	C:\Users\joshp\curseforge\minecraft\Instances\Alive Dev\saves\Desire Paths\datapacks_uncompiled\temp_dir\data\minecraft\worldgen\placed_feature\ore_redstone_lower.json
	  *EXTRA File 		     631	C:\Users\joshp\curseforge\minecraft\Instances\Alive Dev\saves\Desire Paths\datapacks_uncompiled\temp_dir\data\minecraft\worldgen\placed_feature\ore_soul_sand.json
	  *EXTRA File 		     624	C:\Users\joshp\curseforge\minecraft\Instances\Alive Dev\saves\Desire Paths\datapacks_uncompiled\temp_dir\data\minecraft\worldgen\placed_feature\ore_tuff.json
	  *EXTRA File 		     424	C:\Users\joshp\curseforge\minecraft\Instances\Alive Dev\saves\Desire Paths\datapacks_uncompiled\temp_dir\data\minecraft\worldgen\placed_feature\pale_garden_flowers.json
	  *EXTRA File 		     523	C:\Users\joshp\curseforge\minecraft\Instances\Alive Dev\saves\Desire Paths\datapacks_uncompiled\temp_dir\data\minecraft\worldgen\placed_feature\pale_garden_vegetation.json
	  *EXTRA File 		     411	C:\Users\joshp\curseforge\minecraft\Instances\Alive Dev\saves\Desire Paths\datapacks_uncompiled\temp_dir\data\minecraft\worldgen\placed_feature\pale_moss_patch.json
	  *EXTRA File 		     447	C:\Users\joshp\curseforge\minecraft\Instances\Alive Dev\saves\Desire Paths\datapacks_uncompiled\temp_dir\data\minecraft\worldgen\placed_feature\pale_oak_checked.json
	  *EXTRA File 		     456	C:\Users\joshp\curseforge\minecraft\Instances\Alive Dev\saves\Desire Paths\datapacks_uncompiled\temp_dir\data\minecraft\worldgen\placed_feature\pale_oak_creaking_checked.json
	  *EXTRA File 		      71	C:\Users\joshp\curseforge\minecraft\Instances\Alive Dev\saves\Desire Paths\datapacks_uncompiled\temp_dir\data\minecraft\worldgen\placed_feature\patch_berry_bush.json
	  *EXTRA File 		     413	C:\Users\joshp\curseforge\minecraft\Instances\Alive Dev\saves\Desire Paths\datapacks_uncompiled\temp_dir\data\minecraft\worldgen\placed_feature\patch_berry_common.json
	  *EXTRA File 		     414	C:\Users\joshp\curseforge\minecraft\Instances\Alive Dev\saves\Desire Paths\datapacks_uncompiled\temp_dir\data\minecraft\worldgen\placed_feature\patch_berry_rare.json
	  *EXTRA File 		     405	C:\Users\joshp\curseforge\minecraft\Instances\Alive Dev\saves\Desire Paths\datapacks_uncompiled\temp_dir\data\minecraft\worldgen\placed_feature\patch_bush.json
	  *EXTRA File 		      67	C:\Users\joshp\curseforge\minecraft\Instances\Alive Dev\saves\Desire Paths\datapacks_uncompiled\temp_dir\data\minecraft\worldgen\placed_feature\patch_cactus.json
	  *EXTRA File 		     408	C:\Users\joshp\curseforge\minecraft\Instances\Alive Dev\saves\Desire Paths\datapacks_uncompiled\temp_dir\data\minecraft\worldgen\placed_feature\patch_cactus_decorated.json
	  *EXTRA File 		     407	C:\Users\joshp\curseforge\minecraft\Instances\Alive Dev\saves\Desire Paths\datapacks_uncompiled\temp_dir\data\minecraft\worldgen\placed_feature\patch_cactus_desert.json
	  *EXTRA File 		     483	C:\Users\joshp\curseforge\minecraft\Instances\Alive Dev\saves\Desire Paths\datapacks_uncompiled\temp_dir\data\minecraft\worldgen\placed_feature\patch_crimson_roots.json
	  *EXTRA File 		     315	C:\Users\joshp\curseforge\minecraft\Instances\Alive Dev\saves\Desire Paths\datapacks_uncompiled\temp_dir\data\minecraft\worldgen\placed_feature\patch_dead_bush.json
	  *EXTRA File 		     402	C:\Users\joshp\curseforge\minecraft\Instances\Alive Dev\saves\Desire Paths\datapacks_uncompiled\temp_dir\data\minecraft\worldgen\placed_feature\patch_dead_bush_2.json
	  *EXTRA File 		     403	C:\Users\joshp\curseforge\minecraft\Instances\Alive Dev\saves\Desire Paths\datapacks_uncompiled\temp_dir\data\minecraft\worldgen\placed_feature\patch_dead_bush_badlands.json
	  *EXTRA File 		     410	C:\Users\joshp\curseforge\minecraft\Instances\Alive Dev\saves\Desire Paths\datapacks_uncompiled\temp_dir\data\minecraft\worldgen\placed_feature\patch_dry_grass_badlands.json
	  *EXTRA File 		     410	C:\Users\joshp\curseforge\minecraft\Instances\Alive Dev\saves\Desire Paths\datapacks_uncompiled\temp_dir\data\minecraft\worldgen\placed_feature\patch_dry_grass_desert.json
	  *EXTRA File 		     761	C:\Users\joshp\curseforge\minecraft\Instances\Alive Dev\saves\Desire Paths\datapacks_uncompiled\temp_dir\data\minecraft\worldgen\placed_feature\patch_fire.json
	  *EXTRA File 		    3326	C:\Users\joshp\curseforge\minecraft\Instances\Alive Dev\saves\Desire Paths\datapacks_uncompiled\temp_dir\data\minecraft\worldgen\placed_feature\patch_firefly_bush_near_water.json
	  *EXTRA File 		    3316	C:\Users\joshp\curseforge\minecraft\Instances\Alive Dev\saves\Desire Paths\datapacks_uncompiled\temp_dir\data\minecraft\worldgen\placed_feature\patch_firefly_bush_near_water_swamp.json
	  *EXTRA File 		     413	C:\Users\joshp\curseforge\minecraft\Instances\Alive Dev\saves\Desire Paths\datapacks_uncompiled\temp_dir\data\minecraft\worldgen\placed_feature\patch_firefly_bush_swamp.json
	  *EXTRA File 		     311	C:\Users\joshp\curseforge\minecraft\Instances\Alive Dev\saves\Desire Paths\datapacks_uncompiled\temp_dir\data\minecraft\worldgen\placed_feature\patch_grass_badlands.json
	  *EXTRA File 		     398	C:\Users\joshp\curseforge\minecraft\Instances\Alive Dev\saves\Desire Paths\datapacks_uncompiled\temp_dir\data\minecraft\worldgen\placed_feature\patch_grass_forest.json
	  *EXTRA File 		     406	C:\Users\joshp\curseforge\minecraft\Instances\Alive Dev\saves\Desire Paths\datapacks_uncompiled\temp_dir\data\minecraft\worldgen\placed_feature\patch_grass_jungle.json
	  *EXTRA File 		     493	C:\Users\joshp\curseforge\minecraft\Instances\Alive Dev\saves\Desire Paths\datapacks_uncompiled\temp_dir\data\minecraft\worldgen\placed_feature\patch_grass_meadow.json
	  *EXTRA File 		     398	C:\Users\joshp\curseforge\minecraft\Instances\Alive Dev\saves\Desire Paths\datapacks_uncompiled\temp_dir\data\minecraft\worldgen\placed_feature\patch_grass_normal.json
	  *EXTRA File 		     486	C:\Users\joshp\curseforge\minecraft\Instances\Alive Dev\saves\Desire Paths\datapacks_uncompiled\temp_dir\data\minecraft\worldgen\placed_feature\patch_grass_plain.json
	  *EXTRA File 		     399	C:\Users\joshp\curseforge\minecraft\Instances\Alive Dev\saves\Desire Paths\datapacks_uncompiled\temp_dir\data\minecraft\worldgen\placed_feature\patch_grass_savanna.json
	  *EXTRA File 		     404	C:\Users\joshp\curseforge\minecraft\Instances\Alive Dev\saves\Desire Paths\datapacks_uncompiled\temp_dir\data\minecraft\worldgen\placed_feature\patch_grass_taiga.json
	  *EXTRA File 		     317	C:\Users\joshp\curseforge\minecraft\Instances\Alive Dev\saves\Desire Paths\datapacks_uncompiled\temp_dir\data\minecraft\worldgen\placed_feature\patch_grass_taiga_2.json
	  *EXTRA File 		     411	C:\Users\joshp\curseforge\minecraft\Instances\Alive Dev\saves\Desire Paths\datapacks_uncompiled\temp_dir\data\minecraft\worldgen\placed_feature\patch_large_fern.json
	  *EXTRA File 		     404	C:\Users\joshp\curseforge\minecraft\Instances\Alive Dev\saves\Desire Paths\datapacks_uncompiled\temp_dir\data\minecraft\worldgen\placed_feature\patch_leaf_litter.json
	  *EXTRA File 		     406	C:\Users\joshp\curseforge\minecraft\Instances\Alive Dev\saves\Desire Paths\datapacks_uncompiled\temp_dir\data\minecraft\worldgen\placed_feature\patch_melon.json
	  *EXTRA File 		     407	C:\Users\joshp\curseforge\minecraft\Instances\Alive Dev\saves\Desire Paths\datapacks_uncompiled\temp_dir\data\minecraft\worldgen\placed_feature\patch_melon_sparse.json
	  *EXTRA File 		     410	C:\Users\joshp\curseforge\minecraft\Instances\Alive Dev\saves\Desire Paths\datapacks_uncompiled\temp_dir\data\minecraft\worldgen\placed_feature\patch_pumpkin.json
	  *EXTRA File 		     766	C:\Users\joshp\curseforge\minecraft\Instances\Alive Dev\saves\Desire Paths\datapacks_uncompiled\temp_dir\data\minecraft\worldgen\placed_feature\patch_soul_fire.json
	  *EXTRA File 		     411	C:\Users\joshp\curseforge\minecraft\Instances\Alive Dev\saves\Desire Paths\datapacks_uncompiled\temp_dir\data\minecraft\worldgen\placed_feature\patch_sugar_cane.json
	  *EXTRA File 		     411	C:\Users\joshp\curseforge\minecraft\Instances\Alive Dev\saves\Desire Paths\datapacks_uncompiled\temp_dir\data\minecraft\worldgen\placed_feature\patch_sugar_cane_badlands.json
	  *EXTRA File 		     315	C:\Users\joshp\curseforge\minecraft\Instances\Alive Dev\saves\Desire Paths\datapacks_uncompiled\temp_dir\data\minecraft\worldgen\placed_feature\patch_sugar_cane_desert.json
	  *EXTRA File 		     411	C:\Users\joshp\curseforge\minecraft\Instances\Alive Dev\saves\Desire Paths\datapacks_uncompiled\temp_dir\data\minecraft\worldgen\placed_feature\patch_sugar_cane_swamp.json
	  *EXTRA File 		     410	C:\Users\joshp\curseforge\minecraft\Instances\Alive Dev\saves\Desire Paths\datapacks_uncompiled\temp_dir\data\minecraft\worldgen\placed_feature\patch_sunflower.json
	  *EXTRA File 		      72	C:\Users\joshp\curseforge\minecraft\Instances\Alive Dev\saves\Desire Paths\datapacks_uncompiled\temp_dir\data\minecraft\worldgen\placed_feature\patch_taiga_grass.json
	  *EXTRA File 		     411	C:\Users\joshp\curseforge\minecraft\Instances\Alive Dev\saves\Desire Paths\datapacks_uncompiled\temp_dir\data\minecraft\worldgen\placed_feature\patch_tall_grass.json
	  *EXTRA File 		     586	C:\Users\joshp\curseforge\minecraft\Instances\Alive Dev\saves\Desire Paths\datapacks_uncompiled\temp_dir\data\minecraft\worldgen\placed_feature\patch_tall_grass_2.json
	  *EXTRA File 		     402	C:\Users\joshp\curseforge\minecraft\Instances\Alive Dev\saves\Desire Paths\datapacks_uncompiled\temp_dir\data\minecraft\worldgen\placed_feature\patch_waterlily.json
	  *EXTRA File 		      63	C:\Users\joshp\curseforge\minecraft\Instances\Alive Dev\saves\Desire Paths\datapacks_uncompiled\temp_dir\data\minecraft\worldgen\placed_feature\pile_hay.json
	  *EXTRA File 		      63	C:\Users\joshp\curseforge\minecraft\Instances\Alive Dev\saves\Desire Paths\datapacks_uncompiled\temp_dir\data\minecraft\worldgen\placed_feature\pile_ice.json
	  *EXTRA File 		      65	C:\Users\joshp\curseforge\minecraft\Instances\Alive Dev\saves\Desire Paths\datapacks_uncompiled\temp_dir\data\minecraft\worldgen\placed_feature\pile_melon.json
	  *EXTRA File 		      67	C:\Users\joshp\curseforge\minecraft\Instances\Alive Dev\saves\Desire Paths\datapacks_uncompiled\temp_dir\data\minecraft\worldgen\placed_feature\pile_pumpkin.json
	  *EXTRA File 		      64	C:\Users\joshp\curseforge\minecraft\Instances\Alive Dev\saves\Desire Paths\datapacks_uncompiled\temp_dir\data\minecraft\worldgen\placed_feature\pile_snow.json
	  *EXTRA File 		     441	C:\Users\joshp\curseforge\minecraft\Instances\Alive Dev\saves\Desire Paths\datapacks_uncompiled\temp_dir\data\minecraft\worldgen\placed_feature\pine.json
	  *EXTRA File 		     441	C:\Users\joshp\curseforge\minecraft\Instances\Alive Dev\saves\Desire Paths\datapacks_uncompiled\temp_dir\data\minecraft\worldgen\placed_feature\pine_checked.json
	  *EXTRA File 		     901	C:\Users\joshp\curseforge\minecraft\Instances\Alive Dev\saves\Desire Paths\datapacks_uncompiled\temp_dir\data\minecraft\worldgen\placed_feature\pine_on_snow.json
	  *EXTRA File 		    1537	C:\Users\joshp\curseforge\minecraft\Instances\Alive Dev\saves\Desire Paths\datapacks_uncompiled\temp_dir\data\minecraft\worldgen\placed_feature\pointed_dripstone.json
	  *EXTRA File 		     644	C:\Users\joshp\curseforge\minecraft\Instances\Alive Dev\saves\Desire Paths\datapacks_uncompiled\temp_dir\data\minecraft\worldgen\placed_feature\red_mushroom_nether.json
	  *EXTRA File 		     415	C:\Users\joshp\curseforge\minecraft\Instances\Alive Dev\saves\Desire Paths\datapacks_uncompiled\temp_dir\data\minecraft\worldgen\placed_feature\red_mushroom_normal.json
	  *EXTRA File 		     415	C:\Users\joshp\curseforge\minecraft\Instances\Alive Dev\saves\Desire Paths\datapacks_uncompiled\temp_dir\data\minecraft\worldgen\placed_feature\red_mushroom_old_growth.json
	  *EXTRA File 		     414	C:\Users\joshp\curseforge\minecraft\Instances\Alive Dev\saves\Desire Paths\datapacks_uncompiled\temp_dir\data\minecraft\worldgen\placed_feature\red_mushroom_swamp.json
	  *EXTRA File 		     415	C:\Users\joshp\curseforge\minecraft\Instances\Alive Dev\saves\Desire Paths\datapacks_uncompiled\temp_dir\data\minecraft\worldgen\placed_feature\red_mushroom_taiga.json
	  *EXTRA File 		    1293	C:\Users\joshp\curseforge\minecraft\Instances\Alive Dev\saves\Desire Paths\datapacks_uncompiled\temp_dir\data\minecraft\worldgen\placed_feature\rooted_azalea_tree.json
	  *EXTRA File 		      79	C:\Users\joshp\curseforge\minecraft\Instances\Alive Dev\saves\Desire Paths\datapacks_uncompiled\temp_dir\data\minecraft\worldgen\placed_feature\sculk_patch_ancient_city.json
	  *EXTRA File 		     641	C:\Users\joshp\curseforge\minecraft\Instances\Alive Dev\saves\Desire Paths\datapacks_uncompiled\temp_dir\data\minecraft\worldgen\placed_feature\sculk_patch_deep_dark.json
	  *EXTRA File 		     766	C:\Users\joshp\curseforge\minecraft\Instances\Alive Dev\saves\Desire Paths\datapacks_uncompiled\temp_dir\data\minecraft\worldgen\placed_feature\sculk_vein.json
	  *EXTRA File 		     400	C:\Users\joshp\curseforge\minecraft\Instances\Alive Dev\saves\Desire Paths\datapacks_uncompiled\temp_dir\data\minecraft\worldgen\placed_feature\seagrass_cold.json
	  *EXTRA File 		     399	C:\Users\joshp\curseforge\minecraft\Instances\Alive Dev\saves\Desire Paths\datapacks_uncompiled\temp_dir\data\minecraft\worldgen\placed_feature\seagrass_deep.json
	  *EXTRA File 		     399	C:\Users\joshp\curseforge\minecraft\Instances\Alive Dev\saves\Desire Paths\datapacks_uncompiled\temp_dir\data\minecraft\worldgen\placed_feature\seagrass_deep_cold.json
	  *EXTRA File 		     399	C:\Users\joshp\curseforge\minecraft\Instances\Alive Dev\saves\Desire Paths\datapacks_uncompiled\temp_dir\data\minecraft\worldgen\placed_feature\seagrass_deep_warm.json
	  *EXTRA File 		     400	C:\Users\joshp\curseforge\minecraft\Instances\Alive Dev\saves\Desire Paths\datapacks_uncompiled\temp_dir\data\minecraft\worldgen\placed_feature\seagrass_normal.json
	  *EXTRA File 		     414	C:\Users\joshp\curseforge\minecraft\Instances\Alive Dev\saves\Desire Paths\datapacks_uncompiled\temp_dir\data\minecraft\worldgen\placed_feature\seagrass_river.json
	  *EXTRA File 		     398	C:\Users\joshp\curseforge\minecraft\Instances\Alive Dev\saves\Desire Paths\datapacks_uncompiled\temp_dir\data\minecraft\worldgen\placed_feature\seagrass_swamp.json
	  *EXTRA File 		     400	C:\Users\joshp\curseforge\minecraft\Instances\Alive Dev\saves\Desire Paths\datapacks_uncompiled\temp_dir\data\minecraft\worldgen\placed_feature\seagrass_warm.json
	  *EXTRA File 		     405	C:\Users\joshp\curseforge\minecraft\Instances\Alive Dev\saves\Desire Paths\datapacks_uncompiled\temp_dir\data\minecraft\worldgen\placed_feature\sea_pickle.json
	  *EXTRA File 		     244	C:\Users\joshp\curseforge\minecraft\Instances\Alive Dev\saves\Desire Paths\datapacks_uncompiled\temp_dir\data\minecraft\worldgen\placed_feature\small_basalt_columns.json
	  *EXTRA File 		    1155	C:\Users\joshp\curseforge\minecraft\Instances\Alive Dev\saves\Desire Paths\datapacks_uncompiled\temp_dir\data\minecraft\worldgen\placed_feature\spore_blossom.json
	  *EXTRA File 		     640	C:\Users\joshp\curseforge\minecraft\Instances\Alive Dev\saves\Desire Paths\datapacks_uncompiled\temp_dir\data\minecraft\worldgen\placed_feature\spring_closed.json
	  *EXTRA File 		     640	C:\Users\joshp\curseforge\minecraft\Instances\Alive Dev\saves\Desire Paths\datapacks_uncompiled\temp_dir\data\minecraft\worldgen\placed_feature\spring_closed_double.json
	  *EXTRA File 		     636	C:\Users\joshp\curseforge\minecraft\Instances\Alive Dev\saves\Desire Paths\datapacks_uncompiled\temp_dir\data\minecraft\worldgen\placed_feature\spring_delta.json
	  *EXTRA File 		     682	C:\Users\joshp\curseforge\minecraft\Instances\Alive Dev\saves\Desire Paths\datapacks_uncompiled\temp_dir\data\minecraft\worldgen\placed_feature\spring_lava.json
	  *EXTRA File 		     679	C:\Users\joshp\curseforge\minecraft\Instances\Alive Dev\saves\Desire Paths\datapacks_uncompiled\temp_dir\data\minecraft\worldgen\placed_feature\spring_lava_frozen.json
	  *EXTRA File 		     635	C:\Users\joshp\curseforge\minecraft\Instances\Alive Dev\saves\Desire Paths\datapacks_uncompiled\temp_dir\data\minecraft\worldgen\placed_feature\spring_open.json
	  *EXTRA File 		     631	C:\Users\joshp\curseforge\minecraft\Instances\Alive Dev\saves\Desire Paths\datapacks_uncompiled\temp_dir\data\minecraft\worldgen\placed_feature\spring_water.json
	  *EXTRA File 		     443	C:\Users\joshp\curseforge\minecraft\Instances\Alive Dev\saves\Desire Paths\datapacks_uncompiled\temp_dir\data\minecraft\worldgen\placed_feature\spruce.json
	  *EXTRA File 		     443	C:\Users\joshp\curseforge\minecraft\Instances\Alive Dev\saves\Desire Paths\datapacks_uncompiled\temp_dir\data\minecraft\worldgen\placed_feature\spruce_checked.json
	  *EXTRA File 		     903	C:\Users\joshp\curseforge\minecraft\Instances\Alive Dev\saves\Desire Paths\datapacks_uncompiled\temp_dir\data\minecraft\worldgen\placed_feature\spruce_on_snow.json
	  *EXTRA File 		     452	C:\Users\joshp\curseforge\minecraft\Instances\Alive Dev\saves\Desire Paths\datapacks_uncompiled\temp_dir\data\minecraft\worldgen\placed_feature\super_birch_bees.json
	  *EXTRA File 		     457	C:\Users\joshp\curseforge\minecraft\Instances\Alive Dev\saves\Desire Paths\datapacks_uncompiled\temp_dir\data\minecraft\worldgen\placed_feature\super_birch_bees_0002.json
	  *EXTRA File 		     585	C:\Users\joshp\curseforge\minecraft\Instances\Alive Dev\saves\Desire Paths\datapacks_uncompiled\temp_dir\data\minecraft\worldgen\placed_feature\tall_mangrove_checked.json
	  *EXTRA File 		    1248	C:\Users\joshp\curseforge\minecraft\Instances\Alive Dev\saves\Desire Paths\datapacks_uncompiled\temp_dir\data\minecraft\worldgen\placed_feature\trees_badlands.json
	  *EXTRA File 		    1249	C:\Users\joshp\curseforge\minecraft\Instances\Alive Dev\saves\Desire Paths\datapacks_uncompiled\temp_dir\data\minecraft\worldgen\placed_feature\trees_birch.json
	  *EXTRA File 		     893	C:\Users\joshp\curseforge\minecraft\Instances\Alive Dev\saves\Desire Paths\datapacks_uncompiled\temp_dir\data\minecraft\worldgen\placed_feature\trees_birch_and_oak_leaf_litter.json
	  *EXTRA File 		    1254	C:\Users\joshp\curseforge\minecraft\Instances\Alive Dev\saves\Desire Paths\datapacks_uncompiled\temp_dir\data\minecraft\worldgen\placed_feature\trees_cherry.json
	  *EXTRA File 		     879	C:\Users\joshp\curseforge\minecraft\Instances\Alive Dev\saves\Desire Paths\datapacks_uncompiled\temp_dir\data\minecraft\worldgen\placed_feature\trees_flower_forest.json
	  *EXTRA File 		     873	C:\Users\joshp\curseforge\minecraft\Instances\Alive Dev\saves\Desire Paths\datapacks_uncompiled\temp_dir\data\minecraft\worldgen\placed_feature\trees_grove.json
	  *EXTRA File 		     874	C:\Users\joshp\curseforge\minecraft\Instances\Alive Dev\saves\Desire Paths\datapacks_uncompiled\temp_dir\data\minecraft\worldgen\placed_feature\trees_jungle.json
	  *EXTRA File 		     520	C:\Users\joshp\curseforge\minecraft\Instances\Alive Dev\saves\Desire Paths\datapacks_uncompiled\temp_dir\data\minecraft\worldgen\placed_feature\trees_mangrove.json
	  *EXTRA File 		     523	C:\Users\joshp\curseforge\minecraft\Instances\Alive Dev\saves\Desire Paths\datapacks_uncompiled\temp_dir\data\minecraft\worldgen\placed_feature\trees_meadow.json
	  *EXTRA File 		     889	C:\Users\joshp\curseforge\minecraft\Instances\Alive Dev\saves\Desire Paths\datapacks_uncompiled\temp_dir\data\minecraft\worldgen\placed_feature\trees_old_growth_pine_taiga.json
	  *EXTRA File 		     891	C:\Users\joshp\curseforge\minecraft\Instances\Alive Dev\saves\Desire Paths\datapacks_uncompiled\temp_dir\data\minecraft\worldgen\placed_feature\trees_old_growth_spruce_taiga.json
	  *EXTRA File 		    1247	C:\Users\joshp\curseforge\minecraft\Instances\Alive Dev\saves\Desire Paths\datapacks_uncompiled\temp_dir\data\minecraft\worldgen\placed_feature\trees_plains.json
	  *EXTRA File 		     873	C:\Users\joshp\curseforge\minecraft\Instances\Alive Dev\saves\Desire Paths\datapacks_uncompiled\temp_dir\data\minecraft\worldgen\placed_feature\trees_savanna.json
	  *EXTRA File 		    1248	C:\Users\joshp\curseforge\minecraft\Instances\Alive Dev\saves\Desire Paths\datapacks_uncompiled\temp_dir\data\minecraft\worldgen\placed_feature\trees_snowy.json
	  *EXTRA File 		     879	C:\Users\joshp\curseforge\minecraft\Instances\Alive Dev\saves\Desire Paths\datapacks_uncompiled\temp_dir\data\minecraft\worldgen\placed_feature\trees_sparse_jungle.json
	  *EXTRA File 		    1243	C:\Users\joshp\curseforge\minecraft\Instances\Alive Dev\saves\Desire Paths\datapacks_uncompiled\temp_dir\data\minecraft\worldgen\placed_feature\trees_swamp.json
	  *EXTRA File 		     873	C:\Users\joshp\curseforge\minecraft\Instances\Alive Dev\saves\Desire Paths\datapacks_uncompiled\temp_dir\data\minecraft\worldgen\placed_feature\trees_taiga.json
	  *EXTRA File 		     871	C:\Users\joshp\curseforge\minecraft\Instances\Alive Dev\saves\Desire Paths\datapacks_uncompiled\temp_dir\data\minecraft\worldgen\placed_feature\trees_water.json
	  *EXTRA File 		     881	C:\Users\joshp\curseforge\minecraft\Instances\Alive Dev\saves\Desire Paths\datapacks_uncompiled\temp_dir\data\minecraft\worldgen\placed_feature\trees_windswept_forest.json
	  *EXTRA File 		     881	C:\Users\joshp\curseforge\minecraft\Instances\Alive Dev\saves\Desire Paths\datapacks_uncompiled\temp_dir\data\minecraft\worldgen\placed_feature\trees_windswept_hills.json
	  *EXTRA File 		     873	C:\Users\joshp\curseforge\minecraft\Instances\Alive Dev\saves\Desire Paths\datapacks_uncompiled\temp_dir\data\minecraft\worldgen\placed_feature\trees_windswept_savanna.json
	  *EXTRA File 		     632	C:\Users\joshp\curseforge\minecraft\Instances\Alive Dev\saves\Desire Paths\datapacks_uncompiled\temp_dir\data\minecraft\worldgen\placed_feature\twisting_vines.json
	  *EXTRA File 		     938	C:\Users\joshp\curseforge\minecraft\Instances\Alive Dev\saves\Desire Paths\datapacks_uncompiled\temp_dir\data\minecraft\worldgen\placed_feature\underwater_magma.json
	  *EXTRA File 		     622	C:\Users\joshp\curseforge\minecraft\Instances\Alive Dev\saves\Desire Paths\datapacks_uncompiled\temp_dir\data\minecraft\worldgen\placed_feature\vines.json
	  *EXTRA File 		     141	C:\Users\joshp\curseforge\minecraft\Instances\Alive Dev\saves\Desire Paths\datapacks_uncompiled\temp_dir\data\minecraft\worldgen\placed_feature\void_start_platform.json
	  *EXTRA File 		     504	C:\Users\joshp\curseforge\minecraft\Instances\Alive Dev\saves\Desire Paths\datapacks_uncompiled\temp_dir\data\minecraft\worldgen\placed_feature\warm_ocean_vegetation.json
	  *EXTRA File 		     248	C:\Users\joshp\curseforge\minecraft\Instances\Alive Dev\saves\Desire Paths\datapacks_uncompiled\temp_dir\data\minecraft\worldgen\placed_feature\warped_forest_vegetation.json
	  *EXTRA File 		     237	C:\Users\joshp\curseforge\minecraft\Instances\Alive Dev\saves\Desire Paths\datapacks_uncompiled\temp_dir\data\minecraft\worldgen\placed_feature\warped_fungi.json
	  *EXTRA File 		     631	C:\Users\joshp\curseforge\minecraft\Instances\Alive Dev\saves\Desire Paths\datapacks_uncompiled\temp_dir\data\minecraft\worldgen\placed_feature\weeping_vines.json
	  *EXTRA File 		     506	C:\Users\joshp\curseforge\minecraft\Instances\Alive Dev\saves\Desire Paths\datapacks_uncompiled\temp_dir\data\minecraft\worldgen\placed_feature\wildflowers_birch_forest.json
	  *EXTRA File 		     492	C:\Users\joshp\curseforge\minecraft\Instances\Alive Dev\saves\Desire Paths\datapacks_uncompiled\temp_dir\data\minecraft\worldgen\placed_feature\wildflowers_meadow.json
	*EXTRA Dir        -1	C:\Users\joshp\curseforge\minecraft\Instances\Alive Dev\saves\Desire Paths\datapacks_uncompiled\temp_dir\data\minecraft\worldgen\processor_list\
	  *EXTRA File 		    2105	C:\Users\joshp\curseforge\minecraft\Instances\Alive Dev\saves\Desire Paths\datapacks_uncompiled\temp_dir\data\minecraft\worldgen\processor_list\ancient_city_generic_degradation.json
	  *EXTRA File 		    1926	C:\Users\joshp\curseforge\minecraft\Instances\Alive Dev\saves\Desire Paths\datapacks_uncompiled\temp_dir\data\minecraft\worldgen\processor_list\ancient_city_start_degradation.json
	  *EXTRA File 		    2643	C:\Users\joshp\curseforge\minecraft\Instances\Alive Dev\saves\Desire Paths\datapacks_uncompiled\temp_dir\data\minecraft\worldgen\processor_list\ancient_city_walls_degradation.json
	  *EXTRA File 		    2896	C:\Users\joshp\curseforge\minecraft\Instances\Alive Dev\saves\Desire Paths\datapacks_uncompiled\temp_dir\data\minecraft\worldgen\processor_list\bastion_generic_degradation.json
	  *EXTRA File 		    2367	C:\Users\joshp\curseforge\minecraft\Instances\Alive Dev\saves\Desire Paths\datapacks_uncompiled\temp_dir\data\minecraft\worldgen\processor_list\bottom_rampart.json
	  *EXTRA File 		    1249	C:\Users\joshp\curseforge\minecraft\Instances\Alive Dev\saves\Desire Paths\datapacks_uncompiled\temp_dir\data\minecraft\worldgen\processor_list\bridge.json
	  *EXTRA File 		      26	C:\Users\joshp\curseforge\minecraft\Instances\Alive Dev\saves\Desire Paths\datapacks_uncompiled\temp_dir\data\minecraft\worldgen\processor_list\empty.json
	  *EXTRA File 		    2335	C:\Users\joshp\curseforge\minecraft\Instances\Alive Dev\saves\Desire Paths\datapacks_uncompiled\temp_dir\data\minecraft\worldgen\processor_list\entrance_replacement.json
	  *EXTRA File 		    1420	C:\Users\joshp\curseforge\minecraft\Instances\Alive Dev\saves\Desire Paths\datapacks_uncompiled\temp_dir\data\minecraft\worldgen\processor_list\farm_desert.json
	  *EXTRA File 		    2055	C:\Users\joshp\curseforge\minecraft\Instances\Alive Dev\saves\Desire Paths\datapacks_uncompiled\temp_dir\data\minecraft\worldgen\processor_list\farm_plains.json
	  *EXTRA File 		     781	C:\Users\joshp\curseforge\minecraft\Instances\Alive Dev\saves\Desire Paths\datapacks_uncompiled\temp_dir\data\minecraft\worldgen\processor_list\farm_savanna.json
	  *EXTRA File 		    1416	C:\Users\joshp\curseforge\minecraft\Instances\Alive Dev\saves\Desire Paths\datapacks_uncompiled\temp_dir\data\minecraft\worldgen\processor_list\farm_snowy.json
	  *EXTRA File 		    1421	C:\Users\joshp\curseforge\minecraft\Instances\Alive Dev\saves\Desire Paths\datapacks_uncompiled\temp_dir\data\minecraft\worldgen\processor_list\farm_taiga.json
	  *EXTRA File 		     281	C:\Users\joshp\curseforge\minecraft\Instances\Alive Dev\saves\Desire Paths\datapacks_uncompiled\temp_dir\data\minecraft\worldgen\processor_list\fossil_coal.json
	  *EXTRA File 		     884	C:\Users\joshp\curseforge\minecraft\Instances\Alive Dev\saves\Desire Paths\datapacks_uncompiled\temp_dir\data\minecraft\worldgen\processor_list\fossil_diamonds.json
	  *EXTRA File 		     281	C:\Users\joshp\curseforge\minecraft\Instances\Alive Dev\saves\Desire Paths\datapacks_uncompiled\temp_dir\data\minecraft\worldgen\processor_list\fossil_rot.json
	  *EXTRA File 		    2020	C:\Users\joshp\curseforge\minecraft\Instances\Alive Dev\saves\Desire Paths\datapacks_uncompiled\temp_dir\data\minecraft\worldgen\processor_list\high_rampart.json
	  *EXTRA File 		    2358	C:\Users\joshp\curseforge\minecraft\Instances\Alive Dev\saves\Desire Paths\datapacks_uncompiled\temp_dir\data\minecraft\worldgen\processor_list\high_wall.json
	  *EXTRA File 		    2336	C:\Users\joshp\curseforge\minecraft\Instances\Alive Dev\saves\Desire Paths\datapacks_uncompiled\temp_dir\data\minecraft\worldgen\processor_list\housing.json
	  *EXTRA File 		     685	C:\Users\joshp\curseforge\minecraft\Instances\Alive Dev\saves\Desire Paths\datapacks_uncompiled\temp_dir\data\minecraft\worldgen\processor_list\mossify_10_percent.json
	  *EXTRA File 		     685	C:\Users\joshp\curseforge\minecraft\Instances\Alive Dev\saves\Desire Paths\datapacks_uncompiled\temp_dir\data\minecraft\worldgen\processor_list\mossify_20_percent.json
	  *EXTRA File 		     685	C:\Users\joshp\curseforge\minecraft\Instances\Alive Dev\saves\Desire Paths\datapacks_uncompiled\temp_dir\data\minecraft\worldgen\processor_list\mossify_70_percent.json
	  *EXTRA File 		     139	C:\Users\joshp\curseforge\minecraft\Instances\Alive Dev\saves\Desire Paths\datapacks_uncompiled\temp_dir\data\minecraft\worldgen\processor_list\outpost_rot.json
	  *EXTRA File 		    4005	C:\Users\joshp\curseforge\minecraft\Instances\Alive Dev\saves\Desire Paths\datapacks_uncompiled\temp_dir\data\minecraft\worldgen\processor_list\rampart_degradation.json
	  *EXTRA File 		    1815	C:\Users\joshp\curseforge\minecraft\Instances\Alive Dev\saves\Desire Paths\datapacks_uncompiled\temp_dir\data\minecraft\worldgen\processor_list\roof.json
	  *EXTRA File 		    2335	C:\Users\joshp\curseforge\minecraft\Instances\Alive Dev\saves\Desire Paths\datapacks_uncompiled\temp_dir\data\minecraft\worldgen\processor_list\side_wall_degradation.json
	  *EXTRA File 		    2336	C:\Users\joshp\curseforge\minecraft\Instances\Alive Dev\saves\Desire Paths\datapacks_uncompiled\temp_dir\data\minecraft\worldgen\processor_list\stable_degradation.json
	  *EXTRA File 		    2609	C:\Users\joshp\curseforge\minecraft\Instances\Alive Dev\saves\Desire Paths\datapacks_uncompiled\temp_dir\data\minecraft\worldgen\processor_list\street_plains.json
	  *EXTRA File 		    2612	C:\Users\joshp\curseforge\minecraft\Instances\Alive Dev\saves\Desire Paths\datapacks_uncompiled\temp_dir\data\minecraft\worldgen\processor_list\street_savanna.json
	  *EXTRA File 		    3149	C:\Users\joshp\curseforge\minecraft\Instances\Alive Dev\saves\Desire Paths\datapacks_uncompiled\temp_dir\data\minecraft\worldgen\processor_list\street_snowy_or_taiga.json
	  *EXTRA File 		    4014	C:\Users\joshp\curseforge\minecraft\Instances\Alive Dev\saves\Desire Paths\datapacks_uncompiled\temp_dir\data\minecraft\worldgen\processor_list\trail_ruins_houses_archaeology.json
	  *EXTRA File 		    2876	C:\Users\joshp\curseforge\minecraft\Instances\Alive Dev\saves\Desire Paths\datapacks_uncompiled\temp_dir\data\minecraft\worldgen\processor_list\trail_ruins_roads_archaeology.json
	  *EXTRA File 		    1171	C:\Users\joshp\curseforge\minecraft\Instances\Alive Dev\saves\Desire Paths\datapacks_uncompiled\temp_dir\data\minecraft\worldgen\processor_list\trail_ruins_tower_top_archaeology.json
	  *EXTRA File 		    2383	C:\Users\joshp\curseforge\minecraft\Instances\Alive Dev\saves\Desire Paths\datapacks_uncompiled\temp_dir\data\minecraft\worldgen\processor_list\treasure_rooms.json
	  *EXTRA File 		    2451	C:\Users\joshp\curseforge\minecraft\Instances\Alive Dev\saves\Desire Paths\datapacks_uncompiled\temp_dir\data\minecraft\worldgen\processor_list\trial_chambers_copper_bulb_degradation.json
	  *EXTRA File 		    5534	C:\Users\joshp\curseforge\minecraft\Instances\Alive Dev\saves\Desire Paths\datapacks_uncompiled\temp_dir\data\minecraft\worldgen\processor_list\zombie_desert.json
	  *EXTRA File 		   10720	C:\Users\joshp\curseforge\minecraft\Instances\Alive Dev\saves\Desire Paths\datapacks_uncompiled\temp_dir\data\minecraft\worldgen\processor_list\zombie_plains.json
	  *EXTRA File 		    8910	C:\Users\joshp\curseforge\minecraft\Instances\Alive Dev\saves\Desire Paths\datapacks_uncompiled\temp_dir\data\minecraft\worldgen\processor_list\zombie_savanna.json
	  *EXTRA File 		    8418	C:\Users\joshp\curseforge\minecraft\Instances\Alive Dev\saves\Desire Paths\datapacks_uncompiled\temp_dir\data\minecraft\worldgen\processor_list\zombie_snowy.json
	  *EXTRA File 		    8154	C:\Users\joshp\curseforge\minecraft\Instances\Alive Dev\saves\Desire Paths\datapacks_uncompiled\temp_dir\data\minecraft\worldgen\processor_list\zombie_taiga.json
	*EXTRA Dir        -1	C:\Users\joshp\curseforge\minecraft\Instances\Alive Dev\saves\Desire Paths\datapacks_uncompiled\temp_dir\data\minecraft\worldgen\structure\
	  *EXTRA File 		    1263	C:\Users\joshp\curseforge\minecraft\Instances\Alive Dev\saves\Desire Paths\datapacks_uncompiled\temp_dir\data\minecraft\worldgen\structure\ancient_city.json
	  *EXTRA File 		     347	C:\Users\joshp\curseforge\minecraft\Instances\Alive Dev\saves\Desire Paths\datapacks_uncompiled\temp_dir\data\minecraft\worldgen\structure\bastion_remnant.json
	  *EXTRA File 		     171	C:\Users\joshp\curseforge\minecraft\Instances\Alive Dev\saves\Desire Paths\datapacks_uncompiled\temp_dir\data\minecraft\worldgen\structure\buried_treasure.json
	  *EXTRA File 		     165	C:\Users\joshp\curseforge\minecraft\Instances\Alive Dev\saves\Desire Paths\datapacks_uncompiled\temp_dir\data\minecraft\worldgen\structure\desert_pyramid.json
	  *EXTRA File 		     153	C:\Users\joshp\curseforge\minecraft\Instances\Alive Dev\saves\Desire Paths\datapacks_uncompiled\temp_dir\data\minecraft\worldgen\structure\end_city.json
	  *EXTRA File 		    1270	C:\Users\joshp\curseforge\minecraft\Instances\Alive Dev\saves\Desire Paths\datapacks_uncompiled\temp_dir\data\minecraft\worldgen\structure\fortress.json
	  *EXTRA File 		     147	C:\Users\joshp\curseforge\minecraft\Instances\Alive Dev\saves\Desire Paths\datapacks_uncompiled\temp_dir\data\minecraft\worldgen\structure\igloo.json
	  *EXTRA File 		     163	C:\Users\joshp\curseforge\minecraft\Instances\Alive Dev\saves\Desire Paths\datapacks_uncompiled\temp_dir\data\minecraft\worldgen\structure\jungle_pyramid.json
	  *EXTRA File 		     169	C:\Users\joshp\curseforge\minecraft\Instances\Alive Dev\saves\Desire Paths\datapacks_uncompiled\temp_dir\data\minecraft\worldgen\structure\mansion.json
	  *EXTRA File 		     192	C:\Users\joshp\curseforge\minecraft\Instances\Alive Dev\saves\Desire Paths\datapacks_uncompiled\temp_dir\data\minecraft\worldgen\structure\mineshaft.json
	  *EXTRA File 		     195	C:\Users\joshp\curseforge\minecraft\Instances\Alive Dev\saves\Desire Paths\datapacks_uncompiled\temp_dir\data\minecraft\worldgen\structure\mineshaft_mesa.json
	  *EXTRA File 		     689	C:\Users\joshp\curseforge\minecraft\Instances\Alive Dev\saves\Desire Paths\datapacks_uncompiled\temp_dir\data\minecraft\worldgen\structure\monument.json
	  *EXTRA File 		     406	C:\Users\joshp\curseforge\minecraft\Instances\Alive Dev\saves\Desire Paths\datapacks_uncompiled\temp_dir\data\minecraft\worldgen\structure\nether_fossil.json
	  *EXTRA File 		     253	C:\Users\joshp\curseforge\minecraft\Instances\Alive Dev\saves\Desire Paths\datapacks_uncompiled\temp_dir\data\minecraft\worldgen\structure\ocean_ruin_cold.json
	  *EXTRA File 		     253	C:\Users\joshp\curseforge\minecraft\Instances\Alive Dev\saves\Desire Paths\datapacks_uncompiled\temp_dir\data\minecraft\worldgen\structure\ocean_ruin_warm.json
	  *EXTRA File 		     766	C:\Users\joshp\curseforge\minecraft\Instances\Alive Dev\saves\Desire Paths\datapacks_uncompiled\temp_dir\data\minecraft\worldgen\structure\pillager_outpost.json
	  *EXTRA File 		     818	C:\Users\joshp\curseforge\minecraft\Instances\Alive Dev\saves\Desire Paths\datapacks_uncompiled\temp_dir\data\minecraft\worldgen\structure\ruined_portal.json
	  *EXTRA File 		     506	C:\Users\joshp\curseforge\minecraft\Instances\Alive Dev\saves\Desire Paths\datapacks_uncompiled\temp_dir\data\minecraft\worldgen\structure\ruined_portal_desert.json
	  *EXTRA File 		     506	C:\Users\joshp\curseforge\minecraft\Instances\Alive Dev\saves\Desire Paths\datapacks_uncompiled\temp_dir\data\minecraft\worldgen\structure\ruined_portal_jungle.json
	  *EXTRA File 		     818	C:\Users\joshp\curseforge\minecraft\Instances\Alive Dev\saves\Desire Paths\datapacks_uncompiled\temp_dir\data\minecraft\worldgen\structure\ruined_portal_mountain.json
	  *EXTRA File 		     501	C:\Users\joshp\curseforge\minecraft\Instances\Alive Dev\saves\Desire Paths\datapacks_uncompiled\temp_dir\data\minecraft\worldgen\structure\ruined_portal_nether.json
	  *EXTRA File 		     505	C:\Users\joshp\curseforge\minecraft\Instances\Alive Dev\saves\Desire Paths\datapacks_uncompiled\temp_dir\data\minecraft\worldgen\structure\ruined_portal_ocean.json
	  *EXTRA File 		     505	C:\Users\joshp\curseforge\minecraft\Instances\Alive Dev\saves\Desire Paths\datapacks_uncompiled\temp_dir\data\minecraft\worldgen\structure\ruined_portal_swamp.json
	  *EXTRA File 		     181	C:\Users\joshp\curseforge\minecraft\Instances\Alive Dev\saves\Desire Paths\datapacks_uncompiled\temp_dir\data\minecraft\worldgen\structure\shipwreck.json
	  *EXTRA File 		     188	C:\Users\joshp\curseforge\minecraft\Instances\Alive Dev\saves\Desire Paths\datapacks_uncompiled\temp_dir\data\minecraft\worldgen\structure\shipwreck_beached.json
	  *EXTRA File 		     192	C:\Users\joshp\curseforge\minecraft\Instances\Alive Dev\saves\Desire Paths\datapacks_uncompiled\temp_dir\data\minecraft\worldgen\structure\stronghold.json
	  *EXTRA File 		     765	C:\Users\joshp\curseforge\minecraft\Instances\Alive Dev\saves\Desire Paths\datapacks_uncompiled\temp_dir\data\minecraft\worldgen\structure\swamp_hut.json
	  *EXTRA File 		     441	C:\Users\joshp\curseforge\minecraft\Instances\Alive Dev\saves\Desire Paths\datapacks_uncompiled\temp_dir\data\minecraft\worldgen\structure\trail_ruins.json
	  *EXTRA File 		    5206	C:\Users\joshp\curseforge\minecraft\Instances\Alive Dev\saves\Desire Paths\datapacks_uncompiled\temp_dir\data\minecraft\worldgen\structure\trial_chambers.json
	  *EXTRA File 		     453	C:\Users\joshp\curseforge\minecraft\Instances\Alive Dev\saves\Desire Paths\datapacks_uncompiled\temp_dir\data\minecraft\worldgen\structure\village_desert.json
	  *EXTRA File 		     453	C:\Users\joshp\curseforge\minecraft\Instances\Alive Dev\saves\Desire Paths\datapacks_uncompiled\temp_dir\data\minecraft\worldgen\structure\village_plains.json
	  *EXTRA File 		     455	C:\Users\joshp\curseforge\minecraft\Instances\Alive Dev\saves\Desire Paths\datapacks_uncompiled\temp_dir\data\minecraft\worldgen\structure\village_savanna.json
	  *EXTRA File 		     451	C:\Users\joshp\curseforge\minecraft\Instances\Alive Dev\saves\Desire Paths\datapacks_uncompiled\temp_dir\data\minecraft\worldgen\structure\village_snowy.json
	  *EXTRA File 		     451	C:\Users\joshp\curseforge\minecraft\Instances\Alive Dev\saves\Desire Paths\datapacks_uncompiled\temp_dir\data\minecraft\worldgen\structure\village_taiga.json
	*EXTRA Dir        -1	C:\Users\joshp\curseforge\minecraft\Instances\Alive Dev\saves\Desire Paths\datapacks_uncompiled\temp_dir\data\minecraft\worldgen\structure_set\
	  *EXTRA File 		     279	C:\Users\joshp\curseforge\minecraft\Instances\Alive Dev\saves\Desire Paths\datapacks_uncompiled\temp_dir\data\minecraft\worldgen\structure_set\ancient_cities.json
	  *EXTRA File 		     445	C:\Users\joshp\curseforge\minecraft\Instances\Alive Dev\saves\Desire Paths\datapacks_uncompiled\temp_dir\data\minecraft\worldgen\structure_set\buried_treasures.json
	  *EXTRA File 		     281	C:\Users\joshp\curseforge\minecraft\Instances\Alive Dev\saves\Desire Paths\datapacks_uncompiled\temp_dir\data\minecraft\worldgen\structure_set\desert_pyramids.json
	  *EXTRA File 		     314	C:\Users\joshp\curseforge\minecraft\Instances\Alive Dev\saves\Desire Paths\datapacks_uncompiled\temp_dir\data\minecraft\worldgen\structure_set\end_cities.json
	  *EXTRA File 		     272	C:\Users\joshp\curseforge\minecraft\Instances\Alive Dev\saves\Desire Paths\datapacks_uncompiled\temp_dir\data\minecraft\worldgen\structure_set\igloos.json
	  *EXTRA File 		     281	C:\Users\joshp\curseforge\minecraft\Instances\Alive Dev\saves\Desire Paths\datapacks_uncompiled\temp_dir\data\minecraft\worldgen\structure_set\jungle_temples.json
	  *EXTRA File 		     455	C:\Users\joshp\curseforge\minecraft\Instances\Alive Dev\saves\Desire Paths\datapacks_uncompiled\temp_dir\data\minecraft\worldgen\structure_set\mineshafts.json
	  *EXTRA File 		     378	C:\Users\joshp\curseforge\minecraft\Instances\Alive Dev\saves\Desire Paths\datapacks_uncompiled\temp_dir\data\minecraft\worldgen\structure_set\nether_complexes.json
	  *EXTRA File 		     279	C:\Users\joshp\curseforge\minecraft\Instances\Alive Dev\saves\Desire Paths\datapacks_uncompiled\temp_dir\data\minecraft\worldgen\structure_set\nether_fossils.json
	  *EXTRA File 		     313	C:\Users\joshp\curseforge\minecraft\Instances\Alive Dev\saves\Desire Paths\datapacks_uncompiled\temp_dir\data\minecraft\worldgen\structure_set\ocean_monuments.json
	  *EXTRA File 		     385	C:\Users\joshp\curseforge\minecraft\Instances\Alive Dev\saves\Desire Paths\datapacks_uncompiled\temp_dir\data\minecraft\worldgen\structure_set\ocean_ruins.json
	  *EXTRA File 		     487	C:\Users\joshp\curseforge\minecraft\Instances\Alive Dev\saves\Desire Paths\datapacks_uncompiled\temp_dir\data\minecraft\worldgen\structure_set\pillager_outposts.json
	  *EXTRA File 		     929	C:\Users\joshp\curseforge\minecraft\Instances\Alive Dev\saves\Desire Paths\datapacks_uncompiled\temp_dir\data\minecraft\worldgen\structure_set\ruined_portals.json
	  *EXTRA File 		     382	C:\Users\joshp\curseforge\minecraft\Instances\Alive Dev\saves\Desire Paths\datapacks_uncompiled\temp_dir\data\minecraft\worldgen\structure_set\shipwrecks.json
	  *EXTRA File 		     357	C:\Users\joshp\curseforge\minecraft\Instances\Alive Dev\saves\Desire Paths\datapacks_uncompiled\temp_dir\data\minecraft\worldgen\structure_set\strongholds.json
	  *EXTRA File 		     276	C:\Users\joshp\curseforge\minecraft\Instances\Alive Dev\saves\Desire Paths\datapacks_uncompiled\temp_dir\data\minecraft\worldgen\structure_set\swamp_huts.json
	  *EXTRA File 		     278	C:\Users\joshp\curseforge\minecraft\Instances\Alive Dev\saves\Desire Paths\datapacks_uncompiled\temp_dir\data\minecraft\worldgen\structure_set\trail_ruins.json
	  *EXTRA File 		     282	C:\Users\joshp\curseforge\minecraft\Instances\Alive Dev\saves\Desire Paths\datapacks_uncompiled\temp_dir\data\minecraft\worldgen\structure_set\trial_chambers.json
	  *EXTRA File 		     688	C:\Users\joshp\curseforge\minecraft\Instances\Alive Dev\saves\Desire Paths\datapacks_uncompiled\temp_dir\data\minecraft\worldgen\structure_set\villages.json
	  *EXTRA File 		     313	C:\Users\joshp\curseforge\minecraft\Instances\Alive Dev\saves\Desire Paths\datapacks_uncompiled\temp_dir\data\minecraft\worldgen\structure_set\woodland_mansions.json
	*EXTRA Dir        -1	C:\Users\joshp\curseforge\minecraft\Instances\Alive Dev\saves\Desire Paths\datapacks_uncompiled\temp_dir\data\minecraft\worldgen\template_pool\
	  *EXTRA File 		      60	C:\Users\joshp\curseforge\minecraft\Instances\Alive Dev\saves\Desire Paths\datapacks_uncompiled\temp_dir\data\minecraft\worldgen\template_pool\empty.json
	*EXTRA Dir        -1	C:\Users\joshp\curseforge\minecraft\Instances\Alive Dev\saves\Desire Paths\datapacks_uncompiled\temp_dir\data\minecraft\worldgen\template_pool\ancient_city\
	  *EXTRA File 		    1118	C:\Users\joshp\curseforge\minecraft\Instances\Alive Dev\saves\Desire Paths\datapacks_uncompiled\temp_dir\data\minecraft\worldgen\template_pool\ancient_city\city_center.json
	  *EXTRA File 		     481	C:\Users\joshp\curseforge\minecraft\Instances\Alive Dev\saves\Desire Paths\datapacks_uncompiled\temp_dir\data\minecraft\worldgen\template_pool\ancient_city\sculk.json
	  *EXTRA File 		    8026	C:\Users\joshp\curseforge\minecraft\Instances\Alive Dev\saves\Desire Paths\datapacks_uncompiled\temp_dir\data\minecraft\worldgen\template_pool\ancient_city\structures.json
	  *EXTRA File 		    5811	C:\Users\joshp\curseforge\minecraft\Instances\Alive Dev\saves\Desire Paths\datapacks_uncompiled\temp_dir\data\minecraft\worldgen\template_pool\ancient_city\walls.json
	*EXTRA Dir        -1	C:\Users\joshp\curseforge\minecraft\Instances\Alive Dev\saves\Desire Paths\datapacks_uncompiled\temp_dir\data\minecraft\worldgen\template_pool\ancient_city\city\
	  *EXTRA File 		    2210	C:\Users\joshp\curseforge\minecraft\Instances\Alive Dev\saves\Desire Paths\datapacks_uncompiled\temp_dir\data\minecraft\worldgen\template_pool\ancient_city\city\entrance.json
	*EXTRA Dir        -1	C:\Users\joshp\curseforge\minecraft\Instances\Alive Dev\saves\Desire Paths\datapacks_uncompiled\temp_dir\data\minecraft\worldgen\template_pool\ancient_city\city_center\
	  *EXTRA File 		    3644	C:\Users\joshp\curseforge\minecraft\Instances\Alive Dev\saves\Desire Paths\datapacks_uncompiled\temp_dir\data\minecraft\worldgen\template_pool\ancient_city\city_center\walls.json
	*EXTRA Dir        -1	C:\Users\joshp\curseforge\minecraft\Instances\Alive Dev\saves\Desire Paths\datapacks_uncompiled\temp_dir\data\minecraft\worldgen\template_pool\ancient_city\walls\
	  *EXTRA File 		    2953	C:\Users\joshp\curseforge\minecraft\Instances\Alive Dev\saves\Desire Paths\datapacks_uncompiled\temp_dir\data\minecraft\worldgen\template_pool\ancient_city\walls\no_corners.json
	*EXTRA Dir        -1	C:\Users\joshp\curseforge\minecraft\Instances\Alive Dev\saves\Desire Paths\datapacks_uncompiled\temp_dir\data\minecraft\worldgen\template_pool\bastion\
	  *EXTRA File 		    1430	C:\Users\joshp\curseforge\minecraft\Instances\Alive Dev\saves\Desire Paths\datapacks_uncompiled\temp_dir\data\minecraft\worldgen\template_pool\bastion\starts.json
	*EXTRA Dir        -1	C:\Users\joshp\curseforge\minecraft\Instances\Alive Dev\saves\Desire Paths\datapacks_uncompiled\temp_dir\data\minecraft\worldgen\template_pool\bastion\blocks\
	  *EXTRA File 		     760	C:\Users\joshp\curseforge\minecraft\Instances\Alive Dev\saves\Desire Paths\datapacks_uncompiled\temp_dir\data\minecraft\worldgen\template_pool\bastion\blocks\gold.json
	*EXTRA Dir        -1	C:\Users\joshp\curseforge\minecraft\Instances\Alive Dev\saves\Desire Paths\datapacks_uncompiled\temp_dir\data\minecraft\worldgen\template_pool\bastion\bridge\
	  *EXTRA File 		     389	C:\Users\joshp\curseforge\minecraft\Instances\Alive Dev\saves\Desire Paths\datapacks_uncompiled\temp_dir\data\minecraft\worldgen\template_pool\bastion\bridge\bridge_pieces.json
	  *EXTRA File 		     770	C:\Users\joshp\curseforge\minecraft\Instances\Alive Dev\saves\Desire Paths\datapacks_uncompiled\temp_dir\data\minecraft\worldgen\template_pool\bastion\bridge\connectors.json
	  *EXTRA File 		     735	C:\Users\joshp\curseforge\minecraft\Instances\Alive Dev\saves\Desire Paths\datapacks_uncompiled\temp_dir\data\minecraft\worldgen\template_pool\bastion\bridge\legs.json
	  *EXTRA File 		     735	C:\Users\joshp\curseforge\minecraft\Instances\Alive Dev\saves\Desire Paths\datapacks_uncompiled\temp_dir\data\minecraft\worldgen\template_pool\bastion\bridge\ramparts.json
	  *EXTRA File 		     404	C:\Users\joshp\curseforge\minecraft\Instances\Alive Dev\saves\Desire Paths\datapacks_uncompiled\temp_dir\data\minecraft\worldgen\template_pool\bastion\bridge\rampart_plates.json
	  *EXTRA File 		     761	C:\Users\joshp\curseforge\minecraft\Instances\Alive Dev\saves\Desire Paths\datapacks_uncompiled\temp_dir\data\minecraft\worldgen\template_pool\bastion\bridge\starting_pieces.json
	  *EXTRA File 		     733	C:\Users\joshp\curseforge\minecraft\Instances\Alive Dev\saves\Desire Paths\datapacks_uncompiled\temp_dir\data\minecraft\worldgen\template_pool\bastion\bridge\walls.json
	*EXTRA Dir        -1	C:\Users\joshp\curseforge\minecraft\Instances\Alive Dev\saves\Desire Paths\datapacks_uncompiled\temp_dir\data\minecraft\worldgen\template_pool\bastion\hoglin_stable\
	  *EXTRA File 		     417	C:\Users\joshp\curseforge\minecraft\Instances\Alive Dev\saves\Desire Paths\datapacks_uncompiled\temp_dir\data\minecraft\worldgen\template_pool\bastion\hoglin_stable\connectors.json
	  *EXTRA File 		    1845	C:\Users\joshp\curseforge\minecraft\Instances\Alive Dev\saves\Desire Paths\datapacks_uncompiled\temp_dir\data\minecraft\worldgen\template_pool\bastion\hoglin_stable\mirrored_starting_pieces.json
	  *EXTRA File 		     741	C:\Users\joshp\curseforge\minecraft\Instances\Alive Dev\saves\Desire Paths\datapacks_uncompiled\temp_dir\data\minecraft\worldgen\template_pool\bastion\hoglin_stable\posts.json
	  *EXTRA File 		    1091	C:\Users\joshp\curseforge\minecraft\Instances\Alive Dev\saves\Desire Paths\datapacks_uncompiled\temp_dir\data\minecraft\worldgen\template_pool\bastion\hoglin_stable\ramparts.json
	  *EXTRA File 		     418	C:\Users\joshp\curseforge\minecraft\Instances\Alive Dev\saves\Desire Paths\datapacks_uncompiled\temp_dir\data\minecraft\worldgen\template_pool\bastion\hoglin_stable\rampart_plates.json
	  *EXTRA File 		    5165	C:\Users\joshp\curseforge\minecraft\Instances\Alive Dev\saves\Desire Paths\datapacks_uncompiled\temp_dir\data\minecraft\worldgen\template_pool\bastion\hoglin_stable\stairs.json
	  *EXTRA File 		    1845	C:\Users\joshp\curseforge\minecraft\Instances\Alive Dev\saves\Desire Paths\datapacks_uncompiled\temp_dir\data\minecraft\worldgen\template_pool\bastion\hoglin_stable\starting_pieces.json
	  *EXTRA File 		     751	C:\Users\joshp\curseforge\minecraft\Instances\Alive Dev\saves\Desire Paths\datapacks_uncompiled\temp_dir\data\minecraft\worldgen\template_pool\bastion\hoglin_stable\walls.json
	  *EXTRA File 		     403	C:\Users\joshp\curseforge\minecraft\Instances\Alive Dev\saves\Desire Paths\datapacks_uncompiled\temp_dir\data\minecraft\worldgen\template_pool\bastion\hoglin_stable\wall_bases.json
	*EXTRA Dir        -1	C:\Users\joshp\curseforge\minecraft\Instances\Alive Dev\saves\Desire Paths\datapacks_uncompiled\temp_dir\data\minecraft\worldgen\template_pool\bastion\hoglin_stable\large_stables\
	  *EXTRA File 		    1785	C:\Users\joshp\curseforge\minecraft\Instances\Alive Dev\saves\Desire Paths\datapacks_uncompiled\temp_dir\data\minecraft\worldgen\template_pool\bastion\hoglin_stable\large_stables\inner.json
	  *EXTRA File 		    1785	C:\Users\joshp\curseforge\minecraft\Instances\Alive Dev\saves\Desire Paths\datapacks_uncompiled\temp_dir\data\minecraft\worldgen\template_pool\bastion\hoglin_stable\large_stables\outer.json
	*EXTRA Dir        -1	C:\Users\joshp\curseforge\minecraft\Instances\Alive Dev\saves\Desire Paths\datapacks_uncompiled\temp_dir\data\minecraft\worldgen\template_pool\bastion\hoglin_stable\small_stables\
	  *EXTRA File 		    1441	C:\Users\joshp\curseforge\minecraft\Instances\Alive Dev\saves\Desire Paths\datapacks_uncompiled\temp_dir\data\minecraft\worldgen\template_pool\bastion\hoglin_stable\small_stables\inner.json
	  *EXTRA File 		    1441	C:\Users\joshp\curseforge\minecraft\Instances\Alive Dev\saves\Desire Paths\datapacks_uncompiled\temp_dir\data\minecraft\worldgen\template_pool\bastion\hoglin_stable\small_stables\outer.json
	*EXTRA Dir        -1	C:\Users\joshp\curseforge\minecraft\Instances\Alive Dev\saves\Desire Paths\datapacks_uncompiled\temp_dir\data\minecraft\worldgen\template_pool\bastion\mobs\
	  *EXTRA File 		     760	C:\Users\joshp\curseforge\minecraft\Instances\Alive Dev\saves\Desire Paths\datapacks_uncompiled\temp_dir\data\minecraft\worldgen\template_pool\bastion\mobs\hoglin.json
	  *EXTRA File 		    1477	C:\Users\joshp\curseforge\minecraft\Instances\Alive Dev\saves\Desire Paths\datapacks_uncompiled\temp_dir\data\minecraft\worldgen\template_pool\bastion\mobs\piglin.json
	  *EXTRA File 		    1134	C:\Users\joshp\curseforge\minecraft\Instances\Alive Dev\saves\Desire Paths\datapacks_uncompiled\temp_dir\data\minecraft\worldgen\template_pool\bastion\mobs\piglin_melee.json
	*EXTRA Dir        -1	C:\Users\joshp\curseforge\minecraft\Instances\Alive Dev\saves\Desire Paths\datapacks_uncompiled\temp_dir\data\minecraft\worldgen\template_pool\bastion\treasure\
	  *EXTRA File 		     395	C:\Users\joshp\curseforge\minecraft\Instances\Alive Dev\saves\Desire Paths\datapacks_uncompiled\temp_dir\data\minecraft\worldgen\template_pool\bastion\treasure\bases.json
	  *EXTRA File 		     398	C:\Users\joshp\curseforge\minecraft\Instances\Alive Dev\saves\Desire Paths\datapacks_uncompiled\temp_dir\data\minecraft\worldgen\template_pool\bastion\treasure\brains.json
	  *EXTRA File 		    1106	C:\Users\joshp\curseforge\minecraft\Instances\Alive Dev\saves\Desire Paths\datapacks_uncompiled\temp_dir\data\minecraft\worldgen\template_pool\bastion\treasure\connectors.json
	  *EXTRA File 		     399	C:\Users\joshp\curseforge\minecraft\Instances\Alive Dev\saves\Desire Paths\datapacks_uncompiled\temp_dir\data\minecraft\worldgen\template_pool\bastion\treasure\entrances.json
	  *EXTRA File 		    2078	C:\Users\joshp\curseforge\minecraft\Instances\Alive Dev\saves\Desire Paths\datapacks_uncompiled\temp_dir\data\minecraft\worldgen\template_pool\bastion\treasure\ramparts.json
	  *EXTRA File 		    1026	C:\Users\joshp\curseforge\minecraft\Instances\Alive Dev\saves\Desire Paths\datapacks_uncompiled\temp_dir\data\minecraft\worldgen\template_pool\bastion\treasure\roofs.json
	  *EXTRA File 		     398	C:\Users\joshp\curseforge\minecraft\Instances\Alive Dev\saves\Desire Paths\datapacks_uncompiled\temp_dir\data\minecraft\worldgen\template_pool\bastion\treasure\stairs.json
	  *EXTRA File 		     722	C:\Users\joshp\curseforge\minecraft\Instances\Alive Dev\saves\Desire Paths\datapacks_uncompiled\temp_dir\data\minecraft\worldgen\template_pool\bastion\treasure\walls.json
	*EXTRA Dir        -1	C:\Users\joshp\curseforge\minecraft\Instances\Alive Dev\saves\Desire Paths\datapacks_uncompiled\temp_dir\data\minecraft\worldgen\template_pool\bastion\treasure\bases\
	  *EXTRA File 		    1409	C:\Users\joshp\curseforge\minecraft\Instances\Alive Dev\saves\Desire Paths\datapacks_uncompiled\temp_dir\data\minecraft\worldgen\template_pool\bastion\treasure\bases\centers.json
	*EXTRA Dir        -1	C:\Users\joshp\curseforge\minecraft\Instances\Alive Dev\saves\Desire Paths\datapacks_uncompiled\temp_dir\data\minecraft\worldgen\template_pool\bastion\treasure\corners\
	  *EXTRA File 		     739	C:\Users\joshp\curseforge\minecraft\Instances\Alive Dev\saves\Desire Paths\datapacks_uncompiled\temp_dir\data\minecraft\worldgen\template_pool\bastion\treasure\corners\bottom.json
	  *EXTRA File 		    1049	C:\Users\joshp\curseforge\minecraft\Instances\Alive Dev\saves\Desire Paths\datapacks_uncompiled\temp_dir\data\minecraft\worldgen\template_pool\bastion\treasure\corners\edges.json
	  *EXTRA File 		     739	C:\Users\joshp\curseforge\minecraft\Instances\Alive Dev\saves\Desire Paths\datapacks_uncompiled\temp_dir\data\minecraft\worldgen\template_pool\bastion\treasure\corners\middle.json
	  *EXTRA File 		     733	C:\Users\joshp\curseforge\minecraft\Instances\Alive Dev\saves\Desire Paths\datapacks_uncompiled\temp_dir\data\minecraft\worldgen\template_pool\bastion\treasure\corners\top.json
	*EXTRA Dir        -1	C:\Users\joshp\curseforge\minecraft\Instances\Alive Dev\saves\Desire Paths\datapacks_uncompiled\temp_dir\data\minecraft\worldgen\template_pool\bastion\treasure\extensions\
	  *EXTRA File 		     729	C:\Users\joshp\curseforge\minecraft\Instances\Alive Dev\saves\Desire Paths\datapacks_uncompiled\temp_dir\data\minecraft\worldgen\template_pool\bastion\treasure\extensions\houses.json
	  *EXTRA File 		    3083	C:\Users\joshp\curseforge\minecraft\Instances\Alive Dev\saves\Desire Paths\datapacks_uncompiled\temp_dir\data\minecraft\worldgen\template_pool\bastion\treasure\extensions\large_pool.json
	  *EXTRA File 		    2415	C:\Users\joshp\curseforge\minecraft\Instances\Alive Dev\saves\Desire Paths\datapacks_uncompiled\temp_dir\data\minecraft\worldgen\template_pool\bastion\treasure\extensions\small_pool.json
	*EXTRA Dir        -1	C:\Users\joshp\curseforge\minecraft\Instances\Alive Dev\saves\Desire Paths\datapacks_uncompiled\temp_dir\data\minecraft\worldgen\template_pool\bastion\treasure\walls\
	  *EXTRA File 		    1397	C:\Users\joshp\curseforge\minecraft\Instances\Alive Dev\saves\Desire Paths\datapacks_uncompiled\temp_dir\data\minecraft\worldgen\template_pool\bastion\treasure\walls\bottom.json
	  *EXTRA File 		    1055	C:\Users\joshp\curseforge\minecraft\Instances\Alive Dev\saves\Desire Paths\datapacks_uncompiled\temp_dir\data\minecraft\worldgen\template_pool\bastion\treasure\walls\mid.json
	  *EXTRA File 		    2066	C:\Users\joshp\curseforge\minecraft\Instances\Alive Dev\saves\Desire Paths\datapacks_uncompiled\temp_dir\data\minecraft\worldgen\template_pool\bastion\treasure\walls\outer.json
	  *EXTRA File 		    1062	C:\Users\joshp\curseforge\minecraft\Instances\Alive Dev\saves\Desire Paths\datapacks_uncompiled\temp_dir\data\minecraft\worldgen\template_pool\bastion\treasure\walls\top.json
	*EXTRA Dir        -1	C:\Users\joshp\curseforge\minecraft\Instances\Alive Dev\saves\Desire Paths\datapacks_uncompiled\temp_dir\data\minecraft\worldgen\template_pool\bastion\units\
	  *EXTRA File 		    1043	C:\Users\joshp\curseforge\minecraft\Instances\Alive Dev\saves\Desire Paths\datapacks_uncompiled\temp_dir\data\minecraft\worldgen\template_pool\bastion\units\center_pieces.json
	  *EXTRA File 		     381	C:\Users\joshp\curseforge\minecraft\Instances\Alive Dev\saves\Desire Paths\datapacks_uncompiled\temp_dir\data\minecraft\worldgen\template_pool\bastion\units\edges.json
	  *EXTRA File 		     392	C:\Users\joshp\curseforge\minecraft\Instances\Alive Dev\saves\Desire Paths\datapacks_uncompiled\temp_dir\data\minecraft\worldgen\template_pool\bastion\units\edge_wall_units.json
	  *EXTRA File 		     388	C:\Users\joshp\curseforge\minecraft\Instances\Alive Dev\saves\Desire Paths\datapacks_uncompiled\temp_dir\data\minecraft\worldgen\template_pool\bastion\units\large_ramparts.json
	  *EXTRA File 		     714	C:\Users\joshp\curseforge\minecraft\Instances\Alive Dev\saves\Desire Paths\datapacks_uncompiled\temp_dir\data\minecraft\worldgen\template_pool\bastion\units\pathways.json
	  *EXTRA File 		    1034	C:\Users\joshp\curseforge\minecraft\Instances\Alive Dev\saves\Desire Paths\datapacks_uncompiled\temp_dir\data\minecraft\worldgen\template_pool\bastion\units\ramparts.json
	  *EXTRA File 		     391	C:\Users\joshp\curseforge\minecraft\Instances\Alive Dev\saves\Desire Paths\datapacks_uncompiled\temp_dir\data\minecraft\worldgen\template_pool\bastion\units\rampart_plates.json
	  *EXTRA File 		     386	C:\Users\joshp\curseforge\minecraft\Instances\Alive Dev\saves\Desire Paths\datapacks_uncompiled\temp_dir\data\minecraft\worldgen\template_pool\bastion\units\wall_units.json
	*EXTRA Dir        -1	C:\Users\joshp\curseforge\minecraft\Instances\Alive Dev\saves\Desire Paths\datapacks_uncompiled\temp_dir\data\minecraft\worldgen\template_pool\bastion\units\fillers\
	  *EXTRA File 		     384	C:\Users\joshp\curseforge\minecraft\Instances\Alive Dev\saves\Desire Paths\datapacks_uncompiled\temp_dir\data\minecraft\worldgen\template_pool\bastion\units\fillers\stage_0.json
	*EXTRA Dir        -1	C:\Users\joshp\curseforge\minecraft\Instances\Alive Dev\saves\Desire Paths\datapacks_uncompiled\temp_dir\data\minecraft\worldgen\template_pool\bastion\units\stages\
	  *EXTRA File 		    1345	C:\Users\joshp\curseforge\minecraft\Instances\Alive Dev\saves\Desire Paths\datapacks_uncompiled\temp_dir\data\minecraft\worldgen\template_pool\bastion\units\stages\stage_0.json
	  *EXTRA File 		    1345	C:\Users\joshp\curseforge\minecraft\Instances\Alive Dev\saves\Desire Paths\datapacks_uncompiled\temp_dir\data\minecraft\worldgen\template_pool\bastion\units\stages\stage_1.json
	  *EXTRA File 		     705	C:\Users\joshp\curseforge\minecraft\Instances\Alive Dev\saves\Desire Paths\datapacks_uncompiled\temp_dir\data\minecraft\worldgen\template_pool\bastion\units\stages\stage_2.json
	  *EXTRA File 		    1345	C:\Users\joshp\curseforge\minecraft\Instances\Alive Dev\saves\Desire Paths\datapacks_uncompiled\temp_dir\data\minecraft\worldgen\template_pool\bastion\units\stages\stage_3.json
	*EXTRA Dir        -1	C:\Users\joshp\curseforge\minecraft\Instances\Alive Dev\saves\Desire Paths\datapacks_uncompiled\temp_dir\data\minecraft\worldgen\template_pool\bastion\units\stages\rot\
	  *EXTRA File 		     389	C:\Users\joshp\curseforge\minecraft\Instances\Alive Dev\saves\Desire Paths\datapacks_uncompiled\temp_dir\data\minecraft\worldgen\template_pool\bastion\units\stages\rot\stage_1.json
	*EXTRA Dir        -1	C:\Users\joshp\curseforge\minecraft\Instances\Alive Dev\saves\Desire Paths\datapacks_uncompiled\temp_dir\data\minecraft\worldgen\template_pool\bastion\units\walls\
	  *EXTRA File 		     708	C:\Users\joshp\curseforge\minecraft\Instances\Alive Dev\saves\Desire Paths\datapacks_uncompiled\temp_dir\data\minecraft\worldgen\template_pool\bastion\units\walls\wall_bases.json
	*EXTRA Dir        -1	C:\Users\joshp\curseforge\minecraft\Instances\Alive Dev\saves\Desire Paths\datapacks_uncompiled\temp_dir\data\minecraft\worldgen\template_pool\pillager_outpost\
	  *EXTRA File 		     428	C:\Users\joshp\curseforge\minecraft\Instances\Alive Dev\saves\Desire Paths\datapacks_uncompiled\temp_dir\data\minecraft\worldgen\template_pool\pillager_outpost\base_plates.json
	  *EXTRA File 		    2793	C:\Users\joshp\curseforge\minecraft\Instances\Alive Dev\saves\Desire Paths\datapacks_uncompiled\temp_dir\data\minecraft\worldgen\template_pool\pillager_outpost\features.json
	  *EXTRA File 		     442	C:\Users\joshp\curseforge\minecraft\Instances\Alive Dev\saves\Desire Paths\datapacks_uncompiled\temp_dir\data\minecraft\worldgen\template_pool\pillager_outpost\feature_plates.json
	  *EXTRA File 		    1003	C:\Users\joshp\curseforge\minecraft\Instances\Alive Dev\saves\Desire Paths\datapacks_uncompiled\temp_dir\data\minecraft\worldgen\template_pool\pillager_outpost\towers.json
	*EXTRA Dir        -1	C:\Users\joshp\curseforge\minecraft\Instances\Alive Dev\saves\Desire Paths\datapacks_uncompiled\temp_dir\data\minecraft\worldgen\template_pool\trail_ruins\
	  *EXTRA File 		    5260	C:\Users\joshp\curseforge\minecraft\Instances\Alive Dev\saves\Desire Paths\datapacks_uncompiled\temp_dir\data\minecraft\worldgen\template_pool\trail_ruins\buildings.json
	  *EXTRA File 		    2431	C:\Users\joshp\curseforge\minecraft\Instances\Alive Dev\saves\Desire Paths\datapacks_uncompiled\temp_dir\data\minecraft\worldgen\template_pool\trail_ruins\decor.json
	  *EXTRA File 		    2467	C:\Users\joshp\curseforge\minecraft\Instances\Alive Dev\saves\Desire Paths\datapacks_uncompiled\temp_dir\data\minecraft\worldgen\template_pool\trail_ruins\roads.json
	  *EXTRA File 		    1755	C:\Users\joshp\curseforge\minecraft\Instances\Alive Dev\saves\Desire Paths\datapacks_uncompiled\temp_dir\data\minecraft\worldgen\template_pool\trail_ruins\tower.json
	*EXTRA Dir        -1	C:\Users\joshp\curseforge\minecraft\Instances\Alive Dev\saves\Desire Paths\datapacks_uncompiled\temp_dir\data\minecraft\worldgen\template_pool\trail_ruins\buildings\
	  *EXTRA File 		    7015	C:\Users\joshp\curseforge\minecraft\Instances\Alive Dev\saves\Desire Paths\datapacks_uncompiled\temp_dir\data\minecraft\worldgen\template_pool\trail_ruins\buildings\grouped.json
	*EXTRA Dir        -1	C:\Users\joshp\curseforge\minecraft\Instances\Alive Dev\saves\Desire Paths\datapacks_uncompiled\temp_dir\data\minecraft\worldgen\template_pool\trail_ruins\tower\
	  *EXTRA File 		    8570	C:\Users\joshp\curseforge\minecraft\Instances\Alive Dev\saves\Desire Paths\datapacks_uncompiled\temp_dir\data\minecraft\worldgen\template_pool\trail_ruins\tower\additions.json
	  *EXTRA File 		    1790	C:\Users\joshp\curseforge\minecraft\Instances\Alive Dev\saves\Desire Paths\datapacks_uncompiled\temp_dir\data\minecraft\worldgen\template_pool\trail_ruins\tower\tower_top.json
	*EXTRA Dir        -1	C:\Users\joshp\curseforge\minecraft\Instances\Alive Dev\saves\Desire Paths\datapacks_uncompiled\temp_dir\data\minecraft\worldgen\template_pool\trial_chambers\
	  *EXTRA File 		    2688	C:\Users\joshp\curseforge\minecraft\Instances\Alive Dev\saves\Desire Paths\datapacks_uncompiled\temp_dir\data\minecraft\worldgen\template_pool\trial_chambers\atrium.json
	  *EXTRA File 		    3301	C:\Users\joshp\curseforge\minecraft\Instances\Alive Dev\saves\Desire Paths\datapacks_uncompiled\temp_dir\data\minecraft\worldgen\template_pool\trial_chambers\corridor.json
	  *EXTRA File 		    4174	C:\Users\joshp\curseforge\minecraft\Instances\Alive Dev\saves\Desire Paths\datapacks_uncompiled\temp_dir\data\minecraft\worldgen\template_pool\trial_chambers\decor.json
	  *EXTRA File 		    1169	C:\Users\joshp\curseforge\minecraft\Instances\Alive Dev\saves\Desire Paths\datapacks_uncompiled\temp_dir\data\minecraft\worldgen\template_pool\trial_chambers\entrance.json
	  *EXTRA File 		   10855	C:\Users\joshp\curseforge\minecraft\Instances\Alive Dev\saves\Desire Paths\datapacks_uncompiled\temp_dir\data\minecraft\worldgen\template_pool\trial_chambers\hallway.json
	*EXTRA Dir        -1	C:\Users\joshp\curseforge\minecraft\Instances\Alive Dev\saves\Desire Paths\datapacks_uncompiled\temp_dir\data\minecraft\worldgen\template_pool\trial_chambers\chamber\
	  *EXTRA File 		    3817	C:\Users\joshp\curseforge\minecraft\Instances\Alive Dev\saves\Desire Paths\datapacks_uncompiled\temp_dir\data\minecraft\worldgen\template_pool\trial_chambers\chamber\addon.json
	  *EXTRA File 		    7869	C:\Users\joshp\curseforge\minecraft\Instances\Alive Dev\saves\Desire Paths\datapacks_uncompiled\temp_dir\data\minecraft\worldgen\template_pool\trial_chambers\chamber\assembly.json
	  *EXTRA File 		     765	C:\Users\joshp\curseforge\minecraft\Instances\Alive Dev\saves\Desire Paths\datapacks_uncompiled\temp_dir\data\minecraft\worldgen\template_pool\trial_chambers\chamber\end.json
	  *EXTRA File 		     421	C:\Users\joshp\curseforge\minecraft\Instances\Alive Dev\saves\Desire Paths\datapacks_uncompiled\temp_dir\data\minecraft\worldgen\template_pool\trial_chambers\chamber\entrance_cap.json
	  *EXTRA File 		    3768	C:\Users\joshp\curseforge\minecraft\Instances\Alive Dev\saves\Desire Paths\datapacks_uncompiled\temp_dir\data\minecraft\worldgen\template_pool\trial_chambers\chamber\eruption.json
	  *EXTRA File 		    5243	C:\Users\joshp\curseforge\minecraft\Instances\Alive Dev\saves\Desire Paths\datapacks_uncompiled\temp_dir\data\minecraft\worldgen\template_pool\trial_chambers\chamber\pedestal.json
	  *EXTRA File 		    4861	C:\Users\joshp\curseforge\minecraft\Instances\Alive Dev\saves\Desire Paths\datapacks_uncompiled\temp_dir\data\minecraft\worldgen\template_pool\trial_chambers\chamber\slanted.json
	*EXTRA Dir        -1	C:\Users\joshp\curseforge\minecraft\Instances\Alive Dev\saves\Desire Paths\datapacks_uncompiled\temp_dir\data\minecraft\worldgen\template_pool\trial_chambers\chambers\
	  *EXTRA File 		    1499	C:\Users\joshp\curseforge\minecraft\Instances\Alive Dev\saves\Desire Paths\datapacks_uncompiled\temp_dir\data\minecraft\worldgen\template_pool\trial_chambers\chambers\end.json
	*EXTRA Dir        -1	C:\Users\joshp\curseforge\minecraft\Instances\Alive Dev\saves\Desire Paths\datapacks_uncompiled\temp_dir\data\minecraft\worldgen\template_pool\trial_chambers\chests\
	  *EXTRA File 		     433	C:\Users\joshp\curseforge\minecraft\Instances\Alive Dev\saves\Desire Paths\datapacks_uncompiled\temp_dir\data\minecraft\worldgen\template_pool\trial_chambers\chests\supply.json
	*EXTRA Dir        -1	C:\Users\joshp\curseforge\minecraft\Instances\Alive Dev\saves\Desire Paths\datapacks_uncompiled\temp_dir\data\minecraft\worldgen\template_pool\trial_chambers\chests\contents\
	  *EXTRA File 		     422	C:\Users\joshp\curseforge\minecraft\Instances\Alive Dev\saves\Desire Paths\datapacks_uncompiled\temp_dir\data\minecraft\worldgen\template_pool\trial_chambers\chests\contents\supply.json
	*EXTRA Dir        -1	C:\Users\joshp\curseforge\minecraft\Instances\Alive Dev\saves\Desire Paths\datapacks_uncompiled\temp_dir\data\minecraft\worldgen\template_pool\trial_chambers\corridor\
	  *EXTRA File 		    2905	C:\Users\joshp\curseforge\minecraft\Instances\Alive Dev\saves\Desire Paths\datapacks_uncompiled\temp_dir\data\minecraft\worldgen\template_pool\trial_chambers\corridor\slices.json
	*EXTRA Dir        -1	C:\Users\joshp\curseforge\minecraft\Instances\Alive Dev\saves\Desire Paths\datapacks_uncompiled\temp_dir\data\minecraft\worldgen\template_pool\trial_chambers\corridors\
	*EXTRA Dir        -1	C:\Users\joshp\curseforge\minecraft\Instances\Alive Dev\saves\Desire Paths\datapacks_uncompiled\temp_dir\data\minecraft\worldgen\template_pool\trial_chambers\corridors\addon\
	  *EXTRA File 		    2070	C:\Users\joshp\curseforge\minecraft\Instances\Alive Dev\saves\Desire Paths\datapacks_uncompiled\temp_dir\data\minecraft\worldgen\template_pool\trial_chambers\corridors\addon\lower.json
	  *EXTRA File 		     963	C:\Users\joshp\curseforge\minecraft\Instances\Alive Dev\saves\Desire Paths\datapacks_uncompiled\temp_dir\data\minecraft\worldgen\template_pool\trial_chambers\corridors\addon\middle.json
	  *EXTRA File 		    2086	C:\Users\joshp\curseforge\minecraft\Instances\Alive Dev\saves\Desire Paths\datapacks_uncompiled\temp_dir\data\minecraft\worldgen\template_pool\trial_chambers\corridors\addon\middle_upper.json
	*EXTRA Dir        -1	C:\Users\joshp\curseforge\minecraft\Instances\Alive Dev\saves\Desire Paths\datapacks_uncompiled\temp_dir\data\minecraft\worldgen\template_pool\trial_chambers\decor\
	  *EXTRA File 		    5817	C:\Users\joshp\curseforge\minecraft\Instances\Alive Dev\saves\Desire Paths\datapacks_uncompiled\temp_dir\data\minecraft\worldgen\template_pool\trial_chambers\decor\bed.json
	  *EXTRA File 		     584	C:\Users\joshp\curseforge\minecraft\Instances\Alive Dev\saves\Desire Paths\datapacks_uncompiled\temp_dir\data\minecraft\worldgen\template_pool\trial_chambers\decor\chamber.json
	  *EXTRA File 		     423	C:\Users\joshp\curseforge\minecraft\Instances\Alive Dev\saves\Desire Paths\datapacks_uncompiled\temp_dir\data\minecraft\worldgen\template_pool\trial_chambers\decor\disposal.json
	*EXTRA Dir        -1	C:\Users\joshp\curseforge\minecraft\Instances\Alive Dev\saves\Desire Paths\datapacks_uncompiled\temp_dir\data\minecraft\worldgen\template_pool\trial_chambers\dispensers\
	  *EXTRA File 		    1320	C:\Users\joshp\curseforge\minecraft\Instances\Alive Dev\saves\Desire Paths\datapacks_uncompiled\temp_dir\data\minecraft\worldgen\template_pool\trial_chambers\dispensers\chamber.json
	*EXTRA Dir        -1	C:\Users\joshp\curseforge\minecraft\Instances\Alive Dev\saves\Desire Paths\datapacks_uncompiled\temp_dir\data\minecraft\worldgen\template_pool\trial_chambers\hallway\
	  *EXTRA File 		    1523	C:\Users\joshp\curseforge\minecraft\Instances\Alive Dev\saves\Desire Paths\datapacks_uncompiled\temp_dir\data\minecraft\worldgen\template_pool\trial_chambers\hallway\fallback.json
	*EXTRA Dir        -1	C:\Users\joshp\curseforge\minecraft\Instances\Alive Dev\saves\Desire Paths\datapacks_uncompiled\temp_dir\data\minecraft\worldgen\template_pool\trial_chambers\reward\
	  *EXTRA File 		     421	C:\Users\joshp\curseforge\minecraft\Instances\Alive Dev\saves\Desire Paths\datapacks_uncompiled\temp_dir\data\minecraft\worldgen\template_pool\trial_chambers\reward\all.json
	  *EXTRA File 		     429	C:\Users\joshp\curseforge\minecraft\Instances\Alive Dev\saves\Desire Paths\datapacks_uncompiled\temp_dir\data\minecraft\worldgen\template_pool\trial_chambers\reward\ominous_vault.json
	*EXTRA Dir        -1	C:\Users\joshp\curseforge\minecraft\Instances\Alive Dev\saves\Desire Paths\datapacks_uncompiled\temp_dir\data\minecraft\worldgen\template_pool\trial_chambers\reward\contents\
	  *EXTRA File 		     421	C:\Users\joshp\curseforge\minecraft\Instances\Alive Dev\saves\Desire Paths\datapacks_uncompiled\temp_dir\data\minecraft\worldgen\template_pool\trial_chambers\reward\contents\default.json
	*EXTRA Dir        -1	C:\Users\joshp\curseforge\minecraft\Instances\Alive Dev\saves\Desire Paths\datapacks_uncompiled\temp_dir\data\minecraft\worldgen\template_pool\trial_chambers\spawner\
	  *EXTRA File 		    1176	C:\Users\joshp\curseforge\minecraft\Instances\Alive Dev\saves\Desire Paths\datapacks_uncompiled\temp_dir\data\minecraft\worldgen\template_pool\trial_chambers\spawner\all.json
	  *EXTRA File 		     434	C:\Users\joshp\curseforge\minecraft\Instances\Alive Dev\saves\Desire Paths\datapacks_uncompiled\temp_dir\data\minecraft\worldgen\template_pool\trial_chambers\spawner\breeze.json
	  *EXTRA File 		     433	C:\Users\joshp\curseforge\minecraft\Instances\Alive Dev\saves\Desire Paths\datapacks_uncompiled\temp_dir\data\minecraft\worldgen\template_pool\trial_chambers\spawner\melee.json
	  *EXTRA File 		     434	C:\Users\joshp\curseforge\minecraft\Instances\Alive Dev\saves\Desire Paths\datapacks_uncompiled\temp_dir\data\minecraft\worldgen\template_pool\trial_chambers\spawner\ranged.json
	  *EXTRA File 		     439	C:\Users\joshp\curseforge\minecraft\Instances\Alive Dev\saves\Desire Paths\datapacks_uncompiled\temp_dir\data\minecraft\worldgen\template_pool\trial_chambers\spawner\slow_ranged.json
	  *EXTRA File 		     439	C:\Users\joshp\curseforge\minecraft\Instances\Alive Dev\saves\Desire Paths\datapacks_uncompiled\temp_dir\data\minecraft\worldgen\template_pool\trial_chambers\spawner\small_melee.json
	*EXTRA Dir        -1	C:\Users\joshp\curseforge\minecraft\Instances\Alive Dev\saves\Desire Paths\datapacks_uncompiled\temp_dir\data\minecraft\worldgen\template_pool\trial_chambers\spawner\contents\
	  *EXTRA File 		     430	C:\Users\joshp\curseforge\minecraft\Instances\Alive Dev\saves\Desire Paths\datapacks_uncompiled\temp_dir\data\minecraft\worldgen\template_pool\trial_chambers\spawner\contents\breeze.json
	*EXTRA Dir        -1	C:\Users\joshp\curseforge\minecraft\Instances\Alive Dev\saves\Desire Paths\datapacks_uncompiled\temp_dir\data\minecraft\worldgen\template_pool\trial_chambers\spawner\melee\
	  *EXTRA File 		     427	C:\Users\joshp\curseforge\minecraft\Instances\Alive Dev\saves\Desire Paths\datapacks_uncompiled\temp_dir\data\minecraft\worldgen\template_pool\trial_chambers\spawner\melee\husk.json
	  *EXTRA File 		     429	C:\Users\joshp\curseforge\minecraft\Instances\Alive Dev\saves\Desire Paths\datapacks_uncompiled\temp_dir\data\minecraft\worldgen\template_pool\trial_chambers\spawner\melee\spider.json
	  *EXTRA File 		     429	C:\Users\joshp\curseforge\minecraft\Instances\Alive Dev\saves\Desire Paths\datapacks_uncompiled\temp_dir\data\minecraft\worldgen\template_pool\trial_chambers\spawner\melee\zombie.json
	*EXTRA Dir        -1	C:\Users\joshp\curseforge\minecraft\Instances\Alive Dev\saves\Desire Paths\datapacks_uncompiled\temp_dir\data\minecraft\worldgen\template_pool\trial_chambers\spawner\ranged\
	  *EXTRA File 		     439	C:\Users\joshp\curseforge\minecraft\Instances\Alive Dev\saves\Desire Paths\datapacks_uncompiled\temp_dir\data\minecraft\worldgen\template_pool\trial_chambers\spawner\ranged\poison_skeleton.json
	  *EXTRA File 		     432	C:\Users\joshp\curseforge\minecraft\Instances\Alive Dev\saves\Desire Paths\datapacks_uncompiled\temp_dir\data\minecraft\worldgen\template_pool\trial_chambers\spawner\ranged\skeleton.json
	  *EXTRA File 		     429	C:\Users\joshp\curseforge\minecraft\Instances\Alive Dev\saves\Desire Paths\datapacks_uncompiled\temp_dir\data\minecraft\worldgen\template_pool\trial_chambers\spawner\ranged\stray.json
	*EXTRA Dir        -1	C:\Users\joshp\curseforge\minecraft\Instances\Alive Dev\saves\Desire Paths\datapacks_uncompiled\temp_dir\data\minecraft\worldgen\template_pool\trial_chambers\spawner\slow_ranged\
	  *EXTRA File 		     444	C:\Users\joshp\curseforge\minecraft\Instances\Alive Dev\saves\Desire Paths\datapacks_uncompiled\temp_dir\data\minecraft\worldgen\template_pool\trial_chambers\spawner\slow_ranged\poison_skeleton.json
	  *EXTRA File 		     437	C:\Users\joshp\curseforge\minecraft\Instances\Alive Dev\saves\Desire Paths\datapacks_uncompiled\temp_dir\data\minecraft\worldgen\template_pool\trial_chambers\spawner\slow_ranged\skeleton.json
	  *EXTRA File 		     434	C:\Users\joshp\curseforge\minecraft\Instances\Alive Dev\saves\Desire Paths\datapacks_uncompiled\temp_dir\data\minecraft\worldgen\template_pool\trial_chambers\spawner\slow_ranged\stray.json
	*EXTRA Dir        -1	C:\Users\joshp\curseforge\minecraft\Instances\Alive Dev\saves\Desire Paths\datapacks_uncompiled\temp_dir\data\minecraft\worldgen\template_pool\trial_chambers\spawner\small_melee\
	  *EXTRA File 		     440	C:\Users\joshp\curseforge\minecraft\Instances\Alive Dev\saves\Desire Paths\datapacks_uncompiled\temp_dir\data\minecraft\worldgen\template_pool\trial_chambers\spawner\small_melee\baby_zombie.json
	  *EXTRA File 		     440	C:\Users\joshp\curseforge\minecraft\Instances\Alive Dev\saves\Desire Paths\datapacks_uncompiled\temp_dir\data\minecraft\worldgen\template_pool\trial_chambers\spawner\small_melee\cave_spider.json
	  *EXTRA File 		     439	C:\Users\joshp\curseforge\minecraft\Instances\Alive Dev\saves\Desire Paths\datapacks_uncompiled\temp_dir\data\minecraft\worldgen\template_pool\trial_chambers\spawner\small_melee\silverfish.json
	  *EXTRA File 		     434	C:\Users\joshp\curseforge\minecraft\Instances\Alive Dev\saves\Desire Paths\datapacks_uncompiled\temp_dir\data\minecraft\worldgen\template_pool\trial_chambers\spawner\small_melee\slime.json
	*EXTRA Dir        -1	C:\Users\joshp\curseforge\minecraft\Instances\Alive Dev\saves\Desire Paths\datapacks_uncompiled\temp_dir\data\minecraft\worldgen\template_pool\village\
	*EXTRA Dir        -1	C:\Users\joshp\curseforge\minecraft\Instances\Alive Dev\saves\Desire Paths\datapacks_uncompiled\temp_dir\data\minecraft\worldgen\template_pool\village\common\
	  *EXTRA File 		    3516	C:\Users\joshp\curseforge\minecraft\Instances\Alive Dev\saves\Desire Paths\datapacks_uncompiled\temp_dir\data\minecraft\worldgen\template_pool\village\common\animals.json
	  *EXTRA File 		    1527	C:\Users\joshp\curseforge\minecraft\Instances\Alive Dev\saves\Desire Paths\datapacks_uncompiled\temp_dir\data\minecraft\worldgen\template_pool\village\common\butcher_animals.json
	  *EXTRA File 		    3907	C:\Users\joshp\curseforge\minecraft\Instances\Alive Dev\saves\Desire Paths\datapacks_uncompiled\temp_dir\data\minecraft\worldgen\template_pool\village\common\cats.json
	  *EXTRA File 		     426	C:\Users\joshp\curseforge\minecraft\Instances\Alive Dev\saves\Desire Paths\datapacks_uncompiled\temp_dir\data\minecraft\worldgen\template_pool\village\common\iron_golem.json
	  *EXTRA File 		     797	C:\Users\joshp\curseforge\minecraft\Instances\Alive Dev\saves\Desire Paths\datapacks_uncompiled\temp_dir\data\minecraft\worldgen\template_pool\village\common\sheep.json
	  *EXTRA File 		     427	C:\Users\joshp\curseforge\minecraft\Instances\Alive Dev\saves\Desire Paths\datapacks_uncompiled\temp_dir\data\minecraft\worldgen\template_pool\village\common\well_bottoms.json
	*EXTRA Dir        -1	C:\Users\joshp\curseforge\minecraft\Instances\Alive Dev\saves\Desire Paths\datapacks_uncompiled\temp_dir\data\minecraft\worldgen\template_pool\village\desert\
	  *EXTRA File 		     427	C:\Users\joshp\curseforge\minecraft\Instances\Alive Dev\saves\Desire Paths\datapacks_uncompiled\temp_dir\data\minecraft\worldgen\template_pool\village\desert\camel.json
	  *EXTRA File 		    1081	C:\Users\joshp\curseforge\minecraft\Instances\Alive Dev\saves\Desire Paths\datapacks_uncompiled\temp_dir\data\minecraft\worldgen\template_pool\village\desert\decor.json
	  *EXTRA File 		   10685	C:\Users\joshp\curseforge\minecraft\Instances\Alive Dev\saves\Desire Paths\datapacks_uncompiled\temp_dir\data\minecraft\worldgen\template_pool\village\desert\houses.json
	  *EXTRA File 		    4268	C:\Users\joshp\curseforge\minecraft\Instances\Alive Dev\saves\Desire Paths\datapacks_uncompiled\temp_dir\data\minecraft\worldgen\template_pool\village\desert\streets.json
	  *EXTRA File 		     839	C:\Users\joshp\curseforge\minecraft\Instances\Alive Dev\saves\Desire Paths\datapacks_uncompiled\temp_dir\data\minecraft\worldgen\template_pool\village\desert\terminators.json
	  *EXTRA File 		    2306	C:\Users\joshp\curseforge\minecraft\Instances\Alive Dev\saves\Desire Paths\datapacks_uncompiled\temp_dir\data\minecraft\worldgen\template_pool\village\desert\town_centers.json
	  *EXTRA File 		    1169	C:\Users\joshp\curseforge\minecraft\Instances\Alive Dev\saves\Desire Paths\datapacks_uncompiled\temp_dir\data\minecraft\worldgen\template_pool\village\desert\villagers.json
	*EXTRA Dir        -1	C:\Users\joshp\curseforge\minecraft\Instances\Alive Dev\saves\Desire Paths\datapacks_uncompiled\temp_dir\data\minecraft\worldgen\template_pool\village\desert\zombie\
	  *EXTRA File 		    1048	C:\Users\joshp\curseforge\minecraft\Instances\Alive Dev\saves\Desire Paths\datapacks_uncompiled\temp_dir\data\minecraft\worldgen\template_pool\village\desert\zombie\decor.json
	  *EXTRA File 		    9942	C:\Users\joshp\curseforge\minecraft\Instances\Alive Dev\saves\Desire Paths\datapacks_uncompiled\temp_dir\data\minecraft\worldgen\template_pool\village\desert\zombie\houses.json
	  *EXTRA File 		    4352	C:\Users\joshp\curseforge\minecraft\Instances\Alive Dev\saves\Desire Paths\datapacks_uncompiled\temp_dir\data\minecraft\worldgen\template_pool\village\desert\zombie\streets.json
	  *EXTRA File 		     846	C:\Users\joshp\curseforge\minecraft\Instances\Alive Dev\saves\Desire Paths\datapacks_uncompiled\temp_dir\data\minecraft\worldgen\template_pool\village\desert\zombie\terminators.json
	  *EXTRA File 		     818	C:\Users\joshp\curseforge\minecraft\Instances\Alive Dev\saves\Desire Paths\datapacks_uncompiled\temp_dir\data\minecraft\worldgen\template_pool\village\desert\zombie\villagers.json
	*EXTRA Dir        -1	C:\Users\joshp\curseforge\minecraft\Instances\Alive Dev\saves\Desire Paths\datapacks_uncompiled\temp_dir\data\minecraft\worldgen\template_pool\village\plains\
	  *EXTRA File 		    1320	C:\Users\joshp\curseforge\minecraft\Instances\Alive Dev\saves\Desire Paths\datapacks_uncompiled\temp_dir\data\minecraft\worldgen\template_pool\village\plains\decor.json
	  *EXTRA File 		   13003	C:\Users\joshp\curseforge\minecraft\Instances\Alive Dev\saves\Desire Paths\datapacks_uncompiled\temp_dir\data\minecraft\worldgen\template_pool\village\plains\houses.json
	  *EXTRA File 		    5650	C:\Users\joshp\curseforge\minecraft\Instances\Alive Dev\saves\Desire Paths\datapacks_uncompiled\temp_dir\data\minecraft\worldgen\template_pool\village\plains\streets.json
	  *EXTRA File 		    1481	C:\Users\joshp\curseforge\minecraft\Instances\Alive Dev\saves\Desire Paths\datapacks_uncompiled\temp_dir\data\minecraft\worldgen\template_pool\village\plains\terminators.json
	  *EXTRA File 		    2961	C:\Users\joshp\curseforge\minecraft\Instances\Alive Dev\saves\Desire Paths\datapacks_uncompiled\temp_dir\data\minecraft\worldgen\template_pool\village\plains\town_centers.json
	  *EXTRA File 		     306	C:\Users\joshp\curseforge\minecraft\Instances\Alive Dev\saves\Desire Paths\datapacks_uncompiled\temp_dir\data\minecraft\worldgen\template_pool\village\plains\trees.json
	  *EXTRA File 		    1169	C:\Users\joshp\curseforge\minecraft\Instances\Alive Dev\saves\Desire Paths\datapacks_uncompiled\temp_dir\data\minecraft\worldgen\template_pool\village\plains\villagers.json
	*EXTRA Dir        -1	C:\Users\joshp\curseforge\minecraft\Instances\Alive Dev\saves\Desire Paths\datapacks_uncompiled\temp_dir\data\minecraft\worldgen\template_pool\village\plains\zombie\
	  *EXTRA File 		    1287	C:\Users\joshp\curseforge\minecraft\Instances\Alive Dev\saves\Desire Paths\datapacks_uncompiled\temp_dir\data\minecraft\worldgen\template_pool\village\plains\zombie\decor.json
	  *EXTRA File 		   12424	C:\Users\joshp\curseforge\minecraft\Instances\Alive Dev\saves\Desire Paths\datapacks_uncompiled\temp_dir\data\minecraft\worldgen\template_pool\village\plains\zombie\houses.json
	  *EXTRA File 		    5762	C:\Users\joshp\curseforge\minecraft\Instances\Alive Dev\saves\Desire Paths\datapacks_uncompiled\temp_dir\data\minecraft\worldgen\template_pool\village\plains\zombie\streets.json
	  *EXTRA File 		     818	C:\Users\joshp\curseforge\minecraft\Instances\Alive Dev\saves\Desire Paths\datapacks_uncompiled\temp_dir\data\minecraft\worldgen\template_pool\village\plains\zombie\villagers.json
	*EXTRA Dir        -1	C:\Users\joshp\curseforge\minecraft\Instances\Alive Dev\saves\Desire Paths\datapacks_uncompiled\temp_dir\data\minecraft\worldgen\template_pool\village\savanna\
	  *EXTRA File 		    1329	C:\Users\joshp\curseforge\minecraft\Instances\Alive Dev\saves\Desire Paths\datapacks_uncompiled\temp_dir\data\minecraft\worldgen\template_pool\village\savanna\decor.json
	  *EXTRA File 		   11892	C:\Users\joshp\curseforge\minecraft\Instances\Alive Dev\saves\Desire Paths\datapacks_uncompiled\temp_dir\data\minecraft\worldgen\template_pool\village\savanna\houses.json
	  *EXTRA File 		    6729	C:\Users\joshp\curseforge\minecraft\Instances\Alive Dev\saves\Desire Paths\datapacks_uncompiled\temp_dir\data\minecraft\worldgen\template_pool\village\savanna\streets.json
	  *EXTRA File 		    1841	C:\Users\joshp\curseforge\minecraft\Instances\Alive Dev\saves\Desire Paths\datapacks_uncompiled\temp_dir\data\minecraft\worldgen\template_pool\village\savanna\terminators.json
	  *EXTRA File 		    3076	C:\Users\joshp\curseforge\minecraft\Instances\Alive Dev\saves\Desire Paths\datapacks_uncompiled\temp_dir\data\minecraft\worldgen\template_pool\village\savanna\town_centers.json
	  *EXTRA File 		     309	C:\Users\joshp\curseforge\minecraft\Instances\Alive Dev\saves\Desire Paths\datapacks_uncompiled\temp_dir\data\minecraft\worldgen\template_pool\village\savanna\trees.json
	  *EXTRA File 		    1172	C:\Users\joshp\curseforge\minecraft\Instances\Alive Dev\saves\Desire Paths\datapacks_uncompiled\temp_dir\data\minecraft\worldgen\template_pool\village\savanna\villagers.json
	*EXTRA Dir        -1	C:\Users\joshp\curseforge\minecraft\Instances\Alive Dev\saves\Desire Paths\datapacks_uncompiled\temp_dir\data\minecraft\worldgen\template_pool\village\savanna\zombie\
	  *EXTRA File 		    1297	C:\Users\joshp\curseforge\minecraft\Instances\Alive Dev\saves\Desire Paths\datapacks_uncompiled\temp_dir\data\minecraft\worldgen\template_pool\village\savanna\zombie\decor.json
	  *EXTRA File 		   11100	C:\Users\joshp\curseforge\minecraft\Instances\Alive Dev\saves\Desire Paths\datapacks_uncompiled\temp_dir\data\minecraft\worldgen\template_pool\village\savanna\zombie\houses.json
	  *EXTRA File 		    6869	C:\Users\joshp\curseforge\minecraft\Instances\Alive Dev\saves\Desire Paths\datapacks_uncompiled\temp_dir\data\minecraft\worldgen\template_pool\village\savanna\zombie\streets.json
	  *EXTRA File 		    1848	C:\Users\joshp\curseforge\minecraft\Instances\Alive Dev\saves\Desire Paths\datapacks_uncompiled\temp_dir\data\minecraft\worldgen\template_pool\village\savanna\zombie\terminators.json
	  *EXTRA File 		     820	C:\Users\joshp\curseforge\minecraft\Instances\Alive Dev\saves\Desire Paths\datapacks_uncompiled\temp_dir\data\minecraft\worldgen\template_pool\village\savanna\zombie\villagers.json
	*EXTRA Dir        -1	C:\Users\joshp\curseforge\minecraft\Instances\Alive Dev\saves\Desire Paths\datapacks_uncompiled\temp_dir\data\minecraft\worldgen\template_pool\village\snowy\
	  *EXTRA File 		    2060	C:\Users\joshp\curseforge\minecraft\Instances\Alive Dev\saves\Desire Paths\datapacks_uncompiled\temp_dir\data\minecraft\worldgen\template_pool\village\snowy\decor.json
	  *EXTRA File 		   11446	C:\Users\joshp\curseforge\minecraft\Instances\Alive Dev\saves\Desire Paths\datapacks_uncompiled\temp_dir\data\minecraft\worldgen\template_pool\village\snowy\houses.json
	  *EXTRA File 		    5758	C:\Users\joshp\curseforge\minecraft\Instances\Alive Dev\saves\Desire Paths\datapacks_uncompiled\temp_dir\data\minecraft\worldgen\template_pool\village\snowy\streets.json
	  *EXTRA File 		    1513	C:\Users\joshp\curseforge\minecraft\Instances\Alive Dev\saves\Desire Paths\datapacks_uncompiled\temp_dir\data\minecraft\worldgen\template_pool\village\snowy\terminators.json
	  *EXTRA File 		    2395	C:\Users\joshp\curseforge\minecraft\Instances\Alive Dev\saves\Desire Paths\datapacks_uncompiled\temp_dir\data\minecraft\worldgen\template_pool\village\snowy\town_centers.json
	  *EXTRA File 		     309	C:\Users\joshp\curseforge\minecraft\Instances\Alive Dev\saves\Desire Paths\datapacks_uncompiled\temp_dir\data\minecraft\worldgen\template_pool\village\snowy\trees.json
	  *EXTRA File 		    1166	C:\Users\joshp\curseforge\minecraft\Instances\Alive Dev\saves\Desire Paths\datapacks_uncompiled\temp_dir\data\minecraft\worldgen\template_pool\village\snowy\villagers.json
	*EXTRA Dir        -1	C:\Users\joshp\curseforge\minecraft\Instances\Alive Dev\saves\Desire Paths\datapacks_uncompiled\temp_dir\data\minecraft\worldgen\template_pool\village\snowy\zombie\
	  *EXTRA File 		    1958	C:\Users\joshp\curseforge\minecraft\Instances\Alive Dev\saves\Desire Paths\datapacks_uncompiled\temp_dir\data\minecraft\worldgen\template_pool\village\snowy\zombie\decor.json
	  *EXTRA File 		   10575	C:\Users\joshp\curseforge\minecraft\Instances\Alive Dev\saves\Desire Paths\datapacks_uncompiled\temp_dir\data\minecraft\worldgen\template_pool\village\snowy\zombie\houses.json
	  *EXTRA File 		    5870	C:\Users\joshp\curseforge\minecraft\Instances\Alive Dev\saves\Desire Paths\datapacks_uncompiled\temp_dir\data\minecraft\worldgen\template_pool\village\snowy\zombie\streets.json
	  *EXTRA File 		     816	C:\Users\joshp\curseforge\minecraft\Instances\Alive Dev\saves\Desire Paths\datapacks_uncompiled\temp_dir\data\minecraft\worldgen\template_pool\village\snowy\zombie\villagers.json
	*EXTRA Dir        -1	C:\Users\joshp\curseforge\minecraft\Instances\Alive Dev\saves\Desire Paths\datapacks_uncompiled\temp_dir\data\minecraft\worldgen\template_pool\village\taiga\
	  *EXTRA File 		    4040	C:\Users\joshp\curseforge\minecraft\Instances\Alive Dev\saves\Desire Paths\datapacks_uncompiled\temp_dir\data\minecraft\worldgen\template_pool\village\taiga\decor.json
	  *EXTRA File 		    9622	C:\Users\joshp\curseforge\minecraft\Instances\Alive Dev\saves\Desire Paths\datapacks_uncompiled\temp_dir\data\minecraft\worldgen\template_pool\village\taiga\houses.json
	  *EXTRA File 		    5761	C:\Users\joshp\curseforge\minecraft\Instances\Alive Dev\saves\Desire Paths\datapacks_uncompiled\temp_dir\data\minecraft\worldgen\template_pool\village\taiga\streets.json
	  *EXTRA File 		    1513	C:\Users\joshp\curseforge\minecraft\Instances\Alive Dev\saves\Desire Paths\datapacks_uncompiled\temp_dir\data\minecraft\worldgen\template_pool\village\taiga\terminators.json
	  *EXTRA File 		    1493	C:\Users\joshp\curseforge\minecraft\Instances\Alive Dev\saves\Desire Paths\datapacks_uncompiled\temp_dir\data\minecraft\worldgen\template_pool\village\taiga\town_centers.json
	  *EXTRA File 		    1166	C:\Users\joshp\curseforge\minecraft\Instances\Alive Dev\saves\Desire Paths\datapacks_uncompiled\temp_dir\data\minecraft\worldgen\template_pool\village\taiga\villagers.json
	*EXTRA Dir        -1	C:\Users\joshp\curseforge\minecraft\Instances\Alive Dev\saves\Desire Paths\datapacks_uncompiled\temp_dir\data\minecraft\worldgen\template_pool\village\taiga\zombie\
	  *EXTRA File 		    2936	C:\Users\joshp\curseforge\minecraft\Instances\Alive Dev\saves\Desire Paths\datapacks_uncompiled\temp_dir\data\minecraft\worldgen\template_pool\village\taiga\zombie\decor.json
	  *EXTRA File 		    9257	C:\Users\joshp\curseforge\minecraft\Instances\Alive Dev\saves\Desire Paths\datapacks_uncompiled\temp_dir\data\minecraft\worldgen\template_pool\village\taiga\zombie\houses.json
	  *EXTRA File 		    5873	C:\Users\joshp\curseforge\minecraft\Instances\Alive Dev\saves\Desire Paths\datapacks_uncompiled\temp_dir\data\minecraft\worldgen\template_pool\village\taiga\zombie\streets.json
	  *EXTRA File 		     816	C:\Users\joshp\curseforge\minecraft\Instances\Alive Dev\saves\Desire Paths\datapacks_uncompiled\temp_dir\data\minecraft\worldgen\template_pool\village\taiga\zombie\villagers.json
	*EXTRA Dir        -1	C:\Users\joshp\curseforge\minecraft\Instances\Alive Dev\saves\Desire Paths\datapacks_uncompiled\temp_dir\data\minecraft\worldgen\world_preset\
	  *EXTRA File 		    1129	C:\Users\joshp\curseforge\minecraft\Instances\Alive Dev\saves\Desire Paths\datapacks_uncompiled\temp_dir\data\minecraft\worldgen\world_preset\amplified.json
	  *EXTRA File 		     915	C:\Users\joshp\curseforge\minecraft\Instances\Alive Dev\saves\Desire Paths\datapacks_uncompiled\temp_dir\data\minecraft\worldgen\world_preset\debug_all_block_states.json
	  *EXTRA File 		    1779	C:\Users\joshp\curseforge\minecraft\Instances\Alive Dev\saves\Desire Paths\datapacks_uncompiled\temp_dir\data\minecraft\worldgen\world_preset\flat.json
	  *EXTRA File 		    1132	C:\Users\joshp\curseforge\minecraft\Instances\Alive Dev\saves\Desire Paths\datapacks_uncompiled\temp_dir\data\minecraft\worldgen\world_preset\large_biomes.json
	  *EXTRA File 		    1129	C:\Users\joshp\curseforge\minecraft\Instances\Alive Dev\saves\Desire Paths\datapacks_uncompiled\temp_dir\data\minecraft\worldgen\world_preset\normal.json
	  *EXTRA File 		    1119	C:\Users\joshp\curseforge\minecraft\Instances\Alive Dev\saves\Desire Paths\datapacks_uncompiled\temp_dir\data\minecraft\worldgen\world_preset\single_biome_surface.json
	*EXTRA Dir        -1	C:\Users\joshp\curseforge\minecraft\Instances\Alive Dev\saves\Desire Paths\datapacks_uncompiled\temp_dir\META-INF\
	  *EXTRA File 		     337	C:\Users\joshp\curseforge\minecraft\Instances\Alive Dev\saves\Desire Paths\datapacks_uncompiled\temp_dir\META-INF\gstools.accesswidener
	  *EXTRA File 		     414	C:\Users\joshp\curseforge\minecraft\Instances\Alive Dev\saves\Desire Paths\datapacks_uncompiled\temp_dir\META-INF\MANIFEST.MF
	  *EXTRA File 		     207	C:\Users\joshp\curseforge\minecraft\Instances\Alive Dev\saves\Desire Paths\datapacks_uncompiled\temp_dir\block_decay.mixins.json
	  *EXTRA File 		      28	C:\Users\joshp\curseforge\minecraft\Instances\Alive Dev\saves\Desire Paths\datapacks_uncompiled\temp_dir\block_decay.refmap.json
	  *EXTRA File 		     618	C:\Users\joshp\curseforge\minecraft\Instances\Alive Dev\saves\Desire Paths\datapacks_uncompiled\temp_dir\config.pyl
	  *EXTRA File 		     648	C:\Users\joshp\curseforge\minecraft\Instances\Alive Dev\saves\Desire Paths\datapacks_uncompiled\temp_dir\fabric.mod.json
	  *EXTRA File 		     228	C:\Users\joshp\curseforge\minecraft\Instances\Alive Dev\saves\Desire Paths\datapacks_uncompiled\temp_dir\gstools.mixins.json
	  *EXTRA File 		      40	C:\Users\joshp\curseforge\minecraft\Instances\Alive Dev\saves\Desire Paths\datapacks_uncompiled\temp_dir\gstools.refmap.json
	  *EXTRA File 		   3.7 m	C:\Users\joshp\curseforge\minecraft\Instances\Alive Dev\saves\Desire Paths\datapacks_uncompiled\temp_dir\logo.png
	  *EXTRA File 		     110	C:\Users\joshp\curseforge\minecraft\Instances\Alive Dev\saves\Desire Paths\datapacks_uncompiled\temp_dir\pack.mcmeta

------------------------------------------------------------------------------

               Total    Copied   Skipped  Mismatch    FAILED    Extras
    Dirs :         1         1         1         0         0       445
   Files :         0         0         0         0         0      2465
   Bytes :         0         0         0         0         0   10.25 m
   Times :   0:00:00   0:00:00                       0:00:00   0:00:00
   Ended : September 25, 2026 10:37:11 AM

