
[2026, 9, 27, 12, 14, 5] ;;; build; build.py
[2026, 9, 27, 12, 14, 5] ;;; build; --build
[2026, 9, 27, 12, 14, 5] ;;; build; Init Mod Build...
[2026, 9, 27, 12, 14, 5] ;;; build; Init resources...
[2026, 9, 27, 12, 14, 6] ;;; build; Compiling datapacks...
[2026, 9, 27, 12, 21, 18] ;;; build; build.py
[2026, 9, 27, 12, 21, 18] ;;; build; --build
[2026, 9, 27, 12, 21, 18] ;;; build; Init Mod Build...
[2026, 9, 27, 12, 21, 18] ;;; build; Init resources...
[2026, 9, 27, 12, 21, 18] ;;; build; Compiling datapacks...
[2026, 9, 27, 12, 28, 36] ;;; build; Adjusting current version as needed...
[2026, 9, 27, 12, 28, 36] ;;; build; Appending to changelog...
[2026, 9, 27, 12, 28, 36] ;;; build; Begin Complete Build Block...
[2026, 9, 27, 12, 28, 36] ;;; build; Init Build Per Datapack Compile Block...
[2026, 9, 27, 12, 28, 36] ;;; build; Compiling datapack block_decay into mod...
[2026, 9, 27, 12, 28, 36] ;;; build;    > Detecting split versions...
[2026, 9, 27, 12, 28, 36] ;;; build;    --> Version to delete after: gstools-neoforge-1.21.9.jar
[2026, 9, 27, 12, 28, 36] ;;; build;    --> Version to delete after: gstools-neoforge-1.21.10.jar
[2026, 9, 27, 12, 28, 36] ;;; build;    --> Version to delete after: gstools-neoforge-1.21.11.jar
[2026, 9, 27, 12, 28, 36] ;;; build;    --> Version to delete after: gstools-neoforge-1.21.jar
[2026, 9, 27, 12, 28, 36] ;;; build;    --> Version to delete after: gstools-fabric-1.21.10.jar
[2026, 9, 27, 12, 28, 36] ;;; build;    --> Version to delete after: gstools-fabric-1.21.11.jar
[2026, 9, 27, 12, 28, 36] ;;; build;    --> Copying modified game version cache...
[2026, 9, 27, 12, 28, 39] ;;; build;    > Beginning build block...
[2026, 9, 27, 12, 28, 39] ;;; build;    > Compiling for fabric-1.21.10...
[2026, 9, 27, 12, 28, 40] ;;; build;    --> Cleaning temp directory...
[2026, 9, 27, 12, 28, 41] ;;; build;    --> Unpacking base jar file...
[2026, 9, 27, 12, 28, 41] ;;; build;    --> Copying compiled mcfunction assets...
[2026, 9, 27, 12, 28, 56] ;;; build;    --> Injecting logo...
[2026, 9, 27, 12, 28, 56] ;;; build;    --> Injecting config defaults...
[2026, 9, 27, 12, 28, 56] ;;; build;    --> Handling loader specifications...
[2026, 9, 27, 12, 28, 56] ;;; build;      ---> Init Fabric...
[2026, 9, 27, 12, 28, 56] ;;; build;    --> Compiling Structures And Features...
[2026, 9, 27, 12, 28, 56] ;;; build;      ---> Prior Cache Detected. Injecting...
[2026, 9, 27, 12, 29, 0] ;;; build;      ---> Done.
[2026, 9, 27, 12, 29, 0] ;;; build;    --> Removing gstools jar files from non-gstools mod...
[2026, 9, 27, 12, 29, 0] ;;; build;    --> Injecting block tags...
[2026, 9, 27, 12, 29, 0] ;;; build;    --> Duplicating function folder for backported versions...
[2026, 9, 27, 12, 29, 3] ;;; build;    --> Packing into jar file...
[2026, 9, 27, 12, 29, 8] ;;; build;    --> Cleaning Up...
[2026, 9, 27, 12, 29, 19] ;;; build;    --> Done.
[2026, 9, 27, 12, 29, 19] ;;; build;    > Compiling for fabric-1.21.11...
[2026, 9, 27, 12, 29, 19] ;;; build;    --> Cleaning temp directory...
[2026, 9, 27, 12, 29, 20] ;;; build;    --> Unpacking base jar file...
[2026, 9, 27, 12, 29, 20] ;;; build;    --> Copying compiled mcfunction assets...
[2026, 9, 27, 12, 29, 24] ;;; build;    --> Injecting logo...
[2026, 9, 27, 12, 29, 24] ;;; build;    --> Injecting config defaults...
[2026, 9, 27, 12, 29, 24] ;;; build;    --> Handling loader specifications...
[2026, 9, 27, 12, 29, 24] ;;; build;      ---> Init Fabric...
[2026, 9, 27, 12, 29, 24] ;;; build;    --> Compiling Structures And Features...
[2026, 9, 27, 12, 29, 24] ;;; build;      ---> Prior Cache Detected. Injecting...
[2026, 9, 27, 12, 29, 25] ;;; build;      ---> Done.
[2026, 9, 27, 12, 29, 25] ;;; build;    --> Removing gstools jar files from non-gstools mod...
[2026, 9, 27, 12, 29, 25] ;;; build;    --> Injecting block tags...
[2026, 9, 27, 12, 29, 25] ;;; build;    --> Duplicating function folder for backported versions...
[2026, 9, 27, 12, 29, 25] ;;; build;    --> Packing into jar file...
[2026, 9, 27, 12, 29, 38] ;;; build;    --> Cleaning Up...
[2026, 9, 27, 12, 29, 49] ;;; build;    --> Done.
[2026, 9, 27, 12, 29, 49] ;;; build;    > Compiling for fabric-1.21.8...
[2026, 9, 27, 12, 29, 49] ;;; build;    --> Cleaning temp directory...
[2026, 9, 27, 12, 29, 49] ;;; build;    --> Unpacking base jar file...
[2026, 9, 27, 12, 29, 49] ;;; build;    --> Copying compiled mcfunction assets...
[2026, 9, 27, 12, 29, 53] ;;; build;    --> Injecting logo...
[2026, 9, 27, 12, 29, 53] ;;; build;    --> Injecting config defaults...
[2026, 9, 27, 12, 29, 53] ;;; build;    --> Handling loader specifications...
[2026, 9, 27, 12, 29, 53] ;;; build;      ---> Init Fabric...
[2026, 9, 27, 12, 29, 53] ;;; build;    --> Compiling Structures And Features...
[2026, 9, 27, 12, 29, 53] ;;; build;      ---> Prior Cache Detected. Injecting...
[2026, 9, 27, 12, 29, 54] ;;; build;      ---> Done.
[2026, 9, 27, 12, 29, 54] ;;; build;    --> Removing gstools jar files from non-gstools mod...
[2026, 9, 27, 12, 29, 54] ;;; build;    --> Injecting block tags...
[2026, 9, 27, 12, 29, 54] ;;; build;    --> Duplicating function folder for backported versions...
[2026, 9, 27, 12, 29, 54] ;;; build;    --> Packing into jar file...
[2026, 9, 27, 12, 30, 5] ;;; build;    --> Cleaning Up...
[2026, 9, 27, 12, 30, 16] ;;; build;    --> Done.
[2026, 9, 27, 12, 30, 16] ;;; build;    > Compiling for fabric-1.21.9...
[2026, 9, 27, 12, 30, 16] ;;; build;    --> Cleaning temp directory...
[2026, 9, 27, 12, 30, 16] ;;; build;    --> Unpacking base jar file...
[2026, 9, 27, 12, 30, 16] ;;; build;    --> Copying compiled mcfunction assets...
[2026, 9, 27, 12, 30, 20] ;;; build;    --> Injecting logo...
[2026, 9, 27, 12, 30, 20] ;;; build;    --> Injecting config defaults...
[2026, 9, 27, 12, 30, 20] ;;; build;    --> Handling loader specifications...
[2026, 9, 27, 12, 30, 20] ;;; build;      ---> Init Fabric...
[2026, 9, 27, 12, 30, 20] ;;; build;    --> Compiling Structures And Features...
[2026, 9, 27, 12, 30, 20] ;;; build;      ---> Prior Cache Detected. Injecting...
[2026, 9, 27, 12, 30, 21] ;;; build;      ---> Done.
[2026, 9, 27, 12, 30, 21] ;;; build;    --> Removing gstools jar files from non-gstools mod...
[2026, 9, 27, 12, 30, 21] ;;; build;    --> Injecting block tags...
[2026, 9, 27, 12, 30, 21] ;;; build;    --> Duplicating function folder for backported versions...
[2026, 9, 27, 12, 30, 21] ;;; build;    --> Packing into jar file...
[2026, 9, 27, 12, 30, 32] ;;; build;    --> Cleaning Up...
[2026, 9, 27, 12, 30, 43] ;;; build;    --> Done.
[2026, 9, 27, 12, 30, 43] ;;; build;    > Compiling for fabric-26.1...
[2026, 9, 27, 12, 30, 43] ;;; build;    --> Cleaning temp directory...
[2026, 9, 27, 12, 30, 43] ;;; build;    --> Unpacking base jar file...
[2026, 9, 27, 12, 30, 43] ;;; build;    --> Copying compiled mcfunction assets...
[2026, 9, 27, 12, 30, 47] ;;; build;    --> Injecting logo...
[2026, 9, 27, 12, 30, 47] ;;; build;    --> Injecting config defaults...
[2026, 9, 27, 12, 30, 47] ;;; build;    --> Handling loader specifications...
[2026, 9, 27, 12, 30, 47] ;;; build;      ---> Init Fabric...
[2026, 9, 27, 12, 30, 47] ;;; build;    --> Compiling Structures And Features...
[2026, 9, 27, 12, 30, 47] ;;; build;      ---> Prior Cache Detected. Injecting...
[2026, 9, 27, 12, 30, 48] ;;; build;      ---> Done.
[2026, 9, 27, 12, 30, 48] ;;; build;    --> Removing gstools jar files from non-gstools mod...
[2026, 9, 27, 12, 30, 48] ;;; build;    --> Injecting block tags...
[2026, 9, 27, 12, 30, 48] ;;; build;    --> Duplicating function folder for backported versions...
[2026, 9, 27, 12, 30, 48] ;;; build;    --> Packing into jar file...
[2026, 9, 27, 12, 30, 59] ;;; build;    --> Cleaning Up...
[2026, 9, 27, 12, 31, 10] ;;; build;    --> Done.
[2026, 9, 27, 12, 31, 10] ;;; build;    > Compiling for fabric-26.2...
[2026, 9, 27, 12, 31, 10] ;;; build;    --> Cleaning temp directory...
[2026, 9, 27, 12, 31, 10] ;;; build;    --> Unpacking base jar file...
[2026, 9, 27, 12, 31, 10] ;;; build;    --> Copying compiled mcfunction assets...
[2026, 9, 27, 12, 31, 14] ;;; build;    --> Injecting logo...
[2026, 9, 27, 12, 31, 14] ;;; build;    --> Injecting config defaults...
[2026, 9, 27, 12, 31, 14] ;;; build;    --> Handling loader specifications...
[2026, 9, 27, 12, 31, 14] ;;; build;      ---> Init Fabric...
[2026, 9, 27, 12, 31, 14] ;;; build;    --> Compiling Structures And Features...
[2026, 9, 27, 12, 31, 14] ;;; build;      ---> Prior Cache Detected. Injecting...
[2026, 9, 27, 12, 31, 14] ;;; build;      ---> Done.
[2026, 9, 27, 12, 31, 15] ;;; build;    --> Removing gstools jar files from non-gstools mod...
[2026, 9, 27, 12, 31, 15] ;;; build;    --> Injecting block tags...
[2026, 9, 27, 12, 31, 15] ;;; build;    --> Duplicating function folder for backported versions...
[2026, 9, 27, 12, 31, 15] ;;; build;    --> Packing into jar file...
[2026, 9, 27, 12, 31, 25] ;;; build;    --> Cleaning Up...
[2026, 9, 27, 12, 31, 36] ;;; build;    --> Done.
[2026, 9, 27, 12, 31, 36] ;;; build;    > Compiling for fabric-26.3...
[2026, 9, 27, 12, 31, 36] ;;; build;    --> Cleaning temp directory...
[2026, 9, 27, 12, 31, 36] ;;; build;    --> Unpacking base jar file...
[2026, 9, 27, 12, 31, 36] ;;; build;    --> Copying compiled mcfunction assets...
[2026, 9, 27, 12, 31, 40] ;;; build;    --> Injecting logo...
[2026, 9, 27, 12, 31, 40] ;;; build;    --> Injecting config defaults...
[2026, 9, 27, 12, 31, 40] ;;; build;    --> Handling loader specifications...
[2026, 9, 27, 12, 31, 40] ;;; build;      ---> Init Fabric...
[2026, 9, 27, 12, 31, 40] ;;; build;    --> Compiling Structures And Features...
[2026, 9, 27, 12, 31, 40] ;;; build;    --> Removing gstools jar files from non-gstools mod...
[2026, 9, 27, 12, 31, 40] ;;; build;    --> Injecting block tags...
[2026, 9, 27, 12, 31, 40] ;;; build;    --> Duplicating function folder for backported versions...
[2026, 9, 27, 12, 31, 40] ;;; build;    --> Packing into jar file...
[2026, 9, 27, 12, 31, 43] ;;; build;    --> Cleaning Up...
[2026, 9, 27, 12, 31, 45] ;;; build;    --> Done.
[2026, 9, 27, 12, 31, 45] ;;; build;    > Compiling for forge-1.19.4...
[2026, 9, 27, 12, 31, 45] ;;; build;    --> Cleaning temp directory...
[2026, 9, 27, 12, 31, 45] ;;; build;    --> Unpacking base jar file...
[2026, 9, 27, 12, 31, 45] ;;; build;    --> Copying compiled mcfunction assets...
[2026, 9, 27, 12, 31, 49] ;;; build;    --> Injecting logo...
[2026, 9, 27, 12, 31, 49] ;;; build;    --> Injecting config defaults...
[2026, 9, 27, 12, 31, 49] ;;; build;    --> Handling loader specifications...
[2026, 9, 27, 12, 31, 49] ;;; build;      ---> Init Forge...
[2026, 9, 27, 12, 31, 49] ;;; build;    --> Compiling Structures And Features...
[2026, 9, 27, 12, 31, 49] ;;; build;      ---> Prior Cache Detected. Injecting...
[2026, 9, 27, 12, 31, 50] ;;; build;      ---> Done.
[2026, 9, 27, 12, 31, 50] ;;; build;    --> Removing gstools jar files from non-gstools mod...
[2026, 9, 27, 12, 31, 50] ;;; build;    --> Base Mod Compile Requirment Detected! Compiling...
[2026, 9, 27, 12, 31, 50] ;;; build;      ---> Cleaning prior...
[2026, 9, 27, 12, 31, 50] ;;; build;      ---> Cloning basemod...
[2026, 9, 27, 12, 31, 50] ;;; build;      ---> Batch remaning...
[2026, 9, 27, 12, 31, 50] ;;; build;      ---> Running gradle...
[2026, 9, 27, 12, 32, 10] ;;; build;      ---> Unpacking generated jar file...
[2026, 9, 27, 12, 32, 10] ;;; build;      ---> Injecting generated assets into temp dir...
[2026, 9, 27, 12, 32, 10] ;;; build;    --> Injecting block tags...
[2026, 9, 27, 12, 32, 10] ;;; build;    --> Duplicating function folder for backported versions...
[2026, 9, 27, 12, 32, 10] ;;; build;    --> Packing into jar file...
[2026, 9, 27, 12, 32, 16] ;;; build;    --> Cleaning Up...
[2026, 9, 27, 12, 32, 25] ;;; build;    --> Done.
[2026, 9, 27, 12, 32, 25] ;;; build;    > Compiling for forge-1.20.1...
[2026, 9, 27, 12, 32, 25] ;;; build;    --> Cleaning temp directory...
[2026, 9, 27, 12, 32, 25] ;;; build;    --> Unpacking base jar file...
[2026, 9, 27, 12, 32, 25] ;;; build;    --> Copying compiled mcfunction assets...
[2026, 9, 27, 12, 32, 29] ;;; build;    --> Injecting logo...
[2026, 9, 27, 12, 32, 29] ;;; build;    --> Injecting config defaults...
[2026, 9, 27, 12, 32, 29] ;;; build;    --> Handling loader specifications...
[2026, 9, 27, 12, 32, 29] ;;; build;      ---> Init Forge...
[2026, 9, 27, 12, 32, 29] ;;; build;    --> Compiling Structures And Features...
[2026, 9, 27, 12, 32, 29] ;;; build;      ---> Prior Cache Detected. Injecting...
[2026, 9, 27, 12, 32, 30] ;;; build;      ---> Done.
[2026, 9, 27, 12, 32, 30] ;;; build;    --> Removing gstools jar files from non-gstools mod...
[2026, 9, 27, 12, 32, 30] ;;; build;    --> Base Mod Compile Requirment Detected! Compiling...
[2026, 9, 27, 12, 32, 30] ;;; build;      ---> Cleaning prior...
[2026, 9, 27, 12, 32, 30] ;;; build;      ---> Cloning basemod...
[2026, 9, 27, 12, 32, 30] ;;; build;      ---> Batch remaning...
[2026, 9, 27, 12, 32, 30] ;;; build;      ---> Running gradle...
[2026, 9, 27, 12, 32, 37] ;;; build;      ---> Unpacking generated jar file...
[2026, 9, 27, 12, 32, 37] ;;; build;      ---> Injecting generated assets into temp dir...
[2026, 9, 27, 12, 32, 37] ;;; build;    --> Injecting block tags...
[2026, 9, 27, 12, 32, 37] ;;; build;    --> Duplicating function folder for backported versions...
[2026, 9, 27, 12, 32, 37] ;;; build;    --> Packing into jar file...
[2026, 9, 27, 12, 32, 47] ;;; build;    --> Cleaning Up...
[2026, 9, 27, 12, 32, 55] ;;; build;    --> Done.
[2026, 9, 27, 12, 32, 55] ;;; build;    > Compiling for neoforge-1.20.4...
[2026, 9, 27, 12, 32, 55] ;;; build;    --> Cleaning temp directory...
[2026, 9, 27, 12, 32, 56] ;;; build;    --> Unpacking base jar file...
[2026, 9, 27, 12, 32, 56] ;;; build;    --> Copying compiled mcfunction assets...
[2026, 9, 27, 12, 33, 0] ;;; build;    --> Injecting logo...
[2026, 9, 27, 12, 33, 0] ;;; build;    --> Injecting config defaults...
[2026, 9, 27, 12, 33, 0] ;;; build;    --> Handling loader specifications...
[2026, 9, 27, 12, 33, 0] ;;; build;      ---> Init Neoforge...
[2026, 9, 27, 12, 33, 0] ;;; build;    --> Compiling Structures And Features...
[2026, 9, 27, 12, 33, 0] ;;; build;      ---> Prior Cache Detected. Injecting...
[2026, 9, 27, 12, 33, 0] ;;; build;      ---> Done.
[2026, 9, 27, 12, 33, 0] ;;; build;    --> Removing gstools jar files from non-gstools mod...
[2026, 9, 27, 12, 33, 0] ;;; build;    --> Base Mod Compile Requirment Detected! Compiling...
[2026, 9, 27, 12, 33, 0] ;;; build;      ---> Cleaning prior...
[2026, 9, 27, 12, 33, 0] ;;; build;      ---> Cloning basemod...
[2026, 9, 27, 12, 33, 0] ;;; build;      ---> Batch remaning...
[2026, 9, 27, 12, 33, 0] ;;; build;      ---> Running gradle...
[2026, 9, 27, 12, 33, 6] ;;; build;      ---> Unpacking generated jar file...
[2026, 9, 27, 12, 33, 6] ;;; build;      ---> Injecting generated assets into temp dir...
[2026, 9, 27, 12, 33, 6] ;;; build;    --> Injecting block tags...
[2026, 9, 27, 12, 33, 6] ;;; build;    --> Duplicating function folder for backported versions...
[2026, 9, 27, 12, 33, 6] ;;; build;    --> Packing into jar file...
[2026, 9, 27, 12, 33, 9] ;;; build;    --> Cleaning Up...
[2026, 9, 27, 12, 33, 12] ;;; build;    --> Done.
[2026, 9, 27, 12, 33, 12] ;;; build;    > Compiling for neoforge-1.20.6...
[2026, 9, 27, 12, 33, 12] ;;; build;    --> Cleaning temp directory...
[2026, 9, 27, 12, 33, 12] ;;; build;    --> Unpacking base jar file...
[2026, 9, 27, 12, 33, 12] ;;; build;    --> Copying compiled mcfunction assets...
[2026, 9, 27, 12, 33, 16] ;;; build;    --> Injecting logo...
[2026, 9, 27, 12, 33, 16] ;;; build;    --> Injecting config defaults...
[2026, 9, 27, 12, 33, 16] ;;; build;    --> Handling loader specifications...
[2026, 9, 27, 12, 33, 16] ;;; build;      ---> Init Neoforge...
[2026, 9, 27, 12, 33, 16] ;;; build;    --> Compiling Structures And Features...
[2026, 9, 27, 12, 33, 16] ;;; build;      ---> Prior Cache Detected. Injecting...
[2026, 9, 27, 12, 33, 16] ;;; build;      ---> Done.
[2026, 9, 27, 12, 33, 16] ;;; build;    --> Removing gstools jar files from non-gstools mod...
[2026, 9, 27, 12, 33, 16] ;;; build;    --> Injecting block tags...
[2026, 9, 27, 12, 33, 16] ;;; build;    --> Duplicating function folder for backported versions...
[2026, 9, 27, 12, 33, 17] ;;; build;    --> Packing into jar file...
[2026, 9, 27, 12, 33, 19] ;;; build;    --> Cleaning Up...
[2026, 9, 27, 12, 33, 22] ;;; build;    --> Done.
[2026, 9, 27, 12, 33, 22] ;;; build;    > Compiling for neoforge-1.21.1...
[2026, 9, 27, 12, 33, 22] ;;; build;    --> Cleaning temp directory...
[2026, 9, 27, 12, 33, 22] ;;; build;    --> Unpacking base jar file...
[2026, 9, 27, 12, 33, 22] ;;; build;    --> Copying compiled mcfunction assets...
[2026, 9, 27, 12, 33, 26] ;;; build;    --> Injecting logo...
[2026, 9, 27, 12, 33, 26] ;;; build;    --> Injecting config defaults...
[2026, 9, 27, 12, 33, 26] ;;; build;    --> Handling loader specifications...
[2026, 9, 27, 12, 33, 26] ;;; build;      ---> Init Neoforge...
[2026, 9, 27, 12, 33, 26] ;;; build;      ---> Weather2 Compat Requirment Detected.
[2026, 9, 27, 12, 33, 26] ;;; build;    --> Compiling Structures And Features...
[2026, 9, 27, 12, 33, 26] ;;; build;      ---> Prior Cache Detected. Injecting...
[2026, 9, 27, 12, 33, 27] ;;; build;      ---> Done.
[2026, 9, 27, 12, 33, 27] ;;; build;    --> Removing gstools jar files from non-gstools mod...
[2026, 9, 27, 12, 33, 27] ;;; build;    --> Injecting block tags...
[2026, 9, 27, 12, 33, 27] ;;; build;    --> Duplicating function folder for backported versions...
[2026, 9, 27, 12, 33, 27] ;;; build;    --> Packing into jar file...
[2026, 9, 27, 12, 33, 38] ;;; build;    --> Cleaning Up...
[2026, 9, 27, 12, 33, 47] ;;; build;    --> Done.
[2026, 9, 27, 12, 33, 47] ;;; build;    > Compiling for neoforge-1.21.10...
[2026, 9, 27, 12, 33, 47] ;;; build;    --> Cleaning temp directory...
[2026, 9, 27, 12, 33, 48] ;;; build;    --> Unpacking base jar file...
[2026, 9, 27, 12, 33, 48] ;;; build;    --> Copying compiled mcfunction assets...
[2026, 9, 27, 12, 33, 51] ;;; build;    --> Injecting logo...
[2026, 9, 27, 12, 33, 51] ;;; build;    --> Injecting config defaults...
[2026, 9, 27, 12, 33, 51] ;;; build;    --> Handling loader specifications...
[2026, 9, 27, 12, 33, 51] ;;; build;      ---> Init Neoforge...
[2026, 9, 27, 12, 33, 51] ;;; build;    --> Compiling Structures And Features...
[2026, 9, 27, 12, 33, 51] ;;; build;      ---> Prior Cache Detected. Injecting...
[2026, 9, 27, 12, 33, 52] ;;; build;      ---> Done.
[2026, 9, 27, 12, 33, 52] ;;; build;    --> Removing gstools jar files from non-gstools mod...
[2026, 9, 27, 12, 33, 52] ;;; build;    --> Injecting block tags...
[2026, 9, 27, 12, 33, 52] ;;; build;    --> Duplicating function folder for backported versions...
[2026, 9, 27, 12, 33, 53] ;;; build;    --> Packing into jar file...
[2026, 9, 27, 12, 34, 4] ;;; build;    --> Cleaning Up...
[2026, 9, 27, 12, 34, 14] ;;; build;    --> Done.
[2026, 9, 27, 12, 34, 14] ;;; build;    > Compiling for neoforge-1.21.11...
[2026, 9, 27, 12, 34, 14] ;;; build;    --> Cleaning temp directory...
[2026, 9, 27, 12, 34, 14] ;;; build;    --> Unpacking base jar file...
[2026, 9, 27, 12, 34, 14] ;;; build;    --> Copying compiled mcfunction assets...
[2026, 9, 27, 12, 34, 18] ;;; build;    --> Injecting logo...
[2026, 9, 27, 12, 34, 18] ;;; build;    --> Injecting config defaults...
[2026, 9, 27, 12, 34, 18] ;;; build;    --> Handling loader specifications...
[2026, 9, 27, 12, 34, 18] ;;; build;      ---> Init Neoforge...
[2026, 9, 27, 12, 34, 18] ;;; build;    --> Compiling Structures And Features...
[2026, 9, 27, 12, 34, 18] ;;; build;      ---> Prior Cache Detected. Injecting...
[2026, 9, 27, 12, 34, 19] ;;; build;      ---> Done.
[2026, 9, 27, 12, 34, 19] ;;; build;    --> Removing gstools jar files from non-gstools mod...
[2026, 9, 27, 12, 34, 19] ;;; build;    --> Injecting block tags...
[2026, 9, 27, 12, 34, 19] ;;; build;    --> Duplicating function folder for backported versions...
[2026, 9, 27, 12, 34, 19] ;;; build;    --> Packing into jar file...
[2026, 9, 27, 12, 34, 30] ;;; build;    --> Cleaning Up...
[2026, 9, 27, 12, 34, 39] ;;; build;    --> Done.
[2026, 9, 27, 12, 34, 39] ;;; build;    > Compiling for neoforge-1.21.2...
[2026, 9, 27, 12, 34, 39] ;;; build;    --> Cleaning temp directory...
[2026, 9, 27, 12, 34, 40] ;;; build;    --> Unpacking base jar file...
[2026, 9, 27, 12, 34, 40] ;;; build;    --> Copying compiled mcfunction assets...
[2026, 9, 27, 12, 34, 44] ;;; build;    --> Injecting logo...
[2026, 9, 27, 12, 34, 44] ;;; build;    --> Injecting config defaults...
[2026, 9, 27, 12, 34, 44] ;;; build;    --> Handling loader specifications...
[2026, 9, 27, 12, 34, 44] ;;; build;      ---> Init Neoforge...
[2026, 9, 27, 12, 34, 44] ;;; build;    --> Compiling Structures And Features...
[2026, 9, 27, 12, 34, 44] ;;; build;      ---> Prior Cache Detected. Injecting...
[2026, 9, 27, 12, 34, 45] ;;; build;      ---> Done.
[2026, 9, 27, 12, 34, 45] ;;; build;    --> Removing gstools jar files from non-gstools mod...
[2026, 9, 27, 12, 34, 45] ;;; build;    --> Injecting block tags...
[2026, 9, 27, 12, 34, 45] ;;; build;    --> Duplicating function folder for backported versions...
[2026, 9, 27, 12, 34, 45] ;;; build;    --> Packing into jar file...
[2026, 9, 27, 12, 34, 56] ;;; build;    --> Cleaning Up...
[2026, 9, 27, 12, 35, 5] ;;; build;    --> Done.
[2026, 9, 27, 12, 35, 5] ;;; build;    > Compiling for neoforge-1.21.4...
[2026, 9, 27, 12, 35, 5] ;;; build;    --> Cleaning temp directory...
[2026, 9, 27, 12, 35, 6] ;;; build;    --> Unpacking base jar file...
[2026, 9, 27, 12, 35, 6] ;;; build;    --> Copying compiled mcfunction assets...
[2026, 9, 27, 12, 35, 9] ;;; build;    --> Injecting logo...
[2026, 9, 27, 12, 35, 9] ;;; build;    --> Injecting config defaults...
[2026, 9, 27, 12, 35, 9] ;;; build;    --> Handling loader specifications...
[2026, 9, 27, 12, 35, 9] ;;; build;      ---> Init Neoforge...
[2026, 9, 27, 12, 35, 9] ;;; build;    --> Compiling Structures And Features...
[2026, 9, 27, 12, 35, 10] ;;; build;      ---> Prior Cache Detected. Injecting...
[2026, 9, 27, 12, 35, 10] ;;; build;      ---> Done.
[2026, 9, 27, 12, 35, 10] ;;; build;    --> Removing gstools jar files from non-gstools mod...
[2026, 9, 27, 12, 35, 11] ;;; build;    --> Injecting block tags...
[2026, 9, 27, 12, 35, 11] ;;; build;    --> Duplicating function folder for backported versions...
[2026, 9, 27, 12, 35, 11] ;;; build;    --> Packing into jar file...
[2026, 9, 27, 12, 35, 22] ;;; build;    --> Cleaning Up...
[2026, 9, 27, 12, 35, 31] ;;; build;    --> Done.
[2026, 9, 27, 12, 35, 31] ;;; build;    > Compiling for neoforge-1.21.5...
[2026, 9, 27, 12, 35, 31] ;;; build;    --> Cleaning temp directory...
[2026, 9, 27, 12, 35, 31] ;;; build;    --> Unpacking base jar file...
[2026, 9, 27, 12, 35, 31] ;;; build;    --> Copying compiled mcfunction assets...
[2026, 9, 27, 12, 35, 35] ;;; build;    --> Injecting logo...
[2026, 9, 27, 12, 35, 35] ;;; build;    --> Injecting config defaults...
[2026, 9, 27, 12, 35, 35] ;;; build;    --> Handling loader specifications...
[2026, 9, 27, 12, 35, 35] ;;; build;      ---> Init Neoforge...
[2026, 9, 27, 12, 35, 35] ;;; build;    --> Compiling Structures And Features...
[2026, 9, 27, 12, 35, 35] ;;; build;      ---> Prior Cache Detected. Injecting...
[2026, 9, 27, 12, 35, 36] ;;; build;      ---> Done.
[2026, 9, 27, 12, 35, 36] ;;; build;    --> Removing gstools jar files from non-gstools mod...
[2026, 9, 27, 12, 35, 36] ;;; build;    --> Injecting block tags...
[2026, 9, 27, 12, 35, 36] ;;; build;    --> Duplicating function folder for backported versions...
[2026, 9, 27, 12, 35, 36] ;;; build;    --> Packing into jar file...
[2026, 9, 27, 12, 35, 47] ;;; build;    --> Cleaning Up...
[2026, 9, 27, 12, 35, 57] ;;; build;    --> Done.
[2026, 9, 27, 12, 35, 57] ;;; build;    > Compiling for neoforge-1.21.8...
[2026, 9, 27, 12, 35, 57] ;;; build;    --> Cleaning temp directory...
[2026, 9, 27, 12, 35, 57] ;;; build;    --> Unpacking base jar file...
[2026, 9, 27, 12, 35, 57] ;;; build;    --> Copying compiled mcfunction assets...
[2026, 9, 27, 12, 36, 1] ;;; build;    --> Injecting logo...
[2026, 9, 27, 12, 36, 1] ;;; build;    --> Injecting config defaults...
[2026, 9, 27, 12, 36, 1] ;;; build;    --> Handling loader specifications...
[2026, 9, 27, 12, 36, 1] ;;; build;      ---> Init Neoforge...
[2026, 9, 27, 12, 36, 1] ;;; build;    --> Compiling Structures And Features...
[2026, 9, 27, 12, 36, 1] ;;; build;      ---> Prior Cache Detected. Injecting...
[2026, 9, 27, 12, 36, 2] ;;; build;      ---> Done.
[2026, 9, 27, 12, 36, 2] ;;; build;    --> Removing gstools jar files from non-gstools mod...
[2026, 9, 27, 12, 36, 2] ;;; build;    --> Injecting block tags...
[2026, 9, 27, 12, 36, 2] ;;; build;    --> Duplicating function folder for backported versions...
[2026, 9, 27, 12, 36, 2] ;;; build;    --> Packing into jar file...
[2026, 9, 27, 12, 36, 13] ;;; build;    --> Cleaning Up...
[2026, 9, 27, 12, 36, 23] ;;; build;    --> Done.
[2026, 9, 27, 12, 36, 23] ;;; build;    > Compiling for neoforge-1.21.9...
[2026, 9, 27, 12, 36, 23] ;;; build;    --> Cleaning temp directory...
[2026, 9, 27, 12, 36, 23] ;;; build;    --> Unpacking base jar file...
[2026, 9, 27, 12, 36, 23] ;;; build;    --> Copying compiled mcfunction assets...
[2026, 9, 27, 12, 36, 27] ;;; build;    --> Injecting logo...
[2026, 9, 27, 12, 36, 27] ;;; build;    --> Injecting config defaults...
[2026, 9, 27, 12, 36, 27] ;;; build;    --> Handling loader specifications...
[2026, 9, 27, 12, 36, 27] ;;; build;      ---> Init Neoforge...
[2026, 9, 27, 12, 36, 27] ;;; build;    --> Compiling Structures And Features...
[2026, 9, 27, 12, 36, 27] ;;; build;      ---> Prior Cache Detected. Injecting...
[2026, 9, 27, 12, 36, 27] ;;; build;      ---> Done.
[2026, 9, 27, 12, 36, 28] ;;; build;    --> Removing gstools jar files from non-gstools mod...
[2026, 9, 27, 12, 36, 28] ;;; build;    --> Injecting block tags...
[2026, 9, 27, 12, 36, 28] ;;; build;    --> Duplicating function folder for backported versions...
[2026, 9, 27, 12, 36, 28] ;;; build;    --> Packing into jar file...
[2026, 9, 27, 12, 36, 38] ;;; build;    --> Cleaning Up...
[2026, 9, 27, 12, 36, 48] ;;; build;    --> Done.
[2026, 9, 27, 12, 36, 48] ;;; build;    > Compiling for neoforge-1.21...
[2026, 9, 27, 12, 36, 48] ;;; build;    --> Cleaning temp directory...
[2026, 9, 27, 12, 36, 49] ;;; build;    --> Unpacking base jar file...
[2026, 9, 27, 12, 36, 49] ;;; build;    --> Copying compiled mcfunction assets...
[2026, 9, 27, 12, 36, 52] ;;; build;    --> Injecting logo...
[2026, 9, 27, 12, 36, 52] ;;; build;    --> Injecting config defaults...
[2026, 9, 27, 12, 36, 52] ;;; build;    --> Handling loader specifications...
[2026, 9, 27, 12, 36, 52] ;;; build;      ---> Init Neoforge...
[2026, 9, 27, 12, 36, 52] ;;; build;      ---> Weather2 Compat Requirment Detected.
[2026, 9, 27, 12, 36, 52] ;;; build;    --> Compiling Structures And Features...
[2026, 9, 27, 12, 36, 52] ;;; build;      ---> Prior Cache Detected. Injecting...
[2026, 9, 27, 12, 36, 53] ;;; build;      ---> Done.
[2026, 9, 27, 12, 36, 53] ;;; build;    --> Removing gstools jar files from non-gstools mod...
[2026, 9, 27, 12, 36, 53] ;;; build;    --> Injecting block tags...
[2026, 9, 27, 12, 36, 53] ;;; build;    --> Duplicating function folder for backported versions...
[2026, 9, 27, 12, 36, 53] ;;; build;    --> Packing into jar file...
[2026, 9, 27, 12, 37, 4] ;;; build;    --> Cleaning Up...
[2026, 9, 27, 12, 37, 13] ;;; build;    --> Done.
[2026, 9, 27, 12, 37, 13] ;;; build;    > Compiling for neoforge-26.1...
[2026, 9, 27, 12, 37, 13] ;;; build;    --> Cleaning temp directory...
[2026, 9, 27, 12, 37, 14] ;;; build;    --> Unpacking base jar file...
[2026, 9, 27, 12, 37, 14] ;;; build;    --> Copying compiled mcfunction assets...
[2026, 9, 27, 12, 37, 18] ;;; build;    --> Injecting logo...
[2026, 9, 27, 12, 37, 18] ;;; build;    --> Injecting config defaults...
[2026, 9, 27, 12, 37, 18] ;;; build;    --> Handling loader specifications...
[2026, 9, 27, 12, 37, 18] ;;; build;      ---> Init Neoforge...
[2026, 9, 27, 12, 37, 18] ;;; build;    --> Compiling Structures And Features...
[2026, 9, 27, 12, 37, 18] ;;; build;      ---> Prior Cache Detected. Injecting...
[2026, 9, 27, 12, 37, 19] ;;; build;      ---> Done.
[2026, 9, 27, 12, 37, 19] ;;; build;    --> Removing gstools jar files from non-gstools mod...
[2026, 9, 27, 12, 37, 19] ;;; build;    --> Injecting block tags...
[2026, 9, 27, 12, 37, 19] ;;; build;    --> Duplicating function folder for backported versions...
[2026, 9, 27, 12, 37, 19] ;;; build;    --> Packing into jar file...
[2026, 9, 27, 12, 37, 30] ;;; build;    --> Cleaning Up...
[2026, 9, 27, 12, 37, 40] ;;; build;    --> Done.
[2026, 9, 27, 12, 37, 40] ;;; build;    > Compiling for neoforge-26.2...
[2026, 9, 27, 12, 37, 40] ;;; build;    --> Cleaning temp directory...
[2026, 9, 27, 12, 37, 40] ;;; build;    --> Unpacking base jar file...
[2026, 9, 27, 12, 37, 41] ;;; build;    --> Copying compiled mcfunction assets...
[2026, 9, 27, 12, 37, 44] ;;; build;    --> Injecting logo...
[2026, 9, 27, 12, 37, 44] ;;; build;    --> Injecting config defaults...
[2026, 9, 27, 12, 37, 44] ;;; build;    --> Handling loader specifications...
[2026, 9, 27, 12, 37, 44] ;;; build;      ---> Init Neoforge...
[2026, 9, 27, 12, 37, 44] ;;; build;    --> Compiling Structures And Features...
[2026, 9, 27, 12, 37, 44] ;;; build;      ---> Prior Cache Detected. Injecting...
[2026, 9, 27, 12, 37, 45] ;;; build;      ---> Done.
[2026, 9, 27, 12, 37, 45] ;;; build;    --> Removing gstools jar files from non-gstools mod...
[2026, 9, 27, 12, 37, 45] ;;; build;    --> Injecting block tags...
[2026, 9, 27, 12, 37, 45] ;;; build;    --> Duplicating function folder for backported versions...
[2026, 9, 27, 12, 37, 45] ;;; build;    --> Packing into jar file...
[2026, 9, 27, 12, 37, 56] ;;; build;    --> Cleaning Up...
[2026, 9, 27, 12, 38, 6] ;;; build;    --> Done.
[2026, 9, 27, 12, 38, 6] ;;; build;    > Compiling for neoforge-26.3...
[2026, 9, 27, 12, 38, 6] ;;; build;    --> Cleaning temp directory...
[2026, 9, 27, 12, 38, 7] ;;; build;    --> Unpacking base jar file...
[2026, 9, 27, 12, 38, 7] ;;; build;    --> Copying compiled mcfunction assets...
[2026, 9, 27, 12, 38, 10] ;;; build;    --> Injecting logo...
[2026, 9, 27, 12, 38, 10] ;;; build;    --> Injecting config defaults...
[2026, 9, 27, 12, 38, 10] ;;; build;    --> Handling loader specifications...
[2026, 9, 27, 12, 38, 10] ;;; build;      ---> Init Neoforge...
[2026, 9, 27, 12, 38, 10] ;;; build;    --> Compiling Structures And Features...
[2026, 9, 27, 12, 38, 10] ;;; build;    --> Removing gstools jar files from non-gstools mod...
[2026, 9, 27, 12, 38, 11] ;;; build;    --> Injecting block tags...
[2026, 9, 27, 12, 38, 11] ;;; build;    --> Duplicating function folder for backported versions...
[2026, 9, 27, 12, 38, 11] ;;; build;    --> Packing into jar file...
[2026, 9, 27, 12, 38, 13] ;;; build;    --> Cleaning Up...
[2026, 9, 27, 12, 38, 14] ;;; build;    --> Done.
[2026, 9, 27, 12, 38, 14] ;;; build;    > Renaming zip files to jar files...
[2026, 9, 27, 12, 38, 14] ;;; build;    > Resetting to cached game versions config...
[2026, 9, 27, 12, 38, 14] ;;; build;    --> Deleting split version gstools-neoforge-1.21.9.jar...
[2026, 9, 27, 12, 38, 14] ;;; build;    --> Deleting split version gstools-neoforge-1.21.10.jar...
[2026, 9, 27, 12, 38, 14] ;;; build;    --> Deleting split version gstools-neoforge-1.21.11.jar...
[2026, 9, 27, 12, 38, 14] ;;; build;    --> Deleting split version gstools-neoforge-1.21.jar...
[2026, 9, 27, 12, 38, 14] ;;; build;    --> Deleting split version gstools-fabric-1.21.10.jar...
[2026, 9, 27, 12, 38, 14] ;;; build;    --> Deleting split version gstools-fabric-1.21.11.jar...
[2026, 9, 27, 12, 38, 14] ;;; build;    > Build Complete.
[2026, 9, 27, 12, 38, 14] ;;; build; Compiling datapack boss_progression into mod...
[2026, 9, 27, 12, 38, 14] ;;; build;    > Detecting split versions...
[2026, 9, 27, 12, 38, 14] ;;; build;    --> Nothing to delete after.
[2026, 9, 27, 12, 38, 14] ;;; build;    > Beginning build block...
[2026, 9, 27, 12, 38, 14] ;;; build;    > Renaming zip files to jar files...
[2026, 9, 27, 12, 38, 14] ;;; build;    > Resetting to cached game versions config...
[2026, 9, 27, 12, 38, 14] ;;; build;    > Build Complete.
[2026, 9, 27, 12, 38, 14] ;;; build; Compiling datapack desire_paths into mod...
[2026, 9, 27, 12, 38, 14] ;;; build;    > Detecting split versions...
[2026, 9, 27, 12, 38, 15] ;;; build;    --> Nothing to delete after.
[2026, 9, 27, 12, 38, 15] ;;; build;    > Beginning build block...
[2026, 9, 27, 12, 38, 15] ;;; build;    > Compiling for fabric-1.21.8...
[2026, 9, 27, 12, 38, 15] ;;; build;    --> Cleaning temp directory...
[2026, 9, 27, 12, 38, 44] ;;; build;    --> Unpacking base jar file...
[2026, 9, 27, 12, 38, 44] ;;; build;    --> Copying compiled mcfunction assets...
[2026, 9, 27, 12, 38, 45] ;;; build;    --> Injecting logo...
[2026, 9, 27, 12, 38, 45] ;;; build;    --> Injecting config defaults...
[2026, 9, 27, 12, 38, 45] ;;; build;    --> Handling loader specifications...
[2026, 9, 27, 12, 38, 45] ;;; build;      ---> Init Fabric...
[2026, 9, 27, 12, 38, 45] ;;; build;    --> Removing gstools jar files from non-gstools mod...
[2026, 9, 27, 12, 38, 45] ;;; build;    --> Injecting block tags...
[2026, 9, 27, 12, 38, 45] ;;; build;    --> Duplicating function folder for backported versions...
[2026, 9, 27, 12, 38, 45] ;;; build;    --> Packing into jar file...
[2026, 9, 27, 12, 38, 46] ;;; build;    --> Cleaning Up...
[2026, 9, 27, 12, 38, 47] ;;; build;    --> Done.
[2026, 9, 27, 12, 38, 47] ;;; build;    > Compiling for fabric-1.21.9...
[2026, 9, 27, 12, 38, 47] ;;; build;    --> Cleaning temp directory...
[2026, 9, 27, 12, 38, 47] ;;; build;    --> Unpacking base jar file...
[2026, 9, 27, 12, 38, 47] ;;; build;    --> Copying compiled mcfunction assets...
[2026, 9, 27, 12, 38, 47] ;;; build;    --> Injecting logo...
[2026, 9, 27, 12, 38, 47] ;;; build;    --> Injecting config defaults...
[2026, 9, 27, 12, 38, 47] ;;; build;    --> Handling loader specifications...
[2026, 9, 27, 12, 38, 47] ;;; build;      ---> Init Fabric...
[2026, 9, 27, 12, 38, 47] ;;; build;    --> Removing gstools jar files from non-gstools mod...
[2026, 9, 27, 12, 38, 47] ;;; build;    --> Injecting block tags...
[2026, 9, 27, 12, 38, 47] ;;; build;    --> Duplicating function folder for backported versions...
[2026, 9, 27, 12, 38, 47] ;;; build;    --> Packing into jar file...
[2026, 9, 27, 12, 38, 48] ;;; build;    --> Cleaning Up...
[2026, 9, 27, 12, 38, 49] ;;; build;    --> Done.
[2026, 9, 27, 12, 38, 49] ;;; build;    > Compiling for fabric-26.1...
[2026, 9, 27, 12, 38, 49] ;;; build;    --> Cleaning temp directory...
[2026, 9, 27, 12, 38, 49] ;;; build;    --> Unpacking base jar file...
[2026, 9, 27, 12, 38, 49] ;;; build;    --> Copying compiled mcfunction assets...
[2026, 9, 27, 12, 38, 49] ;;; build;    --> Injecting logo...
[2026, 9, 27, 12, 38, 49] ;;; build;    --> Injecting config defaults...
[2026, 9, 27, 12, 38, 49] ;;; build;    --> Handling loader specifications...
[2026, 9, 27, 12, 38, 49] ;;; build;      ---> Init Fabric...
[2026, 9, 27, 12, 38, 49] ;;; build;    --> Removing gstools jar files from non-gstools mod...
[2026, 9, 27, 12, 38, 49] ;;; build;    --> Injecting block tags...
[2026, 9, 27, 12, 38, 50] ;;; build;    --> Duplicating function folder for backported versions...
[2026, 9, 27, 12, 38, 50] ;;; build;    --> Packing into jar file...
[2026, 9, 27, 12, 38, 50] ;;; build;    --> Cleaning Up...
[2026, 9, 27, 12, 38, 51] ;;; build;    --> Done.
[2026, 9, 27, 12, 38, 51] ;;; build;    > Compiling for fabric-26.2...
[2026, 9, 27, 12, 38, 51] ;;; build;    --> Cleaning temp directory...
[2026, 9, 27, 12, 38, 51] ;;; build;    --> Unpacking base jar file...
[2026, 9, 27, 12, 38, 51] ;;; build;    --> Copying compiled mcfunction assets...
[2026, 9, 27, 12, 38, 52] ;;; build;    --> Injecting logo...
[2026, 9, 27, 12, 38, 52] ;;; build;    --> Injecting config defaults...
[2026, 9, 27, 12, 38, 52] ;;; build;    --> Handling loader specifications...
[2026, 9, 27, 12, 38, 52] ;;; build;      ---> Init Fabric...
[2026, 9, 27, 12, 38, 52] ;;; build;    --> Removing gstools jar files from non-gstools mod...
[2026, 9, 27, 12, 38, 52] ;;; build;    --> Injecting block tags...
[2026, 9, 27, 12, 38, 52] ;;; build;    --> Duplicating function folder for backported versions...
[2026, 9, 27, 12, 38, 52] ;;; build;    --> Packing into jar file...
[2026, 9, 27, 12, 38, 53] ;;; build;    --> Cleaning Up...
[2026, 9, 27, 12, 38, 53] ;;; build;    --> Done.
[2026, 9, 27, 12, 38, 53] ;;; build;    > Compiling for fabric-26.3...
[2026, 9, 27, 12, 38, 53] ;;; build;    --> Cleaning temp directory...
[2026, 9, 27, 12, 38, 54] ;;; build;    --> Unpacking base jar file...
[2026, 9, 27, 12, 38, 54] ;;; build;    --> Copying compiled mcfunction assets...
[2026, 9, 27, 12, 38, 54] ;;; build;    --> Injecting logo...
[2026, 9, 27, 12, 38, 54] ;;; build;    --> Injecting config defaults...
[2026, 9, 27, 12, 38, 54] ;;; build;    --> Handling loader specifications...
[2026, 9, 27, 12, 38, 54] ;;; build;      ---> Init Fabric...
[2026, 9, 27, 12, 38, 54] ;;; build;    --> Removing gstools jar files from non-gstools mod...
[2026, 9, 27, 12, 38, 54] ;;; build;    --> Injecting block tags...
[2026, 9, 27, 12, 38, 54] ;;; build;    --> Duplicating function folder for backported versions...
[2026, 9, 27, 12, 38, 54] ;;; build;    --> Packing into jar file...
[2026, 9, 27, 12, 38, 54] ;;; build;    --> Cleaning Up...
[2026, 9, 27, 12, 38, 55] ;;; build;    --> Done.
[2026, 9, 27, 12, 38, 55] ;;; build;    > Compiling for forge-1.19.4...
[2026, 9, 27, 12, 38, 55] ;;; build;    --> Cleaning temp directory...
[2026, 9, 27, 12, 38, 55] ;;; build;    --> Unpacking base jar file...
[2026, 9, 27, 12, 38, 56] ;;; build;    --> Copying compiled mcfunction assets...
[2026, 9, 27, 12, 38, 56] ;;; build;    --> Injecting logo...
[2026, 9, 27, 12, 38, 56] ;;; build;    --> Injecting config defaults...
[2026, 9, 27, 12, 38, 56] ;;; build;    --> Handling loader specifications...
[2026, 9, 27, 12, 38, 56] ;;; build;      ---> Init Forge...
[2026, 9, 27, 12, 38, 56] ;;; build;    --> Removing gstools jar files from non-gstools mod...
[2026, 9, 27, 12, 38, 56] ;;; build;    --> Base Mod Compile Requirment Detected! Compiling...
[2026, 9, 27, 12, 38, 56] ;;; build;      ---> Cleaning prior...
[2026, 9, 27, 12, 38, 56] ;;; build;      ---> Cloning basemod...
[2026, 9, 27, 12, 38, 56] ;;; build;      ---> Batch remaning...
[2026, 9, 27, 12, 38, 56] ;;; build;      ---> Running gradle...
[2026, 9, 27, 12, 39, 0] ;;; build;      ---> Unpacking generated jar file...
[2026, 9, 27, 12, 39, 0] ;;; build;      ---> Injecting generated assets into temp dir...
[2026, 9, 27, 12, 39, 0] ;;; build;    --> Injecting block tags...
[2026, 9, 27, 12, 39, 1] ;;; build;    --> Duplicating function folder for backported versions...
[2026, 9, 27, 12, 39, 1] ;;; build;    --> Packing into jar file...
[2026, 9, 27, 12, 39, 2] ;;; build;    --> Cleaning Up...
[2026, 9, 27, 12, 39, 2] ;;; build;    --> Done.
[2026, 9, 27, 12, 39, 2] ;;; build;    > Compiling for forge-1.20.1...
[2026, 9, 27, 12, 39, 2] ;;; build;    --> Cleaning temp directory...
[2026, 9, 27, 12, 39, 3] ;;; build;    --> Unpacking base jar file...
[2026, 9, 27, 12, 39, 3] ;;; build;    --> Copying compiled mcfunction assets...
[2026, 9, 27, 12, 39, 3] ;;; build;    --> Injecting logo...
[2026, 9, 27, 12, 39, 3] ;;; build;    --> Injecting config defaults...
[2026, 9, 27, 12, 39, 3] ;;; build;    --> Handling loader specifications...
[2026, 9, 27, 12, 39, 3] ;;; build;      ---> Init Forge...
[2026, 9, 27, 12, 39, 3] ;;; build;    --> Removing gstools jar files from non-gstools mod...
[2026, 9, 27, 12, 39, 3] ;;; build;    --> Base Mod Compile Requirment Detected! Compiling...
[2026, 9, 27, 12, 39, 3] ;;; build;      ---> Cleaning prior...
[2026, 9, 27, 12, 39, 3] ;;; build;      ---> Cloning basemod...
[2026, 9, 27, 12, 39, 3] ;;; build;      ---> Batch remaning...
[2026, 9, 27, 12, 39, 3] ;;; build;      ---> Running gradle...
[2026, 9, 27, 12, 39, 8] ;;; build;      ---> Unpacking generated jar file...
[2026, 9, 27, 12, 39, 8] ;;; build;      ---> Injecting generated assets into temp dir...
[2026, 9, 27, 12, 39, 8] ;;; build;    --> Injecting block tags...
[2026, 9, 27, 12, 39, 8] ;;; build;    --> Duplicating function folder for backported versions...
[2026, 9, 27, 12, 39, 8] ;;; build;    --> Packing into jar file...
[2026, 9, 27, 12, 39, 9] ;;; build;    --> Cleaning Up...
[2026, 9, 27, 12, 39, 10] ;;; build;    --> Done.
[2026, 9, 27, 12, 39, 10] ;;; build;    > Compiling for neoforge-1.20.4...
[2026, 9, 27, 12, 39, 10] ;;; build;    --> Cleaning temp directory...
[2026, 9, 27, 12, 39, 10] ;;; build;    --> Unpacking base jar file...
[2026, 9, 27, 12, 39, 10] ;;; build;    --> Copying compiled mcfunction assets...
[2026, 9, 27, 12, 39, 10] ;;; build;    --> Injecting logo...
[2026, 9, 27, 12, 39, 10] ;;; build;    --> Injecting config defaults...
[2026, 9, 27, 12, 39, 10] ;;; build;    --> Handling loader specifications...
[2026, 9, 27, 12, 39, 10] ;;; build;      ---> Init Neoforge...
[2026, 9, 27, 12, 39, 10] ;;; build;    --> Removing gstools jar files from non-gstools mod...
[2026, 9, 27, 12, 39, 10] ;;; build;    --> Base Mod Compile Requirment Detected! Compiling...
[2026, 9, 27, 12, 39, 10] ;;; build;      ---> Cleaning prior...
[2026, 9, 27, 12, 39, 10] ;;; build;      ---> Cloning basemod...
[2026, 9, 27, 12, 39, 10] ;;; build;      ---> Batch remaning...
[2026, 9, 27, 12, 39, 11] ;;; build;      ---> Running gradle...
[2026, 9, 27, 12, 39, 13] ;;; build;      ---> Unpacking generated jar file...
[2026, 9, 27, 12, 39, 14] ;;; build;      ---> Injecting generated assets into temp dir...
[2026, 9, 27, 12, 39, 14] ;;; build;    --> Injecting block tags...
[2026, 9, 27, 12, 39, 14] ;;; build;    --> Duplicating function folder for backported versions...
[2026, 9, 27, 12, 39, 14] ;;; build;    --> Packing into jar file...
[2026, 9, 27, 12, 39, 15] ;;; build;    --> Cleaning Up...
[2026, 9, 27, 12, 39, 16] ;;; build;    --> Done.
[2026, 9, 27, 12, 39, 16] ;;; build;    > Compiling for neoforge-1.20.6...
[2026, 9, 27, 12, 39, 16] ;;; build;    --> Cleaning temp directory...
[2026, 9, 27, 12, 39, 16] ;;; build;    --> Unpacking base jar file...
[2026, 9, 27, 12, 39, 16] ;;; build;    --> Copying compiled mcfunction assets...
[2026, 9, 27, 12, 39, 16] ;;; build;    --> Injecting logo...
[2026, 9, 27, 12, 39, 16] ;;; build;    --> Injecting config defaults...
[2026, 9, 27, 12, 39, 16] ;;; build;    --> Handling loader specifications...
[2026, 9, 27, 12, 39, 16] ;;; build;      ---> Init Neoforge...
[2026, 9, 27, 12, 39, 16] ;;; build;    --> Removing gstools jar files from non-gstools mod...
[2026, 9, 27, 12, 39, 16] ;;; build;    --> Injecting block tags...
[2026, 9, 27, 12, 39, 16] ;;; build;    --> Duplicating function folder for backported versions...
[2026, 9, 27, 12, 39, 16] ;;; build;    --> Packing into jar file...
[2026, 9, 27, 12, 39, 17] ;;; build;    --> Cleaning Up...
[2026, 9, 27, 12, 39, 18] ;;; build;    --> Done.
[2026, 9, 27, 12, 39, 18] ;;; build;    > Compiling for neoforge-1.21.1...
[2026, 9, 27, 12, 39, 18] ;;; build;    --> Cleaning temp directory...
[2026, 9, 27, 12, 39, 18] ;;; build;    --> Unpacking base jar file...
[2026, 9, 27, 12, 39, 18] ;;; build;    --> Copying compiled mcfunction assets...
[2026, 9, 27, 12, 39, 18] ;;; build;    --> Injecting logo...
[2026, 9, 27, 12, 39, 18] ;;; build;    --> Injecting config defaults...
[2026, 9, 27, 12, 39, 18] ;;; build;    --> Handling loader specifications...
[2026, 9, 27, 12, 39, 18] ;;; build;      ---> Init Neoforge...
[2026, 9, 27, 12, 39, 18] ;;; build;      ---> Weather2 Compat Requirment Detected.
[2026, 9, 27, 12, 39, 18] ;;; build;    --> Removing gstools jar files from non-gstools mod...
[2026, 9, 27, 12, 39, 18] ;;; build;    --> Injecting block tags...
[2026, 9, 27, 12, 39, 19] ;;; build;    --> Duplicating function folder for backported versions...
[2026, 9, 27, 12, 39, 19] ;;; build;    --> Packing into jar file...
[2026, 9, 27, 12, 39, 19] ;;; build;    --> Cleaning Up...
[2026, 9, 27, 12, 39, 20] ;;; build;    --> Done.
[2026, 9, 27, 12, 39, 20] ;;; build;    > Compiling for neoforge-1.21.2...
[2026, 9, 27, 12, 39, 20] ;;; build;    --> Cleaning temp directory...
[2026, 9, 27, 12, 39, 20] ;;; build;    --> Unpacking base jar file...
[2026, 9, 27, 12, 39, 20] ;;; build;    --> Copying compiled mcfunction assets...
[2026, 9, 27, 12, 39, 21] ;;; build;    --> Injecting logo...
[2026, 9, 27, 12, 39, 21] ;;; build;    --> Injecting config defaults...
[2026, 9, 27, 12, 39, 21] ;;; build;    --> Handling loader specifications...
[2026, 9, 27, 12, 39, 21] ;;; build;      ---> Init Neoforge...
[2026, 9, 27, 12, 39, 21] ;;; build;    --> Removing gstools jar files from non-gstools mod...
[2026, 9, 27, 12, 39, 21] ;;; build;    --> Injecting block tags...
[2026, 9, 27, 12, 39, 21] ;;; build;    --> Duplicating function folder for backported versions...
[2026, 9, 27, 12, 39, 21] ;;; build;    --> Packing into jar file...
[2026, 9, 27, 12, 39, 22] ;;; build;    --> Cleaning Up...
[2026, 9, 27, 12, 39, 22] ;;; build;    --> Done.
[2026, 9, 27, 12, 39, 22] ;;; build;    > Compiling for neoforge-1.21.4...
[2026, 9, 27, 12, 39, 22] ;;; build;    --> Cleaning temp directory...
[2026, 9, 27, 12, 39, 23] ;;; build;    --> Unpacking base jar file...
[2026, 9, 27, 12, 39, 23] ;;; build;    --> Copying compiled mcfunction assets...
[2026, 9, 27, 12, 39, 23] ;;; build;    --> Injecting logo...
[2026, 9, 27, 12, 39, 23] ;;; build;    --> Injecting config defaults...
[2026, 9, 27, 12, 39, 23] ;;; build;    --> Handling loader specifications...
[2026, 9, 27, 12, 39, 23] ;;; build;      ---> Init Neoforge...
[2026, 9, 27, 12, 39, 23] ;;; build;    --> Removing gstools jar files from non-gstools mod...
[2026, 9, 27, 12, 39, 23] ;;; build;    --> Injecting block tags...
[2026, 9, 27, 12, 39, 23] ;;; build;    --> Duplicating function folder for backported versions...
[2026, 9, 27, 12, 39, 23] ;;; build;    --> Packing into jar file...
[2026, 9, 27, 12, 39, 24] ;;; build;    --> Cleaning Up...
[2026, 9, 27, 12, 39, 24] ;;; build;    --> Done.
[2026, 9, 27, 12, 39, 24] ;;; build;    > Compiling for neoforge-1.21.5...
[2026, 9, 27, 12, 39, 24] ;;; build;    --> Cleaning temp directory...
[2026, 9, 27, 12, 39, 25] ;;; build;    --> Unpacking base jar file...
[2026, 9, 27, 12, 39, 25] ;;; build;    --> Copying compiled mcfunction assets...
[2026, 9, 27, 12, 39, 25] ;;; build;    --> Injecting logo...
[2026, 9, 27, 12, 39, 25] ;;; build;    --> Injecting config defaults...
[2026, 9, 27, 12, 39, 25] ;;; build;    --> Handling loader specifications...
[2026, 9, 27, 12, 39, 25] ;;; build;      ---> Init Neoforge...
[2026, 9, 27, 12, 39, 25] ;;; build;    --> Removing gstools jar files from non-gstools mod...
[2026, 9, 27, 12, 39, 25] ;;; build;    --> Injecting block tags...
[2026, 9, 27, 12, 39, 25] ;;; build;    --> Duplicating function folder for backported versions...
[2026, 9, 27, 12, 39, 25] ;;; build;    --> Packing into jar file...
[2026, 9, 27, 12, 39, 26] ;;; build;    --> Cleaning Up...
[2026, 9, 27, 12, 39, 27] ;;; build;    --> Done.
[2026, 9, 27, 12, 39, 27] ;;; build;    > Compiling for neoforge-1.21.8...
[2026, 9, 27, 12, 39, 27] ;;; build;    --> Cleaning temp directory...
[2026, 9, 27, 12, 39, 27] ;;; build;    --> Unpacking base jar file...
[2026, 9, 27, 12, 39, 27] ;;; build;    --> Copying compiled mcfunction assets...
[2026, 9, 27, 12, 39, 27] ;;; build;    --> Injecting logo...
[2026, 9, 27, 12, 39, 27] ;;; build;    --> Injecting config defaults...
[2026, 9, 27, 12, 39, 27] ;;; build;    --> Handling loader specifications...
[2026, 9, 27, 12, 39, 27] ;;; build;      ---> Init Neoforge...
[2026, 9, 27, 12, 39, 27] ;;; build;    --> Removing gstools jar files from non-gstools mod...
[2026, 9, 27, 12, 39, 27] ;;; build;    --> Injecting block tags...
[2026, 9, 27, 12, 39, 27] ;;; build;    --> Duplicating function folder for backported versions...
[2026, 9, 27, 12, 39, 28] ;;; build;    --> Packing into jar file...
[2026, 9, 27, 12, 39, 28] ;;; build;    --> Cleaning Up...
[2026, 9, 27, 12, 39, 29] ;;; build;    --> Done.
[2026, 9, 27, 12, 39, 29] ;;; build;    > Compiling for neoforge-26.1...
[2026, 9, 27, 12, 39, 29] ;;; build;    --> Cleaning temp directory...
[2026, 9, 27, 12, 39, 29] ;;; build;    --> Unpacking base jar file...
[2026, 9, 27, 12, 39, 30] ;;; build;    --> Copying compiled mcfunction assets...
[2026, 9, 27, 12, 39, 30] ;;; build;    --> Injecting logo...
[2026, 9, 27, 12, 39, 30] ;;; build;    --> Injecting config defaults...
[2026, 9, 27, 12, 39, 30] ;;; build;    --> Handling loader specifications...
[2026, 9, 27, 12, 39, 30] ;;; build;      ---> Init Neoforge...
[2026, 9, 27, 12, 39, 30] ;;; build;    --> Removing gstools jar files from non-gstools mod...
[2026, 9, 27, 12, 39, 30] ;;; build;    --> Injecting block tags...
[2026, 9, 27, 12, 39, 30] ;;; build;    --> Duplicating function folder for backported versions...
[2026, 9, 27, 12, 39, 30] ;;; build;    --> Packing into jar file...
[2026, 9, 27, 12, 39, 31] ;;; build;    --> Cleaning Up...
[2026, 9, 27, 12, 39, 31] ;;; build;    --> Done.
[2026, 9, 27, 12, 39, 31] ;;; build;    > Compiling for neoforge-26.2...
[2026, 9, 27, 12, 39, 31] ;;; build;    --> Cleaning temp directory...
[2026, 9, 27, 12, 39, 32] ;;; build;    --> Unpacking base jar file...
[2026, 9, 27, 12, 39, 32] ;;; build;    --> Copying compiled mcfunction assets...
[2026, 9, 27, 12, 39, 32] ;;; build;    --> Injecting logo...
[2026, 9, 27, 12, 39, 32] ;;; build;    --> Injecting config defaults...
[2026, 9, 27, 12, 39, 32] ;;; build;    --> Handling loader specifications...
[2026, 9, 27, 12, 39, 32] ;;; build;      ---> Init Neoforge...
[2026, 9, 27, 12, 39, 32] ;;; build;    --> Removing gstools jar files from non-gstools mod...
[2026, 9, 27, 12, 39, 32] ;;; build;    --> Injecting block tags...
[2026, 9, 27, 12, 39, 32] ;;; build;    --> Duplicating function folder for backported versions...
[2026, 9, 27, 12, 39, 32] ;;; build;    --> Packing into jar file...
[2026, 9, 27, 12, 39, 32] ;;; build;    --> Cleaning Up...
[2026, 9, 27, 12, 39, 33] ;;; build;    --> Done.
[2026, 9, 27, 12, 39, 33] ;;; build;    > Compiling for neoforge-26.3...
[2026, 9, 27, 12, 39, 33] ;;; build;    --> Cleaning temp directory...
[2026, 9, 27, 12, 39, 33] ;;; build;    --> Unpacking base jar file...
[2026, 9, 27, 12, 39, 33] ;;; build;    --> Copying compiled mcfunction assets...
[2026, 9, 27, 12, 39, 33] ;;; build;    --> Injecting logo...
[2026, 9, 27, 12, 39, 33] ;;; build;    --> Injecting config defaults...
[2026, 9, 27, 12, 39, 33] ;;; build;    --> Handling loader specifications...
[2026, 9, 27, 12, 39, 33] ;;; build;      ---> Init Neoforge...
[2026, 9, 27, 12, 39, 33] ;;; build;    --> Removing gstools jar files from non-gstools mod...
[2026, 9, 27, 12, 39, 33] ;;; build;    --> Injecting block tags...
[2026, 9, 27, 12, 39, 33] ;;; build;    --> Duplicating function folder for backported versions...
[2026, 9, 27, 12, 39, 33] ;;; build;    --> Packing into jar file...
[2026, 9, 27, 12, 39, 34] ;;; build;    --> Cleaning Up...
[2026, 9, 27, 12, 39, 34] ;;; build;    --> Done.
[2026, 9, 27, 12, 39, 34] ;;; build;    > Renaming zip files to jar files...
[2026, 9, 27, 12, 39, 35] ;;; build;    > Resetting to cached game versions config...
[2026, 9, 27, 12, 39, 35] ;;; build;    > Build Complete.
[2026, 9, 27, 12, 39, 35] ;;; build; Compiling datapack dynamic_dirt into mod...
[2026, 9, 27, 12, 39, 35] ;;; build;    > Detecting split versions...
[2026, 9, 27, 12, 39, 35] ;;; build;    --> Nothing to delete after.
[2026, 9, 27, 12, 39, 35] ;;; build;    > Beginning build block...
[2026, 9, 27, 12, 39, 35] ;;; build;    > Compiling for fabric-1.21.8...
[2026, 9, 27, 12, 39, 35] ;;; build;    --> Cleaning temp directory...
[2026, 9, 27, 12, 39, 35] ;;; build;    --> Unpacking base jar file...
[2026, 9, 27, 12, 39, 35] ;;; build;    --> Copying compiled mcfunction assets...
[2026, 9, 27, 12, 39, 36] ;;; build;    --> Injecting logo...
[2026, 9, 27, 12, 39, 36] ;;; build;    --> Injecting config defaults...
[2026, 9, 27, 12, 39, 36] ;;; build;    --> Handling loader specifications...
[2026, 9, 27, 12, 39, 36] ;;; build;      ---> Init Fabric...
[2026, 9, 27, 12, 39, 36] ;;; build;    --> Injecting assets...
[2026, 9, 27, 12, 39, 36] ;;; build;    --> Removing gstools jar files from non-gstools mod...
[2026, 9, 27, 12, 39, 37] ;;; build;    --> Injecting block tags...
[2026, 9, 27, 12, 39, 37] ;;; build;    --> Duplicating function folder for backported versions...
[2026, 9, 27, 12, 39, 37] ;;; build;    --> Packing into jar file...
[2026, 9, 27, 12, 39, 37] ;;; build;    --> Cleaning Up...
[2026, 9, 27, 12, 39, 38] ;;; build;    --> Done.
[2026, 9, 27, 12, 39, 38] ;;; build;    > Compiling for fabric-1.21.9...
[2026, 9, 27, 12, 39, 38] ;;; build;    --> Cleaning temp directory...
[2026, 9, 27, 12, 39, 38] ;;; build;    --> Unpacking base jar file...
[2026, 9, 27, 12, 39, 38] ;;; build;    --> Copying compiled mcfunction assets...
[2026, 9, 27, 12, 39, 39] ;;; build;    --> Injecting logo...
[2026, 9, 27, 12, 39, 39] ;;; build;    --> Injecting config defaults...
[2026, 9, 27, 12, 39, 39] ;;; build;    --> Handling loader specifications...
[2026, 9, 27, 12, 39, 39] ;;; build;      ---> Init Fabric...
[2026, 9, 27, 12, 39, 39] ;;; build;    --> Injecting assets...
[2026, 9, 27, 12, 39, 39] ;;; build;    --> Removing gstools jar files from non-gstools mod...
[2026, 9, 27, 12, 39, 39] ;;; build;    --> Injecting block tags...
[2026, 9, 27, 12, 39, 39] ;;; build;    --> Duplicating function folder for backported versions...
[2026, 9, 27, 12, 39, 39] ;;; build;    --> Packing into jar file...
[2026, 9, 27, 12, 39, 39] ;;; build;    --> Cleaning Up...
[2026, 9, 27, 12, 39, 40] ;;; build;    --> Done.
[2026, 9, 27, 12, 39, 40] ;;; build;    > Compiling for fabric-26.1...
[2026, 9, 27, 12, 39, 40] ;;; build;    --> Cleaning temp directory...
[2026, 9, 27, 12, 39, 41] ;;; build;    --> Unpacking base jar file...
[2026, 9, 27, 12, 39, 41] ;;; build;    --> Copying compiled mcfunction assets...
[2026, 9, 27, 12, 39, 41] ;;; build;    --> Injecting logo...
[2026, 9, 27, 12, 39, 41] ;;; build;    --> Injecting config defaults...
[2026, 9, 27, 12, 39, 41] ;;; build;    --> Handling loader specifications...
[2026, 9, 27, 12, 39, 41] ;;; build;      ---> Init Fabric...
[2026, 9, 27, 12, 39, 41] ;;; build;    --> Injecting assets...
[2026, 9, 27, 12, 39, 41] ;;; build;    --> Removing gstools jar files from non-gstools mod...
[2026, 9, 27, 12, 39, 41] ;;; build;    --> Injecting block tags...
[2026, 9, 27, 12, 39, 41] ;;; build;    --> Duplicating function folder for backported versions...
[2026, 9, 27, 12, 39, 42] ;;; build;    --> Packing into jar file...
[2026, 9, 27, 12, 39, 42] ;;; build;    --> Cleaning Up...
[2026, 9, 27, 12, 39, 43] ;;; build;    --> Done.
[2026, 9, 27, 12, 39, 43] ;;; build;    > Compiling for fabric-26.2...
[2026, 9, 27, 12, 39, 43] ;;; build;    --> Cleaning temp directory...
[2026, 9, 27, 12, 39, 43] ;;; build;    --> Unpacking base jar file...
[2026, 9, 27, 12, 39, 43] ;;; build;    --> Copying compiled mcfunction assets...
[2026, 9, 27, 12, 39, 43] ;;; build;    --> Injecting logo...
[2026, 9, 27, 12, 39, 43] ;;; build;    --> Injecting config defaults...
[2026, 9, 27, 12, 39, 43] ;;; build;    --> Handling loader specifications...
[2026, 9, 27, 12, 39, 44] ;;; build;      ---> Init Fabric...
[2026, 9, 27, 12, 39, 44] ;;; build;    --> Injecting assets...
[2026, 9, 27, 12, 39, 44] ;;; build;    --> Removing gstools jar files from non-gstools mod...
[2026, 9, 27, 12, 39, 44] ;;; build;    --> Injecting block tags...
[2026, 9, 27, 12, 39, 44] ;;; build;    --> Duplicating function folder for backported versions...
[2026, 9, 27, 12, 39, 44] ;;; build;    --> Packing into jar file...
[2026, 9, 27, 12, 39, 44] ;;; build;    --> Cleaning Up...
[2026, 9, 27, 12, 39, 45] ;;; build;    --> Done.
[2026, 9, 27, 12, 39, 45] ;;; build;    > Compiling for fabric-26.3...
[2026, 9, 27, 12, 39, 45] ;;; build;    --> Cleaning temp directory...
[2026, 9, 27, 12, 39, 45] ;;; build;    --> Unpacking base jar file...
[2026, 9, 27, 12, 39, 45] ;;; build;    --> Copying compiled mcfunction assets...
[2026, 9, 27, 12, 39, 46] ;;; build;    --> Injecting logo...
[2026, 9, 27, 12, 39, 46] ;;; build;    --> Injecting config defaults...
[2026, 9, 27, 12, 39, 46] ;;; build;    --> Handling loader specifications...
[2026, 9, 27, 12, 39, 46] ;;; build;      ---> Init Fabric...
[2026, 9, 27, 12, 39, 46] ;;; build;    --> Injecting assets...
[2026, 9, 27, 12, 39, 46] ;;; build;    --> Removing gstools jar files from non-gstools mod...
[2026, 9, 27, 12, 39, 46] ;;; build;    --> Injecting block tags...
[2026, 9, 27, 12, 39, 46] ;;; build;    --> Duplicating function folder for backported versions...
[2026, 9, 27, 12, 39, 46] ;;; build;    --> Packing into jar file...
[2026, 9, 27, 12, 39, 46] ;;; build;    --> Cleaning Up...
[2026, 9, 27, 12, 39, 47] ;;; build;    --> Done.
[2026, 9, 27, 12, 39, 47] ;;; build;    > Compiling for forge-1.19.4...
[2026, 9, 27, 12, 39, 47] ;;; build;    --> Cleaning temp directory...
[2026, 9, 27, 12, 39, 47] ;;; build;    --> Unpacking base jar file...
[2026, 9, 27, 12, 39, 47] ;;; build;    --> Copying compiled mcfunction assets...
[2026, 9, 27, 12, 39, 48] ;;; build;    --> Injecting logo...
[2026, 9, 27, 12, 39, 48] ;;; build;    --> Injecting config defaults...
[2026, 9, 27, 12, 39, 48] ;;; build;    --> Handling loader specifications...
[2026, 9, 27, 12, 39, 48] ;;; build;      ---> Init Forge...
[2026, 9, 27, 12, 39, 48] ;;; build;    --> Injecting assets...
[2026, 9, 27, 12, 39, 48] ;;; build;    --> Removing gstools jar files from non-gstools mod...
[2026, 9, 27, 12, 39, 48] ;;; build;    --> Base Mod Compile Requirment Detected! Compiling...
[2026, 9, 27, 12, 39, 48] ;;; build;      ---> Cleaning prior...
[2026, 9, 27, 12, 39, 48] ;;; build;      ---> Cloning basemod...
[2026, 9, 27, 12, 39, 48] ;;; build;      ---> Batch remaning...
[2026, 9, 27, 12, 39, 48] ;;; build;      ---> Running gradle...
[2026, 9, 27, 12, 39, 53] ;;; build;      ---> Unpacking generated jar file...
[2026, 9, 27, 12, 39, 53] ;;; build;      ---> Injecting generated assets into temp dir...
[2026, 9, 27, 12, 39, 53] ;;; build;    --> Injecting block tags...
[2026, 9, 27, 12, 39, 53] ;;; build;    --> Duplicating function folder for backported versions...
[2026, 9, 27, 12, 39, 53] ;;; build;    --> Packing into jar file...
[2026, 9, 27, 12, 39, 53] ;;; build;    --> Cleaning Up...
[2026, 9, 27, 12, 39, 54] ;;; build;    --> Done.
[2026, 9, 27, 12, 39, 54] ;;; build;    > Compiling for forge-1.20.1...
[2026, 9, 27, 12, 39, 54] ;;; build;    --> Cleaning temp directory...
[2026, 9, 27, 12, 39, 54] ;;; build;    --> Unpacking base jar file...
[2026, 9, 27, 12, 39, 55] ;;; build;    --> Copying compiled mcfunction assets...
[2026, 9, 27, 12, 39, 55] ;;; build;    --> Injecting logo...
[2026, 9, 27, 12, 39, 55] ;;; build;    --> Injecting config defaults...
[2026, 9, 27, 12, 39, 55] ;;; build;    --> Handling loader specifications...
[2026, 9, 27, 12, 39, 55] ;;; build;      ---> Init Forge...
[2026, 9, 27, 12, 39, 55] ;;; build;    --> Injecting assets...
[2026, 9, 27, 12, 39, 55] ;;; build;    --> Removing gstools jar files from non-gstools mod...
[2026, 9, 27, 12, 39, 55] ;;; build;    --> Base Mod Compile Requirment Detected! Compiling...
[2026, 9, 27, 12, 39, 55] ;;; build;      ---> Cleaning prior...
[2026, 9, 27, 12, 39, 55] ;;; build;      ---> Cloning basemod...
[2026, 9, 27, 12, 39, 55] ;;; build;      ---> Batch remaning...
[2026, 9, 27, 12, 39, 55] ;;; build;      ---> Running gradle...
[2026, 9, 27, 12, 40, 0] ;;; build;      ---> Unpacking generated jar file...
[2026, 9, 27, 12, 40, 0] ;;; build;      ---> Injecting generated assets into temp dir...
[2026, 9, 27, 12, 40, 0] ;;; build;    --> Injecting block tags...
[2026, 9, 27, 12, 40, 0] ;;; build;    --> Duplicating function folder for backported versions...
[2026, 9, 27, 12, 40, 1] ;;; build;    --> Packing into jar file...
[2026, 9, 27, 12, 40, 1] ;;; build;    --> Cleaning Up...
[2026, 9, 27, 12, 40, 2] ;;; build;    --> Done.
[2026, 9, 27, 12, 40, 2] ;;; build;    > Compiling for neoforge-1.20.4...
[2026, 9, 27, 12, 40, 2] ;;; build;    --> Cleaning temp directory...
[2026, 9, 27, 12, 40, 2] ;;; build;    --> Unpacking base jar file...
[2026, 9, 27, 12, 40, 2] ;;; build;    --> Copying compiled mcfunction assets...
[2026, 9, 27, 12, 40, 2] ;;; build;    --> Injecting logo...
[2026, 9, 27, 12, 40, 2] ;;; build;    --> Injecting config defaults...
[2026, 9, 27, 12, 40, 2] ;;; build;    --> Handling loader specifications...
[2026, 9, 27, 12, 40, 2] ;;; build;      ---> Init Neoforge...
[2026, 9, 27, 12, 40, 2] ;;; build;    --> Injecting assets...
[2026, 9, 27, 12, 40, 2] ;;; build;    --> Removing gstools jar files from non-gstools mod...
[2026, 9, 27, 12, 40, 3] ;;; build;    --> Base Mod Compile Requirment Detected! Compiling...
[2026, 9, 27, 12, 40, 3] ;;; build;      ---> Cleaning prior...
[2026, 9, 27, 12, 40, 3] ;;; build;      ---> Cloning basemod...
[2026, 9, 27, 12, 40, 3] ;;; build;      ---> Batch remaning...
[2026, 9, 27, 12, 40, 3] ;;; build;      ---> Running gradle...
[2026, 9, 27, 12, 40, 6] ;;; build;      ---> Unpacking generated jar file...
[2026, 9, 27, 12, 40, 6] ;;; build;      ---> Injecting generated assets into temp dir...
[2026, 9, 27, 12, 40, 6] ;;; build;    --> Injecting block tags...
[2026, 9, 27, 12, 40, 6] ;;; build;    --> Duplicating function folder for backported versions...
[2026, 9, 27, 12, 40, 6] ;;; build;    --> Packing into jar file...
[2026, 9, 27, 12, 40, 7] ;;; build;    --> Cleaning Up...
[2026, 9, 27, 12, 40, 7] ;;; build;    --> Done.
[2026, 9, 27, 12, 40, 7] ;;; build;    > Compiling for neoforge-1.20.6...
[2026, 9, 27, 12, 40, 7] ;;; build;    --> Cleaning temp directory...
[2026, 9, 27, 12, 40, 8] ;;; build;    --> Unpacking base jar file...
[2026, 9, 27, 12, 40, 8] ;;; build;    --> Copying compiled mcfunction assets...
[2026, 9, 27, 12, 40, 8] ;;; build;    --> Injecting logo...
[2026, 9, 27, 12, 40, 8] ;;; build;    --> Injecting config defaults...
[2026, 9, 27, 12, 40, 8] ;;; build;    --> Handling loader specifications...
[2026, 9, 27, 12, 40, 8] ;;; build;      ---> Init Neoforge...
[2026, 9, 27, 12, 40, 8] ;;; build;    --> Injecting assets...
[2026, 9, 27, 12, 40, 9] ;;; build;    --> Removing gstools jar files from non-gstools mod...
[2026, 9, 27, 12, 40, 9] ;;; build;    --> Injecting block tags...
[2026, 9, 27, 12, 40, 9] ;;; build;    --> Duplicating function folder for backported versions...
[2026, 9, 27, 12, 40, 9] ;;; build;    --> Packing into jar file...
[2026, 9, 27, 12, 40, 9] ;;; build;    --> Cleaning Up...
[2026, 9, 27, 12, 40, 10] ;;; build;    --> Done.
[2026, 9, 27, 12, 40, 10] ;;; build;    > Compiling for neoforge-1.21.1...
[2026, 9, 27, 12, 40, 10] ;;; build;    --> Cleaning temp directory...
[2026, 9, 27, 12, 40, 10] ;;; build;    --> Unpacking base jar file...
[2026, 9, 27, 12, 40, 10] ;;; build;    --> Copying compiled mcfunction assets...
[2026, 9, 27, 12, 40, 11] ;;; build;    --> Injecting logo...
[2026, 9, 27, 12, 40, 11] ;;; build;    --> Injecting config defaults...
[2026, 9, 27, 12, 40, 11] ;;; build;    --> Handling loader specifications...
[2026, 9, 27, 12, 40, 11] ;;; build;      ---> Init Neoforge...
[2026, 9, 27, 12, 40, 11] ;;; build;      ---> Weather2 Compat Requirment Detected.
[2026, 9, 27, 12, 40, 11] ;;; build;    --> Injecting assets...
[2026, 9, 27, 12, 40, 11] ;;; build;    --> Removing gstools jar files from non-gstools mod...
[2026, 9, 27, 12, 40, 11] ;;; build;    --> Injecting block tags...
[2026, 9, 27, 12, 40, 11] ;;; build;    --> Duplicating function folder for backported versions...
[2026, 9, 27, 12, 40, 11] ;;; build;    --> Packing into jar file...
[2026, 9, 27, 12, 40, 11] ;;; build;    --> Cleaning Up...
[2026, 9, 27, 12, 40, 12] ;;; build;    --> Done.
[2026, 9, 27, 12, 40, 12] ;;; build;    > Compiling for neoforge-1.21.2...
[2026, 9, 27, 12, 40, 12] ;;; build;    --> Cleaning temp directory...
[2026, 9, 27, 12, 40, 13] ;;; build;    --> Unpacking base jar file...
[2026, 9, 27, 12, 40, 13] ;;; build;    --> Copying compiled mcfunction assets...
[2026, 9, 27, 12, 40, 13] ;;; build;    --> Injecting logo...
[2026, 9, 27, 12, 40, 13] ;;; build;    --> Injecting config defaults...
[2026, 9, 27, 12, 40, 13] ;;; build;    --> Handling loader specifications...
[2026, 9, 27, 12, 40, 13] ;;; build;      ---> Init Neoforge...
[2026, 9, 27, 12, 40, 13] ;;; build;    --> Injecting assets...
[2026, 9, 27, 12, 40, 13] ;;; build;    --> Removing gstools jar files from non-gstools mod...
[2026, 9, 27, 12, 40, 13] ;;; build;    --> Injecting block tags...
[2026, 9, 27, 12, 40, 13] ;;; build;    --> Duplicating function folder for backported versions...
[2026, 9, 27, 12, 40, 13] ;;; build;    --> Packing into jar file...
[2026, 9, 27, 12, 40, 14] ;;; build;    --> Cleaning Up...
[2026, 9, 27, 12, 40, 14] ;;; build;    --> Done.
[2026, 9, 27, 12, 40, 14] ;;; build;    > Compiling for neoforge-1.21.4...
[2026, 9, 27, 12, 40, 14] ;;; build;    --> Cleaning temp directory...
[2026, 9, 27, 12, 40, 15] ;;; build;    --> Unpacking base jar file...
[2026, 9, 27, 12, 40, 15] ;;; build;    --> Copying compiled mcfunction assets...
[2026, 9, 27, 12, 40, 15] ;;; build;    --> Injecting logo...
[2026, 9, 27, 12, 40, 15] ;;; build;    --> Injecting config defaults...
[2026, 9, 27, 12, 40, 15] ;;; build;    --> Handling loader specifications...
[2026, 9, 27, 12, 40, 15] ;;; build;      ---> Init Neoforge...
[2026, 9, 27, 12, 40, 15] ;;; build;    --> Injecting assets...
[2026, 9, 27, 12, 40, 15] ;;; build;    --> Removing gstools jar files from non-gstools mod...
[2026, 9, 27, 12, 40, 15] ;;; build;    --> Injecting block tags...
[2026, 9, 27, 12, 40, 16] ;;; build;    --> Duplicating function folder for backported versions...
[2026, 9, 27, 12, 40, 16] ;;; build;    --> Packing into jar file...
[2026, 9, 27, 12, 40, 16] ;;; build;    --> Cleaning Up...
[2026, 9, 27, 12, 40, 17] ;;; build;    --> Done.
[2026, 9, 27, 12, 40, 17] ;;; build;    > Compiling for neoforge-1.21.5...
[2026, 9, 27, 12, 40, 17] ;;; build;    --> Cleaning temp directory...
[2026, 9, 27, 12, 40, 17] ;;; build;    --> Unpacking base jar file...
[2026, 9, 27, 12, 40, 17] ;;; build;    --> Copying compiled mcfunction assets...
[2026, 9, 27, 12, 40, 18] ;;; build;    --> Injecting logo...
[2026, 9, 27, 12, 40, 18] ;;; build;    --> Injecting config defaults...
[2026, 9, 27, 12, 40, 18] ;;; build;    --> Handling loader specifications...
[2026, 9, 27, 12, 40, 18] ;;; build;      ---> Init Neoforge...
[2026, 9, 27, 12, 40, 18] ;;; build;    --> Injecting assets...
[2026, 9, 27, 12, 40, 18] ;;; build;    --> Removing gstools jar files from non-gstools mod...
[2026, 9, 27, 12, 40, 18] ;;; build;    --> Injecting block tags...
[2026, 9, 27, 12, 40, 18] ;;; build;    --> Duplicating function folder for backported versions...
[2026, 9, 27, 12, 40, 18] ;;; build;    --> Packing into jar file...
[2026, 9, 27, 12, 40, 18] ;;; build;    --> Cleaning Up...
[2026, 9, 27, 12, 40, 19] ;;; build;    --> Done.
[2026, 9, 27, 12, 40, 19] ;;; build;    > Compiling for neoforge-1.21.8...
[2026, 9, 27, 12, 40, 19] ;;; build;    --> Cleaning temp directory...
[2026, 9, 27, 12, 40, 19] ;;; build;    --> Unpacking base jar file...
[2026, 9, 27, 12, 40, 19] ;;; build;    --> Copying compiled mcfunction assets...
[2026, 9, 27, 12, 40, 20] ;;; build;    --> Injecting logo...
[2026, 9, 27, 12, 40, 20] ;;; build;    --> Injecting config defaults...
[2026, 9, 27, 12, 40, 20] ;;; build;    --> Handling loader specifications...
[2026, 9, 27, 12, 40, 20] ;;; build;      ---> Init Neoforge...
[2026, 9, 27, 12, 40, 20] ;;; build;    --> Injecting assets...
[2026, 9, 27, 12, 40, 20] ;;; build;    --> Removing gstools jar files from non-gstools mod...
[2026, 9, 27, 12, 40, 20] ;;; build;    --> Injecting block tags...
[2026, 9, 27, 12, 40, 20] ;;; build;    --> Duplicating function folder for backported versions...
[2026, 9, 27, 12, 40, 20] ;;; build;    --> Packing into jar file...
[2026, 9, 27, 12, 40, 20] ;;; build;    --> Cleaning Up...
[2026, 9, 27, 12, 40, 21] ;;; build;    --> Done.
[2026, 9, 27, 12, 40, 21] ;;; build;    > Compiling for neoforge-26.1...
[2026, 9, 27, 12, 40, 21] ;;; build;    --> Cleaning temp directory...
[2026, 9, 27, 12, 40, 21] ;;; build;    --> Unpacking base jar file...
[2026, 9, 27, 12, 40, 21] ;;; build;    --> Copying compiled mcfunction assets...
[2026, 9, 27, 12, 40, 22] ;;; build;    --> Injecting logo...
[2026, 9, 27, 12, 40, 22] ;;; build;    --> Injecting config defaults...
[2026, 9, 27, 12, 40, 22] ;;; build;    --> Handling loader specifications...
[2026, 9, 27, 12, 40, 22] ;;; build;      ---> Init Neoforge...
[2026, 9, 27, 12, 40, 22] ;;; build;    --> Injecting assets...
[2026, 9, 27, 12, 40, 22] ;;; build;    --> Removing gstools jar files from non-gstools mod...
[2026, 9, 27, 12, 40, 22] ;;; build;    --> Injecting block tags...
[2026, 9, 27, 12, 40, 22] ;;; build;    --> Duplicating function folder for backported versions...
[2026, 9, 27, 12, 40, 22] ;;; build;    --> Packing into jar file...
[2026, 9, 27, 12, 40, 22] ;;; build;    --> Cleaning Up...
[2026, 9, 27, 12, 40, 23] ;;; build;    --> Done.
[2026, 9, 27, 12, 40, 23] ;;; build;    > Compiling for neoforge-26.2...
[2026, 9, 27, 12, 40, 23] ;;; build;    --> Cleaning temp directory...
[2026, 9, 27, 12, 40, 23] ;;; build;    --> Unpacking base jar file...
[2026, 9, 27, 12, 40, 24] ;;; build;    --> Copying compiled mcfunction assets...
[2026, 9, 27, 12, 40, 24] ;;; build;    --> Injecting logo...
[2026, 9, 27, 12, 40, 24] ;;; build;    --> Injecting config defaults...
[2026, 9, 27, 12, 40, 24] ;;; build;    --> Handling loader specifications...
[2026, 9, 27, 12, 40, 24] ;;; build;      ---> Init Neoforge...
[2026, 9, 27, 12, 40, 24] ;;; build;    --> Injecting assets...
[2026, 9, 27, 12, 40, 24] ;;; build;    --> Removing gstools jar files from non-gstools mod...
[2026, 9, 27, 12, 40, 24] ;;; build;    --> Injecting block tags...
[2026, 9, 27, 12, 40, 24] ;;; build;    --> Duplicating function folder for backported versions...
[2026, 9, 27, 12, 40, 24] ;;; build;    --> Packing into jar file...
[2026, 9, 27, 12, 40, 25] ;;; build;    --> Cleaning Up...
[2026, 9, 27, 12, 40, 25] ;;; build;    --> Done.
[2026, 9, 27, 12, 40, 25] ;;; build;    > Compiling for neoforge-26.3...
[2026, 9, 27, 12, 40, 25] ;;; build;    --> Cleaning temp directory...
[2026, 9, 27, 12, 40, 25] ;;; build;    --> Unpacking base jar file...
[2026, 9, 27, 12, 40, 25] ;;; build;    --> Copying compiled mcfunction assets...
[2026, 9, 27, 12, 40, 26] ;;; build;    --> Injecting logo...
[2026, 9, 27, 12, 40, 26] ;;; build;    --> Injecting config defaults...
[2026, 9, 27, 12, 40, 26] ;;; build;    --> Handling loader specifications...
[2026, 9, 27, 12, 40, 26] ;;; build;      ---> Init Neoforge...
[2026, 9, 27, 12, 40, 26] ;;; build;    --> Injecting assets...
[2026, 9, 27, 12, 40, 26] ;;; build;    --> Removing gstools jar files from non-gstools mod...
[2026, 9, 27, 12, 40, 26] ;;; build;    --> Injecting block tags...
[2026, 9, 27, 12, 40, 26] ;;; build;    --> Duplicating function folder for backported versions...
[2026, 9, 27, 12, 40, 26] ;;; build;    --> Packing into jar file...
[2026, 9, 27, 12, 40, 26] ;;; build;    --> Cleaning Up...
[2026, 9, 27, 12, 40, 27] ;;; build;    --> Done.
[2026, 9, 27, 12, 40, 27] ;;; build;    > Renaming zip files to jar files...
[2026, 9, 27, 12, 40, 27] ;;; build;    > Resetting to cached game versions config...
[2026, 9, 27, 12, 40, 27] ;;; build;    > Build Complete.
[2026, 9, 27, 12, 40, 27] ;;; build; Compiling datapack dynamic_ecosystems into mod...
[2026, 9, 27, 12, 40, 27] ;;; build;    > Detecting split versions...
[2026, 9, 27, 12, 40, 27] ;;; build;    --> Nothing to delete after.
[2026, 9, 27, 12, 40, 27] ;;; build;    > Beginning build block...
[2026, 9, 27, 12, 40, 27] ;;; build;    > Compiling for fabric-1.21.8...
[2026, 9, 27, 12, 40, 27] ;;; build;    --> Cleaning temp directory...
[2026, 9, 27, 12, 40, 29] ;;; build;    --> Unpacking base jar file...
[2026, 9, 27, 12, 40, 30] ;;; build;    --> Copying compiled mcfunction assets...
[2026, 9, 27, 12, 40, 31] ;;; build;    --> Injecting logo...
[2026, 9, 27, 12, 40, 31] ;;; build;    --> Injecting config defaults...
[2026, 9, 27, 12, 40, 31] ;;; build;    --> Handling loader specifications...
[2026, 9, 27, 12, 40, 31] ;;; build;      ---> Init Fabric...
[2026, 9, 27, 12, 40, 31] ;;; build;    --> Removing gstools jar files from non-gstools mod...
[2026, 9, 27, 12, 40, 31] ;;; build;    --> Injecting block tags...
[2026, 9, 27, 12, 40, 31] ;;; build;    --> Duplicating function folder for backported versions...
[2026, 9, 27, 12, 40, 31] ;;; build;    --> Packing into jar file...
[2026, 9, 27, 12, 40, 33] ;;; build;    --> Cleaning Up...
[2026, 9, 27, 12, 40, 33] ;;; build;    --> Done.
[2026, 9, 27, 12, 40, 33] ;;; build;    > Compiling for fabric-1.21.9...
[2026, 9, 27, 12, 40, 33] ;;; build;    --> Cleaning temp directory...
[2026, 9, 27, 12, 40, 34] ;;; build;    --> Unpacking base jar file...
[2026, 9, 27, 12, 40, 34] ;;; build;    --> Copying compiled mcfunction assets...
[2026, 9, 27, 12, 40, 35] ;;; build;    --> Injecting logo...
[2026, 9, 27, 12, 40, 35] ;;; build;    --> Injecting config defaults...
[2026, 9, 27, 12, 40, 35] ;;; build;    --> Handling loader specifications...
[2026, 9, 27, 12, 40, 35] ;;; build;      ---> Init Fabric...
[2026, 9, 27, 12, 40, 35] ;;; build;    --> Removing gstools jar files from non-gstools mod...
[2026, 9, 27, 12, 40, 35] ;;; build;    --> Injecting block tags...
[2026, 9, 27, 12, 40, 35] ;;; build;    --> Duplicating function folder for backported versions...
[2026, 9, 27, 12, 40, 35] ;;; build;    --> Packing into jar file...
[2026, 9, 27, 12, 40, 36] ;;; build;    --> Cleaning Up...
[2026, 9, 27, 12, 40, 37] ;;; build;    --> Done.
[2026, 9, 27, 12, 40, 37] ;;; build;    > Compiling for fabric-26.1...
[2026, 9, 27, 12, 40, 37] ;;; build;    --> Cleaning temp directory...
[2026, 9, 27, 12, 40, 37] ;;; build;    --> Unpacking base jar file...
[2026, 9, 27, 12, 40, 37] ;;; build;    --> Copying compiled mcfunction assets...
[2026, 9, 27, 12, 40, 38] ;;; build;    --> Injecting logo...
[2026, 9, 27, 12, 40, 38] ;;; build;    --> Injecting config defaults...
[2026, 9, 27, 12, 40, 38] ;;; build;    --> Handling loader specifications...
[2026, 9, 27, 12, 40, 38] ;;; build;      ---> Init Fabric...
[2026, 9, 27, 12, 40, 38] ;;; build;    --> Removing gstools jar files from non-gstools mod...
[2026, 9, 27, 12, 40, 38] ;;; build;    --> Injecting block tags...
[2026, 9, 27, 12, 40, 39] ;;; build;    --> Duplicating function folder for backported versions...
[2026, 9, 27, 12, 40, 39] ;;; build;    --> Packing into jar file...
[2026, 9, 27, 12, 40, 40] ;;; build;    --> Cleaning Up...
[2026, 9, 27, 12, 40, 41] ;;; build;    --> Done.
[2026, 9, 27, 12, 40, 41] ;;; build;    > Compiling for fabric-26.2...
[2026, 9, 27, 12, 40, 41] ;;; build;    --> Cleaning temp directory...
[2026, 9, 27, 12, 40, 41] ;;; build;    --> Unpacking base jar file...
[2026, 9, 27, 12, 40, 42] ;;; build;    --> Copying compiled mcfunction assets...
[2026, 9, 27, 12, 40, 42] ;;; build;    --> Injecting logo...
[2026, 9, 27, 12, 40, 42] ;;; build;    --> Injecting config defaults...
[2026, 9, 27, 12, 40, 42] ;;; build;    --> Handling loader specifications...
[2026, 9, 27, 12, 40, 42] ;;; build;      ---> Init Fabric...
[2026, 9, 27, 12, 40, 42] ;;; build;    --> Removing gstools jar files from non-gstools mod...
[2026, 9, 27, 12, 40, 42] ;;; build;    --> Injecting block tags...
[2026, 9, 27, 12, 40, 42] ;;; build;    --> Duplicating function folder for backported versions...
[2026, 9, 27, 12, 40, 43] ;;; build;    --> Packing into jar file...
[2026, 9, 27, 12, 40, 44] ;;; build;    --> Cleaning Up...
[2026, 9, 27, 12, 40, 44] ;;; build;    --> Done.
[2026, 9, 27, 12, 40, 44] ;;; build;    > Compiling for fabric-26.3...
[2026, 9, 27, 12, 40, 44] ;;; build;    --> Cleaning temp directory...
[2026, 9, 27, 12, 40, 45] ;;; build;    --> Unpacking base jar file...
[2026, 9, 27, 12, 40, 45] ;;; build;    --> Copying compiled mcfunction assets...
[2026, 9, 27, 12, 40, 46] ;;; build;    --> Injecting logo...
[2026, 9, 27, 12, 40, 46] ;;; build;    --> Injecting config defaults...
[2026, 9, 27, 12, 40, 46] ;;; build;    --> Handling loader specifications...
[2026, 9, 27, 12, 40, 46] ;;; build;      ---> Init Fabric...
[2026, 9, 27, 12, 40, 46] ;;; build;    --> Removing gstools jar files from non-gstools mod...
[2026, 9, 27, 12, 40, 46] ;;; build;    --> Injecting block tags...
[2026, 9, 27, 12, 40, 46] ;;; build;    --> Duplicating function folder for backported versions...
[2026, 9, 27, 12, 40, 46] ;;; build;    --> Packing into jar file...
[2026, 9, 27, 12, 40, 46] ;;; build;    --> Cleaning Up...
[2026, 9, 27, 12, 40, 47] ;;; build;    --> Done.
[2026, 9, 27, 12, 40, 47] ;;; build;    > Compiling for forge-1.19.4...
[2026, 9, 27, 12, 40, 47] ;;; build;    --> Cleaning temp directory...
[2026, 9, 27, 12, 40, 47] ;;; build;    --> Unpacking base jar file...
[2026, 9, 27, 12, 40, 47] ;;; build;    --> Copying compiled mcfunction assets...
[2026, 9, 27, 12, 40, 48] ;;; build;    --> Injecting logo...
[2026, 9, 27, 12, 40, 48] ;;; build;    --> Injecting config defaults...
[2026, 9, 27, 12, 40, 48] ;;; build;    --> Handling loader specifications...
[2026, 9, 27, 12, 40, 48] ;;; build;      ---> Init Forge...
[2026, 9, 27, 12, 40, 48] ;;; build;    --> Removing gstools jar files from non-gstools mod...
[2026, 9, 27, 12, 40, 48] ;;; build;    --> Base Mod Compile Requirment Detected! Compiling...
[2026, 9, 27, 12, 40, 48] ;;; build;      ---> Cleaning prior...
[2026, 9, 27, 12, 40, 48] ;;; build;      ---> Cloning basemod...
[2026, 9, 27, 12, 40, 48] ;;; build;      ---> Batch remaning...
[2026, 9, 27, 12, 40, 48] ;;; build;      ---> Running gradle...
[2026, 9, 27, 12, 40, 53] ;;; build;      ---> Unpacking generated jar file...
[2026, 9, 27, 12, 40, 53] ;;; build;      ---> Injecting generated assets into temp dir...
[2026, 9, 27, 12, 40, 53] ;;; build;    --> Injecting block tags...
[2026, 9, 27, 12, 40, 53] ;;; build;    --> Duplicating function folder for backported versions...
[2026, 9, 27, 12, 40, 53] ;;; build;    --> Packing into jar file...
[2026, 9, 27, 12, 40, 54] ;;; build;    --> Cleaning Up...
[2026, 9, 27, 12, 40, 55] ;;; build;    --> Done.
[2026, 9, 27, 12, 40, 55] ;;; build;    > Compiling for forge-1.20.1...
[2026, 9, 27, 12, 40, 55] ;;; build;    --> Cleaning temp directory...
[2026, 9, 27, 12, 40, 55] ;;; build;    --> Unpacking base jar file...
[2026, 9, 27, 12, 40, 55] ;;; build;    --> Copying compiled mcfunction assets...
[2026, 9, 27, 12, 40, 56] ;;; build;    --> Injecting logo...
[2026, 9, 27, 12, 40, 56] ;;; build;    --> Injecting config defaults...
[2026, 9, 27, 12, 40, 56] ;;; build;    --> Handling loader specifications...
[2026, 9, 27, 12, 40, 56] ;;; build;      ---> Init Forge...
[2026, 9, 27, 12, 40, 56] ;;; build;    --> Removing gstools jar files from non-gstools mod...
[2026, 9, 27, 12, 40, 56] ;;; build;    --> Base Mod Compile Requirment Detected! Compiling...
[2026, 9, 27, 12, 40, 56] ;;; build;      ---> Cleaning prior...
[2026, 9, 27, 12, 40, 56] ;;; build;      ---> Cloning basemod...
[2026, 9, 27, 12, 40, 56] ;;; build;      ---> Batch remaning...
[2026, 9, 27, 12, 40, 56] ;;; build;      ---> Running gradle...
[2026, 9, 27, 12, 41, 0] ;;; build;      ---> Unpacking generated jar file...
[2026, 9, 27, 12, 41, 0] ;;; build;      ---> Injecting generated assets into temp dir...
[2026, 9, 27, 12, 41, 0] ;;; build;    --> Injecting block tags...
[2026, 9, 27, 12, 41, 0] ;;; build;    --> Duplicating function folder for backported versions...
[2026, 9, 27, 12, 41, 0] ;;; build;    --> Packing into jar file...
[2026, 9, 27, 12, 41, 1] ;;; build;    --> Cleaning Up...
[2026, 9, 27, 12, 41, 2] ;;; build;    --> Done.
[2026, 9, 27, 12, 41, 2] ;;; build;    > Compiling for neoforge-1.20.4...
[2026, 9, 27, 12, 41, 2] ;;; build;    --> Cleaning temp directory...
[2026, 9, 27, 12, 41, 3] ;;; build;    --> Unpacking base jar file...
[2026, 9, 27, 12, 41, 3] ;;; build;    --> Copying compiled mcfunction assets...
[2026, 9, 27, 12, 41, 3] ;;; build;    --> Injecting logo...
[2026, 9, 27, 12, 41, 3] ;;; build;    --> Injecting config defaults...
[2026, 9, 27, 12, 41, 3] ;;; build;    --> Handling loader specifications...
[2026, 9, 27, 12, 41, 3] ;;; build;      ---> Init Neoforge...
[2026, 9, 27, 12, 41, 3] ;;; build;    --> Removing gstools jar files from non-gstools mod...
[2026, 9, 27, 12, 41, 3] ;;; build;    --> Base Mod Compile Requirment Detected! Compiling...
[2026, 9, 27, 12, 41, 3] ;;; build;      ---> Cleaning prior...
[2026, 9, 27, 12, 41, 3] ;;; build;      ---> Cloning basemod...
[2026, 9, 27, 12, 41, 3] ;;; build;      ---> Batch remaning...
[2026, 9, 27, 12, 41, 3] ;;; build;      ---> Running gradle...
[2026, 9, 27, 12, 41, 7] ;;; build;      ---> Unpacking generated jar file...
[2026, 9, 27, 12, 41, 7] ;;; build;      ---> Injecting generated assets into temp dir...
[2026, 9, 27, 12, 41, 7] ;;; build;    --> Injecting block tags...
[2026, 9, 27, 12, 41, 7] ;;; build;    --> Duplicating function folder for backported versions...
[2026, 9, 27, 12, 41, 7] ;;; build;    --> Packing into jar file...
[2026, 9, 27, 12, 41, 8] ;;; build;    --> Cleaning Up...
[2026, 9, 27, 12, 41, 9] ;;; build;    --> Done.
[2026, 9, 27, 12, 41, 9] ;;; build;    > Compiling for neoforge-1.20.6...
[2026, 9, 27, 12, 41, 9] ;;; build;    --> Cleaning temp directory...
[2026, 9, 27, 12, 41, 9] ;;; build;    --> Unpacking base jar file...
[2026, 9, 27, 12, 41, 9] ;;; build;    --> Copying compiled mcfunction assets...
[2026, 9, 27, 12, 41, 10] ;;; build;    --> Injecting logo...
[2026, 9, 27, 12, 41, 10] ;;; build;    --> Injecting config defaults...
[2026, 9, 27, 12, 41, 10] ;;; build;    --> Handling loader specifications...
[2026, 9, 27, 12, 41, 10] ;;; build;      ---> Init Neoforge...
[2026, 9, 27, 12, 41, 10] ;;; build;    --> Removing gstools jar files from non-gstools mod...
[2026, 9, 27, 12, 41, 10] ;;; build;    --> Injecting block tags...
[2026, 9, 27, 12, 41, 10] ;;; build;    --> Duplicating function folder for backported versions...
[2026, 9, 27, 12, 41, 10] ;;; build;    --> Packing into jar file...
[2026, 9, 27, 12, 41, 11] ;;; build;    --> Cleaning Up...
[2026, 9, 27, 12, 41, 12] ;;; build;    --> Done.
[2026, 9, 27, 12, 41, 12] ;;; build;    > Compiling for neoforge-1.21.1...
[2026, 9, 27, 12, 41, 12] ;;; build;    --> Cleaning temp directory...
[2026, 9, 27, 12, 41, 12] ;;; build;    --> Unpacking base jar file...
[2026, 9, 27, 12, 41, 12] ;;; build;    --> Copying compiled mcfunction assets...
[2026, 9, 27, 12, 41, 13] ;;; build;    --> Injecting logo...
[2026, 9, 27, 12, 41, 13] ;;; build;    --> Injecting config defaults...
[2026, 9, 27, 12, 41, 13] ;;; build;    --> Handling loader specifications...
[2026, 9, 27, 12, 41, 13] ;;; build;      ---> Init Neoforge...
[2026, 9, 27, 12, 41, 13] ;;; build;      ---> Weather2 Compat Requirment Detected.
[2026, 9, 27, 12, 41, 13] ;;; build;    --> Removing gstools jar files from non-gstools mod...
[2026, 9, 27, 12, 41, 13] ;;; build;    --> Injecting block tags...
[2026, 9, 27, 12, 41, 13] ;;; build;    --> Duplicating function folder for backported versions...
[2026, 9, 27, 12, 41, 13] ;;; build;    --> Packing into jar file...
[2026, 9, 27, 12, 41, 14] ;;; build;    --> Cleaning Up...
[2026, 9, 27, 12, 41, 15] ;;; build;    --> Done.
[2026, 9, 27, 12, 41, 15] ;;; build;    > Compiling for neoforge-1.21.2...
[2026, 9, 27, 12, 41, 15] ;;; build;    --> Cleaning temp directory...
[2026, 9, 27, 12, 41, 15] ;;; build;    --> Unpacking base jar file...
[2026, 9, 27, 12, 41, 15] ;;; build;    --> Copying compiled mcfunction assets...
[2026, 9, 27, 12, 41, 16] ;;; build;    --> Injecting logo...
[2026, 9, 27, 12, 41, 16] ;;; build;    --> Injecting config defaults...
[2026, 9, 27, 12, 41, 16] ;;; build;    --> Handling loader specifications...
[2026, 9, 27, 12, 41, 16] ;;; build;      ---> Init Neoforge...
[2026, 9, 27, 12, 41, 16] ;;; build;    --> Removing gstools jar files from non-gstools mod...
[2026, 9, 27, 12, 41, 16] ;;; build;    --> Injecting block tags...
[2026, 9, 27, 12, 41, 16] ;;; build;    --> Duplicating function folder for backported versions...
[2026, 9, 27, 12, 41, 16] ;;; build;    --> Packing into jar file...
[2026, 9, 27, 12, 41, 17] ;;; build;    --> Cleaning Up...
[2026, 9, 27, 12, 41, 18] ;;; build;    --> Done.
[2026, 9, 27, 12, 41, 18] ;;; build;    > Compiling for neoforge-1.21.4...
[2026, 9, 27, 12, 41, 18] ;;; build;    --> Cleaning temp directory...
[2026, 9, 27, 12, 41, 18] ;;; build;    --> Unpacking base jar file...
[2026, 9, 27, 12, 41, 18] ;;; build;    --> Copying compiled mcfunction assets...
[2026, 9, 27, 12, 41, 19] ;;; build;    --> Injecting logo...
[2026, 9, 27, 12, 41, 19] ;;; build;    --> Injecting config defaults...
[2026, 9, 27, 12, 41, 19] ;;; build;    --> Handling loader specifications...
[2026, 9, 27, 12, 41, 19] ;;; build;      ---> Init Neoforge...
[2026, 9, 27, 12, 41, 19] ;;; build;    --> Removing gstools jar files from non-gstools mod...
[2026, 9, 27, 12, 41, 19] ;;; build;    --> Injecting block tags...
[2026, 9, 27, 12, 41, 19] ;;; build;    --> Duplicating function folder for backported versions...
[2026, 9, 27, 12, 41, 19] ;;; build;    --> Packing into jar file...
[2026, 9, 27, 12, 41, 20] ;;; build;    --> Cleaning Up...
[2026, 9, 27, 12, 41, 21] ;;; build;    --> Done.
[2026, 9, 27, 12, 41, 21] ;;; build;    > Compiling for neoforge-1.21.5...
[2026, 9, 27, 12, 41, 21] ;;; build;    --> Cleaning temp directory...
[2026, 9, 27, 12, 41, 21] ;;; build;    --> Unpacking base jar file...
[2026, 9, 27, 12, 41, 21] ;;; build;    --> Copying compiled mcfunction assets...
[2026, 9, 27, 12, 41, 22] ;;; build;    --> Injecting logo...
[2026, 9, 27, 12, 41, 22] ;;; build;    --> Injecting config defaults...
[2026, 9, 27, 12, 41, 22] ;;; build;    --> Handling loader specifications...
[2026, 9, 27, 12, 41, 22] ;;; build;      ---> Init Neoforge...
[2026, 9, 27, 12, 41, 22] ;;; build;    --> Removing gstools jar files from non-gstools mod...
[2026, 9, 27, 12, 41, 22] ;;; build;    --> Injecting block tags...
[2026, 9, 27, 12, 41, 22] ;;; build;    --> Duplicating function folder for backported versions...
[2026, 9, 27, 12, 41, 22] ;;; build;    --> Packing into jar file...
[2026, 9, 27, 12, 41, 23] ;;; build;    --> Cleaning Up...
[2026, 9, 27, 12, 41, 24] ;;; build;    --> Done.
[2026, 9, 27, 12, 41, 24] ;;; build;    > Compiling for neoforge-1.21.8...
[2026, 9, 27, 12, 41, 24] ;;; build;    --> Cleaning temp directory...
[2026, 9, 27, 12, 41, 24] ;;; build;    --> Unpacking base jar file...
[2026, 9, 27, 12, 41, 24] ;;; build;    --> Copying compiled mcfunction assets...
[2026, 9, 27, 12, 41, 25] ;;; build;    --> Injecting logo...
[2026, 9, 27, 12, 41, 25] ;;; build;    --> Injecting config defaults...
[2026, 9, 27, 12, 41, 25] ;;; build;    --> Handling loader specifications...
[2026, 9, 27, 12, 41, 25] ;;; build;      ---> Init Neoforge...
[2026, 9, 27, 12, 41, 25] ;;; build;    --> Removing gstools jar files from non-gstools mod...
[2026, 9, 27, 12, 41, 25] ;;; build;    --> Injecting block tags...
[2026, 9, 27, 12, 41, 25] ;;; build;    --> Duplicating function folder for backported versions...
[2026, 9, 27, 12, 41, 25] ;;; build;    --> Packing into jar file...
[2026, 9, 27, 12, 41, 26] ;;; build;    --> Cleaning Up...
[2026, 9, 27, 12, 41, 27] ;;; build;    --> Done.
[2026, 9, 27, 12, 41, 27] ;;; build;    > Compiling for neoforge-26.1...
[2026, 9, 27, 12, 41, 27] ;;; build;    --> Cleaning temp directory...
[2026, 9, 27, 12, 41, 27] ;;; build;    --> Unpacking base jar file...
[2026, 9, 27, 12, 41, 27] ;;; build;    --> Copying compiled mcfunction assets...
[2026, 9, 27, 12, 41, 28] ;;; build;    --> Injecting logo...
[2026, 9, 27, 12, 41, 28] ;;; build;    --> Injecting config defaults...
[2026, 9, 27, 12, 41, 28] ;;; build;    --> Handling loader specifications...
[2026, 9, 27, 12, 41, 28] ;;; build;      ---> Init Neoforge...
[2026, 9, 27, 12, 41, 28] ;;; build;    --> Removing gstools jar files from non-gstools mod...
[2026, 9, 27, 12, 41, 28] ;;; build;    --> Injecting block tags...
[2026, 9, 27, 12, 41, 28] ;;; build;    --> Duplicating function folder for backported versions...
[2026, 9, 27, 12, 41, 28] ;;; build;    --> Packing into jar file...
[2026, 9, 27, 12, 41, 29] ;;; build;    --> Cleaning Up...
[2026, 9, 27, 12, 41, 30] ;;; build;    --> Done.
[2026, 9, 27, 12, 41, 30] ;;; build;    > Compiling for neoforge-26.2...
[2026, 9, 27, 12, 41, 30] ;;; build;    --> Cleaning temp directory...
[2026, 9, 27, 12, 41, 30] ;;; build;    --> Unpacking base jar file...
[2026, 9, 27, 12, 41, 30] ;;; build;    --> Copying compiled mcfunction assets...
[2026, 9, 27, 12, 41, 31] ;;; build;    --> Injecting logo...
[2026, 9, 27, 12, 41, 31] ;;; build;    --> Injecting config defaults...
[2026, 9, 27, 12, 41, 31] ;;; build;    --> Handling loader specifications...
[2026, 9, 27, 12, 41, 31] ;;; build;      ---> Init Neoforge...
[2026, 9, 27, 12, 41, 31] ;;; build;    --> Removing gstools jar files from non-gstools mod...
[2026, 9, 27, 12, 41, 31] ;;; build;    --> Injecting block tags...
[2026, 9, 27, 12, 41, 31] ;;; build;    --> Duplicating function folder for backported versions...
[2026, 9, 27, 12, 41, 31] ;;; build;    --> Packing into jar file...
[2026, 9, 27, 12, 41, 32] ;;; build;    --> Cleaning Up...
[2026, 9, 27, 12, 41, 32] ;;; build;    --> Done.
[2026, 9, 27, 12, 41, 32] ;;; build;    > Compiling for neoforge-26.3...
[2026, 9, 27, 12, 41, 32] ;;; build;    --> Cleaning temp directory...
[2026, 9, 27, 12, 41, 33] ;;; build;    --> Unpacking base jar file...
[2026, 9, 27, 12, 41, 33] ;;; build;    --> Copying compiled mcfunction assets...
[2026, 9, 27, 12, 41, 33] ;;; build;    --> Injecting logo...
[2026, 9, 27, 12, 41, 34] ;;; build;    --> Injecting config defaults...
[2026, 9, 27, 12, 41, 34] ;;; build;    --> Handling loader specifications...
[2026, 9, 27, 12, 41, 34] ;;; build;      ---> Init Neoforge...
[2026, 9, 27, 12, 41, 34] ;;; build;    --> Removing gstools jar files from non-gstools mod...
[2026, 9, 27, 12, 41, 34] ;;; build;    --> Injecting block tags...
[2026, 9, 27, 12, 41, 34] ;;; build;    --> Duplicating function folder for backported versions...
[2026, 9, 27, 12, 41, 34] ;;; build;    --> Packing into jar file...
[2026, 9, 27, 12, 41, 34] ;;; build;    --> Cleaning Up...
[2026, 9, 27, 12, 41, 35] ;;; build;    --> Done.
[2026, 9, 27, 12, 41, 35] ;;; build;    > Renaming zip files to jar files...
[2026, 9, 27, 12, 41, 35] ;;; build;    > Resetting to cached game versions config...
[2026, 9, 27, 12, 41, 35] ;;; build;    > Build Complete.
[2026, 9, 27, 12, 41, 35] ;;; build; Compiling datapack dynamic_monsters into mod...
[2026, 9, 27, 12, 41, 35] ;;; build;    > Detecting split versions...
[2026, 9, 27, 12, 41, 35] ;;; build;    --> Nothing to delete after.
[2026, 9, 27, 12, 41, 35] ;;; build;    > Beginning build block...
[2026, 9, 27, 12, 41, 35] ;;; build;    > Compiling for fabric-1.21.8...
[2026, 9, 27, 12, 41, 35] ;;; build;    --> Cleaning temp directory...
[2026, 9, 27, 12, 41, 39] ;;; build;    --> Unpacking base jar file...
[2026, 9, 27, 12, 41, 40] ;;; build;    --> Copying compiled mcfunction assets...
[2026, 9, 27, 12, 41, 40] ;;; build;    --> Injecting logo...
[2026, 9, 27, 12, 41, 40] ;;; build;    --> Injecting config defaults...
[2026, 9, 27, 12, 41, 40] ;;; build;    --> Handling loader specifications...
[2026, 9, 27, 12, 41, 40] ;;; build;      ---> Init Fabric...
[2026, 9, 27, 12, 41, 40] ;;; build;    --> Removing gstools jar files from non-gstools mod...
[2026, 9, 27, 12, 41, 40] ;;; build;    --> Injecting block tags...
[2026, 9, 27, 12, 41, 40] ;;; build;    --> Duplicating function folder for backported versions...
[2026, 9, 27, 12, 41, 40] ;;; build;    --> Packing into jar file...
[2026, 9, 27, 12, 41, 41] ;;; build;    --> Cleaning Up...
[2026, 9, 27, 12, 41, 42] ;;; build;    --> Done.
[2026, 9, 27, 12, 41, 42] ;;; build;    > Compiling for fabric-1.21.9...
[2026, 9, 27, 12, 41, 42] ;;; build;    --> Cleaning temp directory...
[2026, 9, 27, 12, 41, 43] ;;; build;    --> Unpacking base jar file...
[2026, 9, 27, 12, 41, 43] ;;; build;    --> Copying compiled mcfunction assets...
[2026, 9, 27, 12, 41, 43] ;;; build;    --> Injecting logo...
[2026, 9, 27, 12, 41, 43] ;;; build;    --> Injecting config defaults...
[2026, 9, 27, 12, 41, 43] ;;; build;    --> Handling loader specifications...
[2026, 9, 27, 12, 41, 43] ;;; build;      ---> Init Fabric...
[2026, 9, 27, 12, 41, 43] ;;; build;    --> Removing gstools jar files from non-gstools mod...
[2026, 9, 27, 12, 41, 43] ;;; build;    --> Injecting block tags...
[2026, 9, 27, 12, 41, 43] ;;; build;    --> Duplicating function folder for backported versions...
[2026, 9, 27, 12, 41, 43] ;;; build;    --> Packing into jar file...
[2026, 9, 27, 12, 41, 44] ;;; build;    --> Cleaning Up...
[2026, 9, 27, 12, 41, 45] ;;; build;    --> Done.
[2026, 9, 27, 12, 41, 45] ;;; build;    > Compiling for fabric-26.1...
[2026, 9, 27, 12, 41, 45] ;;; build;    --> Cleaning temp directory...
[2026, 9, 27, 12, 41, 45] ;;; build;    --> Unpacking base jar file...
[2026, 9, 27, 12, 41, 45] ;;; build;    --> Copying compiled mcfunction assets...
[2026, 9, 27, 12, 41, 45] ;;; build;    --> Injecting logo...
[2026, 9, 27, 12, 41, 45] ;;; build;    --> Injecting config defaults...
[2026, 9, 27, 12, 41, 45] ;;; build;    --> Handling loader specifications...
[2026, 9, 27, 12, 41, 45] ;;; build;      ---> Init Fabric...
[2026, 9, 27, 12, 41, 45] ;;; build;    --> Removing gstools jar files from non-gstools mod...
[2026, 9, 27, 12, 41, 45] ;;; build;    --> Injecting block tags...
[2026, 9, 27, 12, 41, 45] ;;; build;    --> Duplicating function folder for backported versions...
[2026, 9, 27, 12, 41, 45] ;;; build;    --> Packing into jar file...
[2026, 9, 27, 12, 41, 46] ;;; build;    --> Cleaning Up...
[2026, 9, 27, 12, 41, 47] ;;; build;    --> Done.
[2026, 9, 27, 12, 41, 47] ;;; build;    > Compiling for fabric-26.2...
[2026, 9, 27, 12, 41, 47] ;;; build;    --> Cleaning temp directory...
[2026, 9, 27, 12, 41, 47] ;;; build;    --> Unpacking base jar file...
[2026, 9, 27, 12, 41, 47] ;;; build;    --> Copying compiled mcfunction assets...
[2026, 9, 27, 12, 41, 48] ;;; build;    --> Injecting logo...
[2026, 9, 27, 12, 41, 48] ;;; build;    --> Injecting config defaults...
[2026, 9, 27, 12, 41, 48] ;;; build;    --> Handling loader specifications...
[2026, 9, 27, 12, 41, 48] ;;; build;      ---> Init Fabric...
[2026, 9, 27, 12, 41, 48] ;;; build;    --> Removing gstools jar files from non-gstools mod...
[2026, 9, 27, 12, 41, 48] ;;; build;    --> Injecting block tags...
[2026, 9, 27, 12, 41, 48] ;;; build;    --> Duplicating function folder for backported versions...
[2026, 9, 27, 12, 41, 48] ;;; build;    --> Packing into jar file...
[2026, 9, 27, 12, 41, 49] ;;; build;    --> Cleaning Up...
[2026, 9, 27, 12, 41, 49] ;;; build;    --> Done.
[2026, 9, 27, 12, 41, 49] ;;; build;    > Compiling for fabric-26.3...
[2026, 9, 27, 12, 41, 49] ;;; build;    --> Cleaning temp directory...
[2026, 9, 27, 12, 41, 50] ;;; build;    --> Unpacking base jar file...
[2026, 9, 27, 12, 41, 50] ;;; build;    --> Copying compiled mcfunction assets...
[2026, 9, 27, 12, 41, 50] ;;; build;    --> Injecting logo...
[2026, 9, 27, 12, 41, 50] ;;; build;    --> Injecting config defaults...
[2026, 9, 27, 12, 41, 50] ;;; build;    --> Handling loader specifications...
[2026, 9, 27, 12, 41, 50] ;;; build;      ---> Init Fabric...
[2026, 9, 27, 12, 41, 50] ;;; build;    --> Removing gstools jar files from non-gstools mod...
[2026, 9, 27, 12, 41, 50] ;;; build;    --> Injecting block tags...
[2026, 9, 27, 12, 41, 50] ;;; build;    --> Duplicating function folder for backported versions...
[2026, 9, 27, 12, 41, 50] ;;; build;    --> Packing into jar file...
[2026, 9, 27, 12, 41, 50] ;;; build;    --> Cleaning Up...
[2026, 9, 27, 12, 41, 51] ;;; build;    --> Done.
[2026, 9, 27, 12, 41, 51] ;;; build;    > Compiling for forge-1.19.4...
[2026, 9, 27, 12, 41, 51] ;;; build;    --> Cleaning temp directory...
[2026, 9, 27, 12, 41, 51] ;;; build;    --> Unpacking base jar file...
[2026, 9, 27, 12, 41, 51] ;;; build;    --> Copying compiled mcfunction assets...
[2026, 9, 27, 12, 41, 52] ;;; build;    --> Injecting logo...
[2026, 9, 27, 12, 41, 52] ;;; build;    --> Injecting config defaults...
[2026, 9, 27, 12, 41, 52] ;;; build;    --> Handling loader specifications...
[2026, 9, 27, 12, 41, 52] ;;; build;      ---> Init Forge...
[2026, 9, 27, 12, 41, 52] ;;; build;    --> Removing gstools jar files from non-gstools mod...
[2026, 9, 27, 12, 41, 52] ;;; build;    --> Base Mod Compile Requirment Detected! Compiling...
[2026, 9, 27, 12, 41, 52] ;;; build;      ---> Cleaning prior...
[2026, 9, 27, 12, 41, 52] ;;; build;      ---> Cloning basemod...
[2026, 9, 27, 12, 41, 52] ;;; build;      ---> Batch remaning...
[2026, 9, 27, 12, 41, 52] ;;; build;      ---> Running gradle...
[2026, 9, 27, 12, 41, 57] ;;; build;      ---> Unpacking generated jar file...
[2026, 9, 27, 12, 41, 57] ;;; build;      ---> Injecting generated assets into temp dir...
[2026, 9, 27, 12, 41, 57] ;;; build;    --> Injecting block tags...
[2026, 9, 27, 12, 41, 57] ;;; build;    --> Duplicating function folder for backported versions...
[2026, 9, 27, 12, 41, 57] ;;; build;    --> Packing into jar file...
[2026, 9, 27, 12, 41, 58] ;;; build;    --> Cleaning Up...
[2026, 9, 27, 12, 41, 58] ;;; build;    --> Done.
[2026, 9, 27, 12, 41, 58] ;;; build;    > Compiling for forge-1.20.1...
[2026, 9, 27, 12, 41, 58] ;;; build;    --> Cleaning temp directory...
[2026, 9, 27, 12, 41, 59] ;;; build;    --> Unpacking base jar file...
[2026, 9, 27, 12, 41, 59] ;;; build;    --> Copying compiled mcfunction assets...
[2026, 9, 27, 12, 41, 59] ;;; build;    --> Injecting logo...
[2026, 9, 27, 12, 41, 59] ;;; build;    --> Injecting config defaults...
[2026, 9, 27, 12, 41, 59] ;;; build;    --> Handling loader specifications...
[2026, 9, 27, 12, 41, 59] ;;; build;      ---> Init Forge...
[2026, 9, 27, 12, 41, 59] ;;; build;    --> Removing gstools jar files from non-gstools mod...
[2026, 9, 27, 12, 41, 59] ;;; build;    --> Base Mod Compile Requirment Detected! Compiling...
[2026, 9, 27, 12, 41, 59] ;;; build;      ---> Cleaning prior...
[2026, 9, 27, 12, 41, 59] ;;; build;      ---> Cloning basemod...
[2026, 9, 27, 12, 41, 59] ;;; build;      ---> Batch remaning...
[2026, 9, 27, 12, 41, 59] ;;; build;      ---> Running gradle...
[2026, 9, 27, 12, 42, 4] ;;; build;      ---> Unpacking generated jar file...
[2026, 9, 27, 12, 42, 4] ;;; build;      ---> Injecting generated assets into temp dir...
[2026, 9, 27, 12, 42, 4] ;;; build;    --> Injecting block tags...
[2026, 9, 27, 12, 42, 4] ;;; build;    --> Duplicating function folder for backported versions...
[2026, 9, 27, 12, 42, 4] ;;; build;    --> Packing into jar file...
[2026, 9, 27, 12, 42, 5] ;;; build;    --> Cleaning Up...
[2026, 9, 27, 12, 42, 5] ;;; build;    --> Done.
[2026, 9, 27, 12, 42, 5] ;;; build;    > Compiling for neoforge-1.20.4...
[2026, 9, 27, 12, 42, 5] ;;; build;    --> Cleaning temp directory...
[2026, 9, 27, 12, 42, 6] ;;; build;    --> Unpacking base jar file...
[2026, 9, 27, 12, 42, 6] ;;; build;    --> Copying compiled mcfunction assets...
[2026, 9, 27, 12, 42, 6] ;;; build;    --> Injecting logo...
[2026, 9, 27, 12, 42, 6] ;;; build;    --> Injecting config defaults...
[2026, 9, 27, 12, 42, 6] ;;; build;    --> Handling loader specifications...
[2026, 9, 27, 12, 42, 6] ;;; build;      ---> Init Neoforge...
[2026, 9, 27, 12, 42, 6] ;;; build;    --> Removing gstools jar files from non-gstools mod...
[2026, 9, 27, 12, 42, 6] ;;; build;    --> Base Mod Compile Requirment Detected! Compiling...
[2026, 9, 27, 12, 42, 6] ;;; build;      ---> Cleaning prior...
[2026, 9, 27, 12, 42, 6] ;;; build;      ---> Cloning basemod...
[2026, 9, 27, 12, 42, 6] ;;; build;      ---> Batch remaning...
[2026, 9, 27, 12, 42, 6] ;;; build;      ---> Running gradle...
[2026, 9, 27, 12, 42, 10] ;;; build;      ---> Unpacking generated jar file...
[2026, 9, 27, 12, 42, 10] ;;; build;      ---> Injecting generated assets into temp dir...
[2026, 9, 27, 12, 42, 10] ;;; build;    --> Injecting block tags...
[2026, 9, 27, 12, 42, 10] ;;; build;    --> Duplicating function folder for backported versions...
[2026, 9, 27, 12, 42, 10] ;;; build;    --> Packing into jar file...
[2026, 9, 27, 12, 42, 11] ;;; build;    --> Cleaning Up...
[2026, 9, 27, 12, 42, 11] ;;; build;    --> Done.
[2026, 9, 27, 12, 42, 11] ;;; build;    > Compiling for neoforge-1.20.6...
[2026, 9, 27, 12, 42, 11] ;;; build;    --> Cleaning temp directory...
[2026, 9, 27, 12, 42, 12] ;;; build;    --> Unpacking base jar file...
[2026, 9, 27, 12, 42, 12] ;;; build;    --> Copying compiled mcfunction assets...
[2026, 9, 27, 12, 42, 12] ;;; build;    --> Injecting logo...
[2026, 9, 27, 12, 42, 12] ;;; build;    --> Injecting config defaults...
[2026, 9, 27, 12, 42, 12] ;;; build;    --> Handling loader specifications...
[2026, 9, 27, 12, 42, 12] ;;; build;      ---> Init Neoforge...
[2026, 9, 27, 12, 42, 12] ;;; build;    --> Removing gstools jar files from non-gstools mod...
[2026, 9, 27, 12, 42, 12] ;;; build;    --> Injecting block tags...
[2026, 9, 27, 12, 42, 12] ;;; build;    --> Duplicating function folder for backported versions...
[2026, 9, 27, 12, 42, 12] ;;; build;    --> Packing into jar file...
[2026, 9, 27, 12, 42, 13] ;;; build;    --> Cleaning Up...
[2026, 9, 27, 12, 42, 13] ;;; build;    --> Done.
[2026, 9, 27, 12, 42, 13] ;;; build;    > Compiling for neoforge-1.21.1...
[2026, 9, 27, 12, 42, 13] ;;; build;    --> Cleaning temp directory...
[2026, 9, 27, 12, 42, 14] ;;; build;    --> Unpacking base jar file...
[2026, 9, 27, 12, 42, 14] ;;; build;    --> Copying compiled mcfunction assets...
[2026, 9, 27, 12, 42, 14] ;;; build;    --> Injecting logo...
[2026, 9, 27, 12, 42, 14] ;;; build;    --> Injecting config defaults...
[2026, 9, 27, 12, 42, 14] ;;; build;    --> Handling loader specifications...
[2026, 9, 27, 12, 42, 14] ;;; build;      ---> Init Neoforge...
[2026, 9, 27, 12, 42, 14] ;;; build;      ---> Weather2 Compat Requirment Detected.
[2026, 9, 27, 12, 42, 14] ;;; build;    --> Removing gstools jar files from non-gstools mod...
[2026, 9, 27, 12, 42, 14] ;;; build;    --> Injecting block tags...
[2026, 9, 27, 12, 42, 14] ;;; build;    --> Duplicating function folder for backported versions...
[2026, 9, 27, 12, 42, 14] ;;; build;    --> Packing into jar file...
[2026, 9, 27, 12, 42, 15] ;;; build;    --> Cleaning Up...
[2026, 9, 27, 12, 42, 16] ;;; build;    --> Done.
[2026, 9, 27, 12, 42, 16] ;;; build;    > Compiling for neoforge-1.21.2...
[2026, 9, 27, 12, 42, 16] ;;; build;    --> Cleaning temp directory...
[2026, 9, 27, 12, 42, 16] ;;; build;    --> Unpacking base jar file...
[2026, 9, 27, 12, 42, 16] ;;; build;    --> Copying compiled mcfunction assets...
[2026, 9, 27, 12, 42, 16] ;;; build;    --> Injecting logo...
[2026, 9, 27, 12, 42, 16] ;;; build;    --> Injecting config defaults...
[2026, 9, 27, 12, 42, 16] ;;; build;    --> Handling loader specifications...
[2026, 9, 27, 12, 42, 16] ;;; build;      ---> Init Neoforge...
[2026, 9, 27, 12, 42, 16] ;;; build;    --> Removing gstools jar files from non-gstools mod...
[2026, 9, 27, 12, 42, 17] ;;; build;    --> Injecting block tags...
[2026, 9, 27, 12, 42, 17] ;;; build;    --> Duplicating function folder for backported versions...
[2026, 9, 27, 12, 42, 17] ;;; build;    --> Packing into jar file...
[2026, 9, 27, 12, 42, 17] ;;; build;    --> Cleaning Up...
[2026, 9, 27, 12, 42, 18] ;;; build;    --> Done.
[2026, 9, 27, 12, 42, 18] ;;; build;    > Compiling for neoforge-1.21.4...
[2026, 9, 27, 12, 42, 18] ;;; build;    --> Cleaning temp directory...
[2026, 9, 27, 12, 42, 18] ;;; build;    --> Unpacking base jar file...
[2026, 9, 27, 12, 42, 18] ;;; build;    --> Copying compiled mcfunction assets...
[2026, 9, 27, 12, 42, 19] ;;; build;    --> Injecting logo...
[2026, 9, 27, 12, 42, 19] ;;; build;    --> Injecting config defaults...
[2026, 9, 27, 12, 42, 19] ;;; build;    --> Handling loader specifications...
[2026, 9, 27, 12, 42, 19] ;;; build;      ---> Init Neoforge...
[2026, 9, 27, 12, 42, 19] ;;; build;    --> Removing gstools jar files from non-gstools mod...
[2026, 9, 27, 12, 42, 19] ;;; build;    --> Injecting block tags...
[2026, 9, 27, 12, 42, 19] ;;; build;    --> Duplicating function folder for backported versions...
[2026, 9, 27, 12, 42, 19] ;;; build;    --> Packing into jar file...
[2026, 9, 27, 12, 42, 20] ;;; build;    --> Cleaning Up...
[2026, 9, 27, 12, 42, 20] ;;; build;    --> Done.
[2026, 9, 27, 12, 42, 20] ;;; build;    > Compiling for neoforge-1.21.5...
[2026, 9, 27, 12, 42, 20] ;;; build;    --> Cleaning temp directory...
[2026, 9, 27, 12, 42, 21] ;;; build;    --> Unpacking base jar file...
[2026, 9, 27, 12, 42, 21] ;;; build;    --> Copying compiled mcfunction assets...
[2026, 9, 27, 12, 42, 21] ;;; build;    --> Injecting logo...
[2026, 9, 27, 12, 42, 21] ;;; build;    --> Injecting config defaults...
[2026, 9, 27, 12, 42, 21] ;;; build;    --> Handling loader specifications...
[2026, 9, 27, 12, 42, 21] ;;; build;      ---> Init Neoforge...
[2026, 9, 27, 12, 42, 21] ;;; build;    --> Removing gstools jar files from non-gstools mod...
[2026, 9, 27, 12, 42, 21] ;;; build;    --> Injecting block tags...
[2026, 9, 27, 12, 42, 21] ;;; build;    --> Duplicating function folder for backported versions...
[2026, 9, 27, 12, 42, 21] ;;; build;    --> Packing into jar file...
[2026, 9, 27, 12, 42, 22] ;;; build;    --> Cleaning Up...
[2026, 9, 27, 12, 42, 22] ;;; build;    --> Done.
[2026, 9, 27, 12, 42, 22] ;;; build;    > Compiling for neoforge-1.21.8...
[2026, 9, 27, 12, 42, 22] ;;; build;    --> Cleaning temp directory...
[2026, 9, 27, 12, 42, 23] ;;; build;    --> Unpacking base jar file...
[2026, 9, 27, 12, 42, 23] ;;; build;    --> Copying compiled mcfunction assets...
[2026, 9, 27, 12, 42, 23] ;;; build;    --> Injecting logo...
[2026, 9, 27, 12, 42, 23] ;;; build;    --> Injecting config defaults...
[2026, 9, 27, 12, 42, 23] ;;; build;    --> Handling loader specifications...
[2026, 9, 27, 12, 42, 23] ;;; build;      ---> Init Neoforge...
[2026, 9, 27, 12, 42, 23] ;;; build;    --> Removing gstools jar files from non-gstools mod...
[2026, 9, 27, 12, 42, 23] ;;; build;    --> Injecting block tags...
[2026, 9, 27, 12, 42, 23] ;;; build;    --> Duplicating function folder for backported versions...
[2026, 9, 27, 12, 42, 23] ;;; build;    --> Packing into jar file...
[2026, 9, 27, 12, 42, 24] ;;; build;    --> Cleaning Up...
[2026, 9, 27, 12, 42, 25] ;;; build;    --> Done.
[2026, 9, 27, 12, 42, 25] ;;; build;    > Compiling for neoforge-26.1...
[2026, 9, 27, 12, 42, 25] ;;; build;    --> Cleaning temp directory...
[2026, 9, 27, 12, 42, 25] ;;; build;    --> Unpacking base jar file...
[2026, 9, 27, 12, 42, 25] ;;; build;    --> Copying compiled mcfunction assets...
[2026, 9, 27, 12, 42, 25] ;;; build;    --> Injecting logo...
[2026, 9, 27, 12, 42, 25] ;;; build;    --> Injecting config defaults...
[2026, 9, 27, 12, 42, 25] ;;; build;    --> Handling loader specifications...
[2026, 9, 27, 12, 42, 25] ;;; build;      ---> Init Neoforge...
[2026, 9, 27, 12, 42, 25] ;;; build;    --> Removing gstools jar files from non-gstools mod...
[2026, 9, 27, 12, 42, 25] ;;; build;    --> Injecting block tags...
[2026, 9, 27, 12, 42, 25] ;;; build;    --> Duplicating function folder for backported versions...
[2026, 9, 27, 12, 42, 25] ;;; build;    --> Packing into jar file...
[2026, 9, 27, 12, 42, 26] ;;; build;    --> Cleaning Up...
[2026, 9, 27, 12, 42, 27] ;;; build;    --> Done.
[2026, 9, 27, 12, 42, 27] ;;; build;    > Compiling for neoforge-26.2...
[2026, 9, 27, 12, 42, 27] ;;; build;    --> Cleaning temp directory...
[2026, 9, 27, 12, 42, 27] ;;; build;    --> Unpacking base jar file...
[2026, 9, 27, 12, 42, 27] ;;; build;    --> Copying compiled mcfunction assets...
[2026, 9, 27, 12, 42, 27] ;;; build;    --> Injecting logo...
[2026, 9, 27, 12, 42, 28] ;;; build;    --> Injecting config defaults...
[2026, 9, 27, 12, 42, 28] ;;; build;    --> Handling loader specifications...
[2026, 9, 27, 12, 42, 28] ;;; build;      ---> Init Neoforge...
[2026, 9, 27, 12, 42, 28] ;;; build;    --> Removing gstools jar files from non-gstools mod...
[2026, 9, 27, 12, 42, 28] ;;; build;    --> Injecting block tags...
[2026, 9, 27, 12, 42, 28] ;;; build;    --> Duplicating function folder for backported versions...
[2026, 9, 27, 12, 42, 28] ;;; build;    --> Packing into jar file...
[2026, 9, 27, 12, 42, 28] ;;; build;    --> Cleaning Up...
[2026, 9, 27, 12, 42, 28] ;;; build;    --> Done.
[2026, 9, 27, 12, 42, 28] ;;; build;    > Compiling for neoforge-26.3...
[2026, 9, 27, 12, 42, 28] ;;; build;    --> Cleaning temp directory...
[2026, 9, 27, 12, 42, 29] ;;; build;    --> Unpacking base jar file...
[2026, 9, 27, 12, 42, 29] ;;; build;    --> Copying compiled mcfunction assets...
[2026, 9, 27, 12, 42, 29] ;;; build;    --> Injecting logo...
[2026, 9, 27, 12, 42, 29] ;;; build;    --> Injecting config defaults...
[2026, 9, 27, 12, 42, 29] ;;; build;    --> Handling loader specifications...
[2026, 9, 27, 12, 42, 29] ;;; build;      ---> Init Neoforge...
[2026, 9, 27, 12, 42, 29] ;;; build;    --> Removing gstools jar files from non-gstools mod...
[2026, 9, 27, 12, 42, 29] ;;; build;    --> Injecting block tags...
[2026, 9, 27, 12, 42, 29] ;;; build;    --> Duplicating function folder for backported versions...
[2026, 9, 27, 12, 42, 29] ;;; build;    --> Packing into jar file...
[2026, 9, 27, 12, 42, 29] ;;; build;    --> Cleaning Up...
[2026, 9, 27, 12, 42, 30] ;;; build;    --> Done.
[2026, 9, 27, 12, 42, 30] ;;; build;    > Renaming zip files to jar files...
[2026, 9, 27, 12, 42, 30] ;;; build;    > Resetting to cached game versions config...
[2026, 9, 27, 12, 42, 30] ;;; build;    > Build Complete.
[2026, 9, 27, 12, 42, 30] ;;; build; Compiling datapack enhanced_survival into mod...
[2026, 9, 27, 12, 42, 30] ;;; build;    > Detecting split versions...
[2026, 9, 27, 12, 42, 30] ;;; build;    --> Nothing to delete after.
[2026, 9, 27, 12, 42, 30] ;;; build;    > Beginning build block...
[2026, 9, 27, 12, 42, 30] ;;; build;    > Compiling for fabric-1.21.8...
[2026, 9, 27, 12, 42, 30] ;;; build;    --> Cleaning temp directory...
[2026, 9, 27, 12, 42, 32] ;;; build;    --> Unpacking base jar file...
[2026, 9, 27, 12, 42, 32] ;;; build;    --> Copying compiled mcfunction assets...
[2026, 9, 27, 12, 42, 35] ;;; build;    --> Injecting logo...
[2026, 9, 27, 12, 42, 35] ;;; build;    --> Injecting config defaults...
[2026, 9, 27, 12, 42, 35] ;;; build;    --> Handling loader specifications...
[2026, 9, 27, 12, 42, 35] ;;; build;      ---> Init Fabric...
[2026, 9, 27, 12, 42, 35] ;;; build;    --> Injecting assets...
[2026, 9, 27, 12, 42, 35] ;;; build;    --> Compiling Loot Tables...
[2026, 9, 27, 12, 42, 36] ;;; build;      ---> Downloading vanilla jar...
[2026, 9, 27, 12, 42, 37] ;;; build;      ---> Unpacking vanilla jar...
[2026, 9, 27, 12, 42, 57] ;;; build;      ---> Injecting mod with vanilla jar files...
[2026, 9, 27, 12, 42, 58] ;;; build;      ---> Processing Loot Tables...
[2026, 9, 27, 12, 43, 8] ;;; build; Traceback (most recent call last):
  File "C:\Users\joshp\curseforge\minecraft\Instances\Alive Dev\saves\Desire Paths\datapacks_uncompiled\build.py", line 375, in compileDatapackIntoMod
    if int(aJarVersion.split(".")[0]) > 1:
           ^^^^^^^^^^^^^^^^^
AttributeError: 'list' object has no attribute 'split'

[2026, 9, 27, 12, 43, 8] ;;; build;    > Compiling for fabric-1.21.9...
[2026, 9, 27, 12, 43, 8] ;;; build;    --> Cleaning temp directory...
[2026, 9, 27, 12, 43, 14] ;;; build;    --> Unpacking base jar file...
[2026, 9, 27, 12, 43, 15] ;;; build;    --> Copying compiled mcfunction assets...
[2026, 9, 27, 12, 43, 18] ;;; build;    --> Injecting logo...
[2026, 9, 27, 12, 43, 18] ;;; build;    --> Injecting config defaults...
[2026, 9, 27, 12, 43, 18] ;;; build;    --> Handling loader specifications...
[2026, 9, 27, 12, 43, 18] ;;; build;      ---> Init Fabric...
[2026, 9, 27, 12, 43, 18] ;;; build;    --> Injecting assets...
[2026, 9, 27, 12, 43, 18] ;;; build;    --> Compiling Loot Tables...
[2026, 9, 27, 12, 43, 18] ;;; build;      ---> Downloading vanilla jar...
[2026, 9, 27, 12, 43, 19] ;;; build;      ---> Unpacking vanilla jar...
[2026, 9, 27, 12, 43, 38] ;;; build;      ---> Injecting mod with vanilla jar files...
[2026, 9, 27, 12, 43, 39] ;;; build;      ---> Processing Loot Tables...
[2026, 9, 27, 12, 43, 50] ;;; build; Traceback (most recent call last):
  File "C:\Users\joshp\curseforge\minecraft\Instances\Alive Dev\saves\Desire Paths\datapacks_uncompiled\build.py", line 375, in compileDatapackIntoMod
    if int(aJarVersion.split(".")[0]) > 1:
           ^^^^^^^^^^^^^^^^^
AttributeError: 'list' object has no attribute 'split'

[2026, 9, 27, 12, 43, 50] ;;; build;    > Compiling for fabric-26.1...
[2026, 9, 27, 12, 43, 50] ;;; build;    --> Cleaning temp directory...
[2026, 9, 27, 12, 43, 57] ;;; build;    --> Unpacking base jar file...
[2026, 9, 27, 12, 43, 57] ;;; build;    --> Copying compiled mcfunction assets...
[2026, 9, 27, 12, 44, 0] ;;; build;    --> Injecting logo...
[2026, 9, 27, 12, 44, 0] ;;; build;    --> Injecting config defaults...
[2026, 9, 27, 12, 44, 0] ;;; build;    --> Handling loader specifications...
[2026, 9, 27, 12, 44, 0] ;;; build;      ---> Init Fabric...
[2026, 9, 27, 12, 44, 0] ;;; build;    --> Injecting assets...
[2026, 9, 27, 12, 44, 0] ;;; build;    --> Compiling Loot Tables...
[2026, 9, 27, 12, 44, 0] ;;; build;      ---> Downloading vanilla jar...
[2026, 9, 27, 12, 44, 2] ;;; build;      ---> Unpacking vanilla jar...
[2026, 9, 27, 12, 44, 23] ;;; build;      ---> Injecting mod with vanilla jar files...
[2026, 9, 27, 12, 44, 24] ;;; build;      ---> Processing Loot Tables...
[2026, 9, 27, 12, 44, 33] ;;; build; Traceback (most recent call last):
  File "C:\Users\joshp\curseforge\minecraft\Instances\Alive Dev\saves\Desire Paths\datapacks_uncompiled\build.py", line 375, in compileDatapackIntoMod
    if int(aJarVersion.split(".")[0]) > 1:
           ^^^^^^^^^^^^^^^^^
AttributeError: 'list' object has no attribute 'split'

[2026, 9, 27, 12, 44, 33] ;;; build;    > Compiling for fabric-26.2...
[2026, 9, 27, 12, 44, 33] ;;; build;    --> Cleaning temp directory...
[2026, 9, 27, 12, 44, 40] ;;; build;    --> Unpacking base jar file...
[2026, 9, 27, 12, 44, 40] ;;; build;    --> Copying compiled mcfunction assets...
[2026, 9, 27, 12, 44, 43] ;;; build;    --> Injecting logo...
[2026, 9, 27, 12, 44, 43] ;;; build;    --> Injecting config defaults...
[2026, 9, 27, 12, 44, 43] ;;; build;    --> Handling loader specifications...
[2026, 9, 27, 12, 44, 43] ;;; build;      ---> Init Fabric...
[2026, 9, 27, 12, 44, 43] ;;; build;    --> Injecting assets...
[2026, 9, 27, 12, 44, 43] ;;; build;    --> Compiling Loot Tables...
[2026, 9, 27, 12, 44, 43] ;;; build;      ---> Downloading vanilla jar...
[2026, 9, 27, 12, 44, 45] ;;; build;      ---> Unpacking vanilla jar...
[2026, 9, 27, 12, 45, 5] ;;; build;      ---> Injecting mod with vanilla jar files...
[2026, 9, 27, 12, 45, 6] ;;; build;      ---> Processing Loot Tables...
[2026, 9, 27, 12, 45, 18] ;;; build; Traceback (most recent call last):
  File "C:\Users\joshp\curseforge\minecraft\Instances\Alive Dev\saves\Desire Paths\datapacks_uncompiled\build.py", line 375, in compileDatapackIntoMod
    if int(aJarVersion.split(".")[0]) > 1:
           ^^^^^^^^^^^^^^^^^
AttributeError: 'list' object has no attribute 'split'

[2026, 9, 27, 12, 45, 18] ;;; build;    > Compiling for fabric-26.3...
[2026, 9, 27, 12, 45, 18] ;;; build;    --> Cleaning temp directory...
[2026, 9, 27, 12, 45, 25] ;;; build;    --> Unpacking base jar file...
[2026, 9, 27, 12, 45, 25] ;;; build;    --> Copying compiled mcfunction assets...
[2026, 9, 27, 12, 45, 28] ;;; build;    --> Injecting logo...
[2026, 9, 27, 12, 45, 28] ;;; build;    --> Injecting config defaults...
[2026, 9, 27, 12, 45, 28] ;;; build;    --> Handling loader specifications...
[2026, 9, 27, 12, 45, 28] ;;; build;      ---> Init Fabric...
[2026, 9, 27, 12, 45, 28] ;;; build;    --> Injecting assets...
[2026, 9, 27, 12, 45, 28] ;;; build;    --> Compiling Loot Tables...
[2026, 9, 27, 12, 45, 29] ;;; build;    --> Removing gstools jar files from non-gstools mod...
[2026, 9, 27, 12, 45, 29] ;;; build;    --> Injecting block tags...
[2026, 9, 27, 12, 45, 29] ;;; build;    --> Duplicating function folder for backported versions...
[2026, 9, 27, 12, 45, 29] ;;; build;    --> Packing into jar file...
[2026, 9, 27, 12, 45, 39] ;;; build;    --> Cleaning Up...
[2026, 9, 27, 12, 45, 45] ;;; build;    --> Done.
[2026, 9, 27, 12, 45, 45] ;;; build;    > Compiling for forge-1.19.4...
[2026, 9, 27, 12, 45, 45] ;;; build;    --> Cleaning temp directory...
[2026, 9, 27, 12, 45, 46] ;;; build;    --> Unpacking base jar file...
[2026, 9, 27, 12, 45, 46] ;;; build;    --> Copying compiled mcfunction assets...
[2026, 9, 27, 12, 45, 49] ;;; build;    --> Injecting logo...
[2026, 9, 27, 12, 45, 49] ;;; build;    --> Injecting config defaults...
[2026, 9, 27, 12, 45, 49] ;;; build;    --> Handling loader specifications...
[2026, 9, 27, 12, 45, 49] ;;; build;      ---> Init Forge...
[2026, 9, 27, 12, 45, 49] ;;; build;    --> Injecting assets...
[2026, 9, 27, 12, 45, 49] ;;; build;    --> Compiling Loot Tables...
[2026, 9, 27, 12, 45, 49] ;;; build;      ---> Downloading vanilla jar...
[2026, 9, 27, 12, 45, 50] ;;; build;      ---> Unpacking vanilla jar...
[2026, 9, 27, 12, 46, 6] ;;; build;      ---> Injecting mod with vanilla jar files...
[2026, 9, 27, 12, 46, 7] ;;; build;      ---> Processing Loot Tables...
[2026, 9, 27, 12, 46, 23] ;;; build; Traceback (most recent call last):
  File "C:\Users\joshp\curseforge\minecraft\Instances\Alive Dev\saves\Desire Paths\datapacks_uncompiled\build.py", line 375, in compileDatapackIntoMod
    if int(aJarVersion.split(".")[0]) > 1:
           ^^^^^^^^^^^^^^^^^
AttributeError: 'list' object has no attribute 'split'

[2026, 9, 27, 12, 46, 23] ;;; build;    > Compiling for forge-1.20.1...
[2026, 9, 27, 12, 46, 23] ;;; build;    --> Cleaning temp directory...
[2026, 9, 27, 12, 46, 35] ;;; build;    --> Unpacking base jar file...
[2026, 9, 27, 12, 46, 35] ;;; build;    --> Copying compiled mcfunction assets...
[2026, 9, 27, 12, 46, 38] ;;; build;    --> Injecting logo...
[2026, 9, 27, 12, 46, 38] ;;; build;    --> Injecting config defaults...
[2026, 9, 27, 12, 46, 38] ;;; build;    --> Handling loader specifications...
[2026, 9, 27, 12, 46, 38] ;;; build;      ---> Init Forge...
[2026, 9, 27, 12, 46, 38] ;;; build;    --> Injecting assets...
[2026, 9, 27, 12, 46, 38] ;;; build;    --> Compiling Loot Tables...
[2026, 9, 27, 12, 46, 38] ;;; build;      ---> Downloading vanilla jar...
[2026, 9, 27, 12, 46, 40] ;;; build;      ---> Unpacking vanilla jar...
[2026, 9, 27, 12, 46, 54] ;;; build;      ---> Injecting mod with vanilla jar files...
[2026, 9, 27, 12, 46, 56] ;;; build;      ---> Processing Loot Tables...
[2026, 9, 27, 12, 47, 11] ;;; build; Traceback (most recent call last):
  File "C:\Users\joshp\curseforge\minecraft\Instances\Alive Dev\saves\Desire Paths\datapacks_uncompiled\build.py", line 375, in compileDatapackIntoMod
    if int(aJarVersion.split(".")[0]) > 1:
           ^^^^^^^^^^^^^^^^^
AttributeError: 'list' object has no attribute 'split'

[2026, 9, 27, 12, 47, 11] ;;; build;    > Compiling for neoforge-1.20.4...
[2026, 9, 27, 12, 47, 11] ;;; build;    --> Cleaning temp directory...
[2026, 9, 27, 12, 47, 23] ;;; build;    --> Unpacking base jar file...
[2026, 9, 27, 12, 47, 23] ;;; build;    --> Copying compiled mcfunction assets...
[2026, 9, 27, 12, 47, 26] ;;; build;    --> Injecting logo...
[2026, 9, 27, 12, 47, 26] ;;; build;    --> Injecting config defaults...
[2026, 9, 27, 12, 47, 27] ;;; build;    --> Handling loader specifications...
[2026, 9, 27, 12, 47, 27] ;;; build;      ---> Init Neoforge...
[2026, 9, 27, 12, 47, 27] ;;; build;    --> Injecting assets...
[2026, 9, 27, 12, 47, 27] ;;; build;    --> Compiling Loot Tables...
[2026, 9, 27, 12, 47, 27] ;;; build;      ---> Downloading vanilla jar...
[2026, 9, 27, 12, 47, 28] ;;; build;      ---> Unpacking vanilla jar...
[2026, 9, 27, 12, 47, 33] ;;; build;      ---> Injecting mod with vanilla jar files...
[2026, 9, 27, 12, 47, 34] ;;; build;      ---> Processing Loot Tables...
[2026, 9, 27, 12, 47, 46] ;;; build; Traceback (most recent call last):
  File "C:\Users\joshp\curseforge\minecraft\Instances\Alive Dev\saves\Desire Paths\datapacks_uncompiled\build.py", line 375, in compileDatapackIntoMod
    if int(aJarVersion.split(".")[0]) > 1:
           ^^^^^^^^^^^^^^^^^
AttributeError: 'list' object has no attribute 'split'

[2026, 9, 27, 12, 47, 46] ;;; build;    > Compiling for neoforge-1.20.6...
[2026, 9, 27, 12, 47, 46] ;;; build;    --> Cleaning temp directory...
[2026, 9, 27, 12, 47, 58] ;;; build;    --> Unpacking base jar file...
[2026, 9, 27, 12, 47, 58] ;;; build;    --> Copying compiled mcfunction assets...
[2026, 9, 27, 12, 48, 2] ;;; build;    --> Injecting logo...
[2026, 9, 27, 12, 48, 2] ;;; build;    --> Injecting config defaults...
[2026, 9, 27, 12, 48, 2] ;;; build;    --> Handling loader specifications...
[2026, 9, 27, 12, 48, 2] ;;; build;      ---> Init Neoforge...
[2026, 9, 27, 12, 48, 2] ;;; build;    --> Injecting assets...
[2026, 9, 27, 12, 48, 2] ;;; build;    --> Compiling Loot Tables...
[2026, 9, 27, 12, 48, 2] ;;; build;      ---> Downloading vanilla jar...
[2026, 9, 27, 12, 48, 4] ;;; build;      ---> Unpacking vanilla jar...
[2026, 9, 27, 12, 48, 19] ;;; build;      ---> Injecting mod with vanilla jar files...
[2026, 9, 27, 12, 48, 21] ;;; build;      ---> Processing Loot Tables...
[2026, 9, 27, 12, 48, 38] ;;; build; Traceback (most recent call last):
  File "C:\Users\joshp\curseforge\minecraft\Instances\Alive Dev\saves\Desire Paths\datapacks_uncompiled\build.py", line 375, in compileDatapackIntoMod
    if int(aJarVersion.split(".")[0]) > 1:
           ^^^^^^^^^^^^^^^^^
AttributeError: 'list' object has no attribute 'split'

[2026, 9, 27, 12, 48, 38] ;;; build;    > Compiling for neoforge-1.21.1...
[2026, 9, 27, 12, 48, 38] ;;; build;    --> Cleaning temp directory...
[2026, 9, 27, 12, 48, 49] ;;; build;    --> Unpacking base jar file...
[2026, 9, 27, 12, 48, 49] ;;; build;    --> Copying compiled mcfunction assets...
[2026, 9, 27, 12, 48, 53] ;;; build;    --> Injecting logo...
[2026, 9, 27, 12, 48, 53] ;;; build;    --> Injecting config defaults...
[2026, 9, 27, 12, 48, 53] ;;; build;    --> Handling loader specifications...
[2026, 9, 27, 12, 48, 53] ;;; build;      ---> Init Neoforge...
[2026, 9, 27, 12, 48, 53] ;;; build;      ---> Weather2 Compat Requirment Detected.
[2026, 9, 27, 12, 48, 53] ;;; build;    --> Injecting assets...
[2026, 9, 27, 12, 48, 53] ;;; build;    --> Compiling Loot Tables...
[2026, 9, 27, 12, 48, 53] ;;; build;      ---> Downloading vanilla jar...
[2026, 9, 27, 12, 48, 54] ;;; build;      ---> Unpacking vanilla jar...
[2026, 9, 27, 12, 49, 9] ;;; build;      ---> Injecting mod with vanilla jar files...
[2026, 9, 27, 12, 49, 10] ;;; build;      ---> Processing Loot Tables...
[2026, 9, 27, 12, 49, 24] ;;; build; Traceback (most recent call last):
  File "C:\Users\joshp\curseforge\minecraft\Instances\Alive Dev\saves\Desire Paths\datapacks_uncompiled\build.py", line 375, in compileDatapackIntoMod
    if int(aJarVersion.split(".")[0]) > 1:
           ^^^^^^^^^^^^^^^^^
AttributeError: 'list' object has no attribute 'split'

[2026, 9, 27, 12, 49, 24] ;;; build;    > Compiling for neoforge-1.21.2...
[2026, 9, 27, 12, 49, 24] ;;; build;    --> Cleaning temp directory...
[2026, 9, 27, 12, 49, 35] ;;; build;    --> Unpacking base jar file...
[2026, 9, 27, 12, 49, 35] ;;; build;    --> Copying compiled mcfunction assets...
[2026, 9, 27, 12, 49, 39] ;;; build;    --> Injecting logo...
[2026, 9, 27, 12, 49, 39] ;;; build;    --> Injecting config defaults...
[2026, 9, 27, 12, 49, 39] ;;; build;    --> Handling loader specifications...
[2026, 9, 27, 12, 49, 39] ;;; build;      ---> Init Neoforge...
[2026, 9, 27, 12, 49, 39] ;;; build;    --> Injecting assets...
[2026, 9, 27, 12, 49, 39] ;;; build;    --> Compiling Loot Tables...
[2026, 9, 27, 12, 49, 40] ;;; build;      ---> Downloading vanilla jar...
[2026, 9, 27, 12, 49, 41] ;;; build;      ---> Unpacking vanilla jar...
[2026, 9, 27, 12, 50, 0] ;;; build;      ---> Injecting mod with vanilla jar files...
[2026, 9, 27, 12, 50, 2] ;;; build;      ---> Processing Loot Tables...
[2026, 9, 27, 12, 50, 17] ;;; build; Traceback (most recent call last):
  File "C:\Users\joshp\curseforge\minecraft\Instances\Alive Dev\saves\Desire Paths\datapacks_uncompiled\build.py", line 375, in compileDatapackIntoMod
    if int(aJarVersion.split(".")[0]) > 1:
           ^^^^^^^^^^^^^^^^^
AttributeError: 'list' object has no attribute 'split'

[2026, 9, 27, 12, 50, 17] ;;; build;    > Compiling for neoforge-1.21.4...
[2026, 9, 27, 12, 50, 17] ;;; build;    --> Cleaning temp directory...
[2026, 9, 27, 12, 50, 28] ;;; build;    --> Unpacking base jar file...
[2026, 9, 27, 12, 50, 28] ;;; build;    --> Copying compiled mcfunction assets...
[2026, 9, 27, 12, 50, 32] ;;; build;    --> Injecting logo...
[2026, 9, 27, 12, 50, 32] ;;; build;    --> Injecting config defaults...
[2026, 9, 27, 12, 50, 32] ;;; build;    --> Handling loader specifications...
[2026, 9, 27, 12, 50, 32] ;;; build;      ---> Init Neoforge...
[2026, 9, 27, 12, 50, 32] ;;; build;    --> Injecting assets...
[2026, 9, 27, 12, 50, 32] ;;; build;    --> Compiling Loot Tables...
[2026, 9, 27, 12, 50, 33] ;;; build;      ---> Downloading vanilla jar...
[2026, 9, 27, 12, 50, 34] ;;; build;      ---> Unpacking vanilla jar...
[2026, 9, 27, 12, 50, 54] ;;; build;      ---> Injecting mod with vanilla jar files...
[2026, 9, 27, 12, 50, 55] ;;; build;      ---> Processing Loot Tables...
[2026, 9, 27, 12, 51, 8] ;;; build; Traceback (most recent call last):
  File "C:\Users\joshp\curseforge\minecraft\Instances\Alive Dev\saves\Desire Paths\datapacks_uncompiled\build.py", line 375, in compileDatapackIntoMod
    if int(aJarVersion.split(".")[0]) > 1:
           ^^^^^^^^^^^^^^^^^
AttributeError: 'list' object has no attribute 'split'

[2026, 9, 27, 12, 51, 8] ;;; build;    > Compiling for neoforge-1.21.5...
[2026, 9, 27, 12, 51, 8] ;;; build;    --> Cleaning temp directory...
[2026, 9, 27, 12, 51, 20] ;;; build;    --> Unpacking base jar file...
[2026, 9, 27, 12, 51, 20] ;;; build;    --> Copying compiled mcfunction assets...
[2026, 9, 27, 12, 51, 23] ;;; build;    --> Injecting logo...
[2026, 9, 27, 12, 51, 23] ;;; build;    --> Injecting config defaults...
[2026, 9, 27, 12, 51, 23] ;;; build;    --> Handling loader specifications...
[2026, 9, 27, 12, 51, 23] ;;; build;      ---> Init Neoforge...
[2026, 9, 27, 12, 51, 23] ;;; build;    --> Injecting assets...
[2026, 9, 27, 12, 51, 24] ;;; build;    --> Compiling Loot Tables...
[2026, 9, 27, 12, 51, 24] ;;; build;      ---> Downloading vanilla jar...
[2026, 9, 27, 12, 51, 25] ;;; build;      ---> Unpacking vanilla jar...
[2026, 9, 27, 12, 51, 42] ;;; build;      ---> Injecting mod with vanilla jar files...
[2026, 9, 27, 12, 51, 43] ;;; build;      ---> Processing Loot Tables...
[2026, 9, 27, 12, 51, 56] ;;; build; Traceback (most recent call last):
  File "C:\Users\joshp\curseforge\minecraft\Instances\Alive Dev\saves\Desire Paths\datapacks_uncompiled\build.py", line 375, in compileDatapackIntoMod
    if int(aJarVersion.split(".")[0]) > 1:
           ^^^^^^^^^^^^^^^^^
AttributeError: 'list' object has no attribute 'split'

[2026, 9, 27, 12, 51, 56] ;;; build;    > Compiling for neoforge-1.21.8...
[2026, 9, 27, 12, 51, 56] ;;; build;    --> Cleaning temp directory...
[2026, 9, 27, 12, 52, 8] ;;; build;    --> Unpacking base jar file...
[2026, 9, 27, 12, 52, 8] ;;; build;    --> Copying compiled mcfunction assets...
[2026, 9, 27, 12, 52, 11] ;;; build;    --> Injecting logo...
[2026, 9, 27, 12, 52, 11] ;;; build;    --> Injecting config defaults...
[2026, 9, 27, 12, 52, 11] ;;; build;    --> Handling loader specifications...
[2026, 9, 27, 12, 52, 11] ;;; build;      ---> Init Neoforge...
[2026, 9, 27, 12, 52, 11] ;;; build;    --> Injecting assets...
[2026, 9, 27, 12, 52, 11] ;;; build;    --> Compiling Loot Tables...
[2026, 9, 27, 12, 52, 11] ;;; build;      ---> Downloading vanilla jar...
[2026, 9, 27, 12, 52, 14] ;;; build;      ---> Unpacking vanilla jar...
[2026, 9, 27, 12, 52, 31] ;;; build;      ---> Injecting mod with vanilla jar files...
[2026, 9, 27, 12, 52, 32] ;;; build;      ---> Processing Loot Tables...
[2026, 9, 27, 12, 52, 47] ;;; build; Traceback (most recent call last):
  File "C:\Users\joshp\curseforge\minecraft\Instances\Alive Dev\saves\Desire Paths\datapacks_uncompiled\build.py", line 375, in compileDatapackIntoMod
    if int(aJarVersion.split(".")[0]) > 1:
           ^^^^^^^^^^^^^^^^^
AttributeError: 'list' object has no attribute 'split'

[2026, 9, 27, 12, 52, 47] ;;; build;    > Compiling for neoforge-26.1...
[2026, 9, 27, 12, 52, 47] ;;; build;    --> Cleaning temp directory...
[2026, 9, 27, 12, 52, 58] ;;; build;    --> Unpacking base jar file...
[2026, 9, 27, 12, 52, 58] ;;; build;    --> Copying compiled mcfunction assets...
[2026, 9, 27, 12, 53, 1] ;;; build;    --> Injecting logo...
[2026, 9, 27, 12, 53, 1] ;;; build;    --> Injecting config defaults...
[2026, 9, 27, 12, 53, 1] ;;; build;    --> Handling loader specifications...
[2026, 9, 27, 12, 53, 1] ;;; build;      ---> Init Neoforge...
[2026, 9, 27, 12, 53, 1] ;;; build;    --> Injecting assets...
[2026, 9, 27, 12, 53, 1] ;;; build;    --> Compiling Loot Tables...
[2026, 9, 27, 12, 53, 1] ;;; build;      ---> Downloading vanilla jar...
[2026, 9, 27, 12, 53, 3] ;;; build;      ---> Unpacking vanilla jar...
[2026, 9, 27, 12, 53, 22] ;;; build;      ---> Injecting mod with vanilla jar files...
[2026, 9, 27, 12, 53, 23] ;;; build;      ---> Processing Loot Tables...
[2026, 9, 27, 12, 53, 36] ;;; build; Traceback (most recent call last):
  File "C:\Users\joshp\curseforge\minecraft\Instances\Alive Dev\saves\Desire Paths\datapacks_uncompiled\build.py", line 375, in compileDatapackIntoMod
    if int(aJarVersion.split(".")[0]) > 1:
           ^^^^^^^^^^^^^^^^^
AttributeError: 'list' object has no attribute 'split'

[2026, 9, 27, 12, 53, 36] ;;; build;    > Compiling for neoforge-26.2...
[2026, 9, 27, 12, 53, 36] ;;; build;    --> Cleaning temp directory...
[2026, 9, 27, 12, 53, 47] ;;; build;    --> Unpacking base jar file...
[2026, 9, 27, 12, 53, 47] ;;; build;    --> Copying compiled mcfunction assets...
[2026, 9, 27, 12, 53, 50] ;;; build;    --> Injecting logo...
[2026, 9, 27, 12, 53, 50] ;;; build;    --> Injecting config defaults...
[2026, 9, 27, 12, 53, 50] ;;; build;    --> Handling loader specifications...
[2026, 9, 27, 12, 53, 50] ;;; build;      ---> Init Neoforge...
[2026, 9, 27, 12, 53, 50] ;;; build;    --> Injecting assets...
[2026, 9, 27, 12, 53, 50] ;;; build;    --> Compiling Loot Tables...
[2026, 9, 27, 12, 53, 50] ;;; build;      ---> Downloading vanilla jar...
[2026, 9, 27, 12, 53, 52] ;;; build;      ---> Unpacking vanilla jar...
[2026, 9, 27, 12, 54, 13] ;;; build;      ---> Injecting mod with vanilla jar files...
[2026, 9, 27, 12, 54, 14] ;;; build;      ---> Processing Loot Tables...
[2026, 9, 27, 12, 54, 32] ;;; build; Traceback (most recent call last):
  File "C:\Users\joshp\curseforge\minecraft\Instances\Alive Dev\saves\Desire Paths\datapacks_uncompiled\build.py", line 375, in compileDatapackIntoMod
    if int(aJarVersion.split(".")[0]) > 1:
           ^^^^^^^^^^^^^^^^^
AttributeError: 'list' object has no attribute 'split'

[2026, 9, 27, 12, 54, 32] ;;; build;    > Compiling for neoforge-26.3...
[2026, 9, 27, 12, 54, 32] ;;; build;    --> Cleaning temp directory...
[2026, 9, 27, 12, 54, 42] ;;; build;    --> Unpacking base jar file...
[2026, 9, 27, 12, 54, 42] ;;; build;    --> Copying compiled mcfunction assets...
[2026, 9, 27, 12, 54, 46] ;;; build;    --> Injecting logo...
[2026, 9, 27, 12, 54, 46] ;;; build;    --> Injecting config defaults...
[2026, 9, 27, 12, 54, 46] ;;; build;    --> Handling loader specifications...
[2026, 9, 27, 12, 54, 46] ;;; build;      ---> Init Neoforge...
[2026, 9, 27, 12, 54, 46] ;;; build;    --> Injecting assets...
[2026, 9, 27, 12, 54, 46] ;;; build;    --> Compiling Loot Tables...
[2026, 9, 27, 12, 54, 46] ;;; build;    --> Removing gstools jar files from non-gstools mod...
[2026, 9, 27, 12, 54, 46] ;;; build;    --> Injecting block tags...
[2026, 9, 27, 12, 54, 46] ;;; build;    --> Duplicating function folder for backported versions...
[2026, 9, 27, 12, 54, 46] ;;; build;    --> Packing into jar file...
[2026, 9, 27, 12, 54, 55] ;;; build;    --> Cleaning Up...
[2026, 9, 27, 12, 55, 1] ;;; build;    --> Done.
[2026, 9, 27, 12, 55, 1] ;;; build;    > Renaming zip files to jar files...
[2026, 9, 27, 12, 55, 1] ;;; build;    > Resetting to cached game versions config...
[2026, 9, 27, 12, 55, 1] ;;; build;    > Build Complete.
[2026, 9, 27, 12, 55, 1] ;;; build; Compiling datapack ghosts_and_ghouls into mod...
[2026, 9, 27, 12, 55, 1] ;;; build;    > Detecting split versions...
[2026, 9, 27, 12, 55, 1] ;;; build;    --> Nothing to delete after.
[2026, 9, 27, 12, 55, 1] ;;; build;    > Beginning build block...
[2026, 9, 27, 12, 55, 1] ;;; build;    > Compiling for fabric-1.21.8...
[2026, 9, 27, 12, 55, 1] ;;; build;    --> Cleaning temp directory...
[2026, 9, 27, 12, 55, 3] ;;; build;    --> Unpacking base jar file...
[2026, 9, 27, 12, 55, 3] ;;; build;    --> Copying compiled mcfunction assets...
[2026, 9, 27, 12, 55, 4] ;;; build;    --> Injecting logo...
[2026, 9, 27, 12, 55, 4] ;;; build;    --> Injecting config defaults...
[2026, 9, 27, 12, 55, 4] ;;; build;    --> Handling loader specifications...
[2026, 9, 27, 12, 55, 4] ;;; build;      ---> Init Fabric...
[2026, 9, 27, 12, 55, 4] ;;; build;    --> Injecting assets...
[2026, 9, 27, 12, 55, 5] ;;; build;    --> Removing gstools jar files from non-gstools mod...
[2026, 9, 27, 12, 55, 5] ;;; build;    --> Injecting block tags...
[2026, 9, 27, 12, 55, 5] ;;; build;    --> Duplicating function folder for backported versions...
[2026, 9, 27, 12, 55, 5] ;;; build;    --> Packing into jar file...
[2026, 9, 27, 12, 55, 10] ;;; build;    --> Cleaning Up...
[2026, 9, 27, 12, 55, 12] ;;; build;    --> Done.
[2026, 9, 27, 12, 55, 12] ;;; build;    > Compiling for fabric-1.21.9...
[2026, 9, 27, 12, 55, 12] ;;; build;    --> Cleaning temp directory...
[2026, 9, 27, 12, 55, 12] ;;; build;    --> Unpacking base jar file...
[2026, 9, 27, 12, 55, 13] ;;; build;    --> Copying compiled mcfunction assets...
[2026, 9, 27, 12, 55, 13] ;;; build;    --> Injecting logo...
[2026, 9, 27, 12, 55, 13] ;;; build;    --> Injecting config defaults...
[2026, 9, 27, 12, 55, 13] ;;; build;    --> Handling loader specifications...
[2026, 9, 27, 12, 55, 13] ;;; build;      ---> Init Fabric...
[2026, 9, 27, 12, 55, 13] ;;; build;    --> Injecting assets...
[2026, 9, 27, 12, 55, 14] ;;; build;    --> Removing gstools jar files from non-gstools mod...
[2026, 9, 27, 12, 55, 14] ;;; build;    --> Injecting block tags...
[2026, 9, 27, 12, 55, 14] ;;; build;    --> Duplicating function folder for backported versions...
[2026, 9, 27, 12, 55, 14] ;;; build;    --> Packing into jar file...
[2026, 9, 27, 12, 55, 19] ;;; build;    --> Cleaning Up...
[2026, 9, 27, 12, 55, 20] ;;; build;    --> Done.
[2026, 9, 27, 12, 55, 20] ;;; build;    > Compiling for fabric-26.1...
[2026, 9, 27, 12, 55, 20] ;;; build;    --> Cleaning temp directory...
[2026, 9, 27, 12, 55, 21] ;;; build;    --> Unpacking base jar file...
[2026, 9, 27, 12, 55, 21] ;;; build;    --> Copying compiled mcfunction assets...
[2026, 9, 27, 12, 55, 22] ;;; build;    --> Injecting logo...
[2026, 9, 27, 12, 55, 22] ;;; build;    --> Injecting config defaults...
[2026, 9, 27, 12, 55, 22] ;;; build;    --> Handling loader specifications...
[2026, 9, 27, 12, 55, 22] ;;; build;      ---> Init Fabric...
[2026, 9, 27, 12, 55, 22] ;;; build;    --> Injecting assets...
[2026, 9, 27, 12, 55, 22] ;;; build;    --> Removing gstools jar files from non-gstools mod...
[2026, 9, 27, 12, 55, 22] ;;; build;    --> Injecting block tags...
[2026, 9, 27, 12, 55, 22] ;;; build;    --> Duplicating function folder for backported versions...
[2026, 9, 27, 12, 55, 22] ;;; build;    --> Packing into jar file...
[2026, 9, 27, 12, 55, 27] ;;; build;    --> Cleaning Up...
[2026, 9, 27, 12, 55, 29] ;;; build;    --> Done.
[2026, 9, 27, 12, 55, 29] ;;; build;    > Compiling for fabric-26.2...
[2026, 9, 27, 12, 55, 29] ;;; build;    --> Cleaning temp directory...
[2026, 9, 27, 12, 55, 29] ;;; build;    --> Unpacking base jar file...
[2026, 9, 27, 12, 55, 29] ;;; build;    --> Copying compiled mcfunction assets...
[2026, 9, 27, 12, 55, 30] ;;; build;    --> Injecting logo...
[2026, 9, 27, 12, 55, 30] ;;; build;    --> Injecting config defaults...
[2026, 9, 27, 12, 55, 30] ;;; build;    --> Handling loader specifications...
[2026, 9, 27, 12, 55, 30] ;;; build;      ---> Init Fabric...
[2026, 9, 27, 12, 55, 30] ;;; build;    --> Injecting assets...
[2026, 9, 27, 12, 55, 30] ;;; build;    --> Removing gstools jar files from non-gstools mod...
[2026, 9, 27, 12, 55, 30] ;;; build;    --> Injecting block tags...
[2026, 9, 27, 12, 55, 30] ;;; build;    --> Duplicating function folder for backported versions...
[2026, 9, 27, 12, 55, 30] ;;; build;    --> Packing into jar file...
[2026, 9, 27, 12, 55, 35] ;;; build;    --> Cleaning Up...
[2026, 9, 27, 12, 55, 37] ;;; build;    --> Done.
[2026, 9, 27, 12, 55, 37] ;;; build;    > Compiling for fabric-26.3...
[2026, 9, 27, 12, 55, 37] ;;; build;    --> Cleaning temp directory...
[2026, 9, 27, 12, 55, 38] ;;; build;    --> Unpacking base jar file...
[2026, 9, 27, 12, 55, 38] ;;; build;    --> Copying compiled mcfunction assets...
[2026, 9, 27, 12, 55, 38] ;;; build;    --> Injecting logo...
[2026, 9, 27, 12, 55, 38] ;;; build;    --> Injecting config defaults...
[2026, 9, 27, 12, 55, 38] ;;; build;    --> Handling loader specifications...
[2026, 9, 27, 12, 55, 38] ;;; build;      ---> Init Fabric...
[2026, 9, 27, 12, 55, 38] ;;; build;    --> Injecting assets...
[2026, 9, 27, 12, 55, 39] ;;; build;    --> Removing gstools jar files from non-gstools mod...
[2026, 9, 27, 12, 55, 39] ;;; build;    --> Injecting block tags...
[2026, 9, 27, 12, 55, 39] ;;; build;    --> Duplicating function folder for backported versions...
[2026, 9, 27, 12, 55, 39] ;;; build;    --> Packing into jar file...
[2026, 9, 27, 12, 55, 44] ;;; build;    --> Cleaning Up...
[2026, 9, 27, 12, 55, 46] ;;; build;    --> Done.
[2026, 9, 27, 12, 55, 46] ;;; build;    > Compiling for forge-1.19.4...
[2026, 9, 27, 12, 55, 46] ;;; build;    --> Cleaning temp directory...
[2026, 9, 27, 12, 55, 46] ;;; build;    --> Unpacking base jar file...
[2026, 9, 27, 12, 55, 47] ;;; build;    --> Copying compiled mcfunction assets...
[2026, 9, 27, 12, 55, 47] ;;; build;    --> Injecting logo...
[2026, 9, 27, 12, 55, 47] ;;; build;    --> Injecting config defaults...
[2026, 9, 27, 12, 55, 47] ;;; build;    --> Handling loader specifications...
[2026, 9, 27, 12, 55, 47] ;;; build;      ---> Init Forge...
[2026, 9, 27, 12, 55, 47] ;;; build;    --> Injecting assets...
[2026, 9, 27, 12, 55, 48] ;;; build;    --> Removing gstools jar files from non-gstools mod...
[2026, 9, 27, 12, 55, 48] ;;; build;    --> Base Mod Compile Requirment Detected! Compiling...
[2026, 9, 27, 12, 55, 48] ;;; build;      ---> Cleaning prior...
[2026, 9, 27, 12, 55, 48] ;;; build;      ---> Cloning basemod...
[2026, 9, 27, 12, 55, 48] ;;; build;      ---> Batch remaning...
[2026, 9, 27, 12, 55, 48] ;;; build;      ---> Running gradle...
[2026, 9, 27, 12, 55, 53] ;;; build;      ---> Unpacking generated jar file...
[2026, 9, 27, 12, 55, 53] ;;; build;      ---> Injecting generated assets into temp dir...
[2026, 9, 27, 12, 55, 53] ;;; build;    --> Injecting block tags...
[2026, 9, 27, 12, 55, 53] ;;; build;    --> Duplicating function folder for backported versions...
[2026, 9, 27, 12, 55, 53] ;;; build;    --> Packing into jar file...
[2026, 9, 27, 12, 55, 59] ;;; build;    --> Cleaning Up...
[2026, 9, 27, 12, 56, 0] ;;; build;    --> Done.
[2026, 9, 27, 12, 56, 0] ;;; build;    > Compiling for forge-1.20.1...
[2026, 9, 27, 12, 56, 0] ;;; build;    --> Cleaning temp directory...
[2026, 9, 27, 12, 56, 1] ;;; build;    --> Unpacking base jar file...
[2026, 9, 27, 12, 56, 1] ;;; build;    --> Copying compiled mcfunction assets...
[2026, 9, 27, 12, 56, 2] ;;; build;    --> Injecting logo...
[2026, 9, 27, 12, 56, 2] ;;; build;    --> Injecting config defaults...
[2026, 9, 27, 12, 56, 2] ;;; build;    --> Handling loader specifications...
[2026, 9, 27, 12, 56, 2] ;;; build;      ---> Init Forge...
[2026, 9, 27, 12, 56, 2] ;;; build;    --> Injecting assets...
[2026, 9, 27, 12, 56, 2] ;;; build;    --> Removing gstools jar files from non-gstools mod...
[2026, 9, 27, 12, 56, 2] ;;; build;    --> Base Mod Compile Requirment Detected! Compiling...
[2026, 9, 27, 12, 56, 2] ;;; build;      ---> Cleaning prior...
[2026, 9, 27, 12, 56, 2] ;;; build;      ---> Cloning basemod...
[2026, 9, 27, 12, 56, 2] ;;; build;      ---> Batch remaning...
[2026, 9, 27, 12, 56, 2] ;;; build;      ---> Running gradle...
[2026, 9, 27, 12, 56, 5] ;;; build;      ---> Unpacking generated jar file...
[2026, 9, 27, 12, 56, 5] ;;; build;      ---> Injecting generated assets into temp dir...
[2026, 9, 27, 12, 56, 5] ;;; build;    --> Injecting block tags...
[2026, 9, 27, 12, 56, 5] ;;; build;    --> Duplicating function folder for backported versions...
[2026, 9, 27, 12, 56, 5] ;;; build;    --> Packing into jar file...
[2026, 9, 27, 12, 56, 11] ;;; build;    --> Cleaning Up...
[2026, 9, 27, 12, 56, 12] ;;; build;    --> Done.
[2026, 9, 27, 12, 56, 12] ;;; build;    > Compiling for neoforge-1.20.4...
[2026, 9, 27, 12, 56, 12] ;;; build;    --> Cleaning temp directory...
[2026, 9, 27, 12, 56, 13] ;;; build;    --> Unpacking base jar file...
[2026, 9, 27, 12, 56, 13] ;;; build;    --> Copying compiled mcfunction assets...
[2026, 9, 27, 12, 56, 13] ;;; build;    --> Injecting logo...
[2026, 9, 27, 12, 56, 13] ;;; build;    --> Injecting config defaults...
[2026, 9, 27, 12, 56, 13] ;;; build;    --> Handling loader specifications...
[2026, 9, 27, 12, 56, 13] ;;; build;      ---> Init Neoforge...
[2026, 9, 27, 12, 56, 13] ;;; build;    --> Injecting assets...
[2026, 9, 27, 12, 56, 14] ;;; build;    --> Removing gstools jar files from non-gstools mod...
[2026, 9, 27, 12, 56, 14] ;;; build;    --> Base Mod Compile Requirment Detected! Compiling...
[2026, 9, 27, 12, 56, 14] ;;; build;      ---> Cleaning prior...
[2026, 9, 27, 12, 56, 14] ;;; build;      ---> Cloning basemod...
[2026, 9, 27, 12, 56, 14] ;;; build;      ---> Batch remaning...
[2026, 9, 27, 12, 56, 14] ;;; build;      ---> Running gradle...
[2026, 9, 27, 12, 56, 18] ;;; build;      ---> Unpacking generated jar file...
[2026, 9, 27, 12, 56, 18] ;;; build;      ---> Injecting generated assets into temp dir...
[2026, 9, 27, 12, 56, 18] ;;; build;    --> Injecting block tags...
[2026, 9, 27, 12, 56, 18] ;;; build;    --> Duplicating function folder for backported versions...
[2026, 9, 27, 12, 56, 18] ;;; build;    --> Packing into jar file...
[2026, 9, 27, 12, 56, 23] ;;; build;    --> Cleaning Up...
[2026, 9, 27, 12, 56, 25] ;;; build;    --> Done.
[2026, 9, 27, 12, 56, 25] ;;; build;    > Compiling for neoforge-1.20.6...
[2026, 9, 27, 12, 56, 25] ;;; build;    --> Cleaning temp directory...
[2026, 9, 27, 12, 56, 25] ;;; build;    --> Unpacking base jar file...
[2026, 9, 27, 12, 56, 25] ;;; build;    --> Copying compiled mcfunction assets...
[2026, 9, 27, 12, 56, 26] ;;; build;    --> Injecting logo...
[2026, 9, 27, 12, 56, 26] ;;; build;    --> Injecting config defaults...
[2026, 9, 27, 12, 56, 26] ;;; build;    --> Handling loader specifications...
[2026, 9, 27, 12, 56, 26] ;;; build;      ---> Init Neoforge...
[2026, 9, 27, 12, 56, 26] ;;; build;    --> Injecting assets...
[2026, 9, 27, 12, 56, 26] ;;; build;    --> Removing gstools jar files from non-gstools mod...
[2026, 9, 27, 12, 56, 26] ;;; build;    --> Injecting block tags...
[2026, 9, 27, 12, 56, 27] ;;; build;    --> Duplicating function folder for backported versions...
[2026, 9, 27, 12, 56, 27] ;;; build;    --> Packing into jar file...
[2026, 9, 27, 12, 56, 32] ;;; build;    --> Cleaning Up...
[2026, 9, 27, 12, 56, 33] ;;; build;    --> Done.
[2026, 9, 27, 12, 56, 33] ;;; build;    > Compiling for neoforge-1.21.1...
[2026, 9, 27, 12, 56, 33] ;;; build;    --> Cleaning temp directory...
[2026, 9, 27, 12, 56, 34] ;;; build;    --> Unpacking base jar file...
[2026, 9, 27, 12, 56, 34] ;;; build;    --> Copying compiled mcfunction assets...
[2026, 9, 27, 12, 56, 34] ;;; build;    --> Injecting logo...
[2026, 9, 27, 12, 56, 34] ;;; build;    --> Injecting config defaults...
[2026, 9, 27, 12, 56, 34] ;;; build;    --> Handling loader specifications...
[2026, 9, 27, 12, 56, 34] ;;; build;      ---> Init Neoforge...
[2026, 9, 27, 12, 56, 34] ;;; build;      ---> Weather2 Compat Requirment Detected.
[2026, 9, 27, 12, 56, 34] ;;; build;    --> Injecting assets...
[2026, 9, 27, 12, 56, 35] ;;; build;    --> Removing gstools jar files from non-gstools mod...
[2026, 9, 27, 12, 56, 35] ;;; build;    --> Injecting block tags...
[2026, 9, 27, 12, 56, 35] ;;; build;    --> Duplicating function folder for backported versions...
[2026, 9, 27, 12, 56, 35] ;;; build;    --> Packing into jar file...
[2026, 9, 27, 12, 56, 40] ;;; build;    --> Cleaning Up...
[2026, 9, 27, 12, 56, 41] ;;; build;    --> Done.
[2026, 9, 27, 12, 56, 41] ;;; build;    > Compiling for neoforge-1.21.2...
[2026, 9, 27, 12, 56, 41] ;;; build;    --> Cleaning temp directory...
[2026, 9, 27, 12, 56, 42] ;;; build;    --> Unpacking base jar file...
[2026, 9, 27, 12, 56, 42] ;;; build;    --> Copying compiled mcfunction assets...
[2026, 9, 27, 12, 56, 42] ;;; build;    --> Injecting logo...
[2026, 9, 27, 12, 56, 42] ;;; build;    --> Injecting config defaults...
[2026, 9, 27, 12, 56, 42] ;;; build;    --> Handling loader specifications...
[2026, 9, 27, 12, 56, 42] ;;; build;      ---> Init Neoforge...
[2026, 9, 27, 12, 56, 42] ;;; build;    --> Injecting assets...
[2026, 9, 27, 12, 56, 43] ;;; build;    --> Removing gstools jar files from non-gstools mod...
[2026, 9, 27, 12, 56, 43] ;;; build;    --> Injecting block tags...
[2026, 9, 27, 12, 56, 43] ;;; build;    --> Duplicating function folder for backported versions...
[2026, 9, 27, 12, 56, 43] ;;; build;    --> Packing into jar file...
[2026, 9, 27, 12, 56, 48] ;;; build;    --> Cleaning Up...
[2026, 9, 27, 12, 56, 50] ;;; build;    --> Done.
[2026, 9, 27, 12, 56, 50] ;;; build;    > Compiling for neoforge-1.21.4...
[2026, 9, 27, 12, 56, 50] ;;; build;    --> Cleaning temp directory...
[2026, 9, 27, 12, 56, 50] ;;; build;    --> Unpacking base jar file...
[2026, 9, 27, 12, 56, 50] ;;; build;    --> Copying compiled mcfunction assets...
[2026, 9, 27, 12, 56, 51] ;;; build;    --> Injecting logo...
[2026, 9, 27, 12, 56, 51] ;;; build;    --> Injecting config defaults...
[2026, 9, 27, 12, 56, 51] ;;; build;    --> Handling loader specifications...
[2026, 9, 27, 12, 56, 51] ;;; build;      ---> Init Neoforge...
[2026, 9, 27, 12, 56, 51] ;;; build;    --> Injecting assets...
[2026, 9, 27, 12, 56, 51] ;;; build;    --> Removing gstools jar files from non-gstools mod...
[2026, 9, 27, 12, 56, 51] ;;; build;    --> Injecting block tags...
[2026, 9, 27, 12, 56, 51] ;;; build;    --> Duplicating function folder for backported versions...
[2026, 9, 27, 12, 56, 52] ;;; build;    --> Packing into jar file...
[2026, 9, 27, 12, 56, 57] ;;; build;    --> Cleaning Up...
[2026, 9, 27, 12, 56, 58] ;;; build;    --> Done.
[2026, 9, 27, 12, 56, 58] ;;; build;    > Compiling for neoforge-1.21.5...
[2026, 9, 27, 12, 56, 58] ;;; build;    --> Cleaning temp directory...
[2026, 9, 27, 12, 56, 59] ;;; build;    --> Unpacking base jar file...
[2026, 9, 27, 12, 56, 59] ;;; build;    --> Copying compiled mcfunction assets...
[2026, 9, 27, 12, 57, 0] ;;; build;    --> Injecting logo...
[2026, 9, 27, 12, 57, 0] ;;; build;    --> Injecting config defaults...
[2026, 9, 27, 12, 57, 0] ;;; build;    --> Handling loader specifications...
[2026, 9, 27, 12, 57, 0] ;;; build;      ---> Init Neoforge...
[2026, 9, 27, 12, 57, 0] ;;; build;    --> Injecting assets...
[2026, 9, 27, 12, 57, 0] ;;; build;    --> Removing gstools jar files from non-gstools mod...
[2026, 9, 27, 12, 57, 0] ;;; build;    --> Injecting block tags...
[2026, 9, 27, 12, 57, 0] ;;; build;    --> Duplicating function folder for backported versions...
[2026, 9, 27, 12, 57, 0] ;;; build;    --> Packing into jar file...
[2026, 9, 27, 12, 57, 5] ;;; build;    --> Cleaning Up...
[2026, 9, 27, 12, 57, 6] ;;; build;    --> Done.
[2026, 9, 27, 12, 57, 6] ;;; build;    > Compiling for neoforge-1.21.8...
[2026, 9, 27, 12, 57, 6] ;;; build;    --> Cleaning temp directory...
[2026, 9, 27, 12, 57, 7] ;;; build;    --> Unpacking base jar file...
[2026, 9, 27, 12, 57, 7] ;;; build;    --> Copying compiled mcfunction assets...
[2026, 9, 27, 12, 57, 8] ;;; build;    --> Injecting logo...
[2026, 9, 27, 12, 57, 8] ;;; build;    --> Injecting config defaults...
[2026, 9, 27, 12, 57, 8] ;;; build;    --> Handling loader specifications...
[2026, 9, 27, 12, 57, 8] ;;; build;      ---> Init Neoforge...
[2026, 9, 27, 12, 57, 8] ;;; build;    --> Injecting assets...
[2026, 9, 27, 12, 57, 8] ;;; build;    --> Removing gstools jar files from non-gstools mod...
[2026, 9, 27, 12, 57, 8] ;;; build;    --> Injecting block tags...
[2026, 9, 27, 12, 57, 8] ;;; build;    --> Duplicating function folder for backported versions...
[2026, 9, 27, 12, 57, 8] ;;; build;    --> Packing into jar file...
[2026, 9, 27, 12, 57, 13] ;;; build;    --> Cleaning Up...
[2026, 9, 27, 12, 57, 15] ;;; build;    --> Done.
[2026, 9, 27, 12, 57, 15] ;;; build;    > Compiling for neoforge-26.1...
[2026, 9, 27, 12, 57, 15] ;;; build;    --> Cleaning temp directory...
[2026, 9, 27, 12, 57, 15] ;;; build;    --> Unpacking base jar file...
[2026, 9, 27, 12, 57, 15] ;;; build;    --> Copying compiled mcfunction assets...
[2026, 9, 27, 12, 57, 16] ;;; build;    --> Injecting logo...
[2026, 9, 27, 12, 57, 16] ;;; build;    --> Injecting config defaults...
[2026, 9, 27, 12, 57, 16] ;;; build;    --> Handling loader specifications...
[2026, 9, 27, 12, 57, 16] ;;; build;      ---> Init Neoforge...
[2026, 9, 27, 12, 57, 16] ;;; build;    --> Injecting assets...
[2026, 9, 27, 12, 57, 16] ;;; build;    --> Removing gstools jar files from non-gstools mod...
[2026, 9, 27, 12, 57, 16] ;;; build;    --> Injecting block tags...
[2026, 9, 27, 12, 57, 16] ;;; build;    --> Duplicating function folder for backported versions...
[2026, 9, 27, 12, 57, 17] ;;; build;    --> Packing into jar file...
[2026, 9, 27, 12, 57, 22] ;;; build;    --> Cleaning Up...
[2026, 9, 27, 12, 57, 24] ;;; build;    --> Done.
[2026, 9, 27, 12, 57, 24] ;;; build;    > Compiling for neoforge-26.2...
[2026, 9, 27, 12, 57, 24] ;;; build;    --> Cleaning temp directory...
[2026, 9, 27, 12, 57, 24] ;;; build;    --> Unpacking base jar file...
[2026, 9, 27, 12, 57, 24] ;;; build;    --> Copying compiled mcfunction assets...
[2026, 9, 27, 12, 57, 25] ;;; build;    --> Injecting logo...
[2026, 9, 27, 12, 57, 25] ;;; build;    --> Injecting config defaults...
[2026, 9, 27, 12, 57, 25] ;;; build;    --> Handling loader specifications...
[2026, 9, 27, 12, 57, 25] ;;; build;      ---> Init Neoforge...
[2026, 9, 27, 12, 57, 25] ;;; build;    --> Injecting assets...
[2026, 9, 27, 12, 57, 25] ;;; build;    --> Removing gstools jar files from non-gstools mod...
[2026, 9, 27, 12, 57, 25] ;;; build;    --> Injecting block tags...
[2026, 9, 27, 12, 57, 25] ;;; build;    --> Duplicating function folder for backported versions...
[2026, 9, 27, 12, 57, 25] ;;; build;    --> Packing into jar file...
[2026, 9, 27, 12, 57, 31] ;;; build;    --> Cleaning Up...
[2026, 9, 27, 12, 57, 32] ;;; build;    --> Done.
[2026, 9, 27, 12, 57, 32] ;;; build;    > Compiling for neoforge-26.3...
[2026, 9, 27, 12, 57, 32] ;;; build;    --> Cleaning temp directory...
[2026, 9, 27, 12, 57, 33] ;;; build;    --> Unpacking base jar file...
[2026, 9, 27, 12, 57, 33] ;;; build;    --> Copying compiled mcfunction assets...
[2026, 9, 27, 12, 57, 34] ;;; build;    --> Injecting logo...
[2026, 9, 27, 12, 57, 34] ;;; build;    --> Injecting config defaults...
[2026, 9, 27, 12, 57, 34] ;;; build;    --> Handling loader specifications...
[2026, 9, 27, 12, 57, 34] ;;; build;      ---> Init Neoforge...
[2026, 9, 27, 12, 57, 34] ;;; build;    --> Injecting assets...
[2026, 9, 27, 12, 57, 34] ;;; build;    --> Removing gstools jar files from non-gstools mod...
[2026, 9, 27, 12, 57, 34] ;;; build;    --> Injecting block tags...
[2026, 9, 27, 12, 57, 34] ;;; build;    --> Duplicating function folder for backported versions...
[2026, 9, 27, 12, 57, 34] ;;; build;    --> Packing into jar file...
[2026, 9, 27, 12, 57, 39] ;;; build;    --> Cleaning Up...
[2026, 9, 27, 12, 57, 41] ;;; build;    --> Done.
[2026, 9, 27, 12, 57, 41] ;;; build;    > Renaming zip files to jar files...
[2026, 9, 27, 12, 57, 41] ;;; build;    > Resetting to cached game versions config...
[2026, 9, 27, 12, 57, 41] ;;; build;    > Build Complete.
[2026, 9, 27, 12, 57, 41] ;;; build; Compiling datapack gothic_horror into mod...
[2026, 9, 27, 12, 57, 41] ;;; build;    > Detecting split versions...
[2026, 9, 27, 12, 57, 41] ;;; build;    --> Nothing to delete after.
[2026, 9, 27, 12, 57, 41] ;;; build;    > Beginning build block...
[2026, 9, 27, 12, 57, 41] ;;; build;    > Compiling for fabric-1.21.8...
[2026, 9, 27, 12, 57, 41] ;;; build;    --> Cleaning temp directory...
[2026, 9, 27, 12, 57, 45] ;;; build;    --> Unpacking base jar file...
[2026, 9, 27, 12, 57, 45] ;;; build;    --> Copying compiled mcfunction assets...
[2026, 9, 27, 12, 57, 49] ;;; build;    --> Injecting logo...
[2026, 9, 27, 12, 57, 49] ;;; build;    --> Injecting config defaults...
[2026, 9, 27, 12, 57, 49] ;;; build;    --> Handling loader specifications...
[2026, 9, 27, 12, 57, 49] ;;; build;      ---> Init Fabric...
[2026, 9, 27, 12, 57, 49] ;;; build;    --> Injecting assets...
[2026, 9, 27, 12, 57, 50] ;;; build;    --> Removing gstools jar files from non-gstools mod...
[2026, 9, 27, 12, 57, 50] ;;; build;    --> Injecting block tags...
[2026, 9, 27, 12, 57, 50] ;;; build;    --> Duplicating function folder for backported versions...
[2026, 9, 27, 12, 57, 50] ;;; build;    --> Packing into jar file...
[2026, 9, 27, 12, 57, 57] ;;; build;    --> Cleaning Up...
[2026, 9, 27, 12, 58, 2] ;;; build;    --> Done.
[2026, 9, 27, 12, 58, 2] ;;; build;    > Compiling for fabric-1.21.9...
[2026, 9, 27, 12, 58, 2] ;;; build;    --> Cleaning temp directory...
[2026, 9, 27, 12, 58, 3] ;;; build;    --> Unpacking base jar file...
[2026, 9, 27, 12, 58, 3] ;;; build;    --> Copying compiled mcfunction assets...
[2026, 9, 27, 12, 58, 6] ;;; build;    --> Injecting logo...
[2026, 9, 27, 12, 58, 6] ;;; build;    --> Injecting config defaults...
[2026, 9, 27, 12, 58, 6] ;;; build;    --> Handling loader specifications...
[2026, 9, 27, 12, 58, 6] ;;; build;      ---> Init Fabric...
[2026, 9, 27, 12, 58, 7] ;;; build;    --> Injecting assets...
[2026, 9, 27, 12, 58, 7] ;;; build;    --> Removing gstools jar files from non-gstools mod...
[2026, 9, 27, 12, 58, 7] ;;; build;    --> Injecting block tags...
[2026, 9, 27, 12, 58, 7] ;;; build;    --> Duplicating function folder for backported versions...
[2026, 9, 27, 12, 58, 7] ;;; build;    --> Packing into jar file...
[2026, 9, 27, 12, 58, 13] ;;; build;    --> Cleaning Up...
[2026, 9, 27, 12, 58, 19] ;;; build;    --> Done.
[2026, 9, 27, 12, 58, 19] ;;; build;    > Compiling for fabric-26.1...
[2026, 9, 27, 12, 58, 19] ;;; build;    --> Cleaning temp directory...
[2026, 9, 27, 12, 58, 20] ;;; build;    --> Unpacking base jar file...
[2026, 9, 27, 12, 58, 20] ;;; build;    --> Copying compiled mcfunction assets...
[2026, 9, 27, 12, 58, 23] ;;; build;    --> Injecting logo...
[2026, 9, 27, 12, 58, 23] ;;; build;    --> Injecting config defaults...
[2026, 9, 27, 12, 58, 23] ;;; build;    --> Handling loader specifications...
[2026, 9, 27, 12, 58, 23] ;;; build;      ---> Init Fabric...
[2026, 9, 27, 12, 58, 23] ;;; build;    --> Injecting assets...
[2026, 9, 27, 12, 58, 23] ;;; build;    --> Removing gstools jar files from non-gstools mod...
[2026, 9, 27, 12, 58, 23] ;;; build;    --> Injecting block tags...
[2026, 9, 27, 12, 58, 23] ;;; build;    --> Duplicating function folder for backported versions...
[2026, 9, 27, 12, 58, 23] ;;; build;    --> Packing into jar file...
[2026, 9, 27, 12, 58, 30] ;;; build;    --> Cleaning Up...
[2026, 9, 27, 12, 58, 35] ;;; build;    --> Done.
[2026, 9, 27, 12, 58, 35] ;;; build;    > Compiling for fabric-26.2...
[2026, 9, 27, 12, 58, 35] ;;; build;    --> Cleaning temp directory...
[2026, 9, 27, 12, 58, 36] ;;; build;    --> Unpacking base jar file...
[2026, 9, 27, 12, 58, 36] ;;; build;    --> Copying compiled mcfunction assets...
[2026, 9, 27, 12, 58, 39] ;;; build;    --> Injecting logo...
[2026, 9, 27, 12, 58, 39] ;;; build;    --> Injecting config defaults...
[2026, 9, 27, 12, 58, 39] ;;; build;    --> Handling loader specifications...
[2026, 9, 27, 12, 58, 39] ;;; build;      ---> Init Fabric...
[2026, 9, 27, 12, 58, 39] ;;; build;    --> Injecting assets...
[2026, 9, 27, 12, 58, 39] ;;; build;    --> Removing gstools jar files from non-gstools mod...
[2026, 9, 27, 12, 58, 39] ;;; build;    --> Injecting block tags...
[2026, 9, 27, 12, 58, 39] ;;; build;    --> Duplicating function folder for backported versions...
[2026, 9, 27, 12, 58, 39] ;;; build;    --> Packing into jar file...
[2026, 9, 27, 12, 58, 47] ;;; build;    --> Cleaning Up...
[2026, 9, 27, 12, 58, 52] ;;; build;    --> Done.
[2026, 9, 27, 12, 58, 52] ;;; build;    > Compiling for fabric-26.3...
[2026, 9, 27, 12, 58, 52] ;;; build;    --> Cleaning temp directory...
[2026, 9, 27, 12, 58, 53] ;;; build;    --> Unpacking base jar file...
[2026, 9, 27, 12, 58, 53] ;;; build;    --> Copying compiled mcfunction assets...
[2026, 9, 27, 12, 58, 56] ;;; build;    --> Injecting logo...
[2026, 9, 27, 12, 58, 56] ;;; build;    --> Injecting config defaults...
[2026, 9, 27, 12, 58, 56] ;;; build;    --> Handling loader specifications...
[2026, 9, 27, 12, 58, 56] ;;; build;      ---> Init Fabric...
[2026, 9, 27, 12, 58, 56] ;;; build;    --> Injecting assets...
[2026, 9, 27, 12, 58, 56] ;;; build;    --> Removing gstools jar files from non-gstools mod...
[2026, 9, 27, 12, 58, 57] ;;; build;    --> Injecting block tags...
[2026, 9, 27, 12, 58, 57] ;;; build;    --> Duplicating function folder for backported versions...
[2026, 9, 27, 12, 58, 57] ;;; build;    --> Packing into jar file...
[2026, 9, 27, 12, 59, 6] ;;; build;    --> Cleaning Up...
[2026, 9, 27, 12, 59, 12] ;;; build;    --> Done.
[2026, 9, 27, 12, 59, 12] ;;; build;    > Compiling for forge-1.19.4...
[2026, 9, 27, 12, 59, 12] ;;; build;    --> Cleaning temp directory...
[2026, 9, 27, 12, 59, 13] ;;; build;    --> Unpacking base jar file...
[2026, 9, 27, 12, 59, 13] ;;; build;    --> Copying compiled mcfunction assets...
[2026, 9, 27, 12, 59, 16] ;;; build;    --> Injecting logo...
[2026, 9, 27, 12, 59, 16] ;;; build;    --> Injecting config defaults...
[2026, 9, 27, 12, 59, 16] ;;; build;    --> Handling loader specifications...
[2026, 9, 27, 12, 59, 16] ;;; build;      ---> Init Forge...
[2026, 9, 27, 12, 59, 16] ;;; build;    --> Injecting assets...
[2026, 9, 27, 12, 59, 16] ;;; build;    --> Removing gstools jar files from non-gstools mod...
[2026, 9, 27, 12, 59, 16] ;;; build;    --> Base Mod Compile Requirment Detected! Compiling...
[2026, 9, 27, 12, 59, 16] ;;; build;      ---> Cleaning prior...
[2026, 9, 27, 12, 59, 16] ;;; build;      ---> Cloning basemod...
[2026, 9, 27, 12, 59, 17] ;;; build;      ---> Batch remaning...
[2026, 9, 27, 12, 59, 17] ;;; build;      ---> Running gradle...
[2026, 9, 27, 12, 59, 22] ;;; build;      ---> Unpacking generated jar file...
[2026, 9, 27, 12, 59, 22] ;;; build;      ---> Injecting generated assets into temp dir...
[2026, 9, 27, 12, 59, 22] ;;; build;    --> Injecting block tags...
[2026, 9, 27, 12, 59, 22] ;;; build;    --> Duplicating function folder for backported versions...
[2026, 9, 27, 12, 59, 23] ;;; build;    --> Packing into jar file...
[2026, 9, 27, 12, 59, 31] ;;; build;    --> Cleaning Up...
[2026, 9, 27, 12, 59, 36] ;;; build;    --> Done.
[2026, 9, 27, 12, 59, 36] ;;; build;    > Compiling for forge-1.20.1...
[2026, 9, 27, 12, 59, 36] ;;; build;    --> Cleaning temp directory...
[2026, 9, 27, 12, 59, 36] ;;; build;    --> Unpacking base jar file...
[2026, 9, 27, 12, 59, 37] ;;; build;    --> Copying compiled mcfunction assets...
[2026, 9, 27, 12, 59, 41] ;;; build;    --> Injecting logo...
[2026, 9, 27, 12, 59, 41] ;;; build;    --> Injecting config defaults...
[2026, 9, 27, 12, 59, 41] ;;; build;    --> Handling loader specifications...
[2026, 9, 27, 12, 59, 41] ;;; build;      ---> Init Forge...
[2026, 9, 27, 12, 59, 41] ;;; build;    --> Injecting assets...
[2026, 9, 27, 12, 59, 41] ;;; build;    --> Removing gstools jar files from non-gstools mod...
[2026, 9, 27, 12, 59, 42] ;;; build;    --> Base Mod Compile Requirment Detected! Compiling...
[2026, 9, 27, 12, 59, 42] ;;; build;      ---> Cleaning prior...
[2026, 9, 27, 12, 59, 42] ;;; build;      ---> Cloning basemod...
[2026, 9, 27, 12, 59, 42] ;;; build;      ---> Batch remaning...
[2026, 9, 27, 12, 59, 42] ;;; build;      ---> Running gradle...
[2026, 9, 27, 12, 59, 47] ;;; build;      ---> Unpacking generated jar file...
[2026, 9, 27, 12, 59, 47] ;;; build;      ---> Injecting generated assets into temp dir...
[2026, 9, 27, 12, 59, 47] ;;; build;    --> Injecting block tags...
[2026, 9, 27, 12, 59, 47] ;;; build;    --> Duplicating function folder for backported versions...
[2026, 9, 27, 12, 59, 47] ;;; build;    --> Packing into jar file...
[2026, 9, 27, 12, 59, 54] ;;; build;    --> Cleaning Up...
[2026, 9, 27, 12, 59, 59] ;;; build;    --> Done.
[2026, 9, 27, 12, 59, 59] ;;; build;    > Compiling for neoforge-1.20.4...
[2026, 9, 27, 12, 59, 59] ;;; build;    --> Cleaning temp directory...
[2026, 9, 27, 13, 0, 0] ;;; build;    --> Unpacking base jar file...
[2026, 9, 27, 13, 0, 0] ;;; build;    --> Copying compiled mcfunction assets...
[2026, 9, 27, 13, 0, 3] ;;; build;    --> Injecting logo...
[2026, 9, 27, 13, 0, 3] ;;; build;    --> Injecting config defaults...
[2026, 9, 27, 13, 0, 3] ;;; build;    --> Handling loader specifications...
[2026, 9, 27, 13, 0, 3] ;;; build;      ---> Init Neoforge...
[2026, 9, 27, 13, 0, 3] ;;; build;    --> Injecting assets...
[2026, 9, 27, 13, 0, 4] ;;; build;    --> Removing gstools jar files from non-gstools mod...
[2026, 9, 27, 13, 0, 4] ;;; build;    --> Base Mod Compile Requirment Detected! Compiling...
[2026, 9, 27, 13, 0, 4] ;;; build;      ---> Cleaning prior...
[2026, 9, 27, 13, 0, 4] ;;; build;      ---> Cloning basemod...
[2026, 9, 27, 13, 0, 4] ;;; build;      ---> Batch remaning...
[2026, 9, 27, 13, 0, 4] ;;; build;      ---> Running gradle...
[2026, 9, 27, 13, 0, 8] ;;; build;      ---> Unpacking generated jar file...
[2026, 9, 27, 13, 0, 8] ;;; build;      ---> Injecting generated assets into temp dir...
[2026, 9, 27, 13, 0, 8] ;;; build;    --> Injecting block tags...
[2026, 9, 27, 13, 0, 8] ;;; build;    --> Duplicating function folder for backported versions...
[2026, 9, 27, 13, 0, 8] ;;; build;    --> Packing into jar file...
[2026, 9, 27, 13, 0, 15] ;;; build;    --> Cleaning Up...
[2026, 9, 27, 13, 0, 20] ;;; build;    --> Done.
[2026, 9, 27, 13, 0, 20] ;;; build;    > Compiling for neoforge-1.20.6...
[2026, 9, 27, 13, 0, 20] ;;; build;    --> Cleaning temp directory...
[2026, 9, 27, 13, 0, 20] ;;; build;    --> Unpacking base jar file...
[2026, 9, 27, 13, 0, 20] ;;; build;    --> Copying compiled mcfunction assets...
[2026, 9, 27, 13, 0, 24] ;;; build;    --> Injecting logo...
[2026, 9, 27, 13, 0, 24] ;;; build;    --> Injecting config defaults...
[2026, 9, 27, 13, 0, 24] ;;; build;    --> Handling loader specifications...
[2026, 9, 27, 13, 0, 24] ;;; build;      ---> Init Neoforge...
[2026, 9, 27, 13, 0, 24] ;;; build;    --> Injecting assets...
[2026, 9, 27, 13, 0, 24] ;;; build;    --> Removing gstools jar files from non-gstools mod...
[2026, 9, 27, 13, 0, 24] ;;; build;    --> Injecting block tags...
[2026, 9, 27, 13, 0, 24] ;;; build;    --> Duplicating function folder for backported versions...
[2026, 9, 27, 13, 0, 24] ;;; build;    --> Packing into jar file...
[2026, 9, 27, 13, 0, 31] ;;; build;    --> Cleaning Up...
[2026, 9, 27, 13, 0, 36] ;;; build;    --> Done.
[2026, 9, 27, 13, 0, 36] ;;; build;    > Compiling for neoforge-1.21.1...
[2026, 9, 27, 13, 0, 36] ;;; build;    --> Cleaning temp directory...
[2026, 9, 27, 13, 0, 36] ;;; build;    --> Unpacking base jar file...
[2026, 9, 27, 13, 0, 36] ;;; build;    --> Copying compiled mcfunction assets...
[2026, 9, 27, 13, 0, 39] ;;; build;    --> Injecting logo...
[2026, 9, 27, 13, 0, 39] ;;; build;    --> Injecting config defaults...
[2026, 9, 27, 13, 0, 39] ;;; build;    --> Handling loader specifications...
[2026, 9, 27, 13, 0, 39] ;;; build;      ---> Init Neoforge...
[2026, 9, 27, 13, 0, 39] ;;; build;      ---> Weather2 Compat Requirment Detected.
[2026, 9, 27, 13, 0, 39] ;;; build;    --> Injecting assets...
[2026, 9, 27, 13, 0, 40] ;;; build;    --> Removing gstools jar files from non-gstools mod...
[2026, 9, 27, 13, 0, 40] ;;; build;    --> Injecting block tags...
[2026, 9, 27, 13, 0, 40] ;;; build;    --> Duplicating function folder for backported versions...
[2026, 9, 27, 13, 0, 40] ;;; build;    --> Packing into jar file...
[2026, 9, 27, 13, 0, 47] ;;; build;    --> Cleaning Up...
[2026, 9, 27, 13, 0, 51] ;;; build;    --> Done.
[2026, 9, 27, 13, 0, 51] ;;; build;    > Compiling for neoforge-1.21.2...
[2026, 9, 27, 13, 0, 51] ;;; build;    --> Cleaning temp directory...
[2026, 9, 27, 13, 0, 52] ;;; build;    --> Unpacking base jar file...
[2026, 9, 27, 13, 0, 52] ;;; build;    --> Copying compiled mcfunction assets...
[2026, 9, 27, 13, 0, 56] ;;; build;    --> Injecting logo...
[2026, 9, 27, 13, 0, 56] ;;; build;    --> Injecting config defaults...
[2026, 9, 27, 13, 0, 56] ;;; build;    --> Handling loader specifications...
[2026, 9, 27, 13, 0, 56] ;;; build;      ---> Init Neoforge...
[2026, 9, 27, 13, 0, 56] ;;; build;    --> Injecting assets...
[2026, 9, 27, 13, 0, 56] ;;; build;    --> Removing gstools jar files from non-gstools mod...
[2026, 9, 27, 13, 0, 56] ;;; build;    --> Injecting block tags...
[2026, 9, 27, 13, 0, 56] ;;; build;    --> Duplicating function folder for backported versions...
[2026, 9, 27, 13, 0, 56] ;;; build;    --> Packing into jar file...
[2026, 9, 27, 13, 1, 3] ;;; build;    --> Cleaning Up...
[2026, 9, 27, 13, 1, 7] ;;; build;    --> Done.
[2026, 9, 27, 13, 1, 7] ;;; build;    > Compiling for neoforge-1.21.4...
[2026, 9, 27, 13, 1, 7] ;;; build;    --> Cleaning temp directory...
[2026, 9, 27, 13, 1, 8] ;;; build;    --> Unpacking base jar file...
[2026, 9, 27, 13, 1, 8] ;;; build;    --> Copying compiled mcfunction assets...
[2026, 9, 27, 13, 1, 11] ;;; build;    --> Injecting logo...
[2026, 9, 27, 13, 1, 11] ;;; build;    --> Injecting config defaults...
[2026, 9, 27, 13, 1, 11] ;;; build;    --> Handling loader specifications...
[2026, 9, 27, 13, 1, 11] ;;; build;      ---> Init Neoforge...
[2026, 9, 27, 13, 1, 11] ;;; build;    --> Injecting assets...
[2026, 9, 27, 13, 1, 11] ;;; build;    --> Removing gstools jar files from non-gstools mod...
[2026, 9, 27, 13, 1, 12] ;;; build;    --> Injecting block tags...
[2026, 9, 27, 13, 1, 12] ;;; build;    --> Duplicating function folder for backported versions...
[2026, 9, 27, 13, 1, 12] ;;; build;    --> Packing into jar file...
[2026, 9, 27, 13, 1, 18] ;;; build;    --> Cleaning Up...
[2026, 9, 27, 13, 1, 23] ;;; build;    --> Done.
[2026, 9, 27, 13, 1, 23] ;;; build;    > Compiling for neoforge-1.21.5...
[2026, 9, 27, 13, 1, 23] ;;; build;    --> Cleaning temp directory...
[2026, 9, 27, 13, 1, 23] ;;; build;    --> Unpacking base jar file...
[2026, 9, 27, 13, 1, 23] ;;; build;    --> Copying compiled mcfunction assets...
[2026, 9, 27, 13, 1, 26] ;;; build;    --> Injecting logo...
[2026, 9, 27, 13, 1, 26] ;;; build;    --> Injecting config defaults...
[2026, 9, 27, 13, 1, 26] ;;; build;    --> Handling loader specifications...
[2026, 9, 27, 13, 1, 26] ;;; build;      ---> Init Neoforge...
[2026, 9, 27, 13, 1, 26] ;;; build;    --> Injecting assets...
[2026, 9, 27, 13, 1, 27] ;;; build;    --> Removing gstools jar files from non-gstools mod...
[2026, 9, 27, 13, 1, 27] ;;; build;    --> Injecting block tags...
[2026, 9, 27, 13, 1, 27] ;;; build;    --> Duplicating function folder for backported versions...
[2026, 9, 27, 13, 1, 27] ;;; build;    --> Packing into jar file...
[2026, 9, 27, 13, 1, 33] ;;; build;    --> Cleaning Up...
[2026, 9, 27, 13, 1, 38] ;;; build;    --> Done.
[2026, 9, 27, 13, 1, 38] ;;; build;    > Compiling for neoforge-1.21.8...
[2026, 9, 27, 13, 1, 38] ;;; build;    --> Cleaning temp directory...
[2026, 9, 27, 13, 1, 39] ;;; build;    --> Unpacking base jar file...
[2026, 9, 27, 13, 1, 39] ;;; build;    --> Copying compiled mcfunction assets...
[2026, 9, 27, 13, 1, 42] ;;; build;    --> Injecting logo...
[2026, 9, 27, 13, 1, 42] ;;; build;    --> Injecting config defaults...
[2026, 9, 27, 13, 1, 42] ;;; build;    --> Handling loader specifications...
[2026, 9, 27, 13, 1, 42] ;;; build;      ---> Init Neoforge...
[2026, 9, 27, 13, 1, 42] ;;; build;    --> Injecting assets...
[2026, 9, 27, 13, 1, 43] ;;; build;    --> Removing gstools jar files from non-gstools mod...
[2026, 9, 27, 13, 1, 43] ;;; build;    --> Injecting block tags...
[2026, 9, 27, 13, 1, 43] ;;; build;    --> Duplicating function folder for backported versions...
[2026, 9, 27, 13, 1, 43] ;;; build;    --> Packing into jar file...
[2026, 9, 27, 13, 1, 49] ;;; build;    --> Cleaning Up...
[2026, 9, 27, 13, 1, 54] ;;; build;    --> Done.
[2026, 9, 27, 13, 1, 54] ;;; build;    > Compiling for neoforge-26.1...
[2026, 9, 27, 13, 1, 54] ;;; build;    --> Cleaning temp directory...
[2026, 9, 27, 13, 1, 55] ;;; build;    --> Unpacking base jar file...
[2026, 9, 27, 13, 1, 55] ;;; build;    --> Copying compiled mcfunction assets...
[2026, 9, 27, 13, 1, 58] ;;; build;    --> Injecting logo...
[2026, 9, 27, 13, 1, 58] ;;; build;    --> Injecting config defaults...
[2026, 9, 27, 13, 1, 58] ;;; build;    --> Handling loader specifications...
[2026, 9, 27, 13, 1, 58] ;;; build;      ---> Init Neoforge...
[2026, 9, 27, 13, 1, 58] ;;; build;    --> Injecting assets...
[2026, 9, 27, 13, 1, 58] ;;; build;    --> Removing gstools jar files from non-gstools mod...
[2026, 9, 27, 13, 1, 58] ;;; build;    --> Injecting block tags...
[2026, 9, 27, 13, 1, 58] ;;; build;    --> Duplicating function folder for backported versions...
[2026, 9, 27, 13, 1, 58] ;;; build;    --> Packing into jar file...
[2026, 9, 27, 13, 2, 5] ;;; build;    --> Cleaning Up...
[2026, 9, 27, 13, 2, 9] ;;; build;    --> Done.
[2026, 9, 27, 13, 2, 9] ;;; build;    > Compiling for neoforge-26.2...
[2026, 9, 27, 13, 2, 9] ;;; build;    --> Cleaning temp directory...
[2026, 9, 27, 13, 2, 10] ;;; build;    --> Unpacking base jar file...
[2026, 9, 27, 13, 2, 10] ;;; build;    --> Copying compiled mcfunction assets...
[2026, 9, 27, 13, 2, 14] ;;; build;    --> Injecting logo...
[2026, 9, 27, 13, 2, 14] ;;; build;    --> Injecting config defaults...
[2026, 9, 27, 13, 2, 14] ;;; build;    --> Handling loader specifications...
[2026, 9, 27, 13, 2, 14] ;;; build;      ---> Init Neoforge...
[2026, 9, 27, 13, 2, 14] ;;; build;    --> Injecting assets...
[2026, 9, 27, 13, 2, 14] ;;; build;    --> Removing gstools jar files from non-gstools mod...
[2026, 9, 27, 13, 2, 14] ;;; build;    --> Injecting block tags...
[2026, 9, 27, 13, 2, 14] ;;; build;    --> Duplicating function folder for backported versions...
[2026, 9, 27, 13, 2, 14] ;;; build;    --> Packing into jar file...
[2026, 9, 27, 13, 2, 21] ;;; build;    --> Cleaning Up...
[2026, 9, 27, 13, 2, 25] ;;; build;    --> Done.
[2026, 9, 27, 13, 2, 25] ;;; build;    > Compiling for neoforge-26.3...
[2026, 9, 27, 13, 2, 25] ;;; build;    --> Cleaning temp directory...
[2026, 9, 27, 13, 2, 26] ;;; build;    --> Unpacking base jar file...
[2026, 9, 27, 13, 2, 26] ;;; build;    --> Copying compiled mcfunction assets...
[2026, 9, 27, 13, 2, 29] ;;; build;    --> Injecting logo...
[2026, 9, 27, 13, 2, 29] ;;; build;    --> Injecting config defaults...
[2026, 9, 27, 13, 2, 29] ;;; build;    --> Handling loader specifications...
[2026, 9, 27, 13, 2, 29] ;;; build;      ---> Init Neoforge...
[2026, 9, 27, 13, 2, 29] ;;; build;    --> Injecting assets...
[2026, 9, 27, 13, 2, 29] ;;; build;    --> Removing gstools jar files from non-gstools mod...
[2026, 9, 27, 13, 2, 29] ;;; build;    --> Injecting block tags...
[2026, 9, 27, 13, 2, 29] ;;; build;    --> Duplicating function folder for backported versions...
[2026, 9, 27, 13, 2, 29] ;;; build;    --> Packing into jar file...
[2026, 9, 27, 13, 2, 36] ;;; build;    --> Cleaning Up...
[2026, 9, 27, 13, 2, 41] ;;; build;    --> Done.
[2026, 9, 27, 13, 2, 41] ;;; build;    > Renaming zip files to jar files...
[2026, 9, 27, 13, 2, 42] ;;; build;    > Resetting to cached game versions config...
[2026, 9, 27, 13, 2, 42] ;;; build;    > Build Complete.
[2026, 9, 27, 13, 2, 42] ;;; build; Compiling datapack gstools into mod...
[2026, 9, 27, 13, 2, 42] ;;; build;    > Detecting split versions...
[2026, 9, 27, 13, 2, 42] ;;; build;    --> Nothing to delete after.
[2026, 9, 27, 13, 2, 42] ;;; build;    > Beginning build block...
[2026, 9, 27, 13, 2, 42] ;;; build;    > Compiling for fabric-1.21.8...
[2026, 9, 27, 13, 2, 42] ;;; build;    --> Cleaning temp directory...
[2026, 9, 27, 13, 2, 50] ;;; build;    --> Unpacking base jar file...
[2026, 9, 27, 13, 2, 51] ;;; build;    --> Copying compiled mcfunction assets...
[2026, 9, 27, 13, 3, 39] ;;; build;    --> Injecting logo...
[2026, 9, 27, 13, 3, 39] ;;; build;    --> Injecting config defaults...
[2026, 9, 27, 13, 3, 39] ;;; build;    --> Handling loader specifications...
[2026, 9, 27, 13, 3, 39] ;;; build;      ---> Init Fabric...
[2026, 9, 27, 13, 3, 39] ;;; build;    --> Injecting gstools function tags...
[2026, 9, 27, 13, 3, 39] ;;; build;    --> Injecting block tags...
[2026, 9, 27, 13, 3, 39] ;;; build;    --> Duplicating function folder for backported versions...
[2026, 9, 27, 13, 3, 42] ;;; build;    --> Packing into jar file...
[2026, 9, 27, 13, 4, 10] ;;; build;    --> Cleaning Up...
[2026, 9, 27, 13, 4, 46] ;;; build;    --> Done.
[2026, 9, 27, 13, 4, 46] ;;; build;    > Compiling for fabric-1.21.9...
[2026, 9, 27, 13, 4, 46] ;;; build;    --> Cleaning temp directory...
[2026, 9, 27, 13, 4, 47] ;;; build;    --> Unpacking base jar file...
[2026, 9, 27, 13, 4, 47] ;;; build;    --> Copying compiled mcfunction assets...
[2026, 9, 27, 13, 5, 19] ;;; build;    --> Injecting logo...
[2026, 9, 27, 13, 5, 19] ;;; build;    --> Injecting config defaults...
[2026, 9, 27, 13, 5, 19] ;;; build;    --> Handling loader specifications...
[2026, 9, 27, 13, 5, 19] ;;; build;      ---> Init Fabric...
[2026, 9, 27, 13, 5, 19] ;;; build;    --> Injecting gstools function tags...
[2026, 9, 27, 13, 5, 19] ;;; build;    --> Injecting block tags...
[2026, 9, 27, 13, 5, 19] ;;; build;    --> Duplicating function folder for backported versions...
[2026, 9, 27, 13, 5, 19] ;;; build;    --> Packing into jar file...
[2026, 9, 27, 13, 5, 46] ;;; build;    --> Cleaning Up...
[2026, 9, 27, 13, 6, 23] ;;; build;    --> Done.
[2026, 9, 27, 13, 6, 23] ;;; build;    > Compiling for fabric-26.1...
[2026, 9, 27, 13, 6, 23] ;;; build;    --> Cleaning temp directory...
[2026, 9, 27, 13, 6, 23] ;;; build;    --> Unpacking base jar file...
[2026, 9, 27, 13, 6, 23] ;;; build;    --> Copying compiled mcfunction assets...
[2026, 9, 27, 13, 6, 56] ;;; build;    --> Injecting logo...
[2026, 9, 27, 13, 6, 56] ;;; build;    --> Injecting config defaults...
[2026, 9, 27, 13, 6, 56] ;;; build;    --> Handling loader specifications...
[2026, 9, 27, 13, 6, 56] ;;; build;      ---> Init Fabric...
[2026, 9, 27, 13, 6, 56] ;;; build;    --> Injecting gstools function tags...
[2026, 9, 27, 13, 6, 56] ;;; build;    --> Injecting block tags...
[2026, 9, 27, 13, 6, 56] ;;; build;    --> Duplicating function folder for backported versions...
[2026, 9, 27, 13, 6, 56] ;;; build;    --> Packing into jar file...
[2026, 9, 27, 13, 7, 25] ;;; build;    --> Cleaning Up...
[2026, 9, 27, 13, 8, 1] ;;; build;    --> Done.
[2026, 9, 27, 13, 8, 1] ;;; build;    > Compiling for fabric-26.2...
[2026, 9, 27, 13, 8, 1] ;;; build;    --> Cleaning temp directory...
[2026, 9, 27, 13, 8, 1] ;;; build;    --> Unpacking base jar file...
[2026, 9, 27, 13, 8, 1] ;;; build;    --> Copying compiled mcfunction assets...
[2026, 9, 27, 13, 8, 33] ;;; build;    --> Injecting logo...
[2026, 9, 27, 13, 8, 33] ;;; build;    --> Injecting config defaults...
[2026, 9, 27, 13, 8, 33] ;;; build;    --> Handling loader specifications...
[2026, 9, 27, 13, 8, 33] ;;; build;      ---> Init Fabric...
[2026, 9, 27, 13, 8, 33] ;;; build;    --> Injecting gstools function tags...
[2026, 9, 27, 13, 8, 33] ;;; build;    --> Injecting block tags...
[2026, 9, 27, 13, 8, 33] ;;; build;    --> Duplicating function folder for backported versions...
[2026, 9, 27, 13, 8, 33] ;;; build;    --> Packing into jar file...
[2026, 9, 27, 13, 9, 0] ;;; build;    --> Cleaning Up...
[2026, 9, 27, 13, 9, 36] ;;; build;    --> Done.
[2026, 9, 27, 13, 9, 36] ;;; build;    > Compiling for fabric-26.3...
[2026, 9, 27, 13, 9, 36] ;;; build;    --> Cleaning temp directory...
[2026, 9, 27, 13, 9, 37] ;;; build;    --> Unpacking base jar file...
[2026, 9, 27, 13, 9, 37] ;;; build;    --> Copying compiled mcfunction assets...
[2026, 9, 27, 13, 10, 8] ;;; build;    --> Injecting logo...
[2026, 9, 27, 13, 10, 8] ;;; build;    --> Injecting config defaults...
[2026, 9, 27, 13, 10, 8] ;;; build;    --> Handling loader specifications...
[2026, 9, 27, 13, 10, 8] ;;; build;      ---> Init Fabric...
[2026, 9, 27, 13, 10, 8] ;;; build;    --> Injecting gstools function tags...
[2026, 9, 27, 13, 10, 8] ;;; build;    --> Injecting block tags...
[2026, 9, 27, 13, 10, 8] ;;; build;    --> Duplicating function folder for backported versions...
[2026, 9, 27, 13, 10, 9] ;;; build;    --> Packing into jar file...
[2026, 9, 27, 13, 10, 37] ;;; build;    --> Cleaning Up...
[2026, 9, 27, 13, 11, 12] ;;; build;    --> Done.
[2026, 9, 27, 13, 11, 12] ;;; build;    > Compiling for forge-1.19.4...
[2026, 9, 27, 13, 11, 12] ;;; build;    --> Cleaning temp directory...
[2026, 9, 27, 13, 11, 13] ;;; build;    --> Unpacking base jar file...
[2026, 9, 27, 13, 11, 13] ;;; build;    --> Copying compiled mcfunction assets...
[2026, 9, 27, 13, 11, 43] ;;; build;    --> Injecting logo...
[2026, 9, 27, 13, 11, 43] ;;; build;    --> Injecting config defaults...
[2026, 9, 27, 13, 11, 43] ;;; build;    --> Handling loader specifications...
[2026, 9, 27, 13, 11, 43] ;;; build;      ---> Init Forge...
[2026, 9, 27, 13, 11, 43] ;;; build;    --> Injecting gstools function tags...
[2026, 9, 27, 13, 11, 43] ;;; build;    --> Injecting block tags...
[2026, 9, 27, 13, 11, 43] ;;; build;    --> Duplicating function folder for backported versions...
[2026, 9, 27, 13, 11, 44] ;;; build;    --> Packing into jar file...
[2026, 9, 27, 13, 12, 12] ;;; build;    --> Cleaning Up...
[2026, 9, 27, 13, 12, 45] ;;; build;    --> Done.
[2026, 9, 27, 13, 12, 45] ;;; build;    > Compiling for forge-1.20.1...
[2026, 9, 27, 13, 12, 45] ;;; build;    --> Cleaning temp directory...
[2026, 9, 27, 13, 12, 45] ;;; build;    --> Unpacking base jar file...
[2026, 9, 27, 13, 12, 46] ;;; build;    --> Copying compiled mcfunction assets...
[2026, 9, 27, 13, 13, 16] ;;; build;    --> Injecting logo...
[2026, 9, 27, 13, 13, 16] ;;; build;    --> Injecting config defaults...
[2026, 9, 27, 13, 13, 16] ;;; build;    --> Handling loader specifications...
[2026, 9, 27, 13, 13, 16] ;;; build;      ---> Init Forge...
[2026, 9, 27, 13, 13, 16] ;;; build;    --> Injecting gstools function tags...
[2026, 9, 27, 13, 13, 16] ;;; build;    --> Injecting block tags...
[2026, 9, 27, 13, 13, 16] ;;; build;    --> Duplicating function folder for backported versions...
[2026, 9, 27, 13, 13, 16] ;;; build;    --> Packing into jar file...
[2026, 9, 27, 13, 13, 43] ;;; build;    --> Cleaning Up...
[2026, 9, 27, 13, 14, 16] ;;; build;    --> Done.
[2026, 9, 27, 13, 14, 16] ;;; build;    > Compiling for neoforge-1.20.4...
[2026, 9, 27, 13, 14, 16] ;;; build;    --> Cleaning temp directory...
[2026, 9, 27, 13, 14, 17] ;;; build;    --> Unpacking base jar file...
[2026, 9, 27, 13, 14, 17] ;;; build;    --> Copying compiled mcfunction assets...
[2026, 9, 27, 13, 14, 47] ;;; build;    --> Injecting logo...
[2026, 9, 27, 13, 14, 47] ;;; build;    --> Injecting config defaults...
[2026, 9, 27, 13, 14, 47] ;;; build;    --> Handling loader specifications...
[2026, 9, 27, 13, 14, 47] ;;; build;      ---> Init Neoforge...
[2026, 9, 27, 13, 14, 47] ;;; build;    --> Injecting gstools function tags...
[2026, 9, 27, 13, 14, 47] ;;; build;    --> Injecting block tags...
[2026, 9, 27, 13, 14, 47] ;;; build;    --> Duplicating function folder for backported versions...
[2026, 9, 27, 13, 14, 47] ;;; build;    --> Packing into jar file...
[2026, 9, 27, 13, 15, 14] ;;; build;    --> Cleaning Up...
[2026, 9, 27, 13, 15, 47] ;;; build;    --> Done.
[2026, 9, 27, 13, 15, 47] ;;; build;    > Compiling for neoforge-1.20.6...
[2026, 9, 27, 13, 15, 47] ;;; build;    --> Cleaning temp directory...
[2026, 9, 27, 13, 15, 48] ;;; build;    --> Unpacking base jar file...
[2026, 9, 27, 13, 15, 48] ;;; build;    --> Copying compiled mcfunction assets...
[2026, 9, 27, 13, 16, 18] ;;; build;    --> Injecting logo...
[2026, 9, 27, 13, 16, 18] ;;; build;    --> Injecting config defaults...
[2026, 9, 27, 13, 16, 18] ;;; build;    --> Handling loader specifications...
[2026, 9, 27, 13, 16, 18] ;;; build;      ---> Init Neoforge...
[2026, 9, 27, 13, 16, 18] ;;; build;    --> Injecting gstools function tags...
[2026, 9, 27, 13, 16, 18] ;;; build;    --> Injecting block tags...
[2026, 9, 27, 13, 16, 18] ;;; build;    --> Duplicating function folder for backported versions...
[2026, 9, 27, 13, 16, 18] ;;; build;    --> Packing into jar file...
[2026, 9, 27, 13, 16, 45] ;;; build;    --> Cleaning Up...
[2026, 9, 27, 13, 17, 19] ;;; build;    --> Done.
[2026, 9, 27, 13, 17, 19] ;;; build;    > Compiling for neoforge-1.21.1...
[2026, 9, 27, 13, 17, 19] ;;; build;    --> Cleaning temp directory...
[2026, 9, 27, 13, 17, 20] ;;; build;    --> Unpacking base jar file...
[2026, 9, 27, 13, 17, 20] ;;; build;    --> Copying compiled mcfunction assets...
[2026, 9, 27, 13, 17, 50] ;;; build;    --> Injecting logo...
[2026, 9, 27, 13, 17, 50] ;;; build;    --> Injecting config defaults...
[2026, 9, 27, 13, 17, 50] ;;; build;    --> Handling loader specifications...
[2026, 9, 27, 13, 17, 50] ;;; build;      ---> Init Neoforge...
[2026, 9, 27, 13, 17, 50] ;;; build;      ---> Weather2 Compat Requirment Detected.
[2026, 9, 27, 13, 17, 50] ;;; build;    --> Injecting gstools function tags...
[2026, 9, 27, 13, 17, 50] ;;; build;    --> Injecting block tags...
[2026, 9, 27, 13, 17, 50] ;;; build;    --> Duplicating function folder for backported versions...
[2026, 9, 27, 13, 17, 50] ;;; build;    --> Packing into jar file...
[2026, 9, 27, 13, 18, 18] ;;; build;    --> Cleaning Up...
[2026, 9, 27, 13, 18, 52] ;;; build;    --> Done.
[2026, 9, 27, 13, 18, 52] ;;; build;    > Compiling for neoforge-1.21.2...
[2026, 9, 27, 13, 18, 52] ;;; build;    --> Cleaning temp directory...
[2026, 9, 27, 13, 18, 52] ;;; build;    --> Unpacking base jar file...
[2026, 9, 27, 13, 18, 52] ;;; build;    --> Copying compiled mcfunction assets...
[2026, 9, 27, 13, 19, 24] ;;; build;    --> Injecting logo...
[2026, 9, 27, 13, 19, 25] ;;; build;    --> Injecting config defaults...
[2026, 9, 27, 13, 19, 25] ;;; build;    --> Handling loader specifications...
[2026, 9, 27, 13, 19, 25] ;;; build;      ---> Init Neoforge...
[2026, 9, 27, 13, 19, 25] ;;; build;    --> Injecting gstools function tags...
[2026, 9, 27, 13, 19, 25] ;;; build;    --> Injecting block tags...
[2026, 9, 27, 13, 19, 25] ;;; build;    --> Duplicating function folder for backported versions...
[2026, 9, 27, 13, 19, 25] ;;; build;    --> Packing into jar file...
[2026, 9, 27, 13, 19, 51] ;;; build;    --> Cleaning Up...
[2026, 9, 27, 13, 20, 23] ;;; build;    --> Done.
[2026, 9, 27, 13, 20, 23] ;;; build;    > Compiling for neoforge-1.21.4...
[2026, 9, 27, 13, 20, 23] ;;; build;    --> Cleaning temp directory...
[2026, 9, 27, 13, 20, 24] ;;; build;    --> Unpacking base jar file...
[2026, 9, 27, 13, 20, 24] ;;; build;    --> Copying compiled mcfunction assets...
[2026, 9, 27, 13, 20, 55] ;;; build;    --> Injecting logo...
[2026, 9, 27, 13, 20, 55] ;;; build;    --> Injecting config defaults...
[2026, 9, 27, 13, 20, 55] ;;; build;    --> Handling loader specifications...
[2026, 9, 27, 13, 20, 55] ;;; build;      ---> Init Neoforge...
[2026, 9, 27, 13, 20, 55] ;;; build;    --> Injecting gstools function tags...
[2026, 9, 27, 13, 20, 55] ;;; build;    --> Injecting block tags...
[2026, 9, 27, 13, 20, 55] ;;; build;    --> Duplicating function folder for backported versions...
[2026, 9, 27, 13, 20, 55] ;;; build;    --> Packing into jar file...
[2026, 9, 27, 13, 21, 23] ;;; build;    --> Cleaning Up...
[2026, 9, 27, 13, 21, 57] ;;; build;    --> Done.
[2026, 9, 27, 13, 21, 57] ;;; build;    > Compiling for neoforge-1.21.5...
[2026, 9, 27, 13, 21, 57] ;;; build;    --> Cleaning temp directory...
[2026, 9, 27, 13, 21, 57] ;;; build;    --> Unpacking base jar file...
[2026, 9, 27, 13, 21, 57] ;;; build;    --> Copying compiled mcfunction assets...
[2026, 9, 27, 13, 22, 28] ;;; build;    --> Injecting logo...
[2026, 9, 27, 13, 22, 28] ;;; build;    --> Injecting config defaults...
[2026, 9, 27, 13, 22, 28] ;;; build;    --> Handling loader specifications...
[2026, 9, 27, 13, 22, 28] ;;; build;      ---> Init Neoforge...
[2026, 9, 27, 13, 22, 28] ;;; build;    --> Injecting gstools function tags...
[2026, 9, 27, 13, 22, 28] ;;; build;    --> Injecting block tags...
[2026, 9, 27, 13, 22, 28] ;;; build;    --> Duplicating function folder for backported versions...
[2026, 9, 27, 13, 22, 28] ;;; build;    --> Packing into jar file...
[2026, 9, 27, 13, 22, 55] ;;; build;    --> Cleaning Up...
[2026, 9, 27, 13, 23, 29] ;;; build;    --> Done.
[2026, 9, 27, 13, 23, 29] ;;; build;    > Compiling for neoforge-1.21.8...
[2026, 9, 27, 13, 23, 29] ;;; build;    --> Cleaning temp directory...
[2026, 9, 27, 13, 23, 30] ;;; build;    --> Unpacking base jar file...
[2026, 9, 27, 13, 23, 30] ;;; build;    --> Copying compiled mcfunction assets...
[2026, 9, 27, 13, 24, 6] ;;; build;    --> Injecting logo...
[2026, 9, 27, 13, 24, 6] ;;; build;    --> Injecting config defaults...
[2026, 9, 27, 13, 24, 6] ;;; build;    --> Handling loader specifications...
[2026, 9, 27, 13, 24, 6] ;;; build;      ---> Init Neoforge...
[2026, 9, 27, 13, 24, 6] ;;; build;    --> Injecting gstools function tags...
[2026, 9, 27, 13, 24, 6] ;;; build;    --> Injecting block tags...
[2026, 9, 27, 13, 24, 6] ;;; build;    --> Duplicating function folder for backported versions...
[2026, 9, 27, 13, 24, 6] ;;; build;    --> Packing into jar file...
[2026, 9, 27, 13, 24, 35] ;;; build;    --> Cleaning Up...
[2026, 9, 27, 13, 25, 10] ;;; build;    --> Done.
[2026, 9, 27, 13, 25, 10] ;;; build;    > Compiling for neoforge-26.1...
[2026, 9, 27, 13, 25, 10] ;;; build;    --> Cleaning temp directory...
[2026, 9, 27, 13, 25, 10] ;;; build;    --> Unpacking base jar file...
[2026, 9, 27, 13, 25, 10] ;;; build;    --> Copying compiled mcfunction assets...
[2026, 9, 27, 13, 25, 42] ;;; build;    --> Injecting logo...
[2026, 9, 27, 13, 25, 42] ;;; build;    --> Injecting config defaults...
[2026, 9, 27, 13, 25, 42] ;;; build;    --> Handling loader specifications...
[2026, 9, 27, 13, 25, 42] ;;; build;      ---> Init Neoforge...
[2026, 9, 27, 13, 25, 42] ;;; build;    --> Injecting gstools function tags...
[2026, 9, 27, 13, 25, 42] ;;; build;    --> Injecting block tags...
[2026, 9, 27, 13, 25, 42] ;;; build;    --> Duplicating function folder for backported versions...
[2026, 9, 27, 13, 25, 42] ;;; build;    --> Packing into jar file...
[2026, 9, 27, 13, 26, 10] ;;; build;    --> Cleaning Up...
[2026, 9, 27, 13, 26, 44] ;;; build;    --> Done.
[2026, 9, 27, 13, 26, 44] ;;; build;    > Compiling for neoforge-26.2...
[2026, 9, 27, 13, 26, 44] ;;; build;    --> Cleaning temp directory...
[2026, 9, 27, 13, 26, 44] ;;; build;    --> Unpacking base jar file...
[2026, 9, 27, 13, 26, 44] ;;; build;    --> Copying compiled mcfunction assets...
[2026, 9, 27, 13, 27, 16] ;;; build;    --> Injecting logo...
[2026, 9, 27, 13, 27, 16] ;;; build;    --> Injecting config defaults...
[2026, 9, 27, 13, 27, 16] ;;; build;    --> Handling loader specifications...
[2026, 9, 27, 13, 27, 16] ;;; build;      ---> Init Neoforge...
[2026, 9, 27, 13, 27, 16] ;;; build;    --> Injecting gstools function tags...
[2026, 9, 27, 13, 27, 16] ;;; build;    --> Injecting block tags...
[2026, 9, 27, 13, 27, 16] ;;; build;    --> Duplicating function folder for backported versions...
[2026, 9, 27, 13, 27, 16] ;;; build;    --> Packing into jar file...
[2026, 9, 27, 13, 27, 45] ;;; build;    --> Cleaning Up...
[2026, 9, 27, 13, 28, 17] ;;; build;    --> Done.
[2026, 9, 27, 13, 28, 17] ;;; build;    > Compiling for neoforge-26.3...
[2026, 9, 27, 13, 28, 17] ;;; build;    --> Cleaning temp directory...
[2026, 9, 27, 13, 28, 17] ;;; build;    --> Unpacking base jar file...
[2026, 9, 27, 13, 28, 17] ;;; build;    --> Copying compiled mcfunction assets...
[2026, 9, 27, 13, 28, 44] ;;; build;    --> Injecting logo...
[2026, 9, 27, 13, 28, 44] ;;; build;    --> Injecting config defaults...
[2026, 9, 27, 13, 28, 44] ;;; build;    --> Handling loader specifications...
[2026, 9, 27, 13, 28, 44] ;;; build;      ---> Init Neoforge...
[2026, 9, 27, 13, 28, 44] ;;; build;    --> Injecting gstools function tags...
[2026, 9, 27, 13, 28, 44] ;;; build;    --> Injecting block tags...
[2026, 9, 27, 13, 28, 44] ;;; build;    --> Duplicating function folder for backported versions...
[2026, 9, 27, 13, 28, 45] ;;; build;    --> Packing into jar file...
[2026, 9, 27, 13, 29, 9] ;;; build;    --> Cleaning Up...
[2026, 9, 27, 13, 29, 38] ;;; build;    --> Done.
[2026, 9, 27, 13, 29, 38] ;;; build;    > Renaming zip files to jar files...
[2026, 9, 27, 13, 29, 39] ;;; build;    > Resetting to cached game versions config...
[2026, 9, 27, 13, 29, 39] ;;; build;    > Build Complete.
[2026, 9, 27, 13, 29, 39] ;;; build; Compiling datapack life_and_death into mod...
[2026, 9, 27, 13, 29, 39] ;;; build;    > Detecting split versions...
[2026, 9, 27, 13, 29, 39] ;;; build;    --> Nothing to delete after.
[2026, 9, 27, 13, 29, 39] ;;; build;    > Beginning build block...
[2026, 9, 27, 13, 29, 39] ;;; build;    > Compiling for fabric-1.21.8...
[2026, 9, 27, 13, 29, 39] ;;; build;    --> Cleaning temp directory...
[2026, 9, 27, 13, 30, 31] ;;; build;    --> Unpacking base jar file...
[2026, 9, 27, 13, 30, 31] ;;; build;    --> Copying compiled mcfunction assets...
[2026, 9, 27, 13, 30, 33] ;;; build;    --> Injecting logo...
[2026, 9, 27, 13, 30, 34] ;;; build;    --> Injecting config defaults...
[2026, 9, 27, 13, 30, 34] ;;; build;    --> Handling loader specifications...
[2026, 9, 27, 13, 30, 34] ;;; build;      ---> Init Fabric...
[2026, 9, 27, 13, 30, 34] ;;; build;    --> Injecting assets...
[2026, 9, 27, 13, 30, 34] ;;; build;    --> Removing gstools jar files from non-gstools mod...
[2026, 9, 27, 13, 30, 34] ;;; build;    --> Injecting block tags...
[2026, 9, 27, 13, 30, 34] ;;; build;    --> Duplicating function folder for backported versions...
[2026, 9, 27, 13, 30, 34] ;;; build;    --> Packing into jar file...
[2026, 9, 27, 13, 30, 39] ;;; build;    --> Cleaning Up...
[2026, 9, 27, 13, 30, 40] ;;; build;    --> Done.
[2026, 9, 27, 13, 30, 40] ;;; build;    > Compiling for fabric-1.21.9...
[2026, 9, 27, 13, 30, 40] ;;; build;    --> Cleaning temp directory...
[2026, 9, 27, 13, 30, 40] ;;; build;    --> Unpacking base jar file...
[2026, 9, 27, 13, 30, 40] ;;; build;    --> Copying compiled mcfunction assets...
[2026, 9, 27, 13, 30, 41] ;;; build;    --> Injecting logo...
[2026, 9, 27, 13, 30, 41] ;;; build;    --> Injecting config defaults...
[2026, 9, 27, 13, 30, 41] ;;; build;    --> Handling loader specifications...
[2026, 9, 27, 13, 30, 41] ;;; build;      ---> Init Fabric...
[2026, 9, 27, 13, 30, 41] ;;; build;    --> Injecting assets...
[2026, 9, 27, 13, 30, 41] ;;; build;    --> Removing gstools jar files from non-gstools mod...
[2026, 9, 27, 13, 30, 41] ;;; build;    --> Injecting block tags...
[2026, 9, 27, 13, 30, 41] ;;; build;    --> Duplicating function folder for backported versions...
[2026, 9, 27, 13, 30, 42] ;;; build;    --> Packing into jar file...
[2026, 9, 27, 13, 30, 42] ;;; build;    --> Cleaning Up...
[2026, 9, 27, 13, 30, 43] ;;; build;    --> Done.
[2026, 9, 27, 13, 30, 43] ;;; build;    > Compiling for fabric-26.1...
[2026, 9, 27, 13, 30, 43] ;;; build;    --> Cleaning temp directory...
[2026, 9, 27, 13, 30, 44] ;;; build;    --> Unpacking base jar file...
[2026, 9, 27, 13, 30, 44] ;;; build;    --> Copying compiled mcfunction assets...
[2026, 9, 27, 13, 30, 45] ;;; build;    --> Injecting logo...
[2026, 9, 27, 13, 30, 45] ;;; build;    --> Injecting config defaults...
[2026, 9, 27, 13, 30, 45] ;;; build;    --> Handling loader specifications...
[2026, 9, 27, 13, 30, 45] ;;; build;      ---> Init Fabric...
[2026, 9, 27, 13, 30, 45] ;;; build;    --> Injecting assets...
[2026, 9, 27, 13, 30, 45] ;;; build;    --> Removing gstools jar files from non-gstools mod...
[2026, 9, 27, 13, 30, 45] ;;; build;    --> Injecting block tags...
[2026, 9, 27, 13, 30, 45] ;;; build;    --> Duplicating function folder for backported versions...
[2026, 9, 27, 13, 30, 45] ;;; build;    --> Packing into jar file...
[2026, 9, 27, 13, 30, 46] ;;; build;    --> Cleaning Up...
[2026, 9, 27, 13, 30, 47] ;;; build;    --> Done.
[2026, 9, 27, 13, 30, 47] ;;; build;    > Compiling for fabric-26.2...
[2026, 9, 27, 13, 30, 47] ;;; build;    --> Cleaning temp directory...
[2026, 9, 27, 13, 30, 48] ;;; build;    --> Unpacking base jar file...
[2026, 9, 27, 13, 30, 48] ;;; build;    --> Copying compiled mcfunction assets...
[2026, 9, 27, 13, 30, 49] ;;; build;    --> Injecting logo...
[2026, 9, 27, 13, 30, 49] ;;; build;    --> Injecting config defaults...
[2026, 9, 27, 13, 30, 49] ;;; build;    --> Handling loader specifications...
[2026, 9, 27, 13, 30, 49] ;;; build;      ---> Init Fabric...
[2026, 9, 27, 13, 30, 49] ;;; build;    --> Injecting assets...
[2026, 9, 27, 13, 30, 49] ;;; build;    --> Removing gstools jar files from non-gstools mod...
[2026, 9, 27, 13, 30, 49] ;;; build;    --> Injecting block tags...
[2026, 9, 27, 13, 30, 49] ;;; build;    --> Duplicating function folder for backported versions...
[2026, 9, 27, 13, 30, 49] ;;; build;    --> Packing into jar file...
[2026, 9, 27, 13, 30, 50] ;;; build;    --> Cleaning Up...
[2026, 9, 27, 13, 30, 51] ;;; build;    --> Done.
[2026, 9, 27, 13, 30, 51] ;;; build;    > Compiling for fabric-26.3...
[2026, 9, 27, 13, 30, 51] ;;; build;    --> Cleaning temp directory...
[2026, 9, 27, 13, 30, 51] ;;; build;    --> Unpacking base jar file...
[2026, 9, 27, 13, 30, 51] ;;; build;    --> Copying compiled mcfunction assets...
[2026, 9, 27, 13, 30, 53] ;;; build;    --> Injecting logo...
[2026, 9, 27, 13, 30, 53] ;;; build;    --> Injecting config defaults...
[2026, 9, 27, 13, 30, 53] ;;; build;    --> Handling loader specifications...
[2026, 9, 27, 13, 30, 53] ;;; build;      ---> Init Fabric...
[2026, 9, 27, 13, 30, 53] ;;; build;    --> Injecting assets...
[2026, 9, 27, 13, 30, 53] ;;; build;    --> Removing gstools jar files from non-gstools mod...
[2026, 9, 27, 13, 30, 53] ;;; build;    --> Injecting block tags...
[2026, 9, 27, 13, 30, 53] ;;; build;    --> Duplicating function folder for backported versions...
[2026, 9, 27, 13, 30, 53] ;;; build;    --> Packing into jar file...
[2026, 9, 27, 13, 30, 54] ;;; build;    --> Cleaning Up...
[2026, 9, 27, 13, 30, 55] ;;; build;    --> Done.
[2026, 9, 27, 13, 30, 55] ;;; build;    > Compiling for forge-1.19.4...
[2026, 9, 27, 13, 30, 55] ;;; build;    --> Cleaning temp directory...
[2026, 9, 27, 13, 30, 55] ;;; build;    --> Unpacking base jar file...
[2026, 9, 27, 13, 30, 56] ;;; build;    --> Copying compiled mcfunction assets...
[2026, 9, 27, 13, 30, 57] ;;; build;    --> Injecting logo...
[2026, 9, 27, 13, 30, 57] ;;; build;    --> Injecting config defaults...
[2026, 9, 27, 13, 30, 57] ;;; build;    --> Handling loader specifications...
[2026, 9, 27, 13, 30, 57] ;;; build;      ---> Init Forge...
[2026, 9, 27, 13, 30, 57] ;;; build;    --> Injecting assets...
[2026, 9, 27, 13, 30, 57] ;;; build;    --> Removing gstools jar files from non-gstools mod...
[2026, 9, 27, 13, 30, 57] ;;; build;    --> Base Mod Compile Requirment Detected! Compiling...
[2026, 9, 27, 13, 30, 57] ;;; build;      ---> Cleaning prior...
[2026, 9, 27, 13, 30, 57] ;;; build;      ---> Cloning basemod...
[2026, 9, 27, 13, 30, 57] ;;; build;      ---> Batch remaning...
[2026, 9, 27, 13, 30, 57] ;;; build;      ---> Running gradle...
[2026, 9, 27, 13, 31, 2] ;;; build;      ---> Unpacking generated jar file...
[2026, 9, 27, 13, 31, 2] ;;; build;      ---> Injecting generated assets into temp dir...
[2026, 9, 27, 13, 31, 2] ;;; build;    --> Injecting block tags...
[2026, 9, 27, 13, 31, 2] ;;; build;    --> Duplicating function folder for backported versions...
[2026, 9, 27, 13, 31, 2] ;;; build;    --> Packing into jar file...
[2026, 9, 27, 13, 31, 3] ;;; build;    --> Cleaning Up...
[2026, 9, 27, 13, 31, 4] ;;; build;    --> Done.
[2026, 9, 27, 13, 31, 4] ;;; build;    > Compiling for forge-1.20.1...
[2026, 9, 27, 13, 31, 4] ;;; build;    --> Cleaning temp directory...
[2026, 9, 27, 13, 31, 4] ;;; build;    --> Unpacking base jar file...
[2026, 9, 27, 13, 31, 5] ;;; build;    --> Copying compiled mcfunction assets...
[2026, 9, 27, 13, 31, 6] ;;; build;    --> Injecting logo...
[2026, 9, 27, 13, 31, 6] ;;; build;    --> Injecting config defaults...
[2026, 9, 27, 13, 31, 6] ;;; build;    --> Handling loader specifications...
[2026, 9, 27, 13, 31, 6] ;;; build;      ---> Init Forge...
[2026, 9, 27, 13, 31, 6] ;;; build;    --> Injecting assets...
[2026, 9, 27, 13, 31, 6] ;;; build;    --> Removing gstools jar files from non-gstools mod...
[2026, 9, 27, 13, 31, 6] ;;; build;    --> Base Mod Compile Requirment Detected! Compiling...
[2026, 9, 27, 13, 31, 6] ;;; build;      ---> Cleaning prior...
[2026, 9, 27, 13, 31, 6] ;;; build;      ---> Cloning basemod...
[2026, 9, 27, 13, 31, 6] ;;; build;      ---> Batch remaning...
[2026, 9, 27, 13, 31, 6] ;;; build;      ---> Running gradle...
[2026, 9, 27, 13, 31, 11] ;;; build;      ---> Unpacking generated jar file...
[2026, 9, 27, 13, 31, 11] ;;; build;      ---> Injecting generated assets into temp dir...
[2026, 9, 27, 13, 31, 11] ;;; build;    --> Injecting block tags...
[2026, 9, 27, 13, 31, 11] ;;; build;    --> Duplicating function folder for backported versions...
[2026, 9, 27, 13, 31, 11] ;;; build;    --> Packing into jar file...
[2026, 9, 27, 13, 31, 12] ;;; build;    --> Cleaning Up...
[2026, 9, 27, 13, 31, 12] ;;; build;    --> Done.
[2026, 9, 27, 13, 31, 12] ;;; build;    > Compiling for neoforge-1.20.4...
[2026, 9, 27, 13, 31, 12] ;;; build;    --> Cleaning temp directory...
[2026, 9, 27, 13, 31, 13] ;;; build;    --> Unpacking base jar file...
[2026, 9, 27, 13, 31, 13] ;;; build;    --> Copying compiled mcfunction assets...
[2026, 9, 27, 13, 31, 14] ;;; build;    --> Injecting logo...
[2026, 9, 27, 13, 31, 14] ;;; build;    --> Injecting config defaults...
[2026, 9, 27, 13, 31, 14] ;;; build;    --> Handling loader specifications...
[2026, 9, 27, 13, 31, 14] ;;; build;      ---> Init Neoforge...
[2026, 9, 27, 13, 31, 14] ;;; build;    --> Injecting assets...
[2026, 9, 27, 13, 31, 14] ;;; build;    --> Removing gstools jar files from non-gstools mod...
[2026, 9, 27, 13, 31, 14] ;;; build;    --> Base Mod Compile Requirment Detected! Compiling...
[2026, 9, 27, 13, 31, 14] ;;; build;      ---> Cleaning prior...
[2026, 9, 27, 13, 31, 14] ;;; build;      ---> Cloning basemod...
[2026, 9, 27, 13, 31, 14] ;;; build;      ---> Batch remaning...
[2026, 9, 27, 13, 31, 14] ;;; build;      ---> Running gradle...
[2026, 9, 27, 13, 31, 18] ;;; build;      ---> Unpacking generated jar file...
[2026, 9, 27, 13, 31, 18] ;;; build;      ---> Injecting generated assets into temp dir...
[2026, 9, 27, 13, 31, 18] ;;; build;    --> Injecting block tags...
[2026, 9, 27, 13, 31, 18] ;;; build;    --> Duplicating function folder for backported versions...
[2026, 9, 27, 13, 31, 18] ;;; build;    --> Packing into jar file...
[2026, 9, 27, 13, 31, 19] ;;; build;    --> Cleaning Up...
[2026, 9, 27, 13, 31, 20] ;;; build;    --> Done.
[2026, 9, 27, 13, 31, 20] ;;; build;    > Compiling for neoforge-1.20.6...
[2026, 9, 27, 13, 31, 20] ;;; build;    --> Cleaning temp directory...
[2026, 9, 27, 13, 31, 20] ;;; build;    --> Unpacking base jar file...
[2026, 9, 27, 13, 31, 20] ;;; build;    --> Copying compiled mcfunction assets...
[2026, 9, 27, 13, 31, 21] ;;; build;    --> Injecting logo...
[2026, 9, 27, 13, 31, 21] ;;; build;    --> Injecting config defaults...
[2026, 9, 27, 13, 31, 21] ;;; build;    --> Handling loader specifications...
[2026, 9, 27, 13, 31, 21] ;;; build;      ---> Init Neoforge...
[2026, 9, 27, 13, 31, 21] ;;; build;    --> Injecting assets...
[2026, 9, 27, 13, 31, 22] ;;; build;    --> Removing gstools jar files from non-gstools mod...
[2026, 9, 27, 13, 31, 22] ;;; build;    --> Injecting block tags...
[2026, 9, 27, 13, 31, 22] ;;; build;    --> Duplicating function folder for backported versions...
[2026, 9, 27, 13, 31, 22] ;;; build;    --> Packing into jar file...
[2026, 9, 27, 13, 31, 22] ;;; build;    --> Cleaning Up...
[2026, 9, 27, 13, 31, 23] ;;; build;    --> Done.
[2026, 9, 27, 13, 31, 23] ;;; build;    > Compiling for neoforge-1.21.1...
[2026, 9, 27, 13, 31, 23] ;;; build;    --> Cleaning temp directory...
[2026, 9, 27, 13, 31, 24] ;;; build;    --> Unpacking base jar file...
[2026, 9, 27, 13, 31, 24] ;;; build;    --> Copying compiled mcfunction assets...
[2026, 9, 27, 13, 31, 25] ;;; build;    --> Injecting logo...
[2026, 9, 27, 13, 31, 25] ;;; build;    --> Injecting config defaults...
[2026, 9, 27, 13, 31, 25] ;;; build;    --> Handling loader specifications...
[2026, 9, 27, 13, 31, 25] ;;; build;      ---> Init Neoforge...
[2026, 9, 27, 13, 31, 25] ;;; build;      ---> Weather2 Compat Requirment Detected.
[2026, 9, 27, 13, 31, 25] ;;; build;    --> Injecting assets...
[2026, 9, 27, 13, 31, 25] ;;; build;    --> Removing gstools jar files from non-gstools mod...
[2026, 9, 27, 13, 31, 25] ;;; build;    --> Injecting block tags...
[2026, 9, 27, 13, 31, 25] ;;; build;    --> Duplicating function folder for backported versions...
[2026, 9, 27, 13, 31, 25] ;;; build;    --> Packing into jar file...
[2026, 9, 27, 13, 31, 26] ;;; build;    --> Cleaning Up...
[2026, 9, 27, 13, 31, 27] ;;; build;    --> Done.
[2026, 9, 27, 13, 31, 27] ;;; build;    > Compiling for neoforge-1.21.2...
[2026, 9, 27, 13, 31, 27] ;;; build;    --> Cleaning temp directory...
[2026, 9, 27, 13, 31, 27] ;;; build;    --> Unpacking base jar file...
[2026, 9, 27, 13, 31, 27] ;;; build;    --> Copying compiled mcfunction assets...
[2026, 9, 27, 13, 31, 28] ;;; build;    --> Injecting logo...
[2026, 9, 27, 13, 31, 28] ;;; build;    --> Injecting config defaults...
[2026, 9, 27, 13, 31, 29] ;;; build;    --> Handling loader specifications...
[2026, 9, 27, 13, 31, 29] ;;; build;      ---> Init Neoforge...
[2026, 9, 27, 13, 31, 29] ;;; build;    --> Injecting assets...
[2026, 9, 27, 13, 31, 29] ;;; build;    --> Removing gstools jar files from non-gstools mod...
[2026, 9, 27, 13, 31, 29] ;;; build;    --> Injecting block tags...
[2026, 9, 27, 13, 31, 29] ;;; build;    --> Duplicating function folder for backported versions...
[2026, 9, 27, 13, 31, 29] ;;; build;    --> Packing into jar file...
[2026, 9, 27, 13, 31, 30] ;;; build;    --> Cleaning Up...
[2026, 9, 27, 13, 31, 30] ;;; build;    --> Done.
[2026, 9, 27, 13, 31, 30] ;;; build;    > Compiling for neoforge-1.21.4...
[2026, 9, 27, 13, 31, 30] ;;; build;    --> Cleaning temp directory...
[2026, 9, 27, 13, 31, 31] ;;; build;    --> Unpacking base jar file...
[2026, 9, 27, 13, 31, 31] ;;; build;    --> Copying compiled mcfunction assets...
[2026, 9, 27, 13, 31, 32] ;;; build;    --> Injecting logo...
[2026, 9, 27, 13, 31, 32] ;;; build;    --> Injecting config defaults...
[2026, 9, 27, 13, 31, 32] ;;; build;    --> Handling loader specifications...
[2026, 9, 27, 13, 31, 32] ;;; build;      ---> Init Neoforge...
[2026, 9, 27, 13, 31, 32] ;;; build;    --> Injecting assets...
[2026, 9, 27, 13, 31, 32] ;;; build;    --> Removing gstools jar files from non-gstools mod...
[2026, 9, 27, 13, 31, 32] ;;; build;    --> Injecting block tags...
[2026, 9, 27, 13, 31, 32] ;;; build;    --> Duplicating function folder for backported versions...
[2026, 9, 27, 13, 31, 32] ;;; build;    --> Packing into jar file...
[2026, 9, 27, 13, 31, 33] ;;; build;    --> Cleaning Up...
[2026, 9, 27, 13, 31, 34] ;;; build;    --> Done.
[2026, 9, 27, 13, 31, 34] ;;; build;    > Compiling for neoforge-1.21.5...
[2026, 9, 27, 13, 31, 34] ;;; build;    --> Cleaning temp directory...
[2026, 9, 27, 13, 31, 34] ;;; build;    --> Unpacking base jar file...
[2026, 9, 27, 13, 31, 34] ;;; build;    --> Copying compiled mcfunction assets...
[2026, 9, 27, 13, 31, 36] ;;; build;    --> Injecting logo...
[2026, 9, 27, 13, 31, 36] ;;; build;    --> Injecting config defaults...
[2026, 9, 27, 13, 31, 36] ;;; build;    --> Handling loader specifications...
[2026, 9, 27, 13, 31, 36] ;;; build;      ---> Init Neoforge...
[2026, 9, 27, 13, 31, 36] ;;; build;    --> Injecting assets...
[2026, 9, 27, 13, 31, 36] ;;; build;    --> Removing gstools jar files from non-gstools mod...
[2026, 9, 27, 13, 31, 36] ;;; build;    --> Injecting block tags...
[2026, 9, 27, 13, 31, 36] ;;; build;    --> Duplicating function folder for backported versions...
[2026, 9, 27, 13, 31, 36] ;;; build;    --> Packing into jar file...
[2026, 9, 27, 13, 31, 37] ;;; build;    --> Cleaning Up...
[2026, 9, 27, 13, 31, 38] ;;; build;    --> Done.
[2026, 9, 27, 13, 31, 38] ;;; build;    > Compiling for neoforge-1.21.8...
[2026, 9, 27, 13, 31, 38] ;;; build;    --> Cleaning temp directory...
[2026, 9, 27, 13, 31, 38] ;;; build;    --> Unpacking base jar file...
[2026, 9, 27, 13, 31, 38] ;;; build;    --> Copying compiled mcfunction assets...
[2026, 9, 27, 13, 31, 39] ;;; build;    --> Injecting logo...
[2026, 9, 27, 13, 31, 39] ;;; build;    --> Injecting config defaults...
[2026, 9, 27, 13, 31, 39] ;;; build;    --> Handling loader specifications...
[2026, 9, 27, 13, 31, 39] ;;; build;      ---> Init Neoforge...
[2026, 9, 27, 13, 31, 39] ;;; build;    --> Injecting assets...
[2026, 9, 27, 13, 31, 39] ;;; build;    --> Removing gstools jar files from non-gstools mod...
[2026, 9, 27, 13, 31, 39] ;;; build;    --> Injecting block tags...
[2026, 9, 27, 13, 31, 40] ;;; build;    --> Duplicating function folder for backported versions...
[2026, 9, 27, 13, 31, 40] ;;; build;    --> Packing into jar file...
[2026, 9, 27, 13, 31, 40] ;;; build;    --> Cleaning Up...
[2026, 9, 27, 13, 31, 41] ;;; build;    --> Done.
[2026, 9, 27, 13, 31, 41] ;;; build;    > Compiling for neoforge-26.1...
[2026, 9, 27, 13, 31, 41] ;;; build;    --> Cleaning temp directory...
[2026, 9, 27, 13, 31, 42] ;;; build;    --> Unpacking base jar file...
[2026, 9, 27, 13, 31, 42] ;;; build;    --> Copying compiled mcfunction assets...
[2026, 9, 27, 13, 31, 43] ;;; build;    --> Injecting logo...
[2026, 9, 27, 13, 31, 43] ;;; build;    --> Injecting config defaults...
[2026, 9, 27, 13, 31, 43] ;;; build;    --> Handling loader specifications...
[2026, 9, 27, 13, 31, 43] ;;; build;      ---> Init Neoforge...
[2026, 9, 27, 13, 31, 43] ;;; build;    --> Injecting assets...
[2026, 9, 27, 13, 31, 43] ;;; build;    --> Removing gstools jar files from non-gstools mod...
[2026, 9, 27, 13, 31, 43] ;;; build;    --> Injecting block tags...
[2026, 9, 27, 13, 31, 43] ;;; build;    --> Duplicating function folder for backported versions...
[2026, 9, 27, 13, 31, 43] ;;; build;    --> Packing into jar file...
[2026, 9, 27, 13, 31, 44] ;;; build;    --> Cleaning Up...
[2026, 9, 27, 13, 31, 45] ;;; build;    --> Done.
[2026, 9, 27, 13, 31, 45] ;;; build;    > Compiling for neoforge-26.2...
[2026, 9, 27, 13, 31, 45] ;;; build;    --> Cleaning temp directory...
[2026, 9, 27, 13, 31, 45] ;;; build;    --> Unpacking base jar file...
[2026, 9, 27, 13, 31, 45] ;;; build;    --> Copying compiled mcfunction assets...
[2026, 9, 27, 13, 31, 46] ;;; build;    --> Injecting logo...
[2026, 9, 27, 13, 31, 46] ;;; build;    --> Injecting config defaults...
[2026, 9, 27, 13, 31, 46] ;;; build;    --> Handling loader specifications...
[2026, 9, 27, 13, 31, 46] ;;; build;      ---> Init Neoforge...
[2026, 9, 27, 13, 31, 46] ;;; build;    --> Injecting assets...
[2026, 9, 27, 13, 31, 46] ;;; build;    --> Removing gstools jar files from non-gstools mod...
[2026, 9, 27, 13, 31, 46] ;;; build;    --> Injecting block tags...
[2026, 9, 27, 13, 31, 46] ;;; build;    --> Duplicating function folder for backported versions...
[2026, 9, 27, 13, 31, 46] ;;; build;    --> Packing into jar file...
[2026, 9, 27, 13, 31, 47] ;;; build;    --> Cleaning Up...
[2026, 9, 27, 13, 31, 48] ;;; build;    --> Done.
[2026, 9, 27, 13, 31, 48] ;;; build;    > Compiling for neoforge-26.3...
[2026, 9, 27, 13, 31, 48] ;;; build;    --> Cleaning temp directory...
[2026, 9, 27, 13, 31, 48] ;;; build;    --> Unpacking base jar file...
[2026, 9, 27, 13, 31, 48] ;;; build;    --> Copying compiled mcfunction assets...
[2026, 9, 27, 13, 31, 50] ;;; build;    --> Injecting logo...
[2026, 9, 27, 13, 31, 50] ;;; build;    --> Injecting config defaults...
[2026, 9, 27, 13, 31, 50] ;;; build;    --> Handling loader specifications...
[2026, 9, 27, 13, 31, 50] ;;; build;      ---> Init Neoforge...
[2026, 9, 27, 13, 31, 50] ;;; build;    --> Injecting assets...
[2026, 9, 27, 13, 31, 50] ;;; build;    --> Removing gstools jar files from non-gstools mod...
[2026, 9, 27, 13, 31, 50] ;;; build;    --> Injecting block tags...
[2026, 9, 27, 13, 31, 50] ;;; build;    --> Duplicating function folder for backported versions...
[2026, 9, 27, 13, 31, 50] ;;; build;    --> Packing into jar file...
[2026, 9, 27, 13, 31, 51] ;;; build;    --> Cleaning Up...
[2026, 9, 27, 13, 31, 52] ;;; build;    --> Done.
[2026, 9, 27, 13, 31, 52] ;;; build;    > Renaming zip files to jar files...
[2026, 9, 27, 13, 31, 52] ;;; build;    > Resetting to cached game versions config...
[2026, 9, 27, 13, 31, 52] ;;; build;    > Build Complete.
[2026, 9, 27, 13, 31, 52] ;;; build; Compiling datapack undead_expanded into mod...
[2026, 9, 27, 13, 31, 52] ;;; build;    > Detecting split versions...
[2026, 9, 27, 13, 31, 52] ;;; build;    --> Nothing to delete after.
[2026, 9, 27, 13, 31, 52] ;;; build;    > Beginning build block...
[2026, 9, 27, 13, 31, 52] ;;; build;    > Compiling for fabric-1.21.8...
[2026, 9, 27, 13, 31, 52] ;;; build;    --> Cleaning temp directory...
[2026, 9, 27, 13, 31, 59] ;;; build;    --> Unpacking base jar file...
[2026, 9, 27, 13, 32, 0] ;;; build;    --> Copying compiled mcfunction assets...
[2026, 9, 27, 13, 32, 0] ;;; build;    --> Injecting logo...
[2026, 9, 27, 13, 32, 0] ;;; build;    --> Injecting config defaults...
[2026, 9, 27, 13, 32, 0] ;;; build;    --> Handling loader specifications...
[2026, 9, 27, 13, 32, 0] ;;; build;      ---> Init Fabric...
[2026, 9, 27, 13, 32, 0] ;;; build;    --> Injecting assets...
[2026, 9, 27, 13, 32, 0] ;;; build;    --> Removing gstools jar files from non-gstools mod...
[2026, 9, 27, 13, 32, 0] ;;; build;    --> Injecting block tags...
[2026, 9, 27, 13, 32, 0] ;;; build;    --> Duplicating function folder for backported versions...
[2026, 9, 27, 13, 32, 0] ;;; build;    --> Packing into jar file...
[2026, 9, 27, 13, 32, 5] ;;; build;    --> Cleaning Up...
[2026, 9, 27, 13, 32, 7] ;;; build;    --> Done.
[2026, 9, 27, 13, 32, 7] ;;; build;    > Compiling for fabric-1.21.9...
[2026, 9, 27, 13, 32, 7] ;;; build;    --> Cleaning temp directory...
[2026, 9, 27, 13, 32, 7] ;;; build;    --> Unpacking base jar file...
[2026, 9, 27, 13, 32, 7] ;;; build;    --> Copying compiled mcfunction assets...
[2026, 9, 27, 13, 32, 8] ;;; build;    --> Injecting logo...
[2026, 9, 27, 13, 32, 8] ;;; build;    --> Injecting config defaults...
[2026, 9, 27, 13, 32, 8] ;;; build;    --> Handling loader specifications...
[2026, 9, 27, 13, 32, 8] ;;; build;      ---> Init Fabric...
[2026, 9, 27, 13, 32, 8] ;;; build;    --> Injecting assets...
[2026, 9, 27, 13, 32, 8] ;;; build;    --> Removing gstools jar files from non-gstools mod...
[2026, 9, 27, 13, 32, 8] ;;; build;    --> Injecting block tags...
[2026, 9, 27, 13, 32, 8] ;;; build;    --> Duplicating function folder for backported versions...
[2026, 9, 27, 13, 32, 8] ;;; build;    --> Packing into jar file...
[2026, 9, 27, 13, 32, 12] ;;; build;    --> Cleaning Up...
[2026, 9, 27, 13, 32, 14] ;;; build;    --> Done.
[2026, 9, 27, 13, 32, 14] ;;; build;    > Compiling for fabric-26.1...
[2026, 9, 27, 13, 32, 14] ;;; build;    --> Cleaning temp directory...
[2026, 9, 27, 13, 32, 14] ;;; build;    --> Unpacking base jar file...
[2026, 9, 27, 13, 32, 14] ;;; build;    --> Copying compiled mcfunction assets...
[2026, 9, 27, 13, 32, 14] ;;; build;    --> Injecting logo...
[2026, 9, 27, 13, 32, 14] ;;; build;    --> Injecting config defaults...
[2026, 9, 27, 13, 32, 14] ;;; build;    --> Handling loader specifications...
[2026, 9, 27, 13, 32, 14] ;;; build;      ---> Init Fabric...
[2026, 9, 27, 13, 32, 15] ;;; build;    --> Injecting assets...
[2026, 9, 27, 13, 32, 15] ;;; build;    --> Removing gstools jar files from non-gstools mod...
[2026, 9, 27, 13, 32, 15] ;;; build;    --> Injecting block tags...
[2026, 9, 27, 13, 32, 15] ;;; build;    --> Duplicating function folder for backported versions...
[2026, 9, 27, 13, 32, 15] ;;; build;    --> Packing into jar file...
[2026, 9, 27, 13, 32, 19] ;;; build;    --> Cleaning Up...
[2026, 9, 27, 13, 32, 21] ;;; build;    --> Done.
[2026, 9, 27, 13, 32, 21] ;;; build;    > Compiling for fabric-26.2...
[2026, 9, 27, 13, 32, 21] ;;; build;    --> Cleaning temp directory...
[2026, 9, 27, 13, 32, 21] ;;; build;    --> Unpacking base jar file...
[2026, 9, 27, 13, 32, 21] ;;; build;    --> Copying compiled mcfunction assets...
[2026, 9, 27, 13, 32, 21] ;;; build;    --> Injecting logo...
[2026, 9, 27, 13, 32, 21] ;;; build;    --> Injecting config defaults...
[2026, 9, 27, 13, 32, 21] ;;; build;    --> Handling loader specifications...
[2026, 9, 27, 13, 32, 21] ;;; build;      ---> Init Fabric...
[2026, 9, 27, 13, 32, 21] ;;; build;    --> Injecting assets...
[2026, 9, 27, 13, 32, 22] ;;; build;    --> Removing gstools jar files from non-gstools mod...
[2026, 9, 27, 13, 32, 22] ;;; build;    --> Injecting block tags...
[2026, 9, 27, 13, 32, 22] ;;; build;    --> Duplicating function folder for backported versions...
[2026, 9, 27, 13, 32, 22] ;;; build;    --> Packing into jar file...
[2026, 9, 27, 13, 32, 26] ;;; build;    --> Cleaning Up...
[2026, 9, 27, 13, 32, 27] ;;; build;    --> Done.
[2026, 9, 27, 13, 32, 27] ;;; build;    > Compiling for fabric-26.3...
[2026, 9, 27, 13, 32, 27] ;;; build;    --> Cleaning temp directory...
[2026, 9, 27, 13, 32, 28] ;;; build;    --> Unpacking base jar file...
[2026, 9, 27, 13, 32, 28] ;;; build;    --> Copying compiled mcfunction assets...
[2026, 9, 27, 13, 32, 28] ;;; build;    --> Injecting logo...
[2026, 9, 27, 13, 32, 28] ;;; build;    --> Injecting config defaults...
[2026, 9, 27, 13, 32, 28] ;;; build;    --> Handling loader specifications...
[2026, 9, 27, 13, 32, 28] ;;; build;      ---> Init Fabric...
[2026, 9, 27, 13, 32, 28] ;;; build;    --> Injecting assets...
[2026, 9, 27, 13, 32, 28] ;;; build;    --> Removing gstools jar files from non-gstools mod...
[2026, 9, 27, 13, 32, 28] ;;; build;    --> Injecting block tags...
[2026, 9, 27, 13, 32, 28] ;;; build;    --> Duplicating function folder for backported versions...
[2026, 9, 27, 13, 32, 28] ;;; build;    --> Packing into jar file...
[2026, 9, 27, 13, 32, 33] ;;; build;    --> Cleaning Up...
[2026, 9, 27, 13, 32, 34] ;;; build;    --> Done.
[2026, 9, 27, 13, 32, 34] ;;; build;    > Compiling for forge-1.19.4...
[2026, 9, 27, 13, 32, 34] ;;; build;    --> Cleaning temp directory...
[2026, 9, 27, 13, 32, 34] ;;; build;    --> Unpacking base jar file...
[2026, 9, 27, 13, 32, 35] ;;; build;    --> Copying compiled mcfunction assets...
[2026, 9, 27, 13, 32, 35] ;;; build;    --> Injecting logo...
[2026, 9, 27, 13, 32, 35] ;;; build;    --> Injecting config defaults...
[2026, 9, 27, 13, 32, 35] ;;; build;    --> Handling loader specifications...
[2026, 9, 27, 13, 32, 35] ;;; build;      ---> Init Forge...
[2026, 9, 27, 13, 32, 35] ;;; build;    --> Injecting assets...
[2026, 9, 27, 13, 32, 35] ;;; build;    --> Removing gstools jar files from non-gstools mod...
[2026, 9, 27, 13, 32, 35] ;;; build;    --> Base Mod Compile Requirment Detected! Compiling...
[2026, 9, 27, 13, 32, 35] ;;; build;      ---> Cleaning prior...
[2026, 9, 27, 13, 32, 35] ;;; build;      ---> Cloning basemod...
[2026, 9, 27, 13, 32, 35] ;;; build;      ---> Batch remaning...
[2026, 9, 27, 13, 32, 35] ;;; build;      ---> Running gradle...
[2026, 9, 27, 13, 32, 40] ;;; build;      ---> Unpacking generated jar file...
[2026, 9, 27, 13, 32, 40] ;;; build;      ---> Injecting generated assets into temp dir...
[2026, 9, 27, 13, 32, 40] ;;; build;    --> Injecting block tags...
[2026, 9, 27, 13, 32, 40] ;;; build;    --> Duplicating function folder for backported versions...
[2026, 9, 27, 13, 32, 40] ;;; build;    --> Packing into jar file...
[2026, 9, 27, 13, 32, 45] ;;; build;    --> Cleaning Up...
[2026, 9, 27, 13, 32, 46] ;;; build;    --> Done.
[2026, 9, 27, 13, 32, 46] ;;; build;    > Compiling for forge-1.20.1...
[2026, 9, 27, 13, 32, 46] ;;; build;    --> Cleaning temp directory...
[2026, 9, 27, 13, 32, 46] ;;; build;    --> Unpacking base jar file...
[2026, 9, 27, 13, 32, 46] ;;; build;    --> Copying compiled mcfunction assets...
[2026, 9, 27, 13, 32, 46] ;;; build;    --> Injecting logo...
[2026, 9, 27, 13, 32, 46] ;;; build;    --> Injecting config defaults...
[2026, 9, 27, 13, 32, 46] ;;; build;    --> Handling loader specifications...
[2026, 9, 27, 13, 32, 46] ;;; build;      ---> Init Forge...
[2026, 9, 27, 13, 32, 46] ;;; build;    --> Injecting assets...
[2026, 9, 27, 13, 32, 47] ;;; build;    --> Removing gstools jar files from non-gstools mod...
[2026, 9, 27, 13, 32, 47] ;;; build;    --> Base Mod Compile Requirment Detected! Compiling...
[2026, 9, 27, 13, 32, 47] ;;; build;      ---> Cleaning prior...
[2026, 9, 27, 13, 32, 47] ;;; build;      ---> Cloning basemod...
[2026, 9, 27, 13, 32, 47] ;;; build;      ---> Batch remaning...
[2026, 9, 27, 13, 32, 47] ;;; build;      ---> Running gradle...
[2026, 9, 27, 13, 32, 51] ;;; build;      ---> Unpacking generated jar file...
[2026, 9, 27, 13, 32, 51] ;;; build;      ---> Injecting generated assets into temp dir...
[2026, 9, 27, 13, 32, 51] ;;; build;    --> Injecting block tags...
[2026, 9, 27, 13, 32, 51] ;;; build;    --> Duplicating function folder for backported versions...
[2026, 9, 27, 13, 32, 51] ;;; build;    --> Packing into jar file...
[2026, 9, 27, 13, 32, 56] ;;; build;    --> Cleaning Up...
[2026, 9, 27, 13, 32, 57] ;;; build;    --> Done.
[2026, 9, 27, 13, 32, 57] ;;; build;    > Compiling for neoforge-1.20.4...
[2026, 9, 27, 13, 32, 57] ;;; build;    --> Cleaning temp directory...
[2026, 9, 27, 13, 32, 57] ;;; build;    --> Unpacking base jar file...
[2026, 9, 27, 13, 32, 57] ;;; build;    --> Copying compiled mcfunction assets...
[2026, 9, 27, 13, 32, 58] ;;; build;    --> Injecting logo...
[2026, 9, 27, 13, 32, 58] ;;; build;    --> Injecting config defaults...
[2026, 9, 27, 13, 32, 58] ;;; build;    --> Handling loader specifications...
[2026, 9, 27, 13, 32, 58] ;;; build;      ---> Init Neoforge...
[2026, 9, 27, 13, 32, 58] ;;; build;    --> Injecting assets...
[2026, 9, 27, 13, 32, 58] ;;; build;    --> Removing gstools jar files from non-gstools mod...
[2026, 9, 27, 13, 32, 58] ;;; build;    --> Base Mod Compile Requirment Detected! Compiling...
[2026, 9, 27, 13, 32, 58] ;;; build;      ---> Cleaning prior...
[2026, 9, 27, 13, 32, 58] ;;; build;      ---> Cloning basemod...
[2026, 9, 27, 13, 32, 58] ;;; build;      ---> Batch remaning...
[2026, 9, 27, 13, 32, 58] ;;; build;      ---> Running gradle...
[2026, 9, 27, 13, 33, 1] ;;; build;      ---> Unpacking generated jar file...
[2026, 9, 27, 13, 33, 1] ;;; build;      ---> Injecting generated assets into temp dir...
[2026, 9, 27, 13, 33, 1] ;;; build;    --> Injecting block tags...
[2026, 9, 27, 13, 33, 1] ;;; build;    --> Duplicating function folder for backported versions...
[2026, 9, 27, 13, 33, 1] ;;; build;    --> Packing into jar file...
[2026, 9, 27, 13, 33, 6] ;;; build;    --> Cleaning Up...
[2026, 9, 27, 13, 33, 7] ;;; build;    --> Done.
[2026, 9, 27, 13, 33, 7] ;;; build;    > Compiling for neoforge-1.20.6...
[2026, 9, 27, 13, 33, 7] ;;; build;    --> Cleaning temp directory...
[2026, 9, 27, 13, 33, 7] ;;; build;    --> Unpacking base jar file...
[2026, 9, 27, 13, 33, 7] ;;; build;    --> Copying compiled mcfunction assets...
[2026, 9, 27, 13, 33, 8] ;;; build;    --> Injecting logo...
[2026, 9, 27, 13, 33, 8] ;;; build;    --> Injecting config defaults...
[2026, 9, 27, 13, 33, 8] ;;; build;    --> Handling loader specifications...
[2026, 9, 27, 13, 33, 8] ;;; build;      ---> Init Neoforge...
[2026, 9, 27, 13, 33, 8] ;;; build;    --> Injecting assets...
[2026, 9, 27, 13, 33, 8] ;;; build;    --> Removing gstools jar files from non-gstools mod...
[2026, 9, 27, 13, 33, 8] ;;; build;    --> Injecting block tags...
[2026, 9, 27, 13, 33, 8] ;;; build;    --> Duplicating function folder for backported versions...
[2026, 9, 27, 13, 33, 8] ;;; build;    --> Packing into jar file...
[2026, 9, 27, 13, 33, 12] ;;; build;    --> Cleaning Up...
[2026, 9, 27, 13, 33, 13] ;;; build;    --> Done.
[2026, 9, 27, 13, 33, 13] ;;; build;    > Compiling for neoforge-1.21.1...
[2026, 9, 27, 13, 33, 13] ;;; build;    --> Cleaning temp directory...
[2026, 9, 27, 13, 33, 14] ;;; build;    --> Unpacking base jar file...
[2026, 9, 27, 13, 33, 14] ;;; build;    --> Copying compiled mcfunction assets...
[2026, 9, 27, 13, 33, 14] ;;; build;    --> Injecting logo...
[2026, 9, 27, 13, 33, 14] ;;; build;    --> Injecting config defaults...
[2026, 9, 27, 13, 33, 14] ;;; build;    --> Handling loader specifications...
[2026, 9, 27, 13, 33, 14] ;;; build;      ---> Init Neoforge...
[2026, 9, 27, 13, 33, 14] ;;; build;      ---> Weather2 Compat Requirment Detected.
[2026, 9, 27, 13, 33, 14] ;;; build;    --> Injecting assets...
[2026, 9, 27, 13, 33, 14] ;;; build;    --> Removing gstools jar files from non-gstools mod...
[2026, 9, 27, 13, 33, 15] ;;; build;    --> Injecting block tags...
[2026, 9, 27, 13, 33, 15] ;;; build;    --> Duplicating function folder for backported versions...
[2026, 9, 27, 13, 33, 15] ;;; build;    --> Packing into jar file...
[2026, 9, 27, 13, 33, 19] ;;; build;    --> Cleaning Up...
[2026, 9, 27, 13, 33, 20] ;;; build;    --> Done.
[2026, 9, 27, 13, 33, 20] ;;; build;    > Compiling for neoforge-1.21.2...
[2026, 9, 27, 13, 33, 20] ;;; build;    --> Cleaning temp directory...
[2026, 9, 27, 13, 33, 21] ;;; build;    --> Unpacking base jar file...
[2026, 9, 27, 13, 33, 21] ;;; build;    --> Copying compiled mcfunction assets...
[2026, 9, 27, 13, 33, 21] ;;; build;    --> Injecting logo...
[2026, 9, 27, 13, 33, 21] ;;; build;    --> Injecting config defaults...
[2026, 9, 27, 13, 33, 21] ;;; build;    --> Handling loader specifications...
[2026, 9, 27, 13, 33, 21] ;;; build;      ---> Init Neoforge...
[2026, 9, 27, 13, 33, 21] ;;; build;    --> Injecting assets...
[2026, 9, 27, 13, 33, 21] ;;; build;    --> Removing gstools jar files from non-gstools mod...
[2026, 9, 27, 13, 33, 21] ;;; build;    --> Injecting block tags...
[2026, 9, 27, 13, 33, 21] ;;; build;    --> Duplicating function folder for backported versions...
[2026, 9, 27, 13, 33, 21] ;;; build;    --> Packing into jar file...
[2026, 9, 27, 13, 33, 26] ;;; build;    --> Cleaning Up...
[2026, 9, 27, 13, 33, 27] ;;; build;    --> Done.
[2026, 9, 27, 13, 33, 27] ;;; build;    > Compiling for neoforge-1.21.4...
[2026, 9, 27, 13, 33, 27] ;;; build;    --> Cleaning temp directory...
[2026, 9, 27, 13, 33, 27] ;;; build;    --> Unpacking base jar file...
[2026, 9, 27, 13, 33, 27] ;;; build;    --> Copying compiled mcfunction assets...
[2026, 9, 27, 13, 33, 28] ;;; build;    --> Injecting logo...
[2026, 9, 27, 13, 33, 28] ;;; build;    --> Injecting config defaults...
[2026, 9, 27, 13, 33, 28] ;;; build;    --> Handling loader specifications...
[2026, 9, 27, 13, 33, 28] ;;; build;      ---> Init Neoforge...
[2026, 9, 27, 13, 33, 28] ;;; build;    --> Injecting assets...
[2026, 9, 27, 13, 33, 28] ;;; build;    --> Removing gstools jar files from non-gstools mod...
[2026, 9, 27, 13, 33, 28] ;;; build;    --> Injecting block tags...
[2026, 9, 27, 13, 33, 28] ;;; build;    --> Duplicating function folder for backported versions...
[2026, 9, 27, 13, 33, 28] ;;; build;    --> Packing into jar file...
[2026, 9, 27, 13, 33, 32] ;;; build;    --> Cleaning Up...
[2026, 9, 27, 13, 33, 34] ;;; build;    --> Done.
[2026, 9, 27, 13, 33, 34] ;;; build;    > Compiling for neoforge-1.21.5...
[2026, 9, 27, 13, 33, 34] ;;; build;    --> Cleaning temp directory...
[2026, 9, 27, 13, 33, 34] ;;; build;    --> Unpacking base jar file...
[2026, 9, 27, 13, 33, 34] ;;; build;    --> Copying compiled mcfunction assets...
[2026, 9, 27, 13, 33, 34] ;;; build;    --> Injecting logo...
[2026, 9, 27, 13, 33, 34] ;;; build;    --> Injecting config defaults...
[2026, 9, 27, 13, 33, 34] ;;; build;    --> Handling loader specifications...
[2026, 9, 27, 13, 33, 34] ;;; build;      ---> Init Neoforge...
[2026, 9, 27, 13, 33, 34] ;;; build;    --> Injecting assets...
[2026, 9, 27, 13, 33, 35] ;;; build;    --> Removing gstools jar files from non-gstools mod...
[2026, 9, 27, 13, 33, 35] ;;; build;    --> Injecting block tags...
[2026, 9, 27, 13, 33, 35] ;;; build;    --> Duplicating function folder for backported versions...
[2026, 9, 27, 13, 33, 35] ;;; build;    --> Packing into jar file...
[2026, 9, 27, 13, 33, 39] ;;; build;    --> Cleaning Up...
[2026, 9, 27, 13, 33, 40] ;;; build;    --> Done.
[2026, 9, 27, 13, 33, 40] ;;; build;    > Compiling for neoforge-1.21.8...
[2026, 9, 27, 13, 33, 40] ;;; build;    --> Cleaning temp directory...
[2026, 9, 27, 13, 33, 41] ;;; build;    --> Unpacking base jar file...
[2026, 9, 27, 13, 33, 41] ;;; build;    --> Copying compiled mcfunction assets...
[2026, 9, 27, 13, 33, 41] ;;; build;    --> Injecting logo...
[2026, 9, 27, 13, 33, 41] ;;; build;    --> Injecting config defaults...
[2026, 9, 27, 13, 33, 41] ;;; build;    --> Handling loader specifications...
[2026, 9, 27, 13, 33, 41] ;;; build;      ---> Init Neoforge...
[2026, 9, 27, 13, 33, 41] ;;; build;    --> Injecting assets...
[2026, 9, 27, 13, 33, 41] ;;; build;    --> Removing gstools jar files from non-gstools mod...
[2026, 9, 27, 13, 33, 41] ;;; build;    --> Injecting block tags...
[2026, 9, 27, 13, 33, 42] ;;; build;    --> Duplicating function folder for backported versions...
[2026, 9, 27, 13, 33, 42] ;;; build;    --> Packing into jar file...
[2026, 9, 27, 13, 33, 46] ;;; build;    --> Cleaning Up...
[2026, 9, 27, 13, 33, 47] ;;; build;    --> Done.
[2026, 9, 27, 13, 33, 47] ;;; build;    > Compiling for neoforge-26.1...
[2026, 9, 27, 13, 33, 47] ;;; build;    --> Cleaning temp directory...
[2026, 9, 27, 13, 33, 48] ;;; build;    --> Unpacking base jar file...
[2026, 9, 27, 13, 33, 48] ;;; build;    --> Copying compiled mcfunction assets...
[2026, 9, 27, 13, 33, 48] ;;; build;    --> Injecting logo...
[2026, 9, 27, 13, 33, 48] ;;; build;    --> Injecting config defaults...
[2026, 9, 27, 13, 33, 48] ;;; build;    --> Handling loader specifications...
[2026, 9, 27, 13, 33, 48] ;;; build;      ---> Init Neoforge...
[2026, 9, 27, 13, 33, 48] ;;; build;    --> Injecting assets...
[2026, 9, 27, 13, 33, 48] ;;; build;    --> Removing gstools jar files from non-gstools mod...
[2026, 9, 27, 13, 33, 48] ;;; build;    --> Injecting block tags...
[2026, 9, 27, 13, 33, 48] ;;; build;    --> Duplicating function folder for backported versions...
[2026, 9, 27, 13, 33, 48] ;;; build;    --> Packing into jar file...
[2026, 9, 27, 13, 33, 53] ;;; build;    --> Cleaning Up...
[2026, 9, 27, 13, 33, 54] ;;; build;    --> Done.
[2026, 9, 27, 13, 33, 54] ;;; build;    > Compiling for neoforge-26.2...
[2026, 9, 27, 13, 33, 54] ;;; build;    --> Cleaning temp directory...
[2026, 9, 27, 13, 33, 54] ;;; build;    --> Unpacking base jar file...
[2026, 9, 27, 13, 33, 54] ;;; build;    --> Copying compiled mcfunction assets...
[2026, 9, 27, 13, 33, 55] ;;; build;    --> Injecting logo...
[2026, 9, 27, 13, 33, 55] ;;; build;    --> Injecting config defaults...
[2026, 9, 27, 13, 33, 55] ;;; build;    --> Handling loader specifications...
[2026, 9, 27, 13, 33, 55] ;;; build;      ---> Init Neoforge...
[2026, 9, 27, 13, 33, 55] ;;; build;    --> Injecting assets...
[2026, 9, 27, 13, 33, 55] ;;; build;    --> Removing gstools jar files from non-gstools mod...
[2026, 9, 27, 13, 33, 55] ;;; build;    --> Injecting block tags...
[2026, 9, 27, 13, 33, 55] ;;; build;    --> Duplicating function folder for backported versions...
[2026, 9, 27, 13, 33, 55] ;;; build;    --> Packing into jar file...
[2026, 9, 27, 13, 33, 59] ;;; build;    --> Cleaning Up...
[2026, 9, 27, 13, 34, 1] ;;; build;    --> Done.
[2026, 9, 27, 13, 34, 1] ;;; build;    > Compiling for neoforge-26.3...
[2026, 9, 27, 13, 34, 1] ;;; build;    --> Cleaning temp directory...
[2026, 9, 27, 13, 34, 1] ;;; build;    --> Unpacking base jar file...
[2026, 9, 27, 13, 34, 1] ;;; build;    --> Copying compiled mcfunction assets...
[2026, 9, 27, 13, 34, 1] ;;; build;    --> Injecting logo...
[2026, 9, 27, 13, 34, 1] ;;; build;    --> Injecting config defaults...
[2026, 9, 27, 13, 34, 1] ;;; build;    --> Handling loader specifications...
[2026, 9, 27, 13, 34, 1] ;;; build;      ---> Init Neoforge...
[2026, 9, 27, 13, 34, 1] ;;; build;    --> Injecting assets...
[2026, 9, 27, 13, 34, 1] ;;; build;    --> Removing gstools jar files from non-gstools mod...
[2026, 9, 27, 13, 34, 2] ;;; build;    --> Injecting block tags...
[2026, 9, 27, 13, 34, 2] ;;; build;    --> Duplicating function folder for backported versions...
[2026, 9, 27, 13, 34, 2] ;;; build;    --> Packing into jar file...
[2026, 9, 27, 13, 34, 6] ;;; build;    --> Cleaning Up...
[2026, 9, 27, 13, 34, 7] ;;; build;    --> Done.
[2026, 9, 27, 13, 34, 7] ;;; build;    > Renaming zip files to jar files...
[2026, 9, 27, 13, 34, 8] ;;; build;    > Resetting to cached game versions config...
[2026, 9, 27, 13, 34, 8] ;;; build;    > Build Complete.
[2026, 9, 27, 13, 34, 8] ;;; build; Generating release.json...
[2026, 9, 27, 13, 34, 8] ;;; build; Injecting release.json...
[2026, 9, 27, 13, 34, 8] ;;; build; Cleaning up...
[2026, 9, 27, 13, 34, 10] ;;; build; Done.