
[2026, 9, 25, 11, 52, 59] ;;; build; Proccessing Loot Tables...
[2026, 9, 25, 11, 53, 35] ;;; build; gstools-neoforge-1.21.8.jar
[2026, 9, 25, 11, 54, 2] ;;; build; Proccessing Loot Tables...
[2026, 9, 25, 11, 54, 41] ;;; build; gstools-neoforge-26.1.jar
[2026, 9, 25, 11, 55, 10] ;;; build; Proccessing Loot Tables...
[2026, 9, 25, 11, 55, 51] ;;; build; gstools-neoforge-26.2.jar
[2026, 9, 25, 11, 56, 20] ;;; build; Proccessing Loot Tables...
[2026, 9, 25, 11, 57, 6] ;;; build; gstools-neoforge-26.3.jar
[2026, 9, 25, 11, 57, 25] ;;; build; gstools-neoforge-1.21.2.jar
[2026, 9, 25, 11, 57, 37] ;;; build; gstools-neoforge-1.21.4.jar
[2026, 9, 25, 11, 57, 47] ;;; build; gstools-neoforge-1.21.5.jar
[2026, 9, 25, 11, 57, 56] ;;; build; gstools-neoforge-1.21.8.jar
[2026, 9, 25, 11, 58, 5] ;;; build; gstools-neoforge-26.1.jar
[2026, 9, 25, 11, 58, 15] ;;; build; gstools-neoforge-26.2.jar
[2026, 9, 25, 11, 58, 23] ;;; build; gstools-neoforge-26.3.jar
[2026, 9, 25, 11, 58, 33] ;;; build; gstools-fabric-1.21.8.jar
[2026, 9, 25, 11, 58, 58] ;;; build; gstools-fabric-1.21.9.jar
[2026, 9, 25, 11, 59, 15] ;;; build; gstools-fabric-26.1.jar
[2026, 9, 25, 11, 59, 33] ;;; build; gstools-fabric-26.2.jar
[2026, 9, 25, 11, 59, 51] ;;; build; gstools-fabric-26.3.jar
[2026, 9, 25, 12, 0, 9] ;;; build; gstools-forge-1.19.4.jar
[2026, 9, 25, 12, 0, 34] ;;; build; gstools-forge-1.20.1.jar
[2026, 9, 25, 12, 0, 58] ;;; build; gstools-neoforge-1.20.4.jar
[2026, 9, 25, 12, 1, 20] ;;; build; gstools-neoforge-1.20.6.jar
[2026, 9, 25, 12, 1, 38] ;;; build; gstools-neoforge-1.21.1.jar
[2026, 9, 25, 12, 1, 55] ;;; build; gstools-neoforge-1.21.2.jar
[2026, 9, 25, 12, 2, 13] ;;; build; gstools-neoforge-1.21.4.jar
[2026, 9, 25, 12, 2, 30] ;;; build; gstools-neoforge-1.21.5.jar
[2026, 9, 25, 12, 2, 46] ;;; build; gstools-neoforge-1.21.8.jar
[2026, 9, 25, 12, 3, 4] ;;; build; gstools-neoforge-26.1.jar
[2026, 9, 25, 12, 3, 21] ;;; build; gstools-neoforge-26.2.jar
[2026, 9, 25, 12, 3, 39] ;;; build; gstools-neoforge-26.3.jar
[2026, 9, 25, 12, 3, 56] ;;; build; gstools-fabric-1.21.8.jar
[2026, 9, 25, 12, 6, 45] ;;; build; gstools-fabric-1.21.9.jar
[2026, 9, 25, 12, 8, 54] ;;; build; gstools-fabric-26.1.jar
[2026, 9, 25, 12, 11, 5] ;;; build; gstools-fabric-26.2.jar
[2026, 9, 25, 12, 13, 15] ;;; build; gstools-fabric-26.3.jar
[2026, 9, 25, 12, 15, 30] ;;; build; gstools-forge-1.19.4.jar
[2026, 9, 25, 12, 18, 14] ;;; build; build.py
[2026, 9, 25, 12, 18, 14] ;;; build; --build
[2026, 9, 25, 12, 18, 14] ;;; build; --skipCompile
[2026, 9, 25, 12, 18, 14] ;;; build; --continueBuild
[2026, 9, 25, 12, 18, 14] ;;; build; Init Mod Build...
[2026, 9, 25, 12, 18, 14] ;;; build; Continuing prior build instance...
[2026, 9, 25, 12, 18, 14] ;;; build; Init resources...
[2026, 9, 25, 12, 18, 15] ;;; build; Skipping datapack compile...
[2026, 9, 25, 12, 18, 15] ;;; build; Adjusting current version as needed...
[2026, 9, 25, 12, 18, 15] ;;; build; Appending to changelog...
[2026, 9, 25, 12, 18, 15] ;;; build; Begin Complete Build Block...
[2026, 9, 25, 12, 18, 15] ;;; build; Init Build Per Datapack Compile Block...
[2026, 9, 25, 12, 18, 15] ;;; build; Compiling datapack block_decay into mod...
[2026, 9, 25, 12, 18, 15] ;;; build;    > Detecting split versions...
[2026, 9, 25, 12, 18, 15] ;;; build;    --> Version to delete after: gstools-neoforge-1.21.9.jar
[2026, 9, 25, 12, 18, 15] ;;; build;    --> Version to delete after: gstools-neoforge-1.21.10.jar
[2026, 9, 25, 12, 18, 15] ;;; build;    --> Version to delete after: gstools-neoforge-1.21.11.jar
[2026, 9, 25, 12, 18, 15] ;;; build;    --> Version to delete after: gstools-neoforge-1.21.jar
[2026, 9, 25, 12, 18, 15] ;;; build;    --> Version to delete after: gstools-fabric-1.21.10.jar
[2026, 9, 25, 12, 18, 15] ;;; build;    --> Version to delete after: gstools-fabric-1.21.11.jar
[2026, 9, 25, 12, 18, 15] ;;; build;    --> Copying modified game version cache...
[2026, 9, 25, 12, 18, 18] ;;; build;    > Beginning build block...
[2026, 9, 25, 12, 18, 18] ;;; build; Traceback (most recent call last):
  File "C:\Users\joshp\curseforge\minecraft\Instances\Alive Dev\saves\Desire Paths\datapacks_uncompiled\build.py", line 250, in compileDatapackIntoMod
    print("   > Compiling for " + jarFile.split("gstools_")[1].split(".jar")[0] + "...")
                                  ~~~~~~~~~~~~~~~~~~~~~~~~~^^^
IndexError: list index out of range

[2026, 9, 25, 12, 21, 1] ;;; build; build.py
[2026, 9, 25, 12, 21, 1] ;;; build; --build
[2026, 9, 25, 12, 21, 1] ;;; build; --skipCompile
[2026, 9, 25, 12, 21, 1] ;;; build; --continueBuild
[2026, 9, 25, 12, 21, 1] ;;; build; Init Mod Build...
[2026, 9, 25, 12, 21, 1] ;;; build; Continuing prior build instance...
[2026, 9, 25, 12, 21, 1] ;;; build; Init resources...
[2026, 9, 25, 12, 21, 2] ;;; build; Skipping datapack compile...
[2026, 9, 25, 12, 21, 2] ;;; build; Adjusting current version as needed...
[2026, 9, 25, 12, 21, 2] ;;; build; Appending to changelog...
[2026, 9, 25, 12, 21, 2] ;;; build; Begin Complete Build Block...
[2026, 9, 25, 12, 21, 2] ;;; build; Init Build Per Datapack Compile Block...
[2026, 9, 25, 12, 21, 2] ;;; build; Compiling datapack block_decay into mod...
[2026, 9, 25, 12, 21, 2] ;;; build;    > Detecting split versions...
[2026, 9, 25, 12, 21, 2] ;;; build;    --> Nothing to delete after.
[2026, 9, 25, 12, 21, 2] ;;; build;    > Beginning build block...
[2026, 9, 25, 12, 21, 2] ;;; build;    > Compiling for fabric-1.21.10...
[2026, 9, 25, 12, 21, 2] ;;; build;    --> Modfile already exists in build dir. Skipping...
[2026, 9, 25, 12, 21, 2] ;;; build;    > Compiling for fabric-1.21.11...
[2026, 9, 25, 12, 21, 2] ;;; build;    --> Modfile already exists in build dir. Skipping...
[2026, 9, 25, 12, 21, 2] ;;; build;    > Compiling for fabric-1.21.8...
[2026, 9, 25, 12, 21, 2] ;;; build;    --> Modfile already exists in build dir. Skipping...
[2026, 9, 25, 12, 21, 2] ;;; build;    > Compiling for fabric-1.21.9...
[2026, 9, 25, 12, 21, 2] ;;; build;    --> Modfile already exists in build dir. Skipping...
[2026, 9, 25, 12, 21, 2] ;;; build;    > Compiling for fabric-26.1...
[2026, 9, 25, 12, 21, 2] ;;; build;    --> Modfile already exists in build dir. Skipping...
[2026, 9, 25, 12, 21, 2] ;;; build;    > Compiling for fabric-26.2...
[2026, 9, 25, 12, 21, 2] ;;; build;    --> Modfile already exists in build dir. Skipping...
[2026, 9, 25, 12, 21, 2] ;;; build;    > Compiling for fabric-26.3...
[2026, 9, 25, 12, 21, 2] ;;; build;    --> Modfile already exists in build dir. Skipping...
[2026, 9, 25, 12, 21, 2] ;;; build;    > Compiling for forge-1.19.4...
[2026, 9, 25, 12, 21, 2] ;;; build;    --> Modfile already exists in build dir. Skipping...
[2026, 9, 25, 12, 21, 2] ;;; build;    > Compiling for forge-1.20.1...
[2026, 9, 25, 12, 21, 2] ;;; build;    --> Modfile already exists in build dir. Skipping...
[2026, 9, 25, 12, 21, 2] ;;; build;    > Compiling for neoforge-1.20.4...
[2026, 9, 25, 12, 21, 2] ;;; build;    --> Modfile already exists in build dir. Skipping...
[2026, 9, 25, 12, 21, 2] ;;; build;    > Compiling for neoforge-1.20.6...
[2026, 9, 25, 12, 21, 2] ;;; build;    --> Modfile already exists in build dir. Skipping...
[2026, 9, 25, 12, 21, 2] ;;; build;    > Compiling for neoforge-1.21.1...
[2026, 9, 25, 12, 21, 2] ;;; build;    --> Modfile already exists in build dir. Skipping...
[2026, 9, 25, 12, 21, 2] ;;; build;    > Compiling for neoforge-1.21.10...
[2026, 9, 25, 12, 21, 2] ;;; build;    --> Modfile already exists in build dir. Skipping...
[2026, 9, 25, 12, 21, 2] ;;; build;    > Compiling for neoforge-1.21.11...
[2026, 9, 25, 12, 21, 2] ;;; build;    --> Modfile already exists in build dir. Skipping...
[2026, 9, 25, 12, 21, 2] ;;; build;    > Compiling for neoforge-1.21.2...
[2026, 9, 25, 12, 21, 2] ;;; build;    --> Modfile already exists in build dir. Skipping...
[2026, 9, 25, 12, 21, 2] ;;; build;    > Compiling for neoforge-1.21.4...
[2026, 9, 25, 12, 21, 2] ;;; build;    --> Modfile already exists in build dir. Skipping...
[2026, 9, 25, 12, 21, 2] ;;; build;    > Compiling for neoforge-1.21.5...
[2026, 9, 25, 12, 21, 2] ;;; build;    --> Modfile already exists in build dir. Skipping...
[2026, 9, 25, 12, 21, 2] ;;; build;    > Compiling for neoforge-1.21.8...
[2026, 9, 25, 12, 21, 2] ;;; build;    --> Modfile already exists in build dir. Skipping...
[2026, 9, 25, 12, 21, 2] ;;; build;    > Compiling for neoforge-1.21.9...
[2026, 9, 25, 12, 21, 2] ;;; build;    --> Modfile already exists in build dir. Skipping...
[2026, 9, 25, 12, 21, 2] ;;; build;    > Compiling for neoforge-1.21...
[2026, 9, 25, 12, 21, 2] ;;; build;    --> Modfile already exists in build dir. Skipping...
[2026, 9, 25, 12, 21, 2] ;;; build;    > Compiling for neoforge-26.1...
[2026, 9, 25, 12, 21, 2] ;;; build;    --> Modfile already exists in build dir. Skipping...
[2026, 9, 25, 12, 21, 2] ;;; build;    > Compiling for neoforge-26.2...
[2026, 9, 25, 12, 21, 2] ;;; build;    --> Modfile already exists in build dir. Skipping...
[2026, 9, 25, 12, 21, 2] ;;; build;    > Compiling for neoforge-26.3...
[2026, 9, 25, 12, 21, 2] ;;; build;    --> Modfile already exists in build dir. Skipping...
[2026, 9, 25, 12, 21, 2] ;;; build;    > Renaming zip files to jar files...
[2026, 9, 25, 12, 21, 2] ;;; build;    > Resetting to cached game versions config...
[2026, 9, 25, 12, 21, 2] ;;; build;    > Build Complete.
[2026, 9, 25, 12, 21, 2] ;;; build; Compiling datapack boss_progression into mod...
[2026, 9, 25, 12, 21, 2] ;;; build;    > Detecting split versions...
[2026, 9, 25, 12, 21, 2] ;;; build;    --> Nothing to delete after.
[2026, 9, 25, 12, 21, 2] ;;; build;    > Beginning build block...
[2026, 9, 25, 12, 21, 2] ;;; build;    > Renaming zip files to jar files...
[2026, 9, 25, 12, 21, 2] ;;; build;    > Resetting to cached game versions config...
[2026, 9, 25, 12, 21, 2] ;;; build;    > Build Complete.
[2026, 9, 25, 12, 21, 2] ;;; build; Compiling datapack desire_paths into mod...
[2026, 9, 25, 12, 21, 2] ;;; build;    > Detecting split versions...
[2026, 9, 25, 12, 21, 2] ;;; build;    --> Nothing to delete after.
[2026, 9, 25, 12, 21, 2] ;;; build;    > Beginning build block...
[2026, 9, 25, 12, 21, 2] ;;; build;    > Compiling for fabric-1.21.10...
[2026, 9, 25, 12, 21, 2] ;;; build;    > Compiling for fabric-1.21.11...
[2026, 9, 25, 12, 21, 2] ;;; build;    > Compiling for fabric-1.21.8...
[2026, 9, 25, 12, 21, 2] ;;; build;    --> Modfile already exists in build dir. Skipping...
[2026, 9, 25, 12, 21, 2] ;;; build;    > Compiling for fabric-1.21.9...
[2026, 9, 25, 12, 21, 2] ;;; build;    --> Modfile already exists in build dir. Skipping...
[2026, 9, 25, 12, 21, 2] ;;; build;    > Compiling for fabric-26.1...
[2026, 9, 25, 12, 21, 2] ;;; build;    --> Modfile already exists in build dir. Skipping...
[2026, 9, 25, 12, 21, 2] ;;; build;    > Compiling for fabric-26.2...
[2026, 9, 25, 12, 21, 2] ;;; build;    --> Modfile already exists in build dir. Skipping...
[2026, 9, 25, 12, 21, 2] ;;; build;    > Compiling for fabric-26.3...
[2026, 9, 25, 12, 21, 2] ;;; build;    --> Modfile already exists in build dir. Skipping...
[2026, 9, 25, 12, 21, 2] ;;; build;    > Compiling for forge-1.19.4...
[2026, 9, 25, 12, 21, 2] ;;; build;    --> Modfile already exists in build dir. Skipping...
[2026, 9, 25, 12, 21, 2] ;;; build;    > Compiling for forge-1.20.1...
[2026, 9, 25, 12, 21, 2] ;;; build;    --> Modfile already exists in build dir. Skipping...
[2026, 9, 25, 12, 21, 2] ;;; build;    > Compiling for neoforge-1.20.4...
[2026, 9, 25, 12, 21, 2] ;;; build;    --> Modfile already exists in build dir. Skipping...
[2026, 9, 25, 12, 21, 2] ;;; build;    > Compiling for neoforge-1.20.6...
[2026, 9, 25, 12, 21, 2] ;;; build;    --> Modfile already exists in build dir. Skipping...
[2026, 9, 25, 12, 21, 2] ;;; build;    > Compiling for neoforge-1.21.1...
[2026, 9, 25, 12, 21, 2] ;;; build;    --> Modfile already exists in build dir. Skipping...
[2026, 9, 25, 12, 21, 2] ;;; build;    > Compiling for neoforge-1.21.10...
[2026, 9, 25, 12, 21, 2] ;;; build;    > Compiling for neoforge-1.21.11...
[2026, 9, 25, 12, 21, 2] ;;; build;    > Compiling for neoforge-1.21.2...
[2026, 9, 25, 12, 21, 2] ;;; build;    --> Modfile already exists in build dir. Skipping...
[2026, 9, 25, 12, 21, 2] ;;; build;    > Compiling for neoforge-1.21.4...
[2026, 9, 25, 12, 21, 2] ;;; build;    --> Modfile already exists in build dir. Skipping...
[2026, 9, 25, 12, 21, 2] ;;; build;    > Compiling for neoforge-1.21.5...
[2026, 9, 25, 12, 21, 2] ;;; build;    --> Modfile already exists in build dir. Skipping...
[2026, 9, 25, 12, 21, 2] ;;; build;    > Compiling for neoforge-1.21.8...
[2026, 9, 25, 12, 21, 2] ;;; build;    --> Modfile already exists in build dir. Skipping...
[2026, 9, 25, 12, 21, 2] ;;; build;    > Compiling for neoforge-1.21.9...
[2026, 9, 25, 12, 21, 2] ;;; build;    > Compiling for neoforge-1.21...
[2026, 9, 25, 12, 21, 2] ;;; build;    > Compiling for neoforge-26.1...
[2026, 9, 25, 12, 21, 2] ;;; build;    --> Modfile already exists in build dir. Skipping...
[2026, 9, 25, 12, 21, 2] ;;; build;    > Compiling for neoforge-26.2...
[2026, 9, 25, 12, 21, 2] ;;; build;    --> Modfile already exists in build dir. Skipping...
[2026, 9, 25, 12, 21, 2] ;;; build;    > Compiling for neoforge-26.3...
[2026, 9, 25, 12, 21, 2] ;;; build;    --> Modfile already exists in build dir. Skipping...
[2026, 9, 25, 12, 21, 2] ;;; build;    > Renaming zip files to jar files...
[2026, 9, 25, 12, 21, 2] ;;; build;    > Resetting to cached game versions config...
[2026, 9, 25, 12, 21, 2] ;;; build;    > Build Complete.
[2026, 9, 25, 12, 21, 2] ;;; build; Compiling datapack dynamic_dirt into mod...
[2026, 9, 25, 12, 21, 2] ;;; build;    > Detecting split versions...
[2026, 9, 25, 12, 21, 2] ;;; build;    --> Nothing to delete after.
[2026, 9, 25, 12, 21, 2] ;;; build;    > Beginning build block...
[2026, 9, 25, 12, 21, 2] ;;; build;    > Compiling for fabric-1.21.10...
[2026, 9, 25, 12, 21, 2] ;;; build;    > Compiling for fabric-1.21.11...
[2026, 9, 25, 12, 21, 2] ;;; build;    > Compiling for fabric-1.21.8...
[2026, 9, 25, 12, 21, 2] ;;; build;    --> Modfile already exists in build dir. Skipping...
[2026, 9, 25, 12, 21, 2] ;;; build;    > Compiling for fabric-1.21.9...
[2026, 9, 25, 12, 21, 2] ;;; build;    --> Modfile already exists in build dir. Skipping...
[2026, 9, 25, 12, 21, 2] ;;; build;    > Compiling for fabric-26.1...
[2026, 9, 25, 12, 21, 2] ;;; build;    --> Modfile already exists in build dir. Skipping...
[2026, 9, 25, 12, 21, 2] ;;; build;    > Compiling for fabric-26.2...
[2026, 9, 25, 12, 21, 2] ;;; build;    --> Modfile already exists in build dir. Skipping...
[2026, 9, 25, 12, 21, 2] ;;; build;    > Compiling for fabric-26.3...
[2026, 9, 25, 12, 21, 2] ;;; build;    --> Modfile already exists in build dir. Skipping...
[2026, 9, 25, 12, 21, 2] ;;; build;    > Compiling for forge-1.19.4...
[2026, 9, 25, 12, 21, 2] ;;; build;    --> Modfile already exists in build dir. Skipping...
[2026, 9, 25, 12, 21, 2] ;;; build;    > Compiling for forge-1.20.1...
[2026, 9, 25, 12, 21, 2] ;;; build;    --> Modfile already exists in build dir. Skipping...
[2026, 9, 25, 12, 21, 2] ;;; build;    > Compiling for neoforge-1.20.4...
[2026, 9, 25, 12, 21, 2] ;;; build;    --> Modfile already exists in build dir. Skipping...
[2026, 9, 25, 12, 21, 2] ;;; build;    > Compiling for neoforge-1.20.6...
[2026, 9, 25, 12, 21, 2] ;;; build;    --> Modfile already exists in build dir. Skipping...
[2026, 9, 25, 12, 21, 2] ;;; build;    > Compiling for neoforge-1.21.1...
[2026, 9, 25, 12, 21, 2] ;;; build;    --> Modfile already exists in build dir. Skipping...
[2026, 9, 25, 12, 21, 2] ;;; build;    > Compiling for neoforge-1.21.10...
[2026, 9, 25, 12, 21, 2] ;;; build;    > Compiling for neoforge-1.21.11...
[2026, 9, 25, 12, 21, 2] ;;; build;    > Compiling for neoforge-1.21.2...
[2026, 9, 25, 12, 21, 2] ;;; build;    --> Modfile already exists in build dir. Skipping...
[2026, 9, 25, 12, 21, 2] ;;; build;    > Compiling for neoforge-1.21.4...
[2026, 9, 25, 12, 21, 2] ;;; build;    --> Modfile already exists in build dir. Skipping...
[2026, 9, 25, 12, 21, 2] ;;; build;    > Compiling for neoforge-1.21.5...
[2026, 9, 25, 12, 21, 2] ;;; build;    --> Modfile already exists in build dir. Skipping...
[2026, 9, 25, 12, 21, 2] ;;; build;    > Compiling for neoforge-1.21.8...
[2026, 9, 25, 12, 21, 2] ;;; build;    --> Modfile already exists in build dir. Skipping...
[2026, 9, 25, 12, 21, 2] ;;; build;    > Compiling for neoforge-1.21.9...
[2026, 9, 25, 12, 21, 2] ;;; build;    > Compiling for neoforge-1.21...
[2026, 9, 25, 12, 21, 2] ;;; build;    > Compiling for neoforge-26.1...
[2026, 9, 25, 12, 21, 2] ;;; build;    --> Modfile already exists in build dir. Skipping...
[2026, 9, 25, 12, 21, 2] ;;; build;    > Compiling for neoforge-26.2...
[2026, 9, 25, 12, 21, 2] ;;; build;    --> Modfile already exists in build dir. Skipping...
[2026, 9, 25, 12, 21, 2] ;;; build;    > Compiling for neoforge-26.3...
[2026, 9, 25, 12, 21, 2] ;;; build;    --> Modfile already exists in build dir. Skipping...
[2026, 9, 25, 12, 21, 2] ;;; build;    > Renaming zip files to jar files...
[2026, 9, 25, 12, 21, 2] ;;; build;    > Resetting to cached game versions config...
[2026, 9, 25, 12, 21, 2] ;;; build;    > Build Complete.
[2026, 9, 25, 12, 21, 2] ;;; build; Compiling datapack dynamic_ecosystems into mod...
[2026, 9, 25, 12, 21, 2] ;;; build;    > Detecting split versions...
[2026, 9, 25, 12, 21, 2] ;;; build;    --> Nothing to delete after.
[2026, 9, 25, 12, 21, 2] ;;; build;    > Beginning build block...
[2026, 9, 25, 12, 21, 2] ;;; build;    > Compiling for fabric-1.21.10...
[2026, 9, 25, 12, 21, 2] ;;; build;    > Compiling for fabric-1.21.11...
[2026, 9, 25, 12, 21, 2] ;;; build;    > Compiling for fabric-1.21.8...
[2026, 9, 25, 12, 21, 2] ;;; build;    --> Modfile already exists in build dir. Skipping...
[2026, 9, 25, 12, 21, 2] ;;; build;    > Compiling for fabric-1.21.9...
[2026, 9, 25, 12, 21, 2] ;;; build;    --> Modfile already exists in build dir. Skipping...
[2026, 9, 25, 12, 21, 2] ;;; build;    > Compiling for fabric-26.1...
[2026, 9, 25, 12, 21, 2] ;;; build;    --> Modfile already exists in build dir. Skipping...
[2026, 9, 25, 12, 21, 2] ;;; build;    > Compiling for fabric-26.2...
[2026, 9, 25, 12, 21, 2] ;;; build;    --> Modfile already exists in build dir. Skipping...
[2026, 9, 25, 12, 21, 2] ;;; build;    > Compiling for fabric-26.3...
[2026, 9, 25, 12, 21, 2] ;;; build;    --> Modfile already exists in build dir. Skipping...
[2026, 9, 25, 12, 21, 2] ;;; build;    > Compiling for forge-1.19.4...
[2026, 9, 25, 12, 21, 2] ;;; build;    --> Modfile already exists in build dir. Skipping...
[2026, 9, 25, 12, 21, 2] ;;; build;    > Compiling for forge-1.20.1...
[2026, 9, 25, 12, 21, 2] ;;; build;    --> Modfile already exists in build dir. Skipping...
[2026, 9, 25, 12, 21, 2] ;;; build;    > Compiling for neoforge-1.20.4...
[2026, 9, 25, 12, 21, 2] ;;; build;    --> Modfile already exists in build dir. Skipping...
[2026, 9, 25, 12, 21, 2] ;;; build;    > Compiling for neoforge-1.20.6...
[2026, 9, 25, 12, 21, 2] ;;; build;    --> Modfile already exists in build dir. Skipping...
[2026, 9, 25, 12, 21, 2] ;;; build;    > Compiling for neoforge-1.21.1...
[2026, 9, 25, 12, 21, 2] ;;; build;    --> Modfile already exists in build dir. Skipping...
[2026, 9, 25, 12, 21, 2] ;;; build;    > Compiling for neoforge-1.21.10...
[2026, 9, 25, 12, 21, 2] ;;; build;    > Compiling for neoforge-1.21.11...
[2026, 9, 25, 12, 21, 2] ;;; build;    > Compiling for neoforge-1.21.2...
[2026, 9, 25, 12, 21, 2] ;;; build;    --> Modfile already exists in build dir. Skipping...
[2026, 9, 25, 12, 21, 2] ;;; build;    > Compiling for neoforge-1.21.4...
[2026, 9, 25, 12, 21, 2] ;;; build;    --> Modfile already exists in build dir. Skipping...
[2026, 9, 25, 12, 21, 2] ;;; build;    > Compiling for neoforge-1.21.5...
[2026, 9, 25, 12, 21, 2] ;;; build;    --> Modfile already exists in build dir. Skipping...
[2026, 9, 25, 12, 21, 2] ;;; build;    > Compiling for neoforge-1.21.8...
[2026, 9, 25, 12, 21, 2] ;;; build;    --> Modfile already exists in build dir. Skipping...
[2026, 9, 25, 12, 21, 2] ;;; build;    > Compiling for neoforge-1.21.9...
[2026, 9, 25, 12, 21, 2] ;;; build;    > Compiling for neoforge-1.21...
[2026, 9, 25, 12, 21, 2] ;;; build;    > Compiling for neoforge-26.1...
[2026, 9, 25, 12, 21, 2] ;;; build;    --> Modfile already exists in build dir. Skipping...
[2026, 9, 25, 12, 21, 2] ;;; build;    > Compiling for neoforge-26.2...
[2026, 9, 25, 12, 21, 2] ;;; build;    --> Modfile already exists in build dir. Skipping...
[2026, 9, 25, 12, 21, 2] ;;; build;    > Compiling for neoforge-26.3...
[2026, 9, 25, 12, 21, 2] ;;; build;    --> Modfile already exists in build dir. Skipping...
[2026, 9, 25, 12, 21, 2] ;;; build;    > Renaming zip files to jar files...
[2026, 9, 25, 12, 21, 2] ;;; build;    > Resetting to cached game versions config...
[2026, 9, 25, 12, 21, 2] ;;; build;    > Build Complete.
[2026, 9, 25, 12, 21, 2] ;;; build; Compiling datapack dynamic_monsters into mod...
[2026, 9, 25, 12, 21, 2] ;;; build;    > Detecting split versions...
[2026, 9, 25, 12, 21, 2] ;;; build;    --> Nothing to delete after.
[2026, 9, 25, 12, 21, 2] ;;; build;    > Beginning build block...
[2026, 9, 25, 12, 21, 2] ;;; build;    > Compiling for fabric-1.21.10...
[2026, 9, 25, 12, 21, 2] ;;; build;    > Compiling for fabric-1.21.11...
[2026, 9, 25, 12, 21, 2] ;;; build;    > Compiling for fabric-1.21.8...
[2026, 9, 25, 12, 21, 2] ;;; build;    --> Modfile already exists in build dir. Skipping...
[2026, 9, 25, 12, 21, 2] ;;; build;    > Compiling for fabric-1.21.9...
[2026, 9, 25, 12, 21, 2] ;;; build;    --> Modfile already exists in build dir. Skipping...
[2026, 9, 25, 12, 21, 3] ;;; build;    > Compiling for fabric-26.1...
[2026, 9, 25, 12, 21, 3] ;;; build;    --> Modfile already exists in build dir. Skipping...
[2026, 9, 25, 12, 21, 3] ;;; build;    > Compiling for fabric-26.2...
[2026, 9, 25, 12, 21, 3] ;;; build;    --> Modfile already exists in build dir. Skipping...
[2026, 9, 25, 12, 21, 3] ;;; build;    > Compiling for fabric-26.3...
[2026, 9, 25, 12, 21, 3] ;;; build;    --> Modfile already exists in build dir. Skipping...
[2026, 9, 25, 12, 21, 3] ;;; build;    > Compiling for forge-1.19.4...
[2026, 9, 25, 12, 21, 3] ;;; build;    --> Modfile already exists in build dir. Skipping...
[2026, 9, 25, 12, 21, 3] ;;; build;    > Compiling for forge-1.20.1...
[2026, 9, 25, 12, 21, 3] ;;; build;    --> Modfile already exists in build dir. Skipping...
[2026, 9, 25, 12, 21, 3] ;;; build;    > Compiling for neoforge-1.20.4...
[2026, 9, 25, 12, 21, 3] ;;; build;    --> Modfile already exists in build dir. Skipping...
[2026, 9, 25, 12, 21, 3] ;;; build;    > Compiling for neoforge-1.20.6...
[2026, 9, 25, 12, 21, 3] ;;; build;    --> Modfile already exists in build dir. Skipping...
[2026, 9, 25, 12, 21, 3] ;;; build;    > Compiling for neoforge-1.21.1...
[2026, 9, 25, 12, 21, 3] ;;; build;    --> Modfile already exists in build dir. Skipping...
[2026, 9, 25, 12, 21, 3] ;;; build;    > Compiling for neoforge-1.21.10...
[2026, 9, 25, 12, 21, 3] ;;; build;    > Compiling for neoforge-1.21.11...
[2026, 9, 25, 12, 21, 3] ;;; build;    > Compiling for neoforge-1.21.2...
[2026, 9, 25, 12, 21, 3] ;;; build;    --> Modfile already exists in build dir. Skipping...
[2026, 9, 25, 12, 21, 3] ;;; build;    > Compiling for neoforge-1.21.4...
[2026, 9, 25, 12, 21, 3] ;;; build;    --> Modfile already exists in build dir. Skipping...
[2026, 9, 25, 12, 21, 3] ;;; build;    > Compiling for neoforge-1.21.5...
[2026, 9, 25, 12, 21, 3] ;;; build;    --> Modfile already exists in build dir. Skipping...
[2026, 9, 25, 12, 21, 3] ;;; build;    > Compiling for neoforge-1.21.8...
[2026, 9, 25, 12, 21, 3] ;;; build;    --> Modfile already exists in build dir. Skipping...
[2026, 9, 25, 12, 21, 3] ;;; build;    > Compiling for neoforge-1.21.9...
[2026, 9, 25, 12, 21, 3] ;;; build;    > Compiling for neoforge-1.21...
[2026, 9, 25, 12, 21, 3] ;;; build;    > Compiling for neoforge-26.1...
[2026, 9, 25, 12, 21, 3] ;;; build;    --> Modfile already exists in build dir. Skipping...
[2026, 9, 25, 12, 21, 3] ;;; build;    > Compiling for neoforge-26.2...
[2026, 9, 25, 12, 21, 3] ;;; build;    --> Modfile already exists in build dir. Skipping...
[2026, 9, 25, 12, 21, 3] ;;; build;    > Compiling for neoforge-26.3...
[2026, 9, 25, 12, 21, 3] ;;; build;    --> Modfile already exists in build dir. Skipping...
[2026, 9, 25, 12, 21, 3] ;;; build;    > Renaming zip files to jar files...
[2026, 9, 25, 12, 21, 3] ;;; build;    > Resetting to cached game versions config...
[2026, 9, 25, 12, 21, 3] ;;; build;    > Build Complete.
[2026, 9, 25, 12, 21, 3] ;;; build; Compiling datapack enhanced_survival into mod...
[2026, 9, 25, 12, 21, 3] ;;; build;    > Detecting split versions...
[2026, 9, 25, 12, 21, 3] ;;; build;    --> Nothing to delete after.
[2026, 9, 25, 12, 21, 3] ;;; build;    > Beginning build block...
[2026, 9, 25, 12, 21, 3] ;;; build;    > Compiling for fabric-1.21.10...
[2026, 9, 25, 12, 21, 3] ;;; build;    > Compiling for fabric-1.21.11...
[2026, 9, 25, 12, 21, 3] ;;; build;    > Compiling for fabric-1.21.8...
[2026, 9, 25, 12, 21, 3] ;;; build;    --> Modfile already exists in build dir. Skipping...
[2026, 9, 25, 12, 21, 3] ;;; build;    > Compiling for fabric-1.21.9...
[2026, 9, 25, 12, 21, 3] ;;; build;    --> Modfile already exists in build dir. Skipping...
[2026, 9, 25, 12, 21, 3] ;;; build;    > Compiling for fabric-26.1...
[2026, 9, 25, 12, 21, 3] ;;; build;    --> Modfile already exists in build dir. Skipping...
[2026, 9, 25, 12, 21, 3] ;;; build;    > Compiling for fabric-26.2...
[2026, 9, 25, 12, 21, 3] ;;; build;    --> Modfile already exists in build dir. Skipping...
[2026, 9, 25, 12, 21, 3] ;;; build;    > Compiling for fabric-26.3...
[2026, 9, 25, 12, 21, 3] ;;; build;    --> Modfile already exists in build dir. Skipping...
[2026, 9, 25, 12, 21, 3] ;;; build;    > Compiling for forge-1.19.4...
[2026, 9, 25, 12, 21, 3] ;;; build;    --> Modfile already exists in build dir. Skipping...
[2026, 9, 25, 12, 21, 3] ;;; build;    > Compiling for forge-1.20.1...
[2026, 9, 25, 12, 21, 3] ;;; build;    --> Modfile already exists in build dir. Skipping...
[2026, 9, 25, 12, 21, 3] ;;; build;    > Compiling for neoforge-1.20.4...
[2026, 9, 25, 12, 21, 3] ;;; build;    --> Cleaning temp directory...
[2026, 9, 25, 12, 22, 15] ;;; build;    --> Unpacking base jar file...
[2026, 9, 25, 12, 22, 15] ;;; build;    --> Copying compiled mcfunction assets...
[2026, 9, 25, 12, 22, 18] ;;; build;    --> Injecting logo...
[2026, 9, 25, 12, 22, 18] ;;; build;    --> Injecting config defaults...
[2026, 9, 25, 12, 22, 18] ;;; build;    --> Handling loader specifications...
[2026, 9, 25, 12, 22, 18] ;;; build;      ---> Init Neoforge...
[2026, 9, 25, 12, 22, 18] ;;; build;    --> Injecting assets...
[2026, 9, 25, 12, 22, 18] ;;; build;    --> Compiling Loot Tables...
[2026, 9, 25, 12, 22, 19] ;;; build;      ---> Downloading vanilla jar...
[2026, 9, 25, 12, 22, 20] ;;; build;      ---> Unpacking vanilla jar...
[2026, 9, 25, 12, 22, 25] ;;; build;      ---> Injecting mod with vanilla jar files...
[2026, 9, 25, 12, 22, 31] ;;; build;      ---> Processing Loot Tables...
[2026, 9, 25, 12, 22, 31] ;;; build; Traceback (most recent call last):
  File "C:\Users\joshp\curseforge\minecraft\Instances\Alive Dev\saves\Desire Paths\datapacks_uncompiled\build.py", line 376, in compileDatapackIntoMod
    lootTable.processJsonFiles(".\\temp_dir\\data\\minecraft")
  File "C:\Users\joshp\curseforge\minecraft\Instances\Alive Dev\saves\Desire Paths\datapacks_uncompiled\compileLootTables.py", line 50, in processJsonFiles
    pytools.IO.saveFile(file, json.dumps(walkJson(jsonData), indent=4))
                                         ^^^^^^^^^^^^^^^^^^
  File "C:\Users\joshp\curseforge\minecraft\Instances\Alive Dev\saves\Desire Paths\datapacks_uncompiled\compileLootTables.py", line 31, in walkJson
    while i < len(jsonData):
              ^^^^^^^^^^^^^
TypeError: object of type 'int' has no len()

[2026, 9, 25, 12, 22, 31] ;;; build;    > Compiling for neoforge-1.20.6...
[2026, 9, 25, 12, 22, 31] ;;; build;    --> Modfile already exists in build dir. Skipping...
[2026, 9, 25, 12, 22, 31] ;;; build;    > Compiling for neoforge-1.21.1...
[2026, 9, 25, 12, 22, 31] ;;; build;    --> Modfile already exists in build dir. Skipping...
[2026, 9, 25, 12, 22, 31] ;;; build;    > Compiling for neoforge-1.21.10...
[2026, 9, 25, 12, 22, 31] ;;; build;    > Compiling for neoforge-1.21.11...
[2026, 9, 25, 12, 22, 31] ;;; build;    > Compiling for neoforge-1.21.2...
[2026, 9, 25, 12, 22, 31] ;;; build;    --> Modfile already exists in build dir. Skipping...
[2026, 9, 25, 12, 22, 31] ;;; build;    > Compiling for neoforge-1.21.4...
[2026, 9, 25, 12, 22, 31] ;;; build;    --> Modfile already exists in build dir. Skipping...
[2026, 9, 25, 12, 22, 31] ;;; build;    > Compiling for neoforge-1.21.5...
[2026, 9, 25, 12, 22, 31] ;;; build;    --> Modfile already exists in build dir. Skipping...
[2026, 9, 25, 12, 22, 31] ;;; build;    > Compiling for neoforge-1.21.8...
[2026, 9, 25, 12, 22, 31] ;;; build;    --> Modfile already exists in build dir. Skipping...
[2026, 9, 25, 12, 22, 31] ;;; build;    > Compiling for neoforge-1.21.9...
[2026, 9, 25, 12, 22, 31] ;;; build;    > Compiling for neoforge-1.21...
[2026, 9, 25, 12, 22, 31] ;;; build;    > Compiling for neoforge-26.1...
[2026, 9, 25, 12, 22, 31] ;;; build;    --> Modfile already exists in build dir. Skipping...
[2026, 9, 25, 12, 22, 31] ;;; build;    > Compiling for neoforge-26.2...
[2026, 9, 25, 12, 22, 31] ;;; build;    --> Modfile already exists in build dir. Skipping...
[2026, 9, 25, 12, 22, 31] ;;; build;    > Compiling for neoforge-26.3...
[2026, 9, 25, 12, 22, 31] ;;; build;    --> Modfile already exists in build dir. Skipping...
[2026, 9, 25, 12, 22, 31] ;;; build;    > Renaming zip files to jar files...
[2026, 9, 25, 12, 22, 31] ;;; build;    > Resetting to cached game versions config...
[2026, 9, 25, 12, 22, 31] ;;; build;    > Build Complete.
[2026, 9, 25, 12, 22, 31] ;;; build; Compiling datapack ghosts_and_ghouls into mod...
[2026, 9, 25, 12, 22, 31] ;;; build;    > Detecting split versions...
[2026, 9, 25, 12, 22, 31] ;;; build;    --> Nothing to delete after.
[2026, 9, 25, 12, 22, 31] ;;; build;    > Beginning build block...
[2026, 9, 25, 12, 22, 31] ;;; build;    > Compiling for fabric-1.21.10...
[2026, 9, 25, 12, 22, 31] ;;; build;    > Compiling for fabric-1.21.11...
[2026, 9, 25, 12, 22, 31] ;;; build;    > Compiling for fabric-1.21.8...
[2026, 9, 25, 12, 22, 31] ;;; build;    --> Modfile already exists in build dir. Skipping...
[2026, 9, 25, 12, 22, 31] ;;; build;    > Compiling for fabric-1.21.9...
[2026, 9, 25, 12, 22, 31] ;;; build;    --> Modfile already exists in build dir. Skipping...
[2026, 9, 25, 12, 22, 31] ;;; build;    > Compiling for fabric-26.1...
[2026, 9, 25, 12, 22, 31] ;;; build;    --> Modfile already exists in build dir. Skipping...
[2026, 9, 25, 12, 22, 31] ;;; build;    > Compiling for fabric-26.2...
[2026, 9, 25, 12, 22, 31] ;;; build;    --> Modfile already exists in build dir. Skipping...
[2026, 9, 25, 12, 22, 31] ;;; build;    > Compiling for fabric-26.3...
[2026, 9, 25, 12, 22, 31] ;;; build;    --> Modfile already exists in build dir. Skipping...
[2026, 9, 25, 12, 22, 31] ;;; build;    > Compiling for forge-1.19.4...
[2026, 9, 25, 12, 22, 31] ;;; build;    --> Modfile already exists in build dir. Skipping...
[2026, 9, 25, 12, 22, 31] ;;; build;    > Compiling for forge-1.20.1...
[2026, 9, 25, 12, 22, 31] ;;; build;    --> Modfile already exists in build dir. Skipping...
[2026, 9, 25, 12, 22, 31] ;;; build;    > Compiling for neoforge-1.20.4...
[2026, 9, 25, 12, 22, 31] ;;; build;    --> Modfile already exists in build dir. Skipping...
[2026, 9, 25, 12, 22, 31] ;;; build;    > Compiling for neoforge-1.20.6...
[2026, 9, 25, 12, 22, 31] ;;; build;    --> Modfile already exists in build dir. Skipping...
[2026, 9, 25, 12, 22, 31] ;;; build;    > Compiling for neoforge-1.21.1...
[2026, 9, 25, 12, 22, 31] ;;; build;    --> Modfile already exists in build dir. Skipping...
[2026, 9, 25, 12, 22, 31] ;;; build;    > Compiling for neoforge-1.21.10...
[2026, 9, 25, 12, 22, 31] ;;; build;    > Compiling for neoforge-1.21.11...
[2026, 9, 25, 12, 22, 31] ;;; build;    > Compiling for neoforge-1.21.2...
[2026, 9, 25, 12, 22, 31] ;;; build;    --> Modfile already exists in build dir. Skipping...
[2026, 9, 25, 12, 22, 31] ;;; build;    > Compiling for neoforge-1.21.4...
[2026, 9, 25, 12, 22, 31] ;;; build;    --> Modfile already exists in build dir. Skipping...
[2026, 9, 25, 12, 22, 31] ;;; build;    > Compiling for neoforge-1.21.5...
[2026, 9, 25, 12, 22, 31] ;;; build;    --> Modfile already exists in build dir. Skipping...
[2026, 9, 25, 12, 22, 31] ;;; build;    > Compiling for neoforge-1.21.8...
[2026, 9, 25, 12, 22, 31] ;;; build;    --> Modfile already exists in build dir. Skipping...
[2026, 9, 25, 12, 22, 31] ;;; build;    > Compiling for neoforge-1.21.9...
[2026, 9, 25, 12, 22, 31] ;;; build;    > Compiling for neoforge-1.21...
[2026, 9, 25, 12, 22, 31] ;;; build;    > Compiling for neoforge-26.1...
[2026, 9, 25, 12, 22, 31] ;;; build;    --> Modfile already exists in build dir. Skipping...
[2026, 9, 25, 12, 22, 31] ;;; build;    > Compiling for neoforge-26.2...
[2026, 9, 25, 12, 22, 31] ;;; build;    --> Modfile already exists in build dir. Skipping...
[2026, 9, 25, 12, 22, 31] ;;; build;    > Compiling for neoforge-26.3...
[2026, 9, 25, 12, 22, 31] ;;; build;    --> Modfile already exists in build dir. Skipping...
[2026, 9, 25, 12, 22, 31] ;;; build;    > Renaming zip files to jar files...
[2026, 9, 25, 12, 22, 31] ;;; build;    > Resetting to cached game versions config...
[2026, 9, 25, 12, 22, 31] ;;; build;    > Build Complete.
[2026, 9, 25, 12, 22, 31] ;;; build; Compiling datapack gothic_horror into mod...
[2026, 9, 25, 12, 22, 31] ;;; build;    > Detecting split versions...
[2026, 9, 25, 12, 22, 31] ;;; build;    --> Nothing to delete after.
[2026, 9, 25, 12, 22, 31] ;;; build;    > Beginning build block...
[2026, 9, 25, 12, 22, 31] ;;; build;    > Compiling for fabric-1.21.10...
[2026, 9, 25, 12, 22, 31] ;;; build;    > Compiling for fabric-1.21.11...
[2026, 9, 25, 12, 22, 31] ;;; build;    > Compiling for fabric-1.21.8...
[2026, 9, 25, 12, 22, 31] ;;; build;    --> Modfile already exists in build dir. Skipping...
[2026, 9, 25, 12, 22, 31] ;;; build;    > Compiling for fabric-1.21.9...
[2026, 9, 25, 12, 22, 31] ;;; build;    --> Modfile already exists in build dir. Skipping...
[2026, 9, 25, 12, 22, 31] ;;; build;    > Compiling for fabric-26.1...
[2026, 9, 25, 12, 22, 31] ;;; build;    --> Modfile already exists in build dir. Skipping...
[2026, 9, 25, 12, 22, 31] ;;; build;    > Compiling for fabric-26.2...
[2026, 9, 25, 12, 22, 31] ;;; build;    --> Modfile already exists in build dir. Skipping...
[2026, 9, 25, 12, 22, 31] ;;; build;    > Compiling for fabric-26.3...
[2026, 9, 25, 12, 22, 31] ;;; build;    --> Modfile already exists in build dir. Skipping...
[2026, 9, 25, 12, 22, 31] ;;; build;    > Compiling for forge-1.19.4...
[2026, 9, 25, 12, 22, 31] ;;; build;    --> Modfile already exists in build dir. Skipping...
[2026, 9, 25, 12, 22, 31] ;;; build;    > Compiling for forge-1.20.1...
[2026, 9, 25, 12, 22, 31] ;;; build;    --> Modfile already exists in build dir. Skipping...
[2026, 9, 25, 12, 22, 31] ;;; build;    > Compiling for neoforge-1.20.4...
[2026, 9, 25, 12, 22, 31] ;;; build;    --> Modfile already exists in build dir. Skipping...
[2026, 9, 25, 12, 22, 31] ;;; build;    > Compiling for neoforge-1.20.6...
[2026, 9, 25, 12, 22, 31] ;;; build;    --> Modfile already exists in build dir. Skipping...
[2026, 9, 25, 12, 22, 31] ;;; build;    > Compiling for neoforge-1.21.1...
[2026, 9, 25, 12, 22, 31] ;;; build;    --> Modfile already exists in build dir. Skipping...
[2026, 9, 25, 12, 22, 31] ;;; build;    > Compiling for neoforge-1.21.10...
[2026, 9, 25, 12, 22, 31] ;;; build;    > Compiling for neoforge-1.21.11...
[2026, 9, 25, 12, 22, 31] ;;; build;    > Compiling for neoforge-1.21.2...
[2026, 9, 25, 12, 22, 31] ;;; build;    --> Modfile already exists in build dir. Skipping...
[2026, 9, 25, 12, 22, 31] ;;; build;    > Compiling for neoforge-1.21.4...
[2026, 9, 25, 12, 22, 31] ;;; build;    --> Modfile already exists in build dir. Skipping...
[2026, 9, 25, 12, 22, 31] ;;; build;    > Compiling for neoforge-1.21.5...
[2026, 9, 25, 12, 22, 31] ;;; build;    --> Modfile already exists in build dir. Skipping...
[2026, 9, 25, 12, 22, 31] ;;; build;    > Compiling for neoforge-1.21.8...
[2026, 9, 25, 12, 22, 31] ;;; build;    --> Modfile already exists in build dir. Skipping...
[2026, 9, 25, 12, 22, 31] ;;; build;    > Compiling for neoforge-1.21.9...
[2026, 9, 25, 12, 22, 31] ;;; build;    > Compiling for neoforge-1.21...
[2026, 9, 25, 12, 22, 31] ;;; build;    > Compiling for neoforge-26.1...
[2026, 9, 25, 12, 22, 31] ;;; build;    --> Modfile already exists in build dir. Skipping...
[2026, 9, 25, 12, 22, 31] ;;; build;    > Compiling for neoforge-26.2...
[2026, 9, 25, 12, 22, 31] ;;; build;    --> Modfile already exists in build dir. Skipping...
[2026, 9, 25, 12, 22, 31] ;;; build;    > Compiling for neoforge-26.3...
[2026, 9, 25, 12, 22, 31] ;;; build;    --> Modfile already exists in build dir. Skipping...
[2026, 9, 25, 12, 22, 31] ;;; build;    > Renaming zip files to jar files...
[2026, 9, 25, 12, 22, 31] ;;; build;    > Resetting to cached game versions config...
[2026, 9, 25, 12, 22, 31] ;;; build;    > Build Complete.
[2026, 9, 25, 12, 22, 31] ;;; build; Compiling datapack gstools into mod...
[2026, 9, 25, 12, 22, 31] ;;; build;    > Detecting split versions...
[2026, 9, 25, 12, 22, 31] ;;; build;    --> Nothing to delete after.
[2026, 9, 25, 12, 22, 31] ;;; build;    > Beginning build block...
[2026, 9, 25, 12, 22, 31] ;;; build;    > Compiling for fabric-1.21.10...
[2026, 9, 25, 12, 22, 31] ;;; build;    > Compiling for fabric-1.21.11...
[2026, 9, 25, 12, 22, 31] ;;; build;    > Compiling for fabric-1.21.8...
[2026, 9, 25, 12, 22, 31] ;;; build;    --> Modfile already exists in build dir. Skipping...
[2026, 9, 25, 12, 22, 31] ;;; build;    > Compiling for fabric-1.21.9...
[2026, 9, 25, 12, 22, 31] ;;; build;    --> Modfile already exists in build dir. Skipping...
[2026, 9, 25, 12, 22, 31] ;;; build;    > Compiling for fabric-26.1...
[2026, 9, 25, 12, 22, 31] ;;; build;    --> Modfile already exists in build dir. Skipping...
[2026, 9, 25, 12, 22, 31] ;;; build;    > Compiling for fabric-26.2...
[2026, 9, 25, 12, 22, 31] ;;; build;    --> Modfile already exists in build dir. Skipping...
[2026, 9, 25, 12, 22, 31] ;;; build;    > Compiling for fabric-26.3...
[2026, 9, 25, 12, 22, 31] ;;; build;    --> Modfile already exists in build dir. Skipping...
[2026, 9, 25, 12, 22, 31] ;;; build;    > Compiling for forge-1.19.4...
[2026, 9, 25, 12, 22, 31] ;;; build;    --> Modfile already exists in build dir. Skipping...
[2026, 9, 25, 12, 22, 31] ;;; build;    > Compiling for forge-1.20.1...
[2026, 9, 25, 12, 22, 31] ;;; build;    --> Cleaning temp directory...
[2026, 9, 25, 12, 22, 33] ;;; build;    --> Unpacking base jar file...
[2026, 9, 25, 12, 22, 33] ;;; build;    --> Copying compiled mcfunction assets...
[2026, 9, 25, 12, 23, 15] ;;; build;    --> Injecting logo...
[2026, 9, 25, 12, 23, 15] ;;; build;    --> Injecting config defaults...
[2026, 9, 25, 12, 23, 15] ;;; build;    --> Handling loader specifications...
[2026, 9, 25, 12, 23, 15] ;;; build;      ---> Init Forge...
[2026, 9, 25, 12, 23, 15] ;;; build;    --> Injecting gstools function tags...
[2026, 9, 25, 12, 23, 15] ;;; build;    --> Injecting block tags...
[2026, 9, 25, 12, 23, 15] ;;; build;    --> Duplicating function folder for backported versions...
[2026, 9, 25, 12, 23, 18] ;;; build;    --> Packing into jar file...
[2026, 9, 25, 12, 24, 20] ;;; build;    --> Cleaning Up...
[2026, 9, 25, 12, 24, 46] ;;; build; build.py
[2026, 9, 25, 12, 24, 46] ;;; build; --build
[2026, 9, 25, 12, 24, 46] ;;; build; --skipCompile
[2026, 9, 25, 12, 24, 46] ;;; build; --continueBuild
[2026, 9, 25, 12, 24, 46] ;;; build; Init Mod Build...
[2026, 9, 25, 12, 24, 46] ;;; build; Continuing prior build instance...
[2026, 9, 25, 12, 24, 46] ;;; build; Init resources...
[2026, 9, 25, 12, 24, 47] ;;; build; Skipping datapack compile...
[2026, 9, 25, 12, 24, 47] ;;; build; Adjusting current version as needed...
[2026, 9, 25, 12, 24, 47] ;;; build; Appending to changelog...
[2026, 9, 25, 12, 24, 47] ;;; build; Begin Complete Build Block...
[2026, 9, 25, 12, 24, 47] ;;; build; Init Build Per Datapack Compile Block...
[2026, 9, 25, 12, 24, 47] ;;; build; Compiling datapack block_decay into mod...
[2026, 9, 25, 12, 24, 47] ;;; build;    > Detecting split versions...
[2026, 9, 25, 12, 24, 47] ;;; build;    --> Version to delete after: gstools-neoforge-1.21.9.jar
[2026, 9, 25, 12, 24, 47] ;;; build;    --> Version to delete after: gstools-neoforge-1.21.10.jar
[2026, 9, 25, 12, 24, 47] ;;; build;    --> Version to delete after: gstools-neoforge-1.21.11.jar
[2026, 9, 25, 12, 24, 47] ;;; build;    --> Version to delete after: gstools-neoforge-1.21.jar
[2026, 9, 25, 12, 24, 47] ;;; build;    --> Version to delete after: gstools-fabric-1.21.10.jar
[2026, 9, 25, 12, 24, 47] ;;; build;    --> Version to delete after: gstools-fabric-1.21.11.jar
[2026, 9, 25, 12, 24, 47] ;;; build;    --> Copying modified game version cache...
[2026, 9, 25, 12, 24, 50] ;;; build;    > Beginning build block...
[2026, 9, 25, 12, 24, 50] ;;; build;    > Compiling for fabric-1.21.10...
[2026, 9, 25, 12, 24, 50] ;;; build;    --> Modfile already exists in build dir. Skipping...
[2026, 9, 25, 12, 24, 50] ;;; build;    > Compiling for fabric-1.21.11...
[2026, 9, 25, 12, 24, 50] ;;; build;    --> Modfile already exists in build dir. Skipping...
[2026, 9, 25, 12, 24, 50] ;;; build;    > Compiling for fabric-1.21.8...
[2026, 9, 25, 12, 24, 50] ;;; build;    --> Modfile already exists in build dir. Skipping...
[2026, 9, 25, 12, 24, 50] ;;; build;    > Compiling for fabric-1.21.9...
[2026, 9, 25, 12, 24, 50] ;;; build;    --> Modfile already exists in build dir. Skipping...
[2026, 9, 25, 12, 24, 50] ;;; build;    > Compiling for fabric-26.1...
[2026, 9, 25, 12, 24, 50] ;;; build;    --> Modfile already exists in build dir. Skipping...
[2026, 9, 25, 12, 24, 50] ;;; build;    > Compiling for fabric-26.2...
[2026, 9, 25, 12, 24, 50] ;;; build;    --> Modfile already exists in build dir. Skipping...
[2026, 9, 25, 12, 24, 50] ;;; build;    > Compiling for fabric-26.3...
[2026, 9, 25, 12, 24, 50] ;;; build;    --> Modfile already exists in build dir. Skipping...
[2026, 9, 25, 12, 24, 50] ;;; build;    > Compiling for forge-1.19.4...
[2026, 9, 25, 12, 24, 51] ;;; build;    --> Modfile already exists in build dir. Skipping...
[2026, 9, 25, 12, 24, 51] ;;; build;    > Compiling for forge-1.20.1...
[2026, 9, 25, 12, 24, 51] ;;; build;    --> Modfile already exists in build dir. Skipping...
[2026, 9, 25, 12, 24, 51] ;;; build;    > Compiling for neoforge-1.20.4...
[2026, 9, 25, 12, 24, 51] ;;; build;    --> Modfile already exists in build dir. Skipping...
[2026, 9, 25, 12, 24, 51] ;;; build;    > Compiling for neoforge-1.20.6...
[2026, 9, 25, 12, 24, 51] ;;; build;    --> Modfile already exists in build dir. Skipping...
[2026, 9, 25, 12, 24, 51] ;;; build;    > Compiling for neoforge-1.21.1...
[2026, 9, 25, 12, 24, 51] ;;; build;    --> Modfile already exists in build dir. Skipping...
[2026, 9, 25, 12, 24, 51] ;;; build;    > Compiling for neoforge-1.21.10...
[2026, 9, 25, 12, 24, 51] ;;; build;    --> Modfile already exists in build dir. Skipping...
[2026, 9, 25, 12, 24, 51] ;;; build;    > Compiling for neoforge-1.21.11...
[2026, 9, 25, 12, 24, 51] ;;; build;    --> Modfile already exists in build dir. Skipping...
[2026, 9, 25, 12, 24, 51] ;;; build;    > Compiling for neoforge-1.21.2...
[2026, 9, 25, 12, 24, 51] ;;; build;    --> Modfile already exists in build dir. Skipping...
[2026, 9, 25, 12, 24, 51] ;;; build;    > Compiling for neoforge-1.21.4...
[2026, 9, 25, 12, 24, 51] ;;; build;    --> Modfile already exists in build dir. Skipping...
[2026, 9, 25, 12, 24, 51] ;;; build;    > Compiling for neoforge-1.21.5...
[2026, 9, 25, 12, 24, 51] ;;; build;    --> Modfile already exists in build dir. Skipping...
[2026, 9, 25, 12, 24, 51] ;;; build;    > Compiling for neoforge-1.21.8...
[2026, 9, 25, 12, 24, 51] ;;; build;    --> Modfile already exists in build dir. Skipping...
[2026, 9, 25, 12, 24, 51] ;;; build;    > Compiling for neoforge-1.21.9...
[2026, 9, 25, 12, 24, 51] ;;; build;    --> Modfile already exists in build dir. Skipping...
[2026, 9, 25, 12, 24, 51] ;;; build;    > Compiling for neoforge-1.21...
[2026, 9, 25, 12, 24, 51] ;;; build;    --> Modfile already exists in build dir. Skipping...
[2026, 9, 25, 12, 24, 51] ;;; build;    > Compiling for neoforge-26.1...
[2026, 9, 25, 12, 24, 51] ;;; build;    --> Modfile already exists in build dir. Skipping...
[2026, 9, 25, 12, 24, 51] ;;; build;    > Compiling for neoforge-26.2...
[2026, 9, 25, 12, 24, 51] ;;; build;    --> Modfile already exists in build dir. Skipping...
[2026, 9, 25, 12, 24, 51] ;;; build;    > Compiling for neoforge-26.3...
[2026, 9, 25, 12, 24, 51] ;;; build;    --> Modfile already exists in build dir. Skipping...
[2026, 9, 25, 12, 24, 51] ;;; build;    > Renaming zip files to jar files...
[2026, 9, 25, 12, 24, 51] ;;; build;    > Resetting to cached game versions config...
[2026, 9, 25, 12, 24, 51] ;;; build;    --> Deleting split version gstools-neoforge-1.21.9.jar...
[2026, 9, 25, 12, 24, 51] ;;; build;    --> Deleting split version gstools-neoforge-1.21.10.jar...
[2026, 9, 25, 12, 24, 51] ;;; build;    --> Deleting split version gstools-neoforge-1.21.11.jar...
[2026, 9, 25, 12, 24, 51] ;;; build;    --> Deleting split version gstools-neoforge-1.21.jar...
[2026, 9, 25, 12, 24, 51] ;;; build;    --> Deleting split version gstools-fabric-1.21.10.jar...
[2026, 9, 25, 12, 24, 51] ;;; build;    --> Deleting split version gstools-fabric-1.21.11.jar...
[2026, 9, 25, 12, 24, 51] ;;; build;    > Build Complete.
[2026, 9, 25, 12, 24, 51] ;;; build; Compiling datapack boss_progression into mod...
[2026, 9, 25, 12, 24, 51] ;;; build;    > Detecting split versions...
[2026, 9, 25, 12, 24, 51] ;;; build;    --> Nothing to delete after.
[2026, 9, 25, 12, 24, 51] ;;; build;    > Beginning build block...
[2026, 9, 25, 12, 24, 51] ;;; build;    > Renaming zip files to jar files...
[2026, 9, 25, 12, 24, 51] ;;; build;    > Resetting to cached game versions config...
[2026, 9, 25, 12, 24, 51] ;;; build;    > Build Complete.
[2026, 9, 25, 12, 24, 51] ;;; build; Compiling datapack desire_paths into mod...
[2026, 9, 25, 12, 24, 51] ;;; build;    > Detecting split versions...
[2026, 9, 25, 12, 24, 51] ;;; build;    --> Nothing to delete after.
[2026, 9, 25, 12, 24, 51] ;;; build;    > Beginning build block...
[2026, 9, 25, 12, 24, 51] ;;; build;    > Compiling for fabric-1.21.8...
[2026, 9, 25, 12, 24, 51] ;;; build;    --> Modfile already exists in build dir. Skipping...
[2026, 9, 25, 12, 24, 51] ;;; build;    > Compiling for fabric-1.21.9...
[2026, 9, 25, 12, 24, 51] ;;; build;    --> Modfile already exists in build dir. Skipping...
[2026, 9, 25, 12, 24, 51] ;;; build;    > Compiling for fabric-26.1...
[2026, 9, 25, 12, 24, 51] ;;; build;    --> Modfile already exists in build dir. Skipping...
[2026, 9, 25, 12, 24, 51] ;;; build;    > Compiling for fabric-26.2...
[2026, 9, 25, 12, 24, 51] ;;; build;    --> Modfile already exists in build dir. Skipping...
[2026, 9, 25, 12, 24, 51] ;;; build;    > Compiling for fabric-26.3...
[2026, 9, 25, 12, 24, 51] ;;; build;    --> Modfile already exists in build dir. Skipping...
[2026, 9, 25, 12, 24, 51] ;;; build;    > Compiling for forge-1.19.4...
[2026, 9, 25, 12, 24, 51] ;;; build;    --> Modfile already exists in build dir. Skipping...
[2026, 9, 25, 12, 24, 51] ;;; build;    > Compiling for forge-1.20.1...
[2026, 9, 25, 12, 24, 51] ;;; build;    --> Modfile already exists in build dir. Skipping...
[2026, 9, 25, 12, 24, 51] ;;; build;    > Compiling for neoforge-1.20.4...
[2026, 9, 25, 12, 24, 51] ;;; build;    --> Modfile already exists in build dir. Skipping...
[2026, 9, 25, 12, 24, 51] ;;; build;    > Compiling for neoforge-1.20.6...
[2026, 9, 25, 12, 24, 51] ;;; build;    --> Modfile already exists in build dir. Skipping...
[2026, 9, 25, 12, 24, 51] ;;; build;    > Compiling for neoforge-1.21.1...
[2026, 9, 25, 12, 24, 51] ;;; build;    --> Modfile already exists in build dir. Skipping...
[2026, 9, 25, 12, 24, 51] ;;; build;    > Compiling for neoforge-1.21.2...
[2026, 9, 25, 12, 24, 51] ;;; build;    --> Modfile already exists in build dir. Skipping...
[2026, 9, 25, 12, 24, 51] ;;; build;    > Compiling for neoforge-1.21.4...
[2026, 9, 25, 12, 24, 51] ;;; build;    --> Modfile already exists in build dir. Skipping...
[2026, 9, 25, 12, 24, 51] ;;; build;    > Compiling for neoforge-1.21.5...
[2026, 9, 25, 12, 24, 51] ;;; build;    --> Modfile already exists in build dir. Skipping...
[2026, 9, 25, 12, 24, 51] ;;; build;    > Compiling for neoforge-1.21.8...
[2026, 9, 25, 12, 24, 51] ;;; build;    --> Modfile already exists in build dir. Skipping...
[2026, 9, 25, 12, 24, 51] ;;; build;    > Compiling for neoforge-26.1...
[2026, 9, 25, 12, 24, 51] ;;; build;    --> Modfile already exists in build dir. Skipping...
[2026, 9, 25, 12, 24, 51] ;;; build;    > Compiling for neoforge-26.2...
[2026, 9, 25, 12, 24, 51] ;;; build;    --> Modfile already exists in build dir. Skipping...
[2026, 9, 25, 12, 24, 51] ;;; build;    > Compiling for neoforge-26.3...
[2026, 9, 25, 12, 24, 51] ;;; build;    --> Modfile already exists in build dir. Skipping...
[2026, 9, 25, 12, 24, 51] ;;; build;    > Renaming zip files to jar files...
[2026, 9, 25, 12, 24, 51] ;;; build;    > Resetting to cached game versions config...
[2026, 9, 25, 12, 24, 51] ;;; build;    > Build Complete.
[2026, 9, 25, 12, 24, 51] ;;; build; Compiling datapack dynamic_dirt into mod...
[2026, 9, 25, 12, 24, 51] ;;; build;    > Detecting split versions...
[2026, 9, 25, 12, 24, 51] ;;; build;    --> Nothing to delete after.
[2026, 9, 25, 12, 24, 51] ;;; build;    > Beginning build block...
[2026, 9, 25, 12, 24, 51] ;;; build;    > Compiling for fabric-1.21.8...
[2026, 9, 25, 12, 24, 51] ;;; build;    --> Modfile already exists in build dir. Skipping...
[2026, 9, 25, 12, 24, 51] ;;; build;    > Compiling for fabric-1.21.9...
[2026, 9, 25, 12, 24, 51] ;;; build;    --> Modfile already exists in build dir. Skipping...
[2026, 9, 25, 12, 24, 51] ;;; build;    > Compiling for fabric-26.1...
[2026, 9, 25, 12, 24, 51] ;;; build;    --> Modfile already exists in build dir. Skipping...
[2026, 9, 25, 12, 24, 51] ;;; build;    > Compiling for fabric-26.2...
[2026, 9, 25, 12, 24, 51] ;;; build;    --> Modfile already exists in build dir. Skipping...
[2026, 9, 25, 12, 24, 51] ;;; build;    > Compiling for fabric-26.3...
[2026, 9, 25, 12, 24, 51] ;;; build;    --> Modfile already exists in build dir. Skipping...
[2026, 9, 25, 12, 24, 51] ;;; build;    > Compiling for forge-1.19.4...
[2026, 9, 25, 12, 24, 51] ;;; build;    --> Modfile already exists in build dir. Skipping...
[2026, 9, 25, 12, 24, 51] ;;; build;    > Compiling for forge-1.20.1...
[2026, 9, 25, 12, 24, 51] ;;; build;    --> Modfile already exists in build dir. Skipping...
[2026, 9, 25, 12, 24, 51] ;;; build;    > Compiling for neoforge-1.20.4...
[2026, 9, 25, 12, 24, 51] ;;; build;    --> Modfile already exists in build dir. Skipping...
[2026, 9, 25, 12, 24, 51] ;;; build;    > Compiling for neoforge-1.20.6...
[2026, 9, 25, 12, 24, 51] ;;; build;    --> Modfile already exists in build dir. Skipping...
[2026, 9, 25, 12, 24, 51] ;;; build;    > Compiling for neoforge-1.21.1...
[2026, 9, 25, 12, 24, 51] ;;; build;    --> Modfile already exists in build dir. Skipping...
[2026, 9, 25, 12, 24, 51] ;;; build;    > Compiling for neoforge-1.21.2...
[2026, 9, 25, 12, 24, 51] ;;; build;    --> Modfile already exists in build dir. Skipping...
[2026, 9, 25, 12, 24, 51] ;;; build;    > Compiling for neoforge-1.21.4...
[2026, 9, 25, 12, 24, 51] ;;; build;    --> Modfile already exists in build dir. Skipping...
[2026, 9, 25, 12, 24, 51] ;;; build;    > Compiling for neoforge-1.21.5...
[2026, 9, 25, 12, 24, 51] ;;; build;    --> Modfile already exists in build dir. Skipping...
[2026, 9, 25, 12, 24, 51] ;;; build;    > Compiling for neoforge-1.21.8...
[2026, 9, 25, 12, 24, 51] ;;; build;    --> Modfile already exists in build dir. Skipping...
[2026, 9, 25, 12, 24, 51] ;;; build;    > Compiling for neoforge-26.1...
[2026, 9, 25, 12, 24, 51] ;;; build;    --> Modfile already exists in build dir. Skipping...
[2026, 9, 25, 12, 24, 51] ;;; build;    > Compiling for neoforge-26.2...
[2026, 9, 25, 12, 24, 51] ;;; build;    --> Modfile already exists in build dir. Skipping...
[2026, 9, 25, 12, 24, 51] ;;; build;    > Compiling for neoforge-26.3...
[2026, 9, 25, 12, 24, 51] ;;; build;    --> Modfile already exists in build dir. Skipping...
[2026, 9, 25, 12, 24, 51] ;;; build;    > Renaming zip files to jar files...
[2026, 9, 25, 12, 24, 51] ;;; build;    > Resetting to cached game versions config...
[2026, 9, 25, 12, 24, 51] ;;; build;    > Build Complete.
[2026, 9, 25, 12, 24, 51] ;;; build; Compiling datapack dynamic_ecosystems into mod...
[2026, 9, 25, 12, 24, 51] ;;; build;    > Detecting split versions...
[2026, 9, 25, 12, 24, 51] ;;; build;    --> Nothing to delete after.
[2026, 9, 25, 12, 24, 51] ;;; build;    > Beginning build block...
[2026, 9, 25, 12, 24, 51] ;;; build;    > Compiling for fabric-1.21.8...
[2026, 9, 25, 12, 24, 51] ;;; build;    --> Modfile already exists in build dir. Skipping...
[2026, 9, 25, 12, 24, 51] ;;; build;    > Compiling for fabric-1.21.9...
[2026, 9, 25, 12, 24, 51] ;;; build;    --> Modfile already exists in build dir. Skipping...
[2026, 9, 25, 12, 24, 51] ;;; build;    > Compiling for fabric-26.1...
[2026, 9, 25, 12, 24, 51] ;;; build;    --> Modfile already exists in build dir. Skipping...
[2026, 9, 25, 12, 24, 51] ;;; build;    > Compiling for fabric-26.2...
[2026, 9, 25, 12, 24, 51] ;;; build;    --> Modfile already exists in build dir. Skipping...
[2026, 9, 25, 12, 24, 51] ;;; build;    > Compiling for fabric-26.3...
[2026, 9, 25, 12, 24, 51] ;;; build;    --> Modfile already exists in build dir. Skipping...
[2026, 9, 25, 12, 24, 51] ;;; build;    > Compiling for forge-1.19.4...
[2026, 9, 25, 12, 24, 51] ;;; build;    --> Modfile already exists in build dir. Skipping...
[2026, 9, 25, 12, 24, 51] ;;; build;    > Compiling for forge-1.20.1...
[2026, 9, 25, 12, 24, 51] ;;; build;    --> Modfile already exists in build dir. Skipping...
[2026, 9, 25, 12, 24, 51] ;;; build;    > Compiling for neoforge-1.20.4...
[2026, 9, 25, 12, 24, 51] ;;; build;    --> Modfile already exists in build dir. Skipping...
[2026, 9, 25, 12, 24, 51] ;;; build;    > Compiling for neoforge-1.20.6...
[2026, 9, 25, 12, 24, 51] ;;; build;    --> Modfile already exists in build dir. Skipping...
[2026, 9, 25, 12, 24, 51] ;;; build;    > Compiling for neoforge-1.21.1...
[2026, 9, 25, 12, 24, 51] ;;; build;    --> Modfile already exists in build dir. Skipping...
[2026, 9, 25, 12, 24, 51] ;;; build;    > Compiling for neoforge-1.21.2...
[2026, 9, 25, 12, 24, 51] ;;; build;    --> Modfile already exists in build dir. Skipping...
[2026, 9, 25, 12, 24, 51] ;;; build;    > Compiling for neoforge-1.21.4...
[2026, 9, 25, 12, 24, 51] ;;; build;    --> Modfile already exists in build dir. Skipping...
[2026, 9, 25, 12, 24, 51] ;;; build;    > Compiling for neoforge-1.21.5...
[2026, 9, 25, 12, 24, 51] ;;; build;    --> Modfile already exists in build dir. Skipping...
[2026, 9, 25, 12, 24, 51] ;;; build;    > Compiling for neoforge-1.21.8...
[2026, 9, 25, 12, 24, 51] ;;; build;    --> Modfile already exists in build dir. Skipping...
[2026, 9, 25, 12, 24, 51] ;;; build;    > Compiling for neoforge-26.1...
[2026, 9, 25, 12, 24, 51] ;;; build;    --> Modfile already exists in build dir. Skipping...
[2026, 9, 25, 12, 24, 51] ;;; build;    > Compiling for neoforge-26.2...
[2026, 9, 25, 12, 24, 51] ;;; build;    --> Modfile already exists in build dir. Skipping...
[2026, 9, 25, 12, 24, 51] ;;; build;    > Compiling for neoforge-26.3...
[2026, 9, 25, 12, 24, 51] ;;; build;    --> Modfile already exists in build dir. Skipping...
[2026, 9, 25, 12, 24, 51] ;;; build;    > Renaming zip files to jar files...
[2026, 9, 25, 12, 24, 51] ;;; build;    > Resetting to cached game versions config...
[2026, 9, 25, 12, 24, 51] ;;; build;    > Build Complete.
[2026, 9, 25, 12, 24, 51] ;;; build; Compiling datapack dynamic_monsters into mod...
[2026, 9, 25, 12, 24, 51] ;;; build;    > Detecting split versions...
[2026, 9, 25, 12, 24, 51] ;;; build;    --> Nothing to delete after.
[2026, 9, 25, 12, 24, 51] ;;; build;    > Beginning build block...
[2026, 9, 25, 12, 24, 51] ;;; build;    > Compiling for fabric-1.21.8...
[2026, 9, 25, 12, 24, 51] ;;; build;    --> Modfile already exists in build dir. Skipping...
[2026, 9, 25, 12, 24, 51] ;;; build;    > Compiling for fabric-1.21.9...
[2026, 9, 25, 12, 24, 51] ;;; build;    --> Modfile already exists in build dir. Skipping...
[2026, 9, 25, 12, 24, 51] ;;; build;    > Compiling for fabric-26.1...
[2026, 9, 25, 12, 24, 51] ;;; build;    --> Modfile already exists in build dir. Skipping...
[2026, 9, 25, 12, 24, 51] ;;; build;    > Compiling for fabric-26.2...
[2026, 9, 25, 12, 24, 51] ;;; build;    --> Modfile already exists in build dir. Skipping...
[2026, 9, 25, 12, 24, 51] ;;; build;    > Compiling for fabric-26.3...
[2026, 9, 25, 12, 24, 51] ;;; build;    --> Modfile already exists in build dir. Skipping...
[2026, 9, 25, 12, 24, 51] ;;; build;    > Compiling for forge-1.19.4...
[2026, 9, 25, 12, 24, 51] ;;; build;    --> Modfile already exists in build dir. Skipping...
[2026, 9, 25, 12, 24, 51] ;;; build;    > Compiling for forge-1.20.1...
[2026, 9, 25, 12, 24, 51] ;;; build;    --> Modfile already exists in build dir. Skipping...
[2026, 9, 25, 12, 24, 51] ;;; build;    > Compiling for neoforge-1.20.4...
[2026, 9, 25, 12, 24, 51] ;;; build;    --> Modfile already exists in build dir. Skipping...
[2026, 9, 25, 12, 24, 51] ;;; build;    > Compiling for neoforge-1.20.6...
[2026, 9, 25, 12, 24, 51] ;;; build;    --> Modfile already exists in build dir. Skipping...
[2026, 9, 25, 12, 24, 51] ;;; build;    > Compiling for neoforge-1.21.1...
[2026, 9, 25, 12, 24, 51] ;;; build;    --> Modfile already exists in build dir. Skipping...
[2026, 9, 25, 12, 24, 51] ;;; build;    > Compiling for neoforge-1.21.2...
[2026, 9, 25, 12, 24, 51] ;;; build;    --> Modfile already exists in build dir. Skipping...
[2026, 9, 25, 12, 24, 51] ;;; build;    > Compiling for neoforge-1.21.4...
[2026, 9, 25, 12, 24, 51] ;;; build;    --> Modfile already exists in build dir. Skipping...
[2026, 9, 25, 12, 24, 51] ;;; build;    > Compiling for neoforge-1.21.5...
[2026, 9, 25, 12, 24, 51] ;;; build;    --> Modfile already exists in build dir. Skipping...
[2026, 9, 25, 12, 24, 51] ;;; build;    > Compiling for neoforge-1.21.8...
[2026, 9, 25, 12, 24, 51] ;;; build;    --> Modfile already exists in build dir. Skipping...
[2026, 9, 25, 12, 24, 51] ;;; build;    > Compiling for neoforge-26.1...
[2026, 9, 25, 12, 24, 51] ;;; build;    --> Modfile already exists in build dir. Skipping...
[2026, 9, 25, 12, 24, 51] ;;; build;    > Compiling for neoforge-26.2...
[2026, 9, 25, 12, 24, 51] ;;; build;    --> Modfile already exists in build dir. Skipping...
[2026, 9, 25, 12, 24, 51] ;;; build;    > Compiling for neoforge-26.3...
[2026, 9, 25, 12, 24, 51] ;;; build;    --> Modfile already exists in build dir. Skipping...
[2026, 9, 25, 12, 24, 51] ;;; build;    > Renaming zip files to jar files...
[2026, 9, 25, 12, 24, 51] ;;; build;    > Resetting to cached game versions config...
[2026, 9, 25, 12, 24, 51] ;;; build;    > Build Complete.
[2026, 9, 25, 12, 24, 51] ;;; build; Compiling datapack enhanced_survival into mod...
[2026, 9, 25, 12, 24, 51] ;;; build;    > Detecting split versions...
[2026, 9, 25, 12, 24, 51] ;;; build;    --> Nothing to delete after.
[2026, 9, 25, 12, 24, 51] ;;; build;    > Beginning build block...
[2026, 9, 25, 12, 24, 51] ;;; build;    > Compiling for fabric-1.21.8...
[2026, 9, 25, 12, 24, 51] ;;; build;    --> Modfile already exists in build dir. Skipping...
[2026, 9, 25, 12, 24, 51] ;;; build;    > Compiling for fabric-1.21.9...
[2026, 9, 25, 12, 24, 51] ;;; build;    --> Modfile already exists in build dir. Skipping...
[2026, 9, 25, 12, 24, 51] ;;; build;    > Compiling for fabric-26.1...
[2026, 9, 25, 12, 24, 51] ;;; build;    --> Modfile already exists in build dir. Skipping...
[2026, 9, 25, 12, 24, 51] ;;; build;    > Compiling for fabric-26.2...
[2026, 9, 25, 12, 24, 51] ;;; build;    --> Modfile already exists in build dir. Skipping...
[2026, 9, 25, 12, 24, 51] ;;; build;    > Compiling for fabric-26.3...
[2026, 9, 25, 12, 24, 51] ;;; build;    --> Modfile already exists in build dir. Skipping...
[2026, 9, 25, 12, 24, 51] ;;; build;    > Compiling for forge-1.19.4...
[2026, 9, 25, 12, 24, 51] ;;; build;    --> Modfile already exists in build dir. Skipping...
[2026, 9, 25, 12, 24, 51] ;;; build;    > Compiling for forge-1.20.1...
[2026, 9, 25, 12, 24, 51] ;;; build;    --> Modfile already exists in build dir. Skipping...
[2026, 9, 25, 12, 24, 51] ;;; build;    > Compiling for neoforge-1.20.4...
[2026, 9, 25, 12, 24, 51] ;;; build;    --> Cleaning temp directory...
[2026, 9, 25, 12, 26, 20] ;;; build; build.py
[2026, 9, 25, 12, 26, 20] ;;; build; --build
[2026, 9, 25, 12, 26, 20] ;;; build; --skipCompile
[2026, 9, 25, 12, 26, 20] ;;; build; --continueBuild
[2026, 9, 25, 12, 26, 20] ;;; build; Init Mod Build...
[2026, 9, 25, 12, 26, 20] ;;; build; Continuing prior build instance...
[2026, 9, 25, 12, 26, 20] ;;; build; Init resources...
[2026, 9, 25, 12, 26, 20] ;;; build; Skipping datapack compile...
[2026, 9, 25, 12, 26, 20] ;;; build; Adjusting current version as needed...
[2026, 9, 25, 12, 26, 20] ;;; build; Appending to changelog...
[2026, 9, 25, 12, 26, 20] ;;; build; Begin Complete Build Block...
[2026, 9, 25, 12, 26, 20] ;;; build; Init Build Per Datapack Compile Block...
[2026, 9, 25, 12, 26, 20] ;;; build; Compiling datapack block_decay into mod...
[2026, 9, 25, 12, 26, 20] ;;; build;    > Detecting split versions...
[2026, 9, 25, 12, 26, 20] ;;; build;    --> Version to delete after: gstools-neoforge-1.21.9.jar
[2026, 9, 25, 12, 26, 20] ;;; build;    --> Version to delete after: gstools-neoforge-1.21.10.jar
[2026, 9, 25, 12, 26, 21] ;;; build;    --> Version to delete after: gstools-neoforge-1.21.11.jar
[2026, 9, 25, 12, 26, 21] ;;; build;    --> Version to delete after: gstools-neoforge-1.21.jar
[2026, 9, 25, 12, 26, 21] ;;; build;    --> Version to delete after: gstools-fabric-1.21.10.jar
[2026, 9, 25, 12, 26, 21] ;;; build;    --> Version to delete after: gstools-fabric-1.21.11.jar
[2026, 9, 25, 12, 26, 21] ;;; build;    --> Copying modified game version cache...
[2026, 9, 25, 12, 26, 24] ;;; build;    > Beginning build block...
[2026, 9, 25, 12, 26, 24] ;;; build;    > Compiling for fabric-1.21.10...
[2026, 9, 25, 12, 26, 24] ;;; build;    --> Modfile already exists in build dir. Skipping...
[2026, 9, 25, 12, 26, 24] ;;; build;    > Compiling for fabric-1.21.11...
[2026, 9, 25, 12, 26, 24] ;;; build;    --> Modfile already exists in build dir. Skipping...
[2026, 9, 25, 12, 26, 24] ;;; build;    > Compiling for fabric-1.21.8...
[2026, 9, 25, 12, 26, 24] ;;; build;    --> Modfile already exists in build dir. Skipping...
[2026, 9, 25, 12, 26, 24] ;;; build;    > Compiling for fabric-1.21.9...
[2026, 9, 25, 12, 26, 24] ;;; build;    --> Modfile already exists in build dir. Skipping...
[2026, 9, 25, 12, 26, 24] ;;; build;    > Compiling for fabric-26.1...
[2026, 9, 25, 12, 26, 24] ;;; build;    --> Modfile already exists in build dir. Skipping...
[2026, 9, 25, 12, 26, 24] ;;; build;    > Compiling for fabric-26.2...
[2026, 9, 25, 12, 26, 24] ;;; build;    --> Modfile already exists in build dir. Skipping...
[2026, 9, 25, 12, 26, 24] ;;; build;    > Compiling for fabric-26.3...
[2026, 9, 25, 12, 26, 24] ;;; build;    --> Modfile already exists in build dir. Skipping...
[2026, 9, 25, 12, 26, 24] ;;; build;    > Compiling for forge-1.19.4...
[2026, 9, 25, 12, 26, 24] ;;; build;    --> Modfile already exists in build dir. Skipping...
[2026, 9, 25, 12, 26, 24] ;;; build;    > Compiling for forge-1.20.1...
[2026, 9, 25, 12, 26, 24] ;;; build;    --> Modfile already exists in build dir. Skipping...
[2026, 9, 25, 12, 26, 24] ;;; build;    > Compiling for neoforge-1.20.4...
[2026, 9, 25, 12, 26, 24] ;;; build;    --> Modfile already exists in build dir. Skipping...
[2026, 9, 25, 12, 26, 24] ;;; build;    > Compiling for neoforge-1.20.6...
[2026, 9, 25, 12, 26, 24] ;;; build;    --> Modfile already exists in build dir. Skipping...
[2026, 9, 25, 12, 26, 24] ;;; build;    > Compiling for neoforge-1.21.1...
[2026, 9, 25, 12, 26, 24] ;;; build;    --> Modfile already exists in build dir. Skipping...
[2026, 9, 25, 12, 26, 24] ;;; build;    > Compiling for neoforge-1.21.10...
[2026, 9, 25, 12, 26, 24] ;;; build;    --> Modfile already exists in build dir. Skipping...
[2026, 9, 25, 12, 26, 24] ;;; build;    > Compiling for neoforge-1.21.11...
[2026, 9, 25, 12, 26, 24] ;;; build;    --> Modfile already exists in build dir. Skipping...
[2026, 9, 25, 12, 26, 24] ;;; build;    > Compiling for neoforge-1.21.2...
[2026, 9, 25, 12, 26, 24] ;;; build;    --> Modfile already exists in build dir. Skipping...
[2026, 9, 25, 12, 26, 24] ;;; build;    > Compiling for neoforge-1.21.4...
[2026, 9, 25, 12, 26, 24] ;;; build;    --> Modfile already exists in build dir. Skipping...
[2026, 9, 25, 12, 26, 24] ;;; build;    > Compiling for neoforge-1.21.5...
[2026, 9, 25, 12, 26, 24] ;;; build;    --> Modfile already exists in build dir. Skipping...
[2026, 9, 25, 12, 26, 24] ;;; build;    > Compiling for neoforge-1.21.8...
[2026, 9, 25, 12, 26, 24] ;;; build;    --> Modfile already exists in build dir. Skipping...
[2026, 9, 25, 12, 26, 24] ;;; build;    > Compiling for neoforge-1.21.9...
[2026, 9, 25, 12, 26, 24] ;;; build;    --> Modfile already exists in build dir. Skipping...
[2026, 9, 25, 12, 26, 24] ;;; build;    > Compiling for neoforge-1.21...
[2026, 9, 25, 12, 26, 24] ;;; build;    --> Modfile already exists in build dir. Skipping...
[2026, 9, 25, 12, 26, 24] ;;; build;    > Compiling for neoforge-26.1...
[2026, 9, 25, 12, 26, 24] ;;; build;    --> Modfile already exists in build dir. Skipping...
[2026, 9, 25, 12, 26, 24] ;;; build;    > Compiling for neoforge-26.2...
[2026, 9, 25, 12, 26, 24] ;;; build;    --> Modfile already exists in build dir. Skipping...
[2026, 9, 25, 12, 26, 24] ;;; build;    > Compiling for neoforge-26.3...
[2026, 9, 25, 12, 26, 24] ;;; build;    --> Modfile already exists in build dir. Skipping...
[2026, 9, 25, 12, 26, 24] ;;; build;    > Renaming zip files to jar files...
[2026, 9, 25, 12, 26, 24] ;;; build;    > Resetting to cached game versions config...
[2026, 9, 25, 12, 26, 24] ;;; build;    --> Deleting split version gstools-neoforge-1.21.9.jar...
[2026, 9, 25, 12, 26, 24] ;;; build;    --> Deleting split version gstools-neoforge-1.21.10.jar...
[2026, 9, 25, 12, 26, 24] ;;; build;    --> Deleting split version gstools-neoforge-1.21.11.jar...
[2026, 9, 25, 12, 26, 24] ;;; build;    --> Deleting split version gstools-neoforge-1.21.jar...
[2026, 9, 25, 12, 26, 24] ;;; build;    --> Deleting split version gstools-fabric-1.21.10.jar...
[2026, 9, 25, 12, 26, 24] ;;; build;    --> Deleting split version gstools-fabric-1.21.11.jar...
[2026, 9, 25, 12, 26, 24] ;;; build;    > Build Complete.
[2026, 9, 25, 12, 26, 24] ;;; build; Compiling datapack boss_progression into mod...
[2026, 9, 25, 12, 26, 24] ;;; build;    > Detecting split versions...
[2026, 9, 25, 12, 26, 24] ;;; build;    --> Nothing to delete after.
[2026, 9, 25, 12, 26, 24] ;;; build;    > Beginning build block...
[2026, 9, 25, 12, 26, 24] ;;; build;    > Renaming zip files to jar files...
[2026, 9, 25, 12, 26, 24] ;;; build;    > Resetting to cached game versions config...
[2026, 9, 25, 12, 26, 24] ;;; build;    > Build Complete.
[2026, 9, 25, 12, 26, 24] ;;; build; Compiling datapack desire_paths into mod...
[2026, 9, 25, 12, 26, 24] ;;; build;    > Detecting split versions...
[2026, 9, 25, 12, 26, 24] ;;; build;    --> Nothing to delete after.
[2026, 9, 25, 12, 26, 24] ;;; build;    > Beginning build block...
[2026, 9, 25, 12, 26, 24] ;;; build;    > Compiling for fabric-1.21.8...
[2026, 9, 25, 12, 26, 24] ;;; build;    --> Modfile already exists in build dir. Skipping...
[2026, 9, 25, 12, 26, 24] ;;; build;    > Compiling for fabric-1.21.9...
[2026, 9, 25, 12, 26, 24] ;;; build;    --> Modfile already exists in build dir. Skipping...
[2026, 9, 25, 12, 26, 24] ;;; build;    > Compiling for fabric-26.1...
[2026, 9, 25, 12, 26, 24] ;;; build;    --> Modfile already exists in build dir. Skipping...
[2026, 9, 25, 12, 26, 24] ;;; build;    > Compiling for fabric-26.2...
[2026, 9, 25, 12, 26, 24] ;;; build;    --> Modfile already exists in build dir. Skipping...
[2026, 9, 25, 12, 26, 24] ;;; build;    > Compiling for fabric-26.3...
[2026, 9, 25, 12, 26, 24] ;;; build;    --> Modfile already exists in build dir. Skipping...
[2026, 9, 25, 12, 26, 24] ;;; build;    > Compiling for forge-1.19.4...
[2026, 9, 25, 12, 26, 24] ;;; build;    --> Modfile already exists in build dir. Skipping...
[2026, 9, 25, 12, 26, 24] ;;; build;    > Compiling for forge-1.20.1...
[2026, 9, 25, 12, 26, 24] ;;; build;    --> Modfile already exists in build dir. Skipping...
[2026, 9, 25, 12, 26, 24] ;;; build;    > Compiling for neoforge-1.20.4...
[2026, 9, 25, 12, 26, 24] ;;; build;    --> Modfile already exists in build dir. Skipping...
[2026, 9, 25, 12, 26, 24] ;;; build;    > Compiling for neoforge-1.20.6...
[2026, 9, 25, 12, 26, 24] ;;; build;    --> Modfile already exists in build dir. Skipping...
[2026, 9, 25, 12, 26, 24] ;;; build;    > Compiling for neoforge-1.21.1...
[2026, 9, 25, 12, 26, 24] ;;; build;    --> Modfile already exists in build dir. Skipping...
[2026, 9, 25, 12, 26, 24] ;;; build;    > Compiling for neoforge-1.21.2...
[2026, 9, 25, 12, 26, 24] ;;; build;    --> Modfile already exists in build dir. Skipping...
[2026, 9, 25, 12, 26, 24] ;;; build;    > Compiling for neoforge-1.21.4...
[2026, 9, 25, 12, 26, 24] ;;; build;    --> Modfile already exists in build dir. Skipping...
[2026, 9, 25, 12, 26, 24] ;;; build;    > Compiling for neoforge-1.21.5...
[2026, 9, 25, 12, 26, 24] ;;; build;    --> Modfile already exists in build dir. Skipping...
[2026, 9, 25, 12, 26, 24] ;;; build;    > Compiling for neoforge-1.21.8...
[2026, 9, 25, 12, 26, 24] ;;; build;    --> Modfile already exists in build dir. Skipping...
[2026, 9, 25, 12, 26, 24] ;;; build;    > Compiling for neoforge-26.1...
[2026, 9, 25, 12, 26, 24] ;;; build;    --> Modfile already exists in build dir. Skipping...
[2026, 9, 25, 12, 26, 24] ;;; build;    > Compiling for neoforge-26.2...
[2026, 9, 25, 12, 26, 24] ;;; build;    --> Modfile already exists in build dir. Skipping...
[2026, 9, 25, 12, 26, 24] ;;; build;    > Compiling for neoforge-26.3...
[2026, 9, 25, 12, 26, 24] ;;; build;    --> Modfile already exists in build dir. Skipping...
[2026, 9, 25, 12, 26, 24] ;;; build;    > Renaming zip files to jar files...
[2026, 9, 25, 12, 26, 24] ;;; build;    > Resetting to cached game versions config...
[2026, 9, 25, 12, 26, 24] ;;; build;    > Build Complete.
[2026, 9, 25, 12, 26, 24] ;;; build; Compiling datapack dynamic_dirt into mod...
[2026, 9, 25, 12, 26, 24] ;;; build;    > Detecting split versions...
[2026, 9, 25, 12, 26, 24] ;;; build;    --> Nothing to delete after.
[2026, 9, 25, 12, 26, 24] ;;; build;    > Beginning build block...
[2026, 9, 25, 12, 26, 24] ;;; build;    > Compiling for fabric-1.21.8...
[2026, 9, 25, 12, 26, 24] ;;; build;    --> Modfile already exists in build dir. Skipping...
[2026, 9, 25, 12, 26, 24] ;;; build;    > Compiling for fabric-1.21.9...
[2026, 9, 25, 12, 26, 24] ;;; build;    --> Modfile already exists in build dir. Skipping...
[2026, 9, 25, 12, 26, 24] ;;; build;    > Compiling for fabric-26.1...
[2026, 9, 25, 12, 26, 24] ;;; build;    --> Modfile already exists in build dir. Skipping...
[2026, 9, 25, 12, 26, 24] ;;; build;    > Compiling for fabric-26.2...
[2026, 9, 25, 12, 26, 24] ;;; build;    --> Modfile already exists in build dir. Skipping...
[2026, 9, 25, 12, 26, 24] ;;; build;    > Compiling for fabric-26.3...
[2026, 9, 25, 12, 26, 24] ;;; build;    --> Modfile already exists in build dir. Skipping...
[2026, 9, 25, 12, 26, 24] ;;; build;    > Compiling for forge-1.19.4...
[2026, 9, 25, 12, 26, 24] ;;; build;    --> Modfile already exists in build dir. Skipping...
[2026, 9, 25, 12, 26, 24] ;;; build;    > Compiling for forge-1.20.1...
[2026, 9, 25, 12, 26, 24] ;;; build;    --> Modfile already exists in build dir. Skipping...
[2026, 9, 25, 12, 26, 24] ;;; build;    > Compiling for neoforge-1.20.4...
[2026, 9, 25, 12, 26, 24] ;;; build;    --> Modfile already exists in build dir. Skipping...
[2026, 9, 25, 12, 26, 24] ;;; build;    > Compiling for neoforge-1.20.6...
[2026, 9, 25, 12, 26, 24] ;;; build;    --> Modfile already exists in build dir. Skipping...
[2026, 9, 25, 12, 26, 24] ;;; build;    > Compiling for neoforge-1.21.1...
[2026, 9, 25, 12, 26, 24] ;;; build;    --> Modfile already exists in build dir. Skipping...
[2026, 9, 25, 12, 26, 24] ;;; build;    > Compiling for neoforge-1.21.2...
[2026, 9, 25, 12, 26, 24] ;;; build;    --> Modfile already exists in build dir. Skipping...
[2026, 9, 25, 12, 26, 24] ;;; build;    > Compiling for neoforge-1.21.4...
[2026, 9, 25, 12, 26, 24] ;;; build;    --> Modfile already exists in build dir. Skipping...
[2026, 9, 25, 12, 26, 24] ;;; build;    > Compiling for neoforge-1.21.5...
[2026, 9, 25, 12, 26, 24] ;;; build;    --> Modfile already exists in build dir. Skipping...
[2026, 9, 25, 12, 26, 24] ;;; build;    > Compiling for neoforge-1.21.8...
[2026, 9, 25, 12, 26, 24] ;;; build;    --> Modfile already exists in build dir. Skipping...
[2026, 9, 25, 12, 26, 24] ;;; build;    > Compiling for neoforge-26.1...
[2026, 9, 25, 12, 26, 24] ;;; build;    --> Modfile already exists in build dir. Skipping...
[2026, 9, 25, 12, 26, 24] ;;; build;    > Compiling for neoforge-26.2...
[2026, 9, 25, 12, 26, 24] ;;; build;    --> Modfile already exists in build dir. Skipping...
[2026, 9, 25, 12, 26, 24] ;;; build;    > Compiling for neoforge-26.3...
[2026, 9, 25, 12, 26, 24] ;;; build;    --> Modfile already exists in build dir. Skipping...
[2026, 9, 25, 12, 26, 24] ;;; build;    > Renaming zip files to jar files...
[2026, 9, 25, 12, 26, 24] ;;; build;    > Resetting to cached game versions config...
[2026, 9, 25, 12, 26, 24] ;;; build;    > Build Complete.
[2026, 9, 25, 12, 26, 24] ;;; build; Compiling datapack dynamic_ecosystems into mod...
[2026, 9, 25, 12, 26, 24] ;;; build;    > Detecting split versions...
[2026, 9, 25, 12, 26, 24] ;;; build;    --> Nothing to delete after.
[2026, 9, 25, 12, 26, 24] ;;; build;    > Beginning build block...
[2026, 9, 25, 12, 26, 24] ;;; build;    > Compiling for fabric-1.21.8...
[2026, 9, 25, 12, 26, 24] ;;; build;    --> Modfile already exists in build dir. Skipping...
[2026, 9, 25, 12, 26, 24] ;;; build;    > Compiling for fabric-1.21.9...
[2026, 9, 25, 12, 26, 24] ;;; build;    --> Modfile already exists in build dir. Skipping...
[2026, 9, 25, 12, 26, 24] ;;; build;    > Compiling for fabric-26.1...
[2026, 9, 25, 12, 26, 24] ;;; build;    --> Modfile already exists in build dir. Skipping...
[2026, 9, 25, 12, 26, 24] ;;; build;    > Compiling for fabric-26.2...
[2026, 9, 25, 12, 26, 24] ;;; build;    --> Modfile already exists in build dir. Skipping...
[2026, 9, 25, 12, 26, 24] ;;; build;    > Compiling for fabric-26.3...
[2026, 9, 25, 12, 26, 24] ;;; build;    --> Modfile already exists in build dir. Skipping...
[2026, 9, 25, 12, 26, 24] ;;; build;    > Compiling for forge-1.19.4...
[2026, 9, 25, 12, 26, 24] ;;; build;    --> Modfile already exists in build dir. Skipping...
[2026, 9, 25, 12, 26, 24] ;;; build;    > Compiling for forge-1.20.1...
[2026, 9, 25, 12, 26, 24] ;;; build;    --> Modfile already exists in build dir. Skipping...
[2026, 9, 25, 12, 26, 24] ;;; build;    > Compiling for neoforge-1.20.4...
[2026, 9, 25, 12, 26, 24] ;;; build;    --> Modfile already exists in build dir. Skipping...
[2026, 9, 25, 12, 26, 24] ;;; build;    > Compiling for neoforge-1.20.6...
[2026, 9, 25, 12, 26, 24] ;;; build;    --> Modfile already exists in build dir. Skipping...
[2026, 9, 25, 12, 26, 24] ;;; build;    > Compiling for neoforge-1.21.1...
[2026, 9, 25, 12, 26, 24] ;;; build;    --> Modfile already exists in build dir. Skipping...
[2026, 9, 25, 12, 26, 24] ;;; build;    > Compiling for neoforge-1.21.2...
[2026, 9, 25, 12, 26, 24] ;;; build;    --> Modfile already exists in build dir. Skipping...
[2026, 9, 25, 12, 26, 24] ;;; build;    > Compiling for neoforge-1.21.4...
[2026, 9, 25, 12, 26, 24] ;;; build;    --> Modfile already exists in build dir. Skipping...
[2026, 9, 25, 12, 26, 24] ;;; build;    > Compiling for neoforge-1.21.5...
[2026, 9, 25, 12, 26, 24] ;;; build;    --> Modfile already exists in build dir. Skipping...
[2026, 9, 25, 12, 26, 24] ;;; build;    > Compiling for neoforge-1.21.8...
[2026, 9, 25, 12, 26, 24] ;;; build;    --> Modfile already exists in build dir. Skipping...
[2026, 9, 25, 12, 26, 24] ;;; build;    > Compiling for neoforge-26.1...
[2026, 9, 25, 12, 26, 24] ;;; build;    --> Modfile already exists in build dir. Skipping...
[2026, 9, 25, 12, 26, 24] ;;; build;    > Compiling for neoforge-26.2...
[2026, 9, 25, 12, 26, 24] ;;; build;    --> Modfile already exists in build dir. Skipping...
[2026, 9, 25, 12, 26, 24] ;;; build;    > Compiling for neoforge-26.3...
[2026, 9, 25, 12, 26, 24] ;;; build;    --> Modfile already exists in build dir. Skipping...
[2026, 9, 25, 12, 26, 24] ;;; build;    > Renaming zip files to jar files...
[2026, 9, 25, 12, 26, 24] ;;; build;    > Resetting to cached game versions config...
[2026, 9, 25, 12, 26, 24] ;;; build;    > Build Complete.
[2026, 9, 25, 12, 26, 24] ;;; build; Compiling datapack dynamic_monsters into mod...
[2026, 9, 25, 12, 26, 24] ;;; build;    > Detecting split versions...
[2026, 9, 25, 12, 26, 24] ;;; build;    --> Nothing to delete after.
[2026, 9, 25, 12, 26, 24] ;;; build;    > Beginning build block...
[2026, 9, 25, 12, 26, 24] ;;; build;    > Compiling for fabric-1.21.8...
[2026, 9, 25, 12, 26, 24] ;;; build;    --> Modfile already exists in build dir. Skipping...
[2026, 9, 25, 12, 26, 24] ;;; build;    > Compiling for fabric-1.21.9...
[2026, 9, 25, 12, 26, 24] ;;; build;    --> Modfile already exists in build dir. Skipping...
[2026, 9, 25, 12, 26, 24] ;;; build;    > Compiling for fabric-26.1...
[2026, 9, 25, 12, 26, 24] ;;; build;    --> Modfile already exists in build dir. Skipping...
[2026, 9, 25, 12, 26, 24] ;;; build;    > Compiling for fabric-26.2...
[2026, 9, 25, 12, 26, 24] ;;; build;    --> Modfile already exists in build dir. Skipping...
[2026, 9, 25, 12, 26, 24] ;;; build;    > Compiling for fabric-26.3...
[2026, 9, 25, 12, 26, 24] ;;; build;    --> Modfile already exists in build dir. Skipping...
[2026, 9, 25, 12, 26, 24] ;;; build;    > Compiling for forge-1.19.4...
[2026, 9, 25, 12, 26, 24] ;;; build;    --> Modfile already exists in build dir. Skipping...
[2026, 9, 25, 12, 26, 24] ;;; build;    > Compiling for forge-1.20.1...
[2026, 9, 25, 12, 26, 24] ;;; build;    --> Modfile already exists in build dir. Skipping...
[2026, 9, 25, 12, 26, 24] ;;; build;    > Compiling for neoforge-1.20.4...
[2026, 9, 25, 12, 26, 24] ;;; build;    --> Modfile already exists in build dir. Skipping...
[2026, 9, 25, 12, 26, 24] ;;; build;    > Compiling for neoforge-1.20.6...
[2026, 9, 25, 12, 26, 24] ;;; build;    --> Modfile already exists in build dir. Skipping...
[2026, 9, 25, 12, 26, 24] ;;; build;    > Compiling for neoforge-1.21.1...
[2026, 9, 25, 12, 26, 24] ;;; build;    --> Modfile already exists in build dir. Skipping...
[2026, 9, 25, 12, 26, 24] ;;; build;    > Compiling for neoforge-1.21.2...
[2026, 9, 25, 12, 26, 24] ;;; build;    --> Modfile already exists in build dir. Skipping...
[2026, 9, 25, 12, 26, 24] ;;; build;    > Compiling for neoforge-1.21.4...
[2026, 9, 25, 12, 26, 24] ;;; build;    --> Modfile already exists in build dir. Skipping...
[2026, 9, 25, 12, 26, 24] ;;; build;    > Compiling for neoforge-1.21.5...
[2026, 9, 25, 12, 26, 24] ;;; build;    --> Modfile already exists in build dir. Skipping...
[2026, 9, 25, 12, 26, 24] ;;; build;    > Compiling for neoforge-1.21.8...
[2026, 9, 25, 12, 26, 25] ;;; build;    --> Modfile already exists in build dir. Skipping...
[2026, 9, 25, 12, 26, 25] ;;; build;    > Compiling for neoforge-26.1...
[2026, 9, 25, 12, 26, 25] ;;; build;    --> Modfile already exists in build dir. Skipping...
[2026, 9, 25, 12, 26, 25] ;;; build;    > Compiling for neoforge-26.2...
[2026, 9, 25, 12, 26, 25] ;;; build;    --> Modfile already exists in build dir. Skipping...
[2026, 9, 25, 12, 26, 25] ;;; build;    > Compiling for neoforge-26.3...
[2026, 9, 25, 12, 26, 25] ;;; build;    --> Modfile already exists in build dir. Skipping...
[2026, 9, 25, 12, 26, 25] ;;; build;    > Renaming zip files to jar files...
[2026, 9, 25, 12, 26, 25] ;;; build;    > Resetting to cached game versions config...
[2026, 9, 25, 12, 26, 25] ;;; build;    > Build Complete.
[2026, 9, 25, 12, 26, 25] ;;; build; Compiling datapack enhanced_survival into mod...
[2026, 9, 25, 12, 26, 25] ;;; build;    > Detecting split versions...
[2026, 9, 25, 12, 26, 25] ;;; build;    --> Nothing to delete after.
[2026, 9, 25, 12, 26, 25] ;;; build;    > Beginning build block...
[2026, 9, 25, 12, 26, 25] ;;; build;    > Compiling for fabric-1.21.8...
[2026, 9, 25, 12, 26, 25] ;;; build;    --> Modfile already exists in build dir. Skipping...
[2026, 9, 25, 12, 26, 25] ;;; build;    > Compiling for fabric-1.21.9...
[2026, 9, 25, 12, 26, 25] ;;; build;    --> Modfile already exists in build dir. Skipping...
[2026, 9, 25, 12, 26, 25] ;;; build;    > Compiling for fabric-26.1...
[2026, 9, 25, 12, 26, 25] ;;; build;    --> Modfile already exists in build dir. Skipping...
[2026, 9, 25, 12, 26, 25] ;;; build;    > Compiling for fabric-26.2...
[2026, 9, 25, 12, 26, 25] ;;; build;    --> Modfile already exists in build dir. Skipping...
[2026, 9, 25, 12, 26, 25] ;;; build;    > Compiling for fabric-26.3...
[2026, 9, 25, 12, 26, 25] ;;; build;    --> Modfile already exists in build dir. Skipping...
[2026, 9, 25, 12, 26, 25] ;;; build;    > Compiling for forge-1.19.4...
[2026, 9, 25, 12, 26, 25] ;;; build;    --> Modfile already exists in build dir. Skipping...
[2026, 9, 25, 12, 26, 25] ;;; build;    > Compiling for forge-1.20.1...
[2026, 9, 25, 12, 26, 25] ;;; build;    --> Modfile already exists in build dir. Skipping...
[2026, 9, 25, 12, 26, 25] ;;; build;    > Compiling for neoforge-1.20.4...
[2026, 9, 25, 12, 26, 25] ;;; build;    --> Cleaning temp directory...
[2026, 9, 25, 12, 26, 47] ;;; build;    --> Unpacking base jar file...
[2026, 9, 25, 12, 26, 47] ;;; build;    --> Copying compiled mcfunction assets...
[2026, 9, 25, 12, 26, 50] ;;; build;    --> Injecting logo...
[2026, 9, 25, 12, 26, 50] ;;; build;    --> Injecting config defaults...
[2026, 9, 25, 12, 26, 50] ;;; build;    --> Handling loader specifications...
[2026, 9, 25, 12, 26, 50] ;;; build;      ---> Init Neoforge...
[2026, 9, 25, 12, 26, 50] ;;; build;    --> Injecting assets...
[2026, 9, 25, 12, 26, 50] ;;; build;    --> Compiling Loot Tables...
[2026, 9, 25, 12, 26, 50] ;;; build;      ---> Downloading vanilla jar...
[2026, 9, 25, 12, 26, 51] ;;; build;      ---> Unpacking vanilla jar...
[2026, 9, 25, 12, 26, 56] ;;; build;      ---> Injecting mod with vanilla jar files...
[2026, 9, 25, 12, 27, 2] ;;; build;      ---> Processing Loot Tables...
[2026, 9, 25, 12, 27, 2] ;;; build;      ---> Cleaning Up...
[2026, 9, 25, 12, 27, 8] ;;; build;      ---> Done.
[2026, 9, 25, 12, 27, 8] ;;; build;    --> Removing gstools jar files from non-gstools mod...
[2026, 9, 25, 12, 27, 8] ;;; build;    --> Base Mod Compile Requirment Detected! Compiling...
[2026, 9, 25, 12, 27, 8] ;;; build;      ---> Cleaning prior...
[2026, 9, 25, 12, 27, 8] ;;; build;      ---> Cloning basemod...
[2026, 9, 25, 12, 27, 8] ;;; build;      ---> Batch remaning...
[2026, 9, 25, 12, 27, 9] ;;; build;      ---> Running gradle...
[2026, 9, 25, 12, 27, 12] ;;; build;      ---> Unpacking generated jar file...
[2026, 9, 25, 12, 27, 12] ;;; build;      ---> Injecting generated assets into temp dir...
[2026, 9, 25, 12, 27, 12] ;;; build;    --> Injecting block tags...
[2026, 9, 25, 12, 27, 12] ;;; build;    --> Duplicating function folder for backported versions...
[2026, 9, 25, 12, 27, 13] ;;; build;    --> Packing into jar file...
[2026, 9, 25, 12, 27, 14] ;;; build;    --> Cleaning Up...
[2026, 9, 25, 12, 27, 15] ;;; build;    --> Done.
[2026, 9, 25, 12, 27, 15] ;;; build;    > Compiling for neoforge-1.20.6...
[2026, 9, 25, 12, 27, 15] ;;; build;    --> Modfile already exists in build dir. Skipping...
[2026, 9, 25, 12, 27, 15] ;;; build;    > Compiling for neoforge-1.21.1...
[2026, 9, 25, 12, 27, 15] ;;; build;    --> Modfile already exists in build dir. Skipping...
[2026, 9, 25, 12, 27, 15] ;;; build;    > Compiling for neoforge-1.21.2...
[2026, 9, 25, 12, 27, 15] ;;; build;    --> Modfile already exists in build dir. Skipping...
[2026, 9, 25, 12, 27, 15] ;;; build;    > Compiling for neoforge-1.21.4...
[2026, 9, 25, 12, 27, 15] ;;; build;    --> Modfile already exists in build dir. Skipping...
[2026, 9, 25, 12, 27, 15] ;;; build;    > Compiling for neoforge-1.21.5...
[2026, 9, 25, 12, 27, 15] ;;; build;    --> Modfile already exists in build dir. Skipping...
[2026, 9, 25, 12, 27, 15] ;;; build;    > Compiling for neoforge-1.21.8...
[2026, 9, 25, 12, 27, 15] ;;; build;    --> Modfile already exists in build dir. Skipping...
[2026, 9, 25, 12, 27, 15] ;;; build;    > Compiling for neoforge-26.1...
[2026, 9, 25, 12, 27, 15] ;;; build;    --> Modfile already exists in build dir. Skipping...
[2026, 9, 25, 12, 27, 15] ;;; build;    > Compiling for neoforge-26.2...
[2026, 9, 25, 12, 27, 15] ;;; build;    --> Modfile already exists in build dir. Skipping...
[2026, 9, 25, 12, 27, 15] ;;; build;    > Compiling for neoforge-26.3...
[2026, 9, 25, 12, 27, 15] ;;; build;    --> Modfile already exists in build dir. Skipping...
[2026, 9, 25, 12, 27, 15] ;;; build;    > Renaming zip files to jar files...
[2026, 9, 25, 12, 27, 15] ;;; build;    > Resetting to cached game versions config...
[2026, 9, 25, 12, 27, 15] ;;; build;    > Build Complete.
[2026, 9, 25, 12, 27, 15] ;;; build; Compiling datapack ghosts_and_ghouls into mod...
[2026, 9, 25, 12, 27, 15] ;;; build;    > Detecting split versions...
[2026, 9, 25, 12, 27, 15] ;;; build;    --> Nothing to delete after.
[2026, 9, 25, 12, 27, 15] ;;; build;    > Beginning build block...
[2026, 9, 25, 12, 27, 15] ;;; build;    > Compiling for fabric-1.21.8...
[2026, 9, 25, 12, 27, 15] ;;; build;    --> Modfile already exists in build dir. Skipping...
[2026, 9, 25, 12, 27, 15] ;;; build;    > Compiling for fabric-1.21.9...
[2026, 9, 25, 12, 27, 15] ;;; build;    --> Modfile already exists in build dir. Skipping...
[2026, 9, 25, 12, 27, 15] ;;; build;    > Compiling for fabric-26.1...
[2026, 9, 25, 12, 27, 15] ;;; build;    --> Modfile already exists in build dir. Skipping...
[2026, 9, 25, 12, 27, 15] ;;; build;    > Compiling for fabric-26.2...
[2026, 9, 25, 12, 27, 15] ;;; build;    --> Modfile already exists in build dir. Skipping...
[2026, 9, 25, 12, 27, 15] ;;; build;    > Compiling for fabric-26.3...
[2026, 9, 25, 12, 27, 15] ;;; build;    --> Modfile already exists in build dir. Skipping...
[2026, 9, 25, 12, 27, 15] ;;; build;    > Compiling for forge-1.19.4...
[2026, 9, 25, 12, 27, 15] ;;; build;    --> Modfile already exists in build dir. Skipping...
[2026, 9, 25, 12, 27, 15] ;;; build;    > Compiling for forge-1.20.1...
[2026, 9, 25, 12, 27, 15] ;;; build;    --> Modfile already exists in build dir. Skipping...
[2026, 9, 25, 12, 27, 15] ;;; build;    > Compiling for neoforge-1.20.4...
[2026, 9, 25, 12, 27, 15] ;;; build;    --> Modfile already exists in build dir. Skipping...
[2026, 9, 25, 12, 27, 15] ;;; build;    > Compiling for neoforge-1.20.6...
[2026, 9, 25, 12, 27, 15] ;;; build;    --> Modfile already exists in build dir. Skipping...
[2026, 9, 25, 12, 27, 15] ;;; build;    > Compiling for neoforge-1.21.1...
[2026, 9, 25, 12, 27, 15] ;;; build;    --> Modfile already exists in build dir. Skipping...
[2026, 9, 25, 12, 27, 15] ;;; build;    > Compiling for neoforge-1.21.2...
[2026, 9, 25, 12, 27, 15] ;;; build;    --> Modfile already exists in build dir. Skipping...
[2026, 9, 25, 12, 27, 15] ;;; build;    > Compiling for neoforge-1.21.4...
[2026, 9, 25, 12, 27, 15] ;;; build;    --> Modfile already exists in build dir. Skipping...
[2026, 9, 25, 12, 27, 15] ;;; build;    > Compiling for neoforge-1.21.5...
[2026, 9, 25, 12, 27, 15] ;;; build;    --> Modfile already exists in build dir. Skipping...
[2026, 9, 25, 12, 27, 15] ;;; build;    > Compiling for neoforge-1.21.8...
[2026, 9, 25, 12, 27, 15] ;;; build;    --> Modfile already exists in build dir. Skipping...
[2026, 9, 25, 12, 27, 15] ;;; build;    > Compiling for neoforge-26.1...
[2026, 9, 25, 12, 27, 15] ;;; build;    --> Modfile already exists in build dir. Skipping...
[2026, 9, 25, 12, 27, 15] ;;; build;    > Compiling for neoforge-26.2...
[2026, 9, 25, 12, 27, 15] ;;; build;    --> Modfile already exists in build dir. Skipping...
[2026, 9, 25, 12, 27, 15] ;;; build;    > Compiling for neoforge-26.3...
[2026, 9, 25, 12, 27, 15] ;;; build;    --> Modfile already exists in build dir. Skipping...
[2026, 9, 25, 12, 27, 15] ;;; build;    > Renaming zip files to jar files...
[2026, 9, 25, 12, 27, 15] ;;; build;    > Resetting to cached game versions config...
[2026, 9, 25, 12, 27, 15] ;;; build;    > Build Complete.
[2026, 9, 25, 12, 27, 15] ;;; build; Compiling datapack gothic_horror into mod...
[2026, 9, 25, 12, 27, 15] ;;; build;    > Detecting split versions...
[2026, 9, 25, 12, 27, 15] ;;; build;    --> Nothing to delete after.
[2026, 9, 25, 12, 27, 15] ;;; build;    > Beginning build block...
[2026, 9, 25, 12, 27, 15] ;;; build;    > Compiling for fabric-1.21.8...
[2026, 9, 25, 12, 27, 15] ;;; build;    --> Modfile already exists in build dir. Skipping...
[2026, 9, 25, 12, 27, 15] ;;; build;    > Compiling for fabric-1.21.9...
[2026, 9, 25, 12, 27, 15] ;;; build;    --> Modfile already exists in build dir. Skipping...
[2026, 9, 25, 12, 27, 15] ;;; build;    > Compiling for fabric-26.1...
[2026, 9, 25, 12, 27, 15] ;;; build;    --> Modfile already exists in build dir. Skipping...
[2026, 9, 25, 12, 27, 15] ;;; build;    > Compiling for fabric-26.2...
[2026, 9, 25, 12, 27, 15] ;;; build;    --> Modfile already exists in build dir. Skipping...
[2026, 9, 25, 12, 27, 15] ;;; build;    > Compiling for fabric-26.3...
[2026, 9, 25, 12, 27, 15] ;;; build;    --> Modfile already exists in build dir. Skipping...
[2026, 9, 25, 12, 27, 15] ;;; build;    > Compiling for forge-1.19.4...
[2026, 9, 25, 12, 27, 15] ;;; build;    --> Modfile already exists in build dir. Skipping...
[2026, 9, 25, 12, 27, 15] ;;; build;    > Compiling for forge-1.20.1...
[2026, 9, 25, 12, 27, 15] ;;; build;    --> Modfile already exists in build dir. Skipping...
[2026, 9, 25, 12, 27, 15] ;;; build;    > Compiling for neoforge-1.20.4...
[2026, 9, 25, 12, 27, 15] ;;; build;    --> Modfile already exists in build dir. Skipping...
[2026, 9, 25, 12, 27, 15] ;;; build;    > Compiling for neoforge-1.20.6...
[2026, 9, 25, 12, 27, 15] ;;; build;    --> Modfile already exists in build dir. Skipping...
[2026, 9, 25, 12, 27, 15] ;;; build;    > Compiling for neoforge-1.21.1...
[2026, 9, 25, 12, 27, 15] ;;; build;    --> Modfile already exists in build dir. Skipping...
[2026, 9, 25, 12, 27, 15] ;;; build;    > Compiling for neoforge-1.21.2...
[2026, 9, 25, 12, 27, 15] ;;; build;    --> Modfile already exists in build dir. Skipping...
[2026, 9, 25, 12, 27, 15] ;;; build;    > Compiling for neoforge-1.21.4...
[2026, 9, 25, 12, 27, 15] ;;; build;    --> Modfile already exists in build dir. Skipping...
[2026, 9, 25, 12, 27, 15] ;;; build;    > Compiling for neoforge-1.21.5...
[2026, 9, 25, 12, 27, 15] ;;; build;    --> Modfile already exists in build dir. Skipping...
[2026, 9, 25, 12, 27, 15] ;;; build;    > Compiling for neoforge-1.21.8...
[2026, 9, 25, 12, 27, 15] ;;; build;    --> Modfile already exists in build dir. Skipping...
[2026, 9, 25, 12, 27, 15] ;;; build;    > Compiling for neoforge-26.1...
[2026, 9, 25, 12, 27, 15] ;;; build;    --> Modfile already exists in build dir. Skipping...
[2026, 9, 25, 12, 27, 15] ;;; build;    > Compiling for neoforge-26.2...
[2026, 9, 25, 12, 27, 15] ;;; build;    --> Modfile already exists in build dir. Skipping...
[2026, 9, 25, 12, 27, 15] ;;; build;    > Compiling for neoforge-26.3...
[2026, 9, 25, 12, 27, 15] ;;; build;    --> Modfile already exists in build dir. Skipping...
[2026, 9, 25, 12, 27, 15] ;;; build;    > Renaming zip files to jar files...
[2026, 9, 25, 12, 27, 15] ;;; build;    > Resetting to cached game versions config...
[2026, 9, 25, 12, 27, 15] ;;; build;    > Build Complete.
[2026, 9, 25, 12, 27, 15] ;;; build; Compiling datapack gstools into mod...
[2026, 9, 25, 12, 27, 15] ;;; build;    > Detecting split versions...
[2026, 9, 25, 12, 27, 15] ;;; build;    --> Nothing to delete after.
[2026, 9, 25, 12, 27, 15] ;;; build;    > Beginning build block...
[2026, 9, 25, 12, 27, 15] ;;; build;    > Compiling for fabric-1.21.8...
[2026, 9, 25, 12, 27, 16] ;;; build;    --> Modfile already exists in build dir. Skipping...
[2026, 9, 25, 12, 27, 16] ;;; build;    > Compiling for fabric-1.21.9...
[2026, 9, 25, 12, 27, 16] ;;; build;    --> Modfile already exists in build dir. Skipping...
[2026, 9, 25, 12, 27, 16] ;;; build;    > Compiling for fabric-26.1...
[2026, 9, 25, 12, 27, 16] ;;; build;    --> Modfile already exists in build dir. Skipping...
[2026, 9, 25, 12, 27, 16] ;;; build;    > Compiling for fabric-26.2...
[2026, 9, 25, 12, 27, 16] ;;; build;    --> Modfile already exists in build dir. Skipping...
[2026, 9, 25, 12, 27, 16] ;;; build;    > Compiling for fabric-26.3...
[2026, 9, 25, 12, 27, 16] ;;; build;    --> Modfile already exists in build dir. Skipping...
[2026, 9, 25, 12, 27, 16] ;;; build;    > Compiling for forge-1.19.4...
[2026, 9, 25, 12, 27, 16] ;;; build;    --> Modfile already exists in build dir. Skipping...
[2026, 9, 25, 12, 27, 16] ;;; build;    > Compiling for forge-1.20.1...
[2026, 9, 25, 12, 27, 16] ;;; build;    --> Modfile already exists in build dir. Skipping...
[2026, 9, 25, 12, 27, 16] ;;; build;    > Compiling for neoforge-1.20.4...
[2026, 9, 25, 12, 27, 16] ;;; build;    --> Cleaning temp directory...
[2026, 9, 25, 12, 27, 17] ;;; build;    --> Unpacking base jar file...
[2026, 9, 25, 12, 27, 17] ;;; build;    --> Copying compiled mcfunction assets...
[2026, 9, 25, 12, 27, 58] ;;; build;    --> Injecting logo...
[2026, 9, 25, 12, 27, 58] ;;; build;    --> Injecting config defaults...
[2026, 9, 25, 12, 27, 58] ;;; build;    --> Handling loader specifications...
[2026, 9, 25, 12, 27, 58] ;;; build;      ---> Init Neoforge...
[2026, 9, 25, 12, 27, 58] ;;; build;    --> Injecting gstools function tags...
[2026, 9, 25, 12, 27, 58] ;;; build;    --> Injecting block tags...
[2026, 9, 25, 12, 27, 58] ;;; build;    --> Duplicating function folder for backported versions...
[2026, 9, 25, 12, 28, 0] ;;; build;    --> Packing into jar file...
[2026, 9, 25, 12, 29, 0] ;;; build;    --> Cleaning Up...
[2026, 9, 25, 12, 29, 32] ;;; build;    --> Done.
[2026, 9, 25, 12, 29, 32] ;;; build;    > Compiling for neoforge-1.20.6...
[2026, 9, 25, 12, 29, 32] ;;; build;    --> Cleaning temp directory...
[2026, 9, 25, 12, 29, 32] ;;; build;    --> Unpacking base jar file...
[2026, 9, 25, 12, 29, 33] ;;; build;    --> Copying compiled mcfunction assets...
[2026, 9, 25, 12, 30, 17] ;;; build;    --> Injecting logo...
[2026, 9, 25, 12, 30, 17] ;;; build;    --> Injecting config defaults...
[2026, 9, 25, 12, 30, 17] ;;; build;    --> Handling loader specifications...
[2026, 9, 25, 12, 30, 17] ;;; build;      ---> Init Neoforge...
[2026, 9, 25, 12, 30, 17] ;;; build;      ---> Weather2 Compat Requirment Detected.
[2026, 9, 25, 12, 30, 17] ;;; build;    --> Injecting gstools function tags...
[2026, 9, 25, 12, 30, 17] ;;; build;    --> Injecting block tags...
[2026, 9, 25, 12, 30, 17] ;;; build;    --> Duplicating function folder for backported versions...
[2026, 9, 25, 12, 30, 19] ;;; build;    --> Packing into jar file...
[2026, 9, 25, 12, 31, 4] ;;; build;    --> Cleaning Up...
[2026, 9, 25, 12, 31, 37] ;;; build;    --> Done.
[2026, 9, 25, 12, 31, 37] ;;; build;    > Compiling for neoforge-1.21.1...
[2026, 9, 25, 12, 31, 37] ;;; build;    --> Cleaning temp directory...
[2026, 9, 25, 12, 31, 37] ;;; build;    --> Unpacking base jar file...
[2026, 9, 25, 12, 31, 37] ;;; build;    --> Copying compiled mcfunction assets...
[2026, 9, 25, 12, 37, 25] ;;; build; build.py
[2026, 9, 25, 12, 37, 25] ;;; build; --build
[2026, 9, 25, 12, 37, 25] ;;; build; --skipCompile
[2026, 9, 25, 12, 37, 25] ;;; build; --continueBuild
[2026, 9, 25, 12, 37, 25] ;;; build; Init Mod Build...
[2026, 9, 25, 12, 37, 25] ;;; build; Continuing prior build instance...
[2026, 9, 25, 12, 37, 25] ;;; build; Init resources...
[2026, 9, 25, 12, 37, 26] ;;; build; Skipping datapack compile...
[2026, 9, 25, 12, 37, 26] ;;; build; Adjusting current version as needed...
[2026, 9, 25, 12, 37, 26] ;;; build; Appending to changelog...
[2026, 9, 25, 12, 37, 26] ;;; build; Begin Complete Build Block...
[2026, 9, 25, 12, 37, 26] ;;; build; Init Build Per Datapack Compile Block...
[2026, 9, 25, 12, 37, 26] ;;; build; Compiling datapack block_decay into mod...
[2026, 9, 25, 12, 37, 26] ;;; build;    > Detecting split versions...
[2026, 9, 25, 12, 37, 26] ;;; build;    --> Version to delete after: gstools-neoforge-1.21.9.jar
[2026, 9, 25, 12, 37, 26] ;;; build;    --> Version to delete after: gstools-neoforge-1.21.10.jar
[2026, 9, 25, 12, 37, 26] ;;; build;    --> Version to delete after: gstools-neoforge-1.21.11.jar
[2026, 9, 25, 12, 37, 26] ;;; build;    --> Version to delete after: gstools-neoforge-1.21.jar
[2026, 9, 25, 12, 37, 26] ;;; build;    --> Version to delete after: gstools-fabric-1.21.10.jar
[2026, 9, 25, 12, 37, 26] ;;; build;    --> Version to delete after: gstools-fabric-1.21.11.jar
[2026, 9, 25, 12, 37, 26] ;;; build;    --> Copying modified game version cache...
[2026, 9, 25, 12, 37, 29] ;;; build;    > Beginning build block...
[2026, 9, 25, 12, 37, 29] ;;; build;    > Compiling for fabric-1.21.10...
[2026, 9, 25, 12, 37, 29] ;;; build;    --> Modfile already exists in build dir. Skipping...
[2026, 9, 25, 12, 37, 29] ;;; build;    > Compiling for fabric-1.21.11...
[2026, 9, 25, 12, 37, 29] ;;; build;    --> Modfile already exists in build dir. Skipping...
[2026, 9, 25, 12, 37, 29] ;;; build;    > Compiling for fabric-1.21.8...
[2026, 9, 25, 12, 37, 29] ;;; build;    --> Modfile already exists in build dir. Skipping...
[2026, 9, 25, 12, 37, 29] ;;; build;    > Compiling for fabric-1.21.9...
[2026, 9, 25, 12, 37, 29] ;;; build;    --> Modfile already exists in build dir. Skipping...
[2026, 9, 25, 12, 37, 29] ;;; build;    > Compiling for fabric-26.1...
[2026, 9, 25, 12, 37, 29] ;;; build;    --> Modfile already exists in build dir. Skipping...
[2026, 9, 25, 12, 37, 29] ;;; build;    > Compiling for fabric-26.2...
[2026, 9, 25, 12, 37, 29] ;;; build;    --> Modfile already exists in build dir. Skipping...
[2026, 9, 25, 12, 37, 29] ;;; build;    > Compiling for fabric-26.3...
[2026, 9, 25, 12, 37, 29] ;;; build;    --> Modfile already exists in build dir. Skipping...
[2026, 9, 25, 12, 37, 29] ;;; build;    > Compiling for forge-1.19.4...
[2026, 9, 25, 12, 37, 29] ;;; build;    --> Modfile already exists in build dir. Skipping...
[2026, 9, 25, 12, 37, 29] ;;; build;    > Compiling for forge-1.20.1...
[2026, 9, 25, 12, 37, 29] ;;; build;    --> Modfile already exists in build dir. Skipping...
[2026, 9, 25, 12, 37, 29] ;;; build;    > Compiling for neoforge-1.20.4...
[2026, 9, 25, 12, 37, 29] ;;; build;    --> Modfile already exists in build dir. Skipping...
[2026, 9, 25, 12, 37, 29] ;;; build;    > Compiling for neoforge-1.20.6...
[2026, 9, 25, 12, 37, 29] ;;; build;    --> Modfile already exists in build dir. Skipping...
[2026, 9, 25, 12, 37, 29] ;;; build;    > Compiling for neoforge-1.21.1...
[2026, 9, 25, 12, 37, 29] ;;; build;    --> Modfile already exists in build dir. Skipping...
[2026, 9, 25, 12, 37, 29] ;;; build;    > Compiling for neoforge-1.21.10...
[2026, 9, 25, 12, 37, 29] ;;; build;    --> Modfile already exists in build dir. Skipping...
[2026, 9, 25, 12, 37, 29] ;;; build;    > Compiling for neoforge-1.21.11...
[2026, 9, 25, 12, 37, 29] ;;; build;    --> Modfile already exists in build dir. Skipping...
[2026, 9, 25, 12, 37, 29] ;;; build;    > Compiling for neoforge-1.21.2...
[2026, 9, 25, 12, 37, 29] ;;; build;    --> Modfile already exists in build dir. Skipping...
[2026, 9, 25, 12, 37, 29] ;;; build;    > Compiling for neoforge-1.21.4...
[2026, 9, 25, 12, 37, 29] ;;; build;    --> Modfile already exists in build dir. Skipping...
[2026, 9, 25, 12, 37, 29] ;;; build;    > Compiling for neoforge-1.21.5...
[2026, 9, 25, 12, 37, 29] ;;; build;    --> Modfile already exists in build dir. Skipping...
[2026, 9, 25, 12, 37, 29] ;;; build;    > Compiling for neoforge-1.21.8...
[2026, 9, 25, 12, 37, 29] ;;; build;    --> Modfile already exists in build dir. Skipping...
[2026, 9, 25, 12, 37, 29] ;;; build;    > Compiling for neoforge-1.21.9...
[2026, 9, 25, 12, 37, 29] ;;; build;    --> Modfile already exists in build dir. Skipping...
[2026, 9, 25, 12, 37, 29] ;;; build;    > Compiling for neoforge-1.21...
[2026, 9, 25, 12, 37, 29] ;;; build;    --> Modfile already exists in build dir. Skipping...
[2026, 9, 25, 12, 37, 29] ;;; build;    > Compiling for neoforge-26.1...
[2026, 9, 25, 12, 37, 29] ;;; build;    --> Modfile already exists in build dir. Skipping...
[2026, 9, 25, 12, 37, 29] ;;; build;    > Compiling for neoforge-26.2...
[2026, 9, 25, 12, 37, 29] ;;; build;    --> Modfile already exists in build dir. Skipping...
[2026, 9, 25, 12, 37, 29] ;;; build;    > Compiling for neoforge-26.3...
[2026, 9, 25, 12, 37, 29] ;;; build;    --> Modfile already exists in build dir. Skipping...
[2026, 9, 25, 12, 37, 29] ;;; build;    > Renaming zip files to jar files...
[2026, 9, 25, 12, 37, 29] ;;; build;    > Resetting to cached game versions config...
[2026, 9, 25, 12, 37, 29] ;;; build;    --> Deleting split version gstools-neoforge-1.21.9.jar...
[2026, 9, 25, 12, 37, 29] ;;; build;    --> Deleting split version gstools-neoforge-1.21.10.jar...
[2026, 9, 25, 12, 37, 29] ;;; build;    --> Deleting split version gstools-neoforge-1.21.11.jar...
[2026, 9, 25, 12, 37, 29] ;;; build;    --> Deleting split version gstools-neoforge-1.21.jar...
[2026, 9, 25, 12, 37, 29] ;;; build;    --> Deleting split version gstools-fabric-1.21.10.jar...
[2026, 9, 25, 12, 37, 29] ;;; build;    --> Deleting split version gstools-fabric-1.21.11.jar...
[2026, 9, 25, 12, 37, 29] ;;; build;    > Build Complete.
[2026, 9, 25, 12, 37, 29] ;;; build; Compiling datapack boss_progression into mod...
[2026, 9, 25, 12, 37, 29] ;;; build;    > Detecting split versions...
[2026, 9, 25, 12, 37, 29] ;;; build;    --> Nothing to delete after.
[2026, 9, 25, 12, 37, 29] ;;; build;    > Beginning build block...
[2026, 9, 25, 12, 37, 29] ;;; build;    > Renaming zip files to jar files...
[2026, 9, 25, 12, 37, 30] ;;; build;    > Resetting to cached game versions config...
[2026, 9, 25, 12, 37, 30] ;;; build;    > Build Complete.
[2026, 9, 25, 12, 37, 30] ;;; build; Compiling datapack desire_paths into mod...
[2026, 9, 25, 12, 37, 30] ;;; build;    > Detecting split versions...
[2026, 9, 25, 12, 37, 30] ;;; build;    --> Nothing to delete after.
[2026, 9, 25, 12, 37, 30] ;;; build;    > Beginning build block...
[2026, 9, 25, 12, 37, 30] ;;; build;    > Compiling for fabric-1.21.8...
[2026, 9, 25, 12, 37, 30] ;;; build;    --> Modfile already exists in build dir. Skipping...
[2026, 9, 25, 12, 37, 30] ;;; build;    > Compiling for fabric-1.21.9...
[2026, 9, 25, 12, 37, 30] ;;; build;    --> Modfile already exists in build dir. Skipping...
[2026, 9, 25, 12, 37, 30] ;;; build;    > Compiling for fabric-26.1...
[2026, 9, 25, 12, 37, 30] ;;; build;    --> Modfile already exists in build dir. Skipping...
[2026, 9, 25, 12, 37, 30] ;;; build;    > Compiling for fabric-26.2...
[2026, 9, 25, 12, 37, 30] ;;; build;    --> Modfile already exists in build dir. Skipping...
[2026, 9, 25, 12, 37, 30] ;;; build;    > Compiling for fabric-26.3...
[2026, 9, 25, 12, 37, 30] ;;; build;    --> Modfile already exists in build dir. Skipping...
[2026, 9, 25, 12, 37, 30] ;;; build;    > Compiling for forge-1.19.4...
[2026, 9, 25, 12, 37, 30] ;;; build;    --> Modfile already exists in build dir. Skipping...
[2026, 9, 25, 12, 37, 30] ;;; build;    > Compiling for forge-1.20.1...
[2026, 9, 25, 12, 37, 30] ;;; build;    --> Modfile already exists in build dir. Skipping...
[2026, 9, 25, 12, 37, 30] ;;; build;    > Compiling for neoforge-1.20.4...
[2026, 9, 25, 12, 37, 30] ;;; build;    --> Modfile already exists in build dir. Skipping...
[2026, 9, 25, 12, 37, 30] ;;; build;    > Compiling for neoforge-1.20.6...
[2026, 9, 25, 12, 37, 30] ;;; build;    --> Modfile already exists in build dir. Skipping...
[2026, 9, 25, 12, 37, 30] ;;; build;    > Compiling for neoforge-1.21.1...
[2026, 9, 25, 12, 37, 30] ;;; build;    --> Modfile already exists in build dir. Skipping...
[2026, 9, 25, 12, 37, 30] ;;; build;    > Compiling for neoforge-1.21.2...
[2026, 9, 25, 12, 37, 30] ;;; build;    --> Modfile already exists in build dir. Skipping...
[2026, 9, 25, 12, 37, 30] ;;; build;    > Compiling for neoforge-1.21.4...
[2026, 9, 25, 12, 37, 30] ;;; build;    --> Modfile already exists in build dir. Skipping...
[2026, 9, 25, 12, 37, 30] ;;; build;    > Compiling for neoforge-1.21.5...
[2026, 9, 25, 12, 37, 30] ;;; build;    --> Modfile already exists in build dir. Skipping...
[2026, 9, 25, 12, 37, 30] ;;; build;    > Compiling for neoforge-1.21.8...
[2026, 9, 25, 12, 37, 30] ;;; build;    --> Modfile already exists in build dir. Skipping...
[2026, 9, 25, 12, 37, 30] ;;; build;    > Compiling for neoforge-26.1...
[2026, 9, 25, 12, 37, 30] ;;; build;    --> Modfile already exists in build dir. Skipping...
[2026, 9, 25, 12, 37, 30] ;;; build;    > Compiling for neoforge-26.2...
[2026, 9, 25, 12, 37, 30] ;;; build;    --> Modfile already exists in build dir. Skipping...
[2026, 9, 25, 12, 37, 30] ;;; build;    > Compiling for neoforge-26.3...
[2026, 9, 25, 12, 37, 30] ;;; build;    --> Modfile already exists in build dir. Skipping...
[2026, 9, 25, 12, 37, 30] ;;; build;    > Renaming zip files to jar files...
[2026, 9, 25, 12, 37, 30] ;;; build;    > Resetting to cached game versions config...
[2026, 9, 25, 12, 37, 30] ;;; build;    > Build Complete.
[2026, 9, 25, 12, 37, 30] ;;; build; Compiling datapack dynamic_dirt into mod...
[2026, 9, 25, 12, 37, 30] ;;; build;    > Detecting split versions...
[2026, 9, 25, 12, 37, 30] ;;; build;    --> Nothing to delete after.
[2026, 9, 25, 12, 37, 30] ;;; build;    > Beginning build block...
[2026, 9, 25, 12, 37, 30] ;;; build;    > Compiling for fabric-1.21.8...
[2026, 9, 25, 12, 37, 30] ;;; build;    --> Modfile already exists in build dir. Skipping...
[2026, 9, 25, 12, 37, 30] ;;; build;    > Compiling for fabric-1.21.9...
[2026, 9, 25, 12, 37, 30] ;;; build;    --> Modfile already exists in build dir. Skipping...
[2026, 9, 25, 12, 37, 30] ;;; build;    > Compiling for fabric-26.1...
[2026, 9, 25, 12, 37, 30] ;;; build;    --> Modfile already exists in build dir. Skipping...
[2026, 9, 25, 12, 37, 30] ;;; build;    > Compiling for fabric-26.2...
[2026, 9, 25, 12, 37, 30] ;;; build;    --> Modfile already exists in build dir. Skipping...
[2026, 9, 25, 12, 37, 30] ;;; build;    > Compiling for fabric-26.3...
[2026, 9, 25, 12, 37, 30] ;;; build;    --> Modfile already exists in build dir. Skipping...
[2026, 9, 25, 12, 37, 30] ;;; build;    > Compiling for forge-1.19.4...
[2026, 9, 25, 12, 37, 30] ;;; build;    --> Modfile already exists in build dir. Skipping...
[2026, 9, 25, 12, 37, 30] ;;; build;    > Compiling for forge-1.20.1...
[2026, 9, 25, 12, 37, 30] ;;; build;    --> Modfile already exists in build dir. Skipping...
[2026, 9, 25, 12, 37, 30] ;;; build;    > Compiling for neoforge-1.20.4...
[2026, 9, 25, 12, 37, 30] ;;; build;    --> Modfile already exists in build dir. Skipping...
[2026, 9, 25, 12, 37, 30] ;;; build;    > Compiling for neoforge-1.20.6...
[2026, 9, 25, 12, 37, 30] ;;; build;    --> Modfile already exists in build dir. Skipping...
[2026, 9, 25, 12, 37, 30] ;;; build;    > Compiling for neoforge-1.21.1...
[2026, 9, 25, 12, 37, 30] ;;; build;    --> Modfile already exists in build dir. Skipping...
[2026, 9, 25, 12, 37, 30] ;;; build;    > Compiling for neoforge-1.21.2...
[2026, 9, 25, 12, 37, 30] ;;; build;    --> Modfile already exists in build dir. Skipping...
[2026, 9, 25, 12, 37, 30] ;;; build;    > Compiling for neoforge-1.21.4...
[2026, 9, 25, 12, 37, 30] ;;; build;    --> Modfile already exists in build dir. Skipping...
[2026, 9, 25, 12, 37, 30] ;;; build;    > Compiling for neoforge-1.21.5...
[2026, 9, 25, 12, 37, 30] ;;; build;    --> Modfile already exists in build dir. Skipping...
[2026, 9, 25, 12, 37, 30] ;;; build;    > Compiling for neoforge-1.21.8...
[2026, 9, 25, 12, 37, 30] ;;; build;    --> Modfile already exists in build dir. Skipping...
[2026, 9, 25, 12, 37, 30] ;;; build;    > Compiling for neoforge-26.1...
[2026, 9, 25, 12, 37, 30] ;;; build;    --> Modfile already exists in build dir. Skipping...
[2026, 9, 25, 12, 37, 30] ;;; build;    > Compiling for neoforge-26.2...
[2026, 9, 25, 12, 37, 30] ;;; build;    --> Modfile already exists in build dir. Skipping...
[2026, 9, 25, 12, 37, 30] ;;; build;    > Compiling for neoforge-26.3...
[2026, 9, 25, 12, 37, 30] ;;; build;    --> Modfile already exists in build dir. Skipping...
[2026, 9, 25, 12, 37, 30] ;;; build;    > Renaming zip files to jar files...
[2026, 9, 25, 12, 37, 30] ;;; build;    > Resetting to cached game versions config...
[2026, 9, 25, 12, 37, 30] ;;; build;    > Build Complete.
[2026, 9, 25, 12, 37, 30] ;;; build; Compiling datapack dynamic_ecosystems into mod...
[2026, 9, 25, 12, 37, 30] ;;; build;    > Detecting split versions...
[2026, 9, 25, 12, 37, 30] ;;; build;    --> Nothing to delete after.
[2026, 9, 25, 12, 37, 30] ;;; build;    > Beginning build block...
[2026, 9, 25, 12, 37, 30] ;;; build;    > Compiling for fabric-1.21.8...
[2026, 9, 25, 12, 37, 30] ;;; build;    --> Modfile already exists in build dir. Skipping...
[2026, 9, 25, 12, 37, 30] ;;; build;    > Compiling for fabric-1.21.9...
[2026, 9, 25, 12, 37, 30] ;;; build;    --> Modfile already exists in build dir. Skipping...
[2026, 9, 25, 12, 37, 30] ;;; build;    > Compiling for fabric-26.1...
[2026, 9, 25, 12, 37, 30] ;;; build;    --> Modfile already exists in build dir. Skipping...
[2026, 9, 25, 12, 37, 30] ;;; build;    > Compiling for fabric-26.2...
[2026, 9, 25, 12, 37, 30] ;;; build;    --> Modfile already exists in build dir. Skipping...
[2026, 9, 25, 12, 37, 30] ;;; build;    > Compiling for fabric-26.3...
[2026, 9, 25, 12, 37, 30] ;;; build;    --> Modfile already exists in build dir. Skipping...
[2026, 9, 25, 12, 37, 30] ;;; build;    > Compiling for forge-1.19.4...
[2026, 9, 25, 12, 37, 30] ;;; build;    --> Modfile already exists in build dir. Skipping...
[2026, 9, 25, 12, 37, 30] ;;; build;    > Compiling for forge-1.20.1...
[2026, 9, 25, 12, 37, 30] ;;; build;    --> Modfile already exists in build dir. Skipping...
[2026, 9, 25, 12, 37, 30] ;;; build;    > Compiling for neoforge-1.20.4...
[2026, 9, 25, 12, 37, 30] ;;; build;    --> Modfile already exists in build dir. Skipping...
[2026, 9, 25, 12, 37, 30] ;;; build;    > Compiling for neoforge-1.20.6...
[2026, 9, 25, 12, 37, 30] ;;; build;    --> Modfile already exists in build dir. Skipping...
[2026, 9, 25, 12, 37, 30] ;;; build;    > Compiling for neoforge-1.21.1...
[2026, 9, 25, 12, 37, 30] ;;; build;    --> Modfile already exists in build dir. Skipping...
[2026, 9, 25, 12, 37, 30] ;;; build;    > Compiling for neoforge-1.21.2...
[2026, 9, 25, 12, 37, 30] ;;; build;    --> Modfile already exists in build dir. Skipping...
[2026, 9, 25, 12, 37, 30] ;;; build;    > Compiling for neoforge-1.21.4...
[2026, 9, 25, 12, 37, 30] ;;; build;    --> Modfile already exists in build dir. Skipping...
[2026, 9, 25, 12, 37, 30] ;;; build;    > Compiling for neoforge-1.21.5...
[2026, 9, 25, 12, 37, 30] ;;; build;    --> Modfile already exists in build dir. Skipping...
[2026, 9, 25, 12, 37, 30] ;;; build;    > Compiling for neoforge-1.21.8...
[2026, 9, 25, 12, 37, 30] ;;; build;    --> Modfile already exists in build dir. Skipping...
[2026, 9, 25, 12, 37, 30] ;;; build;    > Compiling for neoforge-26.1...
[2026, 9, 25, 12, 37, 30] ;;; build;    --> Modfile already exists in build dir. Skipping...
[2026, 9, 25, 12, 37, 30] ;;; build;    > Compiling for neoforge-26.2...
[2026, 9, 25, 12, 37, 30] ;;; build;    --> Modfile already exists in build dir. Skipping...
[2026, 9, 25, 12, 37, 30] ;;; build;    > Compiling for neoforge-26.3...
[2026, 9, 25, 12, 37, 30] ;;; build;    --> Modfile already exists in build dir. Skipping...
[2026, 9, 25, 12, 37, 30] ;;; build;    > Renaming zip files to jar files...
[2026, 9, 25, 12, 37, 30] ;;; build;    > Resetting to cached game versions config...
[2026, 9, 25, 12, 37, 30] ;;; build;    > Build Complete.
[2026, 9, 25, 12, 37, 30] ;;; build; Compiling datapack dynamic_monsters into mod...
[2026, 9, 25, 12, 37, 30] ;;; build;    > Detecting split versions...
[2026, 9, 25, 12, 37, 30] ;;; build;    --> Nothing to delete after.
[2026, 9, 25, 12, 37, 30] ;;; build;    > Beginning build block...
[2026, 9, 25, 12, 37, 30] ;;; build;    > Compiling for fabric-1.21.8...
[2026, 9, 25, 12, 37, 30] ;;; build;    --> Modfile already exists in build dir. Skipping...
[2026, 9, 25, 12, 37, 30] ;;; build;    > Compiling for fabric-1.21.9...
[2026, 9, 25, 12, 37, 30] ;;; build;    --> Modfile already exists in build dir. Skipping...
[2026, 9, 25, 12, 37, 30] ;;; build;    > Compiling for fabric-26.1...
[2026, 9, 25, 12, 37, 30] ;;; build;    --> Modfile already exists in build dir. Skipping...
[2026, 9, 25, 12, 37, 30] ;;; build;    > Compiling for fabric-26.2...
[2026, 9, 25, 12, 37, 30] ;;; build;    --> Modfile already exists in build dir. Skipping...
[2026, 9, 25, 12, 37, 30] ;;; build;    > Compiling for fabric-26.3...
[2026, 9, 25, 12, 37, 30] ;;; build;    --> Modfile already exists in build dir. Skipping...
[2026, 9, 25, 12, 37, 30] ;;; build;    > Compiling for forge-1.19.4...
[2026, 9, 25, 12, 37, 30] ;;; build;    --> Modfile already exists in build dir. Skipping...
[2026, 9, 25, 12, 37, 30] ;;; build;    > Compiling for forge-1.20.1...
[2026, 9, 25, 12, 37, 30] ;;; build;    --> Modfile already exists in build dir. Skipping...
[2026, 9, 25, 12, 37, 30] ;;; build;    > Compiling for neoforge-1.20.4...
[2026, 9, 25, 12, 37, 30] ;;; build;    --> Modfile already exists in build dir. Skipping...
[2026, 9, 25, 12, 37, 30] ;;; build;    > Compiling for neoforge-1.20.6...
[2026, 9, 25, 12, 37, 30] ;;; build;    --> Modfile already exists in build dir. Skipping...
[2026, 9, 25, 12, 37, 30] ;;; build;    > Compiling for neoforge-1.21.1...
[2026, 9, 25, 12, 37, 30] ;;; build;    --> Modfile already exists in build dir. Skipping...
[2026, 9, 25, 12, 37, 30] ;;; build;    > Compiling for neoforge-1.21.2...
[2026, 9, 25, 12, 37, 30] ;;; build;    --> Modfile already exists in build dir. Skipping...
[2026, 9, 25, 12, 37, 30] ;;; build;    > Compiling for neoforge-1.21.4...
[2026, 9, 25, 12, 37, 30] ;;; build;    --> Modfile already exists in build dir. Skipping...
[2026, 9, 25, 12, 37, 30] ;;; build;    > Compiling for neoforge-1.21.5...
[2026, 9, 25, 12, 37, 30] ;;; build;    --> Modfile already exists in build dir. Skipping...
[2026, 9, 25, 12, 37, 30] ;;; build;    > Compiling for neoforge-1.21.8...
[2026, 9, 25, 12, 37, 30] ;;; build;    --> Modfile already exists in build dir. Skipping...
[2026, 9, 25, 12, 37, 30] ;;; build;    > Compiling for neoforge-26.1...
[2026, 9, 25, 12, 37, 30] ;;; build;    --> Modfile already exists in build dir. Skipping...
[2026, 9, 25, 12, 37, 30] ;;; build;    > Compiling for neoforge-26.2...
[2026, 9, 25, 12, 37, 30] ;;; build;    --> Modfile already exists in build dir. Skipping...
[2026, 9, 25, 12, 37, 30] ;;; build;    > Compiling for neoforge-26.3...
[2026, 9, 25, 12, 37, 30] ;;; build;    --> Modfile already exists in build dir. Skipping...
[2026, 9, 25, 12, 37, 30] ;;; build;    > Renaming zip files to jar files...
[2026, 9, 25, 12, 37, 30] ;;; build;    > Resetting to cached game versions config...
[2026, 9, 25, 12, 37, 30] ;;; build;    > Build Complete.
[2026, 9, 25, 12, 37, 30] ;;; build; Compiling datapack enhanced_survival into mod...
[2026, 9, 25, 12, 37, 30] ;;; build;    > Detecting split versions...
[2026, 9, 25, 12, 37, 30] ;;; build;    --> Nothing to delete after.
[2026, 9, 25, 12, 37, 30] ;;; build;    > Beginning build block...
[2026, 9, 25, 12, 37, 30] ;;; build;    > Compiling for fabric-1.21.8...
[2026, 9, 25, 12, 37, 30] ;;; build;    --> Modfile already exists in build dir. Skipping...
[2026, 9, 25, 12, 37, 30] ;;; build;    > Compiling for fabric-1.21.9...
[2026, 9, 25, 12, 37, 30] ;;; build;    --> Modfile already exists in build dir. Skipping...
[2026, 9, 25, 12, 37, 30] ;;; build;    > Compiling for fabric-26.1...
[2026, 9, 25, 12, 37, 30] ;;; build;    --> Modfile already exists in build dir. Skipping...
[2026, 9, 25, 12, 37, 30] ;;; build;    > Compiling for fabric-26.2...
[2026, 9, 25, 12, 37, 30] ;;; build;    --> Modfile already exists in build dir. Skipping...
[2026, 9, 25, 12, 37, 30] ;;; build;    > Compiling for fabric-26.3...
[2026, 9, 25, 12, 37, 30] ;;; build;    --> Modfile already exists in build dir. Skipping...
[2026, 9, 25, 12, 37, 30] ;;; build;    > Compiling for forge-1.19.4...
[2026, 9, 25, 12, 37, 30] ;;; build;    --> Modfile already exists in build dir. Skipping...
[2026, 9, 25, 12, 37, 30] ;;; build;    > Compiling for forge-1.20.1...
[2026, 9, 25, 12, 37, 30] ;;; build;    --> Modfile already exists in build dir. Skipping...
[2026, 9, 25, 12, 37, 30] ;;; build;    > Compiling for neoforge-1.20.4...
[2026, 9, 25, 12, 37, 30] ;;; build;    --> Modfile already exists in build dir. Skipping...
[2026, 9, 25, 12, 37, 30] ;;; build;    > Compiling for neoforge-1.20.6...
[2026, 9, 25, 12, 37, 30] ;;; build;    --> Modfile already exists in build dir. Skipping...
[2026, 9, 25, 12, 37, 30] ;;; build;    > Compiling for neoforge-1.21.1...
[2026, 9, 25, 12, 37, 30] ;;; build;    --> Modfile already exists in build dir. Skipping...
[2026, 9, 25, 12, 37, 30] ;;; build;    > Compiling for neoforge-1.21.2...
[2026, 9, 25, 12, 37, 30] ;;; build;    --> Modfile already exists in build dir. Skipping...
[2026, 9, 25, 12, 37, 30] ;;; build;    > Compiling for neoforge-1.21.4...
[2026, 9, 25, 12, 37, 30] ;;; build;    --> Modfile already exists in build dir. Skipping...
[2026, 9, 25, 12, 37, 30] ;;; build;    > Compiling for neoforge-1.21.5...
[2026, 9, 25, 12, 37, 30] ;;; build;    --> Modfile already exists in build dir. Skipping...
[2026, 9, 25, 12, 37, 30] ;;; build;    > Compiling for neoforge-1.21.8...
[2026, 9, 25, 12, 37, 30] ;;; build;    --> Modfile already exists in build dir. Skipping...
[2026, 9, 25, 12, 37, 30] ;;; build;    > Compiling for neoforge-26.1...
[2026, 9, 25, 12, 37, 30] ;;; build;    --> Modfile already exists in build dir. Skipping...
[2026, 9, 25, 12, 37, 30] ;;; build;    > Compiling for neoforge-26.2...
[2026, 9, 25, 12, 37, 30] ;;; build;    --> Modfile already exists in build dir. Skipping...
[2026, 9, 25, 12, 37, 30] ;;; build;    > Compiling for neoforge-26.3...
[2026, 9, 25, 12, 37, 30] ;;; build;    --> Modfile already exists in build dir. Skipping...
[2026, 9, 25, 12, 37, 30] ;;; build;    > Renaming zip files to jar files...
[2026, 9, 25, 12, 37, 30] ;;; build;    > Resetting to cached game versions config...
[2026, 9, 25, 12, 37, 30] ;;; build;    > Build Complete.
[2026, 9, 25, 12, 37, 30] ;;; build; Compiling datapack ghosts_and_ghouls into mod...
[2026, 9, 25, 12, 37, 30] ;;; build;    > Detecting split versions...
[2026, 9, 25, 12, 37, 30] ;;; build;    --> Nothing to delete after.
[2026, 9, 25, 12, 37, 30] ;;; build;    > Beginning build block...
[2026, 9, 25, 12, 37, 30] ;;; build;    > Compiling for fabric-1.21.8...
[2026, 9, 25, 12, 37, 30] ;;; build;    --> Modfile already exists in build dir. Skipping...
[2026, 9, 25, 12, 37, 30] ;;; build;    > Compiling for fabric-1.21.9...
[2026, 9, 25, 12, 37, 30] ;;; build;    --> Modfile already exists in build dir. Skipping...
[2026, 9, 25, 12, 37, 30] ;;; build;    > Compiling for fabric-26.1...
[2026, 9, 25, 12, 37, 30] ;;; build;    --> Modfile already exists in build dir. Skipping...
[2026, 9, 25, 12, 37, 30] ;;; build;    > Compiling for fabric-26.2...
[2026, 9, 25, 12, 37, 30] ;;; build;    --> Modfile already exists in build dir. Skipping...
[2026, 9, 25, 12, 37, 30] ;;; build;    > Compiling for fabric-26.3...
[2026, 9, 25, 12, 37, 30] ;;; build;    --> Modfile already exists in build dir. Skipping...
[2026, 9, 25, 12, 37, 30] ;;; build;    > Compiling for forge-1.19.4...
[2026, 9, 25, 12, 37, 30] ;;; build;    --> Modfile already exists in build dir. Skipping...
[2026, 9, 25, 12, 37, 30] ;;; build;    > Compiling for forge-1.20.1...
[2026, 9, 25, 12, 37, 30] ;;; build;    --> Modfile already exists in build dir. Skipping...
[2026, 9, 25, 12, 37, 30] ;;; build;    > Compiling for neoforge-1.20.4...
[2026, 9, 25, 12, 37, 30] ;;; build;    --> Modfile already exists in build dir. Skipping...
[2026, 9, 25, 12, 37, 30] ;;; build;    > Compiling for neoforge-1.20.6...
[2026, 9, 25, 12, 37, 30] ;;; build;    --> Modfile already exists in build dir. Skipping...
[2026, 9, 25, 12, 37, 30] ;;; build;    > Compiling for neoforge-1.21.1...
[2026, 9, 25, 12, 37, 30] ;;; build;    --> Modfile already exists in build dir. Skipping...
[2026, 9, 25, 12, 37, 30] ;;; build;    > Compiling for neoforge-1.21.2...
[2026, 9, 25, 12, 37, 30] ;;; build;    --> Modfile already exists in build dir. Skipping...
[2026, 9, 25, 12, 37, 30] ;;; build;    > Compiling for neoforge-1.21.4...
[2026, 9, 25, 12, 37, 30] ;;; build;    --> Modfile already exists in build dir. Skipping...
[2026, 9, 25, 12, 37, 30] ;;; build;    > Compiling for neoforge-1.21.5...
[2026, 9, 25, 12, 37, 30] ;;; build;    --> Modfile already exists in build dir. Skipping...
[2026, 9, 25, 12, 37, 30] ;;; build;    > Compiling for neoforge-1.21.8...
[2026, 9, 25, 12, 37, 30] ;;; build;    --> Modfile already exists in build dir. Skipping...
[2026, 9, 25, 12, 37, 30] ;;; build;    > Compiling for neoforge-26.1...
[2026, 9, 25, 12, 37, 30] ;;; build;    --> Modfile already exists in build dir. Skipping...
[2026, 9, 25, 12, 37, 30] ;;; build;    > Compiling for neoforge-26.2...
[2026, 9, 25, 12, 37, 30] ;;; build;    --> Modfile already exists in build dir. Skipping...
[2026, 9, 25, 12, 37, 30] ;;; build;    > Compiling for neoforge-26.3...
[2026, 9, 25, 12, 37, 30] ;;; build;    --> Modfile already exists in build dir. Skipping...
[2026, 9, 25, 12, 37, 30] ;;; build;    > Renaming zip files to jar files...
[2026, 9, 25, 12, 37, 30] ;;; build;    > Resetting to cached game versions config...
[2026, 9, 25, 12, 37, 30] ;;; build;    > Build Complete.
[2026, 9, 25, 12, 37, 30] ;;; build; Compiling datapack gothic_horror into mod...
[2026, 9, 25, 12, 37, 30] ;;; build;    > Detecting split versions...
[2026, 9, 25, 12, 37, 30] ;;; build;    --> Nothing to delete after.
[2026, 9, 25, 12, 37, 30] ;;; build;    > Beginning build block...
[2026, 9, 25, 12, 37, 30] ;;; build;    > Compiling for fabric-1.21.8...
[2026, 9, 25, 12, 37, 30] ;;; build;    --> Modfile already exists in build dir. Skipping...
[2026, 9, 25, 12, 37, 30] ;;; build;    > Compiling for fabric-1.21.9...
[2026, 9, 25, 12, 37, 30] ;;; build;    --> Modfile already exists in build dir. Skipping...
[2026, 9, 25, 12, 37, 30] ;;; build;    > Compiling for fabric-26.1...
[2026, 9, 25, 12, 37, 30] ;;; build;    --> Modfile already exists in build dir. Skipping...
[2026, 9, 25, 12, 37, 30] ;;; build;    > Compiling for fabric-26.2...
[2026, 9, 25, 12, 37, 30] ;;; build;    --> Modfile already exists in build dir. Skipping...
[2026, 9, 25, 12, 37, 30] ;;; build;    > Compiling for fabric-26.3...
[2026, 9, 25, 12, 37, 30] ;;; build;    --> Modfile already exists in build dir. Skipping...
[2026, 9, 25, 12, 37, 30] ;;; build;    > Compiling for forge-1.19.4...
[2026, 9, 25, 12, 37, 30] ;;; build;    --> Modfile already exists in build dir. Skipping...
[2026, 9, 25, 12, 37, 30] ;;; build;    > Compiling for forge-1.20.1...
[2026, 9, 25, 12, 37, 30] ;;; build;    --> Modfile already exists in build dir. Skipping...
[2026, 9, 25, 12, 37, 30] ;;; build;    > Compiling for neoforge-1.20.4...
[2026, 9, 25, 12, 37, 30] ;;; build;    --> Modfile already exists in build dir. Skipping...
[2026, 9, 25, 12, 37, 30] ;;; build;    > Compiling for neoforge-1.20.6...
[2026, 9, 25, 12, 37, 30] ;;; build;    --> Modfile already exists in build dir. Skipping...
[2026, 9, 25, 12, 37, 30] ;;; build;    > Compiling for neoforge-1.21.1...
[2026, 9, 25, 12, 37, 30] ;;; build;    --> Modfile already exists in build dir. Skipping...
[2026, 9, 25, 12, 37, 30] ;;; build;    > Compiling for neoforge-1.21.2...
[2026, 9, 25, 12, 37, 30] ;;; build;    --> Modfile already exists in build dir. Skipping...
[2026, 9, 25, 12, 37, 30] ;;; build;    > Compiling for neoforge-1.21.4...
[2026, 9, 25, 12, 37, 30] ;;; build;    --> Modfile already exists in build dir. Skipping...
[2026, 9, 25, 12, 37, 30] ;;; build;    > Compiling for neoforge-1.21.5...
[2026, 9, 25, 12, 37, 30] ;;; build;    --> Modfile already exists in build dir. Skipping...
[2026, 9, 25, 12, 37, 30] ;;; build;    > Compiling for neoforge-1.21.8...
[2026, 9, 25, 12, 37, 30] ;;; build;    --> Modfile already exists in build dir. Skipping...
[2026, 9, 25, 12, 37, 30] ;;; build;    > Compiling for neoforge-26.1...
[2026, 9, 25, 12, 37, 30] ;;; build;    --> Modfile already exists in build dir. Skipping...
[2026, 9, 25, 12, 37, 30] ;;; build;    > Compiling for neoforge-26.2...
[2026, 9, 25, 12, 37, 30] ;;; build;    --> Modfile already exists in build dir. Skipping...
[2026, 9, 25, 12, 37, 30] ;;; build;    > Compiling for neoforge-26.3...
[2026, 9, 25, 12, 37, 30] ;;; build;    --> Modfile already exists in build dir. Skipping...
[2026, 9, 25, 12, 37, 30] ;;; build;    > Renaming zip files to jar files...
[2026, 9, 25, 12, 37, 31] ;;; build;    > Resetting to cached game versions config...
[2026, 9, 25, 12, 37, 31] ;;; build;    > Build Complete.
[2026, 9, 25, 12, 37, 31] ;;; build; Compiling datapack gstools into mod...
[2026, 9, 25, 12, 37, 31] ;;; build;    > Detecting split versions...
[2026, 9, 25, 12, 37, 31] ;;; build;    --> Nothing to delete after.
[2026, 9, 25, 12, 37, 31] ;;; build;    > Beginning build block...
[2026, 9, 25, 12, 37, 31] ;;; build;    > Compiling for fabric-1.21.8...
[2026, 9, 25, 12, 37, 31] ;;; build;    --> Modfile already exists in build dir. Skipping...
[2026, 9, 25, 12, 37, 31] ;;; build;    > Compiling for fabric-1.21.9...
[2026, 9, 25, 12, 37, 31] ;;; build;    --> Modfile already exists in build dir. Skipping...
[2026, 9, 25, 12, 37, 31] ;;; build;    > Compiling for fabric-26.1...
[2026, 9, 25, 12, 37, 31] ;;; build;    --> Modfile already exists in build dir. Skipping...
[2026, 9, 25, 12, 37, 31] ;;; build;    > Compiling for fabric-26.2...
[2026, 9, 25, 12, 37, 31] ;;; build;    --> Modfile already exists in build dir. Skipping...
[2026, 9, 25, 12, 37, 31] ;;; build;    > Compiling for fabric-26.3...
[2026, 9, 25, 12, 37, 31] ;;; build;    --> Modfile already exists in build dir. Skipping...
[2026, 9, 25, 12, 37, 31] ;;; build;    > Compiling for forge-1.19.4...
[2026, 9, 25, 12, 37, 31] ;;; build;    --> Modfile already exists in build dir. Skipping...
[2026, 9, 25, 12, 37, 31] ;;; build;    > Compiling for forge-1.20.1...
[2026, 9, 25, 12, 37, 31] ;;; build;    --> Modfile already exists in build dir. Skipping...
[2026, 9, 25, 12, 37, 31] ;;; build;    > Compiling for neoforge-1.20.4...
[2026, 9, 25, 12, 37, 31] ;;; build;    --> Modfile already exists in build dir. Skipping...
[2026, 9, 25, 12, 37, 31] ;;; build;    > Compiling for neoforge-1.20.6...
[2026, 9, 25, 12, 37, 31] ;;; build;    --> Modfile already exists in build dir. Skipping...
[2026, 9, 25, 12, 37, 31] ;;; build;    > Compiling for neoforge-1.21.1...
[2026, 9, 25, 12, 37, 31] ;;; build;    --> Cleaning temp directory...
[2026, 9, 25, 12, 37, 32] ;;; build;    --> Unpacking base jar file...
[2026, 9, 25, 12, 37, 33] ;;; build;    --> Copying compiled mcfunction assets...
[2026, 9, 25, 12, 38, 2] ;;; build;    --> Injecting logo...
[2026, 9, 25, 12, 38, 2] ;;; build;    --> Injecting config defaults...
[2026, 9, 25, 12, 38, 2] ;;; build;    --> Handling loader specifications...
[2026, 9, 25, 12, 38, 2] ;;; build;      ---> Init Neoforge...
[2026, 9, 25, 12, 38, 2] ;;; build;      ---> Weather2 Compat Requirment Detected.
[2026, 9, 25, 12, 38, 2] ;;; build;    --> Injecting gstools function tags...
[2026, 9, 25, 12, 38, 2] ;;; build;    --> Injecting block tags...
[2026, 9, 25, 12, 38, 2] ;;; build;    --> Duplicating function folder for backported versions...
[2026, 9, 25, 12, 38, 3] ;;; build;    --> Packing into jar file...
[2026, 9, 25, 12, 38, 31] ;;; build;    --> Cleaning Up...
[2026, 9, 25, 12, 39, 2] ;;; build;    --> Done.
[2026, 9, 25, 12, 39, 2] ;;; build;    > Compiling for neoforge-1.21.2...
[2026, 9, 25, 12, 39, 2] ;;; build;    --> Cleaning temp directory...
[2026, 9, 25, 12, 39, 3] ;;; build;    --> Unpacking base jar file...
[2026, 9, 25, 12, 39, 3] ;;; build;    --> Copying compiled mcfunction assets...
[2026, 9, 25, 12, 39, 32] ;;; build;    --> Injecting logo...
[2026, 9, 25, 12, 39, 32] ;;; build;    --> Injecting config defaults...
[2026, 9, 25, 12, 39, 32] ;;; build;    --> Handling loader specifications...
[2026, 9, 25, 12, 39, 32] ;;; build;      ---> Init Neoforge...
[2026, 9, 25, 12, 39, 32] ;;; build;    --> Injecting gstools function tags...
[2026, 9, 25, 12, 39, 32] ;;; build;    --> Injecting block tags...
[2026, 9, 25, 12, 39, 32] ;;; build;    --> Duplicating function folder for backported versions...
[2026, 9, 25, 12, 39, 32] ;;; build;    --> Packing into jar file...
[2026, 9, 25, 12, 40, 1] ;;; build;    --> Cleaning Up...
[2026, 9, 25, 12, 47, 3] ;;; build; build.py
[2026, 9, 25, 12, 47, 3] ;;; build; --build
[2026, 9, 25, 12, 47, 3] ;;; build; --skipCompile
[2026, 9, 25, 12, 47, 3] ;;; build; --continueBuild
[2026, 9, 25, 12, 47, 3] ;;; build; Init Mod Build...
[2026, 9, 25, 12, 47, 3] ;;; build; Continuing prior build instance...
[2026, 9, 25, 12, 47, 3] ;;; build; Init resources...
[2026, 9, 25, 12, 47, 3] ;;; build; Skipping datapack compile...
[2026, 9, 25, 12, 47, 3] ;;; build; Adjusting current version as needed...
[2026, 9, 25, 12, 47, 3] ;;; build; Appending to changelog...
[2026, 9, 25, 12, 47, 3] ;;; build; Begin Complete Build Block...
[2026, 9, 25, 12, 47, 3] ;;; build; Init Build Per Datapack Compile Block...
[2026, 9, 25, 12, 47, 3] ;;; build; Compiling datapack block_decay into mod...
[2026, 9, 25, 12, 47, 3] ;;; build;    > Detecting split versions...
[2026, 9, 25, 12, 47, 3] ;;; build;    --> Version to delete after: gstools-neoforge-1.21.9.jar
[2026, 9, 25, 12, 47, 3] ;;; build;    --> Version to delete after: gstools-neoforge-1.21.10.jar
[2026, 9, 25, 12, 47, 3] ;;; build;    --> Version to delete after: gstools-neoforge-1.21.11.jar
[2026, 9, 25, 12, 47, 3] ;;; build;    --> Version to delete after: gstools-neoforge-1.21.jar
[2026, 9, 25, 12, 47, 3] ;;; build;    --> Version to delete after: gstools-fabric-1.21.10.jar
[2026, 9, 25, 12, 47, 4] ;;; build;    --> Version to delete after: gstools-fabric-1.21.11.jar
[2026, 9, 25, 12, 47, 4] ;;; build;    --> Copying modified game version cache...
[2026, 9, 25, 12, 47, 7] ;;; build;    > Beginning build block...
[2026, 9, 25, 12, 47, 7] ;;; build;    > Compiling for fabric-1.21.10...
[2026, 9, 25, 12, 47, 7] ;;; build;    --> Modfile already exists in build dir. Skipping...
[2026, 9, 25, 12, 47, 7] ;;; build;    > Compiling for fabric-1.21.11...
[2026, 9, 25, 12, 47, 7] ;;; build;    --> Modfile already exists in build dir. Skipping...
[2026, 9, 25, 12, 47, 7] ;;; build;    > Compiling for fabric-1.21.8...
[2026, 9, 25, 12, 47, 7] ;;; build;    --> Modfile already exists in build dir. Skipping...
[2026, 9, 25, 12, 47, 7] ;;; build;    > Compiling for fabric-1.21.9...
[2026, 9, 25, 12, 47, 7] ;;; build;    --> Modfile already exists in build dir. Skipping...
[2026, 9, 25, 12, 47, 7] ;;; build;    > Compiling for fabric-26.1...
[2026, 9, 25, 12, 47, 7] ;;; build;    --> Modfile already exists in build dir. Skipping...
[2026, 9, 25, 12, 47, 7] ;;; build;    > Compiling for fabric-26.2...
[2026, 9, 25, 12, 47, 7] ;;; build;    --> Modfile already exists in build dir. Skipping...
[2026, 9, 25, 12, 47, 7] ;;; build;    > Compiling for fabric-26.3...
[2026, 9, 25, 12, 47, 7] ;;; build;    --> Modfile already exists in build dir. Skipping...
[2026, 9, 25, 12, 47, 7] ;;; build;    > Compiling for forge-1.19.4...
[2026, 9, 25, 12, 47, 7] ;;; build;    --> Modfile already exists in build dir. Skipping...
[2026, 9, 25, 12, 47, 7] ;;; build;    > Compiling for forge-1.20.1...
[2026, 9, 25, 12, 47, 7] ;;; build;    --> Modfile already exists in build dir. Skipping...
[2026, 9, 25, 12, 47, 7] ;;; build;    > Compiling for neoforge-1.20.4...
[2026, 9, 25, 12, 47, 7] ;;; build;    --> Modfile already exists in build dir. Skipping...
[2026, 9, 25, 12, 47, 7] ;;; build;    > Compiling for neoforge-1.20.6...
[2026, 9, 25, 12, 47, 7] ;;; build;    --> Modfile already exists in build dir. Skipping...
[2026, 9, 25, 12, 47, 7] ;;; build;    > Compiling for neoforge-1.21.1...
[2026, 9, 25, 12, 47, 7] ;;; build;    --> Modfile already exists in build dir. Skipping...
[2026, 9, 25, 12, 47, 7] ;;; build;    > Compiling for neoforge-1.21.10...
[2026, 9, 25, 12, 47, 7] ;;; build;    --> Modfile already exists in build dir. Skipping...
[2026, 9, 25, 12, 47, 7] ;;; build;    > Compiling for neoforge-1.21.11...
[2026, 9, 25, 12, 47, 7] ;;; build;    --> Modfile already exists in build dir. Skipping...
[2026, 9, 25, 12, 47, 7] ;;; build;    > Compiling for neoforge-1.21.2...
[2026, 9, 25, 12, 47, 7] ;;; build;    --> Modfile already exists in build dir. Skipping...
[2026, 9, 25, 12, 47, 7] ;;; build;    > Compiling for neoforge-1.21.4...
[2026, 9, 25, 12, 47, 7] ;;; build;    --> Modfile already exists in build dir. Skipping...
[2026, 9, 25, 12, 47, 7] ;;; build;    > Compiling for neoforge-1.21.5...
[2026, 9, 25, 12, 47, 7] ;;; build;    --> Modfile already exists in build dir. Skipping...
[2026, 9, 25, 12, 47, 7] ;;; build;    > Compiling for neoforge-1.21.8...
[2026, 9, 25, 12, 47, 7] ;;; build;    --> Modfile already exists in build dir. Skipping...
[2026, 9, 25, 12, 47, 7] ;;; build;    > Compiling for neoforge-1.21.9...
[2026, 9, 25, 12, 47, 7] ;;; build;    --> Modfile already exists in build dir. Skipping...
[2026, 9, 25, 12, 47, 7] ;;; build;    > Compiling for neoforge-1.21...
[2026, 9, 25, 12, 47, 7] ;;; build;    --> Modfile already exists in build dir. Skipping...
[2026, 9, 25, 12, 47, 7] ;;; build;    > Compiling for neoforge-26.1...
[2026, 9, 25, 12, 47, 7] ;;; build;    --> Modfile already exists in build dir. Skipping...
[2026, 9, 25, 12, 47, 7] ;;; build;    > Compiling for neoforge-26.2...
[2026, 9, 25, 12, 47, 7] ;;; build;    --> Modfile already exists in build dir. Skipping...
[2026, 9, 25, 12, 47, 7] ;;; build;    > Compiling for neoforge-26.3...
[2026, 9, 25, 12, 47, 7] ;;; build;    --> Modfile already exists in build dir. Skipping...
[2026, 9, 25, 12, 47, 7] ;;; build;    > Renaming zip files to jar files...
[2026, 9, 25, 12, 47, 7] ;;; build;    > Resetting to cached game versions config...
[2026, 9, 25, 12, 47, 7] ;;; build;    --> Deleting split version gstools-neoforge-1.21.9.jar...
[2026, 9, 25, 12, 47, 7] ;;; build;    --> Deleting split version gstools-neoforge-1.21.10.jar...
[2026, 9, 25, 12, 47, 7] ;;; build;    --> Deleting split version gstools-neoforge-1.21.11.jar...
[2026, 9, 25, 12, 47, 7] ;;; build;    --> Deleting split version gstools-neoforge-1.21.jar...
[2026, 9, 25, 12, 47, 7] ;;; build;    --> Deleting split version gstools-fabric-1.21.10.jar...
[2026, 9, 25, 12, 47, 7] ;;; build;    --> Deleting split version gstools-fabric-1.21.11.jar...
[2026, 9, 25, 12, 47, 7] ;;; build;    > Build Complete.
[2026, 9, 25, 12, 47, 7] ;;; build; Compiling datapack boss_progression into mod...
[2026, 9, 25, 12, 47, 7] ;;; build;    > Detecting split versions...
[2026, 9, 25, 12, 47, 7] ;;; build;    --> Nothing to delete after.
[2026, 9, 25, 12, 47, 7] ;;; build;    > Beginning build block...
[2026, 9, 25, 12, 47, 7] ;;; build;    > Renaming zip files to jar files...
[2026, 9, 25, 12, 47, 7] ;;; build;    > Resetting to cached game versions config...
[2026, 9, 25, 12, 47, 7] ;;; build;    > Build Complete.
[2026, 9, 25, 12, 47, 7] ;;; build; Compiling datapack desire_paths into mod...
[2026, 9, 25, 12, 47, 7] ;;; build;    > Detecting split versions...
[2026, 9, 25, 12, 47, 7] ;;; build;    --> Nothing to delete after.
[2026, 9, 25, 12, 47, 7] ;;; build;    > Beginning build block...
[2026, 9, 25, 12, 47, 7] ;;; build;    > Compiling for fabric-1.21.8...
[2026, 9, 25, 12, 47, 7] ;;; build;    --> Modfile already exists in build dir. Skipping...
[2026, 9, 25, 12, 47, 7] ;;; build;    > Compiling for fabric-1.21.9...
[2026, 9, 25, 12, 47, 7] ;;; build;    --> Modfile already exists in build dir. Skipping...
[2026, 9, 25, 12, 47, 7] ;;; build;    > Compiling for fabric-26.1...
[2026, 9, 25, 12, 47, 7] ;;; build;    --> Modfile already exists in build dir. Skipping...
[2026, 9, 25, 12, 47, 7] ;;; build;    > Compiling for fabric-26.2...
[2026, 9, 25, 12, 47, 7] ;;; build;    --> Modfile already exists in build dir. Skipping...
[2026, 9, 25, 12, 47, 7] ;;; build;    > Compiling for fabric-26.3...
[2026, 9, 25, 12, 47, 7] ;;; build;    --> Modfile already exists in build dir. Skipping...
[2026, 9, 25, 12, 47, 7] ;;; build;    > Compiling for forge-1.19.4...
[2026, 9, 25, 12, 47, 7] ;;; build;    --> Modfile already exists in build dir. Skipping...
[2026, 9, 25, 12, 47, 7] ;;; build;    > Compiling for forge-1.20.1...
[2026, 9, 25, 12, 47, 7] ;;; build;    --> Modfile already exists in build dir. Skipping...
[2026, 9, 25, 12, 47, 7] ;;; build;    > Compiling for neoforge-1.20.4...
[2026, 9, 25, 12, 47, 7] ;;; build;    --> Modfile already exists in build dir. Skipping...
[2026, 9, 25, 12, 47, 7] ;;; build;    > Compiling for neoforge-1.20.6...
[2026, 9, 25, 12, 47, 7] ;;; build;    --> Modfile already exists in build dir. Skipping...
[2026, 9, 25, 12, 47, 7] ;;; build;    > Compiling for neoforge-1.21.1...
[2026, 9, 25, 12, 47, 7] ;;; build;    --> Modfile already exists in build dir. Skipping...
[2026, 9, 25, 12, 47, 7] ;;; build;    > Compiling for neoforge-1.21.2...
[2026, 9, 25, 12, 47, 7] ;;; build;    --> Modfile already exists in build dir. Skipping...
[2026, 9, 25, 12, 47, 7] ;;; build;    > Compiling for neoforge-1.21.4...
[2026, 9, 25, 12, 47, 7] ;;; build;    --> Modfile already exists in build dir. Skipping...
[2026, 9, 25, 12, 47, 7] ;;; build;    > Compiling for neoforge-1.21.5...
[2026, 9, 25, 12, 47, 7] ;;; build;    --> Modfile already exists in build dir. Skipping...
[2026, 9, 25, 12, 47, 7] ;;; build;    > Compiling for neoforge-1.21.8...
[2026, 9, 25, 12, 47, 7] ;;; build;    --> Modfile already exists in build dir. Skipping...
[2026, 9, 25, 12, 47, 7] ;;; build;    > Compiling for neoforge-26.1...
[2026, 9, 25, 12, 47, 7] ;;; build;    --> Modfile already exists in build dir. Skipping...
[2026, 9, 25, 12, 47, 7] ;;; build;    > Compiling for neoforge-26.2...
[2026, 9, 25, 12, 47, 7] ;;; build;    --> Modfile already exists in build dir. Skipping...
[2026, 9, 25, 12, 47, 7] ;;; build;    > Compiling for neoforge-26.3...
[2026, 9, 25, 12, 47, 7] ;;; build;    --> Modfile already exists in build dir. Skipping...
[2026, 9, 25, 12, 47, 7] ;;; build;    > Renaming zip files to jar files...
[2026, 9, 25, 12, 47, 7] ;;; build;    > Resetting to cached game versions config...
[2026, 9, 25, 12, 47, 7] ;;; build;    > Build Complete.
[2026, 9, 25, 12, 47, 7] ;;; build; Compiling datapack dynamic_dirt into mod...
[2026, 9, 25, 12, 47, 7] ;;; build;    > Detecting split versions...
[2026, 9, 25, 12, 47, 7] ;;; build;    --> Nothing to delete after.
[2026, 9, 25, 12, 47, 7] ;;; build;    > Beginning build block...
[2026, 9, 25, 12, 47, 7] ;;; build;    > Compiling for fabric-1.21.8...
[2026, 9, 25, 12, 47, 7] ;;; build;    --> Modfile already exists in build dir. Skipping...
[2026, 9, 25, 12, 47, 7] ;;; build;    > Compiling for fabric-1.21.9...
[2026, 9, 25, 12, 47, 7] ;;; build;    --> Modfile already exists in build dir. Skipping...
[2026, 9, 25, 12, 47, 7] ;;; build;    > Compiling for fabric-26.1...
[2026, 9, 25, 12, 47, 7] ;;; build;    --> Modfile already exists in build dir. Skipping...
[2026, 9, 25, 12, 47, 7] ;;; build;    > Compiling for fabric-26.2...
[2026, 9, 25, 12, 47, 7] ;;; build;    --> Modfile already exists in build dir. Skipping...
[2026, 9, 25, 12, 47, 7] ;;; build;    > Compiling for fabric-26.3...
[2026, 9, 25, 12, 47, 7] ;;; build;    --> Modfile already exists in build dir. Skipping...
[2026, 9, 25, 12, 47, 7] ;;; build;    > Compiling for forge-1.19.4...
[2026, 9, 25, 12, 47, 7] ;;; build;    --> Modfile already exists in build dir. Skipping...
[2026, 9, 25, 12, 47, 7] ;;; build;    > Compiling for forge-1.20.1...
[2026, 9, 25, 12, 47, 7] ;;; build;    --> Modfile already exists in build dir. Skipping...
[2026, 9, 25, 12, 47, 7] ;;; build;    > Compiling for neoforge-1.20.4...
[2026, 9, 25, 12, 47, 7] ;;; build;    --> Modfile already exists in build dir. Skipping...
[2026, 9, 25, 12, 47, 7] ;;; build;    > Compiling for neoforge-1.20.6...
[2026, 9, 25, 12, 47, 7] ;;; build;    --> Modfile already exists in build dir. Skipping...
[2026, 9, 25, 12, 47, 7] ;;; build;    > Compiling for neoforge-1.21.1...
[2026, 9, 25, 12, 47, 7] ;;; build;    --> Modfile already exists in build dir. Skipping...
[2026, 9, 25, 12, 47, 7] ;;; build;    > Compiling for neoforge-1.21.2...
[2026, 9, 25, 12, 47, 7] ;;; build;    --> Modfile already exists in build dir. Skipping...
[2026, 9, 25, 12, 47, 7] ;;; build;    > Compiling for neoforge-1.21.4...
[2026, 9, 25, 12, 47, 7] ;;; build;    --> Modfile already exists in build dir. Skipping...
[2026, 9, 25, 12, 47, 7] ;;; build;    > Compiling for neoforge-1.21.5...
[2026, 9, 25, 12, 47, 7] ;;; build;    --> Modfile already exists in build dir. Skipping...
[2026, 9, 25, 12, 47, 7] ;;; build;    > Compiling for neoforge-1.21.8...
[2026, 9, 25, 12, 47, 7] ;;; build;    --> Modfile already exists in build dir. Skipping...
[2026, 9, 25, 12, 47, 7] ;;; build;    > Compiling for neoforge-26.1...
[2026, 9, 25, 12, 47, 7] ;;; build;    --> Modfile already exists in build dir. Skipping...
[2026, 9, 25, 12, 47, 7] ;;; build;    > Compiling for neoforge-26.2...
[2026, 9, 25, 12, 47, 7] ;;; build;    --> Modfile already exists in build dir. Skipping...
[2026, 9, 25, 12, 47, 7] ;;; build;    > Compiling for neoforge-26.3...
[2026, 9, 25, 12, 47, 7] ;;; build;    --> Modfile already exists in build dir. Skipping...
[2026, 9, 25, 12, 47, 7] ;;; build;    > Renaming zip files to jar files...
[2026, 9, 25, 12, 47, 7] ;;; build;    > Resetting to cached game versions config...
[2026, 9, 25, 12, 47, 7] ;;; build;    > Build Complete.
[2026, 9, 25, 12, 47, 7] ;;; build; Compiling datapack dynamic_ecosystems into mod...
[2026, 9, 25, 12, 47, 7] ;;; build;    > Detecting split versions...
[2026, 9, 25, 12, 47, 7] ;;; build;    --> Nothing to delete after.
[2026, 9, 25, 12, 47, 7] ;;; build;    > Beginning build block...
[2026, 9, 25, 12, 47, 7] ;;; build;    > Compiling for fabric-1.21.8...
[2026, 9, 25, 12, 47, 8] ;;; build;    --> Modfile already exists in build dir. Skipping...
[2026, 9, 25, 12, 47, 8] ;;; build;    > Compiling for fabric-1.21.9...
[2026, 9, 25, 12, 47, 8] ;;; build;    --> Modfile already exists in build dir. Skipping...
[2026, 9, 25, 12, 47, 8] ;;; build;    > Compiling for fabric-26.1...
[2026, 9, 25, 12, 47, 8] ;;; build;    --> Modfile already exists in build dir. Skipping...
[2026, 9, 25, 12, 47, 8] ;;; build;    > Compiling for fabric-26.2...
[2026, 9, 25, 12, 47, 8] ;;; build;    --> Modfile already exists in build dir. Skipping...
[2026, 9, 25, 12, 47, 8] ;;; build;    > Compiling for fabric-26.3...
[2026, 9, 25, 12, 47, 8] ;;; build;    --> Modfile already exists in build dir. Skipping...
[2026, 9, 25, 12, 47, 8] ;;; build;    > Compiling for forge-1.19.4...
[2026, 9, 25, 12, 47, 8] ;;; build;    --> Modfile already exists in build dir. Skipping...
[2026, 9, 25, 12, 47, 8] ;;; build;    > Compiling for forge-1.20.1...
[2026, 9, 25, 12, 47, 8] ;;; build;    --> Modfile already exists in build dir. Skipping...
[2026, 9, 25, 12, 47, 8] ;;; build;    > Compiling for neoforge-1.20.4...
[2026, 9, 25, 12, 47, 8] ;;; build;    --> Modfile already exists in build dir. Skipping...
[2026, 9, 25, 12, 47, 8] ;;; build;    > Compiling for neoforge-1.20.6...
[2026, 9, 25, 12, 47, 8] ;;; build;    --> Modfile already exists in build dir. Skipping...
[2026, 9, 25, 12, 47, 8] ;;; build;    > Compiling for neoforge-1.21.1...
[2026, 9, 25, 12, 47, 8] ;;; build;    --> Modfile already exists in build dir. Skipping...
[2026, 9, 25, 12, 47, 8] ;;; build;    > Compiling for neoforge-1.21.2...
[2026, 9, 25, 12, 47, 8] ;;; build;    --> Modfile already exists in build dir. Skipping...
[2026, 9, 25, 12, 47, 8] ;;; build;    > Compiling for neoforge-1.21.4...
[2026, 9, 25, 12, 47, 8] ;;; build;    --> Modfile already exists in build dir. Skipping...
[2026, 9, 25, 12, 47, 8] ;;; build;    > Compiling for neoforge-1.21.5...
[2026, 9, 25, 12, 47, 8] ;;; build;    --> Modfile already exists in build dir. Skipping...
[2026, 9, 25, 12, 47, 8] ;;; build;    > Compiling for neoforge-1.21.8...
[2026, 9, 25, 12, 47, 8] ;;; build;    --> Modfile already exists in build dir. Skipping...
[2026, 9, 25, 12, 47, 8] ;;; build;    > Compiling for neoforge-26.1...
[2026, 9, 25, 12, 47, 8] ;;; build;    --> Modfile already exists in build dir. Skipping...
[2026, 9, 25, 12, 47, 8] ;;; build;    > Compiling for neoforge-26.2...
[2026, 9, 25, 12, 47, 8] ;;; build;    --> Modfile already exists in build dir. Skipping...
[2026, 9, 25, 12, 47, 8] ;;; build;    > Compiling for neoforge-26.3...
[2026, 9, 25, 12, 47, 8] ;;; build;    --> Modfile already exists in build dir. Skipping...
[2026, 9, 25, 12, 47, 8] ;;; build;    > Renaming zip files to jar files...
[2026, 9, 25, 12, 47, 8] ;;; build;    > Resetting to cached game versions config...
[2026, 9, 25, 12, 47, 8] ;;; build;    > Build Complete.
[2026, 9, 25, 12, 47, 8] ;;; build; Compiling datapack dynamic_monsters into mod...
[2026, 9, 25, 12, 47, 8] ;;; build;    > Detecting split versions...
[2026, 9, 25, 12, 47, 8] ;;; build;    --> Nothing to delete after.
[2026, 9, 25, 12, 47, 8] ;;; build;    > Beginning build block...
[2026, 9, 25, 12, 47, 8] ;;; build;    > Compiling for fabric-1.21.8...
[2026, 9, 25, 12, 47, 8] ;;; build;    --> Modfile already exists in build dir. Skipping...
[2026, 9, 25, 12, 47, 8] ;;; build;    > Compiling for fabric-1.21.9...
[2026, 9, 25, 12, 47, 8] ;;; build;    --> Modfile already exists in build dir. Skipping...
[2026, 9, 25, 12, 47, 8] ;;; build;    > Compiling for fabric-26.1...
[2026, 9, 25, 12, 47, 8] ;;; build;    --> Modfile already exists in build dir. Skipping...
[2026, 9, 25, 12, 47, 8] ;;; build;    > Compiling for fabric-26.2...
[2026, 9, 25, 12, 47, 8] ;;; build;    --> Modfile already exists in build dir. Skipping...
[2026, 9, 25, 12, 47, 8] ;;; build;    > Compiling for fabric-26.3...
[2026, 9, 25, 12, 47, 8] ;;; build;    --> Modfile already exists in build dir. Skipping...
[2026, 9, 25, 12, 47, 8] ;;; build;    > Compiling for forge-1.19.4...
[2026, 9, 25, 12, 47, 8] ;;; build;    --> Modfile already exists in build dir. Skipping...
[2026, 9, 25, 12, 47, 8] ;;; build;    > Compiling for forge-1.20.1...
[2026, 9, 25, 12, 47, 8] ;;; build;    --> Modfile already exists in build dir. Skipping...
[2026, 9, 25, 12, 47, 8] ;;; build;    > Compiling for neoforge-1.20.4...
[2026, 9, 25, 12, 47, 8] ;;; build;    --> Modfile already exists in build dir. Skipping...
[2026, 9, 25, 12, 47, 8] ;;; build;    > Compiling for neoforge-1.20.6...
[2026, 9, 25, 12, 47, 8] ;;; build;    --> Modfile already exists in build dir. Skipping...
[2026, 9, 25, 12, 47, 8] ;;; build;    > Compiling for neoforge-1.21.1...
[2026, 9, 25, 12, 47, 8] ;;; build;    --> Modfile already exists in build dir. Skipping...
[2026, 9, 25, 12, 47, 8] ;;; build;    > Compiling for neoforge-1.21.2...
[2026, 9, 25, 12, 47, 8] ;;; build;    --> Modfile already exists in build dir. Skipping...
[2026, 9, 25, 12, 47, 8] ;;; build;    > Compiling for neoforge-1.21.4...
[2026, 9, 25, 12, 47, 8] ;;; build;    --> Modfile already exists in build dir. Skipping...
[2026, 9, 25, 12, 47, 8] ;;; build;    > Compiling for neoforge-1.21.5...
[2026, 9, 25, 12, 47, 8] ;;; build;    --> Modfile already exists in build dir. Skipping...
[2026, 9, 25, 12, 47, 8] ;;; build;    > Compiling for neoforge-1.21.8...
[2026, 9, 25, 12, 47, 8] ;;; build;    --> Modfile already exists in build dir. Skipping...
[2026, 9, 25, 12, 47, 8] ;;; build;    > Compiling for neoforge-26.1...
[2026, 9, 25, 12, 47, 8] ;;; build;    --> Modfile already exists in build dir. Skipping...
[2026, 9, 25, 12, 47, 8] ;;; build;    > Compiling for neoforge-26.2...
[2026, 9, 25, 12, 47, 8] ;;; build;    --> Modfile already exists in build dir. Skipping...
[2026, 9, 25, 12, 47, 8] ;;; build;    > Compiling for neoforge-26.3...
[2026, 9, 25, 12, 47, 8] ;;; build;    --> Modfile already exists in build dir. Skipping...
[2026, 9, 25, 12, 47, 8] ;;; build;    > Renaming zip files to jar files...
[2026, 9, 25, 12, 47, 8] ;;; build;    > Resetting to cached game versions config...
[2026, 9, 25, 12, 47, 8] ;;; build;    > Build Complete.
[2026, 9, 25, 12, 47, 8] ;;; build; Compiling datapack enhanced_survival into mod...
[2026, 9, 25, 12, 47, 8] ;;; build;    > Detecting split versions...
[2026, 9, 25, 12, 47, 8] ;;; build;    --> Nothing to delete after.
[2026, 9, 25, 12, 47, 8] ;;; build;    > Beginning build block...
[2026, 9, 25, 12, 47, 8] ;;; build;    > Compiling for fabric-1.21.8...
[2026, 9, 25, 12, 47, 8] ;;; build;    --> Modfile already exists in build dir. Skipping...
[2026, 9, 25, 12, 47, 8] ;;; build;    > Compiling for fabric-1.21.9...
[2026, 9, 25, 12, 47, 8] ;;; build;    --> Modfile already exists in build dir. Skipping...
[2026, 9, 25, 12, 47, 8] ;;; build;    > Compiling for fabric-26.1...
[2026, 9, 25, 12, 47, 8] ;;; build;    --> Modfile already exists in build dir. Skipping...
[2026, 9, 25, 12, 47, 8] ;;; build;    > Compiling for fabric-26.2...
[2026, 9, 25, 12, 47, 8] ;;; build;    --> Modfile already exists in build dir. Skipping...
[2026, 9, 25, 12, 47, 8] ;;; build;    > Compiling for fabric-26.3...
[2026, 9, 25, 12, 47, 8] ;;; build;    --> Modfile already exists in build dir. Skipping...
[2026, 9, 25, 12, 47, 8] ;;; build;    > Compiling for forge-1.19.4...
[2026, 9, 25, 12, 47, 8] ;;; build;    --> Modfile already exists in build dir. Skipping...
[2026, 9, 25, 12, 47, 8] ;;; build;    > Compiling for forge-1.20.1...
[2026, 9, 25, 12, 47, 8] ;;; build;    --> Modfile already exists in build dir. Skipping...
[2026, 9, 25, 12, 47, 8] ;;; build;    > Compiling for neoforge-1.20.4...
[2026, 9, 25, 12, 47, 8] ;;; build;    --> Modfile already exists in build dir. Skipping...
[2026, 9, 25, 12, 47, 8] ;;; build;    > Compiling for neoforge-1.20.6...
[2026, 9, 25, 12, 47, 8] ;;; build;    --> Modfile already exists in build dir. Skipping...
[2026, 9, 25, 12, 47, 8] ;;; build;    > Compiling for neoforge-1.21.1...
[2026, 9, 25, 12, 47, 8] ;;; build;    --> Modfile already exists in build dir. Skipping...
[2026, 9, 25, 12, 47, 8] ;;; build;    > Compiling for neoforge-1.21.2...
[2026, 9, 25, 12, 47, 8] ;;; build;    --> Modfile already exists in build dir. Skipping...
[2026, 9, 25, 12, 47, 8] ;;; build;    > Compiling for neoforge-1.21.4...
[2026, 9, 25, 12, 47, 8] ;;; build;    --> Modfile already exists in build dir. Skipping...
[2026, 9, 25, 12, 47, 8] ;;; build;    > Compiling for neoforge-1.21.5...
[2026, 9, 25, 12, 47, 8] ;;; build;    --> Modfile already exists in build dir. Skipping...
[2026, 9, 25, 12, 47, 8] ;;; build;    > Compiling for neoforge-1.21.8...
[2026, 9, 25, 12, 47, 8] ;;; build;    --> Modfile already exists in build dir. Skipping...
[2026, 9, 25, 12, 47, 8] ;;; build;    > Compiling for neoforge-26.1...
[2026, 9, 25, 12, 47, 8] ;;; build;    --> Modfile already exists in build dir. Skipping...
[2026, 9, 25, 12, 47, 8] ;;; build;    > Compiling for neoforge-26.2...
[2026, 9, 25, 12, 47, 8] ;;; build;    --> Modfile already exists in build dir. Skipping...
[2026, 9, 25, 12, 47, 8] ;;; build;    > Compiling for neoforge-26.3...
[2026, 9, 25, 12, 47, 8] ;;; build;    --> Modfile already exists in build dir. Skipping...
[2026, 9, 25, 12, 47, 8] ;;; build;    > Renaming zip files to jar files...
[2026, 9, 25, 12, 47, 8] ;;; build;    > Resetting to cached game versions config...
[2026, 9, 25, 12, 47, 8] ;;; build;    > Build Complete.
[2026, 9, 25, 12, 47, 8] ;;; build; Compiling datapack ghosts_and_ghouls into mod...
[2026, 9, 25, 12, 47, 8] ;;; build;    > Detecting split versions...
[2026, 9, 25, 12, 47, 8] ;;; build;    --> Nothing to delete after.
[2026, 9, 25, 12, 47, 8] ;;; build;    > Beginning build block...
[2026, 9, 25, 12, 47, 8] ;;; build;    > Compiling for fabric-1.21.8...
[2026, 9, 25, 12, 47, 8] ;;; build;    --> Modfile already exists in build dir. Skipping...
[2026, 9, 25, 12, 47, 8] ;;; build;    > Compiling for fabric-1.21.9...
[2026, 9, 25, 12, 47, 8] ;;; build;    --> Modfile already exists in build dir. Skipping...
[2026, 9, 25, 12, 47, 8] ;;; build;    > Compiling for fabric-26.1...
[2026, 9, 25, 12, 47, 8] ;;; build;    --> Modfile already exists in build dir. Skipping...
[2026, 9, 25, 12, 47, 8] ;;; build;    > Compiling for fabric-26.2...
[2026, 9, 25, 12, 47, 8] ;;; build;    --> Modfile already exists in build dir. Skipping...
[2026, 9, 25, 12, 47, 8] ;;; build;    > Compiling for fabric-26.3...
[2026, 9, 25, 12, 47, 8] ;;; build;    --> Modfile already exists in build dir. Skipping...
[2026, 9, 25, 12, 47, 8] ;;; build;    > Compiling for forge-1.19.4...
[2026, 9, 25, 12, 47, 8] ;;; build;    --> Modfile already exists in build dir. Skipping...
[2026, 9, 25, 12, 47, 8] ;;; build;    > Compiling for forge-1.20.1...
[2026, 9, 25, 12, 47, 8] ;;; build;    --> Modfile already exists in build dir. Skipping...
[2026, 9, 25, 12, 47, 8] ;;; build;    > Compiling for neoforge-1.20.4...
[2026, 9, 25, 12, 47, 8] ;;; build;    --> Modfile already exists in build dir. Skipping...
[2026, 9, 25, 12, 47, 8] ;;; build;    > Compiling for neoforge-1.20.6...
[2026, 9, 25, 12, 47, 8] ;;; build;    --> Modfile already exists in build dir. Skipping...
[2026, 9, 25, 12, 47, 8] ;;; build;    > Compiling for neoforge-1.21.1...
[2026, 9, 25, 12, 47, 8] ;;; build;    --> Modfile already exists in build dir. Skipping...
[2026, 9, 25, 12, 47, 8] ;;; build;    > Compiling for neoforge-1.21.2...
[2026, 9, 25, 12, 47, 8] ;;; build;    --> Modfile already exists in build dir. Skipping...
[2026, 9, 25, 12, 47, 8] ;;; build;    > Compiling for neoforge-1.21.4...
[2026, 9, 25, 12, 47, 8] ;;; build;    --> Modfile already exists in build dir. Skipping...
[2026, 9, 25, 12, 47, 8] ;;; build;    > Compiling for neoforge-1.21.5...
[2026, 9, 25, 12, 47, 8] ;;; build;    --> Modfile already exists in build dir. Skipping...
[2026, 9, 25, 12, 47, 8] ;;; build;    > Compiling for neoforge-1.21.8...
[2026, 9, 25, 12, 47, 8] ;;; build;    --> Modfile already exists in build dir. Skipping...
[2026, 9, 25, 12, 47, 8] ;;; build;    > Compiling for neoforge-26.1...
[2026, 9, 25, 12, 47, 8] ;;; build;    --> Modfile already exists in build dir. Skipping...
[2026, 9, 25, 12, 47, 8] ;;; build;    > Compiling for neoforge-26.2...
[2026, 9, 25, 12, 47, 8] ;;; build;    --> Modfile already exists in build dir. Skipping...
[2026, 9, 25, 12, 47, 8] ;;; build;    > Compiling for neoforge-26.3...
[2026, 9, 25, 12, 47, 8] ;;; build;    --> Modfile already exists in build dir. Skipping...
[2026, 9, 25, 12, 47, 8] ;;; build;    > Renaming zip files to jar files...
[2026, 9, 25, 12, 47, 8] ;;; build;    > Resetting to cached game versions config...
[2026, 9, 25, 12, 47, 8] ;;; build;    > Build Complete.
[2026, 9, 25, 12, 47, 8] ;;; build; Compiling datapack gothic_horror into mod...
[2026, 9, 25, 12, 47, 8] ;;; build;    > Detecting split versions...
[2026, 9, 25, 12, 47, 8] ;;; build;    --> Nothing to delete after.
[2026, 9, 25, 12, 47, 8] ;;; build;    > Beginning build block...
[2026, 9, 25, 12, 47, 8] ;;; build;    > Compiling for fabric-1.21.8...
[2026, 9, 25, 12, 47, 8] ;;; build;    --> Modfile already exists in build dir. Skipping...
[2026, 9, 25, 12, 47, 8] ;;; build;    > Compiling for fabric-1.21.9...
[2026, 9, 25, 12, 47, 8] ;;; build;    --> Modfile already exists in build dir. Skipping...
[2026, 9, 25, 12, 47, 8] ;;; build;    > Compiling for fabric-26.1...
[2026, 9, 25, 12, 47, 8] ;;; build;    --> Modfile already exists in build dir. Skipping...
[2026, 9, 25, 12, 47, 9] ;;; build;    > Compiling for fabric-26.2...
[2026, 9, 25, 12, 47, 9] ;;; build;    --> Modfile already exists in build dir. Skipping...
[2026, 9, 25, 12, 47, 9] ;;; build;    > Compiling for fabric-26.3...
[2026, 9, 25, 12, 47, 9] ;;; build;    --> Modfile already exists in build dir. Skipping...
[2026, 9, 25, 12, 47, 9] ;;; build;    > Compiling for forge-1.19.4...
[2026, 9, 25, 12, 47, 9] ;;; build;    --> Modfile already exists in build dir. Skipping...
[2026, 9, 25, 12, 47, 9] ;;; build;    > Compiling for forge-1.20.1...
[2026, 9, 25, 12, 47, 9] ;;; build;    --> Modfile already exists in build dir. Skipping...
[2026, 9, 25, 12, 47, 9] ;;; build;    > Compiling for neoforge-1.20.4...
[2026, 9, 25, 12, 47, 9] ;;; build;    --> Modfile already exists in build dir. Skipping...
[2026, 9, 25, 12, 47, 9] ;;; build;    > Compiling for neoforge-1.20.6...
[2026, 9, 25, 12, 47, 9] ;;; build;    --> Modfile already exists in build dir. Skipping...
[2026, 9, 25, 12, 47, 9] ;;; build;    > Compiling for neoforge-1.21.1...
[2026, 9, 25, 12, 47, 9] ;;; build;    --> Modfile already exists in build dir. Skipping...
[2026, 9, 25, 12, 47, 9] ;;; build;    > Compiling for neoforge-1.21.2...
[2026, 9, 25, 12, 47, 9] ;;; build;    --> Modfile already exists in build dir. Skipping...
[2026, 9, 25, 12, 47, 9] ;;; build;    > Compiling for neoforge-1.21.4...
[2026, 9, 25, 12, 47, 9] ;;; build;    --> Modfile already exists in build dir. Skipping...
[2026, 9, 25, 12, 47, 9] ;;; build;    > Compiling for neoforge-1.21.5...
[2026, 9, 25, 12, 47, 9] ;;; build;    --> Modfile already exists in build dir. Skipping...
[2026, 9, 25, 12, 47, 9] ;;; build;    > Compiling for neoforge-1.21.8...
[2026, 9, 25, 12, 47, 9] ;;; build;    --> Modfile already exists in build dir. Skipping...
[2026, 9, 25, 12, 47, 9] ;;; build;    > Compiling for neoforge-26.1...
[2026, 9, 25, 12, 47, 9] ;;; build;    --> Modfile already exists in build dir. Skipping...
[2026, 9, 25, 12, 47, 9] ;;; build;    > Compiling for neoforge-26.2...
[2026, 9, 25, 12, 47, 9] ;;; build;    --> Modfile already exists in build dir. Skipping...
[2026, 9, 25, 12, 47, 9] ;;; build;    > Compiling for neoforge-26.3...
[2026, 9, 25, 12, 47, 9] ;;; build;    --> Modfile already exists in build dir. Skipping...
[2026, 9, 25, 12, 47, 9] ;;; build;    > Renaming zip files to jar files...
[2026, 9, 25, 12, 47, 9] ;;; build;    > Resetting to cached game versions config...
[2026, 9, 25, 12, 47, 9] ;;; build;    > Build Complete.
[2026, 9, 25, 12, 47, 9] ;;; build; Compiling datapack gstools into mod...
[2026, 9, 25, 12, 47, 9] ;;; build;    > Detecting split versions...
[2026, 9, 25, 12, 47, 9] ;;; build;    --> Nothing to delete after.
[2026, 9, 25, 12, 47, 9] ;;; build;    > Beginning build block...
[2026, 9, 25, 12, 47, 9] ;;; build;    > Compiling for fabric-1.21.8...
[2026, 9, 25, 12, 47, 9] ;;; build;    --> Modfile already exists in build dir. Skipping...
[2026, 9, 25, 12, 47, 9] ;;; build;    > Compiling for fabric-1.21.9...
[2026, 9, 25, 12, 47, 9] ;;; build;    --> Modfile already exists in build dir. Skipping...
[2026, 9, 25, 12, 47, 9] ;;; build;    > Compiling for fabric-26.1...
[2026, 9, 25, 12, 47, 9] ;;; build;    --> Modfile already exists in build dir. Skipping...
[2026, 9, 25, 12, 47, 9] ;;; build;    > Compiling for fabric-26.2...
[2026, 9, 25, 12, 47, 9] ;;; build;    --> Modfile already exists in build dir. Skipping...
[2026, 9, 25, 12, 47, 9] ;;; build;    > Compiling for fabric-26.3...
[2026, 9, 25, 12, 47, 9] ;;; build;    --> Modfile already exists in build dir. Skipping...
[2026, 9, 25, 12, 47, 9] ;;; build;    > Compiling for forge-1.19.4...
[2026, 9, 25, 12, 47, 9] ;;; build;    --> Modfile already exists in build dir. Skipping...
[2026, 9, 25, 12, 47, 9] ;;; build;    > Compiling for forge-1.20.1...
[2026, 9, 25, 12, 47, 9] ;;; build;    --> Modfile already exists in build dir. Skipping...
[2026, 9, 25, 12, 47, 9] ;;; build;    > Compiling for neoforge-1.20.4...
[2026, 9, 25, 12, 47, 9] ;;; build;    --> Modfile already exists in build dir. Skipping...
[2026, 9, 25, 12, 47, 9] ;;; build;    > Compiling for neoforge-1.20.6...
[2026, 9, 25, 12, 47, 9] ;;; build;    --> Modfile already exists in build dir. Skipping...
[2026, 9, 25, 12, 47, 9] ;;; build;    > Compiling for neoforge-1.21.1...
[2026, 9, 25, 12, 47, 9] ;;; build;    --> Modfile already exists in build dir. Skipping...
[2026, 9, 25, 12, 47, 9] ;;; build;    > Compiling for neoforge-1.21.2...
[2026, 9, 25, 12, 47, 9] ;;; build;    --> Modfile already exists in build dir. Skipping...
[2026, 9, 25, 12, 47, 9] ;;; build;    > Compiling for neoforge-1.21.4...
[2026, 9, 25, 12, 47, 9] ;;; build;    --> Cleaning temp directory...
[2026, 9, 25, 12, 47, 39] ;;; build;    --> Unpacking base jar file...
[2026, 9, 25, 12, 47, 40] ;;; build;    --> Copying compiled mcfunction assets...
[2026, 9, 25, 12, 47, 52] ;;; build;    --> Injecting logo...
[2026, 9, 25, 12, 47, 52] ;;; build;    --> Injecting config defaults...
[2026, 9, 25, 12, 47, 52] ;;; build;    --> Handling loader specifications...
[2026, 9, 25, 12, 47, 52] ;;; build;      ---> Init Neoforge...
[2026, 9, 25, 12, 47, 52] ;;; build;    --> Injecting gstools function tags...
[2026, 9, 25, 12, 47, 52] ;;; build;    --> Injecting block tags...
[2026, 9, 25, 12, 47, 52] ;;; build;    --> Duplicating function folder for backported versions...
[2026, 9, 25, 12, 47, 52] ;;; build;    --> Packing into jar file...
[2026, 9, 25, 12, 47, 59] ;;; build;    --> Cleaning Up...
[2026, 9, 25, 12, 48, 2] ;;; build;    --> Done.
[2026, 9, 25, 12, 48, 2] ;;; build;    > Compiling for neoforge-1.21.5...
[2026, 9, 25, 12, 48, 2] ;;; build;    --> Cleaning temp directory...
[2026, 9, 25, 12, 48, 3] ;;; build;    --> Unpacking base jar file...
[2026, 9, 25, 12, 48, 3] ;;; build;    --> Copying compiled mcfunction assets...
[2026, 9, 25, 12, 48, 14] ;;; build;    --> Injecting logo...
[2026, 9, 25, 12, 48, 14] ;;; build;    --> Injecting config defaults...
[2026, 9, 25, 12, 48, 14] ;;; build;    --> Handling loader specifications...
[2026, 9, 25, 12, 48, 14] ;;; build;      ---> Init Neoforge...
[2026, 9, 25, 12, 48, 14] ;;; build;    --> Injecting gstools function tags...
[2026, 9, 25, 12, 48, 15] ;;; build;    --> Injecting block tags...
[2026, 9, 25, 12, 48, 15] ;;; build;    --> Duplicating function folder for backported versions...
[2026, 9, 25, 12, 48, 15] ;;; build;    --> Packing into jar file...
[2026, 9, 25, 12, 48, 21] ;;; build;    --> Cleaning Up...
[2026, 9, 25, 12, 48, 25] ;;; build;    --> Done.
[2026, 9, 25, 12, 48, 25] ;;; build;    > Compiling for neoforge-1.21.8...
[2026, 9, 25, 12, 48, 25] ;;; build;    --> Cleaning temp directory...
[2026, 9, 25, 12, 48, 26] ;;; build;    --> Unpacking base jar file...
[2026, 9, 25, 12, 48, 26] ;;; build;    --> Copying compiled mcfunction assets...
[2026, 9, 25, 12, 48, 38] ;;; build;    --> Injecting logo...
[2026, 9, 25, 12, 48, 38] ;;; build;    --> Injecting config defaults...
[2026, 9, 25, 12, 48, 38] ;;; build;    --> Handling loader specifications...
[2026, 9, 25, 12, 48, 38] ;;; build;      ---> Init Neoforge...
[2026, 9, 25, 12, 48, 38] ;;; build;    --> Injecting gstools function tags...
[2026, 9, 25, 12, 48, 38] ;;; build;    --> Injecting block tags...
[2026, 9, 25, 12, 48, 39] ;;; build;    --> Duplicating function folder for backported versions...
[2026, 9, 25, 12, 48, 39] ;;; build;    --> Packing into jar file...
[2026, 9, 25, 12, 48, 46] ;;; build;    --> Cleaning Up...
[2026, 9, 25, 12, 48, 50] ;;; build;    --> Done.
[2026, 9, 25, 12, 48, 50] ;;; build;    > Compiling for neoforge-26.1...
[2026, 9, 25, 12, 48, 50] ;;; build;    --> Cleaning temp directory...
[2026, 9, 25, 12, 48, 50] ;;; build;    --> Unpacking base jar file...
[2026, 9, 25, 12, 48, 50] ;;; build;    --> Copying compiled mcfunction assets...
[2026, 9, 25, 12, 49, 2] ;;; build;    --> Injecting logo...
[2026, 9, 25, 12, 49, 2] ;;; build;    --> Injecting config defaults...
[2026, 9, 25, 12, 49, 2] ;;; build;    --> Handling loader specifications...
[2026, 9, 25, 12, 49, 2] ;;; build;      ---> Init Neoforge...
[2026, 9, 25, 12, 49, 2] ;;; build;    --> Injecting gstools function tags...
[2026, 9, 25, 12, 49, 2] ;;; build;    --> Injecting block tags...
[2026, 9, 25, 12, 49, 2] ;;; build;    --> Duplicating function folder for backported versions...
[2026, 9, 25, 12, 49, 2] ;;; build;    --> Packing into jar file...
[2026, 9, 25, 12, 49, 10] ;;; build;    --> Cleaning Up...
[2026, 9, 25, 12, 49, 13] ;;; build;    --> Done.
[2026, 9, 25, 12, 49, 13] ;;; build;    > Compiling for neoforge-26.2...
[2026, 9, 25, 12, 49, 13] ;;; build;    --> Cleaning temp directory...
[2026, 9, 25, 12, 49, 14] ;;; build;    --> Unpacking base jar file...
[2026, 9, 25, 12, 49, 14] ;;; build;    --> Copying compiled mcfunction assets...
[2026, 9, 25, 12, 49, 27] ;;; build;    --> Injecting logo...
[2026, 9, 25, 12, 49, 27] ;;; build;    --> Injecting config defaults...
[2026, 9, 25, 12, 49, 27] ;;; build;    --> Handling loader specifications...
[2026, 9, 25, 12, 49, 27] ;;; build;      ---> Init Neoforge...
[2026, 9, 25, 12, 49, 27] ;;; build;    --> Injecting gstools function tags...
[2026, 9, 25, 12, 49, 27] ;;; build;    --> Injecting block tags...
[2026, 9, 25, 12, 49, 27] ;;; build;    --> Duplicating function folder for backported versions...
[2026, 9, 25, 12, 49, 27] ;;; build;    --> Packing into jar file...
[2026, 9, 25, 12, 49, 35] ;;; build;    --> Cleaning Up...
[2026, 9, 25, 12, 49, 39] ;;; build;    --> Done.
[2026, 9, 25, 12, 49, 39] ;;; build;    > Compiling for neoforge-26.3...
[2026, 9, 25, 12, 49, 39] ;;; build;    --> Cleaning temp directory...
[2026, 9, 25, 12, 49, 39] ;;; build;    --> Unpacking base jar file...
[2026, 9, 25, 12, 49, 39] ;;; build;    --> Copying compiled mcfunction assets...
[2026, 9, 25, 12, 49, 53] ;;; build;    --> Injecting logo...
[2026, 9, 25, 12, 49, 53] ;;; build;    --> Injecting config defaults...
[2026, 9, 25, 12, 49, 53] ;;; build;    --> Handling loader specifications...
[2026, 9, 25, 12, 49, 53] ;;; build;      ---> Init Neoforge...
[2026, 9, 25, 12, 49, 53] ;;; build;    --> Injecting gstools function tags...
[2026, 9, 25, 12, 49, 53] ;;; build;    --> Injecting block tags...
[2026, 9, 25, 12, 49, 53] ;;; build;    --> Duplicating function folder for backported versions...
[2026, 9, 25, 12, 49, 53] ;;; build;    --> Packing into jar file...
[2026, 9, 25, 12, 50, 2] ;;; build;    --> Cleaning Up...
[2026, 9, 25, 12, 50, 6] ;;; build;    --> Done.
[2026, 9, 25, 12, 50, 6] ;;; build;    > Renaming zip files to jar files...
[2026, 9, 25, 12, 50, 6] ;;; build;    > Resetting to cached game versions config...
[2026, 9, 25, 12, 50, 6] ;;; build;    > Build Complete.
[2026, 9, 25, 12, 50, 6] ;;; build; Compiling datapack life_and_death into mod...
[2026, 9, 25, 12, 50, 6] ;;; build;    > Detecting split versions...
[2026, 9, 25, 12, 50, 6] ;;; build;    --> Nothing to delete after.
[2026, 9, 25, 12, 50, 6] ;;; build;    > Beginning build block...
[2026, 9, 25, 12, 50, 6] ;;; build;    > Compiling for fabric-1.21.8...
[2026, 9, 25, 12, 50, 6] ;;; build;    --> Cleaning temp directory...
[2026, 9, 25, 12, 51, 13] ;;; build;    --> Unpacking base jar file...
[2026, 9, 25, 12, 51, 13] ;;; build;    --> Copying compiled mcfunction assets...
[2026, 9, 25, 12, 51, 16] ;;; build;    --> Injecting logo...
[2026, 9, 25, 12, 51, 16] ;;; build;    --> Injecting config defaults...
[2026, 9, 25, 12, 51, 16] ;;; build;    --> Handling loader specifications...
[2026, 9, 25, 12, 51, 16] ;;; build;      ---> Init Fabric...
[2026, 9, 25, 12, 51, 16] ;;; build;    --> Injecting assets...
[2026, 9, 25, 12, 51, 16] ;;; build;    --> Removing gstools jar files from non-gstools mod...
[2026, 9, 25, 12, 51, 17] ;;; build;    --> Injecting block tags...
[2026, 9, 25, 12, 51, 17] ;;; build;    --> Duplicating function folder for backported versions...
[2026, 9, 25, 12, 51, 17] ;;; build;    --> Packing into jar file...
[2026, 9, 25, 12, 51, 22] ;;; build;    --> Cleaning Up...
[2026, 9, 25, 12, 51, 24] ;;; build;    --> Done.
[2026, 9, 25, 12, 51, 24] ;;; build;    > Compiling for fabric-1.21.9...
[2026, 9, 25, 12, 51, 24] ;;; build;    --> Cleaning temp directory...
[2026, 9, 25, 12, 51, 24] ;;; build;    --> Unpacking base jar file...
[2026, 9, 25, 12, 51, 24] ;;; build;    --> Copying compiled mcfunction assets...
[2026, 9, 25, 12, 51, 26] ;;; build;    --> Injecting logo...
[2026, 9, 25, 12, 51, 26] ;;; build;    --> Injecting config defaults...
[2026, 9, 25, 12, 51, 26] ;;; build;    --> Handling loader specifications...
[2026, 9, 25, 12, 51, 26] ;;; build;      ---> Init Fabric...
[2026, 9, 25, 12, 51, 26] ;;; build;    --> Injecting assets...
[2026, 9, 25, 12, 51, 26] ;;; build;    --> Removing gstools jar files from non-gstools mod...
[2026, 9, 25, 12, 51, 26] ;;; build;    --> Injecting block tags...
[2026, 9, 25, 12, 51, 26] ;;; build;    --> Duplicating function folder for backported versions...
[2026, 9, 25, 12, 51, 26] ;;; build;    --> Packing into jar file...
[2026, 9, 25, 12, 51, 27] ;;; build;    --> Cleaning Up...
[2026, 9, 25, 12, 51, 28] ;;; build;    --> Done.
[2026, 9, 25, 12, 51, 28] ;;; build;    > Compiling for fabric-26.1...
[2026, 9, 25, 12, 51, 28] ;;; build;    --> Cleaning temp directory...
[2026, 9, 25, 12, 51, 29] ;;; build;    --> Unpacking base jar file...
[2026, 9, 25, 12, 51, 29] ;;; build;    --> Copying compiled mcfunction assets...
[2026, 9, 25, 12, 51, 30] ;;; build;    --> Injecting logo...
[2026, 9, 25, 12, 51, 30] ;;; build;    --> Injecting config defaults...
[2026, 9, 25, 12, 51, 30] ;;; build;    --> Handling loader specifications...
[2026, 9, 25, 12, 51, 30] ;;; build;      ---> Init Fabric...
[2026, 9, 25, 12, 51, 30] ;;; build;    --> Injecting assets...
[2026, 9, 25, 12, 51, 31] ;;; build;    --> Removing gstools jar files from non-gstools mod...
[2026, 9, 25, 12, 51, 31] ;;; build;    --> Injecting block tags...
[2026, 9, 25, 12, 51, 31] ;;; build;    --> Duplicating function folder for backported versions...
[2026, 9, 25, 12, 51, 31] ;;; build;    --> Packing into jar file...
[2026, 9, 25, 12, 51, 31] ;;; build;    --> Cleaning Up...
[2026, 9, 25, 12, 51, 33] ;;; build;    --> Done.
[2026, 9, 25, 12, 51, 33] ;;; build;    > Compiling for fabric-26.2...
[2026, 9, 25, 12, 51, 33] ;;; build;    --> Cleaning temp directory...
[2026, 9, 25, 12, 51, 33] ;;; build;    --> Unpacking base jar file...
[2026, 9, 25, 12, 51, 33] ;;; build;    --> Copying compiled mcfunction assets...
[2026, 9, 25, 12, 51, 35] ;;; build;    --> Injecting logo...
[2026, 9, 25, 12, 51, 35] ;;; build;    --> Injecting config defaults...
[2026, 9, 25, 12, 51, 35] ;;; build;    --> Handling loader specifications...
[2026, 9, 25, 12, 51, 35] ;;; build;      ---> Init Fabric...
[2026, 9, 25, 12, 51, 35] ;;; build;    --> Injecting assets...
[2026, 9, 25, 12, 51, 35] ;;; build;    --> Removing gstools jar files from non-gstools mod...
[2026, 9, 25, 12, 51, 35] ;;; build;    --> Injecting block tags...
[2026, 9, 25, 12, 51, 35] ;;; build;    --> Duplicating function folder for backported versions...
[2026, 9, 25, 12, 51, 35] ;;; build;    --> Packing into jar file...
[2026, 9, 25, 12, 51, 36] ;;; build;    --> Cleaning Up...
[2026, 9, 25, 12, 51, 38] ;;; build;    --> Done.
[2026, 9, 25, 12, 51, 38] ;;; build;    > Compiling for fabric-26.3...
[2026, 9, 25, 12, 51, 38] ;;; build;    --> Cleaning temp directory...
[2026, 9, 25, 12, 51, 38] ;;; build;    --> Unpacking base jar file...
[2026, 9, 25, 12, 51, 38] ;;; build;    --> Copying compiled mcfunction assets...
[2026, 9, 25, 12, 51, 39] ;;; build;    --> Injecting logo...
[2026, 9, 25, 12, 51, 39] ;;; build;    --> Injecting config defaults...
[2026, 9, 25, 12, 51, 39] ;;; build;    --> Handling loader specifications...
[2026, 9, 25, 12, 51, 39] ;;; build;      ---> Init Fabric...
[2026, 9, 25, 12, 51, 39] ;;; build;    --> Injecting assets...
[2026, 9, 25, 12, 51, 39] ;;; build;    --> Removing gstools jar files from non-gstools mod...
[2026, 9, 25, 12, 51, 39] ;;; build;    --> Injecting block tags...
[2026, 9, 25, 12, 51, 39] ;;; build;    --> Duplicating function folder for backported versions...
[2026, 9, 25, 12, 51, 39] ;;; build;    --> Packing into jar file...
[2026, 9, 25, 12, 51, 40] ;;; build;    --> Cleaning Up...
[2026, 9, 25, 12, 51, 42] ;;; build;    --> Done.
[2026, 9, 25, 12, 51, 42] ;;; build;    > Compiling for forge-1.19.4...
[2026, 9, 25, 12, 51, 42] ;;; build;    --> Cleaning temp directory...
[2026, 9, 25, 12, 51, 42] ;;; build;    --> Unpacking base jar file...
[2026, 9, 25, 12, 51, 42] ;;; build;    --> Copying compiled mcfunction assets...
[2026, 9, 25, 12, 51, 44] ;;; build;    --> Injecting logo...
[2026, 9, 25, 12, 51, 44] ;;; build;    --> Injecting config defaults...
[2026, 9, 25, 12, 51, 44] ;;; build;    --> Handling loader specifications...
[2026, 9, 25, 12, 51, 44] ;;; build;      ---> Init Forge...
[2026, 9, 25, 12, 51, 44] ;;; build;    --> Injecting assets...
[2026, 9, 25, 12, 51, 44] ;;; build;    --> Removing gstools jar files from non-gstools mod...
[2026, 9, 25, 12, 51, 44] ;;; build;    --> Base Mod Compile Requirment Detected! Compiling...
[2026, 9, 25, 12, 51, 44] ;;; build;      ---> Cleaning prior...
[2026, 9, 25, 12, 51, 44] ;;; build;      ---> Cloning basemod...
[2026, 9, 25, 12, 51, 44] ;;; build;      ---> Batch remaning...
[2026, 9, 25, 12, 51, 44] ;;; build;      ---> Running gradle...
[2026, 9, 25, 12, 51, 49] ;;; build;      ---> Unpacking generated jar file...
[2026, 9, 25, 12, 51, 49] ;;; build;      ---> Injecting generated assets into temp dir...
[2026, 9, 25, 12, 51, 49] ;;; build;    --> Injecting block tags...
[2026, 9, 25, 12, 51, 49] ;;; build;    --> Duplicating function folder for backported versions...
[2026, 9, 25, 12, 51, 49] ;;; build;    --> Packing into jar file...
[2026, 9, 25, 12, 51, 50] ;;; build;    --> Cleaning Up...
[2026, 9, 25, 12, 51, 51] ;;; build;    --> Done.
[2026, 9, 25, 12, 51, 51] ;;; build;    > Compiling for forge-1.20.1...
[2026, 9, 25, 12, 51, 51] ;;; build;    --> Cleaning temp directory...
[2026, 9, 25, 12, 51, 52] ;;; build;    --> Unpacking base jar file...
[2026, 9, 25, 12, 51, 52] ;;; build;    --> Copying compiled mcfunction assets...
[2026, 9, 25, 12, 51, 53] ;;; build;    --> Injecting logo...
[2026, 9, 25, 12, 51, 53] ;;; build;    --> Injecting config defaults...
[2026, 9, 25, 12, 51, 53] ;;; build;    --> Handling loader specifications...
[2026, 9, 25, 12, 51, 53] ;;; build;      ---> Init Forge...
[2026, 9, 25, 12, 51, 53] ;;; build;    --> Injecting assets...
[2026, 9, 25, 12, 51, 53] ;;; build;    --> Removing gstools jar files from non-gstools mod...
[2026, 9, 25, 12, 51, 54] ;;; build;    --> Base Mod Compile Requirment Detected! Compiling...
[2026, 9, 25, 12, 51, 54] ;;; build;      ---> Cleaning prior...
[2026, 9, 25, 12, 51, 54] ;;; build;      ---> Cloning basemod...
[2026, 9, 25, 12, 51, 54] ;;; build;      ---> Batch remaning...
[2026, 9, 25, 12, 51, 54] ;;; build;      ---> Running gradle...
[2026, 9, 25, 12, 51, 59] ;;; build;      ---> Unpacking generated jar file...
[2026, 9, 25, 12, 51, 59] ;;; build;      ---> Injecting generated assets into temp dir...
[2026, 9, 25, 12, 51, 59] ;;; build;    --> Injecting block tags...
[2026, 9, 25, 12, 51, 59] ;;; build;    --> Duplicating function folder for backported versions...
[2026, 9, 25, 12, 51, 59] ;;; build;    --> Packing into jar file...
[2026, 9, 25, 12, 52, 0] ;;; build;    --> Cleaning Up...
[2026, 9, 25, 12, 52, 1] ;;; build;    --> Done.
[2026, 9, 25, 12, 52, 1] ;;; build;    > Compiling for neoforge-1.20.4...
[2026, 9, 25, 12, 52, 1] ;;; build;    --> Cleaning temp directory...
[2026, 9, 25, 12, 52, 2] ;;; build;    --> Unpacking base jar file...
[2026, 9, 25, 12, 52, 2] ;;; build;    --> Copying compiled mcfunction assets...
[2026, 9, 25, 12, 52, 3] ;;; build;    --> Injecting logo...
[2026, 9, 25, 12, 52, 3] ;;; build;    --> Injecting config defaults...
[2026, 9, 25, 12, 52, 3] ;;; build;    --> Handling loader specifications...
[2026, 9, 25, 12, 52, 3] ;;; build;      ---> Init Neoforge...
[2026, 9, 25, 12, 52, 3] ;;; build;    --> Injecting assets...
[2026, 9, 25, 12, 52, 3] ;;; build;    --> Removing gstools jar files from non-gstools mod...
[2026, 9, 25, 12, 52, 3] ;;; build;    --> Base Mod Compile Requirment Detected! Compiling...
[2026, 9, 25, 12, 52, 3] ;;; build;      ---> Cleaning prior...
[2026, 9, 25, 12, 52, 3] ;;; build;      ---> Cloning basemod...
[2026, 9, 25, 12, 52, 3] ;;; build;      ---> Batch remaning...
[2026, 9, 25, 12, 52, 3] ;;; build;      ---> Running gradle...
[2026, 9, 25, 12, 52, 7] ;;; build;      ---> Unpacking generated jar file...
[2026, 9, 25, 12, 52, 7] ;;; build;      ---> Injecting generated assets into temp dir...
[2026, 9, 25, 12, 52, 7] ;;; build;    --> Injecting block tags...
[2026, 9, 25, 12, 52, 7] ;;; build;    --> Duplicating function folder for backported versions...
[2026, 9, 25, 12, 52, 7] ;;; build;    --> Packing into jar file...
[2026, 9, 25, 12, 52, 8] ;;; build;    --> Cleaning Up...
[2026, 9, 25, 12, 52, 9] ;;; build;    --> Done.
[2026, 9, 25, 12, 52, 9] ;;; build;    > Compiling for neoforge-1.20.6...
[2026, 9, 25, 12, 52, 9] ;;; build;    --> Cleaning temp directory...
[2026, 9, 25, 12, 52, 10] ;;; build;    --> Unpacking base jar file...
[2026, 9, 25, 12, 52, 10] ;;; build;    --> Copying compiled mcfunction assets...
[2026, 9, 25, 12, 52, 12] ;;; build;    --> Injecting logo...
[2026, 9, 25, 12, 52, 12] ;;; build;    --> Injecting config defaults...
[2026, 9, 25, 12, 52, 12] ;;; build;    --> Handling loader specifications...
[2026, 9, 25, 12, 52, 12] ;;; build;      ---> Init Neoforge...
[2026, 9, 25, 12, 52, 12] ;;; build;      ---> Weather2 Compat Requirment Detected.
[2026, 9, 25, 12, 52, 12] ;;; build;    --> Injecting assets...
[2026, 9, 25, 12, 52, 12] ;;; build;    --> Removing gstools jar files from non-gstools mod...
[2026, 9, 25, 12, 52, 12] ;;; build;    --> Injecting block tags...
[2026, 9, 25, 12, 52, 12] ;;; build;    --> Duplicating function folder for backported versions...
[2026, 9, 25, 12, 52, 12] ;;; build;    --> Packing into jar file...
[2026, 9, 25, 12, 52, 13] ;;; build;    --> Cleaning Up...
[2026, 9, 25, 12, 52, 14] ;;; build;    --> Done.
[2026, 9, 25, 12, 52, 14] ;;; build;    > Compiling for neoforge-1.21.1...
[2026, 9, 25, 12, 52, 14] ;;; build;    --> Cleaning temp directory...
[2026, 9, 25, 12, 52, 15] ;;; build;    --> Unpacking base jar file...
[2026, 9, 25, 12, 52, 15] ;;; build;    --> Copying compiled mcfunction assets...
[2026, 9, 25, 12, 52, 16] ;;; build;    --> Injecting logo...
[2026, 9, 25, 12, 52, 16] ;;; build;    --> Injecting config defaults...
[2026, 9, 25, 12, 52, 16] ;;; build;    --> Handling loader specifications...
[2026, 9, 25, 12, 52, 16] ;;; build;      ---> Init Neoforge...
[2026, 9, 25, 12, 52, 16] ;;; build;      ---> Weather2 Compat Requirment Detected.
[2026, 9, 25, 12, 52, 16] ;;; build;    --> Injecting assets...
[2026, 9, 25, 12, 52, 16] ;;; build;    --> Removing gstools jar files from non-gstools mod...
[2026, 9, 25, 12, 52, 16] ;;; build;    --> Injecting block tags...
[2026, 9, 25, 12, 52, 16] ;;; build;    --> Duplicating function folder for backported versions...
[2026, 9, 25, 12, 52, 16] ;;; build;    --> Packing into jar file...
[2026, 9, 25, 12, 52, 17] ;;; build;    --> Cleaning Up...
[2026, 9, 25, 12, 52, 18] ;;; build;    --> Done.
[2026, 9, 25, 12, 52, 18] ;;; build;    > Compiling for neoforge-1.21.2...
[2026, 9, 25, 12, 52, 18] ;;; build;    --> Cleaning temp directory...
[2026, 9, 25, 12, 52, 19] ;;; build;    --> Unpacking base jar file...
[2026, 9, 25, 12, 52, 19] ;;; build;    --> Copying compiled mcfunction assets...
[2026, 9, 25, 12, 52, 20] ;;; build;    --> Injecting logo...
[2026, 9, 25, 12, 52, 20] ;;; build;    --> Injecting config defaults...
[2026, 9, 25, 12, 52, 20] ;;; build;    --> Handling loader specifications...
[2026, 9, 25, 12, 52, 20] ;;; build;      ---> Init Neoforge...
[2026, 9, 25, 12, 52, 20] ;;; build;    --> Injecting assets...
[2026, 9, 25, 12, 52, 20] ;;; build;    --> Removing gstools jar files from non-gstools mod...
[2026, 9, 25, 12, 52, 20] ;;; build;    --> Injecting block tags...
[2026, 9, 25, 12, 52, 20] ;;; build;    --> Duplicating function folder for backported versions...
[2026, 9, 25, 12, 52, 21] ;;; build;    --> Packing into jar file...
[2026, 9, 25, 12, 52, 21] ;;; build;    --> Cleaning Up...
[2026, 9, 25, 12, 52, 22] ;;; build;    --> Done.
[2026, 9, 25, 12, 52, 22] ;;; build;    > Compiling for neoforge-1.21.4...
[2026, 9, 25, 12, 52, 22] ;;; build;    --> Cleaning temp directory...
[2026, 9, 25, 12, 52, 23] ;;; build;    --> Unpacking base jar file...
[2026, 9, 25, 12, 52, 23] ;;; build;    --> Copying compiled mcfunction assets...
[2026, 9, 25, 12, 52, 24] ;;; build;    --> Injecting logo...
[2026, 9, 25, 12, 52, 24] ;;; build;    --> Injecting config defaults...
[2026, 9, 25, 12, 52, 24] ;;; build;    --> Handling loader specifications...
[2026, 9, 25, 12, 52, 24] ;;; build;      ---> Init Neoforge...
[2026, 9, 25, 12, 52, 24] ;;; build;    --> Injecting assets...
[2026, 9, 25, 12, 52, 24] ;;; build;    --> Removing gstools jar files from non-gstools mod...
[2026, 9, 25, 12, 52, 24] ;;; build;    --> Injecting block tags...
[2026, 9, 25, 12, 52, 25] ;;; build;    --> Duplicating function folder for backported versions...
[2026, 9, 25, 12, 52, 25] ;;; build;    --> Packing into jar file...
[2026, 9, 25, 12, 52, 25] ;;; build;    --> Cleaning Up...
[2026, 9, 25, 12, 52, 26] ;;; build;    --> Done.
[2026, 9, 25, 12, 52, 26] ;;; build;    > Compiling for neoforge-1.21.5...
[2026, 9, 25, 12, 52, 26] ;;; build;    --> Cleaning temp directory...
[2026, 9, 25, 12, 52, 27] ;;; build;    --> Unpacking base jar file...
[2026, 9, 25, 12, 52, 27] ;;; build;    --> Copying compiled mcfunction assets...
[2026, 9, 25, 12, 52, 28] ;;; build;    --> Injecting logo...
[2026, 9, 25, 12, 52, 28] ;;; build;    --> Injecting config defaults...
[2026, 9, 25, 12, 52, 28] ;;; build;    --> Handling loader specifications...
[2026, 9, 25, 12, 52, 28] ;;; build;      ---> Init Neoforge...
[2026, 9, 25, 12, 52, 28] ;;; build;    --> Injecting assets...
[2026, 9, 25, 12, 52, 28] ;;; build;    --> Removing gstools jar files from non-gstools mod...
[2026, 9, 25, 12, 52, 28] ;;; build;    --> Injecting block tags...
[2026, 9, 25, 12, 52, 29] ;;; build;    --> Duplicating function folder for backported versions...
[2026, 9, 25, 12, 52, 29] ;;; build;    --> Packing into jar file...
[2026, 9, 25, 12, 52, 30] ;;; build;    --> Cleaning Up...
[2026, 9, 25, 12, 52, 31] ;;; build;    --> Done.
[2026, 9, 25, 12, 52, 31] ;;; build;    > Compiling for neoforge-1.21.8...
[2026, 9, 25, 12, 52, 31] ;;; build;    --> Cleaning temp directory...
[2026, 9, 25, 12, 52, 31] ;;; build;    --> Unpacking base jar file...
[2026, 9, 25, 12, 52, 31] ;;; build;    --> Copying compiled mcfunction assets...
[2026, 9, 25, 12, 52, 33] ;;; build;    --> Injecting logo...
[2026, 9, 25, 12, 52, 33] ;;; build;    --> Injecting config defaults...
[2026, 9, 25, 12, 52, 33] ;;; build;    --> Handling loader specifications...
[2026, 9, 25, 12, 52, 33] ;;; build;      ---> Init Neoforge...
[2026, 9, 25, 12, 52, 33] ;;; build;    --> Injecting assets...
[2026, 9, 25, 12, 52, 33] ;;; build;    --> Removing gstools jar files from non-gstools mod...
[2026, 9, 25, 12, 52, 33] ;;; build;    --> Injecting block tags...
[2026, 9, 25, 12, 52, 33] ;;; build;    --> Duplicating function folder for backported versions...
[2026, 9, 25, 12, 52, 33] ;;; build;    --> Packing into jar file...
[2026, 9, 25, 12, 52, 34] ;;; build;    --> Cleaning Up...
[2026, 9, 25, 12, 52, 35] ;;; build;    --> Done.
[2026, 9, 25, 12, 52, 35] ;;; build;    > Compiling for neoforge-26.1...
[2026, 9, 25, 12, 52, 35] ;;; build;    --> Cleaning temp directory...
[2026, 9, 25, 12, 52, 35] ;;; build;    --> Unpacking base jar file...
[2026, 9, 25, 12, 52, 35] ;;; build;    --> Copying compiled mcfunction assets...
[2026, 9, 25, 12, 52, 37] ;;; build;    --> Injecting logo...
[2026, 9, 25, 12, 52, 37] ;;; build;    --> Injecting config defaults...
[2026, 9, 25, 12, 52, 37] ;;; build;    --> Handling loader specifications...
[2026, 9, 25, 12, 52, 37] ;;; build;      ---> Init Neoforge...
[2026, 9, 25, 12, 52, 37] ;;; build;    --> Injecting assets...
[2026, 9, 25, 12, 52, 37] ;;; build;    --> Removing gstools jar files from non-gstools mod...
[2026, 9, 25, 12, 52, 37] ;;; build;    --> Injecting block tags...
[2026, 9, 25, 12, 52, 37] ;;; build;    --> Duplicating function folder for backported versions...
[2026, 9, 25, 12, 52, 37] ;;; build;    --> Packing into jar file...
[2026, 9, 25, 12, 52, 38] ;;; build;    --> Cleaning Up...
[2026, 9, 25, 12, 52, 39] ;;; build;    --> Done.
[2026, 9, 25, 12, 52, 39] ;;; build;    > Compiling for neoforge-26.2...
[2026, 9, 25, 12, 52, 39] ;;; build;    --> Cleaning temp directory...
[2026, 9, 25, 12, 52, 39] ;;; build;    --> Unpacking base jar file...
[2026, 9, 25, 12, 52, 39] ;;; build;    --> Copying compiled mcfunction assets...
[2026, 9, 25, 12, 52, 41] ;;; build;    --> Injecting logo...
[2026, 9, 25, 12, 52, 41] ;;; build;    --> Injecting config defaults...
[2026, 9, 25, 12, 52, 41] ;;; build;    --> Handling loader specifications...
[2026, 9, 25, 12, 52, 41] ;;; build;      ---> Init Neoforge...
[2026, 9, 25, 12, 52, 41] ;;; build;    --> Injecting assets...
[2026, 9, 25, 12, 52, 41] ;;; build;    --> Removing gstools jar files from non-gstools mod...
[2026, 9, 25, 12, 52, 41] ;;; build;    --> Injecting block tags...
[2026, 9, 25, 12, 52, 41] ;;; build;    --> Duplicating function folder for backported versions...
[2026, 9, 25, 12, 52, 41] ;;; build;    --> Packing into jar file...
[2026, 9, 25, 12, 52, 42] ;;; build;    --> Cleaning Up...
[2026, 9, 25, 12, 52, 43] ;;; build;    --> Done.
[2026, 9, 25, 12, 52, 43] ;;; build;    > Compiling for neoforge-26.3...
[2026, 9, 25, 12, 52, 43] ;;; build;    --> Cleaning temp directory...
[2026, 9, 25, 12, 52, 43] ;;; build;    --> Unpacking base jar file...
[2026, 9, 25, 12, 52, 43] ;;; build;    --> Copying compiled mcfunction assets...
[2026, 9, 25, 12, 52, 45] ;;; build;    --> Injecting logo...
[2026, 9, 25, 12, 52, 45] ;;; build;    --> Injecting config defaults...
[2026, 9, 25, 12, 52, 45] ;;; build;    --> Handling loader specifications...
[2026, 9, 25, 12, 52, 45] ;;; build;      ---> Init Neoforge...
[2026, 9, 25, 12, 52, 45] ;;; build;    --> Injecting assets...
[2026, 9, 25, 12, 52, 45] ;;; build;    --> Removing gstools jar files from non-gstools mod...
[2026, 9, 25, 12, 52, 45] ;;; build;    --> Injecting block tags...
[2026, 9, 25, 12, 52, 45] ;;; build;    --> Duplicating function folder for backported versions...
[2026, 9, 25, 12, 52, 45] ;;; build;    --> Packing into jar file...
[2026, 9, 25, 12, 52, 46] ;;; build;    --> Cleaning Up...
[2026, 9, 25, 12, 52, 47] ;;; build;    --> Done.
[2026, 9, 25, 12, 52, 47] ;;; build;    > Renaming zip files to jar files...
[2026, 9, 25, 12, 52, 47] ;;; build;    > Resetting to cached game versions config...
[2026, 9, 25, 12, 52, 47] ;;; build;    > Build Complete.
[2026, 9, 25, 12, 52, 47] ;;; build; Compiling datapack undead_expanded into mod...
[2026, 9, 25, 12, 52, 47] ;;; build;    > Detecting split versions...
[2026, 9, 25, 12, 52, 47] ;;; build;    --> Nothing to delete after.
[2026, 9, 25, 12, 52, 47] ;;; build;    > Beginning build block...
[2026, 9, 25, 12, 52, 47] ;;; build;    > Compiling for fabric-1.21.8...
[2026, 9, 25, 12, 52, 47] ;;; build;    --> Cleaning temp directory...
[2026, 9, 25, 12, 52, 57] ;;; build;    --> Unpacking base jar file...
[2026, 9, 25, 12, 52, 57] ;;; build;    --> Copying compiled mcfunction assets...
[2026, 9, 25, 12, 52, 57] ;;; build;    --> Injecting logo...
[2026, 9, 25, 12, 52, 57] ;;; build;    --> Injecting config defaults...
[2026, 9, 25, 12, 52, 57] ;;; build;    --> Handling loader specifications...
[2026, 9, 25, 12, 52, 57] ;;; build;      ---> Init Fabric...
[2026, 9, 25, 12, 52, 57] ;;; build;    --> Injecting assets...
[2026, 9, 25, 12, 52, 57] ;;; build;    --> Removing gstools jar files from non-gstools mod...
[2026, 9, 25, 12, 52, 57] ;;; build;    --> Injecting block tags...
[2026, 9, 25, 12, 52, 57] ;;; build;    --> Duplicating function folder for backported versions...
[2026, 9, 25, 12, 52, 58] ;;; build;    --> Packing into jar file...
[2026, 9, 25, 12, 53, 4] ;;; build;    --> Cleaning Up...
[2026, 9, 25, 12, 53, 5] ;;; build;    --> Done.
[2026, 9, 25, 12, 53, 5] ;;; build;    > Compiling for fabric-1.21.9...
[2026, 9, 25, 12, 53, 5] ;;; build;    --> Cleaning temp directory...
[2026, 9, 25, 12, 53, 6] ;;; build;    --> Unpacking base jar file...
[2026, 9, 25, 12, 53, 6] ;;; build;    --> Copying compiled mcfunction assets...
[2026, 9, 25, 12, 53, 6] ;;; build;    --> Injecting logo...
[2026, 9, 25, 12, 53, 6] ;;; build;    --> Injecting config defaults...
[2026, 9, 25, 12, 53, 6] ;;; build;    --> Handling loader specifications...
[2026, 9, 25, 12, 53, 6] ;;; build;      ---> Init Fabric...
[2026, 9, 25, 12, 53, 6] ;;; build;    --> Injecting assets...
[2026, 9, 25, 12, 53, 7] ;;; build;    --> Removing gstools jar files from non-gstools mod...
[2026, 9, 25, 12, 53, 7] ;;; build;    --> Injecting block tags...
[2026, 9, 25, 12, 53, 7] ;;; build;    --> Duplicating function folder for backported versions...
[2026, 9, 25, 12, 53, 7] ;;; build;    --> Packing into jar file...
[2026, 9, 25, 12, 53, 12] ;;; build;    --> Cleaning Up...
[2026, 9, 25, 12, 53, 14] ;;; build;    --> Done.
[2026, 9, 25, 12, 53, 14] ;;; build;    > Compiling for fabric-26.1...
[2026, 9, 25, 12, 53, 14] ;;; build;    --> Cleaning temp directory...
[2026, 9, 25, 12, 53, 15] ;;; build;    --> Unpacking base jar file...
[2026, 9, 25, 12, 53, 15] ;;; build;    --> Copying compiled mcfunction assets...
[2026, 9, 25, 12, 53, 15] ;;; build;    --> Injecting logo...
[2026, 9, 25, 12, 53, 15] ;;; build;    --> Injecting config defaults...
[2026, 9, 25, 12, 53, 15] ;;; build;    --> Handling loader specifications...
[2026, 9, 25, 12, 53, 15] ;;; build;      ---> Init Fabric...
[2026, 9, 25, 12, 53, 15] ;;; build;    --> Injecting assets...
[2026, 9, 25, 12, 53, 15] ;;; build;    --> Removing gstools jar files from non-gstools mod...
[2026, 9, 25, 12, 53, 15] ;;; build;    --> Injecting block tags...
[2026, 9, 25, 12, 53, 15] ;;; build;    --> Duplicating function folder for backported versions...
[2026, 9, 25, 12, 53, 15] ;;; build;    --> Packing into jar file...
[2026, 9, 25, 12, 53, 21] ;;; build;    --> Cleaning Up...
[2026, 9, 25, 12, 53, 23] ;;; build;    --> Done.
[2026, 9, 25, 12, 53, 23] ;;; build;    > Compiling for fabric-26.2...
[2026, 9, 25, 12, 53, 23] ;;; build;    --> Cleaning temp directory...
[2026, 9, 25, 12, 53, 23] ;;; build;    --> Unpacking base jar file...
[2026, 9, 25, 12, 53, 23] ;;; build;    --> Copying compiled mcfunction assets...
[2026, 9, 25, 12, 53, 24] ;;; build;    --> Injecting logo...
[2026, 9, 25, 12, 53, 24] ;;; build;    --> Injecting config defaults...
[2026, 9, 25, 12, 53, 24] ;;; build;    --> Handling loader specifications...
[2026, 9, 25, 12, 53, 24] ;;; build;      ---> Init Fabric...
[2026, 9, 25, 12, 53, 24] ;;; build;    --> Injecting assets...
[2026, 9, 25, 12, 53, 24] ;;; build;    --> Removing gstools jar files from non-gstools mod...
[2026, 9, 25, 12, 53, 24] ;;; build;    --> Injecting block tags...
[2026, 9, 25, 12, 53, 24] ;;; build;    --> Duplicating function folder for backported versions...
[2026, 9, 25, 12, 53, 24] ;;; build;    --> Packing into jar file...
[2026, 9, 25, 12, 53, 30] ;;; build;    --> Cleaning Up...
[2026, 9, 25, 12, 53, 32] ;;; build;    --> Done.
[2026, 9, 25, 12, 53, 32] ;;; build;    > Compiling for fabric-26.3...
[2026, 9, 25, 12, 53, 32] ;;; build;    --> Cleaning temp directory...
[2026, 9, 25, 12, 53, 32] ;;; build;    --> Unpacking base jar file...
[2026, 9, 25, 12, 53, 32] ;;; build;    --> Copying compiled mcfunction assets...
[2026, 9, 25, 12, 53, 32] ;;; build;    --> Injecting logo...
[2026, 9, 25, 12, 53, 32] ;;; build;    --> Injecting config defaults...
[2026, 9, 25, 12, 53, 32] ;;; build;    --> Handling loader specifications...
[2026, 9, 25, 12, 53, 32] ;;; build;      ---> Init Fabric...
[2026, 9, 25, 12, 53, 32] ;;; build;    --> Injecting assets...
[2026, 9, 25, 12, 53, 33] ;;; build;    --> Removing gstools jar files from non-gstools mod...
[2026, 9, 25, 12, 53, 33] ;;; build;    --> Injecting block tags...
[2026, 9, 25, 12, 53, 33] ;;; build;    --> Duplicating function folder for backported versions...
[2026, 9, 25, 12, 53, 33] ;;; build;    --> Packing into jar file...
[2026, 9, 25, 12, 53, 38] ;;; build;    --> Cleaning Up...
[2026, 9, 25, 12, 53, 41] ;;; build;    --> Done.
[2026, 9, 25, 12, 53, 41] ;;; build;    > Compiling for forge-1.19.4...
[2026, 9, 25, 12, 53, 41] ;;; build;    --> Cleaning temp directory...
[2026, 9, 25, 12, 53, 41] ;;; build;    --> Unpacking base jar file...
[2026, 9, 25, 12, 53, 41] ;;; build;    --> Copying compiled mcfunction assets...
[2026, 9, 25, 12, 53, 41] ;;; build;    --> Injecting logo...
[2026, 9, 25, 12, 53, 41] ;;; build;    --> Injecting config defaults...
[2026, 9, 25, 12, 53, 41] ;;; build;    --> Handling loader specifications...
[2026, 9, 25, 12, 53, 41] ;;; build;      ---> Init Forge...
[2026, 9, 25, 12, 53, 41] ;;; build;    --> Injecting assets...
[2026, 9, 25, 12, 53, 42] ;;; build;    --> Removing gstools jar files from non-gstools mod...
[2026, 9, 25, 12, 53, 42] ;;; build;    --> Base Mod Compile Requirment Detected! Compiling...
[2026, 9, 25, 12, 53, 42] ;;; build;      ---> Cleaning prior...
[2026, 9, 25, 12, 53, 42] ;;; build;      ---> Cloning basemod...
[2026, 9, 25, 12, 53, 42] ;;; build;      ---> Batch remaning...
[2026, 9, 25, 12, 53, 42] ;;; build;      ---> Running gradle...
[2026, 9, 25, 12, 53, 48] ;;; build;      ---> Unpacking generated jar file...
[2026, 9, 25, 12, 53, 48] ;;; build;      ---> Injecting generated assets into temp dir...
[2026, 9, 25, 12, 53, 48] ;;; build;    --> Injecting block tags...
[2026, 9, 25, 12, 53, 49] ;;; build;    --> Duplicating function folder for backported versions...
[2026, 9, 25, 12, 53, 49] ;;; build;    --> Packing into jar file...
[2026, 9, 25, 12, 53, 55] ;;; build;    --> Cleaning Up...
[2026, 9, 25, 12, 53, 57] ;;; build;    --> Done.
[2026, 9, 25, 12, 53, 57] ;;; build;    > Compiling for forge-1.20.1...
[2026, 9, 25, 12, 53, 57] ;;; build;    --> Cleaning temp directory...
[2026, 9, 25, 12, 53, 57] ;;; build;    --> Unpacking base jar file...
[2026, 9, 25, 12, 53, 58] ;;; build;    --> Copying compiled mcfunction assets...
[2026, 9, 25, 12, 53, 58] ;;; build;    --> Injecting logo...
[2026, 9, 25, 12, 53, 58] ;;; build;    --> Injecting config defaults...
[2026, 9, 25, 12, 53, 58] ;;; build;    --> Handling loader specifications...
[2026, 9, 25, 12, 53, 58] ;;; build;      ---> Init Forge...
[2026, 9, 25, 12, 53, 58] ;;; build;    --> Injecting assets...
[2026, 9, 25, 12, 53, 58] ;;; build;    --> Removing gstools jar files from non-gstools mod...
[2026, 9, 25, 12, 53, 58] ;;; build;    --> Base Mod Compile Requirment Detected! Compiling...
[2026, 9, 25, 12, 53, 58] ;;; build;      ---> Cleaning prior...
[2026, 9, 25, 12, 53, 58] ;;; build;      ---> Cloning basemod...
[2026, 9, 25, 12, 53, 58] ;;; build;      ---> Batch remaning...
[2026, 9, 25, 12, 53, 58] ;;; build;      ---> Running gradle...
[2026, 9, 25, 12, 54, 4] ;;; build;      ---> Unpacking generated jar file...
[2026, 9, 25, 12, 54, 4] ;;; build;      ---> Injecting generated assets into temp dir...
[2026, 9, 25, 12, 54, 4] ;;; build;    --> Injecting block tags...
[2026, 9, 25, 12, 54, 4] ;;; build;    --> Duplicating function folder for backported versions...
[2026, 9, 25, 12, 54, 4] ;;; build;    --> Packing into jar file...
[2026, 9, 25, 12, 54, 10] ;;; build;    --> Cleaning Up...
[2026, 9, 25, 12, 54, 12] ;;; build;    --> Done.
[2026, 9, 25, 12, 54, 12] ;;; build;    > Compiling for neoforge-1.20.4...
[2026, 9, 25, 12, 54, 12] ;;; build;    --> Cleaning temp directory...
[2026, 9, 25, 12, 54, 13] ;;; build;    --> Unpacking base jar file...
[2026, 9, 25, 12, 54, 13] ;;; build;    --> Copying compiled mcfunction assets...
[2026, 9, 25, 12, 54, 13] ;;; build;    --> Injecting logo...
[2026, 9, 25, 12, 54, 13] ;;; build;    --> Injecting config defaults...
[2026, 9, 25, 12, 54, 13] ;;; build;    --> Handling loader specifications...
[2026, 9, 25, 12, 54, 13] ;;; build;      ---> Init Neoforge...
[2026, 9, 25, 12, 54, 13] ;;; build;    --> Injecting assets...
[2026, 9, 25, 12, 54, 13] ;;; build;    --> Removing gstools jar files from non-gstools mod...
[2026, 9, 25, 12, 54, 13] ;;; build;    --> Base Mod Compile Requirment Detected! Compiling...
[2026, 9, 25, 12, 54, 13] ;;; build;      ---> Cleaning prior...
[2026, 9, 25, 12, 54, 14] ;;; build;      ---> Cloning basemod...
[2026, 9, 25, 12, 54, 14] ;;; build;      ---> Batch remaning...
[2026, 9, 25, 12, 54, 14] ;;; build;      ---> Running gradle...
[2026, 9, 25, 12, 54, 18] ;;; build;      ---> Unpacking generated jar file...
[2026, 9, 25, 12, 54, 18] ;;; build;      ---> Injecting generated assets into temp dir...
[2026, 9, 25, 12, 54, 18] ;;; build;    --> Injecting block tags...
[2026, 9, 25, 12, 54, 18] ;;; build;    --> Duplicating function folder for backported versions...
[2026, 9, 25, 12, 54, 18] ;;; build;    --> Packing into jar file...
[2026, 9, 25, 12, 54, 23] ;;; build;    --> Cleaning Up...
[2026, 9, 25, 12, 54, 25] ;;; build;    --> Done.
[2026, 9, 25, 12, 54, 25] ;;; build;    > Compiling for neoforge-1.20.6...
[2026, 9, 25, 12, 54, 25] ;;; build;    --> Cleaning temp directory...
[2026, 9, 25, 12, 54, 25] ;;; build;    --> Unpacking base jar file...
[2026, 9, 25, 12, 54, 26] ;;; build;    --> Copying compiled mcfunction assets...
[2026, 9, 25, 12, 54, 26] ;;; build;    --> Injecting logo...
[2026, 9, 25, 12, 54, 26] ;;; build;    --> Injecting config defaults...
[2026, 9, 25, 12, 54, 26] ;;; build;    --> Handling loader specifications...
[2026, 9, 25, 12, 54, 26] ;;; build;      ---> Init Neoforge...
[2026, 9, 25, 12, 54, 26] ;;; build;      ---> Weather2 Compat Requirment Detected.
[2026, 9, 25, 12, 54, 26] ;;; build;    --> Injecting assets...
[2026, 9, 25, 12, 54, 26] ;;; build;    --> Removing gstools jar files from non-gstools mod...
[2026, 9, 25, 12, 54, 26] ;;; build;    --> Injecting block tags...
[2026, 9, 25, 12, 54, 26] ;;; build;    --> Duplicating function folder for backported versions...
[2026, 9, 25, 12, 54, 26] ;;; build;    --> Packing into jar file...
[2026, 9, 25, 12, 54, 32] ;;; build;    --> Cleaning Up...
[2026, 9, 25, 12, 54, 33] ;;; build;    --> Done.
[2026, 9, 25, 12, 54, 33] ;;; build;    > Compiling for neoforge-1.21.1...
[2026, 9, 25, 12, 54, 33] ;;; build;    --> Cleaning temp directory...
[2026, 9, 25, 12, 54, 34] ;;; build;    --> Unpacking base jar file...
[2026, 9, 25, 12, 54, 34] ;;; build;    --> Copying compiled mcfunction assets...
[2026, 9, 25, 12, 54, 34] ;;; build;    --> Injecting logo...
[2026, 9, 25, 12, 54, 34] ;;; build;    --> Injecting config defaults...
[2026, 9, 25, 12, 54, 34] ;;; build;    --> Handling loader specifications...
[2026, 9, 25, 12, 54, 34] ;;; build;      ---> Init Neoforge...
[2026, 9, 25, 12, 54, 34] ;;; build;      ---> Weather2 Compat Requirment Detected.
[2026, 9, 25, 12, 54, 34] ;;; build;    --> Injecting assets...
[2026, 9, 25, 12, 54, 35] ;;; build;    --> Removing gstools jar files from non-gstools mod...
[2026, 9, 25, 12, 54, 35] ;;; build;    --> Injecting block tags...
[2026, 9, 25, 12, 54, 35] ;;; build;    --> Duplicating function folder for backported versions...
[2026, 9, 25, 12, 54, 35] ;;; build;    --> Packing into jar file...
[2026, 9, 25, 12, 54, 40] ;;; build;    --> Cleaning Up...
[2026, 9, 25, 12, 54, 42] ;;; build;    --> Done.
[2026, 9, 25, 12, 54, 42] ;;; build;    > Compiling for neoforge-1.21.2...
[2026, 9, 25, 12, 54, 42] ;;; build;    --> Cleaning temp directory...
[2026, 9, 25, 12, 54, 42] ;;; build;    --> Unpacking base jar file...
[2026, 9, 25, 12, 54, 43] ;;; build;    --> Copying compiled mcfunction assets...
[2026, 9, 25, 12, 54, 43] ;;; build;    --> Injecting logo...
[2026, 9, 25, 12, 54, 43] ;;; build;    --> Injecting config defaults...
[2026, 9, 25, 12, 54, 43] ;;; build;    --> Handling loader specifications...
[2026, 9, 25, 12, 54, 43] ;;; build;      ---> Init Neoforge...
[2026, 9, 25, 12, 54, 43] ;;; build;    --> Injecting assets...
[2026, 9, 25, 12, 54, 43] ;;; build;    --> Removing gstools jar files from non-gstools mod...
[2026, 9, 25, 12, 54, 43] ;;; build;    --> Injecting block tags...
[2026, 9, 25, 12, 54, 43] ;;; build;    --> Duplicating function folder for backported versions...
[2026, 9, 25, 12, 54, 43] ;;; build;    --> Packing into jar file...
[2026, 9, 25, 12, 54, 49] ;;; build;    --> Cleaning Up...
[2026, 9, 25, 12, 54, 51] ;;; build;    --> Done.
[2026, 9, 25, 12, 54, 51] ;;; build;    > Compiling for neoforge-1.21.4...
[2026, 9, 25, 12, 54, 51] ;;; build;    --> Cleaning temp directory...
[2026, 9, 25, 12, 54, 51] ;;; build;    --> Unpacking base jar file...
[2026, 9, 25, 12, 54, 51] ;;; build;    --> Copying compiled mcfunction assets...
[2026, 9, 25, 12, 54, 52] ;;; build;    --> Injecting logo...
[2026, 9, 25, 12, 54, 52] ;;; build;    --> Injecting config defaults...
[2026, 9, 25, 12, 54, 52] ;;; build;    --> Handling loader specifications...
[2026, 9, 25, 12, 54, 52] ;;; build;      ---> Init Neoforge...
[2026, 9, 25, 12, 54, 52] ;;; build;    --> Injecting assets...
[2026, 9, 25, 12, 54, 52] ;;; build;    --> Removing gstools jar files from non-gstools mod...
[2026, 9, 25, 12, 54, 52] ;;; build;    --> Injecting block tags...
[2026, 9, 25, 12, 54, 52] ;;; build;    --> Duplicating function folder for backported versions...
[2026, 9, 25, 12, 54, 52] ;;; build;    --> Packing into jar file...
[2026, 9, 25, 12, 54, 58] ;;; build;    --> Cleaning Up...
[2026, 9, 25, 12, 55, 0] ;;; build;    --> Done.
[2026, 9, 25, 12, 55, 0] ;;; build;    > Compiling for neoforge-1.21.5...
[2026, 9, 25, 12, 55, 0] ;;; build;    --> Cleaning temp directory...
[2026, 9, 25, 12, 55, 1] ;;; build;    --> Unpacking base jar file...
[2026, 9, 25, 12, 55, 1] ;;; build;    --> Copying compiled mcfunction assets...
[2026, 9, 25, 12, 55, 1] ;;; build;    --> Injecting logo...
[2026, 9, 25, 12, 55, 1] ;;; build;    --> Injecting config defaults...
[2026, 9, 25, 12, 55, 1] ;;; build;    --> Handling loader specifications...
[2026, 9, 25, 12, 55, 1] ;;; build;      ---> Init Neoforge...
[2026, 9, 25, 12, 55, 1] ;;; build;    --> Injecting assets...
[2026, 9, 25, 12, 55, 1] ;;; build;    --> Removing gstools jar files from non-gstools mod...
[2026, 9, 25, 12, 55, 1] ;;; build;    --> Injecting block tags...
[2026, 9, 25, 12, 55, 1] ;;; build;    --> Duplicating function folder for backported versions...
[2026, 9, 25, 12, 55, 2] ;;; build;    --> Packing into jar file...
[2026, 9, 25, 12, 55, 7] ;;; build;    --> Cleaning Up...
[2026, 9, 25, 12, 55, 9] ;;; build;    --> Done.
[2026, 9, 25, 12, 55, 9] ;;; build;    > Compiling for neoforge-1.21.8...
[2026, 9, 25, 12, 55, 9] ;;; build;    --> Cleaning temp directory...
[2026, 9, 25, 12, 55, 9] ;;; build;    --> Unpacking base jar file...
[2026, 9, 25, 12, 55, 10] ;;; build;    --> Copying compiled mcfunction assets...
[2026, 9, 25, 12, 55, 10] ;;; build;    --> Injecting logo...
[2026, 9, 25, 12, 55, 10] ;;; build;    --> Injecting config defaults...
[2026, 9, 25, 12, 55, 10] ;;; build;    --> Handling loader specifications...
[2026, 9, 25, 12, 55, 10] ;;; build;      ---> Init Neoforge...
[2026, 9, 25, 12, 55, 10] ;;; build;    --> Injecting assets...
[2026, 9, 25, 12, 55, 10] ;;; build;    --> Removing gstools jar files from non-gstools mod...
[2026, 9, 25, 12, 55, 10] ;;; build;    --> Injecting block tags...
[2026, 9, 25, 12, 55, 10] ;;; build;    --> Duplicating function folder for backported versions...
[2026, 9, 25, 12, 55, 10] ;;; build;    --> Packing into jar file...
[2026, 9, 25, 12, 55, 16] ;;; build;    --> Cleaning Up...
[2026, 9, 25, 12, 55, 17] ;;; build;    --> Done.
[2026, 9, 25, 12, 55, 17] ;;; build;    > Compiling for neoforge-26.1...
[2026, 9, 25, 12, 55, 17] ;;; build;    --> Cleaning temp directory...
[2026, 9, 25, 12, 55, 18] ;;; build;    --> Unpacking base jar file...
[2026, 9, 25, 12, 55, 18] ;;; build;    --> Copying compiled mcfunction assets...
[2026, 9, 25, 12, 55, 18] ;;; build;    --> Injecting logo...
[2026, 9, 25, 12, 55, 18] ;;; build;    --> Injecting config defaults...
[2026, 9, 25, 12, 55, 18] ;;; build;    --> Handling loader specifications...
[2026, 9, 25, 12, 55, 18] ;;; build;      ---> Init Neoforge...
[2026, 9, 25, 12, 55, 18] ;;; build;    --> Injecting assets...
[2026, 9, 25, 12, 55, 19] ;;; build;    --> Removing gstools jar files from non-gstools mod...
[2026, 9, 25, 12, 55, 19] ;;; build;    --> Injecting block tags...
[2026, 9, 25, 12, 55, 19] ;;; build;    --> Duplicating function folder for backported versions...
[2026, 9, 25, 12, 55, 19] ;;; build;    --> Packing into jar file...
[2026, 9, 25, 12, 55, 24] ;;; build;    --> Cleaning Up...
[2026, 9, 25, 12, 55, 26] ;;; build;    --> Done.
[2026, 9, 25, 12, 55, 26] ;;; build;    > Compiling for neoforge-26.2...
[2026, 9, 25, 12, 55, 26] ;;; build;    --> Cleaning temp directory...
[2026, 9, 25, 12, 55, 26] ;;; build;    --> Unpacking base jar file...
[2026, 9, 25, 12, 55, 27] ;;; build;    --> Copying compiled mcfunction assets...
[2026, 9, 25, 12, 55, 27] ;;; build;    --> Injecting logo...
[2026, 9, 25, 12, 55, 27] ;;; build;    --> Injecting config defaults...
[2026, 9, 25, 12, 55, 27] ;;; build;    --> Handling loader specifications...
[2026, 9, 25, 12, 55, 27] ;;; build;      ---> Init Neoforge...
[2026, 9, 25, 12, 55, 27] ;;; build;    --> Injecting assets...
[2026, 9, 25, 12, 55, 27] ;;; build;    --> Removing gstools jar files from non-gstools mod...
[2026, 9, 25, 12, 55, 27] ;;; build;    --> Injecting block tags...
[2026, 9, 25, 12, 55, 27] ;;; build;    --> Duplicating function folder for backported versions...
[2026, 9, 25, 12, 55, 27] ;;; build;    --> Packing into jar file...
[2026, 9, 25, 12, 55, 33] ;;; build;    --> Cleaning Up...
[2026, 9, 25, 12, 55, 35] ;;; build;    --> Done.
[2026, 9, 25, 12, 55, 35] ;;; build;    > Compiling for neoforge-26.3...
[2026, 9, 25, 12, 55, 35] ;;; build;    --> Cleaning temp directory...
[2026, 9, 25, 12, 55, 35] ;;; build;    --> Unpacking base jar file...
[2026, 9, 25, 12, 55, 35] ;;; build;    --> Copying compiled mcfunction assets...
[2026, 9, 25, 12, 55, 35] ;;; build;    --> Injecting logo...
[2026, 9, 25, 12, 55, 35] ;;; build;    --> Injecting config defaults...
[2026, 9, 25, 12, 55, 35] ;;; build;    --> Handling loader specifications...
[2026, 9, 25, 12, 55, 35] ;;; build;      ---> Init Neoforge...
[2026, 9, 25, 12, 55, 35] ;;; build;    --> Injecting assets...
[2026, 9, 25, 12, 55, 36] ;;; build;    --> Removing gstools jar files from non-gstools mod...
[2026, 9, 25, 12, 55, 36] ;;; build;    --> Injecting block tags...
[2026, 9, 25, 12, 55, 36] ;;; build;    --> Duplicating function folder for backported versions...
[2026, 9, 25, 12, 55, 36] ;;; build;    --> Packing into jar file...
[2026, 9, 25, 12, 55, 42] ;;; build;    --> Cleaning Up...
[2026, 9, 25, 12, 55, 43] ;;; build;    --> Done.
[2026, 9, 25, 12, 55, 43] ;;; build;    > Renaming zip files to jar files...
[2026, 9, 25, 12, 55, 44] ;;; build;    > Resetting to cached game versions config...
[2026, 9, 25, 12, 55, 44] ;;; build;    > Build Complete.
[2026, 9, 25, 12, 55, 44] ;;; build; Generating release.json...
[2026, 9, 25, 12, 55, 44] ;;; build; Injecting release.json...
[2026, 9, 25, 12, 55, 44] ;;; build; Cleaning up...
[2026, 9, 25, 12, 55, 51] ;;; build; Done.
[2026, 9, 25, 13, 45, 7] ;;; build; build.py
[2026, 9, 25, 13, 45, 7] ;;; build; --build
[2026, 9, 25, 13, 45, 7] ;;; build; Init Mod Build...
[2026, 9, 25, 13, 45, 7] ;;; build; Init resources...
[2026, 9, 25, 13, 45, 8] ;;; build; Compiling datapacks...
[2026, 9, 25, 13, 53, 6] ;;; build; Adjusting current version as needed...
[2026, 9, 25, 13, 53, 6] ;;; build; Appending to changelog...
[2026, 9, 25, 13, 53, 6] ;;; build; Begin Complete Build Block...
[2026, 9, 25, 13, 53, 6] ;;; build; Init Build Per Datapack Compile Block...
[2026, 9, 25, 13, 53, 6] ;;; build; Compiling datapack block_decay into mod...
[2026, 9, 25, 13, 53, 6] ;;; build;    > Detecting split versions...
[2026, 9, 25, 13, 53, 6] ;;; build;    --> Version to delete after: gstools-neoforge-1.21.9.jar
[2026, 9, 25, 13, 53, 6] ;;; build;    --> Version to delete after: gstools-neoforge-1.21.10.jar
[2026, 9, 25, 13, 53, 6] ;;; build;    --> Version to delete after: gstools-neoforge-1.21.11.jar
[2026, 9, 25, 13, 53, 6] ;;; build;    --> Version to delete after: gstools-neoforge-1.21.jar
[2026, 9, 25, 13, 53, 6] ;;; build;    --> Version to delete after: gstools-fabric-1.21.10.jar
[2026, 9, 25, 13, 53, 6] ;;; build;    --> Version to delete after: gstools-fabric-1.21.11.jar
[2026, 9, 25, 13, 53, 6] ;;; build;    --> Copying modified game version cache...
[2026, 9, 25, 13, 53, 9] ;;; build;    > Beginning build block...
[2026, 9, 25, 13, 53, 9] ;;; build;    > Compiling for fabric-1.21.10...
[2026, 9, 25, 13, 53, 9] ;;; build;    --> Cleaning temp directory...
[2026, 9, 25, 13, 53, 11] ;;; build;    --> Unpacking base jar file...
[2026, 9, 25, 13, 53, 11] ;;; build;    --> Copying compiled mcfunction assets...
[2026, 9, 25, 13, 53, 24] ;;; build;    --> Injecting logo...
[2026, 9, 25, 13, 53, 24] ;;; build;    --> Injecting config defaults...
[2026, 9, 25, 13, 53, 24] ;;; build;    --> Handling loader specifications...
[2026, 9, 25, 13, 53, 24] ;;; build;      ---> Init Fabric...
[2026, 9, 25, 13, 53, 24] ;;; build;    --> Compiling Structures And Features...
[2026, 9, 25, 13, 53, 24] ;;; build;      ---> Prior Cache Detected. Injecting...
[2026, 9, 25, 13, 53, 25] ;;; build;      ---> Done.
[2026, 9, 25, 13, 53, 25] ;;; build;    --> Removing gstools jar files from non-gstools mod...
[2026, 9, 25, 13, 53, 25] ;;; build;    --> Injecting block tags...
[2026, 9, 25, 13, 53, 26] ;;; build;    --> Duplicating function folder for backported versions...
[2026, 9, 25, 13, 53, 27] ;;; build;    --> Packing into jar file...
[2026, 9, 25, 13, 53, 34] ;;; build;    --> Cleaning Up...
[2026, 9, 25, 13, 53, 48] ;;; build;    --> Done.
[2026, 9, 25, 13, 53, 48] ;;; build;    > Compiling for fabric-1.21.11...
[2026, 9, 25, 13, 53, 48] ;;; build;    --> Cleaning temp directory...
[2026, 9, 25, 13, 53, 49] ;;; build;    --> Unpacking base jar file...
[2026, 9, 25, 13, 53, 49] ;;; build;    --> Copying compiled mcfunction assets...
[2026, 9, 25, 13, 53, 53] ;;; build;    --> Injecting logo...
[2026, 9, 25, 13, 53, 53] ;;; build;    --> Injecting config defaults...
[2026, 9, 25, 13, 53, 53] ;;; build;    --> Handling loader specifications...
[2026, 9, 25, 13, 53, 53] ;;; build;      ---> Init Fabric...
[2026, 9, 25, 13, 53, 53] ;;; build;    --> Compiling Structures And Features...
[2026, 9, 25, 13, 53, 54] ;;; build;      ---> Prior Cache Detected. Injecting...
[2026, 9, 25, 13, 53, 55] ;;; build;      ---> Done.
[2026, 9, 25, 13, 53, 55] ;;; build;    --> Removing gstools jar files from non-gstools mod...
[2026, 9, 25, 13, 53, 55] ;;; build;    --> Injecting block tags...
[2026, 9, 25, 13, 53, 55] ;;; build;    --> Duplicating function folder for backported versions...
[2026, 9, 25, 13, 53, 55] ;;; build;    --> Packing into jar file...
[2026, 9, 25, 13, 54, 10] ;;; build;    --> Cleaning Up...
[2026, 9, 25, 13, 54, 25] ;;; build;    --> Done.
[2026, 9, 25, 13, 54, 25] ;;; build;    > Compiling for fabric-1.21.8...
[2026, 9, 25, 13, 54, 25] ;;; build;    --> Cleaning temp directory...
[2026, 9, 25, 13, 54, 25] ;;; build;    --> Unpacking base jar file...
[2026, 9, 25, 13, 54, 26] ;;; build;    --> Copying compiled mcfunction assets...
[2026, 9, 25, 13, 54, 30] ;;; build;    --> Injecting logo...
[2026, 9, 25, 13, 54, 30] ;;; build;    --> Injecting config defaults...
[2026, 9, 25, 13, 54, 30] ;;; build;    --> Handling loader specifications...
[2026, 9, 25, 13, 54, 30] ;;; build;      ---> Init Fabric...
[2026, 9, 25, 13, 54, 30] ;;; build;    --> Compiling Structures And Features...
[2026, 9, 25, 13, 54, 31] ;;; build;      ---> Prior Cache Detected. Injecting...
[2026, 9, 25, 13, 54, 32] ;;; build;      ---> Done.
[2026, 9, 25, 13, 54, 32] ;;; build;    --> Removing gstools jar files from non-gstools mod...
[2026, 9, 25, 13, 54, 32] ;;; build;    --> Injecting block tags...
[2026, 9, 25, 13, 54, 32] ;;; build;    --> Duplicating function folder for backported versions...
[2026, 9, 25, 13, 54, 32] ;;; build;    --> Packing into jar file...
[2026, 9, 25, 13, 54, 46] ;;; build;    --> Cleaning Up...
[2026, 9, 25, 13, 55, 0] ;;; build;    --> Done.
[2026, 9, 25, 13, 55, 0] ;;; build;    > Compiling for fabric-1.21.9...
[2026, 9, 25, 13, 55, 0] ;;; build;    --> Cleaning temp directory...
[2026, 9, 25, 13, 55, 1] ;;; build;    --> Unpacking base jar file...
[2026, 9, 25, 13, 55, 1] ;;; build;    --> Copying compiled mcfunction assets...
[2026, 9, 25, 13, 55, 6] ;;; build;    --> Injecting logo...
[2026, 9, 25, 13, 55, 6] ;;; build;    --> Injecting config defaults...
[2026, 9, 25, 13, 55, 6] ;;; build;    --> Handling loader specifications...
[2026, 9, 25, 13, 55, 6] ;;; build;      ---> Init Fabric...
[2026, 9, 25, 13, 55, 6] ;;; build;    --> Compiling Structures And Features...
[2026, 9, 25, 13, 55, 6] ;;; build;      ---> Prior Cache Detected. Injecting...
[2026, 9, 25, 13, 55, 7] ;;; build;      ---> Done.
[2026, 9, 25, 13, 55, 7] ;;; build;    --> Removing gstools jar files from non-gstools mod...
[2026, 9, 25, 13, 55, 8] ;;; build;    --> Injecting block tags...
[2026, 9, 25, 13, 55, 8] ;;; build;    --> Duplicating function folder for backported versions...
[2026, 9, 25, 13, 55, 8] ;;; build;    --> Packing into jar file...
[2026, 9, 25, 13, 55, 22] ;;; build;    --> Cleaning Up...
[2026, 9, 25, 13, 55, 36] ;;; build;    --> Done.
[2026, 9, 25, 13, 55, 36] ;;; build;    > Compiling for fabric-26.1...
[2026, 9, 25, 13, 55, 36] ;;; build;    --> Cleaning temp directory...
[2026, 9, 25, 13, 55, 37] ;;; build;    --> Unpacking base jar file...
[2026, 9, 25, 13, 55, 37] ;;; build;    --> Copying compiled mcfunction assets...
[2026, 9, 25, 13, 55, 42] ;;; build;    --> Injecting logo...
[2026, 9, 25, 13, 55, 42] ;;; build;    --> Injecting config defaults...
[2026, 9, 25, 13, 55, 42] ;;; build;    --> Handling loader specifications...
[2026, 9, 25, 13, 55, 42] ;;; build;      ---> Init Fabric...
[2026, 9, 25, 13, 55, 42] ;;; build;    --> Compiling Structures And Features...
[2026, 9, 25, 13, 55, 42] ;;; build;      ---> Prior Cache Detected. Injecting...
[2026, 9, 25, 13, 55, 43] ;;; build;      ---> Done.
[2026, 9, 25, 13, 55, 43] ;;; build;    --> Removing gstools jar files from non-gstools mod...
[2026, 9, 25, 13, 55, 43] ;;; build;    --> Injecting block tags...
[2026, 9, 25, 13, 55, 43] ;;; build;    --> Duplicating function folder for backported versions...
[2026, 9, 25, 13, 55, 43] ;;; build;    --> Packing into jar file...
[2026, 9, 25, 13, 55, 57] ;;; build;    --> Cleaning Up...
[2026, 9, 25, 13, 56, 14] ;;; build;    --> Done.
[2026, 9, 25, 13, 56, 14] ;;; build;    > Compiling for fabric-26.2...
[2026, 9, 25, 13, 56, 14] ;;; build;    --> Cleaning temp directory...
[2026, 9, 25, 13, 56, 14] ;;; build;    --> Unpacking base jar file...
[2026, 9, 25, 13, 56, 15] ;;; build;    --> Copying compiled mcfunction assets...
[2026, 9, 25, 13, 56, 19] ;;; build;    --> Injecting logo...
[2026, 9, 25, 13, 56, 19] ;;; build;    --> Injecting config defaults...
[2026, 9, 25, 13, 56, 19] ;;; build;    --> Handling loader specifications...
[2026, 9, 25, 13, 56, 19] ;;; build;      ---> Init Fabric...
[2026, 9, 25, 13, 56, 19] ;;; build;    --> Compiling Structures And Features...
[2026, 9, 25, 13, 56, 20] ;;; build;      ---> Prior Cache Detected. Injecting...
[2026, 9, 25, 13, 56, 20] ;;; build;      ---> Done.
[2026, 9, 25, 13, 56, 21] ;;; build;    --> Removing gstools jar files from non-gstools mod...
[2026, 9, 25, 13, 56, 21] ;;; build;    --> Injecting block tags...
[2026, 9, 25, 13, 56, 21] ;;; build;    --> Duplicating function folder for backported versions...
[2026, 9, 25, 13, 56, 21] ;;; build;    --> Packing into jar file...
[2026, 9, 25, 13, 56, 36] ;;; build;    --> Cleaning Up...
[2026, 9, 25, 13, 56, 51] ;;; build;    --> Done.
[2026, 9, 25, 13, 56, 51] ;;; build;    > Compiling for fabric-26.3...
[2026, 9, 25, 13, 56, 51] ;;; build;    --> Cleaning temp directory...
[2026, 9, 25, 13, 56, 51] ;;; build;    --> Unpacking base jar file...
[2026, 9, 25, 13, 56, 52] ;;; build;    --> Copying compiled mcfunction assets...
[2026, 9, 25, 13, 56, 56] ;;; build;    --> Injecting logo...
[2026, 9, 25, 13, 56, 56] ;;; build;    --> Injecting config defaults...
[2026, 9, 25, 13, 56, 56] ;;; build;    --> Handling loader specifications...
[2026, 9, 25, 13, 56, 56] ;;; build;      ---> Init Fabric...
[2026, 9, 25, 13, 56, 56] ;;; build;    --> Compiling Structures And Features...
[2026, 9, 25, 13, 56, 57] ;;; build;    --> Removing gstools jar files from non-gstools mod...
[2026, 9, 25, 13, 56, 57] ;;; build;    --> Injecting block tags...
[2026, 9, 25, 13, 56, 57] ;;; build;    --> Duplicating function folder for backported versions...
[2026, 9, 25, 13, 56, 57] ;;; build;    --> Packing into jar file...
[2026, 9, 25, 13, 57, 0] ;;; build;    --> Cleaning Up...
[2026, 9, 25, 13, 57, 3] ;;; build;    --> Done.
[2026, 9, 25, 13, 57, 3] ;;; build;    > Compiling for forge-1.19.4...
[2026, 9, 25, 13, 57, 3] ;;; build;    --> Cleaning temp directory...
[2026, 9, 25, 13, 57, 3] ;;; build;    --> Unpacking base jar file...
[2026, 9, 25, 13, 57, 3] ;;; build;    --> Copying compiled mcfunction assets...
[2026, 9, 25, 13, 57, 8] ;;; build;    --> Injecting logo...
[2026, 9, 25, 13, 57, 8] ;;; build;    --> Injecting config defaults...
[2026, 9, 25, 13, 57, 8] ;;; build;    --> Handling loader specifications...
[2026, 9, 25, 13, 57, 8] ;;; build;      ---> Init Forge...
[2026, 9, 25, 13, 57, 8] ;;; build;    --> Compiling Structures And Features...
[2026, 9, 25, 13, 57, 9] ;;; build;      ---> Prior Cache Detected. Injecting...
[2026, 9, 25, 13, 57, 9] ;;; build;      ---> Done.
[2026, 9, 25, 13, 57, 10] ;;; build;    --> Removing gstools jar files from non-gstools mod...
[2026, 9, 25, 13, 57, 10] ;;; build;    --> Base Mod Compile Requirment Detected! Compiling...
[2026, 9, 25, 13, 57, 10] ;;; build;      ---> Cleaning prior...
[2026, 9, 25, 13, 57, 10] ;;; build;      ---> Cloning basemod...
[2026, 9, 25, 13, 57, 10] ;;; build;      ---> Batch remaning...
[2026, 9, 25, 13, 57, 10] ;;; build;      ---> Running gradle...
[2026, 9, 25, 13, 57, 18] ;;; build;      ---> Unpacking generated jar file...
[2026, 9, 25, 13, 57, 18] ;;; build;      ---> Injecting generated assets into temp dir...
[2026, 9, 25, 13, 57, 18] ;;; build;    --> Injecting block tags...
[2026, 9, 25, 13, 57, 18] ;;; build;    --> Duplicating function folder for backported versions...
[2026, 9, 25, 13, 57, 18] ;;; build;    --> Packing into jar file...
[2026, 9, 25, 13, 57, 26] ;;; build;    --> Cleaning Up...
[2026, 9, 25, 13, 57, 37] ;;; build;    --> Done.
[2026, 9, 25, 13, 57, 37] ;;; build;    > Compiling for forge-1.20.1...
[2026, 9, 25, 13, 57, 37] ;;; build;    --> Cleaning temp directory...
[2026, 9, 25, 13, 57, 38] ;;; build;    --> Unpacking base jar file...
[2026, 9, 25, 13, 57, 38] ;;; build;    --> Copying compiled mcfunction assets...
[2026, 9, 25, 13, 57, 42] ;;; build;    --> Injecting logo...
[2026, 9, 25, 13, 57, 42] ;;; build;    --> Injecting config defaults...
[2026, 9, 25, 13, 57, 42] ;;; build;    --> Handling loader specifications...
[2026, 9, 25, 13, 57, 42] ;;; build;      ---> Init Forge...
[2026, 9, 25, 13, 57, 42] ;;; build;    --> Compiling Structures And Features...
[2026, 9, 25, 13, 57, 43] ;;; build;      ---> Prior Cache Detected. Injecting...
[2026, 9, 25, 13, 57, 43] ;;; build;      ---> Done.
[2026, 9, 25, 13, 57, 43] ;;; build;    --> Removing gstools jar files from non-gstools mod...
[2026, 9, 25, 13, 57, 44] ;;; build;    --> Base Mod Compile Requirment Detected! Compiling...
[2026, 9, 25, 13, 57, 44] ;;; build;      ---> Cleaning prior...
[2026, 9, 25, 13, 57, 44] ;;; build;      ---> Cloning basemod...
[2026, 9, 25, 13, 57, 44] ;;; build;      ---> Batch remaning...
[2026, 9, 25, 13, 57, 44] ;;; build;      ---> Running gradle...
[2026, 9, 25, 13, 57, 49] ;;; build;      ---> Unpacking generated jar file...
[2026, 9, 25, 13, 57, 49] ;;; build;      ---> Injecting generated assets into temp dir...
[2026, 9, 25, 13, 57, 49] ;;; build;    --> Injecting block tags...
[2026, 9, 25, 13, 57, 49] ;;; build;    --> Duplicating function folder for backported versions...
[2026, 9, 25, 13, 57, 49] ;;; build;    --> Packing into jar file...
[2026, 9, 25, 13, 58, 2] ;;; build;    --> Cleaning Up...
[2026, 9, 25, 13, 58, 13] ;;; build;    --> Done.
[2026, 9, 25, 13, 58, 13] ;;; build;    > Compiling for neoforge-1.20.4...
[2026, 9, 25, 13, 58, 13] ;;; build;    --> Cleaning temp directory...
[2026, 9, 25, 13, 58, 13] ;;; build;    --> Unpacking base jar file...
[2026, 9, 25, 13, 58, 14] ;;; build;    --> Copying compiled mcfunction assets...
[2026, 9, 25, 13, 58, 19] ;;; build;    --> Injecting logo...
[2026, 9, 25, 13, 58, 19] ;;; build;    --> Injecting config defaults...
[2026, 9, 25, 13, 58, 19] ;;; build;    --> Handling loader specifications...
[2026, 9, 25, 13, 58, 19] ;;; build;      ---> Init Neoforge...
[2026, 9, 25, 13, 58, 19] ;;; build;    --> Compiling Structures And Features...
[2026, 9, 25, 13, 58, 19] ;;; build;      ---> Prior Cache Detected. Injecting...
[2026, 9, 25, 13, 58, 19] ;;; build;      ---> Done.
[2026, 9, 25, 13, 58, 19] ;;; build;    --> Removing gstools jar files from non-gstools mod...
[2026, 9, 25, 13, 58, 19] ;;; build;    --> Base Mod Compile Requirment Detected! Compiling...
[2026, 9, 25, 13, 58, 19] ;;; build;      ---> Cleaning prior...
[2026, 9, 25, 13, 58, 19] ;;; build;      ---> Cloning basemod...
[2026, 9, 25, 13, 58, 19] ;;; build;      ---> Batch remaning...
[2026, 9, 25, 13, 58, 19] ;;; build;      ---> Running gradle...
[2026, 9, 25, 13, 58, 23] ;;; build;      ---> Unpacking generated jar file...
[2026, 9, 25, 13, 58, 23] ;;; build;      ---> Injecting generated assets into temp dir...
[2026, 9, 25, 13, 58, 23] ;;; build;    --> Injecting block tags...
[2026, 9, 25, 13, 58, 23] ;;; build;    --> Duplicating function folder for backported versions...
[2026, 9, 25, 13, 58, 23] ;;; build;    --> Packing into jar file...
[2026, 9, 25, 13, 58, 27] ;;; build;    --> Cleaning Up...
[2026, 9, 25, 13, 58, 30] ;;; build;    --> Done.
[2026, 9, 25, 13, 58, 30] ;;; build;    > Compiling for neoforge-1.20.6...
[2026, 9, 25, 13, 58, 30] ;;; build;    --> Cleaning temp directory...
[2026, 9, 25, 13, 58, 31] ;;; build;    --> Unpacking base jar file...
[2026, 9, 25, 13, 58, 31] ;;; build;    --> Copying compiled mcfunction assets...
[2026, 9, 25, 13, 58, 36] ;;; build;    --> Injecting logo...
[2026, 9, 25, 13, 58, 36] ;;; build;    --> Injecting config defaults...
[2026, 9, 25, 13, 58, 36] ;;; build;    --> Handling loader specifications...
[2026, 9, 25, 13, 58, 36] ;;; build;      ---> Init Neoforge...
[2026, 9, 25, 13, 58, 36] ;;; build;    --> Compiling Structures And Features...
[2026, 9, 25, 13, 58, 36] ;;; build;      ---> Prior Cache Detected. Injecting...
[2026, 9, 25, 13, 58, 37] ;;; build;      ---> Done.
[2026, 9, 25, 13, 58, 37] ;;; build;    --> Removing gstools jar files from non-gstools mod...
[2026, 9, 25, 13, 58, 37] ;;; build;    --> Injecting block tags...
[2026, 9, 25, 13, 58, 37] ;;; build;    --> Duplicating function folder for backported versions...
[2026, 9, 25, 13, 58, 37] ;;; build;    --> Packing into jar file...
[2026, 9, 25, 13, 58, 40] ;;; build;    --> Cleaning Up...
[2026, 9, 25, 13, 58, 43] ;;; build;    --> Done.
[2026, 9, 25, 13, 58, 43] ;;; build;    > Compiling for neoforge-1.21.1...
[2026, 9, 25, 13, 58, 43] ;;; build;    --> Cleaning temp directory...
[2026, 9, 25, 13, 58, 44] ;;; build;    --> Unpacking base jar file...
[2026, 9, 25, 13, 58, 44] ;;; build;    --> Copying compiled mcfunction assets...
[2026, 9, 25, 13, 58, 49] ;;; build;    --> Injecting logo...
[2026, 9, 25, 13, 58, 49] ;;; build;    --> Injecting config defaults...
[2026, 9, 25, 13, 58, 49] ;;; build;    --> Handling loader specifications...
[2026, 9, 25, 13, 58, 49] ;;; build;      ---> Init Neoforge...
[2026, 9, 25, 13, 58, 49] ;;; build;      ---> Weather2 Compat Requirment Detected.
[2026, 9, 25, 13, 58, 49] ;;; build;    --> Compiling Structures And Features...
[2026, 9, 25, 13, 58, 49] ;;; build;      ---> Prior Cache Detected. Injecting...
[2026, 9, 25, 13, 58, 50] ;;; build;      ---> Done.
[2026, 9, 25, 13, 58, 50] ;;; build;    --> Removing gstools jar files from non-gstools mod...
[2026, 9, 25, 13, 58, 50] ;;; build;    --> Injecting block tags...
[2026, 9, 25, 13, 58, 50] ;;; build;    --> Duplicating function folder for backported versions...
[2026, 9, 25, 13, 58, 50] ;;; build;    --> Packing into jar file...
[2026, 9, 25, 13, 59, 6] ;;; build;    --> Cleaning Up...
[2026, 9, 25, 13, 59, 19] ;;; build;    --> Done.
[2026, 9, 25, 13, 59, 19] ;;; build;    > Compiling for neoforge-1.21.10...
[2026, 9, 25, 13, 59, 19] ;;; build;    --> Cleaning temp directory...
[2026, 9, 25, 13, 59, 19] ;;; build;    --> Unpacking base jar file...
[2026, 9, 25, 13, 59, 20] ;;; build;    --> Copying compiled mcfunction assets...
[2026, 9, 25, 13, 59, 25] ;;; build;    --> Injecting logo...
[2026, 9, 25, 13, 59, 25] ;;; build;    --> Injecting config defaults...
[2026, 9, 25, 13, 59, 25] ;;; build;    --> Handling loader specifications...
[2026, 9, 25, 13, 59, 25] ;;; build;      ---> Init Neoforge...
[2026, 9, 25, 13, 59, 25] ;;; build;    --> Compiling Structures And Features...
[2026, 9, 25, 13, 59, 25] ;;; build;      ---> Prior Cache Detected. Injecting...
[2026, 9, 25, 13, 59, 26] ;;; build;      ---> Done.
[2026, 9, 25, 13, 59, 26] ;;; build;    --> Removing gstools jar files from non-gstools mod...
[2026, 9, 25, 13, 59, 26] ;;; build;    --> Injecting block tags...
[2026, 9, 25, 13, 59, 26] ;;; build;    --> Duplicating function folder for backported versions...
[2026, 9, 25, 13, 59, 26] ;;; build;    --> Packing into jar file...
[2026, 9, 25, 13, 59, 40] ;;; build;    --> Cleaning Up...
[2026, 9, 25, 13, 59, 53] ;;; build;    --> Done.
[2026, 9, 25, 13, 59, 53] ;;; build;    > Compiling for neoforge-1.21.11...
[2026, 9, 25, 13, 59, 53] ;;; build;    --> Cleaning temp directory...
[2026, 9, 25, 13, 59, 53] ;;; build;    --> Unpacking base jar file...
[2026, 9, 25, 13, 59, 53] ;;; build;    --> Copying compiled mcfunction assets...
[2026, 9, 25, 13, 59, 58] ;;; build;    --> Injecting logo...
[2026, 9, 25, 13, 59, 58] ;;; build;    --> Injecting config defaults...
[2026, 9, 25, 13, 59, 58] ;;; build;    --> Handling loader specifications...
[2026, 9, 25, 13, 59, 58] ;;; build;      ---> Init Neoforge...
[2026, 9, 25, 13, 59, 58] ;;; build;    --> Compiling Structures And Features...
[2026, 9, 25, 13, 59, 58] ;;; build;      ---> Prior Cache Detected. Injecting...
[2026, 9, 25, 13, 59, 59] ;;; build;      ---> Done.
[2026, 9, 25, 13, 59, 59] ;;; build;    --> Removing gstools jar files from non-gstools mod...
[2026, 9, 25, 14, 0, 0] ;;; build;    --> Injecting block tags...
[2026, 9, 25, 14, 0, 0] ;;; build;    --> Duplicating function folder for backported versions...
[2026, 9, 25, 14, 0, 0] ;;; build;    --> Packing into jar file...
[2026, 9, 25, 14, 0, 14] ;;; build;    --> Cleaning Up...
[2026, 9, 25, 14, 0, 25] ;;; build;    --> Done.
[2026, 9, 25, 14, 0, 25] ;;; build;    > Compiling for neoforge-1.21.2...
[2026, 9, 25, 14, 0, 25] ;;; build;    --> Cleaning temp directory...
[2026, 9, 25, 14, 0, 25] ;;; build;    --> Unpacking base jar file...
[2026, 9, 25, 14, 0, 25] ;;; build;    --> Copying compiled mcfunction assets...
[2026, 9, 25, 14, 0, 29] ;;; build;    --> Injecting logo...
[2026, 9, 25, 14, 0, 29] ;;; build;    --> Injecting config defaults...
[2026, 9, 25, 14, 0, 29] ;;; build;    --> Handling loader specifications...
[2026, 9, 25, 14, 0, 29] ;;; build;      ---> Init Neoforge...
[2026, 9, 25, 14, 0, 29] ;;; build;    --> Compiling Structures And Features...
[2026, 9, 25, 14, 0, 30] ;;; build;      ---> Prior Cache Detected. Injecting...
[2026, 9, 25, 14, 0, 31] ;;; build;      ---> Done.
[2026, 9, 25, 14, 0, 31] ;;; build;    --> Removing gstools jar files from non-gstools mod...
[2026, 9, 25, 14, 0, 31] ;;; build;    --> Injecting block tags...
[2026, 9, 25, 14, 0, 31] ;;; build;    --> Duplicating function folder for backported versions...
[2026, 9, 25, 14, 0, 31] ;;; build;    --> Packing into jar file...
[2026, 9, 25, 14, 0, 44] ;;; build;    --> Cleaning Up...
[2026, 9, 25, 14, 0, 56] ;;; build;    --> Done.
[2026, 9, 25, 14, 0, 56] ;;; build;    > Compiling for neoforge-1.21.4...
[2026, 9, 25, 14, 0, 56] ;;; build;    --> Cleaning temp directory...
[2026, 9, 25, 14, 0, 56] ;;; build;    --> Unpacking base jar file...
[2026, 9, 25, 14, 0, 56] ;;; build;    --> Copying compiled mcfunction assets...
[2026, 9, 25, 14, 1, 1] ;;; build;    --> Injecting logo...
[2026, 9, 25, 14, 1, 1] ;;; build;    --> Injecting config defaults...
[2026, 9, 25, 14, 1, 1] ;;; build;    --> Handling loader specifications...
[2026, 9, 25, 14, 1, 1] ;;; build;      ---> Init Neoforge...
[2026, 9, 25, 14, 1, 1] ;;; build;    --> Compiling Structures And Features...
[2026, 9, 25, 14, 1, 1] ;;; build;      ---> Prior Cache Detected. Injecting...
[2026, 9, 25, 14, 1, 4] ;;; build;      ---> Done.
[2026, 9, 25, 14, 1, 4] ;;; build;    --> Removing gstools jar files from non-gstools mod...
[2026, 9, 25, 14, 1, 5] ;;; build;    --> Injecting block tags...
[2026, 9, 25, 14, 1, 5] ;;; build;    --> Duplicating function folder for backported versions...
[2026, 9, 25, 14, 1, 5] ;;; build;    --> Packing into jar file...
[2026, 9, 25, 14, 1, 19] ;;; build;    --> Cleaning Up...
[2026, 9, 25, 14, 1, 32] ;;; build;    --> Done.
[2026, 9, 25, 14, 1, 32] ;;; build;    > Compiling for neoforge-1.21.5...
[2026, 9, 25, 14, 1, 32] ;;; build;    --> Cleaning temp directory...
[2026, 9, 25, 14, 1, 33] ;;; build;    --> Unpacking base jar file...
[2026, 9, 25, 14, 1, 33] ;;; build;    --> Copying compiled mcfunction assets...
[2026, 9, 25, 14, 1, 37] ;;; build;    --> Injecting logo...
[2026, 9, 25, 14, 1, 37] ;;; build;    --> Injecting config defaults...
[2026, 9, 25, 14, 1, 37] ;;; build;    --> Handling loader specifications...
[2026, 9, 25, 14, 1, 37] ;;; build;      ---> Init Neoforge...
[2026, 9, 25, 14, 1, 37] ;;; build;    --> Compiling Structures And Features...
[2026, 9, 25, 14, 1, 37] ;;; build;      ---> Prior Cache Detected. Injecting...
[2026, 9, 25, 14, 1, 40] ;;; build;      ---> Done.
[2026, 9, 25, 14, 1, 41] ;;; build;    --> Removing gstools jar files from non-gstools mod...
[2026, 9, 25, 14, 1, 41] ;;; build;    --> Injecting block tags...
[2026, 9, 25, 14, 1, 41] ;;; build;    --> Duplicating function folder for backported versions...
[2026, 9, 25, 14, 1, 41] ;;; build;    --> Packing into jar file...
[2026, 9, 25, 14, 1, 54] ;;; build;    --> Cleaning Up...
[2026, 9, 25, 14, 2, 7] ;;; build;    --> Done.
[2026, 9, 25, 14, 2, 7] ;;; build;    > Compiling for neoforge-1.21.8...
[2026, 9, 25, 14, 2, 7] ;;; build;    --> Cleaning temp directory...
[2026, 9, 25, 14, 2, 8] ;;; build;    --> Unpacking base jar file...
[2026, 9, 25, 14, 2, 8] ;;; build;    --> Copying compiled mcfunction assets...
[2026, 9, 25, 14, 2, 13] ;;; build;    --> Injecting logo...
[2026, 9, 25, 14, 2, 13] ;;; build;    --> Injecting config defaults...
[2026, 9, 25, 14, 2, 13] ;;; build;    --> Handling loader specifications...
[2026, 9, 25, 14, 2, 13] ;;; build;      ---> Init Neoforge...
[2026, 9, 25, 14, 2, 13] ;;; build;    --> Compiling Structures And Features...
[2026, 9, 25, 14, 2, 14] ;;; build;      ---> Prior Cache Detected. Injecting...
[2026, 9, 25, 14, 2, 14] ;;; build;      ---> Done.
[2026, 9, 25, 14, 2, 14] ;;; build;    --> Removing gstools jar files from non-gstools mod...
[2026, 9, 25, 14, 2, 15] ;;; build;    --> Injecting block tags...
[2026, 9, 25, 14, 2, 15] ;;; build;    --> Duplicating function folder for backported versions...
[2026, 9, 25, 14, 2, 15] ;;; build;    --> Packing into jar file...
[2026, 9, 25, 14, 2, 28] ;;; build;    --> Cleaning Up...
[2026, 9, 25, 14, 2, 41] ;;; build;    --> Done.
[2026, 9, 25, 14, 2, 41] ;;; build;    > Compiling for neoforge-1.21.9...
[2026, 9, 25, 14, 2, 41] ;;; build;    --> Cleaning temp directory...
[2026, 9, 25, 14, 2, 42] ;;; build;    --> Unpacking base jar file...
[2026, 9, 25, 14, 2, 42] ;;; build;    --> Copying compiled mcfunction assets...
[2026, 9, 25, 14, 2, 46] ;;; build;    --> Injecting logo...
[2026, 9, 25, 14, 2, 46] ;;; build;    --> Injecting config defaults...
[2026, 9, 25, 14, 2, 46] ;;; build;    --> Handling loader specifications...
[2026, 9, 25, 14, 2, 46] ;;; build;      ---> Init Neoforge...
[2026, 9, 25, 14, 2, 46] ;;; build;    --> Compiling Structures And Features...
[2026, 9, 25, 14, 2, 47] ;;; build;      ---> Prior Cache Detected. Injecting...
[2026, 9, 25, 14, 2, 47] ;;; build;      ---> Done.
[2026, 9, 25, 14, 2, 47] ;;; build;    --> Removing gstools jar files from non-gstools mod...
[2026, 9, 25, 14, 2, 48] ;;; build;    --> Injecting block tags...
[2026, 9, 25, 14, 2, 48] ;;; build;    --> Duplicating function folder for backported versions...
[2026, 9, 25, 14, 2, 48] ;;; build;    --> Packing into jar file...
[2026, 9, 25, 14, 3, 2] ;;; build;    --> Cleaning Up...
[2026, 9, 25, 14, 3, 15] ;;; build;    --> Done.
[2026, 9, 25, 14, 3, 15] ;;; build;    > Compiling for neoforge-1.21...
[2026, 9, 25, 14, 3, 15] ;;; build;    --> Cleaning temp directory...
[2026, 9, 25, 14, 3, 16] ;;; build;    --> Unpacking base jar file...
[2026, 9, 25, 14, 3, 16] ;;; build;    --> Copying compiled mcfunction assets...
[2026, 9, 25, 14, 3, 21] ;;; build;    --> Injecting logo...
[2026, 9, 25, 14, 3, 21] ;;; build;    --> Injecting config defaults...
[2026, 9, 25, 14, 3, 21] ;;; build;    --> Handling loader specifications...
[2026, 9, 25, 14, 3, 21] ;;; build;      ---> Init Neoforge...
[2026, 9, 25, 14, 3, 21] ;;; build;      ---> Weather2 Compat Requirment Detected.
[2026, 9, 25, 14, 3, 21] ;;; build;    --> Compiling Structures And Features...
[2026, 9, 25, 14, 3, 21] ;;; build;      ---> Prior Cache Detected. Injecting...
[2026, 9, 25, 14, 3, 22] ;;; build;      ---> Done.
[2026, 9, 25, 14, 3, 22] ;;; build;    --> Removing gstools jar files from non-gstools mod...
[2026, 9, 25, 14, 3, 22] ;;; build;    --> Injecting block tags...
[2026, 9, 25, 14, 3, 22] ;;; build;    --> Duplicating function folder for backported versions...
[2026, 9, 25, 14, 3, 22] ;;; build;    --> Packing into jar file...
[2026, 9, 25, 14, 3, 36] ;;; build;    --> Cleaning Up...
[2026, 9, 25, 14, 3, 48] ;;; build;    --> Done.
[2026, 9, 25, 14, 3, 48] ;;; build;    > Compiling for neoforge-26.1...
[2026, 9, 25, 14, 3, 48] ;;; build;    --> Cleaning temp directory...
[2026, 9, 25, 14, 3, 49] ;;; build;    --> Unpacking base jar file...
[2026, 9, 25, 14, 3, 49] ;;; build;    --> Copying compiled mcfunction assets...
[2026, 9, 25, 14, 3, 54] ;;; build;    --> Injecting logo...
[2026, 9, 25, 14, 3, 54] ;;; build;    --> Injecting config defaults...
[2026, 9, 25, 14, 3, 54] ;;; build;    --> Handling loader specifications...
[2026, 9, 25, 14, 3, 54] ;;; build;      ---> Init Neoforge...
[2026, 9, 25, 14, 3, 54] ;;; build;    --> Compiling Structures And Features...
[2026, 9, 25, 14, 3, 54] ;;; build;      ---> Prior Cache Detected. Injecting...
[2026, 9, 25, 14, 3, 55] ;;; build;      ---> Done.
[2026, 9, 25, 14, 3, 55] ;;; build;    --> Removing gstools jar files from non-gstools mod...
[2026, 9, 25, 14, 3, 55] ;;; build;    --> Injecting block tags...
[2026, 9, 25, 14, 3, 55] ;;; build;    --> Duplicating function folder for backported versions...
[2026, 9, 25, 14, 3, 55] ;;; build;    --> Packing into jar file...
[2026, 9, 25, 14, 4, 9] ;;; build;    --> Cleaning Up...
[2026, 9, 25, 14, 4, 20] ;;; build;    --> Done.
[2026, 9, 25, 14, 4, 20] ;;; build;    > Compiling for neoforge-26.2...
[2026, 9, 25, 14, 4, 20] ;;; build;    --> Cleaning temp directory...
[2026, 9, 25, 14, 4, 20] ;;; build;    --> Unpacking base jar file...
[2026, 9, 25, 14, 4, 20] ;;; build;    --> Copying compiled mcfunction assets...
[2026, 9, 25, 14, 4, 24] ;;; build;    --> Injecting logo...
[2026, 9, 25, 14, 4, 24] ;;; build;    --> Injecting config defaults...
[2026, 9, 25, 14, 4, 24] ;;; build;    --> Handling loader specifications...
[2026, 9, 25, 14, 4, 24] ;;; build;      ---> Init Neoforge...
[2026, 9, 25, 14, 4, 24] ;;; build;    --> Compiling Structures And Features...
[2026, 9, 25, 14, 4, 25] ;;; build;      ---> Prior Cache Detected. Injecting...
[2026, 9, 25, 14, 4, 25] ;;; build;      ---> Done.
[2026, 9, 25, 14, 4, 25] ;;; build;    --> Removing gstools jar files from non-gstools mod...
[2026, 9, 25, 14, 4, 26] ;;; build;    --> Injecting block tags...
[2026, 9, 25, 14, 4, 26] ;;; build;    --> Duplicating function folder for backported versions...
[2026, 9, 25, 14, 4, 26] ;;; build;    --> Packing into jar file...
[2026, 9, 25, 14, 4, 38] ;;; build;    --> Cleaning Up...
[2026, 9, 25, 14, 4, 50] ;;; build;    --> Done.
[2026, 9, 25, 14, 4, 50] ;;; build;    > Compiling for neoforge-26.3...
[2026, 9, 25, 14, 4, 50] ;;; build;    --> Cleaning temp directory...
[2026, 9, 25, 14, 4, 50] ;;; build;    --> Unpacking base jar file...
[2026, 9, 25, 14, 4, 50] ;;; build;    --> Copying compiled mcfunction assets...
[2026, 9, 25, 14, 4, 55] ;;; build;    --> Injecting logo...
[2026, 9, 25, 14, 4, 55] ;;; build;    --> Injecting config defaults...
[2026, 9, 25, 14, 4, 55] ;;; build;    --> Handling loader specifications...
[2026, 9, 25, 14, 4, 55] ;;; build;      ---> Init Neoforge...
[2026, 9, 25, 14, 4, 55] ;;; build;    --> Compiling Structures And Features...
[2026, 9, 25, 14, 4, 55] ;;; build;    --> Removing gstools jar files from non-gstools mod...
[2026, 9, 25, 14, 4, 55] ;;; build;    --> Injecting block tags...
[2026, 9, 25, 14, 4, 55] ;;; build;    --> Duplicating function folder for backported versions...
[2026, 9, 25, 14, 4, 55] ;;; build;    --> Packing into jar file...
[2026, 9, 25, 14, 4, 58] ;;; build;    --> Cleaning Up...
[2026, 9, 25, 14, 4, 59] ;;; build;    --> Done.
[2026, 9, 25, 14, 4, 59] ;;; build;    > Renaming zip files to jar files...
[2026, 9, 25, 14, 4, 59] ;;; build;    > Resetting to cached game versions config...
[2026, 9, 25, 14, 4, 59] ;;; build;    --> Deleting split version gstools-neoforge-1.21.9.jar...
[2026, 9, 25, 14, 4, 59] ;;; build;    --> Deleting split version gstools-neoforge-1.21.10.jar...
[2026, 9, 25, 14, 4, 59] ;;; build;    --> Deleting split version gstools-neoforge-1.21.11.jar...
[2026, 9, 25, 14, 4, 59] ;;; build;    --> Deleting split version gstools-neoforge-1.21.jar...
[2026, 9, 25, 14, 4, 59] ;;; build;    --> Deleting split version gstools-fabric-1.21.10.jar...
[2026, 9, 25, 14, 4, 59] ;;; build;    --> Deleting split version gstools-fabric-1.21.11.jar...
[2026, 9, 25, 14, 4, 59] ;;; build;    > Build Complete.
[2026, 9, 25, 14, 4, 59] ;;; build; Compiling datapack boss_progression into mod...
[2026, 9, 25, 14, 4, 59] ;;; build;    > Detecting split versions...
[2026, 9, 25, 14, 4, 59] ;;; build;    --> Nothing to delete after.
[2026, 9, 25, 14, 4, 59] ;;; build;    > Beginning build block...
[2026, 9, 25, 14, 4, 59] ;;; build;    > Renaming zip files to jar files...
[2026, 9, 25, 14, 4, 59] ;;; build;    > Resetting to cached game versions config...
[2026, 9, 25, 14, 4, 59] ;;; build;    > Build Complete.
[2026, 9, 25, 14, 4, 59] ;;; build; Compiling datapack desire_paths into mod...
[2026, 9, 25, 14, 4, 59] ;;; build;    > Detecting split versions...
[2026, 9, 25, 14, 4, 59] ;;; build;    --> Nothing to delete after.
[2026, 9, 25, 14, 4, 59] ;;; build;    > Beginning build block...
[2026, 9, 25, 14, 4, 59] ;;; build;    > Compiling for fabric-1.21.8...
[2026, 9, 25, 14, 4, 59] ;;; build;    --> Cleaning temp directory...
[2026, 9, 25, 14, 5, 36] ;;; build;    --> Unpacking base jar file...
[2026, 9, 25, 14, 5, 36] ;;; build;    --> Copying compiled mcfunction assets...
[2026, 9, 25, 14, 5, 37] ;;; build;    --> Injecting logo...
[2026, 9, 25, 14, 5, 37] ;;; build;    --> Injecting config defaults...
[2026, 9, 25, 14, 5, 37] ;;; build;    --> Handling loader specifications...
[2026, 9, 25, 14, 5, 37] ;;; build;      ---> Init Fabric...
[2026, 9, 25, 14, 5, 37] ;;; build;    --> Removing gstools jar files from non-gstools mod...
[2026, 9, 25, 14, 5, 37] ;;; build;    --> Injecting block tags...
[2026, 9, 25, 14, 5, 37] ;;; build;    --> Duplicating function folder for backported versions...
[2026, 9, 25, 14, 5, 37] ;;; build;    --> Packing into jar file...
[2026, 9, 25, 14, 5, 38] ;;; build;    --> Cleaning Up...
[2026, 9, 25, 14, 5, 39] ;;; build;    --> Done.
[2026, 9, 25, 14, 5, 39] ;;; build;    > Compiling for fabric-1.21.9...
[2026, 9, 25, 14, 5, 39] ;;; build;    --> Cleaning temp directory...
[2026, 9, 25, 14, 5, 39] ;;; build;    --> Unpacking base jar file...
[2026, 9, 25, 14, 5, 39] ;;; build;    --> Copying compiled mcfunction assets...
[2026, 9, 25, 14, 5, 39] ;;; build;    --> Injecting logo...
[2026, 9, 25, 14, 5, 39] ;;; build;    --> Injecting config defaults...
[2026, 9, 25, 14, 5, 39] ;;; build;    --> Handling loader specifications...
[2026, 9, 25, 14, 5, 39] ;;; build;      ---> Init Fabric...
[2026, 9, 25, 14, 5, 39] ;;; build;    --> Removing gstools jar files from non-gstools mod...
[2026, 9, 25, 14, 5, 39] ;;; build;    --> Injecting block tags...
[2026, 9, 25, 14, 5, 40] ;;; build;    --> Duplicating function folder for backported versions...
[2026, 9, 25, 14, 5, 40] ;;; build;    --> Packing into jar file...
[2026, 9, 25, 14, 5, 41] ;;; build;    --> Cleaning Up...
[2026, 9, 25, 14, 5, 41] ;;; build;    --> Done.
[2026, 9, 25, 14, 5, 41] ;;; build;    > Compiling for fabric-26.1...
[2026, 9, 25, 14, 5, 41] ;;; build;    --> Cleaning temp directory...
[2026, 9, 25, 14, 5, 42] ;;; build;    --> Unpacking base jar file...
[2026, 9, 25, 14, 5, 42] ;;; build;    --> Copying compiled mcfunction assets...
[2026, 9, 25, 14, 5, 42] ;;; build;    --> Injecting logo...
[2026, 9, 25, 14, 5, 42] ;;; build;    --> Injecting config defaults...
[2026, 9, 25, 14, 5, 42] ;;; build;    --> Handling loader specifications...
[2026, 9, 25, 14, 5, 42] ;;; build;      ---> Init Fabric...
[2026, 9, 25, 14, 5, 42] ;;; build;    --> Removing gstools jar files from non-gstools mod...
[2026, 9, 25, 14, 5, 42] ;;; build;    --> Injecting block tags...
[2026, 9, 25, 14, 5, 42] ;;; build;    --> Duplicating function folder for backported versions...
[2026, 9, 25, 14, 5, 42] ;;; build;    --> Packing into jar file...
[2026, 9, 25, 14, 5, 43] ;;; build;    --> Cleaning Up...
[2026, 9, 25, 14, 5, 44] ;;; build;    --> Done.
[2026, 9, 25, 14, 5, 44] ;;; build;    > Compiling for fabric-26.2...
[2026, 9, 25, 14, 5, 44] ;;; build;    --> Cleaning temp directory...
[2026, 9, 25, 14, 5, 45] ;;; build;    --> Unpacking base jar file...
[2026, 9, 25, 14, 5, 45] ;;; build;    --> Copying compiled mcfunction assets...
[2026, 9, 25, 14, 5, 45] ;;; build;    --> Injecting logo...
[2026, 9, 25, 14, 5, 45] ;;; build;    --> Injecting config defaults...
[2026, 9, 25, 14, 5, 45] ;;; build;    --> Handling loader specifications...
[2026, 9, 25, 14, 5, 45] ;;; build;      ---> Init Fabric...
[2026, 9, 25, 14, 5, 45] ;;; build;    --> Removing gstools jar files from non-gstools mod...
[2026, 9, 25, 14, 5, 45] ;;; build;    --> Injecting block tags...
[2026, 9, 25, 14, 5, 45] ;;; build;    --> Duplicating function folder for backported versions...
[2026, 9, 25, 14, 5, 45] ;;; build;    --> Packing into jar file...
[2026, 9, 25, 14, 5, 46] ;;; build;    --> Cleaning Up...
[2026, 9, 25, 14, 5, 47] ;;; build;    --> Done.
[2026, 9, 25, 14, 5, 47] ;;; build;    > Compiling for fabric-26.3...
[2026, 9, 25, 14, 5, 47] ;;; build;    --> Cleaning temp directory...
[2026, 9, 25, 14, 5, 47] ;;; build;    --> Unpacking base jar file...
[2026, 9, 25, 14, 5, 47] ;;; build;    --> Copying compiled mcfunction assets...
[2026, 9, 25, 14, 5, 47] ;;; build;    --> Injecting logo...
[2026, 9, 25, 14, 5, 47] ;;; build;    --> Injecting config defaults...
[2026, 9, 25, 14, 5, 47] ;;; build;    --> Handling loader specifications...
[2026, 9, 25, 14, 5, 47] ;;; build;      ---> Init Fabric...
[2026, 9, 25, 14, 5, 47] ;;; build;    --> Removing gstools jar files from non-gstools mod...
[2026, 9, 25, 14, 5, 47] ;;; build;    --> Injecting block tags...
[2026, 9, 25, 14, 5, 48] ;;; build;    --> Duplicating function folder for backported versions...
[2026, 9, 25, 14, 5, 48] ;;; build;    --> Packing into jar file...
[2026, 9, 25, 14, 5, 48] ;;; build;    --> Cleaning Up...
[2026, 9, 25, 14, 5, 48] ;;; build;    --> Done.
[2026, 9, 25, 14, 5, 48] ;;; build;    > Compiling for forge-1.19.4...
[2026, 9, 25, 14, 5, 48] ;;; build;    --> Cleaning temp directory...
[2026, 9, 25, 14, 5, 49] ;;; build;    --> Unpacking base jar file...
[2026, 9, 25, 14, 5, 49] ;;; build;    --> Copying compiled mcfunction assets...
[2026, 9, 25, 14, 5, 49] ;;; build;    --> Injecting logo...
[2026, 9, 25, 14, 5, 49] ;;; build;    --> Injecting config defaults...
[2026, 9, 25, 14, 5, 49] ;;; build;    --> Handling loader specifications...
[2026, 9, 25, 14, 5, 49] ;;; build;      ---> Init Forge...
[2026, 9, 25, 14, 5, 49] ;;; build;    --> Removing gstools jar files from non-gstools mod...
[2026, 9, 25, 14, 5, 49] ;;; build;    --> Base Mod Compile Requirment Detected! Compiling...
[2026, 9, 25, 14, 5, 49] ;;; build;      ---> Cleaning prior...
[2026, 9, 25, 14, 5, 49] ;;; build;      ---> Cloning basemod...
[2026, 9, 25, 14, 5, 49] ;;; build;      ---> Batch remaning...
[2026, 9, 25, 14, 5, 49] ;;; build;      ---> Running gradle...
[2026, 9, 25, 14, 5, 55] ;;; build;      ---> Unpacking generated jar file...
[2026, 9, 25, 14, 5, 55] ;;; build;      ---> Injecting generated assets into temp dir...
[2026, 9, 25, 14, 5, 55] ;;; build;    --> Injecting block tags...
[2026, 9, 25, 14, 5, 55] ;;; build;    --> Duplicating function folder for backported versions...
[2026, 9, 25, 14, 5, 55] ;;; build;    --> Packing into jar file...
[2026, 9, 25, 14, 5, 56] ;;; build;    --> Cleaning Up...
[2026, 9, 25, 14, 5, 57] ;;; build;    --> Done.
[2026, 9, 25, 14, 5, 57] ;;; build;    > Compiling for forge-1.20.1...
[2026, 9, 25, 14, 5, 57] ;;; build;    --> Cleaning temp directory...
[2026, 9, 25, 14, 5, 57] ;;; build;    --> Unpacking base jar file...
[2026, 9, 25, 14, 5, 57] ;;; build;    --> Copying compiled mcfunction assets...
[2026, 9, 25, 14, 5, 57] ;;; build;    --> Injecting logo...
[2026, 9, 25, 14, 5, 57] ;;; build;    --> Injecting config defaults...
[2026, 9, 25, 14, 5, 57] ;;; build;    --> Handling loader specifications...
[2026, 9, 25, 14, 5, 57] ;;; build;      ---> Init Forge...
[2026, 9, 25, 14, 5, 57] ;;; build;    --> Removing gstools jar files from non-gstools mod...
[2026, 9, 25, 14, 5, 58] ;;; build;    --> Base Mod Compile Requirment Detected! Compiling...
[2026, 9, 25, 14, 5, 58] ;;; build;      ---> Cleaning prior...
[2026, 9, 25, 14, 5, 58] ;;; build;      ---> Cloning basemod...
[2026, 9, 25, 14, 5, 58] ;;; build;      ---> Batch remaning...
[2026, 9, 25, 14, 5, 58] ;;; build;      ---> Running gradle...
[2026, 9, 25, 14, 6, 3] ;;; build;      ---> Unpacking generated jar file...
[2026, 9, 25, 14, 6, 3] ;;; build;      ---> Injecting generated assets into temp dir...
[2026, 9, 25, 14, 6, 3] ;;; build;    --> Injecting block tags...
[2026, 9, 25, 14, 6, 3] ;;; build;    --> Duplicating function folder for backported versions...
[2026, 9, 25, 14, 6, 3] ;;; build;    --> Packing into jar file...
[2026, 9, 25, 14, 6, 4] ;;; build;    --> Cleaning Up...
[2026, 9, 25, 14, 6, 5] ;;; build;    --> Done.
[2026, 9, 25, 14, 6, 5] ;;; build;    > Compiling for neoforge-1.20.4...
[2026, 9, 25, 14, 6, 5] ;;; build;    --> Cleaning temp directory...
[2026, 9, 25, 14, 6, 6] ;;; build;    --> Unpacking base jar file...
[2026, 9, 25, 14, 6, 6] ;;; build;    --> Copying compiled mcfunction assets...
[2026, 9, 25, 14, 6, 6] ;;; build;    --> Injecting logo...
[2026, 9, 25, 14, 6, 6] ;;; build;    --> Injecting config defaults...
[2026, 9, 25, 14, 6, 6] ;;; build;    --> Handling loader specifications...
[2026, 9, 25, 14, 6, 6] ;;; build;      ---> Init Neoforge...
[2026, 9, 25, 14, 6, 6] ;;; build;    --> Removing gstools jar files from non-gstools mod...
[2026, 9, 25, 14, 6, 6] ;;; build;    --> Base Mod Compile Requirment Detected! Compiling...
[2026, 9, 25, 14, 6, 6] ;;; build;      ---> Cleaning prior...
[2026, 9, 25, 14, 6, 6] ;;; build;      ---> Cloning basemod...
[2026, 9, 25, 14, 6, 6] ;;; build;      ---> Batch remaning...
[2026, 9, 25, 14, 6, 6] ;;; build;      ---> Running gradle...
[2026, 9, 25, 14, 6, 10] ;;; build;      ---> Unpacking generated jar file...
[2026, 9, 25, 14, 6, 10] ;;; build;      ---> Injecting generated assets into temp dir...
[2026, 9, 25, 14, 6, 10] ;;; build;    --> Injecting block tags...
[2026, 9, 25, 14, 6, 10] ;;; build;    --> Duplicating function folder for backported versions...
[2026, 9, 25, 14, 6, 10] ;;; build;    --> Packing into jar file...
[2026, 9, 25, 14, 6, 11] ;;; build;    --> Cleaning Up...
[2026, 9, 25, 14, 6, 12] ;;; build;    --> Done.
[2026, 9, 25, 14, 6, 12] ;;; build;    > Compiling for neoforge-1.20.6...
[2026, 9, 25, 14, 6, 12] ;;; build;    --> Cleaning temp directory...
[2026, 9, 25, 14, 6, 12] ;;; build;    --> Unpacking base jar file...
[2026, 9, 25, 14, 6, 12] ;;; build;    --> Copying compiled mcfunction assets...
[2026, 9, 25, 14, 6, 12] ;;; build;    --> Injecting logo...
[2026, 9, 25, 14, 6, 12] ;;; build;    --> Injecting config defaults...
[2026, 9, 25, 14, 6, 12] ;;; build;    --> Handling loader specifications...
[2026, 9, 25, 14, 6, 12] ;;; build;      ---> Init Neoforge...
[2026, 9, 25, 14, 6, 12] ;;; build;      ---> Weather2 Compat Requirment Detected.
[2026, 9, 25, 14, 6, 12] ;;; build;    --> Removing gstools jar files from non-gstools mod...
[2026, 9, 25, 14, 6, 13] ;;; build;    --> Injecting block tags...
[2026, 9, 25, 14, 6, 13] ;;; build;    --> Duplicating function folder for backported versions...
[2026, 9, 25, 14, 6, 13] ;;; build;    --> Packing into jar file...
[2026, 9, 25, 14, 6, 13] ;;; build;    --> Cleaning Up...
[2026, 9, 25, 14, 6, 14] ;;; build;    --> Done.
[2026, 9, 25, 14, 6, 14] ;;; build;    > Compiling for neoforge-1.21.1...
[2026, 9, 25, 14, 6, 14] ;;; build;    --> Cleaning temp directory...
[2026, 9, 25, 14, 6, 15] ;;; build;    --> Unpacking base jar file...
[2026, 9, 25, 14, 6, 15] ;;; build;    --> Copying compiled mcfunction assets...
[2026, 9, 25, 14, 6, 15] ;;; build;    --> Injecting logo...
[2026, 9, 25, 14, 6, 15] ;;; build;    --> Injecting config defaults...
[2026, 9, 25, 14, 6, 15] ;;; build;    --> Handling loader specifications...
[2026, 9, 25, 14, 6, 15] ;;; build;      ---> Init Neoforge...
[2026, 9, 25, 14, 6, 15] ;;; build;      ---> Weather2 Compat Requirment Detected.
[2026, 9, 25, 14, 6, 15] ;;; build;    --> Removing gstools jar files from non-gstools mod...
[2026, 9, 25, 14, 6, 15] ;;; build;    --> Injecting block tags...
[2026, 9, 25, 14, 6, 15] ;;; build;    --> Duplicating function folder for backported versions...
[2026, 9, 25, 14, 6, 15] ;;; build;    --> Packing into jar file...
[2026, 9, 25, 14, 6, 16] ;;; build;    --> Cleaning Up...
[2026, 9, 25, 14, 6, 17] ;;; build;    --> Done.
[2026, 9, 25, 14, 6, 17] ;;; build;    > Compiling for neoforge-1.21.2...
[2026, 9, 25, 14, 6, 17] ;;; build;    --> Cleaning temp directory...
[2026, 9, 25, 14, 6, 17] ;;; build;    --> Unpacking base jar file...
[2026, 9, 25, 14, 6, 17] ;;; build;    --> Copying compiled mcfunction assets...
[2026, 9, 25, 14, 6, 18] ;;; build;    --> Injecting logo...
[2026, 9, 25, 14, 6, 18] ;;; build;    --> Injecting config defaults...
[2026, 9, 25, 14, 6, 18] ;;; build;    --> Handling loader specifications...
[2026, 9, 25, 14, 6, 18] ;;; build;      ---> Init Neoforge...
[2026, 9, 25, 14, 6, 18] ;;; build;    --> Removing gstools jar files from non-gstools mod...
[2026, 9, 25, 14, 6, 18] ;;; build;    --> Injecting block tags...
[2026, 9, 25, 14, 6, 18] ;;; build;    --> Duplicating function folder for backported versions...
[2026, 9, 25, 14, 6, 18] ;;; build;    --> Packing into jar file...
[2026, 9, 25, 14, 6, 18] ;;; build;    --> Cleaning Up...
[2026, 9, 25, 14, 6, 19] ;;; build;    --> Done.
[2026, 9, 25, 14, 6, 19] ;;; build;    > Compiling for neoforge-1.21.4...
[2026, 9, 25, 14, 6, 19] ;;; build;    --> Cleaning temp directory...
[2026, 9, 25, 14, 6, 19] ;;; build;    --> Unpacking base jar file...
[2026, 9, 25, 14, 6, 20] ;;; build;    --> Copying compiled mcfunction assets...
[2026, 9, 25, 14, 6, 20] ;;; build;    --> Injecting logo...
[2026, 9, 25, 14, 6, 20] ;;; build;    --> Injecting config defaults...
[2026, 9, 25, 14, 6, 20] ;;; build;    --> Handling loader specifications...
[2026, 9, 25, 14, 6, 20] ;;; build;      ---> Init Neoforge...
[2026, 9, 25, 14, 6, 20] ;;; build;    --> Removing gstools jar files from non-gstools mod...
[2026, 9, 25, 14, 6, 20] ;;; build;    --> Injecting block tags...
[2026, 9, 25, 14, 6, 20] ;;; build;    --> Duplicating function folder for backported versions...
[2026, 9, 25, 14, 6, 20] ;;; build;    --> Packing into jar file...
[2026, 9, 25, 14, 6, 21] ;;; build;    --> Cleaning Up...
[2026, 9, 25, 14, 6, 21] ;;; build;    --> Done.
[2026, 9, 25, 14, 6, 21] ;;; build;    > Compiling for neoforge-1.21.5...
[2026, 9, 25, 14, 6, 21] ;;; build;    --> Cleaning temp directory...
[2026, 9, 25, 14, 6, 22] ;;; build;    --> Unpacking base jar file...
[2026, 9, 25, 14, 6, 22] ;;; build;    --> Copying compiled mcfunction assets...
[2026, 9, 25, 14, 6, 22] ;;; build;    --> Injecting logo...
[2026, 9, 25, 14, 6, 22] ;;; build;    --> Injecting config defaults...
[2026, 9, 25, 14, 6, 22] ;;; build;    --> Handling loader specifications...
[2026, 9, 25, 14, 6, 22] ;;; build;      ---> Init Neoforge...
[2026, 9, 25, 14, 6, 22] ;;; build;    --> Removing gstools jar files from non-gstools mod...
[2026, 9, 25, 14, 6, 22] ;;; build;    --> Injecting block tags...
[2026, 9, 25, 14, 6, 22] ;;; build;    --> Duplicating function folder for backported versions...
[2026, 9, 25, 14, 6, 22] ;;; build;    --> Packing into jar file...
[2026, 9, 25, 14, 6, 23] ;;; build;    --> Cleaning Up...
[2026, 9, 25, 14, 6, 24] ;;; build;    --> Done.
[2026, 9, 25, 14, 6, 24] ;;; build;    > Compiling for neoforge-1.21.8...
[2026, 9, 25, 14, 6, 24] ;;; build;    --> Cleaning temp directory...
[2026, 9, 25, 14, 6, 24] ;;; build;    --> Unpacking base jar file...
[2026, 9, 25, 14, 6, 24] ;;; build;    --> Copying compiled mcfunction assets...
[2026, 9, 25, 14, 6, 24] ;;; build;    --> Injecting logo...
[2026, 9, 25, 14, 6, 24] ;;; build;    --> Injecting config defaults...
[2026, 9, 25, 14, 6, 24] ;;; build;    --> Handling loader specifications...
[2026, 9, 25, 14, 6, 24] ;;; build;      ---> Init Neoforge...
[2026, 9, 25, 14, 6, 24] ;;; build;    --> Removing gstools jar files from non-gstools mod...
[2026, 9, 25, 14, 6, 24] ;;; build;    --> Injecting block tags...
[2026, 9, 25, 14, 6, 24] ;;; build;    --> Duplicating function folder for backported versions...
[2026, 9, 25, 14, 6, 24] ;;; build;    --> Packing into jar file...
[2026, 9, 25, 14, 6, 25] ;;; build;    --> Cleaning Up...
[2026, 9, 25, 14, 6, 26] ;;; build;    --> Done.
[2026, 9, 25, 14, 6, 26] ;;; build;    > Compiling for neoforge-26.1...
[2026, 9, 25, 14, 6, 26] ;;; build;    --> Cleaning temp directory...
[2026, 9, 25, 14, 6, 27] ;;; build;    --> Unpacking base jar file...
[2026, 9, 25, 14, 6, 27] ;;; build;    --> Copying compiled mcfunction assets...
[2026, 9, 25, 14, 6, 27] ;;; build;    --> Injecting logo...
[2026, 9, 25, 14, 6, 27] ;;; build;    --> Injecting config defaults...
[2026, 9, 25, 14, 6, 27] ;;; build;    --> Handling loader specifications...
[2026, 9, 25, 14, 6, 27] ;;; build;      ---> Init Neoforge...
[2026, 9, 25, 14, 6, 27] ;;; build;    --> Removing gstools jar files from non-gstools mod...
[2026, 9, 25, 14, 6, 27] ;;; build;    --> Injecting block tags...
[2026, 9, 25, 14, 6, 27] ;;; build;    --> Duplicating function folder for backported versions...
[2026, 9, 25, 14, 6, 27] ;;; build;    --> Packing into jar file...
[2026, 9, 25, 14, 6, 28] ;;; build;    --> Cleaning Up...
[2026, 9, 25, 14, 6, 28] ;;; build;    --> Done.
[2026, 9, 25, 14, 6, 28] ;;; build;    > Compiling for neoforge-26.2...
[2026, 9, 25, 14, 6, 28] ;;; build;    --> Cleaning temp directory...
[2026, 9, 25, 14, 6, 29] ;;; build;    --> Unpacking base jar file...
[2026, 9, 25, 14, 6, 29] ;;; build;    --> Copying compiled mcfunction assets...
[2026, 9, 25, 14, 6, 29] ;;; build;    --> Injecting logo...
[2026, 9, 25, 14, 6, 29] ;;; build;    --> Injecting config defaults...
[2026, 9, 25, 14, 6, 29] ;;; build;    --> Handling loader specifications...
[2026, 9, 25, 14, 6, 29] ;;; build;      ---> Init Neoforge...
[2026, 9, 25, 14, 6, 29] ;;; build;    --> Removing gstools jar files from non-gstools mod...
[2026, 9, 25, 14, 6, 29] ;;; build;    --> Injecting block tags...
[2026, 9, 25, 14, 6, 29] ;;; build;    --> Duplicating function folder for backported versions...
[2026, 9, 25, 14, 6, 29] ;;; build;    --> Packing into jar file...
[2026, 9, 25, 14, 6, 29] ;;; build;    --> Cleaning Up...
[2026, 9, 25, 14, 6, 30] ;;; build;    --> Done.
[2026, 9, 25, 14, 6, 30] ;;; build;    > Compiling for neoforge-26.3...
[2026, 9, 25, 14, 6, 30] ;;; build;    --> Cleaning temp directory...
[2026, 9, 25, 14, 6, 31] ;;; build;    --> Unpacking base jar file...
[2026, 9, 25, 14, 6, 31] ;;; build;    --> Copying compiled mcfunction assets...
[2026, 9, 25, 14, 6, 31] ;;; build;    --> Injecting logo...
[2026, 9, 25, 14, 6, 31] ;;; build;    --> Injecting config defaults...
[2026, 9, 25, 14, 6, 31] ;;; build;    --> Handling loader specifications...
[2026, 9, 25, 14, 6, 31] ;;; build;      ---> Init Neoforge...
[2026, 9, 25, 14, 6, 31] ;;; build;    --> Removing gstools jar files from non-gstools mod...
[2026, 9, 25, 14, 6, 31] ;;; build;    --> Injecting block tags...
[2026, 9, 25, 14, 6, 31] ;;; build;    --> Duplicating function folder for backported versions...
[2026, 9, 25, 14, 6, 31] ;;; build;    --> Packing into jar file...
[2026, 9, 25, 14, 6, 31] ;;; build;    --> Cleaning Up...
[2026, 9, 25, 14, 6, 32] ;;; build;    --> Done.
[2026, 9, 25, 14, 6, 32] ;;; build;    > Renaming zip files to jar files...
[2026, 9, 25, 14, 6, 32] ;;; build;    > Resetting to cached game versions config...
[2026, 9, 25, 14, 6, 32] ;;; build;    > Build Complete.
[2026, 9, 25, 14, 6, 32] ;;; build; Compiling datapack dynamic_dirt into mod...
[2026, 9, 25, 14, 6, 32] ;;; build;    > Detecting split versions...
[2026, 9, 25, 14, 6, 32] ;;; build;    --> Nothing to delete after.
[2026, 9, 25, 14, 6, 32] ;;; build;    > Beginning build block...
[2026, 9, 25, 14, 6, 32] ;;; build;    > Compiling for fabric-1.21.8...
[2026, 9, 25, 14, 6, 32] ;;; build;    --> Cleaning temp directory...
[2026, 9, 25, 14, 6, 33] ;;; build;    --> Unpacking base jar file...
[2026, 9, 25, 14, 6, 34] ;;; build;    --> Copying compiled mcfunction assets...
[2026, 9, 25, 14, 6, 35] ;;; build;    --> Injecting logo...
[2026, 9, 25, 14, 6, 35] ;;; build;    --> Injecting config defaults...
[2026, 9, 25, 14, 6, 35] ;;; build;    --> Handling loader specifications...
[2026, 9, 25, 14, 6, 35] ;;; build;      ---> Init Fabric...
[2026, 9, 25, 14, 6, 35] ;;; build;    --> Injecting assets...
[2026, 9, 25, 14, 6, 35] ;;; build;    --> Removing gstools jar files from non-gstools mod...
[2026, 9, 25, 14, 6, 35] ;;; build;    --> Injecting block tags...
[2026, 9, 25, 14, 6, 35] ;;; build;    --> Duplicating function folder for backported versions...
[2026, 9, 25, 14, 6, 35] ;;; build;    --> Packing into jar file...
[2026, 9, 25, 14, 6, 36] ;;; build;    --> Cleaning Up...
[2026, 9, 25, 14, 6, 37] ;;; build;    --> Done.
[2026, 9, 25, 14, 6, 37] ;;; build;    > Compiling for fabric-1.21.9...
[2026, 9, 25, 14, 6, 37] ;;; build;    --> Cleaning temp directory...
[2026, 9, 25, 14, 6, 38] ;;; build;    --> Unpacking base jar file...
[2026, 9, 25, 14, 6, 38] ;;; build;    --> Copying compiled mcfunction assets...
[2026, 9, 25, 14, 6, 38] ;;; build;    --> Injecting logo...
[2026, 9, 25, 14, 6, 38] ;;; build;    --> Injecting config defaults...
[2026, 9, 25, 14, 6, 38] ;;; build;    --> Handling loader specifications...
[2026, 9, 25, 14, 6, 38] ;;; build;      ---> Init Fabric...
[2026, 9, 25, 14, 6, 38] ;;; build;    --> Injecting assets...
[2026, 9, 25, 14, 6, 38] ;;; build;    --> Removing gstools jar files from non-gstools mod...
[2026, 9, 25, 14, 6, 39] ;;; build;    --> Injecting block tags...
[2026, 9, 25, 14, 6, 39] ;;; build;    --> Duplicating function folder for backported versions...
[2026, 9, 25, 14, 6, 39] ;;; build;    --> Packing into jar file...
[2026, 9, 25, 14, 6, 39] ;;; build;    --> Cleaning Up...
[2026, 9, 25, 14, 6, 40] ;;; build;    --> Done.
[2026, 9, 25, 14, 6, 40] ;;; build;    > Compiling for fabric-26.1...
[2026, 9, 25, 14, 6, 40] ;;; build;    --> Cleaning temp directory...
[2026, 9, 25, 14, 6, 41] ;;; build;    --> Unpacking base jar file...
[2026, 9, 25, 14, 6, 41] ;;; build;    --> Copying compiled mcfunction assets...
[2026, 9, 25, 14, 6, 41] ;;; build;    --> Injecting logo...
[2026, 9, 25, 14, 6, 41] ;;; build;    --> Injecting config defaults...
[2026, 9, 25, 14, 6, 41] ;;; build;    --> Handling loader specifications...
[2026, 9, 25, 14, 6, 41] ;;; build;      ---> Init Fabric...
[2026, 9, 25, 14, 6, 41] ;;; build;    --> Injecting assets...
[2026, 9, 25, 14, 6, 41] ;;; build;    --> Removing gstools jar files from non-gstools mod...
[2026, 9, 25, 14, 6, 41] ;;; build;    --> Injecting block tags...
[2026, 9, 25, 14, 6, 41] ;;; build;    --> Duplicating function folder for backported versions...
[2026, 9, 25, 14, 6, 41] ;;; build;    --> Packing into jar file...
[2026, 9, 25, 14, 6, 42] ;;; build;    --> Cleaning Up...
[2026, 9, 25, 14, 6, 43] ;;; build;    --> Done.
[2026, 9, 25, 14, 6, 43] ;;; build;    > Compiling for fabric-26.2...
[2026, 9, 25, 14, 6, 43] ;;; build;    --> Cleaning temp directory...
[2026, 9, 25, 14, 6, 43] ;;; build;    --> Unpacking base jar file...
[2026, 9, 25, 14, 6, 43] ;;; build;    --> Copying compiled mcfunction assets...
[2026, 9, 25, 14, 6, 44] ;;; build;    --> Injecting logo...
[2026, 9, 25, 14, 6, 44] ;;; build;    --> Injecting config defaults...
[2026, 9, 25, 14, 6, 44] ;;; build;    --> Handling loader specifications...
[2026, 9, 25, 14, 6, 44] ;;; build;      ---> Init Fabric...
[2026, 9, 25, 14, 6, 44] ;;; build;    --> Injecting assets...
[2026, 9, 25, 14, 6, 44] ;;; build;    --> Removing gstools jar files from non-gstools mod...
[2026, 9, 25, 14, 6, 44] ;;; build;    --> Injecting block tags...
[2026, 9, 25, 14, 6, 44] ;;; build;    --> Duplicating function folder for backported versions...
[2026, 9, 25, 14, 6, 44] ;;; build;    --> Packing into jar file...
[2026, 9, 25, 14, 6, 45] ;;; build;    --> Cleaning Up...
[2026, 9, 25, 14, 6, 46] ;;; build;    --> Done.
[2026, 9, 25, 14, 6, 46] ;;; build;    > Compiling for fabric-26.3...
[2026, 9, 25, 14, 6, 46] ;;; build;    --> Cleaning temp directory...
[2026, 9, 25, 14, 6, 46] ;;; build;    --> Unpacking base jar file...
[2026, 9, 25, 14, 6, 46] ;;; build;    --> Copying compiled mcfunction assets...
[2026, 9, 25, 14, 6, 47] ;;; build;    --> Injecting logo...
[2026, 9, 25, 14, 6, 47] ;;; build;    --> Injecting config defaults...
[2026, 9, 25, 14, 6, 47] ;;; build;    --> Handling loader specifications...
[2026, 9, 25, 14, 6, 47] ;;; build;      ---> Init Fabric...
[2026, 9, 25, 14, 6, 47] ;;; build;    --> Injecting assets...
[2026, 9, 25, 14, 6, 47] ;;; build;    --> Removing gstools jar files from non-gstools mod...
[2026, 9, 25, 14, 6, 47] ;;; build;    --> Injecting block tags...
[2026, 9, 25, 14, 6, 47] ;;; build;    --> Duplicating function folder for backported versions...
[2026, 9, 25, 14, 6, 47] ;;; build;    --> Packing into jar file...
[2026, 9, 25, 14, 6, 47] ;;; build;    --> Cleaning Up...
[2026, 9, 25, 14, 6, 48] ;;; build;    --> Done.
[2026, 9, 25, 14, 6, 48] ;;; build;    > Compiling for forge-1.19.4...
[2026, 9, 25, 14, 6, 48] ;;; build;    --> Cleaning temp directory...
[2026, 9, 25, 14, 6, 49] ;;; build;    --> Unpacking base jar file...
[2026, 9, 25, 14, 6, 49] ;;; build;    --> Copying compiled mcfunction assets...
[2026, 9, 25, 14, 6, 49] ;;; build;    --> Injecting logo...
[2026, 9, 25, 14, 6, 49] ;;; build;    --> Injecting config defaults...
[2026, 9, 25, 14, 6, 49] ;;; build;    --> Handling loader specifications...
[2026, 9, 25, 14, 6, 49] ;;; build;      ---> Init Forge...
[2026, 9, 25, 14, 6, 49] ;;; build;    --> Injecting assets...
[2026, 9, 25, 14, 6, 49] ;;; build;    --> Removing gstools jar files from non-gstools mod...
[2026, 9, 25, 14, 6, 49] ;;; build;    --> Base Mod Compile Requirment Detected! Compiling...
[2026, 9, 25, 14, 6, 49] ;;; build;      ---> Cleaning prior...
[2026, 9, 25, 14, 6, 49] ;;; build;      ---> Cloning basemod...
[2026, 9, 25, 14, 6, 50] ;;; build;      ---> Batch remaning...
[2026, 9, 25, 14, 6, 50] ;;; build;      ---> Running gradle...
[2026, 9, 25, 14, 6, 55] ;;; build;      ---> Unpacking generated jar file...
[2026, 9, 25, 14, 6, 55] ;;; build;      ---> Injecting generated assets into temp dir...
[2026, 9, 25, 14, 6, 55] ;;; build;    --> Injecting block tags...
[2026, 9, 25, 14, 6, 55] ;;; build;    --> Duplicating function folder for backported versions...
[2026, 9, 25, 14, 6, 55] ;;; build;    --> Packing into jar file...
[2026, 9, 25, 14, 6, 55] ;;; build;    --> Cleaning Up...
[2026, 9, 25, 14, 6, 56] ;;; build;    --> Done.
[2026, 9, 25, 14, 6, 56] ;;; build;    > Compiling for forge-1.20.1...
[2026, 9, 25, 14, 6, 56] ;;; build;    --> Cleaning temp directory...
[2026, 9, 25, 14, 6, 56] ;;; build;    --> Unpacking base jar file...
[2026, 9, 25, 14, 6, 57] ;;; build;    --> Copying compiled mcfunction assets...
[2026, 9, 25, 14, 6, 57] ;;; build;    --> Injecting logo...
[2026, 9, 25, 14, 6, 57] ;;; build;    --> Injecting config defaults...
[2026, 9, 25, 14, 6, 57] ;;; build;    --> Handling loader specifications...
[2026, 9, 25, 14, 6, 57] ;;; build;      ---> Init Forge...
[2026, 9, 25, 14, 6, 57] ;;; build;    --> Injecting assets...
[2026, 9, 25, 14, 6, 57] ;;; build;    --> Removing gstools jar files from non-gstools mod...
[2026, 9, 25, 14, 6, 57] ;;; build;    --> Base Mod Compile Requirment Detected! Compiling...
[2026, 9, 25, 14, 6, 57] ;;; build;      ---> Cleaning prior...
[2026, 9, 25, 14, 6, 57] ;;; build;      ---> Cloning basemod...
[2026, 9, 25, 14, 6, 57] ;;; build;      ---> Batch remaning...
[2026, 9, 25, 14, 6, 57] ;;; build;      ---> Running gradle...
[2026, 9, 25, 14, 7, 3] ;;; build;      ---> Unpacking generated jar file...
[2026, 9, 25, 14, 7, 3] ;;; build;      ---> Injecting generated assets into temp dir...
[2026, 9, 25, 14, 7, 3] ;;; build;    --> Injecting block tags...
[2026, 9, 25, 14, 7, 3] ;;; build;    --> Duplicating function folder for backported versions...
[2026, 9, 25, 14, 7, 3] ;;; build;    --> Packing into jar file...
[2026, 9, 25, 14, 7, 3] ;;; build;    --> Cleaning Up...
[2026, 9, 25, 14, 7, 4] ;;; build;    --> Done.
[2026, 9, 25, 14, 7, 4] ;;; build;    > Compiling for neoforge-1.20.4...
[2026, 9, 25, 14, 7, 4] ;;; build;    --> Cleaning temp directory...
[2026, 9, 25, 14, 7, 5] ;;; build;    --> Unpacking base jar file...
[2026, 9, 25, 14, 7, 5] ;;; build;    --> Copying compiled mcfunction assets...
[2026, 9, 25, 14, 7, 5] ;;; build;    --> Injecting logo...
[2026, 9, 25, 14, 7, 6] ;;; build;    --> Injecting config defaults...
[2026, 9, 25, 14, 7, 6] ;;; build;    --> Handling loader specifications...
[2026, 9, 25, 14, 7, 6] ;;; build;      ---> Init Neoforge...
[2026, 9, 25, 14, 7, 6] ;;; build;    --> Injecting assets...
[2026, 9, 25, 14, 7, 6] ;;; build;    --> Removing gstools jar files from non-gstools mod...
[2026, 9, 25, 14, 7, 6] ;;; build;    --> Base Mod Compile Requirment Detected! Compiling...
[2026, 9, 25, 14, 7, 6] ;;; build;      ---> Cleaning prior...
[2026, 9, 25, 14, 7, 6] ;;; build;      ---> Cloning basemod...
[2026, 9, 25, 14, 7, 6] ;;; build;      ---> Batch remaning...
[2026, 9, 25, 14, 7, 6] ;;; build;      ---> Running gradle...
[2026, 9, 25, 14, 7, 9] ;;; build;      ---> Unpacking generated jar file...
[2026, 9, 25, 14, 7, 9] ;;; build;      ---> Injecting generated assets into temp dir...
[2026, 9, 25, 14, 7, 9] ;;; build;    --> Injecting block tags...
[2026, 9, 25, 14, 7, 9] ;;; build;    --> Duplicating function folder for backported versions...
[2026, 9, 25, 14, 7, 10] ;;; build;    --> Packing into jar file...
[2026, 9, 25, 14, 7, 10] ;;; build;    --> Cleaning Up...
[2026, 9, 25, 14, 7, 11] ;;; build;    --> Done.
[2026, 9, 25, 14, 7, 11] ;;; build;    > Compiling for neoforge-1.20.6...
[2026, 9, 25, 14, 7, 11] ;;; build;    --> Cleaning temp directory...
[2026, 9, 25, 14, 7, 11] ;;; build;    --> Unpacking base jar file...
[2026, 9, 25, 14, 7, 11] ;;; build;    --> Copying compiled mcfunction assets...
[2026, 9, 25, 14, 7, 12] ;;; build;    --> Injecting logo...
[2026, 9, 25, 14, 7, 12] ;;; build;    --> Injecting config defaults...
[2026, 9, 25, 14, 7, 12] ;;; build;    --> Handling loader specifications...
[2026, 9, 25, 14, 7, 12] ;;; build;      ---> Init Neoforge...
[2026, 9, 25, 14, 7, 12] ;;; build;      ---> Weather2 Compat Requirment Detected.
[2026, 9, 25, 14, 7, 12] ;;; build;    --> Injecting assets...
[2026, 9, 25, 14, 7, 12] ;;; build;    --> Removing gstools jar files from non-gstools mod...
[2026, 9, 25, 14, 7, 12] ;;; build;    --> Injecting block tags...
[2026, 9, 25, 14, 7, 12] ;;; build;    --> Duplicating function folder for backported versions...
[2026, 9, 25, 14, 7, 12] ;;; build;    --> Packing into jar file...
[2026, 9, 25, 14, 7, 13] ;;; build;    --> Cleaning Up...
[2026, 9, 25, 14, 7, 13] ;;; build;    --> Done.
[2026, 9, 25, 14, 7, 13] ;;; build;    > Compiling for neoforge-1.21.1...
[2026, 9, 25, 14, 7, 13] ;;; build;    --> Cleaning temp directory...
[2026, 9, 25, 14, 7, 14] ;;; build;    --> Unpacking base jar file...
[2026, 9, 25, 14, 7, 14] ;;; build;    --> Copying compiled mcfunction assets...
[2026, 9, 25, 14, 7, 15] ;;; build;    --> Injecting logo...
[2026, 9, 25, 14, 7, 15] ;;; build;    --> Injecting config defaults...
[2026, 9, 25, 14, 7, 15] ;;; build;    --> Handling loader specifications...
[2026, 9, 25, 14, 7, 15] ;;; build;      ---> Init Neoforge...
[2026, 9, 25, 14, 7, 15] ;;; build;      ---> Weather2 Compat Requirment Detected.
[2026, 9, 25, 14, 7, 15] ;;; build;    --> Injecting assets...
[2026, 9, 25, 14, 7, 15] ;;; build;    --> Removing gstools jar files from non-gstools mod...
[2026, 9, 25, 14, 7, 15] ;;; build;    --> Injecting block tags...
[2026, 9, 25, 14, 7, 15] ;;; build;    --> Duplicating function folder for backported versions...
[2026, 9, 25, 14, 7, 15] ;;; build;    --> Packing into jar file...
[2026, 9, 25, 14, 7, 16] ;;; build;    --> Cleaning Up...
[2026, 9, 25, 14, 7, 16] ;;; build;    --> Done.
[2026, 9, 25, 14, 7, 16] ;;; build;    > Compiling for neoforge-1.21.2...
[2026, 9, 25, 14, 7, 16] ;;; build;    --> Cleaning temp directory...
[2026, 9, 25, 14, 7, 17] ;;; build;    --> Unpacking base jar file...
[2026, 9, 25, 14, 7, 17] ;;; build;    --> Copying compiled mcfunction assets...
[2026, 9, 25, 14, 7, 18] ;;; build;    --> Injecting logo...
[2026, 9, 25, 14, 7, 18] ;;; build;    --> Injecting config defaults...
[2026, 9, 25, 14, 7, 18] ;;; build;    --> Handling loader specifications...
[2026, 9, 25, 14, 7, 18] ;;; build;      ---> Init Neoforge...
[2026, 9, 25, 14, 7, 18] ;;; build;    --> Injecting assets...
[2026, 9, 25, 14, 7, 18] ;;; build;    --> Removing gstools jar files from non-gstools mod...
[2026, 9, 25, 14, 7, 18] ;;; build;    --> Injecting block tags...
[2026, 9, 25, 14, 7, 18] ;;; build;    --> Duplicating function folder for backported versions...
[2026, 9, 25, 14, 7, 18] ;;; build;    --> Packing into jar file...
[2026, 9, 25, 14, 7, 18] ;;; build;    --> Cleaning Up...
[2026, 9, 25, 14, 7, 19] ;;; build;    --> Done.
[2026, 9, 25, 14, 7, 19] ;;; build;    > Compiling for neoforge-1.21.4...
[2026, 9, 25, 14, 7, 19] ;;; build;    --> Cleaning temp directory...
[2026, 9, 25, 14, 7, 19] ;;; build;    --> Unpacking base jar file...
[2026, 9, 25, 14, 7, 20] ;;; build;    --> Copying compiled mcfunction assets...
[2026, 9, 25, 14, 7, 20] ;;; build;    --> Injecting logo...
[2026, 9, 25, 14, 7, 20] ;;; build;    --> Injecting config defaults...
[2026, 9, 25, 14, 7, 20] ;;; build;    --> Handling loader specifications...
[2026, 9, 25, 14, 7, 20] ;;; build;      ---> Init Neoforge...
[2026, 9, 25, 14, 7, 20] ;;; build;    --> Injecting assets...
[2026, 9, 25, 14, 7, 20] ;;; build;    --> Removing gstools jar files from non-gstools mod...
[2026, 9, 25, 14, 7, 20] ;;; build;    --> Injecting block tags...
[2026, 9, 25, 14, 7, 20] ;;; build;    --> Duplicating function folder for backported versions...
[2026, 9, 25, 14, 7, 20] ;;; build;    --> Packing into jar file...
[2026, 9, 25, 14, 7, 21] ;;; build;    --> Cleaning Up...
[2026, 9, 25, 14, 7, 22] ;;; build;    --> Done.
[2026, 9, 25, 14, 7, 22] ;;; build;    > Compiling for neoforge-1.21.5...
[2026, 9, 25, 14, 7, 22] ;;; build;    --> Cleaning temp directory...
[2026, 9, 25, 14, 7, 22] ;;; build;    --> Unpacking base jar file...
[2026, 9, 25, 14, 7, 22] ;;; build;    --> Copying compiled mcfunction assets...
[2026, 9, 25, 14, 7, 23] ;;; build;    --> Injecting logo...
[2026, 9, 25, 14, 7, 23] ;;; build;    --> Injecting config defaults...
[2026, 9, 25, 14, 7, 23] ;;; build;    --> Handling loader specifications...
[2026, 9, 25, 14, 7, 23] ;;; build;      ---> Init Neoforge...
[2026, 9, 25, 14, 7, 23] ;;; build;    --> Injecting assets...
[2026, 9, 25, 14, 7, 23] ;;; build;    --> Removing gstools jar files from non-gstools mod...
[2026, 9, 25, 14, 7, 23] ;;; build;    --> Injecting block tags...
[2026, 9, 25, 14, 7, 23] ;;; build;    --> Duplicating function folder for backported versions...
[2026, 9, 25, 14, 7, 23] ;;; build;    --> Packing into jar file...
[2026, 9, 25, 14, 7, 24] ;;; build;    --> Cleaning Up...
[2026, 9, 25, 14, 7, 25] ;;; build;    --> Done.
[2026, 9, 25, 14, 7, 25] ;;; build;    > Compiling for neoforge-1.21.8...
[2026, 9, 25, 14, 7, 25] ;;; build;    --> Cleaning temp directory...
[2026, 9, 25, 14, 7, 25] ;;; build;    --> Unpacking base jar file...
[2026, 9, 25, 14, 7, 25] ;;; build;    --> Copying compiled mcfunction assets...
[2026, 9, 25, 14, 7, 26] ;;; build;    --> Injecting logo...
[2026, 9, 25, 14, 7, 26] ;;; build;    --> Injecting config defaults...
[2026, 9, 25, 14, 7, 26] ;;; build;    --> Handling loader specifications...
[2026, 9, 25, 14, 7, 26] ;;; build;      ---> Init Neoforge...
[2026, 9, 25, 14, 7, 26] ;;; build;    --> Injecting assets...
[2026, 9, 25, 14, 7, 26] ;;; build;    --> Removing gstools jar files from non-gstools mod...
[2026, 9, 25, 14, 7, 26] ;;; build;    --> Injecting block tags...
[2026, 9, 25, 14, 7, 26] ;;; build;    --> Duplicating function folder for backported versions...
[2026, 9, 25, 14, 7, 26] ;;; build;    --> Packing into jar file...
[2026, 9, 25, 14, 7, 26] ;;; build;    --> Cleaning Up...
[2026, 9, 25, 14, 7, 27] ;;; build;    --> Done.
[2026, 9, 25, 14, 7, 27] ;;; build;    > Compiling for neoforge-26.1...
[2026, 9, 25, 14, 7, 27] ;;; build;    --> Cleaning temp directory...
[2026, 9, 25, 14, 7, 28] ;;; build;    --> Unpacking base jar file...
[2026, 9, 25, 14, 7, 28] ;;; build;    --> Copying compiled mcfunction assets...
[2026, 9, 25, 14, 7, 29] ;;; build;    --> Injecting logo...
[2026, 9, 25, 14, 7, 29] ;;; build;    --> Injecting config defaults...
[2026, 9, 25, 14, 7, 29] ;;; build;    --> Handling loader specifications...
[2026, 9, 25, 14, 7, 29] ;;; build;      ---> Init Neoforge...
[2026, 9, 25, 14, 7, 29] ;;; build;    --> Injecting assets...
[2026, 9, 25, 14, 7, 29] ;;; build;    --> Removing gstools jar files from non-gstools mod...
[2026, 9, 25, 14, 7, 29] ;;; build;    --> Injecting block tags...
[2026, 9, 25, 14, 7, 29] ;;; build;    --> Duplicating function folder for backported versions...
[2026, 9, 25, 14, 7, 29] ;;; build;    --> Packing into jar file...
[2026, 9, 25, 14, 7, 29] ;;; build;    --> Cleaning Up...
[2026, 9, 25, 14, 7, 30] ;;; build;    --> Done.
[2026, 9, 25, 14, 7, 30] ;;; build;    > Compiling for neoforge-26.2...
[2026, 9, 25, 14, 7, 30] ;;; build;    --> Cleaning temp directory...
[2026, 9, 25, 14, 7, 31] ;;; build;    --> Unpacking base jar file...
[2026, 9, 25, 14, 7, 31] ;;; build;    --> Copying compiled mcfunction assets...
[2026, 9, 25, 14, 7, 31] ;;; build;    --> Injecting logo...
[2026, 9, 25, 14, 7, 31] ;;; build;    --> Injecting config defaults...
[2026, 9, 25, 14, 7, 31] ;;; build;    --> Handling loader specifications...
[2026, 9, 25, 14, 7, 31] ;;; build;      ---> Init Neoforge...
[2026, 9, 25, 14, 7, 31] ;;; build;    --> Injecting assets...
[2026, 9, 25, 14, 7, 31] ;;; build;    --> Removing gstools jar files from non-gstools mod...
[2026, 9, 25, 14, 7, 31] ;;; build;    --> Injecting block tags...
[2026, 9, 25, 14, 7, 32] ;;; build;    --> Duplicating function folder for backported versions...
[2026, 9, 25, 14, 7, 32] ;;; build;    --> Packing into jar file...
[2026, 9, 25, 14, 7, 32] ;;; build;    --> Cleaning Up...
[2026, 9, 25, 14, 7, 33] ;;; build;    --> Done.
[2026, 9, 25, 14, 7, 33] ;;; build;    > Compiling for neoforge-26.3...
[2026, 9, 25, 14, 7, 33] ;;; build;    --> Cleaning temp directory...
[2026, 9, 25, 14, 7, 33] ;;; build;    --> Unpacking base jar file...
[2026, 9, 25, 14, 7, 33] ;;; build;    --> Copying compiled mcfunction assets...
[2026, 9, 25, 14, 7, 34] ;;; build;    --> Injecting logo...
[2026, 9, 25, 14, 7, 34] ;;; build;    --> Injecting config defaults...
[2026, 9, 25, 14, 7, 34] ;;; build;    --> Handling loader specifications...
[2026, 9, 25, 14, 7, 34] ;;; build;      ---> Init Neoforge...
[2026, 9, 25, 14, 7, 34] ;;; build;    --> Injecting assets...
[2026, 9, 25, 14, 7, 34] ;;; build;    --> Removing gstools jar files from non-gstools mod...
[2026, 9, 25, 14, 7, 34] ;;; build;    --> Injecting block tags...
[2026, 9, 25, 14, 7, 34] ;;; build;    --> Duplicating function folder for backported versions...
[2026, 9, 25, 14, 7, 34] ;;; build;    --> Packing into jar file...
[2026, 9, 25, 14, 7, 34] ;;; build;    --> Cleaning Up...
[2026, 9, 25, 14, 7, 35] ;;; build;    --> Done.
[2026, 9, 25, 14, 7, 35] ;;; build;    > Renaming zip files to jar files...
[2026, 9, 25, 14, 7, 35] ;;; build;    > Resetting to cached game versions config...
[2026, 9, 25, 14, 7, 35] ;;; build;    > Build Complete.
[2026, 9, 25, 14, 7, 35] ;;; build; Compiling datapack dynamic_ecosystems into mod...
[2026, 9, 25, 14, 7, 35] ;;; build;    > Detecting split versions...
[2026, 9, 25, 14, 7, 35] ;;; build;    --> Nothing to delete after.
[2026, 9, 25, 14, 7, 35] ;;; build;    > Beginning build block...
[2026, 9, 25, 14, 7, 35] ;;; build;    > Compiling for fabric-1.21.8...
[2026, 9, 25, 14, 7, 35] ;;; build;    --> Cleaning temp directory...
[2026, 9, 25, 14, 7, 38] ;;; build;    --> Unpacking base jar file...
[2026, 9, 25, 14, 7, 38] ;;; build;    --> Copying compiled mcfunction assets...
[2026, 9, 25, 14, 7, 40] ;;; build;    --> Injecting logo...
[2026, 9, 25, 14, 7, 40] ;;; build;    --> Injecting config defaults...
[2026, 9, 25, 14, 7, 40] ;;; build;    --> Handling loader specifications...
[2026, 9, 25, 14, 7, 40] ;;; build;      ---> Init Fabric...
[2026, 9, 25, 14, 7, 40] ;;; build;    --> Removing gstools jar files from non-gstools mod...
[2026, 9, 25, 14, 7, 40] ;;; build;    --> Injecting block tags...
[2026, 9, 25, 14, 7, 40] ;;; build;    --> Duplicating function folder for backported versions...
[2026, 9, 25, 14, 7, 41] ;;; build;    --> Packing into jar file...
[2026, 9, 25, 14, 7, 42] ;;; build;    --> Cleaning Up...
[2026, 9, 25, 14, 7, 43] ;;; build;    --> Done.
[2026, 9, 25, 14, 7, 43] ;;; build;    > Compiling for fabric-1.21.9...
[2026, 9, 25, 14, 7, 43] ;;; build;    --> Cleaning temp directory...
[2026, 9, 25, 14, 7, 44] ;;; build;    --> Unpacking base jar file...
[2026, 9, 25, 14, 7, 44] ;;; build;    --> Copying compiled mcfunction assets...
[2026, 9, 25, 14, 7, 45] ;;; build;    --> Injecting logo...
[2026, 9, 25, 14, 7, 45] ;;; build;    --> Injecting config defaults...
[2026, 9, 25, 14, 7, 45] ;;; build;    --> Handling loader specifications...
[2026, 9, 25, 14, 7, 45] ;;; build;      ---> Init Fabric...
[2026, 9, 25, 14, 7, 45] ;;; build;    --> Removing gstools jar files from non-gstools mod...
[2026, 9, 25, 14, 7, 45] ;;; build;    --> Injecting block tags...
[2026, 9, 25, 14, 7, 45] ;;; build;    --> Duplicating function folder for backported versions...
[2026, 9, 25, 14, 7, 45] ;;; build;    --> Packing into jar file...
[2026, 9, 25, 14, 7, 46] ;;; build;    --> Cleaning Up...
[2026, 9, 25, 14, 7, 48] ;;; build;    --> Done.
[2026, 9, 25, 14, 7, 48] ;;; build;    > Compiling for fabric-26.1...
[2026, 9, 25, 14, 7, 48] ;;; build;    --> Cleaning temp directory...
[2026, 9, 25, 14, 7, 48] ;;; build;    --> Unpacking base jar file...
[2026, 9, 25, 14, 7, 48] ;;; build;    --> Copying compiled mcfunction assets...
[2026, 9, 25, 14, 7, 49] ;;; build;    --> Injecting logo...
[2026, 9, 25, 14, 7, 50] ;;; build;    --> Injecting config defaults...
[2026, 9, 25, 14, 7, 50] ;;; build;    --> Handling loader specifications...
[2026, 9, 25, 14, 7, 50] ;;; build;      ---> Init Fabric...
[2026, 9, 25, 14, 7, 50] ;;; build;    --> Removing gstools jar files from non-gstools mod...
[2026, 9, 25, 14, 7, 50] ;;; build;    --> Injecting block tags...
[2026, 9, 25, 14, 7, 50] ;;; build;    --> Duplicating function folder for backported versions...
[2026, 9, 25, 14, 7, 50] ;;; build;    --> Packing into jar file...
[2026, 9, 25, 14, 7, 51] ;;; build;    --> Cleaning Up...
[2026, 9, 25, 14, 7, 52] ;;; build;    --> Done.
[2026, 9, 25, 14, 7, 52] ;;; build;    > Compiling for fabric-26.2...
[2026, 9, 25, 14, 7, 52] ;;; build;    --> Cleaning temp directory...
[2026, 9, 25, 14, 7, 53] ;;; build;    --> Unpacking base jar file...
[2026, 9, 25, 14, 7, 53] ;;; build;    --> Copying compiled mcfunction assets...
[2026, 9, 25, 14, 7, 54] ;;; build;    --> Injecting logo...
[2026, 9, 25, 14, 7, 54] ;;; build;    --> Injecting config defaults...
[2026, 9, 25, 14, 7, 54] ;;; build;    --> Handling loader specifications...
[2026, 9, 25, 14, 7, 54] ;;; build;      ---> Init Fabric...
[2026, 9, 25, 14, 7, 54] ;;; build;    --> Removing gstools jar files from non-gstools mod...
[2026, 9, 25, 14, 7, 54] ;;; build;    --> Injecting block tags...
[2026, 9, 25, 14, 7, 54] ;;; build;    --> Duplicating function folder for backported versions...
[2026, 9, 25, 14, 7, 54] ;;; build;    --> Packing into jar file...
[2026, 9, 25, 14, 7, 55] ;;; build;    --> Cleaning Up...
[2026, 9, 25, 14, 7, 57] ;;; build;    --> Done.
[2026, 9, 25, 14, 7, 57] ;;; build;    > Compiling for fabric-26.3...
[2026, 9, 25, 14, 7, 57] ;;; build;    --> Cleaning temp directory...
[2026, 9, 25, 14, 7, 57] ;;; build;    --> Unpacking base jar file...
[2026, 9, 25, 14, 7, 57] ;;; build;    --> Copying compiled mcfunction assets...
[2026, 9, 25, 14, 7, 58] ;;; build;    --> Injecting logo...
[2026, 9, 25, 14, 7, 58] ;;; build;    --> Injecting config defaults...
[2026, 9, 25, 14, 7, 58] ;;; build;    --> Handling loader specifications...
[2026, 9, 25, 14, 7, 58] ;;; build;      ---> Init Fabric...
[2026, 9, 25, 14, 7, 58] ;;; build;    --> Removing gstools jar files from non-gstools mod...
[2026, 9, 25, 14, 7, 58] ;;; build;    --> Injecting block tags...
[2026, 9, 25, 14, 7, 58] ;;; build;    --> Duplicating function folder for backported versions...
[2026, 9, 25, 14, 7, 58] ;;; build;    --> Packing into jar file...
[2026, 9, 25, 14, 7, 59] ;;; build;    --> Cleaning Up...
[2026, 9, 25, 14, 8, 0] ;;; build;    --> Done.
[2026, 9, 25, 14, 8, 0] ;;; build;    > Compiling for forge-1.19.4...
[2026, 9, 25, 14, 8, 0] ;;; build;    --> Cleaning temp directory...
[2026, 9, 25, 14, 8, 1] ;;; build;    --> Unpacking base jar file...
[2026, 9, 25, 14, 8, 1] ;;; build;    --> Copying compiled mcfunction assets...
[2026, 9, 25, 14, 8, 2] ;;; build;    --> Injecting logo...
[2026, 9, 25, 14, 8, 2] ;;; build;    --> Injecting config defaults...
[2026, 9, 25, 14, 8, 2] ;;; build;    --> Handling loader specifications...
[2026, 9, 25, 14, 8, 2] ;;; build;      ---> Init Forge...
[2026, 9, 25, 14, 8, 2] ;;; build;    --> Removing gstools jar files from non-gstools mod...
[2026, 9, 25, 14, 8, 2] ;;; build;    --> Base Mod Compile Requirment Detected! Compiling...
[2026, 9, 25, 14, 8, 2] ;;; build;      ---> Cleaning prior...
[2026, 9, 25, 14, 8, 2] ;;; build;      ---> Cloning basemod...
[2026, 9, 25, 14, 8, 2] ;;; build;      ---> Batch remaning...
[2026, 9, 25, 14, 8, 2] ;;; build;      ---> Running gradle...
[2026, 9, 25, 14, 8, 7] ;;; build;      ---> Unpacking generated jar file...
[2026, 9, 25, 14, 8, 7] ;;; build;      ---> Injecting generated assets into temp dir...
[2026, 9, 25, 14, 8, 7] ;;; build;    --> Injecting block tags...
[2026, 9, 25, 14, 8, 7] ;;; build;    --> Duplicating function folder for backported versions...
[2026, 9, 25, 14, 8, 7] ;;; build;    --> Packing into jar file...
[2026, 9, 25, 14, 8, 8] ;;; build;    --> Cleaning Up...
[2026, 9, 25, 14, 8, 9] ;;; build;    --> Done.
[2026, 9, 25, 14, 8, 9] ;;; build;    > Compiling for forge-1.20.1...
[2026, 9, 25, 14, 8, 9] ;;; build;    --> Cleaning temp directory...
[2026, 9, 25, 14, 8, 10] ;;; build;    --> Unpacking base jar file...
[2026, 9, 25, 14, 8, 10] ;;; build;    --> Copying compiled mcfunction assets...
[2026, 9, 25, 14, 8, 11] ;;; build;    --> Injecting logo...
[2026, 9, 25, 14, 8, 11] ;;; build;    --> Injecting config defaults...
[2026, 9, 25, 14, 8, 11] ;;; build;    --> Handling loader specifications...
[2026, 9, 25, 14, 8, 11] ;;; build;      ---> Init Forge...
[2026, 9, 25, 14, 8, 11] ;;; build;    --> Removing gstools jar files from non-gstools mod...
[2026, 9, 25, 14, 8, 11] ;;; build;    --> Base Mod Compile Requirment Detected! Compiling...
[2026, 9, 25, 14, 8, 11] ;;; build;      ---> Cleaning prior...
[2026, 9, 25, 14, 8, 11] ;;; build;      ---> Cloning basemod...
[2026, 9, 25, 14, 8, 11] ;;; build;      ---> Batch remaning...
[2026, 9, 25, 14, 8, 11] ;;; build;      ---> Running gradle...
[2026, 9, 25, 14, 8, 17] ;;; build;      ---> Unpacking generated jar file...
[2026, 9, 25, 14, 8, 17] ;;; build;      ---> Injecting generated assets into temp dir...
[2026, 9, 25, 14, 8, 17] ;;; build;    --> Injecting block tags...
[2026, 9, 25, 14, 8, 17] ;;; build;    --> Duplicating function folder for backported versions...
[2026, 9, 25, 14, 8, 18] ;;; build;    --> Packing into jar file...
[2026, 9, 25, 14, 8, 19] ;;; build;    --> Cleaning Up...
[2026, 9, 25, 14, 8, 20] ;;; build;    --> Done.
[2026, 9, 25, 14, 8, 20] ;;; build;    > Compiling for neoforge-1.20.4...
[2026, 9, 25, 14, 8, 20] ;;; build;    --> Cleaning temp directory...
[2026, 9, 25, 14, 8, 20] ;;; build;    --> Unpacking base jar file...
[2026, 9, 25, 14, 8, 21] ;;; build;    --> Copying compiled mcfunction assets...
[2026, 9, 25, 14, 8, 21] ;;; build;    --> Injecting logo...
[2026, 9, 25, 14, 8, 21] ;;; build;    --> Injecting config defaults...
[2026, 9, 25, 14, 8, 21] ;;; build;    --> Handling loader specifications...
[2026, 9, 25, 14, 8, 21] ;;; build;      ---> Init Neoforge...
[2026, 9, 25, 14, 8, 21] ;;; build;    --> Removing gstools jar files from non-gstools mod...
[2026, 9, 25, 14, 8, 21] ;;; build;    --> Base Mod Compile Requirment Detected! Compiling...
[2026, 9, 25, 14, 8, 21] ;;; build;      ---> Cleaning prior...
[2026, 9, 25, 14, 8, 22] ;;; build;      ---> Cloning basemod...
[2026, 9, 25, 14, 8, 22] ;;; build;      ---> Batch remaning...
[2026, 9, 25, 14, 8, 22] ;;; build;      ---> Running gradle...
[2026, 9, 25, 14, 8, 25] ;;; build;      ---> Unpacking generated jar file...
[2026, 9, 25, 14, 8, 25] ;;; build;      ---> Injecting generated assets into temp dir...
[2026, 9, 25, 14, 8, 25] ;;; build;    --> Injecting block tags...
[2026, 9, 25, 14, 8, 26] ;;; build;    --> Duplicating function folder for backported versions...
[2026, 9, 25, 14, 8, 26] ;;; build;    --> Packing into jar file...
[2026, 9, 25, 14, 8, 27] ;;; build;    --> Cleaning Up...
[2026, 9, 25, 14, 8, 28] ;;; build;    --> Done.
[2026, 9, 25, 14, 8, 28] ;;; build;    > Compiling for neoforge-1.20.6...
[2026, 9, 25, 14, 8, 28] ;;; build;    --> Cleaning temp directory...
[2026, 9, 25, 14, 8, 29] ;;; build;    --> Unpacking base jar file...
[2026, 9, 25, 14, 8, 29] ;;; build;    --> Copying compiled mcfunction assets...
[2026, 9, 25, 14, 8, 30] ;;; build;    --> Injecting logo...
[2026, 9, 25, 14, 8, 30] ;;; build;    --> Injecting config defaults...
[2026, 9, 25, 14, 8, 30] ;;; build;    --> Handling loader specifications...
[2026, 9, 25, 14, 8, 30] ;;; build;      ---> Init Neoforge...
[2026, 9, 25, 14, 8, 30] ;;; build;      ---> Weather2 Compat Requirment Detected.
[2026, 9, 25, 14, 8, 30] ;;; build;    --> Removing gstools jar files from non-gstools mod...
[2026, 9, 25, 14, 8, 30] ;;; build;    --> Injecting block tags...
[2026, 9, 25, 14, 8, 30] ;;; build;    --> Duplicating function folder for backported versions...
[2026, 9, 25, 14, 8, 30] ;;; build;    --> Packing into jar file...
[2026, 9, 25, 14, 8, 31] ;;; build;    --> Cleaning Up...
[2026, 9, 25, 14, 8, 32] ;;; build;    --> Done.
[2026, 9, 25, 14, 8, 32] ;;; build;    > Compiling for neoforge-1.21.1...
[2026, 9, 25, 14, 8, 32] ;;; build;    --> Cleaning temp directory...
[2026, 9, 25, 14, 8, 32] ;;; build;    --> Unpacking base jar file...
[2026, 9, 25, 14, 8, 33] ;;; build;    --> Copying compiled mcfunction assets...
[2026, 9, 25, 14, 8, 33] ;;; build;    --> Injecting logo...
[2026, 9, 25, 14, 8, 33] ;;; build;    --> Injecting config defaults...
[2026, 9, 25, 14, 8, 33] ;;; build;    --> Handling loader specifications...
[2026, 9, 25, 14, 8, 33] ;;; build;      ---> Init Neoforge...
[2026, 9, 25, 14, 8, 33] ;;; build;      ---> Weather2 Compat Requirment Detected.
[2026, 9, 25, 14, 8, 33] ;;; build;    --> Removing gstools jar files from non-gstools mod...
[2026, 9, 25, 14, 8, 33] ;;; build;    --> Injecting block tags...
[2026, 9, 25, 14, 8, 33] ;;; build;    --> Duplicating function folder for backported versions...
[2026, 9, 25, 14, 8, 34] ;;; build;    --> Packing into jar file...
[2026, 9, 25, 14, 8, 35] ;;; build;    --> Cleaning Up...
[2026, 9, 25, 14, 8, 36] ;;; build;    --> Done.
[2026, 9, 25, 14, 8, 36] ;;; build;    > Compiling for neoforge-1.21.2...
[2026, 9, 25, 14, 8, 36] ;;; build;    --> Cleaning temp directory...
[2026, 9, 25, 14, 8, 36] ;;; build;    --> Unpacking base jar file...
[2026, 9, 25, 14, 8, 36] ;;; build;    --> Copying compiled mcfunction assets...
[2026, 9, 25, 14, 8, 37] ;;; build;    --> Injecting logo...
[2026, 9, 25, 14, 8, 37] ;;; build;    --> Injecting config defaults...
[2026, 9, 25, 14, 8, 37] ;;; build;    --> Handling loader specifications...
[2026, 9, 25, 14, 8, 37] ;;; build;      ---> Init Neoforge...
[2026, 9, 25, 14, 8, 37] ;;; build;    --> Removing gstools jar files from non-gstools mod...
[2026, 9, 25, 14, 8, 37] ;;; build;    --> Injecting block tags...
[2026, 9, 25, 14, 8, 37] ;;; build;    --> Duplicating function folder for backported versions...
[2026, 9, 25, 14, 8, 37] ;;; build;    --> Packing into jar file...
[2026, 9, 25, 14, 8, 38] ;;; build;    --> Cleaning Up...
[2026, 9, 25, 14, 8, 39] ;;; build;    --> Done.
[2026, 9, 25, 14, 8, 39] ;;; build;    > Compiling for neoforge-1.21.4...
[2026, 9, 25, 14, 8, 39] ;;; build;    --> Cleaning temp directory...
[2026, 9, 25, 14, 8, 39] ;;; build;    --> Unpacking base jar file...
[2026, 9, 25, 14, 8, 40] ;;; build;    --> Copying compiled mcfunction assets...
[2026, 9, 25, 14, 8, 41] ;;; build;    --> Injecting logo...
[2026, 9, 25, 14, 8, 41] ;;; build;    --> Injecting config defaults...
[2026, 9, 25, 14, 8, 41] ;;; build;    --> Handling loader specifications...
[2026, 9, 25, 14, 8, 41] ;;; build;      ---> Init Neoforge...
[2026, 9, 25, 14, 8, 41] ;;; build;    --> Removing gstools jar files from non-gstools mod...
[2026, 9, 25, 14, 8, 41] ;;; build;    --> Injecting block tags...
[2026, 9, 25, 14, 8, 41] ;;; build;    --> Duplicating function folder for backported versions...
[2026, 9, 25, 14, 8, 41] ;;; build;    --> Packing into jar file...
[2026, 9, 25, 14, 8, 42] ;;; build;    --> Cleaning Up...
[2026, 9, 25, 14, 8, 43] ;;; build;    --> Done.
[2026, 9, 25, 14, 8, 43] ;;; build;    > Compiling for neoforge-1.21.5...
[2026, 9, 25, 14, 8, 43] ;;; build;    --> Cleaning temp directory...
[2026, 9, 25, 14, 8, 43] ;;; build;    --> Unpacking base jar file...
[2026, 9, 25, 14, 8, 43] ;;; build;    --> Copying compiled mcfunction assets...
[2026, 9, 25, 14, 8, 44] ;;; build;    --> Injecting logo...
[2026, 9, 25, 14, 8, 44] ;;; build;    --> Injecting config defaults...
[2026, 9, 25, 14, 8, 44] ;;; build;    --> Handling loader specifications...
[2026, 9, 25, 14, 8, 44] ;;; build;      ---> Init Neoforge...
[2026, 9, 25, 14, 8, 44] ;;; build;    --> Removing gstools jar files from non-gstools mod...
[2026, 9, 25, 14, 8, 44] ;;; build;    --> Injecting block tags...
[2026, 9, 25, 14, 8, 44] ;;; build;    --> Duplicating function folder for backported versions...
[2026, 9, 25, 14, 8, 45] ;;; build;    --> Packing into jar file...
[2026, 9, 25, 14, 8, 46] ;;; build;    --> Cleaning Up...
[2026, 9, 25, 14, 8, 47] ;;; build;    --> Done.
[2026, 9, 25, 14, 8, 47] ;;; build;    > Compiling for neoforge-1.21.8...
[2026, 9, 25, 14, 8, 47] ;;; build;    --> Cleaning temp directory...
[2026, 9, 25, 14, 8, 47] ;;; build;    --> Unpacking base jar file...
[2026, 9, 25, 14, 8, 47] ;;; build;    --> Copying compiled mcfunction assets...
[2026, 9, 25, 14, 8, 48] ;;; build;    --> Injecting logo...
[2026, 9, 25, 14, 8, 48] ;;; build;    --> Injecting config defaults...
[2026, 9, 25, 14, 8, 48] ;;; build;    --> Handling loader specifications...
[2026, 9, 25, 14, 8, 48] ;;; build;      ---> Init Neoforge...
[2026, 9, 25, 14, 8, 48] ;;; build;    --> Removing gstools jar files from non-gstools mod...
[2026, 9, 25, 14, 8, 48] ;;; build;    --> Injecting block tags...
[2026, 9, 25, 14, 8, 49] ;;; build;    --> Duplicating function folder for backported versions...
[2026, 9, 25, 14, 8, 49] ;;; build;    --> Packing into jar file...
[2026, 9, 25, 14, 8, 50] ;;; build;    --> Cleaning Up...
[2026, 9, 25, 14, 8, 50] ;;; build;    --> Done.
[2026, 9, 25, 14, 8, 50] ;;; build;    > Compiling for neoforge-26.1...
[2026, 9, 25, 14, 8, 50] ;;; build;    --> Cleaning temp directory...
[2026, 9, 25, 14, 8, 51] ;;; build;    --> Unpacking base jar file...
[2026, 9, 25, 14, 8, 51] ;;; build;    --> Copying compiled mcfunction assets...
[2026, 9, 25, 14, 8, 52] ;;; build;    --> Injecting logo...
[2026, 9, 25, 14, 8, 52] ;;; build;    --> Injecting config defaults...
[2026, 9, 25, 14, 8, 52] ;;; build;    --> Handling loader specifications...
[2026, 9, 25, 14, 8, 52] ;;; build;      ---> Init Neoforge...
[2026, 9, 25, 14, 8, 52] ;;; build;    --> Removing gstools jar files from non-gstools mod...
[2026, 9, 25, 14, 8, 52] ;;; build;    --> Injecting block tags...
[2026, 9, 25, 14, 8, 52] ;;; build;    --> Duplicating function folder for backported versions...
[2026, 9, 25, 14, 8, 52] ;;; build;    --> Packing into jar file...
[2026, 9, 25, 14, 8, 54] ;;; build;    --> Cleaning Up...
[2026, 9, 25, 14, 8, 54] ;;; build;    --> Done.
[2026, 9, 25, 14, 8, 54] ;;; build;    > Compiling for neoforge-26.2...
[2026, 9, 25, 14, 8, 54] ;;; build;    --> Cleaning temp directory...
[2026, 9, 25, 14, 8, 55] ;;; build;    --> Unpacking base jar file...
[2026, 9, 25, 14, 8, 55] ;;; build;    --> Copying compiled mcfunction assets...
[2026, 9, 25, 14, 8, 56] ;;; build;    --> Injecting logo...
[2026, 9, 25, 14, 8, 56] ;;; build;    --> Injecting config defaults...
[2026, 9, 25, 14, 8, 56] ;;; build;    --> Handling loader specifications...
[2026, 9, 25, 14, 8, 56] ;;; build;      ---> Init Neoforge...
[2026, 9, 25, 14, 8, 56] ;;; build;    --> Removing gstools jar files from non-gstools mod...
[2026, 9, 25, 14, 8, 56] ;;; build;    --> Injecting block tags...
[2026, 9, 25, 14, 8, 56] ;;; build;    --> Duplicating function folder for backported versions...
[2026, 9, 25, 14, 8, 56] ;;; build;    --> Packing into jar file...
[2026, 9, 25, 14, 8, 57] ;;; build;    --> Cleaning Up...
[2026, 9, 25, 14, 8, 57] ;;; build;    --> Done.
[2026, 9, 25, 14, 8, 57] ;;; build;    > Compiling for neoforge-26.3...
[2026, 9, 25, 14, 8, 57] ;;; build;    --> Cleaning temp directory...
[2026, 9, 25, 14, 8, 58] ;;; build;    --> Unpacking base jar file...
[2026, 9, 25, 14, 8, 58] ;;; build;    --> Copying compiled mcfunction assets...
[2026, 9, 25, 14, 8, 59] ;;; build;    --> Injecting logo...
[2026, 9, 25, 14, 8, 59] ;;; build;    --> Injecting config defaults...
[2026, 9, 25, 14, 8, 59] ;;; build;    --> Handling loader specifications...
[2026, 9, 25, 14, 8, 59] ;;; build;      ---> Init Neoforge...
[2026, 9, 25, 14, 8, 59] ;;; build;    --> Removing gstools jar files from non-gstools mod...
[2026, 9, 25, 14, 8, 59] ;;; build;    --> Injecting block tags...
[2026, 9, 25, 14, 8, 59] ;;; build;    --> Duplicating function folder for backported versions...
[2026, 9, 25, 14, 8, 59] ;;; build;    --> Packing into jar file...
[2026, 9, 25, 14, 9, 0] ;;; build;    --> Cleaning Up...
[2026, 9, 25, 14, 9, 0] ;;; build;    --> Done.
[2026, 9, 25, 14, 9, 0] ;;; build;    > Renaming zip files to jar files...
[2026, 9, 25, 14, 9, 1] ;;; build;    > Resetting to cached game versions config...
[2026, 9, 25, 14, 9, 1] ;;; build;    > Build Complete.
[2026, 9, 25, 14, 9, 1] ;;; build; Compiling datapack dynamic_monsters into mod...
[2026, 9, 25, 14, 9, 1] ;;; build;    > Detecting split versions...
[2026, 9, 25, 14, 9, 1] ;;; build;    --> Nothing to delete after.
[2026, 9, 25, 14, 9, 1] ;;; build;    > Beginning build block...
[2026, 9, 25, 14, 9, 1] ;;; build;    > Compiling for fabric-1.21.8...
[2026, 9, 25, 14, 9, 1] ;;; build;    --> Cleaning temp directory...
[2026, 9, 25, 14, 9, 6] ;;; build;    --> Unpacking base jar file...
[2026, 9, 25, 14, 9, 6] ;;; build;    --> Copying compiled mcfunction assets...
[2026, 9, 25, 14, 9, 7] ;;; build;    --> Injecting logo...
[2026, 9, 25, 14, 9, 7] ;;; build;    --> Injecting config defaults...
[2026, 9, 25, 14, 9, 7] ;;; build;    --> Handling loader specifications...
[2026, 9, 25, 14, 9, 7] ;;; build;      ---> Init Fabric...
[2026, 9, 25, 14, 9, 7] ;;; build;    --> Removing gstools jar files from non-gstools mod...
[2026, 9, 25, 14, 9, 7] ;;; build;    --> Injecting block tags...
[2026, 9, 25, 14, 9, 7] ;;; build;    --> Duplicating function folder for backported versions...
[2026, 9, 25, 14, 9, 7] ;;; build;    --> Packing into jar file...
[2026, 9, 25, 14, 9, 8] ;;; build;    --> Cleaning Up...
[2026, 9, 25, 14, 9, 9] ;;; build;    --> Done.
[2026, 9, 25, 14, 9, 9] ;;; build;    > Compiling for fabric-1.21.9...
[2026, 9, 25, 14, 9, 9] ;;; build;    --> Cleaning temp directory...
[2026, 9, 25, 14, 9, 10] ;;; build;    --> Unpacking base jar file...
[2026, 9, 25, 14, 9, 10] ;;; build;    --> Copying compiled mcfunction assets...
[2026, 9, 25, 14, 9, 10] ;;; build;    --> Injecting logo...
[2026, 9, 25, 14, 9, 10] ;;; build;    --> Injecting config defaults...
[2026, 9, 25, 14, 9, 10] ;;; build;    --> Handling loader specifications...
[2026, 9, 25, 14, 9, 10] ;;; build;      ---> Init Fabric...
[2026, 9, 25, 14, 9, 10] ;;; build;    --> Removing gstools jar files from non-gstools mod...
[2026, 9, 25, 14, 9, 10] ;;; build;    --> Injecting block tags...
[2026, 9, 25, 14, 9, 10] ;;; build;    --> Duplicating function folder for backported versions...
[2026, 9, 25, 14, 9, 10] ;;; build;    --> Packing into jar file...
[2026, 9, 25, 14, 9, 11] ;;; build;    --> Cleaning Up...
[2026, 9, 25, 14, 9, 12] ;;; build;    --> Done.
[2026, 9, 25, 14, 9, 12] ;;; build;    > Compiling for fabric-26.1...
[2026, 9, 25, 14, 9, 12] ;;; build;    --> Cleaning temp directory...
[2026, 9, 25, 14, 9, 12] ;;; build;    --> Unpacking base jar file...
[2026, 9, 25, 14, 9, 12] ;;; build;    --> Copying compiled mcfunction assets...
[2026, 9, 25, 14, 9, 13] ;;; build;    --> Injecting logo...
[2026, 9, 25, 14, 9, 13] ;;; build;    --> Injecting config defaults...
[2026, 9, 25, 14, 9, 13] ;;; build;    --> Handling loader specifications...
[2026, 9, 25, 14, 9, 13] ;;; build;      ---> Init Fabric...
[2026, 9, 25, 14, 9, 13] ;;; build;    --> Removing gstools jar files from non-gstools mod...
[2026, 9, 25, 14, 9, 13] ;;; build;    --> Injecting block tags...
[2026, 9, 25, 14, 9, 13] ;;; build;    --> Duplicating function folder for backported versions...
[2026, 9, 25, 14, 9, 13] ;;; build;    --> Packing into jar file...
[2026, 9, 25, 14, 9, 14] ;;; build;    --> Cleaning Up...
[2026, 9, 25, 14, 9, 15] ;;; build;    --> Done.
[2026, 9, 25, 14, 9, 15] ;;; build;    > Compiling for fabric-26.2...
[2026, 9, 25, 14, 9, 15] ;;; build;    --> Cleaning temp directory...
[2026, 9, 25, 14, 9, 15] ;;; build;    --> Unpacking base jar file...
[2026, 9, 25, 14, 9, 15] ;;; build;    --> Copying compiled mcfunction assets...
[2026, 9, 25, 14, 9, 16] ;;; build;    --> Injecting logo...
[2026, 9, 25, 14, 9, 16] ;;; build;    --> Injecting config defaults...
[2026, 9, 25, 14, 9, 16] ;;; build;    --> Handling loader specifications...
[2026, 9, 25, 14, 9, 16] ;;; build;      ---> Init Fabric...
[2026, 9, 25, 14, 9, 16] ;;; build;    --> Removing gstools jar files from non-gstools mod...
[2026, 9, 25, 14, 9, 16] ;;; build;    --> Injecting block tags...
[2026, 9, 25, 14, 9, 16] ;;; build;    --> Duplicating function folder for backported versions...
[2026, 9, 25, 14, 9, 16] ;;; build;    --> Packing into jar file...
[2026, 9, 25, 14, 9, 17] ;;; build;    --> Cleaning Up...
[2026, 9, 25, 14, 9, 18] ;;; build;    --> Done.
[2026, 9, 25, 14, 9, 18] ;;; build;    > Compiling for fabric-26.3...
[2026, 9, 25, 14, 9, 18] ;;; build;    --> Cleaning temp directory...
[2026, 9, 25, 14, 9, 18] ;;; build;    --> Unpacking base jar file...
[2026, 9, 25, 14, 9, 18] ;;; build;    --> Copying compiled mcfunction assets...
[2026, 9, 25, 14, 9, 19] ;;; build;    --> Injecting logo...
[2026, 9, 25, 14, 9, 19] ;;; build;    --> Injecting config defaults...
[2026, 9, 25, 14, 9, 19] ;;; build;    --> Handling loader specifications...
[2026, 9, 25, 14, 9, 19] ;;; build;      ---> Init Fabric...
[2026, 9, 25, 14, 9, 19] ;;; build;    --> Removing gstools jar files from non-gstools mod...
[2026, 9, 25, 14, 9, 19] ;;; build;    --> Injecting block tags...
[2026, 9, 25, 14, 9, 19] ;;; build;    --> Duplicating function folder for backported versions...
[2026, 9, 25, 14, 9, 19] ;;; build;    --> Packing into jar file...
[2026, 9, 25, 14, 9, 19] ;;; build;    --> Cleaning Up...
[2026, 9, 25, 14, 9, 20] ;;; build;    --> Done.
[2026, 9, 25, 14, 9, 20] ;;; build;    > Compiling for forge-1.19.4...
[2026, 9, 25, 14, 9, 20] ;;; build;    --> Cleaning temp directory...
[2026, 9, 25, 14, 9, 21] ;;; build;    --> Unpacking base jar file...
[2026, 9, 25, 14, 9, 21] ;;; build;    --> Copying compiled mcfunction assets...
[2026, 9, 25, 14, 9, 21] ;;; build;    --> Injecting logo...
[2026, 9, 25, 14, 9, 21] ;;; build;    --> Injecting config defaults...
[2026, 9, 25, 14, 9, 21] ;;; build;    --> Handling loader specifications...
[2026, 9, 25, 14, 9, 21] ;;; build;      ---> Init Forge...
[2026, 9, 25, 14, 9, 21] ;;; build;    --> Removing gstools jar files from non-gstools mod...
[2026, 9, 25, 14, 9, 21] ;;; build;    --> Base Mod Compile Requirment Detected! Compiling...
[2026, 9, 25, 14, 9, 21] ;;; build;      ---> Cleaning prior...
[2026, 9, 25, 14, 9, 21] ;;; build;      ---> Cloning basemod...
[2026, 9, 25, 14, 9, 21] ;;; build;      ---> Batch remaning...
[2026, 9, 25, 14, 9, 21] ;;; build;      ---> Running gradle...
[2026, 9, 25, 14, 9, 26] ;;; build;      ---> Unpacking generated jar file...
[2026, 9, 25, 14, 9, 26] ;;; build;      ---> Injecting generated assets into temp dir...
[2026, 9, 25, 14, 9, 26] ;;; build;    --> Injecting block tags...
[2026, 9, 25, 14, 9, 27] ;;; build;    --> Duplicating function folder for backported versions...
[2026, 9, 25, 14, 9, 27] ;;; build;    --> Packing into jar file...
[2026, 9, 25, 14, 9, 28] ;;; build;    --> Cleaning Up...
[2026, 9, 25, 14, 9, 29] ;;; build;    --> Done.
[2026, 9, 25, 14, 9, 29] ;;; build;    > Compiling for forge-1.20.1...
[2026, 9, 25, 14, 9, 29] ;;; build;    --> Cleaning temp directory...
[2026, 9, 25, 14, 9, 29] ;;; build;    --> Unpacking base jar file...
[2026, 9, 25, 14, 9, 29] ;;; build;    --> Copying compiled mcfunction assets...
[2026, 9, 25, 14, 9, 29] ;;; build;    --> Injecting logo...
[2026, 9, 25, 14, 9, 29] ;;; build;    --> Injecting config defaults...
[2026, 9, 25, 14, 9, 29] ;;; build;    --> Handling loader specifications...
[2026, 9, 25, 14, 9, 29] ;;; build;      ---> Init Forge...
[2026, 9, 25, 14, 9, 29] ;;; build;    --> Removing gstools jar files from non-gstools mod...
[2026, 9, 25, 14, 9, 29] ;;; build;    --> Base Mod Compile Requirment Detected! Compiling...
[2026, 9, 25, 14, 9, 29] ;;; build;      ---> Cleaning prior...
[2026, 9, 25, 14, 9, 30] ;;; build;      ---> Cloning basemod...
[2026, 9, 25, 14, 9, 30] ;;; build;      ---> Batch remaning...
[2026, 9, 25, 14, 9, 30] ;;; build;      ---> Running gradle...
[2026, 9, 25, 14, 9, 35] ;;; build;      ---> Unpacking generated jar file...
[2026, 9, 25, 14, 9, 35] ;;; build;      ---> Injecting generated assets into temp dir...
[2026, 9, 25, 14, 9, 35] ;;; build;    --> Injecting block tags...
[2026, 9, 25, 14, 9, 35] ;;; build;    --> Duplicating function folder for backported versions...
[2026, 9, 25, 14, 9, 36] ;;; build;    --> Packing into jar file...
[2026, 9, 25, 14, 9, 37] ;;; build;    --> Cleaning Up...
[2026, 9, 25, 14, 9, 38] ;;; build;    --> Done.
[2026, 9, 25, 14, 9, 38] ;;; build;    > Compiling for neoforge-1.20.4...
[2026, 9, 25, 14, 9, 38] ;;; build;    --> Cleaning temp directory...
[2026, 9, 25, 14, 9, 38] ;;; build;    --> Unpacking base jar file...
[2026, 9, 25, 14, 9, 38] ;;; build;    --> Copying compiled mcfunction assets...
[2026, 9, 25, 14, 9, 39] ;;; build;    --> Injecting logo...
[2026, 9, 25, 14, 9, 39] ;;; build;    --> Injecting config defaults...
[2026, 9, 25, 14, 9, 39] ;;; build;    --> Handling loader specifications...
[2026, 9, 25, 14, 9, 39] ;;; build;      ---> Init Neoforge...
[2026, 9, 25, 14, 9, 39] ;;; build;    --> Removing gstools jar files from non-gstools mod...
[2026, 9, 25, 14, 9, 39] ;;; build;    --> Base Mod Compile Requirment Detected! Compiling...
[2026, 9, 25, 14, 9, 39] ;;; build;      ---> Cleaning prior...
[2026, 9, 25, 14, 9, 39] ;;; build;      ---> Cloning basemod...
[2026, 9, 25, 14, 9, 39] ;;; build;      ---> Batch remaning...
[2026, 9, 25, 14, 9, 39] ;;; build;      ---> Running gradle...
[2026, 9, 25, 14, 9, 43] ;;; build;      ---> Unpacking generated jar file...
[2026, 9, 25, 14, 9, 43] ;;; build;      ---> Injecting generated assets into temp dir...
[2026, 9, 25, 14, 9, 43] ;;; build;    --> Injecting block tags...
[2026, 9, 25, 14, 9, 43] ;;; build;    --> Duplicating function folder for backported versions...
[2026, 9, 25, 14, 9, 43] ;;; build;    --> Packing into jar file...
[2026, 9, 25, 14, 9, 44] ;;; build;    --> Cleaning Up...
[2026, 9, 25, 14, 9, 45] ;;; build;    --> Done.
[2026, 9, 25, 14, 9, 45] ;;; build;    > Compiling for neoforge-1.20.6...
[2026, 9, 25, 14, 9, 45] ;;; build;    --> Cleaning temp directory...
[2026, 9, 25, 14, 9, 45] ;;; build;    --> Unpacking base jar file...
[2026, 9, 25, 14, 9, 46] ;;; build;    --> Copying compiled mcfunction assets...
[2026, 9, 25, 14, 9, 46] ;;; build;    --> Injecting logo...
[2026, 9, 25, 14, 9, 46] ;;; build;    --> Injecting config defaults...
[2026, 9, 25, 14, 9, 46] ;;; build;    --> Handling loader specifications...
[2026, 9, 25, 14, 9, 46] ;;; build;      ---> Init Neoforge...
[2026, 9, 25, 14, 9, 46] ;;; build;      ---> Weather2 Compat Requirment Detected.
[2026, 9, 25, 14, 9, 46] ;;; build;    --> Removing gstools jar files from non-gstools mod...
[2026, 9, 25, 14, 9, 46] ;;; build;    --> Injecting block tags...
[2026, 9, 25, 14, 9, 46] ;;; build;    --> Duplicating function folder for backported versions...
[2026, 9, 25, 14, 9, 46] ;;; build;    --> Packing into jar file...
[2026, 9, 25, 14, 9, 47] ;;; build;    --> Cleaning Up...
[2026, 9, 25, 14, 9, 48] ;;; build;    --> Done.
[2026, 9, 25, 14, 9, 48] ;;; build;    > Compiling for neoforge-1.21.1...
[2026, 9, 25, 14, 9, 48] ;;; build;    --> Cleaning temp directory...
[2026, 9, 25, 14, 9, 48] ;;; build;    --> Unpacking base jar file...
[2026, 9, 25, 14, 9, 48] ;;; build;    --> Copying compiled mcfunction assets...
[2026, 9, 25, 14, 9, 49] ;;; build;    --> Injecting logo...
[2026, 9, 25, 14, 9, 49] ;;; build;    --> Injecting config defaults...
[2026, 9, 25, 14, 9, 49] ;;; build;    --> Handling loader specifications...
[2026, 9, 25, 14, 9, 49] ;;; build;      ---> Init Neoforge...
[2026, 9, 25, 14, 9, 49] ;;; build;      ---> Weather2 Compat Requirment Detected.
[2026, 9, 25, 14, 9, 49] ;;; build;    --> Removing gstools jar files from non-gstools mod...
[2026, 9, 25, 14, 9, 49] ;;; build;    --> Injecting block tags...
[2026, 9, 25, 14, 9, 49] ;;; build;    --> Duplicating function folder for backported versions...
[2026, 9, 25, 14, 9, 49] ;;; build;    --> Packing into jar file...
[2026, 9, 25, 14, 9, 50] ;;; build;    --> Cleaning Up...
[2026, 9, 25, 14, 9, 51] ;;; build;    --> Done.
[2026, 9, 25, 14, 9, 51] ;;; build;    > Compiling for neoforge-1.21.2...
[2026, 9, 25, 14, 9, 51] ;;; build;    --> Cleaning temp directory...
[2026, 9, 25, 14, 9, 51] ;;; build;    --> Unpacking base jar file...
[2026, 9, 25, 14, 9, 51] ;;; build;    --> Copying compiled mcfunction assets...
[2026, 9, 25, 14, 9, 52] ;;; build;    --> Injecting logo...
[2026, 9, 25, 14, 9, 52] ;;; build;    --> Injecting config defaults...
[2026, 9, 25, 14, 9, 52] ;;; build;    --> Handling loader specifications...
[2026, 9, 25, 14, 9, 52] ;;; build;      ---> Init Neoforge...
[2026, 9, 25, 14, 9, 52] ;;; build;    --> Removing gstools jar files from non-gstools mod...
[2026, 9, 25, 14, 9, 52] ;;; build;    --> Injecting block tags...
[2026, 9, 25, 14, 9, 52] ;;; build;    --> Duplicating function folder for backported versions...
[2026, 9, 25, 14, 9, 52] ;;; build;    --> Packing into jar file...
[2026, 9, 25, 14, 9, 53] ;;; build;    --> Cleaning Up...
[2026, 9, 25, 14, 9, 54] ;;; build;    --> Done.
[2026, 9, 25, 14, 9, 54] ;;; build;    > Compiling for neoforge-1.21.4...
[2026, 9, 25, 14, 9, 54] ;;; build;    --> Cleaning temp directory...
[2026, 9, 25, 14, 9, 54] ;;; build;    --> Unpacking base jar file...
[2026, 9, 25, 14, 9, 54] ;;; build;    --> Copying compiled mcfunction assets...
[2026, 9, 25, 14, 9, 54] ;;; build;    --> Injecting logo...
[2026, 9, 25, 14, 9, 55] ;;; build;    --> Injecting config defaults...
[2026, 9, 25, 14, 9, 55] ;;; build;    --> Handling loader specifications...
[2026, 9, 25, 14, 9, 55] ;;; build;      ---> Init Neoforge...
[2026, 9, 25, 14, 9, 55] ;;; build;    --> Removing gstools jar files from non-gstools mod...
[2026, 9, 25, 14, 9, 55] ;;; build;    --> Injecting block tags...
[2026, 9, 25, 14, 9, 55] ;;; build;    --> Duplicating function folder for backported versions...
[2026, 9, 25, 14, 9, 55] ;;; build;    --> Packing into jar file...
[2026, 9, 25, 14, 9, 56] ;;; build;    --> Cleaning Up...
[2026, 9, 25, 14, 9, 57] ;;; build;    --> Done.
[2026, 9, 25, 14, 9, 57] ;;; build;    > Compiling for neoforge-1.21.5...
[2026, 9, 25, 14, 9, 57] ;;; build;    --> Cleaning temp directory...
[2026, 9, 25, 14, 9, 57] ;;; build;    --> Unpacking base jar file...
[2026, 9, 25, 14, 9, 57] ;;; build;    --> Copying compiled mcfunction assets...
[2026, 9, 25, 14, 9, 58] ;;; build;    --> Injecting logo...
[2026, 9, 25, 14, 9, 58] ;;; build;    --> Injecting config defaults...
[2026, 9, 25, 14, 9, 58] ;;; build;    --> Handling loader specifications...
[2026, 9, 25, 14, 9, 58] ;;; build;      ---> Init Neoforge...
[2026, 9, 25, 14, 9, 58] ;;; build;    --> Removing gstools jar files from non-gstools mod...
[2026, 9, 25, 14, 9, 58] ;;; build;    --> Injecting block tags...
[2026, 9, 25, 14, 9, 58] ;;; build;    --> Duplicating function folder for backported versions...
[2026, 9, 25, 14, 9, 58] ;;; build;    --> Packing into jar file...
[2026, 9, 25, 14, 9, 59] ;;; build;    --> Cleaning Up...
[2026, 9, 25, 14, 10, 0] ;;; build;    --> Done.
[2026, 9, 25, 14, 10, 0] ;;; build;    > Compiling for neoforge-1.21.8...
[2026, 9, 25, 14, 10, 0] ;;; build;    --> Cleaning temp directory...
[2026, 9, 25, 14, 10, 0] ;;; build;    --> Unpacking base jar file...
[2026, 9, 25, 14, 10, 0] ;;; build;    --> Copying compiled mcfunction assets...
[2026, 9, 25, 14, 10, 0] ;;; build;    --> Injecting logo...
[2026, 9, 25, 14, 10, 0] ;;; build;    --> Injecting config defaults...
[2026, 9, 25, 14, 10, 0] ;;; build;    --> Handling loader specifications...
[2026, 9, 25, 14, 10, 0] ;;; build;      ---> Init Neoforge...
[2026, 9, 25, 14, 10, 0] ;;; build;    --> Removing gstools jar files from non-gstools mod...
[2026, 9, 25, 14, 10, 1] ;;; build;    --> Injecting block tags...
[2026, 9, 25, 14, 10, 1] ;;; build;    --> Duplicating function folder for backported versions...
[2026, 9, 25, 14, 10, 1] ;;; build;    --> Packing into jar file...
[2026, 9, 25, 14, 10, 2] ;;; build;    --> Cleaning Up...
[2026, 9, 25, 14, 10, 2] ;;; build;    --> Done.
[2026, 9, 25, 14, 10, 2] ;;; build;    > Compiling for neoforge-26.1...
[2026, 9, 25, 14, 10, 2] ;;; build;    --> Cleaning temp directory...
[2026, 9, 25, 14, 10, 3] ;;; build;    --> Unpacking base jar file...
[2026, 9, 25, 14, 10, 3] ;;; build;    --> Copying compiled mcfunction assets...
[2026, 9, 25, 14, 10, 3] ;;; build;    --> Injecting logo...
[2026, 9, 25, 14, 10, 3] ;;; build;    --> Injecting config defaults...
[2026, 9, 25, 14, 10, 3] ;;; build;    --> Handling loader specifications...
[2026, 9, 25, 14, 10, 3] ;;; build;      ---> Init Neoforge...
[2026, 9, 25, 14, 10, 3] ;;; build;    --> Removing gstools jar files from non-gstools mod...
[2026, 9, 25, 14, 10, 3] ;;; build;    --> Injecting block tags...
[2026, 9, 25, 14, 10, 3] ;;; build;    --> Duplicating function folder for backported versions...
[2026, 9, 25, 14, 10, 3] ;;; build;    --> Packing into jar file...
[2026, 9, 25, 14, 10, 4] ;;; build;    --> Cleaning Up...
[2026, 9, 25, 14, 10, 5] ;;; build;    --> Done.
[2026, 9, 25, 14, 10, 5] ;;; build;    > Compiling for neoforge-26.2...
[2026, 9, 25, 14, 10, 5] ;;; build;    --> Cleaning temp directory...
[2026, 9, 25, 14, 10, 6] ;;; build;    --> Unpacking base jar file...
[2026, 9, 25, 14, 10, 6] ;;; build;    --> Copying compiled mcfunction assets...
[2026, 9, 25, 14, 10, 6] ;;; build;    --> Injecting logo...
[2026, 9, 25, 14, 10, 6] ;;; build;    --> Injecting config defaults...
[2026, 9, 25, 14, 10, 6] ;;; build;    --> Handling loader specifications...
[2026, 9, 25, 14, 10, 6] ;;; build;      ---> Init Neoforge...
[2026, 9, 25, 14, 10, 6] ;;; build;    --> Removing gstools jar files from non-gstools mod...
[2026, 9, 25, 14, 10, 6] ;;; build;    --> Injecting block tags...
[2026, 9, 25, 14, 10, 6] ;;; build;    --> Duplicating function folder for backported versions...
[2026, 9, 25, 14, 10, 6] ;;; build;    --> Packing into jar file...
[2026, 9, 25, 14, 10, 6] ;;; build;    --> Cleaning Up...
[2026, 9, 25, 14, 10, 8] ;;; build;    --> Done.
[2026, 9, 25, 14, 10, 8] ;;; build;    > Compiling for neoforge-26.3...
[2026, 9, 25, 14, 10, 8] ;;; build;    --> Cleaning temp directory...
[2026, 9, 25, 14, 10, 8] ;;; build;    --> Unpacking base jar file...
[2026, 9, 25, 14, 10, 8] ;;; build;    --> Copying compiled mcfunction assets...
[2026, 9, 25, 14, 10, 8] ;;; build;    --> Injecting logo...
[2026, 9, 25, 14, 10, 8] ;;; build;    --> Injecting config defaults...
[2026, 9, 25, 14, 10, 8] ;;; build;    --> Handling loader specifications...
[2026, 9, 25, 14, 10, 8] ;;; build;      ---> Init Neoforge...
[2026, 9, 25, 14, 10, 8] ;;; build;    --> Removing gstools jar files from non-gstools mod...
[2026, 9, 25, 14, 10, 9] ;;; build;    --> Injecting block tags...
[2026, 9, 25, 14, 10, 9] ;;; build;    --> Duplicating function folder for backported versions...
[2026, 9, 25, 14, 10, 9] ;;; build;    --> Packing into jar file...
[2026, 9, 25, 14, 10, 9] ;;; build;    --> Cleaning Up...
[2026, 9, 25, 14, 10, 9] ;;; build;    --> Done.
[2026, 9, 25, 14, 10, 9] ;;; build;    > Renaming zip files to jar files...
[2026, 9, 25, 14, 10, 10] ;;; build;    > Resetting to cached game versions config...
[2026, 9, 25, 14, 10, 10] ;;; build;    > Build Complete.
[2026, 9, 25, 14, 10, 10] ;;; build; Compiling datapack enhanced_survival into mod...
[2026, 9, 25, 14, 10, 10] ;;; build;    > Detecting split versions...
[2026, 9, 25, 14, 10, 10] ;;; build;    --> Nothing to delete after.
[2026, 9, 25, 14, 10, 10] ;;; build;    > Beginning build block...
[2026, 9, 25, 14, 10, 10] ;;; build;    > Compiling for fabric-1.21.8...
[2026, 9, 25, 14, 10, 10] ;;; build;    --> Cleaning temp directory...
[2026, 9, 25, 14, 10, 12] ;;; build;    --> Unpacking base jar file...
[2026, 9, 25, 14, 10, 12] ;;; build;    --> Copying compiled mcfunction assets...
[2026, 9, 25, 14, 10, 17] ;;; build;    --> Injecting logo...
[2026, 9, 25, 14, 10, 17] ;;; build;    --> Injecting config defaults...
[2026, 9, 25, 14, 10, 17] ;;; build;    --> Handling loader specifications...
[2026, 9, 25, 14, 10, 17] ;;; build;      ---> Init Fabric...
[2026, 9, 25, 14, 10, 17] ;;; build;    --> Injecting assets...
[2026, 9, 25, 14, 10, 17] ;;; build;    --> Compiling Loot Tables...
[2026, 9, 25, 14, 10, 18] ;;; build;      ---> Downloading vanilla jar...
[2026, 9, 25, 14, 10, 19] ;;; build;      ---> Unpacking vanilla jar...
[2026, 9, 25, 14, 10, 49] ;;; build;      ---> Injecting mod with vanilla jar files...
[2026, 9, 25, 14, 10, 50] ;;; build;      ---> Processing Loot Tables...
[2026, 9, 25, 14, 11, 2] ;;; build;      ---> Cleaning Up...
[2026, 9, 25, 14, 11, 20] ;;; build;      ---> Done.
[2026, 9, 25, 14, 11, 20] ;;; build;    --> Removing gstools jar files from non-gstools mod...
[2026, 9, 25, 14, 11, 20] ;;; build;    --> Injecting block tags...
[2026, 9, 25, 14, 11, 20] ;;; build;    --> Duplicating function folder for backported versions...
[2026, 9, 25, 14, 11, 20] ;;; build;    --> Packing into jar file...
[2026, 9, 25, 14, 11, 30] ;;; build;    --> Cleaning Up...
[2026, 9, 25, 14, 11, 37] ;;; build;    --> Done.
[2026, 9, 25, 14, 11, 37] ;;; build;    > Compiling for fabric-1.21.9...
[2026, 9, 25, 14, 11, 37] ;;; build;    --> Cleaning temp directory...
[2026, 9, 25, 14, 11, 37] ;;; build;    --> Unpacking base jar file...
[2026, 9, 25, 14, 11, 37] ;;; build;    --> Copying compiled mcfunction assets...
[2026, 9, 25, 14, 11, 41] ;;; build;    --> Injecting logo...
[2026, 9, 25, 14, 11, 41] ;;; build;    --> Injecting config defaults...
[2026, 9, 25, 14, 11, 41] ;;; build;    --> Handling loader specifications...
[2026, 9, 25, 14, 11, 41] ;;; build;      ---> Init Fabric...
[2026, 9, 25, 14, 11, 41] ;;; build;    --> Injecting assets...
[2026, 9, 25, 14, 11, 41] ;;; build;    --> Compiling Loot Tables...
[2026, 9, 25, 14, 11, 41] ;;; build;      ---> Downloading vanilla jar...
[2026, 9, 25, 14, 11, 42] ;;; build;      ---> Unpacking vanilla jar...
[2026, 9, 25, 14, 12, 5] ;;; build;      ---> Injecting mod with vanilla jar files...
[2026, 9, 25, 14, 12, 6] ;;; build;      ---> Processing Loot Tables...
[2026, 9, 25, 14, 12, 18] ;;; build;      ---> Cleaning Up...
[2026, 9, 25, 14, 12, 36] ;;; build;      ---> Done.
[2026, 9, 25, 14, 12, 36] ;;; build;    --> Removing gstools jar files from non-gstools mod...
[2026, 9, 25, 14, 12, 36] ;;; build;    --> Injecting block tags...
[2026, 9, 25, 14, 12, 36] ;;; build;    --> Duplicating function folder for backported versions...
[2026, 9, 25, 14, 12, 36] ;;; build;    --> Packing into jar file...
[2026, 9, 25, 14, 12, 43] ;;; build;    --> Cleaning Up...
[2026, 9, 25, 14, 12, 50] ;;; build;    --> Done.
[2026, 9, 25, 14, 12, 50] ;;; build;    > Compiling for fabric-26.1...
[2026, 9, 25, 14, 12, 50] ;;; build;    --> Cleaning temp directory...
[2026, 9, 25, 14, 12, 50] ;;; build;    --> Unpacking base jar file...
[2026, 9, 25, 14, 12, 50] ;;; build;    --> Copying compiled mcfunction assets...
[2026, 9, 25, 14, 12, 53] ;;; build;    --> Injecting logo...
[2026, 9, 25, 14, 12, 53] ;;; build;    --> Injecting config defaults...
[2026, 9, 25, 14, 12, 53] ;;; build;    --> Handling loader specifications...
[2026, 9, 25, 14, 12, 53] ;;; build;      ---> Init Fabric...
[2026, 9, 25, 14, 12, 53] ;;; build;    --> Injecting assets...
[2026, 9, 25, 14, 12, 53] ;;; build;    --> Compiling Loot Tables...
[2026, 9, 25, 14, 12, 53] ;;; build;      ---> Downloading vanilla jar...
[2026, 9, 25, 14, 12, 55] ;;; build;      ---> Unpacking vanilla jar...
[2026, 9, 25, 14, 13, 18] ;;; build;      ---> Injecting mod with vanilla jar files...
[2026, 9, 25, 14, 13, 19] ;;; build;      ---> Processing Loot Tables...
[2026, 9, 25, 14, 13, 29] ;;; build;      ---> Cleaning Up...
[2026, 9, 25, 14, 13, 46] ;;; build;      ---> Done.
[2026, 9, 25, 14, 13, 46] ;;; build;    --> Removing gstools jar files from non-gstools mod...
[2026, 9, 25, 14, 13, 46] ;;; build;    --> Injecting block tags...
[2026, 9, 25, 14, 13, 46] ;;; build;    --> Duplicating function folder for backported versions...
[2026, 9, 25, 14, 13, 46] ;;; build;    --> Packing into jar file...
[2026, 9, 25, 14, 13, 52] ;;; build;    --> Cleaning Up...
[2026, 9, 25, 14, 13, 59] ;;; build;    --> Done.
[2026, 9, 25, 14, 13, 59] ;;; build;    > Compiling for fabric-26.2...
[2026, 9, 25, 14, 13, 59] ;;; build;    --> Cleaning temp directory...
[2026, 9, 25, 14, 14, 0] ;;; build;    --> Unpacking base jar file...
[2026, 9, 25, 14, 14, 0] ;;; build;    --> Copying compiled mcfunction assets...
[2026, 9, 25, 14, 14, 3] ;;; build;    --> Injecting logo...
[2026, 9, 25, 14, 14, 3] ;;; build;    --> Injecting config defaults...
[2026, 9, 25, 14, 14, 3] ;;; build;    --> Handling loader specifications...
[2026, 9, 25, 14, 14, 3] ;;; build;      ---> Init Fabric...
[2026, 9, 25, 14, 14, 3] ;;; build;    --> Injecting assets...
[2026, 9, 25, 14, 14, 4] ;;; build;    --> Compiling Loot Tables...
[2026, 9, 25, 14, 14, 4] ;;; build;      ---> Downloading vanilla jar...
[2026, 9, 25, 14, 14, 5] ;;; build;      ---> Unpacking vanilla jar...
[2026, 9, 25, 14, 14, 28] ;;; build;      ---> Injecting mod with vanilla jar files...
[2026, 9, 25, 14, 14, 29] ;;; build;      ---> Processing Loot Tables...
[2026, 9, 25, 14, 14, 43] ;;; build;      ---> Cleaning Up...
[2026, 9, 25, 14, 15, 3] ;;; build;      ---> Done.
[2026, 9, 25, 14, 15, 3] ;;; build;    --> Removing gstools jar files from non-gstools mod...
[2026, 9, 25, 14, 15, 3] ;;; build;    --> Injecting block tags...
[2026, 9, 25, 14, 15, 3] ;;; build;    --> Duplicating function folder for backported versions...
[2026, 9, 25, 14, 15, 3] ;;; build;    --> Packing into jar file...
[2026, 9, 25, 14, 15, 13] ;;; build;    --> Cleaning Up...
[2026, 9, 25, 14, 15, 21] ;;; build;    --> Done.
[2026, 9, 25, 14, 15, 21] ;;; build;    > Compiling for fabric-26.3...
[2026, 9, 25, 14, 15, 21] ;;; build;    --> Cleaning temp directory...
[2026, 9, 25, 14, 15, 21] ;;; build;    --> Unpacking base jar file...
[2026, 9, 25, 14, 15, 21] ;;; build;    --> Copying compiled mcfunction assets...
[2026, 9, 25, 14, 15, 25] ;;; build;    --> Injecting logo...
[2026, 9, 25, 14, 15, 25] ;;; build;    --> Injecting config defaults...
[2026, 9, 25, 14, 15, 25] ;;; build;    --> Handling loader specifications...
[2026, 9, 25, 14, 15, 25] ;;; build;      ---> Init Fabric...
[2026, 9, 25, 14, 15, 25] ;;; build;    --> Injecting assets...
[2026, 9, 25, 14, 15, 25] ;;; build;    --> Compiling Loot Tables...
[2026, 9, 25, 14, 15, 25] ;;; build;    --> Removing gstools jar files from non-gstools mod...
[2026, 9, 25, 14, 15, 25] ;;; build;    --> Injecting block tags...
[2026, 9, 25, 14, 15, 25] ;;; build;    --> Duplicating function folder for backported versions...
[2026, 9, 25, 14, 15, 25] ;;; build;    --> Packing into jar file...
[2026, 9, 25, 14, 15, 33] ;;; build;    --> Cleaning Up...
[2026, 9, 25, 14, 15, 41] ;;; build;    --> Done.
[2026, 9, 25, 14, 15, 41] ;;; build;    > Compiling for forge-1.19.4...
[2026, 9, 25, 14, 15, 41] ;;; build;    --> Cleaning temp directory...
[2026, 9, 25, 14, 15, 42] ;;; build;    --> Unpacking base jar file...
[2026, 9, 25, 14, 15, 42] ;;; build;    --> Copying compiled mcfunction assets...
[2026, 9, 25, 14, 15, 46] ;;; build;    --> Injecting logo...
[2026, 9, 25, 14, 15, 46] ;;; build;    --> Injecting config defaults...
[2026, 9, 25, 14, 15, 46] ;;; build;    --> Handling loader specifications...
[2026, 9, 25, 14, 15, 46] ;;; build;      ---> Init Forge...
[2026, 9, 25, 14, 15, 46] ;;; build;    --> Injecting assets...
[2026, 9, 25, 14, 15, 47] ;;; build;    --> Compiling Loot Tables...
[2026, 9, 25, 14, 15, 47] ;;; build;      ---> Downloading vanilla jar...
[2026, 9, 25, 14, 15, 48] ;;; build;      ---> Unpacking vanilla jar...
[2026, 9, 25, 14, 16, 9] ;;; build;      ---> Injecting mod with vanilla jar files...
[2026, 9, 25, 14, 16, 16] ;;; build;      ---> Processing Loot Tables...
[2026, 9, 25, 14, 16, 27] ;;; build;      ---> Cleaning Up...
[2026, 9, 25, 14, 16, 42] ;;; build;      ---> Done.
[2026, 9, 25, 14, 16, 43] ;;; build;    --> Removing gstools jar files from non-gstools mod...
[2026, 9, 25, 14, 16, 43] ;;; build;    --> Base Mod Compile Requirment Detected! Compiling...
[2026, 9, 25, 14, 16, 43] ;;; build;      ---> Cleaning prior...
[2026, 9, 25, 14, 16, 43] ;;; build;      ---> Cloning basemod...
[2026, 9, 25, 14, 16, 43] ;;; build;      ---> Batch remaning...
[2026, 9, 25, 14, 16, 43] ;;; build;      ---> Running gradle...
[2026, 9, 25, 14, 16, 49] ;;; build;      ---> Unpacking generated jar file...
[2026, 9, 25, 14, 16, 49] ;;; build;      ---> Injecting generated assets into temp dir...
[2026, 9, 25, 14, 16, 49] ;;; build;    --> Injecting block tags...
[2026, 9, 25, 14, 16, 49] ;;; build;    --> Duplicating function folder for backported versions...
[2026, 9, 25, 14, 16, 49] ;;; build;    --> Packing into jar file...
[2026, 9, 25, 14, 16, 58] ;;; build;    --> Cleaning Up...
[2026, 9, 25, 14, 17, 5] ;;; build;    --> Done.
[2026, 9, 25, 14, 17, 5] ;;; build;    > Compiling for forge-1.20.1...
[2026, 9, 25, 14, 17, 5] ;;; build;    --> Cleaning temp directory...
[2026, 9, 25, 14, 17, 5] ;;; build;    --> Unpacking base jar file...
[2026, 9, 25, 14, 17, 5] ;;; build;    --> Copying compiled mcfunction assets...
[2026, 9, 25, 14, 17, 10] ;;; build;    --> Injecting logo...
[2026, 9, 25, 14, 17, 10] ;;; build;    --> Injecting config defaults...
[2026, 9, 25, 14, 17, 10] ;;; build;    --> Handling loader specifications...
[2026, 9, 25, 14, 17, 10] ;;; build;      ---> Init Forge...
[2026, 9, 25, 14, 17, 10] ;;; build;    --> Injecting assets...
[2026, 9, 25, 14, 17, 10] ;;; build;    --> Compiling Loot Tables...
[2026, 9, 25, 14, 17, 10] ;;; build;      ---> Downloading vanilla jar...
[2026, 9, 25, 14, 17, 11] ;;; build;      ---> Unpacking vanilla jar...
[2026, 9, 25, 14, 17, 37] ;;; build;      ---> Injecting mod with vanilla jar files...
[2026, 9, 25, 14, 17, 46] ;;; build;      ---> Processing Loot Tables...
[2026, 9, 25, 14, 17, 56] ;;; build;      ---> Cleaning Up...
[2026, 9, 25, 14, 18, 12] ;;; build;      ---> Done.
[2026, 9, 25, 14, 18, 12] ;;; build;    --> Removing gstools jar files from non-gstools mod...
[2026, 9, 25, 14, 18, 17] ;;; build;    --> Base Mod Compile Requirment Detected! Compiling...
[2026, 9, 25, 14, 18, 17] ;;; build;      ---> Cleaning prior...
[2026, 9, 25, 14, 18, 17] ;;; build;      ---> Cloning basemod...
[2026, 9, 25, 14, 18, 17] ;;; build;      ---> Batch remaning...
[2026, 9, 25, 14, 18, 17] ;;; build;      ---> Running gradle...
[2026, 9, 25, 14, 18, 23] ;;; build;      ---> Unpacking generated jar file...
[2026, 9, 25, 14, 18, 23] ;;; build;      ---> Injecting generated assets into temp dir...
[2026, 9, 25, 14, 18, 23] ;;; build;    --> Injecting block tags...
[2026, 9, 25, 14, 18, 23] ;;; build;    --> Duplicating function folder for backported versions...
[2026, 9, 25, 14, 18, 23] ;;; build;    --> Packing into jar file...
[2026, 9, 25, 14, 18, 30] ;;; build;    --> Cleaning Up...
[2026, 9, 25, 14, 18, 36] ;;; build;    --> Done.
[2026, 9, 25, 14, 18, 36] ;;; build;    > Compiling for neoforge-1.20.4...
[2026, 9, 25, 14, 18, 36] ;;; build;    --> Cleaning temp directory...
[2026, 9, 25, 14, 18, 37] ;;; build;    --> Unpacking base jar file...
[2026, 9, 25, 14, 18, 37] ;;; build;    --> Copying compiled mcfunction assets...
[2026, 9, 25, 14, 18, 41] ;;; build;    --> Injecting logo...
[2026, 9, 25, 14, 18, 41] ;;; build;    --> Injecting config defaults...
[2026, 9, 25, 14, 18, 41] ;;; build;    --> Handling loader specifications...
[2026, 9, 25, 14, 18, 41] ;;; build;      ---> Init Neoforge...
[2026, 9, 25, 14, 18, 41] ;;; build;    --> Injecting assets...
[2026, 9, 25, 14, 18, 41] ;;; build;    --> Compiling Loot Tables...
[2026, 9, 25, 14, 18, 41] ;;; build;      ---> Downloading vanilla jar...
[2026, 9, 25, 14, 18, 42] ;;; build;      ---> Unpacking vanilla jar...
[2026, 9, 25, 14, 18, 49] ;;; build;      ---> Injecting mod with vanilla jar files...
[2026, 9, 25, 14, 18, 55] ;;; build;      ---> Processing Loot Tables...
[2026, 9, 25, 14, 18, 55] ;;; build;      ---> Cleaning Up...
[2026, 9, 25, 14, 19, 2] ;;; build;      ---> Done.
[2026, 9, 25, 14, 19, 2] ;;; build;    --> Removing gstools jar files from non-gstools mod...
[2026, 9, 25, 14, 19, 2] ;;; build;    --> Base Mod Compile Requirment Detected! Compiling...
[2026, 9, 25, 14, 19, 2] ;;; build;      ---> Cleaning prior...
[2026, 9, 25, 14, 19, 2] ;;; build;      ---> Cloning basemod...
[2026, 9, 25, 14, 19, 2] ;;; build;      ---> Batch remaning...
[2026, 9, 25, 14, 19, 2] ;;; build;      ---> Running gradle...
[2026, 9, 25, 14, 19, 6] ;;; build;      ---> Unpacking generated jar file...
[2026, 9, 25, 14, 19, 6] ;;; build;      ---> Injecting generated assets into temp dir...
[2026, 9, 25, 14, 19, 6] ;;; build;    --> Injecting block tags...
[2026, 9, 25, 14, 19, 6] ;;; build;    --> Duplicating function folder for backported versions...
[2026, 9, 25, 14, 19, 6] ;;; build;    --> Packing into jar file...
[2026, 9, 25, 14, 19, 7] ;;; build;    --> Cleaning Up...
[2026, 9, 25, 14, 19, 8] ;;; build;    --> Done.
[2026, 9, 25, 14, 19, 8] ;;; build;    > Compiling for neoforge-1.20.6...
[2026, 9, 25, 14, 19, 8] ;;; build;    --> Cleaning temp directory...
[2026, 9, 25, 14, 19, 8] ;;; build;    --> Unpacking base jar file...
[2026, 9, 25, 14, 19, 8] ;;; build;    --> Copying compiled mcfunction assets...
[2026, 9, 25, 14, 19, 11] ;;; build;    --> Injecting logo...
[2026, 9, 25, 14, 19, 11] ;;; build;    --> Injecting config defaults...
[2026, 9, 25, 14, 19, 11] ;;; build;    --> Handling loader specifications...
[2026, 9, 25, 14, 19, 11] ;;; build;      ---> Init Neoforge...
[2026, 9, 25, 14, 19, 11] ;;; build;      ---> Weather2 Compat Requirment Detected.
[2026, 9, 25, 14, 19, 11] ;;; build;    --> Injecting assets...
[2026, 9, 25, 14, 19, 12] ;;; build;    --> Compiling Loot Tables...
[2026, 9, 25, 14, 19, 12] ;;; build;      ---> Downloading vanilla jar...
[2026, 9, 25, 14, 19, 13] ;;; build;      ---> Unpacking vanilla jar...
[2026, 9, 25, 14, 19, 33] ;;; build;      ---> Injecting mod with vanilla jar files...
[2026, 9, 25, 14, 19, 34] ;;; build;      ---> Processing Loot Tables...
[2026, 9, 25, 14, 19, 43] ;;; build;      ---> Cleaning Up...
[2026, 9, 25, 14, 19, 58] ;;; build;      ---> Done.
[2026, 9, 25, 14, 19, 58] ;;; build;    --> Removing gstools jar files from non-gstools mod...
[2026, 9, 25, 14, 19, 58] ;;; build;    --> Injecting block tags...
[2026, 9, 25, 14, 19, 58] ;;; build;    --> Duplicating function folder for backported versions...
[2026, 9, 25, 14, 19, 58] ;;; build;    --> Packing into jar file...
[2026, 9, 25, 14, 20, 4] ;;; build;    --> Cleaning Up...
[2026, 9, 25, 14, 20, 10] ;;; build;    --> Done.
[2026, 9, 25, 14, 20, 10] ;;; build;    > Compiling for neoforge-1.21.1...
[2026, 9, 25, 14, 20, 10] ;;; build;    --> Cleaning temp directory...
[2026, 9, 25, 14, 20, 11] ;;; build;    --> Unpacking base jar file...
[2026, 9, 25, 14, 20, 11] ;;; build;    --> Copying compiled mcfunction assets...
[2026, 9, 25, 14, 20, 14] ;;; build;    --> Injecting logo...
[2026, 9, 25, 14, 20, 14] ;;; build;    --> Injecting config defaults...
[2026, 9, 25, 14, 20, 14] ;;; build;    --> Handling loader specifications...
[2026, 9, 25, 14, 20, 14] ;;; build;      ---> Init Neoforge...
[2026, 9, 25, 14, 20, 14] ;;; build;      ---> Weather2 Compat Requirment Detected.
[2026, 9, 25, 14, 20, 14] ;;; build;    --> Injecting assets...
[2026, 9, 25, 14, 20, 14] ;;; build;    --> Compiling Loot Tables...
[2026, 9, 25, 14, 20, 15] ;;; build;      ---> Downloading vanilla jar...
[2026, 9, 25, 14, 20, 16] ;;; build;      ---> Unpacking vanilla jar...
[2026, 9, 25, 14, 20, 34] ;;; build;      ---> Injecting mod with vanilla jar files...
[2026, 9, 25, 14, 20, 35] ;;; build;      ---> Processing Loot Tables...
[2026, 9, 25, 14, 20, 44] ;;; build;      ---> Cleaning Up...
[2026, 9, 25, 14, 20, 59] ;;; build;      ---> Done.
[2026, 9, 25, 14, 20, 59] ;;; build;    --> Removing gstools jar files from non-gstools mod...
[2026, 9, 25, 14, 21, 0] ;;; build;    --> Injecting block tags...
[2026, 9, 25, 14, 21, 0] ;;; build;    --> Duplicating function folder for backported versions...
[2026, 9, 25, 14, 21, 0] ;;; build;    --> Packing into jar file...
[2026, 9, 25, 14, 21, 5] ;;; build;    --> Cleaning Up...
[2026, 9, 25, 14, 21, 11] ;;; build;    --> Done.
[2026, 9, 25, 14, 21, 11] ;;; build;    > Compiling for neoforge-1.21.2...
[2026, 9, 25, 14, 21, 11] ;;; build;    --> Cleaning temp directory...
[2026, 9, 25, 14, 21, 12] ;;; build;    --> Unpacking base jar file...
[2026, 9, 25, 14, 21, 12] ;;; build;    --> Copying compiled mcfunction assets...
[2026, 9, 25, 14, 21, 15] ;;; build;    --> Injecting logo...
[2026, 9, 25, 14, 21, 15] ;;; build;    --> Injecting config defaults...
[2026, 9, 25, 14, 21, 15] ;;; build;    --> Handling loader specifications...
[2026, 9, 25, 14, 21, 15] ;;; build;      ---> Init Neoforge...
[2026, 9, 25, 14, 21, 15] ;;; build;    --> Injecting assets...
[2026, 9, 25, 14, 21, 15] ;;; build;    --> Compiling Loot Tables...
[2026, 9, 25, 14, 21, 15] ;;; build;      ---> Downloading vanilla jar...
[2026, 9, 25, 14, 21, 17] ;;; build;      ---> Unpacking vanilla jar...
[2026, 9, 25, 14, 21, 36] ;;; build;      ---> Injecting mod with vanilla jar files...
[2026, 9, 25, 14, 21, 37] ;;; build;      ---> Processing Loot Tables...
[2026, 9, 25, 14, 21, 45] ;;; build;      ---> Cleaning Up...
[2026, 9, 25, 14, 22, 0] ;;; build;      ---> Done.
[2026, 9, 25, 14, 22, 0] ;;; build;    --> Removing gstools jar files from non-gstools mod...
[2026, 9, 25, 14, 22, 0] ;;; build;    --> Injecting block tags...
[2026, 9, 25, 14, 22, 0] ;;; build;    --> Duplicating function folder for backported versions...
[2026, 9, 25, 14, 22, 0] ;;; build;    --> Packing into jar file...
[2026, 9, 25, 14, 22, 7] ;;; build;    --> Cleaning Up...
[2026, 9, 25, 14, 22, 13] ;;; build;    --> Done.
[2026, 9, 25, 14, 22, 13] ;;; build;    > Compiling for neoforge-1.21.4...
[2026, 9, 25, 14, 22, 13] ;;; build;    --> Cleaning temp directory...
[2026, 9, 25, 14, 22, 13] ;;; build;    --> Unpacking base jar file...
[2026, 9, 25, 14, 22, 13] ;;; build;    --> Copying compiled mcfunction assets...
[2026, 9, 25, 14, 22, 16] ;;; build;    --> Injecting logo...
[2026, 9, 25, 14, 22, 16] ;;; build;    --> Injecting config defaults...
[2026, 9, 25, 14, 22, 16] ;;; build;    --> Handling loader specifications...
[2026, 9, 25, 14, 22, 16] ;;; build;      ---> Init Neoforge...
[2026, 9, 25, 14, 22, 16] ;;; build;    --> Injecting assets...
[2026, 9, 25, 14, 22, 16] ;;; build;    --> Compiling Loot Tables...
[2026, 9, 25, 14, 22, 17] ;;; build;      ---> Downloading vanilla jar...
[2026, 9, 25, 14, 22, 18] ;;; build;      ---> Unpacking vanilla jar...
[2026, 9, 25, 14, 22, 37] ;;; build;      ---> Injecting mod with vanilla jar files...
[2026, 9, 25, 14, 22, 38] ;;; build;      ---> Processing Loot Tables...
[2026, 9, 25, 14, 22, 47] ;;; build;      ---> Cleaning Up...
[2026, 9, 25, 14, 23, 3] ;;; build;      ---> Done.
[2026, 9, 25, 14, 23, 3] ;;; build;    --> Removing gstools jar files from non-gstools mod...
[2026, 9, 25, 14, 23, 3] ;;; build;    --> Injecting block tags...
[2026, 9, 25, 14, 23, 3] ;;; build;    --> Duplicating function folder for backported versions...
[2026, 9, 25, 14, 23, 3] ;;; build;    --> Packing into jar file...
[2026, 9, 25, 14, 23, 8] ;;; build;    --> Cleaning Up...
[2026, 9, 25, 14, 23, 15] ;;; build;    --> Done.
[2026, 9, 25, 14, 23, 15] ;;; build;    > Compiling for neoforge-1.21.5...
[2026, 9, 25, 14, 23, 15] ;;; build;    --> Cleaning temp directory...
[2026, 9, 25, 14, 23, 15] ;;; build;    --> Unpacking base jar file...
[2026, 9, 25, 14, 23, 15] ;;; build;    --> Copying compiled mcfunction assets...
[2026, 9, 25, 14, 23, 19] ;;; build;    --> Injecting logo...
[2026, 9, 25, 14, 23, 19] ;;; build;    --> Injecting config defaults...
[2026, 9, 25, 14, 23, 19] ;;; build;    --> Handling loader specifications...
[2026, 9, 25, 14, 23, 19] ;;; build;      ---> Init Neoforge...
[2026, 9, 25, 14, 23, 19] ;;; build;    --> Injecting assets...
[2026, 9, 25, 14, 23, 19] ;;; build;    --> Compiling Loot Tables...
[2026, 9, 25, 14, 23, 19] ;;; build;      ---> Downloading vanilla jar...
[2026, 9, 25, 14, 23, 20] ;;; build;      ---> Unpacking vanilla jar...
[2026, 9, 25, 14, 23, 41] ;;; build;      ---> Injecting mod with vanilla jar files...
[2026, 9, 25, 14, 23, 42] ;;; build;      ---> Processing Loot Tables...
[2026, 9, 25, 14, 23, 51] ;;; build;      ---> Cleaning Up...
[2026, 9, 25, 14, 24, 8] ;;; build;      ---> Done.
[2026, 9, 25, 14, 24, 8] ;;; build;    --> Removing gstools jar files from non-gstools mod...
[2026, 9, 25, 14, 24, 8] ;;; build;    --> Injecting block tags...
[2026, 9, 25, 14, 24, 8] ;;; build;    --> Duplicating function folder for backported versions...
[2026, 9, 25, 14, 24, 8] ;;; build;    --> Packing into jar file...
[2026, 9, 25, 14, 24, 13] ;;; build;    --> Cleaning Up...
[2026, 9, 25, 14, 24, 20] ;;; build;    --> Done.
[2026, 9, 25, 14, 24, 20] ;;; build;    > Compiling for neoforge-1.21.8...
[2026, 9, 25, 14, 24, 20] ;;; build;    --> Cleaning temp directory...
[2026, 9, 25, 14, 24, 20] ;;; build;    --> Unpacking base jar file...
[2026, 9, 25, 14, 24, 20] ;;; build;    --> Copying compiled mcfunction assets...
[2026, 9, 25, 14, 24, 25] ;;; build;    --> Injecting logo...
[2026, 9, 25, 14, 24, 25] ;;; build;    --> Injecting config defaults...
[2026, 9, 25, 14, 24, 25] ;;; build;    --> Handling loader specifications...
[2026, 9, 25, 14, 24, 25] ;;; build;      ---> Init Neoforge...
[2026, 9, 25, 14, 24, 25] ;;; build;    --> Injecting assets...
[2026, 9, 25, 14, 24, 25] ;;; build;    --> Compiling Loot Tables...
[2026, 9, 25, 14, 24, 25] ;;; build;      ---> Downloading vanilla jar...
[2026, 9, 25, 14, 24, 26] ;;; build;      ---> Unpacking vanilla jar...
[2026, 9, 25, 14, 24, 48] ;;; build;      ---> Injecting mod with vanilla jar files...
[2026, 9, 25, 14, 24, 49] ;;; build;      ---> Processing Loot Tables...
[2026, 9, 25, 14, 24, 58] ;;; build;      ---> Cleaning Up...
[2026, 9, 25, 14, 25, 15] ;;; build;      ---> Done.
[2026, 9, 25, 14, 25, 15] ;;; build;    --> Removing gstools jar files from non-gstools mod...
[2026, 9, 25, 14, 25, 15] ;;; build;    --> Injecting block tags...
[2026, 9, 25, 14, 25, 15] ;;; build;    --> Duplicating function folder for backported versions...
[2026, 9, 25, 14, 25, 15] ;;; build;    --> Packing into jar file...
[2026, 9, 25, 14, 25, 21] ;;; build;    --> Cleaning Up...
[2026, 9, 25, 14, 25, 29] ;;; build;    --> Done.
[2026, 9, 25, 14, 25, 29] ;;; build;    > Compiling for neoforge-26.1...
[2026, 9, 25, 14, 25, 29] ;;; build;    --> Cleaning temp directory...
[2026, 9, 25, 14, 25, 29] ;;; build;    --> Unpacking base jar file...
[2026, 9, 25, 14, 25, 29] ;;; build;    --> Copying compiled mcfunction assets...
[2026, 9, 25, 14, 25, 32] ;;; build;    --> Injecting logo...
[2026, 9, 25, 14, 25, 32] ;;; build;    --> Injecting config defaults...
[2026, 9, 25, 14, 25, 32] ;;; build;    --> Handling loader specifications...
[2026, 9, 25, 14, 25, 32] ;;; build;      ---> Init Neoforge...
[2026, 9, 25, 14, 25, 32] ;;; build;    --> Injecting assets...
[2026, 9, 25, 14, 25, 33] ;;; build;    --> Compiling Loot Tables...
[2026, 9, 25, 14, 25, 33] ;;; build;      ---> Downloading vanilla jar...
[2026, 9, 25, 14, 25, 35] ;;; build;      ---> Unpacking vanilla jar...
[2026, 9, 25, 14, 25, 58] ;;; build;      ---> Injecting mod with vanilla jar files...
[2026, 9, 25, 14, 25, 59] ;;; build;      ---> Processing Loot Tables...
[2026, 9, 25, 14, 26, 8] ;;; build;      ---> Cleaning Up...
[2026, 9, 25, 14, 26, 25] ;;; build;      ---> Done.
[2026, 9, 25, 14, 26, 26] ;;; build;    --> Removing gstools jar files from non-gstools mod...
[2026, 9, 25, 14, 26, 26] ;;; build;    --> Injecting block tags...
[2026, 9, 25, 14, 26, 26] ;;; build;    --> Duplicating function folder for backported versions...
[2026, 9, 25, 14, 26, 26] ;;; build;    --> Packing into jar file...
[2026, 9, 25, 14, 26, 31] ;;; build;    --> Cleaning Up...
[2026, 9, 25, 14, 26, 38] ;;; build;    --> Done.
[2026, 9, 25, 14, 26, 38] ;;; build;    > Compiling for neoforge-26.2...
[2026, 9, 25, 14, 26, 38] ;;; build;    --> Cleaning temp directory...
[2026, 9, 25, 14, 26, 38] ;;; build;    --> Unpacking base jar file...
[2026, 9, 25, 14, 26, 39] ;;; build;    --> Copying compiled mcfunction assets...
[2026, 9, 25, 14, 26, 42] ;;; build;    --> Injecting logo...
[2026, 9, 25, 14, 26, 42] ;;; build;    --> Injecting config defaults...
[2026, 9, 25, 14, 26, 42] ;;; build;    --> Handling loader specifications...
[2026, 9, 25, 14, 26, 42] ;;; build;      ---> Init Neoforge...
[2026, 9, 25, 14, 26, 42] ;;; build;    --> Injecting assets...
[2026, 9, 25, 14, 26, 42] ;;; build;    --> Compiling Loot Tables...
[2026, 9, 25, 14, 26, 42] ;;; build;      ---> Downloading vanilla jar...
[2026, 9, 25, 14, 26, 43] ;;; build;      ---> Unpacking vanilla jar...
[2026, 9, 25, 14, 27, 5] ;;; build;      ---> Injecting mod with vanilla jar files...
[2026, 9, 25, 14, 27, 6] ;;; build;      ---> Processing Loot Tables...
[2026, 9, 25, 14, 27, 19] ;;; build;      ---> Cleaning Up...
[2026, 9, 25, 14, 27, 43] ;;; build;      ---> Done.
[2026, 9, 25, 14, 27, 43] ;;; build;    --> Removing gstools jar files from non-gstools mod...
[2026, 9, 25, 14, 27, 43] ;;; build;    --> Injecting block tags...
[2026, 9, 25, 14, 27, 43] ;;; build;    --> Duplicating function folder for backported versions...
[2026, 9, 25, 14, 27, 43] ;;; build;    --> Packing into jar file...
[2026, 9, 25, 14, 27, 53] ;;; build;    --> Cleaning Up...
[2026, 9, 25, 14, 27, 59] ;;; build;    --> Done.
[2026, 9, 25, 14, 27, 59] ;;; build;    > Compiling for neoforge-26.3...
[2026, 9, 25, 14, 27, 59] ;;; build;    --> Cleaning temp directory...
[2026, 9, 25, 14, 27, 59] ;;; build;    --> Unpacking base jar file...
[2026, 9, 25, 14, 28, 0] ;;; build;    --> Copying compiled mcfunction assets...
[2026, 9, 25, 14, 28, 3] ;;; build;    --> Injecting logo...
[2026, 9, 25, 14, 28, 3] ;;; build;    --> Injecting config defaults...
[2026, 9, 25, 14, 28, 3] ;;; build;    --> Handling loader specifications...
[2026, 9, 25, 14, 28, 3] ;;; build;      ---> Init Neoforge...
[2026, 9, 25, 14, 28, 3] ;;; build;    --> Injecting assets...
[2026, 9, 25, 14, 28, 4] ;;; build;    --> Compiling Loot Tables...
[2026, 9, 25, 14, 28, 4] ;;; build;    --> Removing gstools jar files from non-gstools mod...
[2026, 9, 25, 14, 28, 4] ;;; build;    --> Injecting block tags...
[2026, 9, 25, 14, 28, 4] ;;; build;    --> Duplicating function folder for backported versions...
[2026, 9, 25, 14, 28, 4] ;;; build;    --> Packing into jar file...
[2026, 9, 25, 14, 28, 11] ;;; build;    --> Cleaning Up...
[2026, 9, 25, 14, 28, 18] ;;; build;    --> Done.
[2026, 9, 25, 14, 28, 18] ;;; build;    > Renaming zip files to jar files...
[2026, 9, 25, 14, 28, 18] ;;; build;    > Resetting to cached game versions config...
[2026, 9, 25, 14, 28, 18] ;;; build;    > Build Complete.
[2026, 9, 25, 14, 28, 18] ;;; build; Compiling datapack ghosts_and_ghouls into mod...
[2026, 9, 25, 14, 28, 18] ;;; build;    > Detecting split versions...
[2026, 9, 25, 14, 28, 18] ;;; build;    --> Nothing to delete after.
[2026, 9, 25, 14, 28, 18] ;;; build;    > Beginning build block...
[2026, 9, 25, 14, 28, 18] ;;; build;    > Compiling for fabric-1.21.8...
[2026, 9, 25, 14, 28, 18] ;;; build;    --> Cleaning temp directory...
[2026, 9, 25, 14, 28, 20] ;;; build;    --> Unpacking base jar file...
[2026, 9, 25, 14, 28, 20] ;;; build;    --> Copying compiled mcfunction assets...
[2026, 9, 25, 14, 28, 22] ;;; build;    --> Injecting logo...
[2026, 9, 25, 14, 28, 22] ;;; build;    --> Injecting config defaults...
[2026, 9, 25, 14, 28, 22] ;;; build;    --> Handling loader specifications...
[2026, 9, 25, 14, 28, 22] ;;; build;      ---> Init Fabric...
[2026, 9, 25, 14, 28, 22] ;;; build;    --> Injecting assets...
[2026, 9, 25, 14, 28, 22] ;;; build;    --> Removing gstools jar files from non-gstools mod...
[2026, 9, 25, 14, 28, 22] ;;; build;    --> Injecting block tags...
[2026, 9, 25, 14, 28, 22] ;;; build;    --> Duplicating function folder for backported versions...
[2026, 9, 25, 14, 28, 22] ;;; build;    --> Packing into jar file...
[2026, 9, 25, 14, 28, 31] ;;; build;    --> Cleaning Up...
[2026, 9, 25, 14, 28, 34] ;;; build;    --> Done.
[2026, 9, 25, 14, 28, 34] ;;; build;    > Compiling for fabric-1.21.9...
[2026, 9, 25, 14, 28, 34] ;;; build;    --> Cleaning temp directory...
[2026, 9, 25, 14, 28, 34] ;;; build;    --> Unpacking base jar file...
[2026, 9, 25, 14, 28, 34] ;;; build;    --> Copying compiled mcfunction assets...
[2026, 9, 25, 14, 28, 35] ;;; build;    --> Injecting logo...
[2026, 9, 25, 14, 28, 35] ;;; build;    --> Injecting config defaults...
[2026, 9, 25, 14, 28, 35] ;;; build;    --> Handling loader specifications...
[2026, 9, 25, 14, 28, 35] ;;; build;      ---> Init Fabric...
[2026, 9, 25, 14, 28, 35] ;;; build;    --> Injecting assets...
[2026, 9, 25, 14, 28, 35] ;;; build;    --> Removing gstools jar files from non-gstools mod...
[2026, 9, 25, 14, 28, 35] ;;; build;    --> Injecting block tags...
[2026, 9, 25, 14, 28, 35] ;;; build;    --> Duplicating function folder for backported versions...
[2026, 9, 25, 14, 28, 35] ;;; build;    --> Packing into jar file...
[2026, 9, 25, 14, 28, 41] ;;; build;    --> Cleaning Up...
[2026, 9, 25, 14, 28, 44] ;;; build;    --> Done.
[2026, 9, 25, 14, 28, 44] ;;; build;    > Compiling for fabric-26.1...
[2026, 9, 25, 14, 28, 44] ;;; build;    --> Cleaning temp directory...
[2026, 9, 25, 14, 28, 45] ;;; build;    --> Unpacking base jar file...
[2026, 9, 25, 14, 28, 45] ;;; build;    --> Copying compiled mcfunction assets...
[2026, 9, 25, 14, 28, 45] ;;; build;    --> Injecting logo...
[2026, 9, 25, 14, 28, 45] ;;; build;    --> Injecting config defaults...
[2026, 9, 25, 14, 28, 45] ;;; build;    --> Handling loader specifications...
[2026, 9, 25, 14, 28, 45] ;;; build;      ---> Init Fabric...
[2026, 9, 25, 14, 28, 45] ;;; build;    --> Injecting assets...
[2026, 9, 25, 14, 28, 46] ;;; build;    --> Removing gstools jar files from non-gstools mod...
[2026, 9, 25, 14, 28, 46] ;;; build;    --> Injecting block tags...
[2026, 9, 25, 14, 28, 46] ;;; build;    --> Duplicating function folder for backported versions...
[2026, 9, 25, 14, 28, 46] ;;; build;    --> Packing into jar file...
[2026, 9, 25, 14, 28, 51] ;;; build;    --> Cleaning Up...
[2026, 9, 25, 14, 28, 53] ;;; build;    --> Done.
[2026, 9, 25, 14, 28, 53] ;;; build;    > Compiling for fabric-26.2...
[2026, 9, 25, 14, 28, 53] ;;; build;    --> Cleaning temp directory...
[2026, 9, 25, 14, 28, 54] ;;; build;    --> Unpacking base jar file...
[2026, 9, 25, 14, 28, 54] ;;; build;    --> Copying compiled mcfunction assets...
[2026, 9, 25, 14, 28, 55] ;;; build;    --> Injecting logo...
[2026, 9, 25, 14, 28, 55] ;;; build;    --> Injecting config defaults...
[2026, 9, 25, 14, 28, 55] ;;; build;    --> Handling loader specifications...
[2026, 9, 25, 14, 28, 55] ;;; build;      ---> Init Fabric...
[2026, 9, 25, 14, 28, 55] ;;; build;    --> Injecting assets...
[2026, 9, 25, 14, 28, 55] ;;; build;    --> Removing gstools jar files from non-gstools mod...
[2026, 9, 25, 14, 28, 55] ;;; build;    --> Injecting block tags...
[2026, 9, 25, 14, 28, 55] ;;; build;    --> Duplicating function folder for backported versions...
[2026, 9, 25, 14, 28, 55] ;;; build;    --> Packing into jar file...
[2026, 9, 25, 14, 29, 1] ;;; build;    --> Cleaning Up...
[2026, 9, 25, 14, 29, 3] ;;; build;    --> Done.
[2026, 9, 25, 14, 29, 3] ;;; build;    > Compiling for fabric-26.3...
[2026, 9, 25, 14, 29, 3] ;;; build;    --> Cleaning temp directory...
[2026, 9, 25, 14, 29, 4] ;;; build;    --> Unpacking base jar file...
[2026, 9, 25, 14, 29, 4] ;;; build;    --> Copying compiled mcfunction assets...
[2026, 9, 25, 14, 29, 4] ;;; build;    --> Injecting logo...
[2026, 9, 25, 14, 29, 4] ;;; build;    --> Injecting config defaults...
[2026, 9, 25, 14, 29, 4] ;;; build;    --> Handling loader specifications...
[2026, 9, 25, 14, 29, 4] ;;; build;      ---> Init Fabric...
[2026, 9, 25, 14, 29, 4] ;;; build;    --> Injecting assets...
[2026, 9, 25, 14, 29, 5] ;;; build;    --> Removing gstools jar files from non-gstools mod...
[2026, 9, 25, 14, 29, 5] ;;; build;    --> Injecting block tags...
[2026, 9, 25, 14, 29, 5] ;;; build;    --> Duplicating function folder for backported versions...
[2026, 9, 25, 14, 29, 5] ;;; build;    --> Packing into jar file...
[2026, 9, 25, 14, 29, 10] ;;; build;    --> Cleaning Up...
[2026, 9, 25, 14, 29, 12] ;;; build;    --> Done.
[2026, 9, 25, 14, 29, 12] ;;; build;    > Compiling for forge-1.19.4...
[2026, 9, 25, 14, 29, 12] ;;; build;    --> Cleaning temp directory...
[2026, 9, 25, 14, 29, 13] ;;; build;    --> Unpacking base jar file...
[2026, 9, 25, 14, 29, 13] ;;; build;    --> Copying compiled mcfunction assets...
[2026, 9, 25, 14, 29, 14] ;;; build;    --> Injecting logo...
[2026, 9, 25, 14, 29, 14] ;;; build;    --> Injecting config defaults...
[2026, 9, 25, 14, 29, 14] ;;; build;    --> Handling loader specifications...
[2026, 9, 25, 14, 29, 14] ;;; build;      ---> Init Forge...
[2026, 9, 25, 14, 29, 14] ;;; build;    --> Injecting assets...
[2026, 9, 25, 14, 29, 14] ;;; build;    --> Removing gstools jar files from non-gstools mod...
[2026, 9, 25, 14, 29, 14] ;;; build;    --> Base Mod Compile Requirment Detected! Compiling...
[2026, 9, 25, 14, 29, 14] ;;; build;      ---> Cleaning prior...
[2026, 9, 25, 14, 29, 14] ;;; build;      ---> Cloning basemod...
[2026, 9, 25, 14, 29, 14] ;;; build;      ---> Batch remaning...
[2026, 9, 25, 14, 29, 14] ;;; build;      ---> Running gradle...
[2026, 9, 25, 14, 29, 20] ;;; build;      ---> Unpacking generated jar file...
[2026, 9, 25, 14, 29, 20] ;;; build;      ---> Injecting generated assets into temp dir...
[2026, 9, 25, 14, 29, 20] ;;; build;    --> Injecting block tags...
[2026, 9, 25, 14, 29, 20] ;;; build;    --> Duplicating function folder for backported versions...
[2026, 9, 25, 14, 29, 20] ;;; build;    --> Packing into jar file...
[2026, 9, 25, 14, 29, 26] ;;; build;    --> Cleaning Up...
[2026, 9, 25, 14, 29, 28] ;;; build;    --> Done.
[2026, 9, 25, 14, 29, 28] ;;; build;    > Compiling for forge-1.20.1...
[2026, 9, 25, 14, 29, 28] ;;; build;    --> Cleaning temp directory...
[2026, 9, 25, 14, 29, 29] ;;; build;    --> Unpacking base jar file...
[2026, 9, 25, 14, 29, 29] ;;; build;    --> Copying compiled mcfunction assets...
[2026, 9, 25, 14, 29, 29] ;;; build;    --> Injecting logo...
[2026, 9, 25, 14, 29, 29] ;;; build;    --> Injecting config defaults...
[2026, 9, 25, 14, 29, 29] ;;; build;    --> Handling loader specifications...
[2026, 9, 25, 14, 29, 29] ;;; build;      ---> Init Forge...
[2026, 9, 25, 14, 29, 29] ;;; build;    --> Injecting assets...
[2026, 9, 25, 14, 29, 30] ;;; build;    --> Removing gstools jar files from non-gstools mod...
[2026, 9, 25, 14, 29, 30] ;;; build;    --> Base Mod Compile Requirment Detected! Compiling...
[2026, 9, 25, 14, 29, 30] ;;; build;      ---> Cleaning prior...
[2026, 9, 25, 14, 29, 30] ;;; build;      ---> Cloning basemod...
[2026, 9, 25, 14, 29, 30] ;;; build;      ---> Batch remaning...
[2026, 9, 25, 14, 29, 30] ;;; build;      ---> Running gradle...
[2026, 9, 25, 14, 29, 36] ;;; build;      ---> Unpacking generated jar file...
[2026, 9, 25, 14, 29, 36] ;;; build;      ---> Injecting generated assets into temp dir...
[2026, 9, 25, 14, 29, 36] ;;; build;    --> Injecting block tags...
[2026, 9, 25, 14, 29, 36] ;;; build;    --> Duplicating function folder for backported versions...
[2026, 9, 25, 14, 29, 36] ;;; build;    --> Packing into jar file...
[2026, 9, 25, 14, 29, 42] ;;; build;    --> Cleaning Up...
[2026, 9, 25, 14, 29, 44] ;;; build;    --> Done.
[2026, 9, 25, 14, 29, 44] ;;; build;    > Compiling for neoforge-1.20.4...
[2026, 9, 25, 14, 29, 44] ;;; build;    --> Cleaning temp directory...
[2026, 9, 25, 14, 29, 44] ;;; build;    --> Unpacking base jar file...
[2026, 9, 25, 14, 29, 44] ;;; build;    --> Copying compiled mcfunction assets...
[2026, 9, 25, 14, 29, 45] ;;; build;    --> Injecting logo...
[2026, 9, 25, 14, 29, 45] ;;; build;    --> Injecting config defaults...
[2026, 9, 25, 14, 29, 45] ;;; build;    --> Handling loader specifications...
[2026, 9, 25, 14, 29, 45] ;;; build;      ---> Init Neoforge...
[2026, 9, 25, 14, 29, 45] ;;; build;    --> Injecting assets...
[2026, 9, 25, 14, 29, 45] ;;; build;    --> Removing gstools jar files from non-gstools mod...
[2026, 9, 25, 14, 29, 45] ;;; build;    --> Base Mod Compile Requirment Detected! Compiling...
[2026, 9, 25, 14, 29, 45] ;;; build;      ---> Cleaning prior...
[2026, 9, 25, 14, 29, 45] ;;; build;      ---> Cloning basemod...
[2026, 9, 25, 14, 29, 45] ;;; build;      ---> Batch remaning...
[2026, 9, 25, 14, 29, 45] ;;; build;      ---> Running gradle...
[2026, 9, 25, 14, 29, 49] ;;; build;      ---> Unpacking generated jar file...
[2026, 9, 25, 14, 29, 50] ;;; build;      ---> Injecting generated assets into temp dir...
[2026, 9, 25, 14, 29, 50] ;;; build;    --> Injecting block tags...
[2026, 9, 25, 14, 29, 50] ;;; build;    --> Duplicating function folder for backported versions...
[2026, 9, 25, 14, 29, 50] ;;; build;    --> Packing into jar file...
[2026, 9, 25, 14, 29, 57] ;;; build;    --> Cleaning Up...
[2026, 9, 25, 14, 29, 59] ;;; build;    --> Done.
[2026, 9, 25, 14, 29, 59] ;;; build;    > Compiling for neoforge-1.20.6...
[2026, 9, 25, 14, 29, 59] ;;; build;    --> Cleaning temp directory...
[2026, 9, 25, 14, 29, 59] ;;; build;    --> Unpacking base jar file...
[2026, 9, 25, 14, 30, 0] ;;; build;    --> Copying compiled mcfunction assets...
[2026, 9, 25, 14, 30, 1] ;;; build;    --> Injecting logo...
[2026, 9, 25, 14, 30, 1] ;;; build;    --> Injecting config defaults...
[2026, 9, 25, 14, 30, 1] ;;; build;    --> Handling loader specifications...
[2026, 9, 25, 14, 30, 1] ;;; build;      ---> Init Neoforge...
[2026, 9, 25, 14, 30, 1] ;;; build;      ---> Weather2 Compat Requirment Detected.
[2026, 9, 25, 14, 30, 1] ;;; build;    --> Injecting assets...
[2026, 9, 25, 14, 30, 1] ;;; build;    --> Removing gstools jar files from non-gstools mod...
[2026, 9, 25, 14, 30, 1] ;;; build;    --> Injecting block tags...
[2026, 9, 25, 14, 30, 1] ;;; build;    --> Duplicating function folder for backported versions...
[2026, 9, 25, 14, 30, 1] ;;; build;    --> Packing into jar file...
[2026, 9, 25, 14, 30, 8] ;;; build;    --> Cleaning Up...
[2026, 9, 25, 14, 30, 10] ;;; build;    --> Done.
[2026, 9, 25, 14, 30, 10] ;;; build;    > Compiling for neoforge-1.21.1...
[2026, 9, 25, 14, 30, 10] ;;; build;    --> Cleaning temp directory...
[2026, 9, 25, 14, 30, 10] ;;; build;    --> Unpacking base jar file...
[2026, 9, 25, 14, 30, 10] ;;; build;    --> Copying compiled mcfunction assets...
[2026, 9, 25, 14, 30, 11] ;;; build;    --> Injecting logo...
[2026, 9, 25, 14, 30, 11] ;;; build;    --> Injecting config defaults...
[2026, 9, 25, 14, 30, 11] ;;; build;    --> Handling loader specifications...
[2026, 9, 25, 14, 30, 11] ;;; build;      ---> Init Neoforge...
[2026, 9, 25, 14, 30, 11] ;;; build;      ---> Weather2 Compat Requirment Detected.
[2026, 9, 25, 14, 30, 11] ;;; build;    --> Injecting assets...
[2026, 9, 25, 14, 30, 11] ;;; build;    --> Removing gstools jar files from non-gstools mod...
[2026, 9, 25, 14, 30, 12] ;;; build;    --> Injecting block tags...
[2026, 9, 25, 14, 30, 12] ;;; build;    --> Duplicating function folder for backported versions...
[2026, 9, 25, 14, 30, 12] ;;; build;    --> Packing into jar file...
[2026, 9, 25, 14, 30, 18] ;;; build;    --> Cleaning Up...
[2026, 9, 25, 14, 30, 19] ;;; build;    --> Done.
[2026, 9, 25, 14, 30, 19] ;;; build;    > Compiling for neoforge-1.21.2...
[2026, 9, 25, 14, 30, 19] ;;; build;    --> Cleaning temp directory...
[2026, 9, 25, 14, 30, 20] ;;; build;    --> Unpacking base jar file...
[2026, 9, 25, 14, 30, 20] ;;; build;    --> Copying compiled mcfunction assets...
[2026, 9, 25, 14, 30, 21] ;;; build;    --> Injecting logo...
[2026, 9, 25, 14, 30, 21] ;;; build;    --> Injecting config defaults...
[2026, 9, 25, 14, 30, 21] ;;; build;    --> Handling loader specifications...
[2026, 9, 25, 14, 30, 21] ;;; build;      ---> Init Neoforge...
[2026, 9, 25, 14, 30, 21] ;;; build;    --> Injecting assets...
[2026, 9, 25, 14, 30, 21] ;;; build;    --> Removing gstools jar files from non-gstools mod...
[2026, 9, 25, 14, 30, 21] ;;; build;    --> Injecting block tags...
[2026, 9, 25, 14, 30, 21] ;;; build;    --> Duplicating function folder for backported versions...
[2026, 9, 25, 14, 30, 21] ;;; build;    --> Packing into jar file...
[2026, 9, 25, 14, 30, 28] ;;; build;    --> Cleaning Up...
[2026, 9, 25, 14, 30, 29] ;;; build;    --> Done.
[2026, 9, 25, 14, 30, 29] ;;; build;    > Compiling for neoforge-1.21.4...
[2026, 9, 25, 14, 30, 29] ;;; build;    --> Cleaning temp directory...
[2026, 9, 25, 14, 30, 30] ;;; build;    --> Unpacking base jar file...
[2026, 9, 25, 14, 30, 30] ;;; build;    --> Copying compiled mcfunction assets...
[2026, 9, 25, 14, 30, 31] ;;; build;    --> Injecting logo...
[2026, 9, 25, 14, 30, 31] ;;; build;    --> Injecting config defaults...
[2026, 9, 25, 14, 30, 31] ;;; build;    --> Handling loader specifications...
[2026, 9, 25, 14, 30, 31] ;;; build;      ---> Init Neoforge...
[2026, 9, 25, 14, 30, 31] ;;; build;    --> Injecting assets...
[2026, 9, 25, 14, 30, 31] ;;; build;    --> Removing gstools jar files from non-gstools mod...
[2026, 9, 25, 14, 30, 31] ;;; build;    --> Injecting block tags...
[2026, 9, 25, 14, 30, 31] ;;; build;    --> Duplicating function folder for backported versions...
[2026, 9, 25, 14, 30, 31] ;;; build;    --> Packing into jar file...
[2026, 9, 25, 14, 30, 37] ;;; build;    --> Cleaning Up...
[2026, 9, 25, 14, 30, 38] ;;; build;    --> Done.
[2026, 9, 25, 14, 30, 38] ;;; build;    > Compiling for neoforge-1.21.5...
[2026, 9, 25, 14, 30, 38] ;;; build;    --> Cleaning temp directory...
[2026, 9, 25, 14, 30, 39] ;;; build;    --> Unpacking base jar file...
[2026, 9, 25, 14, 30, 39] ;;; build;    --> Copying compiled mcfunction assets...
[2026, 9, 25, 14, 30, 40] ;;; build;    --> Injecting logo...
[2026, 9, 25, 14, 30, 40] ;;; build;    --> Injecting config defaults...
[2026, 9, 25, 14, 30, 40] ;;; build;    --> Handling loader specifications...
[2026, 9, 25, 14, 30, 40] ;;; build;      ---> Init Neoforge...
[2026, 9, 25, 14, 30, 40] ;;; build;    --> Injecting assets...
[2026, 9, 25, 14, 30, 40] ;;; build;    --> Removing gstools jar files from non-gstools mod...
[2026, 9, 25, 14, 30, 40] ;;; build;    --> Injecting block tags...
[2026, 9, 25, 14, 30, 41] ;;; build;    --> Duplicating function folder for backported versions...
[2026, 9, 25, 14, 30, 41] ;;; build;    --> Packing into jar file...
[2026, 9, 25, 14, 30, 46] ;;; build;    --> Cleaning Up...
[2026, 9, 25, 14, 30, 48] ;;; build;    --> Done.
[2026, 9, 25, 14, 30, 48] ;;; build;    > Compiling for neoforge-1.21.8...
[2026, 9, 25, 14, 30, 48] ;;; build;    --> Cleaning temp directory...
[2026, 9, 25, 14, 30, 49] ;;; build;    --> Unpacking base jar file...
[2026, 9, 25, 14, 30, 49] ;;; build;    --> Copying compiled mcfunction assets...
[2026, 9, 25, 14, 30, 50] ;;; build;    --> Injecting logo...
[2026, 9, 25, 14, 30, 50] ;;; build;    --> Injecting config defaults...
[2026, 9, 25, 14, 30, 50] ;;; build;    --> Handling loader specifications...
[2026, 9, 25, 14, 30, 50] ;;; build;      ---> Init Neoforge...
[2026, 9, 25, 14, 30, 50] ;;; build;    --> Injecting assets...
[2026, 9, 25, 14, 30, 50] ;;; build;    --> Removing gstools jar files from non-gstools mod...
[2026, 9, 25, 14, 30, 50] ;;; build;    --> Injecting block tags...
[2026, 9, 25, 14, 30, 50] ;;; build;    --> Duplicating function folder for backported versions...
[2026, 9, 25, 14, 30, 50] ;;; build;    --> Packing into jar file...
[2026, 9, 25, 14, 30, 56] ;;; build;    --> Cleaning Up...
[2026, 9, 25, 14, 30, 58] ;;; build;    --> Done.
[2026, 9, 25, 14, 30, 58] ;;; build;    > Compiling for neoforge-26.1...
[2026, 9, 25, 14, 30, 58] ;;; build;    --> Cleaning temp directory...
[2026, 9, 25, 14, 30, 58] ;;; build;    --> Unpacking base jar file...
[2026, 9, 25, 14, 30, 58] ;;; build;    --> Copying compiled mcfunction assets...
[2026, 9, 25, 14, 30, 59] ;;; build;    --> Injecting logo...
[2026, 9, 25, 14, 30, 59] ;;; build;    --> Injecting config defaults...
[2026, 9, 25, 14, 30, 59] ;;; build;    --> Handling loader specifications...
[2026, 9, 25, 14, 30, 59] ;;; build;      ---> Init Neoforge...
[2026, 9, 25, 14, 30, 59] ;;; build;    --> Injecting assets...
[2026, 9, 25, 14, 30, 59] ;;; build;    --> Removing gstools jar files from non-gstools mod...
[2026, 9, 25, 14, 30, 59] ;;; build;    --> Injecting block tags...
[2026, 9, 25, 14, 30, 59] ;;; build;    --> Duplicating function folder for backported versions...
[2026, 9, 25, 14, 30, 59] ;;; build;    --> Packing into jar file...
[2026, 9, 25, 14, 31, 5] ;;; build;    --> Cleaning Up...
[2026, 9, 25, 14, 31, 7] ;;; build;    --> Done.
[2026, 9, 25, 14, 31, 7] ;;; build;    > Compiling for neoforge-26.2...
[2026, 9, 25, 14, 31, 7] ;;; build;    --> Cleaning temp directory...
[2026, 9, 25, 14, 31, 7] ;;; build;    --> Unpacking base jar file...
[2026, 9, 25, 14, 31, 7] ;;; build;    --> Copying compiled mcfunction assets...
[2026, 9, 25, 14, 31, 8] ;;; build;    --> Injecting logo...
[2026, 9, 25, 14, 31, 8] ;;; build;    --> Injecting config defaults...
[2026, 9, 25, 14, 31, 8] ;;; build;    --> Handling loader specifications...
[2026, 9, 25, 14, 31, 8] ;;; build;      ---> Init Neoforge...
[2026, 9, 25, 14, 31, 8] ;;; build;    --> Injecting assets...
[2026, 9, 25, 14, 31, 8] ;;; build;    --> Removing gstools jar files from non-gstools mod...
[2026, 9, 25, 14, 31, 9] ;;; build;    --> Injecting block tags...
[2026, 9, 25, 14, 31, 9] ;;; build;    --> Duplicating function folder for backported versions...
[2026, 9, 25, 14, 31, 9] ;;; build;    --> Packing into jar file...
[2026, 9, 25, 14, 31, 14] ;;; build;    --> Cleaning Up...
[2026, 9, 25, 14, 31, 16] ;;; build;    --> Done.
[2026, 9, 25, 14, 31, 16] ;;; build;    > Compiling for neoforge-26.3...
[2026, 9, 25, 14, 31, 16] ;;; build;    --> Cleaning temp directory...
[2026, 9, 25, 14, 31, 16] ;;; build;    --> Unpacking base jar file...
[2026, 9, 25, 14, 31, 16] ;;; build;    --> Copying compiled mcfunction assets...
[2026, 9, 25, 14, 31, 17] ;;; build;    --> Injecting logo...
[2026, 9, 25, 14, 31, 17] ;;; build;    --> Injecting config defaults...
[2026, 9, 25, 14, 31, 17] ;;; build;    --> Handling loader specifications...
[2026, 9, 25, 14, 31, 17] ;;; build;      ---> Init Neoforge...
[2026, 9, 25, 14, 31, 17] ;;; build;    --> Injecting assets...
[2026, 9, 25, 14, 31, 17] ;;; build;    --> Removing gstools jar files from non-gstools mod...
[2026, 9, 25, 14, 31, 17] ;;; build;    --> Injecting block tags...
[2026, 9, 25, 14, 31, 17] ;;; build;    --> Duplicating function folder for backported versions...
[2026, 9, 25, 14, 31, 18] ;;; build;    --> Packing into jar file...
[2026, 9, 25, 14, 31, 23] ;;; build;    --> Cleaning Up...
[2026, 9, 25, 14, 31, 25] ;;; build;    --> Done.
[2026, 9, 25, 14, 31, 25] ;;; build;    > Renaming zip files to jar files...
[2026, 9, 25, 14, 31, 25] ;;; build;    > Resetting to cached game versions config...
[2026, 9, 25, 14, 31, 25] ;;; build;    > Build Complete.
[2026, 9, 25, 14, 31, 25] ;;; build; Compiling datapack gothic_horror into mod...
[2026, 9, 25, 14, 31, 25] ;;; build;    > Detecting split versions...
[2026, 9, 25, 14, 31, 25] ;;; build;    --> Nothing to delete after.
[2026, 9, 25, 14, 31, 25] ;;; build;    > Beginning build block...
[2026, 9, 25, 14, 31, 25] ;;; build;    > Compiling for fabric-1.21.8...
[2026, 9, 25, 14, 31, 25] ;;; build;    --> Cleaning temp directory...
[2026, 9, 25, 14, 31, 29] ;;; build;    --> Unpacking base jar file...
[2026, 9, 25, 14, 31, 29] ;;; build;    --> Copying compiled mcfunction assets...
[2026, 9, 25, 14, 31, 34] ;;; build;    --> Injecting logo...
[2026, 9, 25, 14, 31, 34] ;;; build;    --> Injecting config defaults...
[2026, 9, 25, 14, 31, 34] ;;; build;    --> Handling loader specifications...
[2026, 9, 25, 14, 31, 34] ;;; build;      ---> Init Fabric...
[2026, 9, 25, 14, 31, 34] ;;; build;    --> Injecting assets...
[2026, 9, 25, 14, 31, 34] ;;; build;    --> Removing gstools jar files from non-gstools mod...
[2026, 9, 25, 14, 31, 34] ;;; build;    --> Injecting block tags...
[2026, 9, 25, 14, 31, 34] ;;; build;    --> Duplicating function folder for backported versions...
[2026, 9, 25, 14, 31, 34] ;;; build;    --> Packing into jar file...
[2026, 9, 25, 14, 31, 44] ;;; build;    --> Cleaning Up...
[2026, 9, 25, 14, 31, 49] ;;; build;    --> Done.
[2026, 9, 25, 14, 31, 49] ;;; build;    > Compiling for fabric-1.21.9...
[2026, 9, 25, 14, 31, 49] ;;; build;    --> Cleaning temp directory...
[2026, 9, 25, 14, 31, 49] ;;; build;    --> Unpacking base jar file...
[2026, 9, 25, 14, 31, 49] ;;; build;    --> Copying compiled mcfunction assets...
[2026, 9, 25, 14, 31, 53] ;;; build;    --> Injecting logo...
[2026, 9, 25, 14, 31, 53] ;;; build;    --> Injecting config defaults...
[2026, 9, 25, 14, 31, 53] ;;; build;    --> Handling loader specifications...
[2026, 9, 25, 14, 31, 53] ;;; build;      ---> Init Fabric...
[2026, 9, 25, 14, 31, 53] ;;; build;    --> Injecting assets...
[2026, 9, 25, 14, 31, 53] ;;; build;    --> Removing gstools jar files from non-gstools mod...
[2026, 9, 25, 14, 31, 53] ;;; build;    --> Injecting block tags...
[2026, 9, 25, 14, 31, 53] ;;; build;    --> Duplicating function folder for backported versions...
[2026, 9, 25, 14, 31, 53] ;;; build;    --> Packing into jar file...
[2026, 9, 25, 14, 31, 59] ;;; build;    --> Cleaning Up...
[2026, 9, 25, 14, 32, 5] ;;; build;    --> Done.
[2026, 9, 25, 14, 32, 5] ;;; build;    > Compiling for fabric-26.1...
[2026, 9, 25, 14, 32, 5] ;;; build;    --> Cleaning temp directory...
[2026, 9, 25, 14, 32, 6] ;;; build;    --> Unpacking base jar file...
[2026, 9, 25, 14, 32, 6] ;;; build;    --> Copying compiled mcfunction assets...
[2026, 9, 25, 14, 32, 9] ;;; build;    --> Injecting logo...
[2026, 9, 25, 14, 32, 9] ;;; build;    --> Injecting config defaults...
[2026, 9, 25, 14, 32, 9] ;;; build;    --> Handling loader specifications...
[2026, 9, 25, 14, 32, 9] ;;; build;      ---> Init Fabric...
[2026, 9, 25, 14, 32, 9] ;;; build;    --> Injecting assets...
[2026, 9, 25, 14, 32, 10] ;;; build;    --> Removing gstools jar files from non-gstools mod...
[2026, 9, 25, 14, 32, 10] ;;; build;    --> Injecting block tags...
[2026, 9, 25, 14, 32, 10] ;;; build;    --> Duplicating function folder for backported versions...
[2026, 9, 25, 14, 32, 10] ;;; build;    --> Packing into jar file...
[2026, 9, 25, 14, 32, 17] ;;; build;    --> Cleaning Up...
[2026, 9, 25, 14, 32, 22] ;;; build;    --> Done.
[2026, 9, 25, 14, 32, 22] ;;; build;    > Compiling for fabric-26.2...
[2026, 9, 25, 14, 32, 22] ;;; build;    --> Cleaning temp directory...
[2026, 9, 25, 14, 32, 23] ;;; build;    --> Unpacking base jar file...
[2026, 9, 25, 14, 32, 23] ;;; build;    --> Copying compiled mcfunction assets...
[2026, 9, 25, 14, 32, 26] ;;; build;    --> Injecting logo...
[2026, 9, 25, 14, 32, 26] ;;; build;    --> Injecting config defaults...
[2026, 9, 25, 14, 32, 26] ;;; build;    --> Handling loader specifications...
[2026, 9, 25, 14, 32, 26] ;;; build;      ---> Init Fabric...
[2026, 9, 25, 14, 32, 26] ;;; build;    --> Injecting assets...
[2026, 9, 25, 14, 32, 27] ;;; build;    --> Removing gstools jar files from non-gstools mod...
[2026, 9, 25, 14, 32, 27] ;;; build;    --> Injecting block tags...
[2026, 9, 25, 14, 32, 27] ;;; build;    --> Duplicating function folder for backported versions...
[2026, 9, 25, 14, 32, 27] ;;; build;    --> Packing into jar file...
[2026, 9, 25, 14, 32, 33] ;;; build;    --> Cleaning Up...
[2026, 9, 25, 14, 32, 39] ;;; build;    --> Done.
[2026, 9, 25, 14, 32, 39] ;;; build;    > Compiling for fabric-26.3...
[2026, 9, 25, 14, 32, 39] ;;; build;    --> Cleaning temp directory...
[2026, 9, 25, 14, 32, 40] ;;; build;    --> Unpacking base jar file...
[2026, 9, 25, 14, 32, 40] ;;; build;    --> Copying compiled mcfunction assets...
[2026, 9, 25, 14, 32, 43] ;;; build;    --> Injecting logo...
[2026, 9, 25, 14, 32, 43] ;;; build;    --> Injecting config defaults...
[2026, 9, 25, 14, 32, 43] ;;; build;    --> Handling loader specifications...
[2026, 9, 25, 14, 32, 43] ;;; build;      ---> Init Fabric...
[2026, 9, 25, 14, 32, 43] ;;; build;    --> Injecting assets...
[2026, 9, 25, 14, 32, 43] ;;; build;    --> Removing gstools jar files from non-gstools mod...
[2026, 9, 25, 14, 32, 43] ;;; build;    --> Injecting block tags...
[2026, 9, 25, 14, 32, 43] ;;; build;    --> Duplicating function folder for backported versions...
[2026, 9, 25, 14, 32, 43] ;;; build;    --> Packing into jar file...
[2026, 9, 25, 14, 32, 52] ;;; build;    --> Cleaning Up...
[2026, 9, 25, 14, 32, 58] ;;; build;    --> Done.
[2026, 9, 25, 14, 32, 58] ;;; build;    > Compiling for forge-1.19.4...
[2026, 9, 25, 14, 32, 58] ;;; build;    --> Cleaning temp directory...
[2026, 9, 25, 14, 32, 59] ;;; build;    --> Unpacking base jar file...
[2026, 9, 25, 14, 32, 59] ;;; build;    --> Copying compiled mcfunction assets...
[2026, 9, 25, 14, 33, 2] ;;; build;    --> Injecting logo...
[2026, 9, 25, 14, 33, 2] ;;; build;    --> Injecting config defaults...
[2026, 9, 25, 14, 33, 2] ;;; build;    --> Handling loader specifications...
[2026, 9, 25, 14, 33, 2] ;;; build;      ---> Init Forge...
[2026, 9, 25, 14, 33, 2] ;;; build;    --> Injecting assets...
[2026, 9, 25, 14, 33, 2] ;;; build;    --> Removing gstools jar files from non-gstools mod...
[2026, 9, 25, 14, 33, 3] ;;; build;    --> Base Mod Compile Requirment Detected! Compiling...
[2026, 9, 25, 14, 33, 3] ;;; build;      ---> Cleaning prior...
[2026, 9, 25, 14, 33, 3] ;;; build;      ---> Cloning basemod...
[2026, 9, 25, 14, 33, 3] ;;; build;      ---> Batch remaning...
[2026, 9, 25, 14, 33, 3] ;;; build;      ---> Running gradle...
[2026, 9, 25, 14, 33, 9] ;;; build;      ---> Unpacking generated jar file...
[2026, 9, 25, 14, 33, 9] ;;; build;      ---> Injecting generated assets into temp dir...
[2026, 9, 25, 14, 33, 9] ;;; build;    --> Injecting block tags...
[2026, 9, 25, 14, 33, 9] ;;; build;    --> Duplicating function folder for backported versions...
[2026, 9, 25, 14, 33, 9] ;;; build;    --> Packing into jar file...
[2026, 9, 25, 14, 33, 16] ;;; build;    --> Cleaning Up...
[2026, 9, 25, 14, 33, 22] ;;; build;    --> Done.
[2026, 9, 25, 14, 33, 22] ;;; build;    > Compiling for forge-1.20.1...
[2026, 9, 25, 14, 33, 22] ;;; build;    --> Cleaning temp directory...
[2026, 9, 25, 14, 33, 22] ;;; build;    --> Unpacking base jar file...
[2026, 9, 25, 14, 33, 23] ;;; build;    --> Copying compiled mcfunction assets...
[2026, 9, 25, 14, 33, 25] ;;; build;    --> Injecting logo...
[2026, 9, 25, 14, 33, 25] ;;; build;    --> Injecting config defaults...
[2026, 9, 25, 14, 33, 25] ;;; build;    --> Handling loader specifications...
[2026, 9, 25, 14, 33, 25] ;;; build;      ---> Init Forge...
[2026, 9, 25, 14, 33, 25] ;;; build;    --> Injecting assets...
[2026, 9, 25, 14, 33, 26] ;;; build;    --> Removing gstools jar files from non-gstools mod...
[2026, 9, 25, 14, 33, 26] ;;; build;    --> Base Mod Compile Requirment Detected! Compiling...
[2026, 9, 25, 14, 33, 26] ;;; build;      ---> Cleaning prior...
[2026, 9, 25, 14, 33, 26] ;;; build;      ---> Cloning basemod...
[2026, 9, 25, 14, 33, 26] ;;; build;      ---> Batch remaning...
[2026, 9, 25, 14, 33, 26] ;;; build;      ---> Running gradle...
[2026, 9, 25, 14, 33, 31] ;;; build;      ---> Unpacking generated jar file...
[2026, 9, 25, 14, 33, 31] ;;; build;      ---> Injecting generated assets into temp dir...
[2026, 9, 25, 14, 33, 31] ;;; build;    --> Injecting block tags...
[2026, 9, 25, 14, 33, 31] ;;; build;    --> Duplicating function folder for backported versions...
[2026, 9, 25, 14, 33, 31] ;;; build;    --> Packing into jar file...
[2026, 9, 25, 14, 33, 39] ;;; build;    --> Cleaning Up...
[2026, 9, 25, 14, 33, 43] ;;; build;    --> Done.
[2026, 9, 25, 14, 33, 43] ;;; build;    > Compiling for neoforge-1.20.4...
[2026, 9, 25, 14, 33, 43] ;;; build;    --> Cleaning temp directory...
[2026, 9, 25, 14, 33, 44] ;;; build;    --> Unpacking base jar file...
[2026, 9, 25, 14, 33, 44] ;;; build;    --> Copying compiled mcfunction assets...
[2026, 9, 25, 14, 33, 47] ;;; build;    --> Injecting logo...
[2026, 9, 25, 14, 33, 47] ;;; build;    --> Injecting config defaults...
[2026, 9, 25, 14, 33, 47] ;;; build;    --> Handling loader specifications...
[2026, 9, 25, 14, 33, 47] ;;; build;      ---> Init Neoforge...
[2026, 9, 25, 14, 33, 47] ;;; build;    --> Injecting assets...
[2026, 9, 25, 14, 33, 47] ;;; build;    --> Removing gstools jar files from non-gstools mod...
[2026, 9, 25, 14, 33, 48] ;;; build;    --> Base Mod Compile Requirment Detected! Compiling...
[2026, 9, 25, 14, 33, 48] ;;; build;      ---> Cleaning prior...
[2026, 9, 25, 14, 33, 48] ;;; build;      ---> Cloning basemod...
[2026, 9, 25, 14, 33, 48] ;;; build;      ---> Batch remaning...
[2026, 9, 25, 14, 33, 48] ;;; build;      ---> Running gradle...
[2026, 9, 25, 14, 33, 51] ;;; build;      ---> Unpacking generated jar file...
[2026, 9, 25, 14, 33, 51] ;;; build;      ---> Injecting generated assets into temp dir...
[2026, 9, 25, 14, 33, 51] ;;; build;    --> Injecting block tags...
[2026, 9, 25, 14, 33, 51] ;;; build;    --> Duplicating function folder for backported versions...
[2026, 9, 25, 14, 33, 51] ;;; build;    --> Packing into jar file...
[2026, 9, 25, 14, 33, 58] ;;; build;    --> Cleaning Up...
[2026, 9, 25, 14, 34, 4] ;;; build;    --> Done.
[2026, 9, 25, 14, 34, 4] ;;; build;    > Compiling for neoforge-1.20.6...
[2026, 9, 25, 14, 34, 4] ;;; build;    --> Cleaning temp directory...
[2026, 9, 25, 14, 34, 4] ;;; build;    --> Unpacking base jar file...
[2026, 9, 25, 14, 34, 5] ;;; build;    --> Copying compiled mcfunction assets...
[2026, 9, 25, 14, 34, 8] ;;; build;    --> Injecting logo...
[2026, 9, 25, 14, 34, 8] ;;; build;    --> Injecting config defaults...
[2026, 9, 25, 14, 34, 8] ;;; build;    --> Handling loader specifications...
[2026, 9, 25, 14, 34, 8] ;;; build;      ---> Init Neoforge...
[2026, 9, 25, 14, 34, 8] ;;; build;      ---> Weather2 Compat Requirment Detected.
[2026, 9, 25, 14, 34, 8] ;;; build;    --> Injecting assets...
[2026, 9, 25, 14, 34, 8] ;;; build;    --> Removing gstools jar files from non-gstools mod...
[2026, 9, 25, 14, 34, 8] ;;; build;    --> Injecting block tags...
[2026, 9, 25, 14, 34, 8] ;;; build;    --> Duplicating function folder for backported versions...
[2026, 9, 25, 14, 34, 8] ;;; build;    --> Packing into jar file...
[2026, 9, 25, 14, 34, 14] ;;; build;    --> Cleaning Up...
[2026, 9, 25, 14, 34, 19] ;;; build;    --> Done.
[2026, 9, 25, 14, 34, 19] ;;; build;    > Compiling for neoforge-1.21.1...
[2026, 9, 25, 14, 34, 19] ;;; build;    --> Cleaning temp directory...
[2026, 9, 25, 14, 34, 20] ;;; build;    --> Unpacking base jar file...
[2026, 9, 25, 14, 34, 20] ;;; build;    --> Copying compiled mcfunction assets...
[2026, 9, 25, 14, 34, 23] ;;; build;    --> Injecting logo...
[2026, 9, 25, 14, 34, 23] ;;; build;    --> Injecting config defaults...
[2026, 9, 25, 14, 34, 23] ;;; build;    --> Handling loader specifications...
[2026, 9, 25, 14, 34, 23] ;;; build;      ---> Init Neoforge...
[2026, 9, 25, 14, 34, 23] ;;; build;      ---> Weather2 Compat Requirment Detected.
[2026, 9, 25, 14, 34, 23] ;;; build;    --> Injecting assets...
[2026, 9, 25, 14, 34, 23] ;;; build;    --> Removing gstools jar files from non-gstools mod...
[2026, 9, 25, 14, 34, 23] ;;; build;    --> Injecting block tags...
[2026, 9, 25, 14, 34, 23] ;;; build;    --> Duplicating function folder for backported versions...
[2026, 9, 25, 14, 34, 24] ;;; build;    --> Packing into jar file...
[2026, 9, 25, 14, 34, 30] ;;; build;    --> Cleaning Up...
[2026, 9, 25, 14, 34, 35] ;;; build;    --> Done.
[2026, 9, 25, 14, 34, 35] ;;; build;    > Compiling for neoforge-1.21.2...
[2026, 9, 25, 14, 34, 35] ;;; build;    --> Cleaning temp directory...
[2026, 9, 25, 14, 34, 35] ;;; build;    --> Unpacking base jar file...
[2026, 9, 25, 14, 34, 36] ;;; build;    --> Copying compiled mcfunction assets...
[2026, 9, 25, 14, 34, 38] ;;; build;    --> Injecting logo...
[2026, 9, 25, 14, 34, 38] ;;; build;    --> Injecting config defaults...
[2026, 9, 25, 14, 34, 38] ;;; build;    --> Handling loader specifications...
[2026, 9, 25, 14, 34, 38] ;;; build;      ---> Init Neoforge...
[2026, 9, 25, 14, 34, 38] ;;; build;    --> Injecting assets...
[2026, 9, 25, 14, 34, 39] ;;; build;    --> Removing gstools jar files from non-gstools mod...
[2026, 9, 25, 14, 34, 39] ;;; build;    --> Injecting block tags...
[2026, 9, 25, 14, 34, 39] ;;; build;    --> Duplicating function folder for backported versions...
[2026, 9, 25, 14, 34, 39] ;;; build;    --> Packing into jar file...
[2026, 9, 25, 14, 34, 45] ;;; build;    --> Cleaning Up...
[2026, 9, 25, 14, 34, 50] ;;; build;    --> Done.
[2026, 9, 25, 14, 34, 50] ;;; build;    > Compiling for neoforge-1.21.4...
[2026, 9, 25, 14, 34, 50] ;;; build;    --> Cleaning temp directory...
[2026, 9, 25, 14, 34, 51] ;;; build;    --> Unpacking base jar file...
[2026, 9, 25, 14, 34, 51] ;;; build;    --> Copying compiled mcfunction assets...
[2026, 9, 25, 14, 34, 54] ;;; build;    --> Injecting logo...
[2026, 9, 25, 14, 34, 54] ;;; build;    --> Injecting config defaults...
[2026, 9, 25, 14, 34, 54] ;;; build;    --> Handling loader specifications...
[2026, 9, 25, 14, 34, 54] ;;; build;      ---> Init Neoforge...
[2026, 9, 25, 14, 34, 54] ;;; build;    --> Injecting assets...
[2026, 9, 25, 14, 34, 54] ;;; build;    --> Removing gstools jar files from non-gstools mod...
[2026, 9, 25, 14, 34, 54] ;;; build;    --> Injecting block tags...
[2026, 9, 25, 14, 34, 54] ;;; build;    --> Duplicating function folder for backported versions...
[2026, 9, 25, 14, 34, 54] ;;; build;    --> Packing into jar file...
[2026, 9, 25, 14, 35, 1] ;;; build;    --> Cleaning Up...
[2026, 9, 25, 14, 35, 6] ;;; build;    --> Done.
[2026, 9, 25, 14, 35, 6] ;;; build;    > Compiling for neoforge-1.21.5...
[2026, 9, 25, 14, 35, 6] ;;; build;    --> Cleaning temp directory...
[2026, 9, 25, 14, 35, 6] ;;; build;    --> Unpacking base jar file...
[2026, 9, 25, 14, 35, 7] ;;; build;    --> Copying compiled mcfunction assets...
[2026, 9, 25, 14, 35, 9] ;;; build;    --> Injecting logo...
[2026, 9, 25, 14, 35, 9] ;;; build;    --> Injecting config defaults...
[2026, 9, 25, 14, 35, 9] ;;; build;    --> Handling loader specifications...
[2026, 9, 25, 14, 35, 9] ;;; build;      ---> Init Neoforge...
[2026, 9, 25, 14, 35, 9] ;;; build;    --> Injecting assets...
[2026, 9, 25, 14, 35, 10] ;;; build;    --> Removing gstools jar files from non-gstools mod...
[2026, 9, 25, 14, 35, 10] ;;; build;    --> Injecting block tags...
[2026, 9, 25, 14, 35, 10] ;;; build;    --> Duplicating function folder for backported versions...
[2026, 9, 25, 14, 35, 10] ;;; build;    --> Packing into jar file...
[2026, 9, 25, 14, 35, 16] ;;; build;    --> Cleaning Up...
[2026, 9, 25, 14, 35, 21] ;;; build;    --> Done.
[2026, 9, 25, 14, 35, 21] ;;; build;    > Compiling for neoforge-1.21.8...
[2026, 9, 25, 14, 35, 21] ;;; build;    --> Cleaning temp directory...
[2026, 9, 25, 14, 35, 22] ;;; build;    --> Unpacking base jar file...
[2026, 9, 25, 14, 35, 22] ;;; build;    --> Copying compiled mcfunction assets...
[2026, 9, 25, 14, 35, 25] ;;; build;    --> Injecting logo...
[2026, 9, 25, 14, 35, 25] ;;; build;    --> Injecting config defaults...
[2026, 9, 25, 14, 35, 25] ;;; build;    --> Handling loader specifications...
[2026, 9, 25, 14, 35, 25] ;;; build;      ---> Init Neoforge...
[2026, 9, 25, 14, 35, 25] ;;; build;    --> Injecting assets...
[2026, 9, 25, 14, 35, 25] ;;; build;    --> Removing gstools jar files from non-gstools mod...
[2026, 9, 25, 14, 35, 25] ;;; build;    --> Injecting block tags...
[2026, 9, 25, 14, 35, 25] ;;; build;    --> Duplicating function folder for backported versions...
[2026, 9, 25, 14, 35, 25] ;;; build;    --> Packing into jar file...
[2026, 9, 25, 14, 35, 32] ;;; build;    --> Cleaning Up...
[2026, 9, 25, 14, 35, 37] ;;; build;    --> Done.
[2026, 9, 25, 14, 35, 37] ;;; build;    > Compiling for neoforge-26.1...
[2026, 9, 25, 14, 35, 37] ;;; build;    --> Cleaning temp directory...
[2026, 9, 25, 14, 35, 37] ;;; build;    --> Unpacking base jar file...
[2026, 9, 25, 14, 35, 37] ;;; build;    --> Copying compiled mcfunction assets...
[2026, 9, 25, 14, 35, 41] ;;; build;    --> Injecting logo...
[2026, 9, 25, 14, 35, 41] ;;; build;    --> Injecting config defaults...
[2026, 9, 25, 14, 35, 41] ;;; build;    --> Handling loader specifications...
[2026, 9, 25, 14, 35, 41] ;;; build;      ---> Init Neoforge...
[2026, 9, 25, 14, 35, 41] ;;; build;    --> Injecting assets...
[2026, 9, 25, 14, 35, 41] ;;; build;    --> Removing gstools jar files from non-gstools mod...
[2026, 9, 25, 14, 35, 41] ;;; build;    --> Injecting block tags...
[2026, 9, 25, 14, 35, 41] ;;; build;    --> Duplicating function folder for backported versions...
[2026, 9, 25, 14, 35, 41] ;;; build;    --> Packing into jar file...
[2026, 9, 25, 14, 35, 48] ;;; build;    --> Cleaning Up...
[2026, 9, 25, 14, 35, 53] ;;; build;    --> Done.
[2026, 9, 25, 14, 35, 53] ;;; build;    > Compiling for neoforge-26.2...
[2026, 9, 25, 14, 35, 53] ;;; build;    --> Cleaning temp directory...
[2026, 9, 25, 14, 35, 54] ;;; build;    --> Unpacking base jar file...
[2026, 9, 25, 14, 35, 54] ;;; build;    --> Copying compiled mcfunction assets...
[2026, 9, 25, 14, 35, 57] ;;; build;    --> Injecting logo...
[2026, 9, 25, 14, 35, 57] ;;; build;    --> Injecting config defaults...
[2026, 9, 25, 14, 35, 57] ;;; build;    --> Handling loader specifications...
[2026, 9, 25, 14, 35, 57] ;;; build;      ---> Init Neoforge...
[2026, 9, 25, 14, 35, 57] ;;; build;    --> Injecting assets...
[2026, 9, 25, 14, 35, 57] ;;; build;    --> Removing gstools jar files from non-gstools mod...
[2026, 9, 25, 14, 35, 57] ;;; build;    --> Injecting block tags...
[2026, 9, 25, 14, 35, 57] ;;; build;    --> Duplicating function folder for backported versions...
[2026, 9, 25, 14, 35, 57] ;;; build;    --> Packing into jar file...
[2026, 9, 25, 14, 36, 5] ;;; build;    --> Cleaning Up...
[2026, 9, 25, 14, 36, 11] ;;; build;    --> Done.
[2026, 9, 25, 14, 36, 11] ;;; build;    > Compiling for neoforge-26.3...
[2026, 9, 25, 14, 36, 11] ;;; build;    --> Cleaning temp directory...
[2026, 9, 25, 14, 36, 11] ;;; build;    --> Unpacking base jar file...
[2026, 9, 25, 14, 36, 12] ;;; build;    --> Copying compiled mcfunction assets...
[2026, 9, 25, 14, 36, 15] ;;; build;    --> Injecting logo...
[2026, 9, 25, 14, 36, 15] ;;; build;    --> Injecting config defaults...
[2026, 9, 25, 14, 36, 15] ;;; build;    --> Handling loader specifications...
[2026, 9, 25, 14, 36, 15] ;;; build;      ---> Init Neoforge...
[2026, 9, 25, 14, 36, 15] ;;; build;    --> Injecting assets...
[2026, 9, 25, 14, 36, 15] ;;; build;    --> Removing gstools jar files from non-gstools mod...
[2026, 9, 25, 14, 36, 15] ;;; build;    --> Injecting block tags...
[2026, 9, 25, 14, 36, 15] ;;; build;    --> Duplicating function folder for backported versions...
[2026, 9, 25, 14, 36, 16] ;;; build;    --> Packing into jar file...
[2026, 9, 25, 14, 36, 24] ;;; build;    --> Cleaning Up...
[2026, 9, 25, 14, 36, 30] ;;; build;    --> Done.
[2026, 9, 25, 14, 36, 30] ;;; build;    > Renaming zip files to jar files...
[2026, 9, 25, 14, 36, 30] ;;; build;    > Resetting to cached game versions config...
[2026, 9, 25, 14, 36, 30] ;;; build;    > Build Complete.
[2026, 9, 25, 14, 36, 30] ;;; build; Compiling datapack gstools into mod...
[2026, 9, 25, 14, 36, 30] ;;; build;    > Detecting split versions...
[2026, 9, 25, 14, 36, 30] ;;; build;    --> Nothing to delete after.
[2026, 9, 25, 14, 36, 30] ;;; build;    > Beginning build block...
[2026, 9, 25, 14, 36, 30] ;;; build;    > Compiling for fabric-1.21.8...
[2026, 9, 25, 14, 36, 30] ;;; build;    --> Cleaning temp directory...
[2026, 9, 25, 14, 36, 38] ;;; build;    --> Unpacking base jar file...
[2026, 9, 25, 14, 36, 38] ;;; build;    --> Copying compiled mcfunction assets...
[2026, 9, 25, 14, 37, 27] ;;; build;    --> Injecting logo...
[2026, 9, 25, 14, 37, 27] ;;; build;    --> Injecting config defaults...
[2026, 9, 25, 14, 37, 27] ;;; build;    --> Handling loader specifications...
[2026, 9, 25, 14, 37, 27] ;;; build;      ---> Init Fabric...
[2026, 9, 25, 14, 37, 27] ;;; build;    --> Injecting gstools function tags...
[2026, 9, 25, 14, 37, 27] ;;; build;    --> Injecting block tags...
[2026, 9, 25, 14, 37, 27] ;;; build;    --> Duplicating function folder for backported versions...
[2026, 9, 25, 14, 37, 29] ;;; build;    --> Packing into jar file...
[2026, 9, 25, 14, 38, 22] ;;; build;    --> Cleaning Up...
[2026, 9, 25, 14, 38, 59] ;;; build;    --> Done.
[2026, 9, 25, 14, 38, 59] ;;; build;    > Compiling for fabric-1.21.9...
[2026, 9, 25, 14, 38, 59] ;;; build;    --> Cleaning temp directory...
[2026, 9, 25, 14, 39, 0] ;;; build;    --> Unpacking base jar file...
[2026, 9, 25, 14, 39, 0] ;;; build;    --> Copying compiled mcfunction assets...
[2026, 9, 25, 14, 39, 32] ;;; build;    --> Injecting logo...
[2026, 9, 25, 14, 39, 32] ;;; build;    --> Injecting config defaults...
[2026, 9, 25, 14, 39, 32] ;;; build;    --> Handling loader specifications...
[2026, 9, 25, 14, 39, 32] ;;; build;      ---> Init Fabric...
[2026, 9, 25, 14, 39, 32] ;;; build;    --> Injecting gstools function tags...
[2026, 9, 25, 14, 39, 32] ;;; build;    --> Injecting block tags...
[2026, 9, 25, 14, 39, 32] ;;; build;    --> Duplicating function folder for backported versions...
[2026, 9, 25, 14, 39, 32] ;;; build;    --> Packing into jar file...
[2026, 9, 25, 14, 40, 2] ;;; build;    --> Cleaning Up...
[2026, 9, 25, 14, 40, 40] ;;; build;    --> Done.
[2026, 9, 25, 14, 40, 40] ;;; build;    > Compiling for fabric-26.1...
[2026, 9, 25, 14, 40, 40] ;;; build;    --> Cleaning temp directory...
[2026, 9, 25, 14, 40, 41] ;;; build;    --> Unpacking base jar file...
[2026, 9, 25, 14, 40, 41] ;;; build;    --> Copying compiled mcfunction assets...
[2026, 9, 25, 14, 41, 13] ;;; build;    --> Injecting logo...
[2026, 9, 25, 14, 41, 13] ;;; build;    --> Injecting config defaults...
[2026, 9, 25, 14, 41, 13] ;;; build;    --> Handling loader specifications...
[2026, 9, 25, 14, 41, 13] ;;; build;      ---> Init Fabric...
[2026, 9, 25, 14, 41, 13] ;;; build;    --> Injecting gstools function tags...
[2026, 9, 25, 14, 41, 13] ;;; build;    --> Injecting block tags...
[2026, 9, 25, 14, 41, 13] ;;; build;    --> Duplicating function folder for backported versions...
[2026, 9, 25, 14, 41, 13] ;;; build;    --> Packing into jar file...
[2026, 9, 25, 14, 41, 42] ;;; build;    --> Cleaning Up...
[2026, 9, 25, 14, 42, 14] ;;; build;    --> Done.
[2026, 9, 25, 14, 42, 14] ;;; build;    > Compiling for fabric-26.2...
[2026, 9, 25, 14, 42, 14] ;;; build;    --> Cleaning temp directory...
[2026, 9, 25, 14, 42, 15] ;;; build;    --> Unpacking base jar file...
[2026, 9, 25, 14, 42, 15] ;;; build;    --> Copying compiled mcfunction assets...
[2026, 9, 25, 14, 42, 42] ;;; build;    --> Injecting logo...
[2026, 9, 25, 14, 42, 42] ;;; build;    --> Injecting config defaults...
[2026, 9, 25, 14, 42, 42] ;;; build;    --> Handling loader specifications...
[2026, 9, 25, 14, 42, 42] ;;; build;      ---> Init Fabric...
[2026, 9, 25, 14, 42, 42] ;;; build;    --> Injecting gstools function tags...
[2026, 9, 25, 14, 42, 42] ;;; build;    --> Injecting block tags...
[2026, 9, 25, 14, 42, 42] ;;; build;    --> Duplicating function folder for backported versions...
[2026, 9, 25, 14, 42, 43] ;;; build;    --> Packing into jar file...
[2026, 9, 25, 14, 43, 11] ;;; build;    --> Cleaning Up...
[2026, 9, 25, 14, 43, 48] ;;; build;    --> Done.
[2026, 9, 25, 14, 43, 48] ;;; build;    > Compiling for fabric-26.3...
[2026, 9, 25, 14, 43, 48] ;;; build;    --> Cleaning temp directory...
[2026, 9, 25, 14, 43, 48] ;;; build;    --> Unpacking base jar file...
[2026, 9, 25, 14, 43, 49] ;;; build;    --> Copying compiled mcfunction assets...
[2026, 9, 25, 14, 44, 27] ;;; build;    --> Injecting logo...
[2026, 9, 25, 14, 44, 27] ;;; build;    --> Injecting config defaults...
[2026, 9, 25, 14, 44, 27] ;;; build;    --> Handling loader specifications...
[2026, 9, 25, 14, 44, 27] ;;; build;      ---> Init Fabric...
[2026, 9, 25, 14, 44, 27] ;;; build;    --> Injecting gstools function tags...
[2026, 9, 25, 14, 44, 27] ;;; build;    --> Injecting block tags...
[2026, 9, 25, 14, 44, 27] ;;; build;    --> Duplicating function folder for backported versions...
[2026, 9, 25, 14, 44, 28] ;;; build;    --> Packing into jar file...
[2026, 9, 25, 14, 44, 59] ;;; build;    --> Cleaning Up...
[2026, 9, 25, 14, 45, 37] ;;; build;    --> Done.
[2026, 9, 25, 14, 45, 37] ;;; build;    > Compiling for forge-1.19.4...
[2026, 9, 25, 14, 45, 37] ;;; build;    --> Cleaning temp directory...
[2026, 9, 25, 14, 45, 37] ;;; build;    --> Unpacking base jar file...
[2026, 9, 25, 14, 45, 37] ;;; build;    --> Copying compiled mcfunction assets...
[2026, 9, 25, 14, 46, 12] ;;; build;    --> Injecting logo...
[2026, 9, 25, 14, 46, 12] ;;; build;    --> Injecting config defaults...
[2026, 9, 25, 14, 46, 12] ;;; build;    --> Handling loader specifications...
[2026, 9, 25, 14, 46, 12] ;;; build;      ---> Init Forge...
[2026, 9, 25, 14, 46, 12] ;;; build;    --> Injecting gstools function tags...
[2026, 9, 25, 14, 46, 12] ;;; build;    --> Injecting block tags...
[2026, 9, 25, 14, 46, 12] ;;; build;    --> Duplicating function folder for backported versions...
[2026, 9, 25, 14, 46, 13] ;;; build;    --> Packing into jar file...
[2026, 9, 25, 14, 46, 43] ;;; build;    --> Cleaning Up...
[2026, 9, 25, 14, 47, 19] ;;; build;    --> Done.
[2026, 9, 25, 14, 47, 19] ;;; build;    > Compiling for forge-1.20.1...
[2026, 9, 25, 14, 47, 19] ;;; build;    --> Cleaning temp directory...
[2026, 9, 25, 14, 47, 20] ;;; build;    --> Unpacking base jar file...
[2026, 9, 25, 14, 47, 20] ;;; build;    --> Copying compiled mcfunction assets...
[2026, 9, 25, 14, 47, 52] ;;; build;    --> Injecting logo...
[2026, 9, 25, 14, 47, 52] ;;; build;    --> Injecting config defaults...
[2026, 9, 25, 14, 47, 52] ;;; build;    --> Handling loader specifications...
[2026, 9, 25, 14, 47, 52] ;;; build;      ---> Init Forge...
[2026, 9, 25, 14, 47, 52] ;;; build;    --> Injecting gstools function tags...
[2026, 9, 25, 14, 47, 52] ;;; build;    --> Injecting block tags...
[2026, 9, 25, 14, 47, 52] ;;; build;    --> Duplicating function folder for backported versions...
[2026, 9, 25, 14, 47, 52] ;;; build;    --> Packing into jar file...
[2026, 9, 25, 14, 48, 22] ;;; build;    --> Cleaning Up...
[2026, 9, 25, 14, 49, 1] ;;; build;    --> Done.
[2026, 9, 25, 14, 49, 1] ;;; build;    > Compiling for neoforge-1.20.4...
[2026, 9, 25, 14, 49, 1] ;;; build;    --> Cleaning temp directory...
[2026, 9, 25, 14, 49, 2] ;;; build;    --> Unpacking base jar file...
[2026, 9, 25, 14, 49, 2] ;;; build;    --> Copying compiled mcfunction assets...
[2026, 9, 25, 14, 49, 44] ;;; build;    --> Injecting logo...
[2026, 9, 25, 14, 49, 44] ;;; build;    --> Injecting config defaults...
[2026, 9, 25, 14, 49, 44] ;;; build;    --> Handling loader specifications...
[2026, 9, 25, 14, 49, 44] ;;; build;      ---> Init Neoforge...
[2026, 9, 25, 14, 49, 44] ;;; build;    --> Injecting gstools function tags...
[2026, 9, 25, 14, 49, 44] ;;; build;    --> Injecting block tags...
[2026, 9, 25, 14, 49, 44] ;;; build;    --> Duplicating function folder for backported versions...
[2026, 9, 25, 14, 49, 44] ;;; build;    --> Packing into jar file...
[2026, 9, 25, 14, 50, 17] ;;; build;    --> Cleaning Up...
[2026, 9, 25, 14, 50, 59] ;;; build;    --> Done.
[2026, 9, 25, 14, 50, 59] ;;; build;    > Compiling for neoforge-1.20.6...
[2026, 9, 25, 14, 50, 59] ;;; build;    --> Cleaning temp directory...
[2026, 9, 25, 14, 50, 59] ;;; build;    --> Unpacking base jar file...
[2026, 9, 25, 14, 50, 59] ;;; build;    --> Copying compiled mcfunction assets...
[2026, 9, 25, 14, 51, 30] ;;; build;    --> Injecting logo...
[2026, 9, 25, 14, 51, 30] ;;; build;    --> Injecting config defaults...
[2026, 9, 25, 14, 51, 30] ;;; build;    --> Handling loader specifications...
[2026, 9, 25, 14, 51, 30] ;;; build;      ---> Init Neoforge...
[2026, 9, 25, 14, 51, 30] ;;; build;      ---> Weather2 Compat Requirment Detected.
[2026, 9, 25, 14, 51, 30] ;;; build;    --> Injecting gstools function tags...
[2026, 9, 25, 14, 51, 30] ;;; build;    --> Injecting block tags...
[2026, 9, 25, 14, 51, 30] ;;; build;    --> Duplicating function folder for backported versions...
[2026, 9, 25, 14, 51, 30] ;;; build;    --> Packing into jar file...
[2026, 9, 25, 14, 51, 59] ;;; build;    --> Cleaning Up...
[2026, 9, 25, 14, 52, 33] ;;; build;    --> Done.
[2026, 9, 25, 14, 52, 33] ;;; build;    > Compiling for neoforge-1.21.1...
[2026, 9, 25, 14, 52, 33] ;;; build;    --> Cleaning temp directory...
[2026, 9, 25, 14, 52, 33] ;;; build;    --> Unpacking base jar file...
[2026, 9, 25, 14, 52, 33] ;;; build;    --> Copying compiled mcfunction assets...
[2026, 9, 25, 14, 53, 6] ;;; build;    --> Injecting logo...
[2026, 9, 25, 14, 53, 6] ;;; build;    --> Injecting config defaults...
[2026, 9, 25, 14, 53, 6] ;;; build;    --> Handling loader specifications...
[2026, 9, 25, 14, 53, 6] ;;; build;      ---> Init Neoforge...
[2026, 9, 25, 14, 53, 6] ;;; build;      ---> Weather2 Compat Requirment Detected.
[2026, 9, 25, 14, 53, 6] ;;; build;    --> Injecting gstools function tags...
[2026, 9, 25, 14, 53, 6] ;;; build;    --> Injecting block tags...
[2026, 9, 25, 14, 53, 6] ;;; build;    --> Duplicating function folder for backported versions...
[2026, 9, 25, 14, 53, 6] ;;; build;    --> Packing into jar file...
[2026, 9, 25, 14, 53, 35] ;;; build;    --> Cleaning Up...
[2026, 9, 25, 14, 54, 10] ;;; build;    --> Done.
[2026, 9, 25, 14, 54, 10] ;;; build;    > Compiling for neoforge-1.21.2...
[2026, 9, 25, 14, 54, 10] ;;; build;    --> Cleaning temp directory...
[2026, 9, 25, 14, 54, 10] ;;; build;    --> Unpacking base jar file...
[2026, 9, 25, 14, 54, 10] ;;; build;    --> Copying compiled mcfunction assets...
[2026, 9, 25, 14, 54, 41] ;;; build;    --> Injecting logo...
[2026, 9, 25, 14, 54, 41] ;;; build;    --> Injecting config defaults...
[2026, 9, 25, 14, 54, 41] ;;; build;    --> Handling loader specifications...
[2026, 9, 25, 14, 54, 41] ;;; build;      ---> Init Neoforge...
[2026, 9, 25, 14, 54, 41] ;;; build;    --> Injecting gstools function tags...
[2026, 9, 25, 14, 54, 41] ;;; build;    --> Injecting block tags...
[2026, 9, 25, 14, 54, 41] ;;; build;    --> Duplicating function folder for backported versions...
[2026, 9, 25, 14, 54, 41] ;;; build;    --> Packing into jar file...
[2026, 9, 25, 14, 55, 10] ;;; build;    --> Cleaning Up...
[2026, 9, 25, 14, 55, 42] ;;; build;    --> Done.
[2026, 9, 25, 14, 55, 42] ;;; build;    > Compiling for neoforge-1.21.4...
[2026, 9, 25, 14, 55, 42] ;;; build;    --> Cleaning temp directory...
[2026, 9, 25, 14, 55, 43] ;;; build;    --> Unpacking base jar file...
[2026, 9, 25, 14, 55, 43] ;;; build;    --> Copying compiled mcfunction assets...
[2026, 9, 25, 14, 56, 16] ;;; build;    --> Injecting logo...
[2026, 9, 25, 14, 56, 16] ;;; build;    --> Injecting config defaults...
[2026, 9, 25, 14, 56, 16] ;;; build;    --> Handling loader specifications...
[2026, 9, 25, 14, 56, 16] ;;; build;      ---> Init Neoforge...
[2026, 9, 25, 14, 56, 16] ;;; build;    --> Injecting gstools function tags...
[2026, 9, 25, 14, 56, 17] ;;; build;    --> Injecting block tags...
[2026, 9, 25, 14, 56, 17] ;;; build;    --> Duplicating function folder for backported versions...
[2026, 9, 25, 14, 56, 17] ;;; build;    --> Packing into jar file...
[2026, 9, 25, 14, 56, 47] ;;; build;    --> Cleaning Up...
[2026, 9, 25, 14, 57, 21] ;;; build;    --> Done.
[2026, 9, 25, 14, 57, 21] ;;; build;    > Compiling for neoforge-1.21.5...
[2026, 9, 25, 14, 57, 21] ;;; build;    --> Cleaning temp directory...
[2026, 9, 25, 14, 57, 22] ;;; build;    --> Unpacking base jar file...
[2026, 9, 25, 14, 57, 22] ;;; build;    --> Copying compiled mcfunction assets...
[2026, 9, 25, 14, 57, 53] ;;; build;    --> Injecting logo...
[2026, 9, 25, 14, 57, 53] ;;; build;    --> Injecting config defaults...
[2026, 9, 25, 14, 57, 53] ;;; build;    --> Handling loader specifications...
[2026, 9, 25, 14, 57, 53] ;;; build;      ---> Init Neoforge...
[2026, 9, 25, 14, 57, 53] ;;; build;    --> Injecting gstools function tags...
[2026, 9, 25, 14, 57, 54] ;;; build;    --> Injecting block tags...
[2026, 9, 25, 14, 57, 54] ;;; build;    --> Duplicating function folder for backported versions...
[2026, 9, 25, 14, 57, 54] ;;; build;    --> Packing into jar file...
[2026, 9, 25, 14, 58, 22] ;;; build;    --> Cleaning Up...
[2026, 9, 25, 14, 58, 55] ;;; build;    --> Done.
[2026, 9, 25, 14, 58, 55] ;;; build;    > Compiling for neoforge-1.21.8...
[2026, 9, 25, 14, 58, 55] ;;; build;    --> Cleaning temp directory...
[2026, 9, 25, 14, 58, 55] ;;; build;    --> Unpacking base jar file...
[2026, 9, 25, 14, 58, 55] ;;; build;    --> Copying compiled mcfunction assets...
[2026, 9, 25, 14, 59, 25] ;;; build;    --> Injecting logo...
[2026, 9, 25, 14, 59, 25] ;;; build;    --> Injecting config defaults...
[2026, 9, 25, 14, 59, 25] ;;; build;    --> Handling loader specifications...
[2026, 9, 25, 14, 59, 25] ;;; build;      ---> Init Neoforge...
[2026, 9, 25, 14, 59, 25] ;;; build;    --> Injecting gstools function tags...
[2026, 9, 25, 14, 59, 25] ;;; build;    --> Injecting block tags...
[2026, 9, 25, 14, 59, 25] ;;; build;    --> Duplicating function folder for backported versions...
[2026, 9, 25, 14, 59, 26] ;;; build;    --> Packing into jar file...
[2026, 9, 25, 14, 59, 54] ;;; build;    --> Cleaning Up...
[2026, 9, 25, 15, 0, 27] ;;; build;    --> Done.
[2026, 9, 25, 15, 0, 27] ;;; build;    > Compiling for neoforge-26.1...
[2026, 9, 25, 15, 0, 27] ;;; build;    --> Cleaning temp directory...
[2026, 9, 25, 15, 0, 27] ;;; build;    --> Unpacking base jar file...
[2026, 9, 25, 15, 0, 28] ;;; build;    --> Copying compiled mcfunction assets...
[2026, 9, 25, 15, 0, 57] ;;; build;    --> Injecting logo...
[2026, 9, 25, 15, 0, 57] ;;; build;    --> Injecting config defaults...
[2026, 9, 25, 15, 0, 57] ;;; build;    --> Handling loader specifications...
[2026, 9, 25, 15, 0, 57] ;;; build;      ---> Init Neoforge...
[2026, 9, 25, 15, 0, 57] ;;; build;    --> Injecting gstools function tags...
[2026, 9, 25, 15, 0, 57] ;;; build;    --> Injecting block tags...
[2026, 9, 25, 15, 0, 57] ;;; build;    --> Duplicating function folder for backported versions...
[2026, 9, 25, 15, 0, 57] ;;; build;    --> Packing into jar file...
[2026, 9, 25, 15, 1, 26] ;;; build;    --> Cleaning Up...
[2026, 9, 25, 15, 2, 3] ;;; build;    --> Done.
[2026, 9, 25, 15, 2, 3] ;;; build;    > Compiling for neoforge-26.2...
[2026, 9, 25, 15, 2, 3] ;;; build;    --> Cleaning temp directory...
[2026, 9, 25, 15, 2, 3] ;;; build;    --> Unpacking base jar file...
[2026, 9, 25, 15, 2, 3] ;;; build;    --> Copying compiled mcfunction assets...
[2026, 9, 25, 15, 2, 32] ;;; build;    --> Injecting logo...
[2026, 9, 25, 15, 2, 32] ;;; build;    --> Injecting config defaults...
[2026, 9, 25, 15, 2, 32] ;;; build;    --> Handling loader specifications...
[2026, 9, 25, 15, 2, 32] ;;; build;      ---> Init Neoforge...
[2026, 9, 25, 15, 2, 32] ;;; build;    --> Injecting gstools function tags...
[2026, 9, 25, 15, 2, 32] ;;; build;    --> Injecting block tags...
[2026, 9, 25, 15, 2, 32] ;;; build;    --> Duplicating function folder for backported versions...
[2026, 9, 25, 15, 2, 32] ;;; build;    --> Packing into jar file...
[2026, 9, 25, 15, 2, 59] ;;; build;    --> Cleaning Up...
[2026, 9, 25, 15, 3, 30] ;;; build;    --> Done.
[2026, 9, 25, 15, 3, 30] ;;; build;    > Compiling for neoforge-26.3...
[2026, 9, 25, 15, 3, 30] ;;; build;    --> Cleaning temp directory...
[2026, 9, 25, 15, 3, 30] ;;; build;    --> Unpacking base jar file...
[2026, 9, 25, 15, 3, 30] ;;; build;    --> Copying compiled mcfunction assets...
[2026, 9, 25, 15, 4, 0] ;;; build;    --> Injecting logo...
[2026, 9, 25, 15, 4, 0] ;;; build;    --> Injecting config defaults...
[2026, 9, 25, 15, 4, 0] ;;; build;    --> Handling loader specifications...
[2026, 9, 25, 15, 4, 0] ;;; build;      ---> Init Neoforge...
[2026, 9, 25, 15, 4, 0] ;;; build;    --> Injecting gstools function tags...
[2026, 9, 25, 15, 4, 0] ;;; build;    --> Injecting block tags...
[2026, 9, 25, 15, 4, 0] ;;; build;    --> Duplicating function folder for backported versions...
[2026, 9, 25, 15, 4, 0] ;;; build;    --> Packing into jar file...
[2026, 9, 25, 15, 4, 27] ;;; build;    --> Cleaning Up...
[2026, 9, 25, 15, 4, 58] ;;; build;    --> Done.
[2026, 9, 25, 15, 4, 58] ;;; build;    > Renaming zip files to jar files...
[2026, 9, 25, 15, 4, 58] ;;; build;    > Resetting to cached game versions config...
[2026, 9, 25, 15, 4, 58] ;;; build;    > Build Complete.
[2026, 9, 25, 15, 4, 58] ;;; build; Compiling datapack life_and_death into mod...
[2026, 9, 25, 15, 4, 58] ;;; build;    > Detecting split versions...
[2026, 9, 25, 15, 4, 58] ;;; build;    --> Nothing to delete after.
[2026, 9, 25, 15, 4, 58] ;;; build;    > Beginning build block...
[2026, 9, 25, 15, 4, 58] ;;; build;    > Compiling for fabric-1.21.8...
[2026, 9, 25, 15, 4, 58] ;;; build;    --> Cleaning temp directory...
[2026, 9, 25, 15, 5, 56] ;;; build;    --> Unpacking base jar file...
[2026, 9, 25, 15, 5, 57] ;;; build;    --> Copying compiled mcfunction assets...
[2026, 9, 25, 15, 5, 59] ;;; build;    --> Injecting logo...
[2026, 9, 25, 15, 5, 59] ;;; build;    --> Injecting config defaults...
[2026, 9, 25, 15, 5, 59] ;;; build;    --> Handling loader specifications...
[2026, 9, 25, 15, 5, 59] ;;; build;      ---> Init Fabric...
[2026, 9, 25, 15, 5, 59] ;;; build;    --> Injecting assets...
[2026, 9, 25, 15, 6, 0] ;;; build;    --> Removing gstools jar files from non-gstools mod...
[2026, 9, 25, 15, 6, 0] ;;; build;    --> Injecting block tags...
[2026, 9, 25, 15, 6, 0] ;;; build;    --> Duplicating function folder for backported versions...
[2026, 9, 25, 15, 6, 0] ;;; build;    --> Packing into jar file...
[2026, 9, 25, 15, 6, 5] ;;; build;    --> Cleaning Up...
[2026, 9, 25, 15, 6, 7] ;;; build;    --> Done.
[2026, 9, 25, 15, 6, 7] ;;; build;    > Compiling for fabric-1.21.9...
[2026, 9, 25, 15, 6, 7] ;;; build;    --> Cleaning temp directory...
[2026, 9, 25, 15, 6, 7] ;;; build;    --> Unpacking base jar file...
[2026, 9, 25, 15, 6, 7] ;;; build;    --> Copying compiled mcfunction assets...
[2026, 9, 25, 15, 6, 9] ;;; build;    --> Injecting logo...
[2026, 9, 25, 15, 6, 9] ;;; build;    --> Injecting config defaults...
[2026, 9, 25, 15, 6, 9] ;;; build;    --> Handling loader specifications...
[2026, 9, 25, 15, 6, 9] ;;; build;      ---> Init Fabric...
[2026, 9, 25, 15, 6, 9] ;;; build;    --> Injecting assets...
[2026, 9, 25, 15, 6, 9] ;;; build;    --> Removing gstools jar files from non-gstools mod...
[2026, 9, 25, 15, 6, 9] ;;; build;    --> Injecting block tags...
[2026, 9, 25, 15, 6, 9] ;;; build;    --> Duplicating function folder for backported versions...
[2026, 9, 25, 15, 6, 9] ;;; build;    --> Packing into jar file...
[2026, 9, 25, 15, 6, 10] ;;; build;    --> Cleaning Up...
[2026, 9, 25, 15, 6, 11] ;;; build;    --> Done.
[2026, 9, 25, 15, 6, 11] ;;; build;    > Compiling for fabric-26.1...
[2026, 9, 25, 15, 6, 11] ;;; build;    --> Cleaning temp directory...
[2026, 9, 25, 15, 6, 12] ;;; build;    --> Unpacking base jar file...
[2026, 9, 25, 15, 6, 12] ;;; build;    --> Copying compiled mcfunction assets...
[2026, 9, 25, 15, 6, 13] ;;; build;    --> Injecting logo...
[2026, 9, 25, 15, 6, 13] ;;; build;    --> Injecting config defaults...
[2026, 9, 25, 15, 6, 13] ;;; build;    --> Handling loader specifications...
[2026, 9, 25, 15, 6, 13] ;;; build;      ---> Init Fabric...
[2026, 9, 25, 15, 6, 13] ;;; build;    --> Injecting assets...
[2026, 9, 25, 15, 6, 13] ;;; build;    --> Removing gstools jar files from non-gstools mod...
[2026, 9, 25, 15, 6, 13] ;;; build;    --> Injecting block tags...
[2026, 9, 25, 15, 6, 14] ;;; build;    --> Duplicating function folder for backported versions...
[2026, 9, 25, 15, 6, 14] ;;; build;    --> Packing into jar file...
[2026, 9, 25, 15, 6, 14] ;;; build;    --> Cleaning Up...
[2026, 9, 25, 15, 6, 16] ;;; build;    --> Done.
[2026, 9, 25, 15, 6, 16] ;;; build;    > Compiling for fabric-26.2...
[2026, 9, 25, 15, 6, 16] ;;; build;    --> Cleaning temp directory...
[2026, 9, 25, 15, 6, 16] ;;; build;    --> Unpacking base jar file...
[2026, 9, 25, 15, 6, 16] ;;; build;    --> Copying compiled mcfunction assets...
[2026, 9, 25, 15, 6, 17] ;;; build;    --> Injecting logo...
[2026, 9, 25, 15, 6, 17] ;;; build;    --> Injecting config defaults...
[2026, 9, 25, 15, 6, 17] ;;; build;    --> Handling loader specifications...
[2026, 9, 25, 15, 6, 17] ;;; build;      ---> Init Fabric...
[2026, 9, 25, 15, 6, 17] ;;; build;    --> Injecting assets...
[2026, 9, 25, 15, 6, 17] ;;; build;    --> Removing gstools jar files from non-gstools mod...
[2026, 9, 25, 15, 6, 17] ;;; build;    --> Injecting block tags...
[2026, 9, 25, 15, 6, 18] ;;; build;    --> Duplicating function folder for backported versions...
[2026, 9, 25, 15, 6, 18] ;;; build;    --> Packing into jar file...
[2026, 9, 25, 15, 6, 18] ;;; build;    --> Cleaning Up...
[2026, 9, 25, 15, 6, 20] ;;; build;    --> Done.
[2026, 9, 25, 15, 6, 20] ;;; build;    > Compiling for fabric-26.3...
[2026, 9, 25, 15, 6, 20] ;;; build;    --> Cleaning temp directory...
[2026, 9, 25, 15, 6, 20] ;;; build;    --> Unpacking base jar file...
[2026, 9, 25, 15, 6, 20] ;;; build;    --> Copying compiled mcfunction assets...
[2026, 9, 25, 15, 6, 21] ;;; build;    --> Injecting logo...
[2026, 9, 25, 15, 6, 21] ;;; build;    --> Injecting config defaults...
[2026, 9, 25, 15, 6, 21] ;;; build;    --> Handling loader specifications...
[2026, 9, 25, 15, 6, 21] ;;; build;      ---> Init Fabric...
[2026, 9, 25, 15, 6, 21] ;;; build;    --> Injecting assets...
[2026, 9, 25, 15, 6, 21] ;;; build;    --> Removing gstools jar files from non-gstools mod...
[2026, 9, 25, 15, 6, 22] ;;; build;    --> Injecting block tags...
[2026, 9, 25, 15, 6, 22] ;;; build;    --> Duplicating function folder for backported versions...
[2026, 9, 25, 15, 6, 22] ;;; build;    --> Packing into jar file...
[2026, 9, 25, 15, 6, 22] ;;; build;    --> Cleaning Up...
[2026, 9, 25, 15, 6, 24] ;;; build;    --> Done.
[2026, 9, 25, 15, 6, 24] ;;; build;    > Compiling for forge-1.19.4...
[2026, 9, 25, 15, 6, 24] ;;; build;    --> Cleaning temp directory...
[2026, 9, 25, 15, 6, 24] ;;; build;    --> Unpacking base jar file...
[2026, 9, 25, 15, 6, 24] ;;; build;    --> Copying compiled mcfunction assets...
[2026, 9, 25, 15, 6, 26] ;;; build;    --> Injecting logo...
[2026, 9, 25, 15, 6, 26] ;;; build;    --> Injecting config defaults...
[2026, 9, 25, 15, 6, 26] ;;; build;    --> Handling loader specifications...
[2026, 9, 25, 15, 6, 26] ;;; build;      ---> Init Forge...
[2026, 9, 25, 15, 6, 26] ;;; build;    --> Injecting assets...
[2026, 9, 25, 15, 6, 26] ;;; build;    --> Removing gstools jar files from non-gstools mod...
[2026, 9, 25, 15, 6, 26] ;;; build;    --> Base Mod Compile Requirment Detected! Compiling...
[2026, 9, 25, 15, 6, 26] ;;; build;      ---> Cleaning prior...
[2026, 9, 25, 15, 6, 26] ;;; build;      ---> Cloning basemod...
[2026, 9, 25, 15, 6, 26] ;;; build;      ---> Batch remaning...
[2026, 9, 25, 15, 6, 26] ;;; build;      ---> Running gradle...
[2026, 9, 25, 15, 6, 33] ;;; build;      ---> Unpacking generated jar file...
[2026, 9, 25, 15, 6, 33] ;;; build;      ---> Injecting generated assets into temp dir...
[2026, 9, 25, 15, 6, 33] ;;; build;    --> Injecting block tags...
[2026, 9, 25, 15, 6, 33] ;;; build;    --> Duplicating function folder for backported versions...
[2026, 9, 25, 15, 6, 33] ;;; build;    --> Packing into jar file...
[2026, 9, 25, 15, 6, 34] ;;; build;    --> Cleaning Up...
[2026, 9, 25, 15, 6, 35] ;;; build;    --> Done.
[2026, 9, 25, 15, 6, 35] ;;; build;    > Compiling for forge-1.20.1...
[2026, 9, 25, 15, 6, 35] ;;; build;    --> Cleaning temp directory...
[2026, 9, 25, 15, 6, 35] ;;; build;    --> Unpacking base jar file...
[2026, 9, 25, 15, 6, 35] ;;; build;    --> Copying compiled mcfunction assets...
[2026, 9, 25, 15, 6, 37] ;;; build;    --> Injecting logo...
[2026, 9, 25, 15, 6, 37] ;;; build;    --> Injecting config defaults...
[2026, 9, 25, 15, 6, 37] ;;; build;    --> Handling loader specifications...
[2026, 9, 25, 15, 6, 37] ;;; build;      ---> Init Forge...
[2026, 9, 25, 15, 6, 37] ;;; build;    --> Injecting assets...
[2026, 9, 25, 15, 6, 37] ;;; build;    --> Removing gstools jar files from non-gstools mod...
[2026, 9, 25, 15, 6, 37] ;;; build;    --> Base Mod Compile Requirment Detected! Compiling...
[2026, 9, 25, 15, 6, 37] ;;; build;      ---> Cleaning prior...
[2026, 9, 25, 15, 6, 37] ;;; build;      ---> Cloning basemod...
[2026, 9, 25, 15, 6, 37] ;;; build;      ---> Batch remaning...
[2026, 9, 25, 15, 6, 37] ;;; build;      ---> Running gradle...
[2026, 9, 25, 15, 6, 43] ;;; build;      ---> Unpacking generated jar file...
[2026, 9, 25, 15, 6, 43] ;;; build;      ---> Injecting generated assets into temp dir...
[2026, 9, 25, 15, 6, 43] ;;; build;    --> Injecting block tags...
[2026, 9, 25, 15, 6, 43] ;;; build;    --> Duplicating function folder for backported versions...
[2026, 9, 25, 15, 6, 43] ;;; build;    --> Packing into jar file...
[2026, 9, 25, 15, 6, 44] ;;; build;    --> Cleaning Up...
[2026, 9, 25, 15, 6, 45] ;;; build;    --> Done.
[2026, 9, 25, 15, 6, 45] ;;; build;    > Compiling for neoforge-1.20.4...
[2026, 9, 25, 15, 6, 45] ;;; build;    --> Cleaning temp directory...
[2026, 9, 25, 15, 6, 45] ;;; build;    --> Unpacking base jar file...
[2026, 9, 25, 15, 6, 45] ;;; build;    --> Copying compiled mcfunction assets...
[2026, 9, 25, 15, 6, 47] ;;; build;    --> Injecting logo...
[2026, 9, 25, 15, 6, 47] ;;; build;    --> Injecting config defaults...
[2026, 9, 25, 15, 6, 47] ;;; build;    --> Handling loader specifications...
[2026, 9, 25, 15, 6, 47] ;;; build;      ---> Init Neoforge...
[2026, 9, 25, 15, 6, 47] ;;; build;    --> Injecting assets...
[2026, 9, 25, 15, 6, 47] ;;; build;    --> Removing gstools jar files from non-gstools mod...
[2026, 9, 25, 15, 6, 47] ;;; build;    --> Base Mod Compile Requirment Detected! Compiling...
[2026, 9, 25, 15, 6, 47] ;;; build;      ---> Cleaning prior...
[2026, 9, 25, 15, 6, 47] ;;; build;      ---> Cloning basemod...
[2026, 9, 25, 15, 6, 47] ;;; build;      ---> Batch remaning...
[2026, 9, 25, 15, 6, 47] ;;; build;      ---> Running gradle...
[2026, 9, 25, 15, 6, 51] ;;; build;      ---> Unpacking generated jar file...
[2026, 9, 25, 15, 6, 51] ;;; build;      ---> Injecting generated assets into temp dir...
[2026, 9, 25, 15, 6, 51] ;;; build;    --> Injecting block tags...
[2026, 9, 25, 15, 6, 51] ;;; build;    --> Duplicating function folder for backported versions...
[2026, 9, 25, 15, 6, 51] ;;; build;    --> Packing into jar file...
[2026, 9, 25, 15, 6, 52] ;;; build;    --> Cleaning Up...
[2026, 9, 25, 15, 6, 53] ;;; build;    --> Done.
[2026, 9, 25, 15, 6, 53] ;;; build;    > Compiling for neoforge-1.20.6...
[2026, 9, 25, 15, 6, 53] ;;; build;    --> Cleaning temp directory...
[2026, 9, 25, 15, 6, 54] ;;; build;    --> Unpacking base jar file...
[2026, 9, 25, 15, 6, 54] ;;; build;    --> Copying compiled mcfunction assets...
[2026, 9, 25, 15, 6, 55] ;;; build;    --> Injecting logo...
[2026, 9, 25, 15, 6, 55] ;;; build;    --> Injecting config defaults...
[2026, 9, 25, 15, 6, 55] ;;; build;    --> Handling loader specifications...
[2026, 9, 25, 15, 6, 55] ;;; build;      ---> Init Neoforge...
[2026, 9, 25, 15, 6, 55] ;;; build;      ---> Weather2 Compat Requirment Detected.
[2026, 9, 25, 15, 6, 55] ;;; build;    --> Injecting assets...
[2026, 9, 25, 15, 6, 55] ;;; build;    --> Removing gstools jar files from non-gstools mod...
[2026, 9, 25, 15, 6, 55] ;;; build;    --> Injecting block tags...
[2026, 9, 25, 15, 6, 55] ;;; build;    --> Duplicating function folder for backported versions...
[2026, 9, 25, 15, 6, 55] ;;; build;    --> Packing into jar file...
[2026, 9, 25, 15, 6, 56] ;;; build;    --> Cleaning Up...
[2026, 9, 25, 15, 6, 57] ;;; build;    --> Done.
[2026, 9, 25, 15, 6, 57] ;;; build;    > Compiling for neoforge-1.21.1...
[2026, 9, 25, 15, 6, 57] ;;; build;    --> Cleaning temp directory...
[2026, 9, 25, 15, 6, 58] ;;; build;    --> Unpacking base jar file...
[2026, 9, 25, 15, 6, 58] ;;; build;    --> Copying compiled mcfunction assets...
[2026, 9, 25, 15, 6, 59] ;;; build;    --> Injecting logo...
[2026, 9, 25, 15, 6, 59] ;;; build;    --> Injecting config defaults...
[2026, 9, 25, 15, 6, 59] ;;; build;    --> Handling loader specifications...
[2026, 9, 25, 15, 6, 59] ;;; build;      ---> Init Neoforge...
[2026, 9, 25, 15, 6, 59] ;;; build;      ---> Weather2 Compat Requirment Detected.
[2026, 9, 25, 15, 6, 59] ;;; build;    --> Injecting assets...
[2026, 9, 25, 15, 6, 59] ;;; build;    --> Removing gstools jar files from non-gstools mod...
[2026, 9, 25, 15, 6, 59] ;;; build;    --> Injecting block tags...
[2026, 9, 25, 15, 6, 59] ;;; build;    --> Duplicating function folder for backported versions...
[2026, 9, 25, 15, 6, 59] ;;; build;    --> Packing into jar file...
[2026, 9, 25, 15, 7, 0] ;;; build;    --> Cleaning Up...
[2026, 9, 25, 15, 7, 1] ;;; build;    --> Done.
[2026, 9, 25, 15, 7, 1] ;;; build;    > Compiling for neoforge-1.21.2...
[2026, 9, 25, 15, 7, 1] ;;; build;    --> Cleaning temp directory...
[2026, 9, 25, 15, 7, 2] ;;; build;    --> Unpacking base jar file...
[2026, 9, 25, 15, 7, 2] ;;; build;    --> Copying compiled mcfunction assets...
[2026, 9, 25, 15, 7, 3] ;;; build;    --> Injecting logo...
[2026, 9, 25, 15, 7, 3] ;;; build;    --> Injecting config defaults...
[2026, 9, 25, 15, 7, 3] ;;; build;    --> Handling loader specifications...
[2026, 9, 25, 15, 7, 3] ;;; build;      ---> Init Neoforge...
[2026, 9, 25, 15, 7, 3] ;;; build;    --> Injecting assets...
[2026, 9, 25, 15, 7, 3] ;;; build;    --> Removing gstools jar files from non-gstools mod...
[2026, 9, 25, 15, 7, 3] ;;; build;    --> Injecting block tags...
[2026, 9, 25, 15, 7, 3] ;;; build;    --> Duplicating function folder for backported versions...
[2026, 9, 25, 15, 7, 3] ;;; build;    --> Packing into jar file...
[2026, 9, 25, 15, 7, 4] ;;; build;    --> Cleaning Up...
[2026, 9, 25, 15, 7, 5] ;;; build;    --> Done.
[2026, 9, 25, 15, 7, 5] ;;; build;    > Compiling for neoforge-1.21.4...
[2026, 9, 25, 15, 7, 5] ;;; build;    --> Cleaning temp directory...
[2026, 9, 25, 15, 7, 5] ;;; build;    --> Unpacking base jar file...
[2026, 9, 25, 15, 7, 6] ;;; build;    --> Copying compiled mcfunction assets...
[2026, 9, 25, 15, 7, 7] ;;; build;    --> Injecting logo...
[2026, 9, 25, 15, 7, 7] ;;; build;    --> Injecting config defaults...
[2026, 9, 25, 15, 7, 7] ;;; build;    --> Handling loader specifications...
[2026, 9, 25, 15, 7, 7] ;;; build;      ---> Init Neoforge...
[2026, 9, 25, 15, 7, 7] ;;; build;    --> Injecting assets...
[2026, 9, 25, 15, 7, 7] ;;; build;    --> Removing gstools jar files from non-gstools mod...
[2026, 9, 25, 15, 7, 7] ;;; build;    --> Injecting block tags...
[2026, 9, 25, 15, 7, 7] ;;; build;    --> Duplicating function folder for backported versions...
[2026, 9, 25, 15, 7, 7] ;;; build;    --> Packing into jar file...
[2026, 9, 25, 15, 7, 8] ;;; build;    --> Cleaning Up...
[2026, 9, 25, 15, 7, 9] ;;; build;    --> Done.
[2026, 9, 25, 15, 7, 9] ;;; build;    > Compiling for neoforge-1.21.5...
[2026, 9, 25, 15, 7, 9] ;;; build;    --> Cleaning temp directory...
[2026, 9, 25, 15, 7, 10] ;;; build;    --> Unpacking base jar file...
[2026, 9, 25, 15, 7, 10] ;;; build;    --> Copying compiled mcfunction assets...
[2026, 9, 25, 15, 7, 11] ;;; build;    --> Injecting logo...
[2026, 9, 25, 15, 7, 11] ;;; build;    --> Injecting config defaults...
[2026, 9, 25, 15, 7, 11] ;;; build;    --> Handling loader specifications...
[2026, 9, 25, 15, 7, 11] ;;; build;      ---> Init Neoforge...
[2026, 9, 25, 15, 7, 11] ;;; build;    --> Injecting assets...
[2026, 9, 25, 15, 7, 11] ;;; build;    --> Removing gstools jar files from non-gstools mod...
[2026, 9, 25, 15, 7, 11] ;;; build;    --> Injecting block tags...
[2026, 9, 25, 15, 7, 11] ;;; build;    --> Duplicating function folder for backported versions...
[2026, 9, 25, 15, 7, 11] ;;; build;    --> Packing into jar file...
[2026, 9, 25, 15, 7, 12] ;;; build;    --> Cleaning Up...
[2026, 9, 25, 15, 7, 13] ;;; build;    --> Done.
[2026, 9, 25, 15, 7, 13] ;;; build;    > Compiling for neoforge-1.21.8...
[2026, 9, 25, 15, 7, 13] ;;; build;    --> Cleaning temp directory...
[2026, 9, 25, 15, 7, 13] ;;; build;    --> Unpacking base jar file...
[2026, 9, 25, 15, 7, 14] ;;; build;    --> Copying compiled mcfunction assets...
[2026, 9, 25, 15, 7, 15] ;;; build;    --> Injecting logo...
[2026, 9, 25, 15, 7, 15] ;;; build;    --> Injecting config defaults...
[2026, 9, 25, 15, 7, 15] ;;; build;    --> Handling loader specifications...
[2026, 9, 25, 15, 7, 15] ;;; build;      ---> Init Neoforge...
[2026, 9, 25, 15, 7, 15] ;;; build;    --> Injecting assets...
[2026, 9, 25, 15, 7, 15] ;;; build;    --> Removing gstools jar files from non-gstools mod...
[2026, 9, 25, 15, 7, 15] ;;; build;    --> Injecting block tags...
[2026, 9, 25, 15, 7, 15] ;;; build;    --> Duplicating function folder for backported versions...
[2026, 9, 25, 15, 7, 15] ;;; build;    --> Packing into jar file...
[2026, 9, 25, 15, 7, 16] ;;; build;    --> Cleaning Up...
[2026, 9, 25, 15, 7, 17] ;;; build;    --> Done.
[2026, 9, 25, 15, 7, 17] ;;; build;    > Compiling for neoforge-26.1...
[2026, 9, 25, 15, 7, 17] ;;; build;    --> Cleaning temp directory...
[2026, 9, 25, 15, 7, 18] ;;; build;    --> Unpacking base jar file...
[2026, 9, 25, 15, 7, 18] ;;; build;    --> Copying compiled mcfunction assets...
[2026, 9, 25, 15, 7, 19] ;;; build;    --> Injecting logo...
[2026, 9, 25, 15, 7, 19] ;;; build;    --> Injecting config defaults...
[2026, 9, 25, 15, 7, 19] ;;; build;    --> Handling loader specifications...
[2026, 9, 25, 15, 7, 19] ;;; build;      ---> Init Neoforge...
[2026, 9, 25, 15, 7, 19] ;;; build;    --> Injecting assets...
[2026, 9, 25, 15, 7, 19] ;;; build;    --> Removing gstools jar files from non-gstools mod...
[2026, 9, 25, 15, 7, 19] ;;; build;    --> Injecting block tags...
[2026, 9, 25, 15, 7, 20] ;;; build;    --> Duplicating function folder for backported versions...
[2026, 9, 25, 15, 7, 20] ;;; build;    --> Packing into jar file...
[2026, 9, 25, 15, 7, 20] ;;; build;    --> Cleaning Up...
[2026, 9, 25, 15, 7, 21] ;;; build;    --> Done.
[2026, 9, 25, 15, 7, 21] ;;; build;    > Compiling for neoforge-26.2...
[2026, 9, 25, 15, 7, 21] ;;; build;    --> Cleaning temp directory...
[2026, 9, 25, 15, 7, 22] ;;; build;    --> Unpacking base jar file...
[2026, 9, 25, 15, 7, 22] ;;; build;    --> Copying compiled mcfunction assets...
[2026, 9, 25, 15, 7, 23] ;;; build;    --> Injecting logo...
[2026, 9, 25, 15, 7, 23] ;;; build;    --> Injecting config defaults...
[2026, 9, 25, 15, 7, 23] ;;; build;    --> Handling loader specifications...
[2026, 9, 25, 15, 7, 23] ;;; build;      ---> Init Neoforge...
[2026, 9, 25, 15, 7, 23] ;;; build;    --> Injecting assets...
[2026, 9, 25, 15, 7, 23] ;;; build;    --> Removing gstools jar files from non-gstools mod...
[2026, 9, 25, 15, 7, 23] ;;; build;    --> Injecting block tags...
[2026, 9, 25, 15, 7, 23] ;;; build;    --> Duplicating function folder for backported versions...
[2026, 9, 25, 15, 7, 24] ;;; build;    --> Packing into jar file...
[2026, 9, 25, 15, 7, 24] ;;; build;    --> Cleaning Up...
[2026, 9, 25, 15, 7, 25] ;;; build;    --> Done.
[2026, 9, 25, 15, 7, 25] ;;; build;    > Compiling for neoforge-26.3...
[2026, 9, 25, 15, 7, 25] ;;; build;    --> Cleaning temp directory...
[2026, 9, 25, 15, 7, 26] ;;; build;    --> Unpacking base jar file...
[2026, 9, 25, 15, 7, 26] ;;; build;    --> Copying compiled mcfunction assets...
[2026, 9, 25, 15, 7, 27] ;;; build;    --> Injecting logo...
[2026, 9, 25, 15, 7, 27] ;;; build;    --> Injecting config defaults...
[2026, 9, 25, 15, 7, 27] ;;; build;    --> Handling loader specifications...
[2026, 9, 25, 15, 7, 27] ;;; build;      ---> Init Neoforge...
[2026, 9, 25, 15, 7, 27] ;;; build;    --> Injecting assets...
[2026, 9, 25, 15, 7, 27] ;;; build;    --> Removing gstools jar files from non-gstools mod...
[2026, 9, 25, 15, 7, 27] ;;; build;    --> Injecting block tags...
[2026, 9, 25, 15, 7, 27] ;;; build;    --> Duplicating function folder for backported versions...
[2026, 9, 25, 15, 7, 27] ;;; build;    --> Packing into jar file...
[2026, 9, 25, 15, 7, 28] ;;; build;    --> Cleaning Up...
[2026, 9, 25, 15, 7, 29] ;;; build;    --> Done.
[2026, 9, 25, 15, 7, 29] ;;; build;    > Renaming zip files to jar files...
[2026, 9, 25, 15, 7, 29] ;;; build;    > Resetting to cached game versions config...
[2026, 9, 25, 15, 7, 29] ;;; build;    > Build Complete.
[2026, 9, 25, 15, 7, 29] ;;; build; Compiling datapack undead_expanded into mod...
[2026, 9, 25, 15, 7, 29] ;;; build;    > Detecting split versions...
[2026, 9, 25, 15, 7, 29] ;;; build;    --> Nothing to delete after.
[2026, 9, 25, 15, 7, 29] ;;; build;    > Beginning build block...
[2026, 9, 25, 15, 7, 29] ;;; build;    > Compiling for fabric-1.21.8...
[2026, 9, 25, 15, 7, 29] ;;; build;    --> Cleaning temp directory...
[2026, 9, 25, 15, 7, 38] ;;; build;    --> Unpacking base jar file...
[2026, 9, 25, 15, 7, 39] ;;; build;    --> Copying compiled mcfunction assets...
[2026, 9, 25, 15, 7, 39] ;;; build;    --> Injecting logo...
[2026, 9, 25, 15, 7, 39] ;;; build;    --> Injecting config defaults...
[2026, 9, 25, 15, 7, 39] ;;; build;    --> Handling loader specifications...
[2026, 9, 25, 15, 7, 39] ;;; build;      ---> Init Fabric...
[2026, 9, 25, 15, 7, 39] ;;; build;    --> Injecting assets...
[2026, 9, 25, 15, 7, 39] ;;; build;    --> Removing gstools jar files from non-gstools mod...
[2026, 9, 25, 15, 7, 40] ;;; build;    --> Injecting block tags...
[2026, 9, 25, 15, 7, 40] ;;; build;    --> Duplicating function folder for backported versions...
[2026, 9, 25, 15, 7, 40] ;;; build;    --> Packing into jar file...
[2026, 9, 25, 15, 7, 45] ;;; build;    --> Cleaning Up...
[2026, 9, 25, 15, 7, 47] ;;; build;    --> Done.
[2026, 9, 25, 15, 7, 47] ;;; build;    > Compiling for fabric-1.21.9...
[2026, 9, 25, 15, 7, 47] ;;; build;    --> Cleaning temp directory...
[2026, 9, 25, 15, 7, 47] ;;; build;    --> Unpacking base jar file...
[2026, 9, 25, 15, 7, 48] ;;; build;    --> Copying compiled mcfunction assets...
[2026, 9, 25, 15, 7, 48] ;;; build;    --> Injecting logo...
[2026, 9, 25, 15, 7, 48] ;;; build;    --> Injecting config defaults...
[2026, 9, 25, 15, 7, 48] ;;; build;    --> Handling loader specifications...
[2026, 9, 25, 15, 7, 48] ;;; build;      ---> Init Fabric...
[2026, 9, 25, 15, 7, 48] ;;; build;    --> Injecting assets...
[2026, 9, 25, 15, 7, 48] ;;; build;    --> Removing gstools jar files from non-gstools mod...
[2026, 9, 25, 15, 7, 48] ;;; build;    --> Injecting block tags...
[2026, 9, 25, 15, 7, 48] ;;; build;    --> Duplicating function folder for backported versions...
[2026, 9, 25, 15, 7, 48] ;;; build;    --> Packing into jar file...
[2026, 9, 25, 15, 7, 53] ;;; build;    --> Cleaning Up...
[2026, 9, 25, 15, 7, 55] ;;; build;    --> Done.
[2026, 9, 25, 15, 7, 55] ;;; build;    > Compiling for fabric-26.1...
[2026, 9, 25, 15, 7, 55] ;;; build;    --> Cleaning temp directory...
[2026, 9, 25, 15, 7, 55] ;;; build;    --> Unpacking base jar file...
[2026, 9, 25, 15, 7, 55] ;;; build;    --> Copying compiled mcfunction assets...
[2026, 9, 25, 15, 7, 56] ;;; build;    --> Injecting logo...
[2026, 9, 25, 15, 7, 56] ;;; build;    --> Injecting config defaults...
[2026, 9, 25, 15, 7, 56] ;;; build;    --> Handling loader specifications...
[2026, 9, 25, 15, 7, 56] ;;; build;      ---> Init Fabric...
[2026, 9, 25, 15, 7, 56] ;;; build;    --> Injecting assets...
[2026, 9, 25, 15, 7, 56] ;;; build;    --> Removing gstools jar files from non-gstools mod...
[2026, 9, 25, 15, 7, 56] ;;; build;    --> Injecting block tags...
[2026, 9, 25, 15, 7, 56] ;;; build;    --> Duplicating function folder for backported versions...
[2026, 9, 25, 15, 7, 56] ;;; build;    --> Packing into jar file...
[2026, 9, 25, 15, 8, 1] ;;; build;    --> Cleaning Up...
[2026, 9, 25, 15, 8, 3] ;;; build;    --> Done.
[2026, 9, 25, 15, 8, 3] ;;; build;    > Compiling for fabric-26.2...
[2026, 9, 25, 15, 8, 3] ;;; build;    --> Cleaning temp directory...
[2026, 9, 25, 15, 8, 4] ;;; build;    --> Unpacking base jar file...
[2026, 9, 25, 15, 8, 4] ;;; build;    --> Copying compiled mcfunction assets...
[2026, 9, 25, 15, 8, 4] ;;; build;    --> Injecting logo...
[2026, 9, 25, 15, 8, 4] ;;; build;    --> Injecting config defaults...
[2026, 9, 25, 15, 8, 4] ;;; build;    --> Handling loader specifications...
[2026, 9, 25, 15, 8, 4] ;;; build;      ---> Init Fabric...
[2026, 9, 25, 15, 8, 4] ;;; build;    --> Injecting assets...
[2026, 9, 25, 15, 8, 4] ;;; build;    --> Removing gstools jar files from non-gstools mod...
[2026, 9, 25, 15, 8, 4] ;;; build;    --> Injecting block tags...
[2026, 9, 25, 15, 8, 4] ;;; build;    --> Duplicating function folder for backported versions...
[2026, 9, 25, 15, 8, 4] ;;; build;    --> Packing into jar file...
[2026, 9, 25, 15, 8, 10] ;;; build;    --> Cleaning Up...
[2026, 9, 25, 15, 8, 11] ;;; build;    --> Done.
[2026, 9, 25, 15, 8, 11] ;;; build;    > Compiling for fabric-26.3...
[2026, 9, 25, 15, 8, 11] ;;; build;    --> Cleaning temp directory...
[2026, 9, 25, 15, 8, 11] ;;; build;    --> Unpacking base jar file...
[2026, 9, 25, 15, 8, 12] ;;; build;    --> Copying compiled mcfunction assets...
[2026, 9, 25, 15, 8, 12] ;;; build;    --> Injecting logo...
[2026, 9, 25, 15, 8, 12] ;;; build;    --> Injecting config defaults...
[2026, 9, 25, 15, 8, 12] ;;; build;    --> Handling loader specifications...
[2026, 9, 25, 15, 8, 12] ;;; build;      ---> Init Fabric...
[2026, 9, 25, 15, 8, 12] ;;; build;    --> Injecting assets...
[2026, 9, 25, 15, 8, 12] ;;; build;    --> Removing gstools jar files from non-gstools mod...
[2026, 9, 25, 15, 8, 12] ;;; build;    --> Injecting block tags...
[2026, 9, 25, 15, 8, 12] ;;; build;    --> Duplicating function folder for backported versions...
[2026, 9, 25, 15, 8, 12] ;;; build;    --> Packing into jar file...
[2026, 9, 25, 15, 8, 17] ;;; build;    --> Cleaning Up...
[2026, 9, 25, 15, 8, 18] ;;; build;    --> Done.
[2026, 9, 25, 15, 8, 18] ;;; build;    > Compiling for forge-1.19.4...
[2026, 9, 25, 15, 8, 18] ;;; build;    --> Cleaning temp directory...
[2026, 9, 25, 15, 8, 19] ;;; build;    --> Unpacking base jar file...
[2026, 9, 25, 15, 8, 19] ;;; build;    --> Copying compiled mcfunction assets...
[2026, 9, 25, 15, 8, 19] ;;; build;    --> Injecting logo...
[2026, 9, 25, 15, 8, 19] ;;; build;    --> Injecting config defaults...
[2026, 9, 25, 15, 8, 19] ;;; build;    --> Handling loader specifications...
[2026, 9, 25, 15, 8, 19] ;;; build;      ---> Init Forge...
[2026, 9, 25, 15, 8, 19] ;;; build;    --> Injecting assets...
[2026, 9, 25, 15, 8, 20] ;;; build;    --> Removing gstools jar files from non-gstools mod...
[2026, 9, 25, 15, 8, 20] ;;; build;    --> Base Mod Compile Requirment Detected! Compiling...
[2026, 9, 25, 15, 8, 20] ;;; build;      ---> Cleaning prior...
[2026, 9, 25, 15, 8, 20] ;;; build;      ---> Cloning basemod...
[2026, 9, 25, 15, 8, 20] ;;; build;      ---> Batch remaning...
[2026, 9, 25, 15, 8, 20] ;;; build;      ---> Running gradle...
[2026, 9, 25, 15, 8, 25] ;;; build;      ---> Unpacking generated jar file...
[2026, 9, 25, 15, 8, 25] ;;; build;      ---> Injecting generated assets into temp dir...
[2026, 9, 25, 15, 8, 25] ;;; build;    --> Injecting block tags...
[2026, 9, 25, 15, 8, 25] ;;; build;    --> Duplicating function folder for backported versions...
[2026, 9, 25, 15, 8, 25] ;;; build;    --> Packing into jar file...
[2026, 9, 25, 15, 8, 30] ;;; build;    --> Cleaning Up...
[2026, 9, 25, 15, 8, 31] ;;; build;    --> Done.
[2026, 9, 25, 15, 8, 31] ;;; build;    > Compiling for forge-1.20.1...
[2026, 9, 25, 15, 8, 31] ;;; build;    --> Cleaning temp directory...
[2026, 9, 25, 15, 8, 32] ;;; build;    --> Unpacking base jar file...
[2026, 9, 25, 15, 8, 32] ;;; build;    --> Copying compiled mcfunction assets...
[2026, 9, 25, 15, 8, 32] ;;; build;    --> Injecting logo...
[2026, 9, 25, 15, 8, 32] ;;; build;    --> Injecting config defaults...
[2026, 9, 25, 15, 8, 32] ;;; build;    --> Handling loader specifications...
[2026, 9, 25, 15, 8, 32] ;;; build;      ---> Init Forge...
[2026, 9, 25, 15, 8, 32] ;;; build;    --> Injecting assets...
[2026, 9, 25, 15, 8, 33] ;;; build;    --> Removing gstools jar files from non-gstools mod...
[2026, 9, 25, 15, 8, 33] ;;; build;    --> Base Mod Compile Requirment Detected! Compiling...
[2026, 9, 25, 15, 8, 33] ;;; build;      ---> Cleaning prior...
[2026, 9, 25, 15, 8, 33] ;;; build;      ---> Cloning basemod...
[2026, 9, 25, 15, 8, 33] ;;; build;      ---> Batch remaning...
[2026, 9, 25, 15, 8, 33] ;;; build;      ---> Running gradle...
[2026, 9, 25, 15, 8, 38] ;;; build;      ---> Unpacking generated jar file...
[2026, 9, 25, 15, 8, 38] ;;; build;      ---> Injecting generated assets into temp dir...
[2026, 9, 25, 15, 8, 38] ;;; build;    --> Injecting block tags...
[2026, 9, 25, 15, 8, 38] ;;; build;    --> Duplicating function folder for backported versions...
[2026, 9, 25, 15, 8, 38] ;;; build;    --> Packing into jar file...
[2026, 9, 25, 15, 8, 43] ;;; build;    --> Cleaning Up...
[2026, 9, 25, 15, 8, 45] ;;; build;    --> Done.
[2026, 9, 25, 15, 8, 45] ;;; build;    > Compiling for neoforge-1.20.4...
[2026, 9, 25, 15, 8, 45] ;;; build;    --> Cleaning temp directory...
[2026, 9, 25, 15, 8, 45] ;;; build;    --> Unpacking base jar file...
[2026, 9, 25, 15, 8, 45] ;;; build;    --> Copying compiled mcfunction assets...
[2026, 9, 25, 15, 8, 45] ;;; build;    --> Injecting logo...
[2026, 9, 25, 15, 8, 45] ;;; build;    --> Injecting config defaults...
[2026, 9, 25, 15, 8, 45] ;;; build;    --> Handling loader specifications...
[2026, 9, 25, 15, 8, 45] ;;; build;      ---> Init Neoforge...
[2026, 9, 25, 15, 8, 45] ;;; build;    --> Injecting assets...
[2026, 9, 25, 15, 8, 46] ;;; build;    --> Removing gstools jar files from non-gstools mod...
[2026, 9, 25, 15, 8, 46] ;;; build;    --> Base Mod Compile Requirment Detected! Compiling...
[2026, 9, 25, 15, 8, 46] ;;; build;      ---> Cleaning prior...
[2026, 9, 25, 15, 8, 46] ;;; build;      ---> Cloning basemod...
[2026, 9, 25, 15, 8, 46] ;;; build;      ---> Batch remaning...
[2026, 9, 25, 15, 8, 46] ;;; build;      ---> Running gradle...
[2026, 9, 25, 15, 8, 49] ;;; build;      ---> Unpacking generated jar file...
[2026, 9, 25, 15, 8, 50] ;;; build;      ---> Injecting generated assets into temp dir...
[2026, 9, 25, 15, 8, 50] ;;; build;    --> Injecting block tags...
[2026, 9, 25, 15, 8, 50] ;;; build;    --> Duplicating function folder for backported versions...
[2026, 9, 25, 15, 8, 50] ;;; build;    --> Packing into jar file...
[2026, 9, 25, 15, 8, 55] ;;; build;    --> Cleaning Up...
[2026, 9, 25, 15, 8, 56] ;;; build;    --> Done.
[2026, 9, 25, 15, 8, 56] ;;; build;    > Compiling for neoforge-1.20.6...
[2026, 9, 25, 15, 8, 56] ;;; build;    --> Cleaning temp directory...
[2026, 9, 25, 15, 8, 57] ;;; build;    --> Unpacking base jar file...
[2026, 9, 25, 15, 8, 57] ;;; build;    --> Copying compiled mcfunction assets...
[2026, 9, 25, 15, 8, 58] ;;; build;    --> Injecting logo...
[2026, 9, 25, 15, 8, 58] ;;; build;    --> Injecting config defaults...
[2026, 9, 25, 15, 8, 58] ;;; build;    --> Handling loader specifications...
[2026, 9, 25, 15, 8, 58] ;;; build;      ---> Init Neoforge...
[2026, 9, 25, 15, 8, 58] ;;; build;      ---> Weather2 Compat Requirment Detected.
[2026, 9, 25, 15, 8, 58] ;;; build;    --> Injecting assets...
[2026, 9, 25, 15, 8, 58] ;;; build;    --> Removing gstools jar files from non-gstools mod...
[2026, 9, 25, 15, 8, 58] ;;; build;    --> Injecting block tags...
[2026, 9, 25, 15, 8, 58] ;;; build;    --> Duplicating function folder for backported versions...
[2026, 9, 25, 15, 8, 58] ;;; build;    --> Packing into jar file...
[2026, 9, 25, 15, 9, 4] ;;; build;    --> Cleaning Up...
[2026, 9, 25, 15, 9, 6] ;;; build;    --> Done.
[2026, 9, 25, 15, 9, 6] ;;; build;    > Compiling for neoforge-1.21.1...
[2026, 9, 25, 15, 9, 6] ;;; build;    --> Cleaning temp directory...
[2026, 9, 25, 15, 9, 6] ;;; build;    --> Unpacking base jar file...
[2026, 9, 25, 15, 9, 6] ;;; build;    --> Copying compiled mcfunction assets...
[2026, 9, 25, 15, 9, 6] ;;; build;    --> Injecting logo...
[2026, 9, 25, 15, 9, 6] ;;; build;    --> Injecting config defaults...
[2026, 9, 25, 15, 9, 6] ;;; build;    --> Handling loader specifications...
[2026, 9, 25, 15, 9, 6] ;;; build;      ---> Init Neoforge...
[2026, 9, 25, 15, 9, 6] ;;; build;      ---> Weather2 Compat Requirment Detected.
[2026, 9, 25, 15, 9, 6] ;;; build;    --> Injecting assets...
[2026, 9, 25, 15, 9, 7] ;;; build;    --> Removing gstools jar files from non-gstools mod...
[2026, 9, 25, 15, 9, 7] ;;; build;    --> Injecting block tags...
[2026, 9, 25, 15, 9, 7] ;;; build;    --> Duplicating function folder for backported versions...
[2026, 9, 25, 15, 9, 7] ;;; build;    --> Packing into jar file...
[2026, 9, 25, 15, 9, 12] ;;; build;    --> Cleaning Up...
[2026, 9, 25, 15, 9, 14] ;;; build;    --> Done.
[2026, 9, 25, 15, 9, 14] ;;; build;    > Compiling for neoforge-1.21.2...
[2026, 9, 25, 15, 9, 14] ;;; build;    --> Cleaning temp directory...
[2026, 9, 25, 15, 9, 14] ;;; build;    --> Unpacking base jar file...
[2026, 9, 25, 15, 9, 14] ;;; build;    --> Copying compiled mcfunction assets...
[2026, 9, 25, 15, 9, 15] ;;; build;    --> Injecting logo...
[2026, 9, 25, 15, 9, 15] ;;; build;    --> Injecting config defaults...
[2026, 9, 25, 15, 9, 15] ;;; build;    --> Handling loader specifications...
[2026, 9, 25, 15, 9, 15] ;;; build;      ---> Init Neoforge...
[2026, 9, 25, 15, 9, 15] ;;; build;    --> Injecting assets...
[2026, 9, 25, 15, 9, 15] ;;; build;    --> Removing gstools jar files from non-gstools mod...
[2026, 9, 25, 15, 9, 15] ;;; build;    --> Injecting block tags...
[2026, 9, 25, 15, 9, 15] ;;; build;    --> Duplicating function folder for backported versions...
[2026, 9, 25, 15, 9, 15] ;;; build;    --> Packing into jar file...
[2026, 9, 25, 15, 9, 20] ;;; build;    --> Cleaning Up...
[2026, 9, 25, 15, 9, 22] ;;; build;    --> Done.
[2026, 9, 25, 15, 9, 22] ;;; build;    > Compiling for neoforge-1.21.4...
[2026, 9, 25, 15, 9, 22] ;;; build;    --> Cleaning temp directory...
[2026, 9, 25, 15, 9, 23] ;;; build;    --> Unpacking base jar file...
[2026, 9, 25, 15, 9, 23] ;;; build;    --> Copying compiled mcfunction assets...
[2026, 9, 25, 15, 9, 23] ;;; build;    --> Injecting logo...
[2026, 9, 25, 15, 9, 23] ;;; build;    --> Injecting config defaults...
[2026, 9, 25, 15, 9, 23] ;;; build;    --> Handling loader specifications...
[2026, 9, 25, 15, 9, 23] ;;; build;      ---> Init Neoforge...
[2026, 9, 25, 15, 9, 23] ;;; build;    --> Injecting assets...
[2026, 9, 25, 15, 9, 23] ;;; build;    --> Removing gstools jar files from non-gstools mod...
[2026, 9, 25, 15, 9, 23] ;;; build;    --> Injecting block tags...
[2026, 9, 25, 15, 9, 24] ;;; build;    --> Duplicating function folder for backported versions...
[2026, 9, 25, 15, 9, 24] ;;; build;    --> Packing into jar file...
[2026, 9, 25, 15, 9, 29] ;;; build;    --> Cleaning Up...
[2026, 9, 25, 15, 9, 31] ;;; build;    --> Done.
[2026, 9, 25, 15, 9, 31] ;;; build;    > Compiling for neoforge-1.21.5...
[2026, 9, 25, 15, 9, 31] ;;; build;    --> Cleaning temp directory...
[2026, 9, 25, 15, 9, 31] ;;; build;    --> Unpacking base jar file...
[2026, 9, 25, 15, 9, 31] ;;; build;    --> Copying compiled mcfunction assets...
[2026, 9, 25, 15, 9, 32] ;;; build;    --> Injecting logo...
[2026, 9, 25, 15, 9, 32] ;;; build;    --> Injecting config defaults...
[2026, 9, 25, 15, 9, 32] ;;; build;    --> Handling loader specifications...
[2026, 9, 25, 15, 9, 32] ;;; build;      ---> Init Neoforge...
[2026, 9, 25, 15, 9, 32] ;;; build;    --> Injecting assets...
[2026, 9, 25, 15, 9, 32] ;;; build;    --> Removing gstools jar files from non-gstools mod...
[2026, 9, 25, 15, 9, 32] ;;; build;    --> Injecting block tags...
[2026, 9, 25, 15, 9, 32] ;;; build;    --> Duplicating function folder for backported versions...
[2026, 9, 25, 15, 9, 32] ;;; build;    --> Packing into jar file...
[2026, 9, 25, 15, 9, 38] ;;; build;    --> Cleaning Up...
[2026, 9, 25, 15, 9, 39] ;;; build;    --> Done.
[2026, 9, 25, 15, 9, 39] ;;; build;    > Compiling for neoforge-1.21.8...
[2026, 9, 25, 15, 9, 39] ;;; build;    --> Cleaning temp directory...
[2026, 9, 25, 15, 9, 40] ;;; build;    --> Unpacking base jar file...
[2026, 9, 25, 15, 9, 40] ;;; build;    --> Copying compiled mcfunction assets...
[2026, 9, 25, 15, 9, 40] ;;; build;    --> Injecting logo...
[2026, 9, 25, 15, 9, 40] ;;; build;    --> Injecting config defaults...
[2026, 9, 25, 15, 9, 40] ;;; build;    --> Handling loader specifications...
[2026, 9, 25, 15, 9, 40] ;;; build;      ---> Init Neoforge...
[2026, 9, 25, 15, 9, 40] ;;; build;    --> Injecting assets...
[2026, 9, 25, 15, 9, 41] ;;; build;    --> Removing gstools jar files from non-gstools mod...
[2026, 9, 25, 15, 9, 41] ;;; build;    --> Injecting block tags...
[2026, 9, 25, 15, 9, 41] ;;; build;    --> Duplicating function folder for backported versions...
[2026, 9, 25, 15, 9, 41] ;;; build;    --> Packing into jar file...
[2026, 9, 25, 15, 9, 47] ;;; build;    --> Cleaning Up...
[2026, 9, 25, 15, 9, 48] ;;; build;    --> Done.
[2026, 9, 25, 15, 9, 48] ;;; build;    > Compiling for neoforge-26.1...
[2026, 9, 25, 15, 9, 48] ;;; build;    --> Cleaning temp directory...
[2026, 9, 25, 15, 9, 49] ;;; build;    --> Unpacking base jar file...
[2026, 9, 25, 15, 9, 49] ;;; build;    --> Copying compiled mcfunction assets...
[2026, 9, 25, 15, 9, 49] ;;; build;    --> Injecting logo...
[2026, 9, 25, 15, 9, 49] ;;; build;    --> Injecting config defaults...
[2026, 9, 25, 15, 9, 49] ;;; build;    --> Handling loader specifications...
[2026, 9, 25, 15, 9, 49] ;;; build;      ---> Init Neoforge...
[2026, 9, 25, 15, 9, 49] ;;; build;    --> Injecting assets...
[2026, 9, 25, 15, 9, 50] ;;; build;    --> Removing gstools jar files from non-gstools mod...
[2026, 9, 25, 15, 9, 50] ;;; build;    --> Injecting block tags...
[2026, 9, 25, 15, 9, 50] ;;; build;    --> Duplicating function folder for backported versions...
[2026, 9, 25, 15, 9, 50] ;;; build;    --> Packing into jar file...
[2026, 9, 25, 15, 9, 56] ;;; build;    --> Cleaning Up...
[2026, 9, 25, 15, 9, 58] ;;; build;    --> Done.
[2026, 9, 25, 15, 9, 58] ;;; build;    > Compiling for neoforge-26.2...
[2026, 9, 25, 15, 9, 58] ;;; build;    --> Cleaning temp directory...
[2026, 9, 25, 15, 9, 59] ;;; build;    --> Unpacking base jar file...
[2026, 9, 25, 15, 9, 59] ;;; build;    --> Copying compiled mcfunction assets...
[2026, 9, 25, 15, 9, 59] ;;; build;    --> Injecting logo...
[2026, 9, 25, 15, 9, 59] ;;; build;    --> Injecting config defaults...
[2026, 9, 25, 15, 9, 59] ;;; build;    --> Handling loader specifications...
[2026, 9, 25, 15, 9, 59] ;;; build;      ---> Init Neoforge...
[2026, 9, 25, 15, 9, 59] ;;; build;    --> Injecting assets...
[2026, 9, 25, 15, 9, 59] ;;; build;    --> Removing gstools jar files from non-gstools mod...
[2026, 9, 25, 15, 9, 59] ;;; build;    --> Injecting block tags...
[2026, 9, 25, 15, 10, 0] ;;; build;    --> Duplicating function folder for backported versions...
[2026, 9, 25, 15, 10, 0] ;;; build;    --> Packing into jar file...
[2026, 9, 25, 15, 10, 6] ;;; build;    --> Cleaning Up...
[2026, 9, 25, 15, 10, 8] ;;; build;    --> Done.
[2026, 9, 25, 15, 10, 8] ;;; build;    > Compiling for neoforge-26.3...
[2026, 9, 25, 15, 10, 8] ;;; build;    --> Cleaning temp directory...
[2026, 9, 25, 15, 10, 8] ;;; build;    --> Unpacking base jar file...
[2026, 9, 25, 15, 10, 8] ;;; build;    --> Copying compiled mcfunction assets...
[2026, 9, 25, 15, 10, 9] ;;; build;    --> Injecting logo...
[2026, 9, 25, 15, 10, 9] ;;; build;    --> Injecting config defaults...
[2026, 9, 25, 15, 10, 9] ;;; build;    --> Handling loader specifications...
[2026, 9, 25, 15, 10, 9] ;;; build;      ---> Init Neoforge...
[2026, 9, 25, 15, 10, 9] ;;; build;    --> Injecting assets...
[2026, 9, 25, 15, 10, 9] ;;; build;    --> Removing gstools jar files from non-gstools mod...
[2026, 9, 25, 15, 10, 9] ;;; build;    --> Injecting block tags...
[2026, 9, 25, 15, 10, 9] ;;; build;    --> Duplicating function folder for backported versions...
[2026, 9, 25, 15, 10, 9] ;;; build;    --> Packing into jar file...
[2026, 9, 25, 15, 10, 14] ;;; build;    --> Cleaning Up...
[2026, 9, 25, 15, 10, 16] ;;; build;    --> Done.
[2026, 9, 25, 15, 10, 16] ;;; build;    > Renaming zip files to jar files...
[2026, 9, 25, 15, 10, 16] ;;; build;    > Resetting to cached game versions config...
[2026, 9, 25, 15, 10, 16] ;;; build;    > Build Complete.
[2026, 9, 25, 15, 10, 16] ;;; build; Generating release.json...
[2026, 9, 25, 15, 10, 16] ;;; build; Injecting release.json...
[2026, 9, 25, 15, 10, 16] ;;; build; Cleaning up...
[2026, 9, 25, 15, 10, 30] ;;; build; Done.