
[2026, 9, 25, 16, 25, 14] ;;; curseforge; {'id': 7499, 'gameVersionTypeID': 68441, 'name': 'Fabric', 'slug': 'fabric', 'apiVersion': ''}
[2026, 9, 25, 16, 25, 14] ;;; curseforge; {'id': 9638, 'gameVersionTypeID': 75208, 'name': 'Client', 'slug': 'client', 'apiVersion': ''}
[2026, 9, 25, 16, 25, 14] ;;; curseforge; {'id': 9639, 'gameVersionTypeID': 75208, 'name': 'Server', 'slug': 'server', 'apiVersion': ''}
[2026, 9, 25, 16, 25, 14] ;;; curseforge; {'id': 13620, 'gameVersionTypeID': 77784, 'name': '1.21.8', 'slug': '1-21-8', 'apiVersion': None}
[2026, 9, 25, 16, 25, 14] ;;; curseforge; {'id': 13683, 'gameVersionTypeID': 1, 'name': '1.21.8', 'slug': '1-21-8', 'apiVersion': ''}
[2026, 9, 25, 16, 25, 14] ;;; curseforge; {'id': 16124, 'gameVersionTypeID': 615, 'name': '1.21.8', 'slug': '1-21-8', 'apiVersion': ''}
[2026, 9, 25, 16, 25, 14] ;;; curseforge; {'file': ('gstools-fabric-1.21.8_1.60.0.jar', <_io.BufferedReader name='.\\releases\\1.60.0\\gstools-fabric-1.21.8_1.60.0.jar'>, 'application/jar'), 'metadata': (None, '{"changelog": "", "displayName": "gstools fabric 1.21.8 1.60.0", "gameVersions": [7499, 9638, 9639, 13620], "gameVersionNames": ["Fabric", "Client", "Server", "1.21.8"], "releaseType": "release", "relations": {"projects": [{"slug": "gstools", "projectID": 1404020, "type": "requiredDependency"}]}}', 'application/json')}
[2026, 9, 25, 16, 25, 18] ;;; curseforge; Mod file uploaded successfully! Response: {'id': 8974496}
[2026, 9, 25, 16, 25, 19] ;;; curseforge; {'id': 7499, 'gameVersionTypeID': 68441, 'name': 'Fabric', 'slug': 'fabric', 'apiVersion': ''}
[2026, 9, 25, 16, 25, 19] ;;; curseforge; {'id': 9638, 'gameVersionTypeID': 75208, 'name': 'Client', 'slug': 'client', 'apiVersion': ''}
[2026, 9, 25, 16, 25, 19] ;;; curseforge; {'id': 9639, 'gameVersionTypeID': 75208, 'name': 'Server', 'slug': 'server', 'apiVersion': ''}
[2026, 9, 25, 16, 25, 19] ;;; curseforge; {'id': 13620, 'gameVersionTypeID': 77784, 'name': '1.21.8', 'slug': '1-21-8', 'apiVersion': None}
[2026, 9, 25, 16, 25, 19] ;;; curseforge; {'id': 13683, 'gameVersionTypeID': 1, 'name': '1.21.8', 'slug': '1-21-8', 'apiVersion': ''}
[2026, 9, 25, 16, 25, 19] ;;; curseforge; {'id': 16124, 'gameVersionTypeID': 615, 'name': '1.21.8', 'slug': '1-21-8', 'apiVersion': ''}
[2026, 9, 25, 16, 25, 24] ;;; curseforge; {'id': 7499, 'gameVersionTypeID': 68441, 'name': 'Fabric', 'slug': 'fabric', 'apiVersion': ''}
[2026, 9, 25, 16, 25, 24] ;;; curseforge; {'id': 9638, 'gameVersionTypeID': 75208, 'name': 'Client', 'slug': 'client', 'apiVersion': ''}
[2026, 9, 25, 16, 25, 24] ;;; curseforge; {'id': 9639, 'gameVersionTypeID': 75208, 'name': 'Server', 'slug': 'server', 'apiVersion': ''}
[2026, 9, 25, 16, 25, 24] ;;; curseforge; {'id': 15933, 'gameVersionTypeID': 83806, 'name': '26.1', 'slug': '26-1', 'apiVersion': None}
[2026, 9, 25, 16, 25, 24] ;;; curseforge; {'id': 16083, 'gameVersionTypeID': 1, 'name': '26.1', 'slug': '26-1', 'apiVersion': ''}
[2026, 9, 25, 16, 25, 24] ;;; curseforge; {'id': 16128, 'gameVersionTypeID': 615, 'name': '26.1', 'slug': '26-1', 'apiVersion': ''}
[2026, 9, 25, 16, 25, 24] ;;; curseforge; {'id': 7499, 'gameVersionTypeID': 68441, 'name': 'Fabric', 'slug': 'fabric', 'apiVersion': ''}
[2026, 9, 25, 16, 25, 24] ;;; curseforge; {'id': 9638, 'gameVersionTypeID': 75208, 'name': 'Client', 'slug': 'client', 'apiVersion': ''}
[2026, 9, 25, 16, 25, 24] ;;; curseforge; {'id': 9639, 'gameVersionTypeID': 75208, 'name': 'Server', 'slug': 'server', 'apiVersion': ''}
[2026, 9, 25, 16, 25, 24] ;;; curseforge; {'id': 16021, 'gameVersionTypeID': 83806, 'name': '26.1.1', 'slug': '26-1-1', 'apiVersion': None}
[2026, 9, 25, 16, 25, 24] ;;; curseforge; {'id': 16084, 'gameVersionTypeID': 1, 'name': '26.1.1', 'slug': '26-1-1', 'apiVersion': ''}
[2026, 9, 25, 16, 25, 24] ;;; curseforge; {'id': 16129, 'gameVersionTypeID': 615, 'name': '26.1.1', 'slug': '26-1-1', 'apiVersion': ''}
[2026, 9, 25, 16, 25, 24] ;;; curseforge; {'id': 7499, 'gameVersionTypeID': 68441, 'name': 'Fabric', 'slug': 'fabric', 'apiVersion': ''}
[2026, 9, 25, 16, 25, 24] ;;; curseforge; {'id': 9638, 'gameVersionTypeID': 75208, 'name': 'Client', 'slug': 'client', 'apiVersion': ''}
[2026, 9, 25, 16, 25, 24] ;;; curseforge; {'id': 9639, 'gameVersionTypeID': 75208, 'name': 'Server', 'slug': 'server', 'apiVersion': ''}
[2026, 9, 25, 16, 25, 24] ;;; curseforge; {'id': 16082, 'gameVersionTypeID': 83806, 'name': '26.1.2', 'slug': '26-1-2', 'apiVersion': None}
[2026, 9, 25, 16, 25, 24] ;;; curseforge; {'id': 16085, 'gameVersionTypeID': 1, 'name': '26.1.2', 'slug': '26-1-2', 'apiVersion': ''}
[2026, 9, 25, 16, 25, 24] ;;; curseforge; {'id': 16130, 'gameVersionTypeID': 615, 'name': '26.1.2', 'slug': '26-1-2', 'apiVersion': ''}
[2026, 9, 25, 16, 25, 24] ;;; curseforge; {'file': ('gstools-fabric-26.1_1.60.0.jar', <_io.BufferedReader name='.\\releases\\1.60.0\\gstools-fabric-26.1_1.60.0.jar'>, 'application/jar'), 'metadata': (None, '{"changelog": "", "displayName": "gstools fabric 26.1 1.60.0", "gameVersions": [7499, 9638, 9639, 15933, 16021, 16082], "gameVersionNames": ["Fabric", "Client", "Server", "26.1", "26.1.1", "26.1.2"], "releaseType": "release", "relations": {"projects": [{"slug": "gstools", "projectID": 1404020, "type": "requiredDependency"}]}}', 'application/json')}
[2026, 9, 25, 16, 25, 26] ;;; curseforge; Mod file uploaded successfully! Response: {'id': 8974497}
[2026, 9, 25, 16, 25, 27] ;;; curseforge; {'id': 7499, 'gameVersionTypeID': 68441, 'name': 'Fabric', 'slug': 'fabric', 'apiVersion': ''}
[2026, 9, 25, 16, 25, 27] ;;; curseforge; {'id': 9638, 'gameVersionTypeID': 75208, 'name': 'Client', 'slug': 'client', 'apiVersion': ''}
[2026, 9, 25, 16, 25, 27] ;;; curseforge; {'id': 9639, 'gameVersionTypeID': 75208, 'name': 'Server', 'slug': 'server', 'apiVersion': ''}
[2026, 9, 25, 16, 25, 27] ;;; curseforge; {'id': 15933, 'gameVersionTypeID': 83806, 'name': '26.1', 'slug': '26-1', 'apiVersion': None}
[2026, 9, 25, 16, 25, 27] ;;; curseforge; {'id': 16083, 'gameVersionTypeID': 1, 'name': '26.1', 'slug': '26-1', 'apiVersion': ''}
[2026, 9, 25, 16, 25, 27] ;;; curseforge; {'id': 16128, 'gameVersionTypeID': 615, 'name': '26.1', 'slug': '26-1', 'apiVersion': ''}
[2026, 9, 25, 16, 25, 27] ;;; curseforge; {'id': 7499, 'gameVersionTypeID': 68441, 'name': 'Fabric', 'slug': 'fabric', 'apiVersion': ''}
[2026, 9, 25, 16, 25, 27] ;;; curseforge; {'id': 9638, 'gameVersionTypeID': 75208, 'name': 'Client', 'slug': 'client', 'apiVersion': ''}
[2026, 9, 25, 16, 25, 27] ;;; curseforge; {'id': 9639, 'gameVersionTypeID': 75208, 'name': 'Server', 'slug': 'server', 'apiVersion': ''}
[2026, 9, 25, 16, 25, 27] ;;; curseforge; {'id': 16021, 'gameVersionTypeID': 83806, 'name': '26.1.1', 'slug': '26-1-1', 'apiVersion': None}
[2026, 9, 25, 16, 25, 27] ;;; curseforge; {'id': 16084, 'gameVersionTypeID': 1, 'name': '26.1.1', 'slug': '26-1-1', 'apiVersion': ''}
[2026, 9, 25, 16, 25, 27] ;;; curseforge; {'id': 16129, 'gameVersionTypeID': 615, 'name': '26.1.1', 'slug': '26-1-1', 'apiVersion': ''}
[2026, 9, 25, 16, 25, 27] ;;; curseforge; {'id': 7499, 'gameVersionTypeID': 68441, 'name': 'Fabric', 'slug': 'fabric', 'apiVersion': ''}
[2026, 9, 25, 16, 25, 27] ;;; curseforge; {'id': 9638, 'gameVersionTypeID': 75208, 'name': 'Client', 'slug': 'client', 'apiVersion': ''}
[2026, 9, 25, 16, 25, 27] ;;; curseforge; {'id': 9639, 'gameVersionTypeID': 75208, 'name': 'Server', 'slug': 'server', 'apiVersion': ''}
[2026, 9, 25, 16, 25, 27] ;;; curseforge; {'id': 16082, 'gameVersionTypeID': 83806, 'name': '26.1.2', 'slug': '26-1-2', 'apiVersion': None}
[2026, 9, 25, 16, 25, 27] ;;; curseforge; {'id': 16085, 'gameVersionTypeID': 1, 'name': '26.1.2', 'slug': '26-1-2', 'apiVersion': ''}
[2026, 9, 25, 16, 25, 27] ;;; curseforge; {'id': 16130, 'gameVersionTypeID': 615, 'name': '26.1.2', 'slug': '26-1-2', 'apiVersion': ''}
[2026, 9, 25, 16, 25, 31] ;;; curseforge; {'id': 7499, 'gameVersionTypeID': 68441, 'name': 'Fabric', 'slug': 'fabric', 'apiVersion': ''}
[2026, 9, 25, 16, 25, 31] ;;; curseforge; {'id': 9638, 'gameVersionTypeID': 75208, 'name': 'Client', 'slug': 'client', 'apiVersion': ''}
[2026, 9, 25, 16, 25, 31] ;;; curseforge; {'id': 9639, 'gameVersionTypeID': 75208, 'name': 'Server', 'slug': 'server', 'apiVersion': ''}
[2026, 9, 25, 16, 25, 31] ;;; curseforge; {'id': 16498, 'gameVersionTypeID': 86297, 'name': '26.2', 'slug': '26-2', 'apiVersion': None}
[2026, 9, 25, 16, 25, 31] ;;; curseforge; {'id': 16500, 'gameVersionTypeID': 1, 'name': '26.2', 'slug': '26-2', 'apiVersion': ''}
[2026, 9, 25, 16, 25, 31] ;;; curseforge; {'file': ('gstools-fabric-26.2_1.60.0.jar', <_io.BufferedReader name='.\\releases\\1.60.0\\gstools-fabric-26.2_1.60.0.jar'>, 'application/jar'), 'metadata': (None, '{"changelog": "", "displayName": "gstools fabric 26.2 1.60.0", "gameVersions": [7499, 9638, 9639, 16498], "gameVersionNames": ["Fabric", "Client", "Server", "26.2"], "releaseType": "release", "relations": {"projects": [{"slug": "gstools", "projectID": 1404020, "type": "requiredDependency"}]}}', 'application/json')}
[2026, 9, 25, 16, 25, 38] ;;; curseforge; Mod file uploaded successfully! Response: {'id': 8974499}
[2026, 9, 25, 16, 25, 39] ;;; curseforge; {'id': 7499, 'gameVersionTypeID': 68441, 'name': 'Fabric', 'slug': 'fabric', 'apiVersion': ''}
[2026, 9, 25, 16, 25, 39] ;;; curseforge; {'id': 9638, 'gameVersionTypeID': 75208, 'name': 'Client', 'slug': 'client', 'apiVersion': ''}
[2026, 9, 25, 16, 25, 39] ;;; curseforge; {'id': 9639, 'gameVersionTypeID': 75208, 'name': 'Server', 'slug': 'server', 'apiVersion': ''}
[2026, 9, 25, 16, 25, 39] ;;; curseforge; {'id': 16498, 'gameVersionTypeID': 86297, 'name': '26.2', 'slug': '26-2', 'apiVersion': None}
[2026, 9, 25, 16, 25, 39] ;;; curseforge; {'id': 16500, 'gameVersionTypeID': 1, 'name': '26.2', 'slug': '26-2', 'apiVersion': ''}
[2026, 9, 25, 16, 25, 46] ;;; curseforge; {'id': 7498, 'gameVersionTypeID': 68441, 'name': 'Forge', 'slug': 'forge', 'apiVersion': ''}
[2026, 9, 25, 16, 25, 46] ;;; curseforge; {'id': 9638, 'gameVersionTypeID': 75208, 'name': 'Client', 'slug': 'client', 'apiVersion': ''}
[2026, 9, 25, 16, 25, 46] ;;; curseforge; {'id': 9639, 'gameVersionTypeID': 75208, 'name': 'Server', 'slug': 'server', 'apiVersion': ''}
[2026, 9, 25, 16, 25, 46] ;;; curseforge; {'id': 9776, 'gameVersionTypeID': 73407, 'name': '1.19.4', 'slug': '1-19-4', 'apiVersion': ''}
[2026, 9, 25, 16, 25, 46] ;;; curseforge; {'id': 9792, 'gameVersionTypeID': 615, 'name': '1.19.4', 'slug': '1-19-4', 'apiVersion': ''}
[2026, 9, 25, 16, 25, 46] ;;; curseforge; {'id': 9973, 'gameVersionTypeID': 1, 'name': '1.19.4', 'slug': '1-19-4', 'apiVersion': ''}
[2026, 9, 25, 16, 25, 46] ;;; curseforge; {'file': ('gstools-forge-1.19.4_1.60.0.jar', <_io.BufferedReader name='.\\releases\\1.60.0\\gstools-forge-1.19.4_1.60.0.jar'>, 'application/jar'), 'metadata': (None, '{"changelog": "", "displayName": "gstools forge 1.19.4 1.60.0", "gameVersions": [7498, 9638, 9639, 9776], "gameVersionNames": ["Forge", "Client", "Server", "1.19.4"], "releaseType": "release", "relations": {"projects": [{"slug": "gstools", "projectID": 1404020, "type": "requiredDependency"}]}}', 'application/json')}
[2026, 9, 25, 16, 25, 50] ;;; curseforge; Mod file uploaded successfully! Response: {'id': 8974500}
[2026, 9, 25, 16, 25, 50] ;;; curseforge; {'id': 7498, 'gameVersionTypeID': 68441, 'name': 'Forge', 'slug': 'forge', 'apiVersion': ''}
[2026, 9, 25, 16, 25, 50] ;;; curseforge; {'id': 9638, 'gameVersionTypeID': 75208, 'name': 'Client', 'slug': 'client', 'apiVersion': ''}
[2026, 9, 25, 16, 25, 50] ;;; curseforge; {'id': 9639, 'gameVersionTypeID': 75208, 'name': 'Server', 'slug': 'server', 'apiVersion': ''}
[2026, 9, 25, 16, 25, 50] ;;; curseforge; {'id': 9776, 'gameVersionTypeID': 73407, 'name': '1.19.4', 'slug': '1-19-4', 'apiVersion': ''}
[2026, 9, 25, 16, 25, 50] ;;; curseforge; {'id': 9792, 'gameVersionTypeID': 615, 'name': '1.19.4', 'slug': '1-19-4', 'apiVersion': ''}
[2026, 9, 25, 16, 25, 50] ;;; curseforge; {'id': 9973, 'gameVersionTypeID': 1, 'name': '1.19.4', 'slug': '1-19-4', 'apiVersion': ''}
[2026, 9, 25, 16, 25, 57] ;;; curseforge; {'id': 7498, 'gameVersionTypeID': 68441, 'name': 'Forge', 'slug': 'forge', 'apiVersion': ''}
[2026, 9, 25, 16, 25, 57] ;;; curseforge; {'id': 9638, 'gameVersionTypeID': 75208, 'name': 'Client', 'slug': 'client', 'apiVersion': ''}
[2026, 9, 25, 16, 25, 57] ;;; curseforge; {'id': 9639, 'gameVersionTypeID': 75208, 'name': 'Server', 'slug': 'server', 'apiVersion': ''}
[2026, 9, 25, 16, 25, 57] ;;; curseforge; {'id': 9990, 'gameVersionTypeID': 75125, 'name': '1.20.1', 'slug': '1-20-1', 'apiVersion': None}
[2026, 9, 25, 16, 25, 57] ;;; curseforge; {'id': 9993, 'gameVersionTypeID': 615, 'name': '1.20.1', 'slug': '1-20-1', 'apiVersion': ''}
[2026, 9, 25, 16, 25, 57] ;;; curseforge; {'id': 9994, 'gameVersionTypeID': 1, 'name': '1.20.1', 'slug': '1-20-1', 'apiVersion': ''}
[2026, 9, 25, 16, 25, 57] ;;; curseforge; {'file': ('gstools-forge-1.20.1_1.60.0.jar', <_io.BufferedReader name='.\\releases\\1.60.0\\gstools-forge-1.20.1_1.60.0.jar'>, 'application/jar'), 'metadata': (None, '{"changelog": "", "displayName": "gstools forge 1.20.1 1.60.0", "gameVersions": [7498, 9638, 9639, 9990], "gameVersionNames": ["Forge", "Client", "Server", "1.20.1"], "releaseType": "release", "relations": {"projects": [{"slug": "gstools", "projectID": 1404020, "type": "requiredDependency"}]}}', 'application/json')}
[2026, 9, 25, 16, 26, 0] ;;; curseforge; Mod file uploaded successfully! Response: {'id': 8974504}
[2026, 9, 25, 16, 26, 0] ;;; curseforge; {'id': 7498, 'gameVersionTypeID': 68441, 'name': 'Forge', 'slug': 'forge', 'apiVersion': ''}
[2026, 9, 25, 16, 26, 0] ;;; curseforge; {'id': 9638, 'gameVersionTypeID': 75208, 'name': 'Client', 'slug': 'client', 'apiVersion': ''}
[2026, 9, 25, 16, 26, 0] ;;; curseforge; {'id': 9639, 'gameVersionTypeID': 75208, 'name': 'Server', 'slug': 'server', 'apiVersion': ''}
[2026, 9, 25, 16, 26, 0] ;;; curseforge; {'id': 9990, 'gameVersionTypeID': 75125, 'name': '1.20.1', 'slug': '1-20-1', 'apiVersion': None}
[2026, 9, 25, 16, 26, 0] ;;; curseforge; {'id': 9993, 'gameVersionTypeID': 615, 'name': '1.20.1', 'slug': '1-20-1', 'apiVersion': ''}
[2026, 9, 25, 16, 26, 0] ;;; curseforge; {'id': 9994, 'gameVersionTypeID': 1, 'name': '1.20.1', 'slug': '1-20-1', 'apiVersion': ''}
[2026, 9, 25, 16, 26, 6] ;;; curseforge; {'id': 9638, 'gameVersionTypeID': 75208, 'name': 'Client', 'slug': 'client', 'apiVersion': ''}
[2026, 9, 25, 16, 26, 6] ;;; curseforge; {'id': 9639, 'gameVersionTypeID': 75208, 'name': 'Server', 'slug': 'server', 'apiVersion': ''}
[2026, 9, 25, 16, 26, 6] ;;; curseforge; {'id': 10150, 'gameVersionTypeID': 68441, 'name': 'NeoForge', 'slug': 'neoforge', 'apiVersion': ''}
[2026, 9, 25, 16, 26, 6] ;;; curseforge; {'id': 10407, 'gameVersionTypeID': 75125, 'name': '1.20.4', 'slug': '1-20-4', 'apiVersion': None}
[2026, 9, 25, 16, 26, 6] ;;; curseforge; {'id': 10742, 'gameVersionTypeID': 1, 'name': '1.20.4', 'slug': '1-20-4', 'apiVersion': ''}
[2026, 9, 25, 16, 26, 6] ;;; curseforge; {'id': 10866, 'gameVersionTypeID': 615, 'name': '1.20.4', 'slug': '1-20-4', 'apiVersion': ''}
[2026, 9, 25, 16, 26, 6] ;;; curseforge; {'file': ('gstools-neoforge-1.20.4_1.60.0.jar', <_io.BufferedReader name='.\\releases\\1.60.0\\gstools-neoforge-1.20.4_1.60.0.jar'>, 'application/jar'), 'metadata': (None, '{"changelog": "", "displayName": "gstools neoforge 1.20.4 1.60.0", "gameVersions": [9638, 9639, 10150, 10407], "gameVersionNames": ["Client", "Server", "NeoForge", "1.20.4"], "releaseType": "release", "relations": {"projects": [{"slug": "gstools", "projectID": 1404020, "type": "requiredDependency"}]}}', 'application/json')}
[2026, 9, 25, 16, 26, 9] ;;; curseforge; Mod file uploaded successfully! Response: {'id': 8974505}
[2026, 9, 25, 16, 26, 10] ;;; curseforge; {'id': 9638, 'gameVersionTypeID': 75208, 'name': 'Client', 'slug': 'client', 'apiVersion': ''}
[2026, 9, 25, 16, 26, 10] ;;; curseforge; {'id': 9639, 'gameVersionTypeID': 75208, 'name': 'Server', 'slug': 'server', 'apiVersion': ''}
[2026, 9, 25, 16, 26, 10] ;;; curseforge; {'id': 10150, 'gameVersionTypeID': 68441, 'name': 'NeoForge', 'slug': 'neoforge', 'apiVersion': ''}
[2026, 9, 25, 16, 26, 10] ;;; curseforge; {'id': 10407, 'gameVersionTypeID': 75125, 'name': '1.20.4', 'slug': '1-20-4', 'apiVersion': None}
[2026, 9, 25, 16, 26, 10] ;;; curseforge; {'id': 10742, 'gameVersionTypeID': 1, 'name': '1.20.4', 'slug': '1-20-4', 'apiVersion': ''}
[2026, 9, 25, 16, 26, 10] ;;; curseforge; {'id': 10866, 'gameVersionTypeID': 615, 'name': '1.20.4', 'slug': '1-20-4', 'apiVersion': ''}
[2026, 9, 25, 16, 26, 15] ;;; curseforge; {'id': 9638, 'gameVersionTypeID': 75208, 'name': 'Client', 'slug': 'client', 'apiVersion': ''}
[2026, 9, 25, 16, 26, 15] ;;; curseforge; {'id': 9639, 'gameVersionTypeID': 75208, 'name': 'Server', 'slug': 'server', 'apiVersion': ''}
[2026, 9, 25, 16, 26, 15] ;;; curseforge; {'id': 10150, 'gameVersionTypeID': 68441, 'name': 'NeoForge', 'slug': 'neoforge', 'apiVersion': ''}
[2026, 9, 25, 16, 26, 15] ;;; curseforge; {'id': 11779, 'gameVersionTypeID': 77784, 'name': '1.21.1', 'slug': '1-21-1', 'apiVersion': None}
[2026, 9, 25, 16, 26, 15] ;;; curseforge; {'id': 12735, 'gameVersionTypeID': 1, 'name': '1.21.1', 'slug': '1-21-1', 'apiVersion': ''}
[2026, 9, 25, 16, 26, 15] ;;; curseforge; {'id': 16115, 'gameVersionTypeID': 615, 'name': '1.21.1', 'slug': '1-21-1', 'apiVersion': ''}
[2026, 9, 25, 16, 26, 15] ;;; curseforge; {'file': ('gstools-neoforge-1.21.1_1.60.0.jar', <_io.BufferedReader name='.\\releases\\1.60.0\\gstools-neoforge-1.21.1_1.60.0.jar'>, 'application/jar'), 'metadata': (None, '{"changelog": "", "displayName": "gstools neoforge 1.21.1 1.60.0", "gameVersions": [9638, 9639, 10150, 11779], "gameVersionNames": ["Client", "Server", "NeoForge", "1.21.1"], "releaseType": "release", "relations": {"projects": [{"slug": "gstools", "projectID": 1404020, "type": "requiredDependency"}, {"slug": "gstools-weather2-compat", "projectID": 1710321, "type": "requiredDependency"}]}}', 'application/json')}
[2026, 9, 25, 16, 26, 17] ;;; curseforge; Upload failed. Status code: 400
[2026, 9, 25, 16, 26, 17] ;;; curseforge; Response body: {"errorCode":1018,"errorMessage":"Invalid slug in project relations: \u0027gstools-weather2-compat\u0027 does not exist, is not accessible, or belongs to an unrelated root category."}
[2026, 9, 25, 16, 26, 18] ;;; curseforge; {'file': ('gstools-neoforge-1.21.1_1.60.0.jar', <_io.BufferedReader name='.\\releases\\1.60.0\\gstools-neoforge-1.21.1_1.60.0.jar'>, 'application/jar'), 'metadata': (None, '{"changelog": "", "displayName": "gstools neoforge 1.21.1 1.60.0", "gameVersions": [9638, 9639, 10150, 11779], "gameVersionNames": ["Client", "Server", "NeoForge", "1.21.1"], "releaseType": "release", "relations": {"projects": [{"slug": "gstools", "projectID": 1404020, "type": "requiredDependency"}, {"slug": "gstools-weather2-compat", "projectID": 1710321, "type": "requiredDependency"}]}}', 'application/json')}
[2026, 9, 25, 16, 26, 23] ;;; curseforge; Upload failed. Status code: 400
[2026, 9, 25, 16, 26, 23] ;;; curseforge; Response body: {"errorCode":1018,"errorMessage":"Invalid slug in project relations: \u0027gstools-weather2-compat\u0027 does not exist, is not accessible, or belongs to an unrelated root category."}
[2026, 9, 25, 16, 26, 24] ;;; curseforge; {'file': ('gstools-neoforge-1.21.1_1.60.0.jar', <_io.BufferedReader name='.\\releases\\1.60.0\\gstools-neoforge-1.21.1_1.60.0.jar'>, 'application/jar'), 'metadata': (None, '{"changelog": "", "displayName": "gstools neoforge 1.21.1 1.60.0", "gameVersions": [9638, 9639, 10150, 11779], "gameVersionNames": ["Client", "Server", "NeoForge", "1.21.1"], "releaseType": "release", "relations": {"projects": [{"slug": "gstools", "projectID": 1404020, "type": "requiredDependency"}, {"slug": "gstools-weather2-compat", "projectID": 1710321, "type": "requiredDependency"}]}}', 'application/json')}
[2026, 9, 25, 16, 26, 25] ;;; curseforge; Upload failed. Status code: 400
[2026, 9, 25, 16, 26, 25] ;;; curseforge; Response body: {"errorCode":1018,"errorMessage":"Invalid slug in project relations: \u0027gstools-weather2-compat\u0027 does not exist, is not accessible, or belongs to an unrelated root category."}
[2026, 9, 25, 16, 26, 26] ;;; curseforge; {'file': ('gstools-neoforge-1.21.1_1.60.0.jar', <_io.BufferedReader name='.\\releases\\1.60.0\\gstools-neoforge-1.21.1_1.60.0.jar'>, 'application/jar'), 'metadata': (None, '{"changelog": "", "displayName": "gstools neoforge 1.21.1 1.60.0", "gameVersions": [9638, 9639, 10150, 11779], "gameVersionNames": ["Client", "Server", "NeoForge", "1.21.1"], "releaseType": "release", "relations": {"projects": [{"slug": "gstools", "projectID": 1404020, "type": "requiredDependency"}, {"slug": "gstools-weather2-compat", "projectID": 1710321, "type": "requiredDependency"}]}}', 'application/json')}
[2026, 9, 25, 16, 26, 31] ;;; curseforge; Upload failed. Status code: 400
[2026, 9, 25, 16, 26, 31] ;;; curseforge; Response body: {"errorCode":1018,"errorMessage":"Invalid slug in project relations: \u0027gstools-weather2-compat\u0027 does not exist, is not accessible, or belongs to an unrelated root category."}
[2026, 9, 25, 16, 26, 32] ;;; curseforge; {'file': ('gstools-neoforge-1.21.1_1.60.0.jar', <_io.BufferedReader name='.\\releases\\1.60.0\\gstools-neoforge-1.21.1_1.60.0.jar'>, 'application/jar'), 'metadata': (None, '{"changelog": "", "displayName": "gstools neoforge 1.21.1 1.60.0", "gameVersions": [9638, 9639, 10150, 11779], "gameVersionNames": ["Client", "Server", "NeoForge", "1.21.1"], "releaseType": "release", "relations": {"projects": [{"slug": "gstools", "projectID": 1404020, "type": "requiredDependency"}, {"slug": "gstools-weather2-compat", "projectID": 1710321, "type": "requiredDependency"}]}}', 'application/json')}
[2026, 9, 25, 16, 26, 35] ;;; curseforge; Upload failed. Status code: 400
[2026, 9, 25, 16, 26, 35] ;;; curseforge; Response body: {"errorCode":1018,"errorMessage":"Invalid slug in project relations: \u0027gstools-weather2-compat\u0027 does not exist, is not accessible, or belongs to an unrelated root category."}
[2026, 9, 25, 16, 26, 36] ;;; curseforge; {'file': ('gstools-neoforge-1.21.1_1.60.0.jar', <_io.BufferedReader name='.\\releases\\1.60.0\\gstools-neoforge-1.21.1_1.60.0.jar'>, 'application/jar'), 'metadata': (None, '{"changelog": "", "displayName": "gstools neoforge 1.21.1 1.60.0", "gameVersions": [9638, 9639, 10150, 11779], "gameVersionNames": ["Client", "Server", "NeoForge", "1.21.1"], "releaseType": "release", "relations": {"projects": [{"slug": "gstools", "projectID": 1404020, "type": "requiredDependency"}, {"slug": "gstools-weather2-compat", "projectID": 1710321, "type": "requiredDependency"}]}}', 'application/json')}
[2026, 9, 25, 16, 26, 37] ;;; curseforge; Upload failed. Status code: 400
[2026, 9, 25, 16, 26, 37] ;;; curseforge; Response body: {"errorCode":1018,"errorMessage":"Invalid slug in project relations: \u0027gstools-weather2-compat\u0027 does not exist, is not accessible, or belongs to an unrelated root category."}
[2026, 9, 25, 16, 26, 38] ;;; curseforge; {'file': ('gstools-neoforge-1.21.1_1.60.0.jar', <_io.BufferedReader name='.\\releases\\1.60.0\\gstools-neoforge-1.21.1_1.60.0.jar'>, 'application/jar'), 'metadata': (None, '{"changelog": "", "displayName": "gstools neoforge 1.21.1 1.60.0", "gameVersions": [9638, 9639, 10150, 11779], "gameVersionNames": ["Client", "Server", "NeoForge", "1.21.1"], "releaseType": "release", "relations": {"projects": [{"slug": "gstools", "projectID": 1404020, "type": "requiredDependency"}, {"slug": "gstools-weather2-compat", "projectID": 1710321, "type": "requiredDependency"}]}}', 'application/json')}
[2026, 9, 25, 16, 26, 46] ;;; curseforge; Upload failed. Status code: 400
[2026, 9, 25, 16, 26, 46] ;;; curseforge; Response body: {"errorCode":1018,"errorMessage":"Invalid slug in project relations: \u0027gstools-weather2-compat\u0027 does not exist, is not accessible, or belongs to an unrelated root category."}
[2026, 9, 25, 16, 26, 47] ;;; curseforge; {'file': ('gstools-neoforge-1.21.1_1.60.0.jar', <_io.BufferedReader name='.\\releases\\1.60.0\\gstools-neoforge-1.21.1_1.60.0.jar'>, 'application/jar'), 'metadata': (None, '{"changelog": "", "displayName": "gstools neoforge 1.21.1 1.60.0", "gameVersions": [9638, 9639, 10150, 11779], "gameVersionNames": ["Client", "Server", "NeoForge", "1.21.1"], "releaseType": "release", "relations": {"projects": [{"slug": "gstools", "projectID": 1404020, "type": "requiredDependency"}, {"slug": "gstools-weather2-compat", "projectID": 1710321, "type": "requiredDependency"}]}}', 'application/json')}
[2026, 9, 25, 16, 26, 49] ;;; curseforge; Upload failed. Status code: 400
[2026, 9, 25, 16, 26, 49] ;;; curseforge; Response body: {"errorCode":1018,"errorMessage":"Invalid slug in project relations: \u0027gstools-weather2-compat\u0027 does not exist, is not accessible, or belongs to an unrelated root category."}
[2026, 9, 25, 16, 26, 50] ;;; curseforge; {'file': ('gstools-neoforge-1.21.1_1.60.0.jar', <_io.BufferedReader name='.\\releases\\1.60.0\\gstools-neoforge-1.21.1_1.60.0.jar'>, 'application/jar'), 'metadata': (None, '{"changelog": "", "displayName": "gstools neoforge 1.21.1 1.60.0", "gameVersions": [9638, 9639, 10150, 11779], "gameVersionNames": ["Client", "Server", "NeoForge", "1.21.1"], "releaseType": "release", "relations": {"projects": [{"slug": "gstools", "projectID": 1404020, "type": "requiredDependency"}, {"slug": "gstools-weather2-compat", "projectID": 1710321, "type": "requiredDependency"}]}}', 'application/json')}
[2026, 9, 25, 16, 26, 51] ;;; curseforge; Upload failed. Status code: 400
[2026, 9, 25, 16, 26, 51] ;;; curseforge; Response body: {"errorCode":1018,"errorMessage":"Invalid slug in project relations: \u0027gstools-weather2-compat\u0027 does not exist, is not accessible, or belongs to an unrelated root category."}
[2026, 9, 25, 16, 26, 52] ;;; curseforge; {'file': ('gstools-neoforge-1.21.1_1.60.0.jar', <_io.BufferedReader name='.\\releases\\1.60.0\\gstools-neoforge-1.21.1_1.60.0.jar'>, 'application/jar'), 'metadata': (None, '{"changelog": "", "displayName": "gstools neoforge 1.21.1 1.60.0", "gameVersions": [9638, 9639, 10150, 11779], "gameVersionNames": ["Client", "Server", "NeoForge", "1.21.1"], "releaseType": "release", "relations": {"projects": [{"slug": "gstools", "projectID": 1404020, "type": "requiredDependency"}, {"slug": "gstools-weather2-compat", "projectID": 1710321, "type": "requiredDependency"}]}}', 'application/json')}
[2026, 9, 25, 16, 26, 54] ;;; curseforge; Upload failed. Status code: 400
[2026, 9, 25, 16, 26, 54] ;;; curseforge; Response body: {"errorCode":1018,"errorMessage":"Invalid slug in project relations: \u0027gstools-weather2-compat\u0027 does not exist, is not accessible, or belongs to an unrelated root category."}
[2026, 9, 25, 16, 26, 55] ;;; curseforge; {'file': ('gstools-neoforge-1.21.1_1.60.0.jar', <_io.BufferedReader name='.\\releases\\1.60.0\\gstools-neoforge-1.21.1_1.60.0.jar'>, 'application/jar'), 'metadata': (None, '{"changelog": "", "displayName": "gstools neoforge 1.21.1 1.60.0", "gameVersions": [9638, 9639, 10150, 11779], "gameVersionNames": ["Client", "Server", "NeoForge", "1.21.1"], "releaseType": "release", "relations": {"projects": [{"slug": "gstools", "projectID": 1404020, "type": "requiredDependency"}, {"slug": "gstools-weather2-compat", "projectID": 1710321, "type": "requiredDependency"}]}}', 'application/json')}
[2026, 9, 25, 16, 26, 57] ;;; curseforge; Upload failed. Status code: 400
[2026, 9, 25, 16, 26, 57] ;;; curseforge; Response body: {"errorCode":1018,"errorMessage":"Invalid slug in project relations: \u0027gstools-weather2-compat\u0027 does not exist, is not accessible, or belongs to an unrelated root category."}
[2026, 9, 25, 16, 26, 58] ;;; curseforge; {'file': ('gstools-neoforge-1.21.1_1.60.0.jar', <_io.BufferedReader name='.\\releases\\1.60.0\\gstools-neoforge-1.21.1_1.60.0.jar'>, 'application/jar'), 'metadata': (None, '{"changelog": "", "displayName": "gstools neoforge 1.21.1 1.60.0", "gameVersions": [9638, 9639, 10150, 11779], "gameVersionNames": ["Client", "Server", "NeoForge", "1.21.1"], "releaseType": "release", "relations": {"projects": [{"slug": "gstools", "projectID": 1404020, "type": "requiredDependency"}, {"slug": "gstools-weather2-compat", "projectID": 1710321, "type": "requiredDependency"}]}}', 'application/json')}
[2026, 9, 25, 16, 27, 1] ;;; curseforge; Upload failed. Status code: 400
[2026, 9, 25, 16, 27, 1] ;;; curseforge; Response body: {"errorCode":1018,"errorMessage":"Invalid slug in project relations: \u0027gstools-weather2-compat\u0027 does not exist, is not accessible, or belongs to an unrelated root category."}
[2026, 9, 25, 16, 27, 2] ;;; curseforge; {'file': ('gstools-neoforge-1.21.1_1.60.0.jar', <_io.BufferedReader name='.\\releases\\1.60.0\\gstools-neoforge-1.21.1_1.60.0.jar'>, 'application/jar'), 'metadata': (None, '{"changelog": "", "displayName": "gstools neoforge 1.21.1 1.60.0", "gameVersions": [9638, 9639, 10150, 11779], "gameVersionNames": ["Client", "Server", "NeoForge", "1.21.1"], "releaseType": "release", "relations": {"projects": [{"slug": "gstools", "projectID": 1404020, "type": "requiredDependency"}, {"slug": "gstools-weather2-compat", "projectID": 1710321, "type": "requiredDependency"}]}}', 'application/json')}
[2026, 9, 25, 16, 27, 3] ;;; curseforge; Upload failed. Status code: 400
[2026, 9, 25, 16, 27, 3] ;;; curseforge; Response body: {"errorCode":1018,"errorMessage":"Invalid slug in project relations: \u0027gstools-weather2-compat\u0027 does not exist, is not accessible, or belongs to an unrelated root category."}
[2026, 9, 25, 16, 27, 4] ;;; curseforge; {'file': ('gstools-neoforge-1.21.1_1.60.0.jar', <_io.BufferedReader name='.\\releases\\1.60.0\\gstools-neoforge-1.21.1_1.60.0.jar'>, 'application/jar'), 'metadata': (None, '{"changelog": "", "displayName": "gstools neoforge 1.21.1 1.60.0", "gameVersions": [9638, 9639, 10150, 11779], "gameVersionNames": ["Client", "Server", "NeoForge", "1.21.1"], "releaseType": "release", "relations": {"projects": [{"slug": "gstools", "projectID": 1404020, "type": "requiredDependency"}, {"slug": "gstools-weather2-compat", "projectID": 1710321, "type": "requiredDependency"}]}}', 'application/json')}
[2026, 9, 25, 16, 27, 6] ;;; curseforge; Upload failed. Status code: 400
[2026, 9, 25, 16, 27, 6] ;;; curseforge; Response body: {"errorCode":1018,"errorMessage":"Invalid slug in project relations: \u0027gstools-weather2-compat\u0027 does not exist, is not accessible, or belongs to an unrelated root category."}
[2026, 9, 25, 16, 27, 7] ;;; curseforge; {'file': ('gstools-neoforge-1.21.1_1.60.0.jar', <_io.BufferedReader name='.\\releases\\1.60.0\\gstools-neoforge-1.21.1_1.60.0.jar'>, 'application/jar'), 'metadata': (None, '{"changelog": "", "displayName": "gstools neoforge 1.21.1 1.60.0", "gameVersions": [9638, 9639, 10150, 11779], "gameVersionNames": ["Client", "Server", "NeoForge", "1.21.1"], "releaseType": "release", "relations": {"projects": [{"slug": "gstools", "projectID": 1404020, "type": "requiredDependency"}, {"slug": "gstools-weather2-compat", "projectID": 1710321, "type": "requiredDependency"}]}}', 'application/json')}
[2026, 9, 25, 16, 27, 12] ;;; curseforge; Upload failed. Status code: 400
[2026, 9, 25, 16, 27, 12] ;;; curseforge; Response body: {"errorCode":1018,"errorMessage":"Invalid slug in project relations: \u0027gstools-weather2-compat\u0027 does not exist, is not accessible, or belongs to an unrelated root category."}
[2026, 9, 25, 16, 27, 13] ;;; curseforge; {'file': ('gstools-neoforge-1.21.1_1.60.0.jar', <_io.BufferedReader name='.\\releases\\1.60.0\\gstools-neoforge-1.21.1_1.60.0.jar'>, 'application/jar'), 'metadata': (None, '{"changelog": "", "displayName": "gstools neoforge 1.21.1 1.60.0", "gameVersions": [9638, 9639, 10150, 11779], "gameVersionNames": ["Client", "Server", "NeoForge", "1.21.1"], "releaseType": "release", "relations": {"projects": [{"slug": "gstools", "projectID": 1404020, "type": "requiredDependency"}, {"slug": "gstools-weather2-compat", "projectID": 1710321, "type": "requiredDependency"}]}}', 'application/json')}
[2026, 9, 25, 16, 27, 14] ;;; curseforge; Upload failed. Status code: 400
[2026, 9, 25, 16, 27, 14] ;;; curseforge; Response body: {"errorCode":1018,"errorMessage":"Invalid slug in project relations: \u0027gstools-weather2-compat\u0027 does not exist, is not accessible, or belongs to an unrelated root category."}
[2026, 9, 25, 16, 27, 15] ;;; curseforge; {'file': ('gstools-neoforge-1.21.1_1.60.0.jar', <_io.BufferedReader name='.\\releases\\1.60.0\\gstools-neoforge-1.21.1_1.60.0.jar'>, 'application/jar'), 'metadata': (None, '{"changelog": "", "displayName": "gstools neoforge 1.21.1 1.60.0", "gameVersions": [9638, 9639, 10150, 11779], "gameVersionNames": ["Client", "Server", "NeoForge", "1.21.1"], "releaseType": "release", "relations": {"projects": [{"slug": "gstools", "projectID": 1404020, "type": "requiredDependency"}, {"slug": "gstools-weather2-compat", "projectID": 1710321, "type": "requiredDependency"}]}}', 'application/json')}
[2026, 9, 25, 16, 27, 17] ;;; curseforge; Upload failed. Status code: 400
[2026, 9, 25, 16, 27, 17] ;;; curseforge; Response body: {"errorCode":1018,"errorMessage":"Invalid slug in project relations: \u0027gstools-weather2-compat\u0027 does not exist, is not accessible, or belongs to an unrelated root category."}
[2026, 9, 25, 16, 27, 18] ;;; curseforge; {'file': ('gstools-neoforge-1.21.1_1.60.0.jar', <_io.BufferedReader name='.\\releases\\1.60.0\\gstools-neoforge-1.21.1_1.60.0.jar'>, 'application/jar'), 'metadata': (None, '{"changelog": "", "displayName": "gstools neoforge 1.21.1 1.60.0", "gameVersions": [9638, 9639, 10150, 11779], "gameVersionNames": ["Client", "Server", "NeoForge", "1.21.1"], "releaseType": "release", "relations": {"projects": [{"slug": "gstools", "projectID": 1404020, "type": "requiredDependency"}, {"slug": "gstools-weather2-compat", "projectID": 1710321, "type": "requiredDependency"}]}}', 'application/json')}
[2026, 9, 25, 16, 27, 20] ;;; curseforge; Upload failed. Status code: 400
[2026, 9, 25, 16, 27, 20] ;;; curseforge; Response body: {"errorCode":1018,"errorMessage":"Invalid slug in project relations: \u0027gstools-weather2-compat\u0027 does not exist, is not accessible, or belongs to an unrelated root category."}
[2026, 9, 25, 16, 27, 21] ;;; curseforge; {'file': ('gstools-neoforge-1.21.1_1.60.0.jar', <_io.BufferedReader name='.\\releases\\1.60.0\\gstools-neoforge-1.21.1_1.60.0.jar'>, 'application/jar'), 'metadata': (None, '{"changelog": "", "displayName": "gstools neoforge 1.21.1 1.60.0", "gameVersions": [9638, 9639, 10150, 11779], "gameVersionNames": ["Client", "Server", "NeoForge", "1.21.1"], "releaseType": "release", "relations": {"projects": [{"slug": "gstools", "projectID": 1404020, "type": "requiredDependency"}, {"slug": "gstools-weather2-compat", "projectID": 1710321, "type": "requiredDependency"}]}}', 'application/json')}
[2026, 9, 25, 16, 27, 22] ;;; curseforge; Upload failed. Status code: 400
[2026, 9, 25, 16, 27, 22] ;;; curseforge; Response body: {"errorCode":1018,"errorMessage":"Invalid slug in project relations: \u0027gstools-weather2-compat\u0027 does not exist, is not accessible, or belongs to an unrelated root category."}
[2026, 9, 25, 16, 27, 23] ;;; curseforge; {'file': ('gstools-neoforge-1.21.1_1.60.0.jar', <_io.BufferedReader name='.\\releases\\1.60.0\\gstools-neoforge-1.21.1_1.60.0.jar'>, 'application/jar'), 'metadata': (None, '{"changelog": "", "displayName": "gstools neoforge 1.21.1 1.60.0", "gameVersions": [9638, 9639, 10150, 11779], "gameVersionNames": ["Client", "Server", "NeoForge", "1.21.1"], "releaseType": "release", "relations": {"projects": [{"slug": "gstools", "projectID": 1404020, "type": "requiredDependency"}, {"slug": "gstools-weather2-compat", "projectID": 1710321, "type": "requiredDependency"}]}}', 'application/json')}
[2026, 9, 25, 16, 27, 29] ;;; curseforge; Upload failed. Status code: 400
[2026, 9, 25, 16, 27, 29] ;;; curseforge; Response body: {"errorCode":1018,"errorMessage":"Invalid slug in project relations: \u0027gstools-weather2-compat\u0027 does not exist, is not accessible, or belongs to an unrelated root category."}
[2026, 9, 25, 16, 27, 31] ;;; curseforge; {'id': 9638, 'gameVersionTypeID': 75208, 'name': 'Client', 'slug': 'client', 'apiVersion': ''}
[2026, 9, 25, 16, 27, 31] ;;; curseforge; {'id': 9639, 'gameVersionTypeID': 75208, 'name': 'Server', 'slug': 'server', 'apiVersion': ''}
[2026, 9, 25, 16, 27, 31] ;;; curseforge; {'id': 10150, 'gameVersionTypeID': 68441, 'name': 'NeoForge', 'slug': 'neoforge', 'apiVersion': ''}
[2026, 9, 25, 16, 27, 31] ;;; curseforge; {'id': 11779, 'gameVersionTypeID': 77784, 'name': '1.21.1', 'slug': '1-21-1', 'apiVersion': None}
[2026, 9, 25, 16, 27, 31] ;;; curseforge; {'id': 12735, 'gameVersionTypeID': 1, 'name': '1.21.1', 'slug': '1-21-1', 'apiVersion': ''}
[2026, 9, 25, 16, 27, 31] ;;; curseforge; {'id': 16115, 'gameVersionTypeID': 615, 'name': '1.21.1', 'slug': '1-21-1', 'apiVersion': ''}
[2026, 9, 25, 18, 20, 22] ;;; curseforge; {'id': 7499, 'gameVersionTypeID': 68441, 'name': 'Fabric', 'slug': 'fabric', 'apiVersion': ''}
[2026, 9, 25, 18, 20, 22] ;;; curseforge; {'id': 9638, 'gameVersionTypeID': 75208, 'name': 'Client', 'slug': 'client', 'apiVersion': ''}
[2026, 9, 25, 18, 20, 22] ;;; curseforge; {'id': 9639, 'gameVersionTypeID': 75208, 'name': 'Server', 'slug': 'server', 'apiVersion': ''}
[2026, 9, 25, 18, 20, 22] ;;; curseforge; {'id': 13927, 'gameVersionTypeID': 77784, 'name': '1.21.9', 'slug': '1-21-9', 'apiVersion': None}
[2026, 9, 25, 18, 20, 22] ;;; curseforge; {'id': 13933, 'gameVersionTypeID': 1, 'name': '1.21.9', 'slug': '1-21-9', 'apiVersion': ''}
[2026, 9, 25, 18, 20, 22] ;;; curseforge; {'id': 16125, 'gameVersionTypeID': 615, 'name': '1.21.9', 'slug': '1-21-9', 'apiVersion': ''}
[2026, 9, 25, 18, 20, 22] ;;; curseforge; {'id': 7499, 'gameVersionTypeID': 68441, 'name': 'Fabric', 'slug': 'fabric', 'apiVersion': ''}
[2026, 9, 25, 18, 20, 22] ;;; curseforge; {'id': 9638, 'gameVersionTypeID': 75208, 'name': 'Client', 'slug': 'client', 'apiVersion': ''}
[2026, 9, 25, 18, 20, 22] ;;; curseforge; {'id': 9639, 'gameVersionTypeID': 75208, 'name': 'Server', 'slug': 'server', 'apiVersion': ''}
[2026, 9, 25, 18, 20, 22] ;;; curseforge; {'id': 13964, 'gameVersionTypeID': 77784, 'name': '1.21.10', 'slug': '1-21-10', 'apiVersion': None}
[2026, 9, 25, 18, 20, 22] ;;; curseforge; {'id': 13966, 'gameVersionTypeID': 1, 'name': '1.21.10', 'slug': '1-21-10', 'apiVersion': ''}
[2026, 9, 25, 18, 20, 22] ;;; curseforge; {'id': 16126, 'gameVersionTypeID': 615, 'name': '1.21.10', 'slug': '1-21-10', 'apiVersion': ''}
[2026, 9, 25, 18, 20, 22] ;;; curseforge; {'id': 7499, 'gameVersionTypeID': 68441, 'name': 'Fabric', 'slug': 'fabric', 'apiVersion': ''}
[2026, 9, 25, 18, 20, 22] ;;; curseforge; {'id': 9638, 'gameVersionTypeID': 75208, 'name': 'Client', 'slug': 'client', 'apiVersion': ''}
[2026, 9, 25, 18, 20, 22] ;;; curseforge; {'id': 9639, 'gameVersionTypeID': 75208, 'name': 'Server', 'slug': 'server', 'apiVersion': ''}
[2026, 9, 25, 18, 20, 22] ;;; curseforge; {'id': 14406, 'gameVersionTypeID': 77784, 'name': '1.21.11', 'slug': '1-21-11', 'apiVersion': None}
[2026, 9, 25, 18, 20, 22] ;;; curseforge; {'id': 14417, 'gameVersionTypeID': 1, 'name': '1.21.11', 'slug': '1-21-11', 'apiVersion': ''}
[2026, 9, 25, 18, 20, 22] ;;; curseforge; {'id': 16127, 'gameVersionTypeID': 615, 'name': '1.21.11', 'slug': '1-21-11', 'apiVersion': ''}
[2026, 9, 25, 18, 20, 22] ;;; curseforge; {'file': ('gstools-fabric-1.21.9_1.60.0.jar', <_io.BufferedReader name='.\\releases\\1.60.0\\gstools-fabric-1.21.9_1.60.0.jar'>, 'application/jar'), 'metadata': (None, '{"changelog": "", "displayName": "gstools fabric 1.21.9 1.60.0", "gameVersions": [7499, 9638, 9639, 13927, 13964, 14406], "gameVersionNames": ["Fabric", "Client", "Server", "1.21.9", "1.21.10", "1.21.11"], "releaseType": "release", "relations": {"projects": [{"slug": "gstools", "projectID": 1404020, "type": "requiredDependency"}]}}', 'application/json')}
[2026, 9, 25, 18, 20, 24] ;;; curseforge; Mod file uploaded successfully! Response: {'id': 8975317}
[2026, 9, 25, 18, 20, 25] ;;; curseforge; {'id': 7499, 'gameVersionTypeID': 68441, 'name': 'Fabric', 'slug': 'fabric', 'apiVersion': ''}
[2026, 9, 25, 18, 20, 25] ;;; curseforge; {'id': 9638, 'gameVersionTypeID': 75208, 'name': 'Client', 'slug': 'client', 'apiVersion': ''}
[2026, 9, 25, 18, 20, 25] ;;; curseforge; {'id': 9639, 'gameVersionTypeID': 75208, 'name': 'Server', 'slug': 'server', 'apiVersion': ''}
[2026, 9, 25, 18, 20, 25] ;;; curseforge; {'id': 13927, 'gameVersionTypeID': 77784, 'name': '1.21.9', 'slug': '1-21-9', 'apiVersion': None}
[2026, 9, 25, 18, 20, 25] ;;; curseforge; {'id': 13933, 'gameVersionTypeID': 1, 'name': '1.21.9', 'slug': '1-21-9', 'apiVersion': ''}
[2026, 9, 25, 18, 20, 25] ;;; curseforge; {'id': 16125, 'gameVersionTypeID': 615, 'name': '1.21.9', 'slug': '1-21-9', 'apiVersion': ''}
[2026, 9, 25, 18, 20, 25] ;;; curseforge; {'id': 7499, 'gameVersionTypeID': 68441, 'name': 'Fabric', 'slug': 'fabric', 'apiVersion': ''}
[2026, 9, 25, 18, 20, 25] ;;; curseforge; {'id': 9638, 'gameVersionTypeID': 75208, 'name': 'Client', 'slug': 'client', 'apiVersion': ''}
[2026, 9, 25, 18, 20, 25] ;;; curseforge; {'id': 9639, 'gameVersionTypeID': 75208, 'name': 'Server', 'slug': 'server', 'apiVersion': ''}
[2026, 9, 25, 18, 20, 25] ;;; curseforge; {'id': 13964, 'gameVersionTypeID': 77784, 'name': '1.21.10', 'slug': '1-21-10', 'apiVersion': None}
[2026, 9, 25, 18, 20, 25] ;;; curseforge; {'id': 13966, 'gameVersionTypeID': 1, 'name': '1.21.10', 'slug': '1-21-10', 'apiVersion': ''}
[2026, 9, 25, 18, 20, 25] ;;; curseforge; {'id': 16126, 'gameVersionTypeID': 615, 'name': '1.21.10', 'slug': '1-21-10', 'apiVersion': ''}
[2026, 9, 25, 18, 20, 25] ;;; curseforge; {'id': 7499, 'gameVersionTypeID': 68441, 'name': 'Fabric', 'slug': 'fabric', 'apiVersion': ''}
[2026, 9, 25, 18, 20, 25] ;;; curseforge; {'id': 9638, 'gameVersionTypeID': 75208, 'name': 'Client', 'slug': 'client', 'apiVersion': ''}
[2026, 9, 25, 18, 20, 25] ;;; curseforge; {'id': 9639, 'gameVersionTypeID': 75208, 'name': 'Server', 'slug': 'server', 'apiVersion': ''}
[2026, 9, 25, 18, 20, 25] ;;; curseforge; {'id': 14406, 'gameVersionTypeID': 77784, 'name': '1.21.11', 'slug': '1-21-11', 'apiVersion': None}
[2026, 9, 25, 18, 20, 25] ;;; curseforge; {'id': 14417, 'gameVersionTypeID': 1, 'name': '1.21.11', 'slug': '1-21-11', 'apiVersion': ''}
[2026, 9, 25, 18, 20, 25] ;;; curseforge; {'id': 16127, 'gameVersionTypeID': 615, 'name': '1.21.11', 'slug': '1-21-11', 'apiVersion': ''}
[2026, 9, 25, 18, 20, 32] ;;; curseforge; {'id': 7499, 'gameVersionTypeID': 68441, 'name': 'Fabric', 'slug': 'fabric', 'apiVersion': ''}
[2026, 9, 25, 18, 20, 32] ;;; curseforge; {'id': 9638, 'gameVersionTypeID': 75208, 'name': 'Client', 'slug': 'client', 'apiVersion': ''}
[2026, 9, 25, 18, 20, 32] ;;; curseforge; {'id': 9639, 'gameVersionTypeID': 75208, 'name': 'Server', 'slug': 'server', 'apiVersion': ''}
[2026, 9, 25, 18, 20, 32] ;;; curseforge; {'id': 15933, 'gameVersionTypeID': 83806, 'name': '26.1', 'slug': '26-1', 'apiVersion': None}
[2026, 9, 25, 18, 20, 32] ;;; curseforge; {'id': 16083, 'gameVersionTypeID': 1, 'name': '26.1', 'slug': '26-1', 'apiVersion': ''}
[2026, 9, 25, 18, 20, 32] ;;; curseforge; {'id': 16128, 'gameVersionTypeID': 615, 'name': '26.1', 'slug': '26-1', 'apiVersion': ''}
[2026, 9, 25, 18, 20, 32] ;;; curseforge; {'id': 7499, 'gameVersionTypeID': 68441, 'name': 'Fabric', 'slug': 'fabric', 'apiVersion': ''}
[2026, 9, 25, 18, 20, 32] ;;; curseforge; {'id': 9638, 'gameVersionTypeID': 75208, 'name': 'Client', 'slug': 'client', 'apiVersion': ''}
[2026, 9, 25, 18, 20, 32] ;;; curseforge; {'id': 9639, 'gameVersionTypeID': 75208, 'name': 'Server', 'slug': 'server', 'apiVersion': ''}
[2026, 9, 25, 18, 20, 32] ;;; curseforge; {'id': 16021, 'gameVersionTypeID': 83806, 'name': '26.1.1', 'slug': '26-1-1', 'apiVersion': None}
[2026, 9, 25, 18, 20, 32] ;;; curseforge; {'id': 16084, 'gameVersionTypeID': 1, 'name': '26.1.1', 'slug': '26-1-1', 'apiVersion': ''}
[2026, 9, 25, 18, 20, 32] ;;; curseforge; {'id': 16129, 'gameVersionTypeID': 615, 'name': '26.1.1', 'slug': '26-1-1', 'apiVersion': ''}
[2026, 9, 25, 18, 20, 32] ;;; curseforge; {'id': 7499, 'gameVersionTypeID': 68441, 'name': 'Fabric', 'slug': 'fabric', 'apiVersion': ''}
[2026, 9, 25, 18, 20, 32] ;;; curseforge; {'id': 9638, 'gameVersionTypeID': 75208, 'name': 'Client', 'slug': 'client', 'apiVersion': ''}
[2026, 9, 25, 18, 20, 32] ;;; curseforge; {'id': 9639, 'gameVersionTypeID': 75208, 'name': 'Server', 'slug': 'server', 'apiVersion': ''}
[2026, 9, 25, 18, 20, 32] ;;; curseforge; {'id': 16082, 'gameVersionTypeID': 83806, 'name': '26.1.2', 'slug': '26-1-2', 'apiVersion': None}
[2026, 9, 25, 18, 20, 32] ;;; curseforge; {'id': 16085, 'gameVersionTypeID': 1, 'name': '26.1.2', 'slug': '26-1-2', 'apiVersion': ''}
[2026, 9, 25, 18, 20, 32] ;;; curseforge; {'id': 16130, 'gameVersionTypeID': 615, 'name': '26.1.2', 'slug': '26-1-2', 'apiVersion': ''}
[2026, 9, 25, 18, 20, 32] ;;; curseforge; {'file': ('gstools-fabric-26.1_1.60.0.jar', <_io.BufferedReader name='.\\releases\\1.60.0\\gstools-fabric-26.1_1.60.0.jar'>, 'application/jar'), 'metadata': (None, '{"changelog": "", "displayName": "gstools fabric 26.1 1.60.0", "gameVersions": [7499, 9638, 9639, 15933, 16021, 16082], "gameVersionNames": ["Fabric", "Client", "Server", "26.1", "26.1.1", "26.1.2"], "releaseType": "release", "relations": {"projects": [{"slug": "gstools", "projectID": 1404020, "type": "requiredDependency"}]}}', 'application/json')}
[2026, 9, 25, 18, 20, 34] ;;; curseforge; Mod file uploaded successfully! Response: {'id': 8975321}
[2026, 9, 25, 18, 20, 35] ;;; curseforge; {'id': 7499, 'gameVersionTypeID': 68441, 'name': 'Fabric', 'slug': 'fabric', 'apiVersion': ''}
[2026, 9, 25, 18, 20, 35] ;;; curseforge; {'id': 9638, 'gameVersionTypeID': 75208, 'name': 'Client', 'slug': 'client', 'apiVersion': ''}
[2026, 9, 25, 18, 20, 35] ;;; curseforge; {'id': 9639, 'gameVersionTypeID': 75208, 'name': 'Server', 'slug': 'server', 'apiVersion': ''}
[2026, 9, 25, 18, 20, 35] ;;; curseforge; {'id': 15933, 'gameVersionTypeID': 83806, 'name': '26.1', 'slug': '26-1', 'apiVersion': None}
[2026, 9, 25, 18, 20, 35] ;;; curseforge; {'id': 16083, 'gameVersionTypeID': 1, 'name': '26.1', 'slug': '26-1', 'apiVersion': ''}
[2026, 9, 25, 18, 20, 35] ;;; curseforge; {'id': 16128, 'gameVersionTypeID': 615, 'name': '26.1', 'slug': '26-1', 'apiVersion': ''}
[2026, 9, 25, 18, 20, 35] ;;; curseforge; {'id': 7499, 'gameVersionTypeID': 68441, 'name': 'Fabric', 'slug': 'fabric', 'apiVersion': ''}
[2026, 9, 25, 18, 20, 35] ;;; curseforge; {'id': 9638, 'gameVersionTypeID': 75208, 'name': 'Client', 'slug': 'client', 'apiVersion': ''}
[2026, 9, 25, 18, 20, 35] ;;; curseforge; {'id': 9639, 'gameVersionTypeID': 75208, 'name': 'Server', 'slug': 'server', 'apiVersion': ''}
[2026, 9, 25, 18, 20, 35] ;;; curseforge; {'id': 16021, 'gameVersionTypeID': 83806, 'name': '26.1.1', 'slug': '26-1-1', 'apiVersion': None}
[2026, 9, 25, 18, 20, 35] ;;; curseforge; {'id': 16084, 'gameVersionTypeID': 1, 'name': '26.1.1', 'slug': '26-1-1', 'apiVersion': ''}
[2026, 9, 25, 18, 20, 35] ;;; curseforge; {'id': 16129, 'gameVersionTypeID': 615, 'name': '26.1.1', 'slug': '26-1-1', 'apiVersion': ''}
[2026, 9, 25, 18, 20, 35] ;;; curseforge; {'id': 7499, 'gameVersionTypeID': 68441, 'name': 'Fabric', 'slug': 'fabric', 'apiVersion': ''}
[2026, 9, 25, 18, 20, 35] ;;; curseforge; {'id': 9638, 'gameVersionTypeID': 75208, 'name': 'Client', 'slug': 'client', 'apiVersion': ''}
[2026, 9, 25, 18, 20, 35] ;;; curseforge; {'id': 9639, 'gameVersionTypeID': 75208, 'name': 'Server', 'slug': 'server', 'apiVersion': ''}
[2026, 9, 25, 18, 20, 35] ;;; curseforge; {'id': 16082, 'gameVersionTypeID': 83806, 'name': '26.1.2', 'slug': '26-1-2', 'apiVersion': None}
[2026, 9, 25, 18, 20, 35] ;;; curseforge; {'id': 16085, 'gameVersionTypeID': 1, 'name': '26.1.2', 'slug': '26-1-2', 'apiVersion': ''}
[2026, 9, 25, 18, 20, 35] ;;; curseforge; {'id': 16130, 'gameVersionTypeID': 615, 'name': '26.1.2', 'slug': '26-1-2', 'apiVersion': ''}
[2026, 9, 25, 18, 20, 41] ;;; curseforge; {'id': 7499, 'gameVersionTypeID': 68441, 'name': 'Fabric', 'slug': 'fabric', 'apiVersion': ''}
[2026, 9, 25, 18, 20, 41] ;;; curseforge; {'id': 9638, 'gameVersionTypeID': 75208, 'name': 'Client', 'slug': 'client', 'apiVersion': ''}
[2026, 9, 25, 18, 20, 41] ;;; curseforge; {'id': 9639, 'gameVersionTypeID': 75208, 'name': 'Server', 'slug': 'server', 'apiVersion': ''}
[2026, 9, 25, 18, 20, 41] ;;; curseforge; {'id': 16498, 'gameVersionTypeID': 86297, 'name': '26.2', 'slug': '26-2', 'apiVersion': None}
[2026, 9, 25, 18, 20, 41] ;;; curseforge; {'id': 16500, 'gameVersionTypeID': 1, 'name': '26.2', 'slug': '26-2', 'apiVersion': ''}
[2026, 9, 25, 18, 20, 41] ;;; curseforge; {'file': ('gstools-fabric-26.2_1.60.0.jar', <_io.BufferedReader name='.\\releases\\1.60.0\\gstools-fabric-26.2_1.60.0.jar'>, 'application/jar'), 'metadata': (None, '{"changelog": "", "displayName": "gstools fabric 26.2 1.60.0", "gameVersions": [7499, 9638, 9639, 16498], "gameVersionNames": ["Fabric", "Client", "Server", "26.2"], "releaseType": "release", "relations": {"projects": [{"slug": "gstools", "projectID": 1404020, "type": "requiredDependency"}]}}', 'application/json')}
[2026, 9, 25, 18, 20, 43] ;;; curseforge; Mod file uploaded successfully! Response: {'id': 8975324}
[2026, 9, 25, 18, 20, 43] ;;; curseforge; {'id': 7499, 'gameVersionTypeID': 68441, 'name': 'Fabric', 'slug': 'fabric', 'apiVersion': ''}
[2026, 9, 25, 18, 20, 43] ;;; curseforge; {'id': 9638, 'gameVersionTypeID': 75208, 'name': 'Client', 'slug': 'client', 'apiVersion': ''}
[2026, 9, 25, 18, 20, 43] ;;; curseforge; {'id': 9639, 'gameVersionTypeID': 75208, 'name': 'Server', 'slug': 'server', 'apiVersion': ''}
[2026, 9, 25, 18, 20, 43] ;;; curseforge; {'id': 16498, 'gameVersionTypeID': 86297, 'name': '26.2', 'slug': '26-2', 'apiVersion': None}
[2026, 9, 25, 18, 20, 43] ;;; curseforge; {'id': 16500, 'gameVersionTypeID': 1, 'name': '26.2', 'slug': '26-2', 'apiVersion': ''}
[2026, 9, 25, 18, 20, 48] ;;; curseforge; {'id': 7498, 'gameVersionTypeID': 68441, 'name': 'Forge', 'slug': 'forge', 'apiVersion': ''}
[2026, 9, 25, 18, 20, 48] ;;; curseforge; {'id': 9638, 'gameVersionTypeID': 75208, 'name': 'Client', 'slug': 'client', 'apiVersion': ''}
[2026, 9, 25, 18, 20, 48] ;;; curseforge; {'id': 9639, 'gameVersionTypeID': 75208, 'name': 'Server', 'slug': 'server', 'apiVersion': ''}
[2026, 9, 25, 18, 20, 48] ;;; curseforge; {'id': 9776, 'gameVersionTypeID': 73407, 'name': '1.19.4', 'slug': '1-19-4', 'apiVersion': ''}
[2026, 9, 25, 18, 20, 48] ;;; curseforge; {'id': 9792, 'gameVersionTypeID': 615, 'name': '1.19.4', 'slug': '1-19-4', 'apiVersion': ''}
[2026, 9, 25, 18, 20, 48] ;;; curseforge; {'id': 9973, 'gameVersionTypeID': 1, 'name': '1.19.4', 'slug': '1-19-4', 'apiVersion': ''}
[2026, 9, 25, 18, 20, 48] ;;; curseforge; {'file': ('gstools-forge-1.19.4_1.60.0.jar', <_io.BufferedReader name='.\\releases\\1.60.0\\gstools-forge-1.19.4_1.60.0.jar'>, 'application/jar'), 'metadata': (None, '{"changelog": "", "displayName": "gstools forge 1.19.4 1.60.0", "gameVersions": [7498, 9638, 9639, 9776], "gameVersionNames": ["Forge", "Client", "Server", "1.19.4"], "releaseType": "release", "relations": {"projects": [{"slug": "gstools", "projectID": 1404020, "type": "requiredDependency"}]}}', 'application/json')}
[2026, 9, 25, 18, 20, 57] ;;; curseforge; Mod file uploaded successfully! Response: {'id': 8975330}
[2026, 9, 25, 18, 20, 58] ;;; curseforge; {'id': 7498, 'gameVersionTypeID': 68441, 'name': 'Forge', 'slug': 'forge', 'apiVersion': ''}
[2026, 9, 25, 18, 20, 58] ;;; curseforge; {'id': 9638, 'gameVersionTypeID': 75208, 'name': 'Client', 'slug': 'client', 'apiVersion': ''}
[2026, 9, 25, 18, 20, 58] ;;; curseforge; {'id': 9639, 'gameVersionTypeID': 75208, 'name': 'Server', 'slug': 'server', 'apiVersion': ''}
[2026, 9, 25, 18, 20, 58] ;;; curseforge; {'id': 9776, 'gameVersionTypeID': 73407, 'name': '1.19.4', 'slug': '1-19-4', 'apiVersion': ''}
[2026, 9, 25, 18, 20, 58] ;;; curseforge; {'id': 9792, 'gameVersionTypeID': 615, 'name': '1.19.4', 'slug': '1-19-4', 'apiVersion': ''}
[2026, 9, 25, 18, 20, 58] ;;; curseforge; {'id': 9973, 'gameVersionTypeID': 1, 'name': '1.19.4', 'slug': '1-19-4', 'apiVersion': ''}
[2026, 9, 25, 18, 21, 7] ;;; curseforge; {'id': 7498, 'gameVersionTypeID': 68441, 'name': 'Forge', 'slug': 'forge', 'apiVersion': ''}
[2026, 9, 25, 18, 21, 7] ;;; curseforge; {'id': 9638, 'gameVersionTypeID': 75208, 'name': 'Client', 'slug': 'client', 'apiVersion': ''}
[2026, 9, 25, 18, 21, 7] ;;; curseforge; {'id': 9639, 'gameVersionTypeID': 75208, 'name': 'Server', 'slug': 'server', 'apiVersion': ''}
[2026, 9, 25, 18, 21, 7] ;;; curseforge; {'id': 9990, 'gameVersionTypeID': 75125, 'name': '1.20.1', 'slug': '1-20-1', 'apiVersion': None}
[2026, 9, 25, 18, 21, 7] ;;; curseforge; {'id': 9993, 'gameVersionTypeID': 615, 'name': '1.20.1', 'slug': '1-20-1', 'apiVersion': ''}
[2026, 9, 25, 18, 21, 7] ;;; curseforge; {'id': 9994, 'gameVersionTypeID': 1, 'name': '1.20.1', 'slug': '1-20-1', 'apiVersion': ''}
[2026, 9, 25, 18, 21, 7] ;;; curseforge; {'file': ('gstools-forge-1.20.1_1.60.0.jar', <_io.BufferedReader name='.\\releases\\1.60.0\\gstools-forge-1.20.1_1.60.0.jar'>, 'application/jar'), 'metadata': (None, '{"changelog": "", "displayName": "gstools forge 1.20.1 1.60.0", "gameVersions": [7498, 9638, 9639, 9990], "gameVersionNames": ["Forge", "Client", "Server", "1.20.1"], "releaseType": "release", "relations": {"projects": [{"slug": "gstools", "projectID": 1404020, "type": "requiredDependency"}]}}', 'application/json')}
[2026, 9, 25, 18, 21, 10] ;;; curseforge; Mod file uploaded successfully! Response: {'id': 8975334}
[2026, 9, 25, 18, 21, 11] ;;; curseforge; {'id': 7498, 'gameVersionTypeID': 68441, 'name': 'Forge', 'slug': 'forge', 'apiVersion': ''}
[2026, 9, 25, 18, 21, 11] ;;; curseforge; {'id': 9638, 'gameVersionTypeID': 75208, 'name': 'Client', 'slug': 'client', 'apiVersion': ''}
[2026, 9, 25, 18, 21, 11] ;;; curseforge; {'id': 9639, 'gameVersionTypeID': 75208, 'name': 'Server', 'slug': 'server', 'apiVersion': ''}
[2026, 9, 25, 18, 21, 11] ;;; curseforge; {'id': 9990, 'gameVersionTypeID': 75125, 'name': '1.20.1', 'slug': '1-20-1', 'apiVersion': None}
[2026, 9, 25, 18, 21, 11] ;;; curseforge; {'id': 9993, 'gameVersionTypeID': 615, 'name': '1.20.1', 'slug': '1-20-1', 'apiVersion': ''}
[2026, 9, 25, 18, 21, 11] ;;; curseforge; {'id': 9994, 'gameVersionTypeID': 1, 'name': '1.20.1', 'slug': '1-20-1', 'apiVersion': ''}
[2026, 9, 25, 18, 21, 18] ;;; curseforge; {'id': 9638, 'gameVersionTypeID': 75208, 'name': 'Client', 'slug': 'client', 'apiVersion': ''}
[2026, 9, 25, 18, 21, 18] ;;; curseforge; {'id': 9639, 'gameVersionTypeID': 75208, 'name': 'Server', 'slug': 'server', 'apiVersion': ''}
[2026, 9, 25, 18, 21, 18] ;;; curseforge; {'id': 10150, 'gameVersionTypeID': 68441, 'name': 'NeoForge', 'slug': 'neoforge', 'apiVersion': ''}
[2026, 9, 25, 18, 21, 18] ;;; curseforge; {'id': 10407, 'gameVersionTypeID': 75125, 'name': '1.20.4', 'slug': '1-20-4', 'apiVersion': None}
[2026, 9, 25, 18, 21, 18] ;;; curseforge; {'id': 10742, 'gameVersionTypeID': 1, 'name': '1.20.4', 'slug': '1-20-4', 'apiVersion': ''}
[2026, 9, 25, 18, 21, 18] ;;; curseforge; {'id': 10866, 'gameVersionTypeID': 615, 'name': '1.20.4', 'slug': '1-20-4', 'apiVersion': ''}
[2026, 9, 25, 18, 21, 18] ;;; curseforge; {'file': ('gstools-neoforge-1.20.4_1.60.0.jar', <_io.BufferedReader name='.\\releases\\1.60.0\\gstools-neoforge-1.20.4_1.60.0.jar'>, 'application/jar'), 'metadata': (None, '{"changelog": "", "displayName": "gstools neoforge 1.20.4 1.60.0", "gameVersions": [9638, 9639, 10150, 10407], "gameVersionNames": ["Client", "Server", "NeoForge", "1.20.4"], "releaseType": "release", "relations": {"projects": [{"slug": "gstools", "projectID": 1404020, "type": "requiredDependency"}]}}', 'application/json')}
[2026, 9, 25, 18, 21, 23] ;;; curseforge; Mod file uploaded successfully! Response: {'id': 8975341}
[2026, 9, 25, 18, 21, 23] ;;; curseforge; {'id': 9638, 'gameVersionTypeID': 75208, 'name': 'Client', 'slug': 'client', 'apiVersion': ''}
[2026, 9, 25, 18, 21, 23] ;;; curseforge; {'id': 9639, 'gameVersionTypeID': 75208, 'name': 'Server', 'slug': 'server', 'apiVersion': ''}
[2026, 9, 25, 18, 21, 23] ;;; curseforge; {'id': 10150, 'gameVersionTypeID': 68441, 'name': 'NeoForge', 'slug': 'neoforge', 'apiVersion': ''}
[2026, 9, 25, 18, 21, 23] ;;; curseforge; {'id': 10407, 'gameVersionTypeID': 75125, 'name': '1.20.4', 'slug': '1-20-4', 'apiVersion': None}
[2026, 9, 25, 18, 21, 23] ;;; curseforge; {'id': 10742, 'gameVersionTypeID': 1, 'name': '1.20.4', 'slug': '1-20-4', 'apiVersion': ''}
[2026, 9, 25, 18, 21, 23] ;;; curseforge; {'id': 10866, 'gameVersionTypeID': 615, 'name': '1.20.4', 'slug': '1-20-4', 'apiVersion': ''}
[2026, 9, 25, 18, 21, 28] ;;; curseforge; {'id': 9638, 'gameVersionTypeID': 75208, 'name': 'Client', 'slug': 'client', 'apiVersion': ''}
[2026, 9, 25, 18, 21, 28] ;;; curseforge; {'id': 9639, 'gameVersionTypeID': 75208, 'name': 'Server', 'slug': 'server', 'apiVersion': ''}
[2026, 9, 25, 18, 21, 28] ;;; curseforge; {'id': 10150, 'gameVersionTypeID': 68441, 'name': 'NeoForge', 'slug': 'neoforge', 'apiVersion': ''}
[2026, 9, 25, 18, 21, 28] ;;; curseforge; {'id': 11779, 'gameVersionTypeID': 77784, 'name': '1.21.1', 'slug': '1-21-1', 'apiVersion': None}
[2026, 9, 25, 18, 21, 28] ;;; curseforge; {'id': 12735, 'gameVersionTypeID': 1, 'name': '1.21.1', 'slug': '1-21-1', 'apiVersion': ''}
[2026, 9, 25, 18, 21, 28] ;;; curseforge; {'id': 16115, 'gameVersionTypeID': 615, 'name': '1.21.1', 'slug': '1-21-1', 'apiVersion': ''}
[2026, 9, 25, 18, 21, 28] ;;; curseforge; {'file': ('gstools-neoforge-1.21.1_1.60.0.jar', <_io.BufferedReader name='.\\releases\\1.60.0\\gstools-neoforge-1.21.1_1.60.0.jar'>, 'application/jar'), 'metadata': (None, '{"changelog": "", "displayName": "gstools neoforge 1.21.1 1.60.0", "gameVersions": [9638, 9639, 10150, 11779], "gameVersionNames": ["Client", "Server", "NeoForge", "1.21.1"], "releaseType": "release", "relations": {"projects": [{"slug": "gstools", "projectID": 1404020, "type": "requiredDependency"}]}}', 'application/json')}
[2026, 9, 25, 18, 21, 32] ;;; curseforge; Mod file uploaded successfully! Response: {'id': 8975345}
[2026, 9, 25, 18, 21, 32] ;;; curseforge; {'id': 9638, 'gameVersionTypeID': 75208, 'name': 'Client', 'slug': 'client', 'apiVersion': ''}
[2026, 9, 25, 18, 21, 32] ;;; curseforge; {'id': 9639, 'gameVersionTypeID': 75208, 'name': 'Server', 'slug': 'server', 'apiVersion': ''}
[2026, 9, 25, 18, 21, 32] ;;; curseforge; {'id': 10150, 'gameVersionTypeID': 68441, 'name': 'NeoForge', 'slug': 'neoforge', 'apiVersion': ''}
[2026, 9, 25, 18, 21, 32] ;;; curseforge; {'id': 11779, 'gameVersionTypeID': 77784, 'name': '1.21.1', 'slug': '1-21-1', 'apiVersion': None}
[2026, 9, 25, 18, 21, 32] ;;; curseforge; {'id': 12735, 'gameVersionTypeID': 1, 'name': '1.21.1', 'slug': '1-21-1', 'apiVersion': ''}
[2026, 9, 25, 18, 21, 32] ;;; curseforge; {'id': 16115, 'gameVersionTypeID': 615, 'name': '1.21.1', 'slug': '1-21-1', 'apiVersion': ''}
[2026, 9, 25, 18, 21, 37] ;;; curseforge; {'id': 9638, 'gameVersionTypeID': 75208, 'name': 'Client', 'slug': 'client', 'apiVersion': ''}
[2026, 9, 25, 18, 21, 37] ;;; curseforge; {'id': 9639, 'gameVersionTypeID': 75208, 'name': 'Server', 'slug': 'server', 'apiVersion': ''}
[2026, 9, 25, 18, 21, 37] ;;; curseforge; {'id': 10150, 'gameVersionTypeID': 68441, 'name': 'NeoForge', 'slug': 'neoforge', 'apiVersion': ''}
[2026, 9, 25, 18, 21, 37] ;;; curseforge; {'id': 12079, 'gameVersionTypeID': 77784, 'name': '1.21.2', 'slug': '1-21-2', 'apiVersion': ''}
[2026, 9, 25, 18, 21, 37] ;;; curseforge; {'id': 12736, 'gameVersionTypeID': 1, 'name': '1.21.2', 'slug': '1-21-2', 'apiVersion': ''}
[2026, 9, 25, 18, 21, 37] ;;; curseforge; {'id': 16116, 'gameVersionTypeID': 615, 'name': '1.21.2', 'slug': '1-21-2', 'apiVersion': ''}
[2026, 9, 25, 18, 21, 37] ;;; curseforge; {'id': 9638, 'gameVersionTypeID': 75208, 'name': 'Client', 'slug': 'client', 'apiVersion': ''}
[2026, 9, 25, 18, 21, 37] ;;; curseforge; {'id': 9639, 'gameVersionTypeID': 75208, 'name': 'Server', 'slug': 'server', 'apiVersion': ''}
[2026, 9, 25, 18, 21, 37] ;;; curseforge; {'id': 10150, 'gameVersionTypeID': 68441, 'name': 'NeoForge', 'slug': 'neoforge', 'apiVersion': ''}
[2026, 9, 25, 18, 21, 37] ;;; curseforge; {'id': 12084, 'gameVersionTypeID': 77784, 'name': '1.21.3', 'slug': '1-21-3', 'apiVersion': None}
[2026, 9, 25, 18, 21, 37] ;;; curseforge; {'id': 12737, 'gameVersionTypeID': 1, 'name': '1.21.3', 'slug': '1-21-3', 'apiVersion': ''}
[2026, 9, 25, 18, 21, 37] ;;; curseforge; {'id': 16117, 'gameVersionTypeID': 615, 'name': '1.21.3', 'slug': '1-21-3', 'apiVersion': ''}
[2026, 9, 25, 18, 21, 37] ;;; curseforge; {'file': ('gstools-neoforge-1.21.2_1.60.0.jar', <_io.BufferedReader name='.\\releases\\1.60.0\\gstools-neoforge-1.21.2_1.60.0.jar'>, 'application/jar'), 'metadata': (None, '{"changelog": "", "displayName": "gstools neoforge 1.21.2 1.60.0", "gameVersions": [9638, 9639, 10150, 12079, 12084], "gameVersionNames": ["Client", "Server", "NeoForge", "1.21.2", "1.21.3"], "releaseType": "release", "relations": {"projects": [{"slug": "gstools", "projectID": 1404020, "type": "requiredDependency"}]}}', 'application/json')}
[2026, 9, 25, 18, 21, 42] ;;; curseforge; Mod file uploaded successfully! Response: {'id': 8975349}
[2026, 9, 25, 18, 21, 42] ;;; curseforge; {'id': 9638, 'gameVersionTypeID': 75208, 'name': 'Client', 'slug': 'client', 'apiVersion': ''}
[2026, 9, 25, 18, 21, 42] ;;; curseforge; {'id': 9639, 'gameVersionTypeID': 75208, 'name': 'Server', 'slug': 'server', 'apiVersion': ''}
[2026, 9, 25, 18, 21, 42] ;;; curseforge; {'id': 10150, 'gameVersionTypeID': 68441, 'name': 'NeoForge', 'slug': 'neoforge', 'apiVersion': ''}
[2026, 9, 25, 18, 21, 42] ;;; curseforge; {'id': 12079, 'gameVersionTypeID': 77784, 'name': '1.21.2', 'slug': '1-21-2', 'apiVersion': ''}
[2026, 9, 25, 18, 21, 42] ;;; curseforge; {'id': 12736, 'gameVersionTypeID': 1, 'name': '1.21.2', 'slug': '1-21-2', 'apiVersion': ''}
[2026, 9, 25, 18, 21, 42] ;;; curseforge; {'id': 16116, 'gameVersionTypeID': 615, 'name': '1.21.2', 'slug': '1-21-2', 'apiVersion': ''}
[2026, 9, 25, 18, 21, 42] ;;; curseforge; {'id': 9638, 'gameVersionTypeID': 75208, 'name': 'Client', 'slug': 'client', 'apiVersion': ''}
[2026, 9, 25, 18, 21, 42] ;;; curseforge; {'id': 9639, 'gameVersionTypeID': 75208, 'name': 'Server', 'slug': 'server', 'apiVersion': ''}
[2026, 9, 25, 18, 21, 42] ;;; curseforge; {'id': 10150, 'gameVersionTypeID': 68441, 'name': 'NeoForge', 'slug': 'neoforge', 'apiVersion': ''}
[2026, 9, 25, 18, 21, 42] ;;; curseforge; {'id': 12084, 'gameVersionTypeID': 77784, 'name': '1.21.3', 'slug': '1-21-3', 'apiVersion': None}
[2026, 9, 25, 18, 21, 42] ;;; curseforge; {'id': 12737, 'gameVersionTypeID': 1, 'name': '1.21.3', 'slug': '1-21-3', 'apiVersion': ''}
[2026, 9, 25, 18, 21, 42] ;;; curseforge; {'id': 16117, 'gameVersionTypeID': 615, 'name': '1.21.3', 'slug': '1-21-3', 'apiVersion': ''}
[2026, 9, 25, 18, 21, 47] ;;; curseforge; {'id': 9638, 'gameVersionTypeID': 75208, 'name': 'Client', 'slug': 'client', 'apiVersion': ''}
[2026, 9, 25, 18, 21, 47] ;;; curseforge; {'id': 9639, 'gameVersionTypeID': 75208, 'name': 'Server', 'slug': 'server', 'apiVersion': ''}
[2026, 9, 25, 18, 21, 47] ;;; curseforge; {'id': 10150, 'gameVersionTypeID': 68441, 'name': 'NeoForge', 'slug': 'neoforge', 'apiVersion': ''}
[2026, 9, 25, 18, 21, 47] ;;; curseforge; {'id': 12281, 'gameVersionTypeID': 77784, 'name': '1.21.4', 'slug': '1-21-4', 'apiVersion': None}
[2026, 9, 25, 18, 21, 47] ;;; curseforge; {'id': 12738, 'gameVersionTypeID': 1, 'name': '1.21.4', 'slug': '1-21-4', 'apiVersion': ''}
[2026, 9, 25, 18, 21, 47] ;;; curseforge; {'id': 16118, 'gameVersionTypeID': 615, 'name': '1.21.4', 'slug': '1-21-4', 'apiVersion': ''}
[2026, 9, 25, 18, 21, 47] ;;; curseforge; {'file': ('gstools-neoforge-1.21.4_1.60.0.jar', <_io.BufferedReader name='.\\releases\\1.60.0\\gstools-neoforge-1.21.4_1.60.0.jar'>, 'application/jar'), 'metadata': (None, '{"changelog": "", "displayName": "gstools neoforge 1.21.4 1.60.0", "gameVersions": [9638, 9639, 10150, 12281], "gameVersionNames": ["Client", "Server", "NeoForge", "1.21.4"], "releaseType": "release", "relations": {"projects": [{"slug": "gstools", "projectID": 1404020, "type": "requiredDependency"}]}}', 'application/json')}
[2026, 9, 25, 18, 21, 50] ;;; curseforge; Mod file uploaded successfully! Response: {'id': 8975354}
[2026, 9, 25, 18, 21, 50] ;;; curseforge; {'id': 9638, 'gameVersionTypeID': 75208, 'name': 'Client', 'slug': 'client', 'apiVersion': ''}
[2026, 9, 25, 18, 21, 50] ;;; curseforge; {'id': 9639, 'gameVersionTypeID': 75208, 'name': 'Server', 'slug': 'server', 'apiVersion': ''}
[2026, 9, 25, 18, 21, 50] ;;; curseforge; {'id': 10150, 'gameVersionTypeID': 68441, 'name': 'NeoForge', 'slug': 'neoforge', 'apiVersion': ''}
[2026, 9, 25, 18, 21, 50] ;;; curseforge; {'id': 12281, 'gameVersionTypeID': 77784, 'name': '1.21.4', 'slug': '1-21-4', 'apiVersion': None}
[2026, 9, 25, 18, 21, 50] ;;; curseforge; {'id': 12738, 'gameVersionTypeID': 1, 'name': '1.21.4', 'slug': '1-21-4', 'apiVersion': ''}
[2026, 9, 25, 18, 21, 50] ;;; curseforge; {'id': 16118, 'gameVersionTypeID': 615, 'name': '1.21.4', 'slug': '1-21-4', 'apiVersion': ''}
[2026, 9, 25, 18, 21, 56] ;;; curseforge; {'id': 9638, 'gameVersionTypeID': 75208, 'name': 'Client', 'slug': 'client', 'apiVersion': ''}
[2026, 9, 25, 18, 21, 56] ;;; curseforge; {'id': 9639, 'gameVersionTypeID': 75208, 'name': 'Server', 'slug': 'server', 'apiVersion': ''}
[2026, 9, 25, 18, 21, 56] ;;; curseforge; {'id': 10150, 'gameVersionTypeID': 68441, 'name': 'NeoForge', 'slug': 'neoforge', 'apiVersion': ''}
[2026, 9, 25, 18, 21, 56] ;;; curseforge; {'id': 12934, 'gameVersionTypeID': 77784, 'name': '1.21.5', 'slug': '1-21-5', 'apiVersion': None}
[2026, 9, 25, 18, 21, 56] ;;; curseforge; {'id': 12988, 'gameVersionTypeID': 1, 'name': '1.21.5', 'slug': '1-21-5', 'apiVersion': ''}
[2026, 9, 25, 18, 21, 56] ;;; curseforge; {'id': 16119, 'gameVersionTypeID': 615, 'name': '1.21.5', 'slug': '1-21-5', 'apiVersion': ''}
[2026, 9, 25, 18, 21, 56] ;;; curseforge; {'id': 9638, 'gameVersionTypeID': 75208, 'name': 'Client', 'slug': 'client', 'apiVersion': ''}
[2026, 9, 25, 18, 21, 56] ;;; curseforge; {'id': 9639, 'gameVersionTypeID': 75208, 'name': 'Server', 'slug': 'server', 'apiVersion': ''}
[2026, 9, 25, 18, 21, 56] ;;; curseforge; {'id': 10150, 'gameVersionTypeID': 68441, 'name': 'NeoForge', 'slug': 'neoforge', 'apiVersion': ''}
[2026, 9, 25, 18, 21, 56] ;;; curseforge; {'id': 13506, 'gameVersionTypeID': 77784, 'name': '1.21.7', 'slug': '1-21-7', 'apiVersion': None}
[2026, 9, 25, 18, 21, 56] ;;; curseforge; {'id': 13574, 'gameVersionTypeID': 1, 'name': '1.21.7', 'slug': '1-21-7', 'apiVersion': ''}
[2026, 9, 25, 18, 21, 56] ;;; curseforge; {'id': 16121, 'gameVersionTypeID': 615, 'name': '1.21.7', 'slug': '1-21-7', 'apiVersion': ''}
[2026, 9, 25, 18, 21, 56] ;;; curseforge; {'file': ('gstools-neoforge-1.21.5_1.60.0.jar', <_io.BufferedReader name='.\\releases\\1.60.0\\gstools-neoforge-1.21.5_1.60.0.jar'>, 'application/jar'), 'metadata': (None, '{"changelog": "", "displayName": "gstools neoforge 1.21.5 1.60.0", "gameVersions": [9638, 9639, 10150, 12934, 13506], "gameVersionNames": ["Client", "Server", "NeoForge", "1.21.5", "1.21.7"], "releaseType": "release", "relations": {"projects": [{"slug": "gstools", "projectID": 1404020, "type": "requiredDependency"}]}}', 'application/json')}
[2026, 9, 25, 18, 22, 1] ;;; curseforge; Mod file uploaded successfully! Response: {'id': 8975356}
[2026, 9, 25, 18, 22, 2] ;;; curseforge; {'id': 9638, 'gameVersionTypeID': 75208, 'name': 'Client', 'slug': 'client', 'apiVersion': ''}
[2026, 9, 25, 18, 22, 2] ;;; curseforge; {'id': 9639, 'gameVersionTypeID': 75208, 'name': 'Server', 'slug': 'server', 'apiVersion': ''}
[2026, 9, 25, 18, 22, 2] ;;; curseforge; {'id': 10150, 'gameVersionTypeID': 68441, 'name': 'NeoForge', 'slug': 'neoforge', 'apiVersion': ''}
[2026, 9, 25, 18, 22, 2] ;;; curseforge; {'id': 12934, 'gameVersionTypeID': 77784, 'name': '1.21.5', 'slug': '1-21-5', 'apiVersion': None}
[2026, 9, 25, 18, 22, 2] ;;; curseforge; {'id': 12988, 'gameVersionTypeID': 1, 'name': '1.21.5', 'slug': '1-21-5', 'apiVersion': ''}
[2026, 9, 25, 18, 22, 2] ;;; curseforge; {'id': 16119, 'gameVersionTypeID': 615, 'name': '1.21.5', 'slug': '1-21-5', 'apiVersion': ''}
[2026, 9, 25, 18, 22, 2] ;;; curseforge; {'id': 9638, 'gameVersionTypeID': 75208, 'name': 'Client', 'slug': 'client', 'apiVersion': ''}
[2026, 9, 25, 18, 22, 2] ;;; curseforge; {'id': 9639, 'gameVersionTypeID': 75208, 'name': 'Server', 'slug': 'server', 'apiVersion': ''}
[2026, 9, 25, 18, 22, 2] ;;; curseforge; {'id': 10150, 'gameVersionTypeID': 68441, 'name': 'NeoForge', 'slug': 'neoforge', 'apiVersion': ''}
[2026, 9, 25, 18, 22, 2] ;;; curseforge; {'id': 13506, 'gameVersionTypeID': 77784, 'name': '1.21.7', 'slug': '1-21-7', 'apiVersion': None}
[2026, 9, 25, 18, 22, 2] ;;; curseforge; {'id': 13574, 'gameVersionTypeID': 1, 'name': '1.21.7', 'slug': '1-21-7', 'apiVersion': ''}
[2026, 9, 25, 18, 22, 2] ;;; curseforge; {'id': 16121, 'gameVersionTypeID': 615, 'name': '1.21.7', 'slug': '1-21-7', 'apiVersion': ''}
[2026, 9, 25, 18, 22, 10] ;;; curseforge; {'id': 9638, 'gameVersionTypeID': 75208, 'name': 'Client', 'slug': 'client', 'apiVersion': ''}
[2026, 9, 25, 18, 22, 10] ;;; curseforge; {'id': 9639, 'gameVersionTypeID': 75208, 'name': 'Server', 'slug': 'server', 'apiVersion': ''}
[2026, 9, 25, 18, 22, 10] ;;; curseforge; {'id': 10150, 'gameVersionTypeID': 68441, 'name': 'NeoForge', 'slug': 'neoforge', 'apiVersion': ''}
[2026, 9, 25, 18, 22, 10] ;;; curseforge; {'id': 13620, 'gameVersionTypeID': 77784, 'name': '1.21.8', 'slug': '1-21-8', 'apiVersion': None}
[2026, 9, 25, 18, 22, 10] ;;; curseforge; {'id': 13683, 'gameVersionTypeID': 1, 'name': '1.21.8', 'slug': '1-21-8', 'apiVersion': ''}
[2026, 9, 25, 18, 22, 10] ;;; curseforge; {'id': 16124, 'gameVersionTypeID': 615, 'name': '1.21.8', 'slug': '1-21-8', 'apiVersion': ''}
[2026, 9, 25, 18, 22, 10] ;;; curseforge; {'id': 9638, 'gameVersionTypeID': 75208, 'name': 'Client', 'slug': 'client', 'apiVersion': ''}
[2026, 9, 25, 18, 22, 10] ;;; curseforge; {'id': 9639, 'gameVersionTypeID': 75208, 'name': 'Server', 'slug': 'server', 'apiVersion': ''}
[2026, 9, 25, 18, 22, 10] ;;; curseforge; {'id': 10150, 'gameVersionTypeID': 68441, 'name': 'NeoForge', 'slug': 'neoforge', 'apiVersion': ''}
[2026, 9, 25, 18, 22, 10] ;;; curseforge; {'id': 13927, 'gameVersionTypeID': 77784, 'name': '1.21.9', 'slug': '1-21-9', 'apiVersion': None}
[2026, 9, 25, 18, 22, 10] ;;; curseforge; {'id': 13933, 'gameVersionTypeID': 1, 'name': '1.21.9', 'slug': '1-21-9', 'apiVersion': ''}
[2026, 9, 25, 18, 22, 10] ;;; curseforge; {'id': 16125, 'gameVersionTypeID': 615, 'name': '1.21.9', 'slug': '1-21-9', 'apiVersion': ''}
[2026, 9, 25, 18, 22, 10] ;;; curseforge; {'id': 9638, 'gameVersionTypeID': 75208, 'name': 'Client', 'slug': 'client', 'apiVersion': ''}
[2026, 9, 25, 18, 22, 10] ;;; curseforge; {'id': 9639, 'gameVersionTypeID': 75208, 'name': 'Server', 'slug': 'server', 'apiVersion': ''}
[2026, 9, 25, 18, 22, 10] ;;; curseforge; {'id': 10150, 'gameVersionTypeID': 68441, 'name': 'NeoForge', 'slug': 'neoforge', 'apiVersion': ''}
[2026, 9, 25, 18, 22, 10] ;;; curseforge; {'id': 13964, 'gameVersionTypeID': 77784, 'name': '1.21.10', 'slug': '1-21-10', 'apiVersion': None}
[2026, 9, 25, 18, 22, 10] ;;; curseforge; {'id': 13966, 'gameVersionTypeID': 1, 'name': '1.21.10', 'slug': '1-21-10', 'apiVersion': ''}
[2026, 9, 25, 18, 22, 10] ;;; curseforge; {'id': 16126, 'gameVersionTypeID': 615, 'name': '1.21.10', 'slug': '1-21-10', 'apiVersion': ''}
[2026, 9, 25, 18, 22, 10] ;;; curseforge; {'id': 9638, 'gameVersionTypeID': 75208, 'name': 'Client', 'slug': 'client', 'apiVersion': ''}
[2026, 9, 25, 18, 22, 10] ;;; curseforge; {'id': 9639, 'gameVersionTypeID': 75208, 'name': 'Server', 'slug': 'server', 'apiVersion': ''}
[2026, 9, 25, 18, 22, 10] ;;; curseforge; {'id': 10150, 'gameVersionTypeID': 68441, 'name': 'NeoForge', 'slug': 'neoforge', 'apiVersion': ''}
[2026, 9, 25, 18, 22, 10] ;;; curseforge; {'id': 14406, 'gameVersionTypeID': 77784, 'name': '1.21.11', 'slug': '1-21-11', 'apiVersion': None}
[2026, 9, 25, 18, 22, 10] ;;; curseforge; {'id': 14417, 'gameVersionTypeID': 1, 'name': '1.21.11', 'slug': '1-21-11', 'apiVersion': ''}
[2026, 9, 25, 18, 22, 10] ;;; curseforge; {'id': 16127, 'gameVersionTypeID': 615, 'name': '1.21.11', 'slug': '1-21-11', 'apiVersion': ''}
[2026, 9, 25, 18, 22, 10] ;;; curseforge; {'file': ('gstools-neoforge-1.21.8_1.60.0.jar', <_io.BufferedReader name='.\\releases\\1.60.0\\gstools-neoforge-1.21.8_1.60.0.jar'>, 'application/jar'), 'metadata': (None, '{"changelog": "", "displayName": "gstools neoforge 1.21.8 1.60.0", "gameVersions": [9638, 9639, 10150, 13620, 13927, 13964, 14406], "gameVersionNames": ["Client", "Server", "NeoForge", "1.21.8", "1.21.9", "1.21.10", "1.21.11"], "releaseType": "release", "relations": {"projects": [{"slug": "gstools", "projectID": 1404020, "type": "requiredDependency"}]}}', 'application/json')}
[2026, 9, 25, 18, 22, 13] ;;; curseforge; Mod file uploaded successfully! Response: {'id': 8975358}
[2026, 9, 25, 18, 22, 14] ;;; curseforge; {'id': 9638, 'gameVersionTypeID': 75208, 'name': 'Client', 'slug': 'client', 'apiVersion': ''}
[2026, 9, 25, 18, 22, 14] ;;; curseforge; {'id': 9639, 'gameVersionTypeID': 75208, 'name': 'Server', 'slug': 'server', 'apiVersion': ''}
[2026, 9, 25, 18, 22, 14] ;;; curseforge; {'id': 10150, 'gameVersionTypeID': 68441, 'name': 'NeoForge', 'slug': 'neoforge', 'apiVersion': ''}
[2026, 9, 25, 18, 22, 14] ;;; curseforge; {'id': 13620, 'gameVersionTypeID': 77784, 'name': '1.21.8', 'slug': '1-21-8', 'apiVersion': None}
[2026, 9, 25, 18, 22, 14] ;;; curseforge; {'id': 13683, 'gameVersionTypeID': 1, 'name': '1.21.8', 'slug': '1-21-8', 'apiVersion': ''}
[2026, 9, 25, 18, 22, 14] ;;; curseforge; {'id': 16124, 'gameVersionTypeID': 615, 'name': '1.21.8', 'slug': '1-21-8', 'apiVersion': ''}
[2026, 9, 25, 18, 22, 14] ;;; curseforge; {'id': 9638, 'gameVersionTypeID': 75208, 'name': 'Client', 'slug': 'client', 'apiVersion': ''}
[2026, 9, 25, 18, 22, 14] ;;; curseforge; {'id': 9639, 'gameVersionTypeID': 75208, 'name': 'Server', 'slug': 'server', 'apiVersion': ''}
[2026, 9, 25, 18, 22, 14] ;;; curseforge; {'id': 10150, 'gameVersionTypeID': 68441, 'name': 'NeoForge', 'slug': 'neoforge', 'apiVersion': ''}
[2026, 9, 25, 18, 22, 14] ;;; curseforge; {'id': 13927, 'gameVersionTypeID': 77784, 'name': '1.21.9', 'slug': '1-21-9', 'apiVersion': None}
[2026, 9, 25, 18, 22, 14] ;;; curseforge; {'id': 13933, 'gameVersionTypeID': 1, 'name': '1.21.9', 'slug': '1-21-9', 'apiVersion': ''}
[2026, 9, 25, 18, 22, 14] ;;; curseforge; {'id': 16125, 'gameVersionTypeID': 615, 'name': '1.21.9', 'slug': '1-21-9', 'apiVersion': ''}
[2026, 9, 25, 18, 22, 14] ;;; curseforge; {'id': 9638, 'gameVersionTypeID': 75208, 'name': 'Client', 'slug': 'client', 'apiVersion': ''}
[2026, 9, 25, 18, 22, 14] ;;; curseforge; {'id': 9639, 'gameVersionTypeID': 75208, 'name': 'Server', 'slug': 'server', 'apiVersion': ''}
[2026, 9, 25, 18, 22, 14] ;;; curseforge; {'id': 10150, 'gameVersionTypeID': 68441, 'name': 'NeoForge', 'slug': 'neoforge', 'apiVersion': ''}
[2026, 9, 25, 18, 22, 14] ;;; curseforge; {'id': 13964, 'gameVersionTypeID': 77784, 'name': '1.21.10', 'slug': '1-21-10', 'apiVersion': None}
[2026, 9, 25, 18, 22, 14] ;;; curseforge; {'id': 13966, 'gameVersionTypeID': 1, 'name': '1.21.10', 'slug': '1-21-10', 'apiVersion': ''}
[2026, 9, 25, 18, 22, 14] ;;; curseforge; {'id': 16126, 'gameVersionTypeID': 615, 'name': '1.21.10', 'slug': '1-21-10', 'apiVersion': ''}
[2026, 9, 25, 18, 22, 14] ;;; curseforge; {'id': 9638, 'gameVersionTypeID': 75208, 'name': 'Client', 'slug': 'client', 'apiVersion': ''}
[2026, 9, 25, 18, 22, 14] ;;; curseforge; {'id': 9639, 'gameVersionTypeID': 75208, 'name': 'Server', 'slug': 'server', 'apiVersion': ''}
[2026, 9, 25, 18, 22, 14] ;;; curseforge; {'id': 10150, 'gameVersionTypeID': 68441, 'name': 'NeoForge', 'slug': 'neoforge', 'apiVersion': ''}
[2026, 9, 25, 18, 22, 14] ;;; curseforge; {'id': 14406, 'gameVersionTypeID': 77784, 'name': '1.21.11', 'slug': '1-21-11', 'apiVersion': None}
[2026, 9, 25, 18, 22, 14] ;;; curseforge; {'id': 14417, 'gameVersionTypeID': 1, 'name': '1.21.11', 'slug': '1-21-11', 'apiVersion': ''}
[2026, 9, 25, 18, 22, 14] ;;; curseforge; {'id': 16127, 'gameVersionTypeID': 615, 'name': '1.21.11', 'slug': '1-21-11', 'apiVersion': ''}
[2026, 9, 25, 18, 22, 19] ;;; curseforge; {'id': 9638, 'gameVersionTypeID': 75208, 'name': 'Client', 'slug': 'client', 'apiVersion': ''}
[2026, 9, 25, 18, 22, 19] ;;; curseforge; {'id': 9639, 'gameVersionTypeID': 75208, 'name': 'Server', 'slug': 'server', 'apiVersion': ''}
[2026, 9, 25, 18, 22, 19] ;;; curseforge; {'id': 10150, 'gameVersionTypeID': 68441, 'name': 'NeoForge', 'slug': 'neoforge', 'apiVersion': ''}
[2026, 9, 25, 18, 22, 19] ;;; curseforge; {'id': 15933, 'gameVersionTypeID': 83806, 'name': '26.1', 'slug': '26-1', 'apiVersion': None}
[2026, 9, 25, 18, 22, 19] ;;; curseforge; {'id': 16083, 'gameVersionTypeID': 1, 'name': '26.1', 'slug': '26-1', 'apiVersion': ''}
[2026, 9, 25, 18, 22, 19] ;;; curseforge; {'id': 16128, 'gameVersionTypeID': 615, 'name': '26.1', 'slug': '26-1', 'apiVersion': ''}
[2026, 9, 25, 18, 22, 19] ;;; curseforge; {'id': 9638, 'gameVersionTypeID': 75208, 'name': 'Client', 'slug': 'client', 'apiVersion': ''}
[2026, 9, 25, 18, 22, 19] ;;; curseforge; {'id': 9639, 'gameVersionTypeID': 75208, 'name': 'Server', 'slug': 'server', 'apiVersion': ''}
[2026, 9, 25, 18, 22, 19] ;;; curseforge; {'id': 10150, 'gameVersionTypeID': 68441, 'name': 'NeoForge', 'slug': 'neoforge', 'apiVersion': ''}
[2026, 9, 25, 18, 22, 19] ;;; curseforge; {'id': 16021, 'gameVersionTypeID': 83806, 'name': '26.1.1', 'slug': '26-1-1', 'apiVersion': None}
[2026, 9, 25, 18, 22, 19] ;;; curseforge; {'id': 16084, 'gameVersionTypeID': 1, 'name': '26.1.1', 'slug': '26-1-1', 'apiVersion': ''}
[2026, 9, 25, 18, 22, 19] ;;; curseforge; {'id': 16129, 'gameVersionTypeID': 615, 'name': '26.1.1', 'slug': '26-1-1', 'apiVersion': ''}
[2026, 9, 25, 18, 22, 19] ;;; curseforge; {'id': 9638, 'gameVersionTypeID': 75208, 'name': 'Client', 'slug': 'client', 'apiVersion': ''}
[2026, 9, 25, 18, 22, 19] ;;; curseforge; {'id': 9639, 'gameVersionTypeID': 75208, 'name': 'Server', 'slug': 'server', 'apiVersion': ''}
[2026, 9, 25, 18, 22, 19] ;;; curseforge; {'id': 10150, 'gameVersionTypeID': 68441, 'name': 'NeoForge', 'slug': 'neoforge', 'apiVersion': ''}
[2026, 9, 25, 18, 22, 19] ;;; curseforge; {'id': 16082, 'gameVersionTypeID': 83806, 'name': '26.1.2', 'slug': '26-1-2', 'apiVersion': None}
[2026, 9, 25, 18, 22, 19] ;;; curseforge; {'id': 16085, 'gameVersionTypeID': 1, 'name': '26.1.2', 'slug': '26-1-2', 'apiVersion': ''}
[2026, 9, 25, 18, 22, 19] ;;; curseforge; {'id': 16130, 'gameVersionTypeID': 615, 'name': '26.1.2', 'slug': '26-1-2', 'apiVersion': ''}
[2026, 9, 25, 18, 22, 19] ;;; curseforge; {'file': ('gstools-neoforge-26.1_1.60.0.jar', <_io.BufferedReader name='.\\releases\\1.60.0\\gstools-neoforge-26.1_1.60.0.jar'>, 'application/jar'), 'metadata': (None, '{"changelog": "", "displayName": "gstools neoforge 26.1 1.60.0", "gameVersions": [9638, 9639, 10150, 15933, 16021, 16082], "gameVersionNames": ["Client", "Server", "NeoForge", "26.1", "26.1.1", "26.1.2"], "releaseType": "release", "relations": {"projects": [{"slug": "gstools", "projectID": 1404020, "type": "requiredDependency"}]}}', 'application/json')}
[2026, 9, 25, 18, 22, 22] ;;; curseforge; Mod file uploaded successfully! Response: {'id': 8975360}
[2026, 9, 25, 18, 22, 22] ;;; curseforge; {'id': 9638, 'gameVersionTypeID': 75208, 'name': 'Client', 'slug': 'client', 'apiVersion': ''}
[2026, 9, 25, 18, 22, 22] ;;; curseforge; {'id': 9639, 'gameVersionTypeID': 75208, 'name': 'Server', 'slug': 'server', 'apiVersion': ''}
[2026, 9, 25, 18, 22, 22] ;;; curseforge; {'id': 10150, 'gameVersionTypeID': 68441, 'name': 'NeoForge', 'slug': 'neoforge', 'apiVersion': ''}
[2026, 9, 25, 18, 22, 22] ;;; curseforge; {'id': 15933, 'gameVersionTypeID': 83806, 'name': '26.1', 'slug': '26-1', 'apiVersion': None}
[2026, 9, 25, 18, 22, 22] ;;; curseforge; {'id': 16083, 'gameVersionTypeID': 1, 'name': '26.1', 'slug': '26-1', 'apiVersion': ''}
[2026, 9, 25, 18, 22, 22] ;;; curseforge; {'id': 16128, 'gameVersionTypeID': 615, 'name': '26.1', 'slug': '26-1', 'apiVersion': ''}
[2026, 9, 25, 18, 22, 22] ;;; curseforge; {'id': 9638, 'gameVersionTypeID': 75208, 'name': 'Client', 'slug': 'client', 'apiVersion': ''}
[2026, 9, 25, 18, 22, 22] ;;; curseforge; {'id': 9639, 'gameVersionTypeID': 75208, 'name': 'Server', 'slug': 'server', 'apiVersion': ''}
[2026, 9, 25, 18, 22, 22] ;;; curseforge; {'id': 10150, 'gameVersionTypeID': 68441, 'name': 'NeoForge', 'slug': 'neoforge', 'apiVersion': ''}
[2026, 9, 25, 18, 22, 22] ;;; curseforge; {'id': 16021, 'gameVersionTypeID': 83806, 'name': '26.1.1', 'slug': '26-1-1', 'apiVersion': None}
[2026, 9, 25, 18, 22, 22] ;;; curseforge; {'id': 16084, 'gameVersionTypeID': 1, 'name': '26.1.1', 'slug': '26-1-1', 'apiVersion': ''}
[2026, 9, 25, 18, 22, 22] ;;; curseforge; {'id': 16129, 'gameVersionTypeID': 615, 'name': '26.1.1', 'slug': '26-1-1', 'apiVersion': ''}
[2026, 9, 25, 18, 22, 22] ;;; curseforge; {'id': 9638, 'gameVersionTypeID': 75208, 'name': 'Client', 'slug': 'client', 'apiVersion': ''}
[2026, 9, 25, 18, 22, 22] ;;; curseforge; {'id': 9639, 'gameVersionTypeID': 75208, 'name': 'Server', 'slug': 'server', 'apiVersion': ''}
[2026, 9, 25, 18, 22, 22] ;;; curseforge; {'id': 10150, 'gameVersionTypeID': 68441, 'name': 'NeoForge', 'slug': 'neoforge', 'apiVersion': ''}
[2026, 9, 25, 18, 22, 22] ;;; curseforge; {'id': 16082, 'gameVersionTypeID': 83806, 'name': '26.1.2', 'slug': '26-1-2', 'apiVersion': None}
[2026, 9, 25, 18, 22, 22] ;;; curseforge; {'id': 16085, 'gameVersionTypeID': 1, 'name': '26.1.2', 'slug': '26-1-2', 'apiVersion': ''}
[2026, 9, 25, 18, 22, 22] ;;; curseforge; {'id': 16130, 'gameVersionTypeID': 615, 'name': '26.1.2', 'slug': '26-1-2', 'apiVersion': ''}
[2026, 9, 25, 18, 22, 28] ;;; curseforge; {'id': 9638, 'gameVersionTypeID': 75208, 'name': 'Client', 'slug': 'client', 'apiVersion': ''}
[2026, 9, 25, 18, 22, 28] ;;; curseforge; {'id': 9639, 'gameVersionTypeID': 75208, 'name': 'Server', 'slug': 'server', 'apiVersion': ''}
[2026, 9, 25, 18, 22, 28] ;;; curseforge; {'id': 10150, 'gameVersionTypeID': 68441, 'name': 'NeoForge', 'slug': 'neoforge', 'apiVersion': ''}
[2026, 9, 25, 18, 22, 28] ;;; curseforge; {'id': 16498, 'gameVersionTypeID': 86297, 'name': '26.2', 'slug': '26-2', 'apiVersion': None}
[2026, 9, 25, 18, 22, 28] ;;; curseforge; {'id': 16500, 'gameVersionTypeID': 1, 'name': '26.2', 'slug': '26-2', 'apiVersion': ''}
[2026, 9, 25, 18, 22, 28] ;;; curseforge; {'file': ('gstools-neoforge-26.2_1.60.0.jar', <_io.BufferedReader name='.\\releases\\1.60.0\\gstools-neoforge-26.2_1.60.0.jar'>, 'application/jar'), 'metadata': (None, '{"changelog": "", "displayName": "gstools neoforge 26.2 1.60.0", "gameVersions": [9638, 9639, 10150, 16498], "gameVersionNames": ["Client", "Server", "NeoForge", "26.2"], "releaseType": "release", "relations": {"projects": [{"slug": "gstools", "projectID": 1404020, "type": "requiredDependency"}]}}', 'application/json')}
[2026, 9, 25, 18, 22, 30] ;;; curseforge; Mod file uploaded successfully! Response: {'id': 8975363}
[2026, 9, 25, 18, 22, 31] ;;; curseforge; {'id': 9638, 'gameVersionTypeID': 75208, 'name': 'Client', 'slug': 'client', 'apiVersion': ''}
[2026, 9, 25, 18, 22, 31] ;;; curseforge; {'id': 9639, 'gameVersionTypeID': 75208, 'name': 'Server', 'slug': 'server', 'apiVersion': ''}
[2026, 9, 25, 18, 22, 31] ;;; curseforge; {'id': 10150, 'gameVersionTypeID': 68441, 'name': 'NeoForge', 'slug': 'neoforge', 'apiVersion': ''}
[2026, 9, 25, 18, 22, 31] ;;; curseforge; {'id': 16498, 'gameVersionTypeID': 86297, 'name': '26.2', 'slug': '26-2', 'apiVersion': None}
[2026, 9, 25, 18, 22, 31] ;;; curseforge; {'id': 16500, 'gameVersionTypeID': 1, 'name': '26.2', 'slug': '26-2', 'apiVersion': ''}
[2026, 9, 25, 18, 22, 36] ;;; curseforge; {'id': 7499, 'gameVersionTypeID': 68441, 'name': 'Fabric', 'slug': 'fabric', 'apiVersion': ''}
[2026, 9, 25, 18, 22, 36] ;;; curseforge; {'id': 9638, 'gameVersionTypeID': 75208, 'name': 'Client', 'slug': 'client', 'apiVersion': ''}
[2026, 9, 25, 18, 22, 36] ;;; curseforge; {'id': 9639, 'gameVersionTypeID': 75208, 'name': 'Server', 'slug': 'server', 'apiVersion': ''}
[2026, 9, 25, 18, 22, 36] ;;; curseforge; {'id': 13927, 'gameVersionTypeID': 77784, 'name': '1.21.9', 'slug': '1-21-9', 'apiVersion': None}
[2026, 9, 25, 18, 22, 36] ;;; curseforge; {'id': 13933, 'gameVersionTypeID': 1, 'name': '1.21.9', 'slug': '1-21-9', 'apiVersion': ''}
[2026, 9, 25, 18, 22, 36] ;;; curseforge; {'id': 16125, 'gameVersionTypeID': 615, 'name': '1.21.9', 'slug': '1-21-9', 'apiVersion': ''}
[2026, 9, 25, 18, 22, 36] ;;; curseforge; {'id': 7499, 'gameVersionTypeID': 68441, 'name': 'Fabric', 'slug': 'fabric', 'apiVersion': ''}
[2026, 9, 25, 18, 22, 36] ;;; curseforge; {'id': 9638, 'gameVersionTypeID': 75208, 'name': 'Client', 'slug': 'client', 'apiVersion': ''}
[2026, 9, 25, 18, 22, 36] ;;; curseforge; {'id': 9639, 'gameVersionTypeID': 75208, 'name': 'Server', 'slug': 'server', 'apiVersion': ''}
[2026, 9, 25, 18, 22, 36] ;;; curseforge; {'id': 13964, 'gameVersionTypeID': 77784, 'name': '1.21.10', 'slug': '1-21-10', 'apiVersion': None}
[2026, 9, 25, 18, 22, 36] ;;; curseforge; {'id': 13966, 'gameVersionTypeID': 1, 'name': '1.21.10', 'slug': '1-21-10', 'apiVersion': ''}
[2026, 9, 25, 18, 22, 36] ;;; curseforge; {'id': 16126, 'gameVersionTypeID': 615, 'name': '1.21.10', 'slug': '1-21-10', 'apiVersion': ''}
[2026, 9, 25, 18, 22, 36] ;;; curseforge; {'id': 7499, 'gameVersionTypeID': 68441, 'name': 'Fabric', 'slug': 'fabric', 'apiVersion': ''}
[2026, 9, 25, 18, 22, 36] ;;; curseforge; {'id': 9638, 'gameVersionTypeID': 75208, 'name': 'Client', 'slug': 'client', 'apiVersion': ''}
[2026, 9, 25, 18, 22, 36] ;;; curseforge; {'id': 9639, 'gameVersionTypeID': 75208, 'name': 'Server', 'slug': 'server', 'apiVersion': ''}
[2026, 9, 25, 18, 22, 36] ;;; curseforge; {'id': 14406, 'gameVersionTypeID': 77784, 'name': '1.21.11', 'slug': '1-21-11', 'apiVersion': None}
[2026, 9, 25, 18, 22, 36] ;;; curseforge; {'id': 14417, 'gameVersionTypeID': 1, 'name': '1.21.11', 'slug': '1-21-11', 'apiVersion': ''}
[2026, 9, 25, 18, 22, 36] ;;; curseforge; {'id': 16127, 'gameVersionTypeID': 615, 'name': '1.21.11', 'slug': '1-21-11', 'apiVersion': ''}
[2026, 9, 25, 18, 22, 36] ;;; curseforge; {'file': ('desire_paths-fabric-1.21.9_1.60.0.jar', <_io.BufferedReader name='.\\releases\\1.60.0\\desire_paths-fabric-1.21.9_1.60.0.jar'>, 'application/jar'), 'metadata': (None, '{"changelog": "", "displayName": "desire_paths fabric 1.21.9 1.60.0", "gameVersions": [7499, 9638, 9639, 13927, 13964, 14406], "gameVersionNames": ["Fabric", "Client", "Server", "1.21.9", "1.21.10", "1.21.11"], "releaseType": "release", "relations": {"projects": [{"slug": "gstools", "projectID": 1404020, "type": "requiredDependency"}]}}', 'application/json')}
[2026, 9, 25, 18, 22, 39] ;;; curseforge; Mod file uploaded successfully! Response: {'id': 8975364}
[2026, 9, 25, 18, 22, 39] ;;; curseforge; {'id': 7499, 'gameVersionTypeID': 68441, 'name': 'Fabric', 'slug': 'fabric', 'apiVersion': ''}
[2026, 9, 25, 18, 22, 39] ;;; curseforge; {'id': 9638, 'gameVersionTypeID': 75208, 'name': 'Client', 'slug': 'client', 'apiVersion': ''}
[2026, 9, 25, 18, 22, 39] ;;; curseforge; {'id': 9639, 'gameVersionTypeID': 75208, 'name': 'Server', 'slug': 'server', 'apiVersion': ''}
[2026, 9, 25, 18, 22, 39] ;;; curseforge; {'id': 13927, 'gameVersionTypeID': 77784, 'name': '1.21.9', 'slug': '1-21-9', 'apiVersion': None}
[2026, 9, 25, 18, 22, 39] ;;; curseforge; {'id': 13933, 'gameVersionTypeID': 1, 'name': '1.21.9', 'slug': '1-21-9', 'apiVersion': ''}
[2026, 9, 25, 18, 22, 39] ;;; curseforge; {'id': 16125, 'gameVersionTypeID': 615, 'name': '1.21.9', 'slug': '1-21-9', 'apiVersion': ''}
[2026, 9, 25, 18, 22, 39] ;;; curseforge; {'id': 7499, 'gameVersionTypeID': 68441, 'name': 'Fabric', 'slug': 'fabric', 'apiVersion': ''}
[2026, 9, 25, 18, 22, 39] ;;; curseforge; {'id': 9638, 'gameVersionTypeID': 75208, 'name': 'Client', 'slug': 'client', 'apiVersion': ''}
[2026, 9, 25, 18, 22, 39] ;;; curseforge; {'id': 9639, 'gameVersionTypeID': 75208, 'name': 'Server', 'slug': 'server', 'apiVersion': ''}
[2026, 9, 25, 18, 22, 40] ;;; curseforge; {'id': 13964, 'gameVersionTypeID': 77784, 'name': '1.21.10', 'slug': '1-21-10', 'apiVersion': None}
[2026, 9, 25, 18, 22, 40] ;;; curseforge; {'id': 13966, 'gameVersionTypeID': 1, 'name': '1.21.10', 'slug': '1-21-10', 'apiVersion': ''}
[2026, 9, 25, 18, 22, 40] ;;; curseforge; {'id': 16126, 'gameVersionTypeID': 615, 'name': '1.21.10', 'slug': '1-21-10', 'apiVersion': ''}
[2026, 9, 25, 18, 22, 40] ;;; curseforge; {'id': 7499, 'gameVersionTypeID': 68441, 'name': 'Fabric', 'slug': 'fabric', 'apiVersion': ''}
[2026, 9, 25, 18, 22, 40] ;;; curseforge; {'id': 9638, 'gameVersionTypeID': 75208, 'name': 'Client', 'slug': 'client', 'apiVersion': ''}
[2026, 9, 25, 18, 22, 40] ;;; curseforge; {'id': 9639, 'gameVersionTypeID': 75208, 'name': 'Server', 'slug': 'server', 'apiVersion': ''}
[2026, 9, 25, 18, 22, 40] ;;; curseforge; {'id': 14406, 'gameVersionTypeID': 77784, 'name': '1.21.11', 'slug': '1-21-11', 'apiVersion': None}
[2026, 9, 25, 18, 22, 40] ;;; curseforge; {'id': 14417, 'gameVersionTypeID': 1, 'name': '1.21.11', 'slug': '1-21-11', 'apiVersion': ''}
[2026, 9, 25, 18, 22, 40] ;;; curseforge; {'id': 16127, 'gameVersionTypeID': 615, 'name': '1.21.11', 'slug': '1-21-11', 'apiVersion': ''}
[2026, 9, 25, 18, 22, 44] ;;; curseforge; {'id': 7499, 'gameVersionTypeID': 68441, 'name': 'Fabric', 'slug': 'fabric', 'apiVersion': ''}
[2026, 9, 25, 18, 22, 44] ;;; curseforge; {'id': 9638, 'gameVersionTypeID': 75208, 'name': 'Client', 'slug': 'client', 'apiVersion': ''}
[2026, 9, 25, 18, 22, 44] ;;; curseforge; {'id': 9639, 'gameVersionTypeID': 75208, 'name': 'Server', 'slug': 'server', 'apiVersion': ''}
[2026, 9, 25, 18, 22, 44] ;;; curseforge; {'id': 15933, 'gameVersionTypeID': 83806, 'name': '26.1', 'slug': '26-1', 'apiVersion': None}
[2026, 9, 25, 18, 22, 44] ;;; curseforge; {'id': 16083, 'gameVersionTypeID': 1, 'name': '26.1', 'slug': '26-1', 'apiVersion': ''}
[2026, 9, 25, 18, 22, 44] ;;; curseforge; {'id': 16128, 'gameVersionTypeID': 615, 'name': '26.1', 'slug': '26-1', 'apiVersion': ''}
[2026, 9, 25, 18, 22, 44] ;;; curseforge; {'id': 7499, 'gameVersionTypeID': 68441, 'name': 'Fabric', 'slug': 'fabric', 'apiVersion': ''}
[2026, 9, 25, 18, 22, 44] ;;; curseforge; {'id': 9638, 'gameVersionTypeID': 75208, 'name': 'Client', 'slug': 'client', 'apiVersion': ''}
[2026, 9, 25, 18, 22, 44] ;;; curseforge; {'id': 9639, 'gameVersionTypeID': 75208, 'name': 'Server', 'slug': 'server', 'apiVersion': ''}
[2026, 9, 25, 18, 22, 44] ;;; curseforge; {'id': 16021, 'gameVersionTypeID': 83806, 'name': '26.1.1', 'slug': '26-1-1', 'apiVersion': None}
[2026, 9, 25, 18, 22, 44] ;;; curseforge; {'id': 16084, 'gameVersionTypeID': 1, 'name': '26.1.1', 'slug': '26-1-1', 'apiVersion': ''}
[2026, 9, 25, 18, 22, 44] ;;; curseforge; {'id': 16129, 'gameVersionTypeID': 615, 'name': '26.1.1', 'slug': '26-1-1', 'apiVersion': ''}
[2026, 9, 25, 18, 22, 44] ;;; curseforge; {'id': 7499, 'gameVersionTypeID': 68441, 'name': 'Fabric', 'slug': 'fabric', 'apiVersion': ''}
[2026, 9, 25, 18, 22, 44] ;;; curseforge; {'id': 9638, 'gameVersionTypeID': 75208, 'name': 'Client', 'slug': 'client', 'apiVersion': ''}
[2026, 9, 25, 18, 22, 44] ;;; curseforge; {'id': 9639, 'gameVersionTypeID': 75208, 'name': 'Server', 'slug': 'server', 'apiVersion': ''}
[2026, 9, 25, 18, 22, 44] ;;; curseforge; {'id': 16082, 'gameVersionTypeID': 83806, 'name': '26.1.2', 'slug': '26-1-2', 'apiVersion': None}
[2026, 9, 25, 18, 22, 44] ;;; curseforge; {'id': 16085, 'gameVersionTypeID': 1, 'name': '26.1.2', 'slug': '26-1-2', 'apiVersion': ''}
[2026, 9, 25, 18, 22, 44] ;;; curseforge; {'id': 16130, 'gameVersionTypeID': 615, 'name': '26.1.2', 'slug': '26-1-2', 'apiVersion': ''}
[2026, 9, 25, 18, 22, 44] ;;; curseforge; {'file': ('desire_paths-fabric-26.1_1.60.0.jar', <_io.BufferedReader name='.\\releases\\1.60.0\\desire_paths-fabric-26.1_1.60.0.jar'>, 'application/jar'), 'metadata': (None, '{"changelog": "", "displayName": "desire_paths fabric 26.1 1.60.0", "gameVersions": [7499, 9638, 9639, 15933, 16021, 16082], "gameVersionNames": ["Fabric", "Client", "Server", "26.1", "26.1.1", "26.1.2"], "releaseType": "release", "relations": {"projects": [{"slug": "gstools", "projectID": 1404020, "type": "requiredDependency"}]}}', 'application/json')}
[2026, 9, 25, 18, 22, 47] ;;; curseforge; Mod file uploaded successfully! Response: {'id': 8975365}
[2026, 9, 25, 18, 22, 48] ;;; curseforge; {'id': 7499, 'gameVersionTypeID': 68441, 'name': 'Fabric', 'slug': 'fabric', 'apiVersion': ''}
[2026, 9, 25, 18, 22, 48] ;;; curseforge; {'id': 9638, 'gameVersionTypeID': 75208, 'name': 'Client', 'slug': 'client', 'apiVersion': ''}
[2026, 9, 25, 18, 22, 48] ;;; curseforge; {'id': 9639, 'gameVersionTypeID': 75208, 'name': 'Server', 'slug': 'server', 'apiVersion': ''}
[2026, 9, 25, 18, 22, 48] ;;; curseforge; {'id': 15933, 'gameVersionTypeID': 83806, 'name': '26.1', 'slug': '26-1', 'apiVersion': None}
[2026, 9, 25, 18, 22, 48] ;;; curseforge; {'id': 16083, 'gameVersionTypeID': 1, 'name': '26.1', 'slug': '26-1', 'apiVersion': ''}
[2026, 9, 25, 18, 22, 48] ;;; curseforge; {'id': 16128, 'gameVersionTypeID': 615, 'name': '26.1', 'slug': '26-1', 'apiVersion': ''}
[2026, 9, 25, 18, 22, 48] ;;; curseforge; {'id': 7499, 'gameVersionTypeID': 68441, 'name': 'Fabric', 'slug': 'fabric', 'apiVersion': ''}
[2026, 9, 25, 18, 22, 48] ;;; curseforge; {'id': 9638, 'gameVersionTypeID': 75208, 'name': 'Client', 'slug': 'client', 'apiVersion': ''}
[2026, 9, 25, 18, 22, 48] ;;; curseforge; {'id': 9639, 'gameVersionTypeID': 75208, 'name': 'Server', 'slug': 'server', 'apiVersion': ''}
[2026, 9, 25, 18, 22, 48] ;;; curseforge; {'id': 16021, 'gameVersionTypeID': 83806, 'name': '26.1.1', 'slug': '26-1-1', 'apiVersion': None}
[2026, 9, 25, 18, 22, 48] ;;; curseforge; {'id': 16084, 'gameVersionTypeID': 1, 'name': '26.1.1', 'slug': '26-1-1', 'apiVersion': ''}
[2026, 9, 25, 18, 22, 48] ;;; curseforge; {'id': 16129, 'gameVersionTypeID': 615, 'name': '26.1.1', 'slug': '26-1-1', 'apiVersion': ''}
[2026, 9, 25, 18, 22, 48] ;;; curseforge; {'id': 7499, 'gameVersionTypeID': 68441, 'name': 'Fabric', 'slug': 'fabric', 'apiVersion': ''}
[2026, 9, 25, 18, 22, 48] ;;; curseforge; {'id': 9638, 'gameVersionTypeID': 75208, 'name': 'Client', 'slug': 'client', 'apiVersion': ''}
[2026, 9, 25, 18, 22, 48] ;;; curseforge; {'id': 9639, 'gameVersionTypeID': 75208, 'name': 'Server', 'slug': 'server', 'apiVersion': ''}
[2026, 9, 25, 18, 22, 48] ;;; curseforge; {'id': 16082, 'gameVersionTypeID': 83806, 'name': '26.1.2', 'slug': '26-1-2', 'apiVersion': None}
[2026, 9, 25, 18, 22, 48] ;;; curseforge; {'id': 16085, 'gameVersionTypeID': 1, 'name': '26.1.2', 'slug': '26-1-2', 'apiVersion': ''}
[2026, 9, 25, 18, 22, 48] ;;; curseforge; {'id': 16130, 'gameVersionTypeID': 615, 'name': '26.1.2', 'slug': '26-1-2', 'apiVersion': ''}
[2026, 9, 25, 18, 22, 55] ;;; curseforge; {'id': 7499, 'gameVersionTypeID': 68441, 'name': 'Fabric', 'slug': 'fabric', 'apiVersion': ''}
[2026, 9, 25, 18, 22, 55] ;;; curseforge; {'id': 9638, 'gameVersionTypeID': 75208, 'name': 'Client', 'slug': 'client', 'apiVersion': ''}
[2026, 9, 25, 18, 22, 55] ;;; curseforge; {'id': 9639, 'gameVersionTypeID': 75208, 'name': 'Server', 'slug': 'server', 'apiVersion': ''}
[2026, 9, 25, 18, 22, 55] ;;; curseforge; {'id': 16498, 'gameVersionTypeID': 86297, 'name': '26.2', 'slug': '26-2', 'apiVersion': None}
[2026, 9, 25, 18, 22, 55] ;;; curseforge; {'id': 16500, 'gameVersionTypeID': 1, 'name': '26.2', 'slug': '26-2', 'apiVersion': ''}
[2026, 9, 25, 18, 22, 55] ;;; curseforge; {'file': ('desire_paths-fabric-26.2_1.60.0.jar', <_io.BufferedReader name='.\\releases\\1.60.0\\desire_paths-fabric-26.2_1.60.0.jar'>, 'application/jar'), 'metadata': (None, '{"changelog": "", "displayName": "desire_paths fabric 26.2 1.60.0", "gameVersions": [7499, 9638, 9639, 16498], "gameVersionNames": ["Fabric", "Client", "Server", "26.2"], "releaseType": "release", "relations": {"projects": [{"slug": "gstools", "projectID": 1404020, "type": "requiredDependency"}]}}', 'application/json')}
[2026, 9, 25, 18, 22, 58] ;;; curseforge; Mod file uploaded successfully! Response: {'id': 8975373}
[2026, 9, 25, 18, 22, 58] ;;; curseforge; {'id': 7499, 'gameVersionTypeID': 68441, 'name': 'Fabric', 'slug': 'fabric', 'apiVersion': ''}
[2026, 9, 25, 18, 22, 58] ;;; curseforge; {'id': 9638, 'gameVersionTypeID': 75208, 'name': 'Client', 'slug': 'client', 'apiVersion': ''}
[2026, 9, 25, 18, 22, 58] ;;; curseforge; {'id': 9639, 'gameVersionTypeID': 75208, 'name': 'Server', 'slug': 'server', 'apiVersion': ''}
[2026, 9, 25, 18, 22, 58] ;;; curseforge; {'id': 16498, 'gameVersionTypeID': 86297, 'name': '26.2', 'slug': '26-2', 'apiVersion': None}
[2026, 9, 25, 18, 22, 58] ;;; curseforge; {'id': 16500, 'gameVersionTypeID': 1, 'name': '26.2', 'slug': '26-2', 'apiVersion': ''}
[2026, 9, 25, 18, 23, 4] ;;; curseforge; {'id': 7498, 'gameVersionTypeID': 68441, 'name': 'Forge', 'slug': 'forge', 'apiVersion': ''}
[2026, 9, 25, 18, 23, 4] ;;; curseforge; {'id': 9638, 'gameVersionTypeID': 75208, 'name': 'Client', 'slug': 'client', 'apiVersion': ''}
[2026, 9, 25, 18, 23, 4] ;;; curseforge; {'id': 9639, 'gameVersionTypeID': 75208, 'name': 'Server', 'slug': 'server', 'apiVersion': ''}
[2026, 9, 25, 18, 23, 4] ;;; curseforge; {'id': 9776, 'gameVersionTypeID': 73407, 'name': '1.19.4', 'slug': '1-19-4', 'apiVersion': ''}
[2026, 9, 25, 18, 23, 4] ;;; curseforge; {'id': 9792, 'gameVersionTypeID': 615, 'name': '1.19.4', 'slug': '1-19-4', 'apiVersion': ''}
[2026, 9, 25, 18, 23, 4] ;;; curseforge; {'id': 9973, 'gameVersionTypeID': 1, 'name': '1.19.4', 'slug': '1-19-4', 'apiVersion': ''}
[2026, 9, 25, 18, 23, 4] ;;; curseforge; {'file': ('desire_paths-forge-1.19.4_1.60.0.jar', <_io.BufferedReader name='.\\releases\\1.60.0\\desire_paths-forge-1.19.4_1.60.0.jar'>, 'application/jar'), 'metadata': (None, '{"changelog": "", "displayName": "desire_paths forge 1.19.4 1.60.0", "gameVersions": [7498, 9638, 9639, 9776], "gameVersionNames": ["Forge", "Client", "Server", "1.19.4"], "releaseType": "release", "relations": {"projects": [{"slug": "gstools", "projectID": 1404020, "type": "requiredDependency"}]}}', 'application/json')}
[2026, 9, 25, 18, 23, 7] ;;; curseforge; Mod file uploaded successfully! Response: {'id': 8975377}
[2026, 9, 25, 18, 23, 8] ;;; curseforge; {'id': 7498, 'gameVersionTypeID': 68441, 'name': 'Forge', 'slug': 'forge', 'apiVersion': ''}
[2026, 9, 25, 18, 23, 8] ;;; curseforge; {'id': 9638, 'gameVersionTypeID': 75208, 'name': 'Client', 'slug': 'client', 'apiVersion': ''}
[2026, 9, 25, 18, 23, 8] ;;; curseforge; {'id': 9639, 'gameVersionTypeID': 75208, 'name': 'Server', 'slug': 'server', 'apiVersion': ''}
[2026, 9, 25, 18, 23, 8] ;;; curseforge; {'id': 9776, 'gameVersionTypeID': 73407, 'name': '1.19.4', 'slug': '1-19-4', 'apiVersion': ''}
[2026, 9, 25, 18, 23, 8] ;;; curseforge; {'id': 9792, 'gameVersionTypeID': 615, 'name': '1.19.4', 'slug': '1-19-4', 'apiVersion': ''}
[2026, 9, 25, 18, 23, 8] ;;; curseforge; {'id': 9973, 'gameVersionTypeID': 1, 'name': '1.19.4', 'slug': '1-19-4', 'apiVersion': ''}
[2026, 9, 25, 18, 23, 14] ;;; curseforge; {'id': 7498, 'gameVersionTypeID': 68441, 'name': 'Forge', 'slug': 'forge', 'apiVersion': ''}
[2026, 9, 25, 18, 23, 14] ;;; curseforge; {'id': 9638, 'gameVersionTypeID': 75208, 'name': 'Client', 'slug': 'client', 'apiVersion': ''}
[2026, 9, 25, 18, 23, 14] ;;; curseforge; {'id': 9639, 'gameVersionTypeID': 75208, 'name': 'Server', 'slug': 'server', 'apiVersion': ''}
[2026, 9, 25, 18, 23, 14] ;;; curseforge; {'id': 9990, 'gameVersionTypeID': 75125, 'name': '1.20.1', 'slug': '1-20-1', 'apiVersion': None}
[2026, 9, 25, 18, 23, 14] ;;; curseforge; {'id': 9993, 'gameVersionTypeID': 615, 'name': '1.20.1', 'slug': '1-20-1', 'apiVersion': ''}
[2026, 9, 25, 18, 23, 14] ;;; curseforge; {'id': 9994, 'gameVersionTypeID': 1, 'name': '1.20.1', 'slug': '1-20-1', 'apiVersion': ''}
[2026, 9, 25, 18, 23, 14] ;;; curseforge; {'file': ('desire_paths-forge-1.20.1_1.60.0.jar', <_io.BufferedReader name='.\\releases\\1.60.0\\desire_paths-forge-1.20.1_1.60.0.jar'>, 'application/jar'), 'metadata': (None, '{"changelog": "", "displayName": "desire_paths forge 1.20.1 1.60.0", "gameVersions": [7498, 9638, 9639, 9990], "gameVersionNames": ["Forge", "Client", "Server", "1.20.1"], "releaseType": "release", "relations": {"projects": [{"slug": "gstools", "projectID": 1404020, "type": "requiredDependency"}]}}', 'application/json')}
[2026, 9, 25, 18, 23, 17] ;;; curseforge; Mod file uploaded successfully! Response: {'id': 8975378}
[2026, 9, 25, 18, 23, 17] ;;; curseforge; {'id': 7498, 'gameVersionTypeID': 68441, 'name': 'Forge', 'slug': 'forge', 'apiVersion': ''}
[2026, 9, 25, 18, 23, 17] ;;; curseforge; {'id': 9638, 'gameVersionTypeID': 75208, 'name': 'Client', 'slug': 'client', 'apiVersion': ''}
[2026, 9, 25, 18, 23, 17] ;;; curseforge; {'id': 9639, 'gameVersionTypeID': 75208, 'name': 'Server', 'slug': 'server', 'apiVersion': ''}
[2026, 9, 25, 18, 23, 17] ;;; curseforge; {'id': 9990, 'gameVersionTypeID': 75125, 'name': '1.20.1', 'slug': '1-20-1', 'apiVersion': None}
[2026, 9, 25, 18, 23, 17] ;;; curseforge; {'id': 9993, 'gameVersionTypeID': 615, 'name': '1.20.1', 'slug': '1-20-1', 'apiVersion': ''}
[2026, 9, 25, 18, 23, 17] ;;; curseforge; {'id': 9994, 'gameVersionTypeID': 1, 'name': '1.20.1', 'slug': '1-20-1', 'apiVersion': ''}
[2026, 9, 25, 18, 23, 23] ;;; curseforge; {'id': 9638, 'gameVersionTypeID': 75208, 'name': 'Client', 'slug': 'client', 'apiVersion': ''}
[2026, 9, 25, 18, 23, 23] ;;; curseforge; {'id': 9639, 'gameVersionTypeID': 75208, 'name': 'Server', 'slug': 'server', 'apiVersion': ''}
[2026, 9, 25, 18, 23, 23] ;;; curseforge; {'id': 10150, 'gameVersionTypeID': 68441, 'name': 'NeoForge', 'slug': 'neoforge', 'apiVersion': ''}
[2026, 9, 25, 18, 23, 23] ;;; curseforge; {'id': 10407, 'gameVersionTypeID': 75125, 'name': '1.20.4', 'slug': '1-20-4', 'apiVersion': None}
[2026, 9, 25, 18, 23, 23] ;;; curseforge; {'id': 10742, 'gameVersionTypeID': 1, 'name': '1.20.4', 'slug': '1-20-4', 'apiVersion': ''}
[2026, 9, 25, 18, 23, 23] ;;; curseforge; {'id': 10866, 'gameVersionTypeID': 615, 'name': '1.20.4', 'slug': '1-20-4', 'apiVersion': ''}
[2026, 9, 25, 18, 23, 23] ;;; curseforge; {'file': ('desire_paths-neoforge-1.20.4_1.60.0.jar', <_io.BufferedReader name='.\\releases\\1.60.0\\desire_paths-neoforge-1.20.4_1.60.0.jar'>, 'application/jar'), 'metadata': (None, '{"changelog": "", "displayName": "desire_paths neoforge 1.20.4 1.60.0", "gameVersions": [9638, 9639, 10150, 10407], "gameVersionNames": ["Client", "Server", "NeoForge", "1.20.4"], "releaseType": "release", "relations": {"projects": [{"slug": "gstools", "projectID": 1404020, "type": "requiredDependency"}]}}', 'application/json')}
[2026, 9, 25, 18, 23, 25] ;;; curseforge; Mod file uploaded successfully! Response: {'id': 8975381}
[2026, 9, 25, 18, 23, 25] ;;; curseforge; {'id': 9638, 'gameVersionTypeID': 75208, 'name': 'Client', 'slug': 'client', 'apiVersion': ''}
[2026, 9, 25, 18, 23, 25] ;;; curseforge; {'id': 9639, 'gameVersionTypeID': 75208, 'name': 'Server', 'slug': 'server', 'apiVersion': ''}
[2026, 9, 25, 18, 23, 25] ;;; curseforge; {'id': 10150, 'gameVersionTypeID': 68441, 'name': 'NeoForge', 'slug': 'neoforge', 'apiVersion': ''}
[2026, 9, 25, 18, 23, 25] ;;; curseforge; {'id': 10407, 'gameVersionTypeID': 75125, 'name': '1.20.4', 'slug': '1-20-4', 'apiVersion': None}
[2026, 9, 25, 18, 23, 25] ;;; curseforge; {'id': 10742, 'gameVersionTypeID': 1, 'name': '1.20.4', 'slug': '1-20-4', 'apiVersion': ''}
[2026, 9, 25, 18, 23, 25] ;;; curseforge; {'id': 10866, 'gameVersionTypeID': 615, 'name': '1.20.4', 'slug': '1-20-4', 'apiVersion': ''}
[2026, 9, 25, 18, 23, 35] ;;; curseforge; {'id': 9638, 'gameVersionTypeID': 75208, 'name': 'Client', 'slug': 'client', 'apiVersion': ''}
[2026, 9, 25, 18, 23, 35] ;;; curseforge; {'id': 9639, 'gameVersionTypeID': 75208, 'name': 'Server', 'slug': 'server', 'apiVersion': ''}
[2026, 9, 25, 18, 23, 35] ;;; curseforge; {'id': 10150, 'gameVersionTypeID': 68441, 'name': 'NeoForge', 'slug': 'neoforge', 'apiVersion': ''}
[2026, 9, 25, 18, 23, 35] ;;; curseforge; {'id': 11779, 'gameVersionTypeID': 77784, 'name': '1.21.1', 'slug': '1-21-1', 'apiVersion': None}
[2026, 9, 25, 18, 23, 35] ;;; curseforge; {'id': 12735, 'gameVersionTypeID': 1, 'name': '1.21.1', 'slug': '1-21-1', 'apiVersion': ''}
[2026, 9, 25, 18, 23, 35] ;;; curseforge; {'id': 16115, 'gameVersionTypeID': 615, 'name': '1.21.1', 'slug': '1-21-1', 'apiVersion': ''}
[2026, 9, 25, 18, 23, 35] ;;; curseforge; {'file': ('desire_paths-neoforge-1.21.1_1.60.0.jar', <_io.BufferedReader name='.\\releases\\1.60.0\\desire_paths-neoforge-1.21.1_1.60.0.jar'>, 'application/jar'), 'metadata': (None, '{"changelog": "", "displayName": "desire_paths neoforge 1.21.1 1.60.0", "gameVersions": [9638, 9639, 10150, 11779], "gameVersionNames": ["Client", "Server", "NeoForge", "1.21.1"], "releaseType": "release", "relations": {"projects": [{"slug": "gstools", "projectID": 1404020, "type": "requiredDependency"}]}}', 'application/json')}
[2026, 9, 25, 18, 23, 40] ;;; curseforge; Mod file uploaded successfully! Response: {'id': 8975382}
[2026, 9, 25, 18, 23, 40] ;;; curseforge; {'id': 9638, 'gameVersionTypeID': 75208, 'name': 'Client', 'slug': 'client', 'apiVersion': ''}
[2026, 9, 25, 18, 23, 40] ;;; curseforge; {'id': 9639, 'gameVersionTypeID': 75208, 'name': 'Server', 'slug': 'server', 'apiVersion': ''}
[2026, 9, 25, 18, 23, 40] ;;; curseforge; {'id': 10150, 'gameVersionTypeID': 68441, 'name': 'NeoForge', 'slug': 'neoforge', 'apiVersion': ''}
[2026, 9, 25, 18, 23, 40] ;;; curseforge; {'id': 11779, 'gameVersionTypeID': 77784, 'name': '1.21.1', 'slug': '1-21-1', 'apiVersion': None}
[2026, 9, 25, 18, 23, 40] ;;; curseforge; {'id': 12735, 'gameVersionTypeID': 1, 'name': '1.21.1', 'slug': '1-21-1', 'apiVersion': ''}
[2026, 9, 25, 18, 23, 40] ;;; curseforge; {'id': 16115, 'gameVersionTypeID': 615, 'name': '1.21.1', 'slug': '1-21-1', 'apiVersion': ''}
[2026, 9, 25, 18, 23, 45] ;;; curseforge; {'id': 9638, 'gameVersionTypeID': 75208, 'name': 'Client', 'slug': 'client', 'apiVersion': ''}
[2026, 9, 25, 18, 23, 45] ;;; curseforge; {'id': 9639, 'gameVersionTypeID': 75208, 'name': 'Server', 'slug': 'server', 'apiVersion': ''}
[2026, 9, 25, 18, 23, 45] ;;; curseforge; {'id': 10150, 'gameVersionTypeID': 68441, 'name': 'NeoForge', 'slug': 'neoforge', 'apiVersion': ''}
[2026, 9, 25, 18, 23, 45] ;;; curseforge; {'id': 12079, 'gameVersionTypeID': 77784, 'name': '1.21.2', 'slug': '1-21-2', 'apiVersion': ''}
[2026, 9, 25, 18, 23, 45] ;;; curseforge; {'id': 12736, 'gameVersionTypeID': 1, 'name': '1.21.2', 'slug': '1-21-2', 'apiVersion': ''}
[2026, 9, 25, 18, 23, 45] ;;; curseforge; {'id': 16116, 'gameVersionTypeID': 615, 'name': '1.21.2', 'slug': '1-21-2', 'apiVersion': ''}
[2026, 9, 25, 18, 23, 45] ;;; curseforge; {'id': 9638, 'gameVersionTypeID': 75208, 'name': 'Client', 'slug': 'client', 'apiVersion': ''}
[2026, 9, 25, 18, 23, 45] ;;; curseforge; {'id': 9639, 'gameVersionTypeID': 75208, 'name': 'Server', 'slug': 'server', 'apiVersion': ''}
[2026, 9, 25, 18, 23, 45] ;;; curseforge; {'id': 10150, 'gameVersionTypeID': 68441, 'name': 'NeoForge', 'slug': 'neoforge', 'apiVersion': ''}
[2026, 9, 25, 18, 23, 45] ;;; curseforge; {'id': 12084, 'gameVersionTypeID': 77784, 'name': '1.21.3', 'slug': '1-21-3', 'apiVersion': None}
[2026, 9, 25, 18, 23, 45] ;;; curseforge; {'id': 12737, 'gameVersionTypeID': 1, 'name': '1.21.3', 'slug': '1-21-3', 'apiVersion': ''}
[2026, 9, 25, 18, 23, 45] ;;; curseforge; {'id': 16117, 'gameVersionTypeID': 615, 'name': '1.21.3', 'slug': '1-21-3', 'apiVersion': ''}
[2026, 9, 25, 18, 23, 45] ;;; curseforge; {'file': ('desire_paths-neoforge-1.21.2_1.60.0.jar', <_io.BufferedReader name='.\\releases\\1.60.0\\desire_paths-neoforge-1.21.2_1.60.0.jar'>, 'application/jar'), 'metadata': (None, '{"changelog": "", "displayName": "desire_paths neoforge 1.21.2 1.60.0", "gameVersions": [9638, 9639, 10150, 12079, 12084], "gameVersionNames": ["Client", "Server", "NeoForge", "1.21.2", "1.21.3"], "releaseType": "release", "relations": {"projects": [{"slug": "gstools", "projectID": 1404020, "type": "requiredDependency"}]}}', 'application/json')}
[2026, 9, 25, 18, 23, 47] ;;; curseforge; Mod file uploaded successfully! Response: {'id': 8975383}
[2026, 9, 25, 18, 23, 47] ;;; curseforge; {'id': 9638, 'gameVersionTypeID': 75208, 'name': 'Client', 'slug': 'client', 'apiVersion': ''}
[2026, 9, 25, 18, 23, 47] ;;; curseforge; {'id': 9639, 'gameVersionTypeID': 75208, 'name': 'Server', 'slug': 'server', 'apiVersion': ''}
[2026, 9, 25, 18, 23, 47] ;;; curseforge; {'id': 10150, 'gameVersionTypeID': 68441, 'name': 'NeoForge', 'slug': 'neoforge', 'apiVersion': ''}
[2026, 9, 25, 18, 23, 47] ;;; curseforge; {'id': 12079, 'gameVersionTypeID': 77784, 'name': '1.21.2', 'slug': '1-21-2', 'apiVersion': ''}
[2026, 9, 25, 18, 23, 47] ;;; curseforge; {'id': 12736, 'gameVersionTypeID': 1, 'name': '1.21.2', 'slug': '1-21-2', 'apiVersion': ''}
[2026, 9, 25, 18, 23, 47] ;;; curseforge; {'id': 16116, 'gameVersionTypeID': 615, 'name': '1.21.2', 'slug': '1-21-2', 'apiVersion': ''}
[2026, 9, 25, 18, 23, 48] ;;; curseforge; {'id': 9638, 'gameVersionTypeID': 75208, 'name': 'Client', 'slug': 'client', 'apiVersion': ''}
[2026, 9, 25, 18, 23, 48] ;;; curseforge; {'id': 9639, 'gameVersionTypeID': 75208, 'name': 'Server', 'slug': 'server', 'apiVersion': ''}
[2026, 9, 25, 18, 23, 48] ;;; curseforge; {'id': 10150, 'gameVersionTypeID': 68441, 'name': 'NeoForge', 'slug': 'neoforge', 'apiVersion': ''}
[2026, 9, 25, 18, 23, 48] ;;; curseforge; {'id': 12084, 'gameVersionTypeID': 77784, 'name': '1.21.3', 'slug': '1-21-3', 'apiVersion': None}
[2026, 9, 25, 18, 23, 48] ;;; curseforge; {'id': 12737, 'gameVersionTypeID': 1, 'name': '1.21.3', 'slug': '1-21-3', 'apiVersion': ''}
[2026, 9, 25, 18, 23, 48] ;;; curseforge; {'id': 16117, 'gameVersionTypeID': 615, 'name': '1.21.3', 'slug': '1-21-3', 'apiVersion': ''}
[2026, 9, 25, 18, 23, 51] ;;; curseforge; {'id': 9638, 'gameVersionTypeID': 75208, 'name': 'Client', 'slug': 'client', 'apiVersion': ''}
[2026, 9, 25, 18, 23, 51] ;;; curseforge; {'id': 9639, 'gameVersionTypeID': 75208, 'name': 'Server', 'slug': 'server', 'apiVersion': ''}
[2026, 9, 25, 18, 23, 51] ;;; curseforge; {'id': 10150, 'gameVersionTypeID': 68441, 'name': 'NeoForge', 'slug': 'neoforge', 'apiVersion': ''}
[2026, 9, 25, 18, 23, 51] ;;; curseforge; {'id': 12281, 'gameVersionTypeID': 77784, 'name': '1.21.4', 'slug': '1-21-4', 'apiVersion': None}
[2026, 9, 25, 18, 23, 51] ;;; curseforge; {'id': 12738, 'gameVersionTypeID': 1, 'name': '1.21.4', 'slug': '1-21-4', 'apiVersion': ''}
[2026, 9, 25, 18, 23, 51] ;;; curseforge; {'id': 16118, 'gameVersionTypeID': 615, 'name': '1.21.4', 'slug': '1-21-4', 'apiVersion': ''}
[2026, 9, 25, 18, 23, 51] ;;; curseforge; {'file': ('desire_paths-neoforge-1.21.4_1.60.0.jar', <_io.BufferedReader name='.\\releases\\1.60.0\\desire_paths-neoforge-1.21.4_1.60.0.jar'>, 'application/jar'), 'metadata': (None, '{"changelog": "", "displayName": "desire_paths neoforge 1.21.4 1.60.0", "gameVersions": [9638, 9639, 10150, 12281], "gameVersionNames": ["Client", "Server", "NeoForge", "1.21.4"], "releaseType": "release", "relations": {"projects": [{"slug": "gstools", "projectID": 1404020, "type": "requiredDependency"}]}}', 'application/json')}
[2026, 9, 25, 18, 23, 58] ;;; curseforge; Mod file uploaded successfully! Response: {'id': 8975384}
[2026, 9, 25, 18, 23, 58] ;;; curseforge; {'id': 9638, 'gameVersionTypeID': 75208, 'name': 'Client', 'slug': 'client', 'apiVersion': ''}
[2026, 9, 25, 18, 23, 58] ;;; curseforge; {'id': 9639, 'gameVersionTypeID': 75208, 'name': 'Server', 'slug': 'server', 'apiVersion': ''}
[2026, 9, 25, 18, 23, 58] ;;; curseforge; {'id': 10150, 'gameVersionTypeID': 68441, 'name': 'NeoForge', 'slug': 'neoforge', 'apiVersion': ''}
[2026, 9, 25, 18, 23, 58] ;;; curseforge; {'id': 12281, 'gameVersionTypeID': 77784, 'name': '1.21.4', 'slug': '1-21-4', 'apiVersion': None}
[2026, 9, 25, 18, 23, 58] ;;; curseforge; {'id': 12738, 'gameVersionTypeID': 1, 'name': '1.21.4', 'slug': '1-21-4', 'apiVersion': ''}
[2026, 9, 25, 18, 23, 58] ;;; curseforge; {'id': 16118, 'gameVersionTypeID': 615, 'name': '1.21.4', 'slug': '1-21-4', 'apiVersion': ''}
[2026, 9, 25, 18, 24, 4] ;;; curseforge; {'id': 9638, 'gameVersionTypeID': 75208, 'name': 'Client', 'slug': 'client', 'apiVersion': ''}
[2026, 9, 25, 18, 24, 4] ;;; curseforge; {'id': 9639, 'gameVersionTypeID': 75208, 'name': 'Server', 'slug': 'server', 'apiVersion': ''}
[2026, 9, 25, 18, 24, 4] ;;; curseforge; {'id': 10150, 'gameVersionTypeID': 68441, 'name': 'NeoForge', 'slug': 'neoforge', 'apiVersion': ''}
[2026, 9, 25, 18, 24, 4] ;;; curseforge; {'id': 12934, 'gameVersionTypeID': 77784, 'name': '1.21.5', 'slug': '1-21-5', 'apiVersion': None}
[2026, 9, 25, 18, 24, 4] ;;; curseforge; {'id': 12988, 'gameVersionTypeID': 1, 'name': '1.21.5', 'slug': '1-21-5', 'apiVersion': ''}
[2026, 9, 25, 18, 24, 4] ;;; curseforge; {'id': 16119, 'gameVersionTypeID': 615, 'name': '1.21.5', 'slug': '1-21-5', 'apiVersion': ''}
[2026, 9, 25, 18, 24, 4] ;;; curseforge; {'id': 9638, 'gameVersionTypeID': 75208, 'name': 'Client', 'slug': 'client', 'apiVersion': ''}
[2026, 9, 25, 18, 24, 4] ;;; curseforge; {'id': 9639, 'gameVersionTypeID': 75208, 'name': 'Server', 'slug': 'server', 'apiVersion': ''}
[2026, 9, 25, 18, 24, 4] ;;; curseforge; {'id': 10150, 'gameVersionTypeID': 68441, 'name': 'NeoForge', 'slug': 'neoforge', 'apiVersion': ''}
[2026, 9, 25, 18, 24, 4] ;;; curseforge; {'id': 13506, 'gameVersionTypeID': 77784, 'name': '1.21.7', 'slug': '1-21-7', 'apiVersion': None}
[2026, 9, 25, 18, 24, 4] ;;; curseforge; {'id': 13574, 'gameVersionTypeID': 1, 'name': '1.21.7', 'slug': '1-21-7', 'apiVersion': ''}
[2026, 9, 25, 18, 24, 4] ;;; curseforge; {'id': 16121, 'gameVersionTypeID': 615, 'name': '1.21.7', 'slug': '1-21-7', 'apiVersion': ''}
[2026, 9, 25, 18, 24, 4] ;;; curseforge; {'file': ('desire_paths-neoforge-1.21.5_1.60.0.jar', <_io.BufferedReader name='.\\releases\\1.60.0\\desire_paths-neoforge-1.21.5_1.60.0.jar'>, 'application/jar'), 'metadata': (None, '{"changelog": "", "displayName": "desire_paths neoforge 1.21.5 1.60.0", "gameVersions": [9638, 9639, 10150, 12934, 13506], "gameVersionNames": ["Client", "Server", "NeoForge", "1.21.5", "1.21.7"], "releaseType": "release", "relations": {"projects": [{"slug": "gstools", "projectID": 1404020, "type": "requiredDependency"}]}}', 'application/json')}
[2026, 9, 25, 18, 24, 6] ;;; curseforge; Mod file uploaded successfully! Response: {'id': 8975387}
[2026, 9, 25, 18, 24, 7] ;;; curseforge; {'id': 9638, 'gameVersionTypeID': 75208, 'name': 'Client', 'slug': 'client', 'apiVersion': ''}
[2026, 9, 25, 18, 24, 7] ;;; curseforge; {'id': 9639, 'gameVersionTypeID': 75208, 'name': 'Server', 'slug': 'server', 'apiVersion': ''}
[2026, 9, 25, 18, 24, 7] ;;; curseforge; {'id': 10150, 'gameVersionTypeID': 68441, 'name': 'NeoForge', 'slug': 'neoforge', 'apiVersion': ''}
[2026, 9, 25, 18, 24, 7] ;;; curseforge; {'id': 12934, 'gameVersionTypeID': 77784, 'name': '1.21.5', 'slug': '1-21-5', 'apiVersion': None}
[2026, 9, 25, 18, 24, 7] ;;; curseforge; {'id': 12988, 'gameVersionTypeID': 1, 'name': '1.21.5', 'slug': '1-21-5', 'apiVersion': ''}
[2026, 9, 25, 18, 24, 7] ;;; curseforge; {'id': 16119, 'gameVersionTypeID': 615, 'name': '1.21.5', 'slug': '1-21-5', 'apiVersion': ''}
[2026, 9, 25, 18, 24, 7] ;;; curseforge; {'id': 9638, 'gameVersionTypeID': 75208, 'name': 'Client', 'slug': 'client', 'apiVersion': ''}
[2026, 9, 25, 18, 24, 7] ;;; curseforge; {'id': 9639, 'gameVersionTypeID': 75208, 'name': 'Server', 'slug': 'server', 'apiVersion': ''}
[2026, 9, 25, 18, 24, 7] ;;; curseforge; {'id': 10150, 'gameVersionTypeID': 68441, 'name': 'NeoForge', 'slug': 'neoforge', 'apiVersion': ''}
[2026, 9, 25, 18, 24, 7] ;;; curseforge; {'id': 13506, 'gameVersionTypeID': 77784, 'name': '1.21.7', 'slug': '1-21-7', 'apiVersion': None}
[2026, 9, 25, 18, 24, 7] ;;; curseforge; {'id': 13574, 'gameVersionTypeID': 1, 'name': '1.21.7', 'slug': '1-21-7', 'apiVersion': ''}
[2026, 9, 25, 18, 24, 7] ;;; curseforge; {'id': 16121, 'gameVersionTypeID': 615, 'name': '1.21.7', 'slug': '1-21-7', 'apiVersion': ''}
[2026, 9, 25, 18, 24, 12] ;;; curseforge; {'id': 9638, 'gameVersionTypeID': 75208, 'name': 'Client', 'slug': 'client', 'apiVersion': ''}
[2026, 9, 25, 18, 24, 12] ;;; curseforge; {'id': 9639, 'gameVersionTypeID': 75208, 'name': 'Server', 'slug': 'server', 'apiVersion': ''}
[2026, 9, 25, 18, 24, 12] ;;; curseforge; {'id': 10150, 'gameVersionTypeID': 68441, 'name': 'NeoForge', 'slug': 'neoforge', 'apiVersion': ''}
[2026, 9, 25, 18, 24, 12] ;;; curseforge; {'id': 13620, 'gameVersionTypeID': 77784, 'name': '1.21.8', 'slug': '1-21-8', 'apiVersion': None}
[2026, 9, 25, 18, 24, 12] ;;; curseforge; {'id': 13683, 'gameVersionTypeID': 1, 'name': '1.21.8', 'slug': '1-21-8', 'apiVersion': ''}
[2026, 9, 25, 18, 24, 12] ;;; curseforge; {'id': 16124, 'gameVersionTypeID': 615, 'name': '1.21.8', 'slug': '1-21-8', 'apiVersion': ''}
[2026, 9, 25, 18, 24, 12] ;;; curseforge; {'id': 9638, 'gameVersionTypeID': 75208, 'name': 'Client', 'slug': 'client', 'apiVersion': ''}
[2026, 9, 25, 18, 24, 12] ;;; curseforge; {'id': 9639, 'gameVersionTypeID': 75208, 'name': 'Server', 'slug': 'server', 'apiVersion': ''}
[2026, 9, 25, 18, 24, 12] ;;; curseforge; {'id': 10150, 'gameVersionTypeID': 68441, 'name': 'NeoForge', 'slug': 'neoforge', 'apiVersion': ''}
[2026, 9, 25, 18, 24, 12] ;;; curseforge; {'id': 13927, 'gameVersionTypeID': 77784, 'name': '1.21.9', 'slug': '1-21-9', 'apiVersion': None}
[2026, 9, 25, 18, 24, 12] ;;; curseforge; {'id': 13933, 'gameVersionTypeID': 1, 'name': '1.21.9', 'slug': '1-21-9', 'apiVersion': ''}
[2026, 9, 25, 18, 24, 12] ;;; curseforge; {'id': 16125, 'gameVersionTypeID': 615, 'name': '1.21.9', 'slug': '1-21-9', 'apiVersion': ''}
[2026, 9, 25, 18, 24, 12] ;;; curseforge; {'id': 9638, 'gameVersionTypeID': 75208, 'name': 'Client', 'slug': 'client', 'apiVersion': ''}
[2026, 9, 25, 18, 24, 12] ;;; curseforge; {'id': 9639, 'gameVersionTypeID': 75208, 'name': 'Server', 'slug': 'server', 'apiVersion': ''}
[2026, 9, 25, 18, 24, 12] ;;; curseforge; {'id': 10150, 'gameVersionTypeID': 68441, 'name': 'NeoForge', 'slug': 'neoforge', 'apiVersion': ''}
[2026, 9, 25, 18, 24, 12] ;;; curseforge; {'id': 13964, 'gameVersionTypeID': 77784, 'name': '1.21.10', 'slug': '1-21-10', 'apiVersion': None}
[2026, 9, 25, 18, 24, 12] ;;; curseforge; {'id': 13966, 'gameVersionTypeID': 1, 'name': '1.21.10', 'slug': '1-21-10', 'apiVersion': ''}
[2026, 9, 25, 18, 24, 12] ;;; curseforge; {'id': 16126, 'gameVersionTypeID': 615, 'name': '1.21.10', 'slug': '1-21-10', 'apiVersion': ''}
[2026, 9, 25, 18, 24, 12] ;;; curseforge; {'id': 9638, 'gameVersionTypeID': 75208, 'name': 'Client', 'slug': 'client', 'apiVersion': ''}
[2026, 9, 25, 18, 24, 12] ;;; curseforge; {'id': 9639, 'gameVersionTypeID': 75208, 'name': 'Server', 'slug': 'server', 'apiVersion': ''}
[2026, 9, 25, 18, 24, 12] ;;; curseforge; {'id': 10150, 'gameVersionTypeID': 68441, 'name': 'NeoForge', 'slug': 'neoforge', 'apiVersion': ''}
[2026, 9, 25, 18, 24, 12] ;;; curseforge; {'id': 14406, 'gameVersionTypeID': 77784, 'name': '1.21.11', 'slug': '1-21-11', 'apiVersion': None}
[2026, 9, 25, 18, 24, 12] ;;; curseforge; {'id': 14417, 'gameVersionTypeID': 1, 'name': '1.21.11', 'slug': '1-21-11', 'apiVersion': ''}
[2026, 9, 25, 18, 24, 12] ;;; curseforge; {'id': 16127, 'gameVersionTypeID': 615, 'name': '1.21.11', 'slug': '1-21-11', 'apiVersion': ''}
[2026, 9, 25, 18, 24, 12] ;;; curseforge; {'file': ('desire_paths-neoforge-1.21.8_1.60.0.jar', <_io.BufferedReader name='.\\releases\\1.60.0\\desire_paths-neoforge-1.21.8_1.60.0.jar'>, 'application/jar'), 'metadata': (None, '{"changelog": "", "displayName": "desire_paths neoforge 1.21.8 1.60.0", "gameVersions": [9638, 9639, 10150, 13620, 13927, 13964, 14406], "gameVersionNames": ["Client", "Server", "NeoForge", "1.21.8", "1.21.9", "1.21.10", "1.21.11"], "releaseType": "release", "relations": {"projects": [{"slug": "gstools", "projectID": 1404020, "type": "requiredDependency"}]}}', 'application/json')}
[2026, 9, 25, 18, 24, 15] ;;; curseforge; Mod file uploaded successfully! Response: {'id': 8975388}
[2026, 9, 25, 18, 24, 15] ;;; curseforge; {'id': 9638, 'gameVersionTypeID': 75208, 'name': 'Client', 'slug': 'client', 'apiVersion': ''}
[2026, 9, 25, 18, 24, 15] ;;; curseforge; {'id': 9639, 'gameVersionTypeID': 75208, 'name': 'Server', 'slug': 'server', 'apiVersion': ''}
[2026, 9, 25, 18, 24, 15] ;;; curseforge; {'id': 10150, 'gameVersionTypeID': 68441, 'name': 'NeoForge', 'slug': 'neoforge', 'apiVersion': ''}
[2026, 9, 25, 18, 24, 15] ;;; curseforge; {'id': 13620, 'gameVersionTypeID': 77784, 'name': '1.21.8', 'slug': '1-21-8', 'apiVersion': None}
[2026, 9, 25, 18, 24, 15] ;;; curseforge; {'id': 13683, 'gameVersionTypeID': 1, 'name': '1.21.8', 'slug': '1-21-8', 'apiVersion': ''}
[2026, 9, 25, 18, 24, 15] ;;; curseforge; {'id': 16124, 'gameVersionTypeID': 615, 'name': '1.21.8', 'slug': '1-21-8', 'apiVersion': ''}
[2026, 9, 25, 18, 24, 15] ;;; curseforge; {'id': 9638, 'gameVersionTypeID': 75208, 'name': 'Client', 'slug': 'client', 'apiVersion': ''}
[2026, 9, 25, 18, 24, 15] ;;; curseforge; {'id': 9639, 'gameVersionTypeID': 75208, 'name': 'Server', 'slug': 'server', 'apiVersion': ''}
[2026, 9, 25, 18, 24, 15] ;;; curseforge; {'id': 10150, 'gameVersionTypeID': 68441, 'name': 'NeoForge', 'slug': 'neoforge', 'apiVersion': ''}
[2026, 9, 25, 18, 24, 15] ;;; curseforge; {'id': 13927, 'gameVersionTypeID': 77784, 'name': '1.21.9', 'slug': '1-21-9', 'apiVersion': None}
[2026, 9, 25, 18, 24, 15] ;;; curseforge; {'id': 13933, 'gameVersionTypeID': 1, 'name': '1.21.9', 'slug': '1-21-9', 'apiVersion': ''}
[2026, 9, 25, 18, 24, 15] ;;; curseforge; {'id': 16125, 'gameVersionTypeID': 615, 'name': '1.21.9', 'slug': '1-21-9', 'apiVersion': ''}
[2026, 9, 25, 18, 24, 15] ;;; curseforge; {'id': 9638, 'gameVersionTypeID': 75208, 'name': 'Client', 'slug': 'client', 'apiVersion': ''}
[2026, 9, 25, 18, 24, 15] ;;; curseforge; {'id': 9639, 'gameVersionTypeID': 75208, 'name': 'Server', 'slug': 'server', 'apiVersion': ''}
[2026, 9, 25, 18, 24, 15] ;;; curseforge; {'id': 10150, 'gameVersionTypeID': 68441, 'name': 'NeoForge', 'slug': 'neoforge', 'apiVersion': ''}
[2026, 9, 25, 18, 24, 15] ;;; curseforge; {'id': 13964, 'gameVersionTypeID': 77784, 'name': '1.21.10', 'slug': '1-21-10', 'apiVersion': None}
[2026, 9, 25, 18, 24, 15] ;;; curseforge; {'id': 13966, 'gameVersionTypeID': 1, 'name': '1.21.10', 'slug': '1-21-10', 'apiVersion': ''}
[2026, 9, 25, 18, 24, 15] ;;; curseforge; {'id': 16126, 'gameVersionTypeID': 615, 'name': '1.21.10', 'slug': '1-21-10', 'apiVersion': ''}
[2026, 9, 25, 18, 24, 15] ;;; curseforge; {'id': 9638, 'gameVersionTypeID': 75208, 'name': 'Client', 'slug': 'client', 'apiVersion': ''}
[2026, 9, 25, 18, 24, 15] ;;; curseforge; {'id': 9639, 'gameVersionTypeID': 75208, 'name': 'Server', 'slug': 'server', 'apiVersion': ''}
[2026, 9, 25, 18, 24, 15] ;;; curseforge; {'id': 10150, 'gameVersionTypeID': 68441, 'name': 'NeoForge', 'slug': 'neoforge', 'apiVersion': ''}
[2026, 9, 25, 18, 24, 15] ;;; curseforge; {'id': 14406, 'gameVersionTypeID': 77784, 'name': '1.21.11', 'slug': '1-21-11', 'apiVersion': None}
[2026, 9, 25, 18, 24, 15] ;;; curseforge; {'id': 14417, 'gameVersionTypeID': 1, 'name': '1.21.11', 'slug': '1-21-11', 'apiVersion': ''}
[2026, 9, 25, 18, 24, 15] ;;; curseforge; {'id': 16127, 'gameVersionTypeID': 615, 'name': '1.21.11', 'slug': '1-21-11', 'apiVersion': ''}
[2026, 9, 25, 18, 24, 19] ;;; curseforge; {'id': 9638, 'gameVersionTypeID': 75208, 'name': 'Client', 'slug': 'client', 'apiVersion': ''}
[2026, 9, 25, 18, 24, 19] ;;; curseforge; {'id': 9639, 'gameVersionTypeID': 75208, 'name': 'Server', 'slug': 'server', 'apiVersion': ''}
[2026, 9, 25, 18, 24, 19] ;;; curseforge; {'id': 10150, 'gameVersionTypeID': 68441, 'name': 'NeoForge', 'slug': 'neoforge', 'apiVersion': ''}
[2026, 9, 25, 18, 24, 19] ;;; curseforge; {'id': 15933, 'gameVersionTypeID': 83806, 'name': '26.1', 'slug': '26-1', 'apiVersion': None}
[2026, 9, 25, 18, 24, 19] ;;; curseforge; {'id': 16083, 'gameVersionTypeID': 1, 'name': '26.1', 'slug': '26-1', 'apiVersion': ''}
[2026, 9, 25, 18, 24, 19] ;;; curseforge; {'id': 16128, 'gameVersionTypeID': 615, 'name': '26.1', 'slug': '26-1', 'apiVersion': ''}
[2026, 9, 25, 18, 24, 19] ;;; curseforge; {'id': 9638, 'gameVersionTypeID': 75208, 'name': 'Client', 'slug': 'client', 'apiVersion': ''}
[2026, 9, 25, 18, 24, 19] ;;; curseforge; {'id': 9639, 'gameVersionTypeID': 75208, 'name': 'Server', 'slug': 'server', 'apiVersion': ''}
[2026, 9, 25, 18, 24, 19] ;;; curseforge; {'id': 10150, 'gameVersionTypeID': 68441, 'name': 'NeoForge', 'slug': 'neoforge', 'apiVersion': ''}
[2026, 9, 25, 18, 24, 19] ;;; curseforge; {'id': 16021, 'gameVersionTypeID': 83806, 'name': '26.1.1', 'slug': '26-1-1', 'apiVersion': None}
[2026, 9, 25, 18, 24, 19] ;;; curseforge; {'id': 16084, 'gameVersionTypeID': 1, 'name': '26.1.1', 'slug': '26-1-1', 'apiVersion': ''}
[2026, 9, 25, 18, 24, 19] ;;; curseforge; {'id': 16129, 'gameVersionTypeID': 615, 'name': '26.1.1', 'slug': '26-1-1', 'apiVersion': ''}
[2026, 9, 25, 18, 24, 19] ;;; curseforge; {'id': 9638, 'gameVersionTypeID': 75208, 'name': 'Client', 'slug': 'client', 'apiVersion': ''}
[2026, 9, 25, 18, 24, 19] ;;; curseforge; {'id': 9639, 'gameVersionTypeID': 75208, 'name': 'Server', 'slug': 'server', 'apiVersion': ''}
[2026, 9, 25, 18, 24, 19] ;;; curseforge; {'id': 10150, 'gameVersionTypeID': 68441, 'name': 'NeoForge', 'slug': 'neoforge', 'apiVersion': ''}
[2026, 9, 25, 18, 24, 19] ;;; curseforge; {'id': 16082, 'gameVersionTypeID': 83806, 'name': '26.1.2', 'slug': '26-1-2', 'apiVersion': None}
[2026, 9, 25, 18, 24, 19] ;;; curseforge; {'id': 16085, 'gameVersionTypeID': 1, 'name': '26.1.2', 'slug': '26-1-2', 'apiVersion': ''}
[2026, 9, 25, 18, 24, 19] ;;; curseforge; {'id': 16130, 'gameVersionTypeID': 615, 'name': '26.1.2', 'slug': '26-1-2', 'apiVersion': ''}
[2026, 9, 25, 18, 24, 19] ;;; curseforge; {'file': ('desire_paths-neoforge-26.1_1.60.0.jar', <_io.BufferedReader name='.\\releases\\1.60.0\\desire_paths-neoforge-26.1_1.60.0.jar'>, 'application/jar'), 'metadata': (None, '{"changelog": "", "displayName": "desire_paths neoforge 26.1 1.60.0", "gameVersions": [9638, 9639, 10150, 15933, 16021, 16082], "gameVersionNames": ["Client", "Server", "NeoForge", "26.1", "26.1.1", "26.1.2"], "releaseType": "release", "relations": {"projects": [{"slug": "gstools", "projectID": 1404020, "type": "requiredDependency"}]}}', 'application/json')}
[2026, 9, 25, 18, 24, 21] ;;; curseforge; Mod file uploaded successfully! Response: {'id': 8975389}
[2026, 9, 25, 18, 24, 21] ;;; curseforge; {'id': 9638, 'gameVersionTypeID': 75208, 'name': 'Client', 'slug': 'client', 'apiVersion': ''}
[2026, 9, 25, 18, 24, 21] ;;; curseforge; {'id': 9639, 'gameVersionTypeID': 75208, 'name': 'Server', 'slug': 'server', 'apiVersion': ''}
[2026, 9, 25, 18, 24, 21] ;;; curseforge; {'id': 10150, 'gameVersionTypeID': 68441, 'name': 'NeoForge', 'slug': 'neoforge', 'apiVersion': ''}
[2026, 9, 25, 18, 24, 21] ;;; curseforge; {'id': 15933, 'gameVersionTypeID': 83806, 'name': '26.1', 'slug': '26-1', 'apiVersion': None}
[2026, 9, 25, 18, 24, 21] ;;; curseforge; {'id': 16083, 'gameVersionTypeID': 1, 'name': '26.1', 'slug': '26-1', 'apiVersion': ''}
[2026, 9, 25, 18, 24, 21] ;;; curseforge; {'id': 16128, 'gameVersionTypeID': 615, 'name': '26.1', 'slug': '26-1', 'apiVersion': ''}
[2026, 9, 25, 18, 24, 21] ;;; curseforge; {'id': 9638, 'gameVersionTypeID': 75208, 'name': 'Client', 'slug': 'client', 'apiVersion': ''}
[2026, 9, 25, 18, 24, 21] ;;; curseforge; {'id': 9639, 'gameVersionTypeID': 75208, 'name': 'Server', 'slug': 'server', 'apiVersion': ''}
[2026, 9, 25, 18, 24, 21] ;;; curseforge; {'id': 10150, 'gameVersionTypeID': 68441, 'name': 'NeoForge', 'slug': 'neoforge', 'apiVersion': ''}
[2026, 9, 25, 18, 24, 21] ;;; curseforge; {'id': 16021, 'gameVersionTypeID': 83806, 'name': '26.1.1', 'slug': '26-1-1', 'apiVersion': None}
[2026, 9, 25, 18, 24, 21] ;;; curseforge; {'id': 16084, 'gameVersionTypeID': 1, 'name': '26.1.1', 'slug': '26-1-1', 'apiVersion': ''}
[2026, 9, 25, 18, 24, 21] ;;; curseforge; {'id': 16129, 'gameVersionTypeID': 615, 'name': '26.1.1', 'slug': '26-1-1', 'apiVersion': ''}
[2026, 9, 25, 18, 24, 21] ;;; curseforge; {'id': 9638, 'gameVersionTypeID': 75208, 'name': 'Client', 'slug': 'client', 'apiVersion': ''}
[2026, 9, 25, 18, 24, 21] ;;; curseforge; {'id': 9639, 'gameVersionTypeID': 75208, 'name': 'Server', 'slug': 'server', 'apiVersion': ''}
[2026, 9, 25, 18, 24, 21] ;;; curseforge; {'id': 10150, 'gameVersionTypeID': 68441, 'name': 'NeoForge', 'slug': 'neoforge', 'apiVersion': ''}
[2026, 9, 25, 18, 24, 21] ;;; curseforge; {'id': 16082, 'gameVersionTypeID': 83806, 'name': '26.1.2', 'slug': '26-1-2', 'apiVersion': None}
[2026, 9, 25, 18, 24, 21] ;;; curseforge; {'id': 16085, 'gameVersionTypeID': 1, 'name': '26.1.2', 'slug': '26-1-2', 'apiVersion': ''}
[2026, 9, 25, 18, 24, 21] ;;; curseforge; {'id': 16130, 'gameVersionTypeID': 615, 'name': '26.1.2', 'slug': '26-1-2', 'apiVersion': ''}
[2026, 9, 25, 18, 24, 26] ;;; curseforge; {'id': 9638, 'gameVersionTypeID': 75208, 'name': 'Client', 'slug': 'client', 'apiVersion': ''}
[2026, 9, 25, 18, 24, 26] ;;; curseforge; {'id': 9639, 'gameVersionTypeID': 75208, 'name': 'Server', 'slug': 'server', 'apiVersion': ''}
[2026, 9, 25, 18, 24, 26] ;;; curseforge; {'id': 10150, 'gameVersionTypeID': 68441, 'name': 'NeoForge', 'slug': 'neoforge', 'apiVersion': ''}
[2026, 9, 25, 18, 24, 26] ;;; curseforge; {'id': 16498, 'gameVersionTypeID': 86297, 'name': '26.2', 'slug': '26-2', 'apiVersion': None}
[2026, 9, 25, 18, 24, 26] ;;; curseforge; {'id': 16500, 'gameVersionTypeID': 1, 'name': '26.2', 'slug': '26-2', 'apiVersion': ''}
[2026, 9, 25, 18, 24, 26] ;;; curseforge; {'file': ('desire_paths-neoforge-26.2_1.60.0.jar', <_io.BufferedReader name='.\\releases\\1.60.0\\desire_paths-neoforge-26.2_1.60.0.jar'>, 'application/jar'), 'metadata': (None, '{"changelog": "", "displayName": "desire_paths neoforge 26.2 1.60.0", "gameVersions": [9638, 9639, 10150, 16498], "gameVersionNames": ["Client", "Server", "NeoForge", "26.2"], "releaseType": "release", "relations": {"projects": [{"slug": "gstools", "projectID": 1404020, "type": "requiredDependency"}]}}', 'application/json')}
[2026, 9, 25, 18, 24, 27] ;;; curseforge; Mod file uploaded successfully! Response: {'id': 8975391}
[2026, 9, 25, 18, 24, 27] ;;; curseforge; {'id': 9638, 'gameVersionTypeID': 75208, 'name': 'Client', 'slug': 'client', 'apiVersion': ''}
[2026, 9, 25, 18, 24, 27] ;;; curseforge; {'id': 9639, 'gameVersionTypeID': 75208, 'name': 'Server', 'slug': 'server', 'apiVersion': ''}
[2026, 9, 25, 18, 24, 27] ;;; curseforge; {'id': 10150, 'gameVersionTypeID': 68441, 'name': 'NeoForge', 'slug': 'neoforge', 'apiVersion': ''}
[2026, 9, 25, 18, 24, 27] ;;; curseforge; {'id': 16498, 'gameVersionTypeID': 86297, 'name': '26.2', 'slug': '26-2', 'apiVersion': None}
[2026, 9, 25, 18, 24, 27] ;;; curseforge; {'id': 16500, 'gameVersionTypeID': 1, 'name': '26.2', 'slug': '26-2', 'apiVersion': ''}
[2026, 9, 25, 18, 24, 30] ;;; curseforge; {'id': 7499, 'gameVersionTypeID': 68441, 'name': 'Fabric', 'slug': 'fabric', 'apiVersion': ''}
[2026, 9, 25, 18, 24, 30] ;;; curseforge; {'id': 9638, 'gameVersionTypeID': 75208, 'name': 'Client', 'slug': 'client', 'apiVersion': ''}
[2026, 9, 25, 18, 24, 30] ;;; curseforge; {'id': 9639, 'gameVersionTypeID': 75208, 'name': 'Server', 'slug': 'server', 'apiVersion': ''}
[2026, 9, 25, 18, 24, 30] ;;; curseforge; {'id': 13927, 'gameVersionTypeID': 77784, 'name': '1.21.9', 'slug': '1-21-9', 'apiVersion': None}
[2026, 9, 25, 18, 24, 30] ;;; curseforge; {'id': 13933, 'gameVersionTypeID': 1, 'name': '1.21.9', 'slug': '1-21-9', 'apiVersion': ''}
[2026, 9, 25, 18, 24, 30] ;;; curseforge; {'id': 16125, 'gameVersionTypeID': 615, 'name': '1.21.9', 'slug': '1-21-9', 'apiVersion': ''}
[2026, 9, 25, 18, 24, 30] ;;; curseforge; {'id': 7499, 'gameVersionTypeID': 68441, 'name': 'Fabric', 'slug': 'fabric', 'apiVersion': ''}
[2026, 9, 25, 18, 24, 30] ;;; curseforge; {'id': 9638, 'gameVersionTypeID': 75208, 'name': 'Client', 'slug': 'client', 'apiVersion': ''}
[2026, 9, 25, 18, 24, 30] ;;; curseforge; {'id': 9639, 'gameVersionTypeID': 75208, 'name': 'Server', 'slug': 'server', 'apiVersion': ''}
[2026, 9, 25, 18, 24, 30] ;;; curseforge; {'id': 13964, 'gameVersionTypeID': 77784, 'name': '1.21.10', 'slug': '1-21-10', 'apiVersion': None}
[2026, 9, 25, 18, 24, 30] ;;; curseforge; {'id': 13966, 'gameVersionTypeID': 1, 'name': '1.21.10', 'slug': '1-21-10', 'apiVersion': ''}
[2026, 9, 25, 18, 24, 30] ;;; curseforge; {'id': 16126, 'gameVersionTypeID': 615, 'name': '1.21.10', 'slug': '1-21-10', 'apiVersion': ''}
[2026, 9, 25, 18, 24, 30] ;;; curseforge; {'id': 7499, 'gameVersionTypeID': 68441, 'name': 'Fabric', 'slug': 'fabric', 'apiVersion': ''}
[2026, 9, 25, 18, 24, 30] ;;; curseforge; {'id': 9638, 'gameVersionTypeID': 75208, 'name': 'Client', 'slug': 'client', 'apiVersion': ''}
[2026, 9, 25, 18, 24, 30] ;;; curseforge; {'id': 9639, 'gameVersionTypeID': 75208, 'name': 'Server', 'slug': 'server', 'apiVersion': ''}
[2026, 9, 25, 18, 24, 30] ;;; curseforge; {'id': 14406, 'gameVersionTypeID': 77784, 'name': '1.21.11', 'slug': '1-21-11', 'apiVersion': None}
[2026, 9, 25, 18, 24, 30] ;;; curseforge; {'id': 14417, 'gameVersionTypeID': 1, 'name': '1.21.11', 'slug': '1-21-11', 'apiVersion': ''}
[2026, 9, 25, 18, 24, 30] ;;; curseforge; {'id': 16127, 'gameVersionTypeID': 615, 'name': '1.21.11', 'slug': '1-21-11', 'apiVersion': ''}
[2026, 9, 25, 18, 24, 30] ;;; curseforge; {'file': ('dynamic_dirt-fabric-1.21.9_1.60.0.jar', <_io.BufferedReader name='.\\releases\\1.60.0\\dynamic_dirt-fabric-1.21.9_1.60.0.jar'>, 'application/jar'), 'metadata': (None, '{"changelog": "", "displayName": "dynamic_dirt fabric 1.21.9 1.60.0", "gameVersions": [7499, 9638, 9639, 13927, 13964, 14406], "gameVersionNames": ["Fabric", "Client", "Server", "1.21.9", "1.21.10", "1.21.11"], "releaseType": "release", "relations": {"projects": [{"slug": "gstools", "projectID": 1404020, "type": "requiredDependency"}]}}', 'application/json')}
[2026, 9, 25, 18, 24, 32] ;;; curseforge; Mod file uploaded successfully! Response: {'id': 8975392}
[2026, 9, 25, 18, 24, 32] ;;; curseforge; {'id': 7499, 'gameVersionTypeID': 68441, 'name': 'Fabric', 'slug': 'fabric', 'apiVersion': ''}
[2026, 9, 25, 18, 24, 32] ;;; curseforge; {'id': 9638, 'gameVersionTypeID': 75208, 'name': 'Client', 'slug': 'client', 'apiVersion': ''}
[2026, 9, 25, 18, 24, 32] ;;; curseforge; {'id': 9639, 'gameVersionTypeID': 75208, 'name': 'Server', 'slug': 'server', 'apiVersion': ''}
[2026, 9, 25, 18, 24, 32] ;;; curseforge; {'id': 13927, 'gameVersionTypeID': 77784, 'name': '1.21.9', 'slug': '1-21-9', 'apiVersion': None}
[2026, 9, 25, 18, 24, 32] ;;; curseforge; {'id': 13933, 'gameVersionTypeID': 1, 'name': '1.21.9', 'slug': '1-21-9', 'apiVersion': ''}
[2026, 9, 25, 18, 24, 32] ;;; curseforge; {'id': 16125, 'gameVersionTypeID': 615, 'name': '1.21.9', 'slug': '1-21-9', 'apiVersion': ''}
[2026, 9, 25, 18, 24, 32] ;;; curseforge; {'id': 7499, 'gameVersionTypeID': 68441, 'name': 'Fabric', 'slug': 'fabric', 'apiVersion': ''}
[2026, 9, 25, 18, 24, 32] ;;; curseforge; {'id': 9638, 'gameVersionTypeID': 75208, 'name': 'Client', 'slug': 'client', 'apiVersion': ''}
[2026, 9, 25, 18, 24, 32] ;;; curseforge; {'id': 9639, 'gameVersionTypeID': 75208, 'name': 'Server', 'slug': 'server', 'apiVersion': ''}
[2026, 9, 25, 18, 24, 32] ;;; curseforge; {'id': 13964, 'gameVersionTypeID': 77784, 'name': '1.21.10', 'slug': '1-21-10', 'apiVersion': None}
[2026, 9, 25, 18, 24, 32] ;;; curseforge; {'id': 13966, 'gameVersionTypeID': 1, 'name': '1.21.10', 'slug': '1-21-10', 'apiVersion': ''}
[2026, 9, 25, 18, 24, 32] ;;; curseforge; {'id': 16126, 'gameVersionTypeID': 615, 'name': '1.21.10', 'slug': '1-21-10', 'apiVersion': ''}
[2026, 9, 25, 18, 24, 32] ;;; curseforge; {'id': 7499, 'gameVersionTypeID': 68441, 'name': 'Fabric', 'slug': 'fabric', 'apiVersion': ''}
[2026, 9, 25, 18, 24, 32] ;;; curseforge; {'id': 9638, 'gameVersionTypeID': 75208, 'name': 'Client', 'slug': 'client', 'apiVersion': ''}
[2026, 9, 25, 18, 24, 32] ;;; curseforge; {'id': 9639, 'gameVersionTypeID': 75208, 'name': 'Server', 'slug': 'server', 'apiVersion': ''}
[2026, 9, 25, 18, 24, 32] ;;; curseforge; {'id': 14406, 'gameVersionTypeID': 77784, 'name': '1.21.11', 'slug': '1-21-11', 'apiVersion': None}
[2026, 9, 25, 18, 24, 32] ;;; curseforge; {'id': 14417, 'gameVersionTypeID': 1, 'name': '1.21.11', 'slug': '1-21-11', 'apiVersion': ''}
[2026, 9, 25, 18, 24, 32] ;;; curseforge; {'id': 16127, 'gameVersionTypeID': 615, 'name': '1.21.11', 'slug': '1-21-11', 'apiVersion': ''}
[2026, 9, 25, 18, 24, 35] ;;; curseforge; {'id': 7499, 'gameVersionTypeID': 68441, 'name': 'Fabric', 'slug': 'fabric', 'apiVersion': ''}
[2026, 9, 25, 18, 24, 35] ;;; curseforge; {'id': 9638, 'gameVersionTypeID': 75208, 'name': 'Client', 'slug': 'client', 'apiVersion': ''}
[2026, 9, 25, 18, 24, 35] ;;; curseforge; {'id': 9639, 'gameVersionTypeID': 75208, 'name': 'Server', 'slug': 'server', 'apiVersion': ''}
[2026, 9, 25, 18, 24, 35] ;;; curseforge; {'id': 15933, 'gameVersionTypeID': 83806, 'name': '26.1', 'slug': '26-1', 'apiVersion': None}
[2026, 9, 25, 18, 24, 35] ;;; curseforge; {'id': 16083, 'gameVersionTypeID': 1, 'name': '26.1', 'slug': '26-1', 'apiVersion': ''}
[2026, 9, 25, 18, 24, 35] ;;; curseforge; {'id': 16128, 'gameVersionTypeID': 615, 'name': '26.1', 'slug': '26-1', 'apiVersion': ''}
[2026, 9, 25, 18, 24, 35] ;;; curseforge; {'id': 7499, 'gameVersionTypeID': 68441, 'name': 'Fabric', 'slug': 'fabric', 'apiVersion': ''}
[2026, 9, 25, 18, 24, 35] ;;; curseforge; {'id': 9638, 'gameVersionTypeID': 75208, 'name': 'Client', 'slug': 'client', 'apiVersion': ''}
[2026, 9, 25, 18, 24, 35] ;;; curseforge; {'id': 9639, 'gameVersionTypeID': 75208, 'name': 'Server', 'slug': 'server', 'apiVersion': ''}
[2026, 9, 25, 18, 24, 35] ;;; curseforge; {'id': 16021, 'gameVersionTypeID': 83806, 'name': '26.1.1', 'slug': '26-1-1', 'apiVersion': None}
[2026, 9, 25, 18, 24, 35] ;;; curseforge; {'id': 16084, 'gameVersionTypeID': 1, 'name': '26.1.1', 'slug': '26-1-1', 'apiVersion': ''}
[2026, 9, 25, 18, 24, 35] ;;; curseforge; {'id': 16129, 'gameVersionTypeID': 615, 'name': '26.1.1', 'slug': '26-1-1', 'apiVersion': ''}
[2026, 9, 25, 18, 24, 35] ;;; curseforge; {'id': 7499, 'gameVersionTypeID': 68441, 'name': 'Fabric', 'slug': 'fabric', 'apiVersion': ''}
[2026, 9, 25, 18, 24, 35] ;;; curseforge; {'id': 9638, 'gameVersionTypeID': 75208, 'name': 'Client', 'slug': 'client', 'apiVersion': ''}
[2026, 9, 25, 18, 24, 35] ;;; curseforge; {'id': 9639, 'gameVersionTypeID': 75208, 'name': 'Server', 'slug': 'server', 'apiVersion': ''}
[2026, 9, 25, 18, 24, 35] ;;; curseforge; {'id': 16082, 'gameVersionTypeID': 83806, 'name': '26.1.2', 'slug': '26-1-2', 'apiVersion': None}
[2026, 9, 25, 18, 24, 35] ;;; curseforge; {'id': 16085, 'gameVersionTypeID': 1, 'name': '26.1.2', 'slug': '26-1-2', 'apiVersion': ''}
[2026, 9, 25, 18, 24, 35] ;;; curseforge; {'id': 16130, 'gameVersionTypeID': 615, 'name': '26.1.2', 'slug': '26-1-2', 'apiVersion': ''}
[2026, 9, 25, 18, 24, 35] ;;; curseforge; {'file': ('dynamic_dirt-fabric-26.1_1.60.0.jar', <_io.BufferedReader name='.\\releases\\1.60.0\\dynamic_dirt-fabric-26.1_1.60.0.jar'>, 'application/jar'), 'metadata': (None, '{"changelog": "", "displayName": "dynamic_dirt fabric 26.1 1.60.0", "gameVersions": [7499, 9638, 9639, 15933, 16021, 16082], "gameVersionNames": ["Fabric", "Client", "Server", "26.1", "26.1.1", "26.1.2"], "releaseType": "release", "relations": {"projects": [{"slug": "gstools", "projectID": 1404020, "type": "requiredDependency"}]}}', 'application/json')}
[2026, 9, 25, 18, 24, 36] ;;; curseforge; Mod file uploaded successfully! Response: {'id': 8975393}
[2026, 9, 25, 18, 24, 37] ;;; curseforge; {'id': 7499, 'gameVersionTypeID': 68441, 'name': 'Fabric', 'slug': 'fabric', 'apiVersion': ''}
[2026, 9, 25, 18, 24, 37] ;;; curseforge; {'id': 9638, 'gameVersionTypeID': 75208, 'name': 'Client', 'slug': 'client', 'apiVersion': ''}
[2026, 9, 25, 18, 24, 37] ;;; curseforge; {'id': 9639, 'gameVersionTypeID': 75208, 'name': 'Server', 'slug': 'server', 'apiVersion': ''}
[2026, 9, 25, 18, 24, 37] ;;; curseforge; {'id': 15933, 'gameVersionTypeID': 83806, 'name': '26.1', 'slug': '26-1', 'apiVersion': None}
[2026, 9, 25, 18, 24, 37] ;;; curseforge; {'id': 16083, 'gameVersionTypeID': 1, 'name': '26.1', 'slug': '26-1', 'apiVersion': ''}
[2026, 9, 25, 18, 24, 37] ;;; curseforge; {'id': 16128, 'gameVersionTypeID': 615, 'name': '26.1', 'slug': '26-1', 'apiVersion': ''}
[2026, 9, 25, 18, 24, 37] ;;; curseforge; {'id': 7499, 'gameVersionTypeID': 68441, 'name': 'Fabric', 'slug': 'fabric', 'apiVersion': ''}
[2026, 9, 25, 18, 24, 37] ;;; curseforge; {'id': 9638, 'gameVersionTypeID': 75208, 'name': 'Client', 'slug': 'client', 'apiVersion': ''}
[2026, 9, 25, 18, 24, 37] ;;; curseforge; {'id': 9639, 'gameVersionTypeID': 75208, 'name': 'Server', 'slug': 'server', 'apiVersion': ''}
[2026, 9, 25, 18, 24, 37] ;;; curseforge; {'id': 16021, 'gameVersionTypeID': 83806, 'name': '26.1.1', 'slug': '26-1-1', 'apiVersion': None}
[2026, 9, 25, 18, 24, 37] ;;; curseforge; {'id': 16084, 'gameVersionTypeID': 1, 'name': '26.1.1', 'slug': '26-1-1', 'apiVersion': ''}
[2026, 9, 25, 18, 24, 37] ;;; curseforge; {'id': 16129, 'gameVersionTypeID': 615, 'name': '26.1.1', 'slug': '26-1-1', 'apiVersion': ''}
[2026, 9, 25, 18, 24, 37] ;;; curseforge; {'id': 7499, 'gameVersionTypeID': 68441, 'name': 'Fabric', 'slug': 'fabric', 'apiVersion': ''}
[2026, 9, 25, 18, 24, 37] ;;; curseforge; {'id': 9638, 'gameVersionTypeID': 75208, 'name': 'Client', 'slug': 'client', 'apiVersion': ''}
[2026, 9, 25, 18, 24, 37] ;;; curseforge; {'id': 9639, 'gameVersionTypeID': 75208, 'name': 'Server', 'slug': 'server', 'apiVersion': ''}
[2026, 9, 25, 18, 24, 37] ;;; curseforge; {'id': 16082, 'gameVersionTypeID': 83806, 'name': '26.1.2', 'slug': '26-1-2', 'apiVersion': None}
[2026, 9, 25, 18, 24, 37] ;;; curseforge; {'id': 16085, 'gameVersionTypeID': 1, 'name': '26.1.2', 'slug': '26-1-2', 'apiVersion': ''}
[2026, 9, 25, 18, 24, 37] ;;; curseforge; {'id': 16130, 'gameVersionTypeID': 615, 'name': '26.1.2', 'slug': '26-1-2', 'apiVersion': ''}
[2026, 9, 25, 18, 24, 40] ;;; curseforge; {'id': 7499, 'gameVersionTypeID': 68441, 'name': 'Fabric', 'slug': 'fabric', 'apiVersion': ''}
[2026, 9, 25, 18, 24, 40] ;;; curseforge; {'id': 9638, 'gameVersionTypeID': 75208, 'name': 'Client', 'slug': 'client', 'apiVersion': ''}
[2026, 9, 25, 18, 24, 40] ;;; curseforge; {'id': 9639, 'gameVersionTypeID': 75208, 'name': 'Server', 'slug': 'server', 'apiVersion': ''}
[2026, 9, 25, 18, 24, 40] ;;; curseforge; {'id': 16498, 'gameVersionTypeID': 86297, 'name': '26.2', 'slug': '26-2', 'apiVersion': None}
[2026, 9, 25, 18, 24, 40] ;;; curseforge; {'id': 16500, 'gameVersionTypeID': 1, 'name': '26.2', 'slug': '26-2', 'apiVersion': ''}
[2026, 9, 25, 18, 24, 40] ;;; curseforge; {'file': ('dynamic_dirt-fabric-26.2_1.60.0.jar', <_io.BufferedReader name='.\\releases\\1.60.0\\dynamic_dirt-fabric-26.2_1.60.0.jar'>, 'application/jar'), 'metadata': (None, '{"changelog": "", "displayName": "dynamic_dirt fabric 26.2 1.60.0", "gameVersions": [7499, 9638, 9639, 16498], "gameVersionNames": ["Fabric", "Client", "Server", "26.2"], "releaseType": "release", "relations": {"projects": [{"slug": "gstools", "projectID": 1404020, "type": "requiredDependency"}]}}', 'application/json')}
[2026, 9, 25, 18, 24, 41] ;;; curseforge; Mod file uploaded successfully! Response: {'id': 8975394}
[2026, 9, 25, 18, 24, 42] ;;; curseforge; {'id': 7499, 'gameVersionTypeID': 68441, 'name': 'Fabric', 'slug': 'fabric', 'apiVersion': ''}
[2026, 9, 25, 18, 24, 42] ;;; curseforge; {'id': 9638, 'gameVersionTypeID': 75208, 'name': 'Client', 'slug': 'client', 'apiVersion': ''}
[2026, 9, 25, 18, 24, 42] ;;; curseforge; {'id': 9639, 'gameVersionTypeID': 75208, 'name': 'Server', 'slug': 'server', 'apiVersion': ''}
[2026, 9, 25, 18, 24, 42] ;;; curseforge; {'id': 16498, 'gameVersionTypeID': 86297, 'name': '26.2', 'slug': '26-2', 'apiVersion': None}
[2026, 9, 25, 18, 24, 42] ;;; curseforge; {'id': 16500, 'gameVersionTypeID': 1, 'name': '26.2', 'slug': '26-2', 'apiVersion': ''}
[2026, 9, 25, 18, 24, 44] ;;; curseforge; {'id': 7498, 'gameVersionTypeID': 68441, 'name': 'Forge', 'slug': 'forge', 'apiVersion': ''}
[2026, 9, 25, 18, 24, 44] ;;; curseforge; {'id': 9638, 'gameVersionTypeID': 75208, 'name': 'Client', 'slug': 'client', 'apiVersion': ''}
[2026, 9, 25, 18, 24, 44] ;;; curseforge; {'id': 9639, 'gameVersionTypeID': 75208, 'name': 'Server', 'slug': 'server', 'apiVersion': ''}
[2026, 9, 25, 18, 24, 44] ;;; curseforge; {'id': 9776, 'gameVersionTypeID': 73407, 'name': '1.19.4', 'slug': '1-19-4', 'apiVersion': ''}
[2026, 9, 25, 18, 24, 44] ;;; curseforge; {'id': 9792, 'gameVersionTypeID': 615, 'name': '1.19.4', 'slug': '1-19-4', 'apiVersion': ''}
[2026, 9, 25, 18, 24, 44] ;;; curseforge; {'id': 9973, 'gameVersionTypeID': 1, 'name': '1.19.4', 'slug': '1-19-4', 'apiVersion': ''}
[2026, 9, 25, 18, 24, 44] ;;; curseforge; {'file': ('dynamic_dirt-forge-1.19.4_1.60.0.jar', <_io.BufferedReader name='.\\releases\\1.60.0\\dynamic_dirt-forge-1.19.4_1.60.0.jar'>, 'application/jar'), 'metadata': (None, '{"changelog": "", "displayName": "dynamic_dirt forge 1.19.4 1.60.0", "gameVersions": [7498, 9638, 9639, 9776], "gameVersionNames": ["Forge", "Client", "Server", "1.19.4"], "releaseType": "release", "relations": {"projects": [{"slug": "gstools", "projectID": 1404020, "type": "requiredDependency"}]}}', 'application/json')}
[2026, 9, 25, 18, 24, 46] ;;; curseforge; Mod file uploaded successfully! Response: {'id': 8975396}
[2026, 9, 25, 18, 24, 46] ;;; curseforge; {'id': 7498, 'gameVersionTypeID': 68441, 'name': 'Forge', 'slug': 'forge', 'apiVersion': ''}
[2026, 9, 25, 18, 24, 46] ;;; curseforge; {'id': 9638, 'gameVersionTypeID': 75208, 'name': 'Client', 'slug': 'client', 'apiVersion': ''}
[2026, 9, 25, 18, 24, 46] ;;; curseforge; {'id': 9639, 'gameVersionTypeID': 75208, 'name': 'Server', 'slug': 'server', 'apiVersion': ''}
[2026, 9, 25, 18, 24, 46] ;;; curseforge; {'id': 9776, 'gameVersionTypeID': 73407, 'name': '1.19.4', 'slug': '1-19-4', 'apiVersion': ''}
[2026, 9, 25, 18, 24, 46] ;;; curseforge; {'id': 9792, 'gameVersionTypeID': 615, 'name': '1.19.4', 'slug': '1-19-4', 'apiVersion': ''}
[2026, 9, 25, 18, 24, 46] ;;; curseforge; {'id': 9973, 'gameVersionTypeID': 1, 'name': '1.19.4', 'slug': '1-19-4', 'apiVersion': ''}
[2026, 9, 25, 18, 24, 49] ;;; curseforge; {'id': 7498, 'gameVersionTypeID': 68441, 'name': 'Forge', 'slug': 'forge', 'apiVersion': ''}
[2026, 9, 25, 18, 24, 49] ;;; curseforge; {'id': 9638, 'gameVersionTypeID': 75208, 'name': 'Client', 'slug': 'client', 'apiVersion': ''}
[2026, 9, 25, 18, 24, 49] ;;; curseforge; {'id': 9639, 'gameVersionTypeID': 75208, 'name': 'Server', 'slug': 'server', 'apiVersion': ''}
[2026, 9, 25, 18, 24, 49] ;;; curseforge; {'id': 9990, 'gameVersionTypeID': 75125, 'name': '1.20.1', 'slug': '1-20-1', 'apiVersion': None}
[2026, 9, 25, 18, 24, 49] ;;; curseforge; {'id': 9993, 'gameVersionTypeID': 615, 'name': '1.20.1', 'slug': '1-20-1', 'apiVersion': ''}
[2026, 9, 25, 18, 24, 49] ;;; curseforge; {'id': 9994, 'gameVersionTypeID': 1, 'name': '1.20.1', 'slug': '1-20-1', 'apiVersion': ''}
[2026, 9, 25, 18, 24, 49] ;;; curseforge; {'file': ('dynamic_dirt-forge-1.20.1_1.60.0.jar', <_io.BufferedReader name='.\\releases\\1.60.0\\dynamic_dirt-forge-1.20.1_1.60.0.jar'>, 'application/jar'), 'metadata': (None, '{"changelog": "", "displayName": "dynamic_dirt forge 1.20.1 1.60.0", "gameVersions": [7498, 9638, 9639, 9990], "gameVersionNames": ["Forge", "Client", "Server", "1.20.1"], "releaseType": "release", "relations": {"projects": [{"slug": "gstools", "projectID": 1404020, "type": "requiredDependency"}]}}', 'application/json')}
[2026, 9, 25, 18, 24, 50] ;;; curseforge; Mod file uploaded successfully! Response: {'id': 8975397}
[2026, 9, 25, 18, 24, 51] ;;; curseforge; {'id': 7498, 'gameVersionTypeID': 68441, 'name': 'Forge', 'slug': 'forge', 'apiVersion': ''}
[2026, 9, 25, 18, 24, 51] ;;; curseforge; {'id': 9638, 'gameVersionTypeID': 75208, 'name': 'Client', 'slug': 'client', 'apiVersion': ''}
[2026, 9, 25, 18, 24, 51] ;;; curseforge; {'id': 9639, 'gameVersionTypeID': 75208, 'name': 'Server', 'slug': 'server', 'apiVersion': ''}
[2026, 9, 25, 18, 24, 51] ;;; curseforge; {'id': 9990, 'gameVersionTypeID': 75125, 'name': '1.20.1', 'slug': '1-20-1', 'apiVersion': None}
[2026, 9, 25, 18, 24, 51] ;;; curseforge; {'id': 9993, 'gameVersionTypeID': 615, 'name': '1.20.1', 'slug': '1-20-1', 'apiVersion': ''}
[2026, 9, 25, 18, 24, 51] ;;; curseforge; {'id': 9994, 'gameVersionTypeID': 1, 'name': '1.20.1', 'slug': '1-20-1', 'apiVersion': ''}
[2026, 9, 25, 18, 24, 54] ;;; curseforge; {'id': 9638, 'gameVersionTypeID': 75208, 'name': 'Client', 'slug': 'client', 'apiVersion': ''}
[2026, 9, 25, 18, 24, 54] ;;; curseforge; {'id': 9639, 'gameVersionTypeID': 75208, 'name': 'Server', 'slug': 'server', 'apiVersion': ''}
[2026, 9, 25, 18, 24, 54] ;;; curseforge; {'id': 10150, 'gameVersionTypeID': 68441, 'name': 'NeoForge', 'slug': 'neoforge', 'apiVersion': ''}
[2026, 9, 25, 18, 24, 54] ;;; curseforge; {'id': 10407, 'gameVersionTypeID': 75125, 'name': '1.20.4', 'slug': '1-20-4', 'apiVersion': None}
[2026, 9, 25, 18, 24, 54] ;;; curseforge; {'id': 10742, 'gameVersionTypeID': 1, 'name': '1.20.4', 'slug': '1-20-4', 'apiVersion': ''}
[2026, 9, 25, 18, 24, 54] ;;; curseforge; {'id': 10866, 'gameVersionTypeID': 615, 'name': '1.20.4', 'slug': '1-20-4', 'apiVersion': ''}
[2026, 9, 25, 18, 24, 54] ;;; curseforge; {'file': ('dynamic_dirt-neoforge-1.20.4_1.60.0.jar', <_io.BufferedReader name='.\\releases\\1.60.0\\dynamic_dirt-neoforge-1.20.4_1.60.0.jar'>, 'application/jar'), 'metadata': (None, '{"changelog": "", "displayName": "dynamic_dirt neoforge 1.20.4 1.60.0", "gameVersions": [9638, 9639, 10150, 10407], "gameVersionNames": ["Client", "Server", "NeoForge", "1.20.4"], "releaseType": "release", "relations": {"projects": [{"slug": "gstools", "projectID": 1404020, "type": "requiredDependency"}]}}', 'application/json')}
[2026, 9, 25, 18, 24, 55] ;;; curseforge; Mod file uploaded successfully! Response: {'id': 8975398}
[2026, 9, 25, 18, 24, 55] ;;; curseforge; {'id': 9638, 'gameVersionTypeID': 75208, 'name': 'Client', 'slug': 'client', 'apiVersion': ''}
[2026, 9, 25, 18, 24, 55] ;;; curseforge; {'id': 9639, 'gameVersionTypeID': 75208, 'name': 'Server', 'slug': 'server', 'apiVersion': ''}
[2026, 9, 25, 18, 24, 55] ;;; curseforge; {'id': 10150, 'gameVersionTypeID': 68441, 'name': 'NeoForge', 'slug': 'neoforge', 'apiVersion': ''}
[2026, 9, 25, 18, 24, 55] ;;; curseforge; {'id': 10407, 'gameVersionTypeID': 75125, 'name': '1.20.4', 'slug': '1-20-4', 'apiVersion': None}
[2026, 9, 25, 18, 24, 55] ;;; curseforge; {'id': 10742, 'gameVersionTypeID': 1, 'name': '1.20.4', 'slug': '1-20-4', 'apiVersion': ''}
[2026, 9, 25, 18, 24, 55] ;;; curseforge; {'id': 10866, 'gameVersionTypeID': 615, 'name': '1.20.4', 'slug': '1-20-4', 'apiVersion': ''}
[2026, 9, 25, 18, 24, 58] ;;; curseforge; {'id': 9638, 'gameVersionTypeID': 75208, 'name': 'Client', 'slug': 'client', 'apiVersion': ''}
[2026, 9, 25, 18, 24, 58] ;;; curseforge; {'id': 9639, 'gameVersionTypeID': 75208, 'name': 'Server', 'slug': 'server', 'apiVersion': ''}
[2026, 9, 25, 18, 24, 58] ;;; curseforge; {'id': 10150, 'gameVersionTypeID': 68441, 'name': 'NeoForge', 'slug': 'neoforge', 'apiVersion': ''}
[2026, 9, 25, 18, 24, 58] ;;; curseforge; {'id': 11779, 'gameVersionTypeID': 77784, 'name': '1.21.1', 'slug': '1-21-1', 'apiVersion': None}
[2026, 9, 25, 18, 24, 58] ;;; curseforge; {'id': 12735, 'gameVersionTypeID': 1, 'name': '1.21.1', 'slug': '1-21-1', 'apiVersion': ''}
[2026, 9, 25, 18, 24, 58] ;;; curseforge; {'id': 16115, 'gameVersionTypeID': 615, 'name': '1.21.1', 'slug': '1-21-1', 'apiVersion': ''}
[2026, 9, 25, 18, 24, 58] ;;; curseforge; {'file': ('dynamic_dirt-neoforge-1.21.1_1.60.0.jar', <_io.BufferedReader name='.\\releases\\1.60.0\\dynamic_dirt-neoforge-1.21.1_1.60.0.jar'>, 'application/jar'), 'metadata': (None, '{"changelog": "", "displayName": "dynamic_dirt neoforge 1.21.1 1.60.0", "gameVersions": [9638, 9639, 10150, 11779], "gameVersionNames": ["Client", "Server", "NeoForge", "1.21.1"], "releaseType": "release", "relations": {"projects": [{"slug": "gstools", "projectID": 1404020, "type": "requiredDependency"}]}}', 'application/json')}
[2026, 9, 25, 18, 24, 59] ;;; curseforge; Mod file uploaded successfully! Response: {'id': 8975400}
[2026, 9, 25, 18, 24, 59] ;;; curseforge; {'id': 9638, 'gameVersionTypeID': 75208, 'name': 'Client', 'slug': 'client', 'apiVersion': ''}
[2026, 9, 25, 18, 24, 59] ;;; curseforge; {'id': 9639, 'gameVersionTypeID': 75208, 'name': 'Server', 'slug': 'server', 'apiVersion': ''}
[2026, 9, 25, 18, 24, 59] ;;; curseforge; {'id': 10150, 'gameVersionTypeID': 68441, 'name': 'NeoForge', 'slug': 'neoforge', 'apiVersion': ''}
[2026, 9, 25, 18, 24, 59] ;;; curseforge; {'id': 11779, 'gameVersionTypeID': 77784, 'name': '1.21.1', 'slug': '1-21-1', 'apiVersion': None}
[2026, 9, 25, 18, 24, 59] ;;; curseforge; {'id': 12735, 'gameVersionTypeID': 1, 'name': '1.21.1', 'slug': '1-21-1', 'apiVersion': ''}
[2026, 9, 25, 18, 24, 59] ;;; curseforge; {'id': 16115, 'gameVersionTypeID': 615, 'name': '1.21.1', 'slug': '1-21-1', 'apiVersion': ''}
[2026, 9, 25, 18, 25, 2] ;;; curseforge; {'id': 9638, 'gameVersionTypeID': 75208, 'name': 'Client', 'slug': 'client', 'apiVersion': ''}
[2026, 9, 25, 18, 25, 2] ;;; curseforge; {'id': 9639, 'gameVersionTypeID': 75208, 'name': 'Server', 'slug': 'server', 'apiVersion': ''}
[2026, 9, 25, 18, 25, 2] ;;; curseforge; {'id': 10150, 'gameVersionTypeID': 68441, 'name': 'NeoForge', 'slug': 'neoforge', 'apiVersion': ''}
[2026, 9, 25, 18, 25, 2] ;;; curseforge; {'id': 12079, 'gameVersionTypeID': 77784, 'name': '1.21.2', 'slug': '1-21-2', 'apiVersion': ''}
[2026, 9, 25, 18, 25, 2] ;;; curseforge; {'id': 12736, 'gameVersionTypeID': 1, 'name': '1.21.2', 'slug': '1-21-2', 'apiVersion': ''}
[2026, 9, 25, 18, 25, 2] ;;; curseforge; {'id': 16116, 'gameVersionTypeID': 615, 'name': '1.21.2', 'slug': '1-21-2', 'apiVersion': ''}
[2026, 9, 25, 18, 25, 2] ;;; curseforge; {'id': 9638, 'gameVersionTypeID': 75208, 'name': 'Client', 'slug': 'client', 'apiVersion': ''}
[2026, 9, 25, 18, 25, 2] ;;; curseforge; {'id': 9639, 'gameVersionTypeID': 75208, 'name': 'Server', 'slug': 'server', 'apiVersion': ''}
[2026, 9, 25, 18, 25, 2] ;;; curseforge; {'id': 10150, 'gameVersionTypeID': 68441, 'name': 'NeoForge', 'slug': 'neoforge', 'apiVersion': ''}
[2026, 9, 25, 18, 25, 2] ;;; curseforge; {'id': 12084, 'gameVersionTypeID': 77784, 'name': '1.21.3', 'slug': '1-21-3', 'apiVersion': None}
[2026, 9, 25, 18, 25, 2] ;;; curseforge; {'id': 12737, 'gameVersionTypeID': 1, 'name': '1.21.3', 'slug': '1-21-3', 'apiVersion': ''}
[2026, 9, 25, 18, 25, 2] ;;; curseforge; {'id': 16117, 'gameVersionTypeID': 615, 'name': '1.21.3', 'slug': '1-21-3', 'apiVersion': ''}
[2026, 9, 25, 18, 25, 2] ;;; curseforge; {'file': ('dynamic_dirt-neoforge-1.21.2_1.60.0.jar', <_io.BufferedReader name='.\\releases\\1.60.0\\dynamic_dirt-neoforge-1.21.2_1.60.0.jar'>, 'application/jar'), 'metadata': (None, '{"changelog": "", "displayName": "dynamic_dirt neoforge 1.21.2 1.60.0", "gameVersions": [9638, 9639, 10150, 12079, 12084], "gameVersionNames": ["Client", "Server", "NeoForge", "1.21.2", "1.21.3"], "releaseType": "release", "relations": {"projects": [{"slug": "gstools", "projectID": 1404020, "type": "requiredDependency"}]}}', 'application/json')}
[2026, 9, 25, 18, 25, 3] ;;; curseforge; Mod file uploaded successfully! Response: {'id': 8975401}
[2026, 9, 25, 18, 25, 3] ;;; curseforge; {'id': 9638, 'gameVersionTypeID': 75208, 'name': 'Client', 'slug': 'client', 'apiVersion': ''}
[2026, 9, 25, 18, 25, 3] ;;; curseforge; {'id': 9639, 'gameVersionTypeID': 75208, 'name': 'Server', 'slug': 'server', 'apiVersion': ''}
[2026, 9, 25, 18, 25, 3] ;;; curseforge; {'id': 10150, 'gameVersionTypeID': 68441, 'name': 'NeoForge', 'slug': 'neoforge', 'apiVersion': ''}
[2026, 9, 25, 18, 25, 3] ;;; curseforge; {'id': 12079, 'gameVersionTypeID': 77784, 'name': '1.21.2', 'slug': '1-21-2', 'apiVersion': ''}
[2026, 9, 25, 18, 25, 3] ;;; curseforge; {'id': 12736, 'gameVersionTypeID': 1, 'name': '1.21.2', 'slug': '1-21-2', 'apiVersion': ''}
[2026, 9, 25, 18, 25, 3] ;;; curseforge; {'id': 16116, 'gameVersionTypeID': 615, 'name': '1.21.2', 'slug': '1-21-2', 'apiVersion': ''}
[2026, 9, 25, 18, 25, 3] ;;; curseforge; {'id': 9638, 'gameVersionTypeID': 75208, 'name': 'Client', 'slug': 'client', 'apiVersion': ''}
[2026, 9, 25, 18, 25, 3] ;;; curseforge; {'id': 9639, 'gameVersionTypeID': 75208, 'name': 'Server', 'slug': 'server', 'apiVersion': ''}
[2026, 9, 25, 18, 25, 3] ;;; curseforge; {'id': 10150, 'gameVersionTypeID': 68441, 'name': 'NeoForge', 'slug': 'neoforge', 'apiVersion': ''}
[2026, 9, 25, 18, 25, 3] ;;; curseforge; {'id': 12084, 'gameVersionTypeID': 77784, 'name': '1.21.3', 'slug': '1-21-3', 'apiVersion': None}
[2026, 9, 25, 18, 25, 3] ;;; curseforge; {'id': 12737, 'gameVersionTypeID': 1, 'name': '1.21.3', 'slug': '1-21-3', 'apiVersion': ''}
[2026, 9, 25, 18, 25, 3] ;;; curseforge; {'id': 16117, 'gameVersionTypeID': 615, 'name': '1.21.3', 'slug': '1-21-3', 'apiVersion': ''}
[2026, 9, 25, 18, 25, 6] ;;; curseforge; {'id': 9638, 'gameVersionTypeID': 75208, 'name': 'Client', 'slug': 'client', 'apiVersion': ''}
[2026, 9, 25, 18, 25, 6] ;;; curseforge; {'id': 9639, 'gameVersionTypeID': 75208, 'name': 'Server', 'slug': 'server', 'apiVersion': ''}
[2026, 9, 25, 18, 25, 6] ;;; curseforge; {'id': 10150, 'gameVersionTypeID': 68441, 'name': 'NeoForge', 'slug': 'neoforge', 'apiVersion': ''}
[2026, 9, 25, 18, 25, 6] ;;; curseforge; {'id': 12281, 'gameVersionTypeID': 77784, 'name': '1.21.4', 'slug': '1-21-4', 'apiVersion': None}
[2026, 9, 25, 18, 25, 6] ;;; curseforge; {'id': 12738, 'gameVersionTypeID': 1, 'name': '1.21.4', 'slug': '1-21-4', 'apiVersion': ''}
[2026, 9, 25, 18, 25, 6] ;;; curseforge; {'id': 16118, 'gameVersionTypeID': 615, 'name': '1.21.4', 'slug': '1-21-4', 'apiVersion': ''}
[2026, 9, 25, 18, 25, 6] ;;; curseforge; {'file': ('dynamic_dirt-neoforge-1.21.4_1.60.0.jar', <_io.BufferedReader name='.\\releases\\1.60.0\\dynamic_dirt-neoforge-1.21.4_1.60.0.jar'>, 'application/jar'), 'metadata': (None, '{"changelog": "", "displayName": "dynamic_dirt neoforge 1.21.4 1.60.0", "gameVersions": [9638, 9639, 10150, 12281], "gameVersionNames": ["Client", "Server", "NeoForge", "1.21.4"], "releaseType": "release", "relations": {"projects": [{"slug": "gstools", "projectID": 1404020, "type": "requiredDependency"}]}}', 'application/json')}
[2026, 9, 25, 18, 25, 7] ;;; curseforge; Mod file uploaded successfully! Response: {'id': 8975402}
[2026, 9, 25, 18, 25, 8] ;;; curseforge; {'id': 9638, 'gameVersionTypeID': 75208, 'name': 'Client', 'slug': 'client', 'apiVersion': ''}
[2026, 9, 25, 18, 25, 8] ;;; curseforge; {'id': 9639, 'gameVersionTypeID': 75208, 'name': 'Server', 'slug': 'server', 'apiVersion': ''}
[2026, 9, 25, 18, 25, 8] ;;; curseforge; {'id': 10150, 'gameVersionTypeID': 68441, 'name': 'NeoForge', 'slug': 'neoforge', 'apiVersion': ''}
[2026, 9, 25, 18, 25, 8] ;;; curseforge; {'id': 12281, 'gameVersionTypeID': 77784, 'name': '1.21.4', 'slug': '1-21-4', 'apiVersion': None}
[2026, 9, 25, 18, 25, 8] ;;; curseforge; {'id': 12738, 'gameVersionTypeID': 1, 'name': '1.21.4', 'slug': '1-21-4', 'apiVersion': ''}
[2026, 9, 25, 18, 25, 8] ;;; curseforge; {'id': 16118, 'gameVersionTypeID': 615, 'name': '1.21.4', 'slug': '1-21-4', 'apiVersion': ''}
[2026, 9, 25, 18, 25, 11] ;;; curseforge; {'id': 9638, 'gameVersionTypeID': 75208, 'name': 'Client', 'slug': 'client', 'apiVersion': ''}
[2026, 9, 25, 18, 25, 11] ;;; curseforge; {'id': 9639, 'gameVersionTypeID': 75208, 'name': 'Server', 'slug': 'server', 'apiVersion': ''}
[2026, 9, 25, 18, 25, 11] ;;; curseforge; {'id': 10150, 'gameVersionTypeID': 68441, 'name': 'NeoForge', 'slug': 'neoforge', 'apiVersion': ''}
[2026, 9, 25, 18, 25, 11] ;;; curseforge; {'id': 12934, 'gameVersionTypeID': 77784, 'name': '1.21.5', 'slug': '1-21-5', 'apiVersion': None}
[2026, 9, 25, 18, 25, 11] ;;; curseforge; {'id': 12988, 'gameVersionTypeID': 1, 'name': '1.21.5', 'slug': '1-21-5', 'apiVersion': ''}
[2026, 9, 25, 18, 25, 11] ;;; curseforge; {'id': 16119, 'gameVersionTypeID': 615, 'name': '1.21.5', 'slug': '1-21-5', 'apiVersion': ''}
[2026, 9, 25, 18, 25, 11] ;;; curseforge; {'id': 9638, 'gameVersionTypeID': 75208, 'name': 'Client', 'slug': 'client', 'apiVersion': ''}
[2026, 9, 25, 18, 25, 11] ;;; curseforge; {'id': 9639, 'gameVersionTypeID': 75208, 'name': 'Server', 'slug': 'server', 'apiVersion': ''}
[2026, 9, 25, 18, 25, 11] ;;; curseforge; {'id': 10150, 'gameVersionTypeID': 68441, 'name': 'NeoForge', 'slug': 'neoforge', 'apiVersion': ''}
[2026, 9, 25, 18, 25, 11] ;;; curseforge; {'id': 13506, 'gameVersionTypeID': 77784, 'name': '1.21.7', 'slug': '1-21-7', 'apiVersion': None}
[2026, 9, 25, 18, 25, 11] ;;; curseforge; {'id': 13574, 'gameVersionTypeID': 1, 'name': '1.21.7', 'slug': '1-21-7', 'apiVersion': ''}
[2026, 9, 25, 18, 25, 11] ;;; curseforge; {'id': 16121, 'gameVersionTypeID': 615, 'name': '1.21.7', 'slug': '1-21-7', 'apiVersion': ''}
[2026, 9, 25, 18, 25, 11] ;;; curseforge; {'file': ('dynamic_dirt-neoforge-1.21.5_1.60.0.jar', <_io.BufferedReader name='.\\releases\\1.60.0\\dynamic_dirt-neoforge-1.21.5_1.60.0.jar'>, 'application/jar'), 'metadata': (None, '{"changelog": "", "displayName": "dynamic_dirt neoforge 1.21.5 1.60.0", "gameVersions": [9638, 9639, 10150, 12934, 13506], "gameVersionNames": ["Client", "Server", "NeoForge", "1.21.5", "1.21.7"], "releaseType": "release", "relations": {"projects": [{"slug": "gstools", "projectID": 1404020, "type": "requiredDependency"}]}}', 'application/json')}
[2026, 9, 25, 18, 25, 12] ;;; curseforge; Mod file uploaded successfully! Response: {'id': 8975403}
[2026, 9, 25, 18, 25, 13] ;;; curseforge; {'id': 9638, 'gameVersionTypeID': 75208, 'name': 'Client', 'slug': 'client', 'apiVersion': ''}
[2026, 9, 25, 18, 25, 13] ;;; curseforge; {'id': 9639, 'gameVersionTypeID': 75208, 'name': 'Server', 'slug': 'server', 'apiVersion': ''}
[2026, 9, 25, 18, 25, 13] ;;; curseforge; {'id': 10150, 'gameVersionTypeID': 68441, 'name': 'NeoForge', 'slug': 'neoforge', 'apiVersion': ''}
[2026, 9, 25, 18, 25, 13] ;;; curseforge; {'id': 12934, 'gameVersionTypeID': 77784, 'name': '1.21.5', 'slug': '1-21-5', 'apiVersion': None}
[2026, 9, 25, 18, 25, 13] ;;; curseforge; {'id': 12988, 'gameVersionTypeID': 1, 'name': '1.21.5', 'slug': '1-21-5', 'apiVersion': ''}
[2026, 9, 25, 18, 25, 13] ;;; curseforge; {'id': 16119, 'gameVersionTypeID': 615, 'name': '1.21.5', 'slug': '1-21-5', 'apiVersion': ''}
[2026, 9, 25, 18, 25, 13] ;;; curseforge; {'id': 9638, 'gameVersionTypeID': 75208, 'name': 'Client', 'slug': 'client', 'apiVersion': ''}
[2026, 9, 25, 18, 25, 13] ;;; curseforge; {'id': 9639, 'gameVersionTypeID': 75208, 'name': 'Server', 'slug': 'server', 'apiVersion': ''}
[2026, 9, 25, 18, 25, 13] ;;; curseforge; {'id': 10150, 'gameVersionTypeID': 68441, 'name': 'NeoForge', 'slug': 'neoforge', 'apiVersion': ''}
[2026, 9, 25, 18, 25, 13] ;;; curseforge; {'id': 13506, 'gameVersionTypeID': 77784, 'name': '1.21.7', 'slug': '1-21-7', 'apiVersion': None}
[2026, 9, 25, 18, 25, 13] ;;; curseforge; {'id': 13574, 'gameVersionTypeID': 1, 'name': '1.21.7', 'slug': '1-21-7', 'apiVersion': ''}
[2026, 9, 25, 18, 25, 13] ;;; curseforge; {'id': 16121, 'gameVersionTypeID': 615, 'name': '1.21.7', 'slug': '1-21-7', 'apiVersion': ''}
[2026, 9, 25, 18, 25, 15] ;;; curseforge; {'id': 9638, 'gameVersionTypeID': 75208, 'name': 'Client', 'slug': 'client', 'apiVersion': ''}
[2026, 9, 25, 18, 25, 15] ;;; curseforge; {'id': 9639, 'gameVersionTypeID': 75208, 'name': 'Server', 'slug': 'server', 'apiVersion': ''}
[2026, 9, 25, 18, 25, 15] ;;; curseforge; {'id': 10150, 'gameVersionTypeID': 68441, 'name': 'NeoForge', 'slug': 'neoforge', 'apiVersion': ''}
[2026, 9, 25, 18, 25, 15] ;;; curseforge; {'id': 13620, 'gameVersionTypeID': 77784, 'name': '1.21.8', 'slug': '1-21-8', 'apiVersion': None}
[2026, 9, 25, 18, 25, 15] ;;; curseforge; {'id': 13683, 'gameVersionTypeID': 1, 'name': '1.21.8', 'slug': '1-21-8', 'apiVersion': ''}
[2026, 9, 25, 18, 25, 15] ;;; curseforge; {'id': 16124, 'gameVersionTypeID': 615, 'name': '1.21.8', 'slug': '1-21-8', 'apiVersion': ''}
[2026, 9, 25, 18, 25, 15] ;;; curseforge; {'id': 9638, 'gameVersionTypeID': 75208, 'name': 'Client', 'slug': 'client', 'apiVersion': ''}
[2026, 9, 25, 18, 25, 15] ;;; curseforge; {'id': 9639, 'gameVersionTypeID': 75208, 'name': 'Server', 'slug': 'server', 'apiVersion': ''}
[2026, 9, 25, 18, 25, 15] ;;; curseforge; {'id': 10150, 'gameVersionTypeID': 68441, 'name': 'NeoForge', 'slug': 'neoforge', 'apiVersion': ''}
[2026, 9, 25, 18, 25, 16] ;;; curseforge; {'id': 13927, 'gameVersionTypeID': 77784, 'name': '1.21.9', 'slug': '1-21-9', 'apiVersion': None}
[2026, 9, 25, 18, 25, 16] ;;; curseforge; {'id': 13933, 'gameVersionTypeID': 1, 'name': '1.21.9', 'slug': '1-21-9', 'apiVersion': ''}
[2026, 9, 25, 18, 25, 16] ;;; curseforge; {'id': 16125, 'gameVersionTypeID': 615, 'name': '1.21.9', 'slug': '1-21-9', 'apiVersion': ''}
[2026, 9, 25, 18, 25, 16] ;;; curseforge; {'id': 9638, 'gameVersionTypeID': 75208, 'name': 'Client', 'slug': 'client', 'apiVersion': ''}
[2026, 9, 25, 18, 25, 16] ;;; curseforge; {'id': 9639, 'gameVersionTypeID': 75208, 'name': 'Server', 'slug': 'server', 'apiVersion': ''}
[2026, 9, 25, 18, 25, 16] ;;; curseforge; {'id': 10150, 'gameVersionTypeID': 68441, 'name': 'NeoForge', 'slug': 'neoforge', 'apiVersion': ''}
[2026, 9, 25, 18, 25, 16] ;;; curseforge; {'id': 13964, 'gameVersionTypeID': 77784, 'name': '1.21.10', 'slug': '1-21-10', 'apiVersion': None}
[2026, 9, 25, 18, 25, 16] ;;; curseforge; {'id': 13966, 'gameVersionTypeID': 1, 'name': '1.21.10', 'slug': '1-21-10', 'apiVersion': ''}
[2026, 9, 25, 18, 25, 16] ;;; curseforge; {'id': 16126, 'gameVersionTypeID': 615, 'name': '1.21.10', 'slug': '1-21-10', 'apiVersion': ''}
[2026, 9, 25, 18, 25, 16] ;;; curseforge; {'id': 9638, 'gameVersionTypeID': 75208, 'name': 'Client', 'slug': 'client', 'apiVersion': ''}
[2026, 9, 25, 18, 25, 16] ;;; curseforge; {'id': 9639, 'gameVersionTypeID': 75208, 'name': 'Server', 'slug': 'server', 'apiVersion': ''}
[2026, 9, 25, 18, 25, 16] ;;; curseforge; {'id': 10150, 'gameVersionTypeID': 68441, 'name': 'NeoForge', 'slug': 'neoforge', 'apiVersion': ''}
[2026, 9, 25, 18, 25, 16] ;;; curseforge; {'id': 14406, 'gameVersionTypeID': 77784, 'name': '1.21.11', 'slug': '1-21-11', 'apiVersion': None}
[2026, 9, 25, 18, 25, 16] ;;; curseforge; {'id': 14417, 'gameVersionTypeID': 1, 'name': '1.21.11', 'slug': '1-21-11', 'apiVersion': ''}
[2026, 9, 25, 18, 25, 16] ;;; curseforge; {'id': 16127, 'gameVersionTypeID': 615, 'name': '1.21.11', 'slug': '1-21-11', 'apiVersion': ''}
[2026, 9, 25, 18, 25, 16] ;;; curseforge; {'file': ('dynamic_dirt-neoforge-1.21.8_1.60.0.jar', <_io.BufferedReader name='.\\releases\\1.60.0\\dynamic_dirt-neoforge-1.21.8_1.60.0.jar'>, 'application/jar'), 'metadata': (None, '{"changelog": "", "displayName": "dynamic_dirt neoforge 1.21.8 1.60.0", "gameVersions": [9638, 9639, 10150, 13620, 13927, 13964, 14406], "gameVersionNames": ["Client", "Server", "NeoForge", "1.21.8", "1.21.9", "1.21.10", "1.21.11"], "releaseType": "release", "relations": {"projects": [{"slug": "gstools", "projectID": 1404020, "type": "requiredDependency"}]}}', 'application/json')}
[2026, 9, 25, 18, 25, 17] ;;; curseforge; Mod file uploaded successfully! Response: {'id': 8975404}
[2026, 9, 25, 18, 25, 17] ;;; curseforge; {'id': 9638, 'gameVersionTypeID': 75208, 'name': 'Client', 'slug': 'client', 'apiVersion': ''}
[2026, 9, 25, 18, 25, 17] ;;; curseforge; {'id': 9639, 'gameVersionTypeID': 75208, 'name': 'Server', 'slug': 'server', 'apiVersion': ''}
[2026, 9, 25, 18, 25, 17] ;;; curseforge; {'id': 10150, 'gameVersionTypeID': 68441, 'name': 'NeoForge', 'slug': 'neoforge', 'apiVersion': ''}
[2026, 9, 25, 18, 25, 17] ;;; curseforge; {'id': 13620, 'gameVersionTypeID': 77784, 'name': '1.21.8', 'slug': '1-21-8', 'apiVersion': None}
[2026, 9, 25, 18, 25, 17] ;;; curseforge; {'id': 13683, 'gameVersionTypeID': 1, 'name': '1.21.8', 'slug': '1-21-8', 'apiVersion': ''}
[2026, 9, 25, 18, 25, 17] ;;; curseforge; {'id': 16124, 'gameVersionTypeID': 615, 'name': '1.21.8', 'slug': '1-21-8', 'apiVersion': ''}
[2026, 9, 25, 18, 25, 17] ;;; curseforge; {'id': 9638, 'gameVersionTypeID': 75208, 'name': 'Client', 'slug': 'client', 'apiVersion': ''}
[2026, 9, 25, 18, 25, 17] ;;; curseforge; {'id': 9639, 'gameVersionTypeID': 75208, 'name': 'Server', 'slug': 'server', 'apiVersion': ''}
[2026, 9, 25, 18, 25, 17] ;;; curseforge; {'id': 10150, 'gameVersionTypeID': 68441, 'name': 'NeoForge', 'slug': 'neoforge', 'apiVersion': ''}
[2026, 9, 25, 18, 25, 17] ;;; curseforge; {'id': 13927, 'gameVersionTypeID': 77784, 'name': '1.21.9', 'slug': '1-21-9', 'apiVersion': None}
[2026, 9, 25, 18, 25, 17] ;;; curseforge; {'id': 13933, 'gameVersionTypeID': 1, 'name': '1.21.9', 'slug': '1-21-9', 'apiVersion': ''}
[2026, 9, 25, 18, 25, 17] ;;; curseforge; {'id': 16125, 'gameVersionTypeID': 615, 'name': '1.21.9', 'slug': '1-21-9', 'apiVersion': ''}
[2026, 9, 25, 18, 25, 17] ;;; curseforge; {'id': 9638, 'gameVersionTypeID': 75208, 'name': 'Client', 'slug': 'client', 'apiVersion': ''}
[2026, 9, 25, 18, 25, 17] ;;; curseforge; {'id': 9639, 'gameVersionTypeID': 75208, 'name': 'Server', 'slug': 'server', 'apiVersion': ''}
[2026, 9, 25, 18, 25, 17] ;;; curseforge; {'id': 10150, 'gameVersionTypeID': 68441, 'name': 'NeoForge', 'slug': 'neoforge', 'apiVersion': ''}
[2026, 9, 25, 18, 25, 17] ;;; curseforge; {'id': 13964, 'gameVersionTypeID': 77784, 'name': '1.21.10', 'slug': '1-21-10', 'apiVersion': None}
[2026, 9, 25, 18, 25, 17] ;;; curseforge; {'id': 13966, 'gameVersionTypeID': 1, 'name': '1.21.10', 'slug': '1-21-10', 'apiVersion': ''}
[2026, 9, 25, 18, 25, 17] ;;; curseforge; {'id': 16126, 'gameVersionTypeID': 615, 'name': '1.21.10', 'slug': '1-21-10', 'apiVersion': ''}
[2026, 9, 25, 18, 25, 17] ;;; curseforge; {'id': 9638, 'gameVersionTypeID': 75208, 'name': 'Client', 'slug': 'client', 'apiVersion': ''}
[2026, 9, 25, 18, 25, 17] ;;; curseforge; {'id': 9639, 'gameVersionTypeID': 75208, 'name': 'Server', 'slug': 'server', 'apiVersion': ''}
[2026, 9, 25, 18, 25, 17] ;;; curseforge; {'id': 10150, 'gameVersionTypeID': 68441, 'name': 'NeoForge', 'slug': 'neoforge', 'apiVersion': ''}
[2026, 9, 25, 18, 25, 17] ;;; curseforge; {'id': 14406, 'gameVersionTypeID': 77784, 'name': '1.21.11', 'slug': '1-21-11', 'apiVersion': None}
[2026, 9, 25, 18, 25, 17] ;;; curseforge; {'id': 14417, 'gameVersionTypeID': 1, 'name': '1.21.11', 'slug': '1-21-11', 'apiVersion': ''}
[2026, 9, 25, 18, 25, 17] ;;; curseforge; {'id': 16127, 'gameVersionTypeID': 615, 'name': '1.21.11', 'slug': '1-21-11', 'apiVersion': ''}
[2026, 9, 25, 18, 25, 20] ;;; curseforge; {'id': 9638, 'gameVersionTypeID': 75208, 'name': 'Client', 'slug': 'client', 'apiVersion': ''}
[2026, 9, 25, 18, 25, 20] ;;; curseforge; {'id': 9639, 'gameVersionTypeID': 75208, 'name': 'Server', 'slug': 'server', 'apiVersion': ''}
[2026, 9, 25, 18, 25, 20] ;;; curseforge; {'id': 10150, 'gameVersionTypeID': 68441, 'name': 'NeoForge', 'slug': 'neoforge', 'apiVersion': ''}
[2026, 9, 25, 18, 25, 20] ;;; curseforge; {'id': 15933, 'gameVersionTypeID': 83806, 'name': '26.1', 'slug': '26-1', 'apiVersion': None}
[2026, 9, 25, 18, 25, 20] ;;; curseforge; {'id': 16083, 'gameVersionTypeID': 1, 'name': '26.1', 'slug': '26-1', 'apiVersion': ''}
[2026, 9, 25, 18, 25, 20] ;;; curseforge; {'id': 16128, 'gameVersionTypeID': 615, 'name': '26.1', 'slug': '26-1', 'apiVersion': ''}
[2026, 9, 25, 18, 25, 20] ;;; curseforge; {'id': 9638, 'gameVersionTypeID': 75208, 'name': 'Client', 'slug': 'client', 'apiVersion': ''}
[2026, 9, 25, 18, 25, 20] ;;; curseforge; {'id': 9639, 'gameVersionTypeID': 75208, 'name': 'Server', 'slug': 'server', 'apiVersion': ''}
[2026, 9, 25, 18, 25, 20] ;;; curseforge; {'id': 10150, 'gameVersionTypeID': 68441, 'name': 'NeoForge', 'slug': 'neoforge', 'apiVersion': ''}
[2026, 9, 25, 18, 25, 20] ;;; curseforge; {'id': 16021, 'gameVersionTypeID': 83806, 'name': '26.1.1', 'slug': '26-1-1', 'apiVersion': None}
[2026, 9, 25, 18, 25, 20] ;;; curseforge; {'id': 16084, 'gameVersionTypeID': 1, 'name': '26.1.1', 'slug': '26-1-1', 'apiVersion': ''}
[2026, 9, 25, 18, 25, 20] ;;; curseforge; {'id': 16129, 'gameVersionTypeID': 615, 'name': '26.1.1', 'slug': '26-1-1', 'apiVersion': ''}
[2026, 9, 25, 18, 25, 20] ;;; curseforge; {'id': 9638, 'gameVersionTypeID': 75208, 'name': 'Client', 'slug': 'client', 'apiVersion': ''}
[2026, 9, 25, 18, 25, 20] ;;; curseforge; {'id': 9639, 'gameVersionTypeID': 75208, 'name': 'Server', 'slug': 'server', 'apiVersion': ''}
[2026, 9, 25, 18, 25, 20] ;;; curseforge; {'id': 10150, 'gameVersionTypeID': 68441, 'name': 'NeoForge', 'slug': 'neoforge', 'apiVersion': ''}
[2026, 9, 25, 18, 25, 20] ;;; curseforge; {'id': 16082, 'gameVersionTypeID': 83806, 'name': '26.1.2', 'slug': '26-1-2', 'apiVersion': None}
[2026, 9, 25, 18, 25, 20] ;;; curseforge; {'id': 16085, 'gameVersionTypeID': 1, 'name': '26.1.2', 'slug': '26-1-2', 'apiVersion': ''}
[2026, 9, 25, 18, 25, 20] ;;; curseforge; {'id': 16130, 'gameVersionTypeID': 615, 'name': '26.1.2', 'slug': '26-1-2', 'apiVersion': ''}
[2026, 9, 25, 18, 25, 20] ;;; curseforge; {'file': ('dynamic_dirt-neoforge-26.1_1.60.0.jar', <_io.BufferedReader name='.\\releases\\1.60.0\\dynamic_dirt-neoforge-26.1_1.60.0.jar'>, 'application/jar'), 'metadata': (None, '{"changelog": "", "displayName": "dynamic_dirt neoforge 26.1 1.60.0", "gameVersions": [9638, 9639, 10150, 15933, 16021, 16082], "gameVersionNames": ["Client", "Server", "NeoForge", "26.1", "26.1.1", "26.1.2"], "releaseType": "release", "relations": {"projects": [{"slug": "gstools", "projectID": 1404020, "type": "requiredDependency"}]}}', 'application/json')}
[2026, 9, 25, 18, 25, 21] ;;; curseforge; Mod file uploaded successfully! Response: {'id': 8975405}
[2026, 9, 25, 18, 25, 22] ;;; curseforge; {'id': 9638, 'gameVersionTypeID': 75208, 'name': 'Client', 'slug': 'client', 'apiVersion': ''}
[2026, 9, 25, 18, 25, 22] ;;; curseforge; {'id': 9639, 'gameVersionTypeID': 75208, 'name': 'Server', 'slug': 'server', 'apiVersion': ''}
[2026, 9, 25, 18, 25, 22] ;;; curseforge; {'id': 10150, 'gameVersionTypeID': 68441, 'name': 'NeoForge', 'slug': 'neoforge', 'apiVersion': ''}
[2026, 9, 25, 18, 25, 22] ;;; curseforge; {'id': 15933, 'gameVersionTypeID': 83806, 'name': '26.1', 'slug': '26-1', 'apiVersion': None}
[2026, 9, 25, 18, 25, 22] ;;; curseforge; {'id': 16083, 'gameVersionTypeID': 1, 'name': '26.1', 'slug': '26-1', 'apiVersion': ''}
[2026, 9, 25, 18, 25, 22] ;;; curseforge; {'id': 16128, 'gameVersionTypeID': 615, 'name': '26.1', 'slug': '26-1', 'apiVersion': ''}
[2026, 9, 25, 18, 25, 22] ;;; curseforge; {'id': 9638, 'gameVersionTypeID': 75208, 'name': 'Client', 'slug': 'client', 'apiVersion': ''}
[2026, 9, 25, 18, 25, 22] ;;; curseforge; {'id': 9639, 'gameVersionTypeID': 75208, 'name': 'Server', 'slug': 'server', 'apiVersion': ''}
[2026, 9, 25, 18, 25, 22] ;;; curseforge; {'id': 10150, 'gameVersionTypeID': 68441, 'name': 'NeoForge', 'slug': 'neoforge', 'apiVersion': ''}
[2026, 9, 25, 18, 25, 22] ;;; curseforge; {'id': 16021, 'gameVersionTypeID': 83806, 'name': '26.1.1', 'slug': '26-1-1', 'apiVersion': None}
[2026, 9, 25, 18, 25, 22] ;;; curseforge; {'id': 16084, 'gameVersionTypeID': 1, 'name': '26.1.1', 'slug': '26-1-1', 'apiVersion': ''}
[2026, 9, 25, 18, 25, 22] ;;; curseforge; {'id': 16129, 'gameVersionTypeID': 615, 'name': '26.1.1', 'slug': '26-1-1', 'apiVersion': ''}
[2026, 9, 25, 18, 25, 22] ;;; curseforge; {'id': 9638, 'gameVersionTypeID': 75208, 'name': 'Client', 'slug': 'client', 'apiVersion': ''}
[2026, 9, 25, 18, 25, 22] ;;; curseforge; {'id': 9639, 'gameVersionTypeID': 75208, 'name': 'Server', 'slug': 'server', 'apiVersion': ''}
[2026, 9, 25, 18, 25, 22] ;;; curseforge; {'id': 10150, 'gameVersionTypeID': 68441, 'name': 'NeoForge', 'slug': 'neoforge', 'apiVersion': ''}
[2026, 9, 25, 18, 25, 22] ;;; curseforge; {'id': 16082, 'gameVersionTypeID': 83806, 'name': '26.1.2', 'slug': '26-1-2', 'apiVersion': None}
[2026, 9, 25, 18, 25, 22] ;;; curseforge; {'id': 16085, 'gameVersionTypeID': 1, 'name': '26.1.2', 'slug': '26-1-2', 'apiVersion': ''}
[2026, 9, 25, 18, 25, 22] ;;; curseforge; {'id': 16130, 'gameVersionTypeID': 615, 'name': '26.1.2', 'slug': '26-1-2', 'apiVersion': ''}
[2026, 9, 25, 18, 25, 27] ;;; curseforge; {'id': 9638, 'gameVersionTypeID': 75208, 'name': 'Client', 'slug': 'client', 'apiVersion': ''}
[2026, 9, 25, 18, 25, 27] ;;; curseforge; {'id': 9639, 'gameVersionTypeID': 75208, 'name': 'Server', 'slug': 'server', 'apiVersion': ''}
[2026, 9, 25, 18, 25, 27] ;;; curseforge; {'id': 10150, 'gameVersionTypeID': 68441, 'name': 'NeoForge', 'slug': 'neoforge', 'apiVersion': ''}
[2026, 9, 25, 18, 25, 27] ;;; curseforge; {'id': 16498, 'gameVersionTypeID': 86297, 'name': '26.2', 'slug': '26-2', 'apiVersion': None}
[2026, 9, 25, 18, 25, 27] ;;; curseforge; {'id': 16500, 'gameVersionTypeID': 1, 'name': '26.2', 'slug': '26-2', 'apiVersion': ''}
[2026, 9, 25, 18, 25, 27] ;;; curseforge; {'file': ('dynamic_dirt-neoforge-26.2_1.60.0.jar', <_io.BufferedReader name='.\\releases\\1.60.0\\dynamic_dirt-neoforge-26.2_1.60.0.jar'>, 'application/jar'), 'metadata': (None, '{"changelog": "", "displayName": "dynamic_dirt neoforge 26.2 1.60.0", "gameVersions": [9638, 9639, 10150, 16498], "gameVersionNames": ["Client", "Server", "NeoForge", "26.2"], "releaseType": "release", "relations": {"projects": [{"slug": "gstools", "projectID": 1404020, "type": "requiredDependency"}]}}', 'application/json')}
[2026, 9, 25, 18, 25, 30] ;;; curseforge; Mod file uploaded successfully! Response: {'id': 8975406}
[2026, 9, 25, 18, 25, 30] ;;; curseforge; {'id': 9638, 'gameVersionTypeID': 75208, 'name': 'Client', 'slug': 'client', 'apiVersion': ''}
[2026, 9, 25, 18, 25, 30] ;;; curseforge; {'id': 9639, 'gameVersionTypeID': 75208, 'name': 'Server', 'slug': 'server', 'apiVersion': ''}
[2026, 9, 25, 18, 25, 30] ;;; curseforge; {'id': 10150, 'gameVersionTypeID': 68441, 'name': 'NeoForge', 'slug': 'neoforge', 'apiVersion': ''}
[2026, 9, 25, 18, 25, 30] ;;; curseforge; {'id': 16498, 'gameVersionTypeID': 86297, 'name': '26.2', 'slug': '26-2', 'apiVersion': None}
[2026, 9, 25, 18, 25, 30] ;;; curseforge; {'id': 16500, 'gameVersionTypeID': 1, 'name': '26.2', 'slug': '26-2', 'apiVersion': ''}
[2026, 9, 25, 18, 25, 33] ;;; curseforge; {'id': 7499, 'gameVersionTypeID': 68441, 'name': 'Fabric', 'slug': 'fabric', 'apiVersion': ''}
[2026, 9, 25, 18, 25, 33] ;;; curseforge; {'id': 9638, 'gameVersionTypeID': 75208, 'name': 'Client', 'slug': 'client', 'apiVersion': ''}
[2026, 9, 25, 18, 25, 33] ;;; curseforge; {'id': 9639, 'gameVersionTypeID': 75208, 'name': 'Server', 'slug': 'server', 'apiVersion': ''}
[2026, 9, 25, 18, 25, 33] ;;; curseforge; {'id': 13927, 'gameVersionTypeID': 77784, 'name': '1.21.9', 'slug': '1-21-9', 'apiVersion': None}
[2026, 9, 25, 18, 25, 33] ;;; curseforge; {'id': 13933, 'gameVersionTypeID': 1, 'name': '1.21.9', 'slug': '1-21-9', 'apiVersion': ''}
[2026, 9, 25, 18, 25, 33] ;;; curseforge; {'id': 16125, 'gameVersionTypeID': 615, 'name': '1.21.9', 'slug': '1-21-9', 'apiVersion': ''}
[2026, 9, 25, 18, 25, 33] ;;; curseforge; {'id': 7499, 'gameVersionTypeID': 68441, 'name': 'Fabric', 'slug': 'fabric', 'apiVersion': ''}
[2026, 9, 25, 18, 25, 33] ;;; curseforge; {'id': 9638, 'gameVersionTypeID': 75208, 'name': 'Client', 'slug': 'client', 'apiVersion': ''}
[2026, 9, 25, 18, 25, 33] ;;; curseforge; {'id': 9639, 'gameVersionTypeID': 75208, 'name': 'Server', 'slug': 'server', 'apiVersion': ''}
[2026, 9, 25, 18, 25, 33] ;;; curseforge; {'id': 13964, 'gameVersionTypeID': 77784, 'name': '1.21.10', 'slug': '1-21-10', 'apiVersion': None}
[2026, 9, 25, 18, 25, 33] ;;; curseforge; {'id': 13966, 'gameVersionTypeID': 1, 'name': '1.21.10', 'slug': '1-21-10', 'apiVersion': ''}
[2026, 9, 25, 18, 25, 33] ;;; curseforge; {'id': 16126, 'gameVersionTypeID': 615, 'name': '1.21.10', 'slug': '1-21-10', 'apiVersion': ''}
[2026, 9, 25, 18, 25, 33] ;;; curseforge; {'id': 7499, 'gameVersionTypeID': 68441, 'name': 'Fabric', 'slug': 'fabric', 'apiVersion': ''}
[2026, 9, 25, 18, 25, 33] ;;; curseforge; {'id': 9638, 'gameVersionTypeID': 75208, 'name': 'Client', 'slug': 'client', 'apiVersion': ''}
[2026, 9, 25, 18, 25, 33] ;;; curseforge; {'id': 9639, 'gameVersionTypeID': 75208, 'name': 'Server', 'slug': 'server', 'apiVersion': ''}
[2026, 9, 25, 18, 25, 33] ;;; curseforge; {'id': 14406, 'gameVersionTypeID': 77784, 'name': '1.21.11', 'slug': '1-21-11', 'apiVersion': None}
[2026, 9, 25, 18, 25, 33] ;;; curseforge; {'id': 14417, 'gameVersionTypeID': 1, 'name': '1.21.11', 'slug': '1-21-11', 'apiVersion': ''}
[2026, 9, 25, 18, 25, 33] ;;; curseforge; {'id': 16127, 'gameVersionTypeID': 615, 'name': '1.21.11', 'slug': '1-21-11', 'apiVersion': ''}
[2026, 9, 25, 18, 25, 33] ;;; curseforge; {'file': ('dynamic_monsters-fabric-1.21.9_1.60.0.jar', <_io.BufferedReader name='.\\releases\\1.60.0\\dynamic_monsters-fabric-1.21.9_1.60.0.jar'>, 'application/jar'), 'metadata': (None, '{"changelog": "", "displayName": "dynamic_monsters fabric 1.21.9 1.60.0", "gameVersions": [7499, 9638, 9639, 13927, 13964, 14406], "gameVersionNames": ["Fabric", "Client", "Server", "1.21.9", "1.21.10", "1.21.11"], "releaseType": "release", "relations": {"projects": [{"slug": "gstools", "projectID": 1404020, "type": "requiredDependency"}]}}', 'application/json')}
[2026, 9, 25, 18, 25, 36] ;;; curseforge; Mod file uploaded successfully! Response: {'id': 8975407}
[2026, 9, 25, 18, 25, 37] ;;; curseforge; {'id': 7499, 'gameVersionTypeID': 68441, 'name': 'Fabric', 'slug': 'fabric', 'apiVersion': ''}
[2026, 9, 25, 18, 25, 37] ;;; curseforge; {'id': 9638, 'gameVersionTypeID': 75208, 'name': 'Client', 'slug': 'client', 'apiVersion': ''}
[2026, 9, 25, 18, 25, 37] ;;; curseforge; {'id': 9639, 'gameVersionTypeID': 75208, 'name': 'Server', 'slug': 'server', 'apiVersion': ''}
[2026, 9, 25, 18, 25, 37] ;;; curseforge; {'id': 13927, 'gameVersionTypeID': 77784, 'name': '1.21.9', 'slug': '1-21-9', 'apiVersion': None}
[2026, 9, 25, 18, 25, 37] ;;; curseforge; {'id': 13933, 'gameVersionTypeID': 1, 'name': '1.21.9', 'slug': '1-21-9', 'apiVersion': ''}
[2026, 9, 25, 18, 25, 37] ;;; curseforge; {'id': 16125, 'gameVersionTypeID': 615, 'name': '1.21.9', 'slug': '1-21-9', 'apiVersion': ''}
[2026, 9, 25, 18, 25, 37] ;;; curseforge; {'id': 7499, 'gameVersionTypeID': 68441, 'name': 'Fabric', 'slug': 'fabric', 'apiVersion': ''}
[2026, 9, 25, 18, 25, 37] ;;; curseforge; {'id': 9638, 'gameVersionTypeID': 75208, 'name': 'Client', 'slug': 'client', 'apiVersion': ''}
[2026, 9, 25, 18, 25, 37] ;;; curseforge; {'id': 9639, 'gameVersionTypeID': 75208, 'name': 'Server', 'slug': 'server', 'apiVersion': ''}
[2026, 9, 25, 18, 25, 37] ;;; curseforge; {'id': 13964, 'gameVersionTypeID': 77784, 'name': '1.21.10', 'slug': '1-21-10', 'apiVersion': None}
[2026, 9, 25, 18, 25, 37] ;;; curseforge; {'id': 13966, 'gameVersionTypeID': 1, 'name': '1.21.10', 'slug': '1-21-10', 'apiVersion': ''}
[2026, 9, 25, 18, 25, 37] ;;; curseforge; {'id': 16126, 'gameVersionTypeID': 615, 'name': '1.21.10', 'slug': '1-21-10', 'apiVersion': ''}
[2026, 9, 25, 18, 25, 37] ;;; curseforge; {'id': 7499, 'gameVersionTypeID': 68441, 'name': 'Fabric', 'slug': 'fabric', 'apiVersion': ''}
[2026, 9, 25, 18, 25, 37] ;;; curseforge; {'id': 9638, 'gameVersionTypeID': 75208, 'name': 'Client', 'slug': 'client', 'apiVersion': ''}
[2026, 9, 25, 18, 25, 37] ;;; curseforge; {'id': 9639, 'gameVersionTypeID': 75208, 'name': 'Server', 'slug': 'server', 'apiVersion': ''}
[2026, 9, 25, 18, 25, 37] ;;; curseforge; {'id': 14406, 'gameVersionTypeID': 77784, 'name': '1.21.11', 'slug': '1-21-11', 'apiVersion': None}
[2026, 9, 25, 18, 25, 37] ;;; curseforge; {'id': 14417, 'gameVersionTypeID': 1, 'name': '1.21.11', 'slug': '1-21-11', 'apiVersion': ''}
[2026, 9, 25, 18, 25, 37] ;;; curseforge; {'id': 16127, 'gameVersionTypeID': 615, 'name': '1.21.11', 'slug': '1-21-11', 'apiVersion': ''}
[2026, 9, 25, 18, 25, 43] ;;; curseforge; {'id': 7499, 'gameVersionTypeID': 68441, 'name': 'Fabric', 'slug': 'fabric', 'apiVersion': ''}
[2026, 9, 25, 18, 25, 43] ;;; curseforge; {'id': 9638, 'gameVersionTypeID': 75208, 'name': 'Client', 'slug': 'client', 'apiVersion': ''}
[2026, 9, 25, 18, 25, 43] ;;; curseforge; {'id': 9639, 'gameVersionTypeID': 75208, 'name': 'Server', 'slug': 'server', 'apiVersion': ''}
[2026, 9, 25, 18, 25, 43] ;;; curseforge; {'id': 15933, 'gameVersionTypeID': 83806, 'name': '26.1', 'slug': '26-1', 'apiVersion': None}
[2026, 9, 25, 18, 25, 43] ;;; curseforge; {'id': 16083, 'gameVersionTypeID': 1, 'name': '26.1', 'slug': '26-1', 'apiVersion': ''}
[2026, 9, 25, 18, 25, 43] ;;; curseforge; {'id': 16128, 'gameVersionTypeID': 615, 'name': '26.1', 'slug': '26-1', 'apiVersion': ''}
[2026, 9, 25, 18, 25, 43] ;;; curseforge; {'id': 7499, 'gameVersionTypeID': 68441, 'name': 'Fabric', 'slug': 'fabric', 'apiVersion': ''}
[2026, 9, 25, 18, 25, 43] ;;; curseforge; {'id': 9638, 'gameVersionTypeID': 75208, 'name': 'Client', 'slug': 'client', 'apiVersion': ''}
[2026, 9, 25, 18, 25, 43] ;;; curseforge; {'id': 9639, 'gameVersionTypeID': 75208, 'name': 'Server', 'slug': 'server', 'apiVersion': ''}
[2026, 9, 25, 18, 25, 43] ;;; curseforge; {'id': 16021, 'gameVersionTypeID': 83806, 'name': '26.1.1', 'slug': '26-1-1', 'apiVersion': None}
[2026, 9, 25, 18, 25, 43] ;;; curseforge; {'id': 16084, 'gameVersionTypeID': 1, 'name': '26.1.1', 'slug': '26-1-1', 'apiVersion': ''}
[2026, 9, 25, 18, 25, 43] ;;; curseforge; {'id': 16129, 'gameVersionTypeID': 615, 'name': '26.1.1', 'slug': '26-1-1', 'apiVersion': ''}
[2026, 9, 25, 18, 25, 43] ;;; curseforge; {'id': 7499, 'gameVersionTypeID': 68441, 'name': 'Fabric', 'slug': 'fabric', 'apiVersion': ''}
[2026, 9, 25, 18, 25, 43] ;;; curseforge; {'id': 9638, 'gameVersionTypeID': 75208, 'name': 'Client', 'slug': 'client', 'apiVersion': ''}
[2026, 9, 25, 18, 25, 43] ;;; curseforge; {'id': 9639, 'gameVersionTypeID': 75208, 'name': 'Server', 'slug': 'server', 'apiVersion': ''}
[2026, 9, 25, 18, 25, 43] ;;; curseforge; {'id': 16082, 'gameVersionTypeID': 83806, 'name': '26.1.2', 'slug': '26-1-2', 'apiVersion': None}
[2026, 9, 25, 18, 25, 43] ;;; curseforge; {'id': 16085, 'gameVersionTypeID': 1, 'name': '26.1.2', 'slug': '26-1-2', 'apiVersion': ''}
[2026, 9, 25, 18, 25, 43] ;;; curseforge; {'id': 16130, 'gameVersionTypeID': 615, 'name': '26.1.2', 'slug': '26-1-2', 'apiVersion': ''}
[2026, 9, 25, 18, 25, 43] ;;; curseforge; {'file': ('dynamic_monsters-fabric-26.1_1.60.0.jar', <_io.BufferedReader name='.\\releases\\1.60.0\\dynamic_monsters-fabric-26.1_1.60.0.jar'>, 'application/jar'), 'metadata': (None, '{"changelog": "", "displayName": "dynamic_monsters fabric 26.1 1.60.0", "gameVersions": [7499, 9638, 9639, 15933, 16021, 16082], "gameVersionNames": ["Fabric", "Client", "Server", "26.1", "26.1.1", "26.1.2"], "releaseType": "release", "relations": {"projects": [{"slug": "gstools", "projectID": 1404020, "type": "requiredDependency"}]}}', 'application/json')}
[2026, 9, 25, 18, 25, 46] ;;; curseforge; Mod file uploaded successfully! Response: {'id': 8975409}
[2026, 9, 25, 18, 25, 46] ;;; curseforge; {'id': 7499, 'gameVersionTypeID': 68441, 'name': 'Fabric', 'slug': 'fabric', 'apiVersion': ''}
[2026, 9, 25, 18, 25, 46] ;;; curseforge; {'id': 9638, 'gameVersionTypeID': 75208, 'name': 'Client', 'slug': 'client', 'apiVersion': ''}
[2026, 9, 25, 18, 25, 46] ;;; curseforge; {'id': 9639, 'gameVersionTypeID': 75208, 'name': 'Server', 'slug': 'server', 'apiVersion': ''}
[2026, 9, 25, 18, 25, 46] ;;; curseforge; {'id': 15933, 'gameVersionTypeID': 83806, 'name': '26.1', 'slug': '26-1', 'apiVersion': None}
[2026, 9, 25, 18, 25, 46] ;;; curseforge; {'id': 16083, 'gameVersionTypeID': 1, 'name': '26.1', 'slug': '26-1', 'apiVersion': ''}
[2026, 9, 25, 18, 25, 46] ;;; curseforge; {'id': 16128, 'gameVersionTypeID': 615, 'name': '26.1', 'slug': '26-1', 'apiVersion': ''}
[2026, 9, 25, 18, 25, 46] ;;; curseforge; {'id': 7499, 'gameVersionTypeID': 68441, 'name': 'Fabric', 'slug': 'fabric', 'apiVersion': ''}
[2026, 9, 25, 18, 25, 46] ;;; curseforge; {'id': 9638, 'gameVersionTypeID': 75208, 'name': 'Client', 'slug': 'client', 'apiVersion': ''}
[2026, 9, 25, 18, 25, 46] ;;; curseforge; {'id': 9639, 'gameVersionTypeID': 75208, 'name': 'Server', 'slug': 'server', 'apiVersion': ''}
[2026, 9, 25, 18, 25, 46] ;;; curseforge; {'id': 16021, 'gameVersionTypeID': 83806, 'name': '26.1.1', 'slug': '26-1-1', 'apiVersion': None}
[2026, 9, 25, 18, 25, 46] ;;; curseforge; {'id': 16084, 'gameVersionTypeID': 1, 'name': '26.1.1', 'slug': '26-1-1', 'apiVersion': ''}
[2026, 9, 25, 18, 25, 46] ;;; curseforge; {'id': 16129, 'gameVersionTypeID': 615, 'name': '26.1.1', 'slug': '26-1-1', 'apiVersion': ''}
[2026, 9, 25, 18, 25, 46] ;;; curseforge; {'id': 7499, 'gameVersionTypeID': 68441, 'name': 'Fabric', 'slug': 'fabric', 'apiVersion': ''}
[2026, 9, 25, 18, 25, 46] ;;; curseforge; {'id': 9638, 'gameVersionTypeID': 75208, 'name': 'Client', 'slug': 'client', 'apiVersion': ''}
[2026, 9, 25, 18, 25, 46] ;;; curseforge; {'id': 9639, 'gameVersionTypeID': 75208, 'name': 'Server', 'slug': 'server', 'apiVersion': ''}
[2026, 9, 25, 18, 25, 46] ;;; curseforge; {'id': 16082, 'gameVersionTypeID': 83806, 'name': '26.1.2', 'slug': '26-1-2', 'apiVersion': None}
[2026, 9, 25, 18, 25, 46] ;;; curseforge; {'id': 16085, 'gameVersionTypeID': 1, 'name': '26.1.2', 'slug': '26-1-2', 'apiVersion': ''}
[2026, 9, 25, 18, 25, 46] ;;; curseforge; {'id': 16130, 'gameVersionTypeID': 615, 'name': '26.1.2', 'slug': '26-1-2', 'apiVersion': ''}
[2026, 9, 25, 18, 25, 54] ;;; curseforge; {'id': 7499, 'gameVersionTypeID': 68441, 'name': 'Fabric', 'slug': 'fabric', 'apiVersion': ''}
[2026, 9, 25, 18, 25, 54] ;;; curseforge; {'id': 9638, 'gameVersionTypeID': 75208, 'name': 'Client', 'slug': 'client', 'apiVersion': ''}
[2026, 9, 25, 18, 25, 54] ;;; curseforge; {'id': 9639, 'gameVersionTypeID': 75208, 'name': 'Server', 'slug': 'server', 'apiVersion': ''}
[2026, 9, 25, 18, 25, 54] ;;; curseforge; {'id': 16498, 'gameVersionTypeID': 86297, 'name': '26.2', 'slug': '26-2', 'apiVersion': None}
[2026, 9, 25, 18, 25, 54] ;;; curseforge; {'id': 16500, 'gameVersionTypeID': 1, 'name': '26.2', 'slug': '26-2', 'apiVersion': ''}
[2026, 9, 25, 18, 25, 54] ;;; curseforge; {'file': ('dynamic_monsters-fabric-26.2_1.60.0.jar', <_io.BufferedReader name='.\\releases\\1.60.0\\dynamic_monsters-fabric-26.2_1.60.0.jar'>, 'application/jar'), 'metadata': (None, '{"changelog": "", "displayName": "dynamic_monsters fabric 26.2 1.60.0", "gameVersions": [7499, 9638, 9639, 16498], "gameVersionNames": ["Fabric", "Client", "Server", "26.2"], "releaseType": "release", "relations": {"projects": [{"slug": "gstools", "projectID": 1404020, "type": "requiredDependency"}]}}', 'application/json')}
[2026, 9, 25, 18, 25, 56] ;;; curseforge; Mod file uploaded successfully! Response: {'id': 8975410}
[2026, 9, 25, 18, 25, 57] ;;; curseforge; {'id': 7499, 'gameVersionTypeID': 68441, 'name': 'Fabric', 'slug': 'fabric', 'apiVersion': ''}
[2026, 9, 25, 18, 25, 57] ;;; curseforge; {'id': 9638, 'gameVersionTypeID': 75208, 'name': 'Client', 'slug': 'client', 'apiVersion': ''}
[2026, 9, 25, 18, 25, 57] ;;; curseforge; {'id': 9639, 'gameVersionTypeID': 75208, 'name': 'Server', 'slug': 'server', 'apiVersion': ''}
[2026, 9, 25, 18, 25, 57] ;;; curseforge; {'id': 16498, 'gameVersionTypeID': 86297, 'name': '26.2', 'slug': '26-2', 'apiVersion': None}
[2026, 9, 25, 18, 25, 57] ;;; curseforge; {'id': 16500, 'gameVersionTypeID': 1, 'name': '26.2', 'slug': '26-2', 'apiVersion': ''}
[2026, 9, 25, 18, 26, 1] ;;; curseforge; {'id': 7498, 'gameVersionTypeID': 68441, 'name': 'Forge', 'slug': 'forge', 'apiVersion': ''}
[2026, 9, 25, 18, 26, 1] ;;; curseforge; {'id': 9638, 'gameVersionTypeID': 75208, 'name': 'Client', 'slug': 'client', 'apiVersion': ''}
[2026, 9, 25, 18, 26, 1] ;;; curseforge; {'id': 9639, 'gameVersionTypeID': 75208, 'name': 'Server', 'slug': 'server', 'apiVersion': ''}
[2026, 9, 25, 18, 26, 1] ;;; curseforge; {'id': 9776, 'gameVersionTypeID': 73407, 'name': '1.19.4', 'slug': '1-19-4', 'apiVersion': ''}
[2026, 9, 25, 18, 26, 1] ;;; curseforge; {'id': 9792, 'gameVersionTypeID': 615, 'name': '1.19.4', 'slug': '1-19-4', 'apiVersion': ''}
[2026, 9, 25, 18, 26, 1] ;;; curseforge; {'id': 9973, 'gameVersionTypeID': 1, 'name': '1.19.4', 'slug': '1-19-4', 'apiVersion': ''}
[2026, 9, 25, 18, 26, 1] ;;; curseforge; {'file': ('dynamic_monsters-forge-1.19.4_1.60.0.jar', <_io.BufferedReader name='.\\releases\\1.60.0\\dynamic_monsters-forge-1.19.4_1.60.0.jar'>, 'application/jar'), 'metadata': (None, '{"changelog": "", "displayName": "dynamic_monsters forge 1.19.4 1.60.0", "gameVersions": [7498, 9638, 9639, 9776], "gameVersionNames": ["Forge", "Client", "Server", "1.19.4"], "releaseType": "release", "relations": {"projects": [{"slug": "gstools", "projectID": 1404020, "type": "requiredDependency"}]}}', 'application/json')}
[2026, 9, 25, 18, 26, 4] ;;; curseforge; Mod file uploaded successfully! Response: {'id': 8975411}
[2026, 9, 25, 18, 26, 4] ;;; curseforge; {'id': 7498, 'gameVersionTypeID': 68441, 'name': 'Forge', 'slug': 'forge', 'apiVersion': ''}
[2026, 9, 25, 18, 26, 4] ;;; curseforge; {'id': 9638, 'gameVersionTypeID': 75208, 'name': 'Client', 'slug': 'client', 'apiVersion': ''}
[2026, 9, 25, 18, 26, 4] ;;; curseforge; {'id': 9639, 'gameVersionTypeID': 75208, 'name': 'Server', 'slug': 'server', 'apiVersion': ''}
[2026, 9, 25, 18, 26, 4] ;;; curseforge; {'id': 9776, 'gameVersionTypeID': 73407, 'name': '1.19.4', 'slug': '1-19-4', 'apiVersion': ''}
[2026, 9, 25, 18, 26, 4] ;;; curseforge; {'id': 9792, 'gameVersionTypeID': 615, 'name': '1.19.4', 'slug': '1-19-4', 'apiVersion': ''}
[2026, 9, 25, 18, 26, 4] ;;; curseforge; {'id': 9973, 'gameVersionTypeID': 1, 'name': '1.19.4', 'slug': '1-19-4', 'apiVersion': ''}
[2026, 9, 25, 18, 26, 8] ;;; curseforge; {'id': 7498, 'gameVersionTypeID': 68441, 'name': 'Forge', 'slug': 'forge', 'apiVersion': ''}
[2026, 9, 25, 18, 26, 8] ;;; curseforge; {'id': 9638, 'gameVersionTypeID': 75208, 'name': 'Client', 'slug': 'client', 'apiVersion': ''}
[2026, 9, 25, 18, 26, 8] ;;; curseforge; {'id': 9639, 'gameVersionTypeID': 75208, 'name': 'Server', 'slug': 'server', 'apiVersion': ''}
[2026, 9, 25, 18, 26, 8] ;;; curseforge; {'id': 9990, 'gameVersionTypeID': 75125, 'name': '1.20.1', 'slug': '1-20-1', 'apiVersion': None}
[2026, 9, 25, 18, 26, 8] ;;; curseforge; {'id': 9993, 'gameVersionTypeID': 615, 'name': '1.20.1', 'slug': '1-20-1', 'apiVersion': ''}
[2026, 9, 25, 18, 26, 8] ;;; curseforge; {'id': 9994, 'gameVersionTypeID': 1, 'name': '1.20.1', 'slug': '1-20-1', 'apiVersion': ''}
[2026, 9, 25, 18, 26, 8] ;;; curseforge; {'file': ('dynamic_monsters-forge-1.20.1_1.60.0.jar', <_io.BufferedReader name='.\\releases\\1.60.0\\dynamic_monsters-forge-1.20.1_1.60.0.jar'>, 'application/jar'), 'metadata': (None, '{"changelog": "", "displayName": "dynamic_monsters forge 1.20.1 1.60.0", "gameVersions": [7498, 9638, 9639, 9990], "gameVersionNames": ["Forge", "Client", "Server", "1.20.1"], "releaseType": "release", "relations": {"projects": [{"slug": "gstools", "projectID": 1404020, "type": "requiredDependency"}]}}', 'application/json')}
[2026, 9, 25, 18, 26, 11] ;;; curseforge; Mod file uploaded successfully! Response: {'id': 8975413}
[2026, 9, 25, 18, 26, 11] ;;; curseforge; {'id': 7498, 'gameVersionTypeID': 68441, 'name': 'Forge', 'slug': 'forge', 'apiVersion': ''}
[2026, 9, 25, 18, 26, 11] ;;; curseforge; {'id': 9638, 'gameVersionTypeID': 75208, 'name': 'Client', 'slug': 'client', 'apiVersion': ''}
[2026, 9, 25, 18, 26, 11] ;;; curseforge; {'id': 9639, 'gameVersionTypeID': 75208, 'name': 'Server', 'slug': 'server', 'apiVersion': ''}
[2026, 9, 25, 18, 26, 11] ;;; curseforge; {'id': 9990, 'gameVersionTypeID': 75125, 'name': '1.20.1', 'slug': '1-20-1', 'apiVersion': None}
[2026, 9, 25, 18, 26, 11] ;;; curseforge; {'id': 9993, 'gameVersionTypeID': 615, 'name': '1.20.1', 'slug': '1-20-1', 'apiVersion': ''}
[2026, 9, 25, 18, 26, 11] ;;; curseforge; {'id': 9994, 'gameVersionTypeID': 1, 'name': '1.20.1', 'slug': '1-20-1', 'apiVersion': ''}
[2026, 9, 25, 18, 26, 15] ;;; curseforge; {'id': 9638, 'gameVersionTypeID': 75208, 'name': 'Client', 'slug': 'client', 'apiVersion': ''}
[2026, 9, 25, 18, 26, 15] ;;; curseforge; {'id': 9639, 'gameVersionTypeID': 75208, 'name': 'Server', 'slug': 'server', 'apiVersion': ''}
[2026, 9, 25, 18, 26, 15] ;;; curseforge; {'id': 10150, 'gameVersionTypeID': 68441, 'name': 'NeoForge', 'slug': 'neoforge', 'apiVersion': ''}
[2026, 9, 25, 18, 26, 15] ;;; curseforge; {'id': 10407, 'gameVersionTypeID': 75125, 'name': '1.20.4', 'slug': '1-20-4', 'apiVersion': None}
[2026, 9, 25, 18, 26, 15] ;;; curseforge; {'id': 10742, 'gameVersionTypeID': 1, 'name': '1.20.4', 'slug': '1-20-4', 'apiVersion': ''}
[2026, 9, 25, 18, 26, 15] ;;; curseforge; {'id': 10866, 'gameVersionTypeID': 615, 'name': '1.20.4', 'slug': '1-20-4', 'apiVersion': ''}
[2026, 9, 25, 18, 26, 15] ;;; curseforge; {'file': ('dynamic_monsters-neoforge-1.20.4_1.60.0.jar', <_io.BufferedReader name='.\\releases\\1.60.0\\dynamic_monsters-neoforge-1.20.4_1.60.0.jar'>, 'application/jar'), 'metadata': (None, '{"changelog": "", "displayName": "dynamic_monsters neoforge 1.20.4 1.60.0", "gameVersions": [9638, 9639, 10150, 10407], "gameVersionNames": ["Client", "Server", "NeoForge", "1.20.4"], "releaseType": "release", "relations": {"projects": [{"slug": "gstools", "projectID": 1404020, "type": "requiredDependency"}]}}', 'application/json')}
[2026, 9, 25, 18, 26, 18] ;;; curseforge; Mod file uploaded successfully! Response: {'id': 8975415}
[2026, 9, 25, 18, 26, 18] ;;; curseforge; {'id': 9638, 'gameVersionTypeID': 75208, 'name': 'Client', 'slug': 'client', 'apiVersion': ''}
[2026, 9, 25, 18, 26, 18] ;;; curseforge; {'id': 9639, 'gameVersionTypeID': 75208, 'name': 'Server', 'slug': 'server', 'apiVersion': ''}
[2026, 9, 25, 18, 26, 18] ;;; curseforge; {'id': 10150, 'gameVersionTypeID': 68441, 'name': 'NeoForge', 'slug': 'neoforge', 'apiVersion': ''}
[2026, 9, 25, 18, 26, 18] ;;; curseforge; {'id': 10407, 'gameVersionTypeID': 75125, 'name': '1.20.4', 'slug': '1-20-4', 'apiVersion': None}
[2026, 9, 25, 18, 26, 18] ;;; curseforge; {'id': 10742, 'gameVersionTypeID': 1, 'name': '1.20.4', 'slug': '1-20-4', 'apiVersion': ''}
[2026, 9, 25, 18, 26, 18] ;;; curseforge; {'id': 10866, 'gameVersionTypeID': 615, 'name': '1.20.4', 'slug': '1-20-4', 'apiVersion': ''}
[2026, 9, 25, 18, 26, 23] ;;; curseforge; {'id': 9638, 'gameVersionTypeID': 75208, 'name': 'Client', 'slug': 'client', 'apiVersion': ''}
[2026, 9, 25, 18, 26, 23] ;;; curseforge; {'id': 9639, 'gameVersionTypeID': 75208, 'name': 'Server', 'slug': 'server', 'apiVersion': ''}
[2026, 9, 25, 18, 26, 23] ;;; curseforge; {'id': 10150, 'gameVersionTypeID': 68441, 'name': 'NeoForge', 'slug': 'neoforge', 'apiVersion': ''}
[2026, 9, 25, 18, 26, 23] ;;; curseforge; {'id': 11779, 'gameVersionTypeID': 77784, 'name': '1.21.1', 'slug': '1-21-1', 'apiVersion': None}
[2026, 9, 25, 18, 26, 23] ;;; curseforge; {'id': 12735, 'gameVersionTypeID': 1, 'name': '1.21.1', 'slug': '1-21-1', 'apiVersion': ''}
[2026, 9, 25, 18, 26, 23] ;;; curseforge; {'id': 16115, 'gameVersionTypeID': 615, 'name': '1.21.1', 'slug': '1-21-1', 'apiVersion': ''}
[2026, 9, 25, 18, 26, 23] ;;; curseforge; {'file': ('dynamic_monsters-neoforge-1.21.1_1.60.0.jar', <_io.BufferedReader name='.\\releases\\1.60.0\\dynamic_monsters-neoforge-1.21.1_1.60.0.jar'>, 'application/jar'), 'metadata': (None, '{"changelog": "", "displayName": "dynamic_monsters neoforge 1.21.1 1.60.0", "gameVersions": [9638, 9639, 10150, 11779], "gameVersionNames": ["Client", "Server", "NeoForge", "1.21.1"], "releaseType": "release", "relations": {"projects": [{"slug": "gstools", "projectID": 1404020, "type": "requiredDependency"}]}}', 'application/json')}
[2026, 9, 25, 18, 26, 25] ;;; curseforge; Mod file uploaded successfully! Response: {'id': 8975416}
[2026, 9, 25, 18, 26, 25] ;;; curseforge; {'id': 9638, 'gameVersionTypeID': 75208, 'name': 'Client', 'slug': 'client', 'apiVersion': ''}
[2026, 9, 25, 18, 26, 25] ;;; curseforge; {'id': 9639, 'gameVersionTypeID': 75208, 'name': 'Server', 'slug': 'server', 'apiVersion': ''}
[2026, 9, 25, 18, 26, 25] ;;; curseforge; {'id': 10150, 'gameVersionTypeID': 68441, 'name': 'NeoForge', 'slug': 'neoforge', 'apiVersion': ''}
[2026, 9, 25, 18, 26, 25] ;;; curseforge; {'id': 11779, 'gameVersionTypeID': 77784, 'name': '1.21.1', 'slug': '1-21-1', 'apiVersion': None}
[2026, 9, 25, 18, 26, 25] ;;; curseforge; {'id': 12735, 'gameVersionTypeID': 1, 'name': '1.21.1', 'slug': '1-21-1', 'apiVersion': ''}
[2026, 9, 25, 18, 26, 25] ;;; curseforge; {'id': 16115, 'gameVersionTypeID': 615, 'name': '1.21.1', 'slug': '1-21-1', 'apiVersion': ''}
[2026, 9, 25, 18, 26, 33] ;;; curseforge; {'id': 9638, 'gameVersionTypeID': 75208, 'name': 'Client', 'slug': 'client', 'apiVersion': ''}
[2026, 9, 25, 18, 26, 33] ;;; curseforge; {'id': 9639, 'gameVersionTypeID': 75208, 'name': 'Server', 'slug': 'server', 'apiVersion': ''}
[2026, 9, 25, 18, 26, 33] ;;; curseforge; {'id': 10150, 'gameVersionTypeID': 68441, 'name': 'NeoForge', 'slug': 'neoforge', 'apiVersion': ''}
[2026, 9, 25, 18, 26, 33] ;;; curseforge; {'id': 12079, 'gameVersionTypeID': 77784, 'name': '1.21.2', 'slug': '1-21-2', 'apiVersion': ''}
[2026, 9, 25, 18, 26, 33] ;;; curseforge; {'id': 12736, 'gameVersionTypeID': 1, 'name': '1.21.2', 'slug': '1-21-2', 'apiVersion': ''}
[2026, 9, 25, 18, 26, 33] ;;; curseforge; {'id': 16116, 'gameVersionTypeID': 615, 'name': '1.21.2', 'slug': '1-21-2', 'apiVersion': ''}
[2026, 9, 25, 18, 26, 33] ;;; curseforge; {'id': 9638, 'gameVersionTypeID': 75208, 'name': 'Client', 'slug': 'client', 'apiVersion': ''}
[2026, 9, 25, 18, 26, 33] ;;; curseforge; {'id': 9639, 'gameVersionTypeID': 75208, 'name': 'Server', 'slug': 'server', 'apiVersion': ''}
[2026, 9, 25, 18, 26, 33] ;;; curseforge; {'id': 10150, 'gameVersionTypeID': 68441, 'name': 'NeoForge', 'slug': 'neoforge', 'apiVersion': ''}
[2026, 9, 25, 18, 26, 33] ;;; curseforge; {'id': 12084, 'gameVersionTypeID': 77784, 'name': '1.21.3', 'slug': '1-21-3', 'apiVersion': None}
[2026, 9, 25, 18, 26, 33] ;;; curseforge; {'id': 12737, 'gameVersionTypeID': 1, 'name': '1.21.3', 'slug': '1-21-3', 'apiVersion': ''}
[2026, 9, 25, 18, 26, 33] ;;; curseforge; {'id': 16117, 'gameVersionTypeID': 615, 'name': '1.21.3', 'slug': '1-21-3', 'apiVersion': ''}
[2026, 9, 25, 18, 26, 33] ;;; curseforge; {'file': ('dynamic_monsters-neoforge-1.21.2_1.60.0.jar', <_io.BufferedReader name='.\\releases\\1.60.0\\dynamic_monsters-neoforge-1.21.2_1.60.0.jar'>, 'application/jar'), 'metadata': (None, '{"changelog": "", "displayName": "dynamic_monsters neoforge 1.21.2 1.60.0", "gameVersions": [9638, 9639, 10150, 12079, 12084], "gameVersionNames": ["Client", "Server", "NeoForge", "1.21.2", "1.21.3"], "releaseType": "release", "relations": {"projects": [{"slug": "gstools", "projectID": 1404020, "type": "requiredDependency"}]}}', 'application/json')}
[2026, 9, 25, 18, 26, 36] ;;; curseforge; Mod file uploaded successfully! Response: {'id': 8975417}
[2026, 9, 25, 18, 26, 37] ;;; curseforge; {'id': 9638, 'gameVersionTypeID': 75208, 'name': 'Client', 'slug': 'client', 'apiVersion': ''}
[2026, 9, 25, 18, 26, 37] ;;; curseforge; {'id': 9639, 'gameVersionTypeID': 75208, 'name': 'Server', 'slug': 'server', 'apiVersion': ''}
[2026, 9, 25, 18, 26, 37] ;;; curseforge; {'id': 10150, 'gameVersionTypeID': 68441, 'name': 'NeoForge', 'slug': 'neoforge', 'apiVersion': ''}
[2026, 9, 25, 18, 26, 37] ;;; curseforge; {'id': 12079, 'gameVersionTypeID': 77784, 'name': '1.21.2', 'slug': '1-21-2', 'apiVersion': ''}
[2026, 9, 25, 18, 26, 37] ;;; curseforge; {'id': 12736, 'gameVersionTypeID': 1, 'name': '1.21.2', 'slug': '1-21-2', 'apiVersion': ''}
[2026, 9, 25, 18, 26, 37] ;;; curseforge; {'id': 16116, 'gameVersionTypeID': 615, 'name': '1.21.2', 'slug': '1-21-2', 'apiVersion': ''}
[2026, 9, 25, 18, 26, 37] ;;; curseforge; {'id': 9638, 'gameVersionTypeID': 75208, 'name': 'Client', 'slug': 'client', 'apiVersion': ''}
[2026, 9, 25, 18, 26, 37] ;;; curseforge; {'id': 9639, 'gameVersionTypeID': 75208, 'name': 'Server', 'slug': 'server', 'apiVersion': ''}
[2026, 9, 25, 18, 26, 37] ;;; curseforge; {'id': 10150, 'gameVersionTypeID': 68441, 'name': 'NeoForge', 'slug': 'neoforge', 'apiVersion': ''}
[2026, 9, 25, 18, 26, 37] ;;; curseforge; {'id': 12084, 'gameVersionTypeID': 77784, 'name': '1.21.3', 'slug': '1-21-3', 'apiVersion': None}
[2026, 9, 25, 18, 26, 37] ;;; curseforge; {'id': 12737, 'gameVersionTypeID': 1, 'name': '1.21.3', 'slug': '1-21-3', 'apiVersion': ''}
[2026, 9, 25, 18, 26, 37] ;;; curseforge; {'id': 16117, 'gameVersionTypeID': 615, 'name': '1.21.3', 'slug': '1-21-3', 'apiVersion': ''}
[2026, 9, 25, 18, 26, 41] ;;; curseforge; {'id': 9638, 'gameVersionTypeID': 75208, 'name': 'Client', 'slug': 'client', 'apiVersion': ''}
[2026, 9, 25, 18, 26, 41] ;;; curseforge; {'id': 9639, 'gameVersionTypeID': 75208, 'name': 'Server', 'slug': 'server', 'apiVersion': ''}
[2026, 9, 25, 18, 26, 41] ;;; curseforge; {'id': 10150, 'gameVersionTypeID': 68441, 'name': 'NeoForge', 'slug': 'neoforge', 'apiVersion': ''}
[2026, 9, 25, 18, 26, 41] ;;; curseforge; {'id': 12281, 'gameVersionTypeID': 77784, 'name': '1.21.4', 'slug': '1-21-4', 'apiVersion': None}
[2026, 9, 25, 18, 26, 41] ;;; curseforge; {'id': 12738, 'gameVersionTypeID': 1, 'name': '1.21.4', 'slug': '1-21-4', 'apiVersion': ''}
[2026, 9, 25, 18, 26, 41] ;;; curseforge; {'id': 16118, 'gameVersionTypeID': 615, 'name': '1.21.4', 'slug': '1-21-4', 'apiVersion': ''}
[2026, 9, 25, 18, 26, 41] ;;; curseforge; {'file': ('dynamic_monsters-neoforge-1.21.4_1.60.0.jar', <_io.BufferedReader name='.\\releases\\1.60.0\\dynamic_monsters-neoforge-1.21.4_1.60.0.jar'>, 'application/jar'), 'metadata': (None, '{"changelog": "", "displayName": "dynamic_monsters neoforge 1.21.4 1.60.0", "gameVersions": [9638, 9639, 10150, 12281], "gameVersionNames": ["Client", "Server", "NeoForge", "1.21.4"], "releaseType": "release", "relations": {"projects": [{"slug": "gstools", "projectID": 1404020, "type": "requiredDependency"}]}}', 'application/json')}
[2026, 9, 25, 18, 26, 48] ;;; curseforge; Mod file uploaded successfully! Response: {'id': 8975420}
[2026, 9, 25, 18, 26, 48] ;;; curseforge; {'id': 9638, 'gameVersionTypeID': 75208, 'name': 'Client', 'slug': 'client', 'apiVersion': ''}
[2026, 9, 25, 18, 26, 48] ;;; curseforge; {'id': 9639, 'gameVersionTypeID': 75208, 'name': 'Server', 'slug': 'server', 'apiVersion': ''}
[2026, 9, 25, 18, 26, 48] ;;; curseforge; {'id': 10150, 'gameVersionTypeID': 68441, 'name': 'NeoForge', 'slug': 'neoforge', 'apiVersion': ''}
[2026, 9, 25, 18, 26, 48] ;;; curseforge; {'id': 12281, 'gameVersionTypeID': 77784, 'name': '1.21.4', 'slug': '1-21-4', 'apiVersion': None}
[2026, 9, 25, 18, 26, 48] ;;; curseforge; {'id': 12738, 'gameVersionTypeID': 1, 'name': '1.21.4', 'slug': '1-21-4', 'apiVersion': ''}
[2026, 9, 25, 18, 26, 48] ;;; curseforge; {'id': 16118, 'gameVersionTypeID': 615, 'name': '1.21.4', 'slug': '1-21-4', 'apiVersion': ''}
[2026, 9, 25, 18, 26, 52] ;;; curseforge; {'id': 9638, 'gameVersionTypeID': 75208, 'name': 'Client', 'slug': 'client', 'apiVersion': ''}
[2026, 9, 25, 18, 26, 52] ;;; curseforge; {'id': 9639, 'gameVersionTypeID': 75208, 'name': 'Server', 'slug': 'server', 'apiVersion': ''}
[2026, 9, 25, 18, 26, 52] ;;; curseforge; {'id': 10150, 'gameVersionTypeID': 68441, 'name': 'NeoForge', 'slug': 'neoforge', 'apiVersion': ''}
[2026, 9, 25, 18, 26, 52] ;;; curseforge; {'id': 12934, 'gameVersionTypeID': 77784, 'name': '1.21.5', 'slug': '1-21-5', 'apiVersion': None}
[2026, 9, 25, 18, 26, 52] ;;; curseforge; {'id': 12988, 'gameVersionTypeID': 1, 'name': '1.21.5', 'slug': '1-21-5', 'apiVersion': ''}
[2026, 9, 25, 18, 26, 52] ;;; curseforge; {'id': 16119, 'gameVersionTypeID': 615, 'name': '1.21.5', 'slug': '1-21-5', 'apiVersion': ''}
[2026, 9, 25, 18, 26, 52] ;;; curseforge; {'id': 9638, 'gameVersionTypeID': 75208, 'name': 'Client', 'slug': 'client', 'apiVersion': ''}
[2026, 9, 25, 18, 26, 52] ;;; curseforge; {'id': 9639, 'gameVersionTypeID': 75208, 'name': 'Server', 'slug': 'server', 'apiVersion': ''}
[2026, 9, 25, 18, 26, 52] ;;; curseforge; {'id': 10150, 'gameVersionTypeID': 68441, 'name': 'NeoForge', 'slug': 'neoforge', 'apiVersion': ''}
[2026, 9, 25, 18, 26, 52] ;;; curseforge; {'id': 13506, 'gameVersionTypeID': 77784, 'name': '1.21.7', 'slug': '1-21-7', 'apiVersion': None}
[2026, 9, 25, 18, 26, 52] ;;; curseforge; {'id': 13574, 'gameVersionTypeID': 1, 'name': '1.21.7', 'slug': '1-21-7', 'apiVersion': ''}
[2026, 9, 25, 18, 26, 52] ;;; curseforge; {'id': 16121, 'gameVersionTypeID': 615, 'name': '1.21.7', 'slug': '1-21-7', 'apiVersion': ''}
[2026, 9, 25, 18, 26, 52] ;;; curseforge; {'file': ('dynamic_monsters-neoforge-1.21.5_1.60.0.jar', <_io.BufferedReader name='.\\releases\\1.60.0\\dynamic_monsters-neoforge-1.21.5_1.60.0.jar'>, 'application/jar'), 'metadata': (None, '{"changelog": "", "displayName": "dynamic_monsters neoforge 1.21.5 1.60.0", "gameVersions": [9638, 9639, 10150, 12934, 13506], "gameVersionNames": ["Client", "Server", "NeoForge", "1.21.5", "1.21.7"], "releaseType": "release", "relations": {"projects": [{"slug": "gstools", "projectID": 1404020, "type": "requiredDependency"}]}}', 'application/json')}
[2026, 9, 25, 18, 26, 57] ;;; curseforge; Mod file uploaded successfully! Response: {'id': 8975421}
[2026, 9, 25, 18, 26, 57] ;;; curseforge; {'id': 9638, 'gameVersionTypeID': 75208, 'name': 'Client', 'slug': 'client', 'apiVersion': ''}
[2026, 9, 25, 18, 26, 57] ;;; curseforge; {'id': 9639, 'gameVersionTypeID': 75208, 'name': 'Server', 'slug': 'server', 'apiVersion': ''}
[2026, 9, 25, 18, 26, 57] ;;; curseforge; {'id': 10150, 'gameVersionTypeID': 68441, 'name': 'NeoForge', 'slug': 'neoforge', 'apiVersion': ''}
[2026, 9, 25, 18, 26, 57] ;;; curseforge; {'id': 12934, 'gameVersionTypeID': 77784, 'name': '1.21.5', 'slug': '1-21-5', 'apiVersion': None}
[2026, 9, 25, 18, 26, 57] ;;; curseforge; {'id': 12988, 'gameVersionTypeID': 1, 'name': '1.21.5', 'slug': '1-21-5', 'apiVersion': ''}
[2026, 9, 25, 18, 26, 57] ;;; curseforge; {'id': 16119, 'gameVersionTypeID': 615, 'name': '1.21.5', 'slug': '1-21-5', 'apiVersion': ''}
[2026, 9, 25, 18, 26, 57] ;;; curseforge; {'id': 9638, 'gameVersionTypeID': 75208, 'name': 'Client', 'slug': 'client', 'apiVersion': ''}
[2026, 9, 25, 18, 26, 57] ;;; curseforge; {'id': 9639, 'gameVersionTypeID': 75208, 'name': 'Server', 'slug': 'server', 'apiVersion': ''}
[2026, 9, 25, 18, 26, 57] ;;; curseforge; {'id': 10150, 'gameVersionTypeID': 68441, 'name': 'NeoForge', 'slug': 'neoforge', 'apiVersion': ''}
[2026, 9, 25, 18, 26, 57] ;;; curseforge; {'id': 13506, 'gameVersionTypeID': 77784, 'name': '1.21.7', 'slug': '1-21-7', 'apiVersion': None}
[2026, 9, 25, 18, 26, 57] ;;; curseforge; {'id': 13574, 'gameVersionTypeID': 1, 'name': '1.21.7', 'slug': '1-21-7', 'apiVersion': ''}
[2026, 9, 25, 18, 26, 57] ;;; curseforge; {'id': 16121, 'gameVersionTypeID': 615, 'name': '1.21.7', 'slug': '1-21-7', 'apiVersion': ''}
[2026, 9, 25, 18, 27, 2] ;;; curseforge; {'id': 9638, 'gameVersionTypeID': 75208, 'name': 'Client', 'slug': 'client', 'apiVersion': ''}
[2026, 9, 25, 18, 27, 2] ;;; curseforge; {'id': 9639, 'gameVersionTypeID': 75208, 'name': 'Server', 'slug': 'server', 'apiVersion': ''}
[2026, 9, 25, 18, 27, 2] ;;; curseforge; {'id': 10150, 'gameVersionTypeID': 68441, 'name': 'NeoForge', 'slug': 'neoforge', 'apiVersion': ''}
[2026, 9, 25, 18, 27, 2] ;;; curseforge; {'id': 13620, 'gameVersionTypeID': 77784, 'name': '1.21.8', 'slug': '1-21-8', 'apiVersion': None}
[2026, 9, 25, 18, 27, 2] ;;; curseforge; {'id': 13683, 'gameVersionTypeID': 1, 'name': '1.21.8', 'slug': '1-21-8', 'apiVersion': ''}
[2026, 9, 25, 18, 27, 2] ;;; curseforge; {'id': 16124, 'gameVersionTypeID': 615, 'name': '1.21.8', 'slug': '1-21-8', 'apiVersion': ''}
[2026, 9, 25, 18, 27, 2] ;;; curseforge; {'id': 9638, 'gameVersionTypeID': 75208, 'name': 'Client', 'slug': 'client', 'apiVersion': ''}
[2026, 9, 25, 18, 27, 2] ;;; curseforge; {'id': 9639, 'gameVersionTypeID': 75208, 'name': 'Server', 'slug': 'server', 'apiVersion': ''}
[2026, 9, 25, 18, 27, 2] ;;; curseforge; {'id': 10150, 'gameVersionTypeID': 68441, 'name': 'NeoForge', 'slug': 'neoforge', 'apiVersion': ''}
[2026, 9, 25, 18, 27, 2] ;;; curseforge; {'id': 13927, 'gameVersionTypeID': 77784, 'name': '1.21.9', 'slug': '1-21-9', 'apiVersion': None}
[2026, 9, 25, 18, 27, 2] ;;; curseforge; {'id': 13933, 'gameVersionTypeID': 1, 'name': '1.21.9', 'slug': '1-21-9', 'apiVersion': ''}
[2026, 9, 25, 18, 27, 2] ;;; curseforge; {'id': 16125, 'gameVersionTypeID': 615, 'name': '1.21.9', 'slug': '1-21-9', 'apiVersion': ''}
[2026, 9, 25, 18, 27, 2] ;;; curseforge; {'id': 9638, 'gameVersionTypeID': 75208, 'name': 'Client', 'slug': 'client', 'apiVersion': ''}
[2026, 9, 25, 18, 27, 2] ;;; curseforge; {'id': 9639, 'gameVersionTypeID': 75208, 'name': 'Server', 'slug': 'server', 'apiVersion': ''}
[2026, 9, 25, 18, 27, 2] ;;; curseforge; {'id': 10150, 'gameVersionTypeID': 68441, 'name': 'NeoForge', 'slug': 'neoforge', 'apiVersion': ''}
[2026, 9, 25, 18, 27, 2] ;;; curseforge; {'id': 13964, 'gameVersionTypeID': 77784, 'name': '1.21.10', 'slug': '1-21-10', 'apiVersion': None}
[2026, 9, 25, 18, 27, 2] ;;; curseforge; {'id': 13966, 'gameVersionTypeID': 1, 'name': '1.21.10', 'slug': '1-21-10', 'apiVersion': ''}
[2026, 9, 25, 18, 27, 2] ;;; curseforge; {'id': 16126, 'gameVersionTypeID': 615, 'name': '1.21.10', 'slug': '1-21-10', 'apiVersion': ''}
[2026, 9, 25, 18, 27, 2] ;;; curseforge; {'id': 9638, 'gameVersionTypeID': 75208, 'name': 'Client', 'slug': 'client', 'apiVersion': ''}
[2026, 9, 25, 18, 27, 2] ;;; curseforge; {'id': 9639, 'gameVersionTypeID': 75208, 'name': 'Server', 'slug': 'server', 'apiVersion': ''}
[2026, 9, 25, 18, 27, 2] ;;; curseforge; {'id': 10150, 'gameVersionTypeID': 68441, 'name': 'NeoForge', 'slug': 'neoforge', 'apiVersion': ''}
[2026, 9, 25, 18, 27, 2] ;;; curseforge; {'id': 14406, 'gameVersionTypeID': 77784, 'name': '1.21.11', 'slug': '1-21-11', 'apiVersion': None}
[2026, 9, 25, 18, 27, 2] ;;; curseforge; {'id': 14417, 'gameVersionTypeID': 1, 'name': '1.21.11', 'slug': '1-21-11', 'apiVersion': ''}
[2026, 9, 25, 18, 27, 2] ;;; curseforge; {'id': 16127, 'gameVersionTypeID': 615, 'name': '1.21.11', 'slug': '1-21-11', 'apiVersion': ''}
[2026, 9, 25, 18, 27, 2] ;;; curseforge; {'file': ('dynamic_monsters-neoforge-1.21.8_1.60.0.jar', <_io.BufferedReader name='.\\releases\\1.60.0\\dynamic_monsters-neoforge-1.21.8_1.60.0.jar'>, 'application/jar'), 'metadata': (None, '{"changelog": "", "displayName": "dynamic_monsters neoforge 1.21.8 1.60.0", "gameVersions": [9638, 9639, 10150, 13620, 13927, 13964, 14406], "gameVersionNames": ["Client", "Server", "NeoForge", "1.21.8", "1.21.9", "1.21.10", "1.21.11"], "releaseType": "release", "relations": {"projects": [{"slug": "gstools", "projectID": 1404020, "type": "requiredDependency"}]}}', 'application/json')}
[2026, 9, 25, 18, 27, 5] ;;; curseforge; Mod file uploaded successfully! Response: {'id': 8975422}
[2026, 9, 25, 18, 27, 5] ;;; curseforge; {'id': 9638, 'gameVersionTypeID': 75208, 'name': 'Client', 'slug': 'client', 'apiVersion': ''}
[2026, 9, 25, 18, 27, 5] ;;; curseforge; {'id': 9639, 'gameVersionTypeID': 75208, 'name': 'Server', 'slug': 'server', 'apiVersion': ''}
[2026, 9, 25, 18, 27, 5] ;;; curseforge; {'id': 10150, 'gameVersionTypeID': 68441, 'name': 'NeoForge', 'slug': 'neoforge', 'apiVersion': ''}
[2026, 9, 25, 18, 27, 5] ;;; curseforge; {'id': 13620, 'gameVersionTypeID': 77784, 'name': '1.21.8', 'slug': '1-21-8', 'apiVersion': None}
[2026, 9, 25, 18, 27, 5] ;;; curseforge; {'id': 13683, 'gameVersionTypeID': 1, 'name': '1.21.8', 'slug': '1-21-8', 'apiVersion': ''}
[2026, 9, 25, 18, 27, 5] ;;; curseforge; {'id': 16124, 'gameVersionTypeID': 615, 'name': '1.21.8', 'slug': '1-21-8', 'apiVersion': ''}
[2026, 9, 25, 18, 27, 5] ;;; curseforge; {'id': 9638, 'gameVersionTypeID': 75208, 'name': 'Client', 'slug': 'client', 'apiVersion': ''}
[2026, 9, 25, 18, 27, 5] ;;; curseforge; {'id': 9639, 'gameVersionTypeID': 75208, 'name': 'Server', 'slug': 'server', 'apiVersion': ''}
[2026, 9, 25, 18, 27, 5] ;;; curseforge; {'id': 10150, 'gameVersionTypeID': 68441, 'name': 'NeoForge', 'slug': 'neoforge', 'apiVersion': ''}
[2026, 9, 25, 18, 27, 5] ;;; curseforge; {'id': 13927, 'gameVersionTypeID': 77784, 'name': '1.21.9', 'slug': '1-21-9', 'apiVersion': None}
[2026, 9, 25, 18, 27, 5] ;;; curseforge; {'id': 13933, 'gameVersionTypeID': 1, 'name': '1.21.9', 'slug': '1-21-9', 'apiVersion': ''}
[2026, 9, 25, 18, 27, 5] ;;; curseforge; {'id': 16125, 'gameVersionTypeID': 615, 'name': '1.21.9', 'slug': '1-21-9', 'apiVersion': ''}
[2026, 9, 25, 18, 27, 5] ;;; curseforge; {'id': 9638, 'gameVersionTypeID': 75208, 'name': 'Client', 'slug': 'client', 'apiVersion': ''}
[2026, 9, 25, 18, 27, 5] ;;; curseforge; {'id': 9639, 'gameVersionTypeID': 75208, 'name': 'Server', 'slug': 'server', 'apiVersion': ''}
[2026, 9, 25, 18, 27, 5] ;;; curseforge; {'id': 10150, 'gameVersionTypeID': 68441, 'name': 'NeoForge', 'slug': 'neoforge', 'apiVersion': ''}
[2026, 9, 25, 18, 27, 5] ;;; curseforge; {'id': 13964, 'gameVersionTypeID': 77784, 'name': '1.21.10', 'slug': '1-21-10', 'apiVersion': None}
[2026, 9, 25, 18, 27, 5] ;;; curseforge; {'id': 13966, 'gameVersionTypeID': 1, 'name': '1.21.10', 'slug': '1-21-10', 'apiVersion': ''}
[2026, 9, 25, 18, 27, 5] ;;; curseforge; {'id': 16126, 'gameVersionTypeID': 615, 'name': '1.21.10', 'slug': '1-21-10', 'apiVersion': ''}
[2026, 9, 25, 18, 27, 5] ;;; curseforge; {'id': 9638, 'gameVersionTypeID': 75208, 'name': 'Client', 'slug': 'client', 'apiVersion': ''}
[2026, 9, 25, 18, 27, 5] ;;; curseforge; {'id': 9639, 'gameVersionTypeID': 75208, 'name': 'Server', 'slug': 'server', 'apiVersion': ''}
[2026, 9, 25, 18, 27, 5] ;;; curseforge; {'id': 10150, 'gameVersionTypeID': 68441, 'name': 'NeoForge', 'slug': 'neoforge', 'apiVersion': ''}
[2026, 9, 25, 18, 27, 5] ;;; curseforge; {'id': 14406, 'gameVersionTypeID': 77784, 'name': '1.21.11', 'slug': '1-21-11', 'apiVersion': None}
[2026, 9, 25, 18, 27, 5] ;;; curseforge; {'id': 14417, 'gameVersionTypeID': 1, 'name': '1.21.11', 'slug': '1-21-11', 'apiVersion': ''}
[2026, 9, 25, 18, 27, 5] ;;; curseforge; {'id': 16127, 'gameVersionTypeID': 615, 'name': '1.21.11', 'slug': '1-21-11', 'apiVersion': ''}
[2026, 9, 25, 18, 27, 10] ;;; curseforge; {'id': 9638, 'gameVersionTypeID': 75208, 'name': 'Client', 'slug': 'client', 'apiVersion': ''}
[2026, 9, 25, 18, 27, 10] ;;; curseforge; {'id': 9639, 'gameVersionTypeID': 75208, 'name': 'Server', 'slug': 'server', 'apiVersion': ''}
[2026, 9, 25, 18, 27, 10] ;;; curseforge; {'id': 10150, 'gameVersionTypeID': 68441, 'name': 'NeoForge', 'slug': 'neoforge', 'apiVersion': ''}
[2026, 9, 25, 18, 27, 10] ;;; curseforge; {'id': 15933, 'gameVersionTypeID': 83806, 'name': '26.1', 'slug': '26-1', 'apiVersion': None}
[2026, 9, 25, 18, 27, 10] ;;; curseforge; {'id': 16083, 'gameVersionTypeID': 1, 'name': '26.1', 'slug': '26-1', 'apiVersion': ''}
[2026, 9, 25, 18, 27, 10] ;;; curseforge; {'id': 16128, 'gameVersionTypeID': 615, 'name': '26.1', 'slug': '26-1', 'apiVersion': ''}
[2026, 9, 25, 18, 27, 10] ;;; curseforge; {'id': 9638, 'gameVersionTypeID': 75208, 'name': 'Client', 'slug': 'client', 'apiVersion': ''}
[2026, 9, 25, 18, 27, 10] ;;; curseforge; {'id': 9639, 'gameVersionTypeID': 75208, 'name': 'Server', 'slug': 'server', 'apiVersion': ''}
[2026, 9, 25, 18, 27, 10] ;;; curseforge; {'id': 10150, 'gameVersionTypeID': 68441, 'name': 'NeoForge', 'slug': 'neoforge', 'apiVersion': ''}
[2026, 9, 25, 18, 27, 10] ;;; curseforge; {'id': 16021, 'gameVersionTypeID': 83806, 'name': '26.1.1', 'slug': '26-1-1', 'apiVersion': None}
[2026, 9, 25, 18, 27, 10] ;;; curseforge; {'id': 16084, 'gameVersionTypeID': 1, 'name': '26.1.1', 'slug': '26-1-1', 'apiVersion': ''}
[2026, 9, 25, 18, 27, 10] ;;; curseforge; {'id': 16129, 'gameVersionTypeID': 615, 'name': '26.1.1', 'slug': '26-1-1', 'apiVersion': ''}
[2026, 9, 25, 18, 27, 10] ;;; curseforge; {'id': 9638, 'gameVersionTypeID': 75208, 'name': 'Client', 'slug': 'client', 'apiVersion': ''}
[2026, 9, 25, 18, 27, 10] ;;; curseforge; {'id': 9639, 'gameVersionTypeID': 75208, 'name': 'Server', 'slug': 'server', 'apiVersion': ''}
[2026, 9, 25, 18, 27, 10] ;;; curseforge; {'id': 10150, 'gameVersionTypeID': 68441, 'name': 'NeoForge', 'slug': 'neoforge', 'apiVersion': ''}
[2026, 9, 25, 18, 27, 10] ;;; curseforge; {'id': 16082, 'gameVersionTypeID': 83806, 'name': '26.1.2', 'slug': '26-1-2', 'apiVersion': None}
[2026, 9, 25, 18, 27, 10] ;;; curseforge; {'id': 16085, 'gameVersionTypeID': 1, 'name': '26.1.2', 'slug': '26-1-2', 'apiVersion': ''}
[2026, 9, 25, 18, 27, 10] ;;; curseforge; {'id': 16130, 'gameVersionTypeID': 615, 'name': '26.1.2', 'slug': '26-1-2', 'apiVersion': ''}
[2026, 9, 25, 18, 27, 10] ;;; curseforge; {'file': ('dynamic_monsters-neoforge-26.1_1.60.0.jar', <_io.BufferedReader name='.\\releases\\1.60.0\\dynamic_monsters-neoforge-26.1_1.60.0.jar'>, 'application/jar'), 'metadata': (None, '{"changelog": "", "displayName": "dynamic_monsters neoforge 26.1 1.60.0", "gameVersions": [9638, 9639, 10150, 15933, 16021, 16082], "gameVersionNames": ["Client", "Server", "NeoForge", "26.1", "26.1.1", "26.1.2"], "releaseType": "release", "relations": {"projects": [{"slug": "gstools", "projectID": 1404020, "type": "requiredDependency"}]}}', 'application/json')}
[2026, 9, 25, 18, 27, 15] ;;; curseforge; Mod file uploaded successfully! Response: {'id': 8975423}
[2026, 9, 25, 18, 27, 15] ;;; curseforge; {'id': 9638, 'gameVersionTypeID': 75208, 'name': 'Client', 'slug': 'client', 'apiVersion': ''}
[2026, 9, 25, 18, 27, 15] ;;; curseforge; {'id': 9639, 'gameVersionTypeID': 75208, 'name': 'Server', 'slug': 'server', 'apiVersion': ''}
[2026, 9, 25, 18, 27, 15] ;;; curseforge; {'id': 10150, 'gameVersionTypeID': 68441, 'name': 'NeoForge', 'slug': 'neoforge', 'apiVersion': ''}
[2026, 9, 25, 18, 27, 15] ;;; curseforge; {'id': 15933, 'gameVersionTypeID': 83806, 'name': '26.1', 'slug': '26-1', 'apiVersion': None}
[2026, 9, 25, 18, 27, 15] ;;; curseforge; {'id': 16083, 'gameVersionTypeID': 1, 'name': '26.1', 'slug': '26-1', 'apiVersion': ''}
[2026, 9, 25, 18, 27, 15] ;;; curseforge; {'id': 16128, 'gameVersionTypeID': 615, 'name': '26.1', 'slug': '26-1', 'apiVersion': ''}
[2026, 9, 25, 18, 27, 15] ;;; curseforge; {'id': 9638, 'gameVersionTypeID': 75208, 'name': 'Client', 'slug': 'client', 'apiVersion': ''}
[2026, 9, 25, 18, 27, 15] ;;; curseforge; {'id': 9639, 'gameVersionTypeID': 75208, 'name': 'Server', 'slug': 'server', 'apiVersion': ''}
[2026, 9, 25, 18, 27, 15] ;;; curseforge; {'id': 10150, 'gameVersionTypeID': 68441, 'name': 'NeoForge', 'slug': 'neoforge', 'apiVersion': ''}
[2026, 9, 25, 18, 27, 15] ;;; curseforge; {'id': 16021, 'gameVersionTypeID': 83806, 'name': '26.1.1', 'slug': '26-1-1', 'apiVersion': None}
[2026, 9, 25, 18, 27, 15] ;;; curseforge; {'id': 16084, 'gameVersionTypeID': 1, 'name': '26.1.1', 'slug': '26-1-1', 'apiVersion': ''}
[2026, 9, 25, 18, 27, 15] ;;; curseforge; {'id': 16129, 'gameVersionTypeID': 615, 'name': '26.1.1', 'slug': '26-1-1', 'apiVersion': ''}
[2026, 9, 25, 18, 27, 15] ;;; curseforge; {'id': 9638, 'gameVersionTypeID': 75208, 'name': 'Client', 'slug': 'client', 'apiVersion': ''}
[2026, 9, 25, 18, 27, 15] ;;; curseforge; {'id': 9639, 'gameVersionTypeID': 75208, 'name': 'Server', 'slug': 'server', 'apiVersion': ''}
[2026, 9, 25, 18, 27, 15] ;;; curseforge; {'id': 10150, 'gameVersionTypeID': 68441, 'name': 'NeoForge', 'slug': 'neoforge', 'apiVersion': ''}
[2026, 9, 25, 18, 27, 15] ;;; curseforge; {'id': 16082, 'gameVersionTypeID': 83806, 'name': '26.1.2', 'slug': '26-1-2', 'apiVersion': None}
[2026, 9, 25, 18, 27, 15] ;;; curseforge; {'id': 16085, 'gameVersionTypeID': 1, 'name': '26.1.2', 'slug': '26-1-2', 'apiVersion': ''}
[2026, 9, 25, 18, 27, 15] ;;; curseforge; {'id': 16130, 'gameVersionTypeID': 615, 'name': '26.1.2', 'slug': '26-1-2', 'apiVersion': ''}
[2026, 9, 25, 18, 27, 20] ;;; curseforge; {'id': 9638, 'gameVersionTypeID': 75208, 'name': 'Client', 'slug': 'client', 'apiVersion': ''}
[2026, 9, 25, 18, 27, 20] ;;; curseforge; {'id': 9639, 'gameVersionTypeID': 75208, 'name': 'Server', 'slug': 'server', 'apiVersion': ''}
[2026, 9, 25, 18, 27, 20] ;;; curseforge; {'id': 10150, 'gameVersionTypeID': 68441, 'name': 'NeoForge', 'slug': 'neoforge', 'apiVersion': ''}
[2026, 9, 25, 18, 27, 20] ;;; curseforge; {'id': 16498, 'gameVersionTypeID': 86297, 'name': '26.2', 'slug': '26-2', 'apiVersion': None}
[2026, 9, 25, 18, 27, 20] ;;; curseforge; {'id': 16500, 'gameVersionTypeID': 1, 'name': '26.2', 'slug': '26-2', 'apiVersion': ''}
[2026, 9, 25, 18, 27, 20] ;;; curseforge; {'file': ('dynamic_monsters-neoforge-26.2_1.60.0.jar', <_io.BufferedReader name='.\\releases\\1.60.0\\dynamic_monsters-neoforge-26.2_1.60.0.jar'>, 'application/jar'), 'metadata': (None, '{"changelog": "", "displayName": "dynamic_monsters neoforge 26.2 1.60.0", "gameVersions": [9638, 9639, 10150, 16498], "gameVersionNames": ["Client", "Server", "NeoForge", "26.2"], "releaseType": "release", "relations": {"projects": [{"slug": "gstools", "projectID": 1404020, "type": "requiredDependency"}]}}', 'application/json')}
[2026, 9, 25, 18, 27, 20] ;;; curseforge; Mod file uploaded successfully! Response: {'id': 8975425}
[2026, 9, 25, 18, 27, 21] ;;; curseforge; {'id': 9638, 'gameVersionTypeID': 75208, 'name': 'Client', 'slug': 'client', 'apiVersion': ''}
[2026, 9, 25, 18, 27, 21] ;;; curseforge; {'id': 9639, 'gameVersionTypeID': 75208, 'name': 'Server', 'slug': 'server', 'apiVersion': ''}
[2026, 9, 25, 18, 27, 21] ;;; curseforge; {'id': 10150, 'gameVersionTypeID': 68441, 'name': 'NeoForge', 'slug': 'neoforge', 'apiVersion': ''}
[2026, 9, 25, 18, 27, 21] ;;; curseforge; {'id': 16498, 'gameVersionTypeID': 86297, 'name': '26.2', 'slug': '26-2', 'apiVersion': None}
[2026, 9, 25, 18, 27, 21] ;;; curseforge; {'id': 16500, 'gameVersionTypeID': 1, 'name': '26.2', 'slug': '26-2', 'apiVersion': ''}
[2026, 9, 25, 18, 27, 24] ;;; curseforge; {'id': 7499, 'gameVersionTypeID': 68441, 'name': 'Fabric', 'slug': 'fabric', 'apiVersion': ''}
[2026, 9, 25, 18, 27, 24] ;;; curseforge; {'id': 9638, 'gameVersionTypeID': 75208, 'name': 'Client', 'slug': 'client', 'apiVersion': ''}
[2026, 9, 25, 18, 27, 24] ;;; curseforge; {'id': 9639, 'gameVersionTypeID': 75208, 'name': 'Server', 'slug': 'server', 'apiVersion': ''}
[2026, 9, 25, 18, 27, 24] ;;; curseforge; {'id': 13927, 'gameVersionTypeID': 77784, 'name': '1.21.9', 'slug': '1-21-9', 'apiVersion': None}
[2026, 9, 25, 18, 27, 24] ;;; curseforge; {'id': 13933, 'gameVersionTypeID': 1, 'name': '1.21.9', 'slug': '1-21-9', 'apiVersion': ''}
[2026, 9, 25, 18, 27, 24] ;;; curseforge; {'id': 16125, 'gameVersionTypeID': 615, 'name': '1.21.9', 'slug': '1-21-9', 'apiVersion': ''}
[2026, 9, 25, 18, 27, 24] ;;; curseforge; {'id': 7499, 'gameVersionTypeID': 68441, 'name': 'Fabric', 'slug': 'fabric', 'apiVersion': ''}
[2026, 9, 25, 18, 27, 24] ;;; curseforge; {'id': 9638, 'gameVersionTypeID': 75208, 'name': 'Client', 'slug': 'client', 'apiVersion': ''}
[2026, 9, 25, 18, 27, 24] ;;; curseforge; {'id': 9639, 'gameVersionTypeID': 75208, 'name': 'Server', 'slug': 'server', 'apiVersion': ''}
[2026, 9, 25, 18, 27, 24] ;;; curseforge; {'id': 13964, 'gameVersionTypeID': 77784, 'name': '1.21.10', 'slug': '1-21-10', 'apiVersion': None}
[2026, 9, 25, 18, 27, 24] ;;; curseforge; {'id': 13966, 'gameVersionTypeID': 1, 'name': '1.21.10', 'slug': '1-21-10', 'apiVersion': ''}
[2026, 9, 25, 18, 27, 24] ;;; curseforge; {'id': 16126, 'gameVersionTypeID': 615, 'name': '1.21.10', 'slug': '1-21-10', 'apiVersion': ''}
[2026, 9, 25, 18, 27, 24] ;;; curseforge; {'id': 7499, 'gameVersionTypeID': 68441, 'name': 'Fabric', 'slug': 'fabric', 'apiVersion': ''}
[2026, 9, 25, 18, 27, 24] ;;; curseforge; {'id': 9638, 'gameVersionTypeID': 75208, 'name': 'Client', 'slug': 'client', 'apiVersion': ''}
[2026, 9, 25, 18, 27, 24] ;;; curseforge; {'id': 9639, 'gameVersionTypeID': 75208, 'name': 'Server', 'slug': 'server', 'apiVersion': ''}
[2026, 9, 25, 18, 27, 24] ;;; curseforge; {'id': 14406, 'gameVersionTypeID': 77784, 'name': '1.21.11', 'slug': '1-21-11', 'apiVersion': None}
[2026, 9, 25, 18, 27, 24] ;;; curseforge; {'id': 14417, 'gameVersionTypeID': 1, 'name': '1.21.11', 'slug': '1-21-11', 'apiVersion': ''}
[2026, 9, 25, 18, 27, 24] ;;; curseforge; {'id': 16127, 'gameVersionTypeID': 615, 'name': '1.21.11', 'slug': '1-21-11', 'apiVersion': ''}
[2026, 9, 25, 18, 27, 24] ;;; curseforge; {'file': ('enhanced_survival-fabric-1.21.9_1.60.0.jar', <_io.BufferedReader name='.\\releases\\1.60.0\\enhanced_survival-fabric-1.21.9_1.60.0.jar'>, 'application/jar'), 'metadata': (None, '{"changelog": "", "displayName": "enhanced_survival fabric 1.21.9 1.60.0", "gameVersions": [7499, 9638, 9639, 13927, 13964, 14406], "gameVersionNames": ["Fabric", "Client", "Server", "1.21.9", "1.21.10", "1.21.11"], "releaseType": "release", "relations": {"projects": [{"slug": "gstools", "projectID": 1404020, "type": "requiredDependency"}]}}', 'application/json')}
[2026, 9, 25, 18, 27, 25] ;;; curseforge; Mod file uploaded successfully! Response: {'id': 8975426}
[2026, 9, 25, 18, 27, 25] ;;; curseforge; {'id': 7499, 'gameVersionTypeID': 68441, 'name': 'Fabric', 'slug': 'fabric', 'apiVersion': ''}
[2026, 9, 25, 18, 27, 25] ;;; curseforge; {'id': 9638, 'gameVersionTypeID': 75208, 'name': 'Client', 'slug': 'client', 'apiVersion': ''}
[2026, 9, 25, 18, 27, 25] ;;; curseforge; {'id': 9639, 'gameVersionTypeID': 75208, 'name': 'Server', 'slug': 'server', 'apiVersion': ''}
[2026, 9, 25, 18, 27, 25] ;;; curseforge; {'id': 13927, 'gameVersionTypeID': 77784, 'name': '1.21.9', 'slug': '1-21-9', 'apiVersion': None}
[2026, 9, 25, 18, 27, 25] ;;; curseforge; {'id': 13933, 'gameVersionTypeID': 1, 'name': '1.21.9', 'slug': '1-21-9', 'apiVersion': ''}
[2026, 9, 25, 18, 27, 25] ;;; curseforge; {'id': 16125, 'gameVersionTypeID': 615, 'name': '1.21.9', 'slug': '1-21-9', 'apiVersion': ''}
[2026, 9, 25, 18, 27, 25] ;;; curseforge; {'id': 7499, 'gameVersionTypeID': 68441, 'name': 'Fabric', 'slug': 'fabric', 'apiVersion': ''}
[2026, 9, 25, 18, 27, 25] ;;; curseforge; {'id': 9638, 'gameVersionTypeID': 75208, 'name': 'Client', 'slug': 'client', 'apiVersion': ''}
[2026, 9, 25, 18, 27, 25] ;;; curseforge; {'id': 9639, 'gameVersionTypeID': 75208, 'name': 'Server', 'slug': 'server', 'apiVersion': ''}
[2026, 9, 25, 18, 27, 25] ;;; curseforge; {'id': 13964, 'gameVersionTypeID': 77784, 'name': '1.21.10', 'slug': '1-21-10', 'apiVersion': None}
[2026, 9, 25, 18, 27, 25] ;;; curseforge; {'id': 13966, 'gameVersionTypeID': 1, 'name': '1.21.10', 'slug': '1-21-10', 'apiVersion': ''}
[2026, 9, 25, 18, 27, 25] ;;; curseforge; {'id': 16126, 'gameVersionTypeID': 615, 'name': '1.21.10', 'slug': '1-21-10', 'apiVersion': ''}
[2026, 9, 25, 18, 27, 25] ;;; curseforge; {'id': 7499, 'gameVersionTypeID': 68441, 'name': 'Fabric', 'slug': 'fabric', 'apiVersion': ''}
[2026, 9, 25, 18, 27, 25] ;;; curseforge; {'id': 9638, 'gameVersionTypeID': 75208, 'name': 'Client', 'slug': 'client', 'apiVersion': ''}
[2026, 9, 25, 18, 27, 25] ;;; curseforge; {'id': 9639, 'gameVersionTypeID': 75208, 'name': 'Server', 'slug': 'server', 'apiVersion': ''}
[2026, 9, 25, 18, 27, 25] ;;; curseforge; {'id': 14406, 'gameVersionTypeID': 77784, 'name': '1.21.11', 'slug': '1-21-11', 'apiVersion': None}
[2026, 9, 25, 18, 27, 25] ;;; curseforge; {'id': 14417, 'gameVersionTypeID': 1, 'name': '1.21.11', 'slug': '1-21-11', 'apiVersion': ''}
[2026, 9, 25, 18, 27, 25] ;;; curseforge; {'id': 16127, 'gameVersionTypeID': 615, 'name': '1.21.11', 'slug': '1-21-11', 'apiVersion': ''}
[2026, 9, 25, 18, 27, 28] ;;; curseforge; {'id': 7499, 'gameVersionTypeID': 68441, 'name': 'Fabric', 'slug': 'fabric', 'apiVersion': ''}
[2026, 9, 25, 18, 27, 28] ;;; curseforge; {'id': 9638, 'gameVersionTypeID': 75208, 'name': 'Client', 'slug': 'client', 'apiVersion': ''}
[2026, 9, 25, 18, 27, 28] ;;; curseforge; {'id': 9639, 'gameVersionTypeID': 75208, 'name': 'Server', 'slug': 'server', 'apiVersion': ''}
[2026, 9, 25, 18, 27, 28] ;;; curseforge; {'id': 15933, 'gameVersionTypeID': 83806, 'name': '26.1', 'slug': '26-1', 'apiVersion': None}
[2026, 9, 25, 18, 27, 28] ;;; curseforge; {'id': 16083, 'gameVersionTypeID': 1, 'name': '26.1', 'slug': '26-1', 'apiVersion': ''}
[2026, 9, 25, 18, 27, 28] ;;; curseforge; {'id': 16128, 'gameVersionTypeID': 615, 'name': '26.1', 'slug': '26-1', 'apiVersion': ''}
[2026, 9, 25, 18, 27, 28] ;;; curseforge; {'id': 7499, 'gameVersionTypeID': 68441, 'name': 'Fabric', 'slug': 'fabric', 'apiVersion': ''}
[2026, 9, 25, 18, 27, 28] ;;; curseforge; {'id': 9638, 'gameVersionTypeID': 75208, 'name': 'Client', 'slug': 'client', 'apiVersion': ''}
[2026, 9, 25, 18, 27, 28] ;;; curseforge; {'id': 9639, 'gameVersionTypeID': 75208, 'name': 'Server', 'slug': 'server', 'apiVersion': ''}
[2026, 9, 25, 18, 27, 28] ;;; curseforge; {'id': 16021, 'gameVersionTypeID': 83806, 'name': '26.1.1', 'slug': '26-1-1', 'apiVersion': None}
[2026, 9, 25, 18, 27, 28] ;;; curseforge; {'id': 16084, 'gameVersionTypeID': 1, 'name': '26.1.1', 'slug': '26-1-1', 'apiVersion': ''}
[2026, 9, 25, 18, 27, 28] ;;; curseforge; {'id': 16129, 'gameVersionTypeID': 615, 'name': '26.1.1', 'slug': '26-1-1', 'apiVersion': ''}
[2026, 9, 25, 18, 27, 28] ;;; curseforge; {'id': 7499, 'gameVersionTypeID': 68441, 'name': 'Fabric', 'slug': 'fabric', 'apiVersion': ''}
[2026, 9, 25, 18, 27, 28] ;;; curseforge; {'id': 9638, 'gameVersionTypeID': 75208, 'name': 'Client', 'slug': 'client', 'apiVersion': ''}
[2026, 9, 25, 18, 27, 28] ;;; curseforge; {'id': 9639, 'gameVersionTypeID': 75208, 'name': 'Server', 'slug': 'server', 'apiVersion': ''}
[2026, 9, 25, 18, 27, 28] ;;; curseforge; {'id': 16082, 'gameVersionTypeID': 83806, 'name': '26.1.2', 'slug': '26-1-2', 'apiVersion': None}
[2026, 9, 25, 18, 27, 28] ;;; curseforge; {'id': 16085, 'gameVersionTypeID': 1, 'name': '26.1.2', 'slug': '26-1-2', 'apiVersion': ''}
[2026, 9, 25, 18, 27, 28] ;;; curseforge; {'id': 16130, 'gameVersionTypeID': 615, 'name': '26.1.2', 'slug': '26-1-2', 'apiVersion': ''}
[2026, 9, 25, 18, 27, 28] ;;; curseforge; {'file': ('enhanced_survival-fabric-26.1_1.60.0.jar', <_io.BufferedReader name='.\\releases\\1.60.0\\enhanced_survival-fabric-26.1_1.60.0.jar'>, 'application/jar'), 'metadata': (None, '{"changelog": "", "displayName": "enhanced_survival fabric 26.1 1.60.0", "gameVersions": [7499, 9638, 9639, 15933, 16021, 16082], "gameVersionNames": ["Fabric", "Client", "Server", "26.1", "26.1.1", "26.1.2"], "releaseType": "release", "relations": {"projects": [{"slug": "gstools", "projectID": 1404020, "type": "requiredDependency"}]}}', 'application/json')}
[2026, 9, 25, 18, 27, 31] ;;; curseforge; Mod file uploaded successfully! Response: {'id': 8975427}
[2026, 9, 25, 18, 27, 32] ;;; curseforge; {'id': 7499, 'gameVersionTypeID': 68441, 'name': 'Fabric', 'slug': 'fabric', 'apiVersion': ''}
[2026, 9, 25, 18, 27, 32] ;;; curseforge; {'id': 9638, 'gameVersionTypeID': 75208, 'name': 'Client', 'slug': 'client', 'apiVersion': ''}
[2026, 9, 25, 18, 27, 32] ;;; curseforge; {'id': 9639, 'gameVersionTypeID': 75208, 'name': 'Server', 'slug': 'server', 'apiVersion': ''}
[2026, 9, 25, 18, 27, 32] ;;; curseforge; {'id': 15933, 'gameVersionTypeID': 83806, 'name': '26.1', 'slug': '26-1', 'apiVersion': None}
[2026, 9, 25, 18, 27, 32] ;;; curseforge; {'id': 16083, 'gameVersionTypeID': 1, 'name': '26.1', 'slug': '26-1', 'apiVersion': ''}
[2026, 9, 25, 18, 27, 32] ;;; curseforge; {'id': 16128, 'gameVersionTypeID': 615, 'name': '26.1', 'slug': '26-1', 'apiVersion': ''}
[2026, 9, 25, 18, 27, 32] ;;; curseforge; {'id': 7499, 'gameVersionTypeID': 68441, 'name': 'Fabric', 'slug': 'fabric', 'apiVersion': ''}
[2026, 9, 25, 18, 27, 32] ;;; curseforge; {'id': 9638, 'gameVersionTypeID': 75208, 'name': 'Client', 'slug': 'client', 'apiVersion': ''}
[2026, 9, 25, 18, 27, 32] ;;; curseforge; {'id': 9639, 'gameVersionTypeID': 75208, 'name': 'Server', 'slug': 'server', 'apiVersion': ''}
[2026, 9, 25, 18, 27, 32] ;;; curseforge; {'id': 16021, 'gameVersionTypeID': 83806, 'name': '26.1.1', 'slug': '26-1-1', 'apiVersion': None}
[2026, 9, 25, 18, 27, 32] ;;; curseforge; {'id': 16084, 'gameVersionTypeID': 1, 'name': '26.1.1', 'slug': '26-1-1', 'apiVersion': ''}
[2026, 9, 25, 18, 27, 32] ;;; curseforge; {'id': 16129, 'gameVersionTypeID': 615, 'name': '26.1.1', 'slug': '26-1-1', 'apiVersion': ''}
[2026, 9, 25, 18, 27, 32] ;;; curseforge; {'id': 7499, 'gameVersionTypeID': 68441, 'name': 'Fabric', 'slug': 'fabric', 'apiVersion': ''}
[2026, 9, 25, 18, 27, 32] ;;; curseforge; {'id': 9638, 'gameVersionTypeID': 75208, 'name': 'Client', 'slug': 'client', 'apiVersion': ''}
[2026, 9, 25, 18, 27, 32] ;;; curseforge; {'id': 9639, 'gameVersionTypeID': 75208, 'name': 'Server', 'slug': 'server', 'apiVersion': ''}
[2026, 9, 25, 18, 27, 32] ;;; curseforge; {'id': 16082, 'gameVersionTypeID': 83806, 'name': '26.1.2', 'slug': '26-1-2', 'apiVersion': None}
[2026, 9, 25, 18, 27, 32] ;;; curseforge; {'id': 16085, 'gameVersionTypeID': 1, 'name': '26.1.2', 'slug': '26-1-2', 'apiVersion': ''}
[2026, 9, 25, 18, 27, 32] ;;; curseforge; {'id': 16130, 'gameVersionTypeID': 615, 'name': '26.1.2', 'slug': '26-1-2', 'apiVersion': ''}
[2026, 9, 25, 18, 27, 35] ;;; curseforge; {'id': 7499, 'gameVersionTypeID': 68441, 'name': 'Fabric', 'slug': 'fabric', 'apiVersion': ''}
[2026, 9, 25, 18, 27, 35] ;;; curseforge; {'id': 9638, 'gameVersionTypeID': 75208, 'name': 'Client', 'slug': 'client', 'apiVersion': ''}
[2026, 9, 25, 18, 27, 35] ;;; curseforge; {'id': 9639, 'gameVersionTypeID': 75208, 'name': 'Server', 'slug': 'server', 'apiVersion': ''}
[2026, 9, 25, 18, 27, 35] ;;; curseforge; {'id': 16498, 'gameVersionTypeID': 86297, 'name': '26.2', 'slug': '26-2', 'apiVersion': None}
[2026, 9, 25, 18, 27, 35] ;;; curseforge; {'id': 16500, 'gameVersionTypeID': 1, 'name': '26.2', 'slug': '26-2', 'apiVersion': ''}
[2026, 9, 25, 18, 27, 35] ;;; curseforge; {'file': ('enhanced_survival-fabric-26.2_1.60.0.jar', <_io.BufferedReader name='.\\releases\\1.60.0\\enhanced_survival-fabric-26.2_1.60.0.jar'>, 'application/jar'), 'metadata': (None, '{"changelog": "", "displayName": "enhanced_survival fabric 26.2 1.60.0", "gameVersions": [7499, 9638, 9639, 16498], "gameVersionNames": ["Fabric", "Client", "Server", "26.2"], "releaseType": "release", "relations": {"projects": [{"slug": "gstools", "projectID": 1404020, "type": "requiredDependency"}]}}', 'application/json')}
[2026, 9, 25, 18, 27, 36] ;;; curseforge; Mod file uploaded successfully! Response: {'id': 8975428}
[2026, 9, 25, 18, 27, 36] ;;; curseforge; {'id': 7499, 'gameVersionTypeID': 68441, 'name': 'Fabric', 'slug': 'fabric', 'apiVersion': ''}
[2026, 9, 25, 18, 27, 36] ;;; curseforge; {'id': 9638, 'gameVersionTypeID': 75208, 'name': 'Client', 'slug': 'client', 'apiVersion': ''}
[2026, 9, 25, 18, 27, 36] ;;; curseforge; {'id': 9639, 'gameVersionTypeID': 75208, 'name': 'Server', 'slug': 'server', 'apiVersion': ''}
[2026, 9, 25, 18, 27, 36] ;;; curseforge; {'id': 16498, 'gameVersionTypeID': 86297, 'name': '26.2', 'slug': '26-2', 'apiVersion': None}
[2026, 9, 25, 18, 27, 36] ;;; curseforge; {'id': 16500, 'gameVersionTypeID': 1, 'name': '26.2', 'slug': '26-2', 'apiVersion': ''}
[2026, 9, 25, 18, 27, 40] ;;; curseforge; {'id': 7498, 'gameVersionTypeID': 68441, 'name': 'Forge', 'slug': 'forge', 'apiVersion': ''}
[2026, 9, 25, 18, 27, 40] ;;; curseforge; {'id': 9638, 'gameVersionTypeID': 75208, 'name': 'Client', 'slug': 'client', 'apiVersion': ''}
[2026, 9, 25, 18, 27, 40] ;;; curseforge; {'id': 9639, 'gameVersionTypeID': 75208, 'name': 'Server', 'slug': 'server', 'apiVersion': ''}
[2026, 9, 25, 18, 27, 40] ;;; curseforge; {'id': 9776, 'gameVersionTypeID': 73407, 'name': '1.19.4', 'slug': '1-19-4', 'apiVersion': ''}
[2026, 9, 25, 18, 27, 40] ;;; curseforge; {'id': 9792, 'gameVersionTypeID': 615, 'name': '1.19.4', 'slug': '1-19-4', 'apiVersion': ''}
[2026, 9, 25, 18, 27, 40] ;;; curseforge; {'id': 9973, 'gameVersionTypeID': 1, 'name': '1.19.4', 'slug': '1-19-4', 'apiVersion': ''}
[2026, 9, 25, 18, 27, 40] ;;; curseforge; {'file': ('enhanced_survival-forge-1.19.4_1.60.0.jar', <_io.BufferedReader name='.\\releases\\1.60.0\\enhanced_survival-forge-1.19.4_1.60.0.jar'>, 'application/jar'), 'metadata': (None, '{"changelog": "", "displayName": "enhanced_survival forge 1.19.4 1.60.0", "gameVersions": [7498, 9638, 9639, 9776], "gameVersionNames": ["Forge", "Client", "Server", "1.19.4"], "releaseType": "release", "relations": {"projects": [{"slug": "gstools", "projectID": 1404020, "type": "requiredDependency"}]}}', 'application/json')}
[2026, 9, 25, 18, 27, 41] ;;; curseforge; Mod file uploaded successfully! Response: {'id': 8975429}
[2026, 9, 25, 18, 27, 41] ;;; curseforge; {'id': 7498, 'gameVersionTypeID': 68441, 'name': 'Forge', 'slug': 'forge', 'apiVersion': ''}
[2026, 9, 25, 18, 27, 41] ;;; curseforge; {'id': 9638, 'gameVersionTypeID': 75208, 'name': 'Client', 'slug': 'client', 'apiVersion': ''}
[2026, 9, 25, 18, 27, 41] ;;; curseforge; {'id': 9639, 'gameVersionTypeID': 75208, 'name': 'Server', 'slug': 'server', 'apiVersion': ''}
[2026, 9, 25, 18, 27, 41] ;;; curseforge; {'id': 9776, 'gameVersionTypeID': 73407, 'name': '1.19.4', 'slug': '1-19-4', 'apiVersion': ''}
[2026, 9, 25, 18, 27, 41] ;;; curseforge; {'id': 9792, 'gameVersionTypeID': 615, 'name': '1.19.4', 'slug': '1-19-4', 'apiVersion': ''}
[2026, 9, 25, 18, 27, 41] ;;; curseforge; {'id': 9973, 'gameVersionTypeID': 1, 'name': '1.19.4', 'slug': '1-19-4', 'apiVersion': ''}
[2026, 9, 25, 18, 27, 46] ;;; curseforge; {'id': 7498, 'gameVersionTypeID': 68441, 'name': 'Forge', 'slug': 'forge', 'apiVersion': ''}
[2026, 9, 25, 18, 27, 46] ;;; curseforge; {'id': 9638, 'gameVersionTypeID': 75208, 'name': 'Client', 'slug': 'client', 'apiVersion': ''}
[2026, 9, 25, 18, 27, 46] ;;; curseforge; {'id': 9639, 'gameVersionTypeID': 75208, 'name': 'Server', 'slug': 'server', 'apiVersion': ''}
[2026, 9, 25, 18, 27, 46] ;;; curseforge; {'id': 9990, 'gameVersionTypeID': 75125, 'name': '1.20.1', 'slug': '1-20-1', 'apiVersion': None}
[2026, 9, 25, 18, 27, 46] ;;; curseforge; {'id': 9993, 'gameVersionTypeID': 615, 'name': '1.20.1', 'slug': '1-20-1', 'apiVersion': ''}
[2026, 9, 25, 18, 27, 46] ;;; curseforge; {'id': 9994, 'gameVersionTypeID': 1, 'name': '1.20.1', 'slug': '1-20-1', 'apiVersion': ''}
[2026, 9, 25, 18, 27, 46] ;;; curseforge; {'file': ('enhanced_survival-forge-1.20.1_1.60.0.jar', <_io.BufferedReader name='.\\releases\\1.60.0\\enhanced_survival-forge-1.20.1_1.60.0.jar'>, 'application/jar'), 'metadata': (None, '{"changelog": "", "displayName": "enhanced_survival forge 1.20.1 1.60.0", "gameVersions": [7498, 9638, 9639, 9990], "gameVersionNames": ["Forge", "Client", "Server", "1.20.1"], "releaseType": "release", "relations": {"projects": [{"slug": "gstools", "projectID": 1404020, "type": "requiredDependency"}]}}', 'application/json')}
[2026, 9, 25, 18, 27, 47] ;;; curseforge; Mod file uploaded successfully! Response: {'id': 8975430}
[2026, 9, 25, 18, 27, 48] ;;; curseforge; {'id': 7498, 'gameVersionTypeID': 68441, 'name': 'Forge', 'slug': 'forge', 'apiVersion': ''}
[2026, 9, 25, 18, 27, 48] ;;; curseforge; {'id': 9638, 'gameVersionTypeID': 75208, 'name': 'Client', 'slug': 'client', 'apiVersion': ''}
[2026, 9, 25, 18, 27, 48] ;;; curseforge; {'id': 9639, 'gameVersionTypeID': 75208, 'name': 'Server', 'slug': 'server', 'apiVersion': ''}
[2026, 9, 25, 18, 27, 48] ;;; curseforge; {'id': 9990, 'gameVersionTypeID': 75125, 'name': '1.20.1', 'slug': '1-20-1', 'apiVersion': None}
[2026, 9, 25, 18, 27, 48] ;;; curseforge; {'id': 9993, 'gameVersionTypeID': 615, 'name': '1.20.1', 'slug': '1-20-1', 'apiVersion': ''}
[2026, 9, 25, 18, 27, 48] ;;; curseforge; {'id': 9994, 'gameVersionTypeID': 1, 'name': '1.20.1', 'slug': '1-20-1', 'apiVersion': ''}
[2026, 9, 25, 18, 27, 51] ;;; curseforge; {'id': 9638, 'gameVersionTypeID': 75208, 'name': 'Client', 'slug': 'client', 'apiVersion': ''}
[2026, 9, 25, 18, 27, 51] ;;; curseforge; {'id': 9639, 'gameVersionTypeID': 75208, 'name': 'Server', 'slug': 'server', 'apiVersion': ''}
[2026, 9, 25, 18, 27, 51] ;;; curseforge; {'id': 10150, 'gameVersionTypeID': 68441, 'name': 'NeoForge', 'slug': 'neoforge', 'apiVersion': ''}
[2026, 9, 25, 18, 27, 51] ;;; curseforge; {'id': 10407, 'gameVersionTypeID': 75125, 'name': '1.20.4', 'slug': '1-20-4', 'apiVersion': None}
[2026, 9, 25, 18, 27, 51] ;;; curseforge; {'id': 10742, 'gameVersionTypeID': 1, 'name': '1.20.4', 'slug': '1-20-4', 'apiVersion': ''}
[2026, 9, 25, 18, 27, 51] ;;; curseforge; {'id': 10866, 'gameVersionTypeID': 615, 'name': '1.20.4', 'slug': '1-20-4', 'apiVersion': ''}
[2026, 9, 25, 18, 27, 51] ;;; curseforge; {'file': ('enhanced_survival-neoforge-1.20.4_1.60.0.jar', <_io.BufferedReader name='.\\releases\\1.60.0\\enhanced_survival-neoforge-1.20.4_1.60.0.jar'>, 'application/jar'), 'metadata': (None, '{"changelog": "", "displayName": "enhanced_survival neoforge 1.20.4 1.60.0", "gameVersions": [9638, 9639, 10150, 10407], "gameVersionNames": ["Client", "Server", "NeoForge", "1.20.4"], "releaseType": "release", "relations": {"projects": [{"slug": "gstools", "projectID": 1404020, "type": "requiredDependency"}]}}', 'application/json')}
[2026, 9, 25, 18, 27, 52] ;;; curseforge; Mod file uploaded successfully! Response: {'id': 8975432}
[2026, 9, 25, 18, 27, 53] ;;; curseforge; {'id': 9638, 'gameVersionTypeID': 75208, 'name': 'Client', 'slug': 'client', 'apiVersion': ''}
[2026, 9, 25, 18, 27, 53] ;;; curseforge; {'id': 9639, 'gameVersionTypeID': 75208, 'name': 'Server', 'slug': 'server', 'apiVersion': ''}
[2026, 9, 25, 18, 27, 53] ;;; curseforge; {'id': 10150, 'gameVersionTypeID': 68441, 'name': 'NeoForge', 'slug': 'neoforge', 'apiVersion': ''}
[2026, 9, 25, 18, 27, 53] ;;; curseforge; {'id': 10407, 'gameVersionTypeID': 75125, 'name': '1.20.4', 'slug': '1-20-4', 'apiVersion': None}
[2026, 9, 25, 18, 27, 53] ;;; curseforge; {'id': 10742, 'gameVersionTypeID': 1, 'name': '1.20.4', 'slug': '1-20-4', 'apiVersion': ''}
[2026, 9, 25, 18, 27, 53] ;;; curseforge; {'id': 10866, 'gameVersionTypeID': 615, 'name': '1.20.4', 'slug': '1-20-4', 'apiVersion': ''}
[2026, 9, 25, 18, 27, 56] ;;; curseforge; {'id': 9638, 'gameVersionTypeID': 75208, 'name': 'Client', 'slug': 'client', 'apiVersion': ''}
[2026, 9, 25, 18, 27, 56] ;;; curseforge; {'id': 9639, 'gameVersionTypeID': 75208, 'name': 'Server', 'slug': 'server', 'apiVersion': ''}
[2026, 9, 25, 18, 27, 56] ;;; curseforge; {'id': 10150, 'gameVersionTypeID': 68441, 'name': 'NeoForge', 'slug': 'neoforge', 'apiVersion': ''}
[2026, 9, 25, 18, 27, 56] ;;; curseforge; {'id': 11779, 'gameVersionTypeID': 77784, 'name': '1.21.1', 'slug': '1-21-1', 'apiVersion': None}
[2026, 9, 25, 18, 27, 56] ;;; curseforge; {'id': 12735, 'gameVersionTypeID': 1, 'name': '1.21.1', 'slug': '1-21-1', 'apiVersion': ''}
[2026, 9, 25, 18, 27, 56] ;;; curseforge; {'id': 16115, 'gameVersionTypeID': 615, 'name': '1.21.1', 'slug': '1-21-1', 'apiVersion': ''}
[2026, 9, 25, 18, 27, 56] ;;; curseforge; {'file': ('enhanced_survival-neoforge-1.21.1_1.60.0.jar', <_io.BufferedReader name='.\\releases\\1.60.0\\enhanced_survival-neoforge-1.21.1_1.60.0.jar'>, 'application/jar'), 'metadata': (None, '{"changelog": "", "displayName": "enhanced_survival neoforge 1.21.1 1.60.0", "gameVersions": [9638, 9639, 10150, 11779], "gameVersionNames": ["Client", "Server", "NeoForge", "1.21.1"], "releaseType": "release", "relations": {"projects": [{"slug": "gstools", "projectID": 1404020, "type": "requiredDependency"}]}}', 'application/json')}
[2026, 9, 25, 18, 27, 56] ;;; curseforge; Mod file uploaded successfully! Response: {'id': 8975433}
[2026, 9, 25, 18, 27, 57] ;;; curseforge; {'id': 9638, 'gameVersionTypeID': 75208, 'name': 'Client', 'slug': 'client', 'apiVersion': ''}
[2026, 9, 25, 18, 27, 57] ;;; curseforge; {'id': 9639, 'gameVersionTypeID': 75208, 'name': 'Server', 'slug': 'server', 'apiVersion': ''}
[2026, 9, 25, 18, 27, 57] ;;; curseforge; {'id': 10150, 'gameVersionTypeID': 68441, 'name': 'NeoForge', 'slug': 'neoforge', 'apiVersion': ''}
[2026, 9, 25, 18, 27, 57] ;;; curseforge; {'id': 11779, 'gameVersionTypeID': 77784, 'name': '1.21.1', 'slug': '1-21-1', 'apiVersion': None}
[2026, 9, 25, 18, 27, 57] ;;; curseforge; {'id': 12735, 'gameVersionTypeID': 1, 'name': '1.21.1', 'slug': '1-21-1', 'apiVersion': ''}
[2026, 9, 25, 18, 27, 57] ;;; curseforge; {'id': 16115, 'gameVersionTypeID': 615, 'name': '1.21.1', 'slug': '1-21-1', 'apiVersion': ''}
[2026, 9, 25, 18, 28, 0] ;;; curseforge; {'id': 9638, 'gameVersionTypeID': 75208, 'name': 'Client', 'slug': 'client', 'apiVersion': ''}
[2026, 9, 25, 18, 28, 0] ;;; curseforge; {'id': 9639, 'gameVersionTypeID': 75208, 'name': 'Server', 'slug': 'server', 'apiVersion': ''}
[2026, 9, 25, 18, 28, 0] ;;; curseforge; {'id': 10150, 'gameVersionTypeID': 68441, 'name': 'NeoForge', 'slug': 'neoforge', 'apiVersion': ''}
[2026, 9, 25, 18, 28, 0] ;;; curseforge; {'id': 12079, 'gameVersionTypeID': 77784, 'name': '1.21.2', 'slug': '1-21-2', 'apiVersion': ''}
[2026, 9, 25, 18, 28, 0] ;;; curseforge; {'id': 12736, 'gameVersionTypeID': 1, 'name': '1.21.2', 'slug': '1-21-2', 'apiVersion': ''}
[2026, 9, 25, 18, 28, 0] ;;; curseforge; {'id': 16116, 'gameVersionTypeID': 615, 'name': '1.21.2', 'slug': '1-21-2', 'apiVersion': ''}
[2026, 9, 25, 18, 28, 0] ;;; curseforge; {'id': 9638, 'gameVersionTypeID': 75208, 'name': 'Client', 'slug': 'client', 'apiVersion': ''}
[2026, 9, 25, 18, 28, 0] ;;; curseforge; {'id': 9639, 'gameVersionTypeID': 75208, 'name': 'Server', 'slug': 'server', 'apiVersion': ''}
[2026, 9, 25, 18, 28, 0] ;;; curseforge; {'id': 10150, 'gameVersionTypeID': 68441, 'name': 'NeoForge', 'slug': 'neoforge', 'apiVersion': ''}
[2026, 9, 25, 18, 28, 0] ;;; curseforge; {'id': 12084, 'gameVersionTypeID': 77784, 'name': '1.21.3', 'slug': '1-21-3', 'apiVersion': None}
[2026, 9, 25, 18, 28, 0] ;;; curseforge; {'id': 12737, 'gameVersionTypeID': 1, 'name': '1.21.3', 'slug': '1-21-3', 'apiVersion': ''}
[2026, 9, 25, 18, 28, 0] ;;; curseforge; {'id': 16117, 'gameVersionTypeID': 615, 'name': '1.21.3', 'slug': '1-21-3', 'apiVersion': ''}
[2026, 9, 25, 18, 28, 0] ;;; curseforge; {'file': ('enhanced_survival-neoforge-1.21.2_1.60.0.jar', <_io.BufferedReader name='.\\releases\\1.60.0\\enhanced_survival-neoforge-1.21.2_1.60.0.jar'>, 'application/jar'), 'metadata': (None, '{"changelog": "", "displayName": "enhanced_survival neoforge 1.21.2 1.60.0", "gameVersions": [9638, 9639, 10150, 12079, 12084], "gameVersionNames": ["Client", "Server", "NeoForge", "1.21.2", "1.21.3"], "releaseType": "release", "relations": {"projects": [{"slug": "gstools", "projectID": 1404020, "type": "requiredDependency"}]}}', 'application/json')}
[2026, 9, 25, 18, 28, 1] ;;; curseforge; Mod file uploaded successfully! Response: {'id': 8975434}
[2026, 9, 25, 18, 28, 2] ;;; curseforge; {'id': 9638, 'gameVersionTypeID': 75208, 'name': 'Client', 'slug': 'client', 'apiVersion': ''}
[2026, 9, 25, 18, 28, 2] ;;; curseforge; {'id': 9639, 'gameVersionTypeID': 75208, 'name': 'Server', 'slug': 'server', 'apiVersion': ''}
[2026, 9, 25, 18, 28, 2] ;;; curseforge; {'id': 10150, 'gameVersionTypeID': 68441, 'name': 'NeoForge', 'slug': 'neoforge', 'apiVersion': ''}
[2026, 9, 25, 18, 28, 2] ;;; curseforge; {'id': 12079, 'gameVersionTypeID': 77784, 'name': '1.21.2', 'slug': '1-21-2', 'apiVersion': ''}
[2026, 9, 25, 18, 28, 2] ;;; curseforge; {'id': 12736, 'gameVersionTypeID': 1, 'name': '1.21.2', 'slug': '1-21-2', 'apiVersion': ''}
[2026, 9, 25, 18, 28, 2] ;;; curseforge; {'id': 16116, 'gameVersionTypeID': 615, 'name': '1.21.2', 'slug': '1-21-2', 'apiVersion': ''}
[2026, 9, 25, 18, 28, 2] ;;; curseforge; {'id': 9638, 'gameVersionTypeID': 75208, 'name': 'Client', 'slug': 'client', 'apiVersion': ''}
[2026, 9, 25, 18, 28, 2] ;;; curseforge; {'id': 9639, 'gameVersionTypeID': 75208, 'name': 'Server', 'slug': 'server', 'apiVersion': ''}
[2026, 9, 25, 18, 28, 2] ;;; curseforge; {'id': 10150, 'gameVersionTypeID': 68441, 'name': 'NeoForge', 'slug': 'neoforge', 'apiVersion': ''}
[2026, 9, 25, 18, 28, 2] ;;; curseforge; {'id': 12084, 'gameVersionTypeID': 77784, 'name': '1.21.3', 'slug': '1-21-3', 'apiVersion': None}
[2026, 9, 25, 18, 28, 2] ;;; curseforge; {'id': 12737, 'gameVersionTypeID': 1, 'name': '1.21.3', 'slug': '1-21-3', 'apiVersion': ''}
[2026, 9, 25, 18, 28, 2] ;;; curseforge; {'id': 16117, 'gameVersionTypeID': 615, 'name': '1.21.3', 'slug': '1-21-3', 'apiVersion': ''}
[2026, 9, 25, 18, 28, 5] ;;; curseforge; {'id': 9638, 'gameVersionTypeID': 75208, 'name': 'Client', 'slug': 'client', 'apiVersion': ''}
[2026, 9, 25, 18, 28, 5] ;;; curseforge; {'id': 9639, 'gameVersionTypeID': 75208, 'name': 'Server', 'slug': 'server', 'apiVersion': ''}
[2026, 9, 25, 18, 28, 5] ;;; curseforge; {'id': 10150, 'gameVersionTypeID': 68441, 'name': 'NeoForge', 'slug': 'neoforge', 'apiVersion': ''}
[2026, 9, 25, 18, 28, 5] ;;; curseforge; {'id': 12281, 'gameVersionTypeID': 77784, 'name': '1.21.4', 'slug': '1-21-4', 'apiVersion': None}
[2026, 9, 25, 18, 28, 5] ;;; curseforge; {'id': 12738, 'gameVersionTypeID': 1, 'name': '1.21.4', 'slug': '1-21-4', 'apiVersion': ''}
[2026, 9, 25, 18, 28, 5] ;;; curseforge; {'id': 16118, 'gameVersionTypeID': 615, 'name': '1.21.4', 'slug': '1-21-4', 'apiVersion': ''}
[2026, 9, 25, 18, 28, 5] ;;; curseforge; {'file': ('enhanced_survival-neoforge-1.21.4_1.60.0.jar', <_io.BufferedReader name='.\\releases\\1.60.0\\enhanced_survival-neoforge-1.21.4_1.60.0.jar'>, 'application/jar'), 'metadata': (None, '{"changelog": "", "displayName": "enhanced_survival neoforge 1.21.4 1.60.0", "gameVersions": [9638, 9639, 10150, 12281], "gameVersionNames": ["Client", "Server", "NeoForge", "1.21.4"], "releaseType": "release", "relations": {"projects": [{"slug": "gstools", "projectID": 1404020, "type": "requiredDependency"}]}}', 'application/json')}
[2026, 9, 25, 18, 28, 6] ;;; curseforge; Mod file uploaded successfully! Response: {'id': 8975435}
[2026, 9, 25, 18, 28, 6] ;;; curseforge; {'id': 9638, 'gameVersionTypeID': 75208, 'name': 'Client', 'slug': 'client', 'apiVersion': ''}
[2026, 9, 25, 18, 28, 6] ;;; curseforge; {'id': 9639, 'gameVersionTypeID': 75208, 'name': 'Server', 'slug': 'server', 'apiVersion': ''}
[2026, 9, 25, 18, 28, 6] ;;; curseforge; {'id': 10150, 'gameVersionTypeID': 68441, 'name': 'NeoForge', 'slug': 'neoforge', 'apiVersion': ''}
[2026, 9, 25, 18, 28, 6] ;;; curseforge; {'id': 12281, 'gameVersionTypeID': 77784, 'name': '1.21.4', 'slug': '1-21-4', 'apiVersion': None}
[2026, 9, 25, 18, 28, 6] ;;; curseforge; {'id': 12738, 'gameVersionTypeID': 1, 'name': '1.21.4', 'slug': '1-21-4', 'apiVersion': ''}
[2026, 9, 25, 18, 28, 6] ;;; curseforge; {'id': 16118, 'gameVersionTypeID': 615, 'name': '1.21.4', 'slug': '1-21-4', 'apiVersion': ''}
[2026, 9, 25, 18, 28, 9] ;;; curseforge; {'id': 9638, 'gameVersionTypeID': 75208, 'name': 'Client', 'slug': 'client', 'apiVersion': ''}
[2026, 9, 25, 18, 28, 9] ;;; curseforge; {'id': 9639, 'gameVersionTypeID': 75208, 'name': 'Server', 'slug': 'server', 'apiVersion': ''}
[2026, 9, 25, 18, 28, 9] ;;; curseforge; {'id': 10150, 'gameVersionTypeID': 68441, 'name': 'NeoForge', 'slug': 'neoforge', 'apiVersion': ''}
[2026, 9, 25, 18, 28, 9] ;;; curseforge; {'id': 12934, 'gameVersionTypeID': 77784, 'name': '1.21.5', 'slug': '1-21-5', 'apiVersion': None}
[2026, 9, 25, 18, 28, 9] ;;; curseforge; {'id': 12988, 'gameVersionTypeID': 1, 'name': '1.21.5', 'slug': '1-21-5', 'apiVersion': ''}
[2026, 9, 25, 18, 28, 9] ;;; curseforge; {'id': 16119, 'gameVersionTypeID': 615, 'name': '1.21.5', 'slug': '1-21-5', 'apiVersion': ''}
[2026, 9, 25, 18, 28, 9] ;;; curseforge; {'id': 9638, 'gameVersionTypeID': 75208, 'name': 'Client', 'slug': 'client', 'apiVersion': ''}
[2026, 9, 25, 18, 28, 9] ;;; curseforge; {'id': 9639, 'gameVersionTypeID': 75208, 'name': 'Server', 'slug': 'server', 'apiVersion': ''}
[2026, 9, 25, 18, 28, 9] ;;; curseforge; {'id': 10150, 'gameVersionTypeID': 68441, 'name': 'NeoForge', 'slug': 'neoforge', 'apiVersion': ''}
[2026, 9, 25, 18, 28, 9] ;;; curseforge; {'id': 13506, 'gameVersionTypeID': 77784, 'name': '1.21.7', 'slug': '1-21-7', 'apiVersion': None}
[2026, 9, 25, 18, 28, 9] ;;; curseforge; {'id': 13574, 'gameVersionTypeID': 1, 'name': '1.21.7', 'slug': '1-21-7', 'apiVersion': ''}
[2026, 9, 25, 18, 28, 9] ;;; curseforge; {'id': 16121, 'gameVersionTypeID': 615, 'name': '1.21.7', 'slug': '1-21-7', 'apiVersion': ''}
[2026, 9, 25, 18, 28, 9] ;;; curseforge; {'file': ('enhanced_survival-neoforge-1.21.5_1.60.0.jar', <_io.BufferedReader name='.\\releases\\1.60.0\\enhanced_survival-neoforge-1.21.5_1.60.0.jar'>, 'application/jar'), 'metadata': (None, '{"changelog": "", "displayName": "enhanced_survival neoforge 1.21.5 1.60.0", "gameVersions": [9638, 9639, 10150, 12934, 13506], "gameVersionNames": ["Client", "Server", "NeoForge", "1.21.5", "1.21.7"], "releaseType": "release", "relations": {"projects": [{"slug": "gstools", "projectID": 1404020, "type": "requiredDependency"}]}}', 'application/json')}
[2026, 9, 25, 18, 28, 10] ;;; curseforge; Mod file uploaded successfully! Response: {'id': 8975436}
[2026, 9, 25, 18, 28, 11] ;;; curseforge; {'id': 9638, 'gameVersionTypeID': 75208, 'name': 'Client', 'slug': 'client', 'apiVersion': ''}
[2026, 9, 25, 18, 28, 11] ;;; curseforge; {'id': 9639, 'gameVersionTypeID': 75208, 'name': 'Server', 'slug': 'server', 'apiVersion': ''}
[2026, 9, 25, 18, 28, 11] ;;; curseforge; {'id': 10150, 'gameVersionTypeID': 68441, 'name': 'NeoForge', 'slug': 'neoforge', 'apiVersion': ''}
[2026, 9, 25, 18, 28, 11] ;;; curseforge; {'id': 12934, 'gameVersionTypeID': 77784, 'name': '1.21.5', 'slug': '1-21-5', 'apiVersion': None}
[2026, 9, 25, 18, 28, 11] ;;; curseforge; {'id': 12988, 'gameVersionTypeID': 1, 'name': '1.21.5', 'slug': '1-21-5', 'apiVersion': ''}
[2026, 9, 25, 18, 28, 11] ;;; curseforge; {'id': 16119, 'gameVersionTypeID': 615, 'name': '1.21.5', 'slug': '1-21-5', 'apiVersion': ''}
[2026, 9, 25, 18, 28, 11] ;;; curseforge; {'id': 9638, 'gameVersionTypeID': 75208, 'name': 'Client', 'slug': 'client', 'apiVersion': ''}
[2026, 9, 25, 18, 28, 11] ;;; curseforge; {'id': 9639, 'gameVersionTypeID': 75208, 'name': 'Server', 'slug': 'server', 'apiVersion': ''}
[2026, 9, 25, 18, 28, 11] ;;; curseforge; {'id': 10150, 'gameVersionTypeID': 68441, 'name': 'NeoForge', 'slug': 'neoforge', 'apiVersion': ''}
[2026, 9, 25, 18, 28, 11] ;;; curseforge; {'id': 13506, 'gameVersionTypeID': 77784, 'name': '1.21.7', 'slug': '1-21-7', 'apiVersion': None}
[2026, 9, 25, 18, 28, 11] ;;; curseforge; {'id': 13574, 'gameVersionTypeID': 1, 'name': '1.21.7', 'slug': '1-21-7', 'apiVersion': ''}
[2026, 9, 25, 18, 28, 11] ;;; curseforge; {'id': 16121, 'gameVersionTypeID': 615, 'name': '1.21.7', 'slug': '1-21-7', 'apiVersion': ''}
[2026, 9, 25, 18, 28, 14] ;;; curseforge; {'id': 9638, 'gameVersionTypeID': 75208, 'name': 'Client', 'slug': 'client', 'apiVersion': ''}
[2026, 9, 25, 18, 28, 14] ;;; curseforge; {'id': 9639, 'gameVersionTypeID': 75208, 'name': 'Server', 'slug': 'server', 'apiVersion': ''}
[2026, 9, 25, 18, 28, 14] ;;; curseforge; {'id': 10150, 'gameVersionTypeID': 68441, 'name': 'NeoForge', 'slug': 'neoforge', 'apiVersion': ''}
[2026, 9, 25, 18, 28, 14] ;;; curseforge; {'id': 13620, 'gameVersionTypeID': 77784, 'name': '1.21.8', 'slug': '1-21-8', 'apiVersion': None}
[2026, 9, 25, 18, 28, 14] ;;; curseforge; {'id': 13683, 'gameVersionTypeID': 1, 'name': '1.21.8', 'slug': '1-21-8', 'apiVersion': ''}
[2026, 9, 25, 18, 28, 14] ;;; curseforge; {'id': 16124, 'gameVersionTypeID': 615, 'name': '1.21.8', 'slug': '1-21-8', 'apiVersion': ''}
[2026, 9, 25, 18, 28, 14] ;;; curseforge; {'id': 9638, 'gameVersionTypeID': 75208, 'name': 'Client', 'slug': 'client', 'apiVersion': ''}
[2026, 9, 25, 18, 28, 14] ;;; curseforge; {'id': 9639, 'gameVersionTypeID': 75208, 'name': 'Server', 'slug': 'server', 'apiVersion': ''}
[2026, 9, 25, 18, 28, 14] ;;; curseforge; {'id': 10150, 'gameVersionTypeID': 68441, 'name': 'NeoForge', 'slug': 'neoforge', 'apiVersion': ''}
[2026, 9, 25, 18, 28, 14] ;;; curseforge; {'id': 13927, 'gameVersionTypeID': 77784, 'name': '1.21.9', 'slug': '1-21-9', 'apiVersion': None}
[2026, 9, 25, 18, 28, 14] ;;; curseforge; {'id': 13933, 'gameVersionTypeID': 1, 'name': '1.21.9', 'slug': '1-21-9', 'apiVersion': ''}
[2026, 9, 25, 18, 28, 14] ;;; curseforge; {'id': 16125, 'gameVersionTypeID': 615, 'name': '1.21.9', 'slug': '1-21-9', 'apiVersion': ''}
[2026, 9, 25, 18, 28, 14] ;;; curseforge; {'id': 9638, 'gameVersionTypeID': 75208, 'name': 'Client', 'slug': 'client', 'apiVersion': ''}
[2026, 9, 25, 18, 28, 14] ;;; curseforge; {'id': 9639, 'gameVersionTypeID': 75208, 'name': 'Server', 'slug': 'server', 'apiVersion': ''}
[2026, 9, 25, 18, 28, 14] ;;; curseforge; {'id': 10150, 'gameVersionTypeID': 68441, 'name': 'NeoForge', 'slug': 'neoforge', 'apiVersion': ''}
[2026, 9, 25, 18, 28, 14] ;;; curseforge; {'id': 13964, 'gameVersionTypeID': 77784, 'name': '1.21.10', 'slug': '1-21-10', 'apiVersion': None}
[2026, 9, 25, 18, 28, 14] ;;; curseforge; {'id': 13966, 'gameVersionTypeID': 1, 'name': '1.21.10', 'slug': '1-21-10', 'apiVersion': ''}
[2026, 9, 25, 18, 28, 14] ;;; curseforge; {'id': 16126, 'gameVersionTypeID': 615, 'name': '1.21.10', 'slug': '1-21-10', 'apiVersion': ''}
[2026, 9, 25, 18, 28, 14] ;;; curseforge; {'id': 9638, 'gameVersionTypeID': 75208, 'name': 'Client', 'slug': 'client', 'apiVersion': ''}
[2026, 9, 25, 18, 28, 14] ;;; curseforge; {'id': 9639, 'gameVersionTypeID': 75208, 'name': 'Server', 'slug': 'server', 'apiVersion': ''}
[2026, 9, 25, 18, 28, 14] ;;; curseforge; {'id': 10150, 'gameVersionTypeID': 68441, 'name': 'NeoForge', 'slug': 'neoforge', 'apiVersion': ''}
[2026, 9, 25, 18, 28, 14] ;;; curseforge; {'id': 14406, 'gameVersionTypeID': 77784, 'name': '1.21.11', 'slug': '1-21-11', 'apiVersion': None}
[2026, 9, 25, 18, 28, 14] ;;; curseforge; {'id': 14417, 'gameVersionTypeID': 1, 'name': '1.21.11', 'slug': '1-21-11', 'apiVersion': ''}
[2026, 9, 25, 18, 28, 14] ;;; curseforge; {'id': 16127, 'gameVersionTypeID': 615, 'name': '1.21.11', 'slug': '1-21-11', 'apiVersion': ''}
[2026, 9, 25, 18, 28, 14] ;;; curseforge; {'file': ('enhanced_survival-neoforge-1.21.8_1.60.0.jar', <_io.BufferedReader name='.\\releases\\1.60.0\\enhanced_survival-neoforge-1.21.8_1.60.0.jar'>, 'application/jar'), 'metadata': (None, '{"changelog": "", "displayName": "enhanced_survival neoforge 1.21.8 1.60.0", "gameVersions": [9638, 9639, 10150, 13620, 13927, 13964, 14406], "gameVersionNames": ["Client", "Server", "NeoForge", "1.21.8", "1.21.9", "1.21.10", "1.21.11"], "releaseType": "release", "relations": {"projects": [{"slug": "gstools", "projectID": 1404020, "type": "requiredDependency"}]}}', 'application/json')}
[2026, 9, 25, 18, 28, 15] ;;; curseforge; Mod file uploaded successfully! Response: {'id': 8975438}
[2026, 9, 25, 18, 28, 16] ;;; curseforge; {'id': 9638, 'gameVersionTypeID': 75208, 'name': 'Client', 'slug': 'client', 'apiVersion': ''}
[2026, 9, 25, 18, 28, 16] ;;; curseforge; {'id': 9639, 'gameVersionTypeID': 75208, 'name': 'Server', 'slug': 'server', 'apiVersion': ''}
[2026, 9, 25, 18, 28, 16] ;;; curseforge; {'id': 10150, 'gameVersionTypeID': 68441, 'name': 'NeoForge', 'slug': 'neoforge', 'apiVersion': ''}
[2026, 9, 25, 18, 28, 16] ;;; curseforge; {'id': 13620, 'gameVersionTypeID': 77784, 'name': '1.21.8', 'slug': '1-21-8', 'apiVersion': None}
[2026, 9, 25, 18, 28, 16] ;;; curseforge; {'id': 13683, 'gameVersionTypeID': 1, 'name': '1.21.8', 'slug': '1-21-8', 'apiVersion': ''}
[2026, 9, 25, 18, 28, 16] ;;; curseforge; {'id': 16124, 'gameVersionTypeID': 615, 'name': '1.21.8', 'slug': '1-21-8', 'apiVersion': ''}
[2026, 9, 25, 18, 28, 16] ;;; curseforge; {'id': 9638, 'gameVersionTypeID': 75208, 'name': 'Client', 'slug': 'client', 'apiVersion': ''}
[2026, 9, 25, 18, 28, 16] ;;; curseforge; {'id': 9639, 'gameVersionTypeID': 75208, 'name': 'Server', 'slug': 'server', 'apiVersion': ''}
[2026, 9, 25, 18, 28, 16] ;;; curseforge; {'id': 10150, 'gameVersionTypeID': 68441, 'name': 'NeoForge', 'slug': 'neoforge', 'apiVersion': ''}
[2026, 9, 25, 18, 28, 16] ;;; curseforge; {'id': 13927, 'gameVersionTypeID': 77784, 'name': '1.21.9', 'slug': '1-21-9', 'apiVersion': None}
[2026, 9, 25, 18, 28, 16] ;;; curseforge; {'id': 13933, 'gameVersionTypeID': 1, 'name': '1.21.9', 'slug': '1-21-9', 'apiVersion': ''}
[2026, 9, 25, 18, 28, 16] ;;; curseforge; {'id': 16125, 'gameVersionTypeID': 615, 'name': '1.21.9', 'slug': '1-21-9', 'apiVersion': ''}
[2026, 9, 25, 18, 28, 16] ;;; curseforge; {'id': 9638, 'gameVersionTypeID': 75208, 'name': 'Client', 'slug': 'client', 'apiVersion': ''}
[2026, 9, 25, 18, 28, 16] ;;; curseforge; {'id': 9639, 'gameVersionTypeID': 75208, 'name': 'Server', 'slug': 'server', 'apiVersion': ''}
[2026, 9, 25, 18, 28, 16] ;;; curseforge; {'id': 10150, 'gameVersionTypeID': 68441, 'name': 'NeoForge', 'slug': 'neoforge', 'apiVersion': ''}
[2026, 9, 25, 18, 28, 16] ;;; curseforge; {'id': 13964, 'gameVersionTypeID': 77784, 'name': '1.21.10', 'slug': '1-21-10', 'apiVersion': None}
[2026, 9, 25, 18, 28, 16] ;;; curseforge; {'id': 13966, 'gameVersionTypeID': 1, 'name': '1.21.10', 'slug': '1-21-10', 'apiVersion': ''}
[2026, 9, 25, 18, 28, 16] ;;; curseforge; {'id': 16126, 'gameVersionTypeID': 615, 'name': '1.21.10', 'slug': '1-21-10', 'apiVersion': ''}
[2026, 9, 25, 18, 28, 16] ;;; curseforge; {'id': 9638, 'gameVersionTypeID': 75208, 'name': 'Client', 'slug': 'client', 'apiVersion': ''}
[2026, 9, 25, 18, 28, 16] ;;; curseforge; {'id': 9639, 'gameVersionTypeID': 75208, 'name': 'Server', 'slug': 'server', 'apiVersion': ''}
[2026, 9, 25, 18, 28, 16] ;;; curseforge; {'id': 10150, 'gameVersionTypeID': 68441, 'name': 'NeoForge', 'slug': 'neoforge', 'apiVersion': ''}
[2026, 9, 25, 18, 28, 16] ;;; curseforge; {'id': 14406, 'gameVersionTypeID': 77784, 'name': '1.21.11', 'slug': '1-21-11', 'apiVersion': None}
[2026, 9, 25, 18, 28, 16] ;;; curseforge; {'id': 14417, 'gameVersionTypeID': 1, 'name': '1.21.11', 'slug': '1-21-11', 'apiVersion': ''}
[2026, 9, 25, 18, 28, 16] ;;; curseforge; {'id': 16127, 'gameVersionTypeID': 615, 'name': '1.21.11', 'slug': '1-21-11', 'apiVersion': ''}
[2026, 9, 25, 18, 28, 19] ;;; curseforge; {'id': 9638, 'gameVersionTypeID': 75208, 'name': 'Client', 'slug': 'client', 'apiVersion': ''}
[2026, 9, 25, 18, 28, 19] ;;; curseforge; {'id': 9639, 'gameVersionTypeID': 75208, 'name': 'Server', 'slug': 'server', 'apiVersion': ''}
[2026, 9, 25, 18, 28, 19] ;;; curseforge; {'id': 10150, 'gameVersionTypeID': 68441, 'name': 'NeoForge', 'slug': 'neoforge', 'apiVersion': ''}
[2026, 9, 25, 18, 28, 19] ;;; curseforge; {'id': 15933, 'gameVersionTypeID': 83806, 'name': '26.1', 'slug': '26-1', 'apiVersion': None}
[2026, 9, 25, 18, 28, 19] ;;; curseforge; {'id': 16083, 'gameVersionTypeID': 1, 'name': '26.1', 'slug': '26-1', 'apiVersion': ''}
[2026, 9, 25, 18, 28, 19] ;;; curseforge; {'id': 16128, 'gameVersionTypeID': 615, 'name': '26.1', 'slug': '26-1', 'apiVersion': ''}
[2026, 9, 25, 18, 28, 19] ;;; curseforge; {'id': 9638, 'gameVersionTypeID': 75208, 'name': 'Client', 'slug': 'client', 'apiVersion': ''}
[2026, 9, 25, 18, 28, 19] ;;; curseforge; {'id': 9639, 'gameVersionTypeID': 75208, 'name': 'Server', 'slug': 'server', 'apiVersion': ''}
[2026, 9, 25, 18, 28, 19] ;;; curseforge; {'id': 10150, 'gameVersionTypeID': 68441, 'name': 'NeoForge', 'slug': 'neoforge', 'apiVersion': ''}
[2026, 9, 25, 18, 28, 19] ;;; curseforge; {'id': 16021, 'gameVersionTypeID': 83806, 'name': '26.1.1', 'slug': '26-1-1', 'apiVersion': None}
[2026, 9, 25, 18, 28, 19] ;;; curseforge; {'id': 16084, 'gameVersionTypeID': 1, 'name': '26.1.1', 'slug': '26-1-1', 'apiVersion': ''}
[2026, 9, 25, 18, 28, 19] ;;; curseforge; {'id': 16129, 'gameVersionTypeID': 615, 'name': '26.1.1', 'slug': '26-1-1', 'apiVersion': ''}
[2026, 9, 25, 18, 28, 19] ;;; curseforge; {'id': 9638, 'gameVersionTypeID': 75208, 'name': 'Client', 'slug': 'client', 'apiVersion': ''}
[2026, 9, 25, 18, 28, 19] ;;; curseforge; {'id': 9639, 'gameVersionTypeID': 75208, 'name': 'Server', 'slug': 'server', 'apiVersion': ''}
[2026, 9, 25, 18, 28, 19] ;;; curseforge; {'id': 10150, 'gameVersionTypeID': 68441, 'name': 'NeoForge', 'slug': 'neoforge', 'apiVersion': ''}
[2026, 9, 25, 18, 28, 19] ;;; curseforge; {'id': 16082, 'gameVersionTypeID': 83806, 'name': '26.1.2', 'slug': '26-1-2', 'apiVersion': None}
[2026, 9, 25, 18, 28, 19] ;;; curseforge; {'id': 16085, 'gameVersionTypeID': 1, 'name': '26.1.2', 'slug': '26-1-2', 'apiVersion': ''}
[2026, 9, 25, 18, 28, 19] ;;; curseforge; {'id': 16130, 'gameVersionTypeID': 615, 'name': '26.1.2', 'slug': '26-1-2', 'apiVersion': ''}
[2026, 9, 25, 18, 28, 19] ;;; curseforge; {'file': ('enhanced_survival-neoforge-26.1_1.60.0.jar', <_io.BufferedReader name='.\\releases\\1.60.0\\enhanced_survival-neoforge-26.1_1.60.0.jar'>, 'application/jar'), 'metadata': (None, '{"changelog": "", "displayName": "enhanced_survival neoforge 26.1 1.60.0", "gameVersions": [9638, 9639, 10150, 15933, 16021, 16082], "gameVersionNames": ["Client", "Server", "NeoForge", "26.1", "26.1.1", "26.1.2"], "releaseType": "release", "relations": {"projects": [{"slug": "gstools", "projectID": 1404020, "type": "requiredDependency"}]}}', 'application/json')}
[2026, 9, 25, 18, 28, 20] ;;; curseforge; Mod file uploaded successfully! Response: {'id': 8975439}
[2026, 9, 25, 18, 28, 21] ;;; curseforge; {'id': 9638, 'gameVersionTypeID': 75208, 'name': 'Client', 'slug': 'client', 'apiVersion': ''}
[2026, 9, 25, 18, 28, 21] ;;; curseforge; {'id': 9639, 'gameVersionTypeID': 75208, 'name': 'Server', 'slug': 'server', 'apiVersion': ''}
[2026, 9, 25, 18, 28, 21] ;;; curseforge; {'id': 10150, 'gameVersionTypeID': 68441, 'name': 'NeoForge', 'slug': 'neoforge', 'apiVersion': ''}
[2026, 9, 25, 18, 28, 21] ;;; curseforge; {'id': 15933, 'gameVersionTypeID': 83806, 'name': '26.1', 'slug': '26-1', 'apiVersion': None}
[2026, 9, 25, 18, 28, 21] ;;; curseforge; {'id': 16083, 'gameVersionTypeID': 1, 'name': '26.1', 'slug': '26-1', 'apiVersion': ''}
[2026, 9, 25, 18, 28, 21] ;;; curseforge; {'id': 16128, 'gameVersionTypeID': 615, 'name': '26.1', 'slug': '26-1', 'apiVersion': ''}
[2026, 9, 25, 18, 28, 21] ;;; curseforge; {'id': 9638, 'gameVersionTypeID': 75208, 'name': 'Client', 'slug': 'client', 'apiVersion': ''}
[2026, 9, 25, 18, 28, 21] ;;; curseforge; {'id': 9639, 'gameVersionTypeID': 75208, 'name': 'Server', 'slug': 'server', 'apiVersion': ''}
[2026, 9, 25, 18, 28, 21] ;;; curseforge; {'id': 10150, 'gameVersionTypeID': 68441, 'name': 'NeoForge', 'slug': 'neoforge', 'apiVersion': ''}
[2026, 9, 25, 18, 28, 21] ;;; curseforge; {'id': 16021, 'gameVersionTypeID': 83806, 'name': '26.1.1', 'slug': '26-1-1', 'apiVersion': None}
[2026, 9, 25, 18, 28, 21] ;;; curseforge; {'id': 16084, 'gameVersionTypeID': 1, 'name': '26.1.1', 'slug': '26-1-1', 'apiVersion': ''}
[2026, 9, 25, 18, 28, 21] ;;; curseforge; {'id': 16129, 'gameVersionTypeID': 615, 'name': '26.1.1', 'slug': '26-1-1', 'apiVersion': ''}
[2026, 9, 25, 18, 28, 21] ;;; curseforge; {'id': 9638, 'gameVersionTypeID': 75208, 'name': 'Client', 'slug': 'client', 'apiVersion': ''}
[2026, 9, 25, 18, 28, 21] ;;; curseforge; {'id': 9639, 'gameVersionTypeID': 75208, 'name': 'Server', 'slug': 'server', 'apiVersion': ''}
[2026, 9, 25, 18, 28, 21] ;;; curseforge; {'id': 10150, 'gameVersionTypeID': 68441, 'name': 'NeoForge', 'slug': 'neoforge', 'apiVersion': ''}
[2026, 9, 25, 18, 28, 21] ;;; curseforge; {'id': 16082, 'gameVersionTypeID': 83806, 'name': '26.1.2', 'slug': '26-1-2', 'apiVersion': None}
[2026, 9, 25, 18, 28, 21] ;;; curseforge; {'id': 16085, 'gameVersionTypeID': 1, 'name': '26.1.2', 'slug': '26-1-2', 'apiVersion': ''}
[2026, 9, 25, 18, 28, 21] ;;; curseforge; {'id': 16130, 'gameVersionTypeID': 615, 'name': '26.1.2', 'slug': '26-1-2', 'apiVersion': ''}
[2026, 9, 25, 18, 28, 24] ;;; curseforge; {'id': 9638, 'gameVersionTypeID': 75208, 'name': 'Client', 'slug': 'client', 'apiVersion': ''}
[2026, 9, 25, 18, 28, 24] ;;; curseforge; {'id': 9639, 'gameVersionTypeID': 75208, 'name': 'Server', 'slug': 'server', 'apiVersion': ''}
[2026, 9, 25, 18, 28, 24] ;;; curseforge; {'id': 10150, 'gameVersionTypeID': 68441, 'name': 'NeoForge', 'slug': 'neoforge', 'apiVersion': ''}
[2026, 9, 25, 18, 28, 24] ;;; curseforge; {'id': 16498, 'gameVersionTypeID': 86297, 'name': '26.2', 'slug': '26-2', 'apiVersion': None}
[2026, 9, 25, 18, 28, 24] ;;; curseforge; {'id': 16500, 'gameVersionTypeID': 1, 'name': '26.2', 'slug': '26-2', 'apiVersion': ''}
[2026, 9, 25, 18, 28, 24] ;;; curseforge; {'file': ('enhanced_survival-neoforge-26.2_1.60.0.jar', <_io.BufferedReader name='.\\releases\\1.60.0\\enhanced_survival-neoforge-26.2_1.60.0.jar'>, 'application/jar'), 'metadata': (None, '{"changelog": "", "displayName": "enhanced_survival neoforge 26.2 1.60.0", "gameVersions": [9638, 9639, 10150, 16498], "gameVersionNames": ["Client", "Server", "NeoForge", "26.2"], "releaseType": "release", "relations": {"projects": [{"slug": "gstools", "projectID": 1404020, "type": "requiredDependency"}]}}', 'application/json')}
[2026, 9, 25, 18, 28, 25] ;;; curseforge; Mod file uploaded successfully! Response: {'id': 8975440}
[2026, 9, 25, 18, 28, 25] ;;; curseforge; {'id': 9638, 'gameVersionTypeID': 75208, 'name': 'Client', 'slug': 'client', 'apiVersion': ''}
[2026, 9, 25, 18, 28, 25] ;;; curseforge; {'id': 9639, 'gameVersionTypeID': 75208, 'name': 'Server', 'slug': 'server', 'apiVersion': ''}
[2026, 9, 25, 18, 28, 25] ;;; curseforge; {'id': 10150, 'gameVersionTypeID': 68441, 'name': 'NeoForge', 'slug': 'neoforge', 'apiVersion': ''}
[2026, 9, 25, 18, 28, 25] ;;; curseforge; {'id': 16498, 'gameVersionTypeID': 86297, 'name': '26.2', 'slug': '26-2', 'apiVersion': None}
[2026, 9, 25, 18, 28, 26] ;;; curseforge; {'id': 16500, 'gameVersionTypeID': 1, 'name': '26.2', 'slug': '26-2', 'apiVersion': ''}
[2026, 9, 25, 18, 28, 28] ;;; curseforge; {'id': 7499, 'gameVersionTypeID': 68441, 'name': 'Fabric', 'slug': 'fabric', 'apiVersion': ''}
[2026, 9, 25, 18, 28, 28] ;;; curseforge; {'id': 9638, 'gameVersionTypeID': 75208, 'name': 'Client', 'slug': 'client', 'apiVersion': ''}
[2026, 9, 25, 18, 28, 28] ;;; curseforge; {'id': 9639, 'gameVersionTypeID': 75208, 'name': 'Server', 'slug': 'server', 'apiVersion': ''}
[2026, 9, 25, 18, 28, 28] ;;; curseforge; {'id': 13927, 'gameVersionTypeID': 77784, 'name': '1.21.9', 'slug': '1-21-9', 'apiVersion': None}
[2026, 9, 25, 18, 28, 28] ;;; curseforge; {'id': 13933, 'gameVersionTypeID': 1, 'name': '1.21.9', 'slug': '1-21-9', 'apiVersion': ''}
[2026, 9, 25, 18, 28, 28] ;;; curseforge; {'id': 16125, 'gameVersionTypeID': 615, 'name': '1.21.9', 'slug': '1-21-9', 'apiVersion': ''}
[2026, 9, 25, 18, 28, 28] ;;; curseforge; {'id': 7499, 'gameVersionTypeID': 68441, 'name': 'Fabric', 'slug': 'fabric', 'apiVersion': ''}
[2026, 9, 25, 18, 28, 28] ;;; curseforge; {'id': 9638, 'gameVersionTypeID': 75208, 'name': 'Client', 'slug': 'client', 'apiVersion': ''}
[2026, 9, 25, 18, 28, 28] ;;; curseforge; {'id': 9639, 'gameVersionTypeID': 75208, 'name': 'Server', 'slug': 'server', 'apiVersion': ''}
[2026, 9, 25, 18, 28, 28] ;;; curseforge; {'id': 13964, 'gameVersionTypeID': 77784, 'name': '1.21.10', 'slug': '1-21-10', 'apiVersion': None}
[2026, 9, 25, 18, 28, 28] ;;; curseforge; {'id': 13966, 'gameVersionTypeID': 1, 'name': '1.21.10', 'slug': '1-21-10', 'apiVersion': ''}
[2026, 9, 25, 18, 28, 28] ;;; curseforge; {'id': 16126, 'gameVersionTypeID': 615, 'name': '1.21.10', 'slug': '1-21-10', 'apiVersion': ''}
[2026, 9, 25, 18, 28, 28] ;;; curseforge; {'id': 7499, 'gameVersionTypeID': 68441, 'name': 'Fabric', 'slug': 'fabric', 'apiVersion': ''}
[2026, 9, 25, 18, 28, 28] ;;; curseforge; {'id': 9638, 'gameVersionTypeID': 75208, 'name': 'Client', 'slug': 'client', 'apiVersion': ''}
[2026, 9, 25, 18, 28, 28] ;;; curseforge; {'id': 9639, 'gameVersionTypeID': 75208, 'name': 'Server', 'slug': 'server', 'apiVersion': ''}
[2026, 9, 25, 18, 28, 28] ;;; curseforge; {'id': 14406, 'gameVersionTypeID': 77784, 'name': '1.21.11', 'slug': '1-21-11', 'apiVersion': None}
[2026, 9, 25, 18, 28, 28] ;;; curseforge; {'id': 14417, 'gameVersionTypeID': 1, 'name': '1.21.11', 'slug': '1-21-11', 'apiVersion': ''}
[2026, 9, 25, 18, 28, 28] ;;; curseforge; {'id': 16127, 'gameVersionTypeID': 615, 'name': '1.21.11', 'slug': '1-21-11', 'apiVersion': ''}
[2026, 9, 25, 18, 28, 28] ;;; curseforge; {'file': ('life_and_death-fabric-1.21.9_1.60.0.jar', <_io.BufferedReader name='.\\releases\\1.60.0\\life_and_death-fabric-1.21.9_1.60.0.jar'>, 'application/jar'), 'metadata': (None, '{"changelog": "", "displayName": "life_and_death fabric 1.21.9 1.60.0", "gameVersions": [7499, 9638, 9639, 13927, 13964, 14406], "gameVersionNames": ["Fabric", "Client", "Server", "1.21.9", "1.21.10", "1.21.11"], "releaseType": "release", "relations": {"projects": [{"slug": "gstools", "projectID": 1404020, "type": "requiredDependency"}]}}', 'application/json')}
[2026, 9, 25, 18, 28, 30] ;;; curseforge; Mod file uploaded successfully! Response: {'id': 8975442}
[2026, 9, 25, 18, 28, 30] ;;; curseforge; {'id': 7499, 'gameVersionTypeID': 68441, 'name': 'Fabric', 'slug': 'fabric', 'apiVersion': ''}
[2026, 9, 25, 18, 28, 30] ;;; curseforge; {'id': 9638, 'gameVersionTypeID': 75208, 'name': 'Client', 'slug': 'client', 'apiVersion': ''}
[2026, 9, 25, 18, 28, 30] ;;; curseforge; {'id': 9639, 'gameVersionTypeID': 75208, 'name': 'Server', 'slug': 'server', 'apiVersion': ''}
[2026, 9, 25, 18, 28, 30] ;;; curseforge; {'id': 13927, 'gameVersionTypeID': 77784, 'name': '1.21.9', 'slug': '1-21-9', 'apiVersion': None}
[2026, 9, 25, 18, 28, 30] ;;; curseforge; {'id': 13933, 'gameVersionTypeID': 1, 'name': '1.21.9', 'slug': '1-21-9', 'apiVersion': ''}
[2026, 9, 25, 18, 28, 30] ;;; curseforge; {'id': 16125, 'gameVersionTypeID': 615, 'name': '1.21.9', 'slug': '1-21-9', 'apiVersion': ''}
[2026, 9, 25, 18, 28, 30] ;;; curseforge; {'id': 7499, 'gameVersionTypeID': 68441, 'name': 'Fabric', 'slug': 'fabric', 'apiVersion': ''}
[2026, 9, 25, 18, 28, 30] ;;; curseforge; {'id': 9638, 'gameVersionTypeID': 75208, 'name': 'Client', 'slug': 'client', 'apiVersion': ''}
[2026, 9, 25, 18, 28, 30] ;;; curseforge; {'id': 9639, 'gameVersionTypeID': 75208, 'name': 'Server', 'slug': 'server', 'apiVersion': ''}
[2026, 9, 25, 18, 28, 30] ;;; curseforge; {'id': 13964, 'gameVersionTypeID': 77784, 'name': '1.21.10', 'slug': '1-21-10', 'apiVersion': None}
[2026, 9, 25, 18, 28, 30] ;;; curseforge; {'id': 13966, 'gameVersionTypeID': 1, 'name': '1.21.10', 'slug': '1-21-10', 'apiVersion': ''}
[2026, 9, 25, 18, 28, 30] ;;; curseforge; {'id': 16126, 'gameVersionTypeID': 615, 'name': '1.21.10', 'slug': '1-21-10', 'apiVersion': ''}
[2026, 9, 25, 18, 28, 30] ;;; curseforge; {'id': 7499, 'gameVersionTypeID': 68441, 'name': 'Fabric', 'slug': 'fabric', 'apiVersion': ''}
[2026, 9, 25, 18, 28, 30] ;;; curseforge; {'id': 9638, 'gameVersionTypeID': 75208, 'name': 'Client', 'slug': 'client', 'apiVersion': ''}
[2026, 9, 25, 18, 28, 30] ;;; curseforge; {'id': 9639, 'gameVersionTypeID': 75208, 'name': 'Server', 'slug': 'server', 'apiVersion': ''}
[2026, 9, 25, 18, 28, 30] ;;; curseforge; {'id': 14406, 'gameVersionTypeID': 77784, 'name': '1.21.11', 'slug': '1-21-11', 'apiVersion': None}
[2026, 9, 25, 18, 28, 30] ;;; curseforge; {'id': 14417, 'gameVersionTypeID': 1, 'name': '1.21.11', 'slug': '1-21-11', 'apiVersion': ''}
[2026, 9, 25, 18, 28, 30] ;;; curseforge; {'id': 16127, 'gameVersionTypeID': 615, 'name': '1.21.11', 'slug': '1-21-11', 'apiVersion': ''}
[2026, 9, 25, 18, 28, 33] ;;; curseforge; {'id': 7499, 'gameVersionTypeID': 68441, 'name': 'Fabric', 'slug': 'fabric', 'apiVersion': ''}
[2026, 9, 25, 18, 28, 33] ;;; curseforge; {'id': 9638, 'gameVersionTypeID': 75208, 'name': 'Client', 'slug': 'client', 'apiVersion': ''}
[2026, 9, 25, 18, 28, 33] ;;; curseforge; {'id': 9639, 'gameVersionTypeID': 75208, 'name': 'Server', 'slug': 'server', 'apiVersion': ''}
[2026, 9, 25, 18, 28, 33] ;;; curseforge; {'id': 15933, 'gameVersionTypeID': 83806, 'name': '26.1', 'slug': '26-1', 'apiVersion': None}
[2026, 9, 25, 18, 28, 33] ;;; curseforge; {'id': 16083, 'gameVersionTypeID': 1, 'name': '26.1', 'slug': '26-1', 'apiVersion': ''}
[2026, 9, 25, 18, 28, 33] ;;; curseforge; {'id': 16128, 'gameVersionTypeID': 615, 'name': '26.1', 'slug': '26-1', 'apiVersion': ''}
[2026, 9, 25, 18, 28, 33] ;;; curseforge; {'id': 7499, 'gameVersionTypeID': 68441, 'name': 'Fabric', 'slug': 'fabric', 'apiVersion': ''}
[2026, 9, 25, 18, 28, 33] ;;; curseforge; {'id': 9638, 'gameVersionTypeID': 75208, 'name': 'Client', 'slug': 'client', 'apiVersion': ''}
[2026, 9, 25, 18, 28, 33] ;;; curseforge; {'id': 9639, 'gameVersionTypeID': 75208, 'name': 'Server', 'slug': 'server', 'apiVersion': ''}
[2026, 9, 25, 18, 28, 33] ;;; curseforge; {'id': 16021, 'gameVersionTypeID': 83806, 'name': '26.1.1', 'slug': '26-1-1', 'apiVersion': None}
[2026, 9, 25, 18, 28, 33] ;;; curseforge; {'id': 16084, 'gameVersionTypeID': 1, 'name': '26.1.1', 'slug': '26-1-1', 'apiVersion': ''}
[2026, 9, 25, 18, 28, 33] ;;; curseforge; {'id': 16129, 'gameVersionTypeID': 615, 'name': '26.1.1', 'slug': '26-1-1', 'apiVersion': ''}
[2026, 9, 25, 18, 28, 33] ;;; curseforge; {'id': 7499, 'gameVersionTypeID': 68441, 'name': 'Fabric', 'slug': 'fabric', 'apiVersion': ''}
[2026, 9, 25, 18, 28, 33] ;;; curseforge; {'id': 9638, 'gameVersionTypeID': 75208, 'name': 'Client', 'slug': 'client', 'apiVersion': ''}
[2026, 9, 25, 18, 28, 33] ;;; curseforge; {'id': 9639, 'gameVersionTypeID': 75208, 'name': 'Server', 'slug': 'server', 'apiVersion': ''}
[2026, 9, 25, 18, 28, 33] ;;; curseforge; {'id': 16082, 'gameVersionTypeID': 83806, 'name': '26.1.2', 'slug': '26-1-2', 'apiVersion': None}
[2026, 9, 25, 18, 28, 33] ;;; curseforge; {'id': 16085, 'gameVersionTypeID': 1, 'name': '26.1.2', 'slug': '26-1-2', 'apiVersion': ''}
[2026, 9, 25, 18, 28, 33] ;;; curseforge; {'id': 16130, 'gameVersionTypeID': 615, 'name': '26.1.2', 'slug': '26-1-2', 'apiVersion': ''}
[2026, 9, 25, 18, 28, 33] ;;; curseforge; {'file': ('life_and_death-fabric-26.1_1.60.0.jar', <_io.BufferedReader name='.\\releases\\1.60.0\\life_and_death-fabric-26.1_1.60.0.jar'>, 'application/jar'), 'metadata': (None, '{"changelog": "", "displayName": "life_and_death fabric 26.1 1.60.0", "gameVersions": [7499, 9638, 9639, 15933, 16021, 16082], "gameVersionNames": ["Fabric", "Client", "Server", "26.1", "26.1.1", "26.1.2"], "releaseType": "release", "relations": {"projects": [{"slug": "gstools", "projectID": 1404020, "type": "requiredDependency"}]}}', 'application/json')}
[2026, 9, 25, 18, 28, 34] ;;; curseforge; Mod file uploaded successfully! Response: {'id': 8975443}
[2026, 9, 25, 18, 28, 34] ;;; curseforge; {'id': 7499, 'gameVersionTypeID': 68441, 'name': 'Fabric', 'slug': 'fabric', 'apiVersion': ''}
[2026, 9, 25, 18, 28, 34] ;;; curseforge; {'id': 9638, 'gameVersionTypeID': 75208, 'name': 'Client', 'slug': 'client', 'apiVersion': ''}
[2026, 9, 25, 18, 28, 34] ;;; curseforge; {'id': 9639, 'gameVersionTypeID': 75208, 'name': 'Server', 'slug': 'server', 'apiVersion': ''}
[2026, 9, 25, 18, 28, 34] ;;; curseforge; {'id': 15933, 'gameVersionTypeID': 83806, 'name': '26.1', 'slug': '26-1', 'apiVersion': None}
[2026, 9, 25, 18, 28, 34] ;;; curseforge; {'id': 16083, 'gameVersionTypeID': 1, 'name': '26.1', 'slug': '26-1', 'apiVersion': ''}
[2026, 9, 25, 18, 28, 34] ;;; curseforge; {'id': 16128, 'gameVersionTypeID': 615, 'name': '26.1', 'slug': '26-1', 'apiVersion': ''}
[2026, 9, 25, 18, 28, 34] ;;; curseforge; {'id': 7499, 'gameVersionTypeID': 68441, 'name': 'Fabric', 'slug': 'fabric', 'apiVersion': ''}
[2026, 9, 25, 18, 28, 34] ;;; curseforge; {'id': 9638, 'gameVersionTypeID': 75208, 'name': 'Client', 'slug': 'client', 'apiVersion': ''}
[2026, 9, 25, 18, 28, 34] ;;; curseforge; {'id': 9639, 'gameVersionTypeID': 75208, 'name': 'Server', 'slug': 'server', 'apiVersion': ''}
[2026, 9, 25, 18, 28, 34] ;;; curseforge; {'id': 16021, 'gameVersionTypeID': 83806, 'name': '26.1.1', 'slug': '26-1-1', 'apiVersion': None}
[2026, 9, 25, 18, 28, 34] ;;; curseforge; {'id': 16084, 'gameVersionTypeID': 1, 'name': '26.1.1', 'slug': '26-1-1', 'apiVersion': ''}
[2026, 9, 25, 18, 28, 34] ;;; curseforge; {'id': 16129, 'gameVersionTypeID': 615, 'name': '26.1.1', 'slug': '26-1-1', 'apiVersion': ''}
[2026, 9, 25, 18, 28, 34] ;;; curseforge; {'id': 7499, 'gameVersionTypeID': 68441, 'name': 'Fabric', 'slug': 'fabric', 'apiVersion': ''}
[2026, 9, 25, 18, 28, 34] ;;; curseforge; {'id': 9638, 'gameVersionTypeID': 75208, 'name': 'Client', 'slug': 'client', 'apiVersion': ''}
[2026, 9, 25, 18, 28, 34] ;;; curseforge; {'id': 9639, 'gameVersionTypeID': 75208, 'name': 'Server', 'slug': 'server', 'apiVersion': ''}
[2026, 9, 25, 18, 28, 34] ;;; curseforge; {'id': 16082, 'gameVersionTypeID': 83806, 'name': '26.1.2', 'slug': '26-1-2', 'apiVersion': None}
[2026, 9, 25, 18, 28, 34] ;;; curseforge; {'id': 16085, 'gameVersionTypeID': 1, 'name': '26.1.2', 'slug': '26-1-2', 'apiVersion': ''}
[2026, 9, 25, 18, 28, 34] ;;; curseforge; {'id': 16130, 'gameVersionTypeID': 615, 'name': '26.1.2', 'slug': '26-1-2', 'apiVersion': ''}
[2026, 9, 25, 18, 28, 37] ;;; curseforge; {'id': 7499, 'gameVersionTypeID': 68441, 'name': 'Fabric', 'slug': 'fabric', 'apiVersion': ''}
[2026, 9, 25, 18, 28, 37] ;;; curseforge; {'id': 9638, 'gameVersionTypeID': 75208, 'name': 'Client', 'slug': 'client', 'apiVersion': ''}
[2026, 9, 25, 18, 28, 37] ;;; curseforge; {'id': 9639, 'gameVersionTypeID': 75208, 'name': 'Server', 'slug': 'server', 'apiVersion': ''}
[2026, 9, 25, 18, 28, 37] ;;; curseforge; {'id': 16498, 'gameVersionTypeID': 86297, 'name': '26.2', 'slug': '26-2', 'apiVersion': None}
[2026, 9, 25, 18, 28, 37] ;;; curseforge; {'id': 16500, 'gameVersionTypeID': 1, 'name': '26.2', 'slug': '26-2', 'apiVersion': ''}
[2026, 9, 25, 18, 28, 37] ;;; curseforge; {'file': ('life_and_death-fabric-26.2_1.60.0.jar', <_io.BufferedReader name='.\\releases\\1.60.0\\life_and_death-fabric-26.2_1.60.0.jar'>, 'application/jar'), 'metadata': (None, '{"changelog": "", "displayName": "life_and_death fabric 26.2 1.60.0", "gameVersions": [7499, 9638, 9639, 16498], "gameVersionNames": ["Fabric", "Client", "Server", "26.2"], "releaseType": "release", "relations": {"projects": [{"slug": "gstools", "projectID": 1404020, "type": "requiredDependency"}]}}', 'application/json')}
[2026, 9, 25, 18, 28, 38] ;;; curseforge; Mod file uploaded successfully! Response: {'id': 8975444}
[2026, 9, 25, 18, 28, 39] ;;; curseforge; {'id': 7499, 'gameVersionTypeID': 68441, 'name': 'Fabric', 'slug': 'fabric', 'apiVersion': ''}
[2026, 9, 25, 18, 28, 39] ;;; curseforge; {'id': 9638, 'gameVersionTypeID': 75208, 'name': 'Client', 'slug': 'client', 'apiVersion': ''}
[2026, 9, 25, 18, 28, 39] ;;; curseforge; {'id': 9639, 'gameVersionTypeID': 75208, 'name': 'Server', 'slug': 'server', 'apiVersion': ''}
[2026, 9, 25, 18, 28, 39] ;;; curseforge; {'id': 16498, 'gameVersionTypeID': 86297, 'name': '26.2', 'slug': '26-2', 'apiVersion': None}
[2026, 9, 25, 18, 28, 39] ;;; curseforge; {'id': 16500, 'gameVersionTypeID': 1, 'name': '26.2', 'slug': '26-2', 'apiVersion': ''}
[2026, 9, 25, 18, 28, 41] ;;; curseforge; {'id': 7498, 'gameVersionTypeID': 68441, 'name': 'Forge', 'slug': 'forge', 'apiVersion': ''}
[2026, 9, 25, 18, 28, 41] ;;; curseforge; {'id': 9638, 'gameVersionTypeID': 75208, 'name': 'Client', 'slug': 'client', 'apiVersion': ''}
[2026, 9, 25, 18, 28, 41] ;;; curseforge; {'id': 9639, 'gameVersionTypeID': 75208, 'name': 'Server', 'slug': 'server', 'apiVersion': ''}
[2026, 9, 25, 18, 28, 41] ;;; curseforge; {'id': 9776, 'gameVersionTypeID': 73407, 'name': '1.19.4', 'slug': '1-19-4', 'apiVersion': ''}
[2026, 9, 25, 18, 28, 41] ;;; curseforge; {'id': 9792, 'gameVersionTypeID': 615, 'name': '1.19.4', 'slug': '1-19-4', 'apiVersion': ''}
[2026, 9, 25, 18, 28, 41] ;;; curseforge; {'id': 9973, 'gameVersionTypeID': 1, 'name': '1.19.4', 'slug': '1-19-4', 'apiVersion': ''}
[2026, 9, 25, 18, 28, 41] ;;; curseforge; {'file': ('life_and_death-forge-1.19.4_1.60.0.jar', <_io.BufferedReader name='.\\releases\\1.60.0\\life_and_death-forge-1.19.4_1.60.0.jar'>, 'application/jar'), 'metadata': (None, '{"changelog": "", "displayName": "life_and_death forge 1.19.4 1.60.0", "gameVersions": [7498, 9638, 9639, 9776], "gameVersionNames": ["Forge", "Client", "Server", "1.19.4"], "releaseType": "release", "relations": {"projects": [{"slug": "gstools", "projectID": 1404020, "type": "requiredDependency"}]}}', 'application/json')}
[2026, 9, 25, 18, 28, 43] ;;; curseforge; Mod file uploaded successfully! Response: {'id': 8975445}
[2026, 9, 25, 18, 28, 43] ;;; curseforge; {'id': 7498, 'gameVersionTypeID': 68441, 'name': 'Forge', 'slug': 'forge', 'apiVersion': ''}
[2026, 9, 25, 18, 28, 43] ;;; curseforge; {'id': 9638, 'gameVersionTypeID': 75208, 'name': 'Client', 'slug': 'client', 'apiVersion': ''}
[2026, 9, 25, 18, 28, 43] ;;; curseforge; {'id': 9639, 'gameVersionTypeID': 75208, 'name': 'Server', 'slug': 'server', 'apiVersion': ''}
[2026, 9, 25, 18, 28, 43] ;;; curseforge; {'id': 9776, 'gameVersionTypeID': 73407, 'name': '1.19.4', 'slug': '1-19-4', 'apiVersion': ''}
[2026, 9, 25, 18, 28, 43] ;;; curseforge; {'id': 9792, 'gameVersionTypeID': 615, 'name': '1.19.4', 'slug': '1-19-4', 'apiVersion': ''}
[2026, 9, 25, 18, 28, 43] ;;; curseforge; {'id': 9973, 'gameVersionTypeID': 1, 'name': '1.19.4', 'slug': '1-19-4', 'apiVersion': ''}
[2026, 9, 25, 18, 28, 48] ;;; curseforge; {'id': 7498, 'gameVersionTypeID': 68441, 'name': 'Forge', 'slug': 'forge', 'apiVersion': ''}
[2026, 9, 25, 18, 28, 48] ;;; curseforge; {'id': 9638, 'gameVersionTypeID': 75208, 'name': 'Client', 'slug': 'client', 'apiVersion': ''}
[2026, 9, 25, 18, 28, 48] ;;; curseforge; {'id': 9639, 'gameVersionTypeID': 75208, 'name': 'Server', 'slug': 'server', 'apiVersion': ''}
[2026, 9, 25, 18, 28, 48] ;;; curseforge; {'id': 9990, 'gameVersionTypeID': 75125, 'name': '1.20.1', 'slug': '1-20-1', 'apiVersion': None}
[2026, 9, 25, 18, 28, 48] ;;; curseforge; {'id': 9993, 'gameVersionTypeID': 615, 'name': '1.20.1', 'slug': '1-20-1', 'apiVersion': ''}
[2026, 9, 25, 18, 28, 48] ;;; curseforge; {'id': 9994, 'gameVersionTypeID': 1, 'name': '1.20.1', 'slug': '1-20-1', 'apiVersion': ''}
[2026, 9, 25, 18, 28, 48] ;;; curseforge; {'file': ('life_and_death-forge-1.20.1_1.60.0.jar', <_io.BufferedReader name='.\\releases\\1.60.0\\life_and_death-forge-1.20.1_1.60.0.jar'>, 'application/jar'), 'metadata': (None, '{"changelog": "", "displayName": "life_and_death forge 1.20.1 1.60.0", "gameVersions": [7498, 9638, 9639, 9990], "gameVersionNames": ["Forge", "Client", "Server", "1.20.1"], "releaseType": "release", "relations": {"projects": [{"slug": "gstools", "projectID": 1404020, "type": "requiredDependency"}]}}', 'application/json')}
[2026, 9, 25, 18, 28, 49] ;;; curseforge; Mod file uploaded successfully! Response: {'id': 8975446}
[2026, 9, 25, 18, 28, 49] ;;; curseforge; {'id': 7498, 'gameVersionTypeID': 68441, 'name': 'Forge', 'slug': 'forge', 'apiVersion': ''}
[2026, 9, 25, 18, 28, 49] ;;; curseforge; {'id': 9638, 'gameVersionTypeID': 75208, 'name': 'Client', 'slug': 'client', 'apiVersion': ''}
[2026, 9, 25, 18, 28, 49] ;;; curseforge; {'id': 9639, 'gameVersionTypeID': 75208, 'name': 'Server', 'slug': 'server', 'apiVersion': ''}
[2026, 9, 25, 18, 28, 49] ;;; curseforge; {'id': 9990, 'gameVersionTypeID': 75125, 'name': '1.20.1', 'slug': '1-20-1', 'apiVersion': None}
[2026, 9, 25, 18, 28, 49] ;;; curseforge; {'id': 9993, 'gameVersionTypeID': 615, 'name': '1.20.1', 'slug': '1-20-1', 'apiVersion': ''}
[2026, 9, 25, 18, 28, 49] ;;; curseforge; {'id': 9994, 'gameVersionTypeID': 1, 'name': '1.20.1', 'slug': '1-20-1', 'apiVersion': ''}
[2026, 9, 25, 18, 28, 52] ;;; curseforge; {'id': 9638, 'gameVersionTypeID': 75208, 'name': 'Client', 'slug': 'client', 'apiVersion': ''}
[2026, 9, 25, 18, 28, 52] ;;; curseforge; {'id': 9639, 'gameVersionTypeID': 75208, 'name': 'Server', 'slug': 'server', 'apiVersion': ''}
[2026, 9, 25, 18, 28, 52] ;;; curseforge; {'id': 10150, 'gameVersionTypeID': 68441, 'name': 'NeoForge', 'slug': 'neoforge', 'apiVersion': ''}
[2026, 9, 25, 18, 28, 52] ;;; curseforge; {'id': 10407, 'gameVersionTypeID': 75125, 'name': '1.20.4', 'slug': '1-20-4', 'apiVersion': None}
[2026, 9, 25, 18, 28, 52] ;;; curseforge; {'id': 10742, 'gameVersionTypeID': 1, 'name': '1.20.4', 'slug': '1-20-4', 'apiVersion': ''}
[2026, 9, 25, 18, 28, 52] ;;; curseforge; {'id': 10866, 'gameVersionTypeID': 615, 'name': '1.20.4', 'slug': '1-20-4', 'apiVersion': ''}
[2026, 9, 25, 18, 28, 52] ;;; curseforge; {'file': ('life_and_death-neoforge-1.20.4_1.60.0.jar', <_io.BufferedReader name='.\\releases\\1.60.0\\life_and_death-neoforge-1.20.4_1.60.0.jar'>, 'application/jar'), 'metadata': (None, '{"changelog": "", "displayName": "life_and_death neoforge 1.20.4 1.60.0", "gameVersions": [9638, 9639, 10150, 10407], "gameVersionNames": ["Client", "Server", "NeoForge", "1.20.4"], "releaseType": "release", "relations": {"projects": [{"slug": "gstools", "projectID": 1404020, "type": "requiredDependency"}]}}', 'application/json')}
[2026, 9, 25, 18, 28, 53] ;;; curseforge; Mod file uploaded successfully! Response: {'id': 8975448}
[2026, 9, 25, 18, 28, 54] ;;; curseforge; {'id': 9638, 'gameVersionTypeID': 75208, 'name': 'Client', 'slug': 'client', 'apiVersion': ''}
[2026, 9, 25, 18, 28, 54] ;;; curseforge; {'id': 9639, 'gameVersionTypeID': 75208, 'name': 'Server', 'slug': 'server', 'apiVersion': ''}
[2026, 9, 25, 18, 28, 54] ;;; curseforge; {'id': 10150, 'gameVersionTypeID': 68441, 'name': 'NeoForge', 'slug': 'neoforge', 'apiVersion': ''}
[2026, 9, 25, 18, 28, 54] ;;; curseforge; {'id': 10407, 'gameVersionTypeID': 75125, 'name': '1.20.4', 'slug': '1-20-4', 'apiVersion': None}
[2026, 9, 25, 18, 28, 54] ;;; curseforge; {'id': 10742, 'gameVersionTypeID': 1, 'name': '1.20.4', 'slug': '1-20-4', 'apiVersion': ''}
[2026, 9, 25, 18, 28, 54] ;;; curseforge; {'id': 10866, 'gameVersionTypeID': 615, 'name': '1.20.4', 'slug': '1-20-4', 'apiVersion': ''}
[2026, 9, 25, 18, 28, 57] ;;; curseforge; {'id': 9638, 'gameVersionTypeID': 75208, 'name': 'Client', 'slug': 'client', 'apiVersion': ''}
[2026, 9, 25, 18, 28, 57] ;;; curseforge; {'id': 9639, 'gameVersionTypeID': 75208, 'name': 'Server', 'slug': 'server', 'apiVersion': ''}
[2026, 9, 25, 18, 28, 57] ;;; curseforge; {'id': 10150, 'gameVersionTypeID': 68441, 'name': 'NeoForge', 'slug': 'neoforge', 'apiVersion': ''}
[2026, 9, 25, 18, 28, 57] ;;; curseforge; {'id': 11779, 'gameVersionTypeID': 77784, 'name': '1.21.1', 'slug': '1-21-1', 'apiVersion': None}
[2026, 9, 25, 18, 28, 57] ;;; curseforge; {'id': 12735, 'gameVersionTypeID': 1, 'name': '1.21.1', 'slug': '1-21-1', 'apiVersion': ''}
[2026, 9, 25, 18, 28, 57] ;;; curseforge; {'id': 16115, 'gameVersionTypeID': 615, 'name': '1.21.1', 'slug': '1-21-1', 'apiVersion': ''}
[2026, 9, 25, 18, 28, 57] ;;; curseforge; {'file': ('life_and_death-neoforge-1.21.1_1.60.0.jar', <_io.BufferedReader name='.\\releases\\1.60.0\\life_and_death-neoforge-1.21.1_1.60.0.jar'>, 'application/jar'), 'metadata': (None, '{"changelog": "", "displayName": "life_and_death neoforge 1.21.1 1.60.0", "gameVersions": [9638, 9639, 10150, 11779], "gameVersionNames": ["Client", "Server", "NeoForge", "1.21.1"], "releaseType": "release", "relations": {"projects": [{"slug": "gstools", "projectID": 1404020, "type": "requiredDependency"}]}}', 'application/json')}
[2026, 9, 25, 18, 28, 58] ;;; curseforge; Mod file uploaded successfully! Response: {'id': 8975449}
[2026, 9, 25, 18, 28, 58] ;;; curseforge; {'id': 9638, 'gameVersionTypeID': 75208, 'name': 'Client', 'slug': 'client', 'apiVersion': ''}
[2026, 9, 25, 18, 28, 58] ;;; curseforge; {'id': 9639, 'gameVersionTypeID': 75208, 'name': 'Server', 'slug': 'server', 'apiVersion': ''}
[2026, 9, 25, 18, 28, 58] ;;; curseforge; {'id': 10150, 'gameVersionTypeID': 68441, 'name': 'NeoForge', 'slug': 'neoforge', 'apiVersion': ''}
[2026, 9, 25, 18, 28, 58] ;;; curseforge; {'id': 11779, 'gameVersionTypeID': 77784, 'name': '1.21.1', 'slug': '1-21-1', 'apiVersion': None}
[2026, 9, 25, 18, 28, 58] ;;; curseforge; {'id': 12735, 'gameVersionTypeID': 1, 'name': '1.21.1', 'slug': '1-21-1', 'apiVersion': ''}
[2026, 9, 25, 18, 28, 58] ;;; curseforge; {'id': 16115, 'gameVersionTypeID': 615, 'name': '1.21.1', 'slug': '1-21-1', 'apiVersion': ''}
[2026, 9, 25, 18, 29, 2] ;;; curseforge; {'id': 9638, 'gameVersionTypeID': 75208, 'name': 'Client', 'slug': 'client', 'apiVersion': ''}
[2026, 9, 25, 18, 29, 2] ;;; curseforge; {'id': 9639, 'gameVersionTypeID': 75208, 'name': 'Server', 'slug': 'server', 'apiVersion': ''}
[2026, 9, 25, 18, 29, 2] ;;; curseforge; {'id': 10150, 'gameVersionTypeID': 68441, 'name': 'NeoForge', 'slug': 'neoforge', 'apiVersion': ''}
[2026, 9, 25, 18, 29, 2] ;;; curseforge; {'id': 12079, 'gameVersionTypeID': 77784, 'name': '1.21.2', 'slug': '1-21-2', 'apiVersion': ''}
[2026, 9, 25, 18, 29, 2] ;;; curseforge; {'id': 12736, 'gameVersionTypeID': 1, 'name': '1.21.2', 'slug': '1-21-2', 'apiVersion': ''}
[2026, 9, 25, 18, 29, 2] ;;; curseforge; {'id': 16116, 'gameVersionTypeID': 615, 'name': '1.21.2', 'slug': '1-21-2', 'apiVersion': ''}
[2026, 9, 25, 18, 29, 2] ;;; curseforge; {'id': 9638, 'gameVersionTypeID': 75208, 'name': 'Client', 'slug': 'client', 'apiVersion': ''}
[2026, 9, 25, 18, 29, 2] ;;; curseforge; {'id': 9639, 'gameVersionTypeID': 75208, 'name': 'Server', 'slug': 'server', 'apiVersion': ''}
[2026, 9, 25, 18, 29, 2] ;;; curseforge; {'id': 10150, 'gameVersionTypeID': 68441, 'name': 'NeoForge', 'slug': 'neoforge', 'apiVersion': ''}
[2026, 9, 25, 18, 29, 2] ;;; curseforge; {'id': 12084, 'gameVersionTypeID': 77784, 'name': '1.21.3', 'slug': '1-21-3', 'apiVersion': None}
[2026, 9, 25, 18, 29, 2] ;;; curseforge; {'id': 12737, 'gameVersionTypeID': 1, 'name': '1.21.3', 'slug': '1-21-3', 'apiVersion': ''}
[2026, 9, 25, 18, 29, 2] ;;; curseforge; {'id': 16117, 'gameVersionTypeID': 615, 'name': '1.21.3', 'slug': '1-21-3', 'apiVersion': ''}
[2026, 9, 25, 18, 29, 2] ;;; curseforge; {'file': ('life_and_death-neoforge-1.21.2_1.60.0.jar', <_io.BufferedReader name='.\\releases\\1.60.0\\life_and_death-neoforge-1.21.2_1.60.0.jar'>, 'application/jar'), 'metadata': (None, '{"changelog": "", "displayName": "life_and_death neoforge 1.21.2 1.60.0", "gameVersions": [9638, 9639, 10150, 12079, 12084], "gameVersionNames": ["Client", "Server", "NeoForge", "1.21.2", "1.21.3"], "releaseType": "release", "relations": {"projects": [{"slug": "gstools", "projectID": 1404020, "type": "requiredDependency"}]}}', 'application/json')}
[2026, 9, 25, 18, 29, 3] ;;; curseforge; Mod file uploaded successfully! Response: {'id': 8975451}
[2026, 9, 25, 18, 29, 3] ;;; curseforge; {'id': 9638, 'gameVersionTypeID': 75208, 'name': 'Client', 'slug': 'client', 'apiVersion': ''}
[2026, 9, 25, 18, 29, 3] ;;; curseforge; {'id': 9639, 'gameVersionTypeID': 75208, 'name': 'Server', 'slug': 'server', 'apiVersion': ''}
[2026, 9, 25, 18, 29, 3] ;;; curseforge; {'id': 10150, 'gameVersionTypeID': 68441, 'name': 'NeoForge', 'slug': 'neoforge', 'apiVersion': ''}
[2026, 9, 25, 18, 29, 3] ;;; curseforge; {'id': 12079, 'gameVersionTypeID': 77784, 'name': '1.21.2', 'slug': '1-21-2', 'apiVersion': ''}
[2026, 9, 25, 18, 29, 3] ;;; curseforge; {'id': 12736, 'gameVersionTypeID': 1, 'name': '1.21.2', 'slug': '1-21-2', 'apiVersion': ''}
[2026, 9, 25, 18, 29, 3] ;;; curseforge; {'id': 16116, 'gameVersionTypeID': 615, 'name': '1.21.2', 'slug': '1-21-2', 'apiVersion': ''}
[2026, 9, 25, 18, 29, 3] ;;; curseforge; {'id': 9638, 'gameVersionTypeID': 75208, 'name': 'Client', 'slug': 'client', 'apiVersion': ''}
[2026, 9, 25, 18, 29, 3] ;;; curseforge; {'id': 9639, 'gameVersionTypeID': 75208, 'name': 'Server', 'slug': 'server', 'apiVersion': ''}
[2026, 9, 25, 18, 29, 3] ;;; curseforge; {'id': 10150, 'gameVersionTypeID': 68441, 'name': 'NeoForge', 'slug': 'neoforge', 'apiVersion': ''}
[2026, 9, 25, 18, 29, 3] ;;; curseforge; {'id': 12084, 'gameVersionTypeID': 77784, 'name': '1.21.3', 'slug': '1-21-3', 'apiVersion': None}
[2026, 9, 25, 18, 29, 3] ;;; curseforge; {'id': 12737, 'gameVersionTypeID': 1, 'name': '1.21.3', 'slug': '1-21-3', 'apiVersion': ''}
[2026, 9, 25, 18, 29, 3] ;;; curseforge; {'id': 16117, 'gameVersionTypeID': 615, 'name': '1.21.3', 'slug': '1-21-3', 'apiVersion': ''}
[2026, 9, 25, 18, 29, 6] ;;; curseforge; {'id': 9638, 'gameVersionTypeID': 75208, 'name': 'Client', 'slug': 'client', 'apiVersion': ''}
[2026, 9, 25, 18, 29, 6] ;;; curseforge; {'id': 9639, 'gameVersionTypeID': 75208, 'name': 'Server', 'slug': 'server', 'apiVersion': ''}
[2026, 9, 25, 18, 29, 6] ;;; curseforge; {'id': 10150, 'gameVersionTypeID': 68441, 'name': 'NeoForge', 'slug': 'neoforge', 'apiVersion': ''}
[2026, 9, 25, 18, 29, 6] ;;; curseforge; {'id': 12281, 'gameVersionTypeID': 77784, 'name': '1.21.4', 'slug': '1-21-4', 'apiVersion': None}
[2026, 9, 25, 18, 29, 6] ;;; curseforge; {'id': 12738, 'gameVersionTypeID': 1, 'name': '1.21.4', 'slug': '1-21-4', 'apiVersion': ''}
[2026, 9, 25, 18, 29, 6] ;;; curseforge; {'id': 16118, 'gameVersionTypeID': 615, 'name': '1.21.4', 'slug': '1-21-4', 'apiVersion': ''}
[2026, 9, 25, 18, 29, 6] ;;; curseforge; {'file': ('life_and_death-neoforge-1.21.4_1.60.0.jar', <_io.BufferedReader name='.\\releases\\1.60.0\\life_and_death-neoforge-1.21.4_1.60.0.jar'>, 'application/jar'), 'metadata': (None, '{"changelog": "", "displayName": "life_and_death neoforge 1.21.4 1.60.0", "gameVersions": [9638, 9639, 10150, 12281], "gameVersionNames": ["Client", "Server", "NeoForge", "1.21.4"], "releaseType": "release", "relations": {"projects": [{"slug": "gstools", "projectID": 1404020, "type": "requiredDependency"}]}}', 'application/json')}
[2026, 9, 25, 18, 29, 7] ;;; curseforge; Mod file uploaded successfully! Response: {'id': 8975452}
[2026, 9, 25, 18, 29, 8] ;;; curseforge; {'id': 9638, 'gameVersionTypeID': 75208, 'name': 'Client', 'slug': 'client', 'apiVersion': ''}
[2026, 9, 25, 18, 29, 8] ;;; curseforge; {'id': 9639, 'gameVersionTypeID': 75208, 'name': 'Server', 'slug': 'server', 'apiVersion': ''}
[2026, 9, 25, 18, 29, 8] ;;; curseforge; {'id': 10150, 'gameVersionTypeID': 68441, 'name': 'NeoForge', 'slug': 'neoforge', 'apiVersion': ''}
[2026, 9, 25, 18, 29, 8] ;;; curseforge; {'id': 12281, 'gameVersionTypeID': 77784, 'name': '1.21.4', 'slug': '1-21-4', 'apiVersion': None}
[2026, 9, 25, 18, 29, 8] ;;; curseforge; {'id': 12738, 'gameVersionTypeID': 1, 'name': '1.21.4', 'slug': '1-21-4', 'apiVersion': ''}
[2026, 9, 25, 18, 29, 8] ;;; curseforge; {'id': 16118, 'gameVersionTypeID': 615, 'name': '1.21.4', 'slug': '1-21-4', 'apiVersion': ''}
[2026, 9, 25, 18, 29, 10] ;;; curseforge; {'id': 9638, 'gameVersionTypeID': 75208, 'name': 'Client', 'slug': 'client', 'apiVersion': ''}
[2026, 9, 25, 18, 29, 10] ;;; curseforge; {'id': 9639, 'gameVersionTypeID': 75208, 'name': 'Server', 'slug': 'server', 'apiVersion': ''}
[2026, 9, 25, 18, 29, 10] ;;; curseforge; {'id': 10150, 'gameVersionTypeID': 68441, 'name': 'NeoForge', 'slug': 'neoforge', 'apiVersion': ''}
[2026, 9, 25, 18, 29, 10] ;;; curseforge; {'id': 12934, 'gameVersionTypeID': 77784, 'name': '1.21.5', 'slug': '1-21-5', 'apiVersion': None}
[2026, 9, 25, 18, 29, 10] ;;; curseforge; {'id': 12988, 'gameVersionTypeID': 1, 'name': '1.21.5', 'slug': '1-21-5', 'apiVersion': ''}
[2026, 9, 25, 18, 29, 10] ;;; curseforge; {'id': 16119, 'gameVersionTypeID': 615, 'name': '1.21.5', 'slug': '1-21-5', 'apiVersion': ''}
[2026, 9, 25, 18, 29, 10] ;;; curseforge; {'id': 9638, 'gameVersionTypeID': 75208, 'name': 'Client', 'slug': 'client', 'apiVersion': ''}
[2026, 9, 25, 18, 29, 10] ;;; curseforge; {'id': 9639, 'gameVersionTypeID': 75208, 'name': 'Server', 'slug': 'server', 'apiVersion': ''}
[2026, 9, 25, 18, 29, 10] ;;; curseforge; {'id': 10150, 'gameVersionTypeID': 68441, 'name': 'NeoForge', 'slug': 'neoforge', 'apiVersion': ''}
[2026, 9, 25, 18, 29, 10] ;;; curseforge; {'id': 13506, 'gameVersionTypeID': 77784, 'name': '1.21.7', 'slug': '1-21-7', 'apiVersion': None}
[2026, 9, 25, 18, 29, 10] ;;; curseforge; {'id': 13574, 'gameVersionTypeID': 1, 'name': '1.21.7', 'slug': '1-21-7', 'apiVersion': ''}
[2026, 9, 25, 18, 29, 10] ;;; curseforge; {'id': 16121, 'gameVersionTypeID': 615, 'name': '1.21.7', 'slug': '1-21-7', 'apiVersion': ''}
[2026, 9, 25, 18, 29, 10] ;;; curseforge; {'file': ('life_and_death-neoforge-1.21.5_1.60.0.jar', <_io.BufferedReader name='.\\releases\\1.60.0\\life_and_death-neoforge-1.21.5_1.60.0.jar'>, 'application/jar'), 'metadata': (None, '{"changelog": "", "displayName": "life_and_death neoforge 1.21.5 1.60.0", "gameVersions": [9638, 9639, 10150, 12934, 13506], "gameVersionNames": ["Client", "Server", "NeoForge", "1.21.5", "1.21.7"], "releaseType": "release", "relations": {"projects": [{"slug": "gstools", "projectID": 1404020, "type": "requiredDependency"}]}}', 'application/json')}
[2026, 9, 25, 18, 29, 12] ;;; curseforge; Mod file uploaded successfully! Response: {'id': 8975454}
[2026, 9, 25, 18, 29, 13] ;;; curseforge; {'id': 9638, 'gameVersionTypeID': 75208, 'name': 'Client', 'slug': 'client', 'apiVersion': ''}
[2026, 9, 25, 18, 29, 13] ;;; curseforge; {'id': 9639, 'gameVersionTypeID': 75208, 'name': 'Server', 'slug': 'server', 'apiVersion': ''}
[2026, 9, 25, 18, 29, 13] ;;; curseforge; {'id': 10150, 'gameVersionTypeID': 68441, 'name': 'NeoForge', 'slug': 'neoforge', 'apiVersion': ''}
[2026, 9, 25, 18, 29, 13] ;;; curseforge; {'id': 12934, 'gameVersionTypeID': 77784, 'name': '1.21.5', 'slug': '1-21-5', 'apiVersion': None}
[2026, 9, 25, 18, 29, 13] ;;; curseforge; {'id': 12988, 'gameVersionTypeID': 1, 'name': '1.21.5', 'slug': '1-21-5', 'apiVersion': ''}
[2026, 9, 25, 18, 29, 13] ;;; curseforge; {'id': 16119, 'gameVersionTypeID': 615, 'name': '1.21.5', 'slug': '1-21-5', 'apiVersion': ''}
[2026, 9, 25, 18, 29, 13] ;;; curseforge; {'id': 9638, 'gameVersionTypeID': 75208, 'name': 'Client', 'slug': 'client', 'apiVersion': ''}
[2026, 9, 25, 18, 29, 13] ;;; curseforge; {'id': 9639, 'gameVersionTypeID': 75208, 'name': 'Server', 'slug': 'server', 'apiVersion': ''}
[2026, 9, 25, 18, 29, 13] ;;; curseforge; {'id': 10150, 'gameVersionTypeID': 68441, 'name': 'NeoForge', 'slug': 'neoforge', 'apiVersion': ''}
[2026, 9, 25, 18, 29, 13] ;;; curseforge; {'id': 13506, 'gameVersionTypeID': 77784, 'name': '1.21.7', 'slug': '1-21-7', 'apiVersion': None}
[2026, 9, 25, 18, 29, 13] ;;; curseforge; {'id': 13574, 'gameVersionTypeID': 1, 'name': '1.21.7', 'slug': '1-21-7', 'apiVersion': ''}
[2026, 9, 25, 18, 29, 13] ;;; curseforge; {'id': 16121, 'gameVersionTypeID': 615, 'name': '1.21.7', 'slug': '1-21-7', 'apiVersion': ''}
[2026, 9, 25, 18, 29, 16] ;;; curseforge; {'id': 9638, 'gameVersionTypeID': 75208, 'name': 'Client', 'slug': 'client', 'apiVersion': ''}
[2026, 9, 25, 18, 29, 16] ;;; curseforge; {'id': 9639, 'gameVersionTypeID': 75208, 'name': 'Server', 'slug': 'server', 'apiVersion': ''}
[2026, 9, 25, 18, 29, 16] ;;; curseforge; {'id': 10150, 'gameVersionTypeID': 68441, 'name': 'NeoForge', 'slug': 'neoforge', 'apiVersion': ''}
[2026, 9, 25, 18, 29, 16] ;;; curseforge; {'id': 13620, 'gameVersionTypeID': 77784, 'name': '1.21.8', 'slug': '1-21-8', 'apiVersion': None}
[2026, 9, 25, 18, 29, 16] ;;; curseforge; {'id': 13683, 'gameVersionTypeID': 1, 'name': '1.21.8', 'slug': '1-21-8', 'apiVersion': ''}
[2026, 9, 25, 18, 29, 16] ;;; curseforge; {'id': 16124, 'gameVersionTypeID': 615, 'name': '1.21.8', 'slug': '1-21-8', 'apiVersion': ''}
[2026, 9, 25, 18, 29, 16] ;;; curseforge; {'id': 9638, 'gameVersionTypeID': 75208, 'name': 'Client', 'slug': 'client', 'apiVersion': ''}
[2026, 9, 25, 18, 29, 16] ;;; curseforge; {'id': 9639, 'gameVersionTypeID': 75208, 'name': 'Server', 'slug': 'server', 'apiVersion': ''}
[2026, 9, 25, 18, 29, 16] ;;; curseforge; {'id': 10150, 'gameVersionTypeID': 68441, 'name': 'NeoForge', 'slug': 'neoforge', 'apiVersion': ''}
[2026, 9, 25, 18, 29, 16] ;;; curseforge; {'id': 13927, 'gameVersionTypeID': 77784, 'name': '1.21.9', 'slug': '1-21-9', 'apiVersion': None}
[2026, 9, 25, 18, 29, 16] ;;; curseforge; {'id': 13933, 'gameVersionTypeID': 1, 'name': '1.21.9', 'slug': '1-21-9', 'apiVersion': ''}
[2026, 9, 25, 18, 29, 16] ;;; curseforge; {'id': 16125, 'gameVersionTypeID': 615, 'name': '1.21.9', 'slug': '1-21-9', 'apiVersion': ''}
[2026, 9, 25, 18, 29, 16] ;;; curseforge; {'id': 9638, 'gameVersionTypeID': 75208, 'name': 'Client', 'slug': 'client', 'apiVersion': ''}
[2026, 9, 25, 18, 29, 16] ;;; curseforge; {'id': 9639, 'gameVersionTypeID': 75208, 'name': 'Server', 'slug': 'server', 'apiVersion': ''}
[2026, 9, 25, 18, 29, 16] ;;; curseforge; {'id': 10150, 'gameVersionTypeID': 68441, 'name': 'NeoForge', 'slug': 'neoforge', 'apiVersion': ''}
[2026, 9, 25, 18, 29, 16] ;;; curseforge; {'id': 13964, 'gameVersionTypeID': 77784, 'name': '1.21.10', 'slug': '1-21-10', 'apiVersion': None}
[2026, 9, 25, 18, 29, 16] ;;; curseforge; {'id': 13966, 'gameVersionTypeID': 1, 'name': '1.21.10', 'slug': '1-21-10', 'apiVersion': ''}
[2026, 9, 25, 18, 29, 16] ;;; curseforge; {'id': 16126, 'gameVersionTypeID': 615, 'name': '1.21.10', 'slug': '1-21-10', 'apiVersion': ''}
[2026, 9, 25, 18, 29, 16] ;;; curseforge; {'id': 9638, 'gameVersionTypeID': 75208, 'name': 'Client', 'slug': 'client', 'apiVersion': ''}
[2026, 9, 25, 18, 29, 16] ;;; curseforge; {'id': 9639, 'gameVersionTypeID': 75208, 'name': 'Server', 'slug': 'server', 'apiVersion': ''}
[2026, 9, 25, 18, 29, 16] ;;; curseforge; {'id': 10150, 'gameVersionTypeID': 68441, 'name': 'NeoForge', 'slug': 'neoforge', 'apiVersion': ''}
[2026, 9, 25, 18, 29, 16] ;;; curseforge; {'id': 14406, 'gameVersionTypeID': 77784, 'name': '1.21.11', 'slug': '1-21-11', 'apiVersion': None}
[2026, 9, 25, 18, 29, 16] ;;; curseforge; {'id': 14417, 'gameVersionTypeID': 1, 'name': '1.21.11', 'slug': '1-21-11', 'apiVersion': ''}
[2026, 9, 25, 18, 29, 16] ;;; curseforge; {'id': 16127, 'gameVersionTypeID': 615, 'name': '1.21.11', 'slug': '1-21-11', 'apiVersion': ''}
[2026, 9, 25, 18, 29, 16] ;;; curseforge; {'file': ('life_and_death-neoforge-1.21.8_1.60.0.jar', <_io.BufferedReader name='.\\releases\\1.60.0\\life_and_death-neoforge-1.21.8_1.60.0.jar'>, 'application/jar'), 'metadata': (None, '{"changelog": "", "displayName": "life_and_death neoforge 1.21.8 1.60.0", "gameVersions": [9638, 9639, 10150, 13620, 13927, 13964, 14406], "gameVersionNames": ["Client", "Server", "NeoForge", "1.21.8", "1.21.9", "1.21.10", "1.21.11"], "releaseType": "release", "relations": {"projects": [{"slug": "gstools", "projectID": 1404020, "type": "requiredDependency"}]}}', 'application/json')}
[2026, 9, 25, 18, 29, 17] ;;; curseforge; Mod file uploaded successfully! Response: {'id': 8975455}
[2026, 9, 25, 18, 29, 17] ;;; curseforge; {'id': 9638, 'gameVersionTypeID': 75208, 'name': 'Client', 'slug': 'client', 'apiVersion': ''}
[2026, 9, 25, 18, 29, 17] ;;; curseforge; {'id': 9639, 'gameVersionTypeID': 75208, 'name': 'Server', 'slug': 'server', 'apiVersion': ''}
[2026, 9, 25, 18, 29, 17] ;;; curseforge; {'id': 10150, 'gameVersionTypeID': 68441, 'name': 'NeoForge', 'slug': 'neoforge', 'apiVersion': ''}
[2026, 9, 25, 18, 29, 17] ;;; curseforge; {'id': 13620, 'gameVersionTypeID': 77784, 'name': '1.21.8', 'slug': '1-21-8', 'apiVersion': None}
[2026, 9, 25, 18, 29, 17] ;;; curseforge; {'id': 13683, 'gameVersionTypeID': 1, 'name': '1.21.8', 'slug': '1-21-8', 'apiVersion': ''}
[2026, 9, 25, 18, 29, 17] ;;; curseforge; {'id': 16124, 'gameVersionTypeID': 615, 'name': '1.21.8', 'slug': '1-21-8', 'apiVersion': ''}
[2026, 9, 25, 18, 29, 17] ;;; curseforge; {'id': 9638, 'gameVersionTypeID': 75208, 'name': 'Client', 'slug': 'client', 'apiVersion': ''}
[2026, 9, 25, 18, 29, 17] ;;; curseforge; {'id': 9639, 'gameVersionTypeID': 75208, 'name': 'Server', 'slug': 'server', 'apiVersion': ''}
[2026, 9, 25, 18, 29, 17] ;;; curseforge; {'id': 10150, 'gameVersionTypeID': 68441, 'name': 'NeoForge', 'slug': 'neoforge', 'apiVersion': ''}
[2026, 9, 25, 18, 29, 17] ;;; curseforge; {'id': 13927, 'gameVersionTypeID': 77784, 'name': '1.21.9', 'slug': '1-21-9', 'apiVersion': None}
[2026, 9, 25, 18, 29, 17] ;;; curseforge; {'id': 13933, 'gameVersionTypeID': 1, 'name': '1.21.9', 'slug': '1-21-9', 'apiVersion': ''}
[2026, 9, 25, 18, 29, 17] ;;; curseforge; {'id': 16125, 'gameVersionTypeID': 615, 'name': '1.21.9', 'slug': '1-21-9', 'apiVersion': ''}
[2026, 9, 25, 18, 29, 17] ;;; curseforge; {'id': 9638, 'gameVersionTypeID': 75208, 'name': 'Client', 'slug': 'client', 'apiVersion': ''}
[2026, 9, 25, 18, 29, 17] ;;; curseforge; {'id': 9639, 'gameVersionTypeID': 75208, 'name': 'Server', 'slug': 'server', 'apiVersion': ''}
[2026, 9, 25, 18, 29, 17] ;;; curseforge; {'id': 10150, 'gameVersionTypeID': 68441, 'name': 'NeoForge', 'slug': 'neoforge', 'apiVersion': ''}
[2026, 9, 25, 18, 29, 17] ;;; curseforge; {'id': 13964, 'gameVersionTypeID': 77784, 'name': '1.21.10', 'slug': '1-21-10', 'apiVersion': None}
[2026, 9, 25, 18, 29, 17] ;;; curseforge; {'id': 13966, 'gameVersionTypeID': 1, 'name': '1.21.10', 'slug': '1-21-10', 'apiVersion': ''}
[2026, 9, 25, 18, 29, 17] ;;; curseforge; {'id': 16126, 'gameVersionTypeID': 615, 'name': '1.21.10', 'slug': '1-21-10', 'apiVersion': ''}
[2026, 9, 25, 18, 29, 17] ;;; curseforge; {'id': 9638, 'gameVersionTypeID': 75208, 'name': 'Client', 'slug': 'client', 'apiVersion': ''}
[2026, 9, 25, 18, 29, 17] ;;; curseforge; {'id': 9639, 'gameVersionTypeID': 75208, 'name': 'Server', 'slug': 'server', 'apiVersion': ''}
[2026, 9, 25, 18, 29, 17] ;;; curseforge; {'id': 10150, 'gameVersionTypeID': 68441, 'name': 'NeoForge', 'slug': 'neoforge', 'apiVersion': ''}
[2026, 9, 25, 18, 29, 17] ;;; curseforge; {'id': 14406, 'gameVersionTypeID': 77784, 'name': '1.21.11', 'slug': '1-21-11', 'apiVersion': None}
[2026, 9, 25, 18, 29, 17] ;;; curseforge; {'id': 14417, 'gameVersionTypeID': 1, 'name': '1.21.11', 'slug': '1-21-11', 'apiVersion': ''}
[2026, 9, 25, 18, 29, 17] ;;; curseforge; {'id': 16127, 'gameVersionTypeID': 615, 'name': '1.21.11', 'slug': '1-21-11', 'apiVersion': ''}
[2026, 9, 25, 18, 29, 20] ;;; curseforge; {'id': 9638, 'gameVersionTypeID': 75208, 'name': 'Client', 'slug': 'client', 'apiVersion': ''}
[2026, 9, 25, 18, 29, 20] ;;; curseforge; {'id': 9639, 'gameVersionTypeID': 75208, 'name': 'Server', 'slug': 'server', 'apiVersion': ''}
[2026, 9, 25, 18, 29, 20] ;;; curseforge; {'id': 10150, 'gameVersionTypeID': 68441, 'name': 'NeoForge', 'slug': 'neoforge', 'apiVersion': ''}
[2026, 9, 25, 18, 29, 20] ;;; curseforge; {'id': 15933, 'gameVersionTypeID': 83806, 'name': '26.1', 'slug': '26-1', 'apiVersion': None}
[2026, 9, 25, 18, 29, 20] ;;; curseforge; {'id': 16083, 'gameVersionTypeID': 1, 'name': '26.1', 'slug': '26-1', 'apiVersion': ''}
[2026, 9, 25, 18, 29, 20] ;;; curseforge; {'id': 16128, 'gameVersionTypeID': 615, 'name': '26.1', 'slug': '26-1', 'apiVersion': ''}
[2026, 9, 25, 18, 29, 20] ;;; curseforge; {'id': 9638, 'gameVersionTypeID': 75208, 'name': 'Client', 'slug': 'client', 'apiVersion': ''}
[2026, 9, 25, 18, 29, 20] ;;; curseforge; {'id': 9639, 'gameVersionTypeID': 75208, 'name': 'Server', 'slug': 'server', 'apiVersion': ''}
[2026, 9, 25, 18, 29, 20] ;;; curseforge; {'id': 10150, 'gameVersionTypeID': 68441, 'name': 'NeoForge', 'slug': 'neoforge', 'apiVersion': ''}
[2026, 9, 25, 18, 29, 20] ;;; curseforge; {'id': 16021, 'gameVersionTypeID': 83806, 'name': '26.1.1', 'slug': '26-1-1', 'apiVersion': None}
[2026, 9, 25, 18, 29, 20] ;;; curseforge; {'id': 16084, 'gameVersionTypeID': 1, 'name': '26.1.1', 'slug': '26-1-1', 'apiVersion': ''}
[2026, 9, 25, 18, 29, 20] ;;; curseforge; {'id': 16129, 'gameVersionTypeID': 615, 'name': '26.1.1', 'slug': '26-1-1', 'apiVersion': ''}
[2026, 9, 25, 18, 29, 20] ;;; curseforge; {'id': 9638, 'gameVersionTypeID': 75208, 'name': 'Client', 'slug': 'client', 'apiVersion': ''}
[2026, 9, 25, 18, 29, 20] ;;; curseforge; {'id': 9639, 'gameVersionTypeID': 75208, 'name': 'Server', 'slug': 'server', 'apiVersion': ''}
[2026, 9, 25, 18, 29, 20] ;;; curseforge; {'id': 10150, 'gameVersionTypeID': 68441, 'name': 'NeoForge', 'slug': 'neoforge', 'apiVersion': ''}
[2026, 9, 25, 18, 29, 20] ;;; curseforge; {'id': 16082, 'gameVersionTypeID': 83806, 'name': '26.1.2', 'slug': '26-1-2', 'apiVersion': None}
[2026, 9, 25, 18, 29, 20] ;;; curseforge; {'id': 16085, 'gameVersionTypeID': 1, 'name': '26.1.2', 'slug': '26-1-2', 'apiVersion': ''}
[2026, 9, 25, 18, 29, 20] ;;; curseforge; {'id': 16130, 'gameVersionTypeID': 615, 'name': '26.1.2', 'slug': '26-1-2', 'apiVersion': ''}
[2026, 9, 25, 18, 29, 20] ;;; curseforge; {'file': ('life_and_death-neoforge-26.1_1.60.0.jar', <_io.BufferedReader name='.\\releases\\1.60.0\\life_and_death-neoforge-26.1_1.60.0.jar'>, 'application/jar'), 'metadata': (None, '{"changelog": "", "displayName": "life_and_death neoforge 26.1 1.60.0", "gameVersions": [9638, 9639, 10150, 15933, 16021, 16082], "gameVersionNames": ["Client", "Server", "NeoForge", "26.1", "26.1.1", "26.1.2"], "releaseType": "release", "relations": {"projects": [{"slug": "gstools", "projectID": 1404020, "type": "requiredDependency"}]}}', 'application/json')}
[2026, 9, 25, 18, 29, 21] ;;; curseforge; Mod file uploaded successfully! Response: {'id': 8975456}
[2026, 9, 25, 18, 29, 21] ;;; curseforge; {'id': 9638, 'gameVersionTypeID': 75208, 'name': 'Client', 'slug': 'client', 'apiVersion': ''}
[2026, 9, 25, 18, 29, 21] ;;; curseforge; {'id': 9639, 'gameVersionTypeID': 75208, 'name': 'Server', 'slug': 'server', 'apiVersion': ''}
[2026, 9, 25, 18, 29, 21] ;;; curseforge; {'id': 10150, 'gameVersionTypeID': 68441, 'name': 'NeoForge', 'slug': 'neoforge', 'apiVersion': ''}
[2026, 9, 25, 18, 29, 22] ;;; curseforge; {'id': 15933, 'gameVersionTypeID': 83806, 'name': '26.1', 'slug': '26-1', 'apiVersion': None}
[2026, 9, 25, 18, 29, 22] ;;; curseforge; {'id': 16083, 'gameVersionTypeID': 1, 'name': '26.1', 'slug': '26-1', 'apiVersion': ''}
[2026, 9, 25, 18, 29, 22] ;;; curseforge; {'id': 16128, 'gameVersionTypeID': 615, 'name': '26.1', 'slug': '26-1', 'apiVersion': ''}
[2026, 9, 25, 18, 29, 22] ;;; curseforge; {'id': 9638, 'gameVersionTypeID': 75208, 'name': 'Client', 'slug': 'client', 'apiVersion': ''}
[2026, 9, 25, 18, 29, 22] ;;; curseforge; {'id': 9639, 'gameVersionTypeID': 75208, 'name': 'Server', 'slug': 'server', 'apiVersion': ''}
[2026, 9, 25, 18, 29, 22] ;;; curseforge; {'id': 10150, 'gameVersionTypeID': 68441, 'name': 'NeoForge', 'slug': 'neoforge', 'apiVersion': ''}
[2026, 9, 25, 18, 29, 22] ;;; curseforge; {'id': 16021, 'gameVersionTypeID': 83806, 'name': '26.1.1', 'slug': '26-1-1', 'apiVersion': None}
[2026, 9, 25, 18, 29, 22] ;;; curseforge; {'id': 16084, 'gameVersionTypeID': 1, 'name': '26.1.1', 'slug': '26-1-1', 'apiVersion': ''}
[2026, 9, 25, 18, 29, 22] ;;; curseforge; {'id': 16129, 'gameVersionTypeID': 615, 'name': '26.1.1', 'slug': '26-1-1', 'apiVersion': ''}
[2026, 9, 25, 18, 29, 22] ;;; curseforge; {'id': 9638, 'gameVersionTypeID': 75208, 'name': 'Client', 'slug': 'client', 'apiVersion': ''}
[2026, 9, 25, 18, 29, 22] ;;; curseforge; {'id': 9639, 'gameVersionTypeID': 75208, 'name': 'Server', 'slug': 'server', 'apiVersion': ''}
[2026, 9, 25, 18, 29, 22] ;;; curseforge; {'id': 10150, 'gameVersionTypeID': 68441, 'name': 'NeoForge', 'slug': 'neoforge', 'apiVersion': ''}
[2026, 9, 25, 18, 29, 22] ;;; curseforge; {'id': 16082, 'gameVersionTypeID': 83806, 'name': '26.1.2', 'slug': '26-1-2', 'apiVersion': None}
[2026, 9, 25, 18, 29, 22] ;;; curseforge; {'id': 16085, 'gameVersionTypeID': 1, 'name': '26.1.2', 'slug': '26-1-2', 'apiVersion': ''}
[2026, 9, 25, 18, 29, 22] ;;; curseforge; {'id': 16130, 'gameVersionTypeID': 615, 'name': '26.1.2', 'slug': '26-1-2', 'apiVersion': ''}
[2026, 9, 25, 18, 29, 26] ;;; curseforge; {'id': 9638, 'gameVersionTypeID': 75208, 'name': 'Client', 'slug': 'client', 'apiVersion': ''}
[2026, 9, 25, 18, 29, 26] ;;; curseforge; {'id': 9639, 'gameVersionTypeID': 75208, 'name': 'Server', 'slug': 'server', 'apiVersion': ''}
[2026, 9, 25, 18, 29, 26] ;;; curseforge; {'id': 10150, 'gameVersionTypeID': 68441, 'name': 'NeoForge', 'slug': 'neoforge', 'apiVersion': ''}
[2026, 9, 25, 18, 29, 26] ;;; curseforge; {'id': 16498, 'gameVersionTypeID': 86297, 'name': '26.2', 'slug': '26-2', 'apiVersion': None}
[2026, 9, 25, 18, 29, 26] ;;; curseforge; {'id': 16500, 'gameVersionTypeID': 1, 'name': '26.2', 'slug': '26-2', 'apiVersion': ''}
[2026, 9, 25, 18, 29, 26] ;;; curseforge; {'file': ('life_and_death-neoforge-26.2_1.60.0.jar', <_io.BufferedReader name='.\\releases\\1.60.0\\life_and_death-neoforge-26.2_1.60.0.jar'>, 'application/jar'), 'metadata': (None, '{"changelog": "", "displayName": "life_and_death neoforge 26.2 1.60.0", "gameVersions": [9638, 9639, 10150, 16498], "gameVersionNames": ["Client", "Server", "NeoForge", "26.2"], "releaseType": "release", "relations": {"projects": [{"slug": "gstools", "projectID": 1404020, "type": "requiredDependency"}]}}', 'application/json')}
[2026, 9, 25, 18, 29, 28] ;;; curseforge; Mod file uploaded successfully! Response: {'id': 8975458}
[2026, 9, 25, 18, 29, 28] ;;; curseforge; {'id': 9638, 'gameVersionTypeID': 75208, 'name': 'Client', 'slug': 'client', 'apiVersion': ''}
[2026, 9, 25, 18, 29, 28] ;;; curseforge; {'id': 9639, 'gameVersionTypeID': 75208, 'name': 'Server', 'slug': 'server', 'apiVersion': ''}
[2026, 9, 25, 18, 29, 28] ;;; curseforge; {'id': 10150, 'gameVersionTypeID': 68441, 'name': 'NeoForge', 'slug': 'neoforge', 'apiVersion': ''}
[2026, 9, 25, 18, 29, 28] ;;; curseforge; {'id': 16498, 'gameVersionTypeID': 86297, 'name': '26.2', 'slug': '26-2', 'apiVersion': None}
[2026, 9, 25, 18, 29, 28] ;;; curseforge; {'id': 16500, 'gameVersionTypeID': 1, 'name': '26.2', 'slug': '26-2', 'apiVersion': ''}
[2026, 9, 25, 18, 29, 31] ;;; curseforge; Traceback (most recent call last):
  File "C:\Users\joshp\curseforge\minecraft\Instances\Alive Dev\saves\Desire Paths\datapacks_uncompiled\modules\curseforge.py", line 52, in getGameVersions
    _versionInfo[folderName][aLoader][mcVersion].remove(aVersion)
ValueError: list.remove(x): x not in list

[2026, 9, 25, 18, 29, 31] ;;; curseforge; Traceback (most recent call last):
  File "C:\Users\joshp\curseforge\minecraft\Instances\Alive Dev\saves\Desire Paths\datapacks_uncompiled\modules\curseforge.py", line 52, in getGameVersions
    _versionInfo[folderName][aLoader][mcVersion].remove(aVersion)
ValueError: list.remove(x): x not in list

[2026, 9, 25, 18, 29, 31] ;;; curseforge; Traceback (most recent call last):
  File "C:\Users\joshp\curseforge\minecraft\Instances\Alive Dev\saves\Desire Paths\datapacks_uncompiled\modules\curseforge.py", line 52, in getGameVersions
    _versionInfo[folderName][aLoader][mcVersion].remove(aVersion)
ValueError: list.remove(x): x not in list

[2026, 9, 25, 18, 29, 31] ;;; curseforge; Traceback (most recent call last):
  File "C:\Users\joshp\curseforge\minecraft\Instances\Alive Dev\saves\Desire Paths\datapacks_uncompiled\modules\curseforge.py", line 52, in getGameVersions
    _versionInfo[folderName][aLoader][mcVersion].remove(aVersion)
ValueError: list.remove(x): x not in list

[2026, 9, 25, 18, 29, 31] ;;; curseforge; Traceback (most recent call last):
  File "C:\Users\joshp\curseforge\minecraft\Instances\Alive Dev\saves\Desire Paths\datapacks_uncompiled\modules\curseforge.py", line 52, in getGameVersions
    _versionInfo[folderName][aLoader][mcVersion].remove(aVersion)
ValueError: list.remove(x): x not in list

[2026, 9, 25, 18, 29, 31] ;;; curseforge; Traceback (most recent call last):
  File "C:\Users\joshp\curseforge\minecraft\Instances\Alive Dev\saves\Desire Paths\datapacks_uncompiled\modules\curseforge.py", line 52, in getGameVersions
    _versionInfo[folderName][aLoader][mcVersion].remove(aVersion)
ValueError: list.remove(x): x not in list

[2026, 9, 25, 18, 29, 31] ;;; curseforge; {'id': 7499, 'gameVersionTypeID': 68441, 'name': 'Fabric', 'slug': 'fabric', 'apiVersion': ''}
[2026, 9, 25, 18, 29, 31] ;;; curseforge; {'id': 9638, 'gameVersionTypeID': 75208, 'name': 'Client', 'slug': 'client', 'apiVersion': ''}
[2026, 9, 25, 18, 29, 31] ;;; curseforge; {'id': 9639, 'gameVersionTypeID': 75208, 'name': 'Server', 'slug': 'server', 'apiVersion': ''}
[2026, 9, 25, 18, 29, 31] ;;; curseforge; {'id': 13964, 'gameVersionTypeID': 77784, 'name': '1.21.10', 'slug': '1-21-10', 'apiVersion': None}
[2026, 9, 25, 18, 29, 31] ;;; curseforge; {'id': 13966, 'gameVersionTypeID': 1, 'name': '1.21.10', 'slug': '1-21-10', 'apiVersion': ''}
[2026, 9, 25, 18, 29, 31] ;;; curseforge; {'id': 16126, 'gameVersionTypeID': 615, 'name': '1.21.10', 'slug': '1-21-10', 'apiVersion': ''}
[2026, 9, 25, 18, 29, 31] ;;; curseforge; {'file': ('block_decay-fabric-1.21.10_1.60.0.jar', <_io.BufferedReader name='.\\releases\\1.60.0\\block_decay-fabric-1.21.10_1.60.0.jar'>, 'application/jar'), 'metadata': (None, '{"changelog": "", "displayName": "block_decay fabric 1.21.10 1.60.0", "gameVersions": [7499, 9638, 9639, 13964], "gameVersionNames": ["Fabric", "Client", "Server", "1.21.10"], "releaseType": "release", "relations": {"projects": [{"slug": "gstools", "projectID": 1404020, "type": "requiredDependency"}]}}', 'application/json')}
[2026, 9, 25, 18, 29, 33] ;;; curseforge; Mod file uploaded successfully! Response: {'id': 8975460}
[2026, 9, 25, 18, 29, 34] ;;; curseforge; Traceback (most recent call last):
  File "C:\Users\joshp\curseforge\minecraft\Instances\Alive Dev\saves\Desire Paths\datapacks_uncompiled\modules\curseforge.py", line 52, in getGameVersions
    _versionInfo[folderName][aLoader][mcVersion].remove(aVersion)
ValueError: list.remove(x): x not in list

[2026, 9, 25, 18, 29, 34] ;;; curseforge; Traceback (most recent call last):
  File "C:\Users\joshp\curseforge\minecraft\Instances\Alive Dev\saves\Desire Paths\datapacks_uncompiled\modules\curseforge.py", line 52, in getGameVersions
    _versionInfo[folderName][aLoader][mcVersion].remove(aVersion)
ValueError: list.remove(x): x not in list

[2026, 9, 25, 18, 29, 34] ;;; curseforge; Traceback (most recent call last):
  File "C:\Users\joshp\curseforge\minecraft\Instances\Alive Dev\saves\Desire Paths\datapacks_uncompiled\modules\curseforge.py", line 52, in getGameVersions
    _versionInfo[folderName][aLoader][mcVersion].remove(aVersion)
ValueError: list.remove(x): x not in list

[2026, 9, 25, 18, 29, 34] ;;; curseforge; Traceback (most recent call last):
  File "C:\Users\joshp\curseforge\minecraft\Instances\Alive Dev\saves\Desire Paths\datapacks_uncompiled\modules\curseforge.py", line 52, in getGameVersions
    _versionInfo[folderName][aLoader][mcVersion].remove(aVersion)
ValueError: list.remove(x): x not in list

[2026, 9, 25, 18, 29, 34] ;;; curseforge; Traceback (most recent call last):
  File "C:\Users\joshp\curseforge\minecraft\Instances\Alive Dev\saves\Desire Paths\datapacks_uncompiled\modules\curseforge.py", line 52, in getGameVersions
    _versionInfo[folderName][aLoader][mcVersion].remove(aVersion)
ValueError: list.remove(x): x not in list

[2026, 9, 25, 18, 29, 34] ;;; curseforge; Traceback (most recent call last):
  File "C:\Users\joshp\curseforge\minecraft\Instances\Alive Dev\saves\Desire Paths\datapacks_uncompiled\modules\curseforge.py", line 52, in getGameVersions
    _versionInfo[folderName][aLoader][mcVersion].remove(aVersion)
ValueError: list.remove(x): x not in list

[2026, 9, 25, 18, 29, 34] ;;; curseforge; {'id': 7499, 'gameVersionTypeID': 68441, 'name': 'Fabric', 'slug': 'fabric', 'apiVersion': ''}
[2026, 9, 25, 18, 29, 34] ;;; curseforge; {'id': 9638, 'gameVersionTypeID': 75208, 'name': 'Client', 'slug': 'client', 'apiVersion': ''}
[2026, 9, 25, 18, 29, 34] ;;; curseforge; {'id': 9639, 'gameVersionTypeID': 75208, 'name': 'Server', 'slug': 'server', 'apiVersion': ''}
[2026, 9, 25, 18, 29, 34] ;;; curseforge; {'id': 13964, 'gameVersionTypeID': 77784, 'name': '1.21.10', 'slug': '1-21-10', 'apiVersion': None}
[2026, 9, 25, 18, 29, 34] ;;; curseforge; {'id': 13966, 'gameVersionTypeID': 1, 'name': '1.21.10', 'slug': '1-21-10', 'apiVersion': ''}
[2026, 9, 25, 18, 29, 34] ;;; curseforge; {'id': 16126, 'gameVersionTypeID': 615, 'name': '1.21.10', 'slug': '1-21-10', 'apiVersion': ''}
[2026, 9, 25, 18, 29, 39] ;;; curseforge; Traceback (most recent call last):
  File "C:\Users\joshp\curseforge\minecraft\Instances\Alive Dev\saves\Desire Paths\datapacks_uncompiled\modules\curseforge.py", line 52, in getGameVersions
    _versionInfo[folderName][aLoader][mcVersion].remove(aVersion)
ValueError: list.remove(x): x not in list

[2026, 9, 25, 18, 29, 39] ;;; curseforge; Traceback (most recent call last):
  File "C:\Users\joshp\curseforge\minecraft\Instances\Alive Dev\saves\Desire Paths\datapacks_uncompiled\modules\curseforge.py", line 52, in getGameVersions
    _versionInfo[folderName][aLoader][mcVersion].remove(aVersion)
ValueError: list.remove(x): x not in list

[2026, 9, 25, 18, 29, 39] ;;; curseforge; Traceback (most recent call last):
  File "C:\Users\joshp\curseforge\minecraft\Instances\Alive Dev\saves\Desire Paths\datapacks_uncompiled\modules\curseforge.py", line 52, in getGameVersions
    _versionInfo[folderName][aLoader][mcVersion].remove(aVersion)
ValueError: list.remove(x): x not in list

[2026, 9, 25, 18, 29, 39] ;;; curseforge; Traceback (most recent call last):
  File "C:\Users\joshp\curseforge\minecraft\Instances\Alive Dev\saves\Desire Paths\datapacks_uncompiled\modules\curseforge.py", line 52, in getGameVersions
    _versionInfo[folderName][aLoader][mcVersion].remove(aVersion)
ValueError: list.remove(x): x not in list

[2026, 9, 25, 18, 29, 39] ;;; curseforge; Traceback (most recent call last):
  File "C:\Users\joshp\curseforge\minecraft\Instances\Alive Dev\saves\Desire Paths\datapacks_uncompiled\modules\curseforge.py", line 52, in getGameVersions
    _versionInfo[folderName][aLoader][mcVersion].remove(aVersion)
ValueError: list.remove(x): x not in list

[2026, 9, 25, 18, 29, 39] ;;; curseforge; Traceback (most recent call last):
  File "C:\Users\joshp\curseforge\minecraft\Instances\Alive Dev\saves\Desire Paths\datapacks_uncompiled\modules\curseforge.py", line 52, in getGameVersions
    _versionInfo[folderName][aLoader][mcVersion].remove(aVersion)
ValueError: list.remove(x): x not in list

[2026, 9, 25, 18, 29, 39] ;;; curseforge; {'id': 7499, 'gameVersionTypeID': 68441, 'name': 'Fabric', 'slug': 'fabric', 'apiVersion': ''}
[2026, 9, 25, 18, 29, 39] ;;; curseforge; {'id': 9638, 'gameVersionTypeID': 75208, 'name': 'Client', 'slug': 'client', 'apiVersion': ''}
[2026, 9, 25, 18, 29, 39] ;;; curseforge; {'id': 9639, 'gameVersionTypeID': 75208, 'name': 'Server', 'slug': 'server', 'apiVersion': ''}
[2026, 9, 25, 18, 29, 39] ;;; curseforge; {'id': 14406, 'gameVersionTypeID': 77784, 'name': '1.21.11', 'slug': '1-21-11', 'apiVersion': None}
[2026, 9, 25, 18, 29, 39] ;;; curseforge; {'id': 14417, 'gameVersionTypeID': 1, 'name': '1.21.11', 'slug': '1-21-11', 'apiVersion': ''}
[2026, 9, 25, 18, 29, 39] ;;; curseforge; {'id': 16127, 'gameVersionTypeID': 615, 'name': '1.21.11', 'slug': '1-21-11', 'apiVersion': ''}
[2026, 9, 25, 18, 29, 39] ;;; curseforge; {'file': ('block_decay-fabric-1.21.11_1.60.0.jar', <_io.BufferedReader name='.\\releases\\1.60.0\\block_decay-fabric-1.21.11_1.60.0.jar'>, 'application/jar'), 'metadata': (None, '{"changelog": "", "displayName": "block_decay fabric 1.21.11 1.60.0", "gameVersions": [7499, 9638, 9639, 14406], "gameVersionNames": ["Fabric", "Client", "Server", "1.21.11"], "releaseType": "release", "relations": {"projects": [{"slug": "gstools", "projectID": 1404020, "type": "requiredDependency"}]}}', 'application/json')}
[2026, 9, 25, 18, 29, 41] ;;; curseforge; Mod file uploaded successfully! Response: {'id': 8975461}
[2026, 9, 25, 18, 29, 42] ;;; curseforge; Traceback (most recent call last):
  File "C:\Users\joshp\curseforge\minecraft\Instances\Alive Dev\saves\Desire Paths\datapacks_uncompiled\modules\curseforge.py", line 52, in getGameVersions
    _versionInfo[folderName][aLoader][mcVersion].remove(aVersion)
ValueError: list.remove(x): x not in list

[2026, 9, 25, 18, 29, 42] ;;; curseforge; Traceback (most recent call last):
  File "C:\Users\joshp\curseforge\minecraft\Instances\Alive Dev\saves\Desire Paths\datapacks_uncompiled\modules\curseforge.py", line 52, in getGameVersions
    _versionInfo[folderName][aLoader][mcVersion].remove(aVersion)
ValueError: list.remove(x): x not in list

[2026, 9, 25, 18, 29, 42] ;;; curseforge; Traceback (most recent call last):
  File "C:\Users\joshp\curseforge\minecraft\Instances\Alive Dev\saves\Desire Paths\datapacks_uncompiled\modules\curseforge.py", line 52, in getGameVersions
    _versionInfo[folderName][aLoader][mcVersion].remove(aVersion)
ValueError: list.remove(x): x not in list

[2026, 9, 25, 18, 29, 42] ;;; curseforge; Traceback (most recent call last):
  File "C:\Users\joshp\curseforge\minecraft\Instances\Alive Dev\saves\Desire Paths\datapacks_uncompiled\modules\curseforge.py", line 52, in getGameVersions
    _versionInfo[folderName][aLoader][mcVersion].remove(aVersion)
ValueError: list.remove(x): x not in list

[2026, 9, 25, 18, 29, 42] ;;; curseforge; Traceback (most recent call last):
  File "C:\Users\joshp\curseforge\minecraft\Instances\Alive Dev\saves\Desire Paths\datapacks_uncompiled\modules\curseforge.py", line 52, in getGameVersions
    _versionInfo[folderName][aLoader][mcVersion].remove(aVersion)
ValueError: list.remove(x): x not in list

[2026, 9, 25, 18, 29, 42] ;;; curseforge; Traceback (most recent call last):
  File "C:\Users\joshp\curseforge\minecraft\Instances\Alive Dev\saves\Desire Paths\datapacks_uncompiled\modules\curseforge.py", line 52, in getGameVersions
    _versionInfo[folderName][aLoader][mcVersion].remove(aVersion)
ValueError: list.remove(x): x not in list

[2026, 9, 25, 18, 29, 42] ;;; curseforge; {'id': 7499, 'gameVersionTypeID': 68441, 'name': 'Fabric', 'slug': 'fabric', 'apiVersion': ''}
[2026, 9, 25, 18, 29, 42] ;;; curseforge; {'id': 9638, 'gameVersionTypeID': 75208, 'name': 'Client', 'slug': 'client', 'apiVersion': ''}
[2026, 9, 25, 18, 29, 42] ;;; curseforge; {'id': 9639, 'gameVersionTypeID': 75208, 'name': 'Server', 'slug': 'server', 'apiVersion': ''}
[2026, 9, 25, 18, 29, 42] ;;; curseforge; {'id': 14406, 'gameVersionTypeID': 77784, 'name': '1.21.11', 'slug': '1-21-11', 'apiVersion': None}
[2026, 9, 25, 18, 29, 42] ;;; curseforge; {'id': 14417, 'gameVersionTypeID': 1, 'name': '1.21.11', 'slug': '1-21-11', 'apiVersion': ''}
[2026, 9, 25, 18, 29, 42] ;;; curseforge; {'id': 16127, 'gameVersionTypeID': 615, 'name': '1.21.11', 'slug': '1-21-11', 'apiVersion': ''}
[2026, 9, 25, 18, 29, 46] ;;; curseforge; Traceback (most recent call last):
  File "C:\Users\joshp\curseforge\minecraft\Instances\Alive Dev\saves\Desire Paths\datapacks_uncompiled\modules\curseforge.py", line 52, in getGameVersions
    _versionInfo[folderName][aLoader][mcVersion].remove(aVersion)
ValueError: list.remove(x): x not in list

[2026, 9, 25, 18, 29, 46] ;;; curseforge; Traceback (most recent call last):
  File "C:\Users\joshp\curseforge\minecraft\Instances\Alive Dev\saves\Desire Paths\datapacks_uncompiled\modules\curseforge.py", line 52, in getGameVersions
    _versionInfo[folderName][aLoader][mcVersion].remove(aVersion)
ValueError: list.remove(x): x not in list

[2026, 9, 25, 18, 29, 46] ;;; curseforge; Traceback (most recent call last):
  File "C:\Users\joshp\curseforge\minecraft\Instances\Alive Dev\saves\Desire Paths\datapacks_uncompiled\modules\curseforge.py", line 52, in getGameVersions
    _versionInfo[folderName][aLoader][mcVersion].remove(aVersion)
ValueError: list.remove(x): x not in list

[2026, 9, 25, 18, 29, 46] ;;; curseforge; Traceback (most recent call last):
  File "C:\Users\joshp\curseforge\minecraft\Instances\Alive Dev\saves\Desire Paths\datapacks_uncompiled\modules\curseforge.py", line 52, in getGameVersions
    _versionInfo[folderName][aLoader][mcVersion].remove(aVersion)
ValueError: list.remove(x): x not in list

[2026, 9, 25, 18, 29, 46] ;;; curseforge; Traceback (most recent call last):
  File "C:\Users\joshp\curseforge\minecraft\Instances\Alive Dev\saves\Desire Paths\datapacks_uncompiled\modules\curseforge.py", line 52, in getGameVersions
    _versionInfo[folderName][aLoader][mcVersion].remove(aVersion)
ValueError: list.remove(x): x not in list

[2026, 9, 25, 18, 29, 46] ;;; curseforge; Traceback (most recent call last):
  File "C:\Users\joshp\curseforge\minecraft\Instances\Alive Dev\saves\Desire Paths\datapacks_uncompiled\modules\curseforge.py", line 52, in getGameVersions
    _versionInfo[folderName][aLoader][mcVersion].remove(aVersion)
ValueError: list.remove(x): x not in list

[2026, 9, 25, 18, 29, 46] ;;; curseforge; {'id': 7499, 'gameVersionTypeID': 68441, 'name': 'Fabric', 'slug': 'fabric', 'apiVersion': ''}
[2026, 9, 25, 18, 29, 46] ;;; curseforge; {'id': 9638, 'gameVersionTypeID': 75208, 'name': 'Client', 'slug': 'client', 'apiVersion': ''}
[2026, 9, 25, 18, 29, 46] ;;; curseforge; {'id': 9639, 'gameVersionTypeID': 75208, 'name': 'Server', 'slug': 'server', 'apiVersion': ''}
[2026, 9, 25, 18, 29, 46] ;;; curseforge; {'id': 13927, 'gameVersionTypeID': 77784, 'name': '1.21.9', 'slug': '1-21-9', 'apiVersion': None}
[2026, 9, 25, 18, 29, 46] ;;; curseforge; {'id': 13933, 'gameVersionTypeID': 1, 'name': '1.21.9', 'slug': '1-21-9', 'apiVersion': ''}
[2026, 9, 25, 18, 29, 46] ;;; curseforge; {'id': 16125, 'gameVersionTypeID': 615, 'name': '1.21.9', 'slug': '1-21-9', 'apiVersion': ''}
[2026, 9, 25, 18, 29, 46] ;;; curseforge; {'file': ('block_decay-fabric-1.21.9_1.60.0.jar', <_io.BufferedReader name='.\\releases\\1.60.0\\block_decay-fabric-1.21.9_1.60.0.jar'>, 'application/jar'), 'metadata': (None, '{"changelog": "", "displayName": "block_decay fabric 1.21.9 1.60.0", "gameVersions": [7499, 9638, 9639, 13927], "gameVersionNames": ["Fabric", "Client", "Server", "1.21.9"], "releaseType": "release", "relations": {"projects": [{"slug": "gstools", "projectID": 1404020, "type": "requiredDependency"}]}}', 'application/json')}
[2026, 9, 25, 18, 29, 50] ;;; curseforge; Mod file uploaded successfully! Response: {'id': 8975464}
[2026, 9, 25, 18, 29, 50] ;;; curseforge; Traceback (most recent call last):
  File "C:\Users\joshp\curseforge\minecraft\Instances\Alive Dev\saves\Desire Paths\datapacks_uncompiled\modules\curseforge.py", line 52, in getGameVersions
    _versionInfo[folderName][aLoader][mcVersion].remove(aVersion)
ValueError: list.remove(x): x not in list

[2026, 9, 25, 18, 29, 50] ;;; curseforge; Traceback (most recent call last):
  File "C:\Users\joshp\curseforge\minecraft\Instances\Alive Dev\saves\Desire Paths\datapacks_uncompiled\modules\curseforge.py", line 52, in getGameVersions
    _versionInfo[folderName][aLoader][mcVersion].remove(aVersion)
ValueError: list.remove(x): x not in list

[2026, 9, 25, 18, 29, 50] ;;; curseforge; Traceback (most recent call last):
  File "C:\Users\joshp\curseforge\minecraft\Instances\Alive Dev\saves\Desire Paths\datapacks_uncompiled\modules\curseforge.py", line 52, in getGameVersions
    _versionInfo[folderName][aLoader][mcVersion].remove(aVersion)
ValueError: list.remove(x): x not in list

[2026, 9, 25, 18, 29, 50] ;;; curseforge; Traceback (most recent call last):
  File "C:\Users\joshp\curseforge\minecraft\Instances\Alive Dev\saves\Desire Paths\datapacks_uncompiled\modules\curseforge.py", line 52, in getGameVersions
    _versionInfo[folderName][aLoader][mcVersion].remove(aVersion)
ValueError: list.remove(x): x not in list

[2026, 9, 25, 18, 29, 50] ;;; curseforge; Traceback (most recent call last):
  File "C:\Users\joshp\curseforge\minecraft\Instances\Alive Dev\saves\Desire Paths\datapacks_uncompiled\modules\curseforge.py", line 52, in getGameVersions
    _versionInfo[folderName][aLoader][mcVersion].remove(aVersion)
ValueError: list.remove(x): x not in list

[2026, 9, 25, 18, 29, 50] ;;; curseforge; Traceback (most recent call last):
  File "C:\Users\joshp\curseforge\minecraft\Instances\Alive Dev\saves\Desire Paths\datapacks_uncompiled\modules\curseforge.py", line 52, in getGameVersions
    _versionInfo[folderName][aLoader][mcVersion].remove(aVersion)
ValueError: list.remove(x): x not in list

[2026, 9, 25, 18, 29, 50] ;;; curseforge; {'id': 7499, 'gameVersionTypeID': 68441, 'name': 'Fabric', 'slug': 'fabric', 'apiVersion': ''}
[2026, 9, 25, 18, 29, 50] ;;; curseforge; {'id': 9638, 'gameVersionTypeID': 75208, 'name': 'Client', 'slug': 'client', 'apiVersion': ''}
[2026, 9, 25, 18, 29, 50] ;;; curseforge; {'id': 9639, 'gameVersionTypeID': 75208, 'name': 'Server', 'slug': 'server', 'apiVersion': ''}
[2026, 9, 25, 18, 29, 50] ;;; curseforge; {'id': 13927, 'gameVersionTypeID': 77784, 'name': '1.21.9', 'slug': '1-21-9', 'apiVersion': None}
[2026, 9, 25, 18, 29, 50] ;;; curseforge; {'id': 13933, 'gameVersionTypeID': 1, 'name': '1.21.9', 'slug': '1-21-9', 'apiVersion': ''}
[2026, 9, 25, 18, 29, 50] ;;; curseforge; {'id': 16125, 'gameVersionTypeID': 615, 'name': '1.21.9', 'slug': '1-21-9', 'apiVersion': ''}
[2026, 9, 25, 18, 29, 59] ;;; curseforge; Traceback (most recent call last):
  File "C:\Users\joshp\curseforge\minecraft\Instances\Alive Dev\saves\Desire Paths\datapacks_uncompiled\modules\curseforge.py", line 52, in getGameVersions
    _versionInfo[folderName][aLoader][mcVersion].remove(aVersion)
ValueError: list.remove(x): x not in list

[2026, 9, 25, 18, 29, 59] ;;; curseforge; Traceback (most recent call last):
  File "C:\Users\joshp\curseforge\minecraft\Instances\Alive Dev\saves\Desire Paths\datapacks_uncompiled\modules\curseforge.py", line 52, in getGameVersions
    _versionInfo[folderName][aLoader][mcVersion].remove(aVersion)
ValueError: list.remove(x): x not in list

[2026, 9, 25, 18, 29, 59] ;;; curseforge; Traceback (most recent call last):
  File "C:\Users\joshp\curseforge\minecraft\Instances\Alive Dev\saves\Desire Paths\datapacks_uncompiled\modules\curseforge.py", line 52, in getGameVersions
    _versionInfo[folderName][aLoader][mcVersion].remove(aVersion)
ValueError: list.remove(x): x not in list

[2026, 9, 25, 18, 29, 59] ;;; curseforge; Traceback (most recent call last):
  File "C:\Users\joshp\curseforge\minecraft\Instances\Alive Dev\saves\Desire Paths\datapacks_uncompiled\modules\curseforge.py", line 52, in getGameVersions
    _versionInfo[folderName][aLoader][mcVersion].remove(aVersion)
ValueError: list.remove(x): x not in list

[2026, 9, 25, 18, 29, 59] ;;; curseforge; Traceback (most recent call last):
  File "C:\Users\joshp\curseforge\minecraft\Instances\Alive Dev\saves\Desire Paths\datapacks_uncompiled\modules\curseforge.py", line 52, in getGameVersions
    _versionInfo[folderName][aLoader][mcVersion].remove(aVersion)
ValueError: list.remove(x): x not in list

[2026, 9, 25, 18, 29, 59] ;;; curseforge; Traceback (most recent call last):
  File "C:\Users\joshp\curseforge\minecraft\Instances\Alive Dev\saves\Desire Paths\datapacks_uncompiled\modules\curseforge.py", line 52, in getGameVersions
    _versionInfo[folderName][aLoader][mcVersion].remove(aVersion)
ValueError: list.remove(x): x not in list

[2026, 9, 25, 18, 29, 59] ;;; curseforge; {'id': 7499, 'gameVersionTypeID': 68441, 'name': 'Fabric', 'slug': 'fabric', 'apiVersion': ''}
[2026, 9, 25, 18, 29, 59] ;;; curseforge; {'id': 9638, 'gameVersionTypeID': 75208, 'name': 'Client', 'slug': 'client', 'apiVersion': ''}
[2026, 9, 25, 18, 29, 59] ;;; curseforge; {'id': 9639, 'gameVersionTypeID': 75208, 'name': 'Server', 'slug': 'server', 'apiVersion': ''}
[2026, 9, 25, 18, 29, 59] ;;; curseforge; {'id': 15933, 'gameVersionTypeID': 83806, 'name': '26.1', 'slug': '26-1', 'apiVersion': None}
[2026, 9, 25, 18, 29, 59] ;;; curseforge; {'id': 16083, 'gameVersionTypeID': 1, 'name': '26.1', 'slug': '26-1', 'apiVersion': ''}
[2026, 9, 25, 18, 29, 59] ;;; curseforge; {'id': 16128, 'gameVersionTypeID': 615, 'name': '26.1', 'slug': '26-1', 'apiVersion': ''}
[2026, 9, 25, 18, 29, 59] ;;; curseforge; {'id': 7499, 'gameVersionTypeID': 68441, 'name': 'Fabric', 'slug': 'fabric', 'apiVersion': ''}
[2026, 9, 25, 18, 29, 59] ;;; curseforge; {'id': 9638, 'gameVersionTypeID': 75208, 'name': 'Client', 'slug': 'client', 'apiVersion': ''}
[2026, 9, 25, 18, 29, 59] ;;; curseforge; {'id': 9639, 'gameVersionTypeID': 75208, 'name': 'Server', 'slug': 'server', 'apiVersion': ''}
[2026, 9, 25, 18, 29, 59] ;;; curseforge; {'id': 16021, 'gameVersionTypeID': 83806, 'name': '26.1.1', 'slug': '26-1-1', 'apiVersion': None}
[2026, 9, 25, 18, 29, 59] ;;; curseforge; {'id': 16084, 'gameVersionTypeID': 1, 'name': '26.1.1', 'slug': '26-1-1', 'apiVersion': ''}
[2026, 9, 25, 18, 29, 59] ;;; curseforge; {'id': 16129, 'gameVersionTypeID': 615, 'name': '26.1.1', 'slug': '26-1-1', 'apiVersion': ''}
[2026, 9, 25, 18, 29, 59] ;;; curseforge; {'id': 7499, 'gameVersionTypeID': 68441, 'name': 'Fabric', 'slug': 'fabric', 'apiVersion': ''}
[2026, 9, 25, 18, 29, 59] ;;; curseforge; {'id': 9638, 'gameVersionTypeID': 75208, 'name': 'Client', 'slug': 'client', 'apiVersion': ''}
[2026, 9, 25, 18, 29, 59] ;;; curseforge; {'id': 9639, 'gameVersionTypeID': 75208, 'name': 'Server', 'slug': 'server', 'apiVersion': ''}
[2026, 9, 25, 18, 29, 59] ;;; curseforge; {'id': 16082, 'gameVersionTypeID': 83806, 'name': '26.1.2', 'slug': '26-1-2', 'apiVersion': None}
[2026, 9, 25, 18, 29, 59] ;;; curseforge; {'id': 16085, 'gameVersionTypeID': 1, 'name': '26.1.2', 'slug': '26-1-2', 'apiVersion': ''}
[2026, 9, 25, 18, 29, 59] ;;; curseforge; {'id': 16130, 'gameVersionTypeID': 615, 'name': '26.1.2', 'slug': '26-1-2', 'apiVersion': ''}
[2026, 9, 25, 18, 29, 59] ;;; curseforge; {'file': ('block_decay-fabric-26.1_1.60.0.jar', <_io.BufferedReader name='.\\releases\\1.60.0\\block_decay-fabric-26.1_1.60.0.jar'>, 'application/jar'), 'metadata': (None, '{"changelog": "", "displayName": "block_decay fabric 26.1 1.60.0", "gameVersions": [7499, 9638, 9639, 15933, 16021, 16082], "gameVersionNames": ["Fabric", "Client", "Server", "26.1", "26.1.1", "26.1.2"], "releaseType": "release", "relations": {"projects": [{"slug": "gstools", "projectID": 1404020, "type": "requiredDependency"}]}}', 'application/json')}
[2026, 9, 25, 18, 30, 3] ;;; curseforge; Mod file uploaded successfully! Response: {'id': 8975467}
[2026, 9, 25, 18, 30, 3] ;;; curseforge; Traceback (most recent call last):
  File "C:\Users\joshp\curseforge\minecraft\Instances\Alive Dev\saves\Desire Paths\datapacks_uncompiled\modules\curseforge.py", line 52, in getGameVersions
    _versionInfo[folderName][aLoader][mcVersion].remove(aVersion)
ValueError: list.remove(x): x not in list

[2026, 9, 25, 18, 30, 3] ;;; curseforge; Traceback (most recent call last):
  File "C:\Users\joshp\curseforge\minecraft\Instances\Alive Dev\saves\Desire Paths\datapacks_uncompiled\modules\curseforge.py", line 52, in getGameVersions
    _versionInfo[folderName][aLoader][mcVersion].remove(aVersion)
ValueError: list.remove(x): x not in list

[2026, 9, 25, 18, 30, 3] ;;; curseforge; Traceback (most recent call last):
  File "C:\Users\joshp\curseforge\minecraft\Instances\Alive Dev\saves\Desire Paths\datapacks_uncompiled\modules\curseforge.py", line 52, in getGameVersions
    _versionInfo[folderName][aLoader][mcVersion].remove(aVersion)
ValueError: list.remove(x): x not in list

[2026, 9, 25, 18, 30, 3] ;;; curseforge; Traceback (most recent call last):
  File "C:\Users\joshp\curseforge\minecraft\Instances\Alive Dev\saves\Desire Paths\datapacks_uncompiled\modules\curseforge.py", line 52, in getGameVersions
    _versionInfo[folderName][aLoader][mcVersion].remove(aVersion)
ValueError: list.remove(x): x not in list

[2026, 9, 25, 18, 30, 3] ;;; curseforge; Traceback (most recent call last):
  File "C:\Users\joshp\curseforge\minecraft\Instances\Alive Dev\saves\Desire Paths\datapacks_uncompiled\modules\curseforge.py", line 52, in getGameVersions
    _versionInfo[folderName][aLoader][mcVersion].remove(aVersion)
ValueError: list.remove(x): x not in list

[2026, 9, 25, 18, 30, 3] ;;; curseforge; Traceback (most recent call last):
  File "C:\Users\joshp\curseforge\minecraft\Instances\Alive Dev\saves\Desire Paths\datapacks_uncompiled\modules\curseforge.py", line 52, in getGameVersions
    _versionInfo[folderName][aLoader][mcVersion].remove(aVersion)
ValueError: list.remove(x): x not in list

[2026, 9, 25, 18, 30, 3] ;;; curseforge; {'id': 7499, 'gameVersionTypeID': 68441, 'name': 'Fabric', 'slug': 'fabric', 'apiVersion': ''}
[2026, 9, 25, 18, 30, 3] ;;; curseforge; {'id': 9638, 'gameVersionTypeID': 75208, 'name': 'Client', 'slug': 'client', 'apiVersion': ''}
[2026, 9, 25, 18, 30, 3] ;;; curseforge; {'id': 9639, 'gameVersionTypeID': 75208, 'name': 'Server', 'slug': 'server', 'apiVersion': ''}
[2026, 9, 25, 18, 30, 3] ;;; curseforge; {'id': 15933, 'gameVersionTypeID': 83806, 'name': '26.1', 'slug': '26-1', 'apiVersion': None}
[2026, 9, 25, 18, 30, 3] ;;; curseforge; {'id': 16083, 'gameVersionTypeID': 1, 'name': '26.1', 'slug': '26-1', 'apiVersion': ''}
[2026, 9, 25, 18, 30, 3] ;;; curseforge; {'id': 16128, 'gameVersionTypeID': 615, 'name': '26.1', 'slug': '26-1', 'apiVersion': ''}
[2026, 9, 25, 18, 30, 3] ;;; curseforge; {'id': 7499, 'gameVersionTypeID': 68441, 'name': 'Fabric', 'slug': 'fabric', 'apiVersion': ''}
[2026, 9, 25, 18, 30, 3] ;;; curseforge; {'id': 9638, 'gameVersionTypeID': 75208, 'name': 'Client', 'slug': 'client', 'apiVersion': ''}
[2026, 9, 25, 18, 30, 3] ;;; curseforge; {'id': 9639, 'gameVersionTypeID': 75208, 'name': 'Server', 'slug': 'server', 'apiVersion': ''}
[2026, 9, 25, 18, 30, 3] ;;; curseforge; {'id': 16021, 'gameVersionTypeID': 83806, 'name': '26.1.1', 'slug': '26-1-1', 'apiVersion': None}
[2026, 9, 25, 18, 30, 3] ;;; curseforge; {'id': 16084, 'gameVersionTypeID': 1, 'name': '26.1.1', 'slug': '26-1-1', 'apiVersion': ''}
[2026, 9, 25, 18, 30, 3] ;;; curseforge; {'id': 16129, 'gameVersionTypeID': 615, 'name': '26.1.1', 'slug': '26-1-1', 'apiVersion': ''}
[2026, 9, 25, 18, 30, 3] ;;; curseforge; {'id': 7499, 'gameVersionTypeID': 68441, 'name': 'Fabric', 'slug': 'fabric', 'apiVersion': ''}
[2026, 9, 25, 18, 30, 3] ;;; curseforge; {'id': 9638, 'gameVersionTypeID': 75208, 'name': 'Client', 'slug': 'client', 'apiVersion': ''}
[2026, 9, 25, 18, 30, 3] ;;; curseforge; {'id': 9639, 'gameVersionTypeID': 75208, 'name': 'Server', 'slug': 'server', 'apiVersion': ''}
[2026, 9, 25, 18, 30, 3] ;;; curseforge; {'id': 16082, 'gameVersionTypeID': 83806, 'name': '26.1.2', 'slug': '26-1-2', 'apiVersion': None}
[2026, 9, 25, 18, 30, 3] ;;; curseforge; {'id': 16085, 'gameVersionTypeID': 1, 'name': '26.1.2', 'slug': '26-1-2', 'apiVersion': ''}
[2026, 9, 25, 18, 30, 3] ;;; curseforge; {'id': 16130, 'gameVersionTypeID': 615, 'name': '26.1.2', 'slug': '26-1-2', 'apiVersion': ''}
[2026, 9, 25, 18, 30, 12] ;;; curseforge; Traceback (most recent call last):
  File "C:\Users\joshp\curseforge\minecraft\Instances\Alive Dev\saves\Desire Paths\datapacks_uncompiled\modules\curseforge.py", line 52, in getGameVersions
    _versionInfo[folderName][aLoader][mcVersion].remove(aVersion)
ValueError: list.remove(x): x not in list

[2026, 9, 25, 18, 30, 12] ;;; curseforge; Traceback (most recent call last):
  File "C:\Users\joshp\curseforge\minecraft\Instances\Alive Dev\saves\Desire Paths\datapacks_uncompiled\modules\curseforge.py", line 52, in getGameVersions
    _versionInfo[folderName][aLoader][mcVersion].remove(aVersion)
ValueError: list.remove(x): x not in list

[2026, 9, 25, 18, 30, 12] ;;; curseforge; Traceback (most recent call last):
  File "C:\Users\joshp\curseforge\minecraft\Instances\Alive Dev\saves\Desire Paths\datapacks_uncompiled\modules\curseforge.py", line 52, in getGameVersions
    _versionInfo[folderName][aLoader][mcVersion].remove(aVersion)
ValueError: list.remove(x): x not in list

[2026, 9, 25, 18, 30, 12] ;;; curseforge; Traceback (most recent call last):
  File "C:\Users\joshp\curseforge\minecraft\Instances\Alive Dev\saves\Desire Paths\datapacks_uncompiled\modules\curseforge.py", line 52, in getGameVersions
    _versionInfo[folderName][aLoader][mcVersion].remove(aVersion)
ValueError: list.remove(x): x not in list

[2026, 9, 25, 18, 30, 12] ;;; curseforge; Traceback (most recent call last):
  File "C:\Users\joshp\curseforge\minecraft\Instances\Alive Dev\saves\Desire Paths\datapacks_uncompiled\modules\curseforge.py", line 52, in getGameVersions
    _versionInfo[folderName][aLoader][mcVersion].remove(aVersion)
ValueError: list.remove(x): x not in list

[2026, 9, 25, 18, 30, 12] ;;; curseforge; Traceback (most recent call last):
  File "C:\Users\joshp\curseforge\minecraft\Instances\Alive Dev\saves\Desire Paths\datapacks_uncompiled\modules\curseforge.py", line 52, in getGameVersions
    _versionInfo[folderName][aLoader][mcVersion].remove(aVersion)
ValueError: list.remove(x): x not in list

[2026, 9, 25, 18, 30, 12] ;;; curseforge; {'id': 7499, 'gameVersionTypeID': 68441, 'name': 'Fabric', 'slug': 'fabric', 'apiVersion': ''}
[2026, 9, 25, 18, 30, 12] ;;; curseforge; {'id': 9638, 'gameVersionTypeID': 75208, 'name': 'Client', 'slug': 'client', 'apiVersion': ''}
[2026, 9, 25, 18, 30, 12] ;;; curseforge; {'id': 9639, 'gameVersionTypeID': 75208, 'name': 'Server', 'slug': 'server', 'apiVersion': ''}
[2026, 9, 25, 18, 30, 12] ;;; curseforge; {'id': 16498, 'gameVersionTypeID': 86297, 'name': '26.2', 'slug': '26-2', 'apiVersion': None}
[2026, 9, 25, 18, 30, 12] ;;; curseforge; {'id': 16500, 'gameVersionTypeID': 1, 'name': '26.2', 'slug': '26-2', 'apiVersion': ''}
[2026, 9, 25, 18, 30, 12] ;;; curseforge; {'file': ('block_decay-fabric-26.2_1.60.0.jar', <_io.BufferedReader name='.\\releases\\1.60.0\\block_decay-fabric-26.2_1.60.0.jar'>, 'application/jar'), 'metadata': (None, '{"changelog": "", "displayName": "block_decay fabric 26.2 1.60.0", "gameVersions": [7499, 9638, 9639, 16498], "gameVersionNames": ["Fabric", "Client", "Server", "26.2"], "releaseType": "release", "relations": {"projects": [{"slug": "gstools", "projectID": 1404020, "type": "requiredDependency"}]}}', 'application/json')}
[2026, 9, 25, 18, 30, 15] ;;; curseforge; Mod file uploaded successfully! Response: {'id': 8975469}
[2026, 9, 25, 18, 30, 16] ;;; curseforge; Traceback (most recent call last):
  File "C:\Users\joshp\curseforge\minecraft\Instances\Alive Dev\saves\Desire Paths\datapacks_uncompiled\modules\curseforge.py", line 52, in getGameVersions
    _versionInfo[folderName][aLoader][mcVersion].remove(aVersion)
ValueError: list.remove(x): x not in list

[2026, 9, 25, 18, 30, 16] ;;; curseforge; Traceback (most recent call last):
  File "C:\Users\joshp\curseforge\minecraft\Instances\Alive Dev\saves\Desire Paths\datapacks_uncompiled\modules\curseforge.py", line 52, in getGameVersions
    _versionInfo[folderName][aLoader][mcVersion].remove(aVersion)
ValueError: list.remove(x): x not in list

[2026, 9, 25, 18, 30, 16] ;;; curseforge; Traceback (most recent call last):
  File "C:\Users\joshp\curseforge\minecraft\Instances\Alive Dev\saves\Desire Paths\datapacks_uncompiled\modules\curseforge.py", line 52, in getGameVersions
    _versionInfo[folderName][aLoader][mcVersion].remove(aVersion)
ValueError: list.remove(x): x not in list

[2026, 9, 25, 18, 30, 16] ;;; curseforge; Traceback (most recent call last):
  File "C:\Users\joshp\curseforge\minecraft\Instances\Alive Dev\saves\Desire Paths\datapacks_uncompiled\modules\curseforge.py", line 52, in getGameVersions
    _versionInfo[folderName][aLoader][mcVersion].remove(aVersion)
ValueError: list.remove(x): x not in list

[2026, 9, 25, 18, 30, 16] ;;; curseforge; Traceback (most recent call last):
  File "C:\Users\joshp\curseforge\minecraft\Instances\Alive Dev\saves\Desire Paths\datapacks_uncompiled\modules\curseforge.py", line 52, in getGameVersions
    _versionInfo[folderName][aLoader][mcVersion].remove(aVersion)
ValueError: list.remove(x): x not in list

[2026, 9, 25, 18, 30, 16] ;;; curseforge; Traceback (most recent call last):
  File "C:\Users\joshp\curseforge\minecraft\Instances\Alive Dev\saves\Desire Paths\datapacks_uncompiled\modules\curseforge.py", line 52, in getGameVersions
    _versionInfo[folderName][aLoader][mcVersion].remove(aVersion)
ValueError: list.remove(x): x not in list

[2026, 9, 25, 18, 30, 16] ;;; curseforge; {'id': 7499, 'gameVersionTypeID': 68441, 'name': 'Fabric', 'slug': 'fabric', 'apiVersion': ''}
[2026, 9, 25, 18, 30, 16] ;;; curseforge; {'id': 9638, 'gameVersionTypeID': 75208, 'name': 'Client', 'slug': 'client', 'apiVersion': ''}
[2026, 9, 25, 18, 30, 16] ;;; curseforge; {'id': 9639, 'gameVersionTypeID': 75208, 'name': 'Server', 'slug': 'server', 'apiVersion': ''}
[2026, 9, 25, 18, 30, 16] ;;; curseforge; {'id': 16498, 'gameVersionTypeID': 86297, 'name': '26.2', 'slug': '26-2', 'apiVersion': None}
[2026, 9, 25, 18, 30, 16] ;;; curseforge; {'id': 16500, 'gameVersionTypeID': 1, 'name': '26.2', 'slug': '26-2', 'apiVersion': ''}
[2026, 9, 25, 18, 30, 21] ;;; curseforge; Traceback (most recent call last):
  File "C:\Users\joshp\curseforge\minecraft\Instances\Alive Dev\saves\Desire Paths\datapacks_uncompiled\modules\curseforge.py", line 52, in getGameVersions
    _versionInfo[folderName][aLoader][mcVersion].remove(aVersion)
ValueError: list.remove(x): x not in list

[2026, 9, 25, 18, 30, 21] ;;; curseforge; Traceback (most recent call last):
  File "C:\Users\joshp\curseforge\minecraft\Instances\Alive Dev\saves\Desire Paths\datapacks_uncompiled\modules\curseforge.py", line 52, in getGameVersions
    _versionInfo[folderName][aLoader][mcVersion].remove(aVersion)
ValueError: list.remove(x): x not in list

[2026, 9, 25, 18, 30, 21] ;;; curseforge; Traceback (most recent call last):
  File "C:\Users\joshp\curseforge\minecraft\Instances\Alive Dev\saves\Desire Paths\datapacks_uncompiled\modules\curseforge.py", line 52, in getGameVersions
    _versionInfo[folderName][aLoader][mcVersion].remove(aVersion)
ValueError: list.remove(x): x not in list

[2026, 9, 25, 18, 30, 21] ;;; curseforge; Traceback (most recent call last):
  File "C:\Users\joshp\curseforge\minecraft\Instances\Alive Dev\saves\Desire Paths\datapacks_uncompiled\modules\curseforge.py", line 52, in getGameVersions
    _versionInfo[folderName][aLoader][mcVersion].remove(aVersion)
ValueError: list.remove(x): x not in list

[2026, 9, 25, 18, 30, 21] ;;; curseforge; Traceback (most recent call last):
  File "C:\Users\joshp\curseforge\minecraft\Instances\Alive Dev\saves\Desire Paths\datapacks_uncompiled\modules\curseforge.py", line 52, in getGameVersions
    _versionInfo[folderName][aLoader][mcVersion].remove(aVersion)
ValueError: list.remove(x): x not in list

[2026, 9, 25, 18, 30, 21] ;;; curseforge; Traceback (most recent call last):
  File "C:\Users\joshp\curseforge\minecraft\Instances\Alive Dev\saves\Desire Paths\datapacks_uncompiled\modules\curseforge.py", line 52, in getGameVersions
    _versionInfo[folderName][aLoader][mcVersion].remove(aVersion)
ValueError: list.remove(x): x not in list

[2026, 9, 25, 18, 30, 21] ;;; curseforge; {'id': 7498, 'gameVersionTypeID': 68441, 'name': 'Forge', 'slug': 'forge', 'apiVersion': ''}
[2026, 9, 25, 18, 30, 21] ;;; curseforge; {'id': 9638, 'gameVersionTypeID': 75208, 'name': 'Client', 'slug': 'client', 'apiVersion': ''}
[2026, 9, 25, 18, 30, 21] ;;; curseforge; {'id': 9639, 'gameVersionTypeID': 75208, 'name': 'Server', 'slug': 'server', 'apiVersion': ''}
[2026, 9, 25, 18, 30, 21] ;;; curseforge; {'id': 9776, 'gameVersionTypeID': 73407, 'name': '1.19.4', 'slug': '1-19-4', 'apiVersion': ''}
[2026, 9, 25, 18, 30, 21] ;;; curseforge; {'id': 9792, 'gameVersionTypeID': 615, 'name': '1.19.4', 'slug': '1-19-4', 'apiVersion': ''}
[2026, 9, 25, 18, 30, 21] ;;; curseforge; {'id': 9973, 'gameVersionTypeID': 1, 'name': '1.19.4', 'slug': '1-19-4', 'apiVersion': ''}
[2026, 9, 25, 18, 30, 21] ;;; curseforge; {'file': ('block_decay-forge-1.19.4_1.60.0.jar', <_io.BufferedReader name='.\\releases\\1.60.0\\block_decay-forge-1.19.4_1.60.0.jar'>, 'application/jar'), 'metadata': (None, '{"changelog": "", "displayName": "block_decay forge 1.19.4 1.60.0", "gameVersions": [7498, 9638, 9639, 9776], "gameVersionNames": ["Forge", "Client", "Server", "1.19.4"], "releaseType": "release", "relations": {"projects": [{"slug": "gstools", "projectID": 1404020, "type": "requiredDependency"}]}}', 'application/json')}
[2026, 9, 25, 18, 30, 24] ;;; curseforge; Mod file uploaded successfully! Response: {'id': 8975470}
[2026, 9, 25, 18, 30, 25] ;;; curseforge; Traceback (most recent call last):
  File "C:\Users\joshp\curseforge\minecraft\Instances\Alive Dev\saves\Desire Paths\datapacks_uncompiled\modules\curseforge.py", line 52, in getGameVersions
    _versionInfo[folderName][aLoader][mcVersion].remove(aVersion)
ValueError: list.remove(x): x not in list

[2026, 9, 25, 18, 30, 25] ;;; curseforge; Traceback (most recent call last):
  File "C:\Users\joshp\curseforge\minecraft\Instances\Alive Dev\saves\Desire Paths\datapacks_uncompiled\modules\curseforge.py", line 52, in getGameVersions
    _versionInfo[folderName][aLoader][mcVersion].remove(aVersion)
ValueError: list.remove(x): x not in list

[2026, 9, 25, 18, 30, 25] ;;; curseforge; Traceback (most recent call last):
  File "C:\Users\joshp\curseforge\minecraft\Instances\Alive Dev\saves\Desire Paths\datapacks_uncompiled\modules\curseforge.py", line 52, in getGameVersions
    _versionInfo[folderName][aLoader][mcVersion].remove(aVersion)
ValueError: list.remove(x): x not in list

[2026, 9, 25, 18, 30, 25] ;;; curseforge; Traceback (most recent call last):
  File "C:\Users\joshp\curseforge\minecraft\Instances\Alive Dev\saves\Desire Paths\datapacks_uncompiled\modules\curseforge.py", line 52, in getGameVersions
    _versionInfo[folderName][aLoader][mcVersion].remove(aVersion)
ValueError: list.remove(x): x not in list

[2026, 9, 25, 18, 30, 25] ;;; curseforge; Traceback (most recent call last):
  File "C:\Users\joshp\curseforge\minecraft\Instances\Alive Dev\saves\Desire Paths\datapacks_uncompiled\modules\curseforge.py", line 52, in getGameVersions
    _versionInfo[folderName][aLoader][mcVersion].remove(aVersion)
ValueError: list.remove(x): x not in list

[2026, 9, 25, 18, 30, 25] ;;; curseforge; Traceback (most recent call last):
  File "C:\Users\joshp\curseforge\minecraft\Instances\Alive Dev\saves\Desire Paths\datapacks_uncompiled\modules\curseforge.py", line 52, in getGameVersions
    _versionInfo[folderName][aLoader][mcVersion].remove(aVersion)
ValueError: list.remove(x): x not in list

[2026, 9, 25, 18, 30, 25] ;;; curseforge; {'id': 7498, 'gameVersionTypeID': 68441, 'name': 'Forge', 'slug': 'forge', 'apiVersion': ''}
[2026, 9, 25, 18, 30, 25] ;;; curseforge; {'id': 9638, 'gameVersionTypeID': 75208, 'name': 'Client', 'slug': 'client', 'apiVersion': ''}
[2026, 9, 25, 18, 30, 25] ;;; curseforge; {'id': 9639, 'gameVersionTypeID': 75208, 'name': 'Server', 'slug': 'server', 'apiVersion': ''}
[2026, 9, 25, 18, 30, 25] ;;; curseforge; {'id': 9776, 'gameVersionTypeID': 73407, 'name': '1.19.4', 'slug': '1-19-4', 'apiVersion': ''}
[2026, 9, 25, 18, 30, 25] ;;; curseforge; {'id': 9792, 'gameVersionTypeID': 615, 'name': '1.19.4', 'slug': '1-19-4', 'apiVersion': ''}
[2026, 9, 25, 18, 30, 25] ;;; curseforge; {'id': 9973, 'gameVersionTypeID': 1, 'name': '1.19.4', 'slug': '1-19-4', 'apiVersion': ''}
[2026, 9, 25, 18, 30, 30] ;;; curseforge; Traceback (most recent call last):
  File "C:\Users\joshp\curseforge\minecraft\Instances\Alive Dev\saves\Desire Paths\datapacks_uncompiled\modules\curseforge.py", line 52, in getGameVersions
    _versionInfo[folderName][aLoader][mcVersion].remove(aVersion)
ValueError: list.remove(x): x not in list

[2026, 9, 25, 18, 30, 30] ;;; curseforge; Traceback (most recent call last):
  File "C:\Users\joshp\curseforge\minecraft\Instances\Alive Dev\saves\Desire Paths\datapacks_uncompiled\modules\curseforge.py", line 52, in getGameVersions
    _versionInfo[folderName][aLoader][mcVersion].remove(aVersion)
ValueError: list.remove(x): x not in list

[2026, 9, 25, 18, 30, 30] ;;; curseforge; Traceback (most recent call last):
  File "C:\Users\joshp\curseforge\minecraft\Instances\Alive Dev\saves\Desire Paths\datapacks_uncompiled\modules\curseforge.py", line 52, in getGameVersions
    _versionInfo[folderName][aLoader][mcVersion].remove(aVersion)
ValueError: list.remove(x): x not in list

[2026, 9, 25, 18, 30, 30] ;;; curseforge; Traceback (most recent call last):
  File "C:\Users\joshp\curseforge\minecraft\Instances\Alive Dev\saves\Desire Paths\datapacks_uncompiled\modules\curseforge.py", line 52, in getGameVersions
    _versionInfo[folderName][aLoader][mcVersion].remove(aVersion)
ValueError: list.remove(x): x not in list

[2026, 9, 25, 18, 30, 30] ;;; curseforge; Traceback (most recent call last):
  File "C:\Users\joshp\curseforge\minecraft\Instances\Alive Dev\saves\Desire Paths\datapacks_uncompiled\modules\curseforge.py", line 52, in getGameVersions
    _versionInfo[folderName][aLoader][mcVersion].remove(aVersion)
ValueError: list.remove(x): x not in list

[2026, 9, 25, 18, 30, 30] ;;; curseforge; Traceback (most recent call last):
  File "C:\Users\joshp\curseforge\minecraft\Instances\Alive Dev\saves\Desire Paths\datapacks_uncompiled\modules\curseforge.py", line 52, in getGameVersions
    _versionInfo[folderName][aLoader][mcVersion].remove(aVersion)
ValueError: list.remove(x): x not in list

[2026, 9, 25, 18, 30, 30] ;;; curseforge; {'id': 7498, 'gameVersionTypeID': 68441, 'name': 'Forge', 'slug': 'forge', 'apiVersion': ''}
[2026, 9, 25, 18, 30, 30] ;;; curseforge; {'id': 9638, 'gameVersionTypeID': 75208, 'name': 'Client', 'slug': 'client', 'apiVersion': ''}
[2026, 9, 25, 18, 30, 30] ;;; curseforge; {'id': 9639, 'gameVersionTypeID': 75208, 'name': 'Server', 'slug': 'server', 'apiVersion': ''}
[2026, 9, 25, 18, 30, 30] ;;; curseforge; {'id': 9990, 'gameVersionTypeID': 75125, 'name': '1.20.1', 'slug': '1-20-1', 'apiVersion': None}
[2026, 9, 25, 18, 30, 30] ;;; curseforge; {'id': 9993, 'gameVersionTypeID': 615, 'name': '1.20.1', 'slug': '1-20-1', 'apiVersion': ''}
[2026, 9, 25, 18, 30, 30] ;;; curseforge; {'id': 9994, 'gameVersionTypeID': 1, 'name': '1.20.1', 'slug': '1-20-1', 'apiVersion': ''}
[2026, 9, 25, 18, 30, 30] ;;; curseforge; {'file': ('block_decay-forge-1.20.1_1.60.0.jar', <_io.BufferedReader name='.\\releases\\1.60.0\\block_decay-forge-1.20.1_1.60.0.jar'>, 'application/jar'), 'metadata': (None, '{"changelog": "", "displayName": "block_decay forge 1.20.1 1.60.0", "gameVersions": [7498, 9638, 9639, 9990], "gameVersionNames": ["Forge", "Client", "Server", "1.20.1"], "releaseType": "release", "relations": {"projects": [{"slug": "gstools", "projectID": 1404020, "type": "requiredDependency"}]}}', 'application/json')}
[2026, 9, 25, 18, 30, 36] ;;; curseforge; Mod file uploaded successfully! Response: {'id': 8975472}
[2026, 9, 25, 18, 30, 36] ;;; curseforge; Traceback (most recent call last):
  File "C:\Users\joshp\curseforge\minecraft\Instances\Alive Dev\saves\Desire Paths\datapacks_uncompiled\modules\curseforge.py", line 52, in getGameVersions
    _versionInfo[folderName][aLoader][mcVersion].remove(aVersion)
ValueError: list.remove(x): x not in list

[2026, 9, 25, 18, 30, 36] ;;; curseforge; Traceback (most recent call last):
  File "C:\Users\joshp\curseforge\minecraft\Instances\Alive Dev\saves\Desire Paths\datapacks_uncompiled\modules\curseforge.py", line 52, in getGameVersions
    _versionInfo[folderName][aLoader][mcVersion].remove(aVersion)
ValueError: list.remove(x): x not in list

[2026, 9, 25, 18, 30, 36] ;;; curseforge; Traceback (most recent call last):
  File "C:\Users\joshp\curseforge\minecraft\Instances\Alive Dev\saves\Desire Paths\datapacks_uncompiled\modules\curseforge.py", line 52, in getGameVersions
    _versionInfo[folderName][aLoader][mcVersion].remove(aVersion)
ValueError: list.remove(x): x not in list

[2026, 9, 25, 18, 30, 36] ;;; curseforge; Traceback (most recent call last):
  File "C:\Users\joshp\curseforge\minecraft\Instances\Alive Dev\saves\Desire Paths\datapacks_uncompiled\modules\curseforge.py", line 52, in getGameVersions
    _versionInfo[folderName][aLoader][mcVersion].remove(aVersion)
ValueError: list.remove(x): x not in list

[2026, 9, 25, 18, 30, 36] ;;; curseforge; Traceback (most recent call last):
  File "C:\Users\joshp\curseforge\minecraft\Instances\Alive Dev\saves\Desire Paths\datapacks_uncompiled\modules\curseforge.py", line 52, in getGameVersions
    _versionInfo[folderName][aLoader][mcVersion].remove(aVersion)
ValueError: list.remove(x): x not in list

[2026, 9, 25, 18, 30, 36] ;;; curseforge; Traceback (most recent call last):
  File "C:\Users\joshp\curseforge\minecraft\Instances\Alive Dev\saves\Desire Paths\datapacks_uncompiled\modules\curseforge.py", line 52, in getGameVersions
    _versionInfo[folderName][aLoader][mcVersion].remove(aVersion)
ValueError: list.remove(x): x not in list

[2026, 9, 25, 18, 30, 36] ;;; curseforge; {'id': 7498, 'gameVersionTypeID': 68441, 'name': 'Forge', 'slug': 'forge', 'apiVersion': ''}
[2026, 9, 25, 18, 30, 36] ;;; curseforge; {'id': 9638, 'gameVersionTypeID': 75208, 'name': 'Client', 'slug': 'client', 'apiVersion': ''}
[2026, 9, 25, 18, 30, 36] ;;; curseforge; {'id': 9639, 'gameVersionTypeID': 75208, 'name': 'Server', 'slug': 'server', 'apiVersion': ''}
[2026, 9, 25, 18, 30, 36] ;;; curseforge; {'id': 9990, 'gameVersionTypeID': 75125, 'name': '1.20.1', 'slug': '1-20-1', 'apiVersion': None}
[2026, 9, 25, 18, 30, 36] ;;; curseforge; {'id': 9993, 'gameVersionTypeID': 615, 'name': '1.20.1', 'slug': '1-20-1', 'apiVersion': ''}
[2026, 9, 25, 18, 30, 36] ;;; curseforge; {'id': 9994, 'gameVersionTypeID': 1, 'name': '1.20.1', 'slug': '1-20-1', 'apiVersion': ''}
[2026, 9, 25, 18, 30, 41] ;;; curseforge; Traceback (most recent call last):
  File "C:\Users\joshp\curseforge\minecraft\Instances\Alive Dev\saves\Desire Paths\datapacks_uncompiled\modules\curseforge.py", line 52, in getGameVersions
    _versionInfo[folderName][aLoader][mcVersion].remove(aVersion)
ValueError: list.remove(x): x not in list

[2026, 9, 25, 18, 30, 41] ;;; curseforge; Traceback (most recent call last):
  File "C:\Users\joshp\curseforge\minecraft\Instances\Alive Dev\saves\Desire Paths\datapacks_uncompiled\modules\curseforge.py", line 52, in getGameVersions
    _versionInfo[folderName][aLoader][mcVersion].remove(aVersion)
ValueError: list.remove(x): x not in list

[2026, 9, 25, 18, 30, 41] ;;; curseforge; Traceback (most recent call last):
  File "C:\Users\joshp\curseforge\minecraft\Instances\Alive Dev\saves\Desire Paths\datapacks_uncompiled\modules\curseforge.py", line 52, in getGameVersions
    _versionInfo[folderName][aLoader][mcVersion].remove(aVersion)
ValueError: list.remove(x): x not in list

[2026, 9, 25, 18, 30, 41] ;;; curseforge; Traceback (most recent call last):
  File "C:\Users\joshp\curseforge\minecraft\Instances\Alive Dev\saves\Desire Paths\datapacks_uncompiled\modules\curseforge.py", line 52, in getGameVersions
    _versionInfo[folderName][aLoader][mcVersion].remove(aVersion)
ValueError: list.remove(x): x not in list

[2026, 9, 25, 18, 30, 41] ;;; curseforge; Traceback (most recent call last):
  File "C:\Users\joshp\curseforge\minecraft\Instances\Alive Dev\saves\Desire Paths\datapacks_uncompiled\modules\curseforge.py", line 52, in getGameVersions
    _versionInfo[folderName][aLoader][mcVersion].remove(aVersion)
ValueError: list.remove(x): x not in list

[2026, 9, 25, 18, 30, 41] ;;; curseforge; Traceback (most recent call last):
  File "C:\Users\joshp\curseforge\minecraft\Instances\Alive Dev\saves\Desire Paths\datapacks_uncompiled\modules\curseforge.py", line 52, in getGameVersions
    _versionInfo[folderName][aLoader][mcVersion].remove(aVersion)
ValueError: list.remove(x): x not in list

[2026, 9, 25, 18, 30, 41] ;;; curseforge; {'id': 9638, 'gameVersionTypeID': 75208, 'name': 'Client', 'slug': 'client', 'apiVersion': ''}
[2026, 9, 25, 18, 30, 41] ;;; curseforge; {'id': 9639, 'gameVersionTypeID': 75208, 'name': 'Server', 'slug': 'server', 'apiVersion': ''}
[2026, 9, 25, 18, 30, 41] ;;; curseforge; {'id': 10150, 'gameVersionTypeID': 68441, 'name': 'NeoForge', 'slug': 'neoforge', 'apiVersion': ''}
[2026, 9, 25, 18, 30, 41] ;;; curseforge; {'id': 10407, 'gameVersionTypeID': 75125, 'name': '1.20.4', 'slug': '1-20-4', 'apiVersion': None}
[2026, 9, 25, 18, 30, 41] ;;; curseforge; {'id': 10742, 'gameVersionTypeID': 1, 'name': '1.20.4', 'slug': '1-20-4', 'apiVersion': ''}
[2026, 9, 25, 18, 30, 41] ;;; curseforge; {'id': 10866, 'gameVersionTypeID': 615, 'name': '1.20.4', 'slug': '1-20-4', 'apiVersion': ''}
[2026, 9, 25, 18, 30, 41] ;;; curseforge; {'file': ('block_decay-neoforge-1.20.4_1.60.0.jar', <_io.BufferedReader name='.\\releases\\1.60.0\\block_decay-neoforge-1.20.4_1.60.0.jar'>, 'application/jar'), 'metadata': (None, '{"changelog": "", "displayName": "block_decay neoforge 1.20.4 1.60.0", "gameVersions": [9638, 9639, 10150, 10407], "gameVersionNames": ["Client", "Server", "NeoForge", "1.20.4"], "releaseType": "release", "relations": {"projects": [{"slug": "gstools", "projectID": 1404020, "type": "requiredDependency"}]}}', 'application/json')}
[2026, 9, 25, 18, 30, 43] ;;; curseforge; Mod file uploaded successfully! Response: {'id': 8975473}
[2026, 9, 25, 18, 30, 43] ;;; curseforge; Traceback (most recent call last):
  File "C:\Users\joshp\curseforge\minecraft\Instances\Alive Dev\saves\Desire Paths\datapacks_uncompiled\modules\curseforge.py", line 52, in getGameVersions
    _versionInfo[folderName][aLoader][mcVersion].remove(aVersion)
ValueError: list.remove(x): x not in list

[2026, 9, 25, 18, 30, 43] ;;; curseforge; Traceback (most recent call last):
  File "C:\Users\joshp\curseforge\minecraft\Instances\Alive Dev\saves\Desire Paths\datapacks_uncompiled\modules\curseforge.py", line 52, in getGameVersions
    _versionInfo[folderName][aLoader][mcVersion].remove(aVersion)
ValueError: list.remove(x): x not in list

[2026, 9, 25, 18, 30, 43] ;;; curseforge; Traceback (most recent call last):
  File "C:\Users\joshp\curseforge\minecraft\Instances\Alive Dev\saves\Desire Paths\datapacks_uncompiled\modules\curseforge.py", line 52, in getGameVersions
    _versionInfo[folderName][aLoader][mcVersion].remove(aVersion)
ValueError: list.remove(x): x not in list

[2026, 9, 25, 18, 30, 43] ;;; curseforge; Traceback (most recent call last):
  File "C:\Users\joshp\curseforge\minecraft\Instances\Alive Dev\saves\Desire Paths\datapacks_uncompiled\modules\curseforge.py", line 52, in getGameVersions
    _versionInfo[folderName][aLoader][mcVersion].remove(aVersion)
ValueError: list.remove(x): x not in list

[2026, 9, 25, 18, 30, 43] ;;; curseforge; Traceback (most recent call last):
  File "C:\Users\joshp\curseforge\minecraft\Instances\Alive Dev\saves\Desire Paths\datapacks_uncompiled\modules\curseforge.py", line 52, in getGameVersions
    _versionInfo[folderName][aLoader][mcVersion].remove(aVersion)
ValueError: list.remove(x): x not in list

[2026, 9, 25, 18, 30, 43] ;;; curseforge; Traceback (most recent call last):
  File "C:\Users\joshp\curseforge\minecraft\Instances\Alive Dev\saves\Desire Paths\datapacks_uncompiled\modules\curseforge.py", line 52, in getGameVersions
    _versionInfo[folderName][aLoader][mcVersion].remove(aVersion)
ValueError: list.remove(x): x not in list

[2026, 9, 25, 18, 30, 43] ;;; curseforge; {'id': 9638, 'gameVersionTypeID': 75208, 'name': 'Client', 'slug': 'client', 'apiVersion': ''}
[2026, 9, 25, 18, 30, 43] ;;; curseforge; {'id': 9639, 'gameVersionTypeID': 75208, 'name': 'Server', 'slug': 'server', 'apiVersion': ''}
[2026, 9, 25, 18, 30, 43] ;;; curseforge; {'id': 10150, 'gameVersionTypeID': 68441, 'name': 'NeoForge', 'slug': 'neoforge', 'apiVersion': ''}
[2026, 9, 25, 18, 30, 43] ;;; curseforge; {'id': 10407, 'gameVersionTypeID': 75125, 'name': '1.20.4', 'slug': '1-20-4', 'apiVersion': None}
[2026, 9, 25, 18, 30, 43] ;;; curseforge; {'id': 10742, 'gameVersionTypeID': 1, 'name': '1.20.4', 'slug': '1-20-4', 'apiVersion': ''}
[2026, 9, 25, 18, 30, 43] ;;; curseforge; {'id': 10866, 'gameVersionTypeID': 615, 'name': '1.20.4', 'slug': '1-20-4', 'apiVersion': ''}
[2026, 9, 25, 18, 30, 49] ;;; curseforge; Traceback (most recent call last):
  File "C:\Users\joshp\curseforge\minecraft\Instances\Alive Dev\saves\Desire Paths\datapacks_uncompiled\modules\curseforge.py", line 52, in getGameVersions
    _versionInfo[folderName][aLoader][mcVersion].remove(aVersion)
ValueError: list.remove(x): x not in list

[2026, 9, 25, 18, 30, 49] ;;; curseforge; Traceback (most recent call last):
  File "C:\Users\joshp\curseforge\minecraft\Instances\Alive Dev\saves\Desire Paths\datapacks_uncompiled\modules\curseforge.py", line 52, in getGameVersions
    _versionInfo[folderName][aLoader][mcVersion].remove(aVersion)
ValueError: list.remove(x): x not in list

[2026, 9, 25, 18, 30, 49] ;;; curseforge; Traceback (most recent call last):
  File "C:\Users\joshp\curseforge\minecraft\Instances\Alive Dev\saves\Desire Paths\datapacks_uncompiled\modules\curseforge.py", line 52, in getGameVersions
    _versionInfo[folderName][aLoader][mcVersion].remove(aVersion)
ValueError: list.remove(x): x not in list

[2026, 9, 25, 18, 30, 49] ;;; curseforge; Traceback (most recent call last):
  File "C:\Users\joshp\curseforge\minecraft\Instances\Alive Dev\saves\Desire Paths\datapacks_uncompiled\modules\curseforge.py", line 52, in getGameVersions
    _versionInfo[folderName][aLoader][mcVersion].remove(aVersion)
ValueError: list.remove(x): x not in list

[2026, 9, 25, 18, 30, 49] ;;; curseforge; Traceback (most recent call last):
  File "C:\Users\joshp\curseforge\minecraft\Instances\Alive Dev\saves\Desire Paths\datapacks_uncompiled\modules\curseforge.py", line 52, in getGameVersions
    _versionInfo[folderName][aLoader][mcVersion].remove(aVersion)
ValueError: list.remove(x): x not in list

[2026, 9, 25, 18, 30, 49] ;;; curseforge; Traceback (most recent call last):
  File "C:\Users\joshp\curseforge\minecraft\Instances\Alive Dev\saves\Desire Paths\datapacks_uncompiled\modules\curseforge.py", line 52, in getGameVersions
    _versionInfo[folderName][aLoader][mcVersion].remove(aVersion)
ValueError: list.remove(x): x not in list

[2026, 9, 25, 18, 30, 49] ;;; curseforge; {'id': 9638, 'gameVersionTypeID': 75208, 'name': 'Client', 'slug': 'client', 'apiVersion': ''}
[2026, 9, 25, 18, 30, 49] ;;; curseforge; {'id': 9639, 'gameVersionTypeID': 75208, 'name': 'Server', 'slug': 'server', 'apiVersion': ''}
[2026, 9, 25, 18, 30, 49] ;;; curseforge; {'id': 10150, 'gameVersionTypeID': 68441, 'name': 'NeoForge', 'slug': 'neoforge', 'apiVersion': ''}
[2026, 9, 25, 18, 30, 49] ;;; curseforge; {'id': 13964, 'gameVersionTypeID': 77784, 'name': '1.21.10', 'slug': '1-21-10', 'apiVersion': None}
[2026, 9, 25, 18, 30, 49] ;;; curseforge; {'id': 13966, 'gameVersionTypeID': 1, 'name': '1.21.10', 'slug': '1-21-10', 'apiVersion': ''}
[2026, 9, 25, 18, 30, 49] ;;; curseforge; {'id': 16126, 'gameVersionTypeID': 615, 'name': '1.21.10', 'slug': '1-21-10', 'apiVersion': ''}
[2026, 9, 25, 18, 30, 49] ;;; curseforge; {'file': ('block_decay-neoforge-1.21.10_1.60.0.jar', <_io.BufferedReader name='.\\releases\\1.60.0\\block_decay-neoforge-1.21.10_1.60.0.jar'>, 'application/jar'), 'metadata': (None, '{"changelog": "", "displayName": "block_decay neoforge 1.21.10 1.60.0", "gameVersions": [9638, 9639, 10150, 13964], "gameVersionNames": ["Client", "Server", "NeoForge", "1.21.10"], "releaseType": "release", "relations": {"projects": [{"slug": "gstools", "projectID": 1404020, "type": "requiredDependency"}]}}', 'application/json')}
[2026, 9, 25, 18, 30, 51] ;;; curseforge; Mod file uploaded successfully! Response: {'id': 8975475}
[2026, 9, 25, 18, 30, 52] ;;; curseforge; Traceback (most recent call last):
  File "C:\Users\joshp\curseforge\minecraft\Instances\Alive Dev\saves\Desire Paths\datapacks_uncompiled\modules\curseforge.py", line 52, in getGameVersions
    _versionInfo[folderName][aLoader][mcVersion].remove(aVersion)
ValueError: list.remove(x): x not in list

[2026, 9, 25, 18, 30, 52] ;;; curseforge; Traceback (most recent call last):
  File "C:\Users\joshp\curseforge\minecraft\Instances\Alive Dev\saves\Desire Paths\datapacks_uncompiled\modules\curseforge.py", line 52, in getGameVersions
    _versionInfo[folderName][aLoader][mcVersion].remove(aVersion)
ValueError: list.remove(x): x not in list

[2026, 9, 25, 18, 30, 52] ;;; curseforge; Traceback (most recent call last):
  File "C:\Users\joshp\curseforge\minecraft\Instances\Alive Dev\saves\Desire Paths\datapacks_uncompiled\modules\curseforge.py", line 52, in getGameVersions
    _versionInfo[folderName][aLoader][mcVersion].remove(aVersion)
ValueError: list.remove(x): x not in list

[2026, 9, 25, 18, 30, 52] ;;; curseforge; Traceback (most recent call last):
  File "C:\Users\joshp\curseforge\minecraft\Instances\Alive Dev\saves\Desire Paths\datapacks_uncompiled\modules\curseforge.py", line 52, in getGameVersions
    _versionInfo[folderName][aLoader][mcVersion].remove(aVersion)
ValueError: list.remove(x): x not in list

[2026, 9, 25, 18, 30, 52] ;;; curseforge; Traceback (most recent call last):
  File "C:\Users\joshp\curseforge\minecraft\Instances\Alive Dev\saves\Desire Paths\datapacks_uncompiled\modules\curseforge.py", line 52, in getGameVersions
    _versionInfo[folderName][aLoader][mcVersion].remove(aVersion)
ValueError: list.remove(x): x not in list

[2026, 9, 25, 18, 30, 52] ;;; curseforge; Traceback (most recent call last):
  File "C:\Users\joshp\curseforge\minecraft\Instances\Alive Dev\saves\Desire Paths\datapacks_uncompiled\modules\curseforge.py", line 52, in getGameVersions
    _versionInfo[folderName][aLoader][mcVersion].remove(aVersion)
ValueError: list.remove(x): x not in list

[2026, 9, 25, 18, 30, 52] ;;; curseforge; {'id': 9638, 'gameVersionTypeID': 75208, 'name': 'Client', 'slug': 'client', 'apiVersion': ''}
[2026, 9, 25, 18, 30, 52] ;;; curseforge; {'id': 9639, 'gameVersionTypeID': 75208, 'name': 'Server', 'slug': 'server', 'apiVersion': ''}
[2026, 9, 25, 18, 30, 52] ;;; curseforge; {'id': 10150, 'gameVersionTypeID': 68441, 'name': 'NeoForge', 'slug': 'neoforge', 'apiVersion': ''}
[2026, 9, 25, 18, 30, 52] ;;; curseforge; {'id': 13964, 'gameVersionTypeID': 77784, 'name': '1.21.10', 'slug': '1-21-10', 'apiVersion': None}
[2026, 9, 25, 18, 30, 52] ;;; curseforge; {'id': 13966, 'gameVersionTypeID': 1, 'name': '1.21.10', 'slug': '1-21-10', 'apiVersion': ''}
[2026, 9, 25, 18, 30, 52] ;;; curseforge; {'id': 16126, 'gameVersionTypeID': 615, 'name': '1.21.10', 'slug': '1-21-10', 'apiVersion': ''}
[2026, 9, 25, 18, 30, 56] ;;; curseforge; Traceback (most recent call last):
  File "C:\Users\joshp\curseforge\minecraft\Instances\Alive Dev\saves\Desire Paths\datapacks_uncompiled\modules\curseforge.py", line 52, in getGameVersions
    _versionInfo[folderName][aLoader][mcVersion].remove(aVersion)
ValueError: list.remove(x): x not in list

[2026, 9, 25, 18, 30, 56] ;;; curseforge; Traceback (most recent call last):
  File "C:\Users\joshp\curseforge\minecraft\Instances\Alive Dev\saves\Desire Paths\datapacks_uncompiled\modules\curseforge.py", line 52, in getGameVersions
    _versionInfo[folderName][aLoader][mcVersion].remove(aVersion)
ValueError: list.remove(x): x not in list

[2026, 9, 25, 18, 30, 56] ;;; curseforge; Traceback (most recent call last):
  File "C:\Users\joshp\curseforge\minecraft\Instances\Alive Dev\saves\Desire Paths\datapacks_uncompiled\modules\curseforge.py", line 52, in getGameVersions
    _versionInfo[folderName][aLoader][mcVersion].remove(aVersion)
ValueError: list.remove(x): x not in list

[2026, 9, 25, 18, 30, 56] ;;; curseforge; Traceback (most recent call last):
  File "C:\Users\joshp\curseforge\minecraft\Instances\Alive Dev\saves\Desire Paths\datapacks_uncompiled\modules\curseforge.py", line 52, in getGameVersions
    _versionInfo[folderName][aLoader][mcVersion].remove(aVersion)
ValueError: list.remove(x): x not in list

[2026, 9, 25, 18, 30, 56] ;;; curseforge; Traceback (most recent call last):
  File "C:\Users\joshp\curseforge\minecraft\Instances\Alive Dev\saves\Desire Paths\datapacks_uncompiled\modules\curseforge.py", line 52, in getGameVersions
    _versionInfo[folderName][aLoader][mcVersion].remove(aVersion)
ValueError: list.remove(x): x not in list

[2026, 9, 25, 18, 30, 56] ;;; curseforge; Traceback (most recent call last):
  File "C:\Users\joshp\curseforge\minecraft\Instances\Alive Dev\saves\Desire Paths\datapacks_uncompiled\modules\curseforge.py", line 52, in getGameVersions
    _versionInfo[folderName][aLoader][mcVersion].remove(aVersion)
ValueError: list.remove(x): x not in list

[2026, 9, 25, 18, 30, 56] ;;; curseforge; {'id': 9638, 'gameVersionTypeID': 75208, 'name': 'Client', 'slug': 'client', 'apiVersion': ''}
[2026, 9, 25, 18, 30, 56] ;;; curseforge; {'id': 9639, 'gameVersionTypeID': 75208, 'name': 'Server', 'slug': 'server', 'apiVersion': ''}
[2026, 9, 25, 18, 30, 56] ;;; curseforge; {'id': 10150, 'gameVersionTypeID': 68441, 'name': 'NeoForge', 'slug': 'neoforge', 'apiVersion': ''}
[2026, 9, 25, 18, 30, 56] ;;; curseforge; {'id': 14406, 'gameVersionTypeID': 77784, 'name': '1.21.11', 'slug': '1-21-11', 'apiVersion': None}
[2026, 9, 25, 18, 30, 56] ;;; curseforge; {'id': 14417, 'gameVersionTypeID': 1, 'name': '1.21.11', 'slug': '1-21-11', 'apiVersion': ''}
[2026, 9, 25, 18, 30, 56] ;;; curseforge; {'id': 16127, 'gameVersionTypeID': 615, 'name': '1.21.11', 'slug': '1-21-11', 'apiVersion': ''}
[2026, 9, 25, 18, 30, 56] ;;; curseforge; {'file': ('block_decay-neoforge-1.21.11_1.60.0.jar', <_io.BufferedReader name='.\\releases\\1.60.0\\block_decay-neoforge-1.21.11_1.60.0.jar'>, 'application/jar'), 'metadata': (None, '{"changelog": "", "displayName": "block_decay neoforge 1.21.11 1.60.0", "gameVersions": [9638, 9639, 10150, 14406], "gameVersionNames": ["Client", "Server", "NeoForge", "1.21.11"], "releaseType": "release", "relations": {"projects": [{"slug": "gstools", "projectID": 1404020, "type": "requiredDependency"}]}}', 'application/json')}
[2026, 9, 25, 18, 31, 5] ;;; curseforge; Mod file uploaded successfully! Response: {'id': 8975476}
[2026, 9, 25, 18, 31, 5] ;;; curseforge; Traceback (most recent call last):
  File "C:\Users\joshp\curseforge\minecraft\Instances\Alive Dev\saves\Desire Paths\datapacks_uncompiled\modules\curseforge.py", line 52, in getGameVersions
    _versionInfo[folderName][aLoader][mcVersion].remove(aVersion)
ValueError: list.remove(x): x not in list

[2026, 9, 25, 18, 31, 5] ;;; curseforge; Traceback (most recent call last):
  File "C:\Users\joshp\curseforge\minecraft\Instances\Alive Dev\saves\Desire Paths\datapacks_uncompiled\modules\curseforge.py", line 52, in getGameVersions
    _versionInfo[folderName][aLoader][mcVersion].remove(aVersion)
ValueError: list.remove(x): x not in list

[2026, 9, 25, 18, 31, 5] ;;; curseforge; Traceback (most recent call last):
  File "C:\Users\joshp\curseforge\minecraft\Instances\Alive Dev\saves\Desire Paths\datapacks_uncompiled\modules\curseforge.py", line 52, in getGameVersions
    _versionInfo[folderName][aLoader][mcVersion].remove(aVersion)
ValueError: list.remove(x): x not in list

[2026, 9, 25, 18, 31, 5] ;;; curseforge; Traceback (most recent call last):
  File "C:\Users\joshp\curseforge\minecraft\Instances\Alive Dev\saves\Desire Paths\datapacks_uncompiled\modules\curseforge.py", line 52, in getGameVersions
    _versionInfo[folderName][aLoader][mcVersion].remove(aVersion)
ValueError: list.remove(x): x not in list

[2026, 9, 25, 18, 31, 5] ;;; curseforge; Traceback (most recent call last):
  File "C:\Users\joshp\curseforge\minecraft\Instances\Alive Dev\saves\Desire Paths\datapacks_uncompiled\modules\curseforge.py", line 52, in getGameVersions
    _versionInfo[folderName][aLoader][mcVersion].remove(aVersion)
ValueError: list.remove(x): x not in list

[2026, 9, 25, 18, 31, 5] ;;; curseforge; Traceback (most recent call last):
  File "C:\Users\joshp\curseforge\minecraft\Instances\Alive Dev\saves\Desire Paths\datapacks_uncompiled\modules\curseforge.py", line 52, in getGameVersions
    _versionInfo[folderName][aLoader][mcVersion].remove(aVersion)
ValueError: list.remove(x): x not in list

[2026, 9, 25, 18, 31, 5] ;;; curseforge; {'id': 9638, 'gameVersionTypeID': 75208, 'name': 'Client', 'slug': 'client', 'apiVersion': ''}
[2026, 9, 25, 18, 31, 5] ;;; curseforge; {'id': 9639, 'gameVersionTypeID': 75208, 'name': 'Server', 'slug': 'server', 'apiVersion': ''}
[2026, 9, 25, 18, 31, 5] ;;; curseforge; {'id': 10150, 'gameVersionTypeID': 68441, 'name': 'NeoForge', 'slug': 'neoforge', 'apiVersion': ''}
[2026, 9, 25, 18, 31, 5] ;;; curseforge; {'id': 14406, 'gameVersionTypeID': 77784, 'name': '1.21.11', 'slug': '1-21-11', 'apiVersion': None}
[2026, 9, 25, 18, 31, 5] ;;; curseforge; {'id': 14417, 'gameVersionTypeID': 1, 'name': '1.21.11', 'slug': '1-21-11', 'apiVersion': ''}
[2026, 9, 25, 18, 31, 5] ;;; curseforge; {'id': 16127, 'gameVersionTypeID': 615, 'name': '1.21.11', 'slug': '1-21-11', 'apiVersion': ''}
[2026, 9, 25, 18, 31, 16] ;;; curseforge; Traceback (most recent call last):
  File "C:\Users\joshp\curseforge\minecraft\Instances\Alive Dev\saves\Desire Paths\datapacks_uncompiled\modules\curseforge.py", line 52, in getGameVersions
    _versionInfo[folderName][aLoader][mcVersion].remove(aVersion)
ValueError: list.remove(x): x not in list

[2026, 9, 25, 18, 31, 16] ;;; curseforge; Traceback (most recent call last):
  File "C:\Users\joshp\curseforge\minecraft\Instances\Alive Dev\saves\Desire Paths\datapacks_uncompiled\modules\curseforge.py", line 52, in getGameVersions
    _versionInfo[folderName][aLoader][mcVersion].remove(aVersion)
ValueError: list.remove(x): x not in list

[2026, 9, 25, 18, 31, 16] ;;; curseforge; Traceback (most recent call last):
  File "C:\Users\joshp\curseforge\minecraft\Instances\Alive Dev\saves\Desire Paths\datapacks_uncompiled\modules\curseforge.py", line 52, in getGameVersions
    _versionInfo[folderName][aLoader][mcVersion].remove(aVersion)
ValueError: list.remove(x): x not in list

[2026, 9, 25, 18, 31, 16] ;;; curseforge; Traceback (most recent call last):
  File "C:\Users\joshp\curseforge\minecraft\Instances\Alive Dev\saves\Desire Paths\datapacks_uncompiled\modules\curseforge.py", line 52, in getGameVersions
    _versionInfo[folderName][aLoader][mcVersion].remove(aVersion)
ValueError: list.remove(x): x not in list

[2026, 9, 25, 18, 31, 16] ;;; curseforge; Traceback (most recent call last):
  File "C:\Users\joshp\curseforge\minecraft\Instances\Alive Dev\saves\Desire Paths\datapacks_uncompiled\modules\curseforge.py", line 52, in getGameVersions
    _versionInfo[folderName][aLoader][mcVersion].remove(aVersion)
ValueError: list.remove(x): x not in list

[2026, 9, 25, 18, 31, 16] ;;; curseforge; Traceback (most recent call last):
  File "C:\Users\joshp\curseforge\minecraft\Instances\Alive Dev\saves\Desire Paths\datapacks_uncompiled\modules\curseforge.py", line 52, in getGameVersions
    _versionInfo[folderName][aLoader][mcVersion].remove(aVersion)
ValueError: list.remove(x): x not in list

[2026, 9, 25, 18, 31, 16] ;;; curseforge; {'id': 9638, 'gameVersionTypeID': 75208, 'name': 'Client', 'slug': 'client', 'apiVersion': ''}
[2026, 9, 25, 18, 31, 16] ;;; curseforge; {'id': 9639, 'gameVersionTypeID': 75208, 'name': 'Server', 'slug': 'server', 'apiVersion': ''}
[2026, 9, 25, 18, 31, 16] ;;; curseforge; {'id': 10150, 'gameVersionTypeID': 68441, 'name': 'NeoForge', 'slug': 'neoforge', 'apiVersion': ''}
[2026, 9, 25, 18, 31, 16] ;;; curseforge; {'id': 11779, 'gameVersionTypeID': 77784, 'name': '1.21.1', 'slug': '1-21-1', 'apiVersion': None}
[2026, 9, 25, 18, 31, 16] ;;; curseforge; {'id': 12735, 'gameVersionTypeID': 1, 'name': '1.21.1', 'slug': '1-21-1', 'apiVersion': ''}
[2026, 9, 25, 18, 31, 16] ;;; curseforge; {'id': 16115, 'gameVersionTypeID': 615, 'name': '1.21.1', 'slug': '1-21-1', 'apiVersion': ''}
[2026, 9, 25, 18, 31, 16] ;;; curseforge; {'file': ('block_decay-neoforge-1.21.1_1.60.0.jar', <_io.BufferedReader name='.\\releases\\1.60.0\\block_decay-neoforge-1.21.1_1.60.0.jar'>, 'application/jar'), 'metadata': (None, '{"changelog": "", "displayName": "block_decay neoforge 1.21.1 1.60.0", "gameVersions": [9638, 9639, 10150, 11779], "gameVersionNames": ["Client", "Server", "NeoForge", "1.21.1"], "releaseType": "release", "relations": {"projects": [{"slug": "gstools", "projectID": 1404020, "type": "requiredDependency"}]}}', 'application/json')}
[2026, 9, 25, 18, 31, 21] ;;; curseforge; Mod file uploaded successfully! Response: {'id': 8975479}
[2026, 9, 25, 18, 31, 22] ;;; curseforge; Traceback (most recent call last):
  File "C:\Users\joshp\curseforge\minecraft\Instances\Alive Dev\saves\Desire Paths\datapacks_uncompiled\modules\curseforge.py", line 52, in getGameVersions
    _versionInfo[folderName][aLoader][mcVersion].remove(aVersion)
ValueError: list.remove(x): x not in list

[2026, 9, 25, 18, 31, 22] ;;; curseforge; Traceback (most recent call last):
  File "C:\Users\joshp\curseforge\minecraft\Instances\Alive Dev\saves\Desire Paths\datapacks_uncompiled\modules\curseforge.py", line 52, in getGameVersions
    _versionInfo[folderName][aLoader][mcVersion].remove(aVersion)
ValueError: list.remove(x): x not in list

[2026, 9, 25, 18, 31, 22] ;;; curseforge; Traceback (most recent call last):
  File "C:\Users\joshp\curseforge\minecraft\Instances\Alive Dev\saves\Desire Paths\datapacks_uncompiled\modules\curseforge.py", line 52, in getGameVersions
    _versionInfo[folderName][aLoader][mcVersion].remove(aVersion)
ValueError: list.remove(x): x not in list

[2026, 9, 25, 18, 31, 22] ;;; curseforge; Traceback (most recent call last):
  File "C:\Users\joshp\curseforge\minecraft\Instances\Alive Dev\saves\Desire Paths\datapacks_uncompiled\modules\curseforge.py", line 52, in getGameVersions
    _versionInfo[folderName][aLoader][mcVersion].remove(aVersion)
ValueError: list.remove(x): x not in list

[2026, 9, 25, 18, 31, 22] ;;; curseforge; Traceback (most recent call last):
  File "C:\Users\joshp\curseforge\minecraft\Instances\Alive Dev\saves\Desire Paths\datapacks_uncompiled\modules\curseforge.py", line 52, in getGameVersions
    _versionInfo[folderName][aLoader][mcVersion].remove(aVersion)
ValueError: list.remove(x): x not in list

[2026, 9, 25, 18, 31, 22] ;;; curseforge; Traceback (most recent call last):
  File "C:\Users\joshp\curseforge\minecraft\Instances\Alive Dev\saves\Desire Paths\datapacks_uncompiled\modules\curseforge.py", line 52, in getGameVersions
    _versionInfo[folderName][aLoader][mcVersion].remove(aVersion)
ValueError: list.remove(x): x not in list

[2026, 9, 25, 18, 31, 22] ;;; curseforge; {'id': 9638, 'gameVersionTypeID': 75208, 'name': 'Client', 'slug': 'client', 'apiVersion': ''}
[2026, 9, 25, 18, 31, 22] ;;; curseforge; {'id': 9639, 'gameVersionTypeID': 75208, 'name': 'Server', 'slug': 'server', 'apiVersion': ''}
[2026, 9, 25, 18, 31, 22] ;;; curseforge; {'id': 10150, 'gameVersionTypeID': 68441, 'name': 'NeoForge', 'slug': 'neoforge', 'apiVersion': ''}
[2026, 9, 25, 18, 31, 22] ;;; curseforge; {'id': 11779, 'gameVersionTypeID': 77784, 'name': '1.21.1', 'slug': '1-21-1', 'apiVersion': None}
[2026, 9, 25, 18, 31, 22] ;;; curseforge; {'id': 12735, 'gameVersionTypeID': 1, 'name': '1.21.1', 'slug': '1-21-1', 'apiVersion': ''}
[2026, 9, 25, 18, 31, 22] ;;; curseforge; {'id': 16115, 'gameVersionTypeID': 615, 'name': '1.21.1', 'slug': '1-21-1', 'apiVersion': ''}
[2026, 9, 25, 18, 31, 27] ;;; curseforge; Traceback (most recent call last):
  File "C:\Users\joshp\curseforge\minecraft\Instances\Alive Dev\saves\Desire Paths\datapacks_uncompiled\modules\curseforge.py", line 52, in getGameVersions
    _versionInfo[folderName][aLoader][mcVersion].remove(aVersion)
ValueError: list.remove(x): x not in list

[2026, 9, 25, 18, 31, 27] ;;; curseforge; Traceback (most recent call last):
  File "C:\Users\joshp\curseforge\minecraft\Instances\Alive Dev\saves\Desire Paths\datapacks_uncompiled\modules\curseforge.py", line 52, in getGameVersions
    _versionInfo[folderName][aLoader][mcVersion].remove(aVersion)
ValueError: list.remove(x): x not in list

[2026, 9, 25, 18, 31, 27] ;;; curseforge; Traceback (most recent call last):
  File "C:\Users\joshp\curseforge\minecraft\Instances\Alive Dev\saves\Desire Paths\datapacks_uncompiled\modules\curseforge.py", line 52, in getGameVersions
    _versionInfo[folderName][aLoader][mcVersion].remove(aVersion)
ValueError: list.remove(x): x not in list

[2026, 9, 25, 18, 31, 27] ;;; curseforge; Traceback (most recent call last):
  File "C:\Users\joshp\curseforge\minecraft\Instances\Alive Dev\saves\Desire Paths\datapacks_uncompiled\modules\curseforge.py", line 52, in getGameVersions
    _versionInfo[folderName][aLoader][mcVersion].remove(aVersion)
ValueError: list.remove(x): x not in list

[2026, 9, 25, 18, 31, 27] ;;; curseforge; Traceback (most recent call last):
  File "C:\Users\joshp\curseforge\minecraft\Instances\Alive Dev\saves\Desire Paths\datapacks_uncompiled\modules\curseforge.py", line 52, in getGameVersions
    _versionInfo[folderName][aLoader][mcVersion].remove(aVersion)
ValueError: list.remove(x): x not in list

[2026, 9, 25, 18, 31, 27] ;;; curseforge; Traceback (most recent call last):
  File "C:\Users\joshp\curseforge\minecraft\Instances\Alive Dev\saves\Desire Paths\datapacks_uncompiled\modules\curseforge.py", line 52, in getGameVersions
    _versionInfo[folderName][aLoader][mcVersion].remove(aVersion)
ValueError: list.remove(x): x not in list

[2026, 9, 25, 18, 31, 27] ;;; curseforge; {'id': 9638, 'gameVersionTypeID': 75208, 'name': 'Client', 'slug': 'client', 'apiVersion': ''}
[2026, 9, 25, 18, 31, 27] ;;; curseforge; {'id': 9639, 'gameVersionTypeID': 75208, 'name': 'Server', 'slug': 'server', 'apiVersion': ''}
[2026, 9, 25, 18, 31, 27] ;;; curseforge; {'id': 10150, 'gameVersionTypeID': 68441, 'name': 'NeoForge', 'slug': 'neoforge', 'apiVersion': ''}
[2026, 9, 25, 18, 31, 27] ;;; curseforge; {'id': 12079, 'gameVersionTypeID': 77784, 'name': '1.21.2', 'slug': '1-21-2', 'apiVersion': ''}
[2026, 9, 25, 18, 31, 27] ;;; curseforge; {'id': 12736, 'gameVersionTypeID': 1, 'name': '1.21.2', 'slug': '1-21-2', 'apiVersion': ''}
[2026, 9, 25, 18, 31, 27] ;;; curseforge; {'id': 16116, 'gameVersionTypeID': 615, 'name': '1.21.2', 'slug': '1-21-2', 'apiVersion': ''}
[2026, 9, 25, 18, 31, 27] ;;; curseforge; {'id': 9638, 'gameVersionTypeID': 75208, 'name': 'Client', 'slug': 'client', 'apiVersion': ''}
[2026, 9, 25, 18, 31, 27] ;;; curseforge; {'id': 9639, 'gameVersionTypeID': 75208, 'name': 'Server', 'slug': 'server', 'apiVersion': ''}
[2026, 9, 25, 18, 31, 27] ;;; curseforge; {'id': 10150, 'gameVersionTypeID': 68441, 'name': 'NeoForge', 'slug': 'neoforge', 'apiVersion': ''}
[2026, 9, 25, 18, 31, 27] ;;; curseforge; {'id': 12084, 'gameVersionTypeID': 77784, 'name': '1.21.3', 'slug': '1-21-3', 'apiVersion': None}
[2026, 9, 25, 18, 31, 27] ;;; curseforge; {'id': 12737, 'gameVersionTypeID': 1, 'name': '1.21.3', 'slug': '1-21-3', 'apiVersion': ''}
[2026, 9, 25, 18, 31, 27] ;;; curseforge; {'id': 16117, 'gameVersionTypeID': 615, 'name': '1.21.3', 'slug': '1-21-3', 'apiVersion': ''}
[2026, 9, 25, 18, 31, 27] ;;; curseforge; {'file': ('block_decay-neoforge-1.21.2_1.60.0.jar', <_io.BufferedReader name='.\\releases\\1.60.0\\block_decay-neoforge-1.21.2_1.60.0.jar'>, 'application/jar'), 'metadata': (None, '{"changelog": "", "displayName": "block_decay neoforge 1.21.2 1.60.0", "gameVersions": [9638, 9639, 10150, 12079, 12084], "gameVersionNames": ["Client", "Server", "NeoForge", "1.21.2", "1.21.3"], "releaseType": "release", "relations": {"projects": [{"slug": "gstools", "projectID": 1404020, "type": "requiredDependency"}]}}', 'application/json')}
[2026, 9, 25, 18, 31, 30] ;;; curseforge; Mod file uploaded successfully! Response: {'id': 8975482}
[2026, 9, 25, 18, 31, 30] ;;; curseforge; Traceback (most recent call last):
  File "C:\Users\joshp\curseforge\minecraft\Instances\Alive Dev\saves\Desire Paths\datapacks_uncompiled\modules\curseforge.py", line 52, in getGameVersions
    _versionInfo[folderName][aLoader][mcVersion].remove(aVersion)
ValueError: list.remove(x): x not in list

[2026, 9, 25, 18, 31, 30] ;;; curseforge; Traceback (most recent call last):
  File "C:\Users\joshp\curseforge\minecraft\Instances\Alive Dev\saves\Desire Paths\datapacks_uncompiled\modules\curseforge.py", line 52, in getGameVersions
    _versionInfo[folderName][aLoader][mcVersion].remove(aVersion)
ValueError: list.remove(x): x not in list

[2026, 9, 25, 18, 31, 30] ;;; curseforge; Traceback (most recent call last):
  File "C:\Users\joshp\curseforge\minecraft\Instances\Alive Dev\saves\Desire Paths\datapacks_uncompiled\modules\curseforge.py", line 52, in getGameVersions
    _versionInfo[folderName][aLoader][mcVersion].remove(aVersion)
ValueError: list.remove(x): x not in list

[2026, 9, 25, 18, 31, 30] ;;; curseforge; Traceback (most recent call last):
  File "C:\Users\joshp\curseforge\minecraft\Instances\Alive Dev\saves\Desire Paths\datapacks_uncompiled\modules\curseforge.py", line 52, in getGameVersions
    _versionInfo[folderName][aLoader][mcVersion].remove(aVersion)
ValueError: list.remove(x): x not in list

[2026, 9, 25, 18, 31, 30] ;;; curseforge; Traceback (most recent call last):
  File "C:\Users\joshp\curseforge\minecraft\Instances\Alive Dev\saves\Desire Paths\datapacks_uncompiled\modules\curseforge.py", line 52, in getGameVersions
    _versionInfo[folderName][aLoader][mcVersion].remove(aVersion)
ValueError: list.remove(x): x not in list

[2026, 9, 25, 18, 31, 30] ;;; curseforge; Traceback (most recent call last):
  File "C:\Users\joshp\curseforge\minecraft\Instances\Alive Dev\saves\Desire Paths\datapacks_uncompiled\modules\curseforge.py", line 52, in getGameVersions
    _versionInfo[folderName][aLoader][mcVersion].remove(aVersion)
ValueError: list.remove(x): x not in list

[2026, 9, 25, 18, 31, 30] ;;; curseforge; {'id': 9638, 'gameVersionTypeID': 75208, 'name': 'Client', 'slug': 'client', 'apiVersion': ''}
[2026, 9, 25, 18, 31, 30] ;;; curseforge; {'id': 9639, 'gameVersionTypeID': 75208, 'name': 'Server', 'slug': 'server', 'apiVersion': ''}
[2026, 9, 25, 18, 31, 30] ;;; curseforge; {'id': 10150, 'gameVersionTypeID': 68441, 'name': 'NeoForge', 'slug': 'neoforge', 'apiVersion': ''}
[2026, 9, 25, 18, 31, 30] ;;; curseforge; {'id': 12079, 'gameVersionTypeID': 77784, 'name': '1.21.2', 'slug': '1-21-2', 'apiVersion': ''}
[2026, 9, 25, 18, 31, 30] ;;; curseforge; {'id': 12736, 'gameVersionTypeID': 1, 'name': '1.21.2', 'slug': '1-21-2', 'apiVersion': ''}
[2026, 9, 25, 18, 31, 30] ;;; curseforge; {'id': 16116, 'gameVersionTypeID': 615, 'name': '1.21.2', 'slug': '1-21-2', 'apiVersion': ''}
[2026, 9, 25, 18, 31, 30] ;;; curseforge; {'id': 9638, 'gameVersionTypeID': 75208, 'name': 'Client', 'slug': 'client', 'apiVersion': ''}
[2026, 9, 25, 18, 31, 30] ;;; curseforge; {'id': 9639, 'gameVersionTypeID': 75208, 'name': 'Server', 'slug': 'server', 'apiVersion': ''}
[2026, 9, 25, 18, 31, 30] ;;; curseforge; {'id': 10150, 'gameVersionTypeID': 68441, 'name': 'NeoForge', 'slug': 'neoforge', 'apiVersion': ''}
[2026, 9, 25, 18, 31, 30] ;;; curseforge; {'id': 12084, 'gameVersionTypeID': 77784, 'name': '1.21.3', 'slug': '1-21-3', 'apiVersion': None}
[2026, 9, 25, 18, 31, 30] ;;; curseforge; {'id': 12737, 'gameVersionTypeID': 1, 'name': '1.21.3', 'slug': '1-21-3', 'apiVersion': ''}
[2026, 9, 25, 18, 31, 30] ;;; curseforge; {'id': 16117, 'gameVersionTypeID': 615, 'name': '1.21.3', 'slug': '1-21-3', 'apiVersion': ''}
[2026, 9, 25, 18, 31, 37] ;;; curseforge; Traceback (most recent call last):
  File "C:\Users\joshp\curseforge\minecraft\Instances\Alive Dev\saves\Desire Paths\datapacks_uncompiled\modules\curseforge.py", line 52, in getGameVersions
    _versionInfo[folderName][aLoader][mcVersion].remove(aVersion)
ValueError: list.remove(x): x not in list

[2026, 9, 25, 18, 31, 37] ;;; curseforge; Traceback (most recent call last):
  File "C:\Users\joshp\curseforge\minecraft\Instances\Alive Dev\saves\Desire Paths\datapacks_uncompiled\modules\curseforge.py", line 52, in getGameVersions
    _versionInfo[folderName][aLoader][mcVersion].remove(aVersion)
ValueError: list.remove(x): x not in list

[2026, 9, 25, 18, 31, 37] ;;; curseforge; Traceback (most recent call last):
  File "C:\Users\joshp\curseforge\minecraft\Instances\Alive Dev\saves\Desire Paths\datapacks_uncompiled\modules\curseforge.py", line 52, in getGameVersions
    _versionInfo[folderName][aLoader][mcVersion].remove(aVersion)
ValueError: list.remove(x): x not in list

[2026, 9, 25, 18, 31, 37] ;;; curseforge; Traceback (most recent call last):
  File "C:\Users\joshp\curseforge\minecraft\Instances\Alive Dev\saves\Desire Paths\datapacks_uncompiled\modules\curseforge.py", line 52, in getGameVersions
    _versionInfo[folderName][aLoader][mcVersion].remove(aVersion)
ValueError: list.remove(x): x not in list

[2026, 9, 25, 18, 31, 37] ;;; curseforge; Traceback (most recent call last):
  File "C:\Users\joshp\curseforge\minecraft\Instances\Alive Dev\saves\Desire Paths\datapacks_uncompiled\modules\curseforge.py", line 52, in getGameVersions
    _versionInfo[folderName][aLoader][mcVersion].remove(aVersion)
ValueError: list.remove(x): x not in list

[2026, 9, 25, 18, 31, 37] ;;; curseforge; Traceback (most recent call last):
  File "C:\Users\joshp\curseforge\minecraft\Instances\Alive Dev\saves\Desire Paths\datapacks_uncompiled\modules\curseforge.py", line 52, in getGameVersions
    _versionInfo[folderName][aLoader][mcVersion].remove(aVersion)
ValueError: list.remove(x): x not in list

[2026, 9, 25, 18, 31, 37] ;;; curseforge; {'id': 9638, 'gameVersionTypeID': 75208, 'name': 'Client', 'slug': 'client', 'apiVersion': ''}
[2026, 9, 25, 18, 31, 37] ;;; curseforge; {'id': 9639, 'gameVersionTypeID': 75208, 'name': 'Server', 'slug': 'server', 'apiVersion': ''}
[2026, 9, 25, 18, 31, 37] ;;; curseforge; {'id': 10150, 'gameVersionTypeID': 68441, 'name': 'NeoForge', 'slug': 'neoforge', 'apiVersion': ''}
[2026, 9, 25, 18, 31, 37] ;;; curseforge; {'id': 12281, 'gameVersionTypeID': 77784, 'name': '1.21.4', 'slug': '1-21-4', 'apiVersion': None}
[2026, 9, 25, 18, 31, 37] ;;; curseforge; {'id': 12738, 'gameVersionTypeID': 1, 'name': '1.21.4', 'slug': '1-21-4', 'apiVersion': ''}
[2026, 9, 25, 18, 31, 37] ;;; curseforge; {'id': 16118, 'gameVersionTypeID': 615, 'name': '1.21.4', 'slug': '1-21-4', 'apiVersion': ''}
[2026, 9, 25, 18, 31, 37] ;;; curseforge; {'file': ('block_decay-neoforge-1.21.4_1.60.0.jar', <_io.BufferedReader name='.\\releases\\1.60.0\\block_decay-neoforge-1.21.4_1.60.0.jar'>, 'application/jar'), 'metadata': (None, '{"changelog": "", "displayName": "block_decay neoforge 1.21.4 1.60.0", "gameVersions": [9638, 9639, 10150, 12281], "gameVersionNames": ["Client", "Server", "NeoForge", "1.21.4"], "releaseType": "release", "relations": {"projects": [{"slug": "gstools", "projectID": 1404020, "type": "requiredDependency"}]}}', 'application/json')}
[2026, 9, 25, 18, 31, 39] ;;; curseforge; Mod file uploaded successfully! Response: {'id': 8975483}
[2026, 9, 25, 18, 31, 40] ;;; curseforge; Traceback (most recent call last):
  File "C:\Users\joshp\curseforge\minecraft\Instances\Alive Dev\saves\Desire Paths\datapacks_uncompiled\modules\curseforge.py", line 52, in getGameVersions
    _versionInfo[folderName][aLoader][mcVersion].remove(aVersion)
ValueError: list.remove(x): x not in list

[2026, 9, 25, 18, 31, 40] ;;; curseforge; Traceback (most recent call last):
  File "C:\Users\joshp\curseforge\minecraft\Instances\Alive Dev\saves\Desire Paths\datapacks_uncompiled\modules\curseforge.py", line 52, in getGameVersions
    _versionInfo[folderName][aLoader][mcVersion].remove(aVersion)
ValueError: list.remove(x): x not in list

[2026, 9, 25, 18, 31, 40] ;;; curseforge; Traceback (most recent call last):
  File "C:\Users\joshp\curseforge\minecraft\Instances\Alive Dev\saves\Desire Paths\datapacks_uncompiled\modules\curseforge.py", line 52, in getGameVersions
    _versionInfo[folderName][aLoader][mcVersion].remove(aVersion)
ValueError: list.remove(x): x not in list

[2026, 9, 25, 18, 31, 40] ;;; curseforge; Traceback (most recent call last):
  File "C:\Users\joshp\curseforge\minecraft\Instances\Alive Dev\saves\Desire Paths\datapacks_uncompiled\modules\curseforge.py", line 52, in getGameVersions
    _versionInfo[folderName][aLoader][mcVersion].remove(aVersion)
ValueError: list.remove(x): x not in list

[2026, 9, 25, 18, 31, 40] ;;; curseforge; Traceback (most recent call last):
  File "C:\Users\joshp\curseforge\minecraft\Instances\Alive Dev\saves\Desire Paths\datapacks_uncompiled\modules\curseforge.py", line 52, in getGameVersions
    _versionInfo[folderName][aLoader][mcVersion].remove(aVersion)
ValueError: list.remove(x): x not in list

[2026, 9, 25, 18, 31, 40] ;;; curseforge; Traceback (most recent call last):
  File "C:\Users\joshp\curseforge\minecraft\Instances\Alive Dev\saves\Desire Paths\datapacks_uncompiled\modules\curseforge.py", line 52, in getGameVersions
    _versionInfo[folderName][aLoader][mcVersion].remove(aVersion)
ValueError: list.remove(x): x not in list

[2026, 9, 25, 18, 31, 40] ;;; curseforge; {'id': 9638, 'gameVersionTypeID': 75208, 'name': 'Client', 'slug': 'client', 'apiVersion': ''}
[2026, 9, 25, 18, 31, 40] ;;; curseforge; {'id': 9639, 'gameVersionTypeID': 75208, 'name': 'Server', 'slug': 'server', 'apiVersion': ''}
[2026, 9, 25, 18, 31, 40] ;;; curseforge; {'id': 10150, 'gameVersionTypeID': 68441, 'name': 'NeoForge', 'slug': 'neoforge', 'apiVersion': ''}
[2026, 9, 25, 18, 31, 40] ;;; curseforge; {'id': 12281, 'gameVersionTypeID': 77784, 'name': '1.21.4', 'slug': '1-21-4', 'apiVersion': None}
[2026, 9, 25, 18, 31, 40] ;;; curseforge; {'id': 12738, 'gameVersionTypeID': 1, 'name': '1.21.4', 'slug': '1-21-4', 'apiVersion': ''}
[2026, 9, 25, 18, 31, 40] ;;; curseforge; {'id': 16118, 'gameVersionTypeID': 615, 'name': '1.21.4', 'slug': '1-21-4', 'apiVersion': ''}
[2026, 9, 25, 18, 31, 45] ;;; curseforge; Traceback (most recent call last):
  File "C:\Users\joshp\curseforge\minecraft\Instances\Alive Dev\saves\Desire Paths\datapacks_uncompiled\modules\curseforge.py", line 52, in getGameVersions
    _versionInfo[folderName][aLoader][mcVersion].remove(aVersion)
ValueError: list.remove(x): x not in list

[2026, 9, 25, 18, 31, 45] ;;; curseforge; Traceback (most recent call last):
  File "C:\Users\joshp\curseforge\minecraft\Instances\Alive Dev\saves\Desire Paths\datapacks_uncompiled\modules\curseforge.py", line 52, in getGameVersions
    _versionInfo[folderName][aLoader][mcVersion].remove(aVersion)
ValueError: list.remove(x): x not in list

[2026, 9, 25, 18, 31, 45] ;;; curseforge; Traceback (most recent call last):
  File "C:\Users\joshp\curseforge\minecraft\Instances\Alive Dev\saves\Desire Paths\datapacks_uncompiled\modules\curseforge.py", line 52, in getGameVersions
    _versionInfo[folderName][aLoader][mcVersion].remove(aVersion)
ValueError: list.remove(x): x not in list

[2026, 9, 25, 18, 31, 45] ;;; curseforge; Traceback (most recent call last):
  File "C:\Users\joshp\curseforge\minecraft\Instances\Alive Dev\saves\Desire Paths\datapacks_uncompiled\modules\curseforge.py", line 52, in getGameVersions
    _versionInfo[folderName][aLoader][mcVersion].remove(aVersion)
ValueError: list.remove(x): x not in list

[2026, 9, 25, 18, 31, 45] ;;; curseforge; Traceback (most recent call last):
  File "C:\Users\joshp\curseforge\minecraft\Instances\Alive Dev\saves\Desire Paths\datapacks_uncompiled\modules\curseforge.py", line 52, in getGameVersions
    _versionInfo[folderName][aLoader][mcVersion].remove(aVersion)
ValueError: list.remove(x): x not in list

[2026, 9, 25, 18, 31, 45] ;;; curseforge; Traceback (most recent call last):
  File "C:\Users\joshp\curseforge\minecraft\Instances\Alive Dev\saves\Desire Paths\datapacks_uncompiled\modules\curseforge.py", line 52, in getGameVersions
    _versionInfo[folderName][aLoader][mcVersion].remove(aVersion)
ValueError: list.remove(x): x not in list

[2026, 9, 25, 18, 31, 45] ;;; curseforge; {'id': 9638, 'gameVersionTypeID': 75208, 'name': 'Client', 'slug': 'client', 'apiVersion': ''}
[2026, 9, 25, 18, 31, 45] ;;; curseforge; {'id': 9639, 'gameVersionTypeID': 75208, 'name': 'Server', 'slug': 'server', 'apiVersion': ''}
[2026, 9, 25, 18, 31, 45] ;;; curseforge; {'id': 10150, 'gameVersionTypeID': 68441, 'name': 'NeoForge', 'slug': 'neoforge', 'apiVersion': ''}
[2026, 9, 25, 18, 31, 45] ;;; curseforge; {'id': 12934, 'gameVersionTypeID': 77784, 'name': '1.21.5', 'slug': '1-21-5', 'apiVersion': None}
[2026, 9, 25, 18, 31, 45] ;;; curseforge; {'id': 12988, 'gameVersionTypeID': 1, 'name': '1.21.5', 'slug': '1-21-5', 'apiVersion': ''}
[2026, 9, 25, 18, 31, 45] ;;; curseforge; {'id': 16119, 'gameVersionTypeID': 615, 'name': '1.21.5', 'slug': '1-21-5', 'apiVersion': ''}
[2026, 9, 25, 18, 31, 45] ;;; curseforge; {'id': 9638, 'gameVersionTypeID': 75208, 'name': 'Client', 'slug': 'client', 'apiVersion': ''}
[2026, 9, 25, 18, 31, 45] ;;; curseforge; {'id': 9639, 'gameVersionTypeID': 75208, 'name': 'Server', 'slug': 'server', 'apiVersion': ''}
[2026, 9, 25, 18, 31, 45] ;;; curseforge; {'id': 10150, 'gameVersionTypeID': 68441, 'name': 'NeoForge', 'slug': 'neoforge', 'apiVersion': ''}
[2026, 9, 25, 18, 31, 45] ;;; curseforge; {'id': 13506, 'gameVersionTypeID': 77784, 'name': '1.21.7', 'slug': '1-21-7', 'apiVersion': None}
[2026, 9, 25, 18, 31, 45] ;;; curseforge; {'id': 13574, 'gameVersionTypeID': 1, 'name': '1.21.7', 'slug': '1-21-7', 'apiVersion': ''}
[2026, 9, 25, 18, 31, 45] ;;; curseforge; {'id': 16121, 'gameVersionTypeID': 615, 'name': '1.21.7', 'slug': '1-21-7', 'apiVersion': ''}
[2026, 9, 25, 18, 31, 45] ;;; curseforge; {'file': ('block_decay-neoforge-1.21.5_1.60.0.jar', <_io.BufferedReader name='.\\releases\\1.60.0\\block_decay-neoforge-1.21.5_1.60.0.jar'>, 'application/jar'), 'metadata': (None, '{"changelog": "", "displayName": "block_decay neoforge 1.21.5 1.60.0", "gameVersions": [9638, 9639, 10150, 12934, 13506], "gameVersionNames": ["Client", "Server", "NeoForge", "1.21.5", "1.21.7"], "releaseType": "release", "relations": {"projects": [{"slug": "gstools", "projectID": 1404020, "type": "requiredDependency"}]}}', 'application/json')}
[2026, 9, 25, 18, 31, 47] ;;; curseforge; Mod file uploaded successfully! Response: {'id': 8975484}
[2026, 9, 25, 18, 31, 48] ;;; curseforge; Traceback (most recent call last):
  File "C:\Users\joshp\curseforge\minecraft\Instances\Alive Dev\saves\Desire Paths\datapacks_uncompiled\modules\curseforge.py", line 52, in getGameVersions
    _versionInfo[folderName][aLoader][mcVersion].remove(aVersion)
ValueError: list.remove(x): x not in list

[2026, 9, 25, 18, 31, 48] ;;; curseforge; Traceback (most recent call last):
  File "C:\Users\joshp\curseforge\minecraft\Instances\Alive Dev\saves\Desire Paths\datapacks_uncompiled\modules\curseforge.py", line 52, in getGameVersions
    _versionInfo[folderName][aLoader][mcVersion].remove(aVersion)
ValueError: list.remove(x): x not in list

[2026, 9, 25, 18, 31, 48] ;;; curseforge; Traceback (most recent call last):
  File "C:\Users\joshp\curseforge\minecraft\Instances\Alive Dev\saves\Desire Paths\datapacks_uncompiled\modules\curseforge.py", line 52, in getGameVersions
    _versionInfo[folderName][aLoader][mcVersion].remove(aVersion)
ValueError: list.remove(x): x not in list

[2026, 9, 25, 18, 31, 48] ;;; curseforge; Traceback (most recent call last):
  File "C:\Users\joshp\curseforge\minecraft\Instances\Alive Dev\saves\Desire Paths\datapacks_uncompiled\modules\curseforge.py", line 52, in getGameVersions
    _versionInfo[folderName][aLoader][mcVersion].remove(aVersion)
ValueError: list.remove(x): x not in list

[2026, 9, 25, 18, 31, 48] ;;; curseforge; Traceback (most recent call last):
  File "C:\Users\joshp\curseforge\minecraft\Instances\Alive Dev\saves\Desire Paths\datapacks_uncompiled\modules\curseforge.py", line 52, in getGameVersions
    _versionInfo[folderName][aLoader][mcVersion].remove(aVersion)
ValueError: list.remove(x): x not in list

[2026, 9, 25, 18, 31, 48] ;;; curseforge; Traceback (most recent call last):
  File "C:\Users\joshp\curseforge\minecraft\Instances\Alive Dev\saves\Desire Paths\datapacks_uncompiled\modules\curseforge.py", line 52, in getGameVersions
    _versionInfo[folderName][aLoader][mcVersion].remove(aVersion)
ValueError: list.remove(x): x not in list

[2026, 9, 25, 18, 31, 48] ;;; curseforge; {'id': 9638, 'gameVersionTypeID': 75208, 'name': 'Client', 'slug': 'client', 'apiVersion': ''}
[2026, 9, 25, 18, 31, 48] ;;; curseforge; {'id': 9639, 'gameVersionTypeID': 75208, 'name': 'Server', 'slug': 'server', 'apiVersion': ''}
[2026, 9, 25, 18, 31, 48] ;;; curseforge; {'id': 10150, 'gameVersionTypeID': 68441, 'name': 'NeoForge', 'slug': 'neoforge', 'apiVersion': ''}
[2026, 9, 25, 18, 31, 48] ;;; curseforge; {'id': 12934, 'gameVersionTypeID': 77784, 'name': '1.21.5', 'slug': '1-21-5', 'apiVersion': None}
[2026, 9, 25, 18, 31, 48] ;;; curseforge; {'id': 12988, 'gameVersionTypeID': 1, 'name': '1.21.5', 'slug': '1-21-5', 'apiVersion': ''}
[2026, 9, 25, 18, 31, 48] ;;; curseforge; {'id': 16119, 'gameVersionTypeID': 615, 'name': '1.21.5', 'slug': '1-21-5', 'apiVersion': ''}
[2026, 9, 25, 18, 31, 48] ;;; curseforge; {'id': 9638, 'gameVersionTypeID': 75208, 'name': 'Client', 'slug': 'client', 'apiVersion': ''}
[2026, 9, 25, 18, 31, 48] ;;; curseforge; {'id': 9639, 'gameVersionTypeID': 75208, 'name': 'Server', 'slug': 'server', 'apiVersion': ''}
[2026, 9, 25, 18, 31, 48] ;;; curseforge; {'id': 10150, 'gameVersionTypeID': 68441, 'name': 'NeoForge', 'slug': 'neoforge', 'apiVersion': ''}
[2026, 9, 25, 18, 31, 48] ;;; curseforge; {'id': 13506, 'gameVersionTypeID': 77784, 'name': '1.21.7', 'slug': '1-21-7', 'apiVersion': None}
[2026, 9, 25, 18, 31, 48] ;;; curseforge; {'id': 13574, 'gameVersionTypeID': 1, 'name': '1.21.7', 'slug': '1-21-7', 'apiVersion': ''}
[2026, 9, 25, 18, 31, 48] ;;; curseforge; {'id': 16121, 'gameVersionTypeID': 615, 'name': '1.21.7', 'slug': '1-21-7', 'apiVersion': ''}
[2026, 9, 25, 18, 31, 54] ;;; curseforge; Traceback (most recent call last):
  File "C:\Users\joshp\curseforge\minecraft\Instances\Alive Dev\saves\Desire Paths\datapacks_uncompiled\modules\curseforge.py", line 52, in getGameVersions
    _versionInfo[folderName][aLoader][mcVersion].remove(aVersion)
ValueError: list.remove(x): x not in list

[2026, 9, 25, 18, 31, 54] ;;; curseforge; Traceback (most recent call last):
  File "C:\Users\joshp\curseforge\minecraft\Instances\Alive Dev\saves\Desire Paths\datapacks_uncompiled\modules\curseforge.py", line 52, in getGameVersions
    _versionInfo[folderName][aLoader][mcVersion].remove(aVersion)
ValueError: list.remove(x): x not in list

[2026, 9, 25, 18, 31, 54] ;;; curseforge; Traceback (most recent call last):
  File "C:\Users\joshp\curseforge\minecraft\Instances\Alive Dev\saves\Desire Paths\datapacks_uncompiled\modules\curseforge.py", line 52, in getGameVersions
    _versionInfo[folderName][aLoader][mcVersion].remove(aVersion)
ValueError: list.remove(x): x not in list

[2026, 9, 25, 18, 31, 54] ;;; curseforge; Traceback (most recent call last):
  File "C:\Users\joshp\curseforge\minecraft\Instances\Alive Dev\saves\Desire Paths\datapacks_uncompiled\modules\curseforge.py", line 52, in getGameVersions
    _versionInfo[folderName][aLoader][mcVersion].remove(aVersion)
ValueError: list.remove(x): x not in list

[2026, 9, 25, 18, 31, 54] ;;; curseforge; Traceback (most recent call last):
  File "C:\Users\joshp\curseforge\minecraft\Instances\Alive Dev\saves\Desire Paths\datapacks_uncompiled\modules\curseforge.py", line 52, in getGameVersions
    _versionInfo[folderName][aLoader][mcVersion].remove(aVersion)
ValueError: list.remove(x): x not in list

[2026, 9, 25, 18, 31, 54] ;;; curseforge; Traceback (most recent call last):
  File "C:\Users\joshp\curseforge\minecraft\Instances\Alive Dev\saves\Desire Paths\datapacks_uncompiled\modules\curseforge.py", line 52, in getGameVersions
    _versionInfo[folderName][aLoader][mcVersion].remove(aVersion)
ValueError: list.remove(x): x not in list

[2026, 9, 25, 18, 31, 54] ;;; curseforge; {'id': 9638, 'gameVersionTypeID': 75208, 'name': 'Client', 'slug': 'client', 'apiVersion': ''}
[2026, 9, 25, 18, 31, 54] ;;; curseforge; {'id': 9639, 'gameVersionTypeID': 75208, 'name': 'Server', 'slug': 'server', 'apiVersion': ''}
[2026, 9, 25, 18, 31, 54] ;;; curseforge; {'id': 10150, 'gameVersionTypeID': 68441, 'name': 'NeoForge', 'slug': 'neoforge', 'apiVersion': ''}
[2026, 9, 25, 18, 31, 54] ;;; curseforge; {'id': 13620, 'gameVersionTypeID': 77784, 'name': '1.21.8', 'slug': '1-21-8', 'apiVersion': None}
[2026, 9, 25, 18, 31, 54] ;;; curseforge; {'id': 13683, 'gameVersionTypeID': 1, 'name': '1.21.8', 'slug': '1-21-8', 'apiVersion': ''}
[2026, 9, 25, 18, 31, 54] ;;; curseforge; {'id': 16124, 'gameVersionTypeID': 615, 'name': '1.21.8', 'slug': '1-21-8', 'apiVersion': ''}
[2026, 9, 25, 18, 31, 54] ;;; curseforge; {'file': ('block_decay-neoforge-1.21.8_1.60.0.jar', <_io.BufferedReader name='.\\releases\\1.60.0\\block_decay-neoforge-1.21.8_1.60.0.jar'>, 'application/jar'), 'metadata': (None, '{"changelog": "", "displayName": "block_decay neoforge 1.21.8 1.60.0", "gameVersions": [9638, 9639, 10150, 13620], "gameVersionNames": ["Client", "Server", "NeoForge", "1.21.8"], "releaseType": "release", "relations": {"projects": [{"slug": "gstools", "projectID": 1404020, "type": "requiredDependency"}]}}', 'application/json')}
[2026, 9, 25, 18, 31, 56] ;;; curseforge; Mod file uploaded successfully! Response: {'id': 8975485}
[2026, 9, 25, 18, 31, 57] ;;; curseforge; Traceback (most recent call last):
  File "C:\Users\joshp\curseforge\minecraft\Instances\Alive Dev\saves\Desire Paths\datapacks_uncompiled\modules\curseforge.py", line 52, in getGameVersions
    _versionInfo[folderName][aLoader][mcVersion].remove(aVersion)
ValueError: list.remove(x): x not in list

[2026, 9, 25, 18, 31, 57] ;;; curseforge; Traceback (most recent call last):
  File "C:\Users\joshp\curseforge\minecraft\Instances\Alive Dev\saves\Desire Paths\datapacks_uncompiled\modules\curseforge.py", line 52, in getGameVersions
    _versionInfo[folderName][aLoader][mcVersion].remove(aVersion)
ValueError: list.remove(x): x not in list

[2026, 9, 25, 18, 31, 57] ;;; curseforge; Traceback (most recent call last):
  File "C:\Users\joshp\curseforge\minecraft\Instances\Alive Dev\saves\Desire Paths\datapacks_uncompiled\modules\curseforge.py", line 52, in getGameVersions
    _versionInfo[folderName][aLoader][mcVersion].remove(aVersion)
ValueError: list.remove(x): x not in list

[2026, 9, 25, 18, 31, 57] ;;; curseforge; Traceback (most recent call last):
  File "C:\Users\joshp\curseforge\minecraft\Instances\Alive Dev\saves\Desire Paths\datapacks_uncompiled\modules\curseforge.py", line 52, in getGameVersions
    _versionInfo[folderName][aLoader][mcVersion].remove(aVersion)
ValueError: list.remove(x): x not in list

[2026, 9, 25, 18, 31, 57] ;;; curseforge; Traceback (most recent call last):
  File "C:\Users\joshp\curseforge\minecraft\Instances\Alive Dev\saves\Desire Paths\datapacks_uncompiled\modules\curseforge.py", line 52, in getGameVersions
    _versionInfo[folderName][aLoader][mcVersion].remove(aVersion)
ValueError: list.remove(x): x not in list

[2026, 9, 25, 18, 31, 57] ;;; curseforge; Traceback (most recent call last):
  File "C:\Users\joshp\curseforge\minecraft\Instances\Alive Dev\saves\Desire Paths\datapacks_uncompiled\modules\curseforge.py", line 52, in getGameVersions
    _versionInfo[folderName][aLoader][mcVersion].remove(aVersion)
ValueError: list.remove(x): x not in list

[2026, 9, 25, 18, 31, 57] ;;; curseforge; {'id': 9638, 'gameVersionTypeID': 75208, 'name': 'Client', 'slug': 'client', 'apiVersion': ''}
[2026, 9, 25, 18, 31, 57] ;;; curseforge; {'id': 9639, 'gameVersionTypeID': 75208, 'name': 'Server', 'slug': 'server', 'apiVersion': ''}
[2026, 9, 25, 18, 31, 57] ;;; curseforge; {'id': 10150, 'gameVersionTypeID': 68441, 'name': 'NeoForge', 'slug': 'neoforge', 'apiVersion': ''}
[2026, 9, 25, 18, 31, 57] ;;; curseforge; {'id': 13620, 'gameVersionTypeID': 77784, 'name': '1.21.8', 'slug': '1-21-8', 'apiVersion': None}
[2026, 9, 25, 18, 31, 57] ;;; curseforge; {'id': 13683, 'gameVersionTypeID': 1, 'name': '1.21.8', 'slug': '1-21-8', 'apiVersion': ''}
[2026, 9, 25, 18, 31, 57] ;;; curseforge; {'id': 16124, 'gameVersionTypeID': 615, 'name': '1.21.8', 'slug': '1-21-8', 'apiVersion': ''}
[2026, 9, 25, 18, 32, 1] ;;; curseforge; Traceback (most recent call last):
  File "C:\Users\joshp\curseforge\minecraft\Instances\Alive Dev\saves\Desire Paths\datapacks_uncompiled\modules\curseforge.py", line 52, in getGameVersions
    _versionInfo[folderName][aLoader][mcVersion].remove(aVersion)
ValueError: list.remove(x): x not in list

[2026, 9, 25, 18, 32, 1] ;;; curseforge; Traceback (most recent call last):
  File "C:\Users\joshp\curseforge\minecraft\Instances\Alive Dev\saves\Desire Paths\datapacks_uncompiled\modules\curseforge.py", line 52, in getGameVersions
    _versionInfo[folderName][aLoader][mcVersion].remove(aVersion)
ValueError: list.remove(x): x not in list

[2026, 9, 25, 18, 32, 1] ;;; curseforge; Traceback (most recent call last):
  File "C:\Users\joshp\curseforge\minecraft\Instances\Alive Dev\saves\Desire Paths\datapacks_uncompiled\modules\curseforge.py", line 52, in getGameVersions
    _versionInfo[folderName][aLoader][mcVersion].remove(aVersion)
ValueError: list.remove(x): x not in list

[2026, 9, 25, 18, 32, 1] ;;; curseforge; Traceback (most recent call last):
  File "C:\Users\joshp\curseforge\minecraft\Instances\Alive Dev\saves\Desire Paths\datapacks_uncompiled\modules\curseforge.py", line 52, in getGameVersions
    _versionInfo[folderName][aLoader][mcVersion].remove(aVersion)
ValueError: list.remove(x): x not in list

[2026, 9, 25, 18, 32, 1] ;;; curseforge; Traceback (most recent call last):
  File "C:\Users\joshp\curseforge\minecraft\Instances\Alive Dev\saves\Desire Paths\datapacks_uncompiled\modules\curseforge.py", line 52, in getGameVersions
    _versionInfo[folderName][aLoader][mcVersion].remove(aVersion)
ValueError: list.remove(x): x not in list

[2026, 9, 25, 18, 32, 1] ;;; curseforge; Traceback (most recent call last):
  File "C:\Users\joshp\curseforge\minecraft\Instances\Alive Dev\saves\Desire Paths\datapacks_uncompiled\modules\curseforge.py", line 52, in getGameVersions
    _versionInfo[folderName][aLoader][mcVersion].remove(aVersion)
ValueError: list.remove(x): x not in list

[2026, 9, 25, 18, 32, 1] ;;; curseforge; {'id': 9638, 'gameVersionTypeID': 75208, 'name': 'Client', 'slug': 'client', 'apiVersion': ''}
[2026, 9, 25, 18, 32, 1] ;;; curseforge; {'id': 9639, 'gameVersionTypeID': 75208, 'name': 'Server', 'slug': 'server', 'apiVersion': ''}
[2026, 9, 25, 18, 32, 1] ;;; curseforge; {'id': 10150, 'gameVersionTypeID': 68441, 'name': 'NeoForge', 'slug': 'neoforge', 'apiVersion': ''}
[2026, 9, 25, 18, 32, 1] ;;; curseforge; {'id': 13927, 'gameVersionTypeID': 77784, 'name': '1.21.9', 'slug': '1-21-9', 'apiVersion': None}
[2026, 9, 25, 18, 32, 1] ;;; curseforge; {'id': 13933, 'gameVersionTypeID': 1, 'name': '1.21.9', 'slug': '1-21-9', 'apiVersion': ''}
[2026, 9, 25, 18, 32, 1] ;;; curseforge; {'id': 16125, 'gameVersionTypeID': 615, 'name': '1.21.9', 'slug': '1-21-9', 'apiVersion': ''}
[2026, 9, 25, 18, 32, 1] ;;; curseforge; {'file': ('block_decay-neoforge-1.21.9_1.60.0.jar', <_io.BufferedReader name='.\\releases\\1.60.0\\block_decay-neoforge-1.21.9_1.60.0.jar'>, 'application/jar'), 'metadata': (None, '{"changelog": "", "displayName": "block_decay neoforge 1.21.9 1.60.0", "gameVersions": [9638, 9639, 10150, 13927], "gameVersionNames": ["Client", "Server", "NeoForge", "1.21.9"], "releaseType": "release", "relations": {"projects": [{"slug": "gstools", "projectID": 1404020, "type": "requiredDependency"}]}}', 'application/json')}
[2026, 9, 25, 18, 32, 4] ;;; curseforge; Mod file uploaded successfully! Response: {'id': 8975487}
[2026, 9, 25, 18, 32, 4] ;;; curseforge; Traceback (most recent call last):
  File "C:\Users\joshp\curseforge\minecraft\Instances\Alive Dev\saves\Desire Paths\datapacks_uncompiled\modules\curseforge.py", line 52, in getGameVersions
    _versionInfo[folderName][aLoader][mcVersion].remove(aVersion)
ValueError: list.remove(x): x not in list

[2026, 9, 25, 18, 32, 4] ;;; curseforge; Traceback (most recent call last):
  File "C:\Users\joshp\curseforge\minecraft\Instances\Alive Dev\saves\Desire Paths\datapacks_uncompiled\modules\curseforge.py", line 52, in getGameVersions
    _versionInfo[folderName][aLoader][mcVersion].remove(aVersion)
ValueError: list.remove(x): x not in list

[2026, 9, 25, 18, 32, 4] ;;; curseforge; Traceback (most recent call last):
  File "C:\Users\joshp\curseforge\minecraft\Instances\Alive Dev\saves\Desire Paths\datapacks_uncompiled\modules\curseforge.py", line 52, in getGameVersions
    _versionInfo[folderName][aLoader][mcVersion].remove(aVersion)
ValueError: list.remove(x): x not in list

[2026, 9, 25, 18, 32, 4] ;;; curseforge; Traceback (most recent call last):
  File "C:\Users\joshp\curseforge\minecraft\Instances\Alive Dev\saves\Desire Paths\datapacks_uncompiled\modules\curseforge.py", line 52, in getGameVersions
    _versionInfo[folderName][aLoader][mcVersion].remove(aVersion)
ValueError: list.remove(x): x not in list

[2026, 9, 25, 18, 32, 4] ;;; curseforge; Traceback (most recent call last):
  File "C:\Users\joshp\curseforge\minecraft\Instances\Alive Dev\saves\Desire Paths\datapacks_uncompiled\modules\curseforge.py", line 52, in getGameVersions
    _versionInfo[folderName][aLoader][mcVersion].remove(aVersion)
ValueError: list.remove(x): x not in list

[2026, 9, 25, 18, 32, 4] ;;; curseforge; Traceback (most recent call last):
  File "C:\Users\joshp\curseforge\minecraft\Instances\Alive Dev\saves\Desire Paths\datapacks_uncompiled\modules\curseforge.py", line 52, in getGameVersions
    _versionInfo[folderName][aLoader][mcVersion].remove(aVersion)
ValueError: list.remove(x): x not in list

[2026, 9, 25, 18, 32, 4] ;;; curseforge; {'id': 9638, 'gameVersionTypeID': 75208, 'name': 'Client', 'slug': 'client', 'apiVersion': ''}
[2026, 9, 25, 18, 32, 4] ;;; curseforge; {'id': 9639, 'gameVersionTypeID': 75208, 'name': 'Server', 'slug': 'server', 'apiVersion': ''}
[2026, 9, 25, 18, 32, 4] ;;; curseforge; {'id': 10150, 'gameVersionTypeID': 68441, 'name': 'NeoForge', 'slug': 'neoforge', 'apiVersion': ''}
[2026, 9, 25, 18, 32, 4] ;;; curseforge; {'id': 13927, 'gameVersionTypeID': 77784, 'name': '1.21.9', 'slug': '1-21-9', 'apiVersion': None}
[2026, 9, 25, 18, 32, 4] ;;; curseforge; {'id': 13933, 'gameVersionTypeID': 1, 'name': '1.21.9', 'slug': '1-21-9', 'apiVersion': ''}
[2026, 9, 25, 18, 32, 4] ;;; curseforge; {'id': 16125, 'gameVersionTypeID': 615, 'name': '1.21.9', 'slug': '1-21-9', 'apiVersion': ''}
[2026, 9, 25, 18, 32, 8] ;;; curseforge; Traceback (most recent call last):
  File "C:\Users\joshp\curseforge\minecraft\Instances\Alive Dev\saves\Desire Paths\datapacks_uncompiled\modules\curseforge.py", line 52, in getGameVersions
    _versionInfo[folderName][aLoader][mcVersion].remove(aVersion)
ValueError: list.remove(x): x not in list

[2026, 9, 25, 18, 32, 8] ;;; curseforge; Traceback (most recent call last):
  File "C:\Users\joshp\curseforge\minecraft\Instances\Alive Dev\saves\Desire Paths\datapacks_uncompiled\modules\curseforge.py", line 52, in getGameVersions
    _versionInfo[folderName][aLoader][mcVersion].remove(aVersion)
ValueError: list.remove(x): x not in list

[2026, 9, 25, 18, 32, 8] ;;; curseforge; Traceback (most recent call last):
  File "C:\Users\joshp\curseforge\minecraft\Instances\Alive Dev\saves\Desire Paths\datapacks_uncompiled\modules\curseforge.py", line 52, in getGameVersions
    _versionInfo[folderName][aLoader][mcVersion].remove(aVersion)
ValueError: list.remove(x): x not in list

[2026, 9, 25, 18, 32, 8] ;;; curseforge; Traceback (most recent call last):
  File "C:\Users\joshp\curseforge\minecraft\Instances\Alive Dev\saves\Desire Paths\datapacks_uncompiled\modules\curseforge.py", line 52, in getGameVersions
    _versionInfo[folderName][aLoader][mcVersion].remove(aVersion)
ValueError: list.remove(x): x not in list

[2026, 9, 25, 18, 32, 8] ;;; curseforge; Traceback (most recent call last):
  File "C:\Users\joshp\curseforge\minecraft\Instances\Alive Dev\saves\Desire Paths\datapacks_uncompiled\modules\curseforge.py", line 52, in getGameVersions
    _versionInfo[folderName][aLoader][mcVersion].remove(aVersion)
ValueError: list.remove(x): x not in list

[2026, 9, 25, 18, 32, 8] ;;; curseforge; Traceback (most recent call last):
  File "C:\Users\joshp\curseforge\minecraft\Instances\Alive Dev\saves\Desire Paths\datapacks_uncompiled\modules\curseforge.py", line 52, in getGameVersions
    _versionInfo[folderName][aLoader][mcVersion].remove(aVersion)
ValueError: list.remove(x): x not in list

[2026, 9, 25, 18, 32, 8] ;;; curseforge; {'id': 9638, 'gameVersionTypeID': 75208, 'name': 'Client', 'slug': 'client', 'apiVersion': ''}
[2026, 9, 25, 18, 32, 8] ;;; curseforge; {'id': 9639, 'gameVersionTypeID': 75208, 'name': 'Server', 'slug': 'server', 'apiVersion': ''}
[2026, 9, 25, 18, 32, 8] ;;; curseforge; {'id': 10150, 'gameVersionTypeID': 68441, 'name': 'NeoForge', 'slug': 'neoforge', 'apiVersion': ''}
[2026, 9, 25, 18, 32, 8] ;;; curseforge; {'id': 15933, 'gameVersionTypeID': 83806, 'name': '26.1', 'slug': '26-1', 'apiVersion': None}
[2026, 9, 25, 18, 32, 8] ;;; curseforge; {'id': 16083, 'gameVersionTypeID': 1, 'name': '26.1', 'slug': '26-1', 'apiVersion': ''}
[2026, 9, 25, 18, 32, 8] ;;; curseforge; {'id': 16128, 'gameVersionTypeID': 615, 'name': '26.1', 'slug': '26-1', 'apiVersion': ''}
[2026, 9, 25, 18, 32, 8] ;;; curseforge; {'id': 9638, 'gameVersionTypeID': 75208, 'name': 'Client', 'slug': 'client', 'apiVersion': ''}
[2026, 9, 25, 18, 32, 8] ;;; curseforge; {'id': 9639, 'gameVersionTypeID': 75208, 'name': 'Server', 'slug': 'server', 'apiVersion': ''}
[2026, 9, 25, 18, 32, 8] ;;; curseforge; {'id': 10150, 'gameVersionTypeID': 68441, 'name': 'NeoForge', 'slug': 'neoforge', 'apiVersion': ''}
[2026, 9, 25, 18, 32, 8] ;;; curseforge; {'id': 16021, 'gameVersionTypeID': 83806, 'name': '26.1.1', 'slug': '26-1-1', 'apiVersion': None}
[2026, 9, 25, 18, 32, 8] ;;; curseforge; {'id': 16084, 'gameVersionTypeID': 1, 'name': '26.1.1', 'slug': '26-1-1', 'apiVersion': ''}
[2026, 9, 25, 18, 32, 8] ;;; curseforge; {'id': 16129, 'gameVersionTypeID': 615, 'name': '26.1.1', 'slug': '26-1-1', 'apiVersion': ''}
[2026, 9, 25, 18, 32, 8] ;;; curseforge; {'id': 9638, 'gameVersionTypeID': 75208, 'name': 'Client', 'slug': 'client', 'apiVersion': ''}
[2026, 9, 25, 18, 32, 8] ;;; curseforge; {'id': 9639, 'gameVersionTypeID': 75208, 'name': 'Server', 'slug': 'server', 'apiVersion': ''}
[2026, 9, 25, 18, 32, 8] ;;; curseforge; {'id': 10150, 'gameVersionTypeID': 68441, 'name': 'NeoForge', 'slug': 'neoforge', 'apiVersion': ''}
[2026, 9, 25, 18, 32, 8] ;;; curseforge; {'id': 16082, 'gameVersionTypeID': 83806, 'name': '26.1.2', 'slug': '26-1-2', 'apiVersion': None}
[2026, 9, 25, 18, 32, 8] ;;; curseforge; {'id': 16085, 'gameVersionTypeID': 1, 'name': '26.1.2', 'slug': '26-1-2', 'apiVersion': ''}
[2026, 9, 25, 18, 32, 8] ;;; curseforge; {'id': 16130, 'gameVersionTypeID': 615, 'name': '26.1.2', 'slug': '26-1-2', 'apiVersion': ''}
[2026, 9, 25, 18, 32, 8] ;;; curseforge; {'file': ('block_decay-neoforge-26.1_1.60.0.jar', <_io.BufferedReader name='.\\releases\\1.60.0\\block_decay-neoforge-26.1_1.60.0.jar'>, 'application/jar'), 'metadata': (None, '{"changelog": "", "displayName": "block_decay neoforge 26.1 1.60.0", "gameVersions": [9638, 9639, 10150, 15933, 16021, 16082], "gameVersionNames": ["Client", "Server", "NeoForge", "26.1", "26.1.1", "26.1.2"], "releaseType": "release", "relations": {"projects": [{"slug": "gstools", "projectID": 1404020, "type": "requiredDependency"}]}}', 'application/json')}
[2026, 9, 25, 18, 32, 12] ;;; curseforge; Mod file uploaded successfully! Response: {'id': 8975489}
[2026, 9, 25, 18, 32, 13] ;;; curseforge; Traceback (most recent call last):
  File "C:\Users\joshp\curseforge\minecraft\Instances\Alive Dev\saves\Desire Paths\datapacks_uncompiled\modules\curseforge.py", line 52, in getGameVersions
    _versionInfo[folderName][aLoader][mcVersion].remove(aVersion)
ValueError: list.remove(x): x not in list

[2026, 9, 25, 18, 32, 13] ;;; curseforge; Traceback (most recent call last):
  File "C:\Users\joshp\curseforge\minecraft\Instances\Alive Dev\saves\Desire Paths\datapacks_uncompiled\modules\curseforge.py", line 52, in getGameVersions
    _versionInfo[folderName][aLoader][mcVersion].remove(aVersion)
ValueError: list.remove(x): x not in list

[2026, 9, 25, 18, 32, 13] ;;; curseforge; Traceback (most recent call last):
  File "C:\Users\joshp\curseforge\minecraft\Instances\Alive Dev\saves\Desire Paths\datapacks_uncompiled\modules\curseforge.py", line 52, in getGameVersions
    _versionInfo[folderName][aLoader][mcVersion].remove(aVersion)
ValueError: list.remove(x): x not in list

[2026, 9, 25, 18, 32, 13] ;;; curseforge; Traceback (most recent call last):
  File "C:\Users\joshp\curseforge\minecraft\Instances\Alive Dev\saves\Desire Paths\datapacks_uncompiled\modules\curseforge.py", line 52, in getGameVersions
    _versionInfo[folderName][aLoader][mcVersion].remove(aVersion)
ValueError: list.remove(x): x not in list

[2026, 9, 25, 18, 32, 13] ;;; curseforge; Traceback (most recent call last):
  File "C:\Users\joshp\curseforge\minecraft\Instances\Alive Dev\saves\Desire Paths\datapacks_uncompiled\modules\curseforge.py", line 52, in getGameVersions
    _versionInfo[folderName][aLoader][mcVersion].remove(aVersion)
ValueError: list.remove(x): x not in list

[2026, 9, 25, 18, 32, 13] ;;; curseforge; Traceback (most recent call last):
  File "C:\Users\joshp\curseforge\minecraft\Instances\Alive Dev\saves\Desire Paths\datapacks_uncompiled\modules\curseforge.py", line 52, in getGameVersions
    _versionInfo[folderName][aLoader][mcVersion].remove(aVersion)
ValueError: list.remove(x): x not in list

[2026, 9, 25, 18, 32, 13] ;;; curseforge; {'id': 9638, 'gameVersionTypeID': 75208, 'name': 'Client', 'slug': 'client', 'apiVersion': ''}
[2026, 9, 25, 18, 32, 13] ;;; curseforge; {'id': 9639, 'gameVersionTypeID': 75208, 'name': 'Server', 'slug': 'server', 'apiVersion': ''}
[2026, 9, 25, 18, 32, 13] ;;; curseforge; {'id': 10150, 'gameVersionTypeID': 68441, 'name': 'NeoForge', 'slug': 'neoforge', 'apiVersion': ''}
[2026, 9, 25, 18, 32, 13] ;;; curseforge; {'id': 15933, 'gameVersionTypeID': 83806, 'name': '26.1', 'slug': '26-1', 'apiVersion': None}
[2026, 9, 25, 18, 32, 13] ;;; curseforge; {'id': 16083, 'gameVersionTypeID': 1, 'name': '26.1', 'slug': '26-1', 'apiVersion': ''}
[2026, 9, 25, 18, 32, 13] ;;; curseforge; {'id': 16128, 'gameVersionTypeID': 615, 'name': '26.1', 'slug': '26-1', 'apiVersion': ''}
[2026, 9, 25, 18, 32, 13] ;;; curseforge; {'id': 9638, 'gameVersionTypeID': 75208, 'name': 'Client', 'slug': 'client', 'apiVersion': ''}
[2026, 9, 25, 18, 32, 13] ;;; curseforge; {'id': 9639, 'gameVersionTypeID': 75208, 'name': 'Server', 'slug': 'server', 'apiVersion': ''}
[2026, 9, 25, 18, 32, 13] ;;; curseforge; {'id': 10150, 'gameVersionTypeID': 68441, 'name': 'NeoForge', 'slug': 'neoforge', 'apiVersion': ''}
[2026, 9, 25, 18, 32, 13] ;;; curseforge; {'id': 16021, 'gameVersionTypeID': 83806, 'name': '26.1.1', 'slug': '26-1-1', 'apiVersion': None}
[2026, 9, 25, 18, 32, 13] ;;; curseforge; {'id': 16084, 'gameVersionTypeID': 1, 'name': '26.1.1', 'slug': '26-1-1', 'apiVersion': ''}
[2026, 9, 25, 18, 32, 13] ;;; curseforge; {'id': 16129, 'gameVersionTypeID': 615, 'name': '26.1.1', 'slug': '26-1-1', 'apiVersion': ''}
[2026, 9, 25, 18, 32, 13] ;;; curseforge; {'id': 9638, 'gameVersionTypeID': 75208, 'name': 'Client', 'slug': 'client', 'apiVersion': ''}
[2026, 9, 25, 18, 32, 13] ;;; curseforge; {'id': 9639, 'gameVersionTypeID': 75208, 'name': 'Server', 'slug': 'server', 'apiVersion': ''}
[2026, 9, 25, 18, 32, 13] ;;; curseforge; {'id': 10150, 'gameVersionTypeID': 68441, 'name': 'NeoForge', 'slug': 'neoforge', 'apiVersion': ''}
[2026, 9, 25, 18, 32, 13] ;;; curseforge; {'id': 16082, 'gameVersionTypeID': 83806, 'name': '26.1.2', 'slug': '26-1-2', 'apiVersion': None}
[2026, 9, 25, 18, 32, 13] ;;; curseforge; {'id': 16085, 'gameVersionTypeID': 1, 'name': '26.1.2', 'slug': '26-1-2', 'apiVersion': ''}
[2026, 9, 25, 18, 32, 13] ;;; curseforge; {'id': 16130, 'gameVersionTypeID': 615, 'name': '26.1.2', 'slug': '26-1-2', 'apiVersion': ''}
[2026, 9, 25, 18, 32, 25] ;;; curseforge; Traceback (most recent call last):
  File "C:\Users\joshp\curseforge\minecraft\Instances\Alive Dev\saves\Desire Paths\datapacks_uncompiled\modules\curseforge.py", line 52, in getGameVersions
    _versionInfo[folderName][aLoader][mcVersion].remove(aVersion)
ValueError: list.remove(x): x not in list

[2026, 9, 25, 18, 32, 25] ;;; curseforge; Traceback (most recent call last):
  File "C:\Users\joshp\curseforge\minecraft\Instances\Alive Dev\saves\Desire Paths\datapacks_uncompiled\modules\curseforge.py", line 52, in getGameVersions
    _versionInfo[folderName][aLoader][mcVersion].remove(aVersion)
ValueError: list.remove(x): x not in list

[2026, 9, 25, 18, 32, 25] ;;; curseforge; Traceback (most recent call last):
  File "C:\Users\joshp\curseforge\minecraft\Instances\Alive Dev\saves\Desire Paths\datapacks_uncompiled\modules\curseforge.py", line 52, in getGameVersions
    _versionInfo[folderName][aLoader][mcVersion].remove(aVersion)
ValueError: list.remove(x): x not in list

[2026, 9, 25, 18, 32, 25] ;;; curseforge; Traceback (most recent call last):
  File "C:\Users\joshp\curseforge\minecraft\Instances\Alive Dev\saves\Desire Paths\datapacks_uncompiled\modules\curseforge.py", line 52, in getGameVersions
    _versionInfo[folderName][aLoader][mcVersion].remove(aVersion)
ValueError: list.remove(x): x not in list

[2026, 9, 25, 18, 32, 25] ;;; curseforge; Traceback (most recent call last):
  File "C:\Users\joshp\curseforge\minecraft\Instances\Alive Dev\saves\Desire Paths\datapacks_uncompiled\modules\curseforge.py", line 52, in getGameVersions
    _versionInfo[folderName][aLoader][mcVersion].remove(aVersion)
ValueError: list.remove(x): x not in list

[2026, 9, 25, 18, 32, 25] ;;; curseforge; Traceback (most recent call last):
  File "C:\Users\joshp\curseforge\minecraft\Instances\Alive Dev\saves\Desire Paths\datapacks_uncompiled\modules\curseforge.py", line 52, in getGameVersions
    _versionInfo[folderName][aLoader][mcVersion].remove(aVersion)
ValueError: list.remove(x): x not in list

[2026, 9, 25, 18, 32, 25] ;;; curseforge; {'id': 9638, 'gameVersionTypeID': 75208, 'name': 'Client', 'slug': 'client', 'apiVersion': ''}
[2026, 9, 25, 18, 32, 25] ;;; curseforge; {'id': 9639, 'gameVersionTypeID': 75208, 'name': 'Server', 'slug': 'server', 'apiVersion': ''}
[2026, 9, 25, 18, 32, 25] ;;; curseforge; {'id': 10150, 'gameVersionTypeID': 68441, 'name': 'NeoForge', 'slug': 'neoforge', 'apiVersion': ''}
[2026, 9, 25, 18, 32, 25] ;;; curseforge; {'id': 16498, 'gameVersionTypeID': 86297, 'name': '26.2', 'slug': '26-2', 'apiVersion': None}
[2026, 9, 25, 18, 32, 25] ;;; curseforge; {'id': 16500, 'gameVersionTypeID': 1, 'name': '26.2', 'slug': '26-2', 'apiVersion': ''}
[2026, 9, 25, 18, 32, 25] ;;; curseforge; {'file': ('block_decay-neoforge-26.2_1.60.0.jar', <_io.BufferedReader name='.\\releases\\1.60.0\\block_decay-neoforge-26.2_1.60.0.jar'>, 'application/jar'), 'metadata': (None, '{"changelog": "", "displayName": "block_decay neoforge 26.2 1.60.0", "gameVersions": [9638, 9639, 10150, 16498], "gameVersionNames": ["Client", "Server", "NeoForge", "26.2"], "releaseType": "release", "relations": {"projects": [{"slug": "gstools", "projectID": 1404020, "type": "requiredDependency"}]}}', 'application/json')}
[2026, 9, 25, 18, 32, 26] ;;; curseforge; Mod file uploaded successfully! Response: {'id': 8975493}
[2026, 9, 25, 18, 32, 27] ;;; curseforge; Traceback (most recent call last):
  File "C:\Users\joshp\curseforge\minecraft\Instances\Alive Dev\saves\Desire Paths\datapacks_uncompiled\modules\curseforge.py", line 52, in getGameVersions
    _versionInfo[folderName][aLoader][mcVersion].remove(aVersion)
ValueError: list.remove(x): x not in list

[2026, 9, 25, 18, 32, 27] ;;; curseforge; Traceback (most recent call last):
  File "C:\Users\joshp\curseforge\minecraft\Instances\Alive Dev\saves\Desire Paths\datapacks_uncompiled\modules\curseforge.py", line 52, in getGameVersions
    _versionInfo[folderName][aLoader][mcVersion].remove(aVersion)
ValueError: list.remove(x): x not in list

[2026, 9, 25, 18, 32, 27] ;;; curseforge; Traceback (most recent call last):
  File "C:\Users\joshp\curseforge\minecraft\Instances\Alive Dev\saves\Desire Paths\datapacks_uncompiled\modules\curseforge.py", line 52, in getGameVersions
    _versionInfo[folderName][aLoader][mcVersion].remove(aVersion)
ValueError: list.remove(x): x not in list

[2026, 9, 25, 18, 32, 27] ;;; curseforge; Traceback (most recent call last):
  File "C:\Users\joshp\curseforge\minecraft\Instances\Alive Dev\saves\Desire Paths\datapacks_uncompiled\modules\curseforge.py", line 52, in getGameVersions
    _versionInfo[folderName][aLoader][mcVersion].remove(aVersion)
ValueError: list.remove(x): x not in list

[2026, 9, 25, 18, 32, 27] ;;; curseforge; Traceback (most recent call last):
  File "C:\Users\joshp\curseforge\minecraft\Instances\Alive Dev\saves\Desire Paths\datapacks_uncompiled\modules\curseforge.py", line 52, in getGameVersions
    _versionInfo[folderName][aLoader][mcVersion].remove(aVersion)
ValueError: list.remove(x): x not in list

[2026, 9, 25, 18, 32, 27] ;;; curseforge; Traceback (most recent call last):
  File "C:\Users\joshp\curseforge\minecraft\Instances\Alive Dev\saves\Desire Paths\datapacks_uncompiled\modules\curseforge.py", line 52, in getGameVersions
    _versionInfo[folderName][aLoader][mcVersion].remove(aVersion)
ValueError: list.remove(x): x not in list

[2026, 9, 25, 18, 32, 27] ;;; curseforge; {'id': 9638, 'gameVersionTypeID': 75208, 'name': 'Client', 'slug': 'client', 'apiVersion': ''}
[2026, 9, 25, 18, 32, 27] ;;; curseforge; {'id': 9639, 'gameVersionTypeID': 75208, 'name': 'Server', 'slug': 'server', 'apiVersion': ''}
[2026, 9, 25, 18, 32, 27] ;;; curseforge; {'id': 10150, 'gameVersionTypeID': 68441, 'name': 'NeoForge', 'slug': 'neoforge', 'apiVersion': ''}
[2026, 9, 25, 18, 32, 27] ;;; curseforge; {'id': 16498, 'gameVersionTypeID': 86297, 'name': '26.2', 'slug': '26-2', 'apiVersion': None}
[2026, 9, 25, 18, 32, 27] ;;; curseforge; {'id': 16500, 'gameVersionTypeID': 1, 'name': '26.2', 'slug': '26-2', 'apiVersion': ''}
[2026, 9, 25, 18, 32, 31] ;;; curseforge; {'id': 7499, 'gameVersionTypeID': 68441, 'name': 'Fabric', 'slug': 'fabric', 'apiVersion': ''}
[2026, 9, 25, 18, 32, 31] ;;; curseforge; {'id': 9638, 'gameVersionTypeID': 75208, 'name': 'Client', 'slug': 'client', 'apiVersion': ''}
[2026, 9, 25, 18, 32, 31] ;;; curseforge; {'id': 9639, 'gameVersionTypeID': 75208, 'name': 'Server', 'slug': 'server', 'apiVersion': ''}
[2026, 9, 25, 18, 32, 31] ;;; curseforge; {'id': 13927, 'gameVersionTypeID': 77784, 'name': '1.21.9', 'slug': '1-21-9', 'apiVersion': None}
[2026, 9, 25, 18, 32, 31] ;;; curseforge; {'id': 13933, 'gameVersionTypeID': 1, 'name': '1.21.9', 'slug': '1-21-9', 'apiVersion': ''}
[2026, 9, 25, 18, 32, 31] ;;; curseforge; {'id': 16125, 'gameVersionTypeID': 615, 'name': '1.21.9', 'slug': '1-21-9', 'apiVersion': ''}
[2026, 9, 25, 18, 32, 31] ;;; curseforge; {'id': 7499, 'gameVersionTypeID': 68441, 'name': 'Fabric', 'slug': 'fabric', 'apiVersion': ''}
[2026, 9, 25, 18, 32, 31] ;;; curseforge; {'id': 9638, 'gameVersionTypeID': 75208, 'name': 'Client', 'slug': 'client', 'apiVersion': ''}
[2026, 9, 25, 18, 32, 31] ;;; curseforge; {'id': 9639, 'gameVersionTypeID': 75208, 'name': 'Server', 'slug': 'server', 'apiVersion': ''}
[2026, 9, 25, 18, 32, 31] ;;; curseforge; {'id': 13964, 'gameVersionTypeID': 77784, 'name': '1.21.10', 'slug': '1-21-10', 'apiVersion': None}
[2026, 9, 25, 18, 32, 31] ;;; curseforge; {'id': 13966, 'gameVersionTypeID': 1, 'name': '1.21.10', 'slug': '1-21-10', 'apiVersion': ''}
[2026, 9, 25, 18, 32, 31] ;;; curseforge; {'id': 16126, 'gameVersionTypeID': 615, 'name': '1.21.10', 'slug': '1-21-10', 'apiVersion': ''}
[2026, 9, 25, 18, 32, 31] ;;; curseforge; {'id': 7499, 'gameVersionTypeID': 68441, 'name': 'Fabric', 'slug': 'fabric', 'apiVersion': ''}
[2026, 9, 25, 18, 32, 31] ;;; curseforge; {'id': 9638, 'gameVersionTypeID': 75208, 'name': 'Client', 'slug': 'client', 'apiVersion': ''}
[2026, 9, 25, 18, 32, 31] ;;; curseforge; {'id': 9639, 'gameVersionTypeID': 75208, 'name': 'Server', 'slug': 'server', 'apiVersion': ''}
[2026, 9, 25, 18, 32, 31] ;;; curseforge; {'id': 14406, 'gameVersionTypeID': 77784, 'name': '1.21.11', 'slug': '1-21-11', 'apiVersion': None}
[2026, 9, 25, 18, 32, 31] ;;; curseforge; {'id': 14417, 'gameVersionTypeID': 1, 'name': '1.21.11', 'slug': '1-21-11', 'apiVersion': ''}
[2026, 9, 25, 18, 32, 31] ;;; curseforge; {'id': 16127, 'gameVersionTypeID': 615, 'name': '1.21.11', 'slug': '1-21-11', 'apiVersion': ''}
[2026, 9, 25, 18, 32, 31] ;;; curseforge; {'file': ('dynamic_ecosystems-fabric-1.21.9_1.60.0.jar', <_io.BufferedReader name='.\\releases\\1.60.0\\dynamic_ecosystems-fabric-1.21.9_1.60.0.jar'>, 'application/jar'), 'metadata': (None, '{"changelog": "", "displayName": "dynamic_ecosystems fabric 1.21.9 1.60.0", "gameVersions": [7499, 9638, 9639, 13927, 13964, 14406], "gameVersionNames": ["Fabric", "Client", "Server", "1.21.9", "1.21.10", "1.21.11"], "releaseType": "release", "relations": {"projects": [{"slug": "gstools", "projectID": 1404020, "type": "requiredDependency"}]}}', 'application/json')}
[2026, 9, 25, 18, 32, 33] ;;; curseforge; Mod file uploaded successfully! Response: {'id': 8975499}
[2026, 9, 25, 18, 32, 35] ;;; curseforge; {'id': 7499, 'gameVersionTypeID': 68441, 'name': 'Fabric', 'slug': 'fabric', 'apiVersion': ''}
[2026, 9, 25, 18, 32, 35] ;;; curseforge; {'id': 9638, 'gameVersionTypeID': 75208, 'name': 'Client', 'slug': 'client', 'apiVersion': ''}
[2026, 9, 25, 18, 32, 35] ;;; curseforge; {'id': 9639, 'gameVersionTypeID': 75208, 'name': 'Server', 'slug': 'server', 'apiVersion': ''}
[2026, 9, 25, 18, 32, 35] ;;; curseforge; {'id': 13927, 'gameVersionTypeID': 77784, 'name': '1.21.9', 'slug': '1-21-9', 'apiVersion': None}
[2026, 9, 25, 18, 32, 35] ;;; curseforge; {'id': 13933, 'gameVersionTypeID': 1, 'name': '1.21.9', 'slug': '1-21-9', 'apiVersion': ''}
[2026, 9, 25, 18, 32, 35] ;;; curseforge; {'id': 16125, 'gameVersionTypeID': 615, 'name': '1.21.9', 'slug': '1-21-9', 'apiVersion': ''}
[2026, 9, 25, 18, 32, 35] ;;; curseforge; {'id': 7499, 'gameVersionTypeID': 68441, 'name': 'Fabric', 'slug': 'fabric', 'apiVersion': ''}
[2026, 9, 25, 18, 32, 35] ;;; curseforge; {'id': 9638, 'gameVersionTypeID': 75208, 'name': 'Client', 'slug': 'client', 'apiVersion': ''}
[2026, 9, 25, 18, 32, 35] ;;; curseforge; {'id': 9639, 'gameVersionTypeID': 75208, 'name': 'Server', 'slug': 'server', 'apiVersion': ''}
[2026, 9, 25, 18, 32, 35] ;;; curseforge; {'id': 13964, 'gameVersionTypeID': 77784, 'name': '1.21.10', 'slug': '1-21-10', 'apiVersion': None}
[2026, 9, 25, 18, 32, 35] ;;; curseforge; {'id': 13966, 'gameVersionTypeID': 1, 'name': '1.21.10', 'slug': '1-21-10', 'apiVersion': ''}
[2026, 9, 25, 18, 32, 35] ;;; curseforge; {'id': 16126, 'gameVersionTypeID': 615, 'name': '1.21.10', 'slug': '1-21-10', 'apiVersion': ''}
[2026, 9, 25, 18, 32, 35] ;;; curseforge; {'id': 7499, 'gameVersionTypeID': 68441, 'name': 'Fabric', 'slug': 'fabric', 'apiVersion': ''}
[2026, 9, 25, 18, 32, 35] ;;; curseforge; {'id': 9638, 'gameVersionTypeID': 75208, 'name': 'Client', 'slug': 'client', 'apiVersion': ''}
[2026, 9, 25, 18, 32, 35] ;;; curseforge; {'id': 9639, 'gameVersionTypeID': 75208, 'name': 'Server', 'slug': 'server', 'apiVersion': ''}
[2026, 9, 25, 18, 32, 35] ;;; curseforge; {'id': 14406, 'gameVersionTypeID': 77784, 'name': '1.21.11', 'slug': '1-21-11', 'apiVersion': None}
[2026, 9, 25, 18, 32, 35] ;;; curseforge; {'id': 14417, 'gameVersionTypeID': 1, 'name': '1.21.11', 'slug': '1-21-11', 'apiVersion': ''}
[2026, 9, 25, 18, 32, 35] ;;; curseforge; {'id': 16127, 'gameVersionTypeID': 615, 'name': '1.21.11', 'slug': '1-21-11', 'apiVersion': ''}
[2026, 9, 25, 18, 32, 40] ;;; curseforge; {'id': 7499, 'gameVersionTypeID': 68441, 'name': 'Fabric', 'slug': 'fabric', 'apiVersion': ''}
[2026, 9, 25, 18, 32, 40] ;;; curseforge; {'id': 9638, 'gameVersionTypeID': 75208, 'name': 'Client', 'slug': 'client', 'apiVersion': ''}
[2026, 9, 25, 18, 32, 40] ;;; curseforge; {'id': 9639, 'gameVersionTypeID': 75208, 'name': 'Server', 'slug': 'server', 'apiVersion': ''}
[2026, 9, 25, 18, 32, 40] ;;; curseforge; {'id': 15933, 'gameVersionTypeID': 83806, 'name': '26.1', 'slug': '26-1', 'apiVersion': None}
[2026, 9, 25, 18, 32, 40] ;;; curseforge; {'id': 16083, 'gameVersionTypeID': 1, 'name': '26.1', 'slug': '26-1', 'apiVersion': ''}
[2026, 9, 25, 18, 32, 40] ;;; curseforge; {'id': 16128, 'gameVersionTypeID': 615, 'name': '26.1', 'slug': '26-1', 'apiVersion': ''}
[2026, 9, 25, 18, 32, 40] ;;; curseforge; {'id': 7499, 'gameVersionTypeID': 68441, 'name': 'Fabric', 'slug': 'fabric', 'apiVersion': ''}
[2026, 9, 25, 18, 32, 40] ;;; curseforge; {'id': 9638, 'gameVersionTypeID': 75208, 'name': 'Client', 'slug': 'client', 'apiVersion': ''}
[2026, 9, 25, 18, 32, 40] ;;; curseforge; {'id': 9639, 'gameVersionTypeID': 75208, 'name': 'Server', 'slug': 'server', 'apiVersion': ''}
[2026, 9, 25, 18, 32, 40] ;;; curseforge; {'id': 16021, 'gameVersionTypeID': 83806, 'name': '26.1.1', 'slug': '26-1-1', 'apiVersion': None}
[2026, 9, 25, 18, 32, 40] ;;; curseforge; {'id': 16084, 'gameVersionTypeID': 1, 'name': '26.1.1', 'slug': '26-1-1', 'apiVersion': ''}
[2026, 9, 25, 18, 32, 40] ;;; curseforge; {'id': 16129, 'gameVersionTypeID': 615, 'name': '26.1.1', 'slug': '26-1-1', 'apiVersion': ''}
[2026, 9, 25, 18, 32, 40] ;;; curseforge; {'id': 7499, 'gameVersionTypeID': 68441, 'name': 'Fabric', 'slug': 'fabric', 'apiVersion': ''}
[2026, 9, 25, 18, 32, 40] ;;; curseforge; {'id': 9638, 'gameVersionTypeID': 75208, 'name': 'Client', 'slug': 'client', 'apiVersion': ''}
[2026, 9, 25, 18, 32, 40] ;;; curseforge; {'id': 9639, 'gameVersionTypeID': 75208, 'name': 'Server', 'slug': 'server', 'apiVersion': ''}
[2026, 9, 25, 18, 32, 40] ;;; curseforge; {'id': 16082, 'gameVersionTypeID': 83806, 'name': '26.1.2', 'slug': '26-1-2', 'apiVersion': None}
[2026, 9, 25, 18, 32, 40] ;;; curseforge; {'id': 16085, 'gameVersionTypeID': 1, 'name': '26.1.2', 'slug': '26-1-2', 'apiVersion': ''}
[2026, 9, 25, 18, 32, 40] ;;; curseforge; {'id': 16130, 'gameVersionTypeID': 615, 'name': '26.1.2', 'slug': '26-1-2', 'apiVersion': ''}
[2026, 9, 25, 18, 32, 40] ;;; curseforge; {'file': ('dynamic_ecosystems-fabric-26.1_1.60.0.jar', <_io.BufferedReader name='.\\releases\\1.60.0\\dynamic_ecosystems-fabric-26.1_1.60.0.jar'>, 'application/jar'), 'metadata': (None, '{"changelog": "", "displayName": "dynamic_ecosystems fabric 26.1 1.60.0", "gameVersions": [7499, 9638, 9639, 15933, 16021, 16082], "gameVersionNames": ["Fabric", "Client", "Server", "26.1", "26.1.1", "26.1.2"], "releaseType": "release", "relations": {"projects": [{"slug": "gstools", "projectID": 1404020, "type": "requiredDependency"}]}}', 'application/json')}
[2026, 9, 25, 18, 32, 46] ;;; curseforge; Mod file uploaded successfully! Response: {'id': 8975500}
[2026, 9, 25, 18, 32, 46] ;;; curseforge; {'id': 7499, 'gameVersionTypeID': 68441, 'name': 'Fabric', 'slug': 'fabric', 'apiVersion': ''}
[2026, 9, 25, 18, 32, 46] ;;; curseforge; {'id': 9638, 'gameVersionTypeID': 75208, 'name': 'Client', 'slug': 'client', 'apiVersion': ''}
[2026, 9, 25, 18, 32, 46] ;;; curseforge; {'id': 9639, 'gameVersionTypeID': 75208, 'name': 'Server', 'slug': 'server', 'apiVersion': ''}
[2026, 9, 25, 18, 32, 46] ;;; curseforge; {'id': 15933, 'gameVersionTypeID': 83806, 'name': '26.1', 'slug': '26-1', 'apiVersion': None}
[2026, 9, 25, 18, 32, 46] ;;; curseforge; {'id': 16083, 'gameVersionTypeID': 1, 'name': '26.1', 'slug': '26-1', 'apiVersion': ''}
[2026, 9, 25, 18, 32, 46] ;;; curseforge; {'id': 16128, 'gameVersionTypeID': 615, 'name': '26.1', 'slug': '26-1', 'apiVersion': ''}
[2026, 9, 25, 18, 32, 46] ;;; curseforge; {'id': 7499, 'gameVersionTypeID': 68441, 'name': 'Fabric', 'slug': 'fabric', 'apiVersion': ''}
[2026, 9, 25, 18, 32, 46] ;;; curseforge; {'id': 9638, 'gameVersionTypeID': 75208, 'name': 'Client', 'slug': 'client', 'apiVersion': ''}
[2026, 9, 25, 18, 32, 46] ;;; curseforge; {'id': 9639, 'gameVersionTypeID': 75208, 'name': 'Server', 'slug': 'server', 'apiVersion': ''}
[2026, 9, 25, 18, 32, 46] ;;; curseforge; {'id': 16021, 'gameVersionTypeID': 83806, 'name': '26.1.1', 'slug': '26-1-1', 'apiVersion': None}
[2026, 9, 25, 18, 32, 46] ;;; curseforge; {'id': 16084, 'gameVersionTypeID': 1, 'name': '26.1.1', 'slug': '26-1-1', 'apiVersion': ''}
[2026, 9, 25, 18, 32, 46] ;;; curseforge; {'id': 16129, 'gameVersionTypeID': 615, 'name': '26.1.1', 'slug': '26-1-1', 'apiVersion': ''}
[2026, 9, 25, 18, 32, 46] ;;; curseforge; {'id': 7499, 'gameVersionTypeID': 68441, 'name': 'Fabric', 'slug': 'fabric', 'apiVersion': ''}
[2026, 9, 25, 18, 32, 46] ;;; curseforge; {'id': 9638, 'gameVersionTypeID': 75208, 'name': 'Client', 'slug': 'client', 'apiVersion': ''}
[2026, 9, 25, 18, 32, 46] ;;; curseforge; {'id': 9639, 'gameVersionTypeID': 75208, 'name': 'Server', 'slug': 'server', 'apiVersion': ''}
[2026, 9, 25, 18, 32, 46] ;;; curseforge; {'id': 16082, 'gameVersionTypeID': 83806, 'name': '26.1.2', 'slug': '26-1-2', 'apiVersion': None}
[2026, 9, 25, 18, 32, 46] ;;; curseforge; {'id': 16085, 'gameVersionTypeID': 1, 'name': '26.1.2', 'slug': '26-1-2', 'apiVersion': ''}
[2026, 9, 25, 18, 32, 46] ;;; curseforge; {'id': 16130, 'gameVersionTypeID': 615, 'name': '26.1.2', 'slug': '26-1-2', 'apiVersion': ''}
[2026, 9, 25, 18, 32, 53] ;;; curseforge; {'id': 7499, 'gameVersionTypeID': 68441, 'name': 'Fabric', 'slug': 'fabric', 'apiVersion': ''}
[2026, 9, 25, 18, 32, 53] ;;; curseforge; {'id': 9638, 'gameVersionTypeID': 75208, 'name': 'Client', 'slug': 'client', 'apiVersion': ''}
[2026, 9, 25, 18, 32, 53] ;;; curseforge; {'id': 9639, 'gameVersionTypeID': 75208, 'name': 'Server', 'slug': 'server', 'apiVersion': ''}
[2026, 9, 25, 18, 32, 53] ;;; curseforge; {'id': 16498, 'gameVersionTypeID': 86297, 'name': '26.2', 'slug': '26-2', 'apiVersion': None}
[2026, 9, 25, 18, 32, 53] ;;; curseforge; {'id': 16500, 'gameVersionTypeID': 1, 'name': '26.2', 'slug': '26-2', 'apiVersion': ''}
[2026, 9, 25, 18, 32, 53] ;;; curseforge; {'file': ('dynamic_ecosystems-fabric-26.2_1.60.0.jar', <_io.BufferedReader name='.\\releases\\1.60.0\\dynamic_ecosystems-fabric-26.2_1.60.0.jar'>, 'application/jar'), 'metadata': (None, '{"changelog": "", "displayName": "dynamic_ecosystems fabric 26.2 1.60.0", "gameVersions": [7499, 9638, 9639, 16498], "gameVersionNames": ["Fabric", "Client", "Server", "26.2"], "releaseType": "release", "relations": {"projects": [{"slug": "gstools", "projectID": 1404020, "type": "requiredDependency"}]}}', 'application/json')}
[2026, 9, 25, 18, 32, 55] ;;; curseforge; Mod file uploaded successfully! Response: {'id': 8975502}
[2026, 9, 25, 18, 32, 55] ;;; curseforge; {'id': 7499, 'gameVersionTypeID': 68441, 'name': 'Fabric', 'slug': 'fabric', 'apiVersion': ''}
[2026, 9, 25, 18, 32, 55] ;;; curseforge; {'id': 9638, 'gameVersionTypeID': 75208, 'name': 'Client', 'slug': 'client', 'apiVersion': ''}
[2026, 9, 25, 18, 32, 55] ;;; curseforge; {'id': 9639, 'gameVersionTypeID': 75208, 'name': 'Server', 'slug': 'server', 'apiVersion': ''}
[2026, 9, 25, 18, 32, 55] ;;; curseforge; {'id': 16498, 'gameVersionTypeID': 86297, 'name': '26.2', 'slug': '26-2', 'apiVersion': None}
[2026, 9, 25, 18, 32, 55] ;;; curseforge; {'id': 16500, 'gameVersionTypeID': 1, 'name': '26.2', 'slug': '26-2', 'apiVersion': ''}
[2026, 9, 25, 18, 33, 0] ;;; curseforge; {'id': 7498, 'gameVersionTypeID': 68441, 'name': 'Forge', 'slug': 'forge', 'apiVersion': ''}
[2026, 9, 25, 18, 33, 0] ;;; curseforge; {'id': 9638, 'gameVersionTypeID': 75208, 'name': 'Client', 'slug': 'client', 'apiVersion': ''}
[2026, 9, 25, 18, 33, 0] ;;; curseforge; {'id': 9639, 'gameVersionTypeID': 75208, 'name': 'Server', 'slug': 'server', 'apiVersion': ''}
[2026, 9, 25, 18, 33, 0] ;;; curseforge; {'id': 9776, 'gameVersionTypeID': 73407, 'name': '1.19.4', 'slug': '1-19-4', 'apiVersion': ''}
[2026, 9, 25, 18, 33, 0] ;;; curseforge; {'id': 9792, 'gameVersionTypeID': 615, 'name': '1.19.4', 'slug': '1-19-4', 'apiVersion': ''}
[2026, 9, 25, 18, 33, 0] ;;; curseforge; {'id': 9973, 'gameVersionTypeID': 1, 'name': '1.19.4', 'slug': '1-19-4', 'apiVersion': ''}
[2026, 9, 25, 18, 33, 0] ;;; curseforge; {'file': ('dynamic_ecosystems-forge-1.19.4_1.60.0.jar', <_io.BufferedReader name='.\\releases\\1.60.0\\dynamic_ecosystems-forge-1.19.4_1.60.0.jar'>, 'application/jar'), 'metadata': (None, '{"changelog": "", "displayName": "dynamic_ecosystems forge 1.19.4 1.60.0", "gameVersions": [7498, 9638, 9639, 9776], "gameVersionNames": ["Forge", "Client", "Server", "1.19.4"], "releaseType": "release", "relations": {"projects": [{"slug": "gstools", "projectID": 1404020, "type": "requiredDependency"}]}}', 'application/json')}
[2026, 9, 25, 18, 33, 5] ;;; curseforge; Mod file uploaded successfully! Response: {'id': 8975503}
[2026, 9, 25, 18, 33, 6] ;;; curseforge; {'id': 7498, 'gameVersionTypeID': 68441, 'name': 'Forge', 'slug': 'forge', 'apiVersion': ''}
[2026, 9, 25, 18, 33, 6] ;;; curseforge; {'id': 9638, 'gameVersionTypeID': 75208, 'name': 'Client', 'slug': 'client', 'apiVersion': ''}
[2026, 9, 25, 18, 33, 6] ;;; curseforge; {'id': 9639, 'gameVersionTypeID': 75208, 'name': 'Server', 'slug': 'server', 'apiVersion': ''}
[2026, 9, 25, 18, 33, 6] ;;; curseforge; {'id': 9776, 'gameVersionTypeID': 73407, 'name': '1.19.4', 'slug': '1-19-4', 'apiVersion': ''}
[2026, 9, 25, 18, 33, 6] ;;; curseforge; {'id': 9792, 'gameVersionTypeID': 615, 'name': '1.19.4', 'slug': '1-19-4', 'apiVersion': ''}
[2026, 9, 25, 18, 33, 6] ;;; curseforge; {'id': 9973, 'gameVersionTypeID': 1, 'name': '1.19.4', 'slug': '1-19-4', 'apiVersion': ''}
[2026, 9, 25, 18, 33, 10] ;;; curseforge; {'id': 7498, 'gameVersionTypeID': 68441, 'name': 'Forge', 'slug': 'forge', 'apiVersion': ''}
[2026, 9, 25, 18, 33, 10] ;;; curseforge; {'id': 9638, 'gameVersionTypeID': 75208, 'name': 'Client', 'slug': 'client', 'apiVersion': ''}
[2026, 9, 25, 18, 33, 10] ;;; curseforge; {'id': 9639, 'gameVersionTypeID': 75208, 'name': 'Server', 'slug': 'server', 'apiVersion': ''}
[2026, 9, 25, 18, 33, 10] ;;; curseforge; {'id': 9990, 'gameVersionTypeID': 75125, 'name': '1.20.1', 'slug': '1-20-1', 'apiVersion': None}
[2026, 9, 25, 18, 33, 10] ;;; curseforge; {'id': 9993, 'gameVersionTypeID': 615, 'name': '1.20.1', 'slug': '1-20-1', 'apiVersion': ''}
[2026, 9, 25, 18, 33, 10] ;;; curseforge; {'id': 9994, 'gameVersionTypeID': 1, 'name': '1.20.1', 'slug': '1-20-1', 'apiVersion': ''}
[2026, 9, 25, 18, 33, 10] ;;; curseforge; {'file': ('dynamic_ecosystems-forge-1.20.1_1.60.0.jar', <_io.BufferedReader name='.\\releases\\1.60.0\\dynamic_ecosystems-forge-1.20.1_1.60.0.jar'>, 'application/jar'), 'metadata': (None, '{"changelog": "", "displayName": "dynamic_ecosystems forge 1.20.1 1.60.0", "gameVersions": [7498, 9638, 9639, 9990], "gameVersionNames": ["Forge", "Client", "Server", "1.20.1"], "releaseType": "release", "relations": {"projects": [{"slug": "gstools", "projectID": 1404020, "type": "requiredDependency"}]}}', 'application/json')}
[2026, 9, 25, 18, 33, 13] ;;; curseforge; Mod file uploaded successfully! Response: {'id': 8975506}
[2026, 9, 25, 18, 33, 13] ;;; curseforge; {'id': 7498, 'gameVersionTypeID': 68441, 'name': 'Forge', 'slug': 'forge', 'apiVersion': ''}
[2026, 9, 25, 18, 33, 13] ;;; curseforge; {'id': 9638, 'gameVersionTypeID': 75208, 'name': 'Client', 'slug': 'client', 'apiVersion': ''}
[2026, 9, 25, 18, 33, 13] ;;; curseforge; {'id': 9639, 'gameVersionTypeID': 75208, 'name': 'Server', 'slug': 'server', 'apiVersion': ''}
[2026, 9, 25, 18, 33, 13] ;;; curseforge; {'id': 9990, 'gameVersionTypeID': 75125, 'name': '1.20.1', 'slug': '1-20-1', 'apiVersion': None}
[2026, 9, 25, 18, 33, 13] ;;; curseforge; {'id': 9993, 'gameVersionTypeID': 615, 'name': '1.20.1', 'slug': '1-20-1', 'apiVersion': ''}
[2026, 9, 25, 18, 33, 13] ;;; curseforge; {'id': 9994, 'gameVersionTypeID': 1, 'name': '1.20.1', 'slug': '1-20-1', 'apiVersion': ''}
[2026, 9, 25, 18, 33, 18] ;;; curseforge; {'id': 9638, 'gameVersionTypeID': 75208, 'name': 'Client', 'slug': 'client', 'apiVersion': ''}
[2026, 9, 25, 18, 33, 18] ;;; curseforge; {'id': 9639, 'gameVersionTypeID': 75208, 'name': 'Server', 'slug': 'server', 'apiVersion': ''}
[2026, 9, 25, 18, 33, 18] ;;; curseforge; {'id': 10150, 'gameVersionTypeID': 68441, 'name': 'NeoForge', 'slug': 'neoforge', 'apiVersion': ''}
[2026, 9, 25, 18, 33, 18] ;;; curseforge; {'id': 10407, 'gameVersionTypeID': 75125, 'name': '1.20.4', 'slug': '1-20-4', 'apiVersion': None}
[2026, 9, 25, 18, 33, 18] ;;; curseforge; {'id': 10742, 'gameVersionTypeID': 1, 'name': '1.20.4', 'slug': '1-20-4', 'apiVersion': ''}
[2026, 9, 25, 18, 33, 18] ;;; curseforge; {'id': 10866, 'gameVersionTypeID': 615, 'name': '1.20.4', 'slug': '1-20-4', 'apiVersion': ''}
[2026, 9, 25, 18, 33, 18] ;;; curseforge; {'file': ('dynamic_ecosystems-neoforge-1.20.4_1.60.0.jar', <_io.BufferedReader name='.\\releases\\1.60.0\\dynamic_ecosystems-neoforge-1.20.4_1.60.0.jar'>, 'application/jar'), 'metadata': (None, '{"changelog": "", "displayName": "dynamic_ecosystems neoforge 1.20.4 1.60.0", "gameVersions": [9638, 9639, 10150, 10407], "gameVersionNames": ["Client", "Server", "NeoForge", "1.20.4"], "releaseType": "release", "relations": {"projects": [{"slug": "gstools", "projectID": 1404020, "type": "requiredDependency"}]}}', 'application/json')}
[2026, 9, 25, 18, 33, 20] ;;; curseforge; Mod file uploaded successfully! Response: {'id': 8975507}
[2026, 9, 25, 18, 33, 20] ;;; curseforge; {'id': 9638, 'gameVersionTypeID': 75208, 'name': 'Client', 'slug': 'client', 'apiVersion': ''}
[2026, 9, 25, 18, 33, 20] ;;; curseforge; {'id': 9639, 'gameVersionTypeID': 75208, 'name': 'Server', 'slug': 'server', 'apiVersion': ''}
[2026, 9, 25, 18, 33, 20] ;;; curseforge; {'id': 10150, 'gameVersionTypeID': 68441, 'name': 'NeoForge', 'slug': 'neoforge', 'apiVersion': ''}
[2026, 9, 25, 18, 33, 20] ;;; curseforge; {'id': 10407, 'gameVersionTypeID': 75125, 'name': '1.20.4', 'slug': '1-20-4', 'apiVersion': None}
[2026, 9, 25, 18, 33, 20] ;;; curseforge; {'id': 10742, 'gameVersionTypeID': 1, 'name': '1.20.4', 'slug': '1-20-4', 'apiVersion': ''}
[2026, 9, 25, 18, 33, 20] ;;; curseforge; {'id': 10866, 'gameVersionTypeID': 615, 'name': '1.20.4', 'slug': '1-20-4', 'apiVersion': ''}
[2026, 9, 25, 18, 33, 29] ;;; curseforge; {'id': 9638, 'gameVersionTypeID': 75208, 'name': 'Client', 'slug': 'client', 'apiVersion': ''}
[2026, 9, 25, 18, 33, 29] ;;; curseforge; {'id': 9639, 'gameVersionTypeID': 75208, 'name': 'Server', 'slug': 'server', 'apiVersion': ''}
[2026, 9, 25, 18, 33, 29] ;;; curseforge; {'id': 10150, 'gameVersionTypeID': 68441, 'name': 'NeoForge', 'slug': 'neoforge', 'apiVersion': ''}
[2026, 9, 25, 18, 33, 29] ;;; curseforge; {'id': 11779, 'gameVersionTypeID': 77784, 'name': '1.21.1', 'slug': '1-21-1', 'apiVersion': None}
[2026, 9, 25, 18, 33, 29] ;;; curseforge; {'id': 12735, 'gameVersionTypeID': 1, 'name': '1.21.1', 'slug': '1-21-1', 'apiVersion': ''}
[2026, 9, 25, 18, 33, 29] ;;; curseforge; {'id': 16115, 'gameVersionTypeID': 615, 'name': '1.21.1', 'slug': '1-21-1', 'apiVersion': ''}
[2026, 9, 25, 18, 33, 29] ;;; curseforge; {'file': ('dynamic_ecosystems-neoforge-1.21.1_1.60.0.jar', <_io.BufferedReader name='.\\releases\\1.60.0\\dynamic_ecosystems-neoforge-1.21.1_1.60.0.jar'>, 'application/jar'), 'metadata': (None, '{"changelog": "", "displayName": "dynamic_ecosystems neoforge 1.21.1 1.60.0", "gameVersions": [9638, 9639, 10150, 11779], "gameVersionNames": ["Client", "Server", "NeoForge", "1.21.1"], "releaseType": "release", "relations": {"projects": [{"slug": "gstools", "projectID": 1404020, "type": "requiredDependency"}]}}', 'application/json')}
[2026, 9, 25, 18, 33, 32] ;;; curseforge; Mod file uploaded successfully! Response: {'id': 8975508}
[2026, 9, 25, 18, 33, 32] ;;; curseforge; {'id': 9638, 'gameVersionTypeID': 75208, 'name': 'Client', 'slug': 'client', 'apiVersion': ''}
[2026, 9, 25, 18, 33, 32] ;;; curseforge; {'id': 9639, 'gameVersionTypeID': 75208, 'name': 'Server', 'slug': 'server', 'apiVersion': ''}
[2026, 9, 25, 18, 33, 32] ;;; curseforge; {'id': 10150, 'gameVersionTypeID': 68441, 'name': 'NeoForge', 'slug': 'neoforge', 'apiVersion': ''}
[2026, 9, 25, 18, 33, 32] ;;; curseforge; {'id': 11779, 'gameVersionTypeID': 77784, 'name': '1.21.1', 'slug': '1-21-1', 'apiVersion': None}
[2026, 9, 25, 18, 33, 32] ;;; curseforge; {'id': 12735, 'gameVersionTypeID': 1, 'name': '1.21.1', 'slug': '1-21-1', 'apiVersion': ''}
[2026, 9, 25, 18, 33, 32] ;;; curseforge; {'id': 16115, 'gameVersionTypeID': 615, 'name': '1.21.1', 'slug': '1-21-1', 'apiVersion': ''}
[2026, 9, 25, 18, 33, 42] ;;; curseforge; {'id': 9638, 'gameVersionTypeID': 75208, 'name': 'Client', 'slug': 'client', 'apiVersion': ''}
[2026, 9, 25, 18, 33, 42] ;;; curseforge; {'id': 9639, 'gameVersionTypeID': 75208, 'name': 'Server', 'slug': 'server', 'apiVersion': ''}
[2026, 9, 25, 18, 33, 42] ;;; curseforge; {'id': 10150, 'gameVersionTypeID': 68441, 'name': 'NeoForge', 'slug': 'neoforge', 'apiVersion': ''}
[2026, 9, 25, 18, 33, 42] ;;; curseforge; {'id': 12079, 'gameVersionTypeID': 77784, 'name': '1.21.2', 'slug': '1-21-2', 'apiVersion': ''}
[2026, 9, 25, 18, 33, 42] ;;; curseforge; {'id': 12736, 'gameVersionTypeID': 1, 'name': '1.21.2', 'slug': '1-21-2', 'apiVersion': ''}
[2026, 9, 25, 18, 33, 42] ;;; curseforge; {'id': 16116, 'gameVersionTypeID': 615, 'name': '1.21.2', 'slug': '1-21-2', 'apiVersion': ''}
[2026, 9, 25, 18, 33, 42] ;;; curseforge; {'id': 9638, 'gameVersionTypeID': 75208, 'name': 'Client', 'slug': 'client', 'apiVersion': ''}
[2026, 9, 25, 18, 33, 42] ;;; curseforge; {'id': 9639, 'gameVersionTypeID': 75208, 'name': 'Server', 'slug': 'server', 'apiVersion': ''}
[2026, 9, 25, 18, 33, 42] ;;; curseforge; {'id': 10150, 'gameVersionTypeID': 68441, 'name': 'NeoForge', 'slug': 'neoforge', 'apiVersion': ''}
[2026, 9, 25, 18, 33, 42] ;;; curseforge; {'id': 12084, 'gameVersionTypeID': 77784, 'name': '1.21.3', 'slug': '1-21-3', 'apiVersion': None}
[2026, 9, 25, 18, 33, 42] ;;; curseforge; {'id': 12737, 'gameVersionTypeID': 1, 'name': '1.21.3', 'slug': '1-21-3', 'apiVersion': ''}
[2026, 9, 25, 18, 33, 42] ;;; curseforge; {'id': 16117, 'gameVersionTypeID': 615, 'name': '1.21.3', 'slug': '1-21-3', 'apiVersion': ''}
[2026, 9, 25, 18, 33, 42] ;;; curseforge; {'file': ('dynamic_ecosystems-neoforge-1.21.2_1.60.0.jar', <_io.BufferedReader name='.\\releases\\1.60.0\\dynamic_ecosystems-neoforge-1.21.2_1.60.0.jar'>, 'application/jar'), 'metadata': (None, '{"changelog": "", "displayName": "dynamic_ecosystems neoforge 1.21.2 1.60.0", "gameVersions": [9638, 9639, 10150, 12079, 12084], "gameVersionNames": ["Client", "Server", "NeoForge", "1.21.2", "1.21.3"], "releaseType": "release", "relations": {"projects": [{"slug": "gstools", "projectID": 1404020, "type": "requiredDependency"}]}}', 'application/json')}
[2026, 9, 25, 18, 33, 44] ;;; curseforge; Mod file uploaded successfully! Response: {'id': 8975509}
[2026, 9, 25, 18, 33, 44] ;;; curseforge; {'id': 9638, 'gameVersionTypeID': 75208, 'name': 'Client', 'slug': 'client', 'apiVersion': ''}
[2026, 9, 25, 18, 33, 44] ;;; curseforge; {'id': 9639, 'gameVersionTypeID': 75208, 'name': 'Server', 'slug': 'server', 'apiVersion': ''}
[2026, 9, 25, 18, 33, 44] ;;; curseforge; {'id': 10150, 'gameVersionTypeID': 68441, 'name': 'NeoForge', 'slug': 'neoforge', 'apiVersion': ''}
[2026, 9, 25, 18, 33, 44] ;;; curseforge; {'id': 12079, 'gameVersionTypeID': 77784, 'name': '1.21.2', 'slug': '1-21-2', 'apiVersion': ''}
[2026, 9, 25, 18, 33, 44] ;;; curseforge; {'id': 12736, 'gameVersionTypeID': 1, 'name': '1.21.2', 'slug': '1-21-2', 'apiVersion': ''}
[2026, 9, 25, 18, 33, 44] ;;; curseforge; {'id': 16116, 'gameVersionTypeID': 615, 'name': '1.21.2', 'slug': '1-21-2', 'apiVersion': ''}
[2026, 9, 25, 18, 33, 44] ;;; curseforge; {'id': 9638, 'gameVersionTypeID': 75208, 'name': 'Client', 'slug': 'client', 'apiVersion': ''}
[2026, 9, 25, 18, 33, 44] ;;; curseforge; {'id': 9639, 'gameVersionTypeID': 75208, 'name': 'Server', 'slug': 'server', 'apiVersion': ''}
[2026, 9, 25, 18, 33, 44] ;;; curseforge; {'id': 10150, 'gameVersionTypeID': 68441, 'name': 'NeoForge', 'slug': 'neoforge', 'apiVersion': ''}
[2026, 9, 25, 18, 33, 44] ;;; curseforge; {'id': 12084, 'gameVersionTypeID': 77784, 'name': '1.21.3', 'slug': '1-21-3', 'apiVersion': None}
[2026, 9, 25, 18, 33, 44] ;;; curseforge; {'id': 12737, 'gameVersionTypeID': 1, 'name': '1.21.3', 'slug': '1-21-3', 'apiVersion': ''}
[2026, 9, 25, 18, 33, 44] ;;; curseforge; {'id': 16117, 'gameVersionTypeID': 615, 'name': '1.21.3', 'slug': '1-21-3', 'apiVersion': ''}
[2026, 9, 25, 18, 33, 53] ;;; curseforge; {'id': 9638, 'gameVersionTypeID': 75208, 'name': 'Client', 'slug': 'client', 'apiVersion': ''}
[2026, 9, 25, 18, 33, 53] ;;; curseforge; {'id': 9639, 'gameVersionTypeID': 75208, 'name': 'Server', 'slug': 'server', 'apiVersion': ''}
[2026, 9, 25, 18, 33, 53] ;;; curseforge; {'id': 10150, 'gameVersionTypeID': 68441, 'name': 'NeoForge', 'slug': 'neoforge', 'apiVersion': ''}
[2026, 9, 25, 18, 33, 53] ;;; curseforge; {'id': 12281, 'gameVersionTypeID': 77784, 'name': '1.21.4', 'slug': '1-21-4', 'apiVersion': None}
[2026, 9, 25, 18, 33, 53] ;;; curseforge; {'id': 12738, 'gameVersionTypeID': 1, 'name': '1.21.4', 'slug': '1-21-4', 'apiVersion': ''}
[2026, 9, 25, 18, 33, 53] ;;; curseforge; {'id': 16118, 'gameVersionTypeID': 615, 'name': '1.21.4', 'slug': '1-21-4', 'apiVersion': ''}
[2026, 9, 25, 18, 33, 53] ;;; curseforge; {'file': ('dynamic_ecosystems-neoforge-1.21.4_1.60.0.jar', <_io.BufferedReader name='.\\releases\\1.60.0\\dynamic_ecosystems-neoforge-1.21.4_1.60.0.jar'>, 'application/jar'), 'metadata': (None, '{"changelog": "", "displayName": "dynamic_ecosystems neoforge 1.21.4 1.60.0", "gameVersions": [9638, 9639, 10150, 12281], "gameVersionNames": ["Client", "Server", "NeoForge", "1.21.4"], "releaseType": "release", "relations": {"projects": [{"slug": "gstools", "projectID": 1404020, "type": "requiredDependency"}]}}', 'application/json')}
[2026, 9, 25, 18, 33, 57] ;;; curseforge; Mod file uploaded successfully! Response: {'id': 8975510}
[2026, 9, 25, 18, 33, 58] ;;; curseforge; {'id': 9638, 'gameVersionTypeID': 75208, 'name': 'Client', 'slug': 'client', 'apiVersion': ''}
[2026, 9, 25, 18, 33, 58] ;;; curseforge; {'id': 9639, 'gameVersionTypeID': 75208, 'name': 'Server', 'slug': 'server', 'apiVersion': ''}
[2026, 9, 25, 18, 33, 58] ;;; curseforge; {'id': 10150, 'gameVersionTypeID': 68441, 'name': 'NeoForge', 'slug': 'neoforge', 'apiVersion': ''}
[2026, 9, 25, 18, 33, 58] ;;; curseforge; {'id': 12281, 'gameVersionTypeID': 77784, 'name': '1.21.4', 'slug': '1-21-4', 'apiVersion': None}
[2026, 9, 25, 18, 33, 58] ;;; curseforge; {'id': 12738, 'gameVersionTypeID': 1, 'name': '1.21.4', 'slug': '1-21-4', 'apiVersion': ''}
[2026, 9, 25, 18, 33, 58] ;;; curseforge; {'id': 16118, 'gameVersionTypeID': 615, 'name': '1.21.4', 'slug': '1-21-4', 'apiVersion': ''}
[2026, 9, 25, 18, 34, 3] ;;; curseforge; {'id': 9638, 'gameVersionTypeID': 75208, 'name': 'Client', 'slug': 'client', 'apiVersion': ''}
[2026, 9, 25, 18, 34, 3] ;;; curseforge; {'id': 9639, 'gameVersionTypeID': 75208, 'name': 'Server', 'slug': 'server', 'apiVersion': ''}
[2026, 9, 25, 18, 34, 3] ;;; curseforge; {'id': 10150, 'gameVersionTypeID': 68441, 'name': 'NeoForge', 'slug': 'neoforge', 'apiVersion': ''}
[2026, 9, 25, 18, 34, 3] ;;; curseforge; {'id': 12934, 'gameVersionTypeID': 77784, 'name': '1.21.5', 'slug': '1-21-5', 'apiVersion': None}
[2026, 9, 25, 18, 34, 3] ;;; curseforge; {'id': 12988, 'gameVersionTypeID': 1, 'name': '1.21.5', 'slug': '1-21-5', 'apiVersion': ''}
[2026, 9, 25, 18, 34, 3] ;;; curseforge; {'id': 16119, 'gameVersionTypeID': 615, 'name': '1.21.5', 'slug': '1-21-5', 'apiVersion': ''}
[2026, 9, 25, 18, 34, 3] ;;; curseforge; {'id': 9638, 'gameVersionTypeID': 75208, 'name': 'Client', 'slug': 'client', 'apiVersion': ''}
[2026, 9, 25, 18, 34, 3] ;;; curseforge; {'id': 9639, 'gameVersionTypeID': 75208, 'name': 'Server', 'slug': 'server', 'apiVersion': ''}
[2026, 9, 25, 18, 34, 3] ;;; curseforge; {'id': 10150, 'gameVersionTypeID': 68441, 'name': 'NeoForge', 'slug': 'neoforge', 'apiVersion': ''}
[2026, 9, 25, 18, 34, 3] ;;; curseforge; {'id': 13506, 'gameVersionTypeID': 77784, 'name': '1.21.7', 'slug': '1-21-7', 'apiVersion': None}
[2026, 9, 25, 18, 34, 3] ;;; curseforge; {'id': 13574, 'gameVersionTypeID': 1, 'name': '1.21.7', 'slug': '1-21-7', 'apiVersion': ''}
[2026, 9, 25, 18, 34, 3] ;;; curseforge; {'id': 16121, 'gameVersionTypeID': 615, 'name': '1.21.7', 'slug': '1-21-7', 'apiVersion': ''}
[2026, 9, 25, 18, 34, 3] ;;; curseforge; {'file': ('dynamic_ecosystems-neoforge-1.21.5_1.60.0.jar', <_io.BufferedReader name='.\\releases\\1.60.0\\dynamic_ecosystems-neoforge-1.21.5_1.60.0.jar'>, 'application/jar'), 'metadata': (None, '{"changelog": "", "displayName": "dynamic_ecosystems neoforge 1.21.5 1.60.0", "gameVersions": [9638, 9639, 10150, 12934, 13506], "gameVersionNames": ["Client", "Server", "NeoForge", "1.21.5", "1.21.7"], "releaseType": "release", "relations": {"projects": [{"slug": "gstools", "projectID": 1404020, "type": "requiredDependency"}]}}', 'application/json')}
[2026, 9, 25, 18, 34, 5] ;;; curseforge; Mod file uploaded successfully! Response: {'id': 8975512}
[2026, 9, 25, 18, 34, 6] ;;; curseforge; {'id': 9638, 'gameVersionTypeID': 75208, 'name': 'Client', 'slug': 'client', 'apiVersion': ''}
[2026, 9, 25, 18, 34, 6] ;;; curseforge; {'id': 9639, 'gameVersionTypeID': 75208, 'name': 'Server', 'slug': 'server', 'apiVersion': ''}
[2026, 9, 25, 18, 34, 6] ;;; curseforge; {'id': 10150, 'gameVersionTypeID': 68441, 'name': 'NeoForge', 'slug': 'neoforge', 'apiVersion': ''}
[2026, 9, 25, 18, 34, 6] ;;; curseforge; {'id': 12934, 'gameVersionTypeID': 77784, 'name': '1.21.5', 'slug': '1-21-5', 'apiVersion': None}
[2026, 9, 25, 18, 34, 6] ;;; curseforge; {'id': 12988, 'gameVersionTypeID': 1, 'name': '1.21.5', 'slug': '1-21-5', 'apiVersion': ''}
[2026, 9, 25, 18, 34, 6] ;;; curseforge; {'id': 16119, 'gameVersionTypeID': 615, 'name': '1.21.5', 'slug': '1-21-5', 'apiVersion': ''}
[2026, 9, 25, 18, 34, 6] ;;; curseforge; {'id': 9638, 'gameVersionTypeID': 75208, 'name': 'Client', 'slug': 'client', 'apiVersion': ''}
[2026, 9, 25, 18, 34, 6] ;;; curseforge; {'id': 9639, 'gameVersionTypeID': 75208, 'name': 'Server', 'slug': 'server', 'apiVersion': ''}
[2026, 9, 25, 18, 34, 6] ;;; curseforge; {'id': 10150, 'gameVersionTypeID': 68441, 'name': 'NeoForge', 'slug': 'neoforge', 'apiVersion': ''}
[2026, 9, 25, 18, 34, 6] ;;; curseforge; {'id': 13506, 'gameVersionTypeID': 77784, 'name': '1.21.7', 'slug': '1-21-7', 'apiVersion': None}
[2026, 9, 25, 18, 34, 6] ;;; curseforge; {'id': 13574, 'gameVersionTypeID': 1, 'name': '1.21.7', 'slug': '1-21-7', 'apiVersion': ''}
[2026, 9, 25, 18, 34, 6] ;;; curseforge; {'id': 16121, 'gameVersionTypeID': 615, 'name': '1.21.7', 'slug': '1-21-7', 'apiVersion': ''}
[2026, 9, 25, 18, 34, 11] ;;; curseforge; {'id': 9638, 'gameVersionTypeID': 75208, 'name': 'Client', 'slug': 'client', 'apiVersion': ''}
[2026, 9, 25, 18, 34, 11] ;;; curseforge; {'id': 9639, 'gameVersionTypeID': 75208, 'name': 'Server', 'slug': 'server', 'apiVersion': ''}
[2026, 9, 25, 18, 34, 11] ;;; curseforge; {'id': 10150, 'gameVersionTypeID': 68441, 'name': 'NeoForge', 'slug': 'neoforge', 'apiVersion': ''}
[2026, 9, 25, 18, 34, 11] ;;; curseforge; {'id': 13620, 'gameVersionTypeID': 77784, 'name': '1.21.8', 'slug': '1-21-8', 'apiVersion': None}
[2026, 9, 25, 18, 34, 11] ;;; curseforge; {'id': 13683, 'gameVersionTypeID': 1, 'name': '1.21.8', 'slug': '1-21-8', 'apiVersion': ''}
[2026, 9, 25, 18, 34, 11] ;;; curseforge; {'id': 16124, 'gameVersionTypeID': 615, 'name': '1.21.8', 'slug': '1-21-8', 'apiVersion': ''}
[2026, 9, 25, 18, 34, 11] ;;; curseforge; {'id': 9638, 'gameVersionTypeID': 75208, 'name': 'Client', 'slug': 'client', 'apiVersion': ''}
[2026, 9, 25, 18, 34, 11] ;;; curseforge; {'id': 9639, 'gameVersionTypeID': 75208, 'name': 'Server', 'slug': 'server', 'apiVersion': ''}
[2026, 9, 25, 18, 34, 11] ;;; curseforge; {'id': 10150, 'gameVersionTypeID': 68441, 'name': 'NeoForge', 'slug': 'neoforge', 'apiVersion': ''}
[2026, 9, 25, 18, 34, 11] ;;; curseforge; {'id': 13927, 'gameVersionTypeID': 77784, 'name': '1.21.9', 'slug': '1-21-9', 'apiVersion': None}
[2026, 9, 25, 18, 34, 11] ;;; curseforge; {'id': 13933, 'gameVersionTypeID': 1, 'name': '1.21.9', 'slug': '1-21-9', 'apiVersion': ''}
[2026, 9, 25, 18, 34, 11] ;;; curseforge; {'id': 16125, 'gameVersionTypeID': 615, 'name': '1.21.9', 'slug': '1-21-9', 'apiVersion': ''}
[2026, 9, 25, 18, 34, 11] ;;; curseforge; {'id': 9638, 'gameVersionTypeID': 75208, 'name': 'Client', 'slug': 'client', 'apiVersion': ''}
[2026, 9, 25, 18, 34, 11] ;;; curseforge; {'id': 9639, 'gameVersionTypeID': 75208, 'name': 'Server', 'slug': 'server', 'apiVersion': ''}
[2026, 9, 25, 18, 34, 11] ;;; curseforge; {'id': 10150, 'gameVersionTypeID': 68441, 'name': 'NeoForge', 'slug': 'neoforge', 'apiVersion': ''}
[2026, 9, 25, 18, 34, 11] ;;; curseforge; {'id': 13964, 'gameVersionTypeID': 77784, 'name': '1.21.10', 'slug': '1-21-10', 'apiVersion': None}
[2026, 9, 25, 18, 34, 11] ;;; curseforge; {'id': 13966, 'gameVersionTypeID': 1, 'name': '1.21.10', 'slug': '1-21-10', 'apiVersion': ''}
[2026, 9, 25, 18, 34, 11] ;;; curseforge; {'id': 16126, 'gameVersionTypeID': 615, 'name': '1.21.10', 'slug': '1-21-10', 'apiVersion': ''}
[2026, 9, 25, 18, 34, 11] ;;; curseforge; {'id': 9638, 'gameVersionTypeID': 75208, 'name': 'Client', 'slug': 'client', 'apiVersion': ''}
[2026, 9, 25, 18, 34, 11] ;;; curseforge; {'id': 9639, 'gameVersionTypeID': 75208, 'name': 'Server', 'slug': 'server', 'apiVersion': ''}
[2026, 9, 25, 18, 34, 11] ;;; curseforge; {'id': 10150, 'gameVersionTypeID': 68441, 'name': 'NeoForge', 'slug': 'neoforge', 'apiVersion': ''}
[2026, 9, 25, 18, 34, 11] ;;; curseforge; {'id': 14406, 'gameVersionTypeID': 77784, 'name': '1.21.11', 'slug': '1-21-11', 'apiVersion': None}
[2026, 9, 25, 18, 34, 11] ;;; curseforge; {'id': 14417, 'gameVersionTypeID': 1, 'name': '1.21.11', 'slug': '1-21-11', 'apiVersion': ''}
[2026, 9, 25, 18, 34, 11] ;;; curseforge; {'id': 16127, 'gameVersionTypeID': 615, 'name': '1.21.11', 'slug': '1-21-11', 'apiVersion': ''}
[2026, 9, 25, 18, 34, 11] ;;; curseforge; {'file': ('dynamic_ecosystems-neoforge-1.21.8_1.60.0.jar', <_io.BufferedReader name='.\\releases\\1.60.0\\dynamic_ecosystems-neoforge-1.21.8_1.60.0.jar'>, 'application/jar'), 'metadata': (None, '{"changelog": "", "displayName": "dynamic_ecosystems neoforge 1.21.8 1.60.0", "gameVersions": [9638, 9639, 10150, 13620, 13927, 13964, 14406], "gameVersionNames": ["Client", "Server", "NeoForge", "1.21.8", "1.21.9", "1.21.10", "1.21.11"], "releaseType": "release", "relations": {"projects": [{"slug": "gstools", "projectID": 1404020, "type": "requiredDependency"}]}}', 'application/json')}
[2026, 9, 25, 18, 34, 13] ;;; curseforge; Mod file uploaded successfully! Response: {'id': 8975513}
[2026, 9, 25, 18, 34, 14] ;;; curseforge; {'id': 9638, 'gameVersionTypeID': 75208, 'name': 'Client', 'slug': 'client', 'apiVersion': ''}
[2026, 9, 25, 18, 34, 14] ;;; curseforge; {'id': 9639, 'gameVersionTypeID': 75208, 'name': 'Server', 'slug': 'server', 'apiVersion': ''}
[2026, 9, 25, 18, 34, 14] ;;; curseforge; {'id': 10150, 'gameVersionTypeID': 68441, 'name': 'NeoForge', 'slug': 'neoforge', 'apiVersion': ''}
[2026, 9, 25, 18, 34, 14] ;;; curseforge; {'id': 13620, 'gameVersionTypeID': 77784, 'name': '1.21.8', 'slug': '1-21-8', 'apiVersion': None}
[2026, 9, 25, 18, 34, 14] ;;; curseforge; {'id': 13683, 'gameVersionTypeID': 1, 'name': '1.21.8', 'slug': '1-21-8', 'apiVersion': ''}
[2026, 9, 25, 18, 34, 14] ;;; curseforge; {'id': 16124, 'gameVersionTypeID': 615, 'name': '1.21.8', 'slug': '1-21-8', 'apiVersion': ''}
[2026, 9, 25, 18, 34, 14] ;;; curseforge; {'id': 9638, 'gameVersionTypeID': 75208, 'name': 'Client', 'slug': 'client', 'apiVersion': ''}
[2026, 9, 25, 18, 34, 14] ;;; curseforge; {'id': 9639, 'gameVersionTypeID': 75208, 'name': 'Server', 'slug': 'server', 'apiVersion': ''}
[2026, 9, 25, 18, 34, 14] ;;; curseforge; {'id': 10150, 'gameVersionTypeID': 68441, 'name': 'NeoForge', 'slug': 'neoforge', 'apiVersion': ''}
[2026, 9, 25, 18, 34, 14] ;;; curseforge; {'id': 13927, 'gameVersionTypeID': 77784, 'name': '1.21.9', 'slug': '1-21-9', 'apiVersion': None}
[2026, 9, 25, 18, 34, 14] ;;; curseforge; {'id': 13933, 'gameVersionTypeID': 1, 'name': '1.21.9', 'slug': '1-21-9', 'apiVersion': ''}
[2026, 9, 25, 18, 34, 14] ;;; curseforge; {'id': 16125, 'gameVersionTypeID': 615, 'name': '1.21.9', 'slug': '1-21-9', 'apiVersion': ''}
[2026, 9, 25, 18, 34, 14] ;;; curseforge; {'id': 9638, 'gameVersionTypeID': 75208, 'name': 'Client', 'slug': 'client', 'apiVersion': ''}
[2026, 9, 25, 18, 34, 14] ;;; curseforge; {'id': 9639, 'gameVersionTypeID': 75208, 'name': 'Server', 'slug': 'server', 'apiVersion': ''}
[2026, 9, 25, 18, 34, 14] ;;; curseforge; {'id': 10150, 'gameVersionTypeID': 68441, 'name': 'NeoForge', 'slug': 'neoforge', 'apiVersion': ''}
[2026, 9, 25, 18, 34, 14] ;;; curseforge; {'id': 13964, 'gameVersionTypeID': 77784, 'name': '1.21.10', 'slug': '1-21-10', 'apiVersion': None}
[2026, 9, 25, 18, 34, 14] ;;; curseforge; {'id': 13966, 'gameVersionTypeID': 1, 'name': '1.21.10', 'slug': '1-21-10', 'apiVersion': ''}
[2026, 9, 25, 18, 34, 14] ;;; curseforge; {'id': 16126, 'gameVersionTypeID': 615, 'name': '1.21.10', 'slug': '1-21-10', 'apiVersion': ''}
[2026, 9, 25, 18, 34, 14] ;;; curseforge; {'id': 9638, 'gameVersionTypeID': 75208, 'name': 'Client', 'slug': 'client', 'apiVersion': ''}
[2026, 9, 25, 18, 34, 14] ;;; curseforge; {'id': 9639, 'gameVersionTypeID': 75208, 'name': 'Server', 'slug': 'server', 'apiVersion': ''}
[2026, 9, 25, 18, 34, 14] ;;; curseforge; {'id': 10150, 'gameVersionTypeID': 68441, 'name': 'NeoForge', 'slug': 'neoforge', 'apiVersion': ''}
[2026, 9, 25, 18, 34, 14] ;;; curseforge; {'id': 14406, 'gameVersionTypeID': 77784, 'name': '1.21.11', 'slug': '1-21-11', 'apiVersion': None}
[2026, 9, 25, 18, 34, 14] ;;; curseforge; {'id': 14417, 'gameVersionTypeID': 1, 'name': '1.21.11', 'slug': '1-21-11', 'apiVersion': ''}
[2026, 9, 25, 18, 34, 14] ;;; curseforge; {'id': 16127, 'gameVersionTypeID': 615, 'name': '1.21.11', 'slug': '1-21-11', 'apiVersion': ''}
[2026, 9, 25, 18, 34, 19] ;;; curseforge; {'id': 9638, 'gameVersionTypeID': 75208, 'name': 'Client', 'slug': 'client', 'apiVersion': ''}
[2026, 9, 25, 18, 34, 19] ;;; curseforge; {'id': 9639, 'gameVersionTypeID': 75208, 'name': 'Server', 'slug': 'server', 'apiVersion': ''}
[2026, 9, 25, 18, 34, 19] ;;; curseforge; {'id': 10150, 'gameVersionTypeID': 68441, 'name': 'NeoForge', 'slug': 'neoforge', 'apiVersion': ''}
[2026, 9, 25, 18, 34, 19] ;;; curseforge; {'id': 15933, 'gameVersionTypeID': 83806, 'name': '26.1', 'slug': '26-1', 'apiVersion': None}
[2026, 9, 25, 18, 34, 19] ;;; curseforge; {'id': 16083, 'gameVersionTypeID': 1, 'name': '26.1', 'slug': '26-1', 'apiVersion': ''}
[2026, 9, 25, 18, 34, 19] ;;; curseforge; {'id': 16128, 'gameVersionTypeID': 615, 'name': '26.1', 'slug': '26-1', 'apiVersion': ''}
[2026, 9, 25, 18, 34, 19] ;;; curseforge; {'id': 9638, 'gameVersionTypeID': 75208, 'name': 'Client', 'slug': 'client', 'apiVersion': ''}
[2026, 9, 25, 18, 34, 19] ;;; curseforge; {'id': 9639, 'gameVersionTypeID': 75208, 'name': 'Server', 'slug': 'server', 'apiVersion': ''}
[2026, 9, 25, 18, 34, 19] ;;; curseforge; {'id': 10150, 'gameVersionTypeID': 68441, 'name': 'NeoForge', 'slug': 'neoforge', 'apiVersion': ''}
[2026, 9, 25, 18, 34, 19] ;;; curseforge; {'id': 16021, 'gameVersionTypeID': 83806, 'name': '26.1.1', 'slug': '26-1-1', 'apiVersion': None}
[2026, 9, 25, 18, 34, 19] ;;; curseforge; {'id': 16084, 'gameVersionTypeID': 1, 'name': '26.1.1', 'slug': '26-1-1', 'apiVersion': ''}
[2026, 9, 25, 18, 34, 19] ;;; curseforge; {'id': 16129, 'gameVersionTypeID': 615, 'name': '26.1.1', 'slug': '26-1-1', 'apiVersion': ''}
[2026, 9, 25, 18, 34, 19] ;;; curseforge; {'id': 9638, 'gameVersionTypeID': 75208, 'name': 'Client', 'slug': 'client', 'apiVersion': ''}
[2026, 9, 25, 18, 34, 19] ;;; curseforge; {'id': 9639, 'gameVersionTypeID': 75208, 'name': 'Server', 'slug': 'server', 'apiVersion': ''}
[2026, 9, 25, 18, 34, 19] ;;; curseforge; {'id': 10150, 'gameVersionTypeID': 68441, 'name': 'NeoForge', 'slug': 'neoforge', 'apiVersion': ''}
[2026, 9, 25, 18, 34, 19] ;;; curseforge; {'id': 16082, 'gameVersionTypeID': 83806, 'name': '26.1.2', 'slug': '26-1-2', 'apiVersion': None}
[2026, 9, 25, 18, 34, 19] ;;; curseforge; {'id': 16085, 'gameVersionTypeID': 1, 'name': '26.1.2', 'slug': '26-1-2', 'apiVersion': ''}
[2026, 9, 25, 18, 34, 19] ;;; curseforge; {'id': 16130, 'gameVersionTypeID': 615, 'name': '26.1.2', 'slug': '26-1-2', 'apiVersion': ''}
[2026, 9, 25, 18, 34, 19] ;;; curseforge; {'file': ('dynamic_ecosystems-neoforge-26.1_1.60.0.jar', <_io.BufferedReader name='.\\releases\\1.60.0\\dynamic_ecosystems-neoforge-26.1_1.60.0.jar'>, 'application/jar'), 'metadata': (None, '{"changelog": "", "displayName": "dynamic_ecosystems neoforge 26.1 1.60.0", "gameVersions": [9638, 9639, 10150, 15933, 16021, 16082], "gameVersionNames": ["Client", "Server", "NeoForge", "26.1", "26.1.1", "26.1.2"], "releaseType": "release", "relations": {"projects": [{"slug": "gstools", "projectID": 1404020, "type": "requiredDependency"}]}}', 'application/json')}
[2026, 9, 25, 18, 34, 21] ;;; curseforge; Mod file uploaded successfully! Response: {'id': 8975515}
[2026, 9, 25, 18, 34, 21] ;;; curseforge; {'id': 9638, 'gameVersionTypeID': 75208, 'name': 'Client', 'slug': 'client', 'apiVersion': ''}
[2026, 9, 25, 18, 34, 21] ;;; curseforge; {'id': 9639, 'gameVersionTypeID': 75208, 'name': 'Server', 'slug': 'server', 'apiVersion': ''}
[2026, 9, 25, 18, 34, 21] ;;; curseforge; {'id': 10150, 'gameVersionTypeID': 68441, 'name': 'NeoForge', 'slug': 'neoforge', 'apiVersion': ''}
[2026, 9, 25, 18, 34, 21] ;;; curseforge; {'id': 15933, 'gameVersionTypeID': 83806, 'name': '26.1', 'slug': '26-1', 'apiVersion': None}
[2026, 9, 25, 18, 34, 21] ;;; curseforge; {'id': 16083, 'gameVersionTypeID': 1, 'name': '26.1', 'slug': '26-1', 'apiVersion': ''}
[2026, 9, 25, 18, 34, 21] ;;; curseforge; {'id': 16128, 'gameVersionTypeID': 615, 'name': '26.1', 'slug': '26-1', 'apiVersion': ''}
[2026, 9, 25, 18, 34, 21] ;;; curseforge; {'id': 9638, 'gameVersionTypeID': 75208, 'name': 'Client', 'slug': 'client', 'apiVersion': ''}
[2026, 9, 25, 18, 34, 21] ;;; curseforge; {'id': 9639, 'gameVersionTypeID': 75208, 'name': 'Server', 'slug': 'server', 'apiVersion': ''}
[2026, 9, 25, 18, 34, 21] ;;; curseforge; {'id': 10150, 'gameVersionTypeID': 68441, 'name': 'NeoForge', 'slug': 'neoforge', 'apiVersion': ''}
[2026, 9, 25, 18, 34, 21] ;;; curseforge; {'id': 16021, 'gameVersionTypeID': 83806, 'name': '26.1.1', 'slug': '26-1-1', 'apiVersion': None}
[2026, 9, 25, 18, 34, 21] ;;; curseforge; {'id': 16084, 'gameVersionTypeID': 1, 'name': '26.1.1', 'slug': '26-1-1', 'apiVersion': ''}
[2026, 9, 25, 18, 34, 21] ;;; curseforge; {'id': 16129, 'gameVersionTypeID': 615, 'name': '26.1.1', 'slug': '26-1-1', 'apiVersion': ''}
[2026, 9, 25, 18, 34, 21] ;;; curseforge; {'id': 9638, 'gameVersionTypeID': 75208, 'name': 'Client', 'slug': 'client', 'apiVersion': ''}
[2026, 9, 25, 18, 34, 21] ;;; curseforge; {'id': 9639, 'gameVersionTypeID': 75208, 'name': 'Server', 'slug': 'server', 'apiVersion': ''}
[2026, 9, 25, 18, 34, 21] ;;; curseforge; {'id': 10150, 'gameVersionTypeID': 68441, 'name': 'NeoForge', 'slug': 'neoforge', 'apiVersion': ''}
[2026, 9, 25, 18, 34, 21] ;;; curseforge; {'id': 16082, 'gameVersionTypeID': 83806, 'name': '26.1.2', 'slug': '26-1-2', 'apiVersion': None}
[2026, 9, 25, 18, 34, 21] ;;; curseforge; {'id': 16085, 'gameVersionTypeID': 1, 'name': '26.1.2', 'slug': '26-1-2', 'apiVersion': ''}
[2026, 9, 25, 18, 34, 21] ;;; curseforge; {'id': 16130, 'gameVersionTypeID': 615, 'name': '26.1.2', 'slug': '26-1-2', 'apiVersion': ''}
[2026, 9, 25, 18, 34, 26] ;;; curseforge; {'id': 9638, 'gameVersionTypeID': 75208, 'name': 'Client', 'slug': 'client', 'apiVersion': ''}
[2026, 9, 25, 18, 34, 26] ;;; curseforge; {'id': 9639, 'gameVersionTypeID': 75208, 'name': 'Server', 'slug': 'server', 'apiVersion': ''}
[2026, 9, 25, 18, 34, 26] ;;; curseforge; {'id': 10150, 'gameVersionTypeID': 68441, 'name': 'NeoForge', 'slug': 'neoforge', 'apiVersion': ''}
[2026, 9, 25, 18, 34, 26] ;;; curseforge; {'id': 16498, 'gameVersionTypeID': 86297, 'name': '26.2', 'slug': '26-2', 'apiVersion': None}
[2026, 9, 25, 18, 34, 26] ;;; curseforge; {'id': 16500, 'gameVersionTypeID': 1, 'name': '26.2', 'slug': '26-2', 'apiVersion': ''}
[2026, 9, 25, 18, 34, 26] ;;; curseforge; {'file': ('dynamic_ecosystems-neoforge-26.2_1.60.0.jar', <_io.BufferedReader name='.\\releases\\1.60.0\\dynamic_ecosystems-neoforge-26.2_1.60.0.jar'>, 'application/jar'), 'metadata': (None, '{"changelog": "", "displayName": "dynamic_ecosystems neoforge 26.2 1.60.0", "gameVersions": [9638, 9639, 10150, 16498], "gameVersionNames": ["Client", "Server", "NeoForge", "26.2"], "releaseType": "release", "relations": {"projects": [{"slug": "gstools", "projectID": 1404020, "type": "requiredDependency"}]}}', 'application/json')}
[2026, 9, 25, 18, 34, 27] ;;; curseforge; Mod file uploaded successfully! Response: {'id': 8975516}
[2026, 9, 25, 18, 34, 27] ;;; curseforge; {'id': 9638, 'gameVersionTypeID': 75208, 'name': 'Client', 'slug': 'client', 'apiVersion': ''}
[2026, 9, 25, 18, 34, 27] ;;; curseforge; {'id': 9639, 'gameVersionTypeID': 75208, 'name': 'Server', 'slug': 'server', 'apiVersion': ''}
[2026, 9, 25, 18, 34, 27] ;;; curseforge; {'id': 10150, 'gameVersionTypeID': 68441, 'name': 'NeoForge', 'slug': 'neoforge', 'apiVersion': ''}
[2026, 9, 25, 18, 34, 27] ;;; curseforge; {'id': 16498, 'gameVersionTypeID': 86297, 'name': '26.2', 'slug': '26-2', 'apiVersion': None}
[2026, 9, 25, 18, 34, 27] ;;; curseforge; {'id': 16500, 'gameVersionTypeID': 1, 'name': '26.2', 'slug': '26-2', 'apiVersion': ''}
[2026, 9, 25, 18, 34, 31] ;;; curseforge; {'id': 7499, 'gameVersionTypeID': 68441, 'name': 'Fabric', 'slug': 'fabric', 'apiVersion': ''}
[2026, 9, 25, 18, 34, 31] ;;; curseforge; {'id': 9638, 'gameVersionTypeID': 75208, 'name': 'Client', 'slug': 'client', 'apiVersion': ''}
[2026, 9, 25, 18, 34, 31] ;;; curseforge; {'id': 9639, 'gameVersionTypeID': 75208, 'name': 'Server', 'slug': 'server', 'apiVersion': ''}
[2026, 9, 25, 18, 34, 31] ;;; curseforge; {'id': 13927, 'gameVersionTypeID': 77784, 'name': '1.21.9', 'slug': '1-21-9', 'apiVersion': None}
[2026, 9, 25, 18, 34, 31] ;;; curseforge; {'id': 13933, 'gameVersionTypeID': 1, 'name': '1.21.9', 'slug': '1-21-9', 'apiVersion': ''}
[2026, 9, 25, 18, 34, 31] ;;; curseforge; {'id': 16125, 'gameVersionTypeID': 615, 'name': '1.21.9', 'slug': '1-21-9', 'apiVersion': ''}
[2026, 9, 25, 18, 34, 31] ;;; curseforge; {'id': 7499, 'gameVersionTypeID': 68441, 'name': 'Fabric', 'slug': 'fabric', 'apiVersion': ''}
[2026, 9, 25, 18, 34, 31] ;;; curseforge; {'id': 9638, 'gameVersionTypeID': 75208, 'name': 'Client', 'slug': 'client', 'apiVersion': ''}
[2026, 9, 25, 18, 34, 31] ;;; curseforge; {'id': 9639, 'gameVersionTypeID': 75208, 'name': 'Server', 'slug': 'server', 'apiVersion': ''}
[2026, 9, 25, 18, 34, 31] ;;; curseforge; {'id': 13964, 'gameVersionTypeID': 77784, 'name': '1.21.10', 'slug': '1-21-10', 'apiVersion': None}
[2026, 9, 25, 18, 34, 31] ;;; curseforge; {'id': 13966, 'gameVersionTypeID': 1, 'name': '1.21.10', 'slug': '1-21-10', 'apiVersion': ''}
[2026, 9, 25, 18, 34, 31] ;;; curseforge; {'id': 16126, 'gameVersionTypeID': 615, 'name': '1.21.10', 'slug': '1-21-10', 'apiVersion': ''}
[2026, 9, 25, 18, 34, 31] ;;; curseforge; {'id': 7499, 'gameVersionTypeID': 68441, 'name': 'Fabric', 'slug': 'fabric', 'apiVersion': ''}
[2026, 9, 25, 18, 34, 31] ;;; curseforge; {'id': 9638, 'gameVersionTypeID': 75208, 'name': 'Client', 'slug': 'client', 'apiVersion': ''}
[2026, 9, 25, 18, 34, 31] ;;; curseforge; {'id': 9639, 'gameVersionTypeID': 75208, 'name': 'Server', 'slug': 'server', 'apiVersion': ''}
[2026, 9, 25, 18, 34, 31] ;;; curseforge; {'id': 14406, 'gameVersionTypeID': 77784, 'name': '1.21.11', 'slug': '1-21-11', 'apiVersion': None}
[2026, 9, 25, 18, 34, 31] ;;; curseforge; {'id': 14417, 'gameVersionTypeID': 1, 'name': '1.21.11', 'slug': '1-21-11', 'apiVersion': ''}
[2026, 9, 25, 18, 34, 31] ;;; curseforge; {'id': 16127, 'gameVersionTypeID': 615, 'name': '1.21.11', 'slug': '1-21-11', 'apiVersion': ''}
[2026, 9, 25, 18, 34, 31] ;;; curseforge; {'file': ('gothic_horror-fabric-1.21.9_1.60.0.jar', <_io.BufferedReader name='.\\releases\\1.60.0\\gothic_horror-fabric-1.21.9_1.60.0.jar'>, 'application/jar'), 'metadata': (None, '{"changelog": "", "displayName": "gothic_horror fabric 1.21.9 1.60.0", "gameVersions": [7499, 9638, 9639, 13927, 13964, 14406], "gameVersionNames": ["Fabric", "Client", "Server", "1.21.9", "1.21.10", "1.21.11"], "releaseType": "release", "relations": {"projects": [{"slug": "gstools", "projectID": 1404020, "type": "requiredDependency"}]}}', 'application/json')}
[2026, 9, 25, 18, 34, 38] ;;; curseforge; Mod file uploaded successfully! Response: {'id': 8975518}
[2026, 9, 25, 18, 34, 38] ;;; curseforge; {'id': 7499, 'gameVersionTypeID': 68441, 'name': 'Fabric', 'slug': 'fabric', 'apiVersion': ''}
[2026, 9, 25, 18, 34, 38] ;;; curseforge; {'id': 9638, 'gameVersionTypeID': 75208, 'name': 'Client', 'slug': 'client', 'apiVersion': ''}
[2026, 9, 25, 18, 34, 38] ;;; curseforge; {'id': 9639, 'gameVersionTypeID': 75208, 'name': 'Server', 'slug': 'server', 'apiVersion': ''}
[2026, 9, 25, 18, 34, 38] ;;; curseforge; {'id': 13927, 'gameVersionTypeID': 77784, 'name': '1.21.9', 'slug': '1-21-9', 'apiVersion': None}
[2026, 9, 25, 18, 34, 38] ;;; curseforge; {'id': 13933, 'gameVersionTypeID': 1, 'name': '1.21.9', 'slug': '1-21-9', 'apiVersion': ''}
[2026, 9, 25, 18, 34, 38] ;;; curseforge; {'id': 16125, 'gameVersionTypeID': 615, 'name': '1.21.9', 'slug': '1-21-9', 'apiVersion': ''}
[2026, 9, 25, 18, 34, 38] ;;; curseforge; {'id': 7499, 'gameVersionTypeID': 68441, 'name': 'Fabric', 'slug': 'fabric', 'apiVersion': ''}
[2026, 9, 25, 18, 34, 38] ;;; curseforge; {'id': 9638, 'gameVersionTypeID': 75208, 'name': 'Client', 'slug': 'client', 'apiVersion': ''}
[2026, 9, 25, 18, 34, 38] ;;; curseforge; {'id': 9639, 'gameVersionTypeID': 75208, 'name': 'Server', 'slug': 'server', 'apiVersion': ''}
[2026, 9, 25, 18, 34, 38] ;;; curseforge; {'id': 13964, 'gameVersionTypeID': 77784, 'name': '1.21.10', 'slug': '1-21-10', 'apiVersion': None}
[2026, 9, 25, 18, 34, 38] ;;; curseforge; {'id': 13966, 'gameVersionTypeID': 1, 'name': '1.21.10', 'slug': '1-21-10', 'apiVersion': ''}
[2026, 9, 25, 18, 34, 38] ;;; curseforge; {'id': 16126, 'gameVersionTypeID': 615, 'name': '1.21.10', 'slug': '1-21-10', 'apiVersion': ''}
[2026, 9, 25, 18, 34, 38] ;;; curseforge; {'id': 7499, 'gameVersionTypeID': 68441, 'name': 'Fabric', 'slug': 'fabric', 'apiVersion': ''}
[2026, 9, 25, 18, 34, 38] ;;; curseforge; {'id': 9638, 'gameVersionTypeID': 75208, 'name': 'Client', 'slug': 'client', 'apiVersion': ''}
[2026, 9, 25, 18, 34, 38] ;;; curseforge; {'id': 9639, 'gameVersionTypeID': 75208, 'name': 'Server', 'slug': 'server', 'apiVersion': ''}
[2026, 9, 25, 18, 34, 38] ;;; curseforge; {'id': 14406, 'gameVersionTypeID': 77784, 'name': '1.21.11', 'slug': '1-21-11', 'apiVersion': None}
[2026, 9, 25, 18, 34, 38] ;;; curseforge; {'id': 14417, 'gameVersionTypeID': 1, 'name': '1.21.11', 'slug': '1-21-11', 'apiVersion': ''}
[2026, 9, 25, 18, 34, 38] ;;; curseforge; {'id': 16127, 'gameVersionTypeID': 615, 'name': '1.21.11', 'slug': '1-21-11', 'apiVersion': ''}
[2026, 9, 25, 18, 34, 48] ;;; curseforge; {'id': 7499, 'gameVersionTypeID': 68441, 'name': 'Fabric', 'slug': 'fabric', 'apiVersion': ''}
[2026, 9, 25, 18, 34, 48] ;;; curseforge; {'id': 9638, 'gameVersionTypeID': 75208, 'name': 'Client', 'slug': 'client', 'apiVersion': ''}
[2026, 9, 25, 18, 34, 48] ;;; curseforge; {'id': 9639, 'gameVersionTypeID': 75208, 'name': 'Server', 'slug': 'server', 'apiVersion': ''}
[2026, 9, 25, 18, 34, 48] ;;; curseforge; {'id': 15933, 'gameVersionTypeID': 83806, 'name': '26.1', 'slug': '26-1', 'apiVersion': None}
[2026, 9, 25, 18, 34, 48] ;;; curseforge; {'id': 16083, 'gameVersionTypeID': 1, 'name': '26.1', 'slug': '26-1', 'apiVersion': ''}
[2026, 9, 25, 18, 34, 48] ;;; curseforge; {'id': 16128, 'gameVersionTypeID': 615, 'name': '26.1', 'slug': '26-1', 'apiVersion': ''}
[2026, 9, 25, 18, 34, 48] ;;; curseforge; {'id': 7499, 'gameVersionTypeID': 68441, 'name': 'Fabric', 'slug': 'fabric', 'apiVersion': ''}
[2026, 9, 25, 18, 34, 48] ;;; curseforge; {'id': 9638, 'gameVersionTypeID': 75208, 'name': 'Client', 'slug': 'client', 'apiVersion': ''}
[2026, 9, 25, 18, 34, 48] ;;; curseforge; {'id': 9639, 'gameVersionTypeID': 75208, 'name': 'Server', 'slug': 'server', 'apiVersion': ''}
[2026, 9, 25, 18, 34, 48] ;;; curseforge; {'id': 16021, 'gameVersionTypeID': 83806, 'name': '26.1.1', 'slug': '26-1-1', 'apiVersion': None}
[2026, 9, 25, 18, 34, 48] ;;; curseforge; {'id': 16084, 'gameVersionTypeID': 1, 'name': '26.1.1', 'slug': '26-1-1', 'apiVersion': ''}
[2026, 9, 25, 18, 34, 48] ;;; curseforge; {'id': 16129, 'gameVersionTypeID': 615, 'name': '26.1.1', 'slug': '26-1-1', 'apiVersion': ''}
[2026, 9, 25, 18, 34, 48] ;;; curseforge; {'id': 7499, 'gameVersionTypeID': 68441, 'name': 'Fabric', 'slug': 'fabric', 'apiVersion': ''}
[2026, 9, 25, 18, 34, 48] ;;; curseforge; {'id': 9638, 'gameVersionTypeID': 75208, 'name': 'Client', 'slug': 'client', 'apiVersion': ''}
[2026, 9, 25, 18, 34, 48] ;;; curseforge; {'id': 9639, 'gameVersionTypeID': 75208, 'name': 'Server', 'slug': 'server', 'apiVersion': ''}
[2026, 9, 25, 18, 34, 48] ;;; curseforge; {'id': 16082, 'gameVersionTypeID': 83806, 'name': '26.1.2', 'slug': '26-1-2', 'apiVersion': None}
[2026, 9, 25, 18, 34, 48] ;;; curseforge; {'id': 16085, 'gameVersionTypeID': 1, 'name': '26.1.2', 'slug': '26-1-2', 'apiVersion': ''}
[2026, 9, 25, 18, 34, 48] ;;; curseforge; {'id': 16130, 'gameVersionTypeID': 615, 'name': '26.1.2', 'slug': '26-1-2', 'apiVersion': ''}
[2026, 9, 25, 18, 34, 48] ;;; curseforge; {'file': ('gothic_horror-fabric-26.1_1.60.0.jar', <_io.BufferedReader name='.\\releases\\1.60.0\\gothic_horror-fabric-26.1_1.60.0.jar'>, 'application/jar'), 'metadata': (None, '{"changelog": "", "displayName": "gothic_horror fabric 26.1 1.60.0", "gameVersions": [7499, 9638, 9639, 15933, 16021, 16082], "gameVersionNames": ["Fabric", "Client", "Server", "26.1", "26.1.1", "26.1.2"], "releaseType": "release", "relations": {"projects": [{"slug": "gstools", "projectID": 1404020, "type": "requiredDependency"}]}}', 'application/json')}
[2026, 9, 25, 18, 35, 7] ;;; curseforge; Mod file uploaded successfully! Response: {'id': 8975521}
[2026, 9, 25, 18, 35, 7] ;;; curseforge; {'id': 7499, 'gameVersionTypeID': 68441, 'name': 'Fabric', 'slug': 'fabric', 'apiVersion': ''}
[2026, 9, 25, 18, 35, 7] ;;; curseforge; {'id': 9638, 'gameVersionTypeID': 75208, 'name': 'Client', 'slug': 'client', 'apiVersion': ''}
[2026, 9, 25, 18, 35, 7] ;;; curseforge; {'id': 9639, 'gameVersionTypeID': 75208, 'name': 'Server', 'slug': 'server', 'apiVersion': ''}
[2026, 9, 25, 18, 35, 7] ;;; curseforge; {'id': 15933, 'gameVersionTypeID': 83806, 'name': '26.1', 'slug': '26-1', 'apiVersion': None}
[2026, 9, 25, 18, 35, 7] ;;; curseforge; {'id': 16083, 'gameVersionTypeID': 1, 'name': '26.1', 'slug': '26-1', 'apiVersion': ''}
[2026, 9, 25, 18, 35, 7] ;;; curseforge; {'id': 16128, 'gameVersionTypeID': 615, 'name': '26.1', 'slug': '26-1', 'apiVersion': ''}
[2026, 9, 25, 18, 35, 7] ;;; curseforge; {'id': 7499, 'gameVersionTypeID': 68441, 'name': 'Fabric', 'slug': 'fabric', 'apiVersion': ''}
[2026, 9, 25, 18, 35, 7] ;;; curseforge; {'id': 9638, 'gameVersionTypeID': 75208, 'name': 'Client', 'slug': 'client', 'apiVersion': ''}
[2026, 9, 25, 18, 35, 7] ;;; curseforge; {'id': 9639, 'gameVersionTypeID': 75208, 'name': 'Server', 'slug': 'server', 'apiVersion': ''}
[2026, 9, 25, 18, 35, 7] ;;; curseforge; {'id': 16021, 'gameVersionTypeID': 83806, 'name': '26.1.1', 'slug': '26-1-1', 'apiVersion': None}
[2026, 9, 25, 18, 35, 7] ;;; curseforge; {'id': 16084, 'gameVersionTypeID': 1, 'name': '26.1.1', 'slug': '26-1-1', 'apiVersion': ''}
[2026, 9, 25, 18, 35, 7] ;;; curseforge; {'id': 16129, 'gameVersionTypeID': 615, 'name': '26.1.1', 'slug': '26-1-1', 'apiVersion': ''}
[2026, 9, 25, 18, 35, 7] ;;; curseforge; {'id': 7499, 'gameVersionTypeID': 68441, 'name': 'Fabric', 'slug': 'fabric', 'apiVersion': ''}
[2026, 9, 25, 18, 35, 7] ;;; curseforge; {'id': 9638, 'gameVersionTypeID': 75208, 'name': 'Client', 'slug': 'client', 'apiVersion': ''}
[2026, 9, 25, 18, 35, 7] ;;; curseforge; {'id': 9639, 'gameVersionTypeID': 75208, 'name': 'Server', 'slug': 'server', 'apiVersion': ''}
[2026, 9, 25, 18, 35, 7] ;;; curseforge; {'id': 16082, 'gameVersionTypeID': 83806, 'name': '26.1.2', 'slug': '26-1-2', 'apiVersion': None}
[2026, 9, 25, 18, 35, 7] ;;; curseforge; {'id': 16085, 'gameVersionTypeID': 1, 'name': '26.1.2', 'slug': '26-1-2', 'apiVersion': ''}
[2026, 9, 25, 18, 35, 7] ;;; curseforge; {'id': 16130, 'gameVersionTypeID': 615, 'name': '26.1.2', 'slug': '26-1-2', 'apiVersion': ''}
[2026, 9, 25, 18, 35, 19] ;;; curseforge; {'id': 7499, 'gameVersionTypeID': 68441, 'name': 'Fabric', 'slug': 'fabric', 'apiVersion': ''}
[2026, 9, 25, 18, 35, 19] ;;; curseforge; {'id': 9638, 'gameVersionTypeID': 75208, 'name': 'Client', 'slug': 'client', 'apiVersion': ''}
[2026, 9, 25, 18, 35, 19] ;;; curseforge; {'id': 9639, 'gameVersionTypeID': 75208, 'name': 'Server', 'slug': 'server', 'apiVersion': ''}
[2026, 9, 25, 18, 35, 19] ;;; curseforge; {'id': 16498, 'gameVersionTypeID': 86297, 'name': '26.2', 'slug': '26-2', 'apiVersion': None}
[2026, 9, 25, 18, 35, 19] ;;; curseforge; {'id': 16500, 'gameVersionTypeID': 1, 'name': '26.2', 'slug': '26-2', 'apiVersion': ''}
[2026, 9, 25, 18, 35, 19] ;;; curseforge; {'file': ('gothic_horror-fabric-26.2_1.60.0.jar', <_io.BufferedReader name='.\\releases\\1.60.0\\gothic_horror-fabric-26.2_1.60.0.jar'>, 'application/jar'), 'metadata': (None, '{"changelog": "", "displayName": "gothic_horror fabric 26.2 1.60.0", "gameVersions": [7499, 9638, 9639, 16498], "gameVersionNames": ["Fabric", "Client", "Server", "26.2"], "releaseType": "release", "relations": {"projects": [{"slug": "gstools", "projectID": 1404020, "type": "requiredDependency"}]}}', 'application/json')}
[2026, 9, 25, 18, 35, 33] ;;; curseforge; Upload failed. Status code: 500
[2026, 9, 25, 18, 35, 33] ;;; curseforge; Response body: {"errorCode":500,"errorMessage":"An unhandled exception occurred while processing the request."}
[2026, 9, 25, 18, 35, 34] ;;; curseforge; {'id': 7499, 'gameVersionTypeID': 68441, 'name': 'Fabric', 'slug': 'fabric', 'apiVersion': ''}
[2026, 9, 25, 18, 35, 34] ;;; curseforge; {'id': 9638, 'gameVersionTypeID': 75208, 'name': 'Client', 'slug': 'client', 'apiVersion': ''}
[2026, 9, 25, 18, 35, 34] ;;; curseforge; {'id': 9639, 'gameVersionTypeID': 75208, 'name': 'Server', 'slug': 'server', 'apiVersion': ''}
[2026, 9, 25, 18, 35, 34] ;;; curseforge; {'id': 16498, 'gameVersionTypeID': 86297, 'name': '26.2', 'slug': '26-2', 'apiVersion': None}
[2026, 9, 25, 18, 35, 34] ;;; curseforge; {'id': 16500, 'gameVersionTypeID': 1, 'name': '26.2', 'slug': '26-2', 'apiVersion': ''}
[2026, 9, 25, 18, 35, 46] ;;; curseforge; {'id': 7498, 'gameVersionTypeID': 68441, 'name': 'Forge', 'slug': 'forge', 'apiVersion': ''}
[2026, 9, 25, 18, 35, 46] ;;; curseforge; {'id': 9638, 'gameVersionTypeID': 75208, 'name': 'Client', 'slug': 'client', 'apiVersion': ''}
[2026, 9, 25, 18, 35, 46] ;;; curseforge; {'id': 9639, 'gameVersionTypeID': 75208, 'name': 'Server', 'slug': 'server', 'apiVersion': ''}
[2026, 9, 25, 18, 35, 46] ;;; curseforge; {'id': 9776, 'gameVersionTypeID': 73407, 'name': '1.19.4', 'slug': '1-19-4', 'apiVersion': ''}
[2026, 9, 25, 18, 35, 46] ;;; curseforge; {'id': 9792, 'gameVersionTypeID': 615, 'name': '1.19.4', 'slug': '1-19-4', 'apiVersion': ''}
[2026, 9, 25, 18, 35, 46] ;;; curseforge; {'id': 9973, 'gameVersionTypeID': 1, 'name': '1.19.4', 'slug': '1-19-4', 'apiVersion': ''}
[2026, 9, 25, 18, 35, 46] ;;; curseforge; {'file': ('gothic_horror-forge-1.19.4_1.60.0.jar', <_io.BufferedReader name='.\\releases\\1.60.0\\gothic_horror-forge-1.19.4_1.60.0.jar'>, 'application/jar'), 'metadata': (None, '{"changelog": "", "displayName": "gothic_horror forge 1.19.4 1.60.0", "gameVersions": [7498, 9638, 9639, 9776], "gameVersionNames": ["Forge", "Client", "Server", "1.19.4"], "releaseType": "release", "relations": {"projects": [{"slug": "gstools", "projectID": 1404020, "type": "requiredDependency"}]}}', 'application/json')}
[2026, 9, 25, 18, 36, 19] ;;; curseforge; Upload failed. Status code: 500
[2026, 9, 25, 18, 36, 19] ;;; curseforge; Response body: {"errorCode":500,"errorMessage":"An unhandled exception occurred while processing the request."}
[2026, 9, 25, 18, 36, 21] ;;; curseforge; {'id': 7498, 'gameVersionTypeID': 68441, 'name': 'Forge', 'slug': 'forge', 'apiVersion': ''}
[2026, 9, 25, 18, 36, 21] ;;; curseforge; {'id': 9638, 'gameVersionTypeID': 75208, 'name': 'Client', 'slug': 'client', 'apiVersion': ''}
[2026, 9, 25, 18, 36, 21] ;;; curseforge; {'id': 9639, 'gameVersionTypeID': 75208, 'name': 'Server', 'slug': 'server', 'apiVersion': ''}
[2026, 9, 25, 18, 36, 21] ;;; curseforge; {'id': 9776, 'gameVersionTypeID': 73407, 'name': '1.19.4', 'slug': '1-19-4', 'apiVersion': ''}
[2026, 9, 25, 18, 36, 21] ;;; curseforge; {'id': 9792, 'gameVersionTypeID': 615, 'name': '1.19.4', 'slug': '1-19-4', 'apiVersion': ''}
[2026, 9, 25, 18, 36, 21] ;;; curseforge; {'id': 9973, 'gameVersionTypeID': 1, 'name': '1.19.4', 'slug': '1-19-4', 'apiVersion': ''}
[2026, 9, 25, 18, 36, 32] ;;; curseforge; {'id': 7498, 'gameVersionTypeID': 68441, 'name': 'Forge', 'slug': 'forge', 'apiVersion': ''}
[2026, 9, 25, 18, 36, 32] ;;; curseforge; {'id': 9638, 'gameVersionTypeID': 75208, 'name': 'Client', 'slug': 'client', 'apiVersion': ''}
[2026, 9, 25, 18, 36, 32] ;;; curseforge; {'id': 9639, 'gameVersionTypeID': 75208, 'name': 'Server', 'slug': 'server', 'apiVersion': ''}
[2026, 9, 25, 18, 36, 32] ;;; curseforge; {'id': 9990, 'gameVersionTypeID': 75125, 'name': '1.20.1', 'slug': '1-20-1', 'apiVersion': None}
[2026, 9, 25, 18, 36, 32] ;;; curseforge; {'id': 9993, 'gameVersionTypeID': 615, 'name': '1.20.1', 'slug': '1-20-1', 'apiVersion': ''}
[2026, 9, 25, 18, 36, 32] ;;; curseforge; {'id': 9994, 'gameVersionTypeID': 1, 'name': '1.20.1', 'slug': '1-20-1', 'apiVersion': ''}
[2026, 9, 25, 18, 36, 32] ;;; curseforge; {'file': ('gothic_horror-forge-1.20.1_1.60.0.jar', <_io.BufferedReader name='.\\releases\\1.60.0\\gothic_horror-forge-1.20.1_1.60.0.jar'>, 'application/jar'), 'metadata': (None, '{"changelog": "", "displayName": "gothic_horror forge 1.20.1 1.60.0", "gameVersions": [7498, 9638, 9639, 9990], "gameVersionNames": ["Forge", "Client", "Server", "1.20.1"], "releaseType": "release", "relations": {"projects": [{"slug": "gstools", "projectID": 1404020, "type": "requiredDependency"}]}}', 'application/json')}
[2026, 9, 25, 18, 37, 7] ;;; curseforge; Upload failed. Status code: 500
[2026, 9, 25, 18, 37, 7] ;;; curseforge; Response body: {"errorCode":500,"errorMessage":"An unhandled exception occurred while processing the request."}
[2026, 9, 25, 18, 37, 8] ;;; curseforge; {'id': 7498, 'gameVersionTypeID': 68441, 'name': 'Forge', 'slug': 'forge', 'apiVersion': ''}
[2026, 9, 25, 18, 37, 8] ;;; curseforge; {'id': 9638, 'gameVersionTypeID': 75208, 'name': 'Client', 'slug': 'client', 'apiVersion': ''}
[2026, 9, 25, 18, 37, 8] ;;; curseforge; {'id': 9639, 'gameVersionTypeID': 75208, 'name': 'Server', 'slug': 'server', 'apiVersion': ''}
[2026, 9, 25, 18, 37, 8] ;;; curseforge; {'id': 9990, 'gameVersionTypeID': 75125, 'name': '1.20.1', 'slug': '1-20-1', 'apiVersion': None}
[2026, 9, 25, 18, 37, 8] ;;; curseforge; {'id': 9993, 'gameVersionTypeID': 615, 'name': '1.20.1', 'slug': '1-20-1', 'apiVersion': ''}
[2026, 9, 25, 18, 37, 8] ;;; curseforge; {'id': 9994, 'gameVersionTypeID': 1, 'name': '1.20.1', 'slug': '1-20-1', 'apiVersion': ''}
[2026, 9, 25, 18, 37, 21] ;;; curseforge; {'id': 9638, 'gameVersionTypeID': 75208, 'name': 'Client', 'slug': 'client', 'apiVersion': ''}
[2026, 9, 25, 18, 37, 21] ;;; curseforge; {'id': 9639, 'gameVersionTypeID': 75208, 'name': 'Server', 'slug': 'server', 'apiVersion': ''}
[2026, 9, 25, 18, 37, 21] ;;; curseforge; {'id': 10150, 'gameVersionTypeID': 68441, 'name': 'NeoForge', 'slug': 'neoforge', 'apiVersion': ''}
[2026, 9, 25, 18, 37, 21] ;;; curseforge; {'id': 10407, 'gameVersionTypeID': 75125, 'name': '1.20.4', 'slug': '1-20-4', 'apiVersion': None}
[2026, 9, 25, 18, 37, 21] ;;; curseforge; {'id': 10742, 'gameVersionTypeID': 1, 'name': '1.20.4', 'slug': '1-20-4', 'apiVersion': ''}
[2026, 9, 25, 18, 37, 21] ;;; curseforge; {'id': 10866, 'gameVersionTypeID': 615, 'name': '1.20.4', 'slug': '1-20-4', 'apiVersion': ''}
[2026, 9, 25, 18, 37, 21] ;;; curseforge; {'file': ('gothic_horror-neoforge-1.20.4_1.60.0.jar', <_io.BufferedReader name='.\\releases\\1.60.0\\gothic_horror-neoforge-1.20.4_1.60.0.jar'>, 'application/jar'), 'metadata': (None, '{"changelog": "", "displayName": "gothic_horror neoforge 1.20.4 1.60.0", "gameVersions": [9638, 9639, 10150, 10407], "gameVersionNames": ["Client", "Server", "NeoForge", "1.20.4"], "releaseType": "release", "relations": {"projects": [{"slug": "gstools", "projectID": 1404020, "type": "requiredDependency"}]}}', 'application/json')}
[2026, 9, 25, 18, 37, 28] ;;; curseforge; Mod file uploaded successfully! Response: {'id': 8975540}
[2026, 9, 25, 18, 37, 29] ;;; curseforge; {'id': 9638, 'gameVersionTypeID': 75208, 'name': 'Client', 'slug': 'client', 'apiVersion': ''}
[2026, 9, 25, 18, 37, 29] ;;; curseforge; {'id': 9639, 'gameVersionTypeID': 75208, 'name': 'Server', 'slug': 'server', 'apiVersion': ''}
[2026, 9, 25, 18, 37, 29] ;;; curseforge; {'id': 10150, 'gameVersionTypeID': 68441, 'name': 'NeoForge', 'slug': 'neoforge', 'apiVersion': ''}
[2026, 9, 25, 18, 37, 29] ;;; curseforge; {'id': 10407, 'gameVersionTypeID': 75125, 'name': '1.20.4', 'slug': '1-20-4', 'apiVersion': None}
[2026, 9, 25, 18, 37, 29] ;;; curseforge; {'id': 10742, 'gameVersionTypeID': 1, 'name': '1.20.4', 'slug': '1-20-4', 'apiVersion': ''}
[2026, 9, 25, 18, 37, 29] ;;; curseforge; {'id': 10866, 'gameVersionTypeID': 615, 'name': '1.20.4', 'slug': '1-20-4', 'apiVersion': ''}
[2026, 9, 25, 18, 37, 42] ;;; curseforge; {'id': 9638, 'gameVersionTypeID': 75208, 'name': 'Client', 'slug': 'client', 'apiVersion': ''}
[2026, 9, 25, 18, 37, 42] ;;; curseforge; {'id': 9639, 'gameVersionTypeID': 75208, 'name': 'Server', 'slug': 'server', 'apiVersion': ''}
[2026, 9, 25, 18, 37, 42] ;;; curseforge; {'id': 10150, 'gameVersionTypeID': 68441, 'name': 'NeoForge', 'slug': 'neoforge', 'apiVersion': ''}
[2026, 9, 25, 18, 37, 42] ;;; curseforge; {'id': 11779, 'gameVersionTypeID': 77784, 'name': '1.21.1', 'slug': '1-21-1', 'apiVersion': None}
[2026, 9, 25, 18, 37, 42] ;;; curseforge; {'id': 12735, 'gameVersionTypeID': 1, 'name': '1.21.1', 'slug': '1-21-1', 'apiVersion': ''}
[2026, 9, 25, 18, 37, 42] ;;; curseforge; {'id': 16115, 'gameVersionTypeID': 615, 'name': '1.21.1', 'slug': '1-21-1', 'apiVersion': ''}
[2026, 9, 25, 18, 37, 42] ;;; curseforge; {'file': ('gothic_horror-neoforge-1.21.1_1.60.0.jar', <_io.BufferedReader name='.\\releases\\1.60.0\\gothic_horror-neoforge-1.21.1_1.60.0.jar'>, 'application/jar'), 'metadata': (None, '{"changelog": "", "displayName": "gothic_horror neoforge 1.21.1 1.60.0", "gameVersions": [9638, 9639, 10150, 11779], "gameVersionNames": ["Client", "Server", "NeoForge", "1.21.1"], "releaseType": "release", "relations": {"projects": [{"slug": "gstools", "projectID": 1404020, "type": "requiredDependency"}]}}', 'application/json')}
[2026, 9, 25, 18, 37, 56] ;;; curseforge; Mod file uploaded successfully! Response: {'id': 8975548}
[2026, 9, 25, 18, 37, 57] ;;; curseforge; {'id': 9638, 'gameVersionTypeID': 75208, 'name': 'Client', 'slug': 'client', 'apiVersion': ''}
[2026, 9, 25, 18, 37, 57] ;;; curseforge; {'id': 9639, 'gameVersionTypeID': 75208, 'name': 'Server', 'slug': 'server', 'apiVersion': ''}
[2026, 9, 25, 18, 37, 57] ;;; curseforge; {'id': 10150, 'gameVersionTypeID': 68441, 'name': 'NeoForge', 'slug': 'neoforge', 'apiVersion': ''}
[2026, 9, 25, 18, 37, 57] ;;; curseforge; {'id': 11779, 'gameVersionTypeID': 77784, 'name': '1.21.1', 'slug': '1-21-1', 'apiVersion': None}
[2026, 9, 25, 18, 37, 57] ;;; curseforge; {'id': 12735, 'gameVersionTypeID': 1, 'name': '1.21.1', 'slug': '1-21-1', 'apiVersion': ''}
[2026, 9, 25, 18, 37, 57] ;;; curseforge; {'id': 16115, 'gameVersionTypeID': 615, 'name': '1.21.1', 'slug': '1-21-1', 'apiVersion': ''}
[2026, 9, 25, 18, 38, 16] ;;; curseforge; {'id': 9638, 'gameVersionTypeID': 75208, 'name': 'Client', 'slug': 'client', 'apiVersion': ''}
[2026, 9, 25, 18, 38, 16] ;;; curseforge; {'id': 9639, 'gameVersionTypeID': 75208, 'name': 'Server', 'slug': 'server', 'apiVersion': ''}
[2026, 9, 25, 18, 38, 16] ;;; curseforge; {'id': 10150, 'gameVersionTypeID': 68441, 'name': 'NeoForge', 'slug': 'neoforge', 'apiVersion': ''}
[2026, 9, 25, 18, 38, 16] ;;; curseforge; {'id': 12079, 'gameVersionTypeID': 77784, 'name': '1.21.2', 'slug': '1-21-2', 'apiVersion': ''}
[2026, 9, 25, 18, 38, 16] ;;; curseforge; {'id': 12736, 'gameVersionTypeID': 1, 'name': '1.21.2', 'slug': '1-21-2', 'apiVersion': ''}
[2026, 9, 25, 18, 38, 16] ;;; curseforge; {'id': 16116, 'gameVersionTypeID': 615, 'name': '1.21.2', 'slug': '1-21-2', 'apiVersion': ''}
[2026, 9, 25, 18, 38, 16] ;;; curseforge; {'id': 9638, 'gameVersionTypeID': 75208, 'name': 'Client', 'slug': 'client', 'apiVersion': ''}
[2026, 9, 25, 18, 38, 16] ;;; curseforge; {'id': 9639, 'gameVersionTypeID': 75208, 'name': 'Server', 'slug': 'server', 'apiVersion': ''}
[2026, 9, 25, 18, 38, 16] ;;; curseforge; {'id': 10150, 'gameVersionTypeID': 68441, 'name': 'NeoForge', 'slug': 'neoforge', 'apiVersion': ''}
[2026, 9, 25, 18, 38, 16] ;;; curseforge; {'id': 12084, 'gameVersionTypeID': 77784, 'name': '1.21.3', 'slug': '1-21-3', 'apiVersion': None}
[2026, 9, 25, 18, 38, 16] ;;; curseforge; {'id': 12737, 'gameVersionTypeID': 1, 'name': '1.21.3', 'slug': '1-21-3', 'apiVersion': ''}
[2026, 9, 25, 18, 38, 16] ;;; curseforge; {'id': 16117, 'gameVersionTypeID': 615, 'name': '1.21.3', 'slug': '1-21-3', 'apiVersion': ''}
[2026, 9, 25, 18, 38, 16] ;;; curseforge; {'file': ('gothic_horror-neoforge-1.21.2_1.60.0.jar', <_io.BufferedReader name='.\\releases\\1.60.0\\gothic_horror-neoforge-1.21.2_1.60.0.jar'>, 'application/jar'), 'metadata': (None, '{"changelog": "", "displayName": "gothic_horror neoforge 1.21.2 1.60.0", "gameVersions": [9638, 9639, 10150, 12079, 12084], "gameVersionNames": ["Client", "Server", "NeoForge", "1.21.2", "1.21.3"], "releaseType": "release", "relations": {"projects": [{"slug": "gstools", "projectID": 1404020, "type": "requiredDependency"}]}}', 'application/json')}
[2026, 9, 25, 18, 38, 24] ;;; curseforge; Mod file uploaded successfully! Response: {'id': 8975550}
[2026, 9, 25, 18, 38, 25] ;;; curseforge; {'id': 9638, 'gameVersionTypeID': 75208, 'name': 'Client', 'slug': 'client', 'apiVersion': ''}
[2026, 9, 25, 18, 38, 25] ;;; curseforge; {'id': 9639, 'gameVersionTypeID': 75208, 'name': 'Server', 'slug': 'server', 'apiVersion': ''}
[2026, 9, 25, 18, 38, 25] ;;; curseforge; {'id': 10150, 'gameVersionTypeID': 68441, 'name': 'NeoForge', 'slug': 'neoforge', 'apiVersion': ''}
[2026, 9, 25, 18, 38, 25] ;;; curseforge; {'id': 12079, 'gameVersionTypeID': 77784, 'name': '1.21.2', 'slug': '1-21-2', 'apiVersion': ''}
[2026, 9, 25, 18, 38, 25] ;;; curseforge; {'id': 12736, 'gameVersionTypeID': 1, 'name': '1.21.2', 'slug': '1-21-2', 'apiVersion': ''}
[2026, 9, 25, 18, 38, 25] ;;; curseforge; {'id': 16116, 'gameVersionTypeID': 615, 'name': '1.21.2', 'slug': '1-21-2', 'apiVersion': ''}
[2026, 9, 25, 18, 38, 25] ;;; curseforge; {'id': 9638, 'gameVersionTypeID': 75208, 'name': 'Client', 'slug': 'client', 'apiVersion': ''}
[2026, 9, 25, 18, 38, 25] ;;; curseforge; {'id': 9639, 'gameVersionTypeID': 75208, 'name': 'Server', 'slug': 'server', 'apiVersion': ''}
[2026, 9, 25, 18, 38, 25] ;;; curseforge; {'id': 10150, 'gameVersionTypeID': 68441, 'name': 'NeoForge', 'slug': 'neoforge', 'apiVersion': ''}
[2026, 9, 25, 18, 38, 25] ;;; curseforge; {'id': 12084, 'gameVersionTypeID': 77784, 'name': '1.21.3', 'slug': '1-21-3', 'apiVersion': None}
[2026, 9, 25, 18, 38, 25] ;;; curseforge; {'id': 12737, 'gameVersionTypeID': 1, 'name': '1.21.3', 'slug': '1-21-3', 'apiVersion': ''}
[2026, 9, 25, 18, 38, 25] ;;; curseforge; {'id': 16117, 'gameVersionTypeID': 615, 'name': '1.21.3', 'slug': '1-21-3', 'apiVersion': ''}
[2026, 9, 25, 18, 38, 41] ;;; curseforge; {'id': 9638, 'gameVersionTypeID': 75208, 'name': 'Client', 'slug': 'client', 'apiVersion': ''}
[2026, 9, 25, 18, 38, 41] ;;; curseforge; {'id': 9639, 'gameVersionTypeID': 75208, 'name': 'Server', 'slug': 'server', 'apiVersion': ''}
[2026, 9, 25, 18, 38, 42] ;;; curseforge; {'id': 10150, 'gameVersionTypeID': 68441, 'name': 'NeoForge', 'slug': 'neoforge', 'apiVersion': ''}
[2026, 9, 25, 18, 38, 42] ;;; curseforge; {'id': 12281, 'gameVersionTypeID': 77784, 'name': '1.21.4', 'slug': '1-21-4', 'apiVersion': None}
[2026, 9, 25, 18, 38, 42] ;;; curseforge; {'id': 12738, 'gameVersionTypeID': 1, 'name': '1.21.4', 'slug': '1-21-4', 'apiVersion': ''}
[2026, 9, 25, 18, 38, 42] ;;; curseforge; {'id': 16118, 'gameVersionTypeID': 615, 'name': '1.21.4', 'slug': '1-21-4', 'apiVersion': ''}
[2026, 9, 25, 18, 38, 42] ;;; curseforge; {'file': ('gothic_horror-neoforge-1.21.4_1.60.0.jar', <_io.BufferedReader name='.\\releases\\1.60.0\\gothic_horror-neoforge-1.21.4_1.60.0.jar'>, 'application/jar'), 'metadata': (None, '{"changelog": "", "displayName": "gothic_horror neoforge 1.21.4 1.60.0", "gameVersions": [9638, 9639, 10150, 12281], "gameVersionNames": ["Client", "Server", "NeoForge", "1.21.4"], "releaseType": "release", "relations": {"projects": [{"slug": "gstools", "projectID": 1404020, "type": "requiredDependency"}]}}', 'application/json')}
[2026, 9, 25, 18, 38, 50] ;;; curseforge; Mod file uploaded successfully! Response: {'id': 8975553}
[2026, 9, 25, 18, 38, 51] ;;; curseforge; {'id': 9638, 'gameVersionTypeID': 75208, 'name': 'Client', 'slug': 'client', 'apiVersion': ''}
[2026, 9, 25, 18, 38, 51] ;;; curseforge; {'id': 9639, 'gameVersionTypeID': 75208, 'name': 'Server', 'slug': 'server', 'apiVersion': ''}
[2026, 9, 25, 18, 38, 51] ;;; curseforge; {'id': 10150, 'gameVersionTypeID': 68441, 'name': 'NeoForge', 'slug': 'neoforge', 'apiVersion': ''}
[2026, 9, 25, 18, 38, 51] ;;; curseforge; {'id': 12281, 'gameVersionTypeID': 77784, 'name': '1.21.4', 'slug': '1-21-4', 'apiVersion': None}
[2026, 9, 25, 18, 38, 51] ;;; curseforge; {'id': 12738, 'gameVersionTypeID': 1, 'name': '1.21.4', 'slug': '1-21-4', 'apiVersion': ''}
[2026, 9, 25, 18, 38, 51] ;;; curseforge; {'id': 16118, 'gameVersionTypeID': 615, 'name': '1.21.4', 'slug': '1-21-4', 'apiVersion': ''}
[2026, 9, 25, 18, 39, 7] ;;; curseforge; {'id': 9638, 'gameVersionTypeID': 75208, 'name': 'Client', 'slug': 'client', 'apiVersion': ''}
[2026, 9, 25, 18, 39, 7] ;;; curseforge; {'id': 9639, 'gameVersionTypeID': 75208, 'name': 'Server', 'slug': 'server', 'apiVersion': ''}
[2026, 9, 25, 18, 39, 7] ;;; curseforge; {'id': 10150, 'gameVersionTypeID': 68441, 'name': 'NeoForge', 'slug': 'neoforge', 'apiVersion': ''}
[2026, 9, 25, 18, 39, 7] ;;; curseforge; {'id': 12934, 'gameVersionTypeID': 77784, 'name': '1.21.5', 'slug': '1-21-5', 'apiVersion': None}
[2026, 9, 25, 18, 39, 7] ;;; curseforge; {'id': 12988, 'gameVersionTypeID': 1, 'name': '1.21.5', 'slug': '1-21-5', 'apiVersion': ''}
[2026, 9, 25, 18, 39, 7] ;;; curseforge; {'id': 16119, 'gameVersionTypeID': 615, 'name': '1.21.5', 'slug': '1-21-5', 'apiVersion': ''}
[2026, 9, 25, 18, 39, 7] ;;; curseforge; {'id': 9638, 'gameVersionTypeID': 75208, 'name': 'Client', 'slug': 'client', 'apiVersion': ''}
[2026, 9, 25, 18, 39, 7] ;;; curseforge; {'id': 9639, 'gameVersionTypeID': 75208, 'name': 'Server', 'slug': 'server', 'apiVersion': ''}
[2026, 9, 25, 18, 39, 7] ;;; curseforge; {'id': 10150, 'gameVersionTypeID': 68441, 'name': 'NeoForge', 'slug': 'neoforge', 'apiVersion': ''}
[2026, 9, 25, 18, 39, 7] ;;; curseforge; {'id': 13506, 'gameVersionTypeID': 77784, 'name': '1.21.7', 'slug': '1-21-7', 'apiVersion': None}
[2026, 9, 25, 18, 39, 7] ;;; curseforge; {'id': 13574, 'gameVersionTypeID': 1, 'name': '1.21.7', 'slug': '1-21-7', 'apiVersion': ''}
[2026, 9, 25, 18, 39, 7] ;;; curseforge; {'id': 16121, 'gameVersionTypeID': 615, 'name': '1.21.7', 'slug': '1-21-7', 'apiVersion': ''}
[2026, 9, 25, 18, 39, 7] ;;; curseforge; {'file': ('gothic_horror-neoforge-1.21.5_1.60.0.jar', <_io.BufferedReader name='.\\releases\\1.60.0\\gothic_horror-neoforge-1.21.5_1.60.0.jar'>, 'application/jar'), 'metadata': (None, '{"changelog": "", "displayName": "gothic_horror neoforge 1.21.5 1.60.0", "gameVersions": [9638, 9639, 10150, 12934, 13506], "gameVersionNames": ["Client", "Server", "NeoForge", "1.21.5", "1.21.7"], "releaseType": "release", "relations": {"projects": [{"slug": "gstools", "projectID": 1404020, "type": "requiredDependency"}]}}', 'application/json')}
[2026, 9, 25, 18, 39, 15] ;;; curseforge; Mod file uploaded successfully! Response: {'id': 8975555}
[2026, 9, 25, 18, 39, 16] ;;; curseforge; {'id': 9638, 'gameVersionTypeID': 75208, 'name': 'Client', 'slug': 'client', 'apiVersion': ''}
[2026, 9, 25, 18, 39, 16] ;;; curseforge; {'id': 9639, 'gameVersionTypeID': 75208, 'name': 'Server', 'slug': 'server', 'apiVersion': ''}
[2026, 9, 25, 18, 39, 16] ;;; curseforge; {'id': 10150, 'gameVersionTypeID': 68441, 'name': 'NeoForge', 'slug': 'neoforge', 'apiVersion': ''}
[2026, 9, 25, 18, 39, 16] ;;; curseforge; {'id': 12934, 'gameVersionTypeID': 77784, 'name': '1.21.5', 'slug': '1-21-5', 'apiVersion': None}
[2026, 9, 25, 18, 39, 16] ;;; curseforge; {'id': 12988, 'gameVersionTypeID': 1, 'name': '1.21.5', 'slug': '1-21-5', 'apiVersion': ''}
[2026, 9, 25, 18, 39, 16] ;;; curseforge; {'id': 16119, 'gameVersionTypeID': 615, 'name': '1.21.5', 'slug': '1-21-5', 'apiVersion': ''}
[2026, 9, 25, 18, 39, 16] ;;; curseforge; {'id': 9638, 'gameVersionTypeID': 75208, 'name': 'Client', 'slug': 'client', 'apiVersion': ''}
[2026, 9, 25, 18, 39, 16] ;;; curseforge; {'id': 9639, 'gameVersionTypeID': 75208, 'name': 'Server', 'slug': 'server', 'apiVersion': ''}
[2026, 9, 25, 18, 39, 16] ;;; curseforge; {'id': 10150, 'gameVersionTypeID': 68441, 'name': 'NeoForge', 'slug': 'neoforge', 'apiVersion': ''}
[2026, 9, 25, 18, 39, 16] ;;; curseforge; {'id': 13506, 'gameVersionTypeID': 77784, 'name': '1.21.7', 'slug': '1-21-7', 'apiVersion': None}
[2026, 9, 25, 18, 39, 16] ;;; curseforge; {'id': 13574, 'gameVersionTypeID': 1, 'name': '1.21.7', 'slug': '1-21-7', 'apiVersion': ''}
[2026, 9, 25, 18, 39, 16] ;;; curseforge; {'id': 16121, 'gameVersionTypeID': 615, 'name': '1.21.7', 'slug': '1-21-7', 'apiVersion': ''}
[2026, 9, 25, 18, 39, 43] ;;; curseforge; {'id': 9638, 'gameVersionTypeID': 75208, 'name': 'Client', 'slug': 'client', 'apiVersion': ''}
[2026, 9, 25, 18, 39, 43] ;;; curseforge; {'id': 9639, 'gameVersionTypeID': 75208, 'name': 'Server', 'slug': 'server', 'apiVersion': ''}
[2026, 9, 25, 18, 39, 43] ;;; curseforge; {'id': 10150, 'gameVersionTypeID': 68441, 'name': 'NeoForge', 'slug': 'neoforge', 'apiVersion': ''}
[2026, 9, 25, 18, 39, 43] ;;; curseforge; {'id': 13620, 'gameVersionTypeID': 77784, 'name': '1.21.8', 'slug': '1-21-8', 'apiVersion': None}
[2026, 9, 25, 18, 39, 43] ;;; curseforge; {'id': 13683, 'gameVersionTypeID': 1, 'name': '1.21.8', 'slug': '1-21-8', 'apiVersion': ''}
[2026, 9, 25, 18, 39, 43] ;;; curseforge; {'id': 16124, 'gameVersionTypeID': 615, 'name': '1.21.8', 'slug': '1-21-8', 'apiVersion': ''}
[2026, 9, 25, 18, 39, 43] ;;; curseforge; {'id': 9638, 'gameVersionTypeID': 75208, 'name': 'Client', 'slug': 'client', 'apiVersion': ''}
[2026, 9, 25, 18, 39, 43] ;;; curseforge; {'id': 9639, 'gameVersionTypeID': 75208, 'name': 'Server', 'slug': 'server', 'apiVersion': ''}
[2026, 9, 25, 18, 39, 43] ;;; curseforge; {'id': 10150, 'gameVersionTypeID': 68441, 'name': 'NeoForge', 'slug': 'neoforge', 'apiVersion': ''}
[2026, 9, 25, 18, 39, 43] ;;; curseforge; {'id': 13927, 'gameVersionTypeID': 77784, 'name': '1.21.9', 'slug': '1-21-9', 'apiVersion': None}
[2026, 9, 25, 18, 39, 43] ;;; curseforge; {'id': 13933, 'gameVersionTypeID': 1, 'name': '1.21.9', 'slug': '1-21-9', 'apiVersion': ''}
[2026, 9, 25, 18, 39, 43] ;;; curseforge; {'id': 16125, 'gameVersionTypeID': 615, 'name': '1.21.9', 'slug': '1-21-9', 'apiVersion': ''}
[2026, 9, 25, 18, 39, 43] ;;; curseforge; {'id': 9638, 'gameVersionTypeID': 75208, 'name': 'Client', 'slug': 'client', 'apiVersion': ''}
[2026, 9, 25, 18, 39, 43] ;;; curseforge; {'id': 9639, 'gameVersionTypeID': 75208, 'name': 'Server', 'slug': 'server', 'apiVersion': ''}
[2026, 9, 25, 18, 39, 43] ;;; curseforge; {'id': 10150, 'gameVersionTypeID': 68441, 'name': 'NeoForge', 'slug': 'neoforge', 'apiVersion': ''}
[2026, 9, 25, 18, 39, 43] ;;; curseforge; {'id': 13964, 'gameVersionTypeID': 77784, 'name': '1.21.10', 'slug': '1-21-10', 'apiVersion': None}
[2026, 9, 25, 18, 39, 43] ;;; curseforge; {'id': 13966, 'gameVersionTypeID': 1, 'name': '1.21.10', 'slug': '1-21-10', 'apiVersion': ''}
[2026, 9, 25, 18, 39, 43] ;;; curseforge; {'id': 16126, 'gameVersionTypeID': 615, 'name': '1.21.10', 'slug': '1-21-10', 'apiVersion': ''}
[2026, 9, 25, 18, 39, 43] ;;; curseforge; {'id': 9638, 'gameVersionTypeID': 75208, 'name': 'Client', 'slug': 'client', 'apiVersion': ''}
[2026, 9, 25, 18, 39, 43] ;;; curseforge; {'id': 9639, 'gameVersionTypeID': 75208, 'name': 'Server', 'slug': 'server', 'apiVersion': ''}
[2026, 9, 25, 18, 39, 43] ;;; curseforge; {'id': 10150, 'gameVersionTypeID': 68441, 'name': 'NeoForge', 'slug': 'neoforge', 'apiVersion': ''}
[2026, 9, 25, 18, 39, 43] ;;; curseforge; {'id': 14406, 'gameVersionTypeID': 77784, 'name': '1.21.11', 'slug': '1-21-11', 'apiVersion': None}
[2026, 9, 25, 18, 39, 43] ;;; curseforge; {'id': 14417, 'gameVersionTypeID': 1, 'name': '1.21.11', 'slug': '1-21-11', 'apiVersion': ''}
[2026, 9, 25, 18, 39, 43] ;;; curseforge; {'id': 16127, 'gameVersionTypeID': 615, 'name': '1.21.11', 'slug': '1-21-11', 'apiVersion': ''}
[2026, 9, 25, 18, 39, 43] ;;; curseforge; {'file': ('gothic_horror-neoforge-1.21.8_1.60.0.jar', <_io.BufferedReader name='.\\releases\\1.60.0\\gothic_horror-neoforge-1.21.8_1.60.0.jar'>, 'application/jar'), 'metadata': (None, '{"changelog": "", "displayName": "gothic_horror neoforge 1.21.8 1.60.0", "gameVersions": [9638, 9639, 10150, 13620, 13927, 13964, 14406], "gameVersionNames": ["Client", "Server", "NeoForge", "1.21.8", "1.21.9", "1.21.10", "1.21.11"], "releaseType": "release", "relations": {"projects": [{"slug": "gstools", "projectID": 1404020, "type": "requiredDependency"}]}}', 'application/json')}
[2026, 9, 25, 18, 39, 51] ;;; curseforge; Mod file uploaded successfully! Response: {'id': 8975558}
[2026, 9, 25, 18, 39, 51] ;;; curseforge; {'id': 9638, 'gameVersionTypeID': 75208, 'name': 'Client', 'slug': 'client', 'apiVersion': ''}
[2026, 9, 25, 18, 39, 51] ;;; curseforge; {'id': 9639, 'gameVersionTypeID': 75208, 'name': 'Server', 'slug': 'server', 'apiVersion': ''}
[2026, 9, 25, 18, 39, 51] ;;; curseforge; {'id': 10150, 'gameVersionTypeID': 68441, 'name': 'NeoForge', 'slug': 'neoforge', 'apiVersion': ''}
[2026, 9, 25, 18, 39, 51] ;;; curseforge; {'id': 13620, 'gameVersionTypeID': 77784, 'name': '1.21.8', 'slug': '1-21-8', 'apiVersion': None}
[2026, 9, 25, 18, 39, 51] ;;; curseforge; {'id': 13683, 'gameVersionTypeID': 1, 'name': '1.21.8', 'slug': '1-21-8', 'apiVersion': ''}
[2026, 9, 25, 18, 39, 51] ;;; curseforge; {'id': 16124, 'gameVersionTypeID': 615, 'name': '1.21.8', 'slug': '1-21-8', 'apiVersion': ''}
[2026, 9, 25, 18, 39, 51] ;;; curseforge; {'id': 9638, 'gameVersionTypeID': 75208, 'name': 'Client', 'slug': 'client', 'apiVersion': ''}
[2026, 9, 25, 18, 39, 51] ;;; curseforge; {'id': 9639, 'gameVersionTypeID': 75208, 'name': 'Server', 'slug': 'server', 'apiVersion': ''}
[2026, 9, 25, 18, 39, 51] ;;; curseforge; {'id': 10150, 'gameVersionTypeID': 68441, 'name': 'NeoForge', 'slug': 'neoforge', 'apiVersion': ''}
[2026, 9, 25, 18, 39, 51] ;;; curseforge; {'id': 13927, 'gameVersionTypeID': 77784, 'name': '1.21.9', 'slug': '1-21-9', 'apiVersion': None}
[2026, 9, 25, 18, 39, 51] ;;; curseforge; {'id': 13933, 'gameVersionTypeID': 1, 'name': '1.21.9', 'slug': '1-21-9', 'apiVersion': ''}
[2026, 9, 25, 18, 39, 51] ;;; curseforge; {'id': 16125, 'gameVersionTypeID': 615, 'name': '1.21.9', 'slug': '1-21-9', 'apiVersion': ''}
[2026, 9, 25, 18, 39, 51] ;;; curseforge; {'id': 9638, 'gameVersionTypeID': 75208, 'name': 'Client', 'slug': 'client', 'apiVersion': ''}
[2026, 9, 25, 18, 39, 51] ;;; curseforge; {'id': 9639, 'gameVersionTypeID': 75208, 'name': 'Server', 'slug': 'server', 'apiVersion': ''}
[2026, 9, 25, 18, 39, 51] ;;; curseforge; {'id': 10150, 'gameVersionTypeID': 68441, 'name': 'NeoForge', 'slug': 'neoforge', 'apiVersion': ''}
[2026, 9, 25, 18, 39, 51] ;;; curseforge; {'id': 13964, 'gameVersionTypeID': 77784, 'name': '1.21.10', 'slug': '1-21-10', 'apiVersion': None}
[2026, 9, 25, 18, 39, 51] ;;; curseforge; {'id': 13966, 'gameVersionTypeID': 1, 'name': '1.21.10', 'slug': '1-21-10', 'apiVersion': ''}
[2026, 9, 25, 18, 39, 51] ;;; curseforge; {'id': 16126, 'gameVersionTypeID': 615, 'name': '1.21.10', 'slug': '1-21-10', 'apiVersion': ''}
[2026, 9, 25, 18, 39, 51] ;;; curseforge; {'id': 9638, 'gameVersionTypeID': 75208, 'name': 'Client', 'slug': 'client', 'apiVersion': ''}
[2026, 9, 25, 18, 39, 51] ;;; curseforge; {'id': 9639, 'gameVersionTypeID': 75208, 'name': 'Server', 'slug': 'server', 'apiVersion': ''}
[2026, 9, 25, 18, 39, 51] ;;; curseforge; {'id': 10150, 'gameVersionTypeID': 68441, 'name': 'NeoForge', 'slug': 'neoforge', 'apiVersion': ''}
[2026, 9, 25, 18, 39, 51] ;;; curseforge; {'id': 14406, 'gameVersionTypeID': 77784, 'name': '1.21.11', 'slug': '1-21-11', 'apiVersion': None}
[2026, 9, 25, 18, 39, 51] ;;; curseforge; {'id': 14417, 'gameVersionTypeID': 1, 'name': '1.21.11', 'slug': '1-21-11', 'apiVersion': ''}
[2026, 9, 25, 18, 39, 51] ;;; curseforge; {'id': 16127, 'gameVersionTypeID': 615, 'name': '1.21.11', 'slug': '1-21-11', 'apiVersion': ''}
[2026, 9, 25, 18, 40, 16] ;;; curseforge; {'id': 9638, 'gameVersionTypeID': 75208, 'name': 'Client', 'slug': 'client', 'apiVersion': ''}
[2026, 9, 25, 18, 40, 16] ;;; curseforge; {'id': 9639, 'gameVersionTypeID': 75208, 'name': 'Server', 'slug': 'server', 'apiVersion': ''}
[2026, 9, 25, 18, 40, 16] ;;; curseforge; {'id': 10150, 'gameVersionTypeID': 68441, 'name': 'NeoForge', 'slug': 'neoforge', 'apiVersion': ''}
[2026, 9, 25, 18, 40, 16] ;;; curseforge; {'id': 15933, 'gameVersionTypeID': 83806, 'name': '26.1', 'slug': '26-1', 'apiVersion': None}
[2026, 9, 25, 18, 40, 16] ;;; curseforge; {'id': 16083, 'gameVersionTypeID': 1, 'name': '26.1', 'slug': '26-1', 'apiVersion': ''}
[2026, 9, 25, 18, 40, 16] ;;; curseforge; {'id': 16128, 'gameVersionTypeID': 615, 'name': '26.1', 'slug': '26-1', 'apiVersion': ''}
[2026, 9, 25, 18, 40, 16] ;;; curseforge; {'id': 9638, 'gameVersionTypeID': 75208, 'name': 'Client', 'slug': 'client', 'apiVersion': ''}
[2026, 9, 25, 18, 40, 16] ;;; curseforge; {'id': 9639, 'gameVersionTypeID': 75208, 'name': 'Server', 'slug': 'server', 'apiVersion': ''}
[2026, 9, 25, 18, 40, 16] ;;; curseforge; {'id': 10150, 'gameVersionTypeID': 68441, 'name': 'NeoForge', 'slug': 'neoforge', 'apiVersion': ''}
[2026, 9, 25, 18, 40, 16] ;;; curseforge; {'id': 16021, 'gameVersionTypeID': 83806, 'name': '26.1.1', 'slug': '26-1-1', 'apiVersion': None}
[2026, 9, 25, 18, 40, 16] ;;; curseforge; {'id': 16084, 'gameVersionTypeID': 1, 'name': '26.1.1', 'slug': '26-1-1', 'apiVersion': ''}
[2026, 9, 25, 18, 40, 16] ;;; curseforge; {'id': 16129, 'gameVersionTypeID': 615, 'name': '26.1.1', 'slug': '26-1-1', 'apiVersion': ''}
[2026, 9, 25, 18, 40, 16] ;;; curseforge; {'id': 9638, 'gameVersionTypeID': 75208, 'name': 'Client', 'slug': 'client', 'apiVersion': ''}
[2026, 9, 25, 18, 40, 16] ;;; curseforge; {'id': 9639, 'gameVersionTypeID': 75208, 'name': 'Server', 'slug': 'server', 'apiVersion': ''}
[2026, 9, 25, 18, 40, 16] ;;; curseforge; {'id': 10150, 'gameVersionTypeID': 68441, 'name': 'NeoForge', 'slug': 'neoforge', 'apiVersion': ''}
[2026, 9, 25, 18, 40, 16] ;;; curseforge; {'id': 16082, 'gameVersionTypeID': 83806, 'name': '26.1.2', 'slug': '26-1-2', 'apiVersion': None}
[2026, 9, 25, 18, 40, 16] ;;; curseforge; {'id': 16085, 'gameVersionTypeID': 1, 'name': '26.1.2', 'slug': '26-1-2', 'apiVersion': ''}
[2026, 9, 25, 18, 40, 16] ;;; curseforge; {'id': 16130, 'gameVersionTypeID': 615, 'name': '26.1.2', 'slug': '26-1-2', 'apiVersion': ''}
[2026, 9, 25, 18, 40, 16] ;;; curseforge; {'file': ('gothic_horror-neoforge-26.1_1.60.0.jar', <_io.BufferedReader name='.\\releases\\1.60.0\\gothic_horror-neoforge-26.1_1.60.0.jar'>, 'application/jar'), 'metadata': (None, '{"changelog": "", "displayName": "gothic_horror neoforge 26.1 1.60.0", "gameVersions": [9638, 9639, 10150, 15933, 16021, 16082], "gameVersionNames": ["Client", "Server", "NeoForge", "26.1", "26.1.1", "26.1.2"], "releaseType": "release", "relations": {"projects": [{"slug": "gstools", "projectID": 1404020, "type": "requiredDependency"}]}}', 'application/json')}
[2026, 9, 25, 18, 40, 24] ;;; curseforge; Mod file uploaded successfully! Response: {'id': 8975559}
[2026, 9, 25, 18, 40, 25] ;;; curseforge; {'id': 9638, 'gameVersionTypeID': 75208, 'name': 'Client', 'slug': 'client', 'apiVersion': ''}
[2026, 9, 25, 18, 40, 25] ;;; curseforge; {'id': 9639, 'gameVersionTypeID': 75208, 'name': 'Server', 'slug': 'server', 'apiVersion': ''}
[2026, 9, 25, 18, 40, 25] ;;; curseforge; {'id': 10150, 'gameVersionTypeID': 68441, 'name': 'NeoForge', 'slug': 'neoforge', 'apiVersion': ''}
[2026, 9, 25, 18, 40, 25] ;;; curseforge; {'id': 15933, 'gameVersionTypeID': 83806, 'name': '26.1', 'slug': '26-1', 'apiVersion': None}
[2026, 9, 25, 18, 40, 25] ;;; curseforge; {'id': 16083, 'gameVersionTypeID': 1, 'name': '26.1', 'slug': '26-1', 'apiVersion': ''}
[2026, 9, 25, 18, 40, 25] ;;; curseforge; {'id': 16128, 'gameVersionTypeID': 615, 'name': '26.1', 'slug': '26-1', 'apiVersion': ''}
[2026, 9, 25, 18, 40, 25] ;;; curseforge; {'id': 9638, 'gameVersionTypeID': 75208, 'name': 'Client', 'slug': 'client', 'apiVersion': ''}
[2026, 9, 25, 18, 40, 25] ;;; curseforge; {'id': 9639, 'gameVersionTypeID': 75208, 'name': 'Server', 'slug': 'server', 'apiVersion': ''}
[2026, 9, 25, 18, 40, 25] ;;; curseforge; {'id': 10150, 'gameVersionTypeID': 68441, 'name': 'NeoForge', 'slug': 'neoforge', 'apiVersion': ''}
[2026, 9, 25, 18, 40, 25] ;;; curseforge; {'id': 16021, 'gameVersionTypeID': 83806, 'name': '26.1.1', 'slug': '26-1-1', 'apiVersion': None}
[2026, 9, 25, 18, 40, 25] ;;; curseforge; {'id': 16084, 'gameVersionTypeID': 1, 'name': '26.1.1', 'slug': '26-1-1', 'apiVersion': ''}
[2026, 9, 25, 18, 40, 25] ;;; curseforge; {'id': 16129, 'gameVersionTypeID': 615, 'name': '26.1.1', 'slug': '26-1-1', 'apiVersion': ''}
[2026, 9, 25, 18, 40, 25] ;;; curseforge; {'id': 9638, 'gameVersionTypeID': 75208, 'name': 'Client', 'slug': 'client', 'apiVersion': ''}
[2026, 9, 25, 18, 40, 25] ;;; curseforge; {'id': 9639, 'gameVersionTypeID': 75208, 'name': 'Server', 'slug': 'server', 'apiVersion': ''}
[2026, 9, 25, 18, 40, 25] ;;; curseforge; {'id': 10150, 'gameVersionTypeID': 68441, 'name': 'NeoForge', 'slug': 'neoforge', 'apiVersion': ''}
[2026, 9, 25, 18, 40, 25] ;;; curseforge; {'id': 16082, 'gameVersionTypeID': 83806, 'name': '26.1.2', 'slug': '26-1-2', 'apiVersion': None}
[2026, 9, 25, 18, 40, 25] ;;; curseforge; {'id': 16085, 'gameVersionTypeID': 1, 'name': '26.1.2', 'slug': '26-1-2', 'apiVersion': ''}
[2026, 9, 25, 18, 40, 25] ;;; curseforge; {'id': 16130, 'gameVersionTypeID': 615, 'name': '26.1.2', 'slug': '26-1-2', 'apiVersion': ''}
[2026, 9, 25, 18, 40, 36] ;;; curseforge; {'id': 9638, 'gameVersionTypeID': 75208, 'name': 'Client', 'slug': 'client', 'apiVersion': ''}
[2026, 9, 25, 18, 40, 36] ;;; curseforge; {'id': 9639, 'gameVersionTypeID': 75208, 'name': 'Server', 'slug': 'server', 'apiVersion': ''}
[2026, 9, 25, 18, 40, 36] ;;; curseforge; {'id': 10150, 'gameVersionTypeID': 68441, 'name': 'NeoForge', 'slug': 'neoforge', 'apiVersion': ''}
[2026, 9, 25, 18, 40, 36] ;;; curseforge; {'id': 16498, 'gameVersionTypeID': 86297, 'name': '26.2', 'slug': '26-2', 'apiVersion': None}
[2026, 9, 25, 18, 40, 36] ;;; curseforge; {'id': 16500, 'gameVersionTypeID': 1, 'name': '26.2', 'slug': '26-2', 'apiVersion': ''}
[2026, 9, 25, 18, 40, 36] ;;; curseforge; {'file': ('gothic_horror-neoforge-26.2_1.60.0.jar', <_io.BufferedReader name='.\\releases\\1.60.0\\gothic_horror-neoforge-26.2_1.60.0.jar'>, 'application/jar'), 'metadata': (None, '{"changelog": "", "displayName": "gothic_horror neoforge 26.2 1.60.0", "gameVersions": [9638, 9639, 10150, 16498], "gameVersionNames": ["Client", "Server", "NeoForge", "26.2"], "releaseType": "release", "relations": {"projects": [{"slug": "gstools", "projectID": 1404020, "type": "requiredDependency"}]}}', 'application/json')}
[2026, 9, 25, 18, 40, 43] ;;; curseforge; Mod file uploaded successfully! Response: {'id': 8975561}
[2026, 9, 25, 18, 40, 44] ;;; curseforge; {'id': 9638, 'gameVersionTypeID': 75208, 'name': 'Client', 'slug': 'client', 'apiVersion': ''}
[2026, 9, 25, 18, 40, 44] ;;; curseforge; {'id': 9639, 'gameVersionTypeID': 75208, 'name': 'Server', 'slug': 'server', 'apiVersion': ''}
[2026, 9, 25, 18, 40, 44] ;;; curseforge; {'id': 10150, 'gameVersionTypeID': 68441, 'name': 'NeoForge', 'slug': 'neoforge', 'apiVersion': ''}
[2026, 9, 25, 18, 40, 44] ;;; curseforge; {'id': 16498, 'gameVersionTypeID': 86297, 'name': '26.2', 'slug': '26-2', 'apiVersion': None}
[2026, 9, 25, 18, 40, 44] ;;; curseforge; {'id': 16500, 'gameVersionTypeID': 1, 'name': '26.2', 'slug': '26-2', 'apiVersion': ''}
[2026, 9, 25, 18, 40, 59] ;;; curseforge; {'id': 7499, 'gameVersionTypeID': 68441, 'name': 'Fabric', 'slug': 'fabric', 'apiVersion': ''}
[2026, 9, 25, 18, 40, 59] ;;; curseforge; {'id': 9638, 'gameVersionTypeID': 75208, 'name': 'Client', 'slug': 'client', 'apiVersion': ''}
[2026, 9, 25, 18, 40, 59] ;;; curseforge; {'id': 9639, 'gameVersionTypeID': 75208, 'name': 'Server', 'slug': 'server', 'apiVersion': ''}
[2026, 9, 25, 18, 40, 59] ;;; curseforge; {'id': 13927, 'gameVersionTypeID': 77784, 'name': '1.21.9', 'slug': '1-21-9', 'apiVersion': None}
[2026, 9, 25, 18, 40, 59] ;;; curseforge; {'id': 13933, 'gameVersionTypeID': 1, 'name': '1.21.9', 'slug': '1-21-9', 'apiVersion': ''}
[2026, 9, 25, 18, 40, 59] ;;; curseforge; {'id': 16125, 'gameVersionTypeID': 615, 'name': '1.21.9', 'slug': '1-21-9', 'apiVersion': ''}
[2026, 9, 25, 18, 40, 59] ;;; curseforge; {'id': 7499, 'gameVersionTypeID': 68441, 'name': 'Fabric', 'slug': 'fabric', 'apiVersion': ''}
[2026, 9, 25, 18, 40, 59] ;;; curseforge; {'id': 9638, 'gameVersionTypeID': 75208, 'name': 'Client', 'slug': 'client', 'apiVersion': ''}
[2026, 9, 25, 18, 40, 59] ;;; curseforge; {'id': 9639, 'gameVersionTypeID': 75208, 'name': 'Server', 'slug': 'server', 'apiVersion': ''}
[2026, 9, 25, 18, 40, 59] ;;; curseforge; {'id': 13964, 'gameVersionTypeID': 77784, 'name': '1.21.10', 'slug': '1-21-10', 'apiVersion': None}
[2026, 9, 25, 18, 40, 59] ;;; curseforge; {'id': 13966, 'gameVersionTypeID': 1, 'name': '1.21.10', 'slug': '1-21-10', 'apiVersion': ''}
[2026, 9, 25, 18, 40, 59] ;;; curseforge; {'id': 16126, 'gameVersionTypeID': 615, 'name': '1.21.10', 'slug': '1-21-10', 'apiVersion': ''}
[2026, 9, 25, 18, 40, 59] ;;; curseforge; {'id': 7499, 'gameVersionTypeID': 68441, 'name': 'Fabric', 'slug': 'fabric', 'apiVersion': ''}
[2026, 9, 25, 18, 40, 59] ;;; curseforge; {'id': 9638, 'gameVersionTypeID': 75208, 'name': 'Client', 'slug': 'client', 'apiVersion': ''}
[2026, 9, 25, 18, 40, 59] ;;; curseforge; {'id': 9639, 'gameVersionTypeID': 75208, 'name': 'Server', 'slug': 'server', 'apiVersion': ''}
[2026, 9, 25, 18, 40, 59] ;;; curseforge; {'id': 14406, 'gameVersionTypeID': 77784, 'name': '1.21.11', 'slug': '1-21-11', 'apiVersion': None}
[2026, 9, 25, 18, 40, 59] ;;; curseforge; {'id': 14417, 'gameVersionTypeID': 1, 'name': '1.21.11', 'slug': '1-21-11', 'apiVersion': ''}
[2026, 9, 25, 18, 40, 59] ;;; curseforge; {'id': 16127, 'gameVersionTypeID': 615, 'name': '1.21.11', 'slug': '1-21-11', 'apiVersion': ''}
[2026, 9, 25, 18, 40, 59] ;;; curseforge; {'file': ('undead_expanded-fabric-1.21.9_1.60.0.jar', <_io.BufferedReader name='.\\releases\\1.60.0\\undead_expanded-fabric-1.21.9_1.60.0.jar'>, 'application/jar'), 'metadata': (None, '{"changelog": "", "displayName": "undead_expanded fabric 1.21.9 1.60.0", "gameVersions": [7499, 9638, 9639, 13927, 13964, 14406], "gameVersionNames": ["Fabric", "Client", "Server", "1.21.9", "1.21.10", "1.21.11"], "releaseType": "release", "relations": {"projects": [{"slug": "gstools", "projectID": 1404020, "type": "requiredDependency"}]}}', 'application/json')}
[2026, 9, 25, 18, 41, 6] ;;; curseforge; Mod file uploaded successfully! Response: {'id': 8975564}
[2026, 9, 25, 18, 41, 6] ;;; curseforge; {'id': 7499, 'gameVersionTypeID': 68441, 'name': 'Fabric', 'slug': 'fabric', 'apiVersion': ''}
[2026, 9, 25, 18, 41, 6] ;;; curseforge; {'id': 9638, 'gameVersionTypeID': 75208, 'name': 'Client', 'slug': 'client', 'apiVersion': ''}
[2026, 9, 25, 18, 41, 6] ;;; curseforge; {'id': 9639, 'gameVersionTypeID': 75208, 'name': 'Server', 'slug': 'server', 'apiVersion': ''}
[2026, 9, 25, 18, 41, 6] ;;; curseforge; {'id': 13927, 'gameVersionTypeID': 77784, 'name': '1.21.9', 'slug': '1-21-9', 'apiVersion': None}
[2026, 9, 25, 18, 41, 6] ;;; curseforge; {'id': 13933, 'gameVersionTypeID': 1, 'name': '1.21.9', 'slug': '1-21-9', 'apiVersion': ''}
[2026, 9, 25, 18, 41, 6] ;;; curseforge; {'id': 16125, 'gameVersionTypeID': 615, 'name': '1.21.9', 'slug': '1-21-9', 'apiVersion': ''}
[2026, 9, 25, 18, 41, 6] ;;; curseforge; {'id': 7499, 'gameVersionTypeID': 68441, 'name': 'Fabric', 'slug': 'fabric', 'apiVersion': ''}
[2026, 9, 25, 18, 41, 6] ;;; curseforge; {'id': 9638, 'gameVersionTypeID': 75208, 'name': 'Client', 'slug': 'client', 'apiVersion': ''}
[2026, 9, 25, 18, 41, 6] ;;; curseforge; {'id': 9639, 'gameVersionTypeID': 75208, 'name': 'Server', 'slug': 'server', 'apiVersion': ''}
[2026, 9, 25, 18, 41, 6] ;;; curseforge; {'id': 13964, 'gameVersionTypeID': 77784, 'name': '1.21.10', 'slug': '1-21-10', 'apiVersion': None}
[2026, 9, 25, 18, 41, 6] ;;; curseforge; {'id': 13966, 'gameVersionTypeID': 1, 'name': '1.21.10', 'slug': '1-21-10', 'apiVersion': ''}
[2026, 9, 25, 18, 41, 6] ;;; curseforge; {'id': 16126, 'gameVersionTypeID': 615, 'name': '1.21.10', 'slug': '1-21-10', 'apiVersion': ''}
[2026, 9, 25, 18, 41, 6] ;;; curseforge; {'id': 7499, 'gameVersionTypeID': 68441, 'name': 'Fabric', 'slug': 'fabric', 'apiVersion': ''}
[2026, 9, 25, 18, 41, 6] ;;; curseforge; {'id': 9638, 'gameVersionTypeID': 75208, 'name': 'Client', 'slug': 'client', 'apiVersion': ''}
[2026, 9, 25, 18, 41, 6] ;;; curseforge; {'id': 9639, 'gameVersionTypeID': 75208, 'name': 'Server', 'slug': 'server', 'apiVersion': ''}
[2026, 9, 25, 18, 41, 6] ;;; curseforge; {'id': 14406, 'gameVersionTypeID': 77784, 'name': '1.21.11', 'slug': '1-21-11', 'apiVersion': None}
[2026, 9, 25, 18, 41, 6] ;;; curseforge; {'id': 14417, 'gameVersionTypeID': 1, 'name': '1.21.11', 'slug': '1-21-11', 'apiVersion': ''}
[2026, 9, 25, 18, 41, 6] ;;; curseforge; {'id': 16127, 'gameVersionTypeID': 615, 'name': '1.21.11', 'slug': '1-21-11', 'apiVersion': ''}
[2026, 9, 25, 18, 41, 21] ;;; curseforge; {'id': 7499, 'gameVersionTypeID': 68441, 'name': 'Fabric', 'slug': 'fabric', 'apiVersion': ''}
[2026, 9, 25, 18, 41, 21] ;;; curseforge; {'id': 9638, 'gameVersionTypeID': 75208, 'name': 'Client', 'slug': 'client', 'apiVersion': ''}
[2026, 9, 25, 18, 41, 21] ;;; curseforge; {'id': 9639, 'gameVersionTypeID': 75208, 'name': 'Server', 'slug': 'server', 'apiVersion': ''}
[2026, 9, 25, 18, 41, 21] ;;; curseforge; {'id': 15933, 'gameVersionTypeID': 83806, 'name': '26.1', 'slug': '26-1', 'apiVersion': None}
[2026, 9, 25, 18, 41, 21] ;;; curseforge; {'id': 16083, 'gameVersionTypeID': 1, 'name': '26.1', 'slug': '26-1', 'apiVersion': ''}
[2026, 9, 25, 18, 41, 21] ;;; curseforge; {'id': 16128, 'gameVersionTypeID': 615, 'name': '26.1', 'slug': '26-1', 'apiVersion': ''}
[2026, 9, 25, 18, 41, 21] ;;; curseforge; {'id': 7499, 'gameVersionTypeID': 68441, 'name': 'Fabric', 'slug': 'fabric', 'apiVersion': ''}
[2026, 9, 25, 18, 41, 21] ;;; curseforge; {'id': 9638, 'gameVersionTypeID': 75208, 'name': 'Client', 'slug': 'client', 'apiVersion': ''}
[2026, 9, 25, 18, 41, 21] ;;; curseforge; {'id': 9639, 'gameVersionTypeID': 75208, 'name': 'Server', 'slug': 'server', 'apiVersion': ''}
[2026, 9, 25, 18, 41, 22] ;;; curseforge; {'id': 16021, 'gameVersionTypeID': 83806, 'name': '26.1.1', 'slug': '26-1-1', 'apiVersion': None}
[2026, 9, 25, 18, 41, 22] ;;; curseforge; {'id': 16084, 'gameVersionTypeID': 1, 'name': '26.1.1', 'slug': '26-1-1', 'apiVersion': ''}
[2026, 9, 25, 18, 41, 22] ;;; curseforge; {'id': 16129, 'gameVersionTypeID': 615, 'name': '26.1.1', 'slug': '26-1-1', 'apiVersion': ''}
[2026, 9, 25, 18, 41, 22] ;;; curseforge; {'id': 7499, 'gameVersionTypeID': 68441, 'name': 'Fabric', 'slug': 'fabric', 'apiVersion': ''}
[2026, 9, 25, 18, 41, 22] ;;; curseforge; {'id': 9638, 'gameVersionTypeID': 75208, 'name': 'Client', 'slug': 'client', 'apiVersion': ''}
[2026, 9, 25, 18, 41, 22] ;;; curseforge; {'id': 9639, 'gameVersionTypeID': 75208, 'name': 'Server', 'slug': 'server', 'apiVersion': ''}
[2026, 9, 25, 18, 41, 22] ;;; curseforge; {'id': 16082, 'gameVersionTypeID': 83806, 'name': '26.1.2', 'slug': '26-1-2', 'apiVersion': None}
[2026, 9, 25, 18, 41, 22] ;;; curseforge; {'id': 16085, 'gameVersionTypeID': 1, 'name': '26.1.2', 'slug': '26-1-2', 'apiVersion': ''}
[2026, 9, 25, 18, 41, 22] ;;; curseforge; {'id': 16130, 'gameVersionTypeID': 615, 'name': '26.1.2', 'slug': '26-1-2', 'apiVersion': ''}
[2026, 9, 25, 18, 41, 22] ;;; curseforge; {'file': ('undead_expanded-fabric-26.1_1.60.0.jar', <_io.BufferedReader name='.\\releases\\1.60.0\\undead_expanded-fabric-26.1_1.60.0.jar'>, 'application/jar'), 'metadata': (None, '{"changelog": "", "displayName": "undead_expanded fabric 26.1 1.60.0", "gameVersions": [7499, 9638, 9639, 15933, 16021, 16082], "gameVersionNames": ["Fabric", "Client", "Server", "26.1", "26.1.1", "26.1.2"], "releaseType": "release", "relations": {"projects": [{"slug": "gstools", "projectID": 1404020, "type": "requiredDependency"}]}}', 'application/json')}
[2026, 9, 25, 18, 41, 42] ;;; curseforge; Mod file uploaded successfully! Response: {'id': 8975568}
[2026, 9, 25, 18, 41, 42] ;;; curseforge; {'id': 7499, 'gameVersionTypeID': 68441, 'name': 'Fabric', 'slug': 'fabric', 'apiVersion': ''}
[2026, 9, 25, 18, 41, 42] ;;; curseforge; {'id': 9638, 'gameVersionTypeID': 75208, 'name': 'Client', 'slug': 'client', 'apiVersion': ''}
[2026, 9, 25, 18, 41, 42] ;;; curseforge; {'id': 9639, 'gameVersionTypeID': 75208, 'name': 'Server', 'slug': 'server', 'apiVersion': ''}
[2026, 9, 25, 18, 41, 42] ;;; curseforge; {'id': 15933, 'gameVersionTypeID': 83806, 'name': '26.1', 'slug': '26-1', 'apiVersion': None}
[2026, 9, 25, 18, 41, 42] ;;; curseforge; {'id': 16083, 'gameVersionTypeID': 1, 'name': '26.1', 'slug': '26-1', 'apiVersion': ''}
[2026, 9, 25, 18, 41, 42] ;;; curseforge; {'id': 16128, 'gameVersionTypeID': 615, 'name': '26.1', 'slug': '26-1', 'apiVersion': ''}
[2026, 9, 25, 18, 41, 42] ;;; curseforge; {'id': 7499, 'gameVersionTypeID': 68441, 'name': 'Fabric', 'slug': 'fabric', 'apiVersion': ''}
[2026, 9, 25, 18, 41, 42] ;;; curseforge; {'id': 9638, 'gameVersionTypeID': 75208, 'name': 'Client', 'slug': 'client', 'apiVersion': ''}
[2026, 9, 25, 18, 41, 42] ;;; curseforge; {'id': 9639, 'gameVersionTypeID': 75208, 'name': 'Server', 'slug': 'server', 'apiVersion': ''}
[2026, 9, 25, 18, 41, 42] ;;; curseforge; {'id': 16021, 'gameVersionTypeID': 83806, 'name': '26.1.1', 'slug': '26-1-1', 'apiVersion': None}
[2026, 9, 25, 18, 41, 42] ;;; curseforge; {'id': 16084, 'gameVersionTypeID': 1, 'name': '26.1.1', 'slug': '26-1-1', 'apiVersion': ''}
[2026, 9, 25, 18, 41, 42] ;;; curseforge; {'id': 16129, 'gameVersionTypeID': 615, 'name': '26.1.1', 'slug': '26-1-1', 'apiVersion': ''}
[2026, 9, 25, 18, 41, 42] ;;; curseforge; {'id': 7499, 'gameVersionTypeID': 68441, 'name': 'Fabric', 'slug': 'fabric', 'apiVersion': ''}
[2026, 9, 25, 18, 41, 42] ;;; curseforge; {'id': 9638, 'gameVersionTypeID': 75208, 'name': 'Client', 'slug': 'client', 'apiVersion': ''}
[2026, 9, 25, 18, 41, 42] ;;; curseforge; {'id': 9639, 'gameVersionTypeID': 75208, 'name': 'Server', 'slug': 'server', 'apiVersion': ''}
[2026, 9, 25, 18, 41, 42] ;;; curseforge; {'id': 16082, 'gameVersionTypeID': 83806, 'name': '26.1.2', 'slug': '26-1-2', 'apiVersion': None}
[2026, 9, 25, 18, 41, 42] ;;; curseforge; {'id': 16085, 'gameVersionTypeID': 1, 'name': '26.1.2', 'slug': '26-1-2', 'apiVersion': ''}
[2026, 9, 25, 18, 41, 42] ;;; curseforge; {'id': 16130, 'gameVersionTypeID': 615, 'name': '26.1.2', 'slug': '26-1-2', 'apiVersion': ''}
[2026, 9, 25, 18, 41, 53] ;;; curseforge; {'id': 7499, 'gameVersionTypeID': 68441, 'name': 'Fabric', 'slug': 'fabric', 'apiVersion': ''}
[2026, 9, 25, 18, 41, 53] ;;; curseforge; {'id': 9638, 'gameVersionTypeID': 75208, 'name': 'Client', 'slug': 'client', 'apiVersion': ''}
[2026, 9, 25, 18, 41, 53] ;;; curseforge; {'id': 9639, 'gameVersionTypeID': 75208, 'name': 'Server', 'slug': 'server', 'apiVersion': ''}
[2026, 9, 25, 18, 41, 53] ;;; curseforge; {'id': 16498, 'gameVersionTypeID': 86297, 'name': '26.2', 'slug': '26-2', 'apiVersion': None}
[2026, 9, 25, 18, 41, 53] ;;; curseforge; {'id': 16500, 'gameVersionTypeID': 1, 'name': '26.2', 'slug': '26-2', 'apiVersion': ''}
[2026, 9, 25, 18, 41, 53] ;;; curseforge; {'file': ('undead_expanded-fabric-26.2_1.60.0.jar', <_io.BufferedReader name='.\\releases\\1.60.0\\undead_expanded-fabric-26.2_1.60.0.jar'>, 'application/jar'), 'metadata': (None, '{"changelog": "", "displayName": "undead_expanded fabric 26.2 1.60.0", "gameVersions": [7499, 9638, 9639, 16498], "gameVersionNames": ["Fabric", "Client", "Server", "26.2"], "releaseType": "release", "relations": {"projects": [{"slug": "gstools", "projectID": 1404020, "type": "requiredDependency"}]}}', 'application/json')}
[2026, 9, 25, 18, 41, 59] ;;; curseforge; Mod file uploaded successfully! Response: {'id': 8975569}
[2026, 9, 25, 18, 42, 0] ;;; curseforge; {'id': 7499, 'gameVersionTypeID': 68441, 'name': 'Fabric', 'slug': 'fabric', 'apiVersion': ''}
[2026, 9, 25, 18, 42, 0] ;;; curseforge; {'id': 9638, 'gameVersionTypeID': 75208, 'name': 'Client', 'slug': 'client', 'apiVersion': ''}
[2026, 9, 25, 18, 42, 0] ;;; curseforge; {'id': 9639, 'gameVersionTypeID': 75208, 'name': 'Server', 'slug': 'server', 'apiVersion': ''}
[2026, 9, 25, 18, 42, 0] ;;; curseforge; {'id': 16498, 'gameVersionTypeID': 86297, 'name': '26.2', 'slug': '26-2', 'apiVersion': None}
[2026, 9, 25, 18, 42, 0] ;;; curseforge; {'id': 16500, 'gameVersionTypeID': 1, 'name': '26.2', 'slug': '26-2', 'apiVersion': ''}
[2026, 9, 25, 18, 42, 14] ;;; curseforge; {'id': 7498, 'gameVersionTypeID': 68441, 'name': 'Forge', 'slug': 'forge', 'apiVersion': ''}
[2026, 9, 25, 18, 42, 14] ;;; curseforge; {'id': 9638, 'gameVersionTypeID': 75208, 'name': 'Client', 'slug': 'client', 'apiVersion': ''}
[2026, 9, 25, 18, 42, 14] ;;; curseforge; {'id': 9639, 'gameVersionTypeID': 75208, 'name': 'Server', 'slug': 'server', 'apiVersion': ''}
[2026, 9, 25, 18, 42, 14] ;;; curseforge; {'id': 9776, 'gameVersionTypeID': 73407, 'name': '1.19.4', 'slug': '1-19-4', 'apiVersion': ''}
[2026, 9, 25, 18, 42, 14] ;;; curseforge; {'id': 9792, 'gameVersionTypeID': 615, 'name': '1.19.4', 'slug': '1-19-4', 'apiVersion': ''}
[2026, 9, 25, 18, 42, 14] ;;; curseforge; {'id': 9973, 'gameVersionTypeID': 1, 'name': '1.19.4', 'slug': '1-19-4', 'apiVersion': ''}
[2026, 9, 25, 18, 42, 14] ;;; curseforge; {'file': ('undead_expanded-forge-1.19.4_1.60.0.jar', <_io.BufferedReader name='.\\releases\\1.60.0\\undead_expanded-forge-1.19.4_1.60.0.jar'>, 'application/jar'), 'metadata': (None, '{"changelog": "", "displayName": "undead_expanded forge 1.19.4 1.60.0", "gameVersions": [7498, 9638, 9639, 9776], "gameVersionNames": ["Forge", "Client", "Server", "1.19.4"], "releaseType": "release", "relations": {"projects": [{"slug": "gstools", "projectID": 1404020, "type": "requiredDependency"}]}}', 'application/json')}
[2026, 9, 25, 18, 42, 21] ;;; curseforge; Mod file uploaded successfully! Response: {'id': 8975570}
[2026, 9, 25, 18, 42, 21] ;;; curseforge; {'id': 7498, 'gameVersionTypeID': 68441, 'name': 'Forge', 'slug': 'forge', 'apiVersion': ''}
[2026, 9, 25, 18, 42, 21] ;;; curseforge; {'id': 9638, 'gameVersionTypeID': 75208, 'name': 'Client', 'slug': 'client', 'apiVersion': ''}
[2026, 9, 25, 18, 42, 21] ;;; curseforge; {'id': 9639, 'gameVersionTypeID': 75208, 'name': 'Server', 'slug': 'server', 'apiVersion': ''}
[2026, 9, 25, 18, 42, 21] ;;; curseforge; {'id': 9776, 'gameVersionTypeID': 73407, 'name': '1.19.4', 'slug': '1-19-4', 'apiVersion': ''}
[2026, 9, 25, 18, 42, 21] ;;; curseforge; {'id': 9792, 'gameVersionTypeID': 615, 'name': '1.19.4', 'slug': '1-19-4', 'apiVersion': ''}
[2026, 9, 25, 18, 42, 21] ;;; curseforge; {'id': 9973, 'gameVersionTypeID': 1, 'name': '1.19.4', 'slug': '1-19-4', 'apiVersion': ''}
[2026, 9, 25, 18, 42, 32] ;;; curseforge; {'id': 7498, 'gameVersionTypeID': 68441, 'name': 'Forge', 'slug': 'forge', 'apiVersion': ''}
[2026, 9, 25, 18, 42, 32] ;;; curseforge; {'id': 9638, 'gameVersionTypeID': 75208, 'name': 'Client', 'slug': 'client', 'apiVersion': ''}
[2026, 9, 25, 18, 42, 32] ;;; curseforge; {'id': 9639, 'gameVersionTypeID': 75208, 'name': 'Server', 'slug': 'server', 'apiVersion': ''}
[2026, 9, 25, 18, 42, 32] ;;; curseforge; {'id': 9990, 'gameVersionTypeID': 75125, 'name': '1.20.1', 'slug': '1-20-1', 'apiVersion': None}
[2026, 9, 25, 18, 42, 32] ;;; curseforge; {'id': 9993, 'gameVersionTypeID': 615, 'name': '1.20.1', 'slug': '1-20-1', 'apiVersion': ''}
[2026, 9, 25, 18, 42, 32] ;;; curseforge; {'id': 9994, 'gameVersionTypeID': 1, 'name': '1.20.1', 'slug': '1-20-1', 'apiVersion': ''}
[2026, 9, 25, 18, 42, 32] ;;; curseforge; {'file': ('undead_expanded-forge-1.20.1_1.60.0.jar', <_io.BufferedReader name='.\\releases\\1.60.0\\undead_expanded-forge-1.20.1_1.60.0.jar'>, 'application/jar'), 'metadata': (None, '{"changelog": "", "displayName": "undead_expanded forge 1.20.1 1.60.0", "gameVersions": [7498, 9638, 9639, 9990], "gameVersionNames": ["Forge", "Client", "Server", "1.20.1"], "releaseType": "release", "relations": {"projects": [{"slug": "gstools", "projectID": 1404020, "type": "requiredDependency"}]}}', 'application/json')}
[2026, 9, 25, 18, 42, 39] ;;; curseforge; Mod file uploaded successfully! Response: {'id': 8975572}
[2026, 9, 25, 18, 42, 39] ;;; curseforge; {'id': 7498, 'gameVersionTypeID': 68441, 'name': 'Forge', 'slug': 'forge', 'apiVersion': ''}
[2026, 9, 25, 18, 42, 39] ;;; curseforge; {'id': 9638, 'gameVersionTypeID': 75208, 'name': 'Client', 'slug': 'client', 'apiVersion': ''}
[2026, 9, 25, 18, 42, 39] ;;; curseforge; {'id': 9639, 'gameVersionTypeID': 75208, 'name': 'Server', 'slug': 'server', 'apiVersion': ''}
[2026, 9, 25, 18, 42, 39] ;;; curseforge; {'id': 9990, 'gameVersionTypeID': 75125, 'name': '1.20.1', 'slug': '1-20-1', 'apiVersion': None}
[2026, 9, 25, 18, 42, 39] ;;; curseforge; {'id': 9993, 'gameVersionTypeID': 615, 'name': '1.20.1', 'slug': '1-20-1', 'apiVersion': ''}
[2026, 9, 25, 18, 42, 39] ;;; curseforge; {'id': 9994, 'gameVersionTypeID': 1, 'name': '1.20.1', 'slug': '1-20-1', 'apiVersion': ''}
[2026, 9, 25, 18, 42, 51] ;;; curseforge; {'id': 9638, 'gameVersionTypeID': 75208, 'name': 'Client', 'slug': 'client', 'apiVersion': ''}
[2026, 9, 25, 18, 42, 51] ;;; curseforge; {'id': 9639, 'gameVersionTypeID': 75208, 'name': 'Server', 'slug': 'server', 'apiVersion': ''}
[2026, 9, 25, 18, 42, 51] ;;; curseforge; {'id': 10150, 'gameVersionTypeID': 68441, 'name': 'NeoForge', 'slug': 'neoforge', 'apiVersion': ''}
[2026, 9, 25, 18, 42, 51] ;;; curseforge; {'id': 10407, 'gameVersionTypeID': 75125, 'name': '1.20.4', 'slug': '1-20-4', 'apiVersion': None}
[2026, 9, 25, 18, 42, 51] ;;; curseforge; {'id': 10742, 'gameVersionTypeID': 1, 'name': '1.20.4', 'slug': '1-20-4', 'apiVersion': ''}
[2026, 9, 25, 18, 42, 51] ;;; curseforge; {'id': 10866, 'gameVersionTypeID': 615, 'name': '1.20.4', 'slug': '1-20-4', 'apiVersion': ''}
[2026, 9, 25, 18, 42, 51] ;;; curseforge; {'file': ('undead_expanded-neoforge-1.20.4_1.60.0.jar', <_io.BufferedReader name='.\\releases\\1.60.0\\undead_expanded-neoforge-1.20.4_1.60.0.jar'>, 'application/jar'), 'metadata': (None, '{"changelog": "", "displayName": "undead_expanded neoforge 1.20.4 1.60.0", "gameVersions": [9638, 9639, 10150, 10407], "gameVersionNames": ["Client", "Server", "NeoForge", "1.20.4"], "releaseType": "release", "relations": {"projects": [{"slug": "gstools", "projectID": 1404020, "type": "requiredDependency"}]}}', 'application/json')}
[2026, 9, 25, 18, 42, 58] ;;; curseforge; Mod file uploaded successfully! Response: {'id': 8975575}
[2026, 9, 25, 18, 42, 58] ;;; curseforge; {'id': 9638, 'gameVersionTypeID': 75208, 'name': 'Client', 'slug': 'client', 'apiVersion': ''}
[2026, 9, 25, 18, 42, 58] ;;; curseforge; {'id': 9639, 'gameVersionTypeID': 75208, 'name': 'Server', 'slug': 'server', 'apiVersion': ''}
[2026, 9, 25, 18, 42, 58] ;;; curseforge; {'id': 10150, 'gameVersionTypeID': 68441, 'name': 'NeoForge', 'slug': 'neoforge', 'apiVersion': ''}
[2026, 9, 25, 18, 42, 58] ;;; curseforge; {'id': 10407, 'gameVersionTypeID': 75125, 'name': '1.20.4', 'slug': '1-20-4', 'apiVersion': None}
[2026, 9, 25, 18, 42, 58] ;;; curseforge; {'id': 10742, 'gameVersionTypeID': 1, 'name': '1.20.4', 'slug': '1-20-4', 'apiVersion': ''}
[2026, 9, 25, 18, 42, 58] ;;; curseforge; {'id': 10866, 'gameVersionTypeID': 615, 'name': '1.20.4', 'slug': '1-20-4', 'apiVersion': ''}
[2026, 9, 25, 18, 43, 23] ;;; curseforge; {'id': 9638, 'gameVersionTypeID': 75208, 'name': 'Client', 'slug': 'client', 'apiVersion': ''}
[2026, 9, 25, 18, 43, 23] ;;; curseforge; {'id': 9639, 'gameVersionTypeID': 75208, 'name': 'Server', 'slug': 'server', 'apiVersion': ''}
[2026, 9, 25, 18, 43, 23] ;;; curseforge; {'id': 10150, 'gameVersionTypeID': 68441, 'name': 'NeoForge', 'slug': 'neoforge', 'apiVersion': ''}
[2026, 9, 25, 18, 43, 23] ;;; curseforge; {'id': 11779, 'gameVersionTypeID': 77784, 'name': '1.21.1', 'slug': '1-21-1', 'apiVersion': None}
[2026, 9, 25, 18, 43, 23] ;;; curseforge; {'id': 12735, 'gameVersionTypeID': 1, 'name': '1.21.1', 'slug': '1-21-1', 'apiVersion': ''}
[2026, 9, 25, 18, 43, 23] ;;; curseforge; {'id': 16115, 'gameVersionTypeID': 615, 'name': '1.21.1', 'slug': '1-21-1', 'apiVersion': ''}
[2026, 9, 25, 18, 43, 23] ;;; curseforge; {'file': ('undead_expanded-neoforge-1.21.1_1.60.0.jar', <_io.BufferedReader name='.\\releases\\1.60.0\\undead_expanded-neoforge-1.21.1_1.60.0.jar'>, 'application/jar'), 'metadata': (None, '{"changelog": "", "displayName": "undead_expanded neoforge 1.21.1 1.60.0", "gameVersions": [9638, 9639, 10150, 11779], "gameVersionNames": ["Client", "Server", "NeoForge", "1.21.1"], "releaseType": "release", "relations": {"projects": [{"slug": "gstools", "projectID": 1404020, "type": "requiredDependency"}]}}', 'application/json')}
[2026, 9, 25, 18, 43, 31] ;;; curseforge; Mod file uploaded successfully! Response: {'id': 8975577}
[2026, 9, 25, 18, 43, 32] ;;; curseforge; {'id': 9638, 'gameVersionTypeID': 75208, 'name': 'Client', 'slug': 'client', 'apiVersion': ''}
[2026, 9, 25, 18, 43, 32] ;;; curseforge; {'id': 9639, 'gameVersionTypeID': 75208, 'name': 'Server', 'slug': 'server', 'apiVersion': ''}
[2026, 9, 25, 18, 43, 32] ;;; curseforge; {'id': 10150, 'gameVersionTypeID': 68441, 'name': 'NeoForge', 'slug': 'neoforge', 'apiVersion': ''}
[2026, 9, 25, 18, 43, 32] ;;; curseforge; {'id': 11779, 'gameVersionTypeID': 77784, 'name': '1.21.1', 'slug': '1-21-1', 'apiVersion': None}
[2026, 9, 25, 18, 43, 32] ;;; curseforge; {'id': 12735, 'gameVersionTypeID': 1, 'name': '1.21.1', 'slug': '1-21-1', 'apiVersion': ''}
[2026, 9, 25, 18, 43, 32] ;;; curseforge; {'id': 16115, 'gameVersionTypeID': 615, 'name': '1.21.1', 'slug': '1-21-1', 'apiVersion': ''}
[2026, 9, 25, 18, 43, 51] ;;; curseforge; {'id': 9638, 'gameVersionTypeID': 75208, 'name': 'Client', 'slug': 'client', 'apiVersion': ''}
[2026, 9, 25, 18, 43, 51] ;;; curseforge; {'id': 9639, 'gameVersionTypeID': 75208, 'name': 'Server', 'slug': 'server', 'apiVersion': ''}
[2026, 9, 25, 18, 43, 51] ;;; curseforge; {'id': 10150, 'gameVersionTypeID': 68441, 'name': 'NeoForge', 'slug': 'neoforge', 'apiVersion': ''}
[2026, 9, 25, 18, 43, 51] ;;; curseforge; {'id': 12079, 'gameVersionTypeID': 77784, 'name': '1.21.2', 'slug': '1-21-2', 'apiVersion': ''}
[2026, 9, 25, 18, 43, 51] ;;; curseforge; {'id': 12736, 'gameVersionTypeID': 1, 'name': '1.21.2', 'slug': '1-21-2', 'apiVersion': ''}
[2026, 9, 25, 18, 43, 51] ;;; curseforge; {'id': 16116, 'gameVersionTypeID': 615, 'name': '1.21.2', 'slug': '1-21-2', 'apiVersion': ''}
[2026, 9, 25, 18, 43, 51] ;;; curseforge; {'id': 9638, 'gameVersionTypeID': 75208, 'name': 'Client', 'slug': 'client', 'apiVersion': ''}
[2026, 9, 25, 18, 43, 51] ;;; curseforge; {'id': 9639, 'gameVersionTypeID': 75208, 'name': 'Server', 'slug': 'server', 'apiVersion': ''}
[2026, 9, 25, 18, 43, 51] ;;; curseforge; {'id': 10150, 'gameVersionTypeID': 68441, 'name': 'NeoForge', 'slug': 'neoforge', 'apiVersion': ''}
[2026, 9, 25, 18, 43, 51] ;;; curseforge; {'id': 12084, 'gameVersionTypeID': 77784, 'name': '1.21.3', 'slug': '1-21-3', 'apiVersion': None}
[2026, 9, 25, 18, 43, 51] ;;; curseforge; {'id': 12737, 'gameVersionTypeID': 1, 'name': '1.21.3', 'slug': '1-21-3', 'apiVersion': ''}
[2026, 9, 25, 18, 43, 51] ;;; curseforge; {'id': 16117, 'gameVersionTypeID': 615, 'name': '1.21.3', 'slug': '1-21-3', 'apiVersion': ''}
[2026, 9, 25, 18, 43, 51] ;;; curseforge; {'file': ('undead_expanded-neoforge-1.21.2_1.60.0.jar', <_io.BufferedReader name='.\\releases\\1.60.0\\undead_expanded-neoforge-1.21.2_1.60.0.jar'>, 'application/jar'), 'metadata': (None, '{"changelog": "", "displayName": "undead_expanded neoforge 1.21.2 1.60.0", "gameVersions": [9638, 9639, 10150, 12079, 12084], "gameVersionNames": ["Client", "Server", "NeoForge", "1.21.2", "1.21.3"], "releaseType": "release", "relations": {"projects": [{"slug": "gstools", "projectID": 1404020, "type": "requiredDependency"}]}}', 'application/json')}
[2026, 9, 25, 18, 43, 59] ;;; curseforge; Mod file uploaded successfully! Response: {'id': 8975581}
[2026, 9, 25, 18, 44, 0] ;;; curseforge; {'id': 9638, 'gameVersionTypeID': 75208, 'name': 'Client', 'slug': 'client', 'apiVersion': ''}
[2026, 9, 25, 18, 44, 0] ;;; curseforge; {'id': 9639, 'gameVersionTypeID': 75208, 'name': 'Server', 'slug': 'server', 'apiVersion': ''}
[2026, 9, 25, 18, 44, 0] ;;; curseforge; {'id': 10150, 'gameVersionTypeID': 68441, 'name': 'NeoForge', 'slug': 'neoforge', 'apiVersion': ''}
[2026, 9, 25, 18, 44, 0] ;;; curseforge; {'id': 12079, 'gameVersionTypeID': 77784, 'name': '1.21.2', 'slug': '1-21-2', 'apiVersion': ''}
[2026, 9, 25, 18, 44, 0] ;;; curseforge; {'id': 12736, 'gameVersionTypeID': 1, 'name': '1.21.2', 'slug': '1-21-2', 'apiVersion': ''}
[2026, 9, 25, 18, 44, 0] ;;; curseforge; {'id': 16116, 'gameVersionTypeID': 615, 'name': '1.21.2', 'slug': '1-21-2', 'apiVersion': ''}
[2026, 9, 25, 18, 44, 0] ;;; curseforge; {'id': 9638, 'gameVersionTypeID': 75208, 'name': 'Client', 'slug': 'client', 'apiVersion': ''}
[2026, 9, 25, 18, 44, 0] ;;; curseforge; {'id': 9639, 'gameVersionTypeID': 75208, 'name': 'Server', 'slug': 'server', 'apiVersion': ''}
[2026, 9, 25, 18, 44, 0] ;;; curseforge; {'id': 10150, 'gameVersionTypeID': 68441, 'name': 'NeoForge', 'slug': 'neoforge', 'apiVersion': ''}
[2026, 9, 25, 18, 44, 0] ;;; curseforge; {'id': 12084, 'gameVersionTypeID': 77784, 'name': '1.21.3', 'slug': '1-21-3', 'apiVersion': None}
[2026, 9, 25, 18, 44, 0] ;;; curseforge; {'id': 12737, 'gameVersionTypeID': 1, 'name': '1.21.3', 'slug': '1-21-3', 'apiVersion': ''}
[2026, 9, 25, 18, 44, 0] ;;; curseforge; {'id': 16117, 'gameVersionTypeID': 615, 'name': '1.21.3', 'slug': '1-21-3', 'apiVersion': ''}
[2026, 9, 25, 18, 44, 12] ;;; curseforge; {'id': 9638, 'gameVersionTypeID': 75208, 'name': 'Client', 'slug': 'client', 'apiVersion': ''}
[2026, 9, 25, 18, 44, 12] ;;; curseforge; {'id': 9639, 'gameVersionTypeID': 75208, 'name': 'Server', 'slug': 'server', 'apiVersion': ''}
[2026, 9, 25, 18, 44, 12] ;;; curseforge; {'id': 10150, 'gameVersionTypeID': 68441, 'name': 'NeoForge', 'slug': 'neoforge', 'apiVersion': ''}
[2026, 9, 25, 18, 44, 12] ;;; curseforge; {'id': 12281, 'gameVersionTypeID': 77784, 'name': '1.21.4', 'slug': '1-21-4', 'apiVersion': None}
[2026, 9, 25, 18, 44, 12] ;;; curseforge; {'id': 12738, 'gameVersionTypeID': 1, 'name': '1.21.4', 'slug': '1-21-4', 'apiVersion': ''}
[2026, 9, 25, 18, 44, 12] ;;; curseforge; {'id': 16118, 'gameVersionTypeID': 615, 'name': '1.21.4', 'slug': '1-21-4', 'apiVersion': ''}
[2026, 9, 25, 18, 44, 12] ;;; curseforge; {'file': ('undead_expanded-neoforge-1.21.4_1.60.0.jar', <_io.BufferedReader name='.\\releases\\1.60.0\\undead_expanded-neoforge-1.21.4_1.60.0.jar'>, 'application/jar'), 'metadata': (None, '{"changelog": "", "displayName": "undead_expanded neoforge 1.21.4 1.60.0", "gameVersions": [9638, 9639, 10150, 12281], "gameVersionNames": ["Client", "Server", "NeoForge", "1.21.4"], "releaseType": "release", "relations": {"projects": [{"slug": "gstools", "projectID": 1404020, "type": "requiredDependency"}]}}', 'application/json')}
[2026, 9, 25, 18, 44, 26] ;;; curseforge; Mod file uploaded successfully! Response: {'id': 8975582}
[2026, 9, 25, 18, 44, 26] ;;; curseforge; {'id': 9638, 'gameVersionTypeID': 75208, 'name': 'Client', 'slug': 'client', 'apiVersion': ''}
[2026, 9, 25, 18, 44, 26] ;;; curseforge; {'id': 9639, 'gameVersionTypeID': 75208, 'name': 'Server', 'slug': 'server', 'apiVersion': ''}
[2026, 9, 25, 18, 44, 26] ;;; curseforge; {'id': 10150, 'gameVersionTypeID': 68441, 'name': 'NeoForge', 'slug': 'neoforge', 'apiVersion': ''}
[2026, 9, 25, 18, 44, 26] ;;; curseforge; {'id': 12281, 'gameVersionTypeID': 77784, 'name': '1.21.4', 'slug': '1-21-4', 'apiVersion': None}
[2026, 9, 25, 18, 44, 26] ;;; curseforge; {'id': 12738, 'gameVersionTypeID': 1, 'name': '1.21.4', 'slug': '1-21-4', 'apiVersion': ''}
[2026, 9, 25, 18, 44, 26] ;;; curseforge; {'id': 16118, 'gameVersionTypeID': 615, 'name': '1.21.4', 'slug': '1-21-4', 'apiVersion': ''}
[2026, 9, 25, 18, 44, 49] ;;; curseforge; {'id': 9638, 'gameVersionTypeID': 75208, 'name': 'Client', 'slug': 'client', 'apiVersion': ''}
[2026, 9, 25, 18, 44, 49] ;;; curseforge; {'id': 9639, 'gameVersionTypeID': 75208, 'name': 'Server', 'slug': 'server', 'apiVersion': ''}
[2026, 9, 25, 18, 44, 49] ;;; curseforge; {'id': 10150, 'gameVersionTypeID': 68441, 'name': 'NeoForge', 'slug': 'neoforge', 'apiVersion': ''}
[2026, 9, 25, 18, 44, 49] ;;; curseforge; {'id': 12934, 'gameVersionTypeID': 77784, 'name': '1.21.5', 'slug': '1-21-5', 'apiVersion': None}
[2026, 9, 25, 18, 44, 49] ;;; curseforge; {'id': 12988, 'gameVersionTypeID': 1, 'name': '1.21.5', 'slug': '1-21-5', 'apiVersion': ''}
[2026, 9, 25, 18, 44, 49] ;;; curseforge; {'id': 16119, 'gameVersionTypeID': 615, 'name': '1.21.5', 'slug': '1-21-5', 'apiVersion': ''}
[2026, 9, 25, 18, 44, 49] ;;; curseforge; {'id': 9638, 'gameVersionTypeID': 75208, 'name': 'Client', 'slug': 'client', 'apiVersion': ''}
[2026, 9, 25, 18, 44, 49] ;;; curseforge; {'id': 9639, 'gameVersionTypeID': 75208, 'name': 'Server', 'slug': 'server', 'apiVersion': ''}
[2026, 9, 25, 18, 44, 49] ;;; curseforge; {'id': 10150, 'gameVersionTypeID': 68441, 'name': 'NeoForge', 'slug': 'neoforge', 'apiVersion': ''}
[2026, 9, 25, 18, 44, 49] ;;; curseforge; {'id': 13506, 'gameVersionTypeID': 77784, 'name': '1.21.7', 'slug': '1-21-7', 'apiVersion': None}
[2026, 9, 25, 18, 44, 49] ;;; curseforge; {'id': 13574, 'gameVersionTypeID': 1, 'name': '1.21.7', 'slug': '1-21-7', 'apiVersion': ''}
[2026, 9, 25, 18, 44, 49] ;;; curseforge; {'id': 16121, 'gameVersionTypeID': 615, 'name': '1.21.7', 'slug': '1-21-7', 'apiVersion': ''}
[2026, 9, 25, 18, 44, 49] ;;; curseforge; {'file': ('undead_expanded-neoforge-1.21.5_1.60.0.jar', <_io.BufferedReader name='.\\releases\\1.60.0\\undead_expanded-neoforge-1.21.5_1.60.0.jar'>, 'application/jar'), 'metadata': (None, '{"changelog": "", "displayName": "undead_expanded neoforge 1.21.5 1.60.0", "gameVersions": [9638, 9639, 10150, 12934, 13506], "gameVersionNames": ["Client", "Server", "NeoForge", "1.21.5", "1.21.7"], "releaseType": "release", "relations": {"projects": [{"slug": "gstools", "projectID": 1404020, "type": "requiredDependency"}]}}', 'application/json')}
[2026, 9, 25, 18, 44, 57] ;;; curseforge; Mod file uploaded successfully! Response: {'id': 8975584}
[2026, 9, 25, 18, 44, 57] ;;; curseforge; {'id': 9638, 'gameVersionTypeID': 75208, 'name': 'Client', 'slug': 'client', 'apiVersion': ''}
[2026, 9, 25, 18, 44, 57] ;;; curseforge; {'id': 9639, 'gameVersionTypeID': 75208, 'name': 'Server', 'slug': 'server', 'apiVersion': ''}
[2026, 9, 25, 18, 44, 57] ;;; curseforge; {'id': 10150, 'gameVersionTypeID': 68441, 'name': 'NeoForge', 'slug': 'neoforge', 'apiVersion': ''}
[2026, 9, 25, 18, 44, 57] ;;; curseforge; {'id': 12934, 'gameVersionTypeID': 77784, 'name': '1.21.5', 'slug': '1-21-5', 'apiVersion': None}
[2026, 9, 25, 18, 44, 57] ;;; curseforge; {'id': 12988, 'gameVersionTypeID': 1, 'name': '1.21.5', 'slug': '1-21-5', 'apiVersion': ''}
[2026, 9, 25, 18, 44, 57] ;;; curseforge; {'id': 16119, 'gameVersionTypeID': 615, 'name': '1.21.5', 'slug': '1-21-5', 'apiVersion': ''}
[2026, 9, 25, 18, 44, 57] ;;; curseforge; {'id': 9638, 'gameVersionTypeID': 75208, 'name': 'Client', 'slug': 'client', 'apiVersion': ''}
[2026, 9, 25, 18, 44, 57] ;;; curseforge; {'id': 9639, 'gameVersionTypeID': 75208, 'name': 'Server', 'slug': 'server', 'apiVersion': ''}
[2026, 9, 25, 18, 44, 57] ;;; curseforge; {'id': 10150, 'gameVersionTypeID': 68441, 'name': 'NeoForge', 'slug': 'neoforge', 'apiVersion': ''}
[2026, 9, 25, 18, 44, 57] ;;; curseforge; {'id': 13506, 'gameVersionTypeID': 77784, 'name': '1.21.7', 'slug': '1-21-7', 'apiVersion': None}
[2026, 9, 25, 18, 44, 57] ;;; curseforge; {'id': 13574, 'gameVersionTypeID': 1, 'name': '1.21.7', 'slug': '1-21-7', 'apiVersion': ''}
[2026, 9, 25, 18, 44, 57] ;;; curseforge; {'id': 16121, 'gameVersionTypeID': 615, 'name': '1.21.7', 'slug': '1-21-7', 'apiVersion': ''}
[2026, 9, 25, 18, 45, 11] ;;; curseforge; {'id': 9638, 'gameVersionTypeID': 75208, 'name': 'Client', 'slug': 'client', 'apiVersion': ''}
[2026, 9, 25, 18, 45, 11] ;;; curseforge; {'id': 9639, 'gameVersionTypeID': 75208, 'name': 'Server', 'slug': 'server', 'apiVersion': ''}
[2026, 9, 25, 18, 45, 11] ;;; curseforge; {'id': 10150, 'gameVersionTypeID': 68441, 'name': 'NeoForge', 'slug': 'neoforge', 'apiVersion': ''}
[2026, 9, 25, 18, 45, 11] ;;; curseforge; {'id': 13620, 'gameVersionTypeID': 77784, 'name': '1.21.8', 'slug': '1-21-8', 'apiVersion': None}
[2026, 9, 25, 18, 45, 11] ;;; curseforge; {'id': 13683, 'gameVersionTypeID': 1, 'name': '1.21.8', 'slug': '1-21-8', 'apiVersion': ''}
[2026, 9, 25, 18, 45, 11] ;;; curseforge; {'id': 16124, 'gameVersionTypeID': 615, 'name': '1.21.8', 'slug': '1-21-8', 'apiVersion': ''}
[2026, 9, 25, 18, 45, 11] ;;; curseforge; {'id': 9638, 'gameVersionTypeID': 75208, 'name': 'Client', 'slug': 'client', 'apiVersion': ''}
[2026, 9, 25, 18, 45, 11] ;;; curseforge; {'id': 9639, 'gameVersionTypeID': 75208, 'name': 'Server', 'slug': 'server', 'apiVersion': ''}
[2026, 9, 25, 18, 45, 11] ;;; curseforge; {'id': 10150, 'gameVersionTypeID': 68441, 'name': 'NeoForge', 'slug': 'neoforge', 'apiVersion': ''}
[2026, 9, 25, 18, 45, 11] ;;; curseforge; {'id': 13927, 'gameVersionTypeID': 77784, 'name': '1.21.9', 'slug': '1-21-9', 'apiVersion': None}
[2026, 9, 25, 18, 45, 11] ;;; curseforge; {'id': 13933, 'gameVersionTypeID': 1, 'name': '1.21.9', 'slug': '1-21-9', 'apiVersion': ''}
[2026, 9, 25, 18, 45, 11] ;;; curseforge; {'id': 16125, 'gameVersionTypeID': 615, 'name': '1.21.9', 'slug': '1-21-9', 'apiVersion': ''}
[2026, 9, 25, 18, 45, 11] ;;; curseforge; {'id': 9638, 'gameVersionTypeID': 75208, 'name': 'Client', 'slug': 'client', 'apiVersion': ''}
[2026, 9, 25, 18, 45, 11] ;;; curseforge; {'id': 9639, 'gameVersionTypeID': 75208, 'name': 'Server', 'slug': 'server', 'apiVersion': ''}
[2026, 9, 25, 18, 45, 11] ;;; curseforge; {'id': 10150, 'gameVersionTypeID': 68441, 'name': 'NeoForge', 'slug': 'neoforge', 'apiVersion': ''}
[2026, 9, 25, 18, 45, 11] ;;; curseforge; {'id': 13964, 'gameVersionTypeID': 77784, 'name': '1.21.10', 'slug': '1-21-10', 'apiVersion': None}
[2026, 9, 25, 18, 45, 11] ;;; curseforge; {'id': 13966, 'gameVersionTypeID': 1, 'name': '1.21.10', 'slug': '1-21-10', 'apiVersion': ''}
[2026, 9, 25, 18, 45, 11] ;;; curseforge; {'id': 16126, 'gameVersionTypeID': 615, 'name': '1.21.10', 'slug': '1-21-10', 'apiVersion': ''}
[2026, 9, 25, 18, 45, 11] ;;; curseforge; {'id': 9638, 'gameVersionTypeID': 75208, 'name': 'Client', 'slug': 'client', 'apiVersion': ''}
[2026, 9, 25, 18, 45, 11] ;;; curseforge; {'id': 9639, 'gameVersionTypeID': 75208, 'name': 'Server', 'slug': 'server', 'apiVersion': ''}
[2026, 9, 25, 18, 45, 11] ;;; curseforge; {'id': 10150, 'gameVersionTypeID': 68441, 'name': 'NeoForge', 'slug': 'neoforge', 'apiVersion': ''}
[2026, 9, 25, 18, 45, 11] ;;; curseforge; {'id': 14406, 'gameVersionTypeID': 77784, 'name': '1.21.11', 'slug': '1-21-11', 'apiVersion': None}
[2026, 9, 25, 18, 45, 11] ;;; curseforge; {'id': 14417, 'gameVersionTypeID': 1, 'name': '1.21.11', 'slug': '1-21-11', 'apiVersion': ''}
[2026, 9, 25, 18, 45, 11] ;;; curseforge; {'id': 16127, 'gameVersionTypeID': 615, 'name': '1.21.11', 'slug': '1-21-11', 'apiVersion': ''}
[2026, 9, 25, 18, 45, 11] ;;; curseforge; {'file': ('undead_expanded-neoforge-1.21.8_1.60.0.jar', <_io.BufferedReader name='.\\releases\\1.60.0\\undead_expanded-neoforge-1.21.8_1.60.0.jar'>, 'application/jar'), 'metadata': (None, '{"changelog": "", "displayName": "undead_expanded neoforge 1.21.8 1.60.0", "gameVersions": [9638, 9639, 10150, 13620, 13927, 13964, 14406], "gameVersionNames": ["Client", "Server", "NeoForge", "1.21.8", "1.21.9", "1.21.10", "1.21.11"], "releaseType": "release", "relations": {"projects": [{"slug": "gstools", "projectID": 1404020, "type": "requiredDependency"}]}}', 'application/json')}
[2026, 9, 25, 18, 45, 18] ;;; curseforge; Mod file uploaded successfully! Response: {'id': 8975586}
[2026, 9, 25, 18, 45, 18] ;;; curseforge; {'id': 9638, 'gameVersionTypeID': 75208, 'name': 'Client', 'slug': 'client', 'apiVersion': ''}
[2026, 9, 25, 18, 45, 18] ;;; curseforge; {'id': 9639, 'gameVersionTypeID': 75208, 'name': 'Server', 'slug': 'server', 'apiVersion': ''}
[2026, 9, 25, 18, 45, 18] ;;; curseforge; {'id': 10150, 'gameVersionTypeID': 68441, 'name': 'NeoForge', 'slug': 'neoforge', 'apiVersion': ''}
[2026, 9, 25, 18, 45, 18] ;;; curseforge; {'id': 13620, 'gameVersionTypeID': 77784, 'name': '1.21.8', 'slug': '1-21-8', 'apiVersion': None}
[2026, 9, 25, 18, 45, 18] ;;; curseforge; {'id': 13683, 'gameVersionTypeID': 1, 'name': '1.21.8', 'slug': '1-21-8', 'apiVersion': ''}
[2026, 9, 25, 18, 45, 18] ;;; curseforge; {'id': 16124, 'gameVersionTypeID': 615, 'name': '1.21.8', 'slug': '1-21-8', 'apiVersion': ''}
[2026, 9, 25, 18, 45, 18] ;;; curseforge; {'id': 9638, 'gameVersionTypeID': 75208, 'name': 'Client', 'slug': 'client', 'apiVersion': ''}
[2026, 9, 25, 18, 45, 18] ;;; curseforge; {'id': 9639, 'gameVersionTypeID': 75208, 'name': 'Server', 'slug': 'server', 'apiVersion': ''}
[2026, 9, 25, 18, 45, 18] ;;; curseforge; {'id': 10150, 'gameVersionTypeID': 68441, 'name': 'NeoForge', 'slug': 'neoforge', 'apiVersion': ''}
[2026, 9, 25, 18, 45, 18] ;;; curseforge; {'id': 13927, 'gameVersionTypeID': 77784, 'name': '1.21.9', 'slug': '1-21-9', 'apiVersion': None}
[2026, 9, 25, 18, 45, 18] ;;; curseforge; {'id': 13933, 'gameVersionTypeID': 1, 'name': '1.21.9', 'slug': '1-21-9', 'apiVersion': ''}
[2026, 9, 25, 18, 45, 18] ;;; curseforge; {'id': 16125, 'gameVersionTypeID': 615, 'name': '1.21.9', 'slug': '1-21-9', 'apiVersion': ''}
[2026, 9, 25, 18, 45, 18] ;;; curseforge; {'id': 9638, 'gameVersionTypeID': 75208, 'name': 'Client', 'slug': 'client', 'apiVersion': ''}
[2026, 9, 25, 18, 45, 18] ;;; curseforge; {'id': 9639, 'gameVersionTypeID': 75208, 'name': 'Server', 'slug': 'server', 'apiVersion': ''}
[2026, 9, 25, 18, 45, 18] ;;; curseforge; {'id': 10150, 'gameVersionTypeID': 68441, 'name': 'NeoForge', 'slug': 'neoforge', 'apiVersion': ''}
[2026, 9, 25, 18, 45, 18] ;;; curseforge; {'id': 13964, 'gameVersionTypeID': 77784, 'name': '1.21.10', 'slug': '1-21-10', 'apiVersion': None}
[2026, 9, 25, 18, 45, 18] ;;; curseforge; {'id': 13966, 'gameVersionTypeID': 1, 'name': '1.21.10', 'slug': '1-21-10', 'apiVersion': ''}
[2026, 9, 25, 18, 45, 18] ;;; curseforge; {'id': 16126, 'gameVersionTypeID': 615, 'name': '1.21.10', 'slug': '1-21-10', 'apiVersion': ''}
[2026, 9, 25, 18, 45, 18] ;;; curseforge; {'id': 9638, 'gameVersionTypeID': 75208, 'name': 'Client', 'slug': 'client', 'apiVersion': ''}
[2026, 9, 25, 18, 45, 18] ;;; curseforge; {'id': 9639, 'gameVersionTypeID': 75208, 'name': 'Server', 'slug': 'server', 'apiVersion': ''}
[2026, 9, 25, 18, 45, 18] ;;; curseforge; {'id': 10150, 'gameVersionTypeID': 68441, 'name': 'NeoForge', 'slug': 'neoforge', 'apiVersion': ''}
[2026, 9, 25, 18, 45, 18] ;;; curseforge; {'id': 14406, 'gameVersionTypeID': 77784, 'name': '1.21.11', 'slug': '1-21-11', 'apiVersion': None}
[2026, 9, 25, 18, 45, 18] ;;; curseforge; {'id': 14417, 'gameVersionTypeID': 1, 'name': '1.21.11', 'slug': '1-21-11', 'apiVersion': ''}
[2026, 9, 25, 18, 45, 18] ;;; curseforge; {'id': 16127, 'gameVersionTypeID': 615, 'name': '1.21.11', 'slug': '1-21-11', 'apiVersion': ''}
[2026, 9, 25, 18, 45, 34] ;;; curseforge; {'id': 9638, 'gameVersionTypeID': 75208, 'name': 'Client', 'slug': 'client', 'apiVersion': ''}
[2026, 9, 25, 18, 45, 34] ;;; curseforge; {'id': 9639, 'gameVersionTypeID': 75208, 'name': 'Server', 'slug': 'server', 'apiVersion': ''}
[2026, 9, 25, 18, 45, 34] ;;; curseforge; {'id': 10150, 'gameVersionTypeID': 68441, 'name': 'NeoForge', 'slug': 'neoforge', 'apiVersion': ''}
[2026, 9, 25, 18, 45, 34] ;;; curseforge; {'id': 15933, 'gameVersionTypeID': 83806, 'name': '26.1', 'slug': '26-1', 'apiVersion': None}
[2026, 9, 25, 18, 45, 34] ;;; curseforge; {'id': 16083, 'gameVersionTypeID': 1, 'name': '26.1', 'slug': '26-1', 'apiVersion': ''}
[2026, 9, 25, 18, 45, 34] ;;; curseforge; {'id': 16128, 'gameVersionTypeID': 615, 'name': '26.1', 'slug': '26-1', 'apiVersion': ''}
[2026, 9, 25, 18, 45, 34] ;;; curseforge; {'id': 9638, 'gameVersionTypeID': 75208, 'name': 'Client', 'slug': 'client', 'apiVersion': ''}
[2026, 9, 25, 18, 45, 34] ;;; curseforge; {'id': 9639, 'gameVersionTypeID': 75208, 'name': 'Server', 'slug': 'server', 'apiVersion': ''}
[2026, 9, 25, 18, 45, 34] ;;; curseforge; {'id': 10150, 'gameVersionTypeID': 68441, 'name': 'NeoForge', 'slug': 'neoforge', 'apiVersion': ''}
[2026, 9, 25, 18, 45, 34] ;;; curseforge; {'id': 16021, 'gameVersionTypeID': 83806, 'name': '26.1.1', 'slug': '26-1-1', 'apiVersion': None}
[2026, 9, 25, 18, 45, 34] ;;; curseforge; {'id': 16084, 'gameVersionTypeID': 1, 'name': '26.1.1', 'slug': '26-1-1', 'apiVersion': ''}
[2026, 9, 25, 18, 45, 34] ;;; curseforge; {'id': 16129, 'gameVersionTypeID': 615, 'name': '26.1.1', 'slug': '26-1-1', 'apiVersion': ''}
[2026, 9, 25, 18, 45, 34] ;;; curseforge; {'id': 9638, 'gameVersionTypeID': 75208, 'name': 'Client', 'slug': 'client', 'apiVersion': ''}
[2026, 9, 25, 18, 45, 34] ;;; curseforge; {'id': 9639, 'gameVersionTypeID': 75208, 'name': 'Server', 'slug': 'server', 'apiVersion': ''}
[2026, 9, 25, 18, 45, 34] ;;; curseforge; {'id': 10150, 'gameVersionTypeID': 68441, 'name': 'NeoForge', 'slug': 'neoforge', 'apiVersion': ''}
[2026, 9, 25, 18, 45, 34] ;;; curseforge; {'id': 16082, 'gameVersionTypeID': 83806, 'name': '26.1.2', 'slug': '26-1-2', 'apiVersion': None}
[2026, 9, 25, 18, 45, 34] ;;; curseforge; {'id': 16085, 'gameVersionTypeID': 1, 'name': '26.1.2', 'slug': '26-1-2', 'apiVersion': ''}
[2026, 9, 25, 18, 45, 34] ;;; curseforge; {'id': 16130, 'gameVersionTypeID': 615, 'name': '26.1.2', 'slug': '26-1-2', 'apiVersion': ''}
[2026, 9, 25, 18, 45, 34] ;;; curseforge; {'file': ('undead_expanded-neoforge-26.1_1.60.0.jar', <_io.BufferedReader name='.\\releases\\1.60.0\\undead_expanded-neoforge-26.1_1.60.0.jar'>, 'application/jar'), 'metadata': (None, '{"changelog": "", "displayName": "undead_expanded neoforge 26.1 1.60.0", "gameVersions": [9638, 9639, 10150, 15933, 16021, 16082], "gameVersionNames": ["Client", "Server", "NeoForge", "26.1", "26.1.1", "26.1.2"], "releaseType": "release", "relations": {"projects": [{"slug": "gstools", "projectID": 1404020, "type": "requiredDependency"}]}}', 'application/json')}
[2026, 9, 25, 18, 45, 40] ;;; curseforge; Mod file uploaded successfully! Response: {'id': 8975587}
[2026, 9, 25, 18, 45, 41] ;;; curseforge; {'id': 9638, 'gameVersionTypeID': 75208, 'name': 'Client', 'slug': 'client', 'apiVersion': ''}
[2026, 9, 25, 18, 45, 41] ;;; curseforge; {'id': 9639, 'gameVersionTypeID': 75208, 'name': 'Server', 'slug': 'server', 'apiVersion': ''}
[2026, 9, 25, 18, 45, 41] ;;; curseforge; {'id': 10150, 'gameVersionTypeID': 68441, 'name': 'NeoForge', 'slug': 'neoforge', 'apiVersion': ''}
[2026, 9, 25, 18, 45, 41] ;;; curseforge; {'id': 15933, 'gameVersionTypeID': 83806, 'name': '26.1', 'slug': '26-1', 'apiVersion': None}
[2026, 9, 25, 18, 45, 41] ;;; curseforge; {'id': 16083, 'gameVersionTypeID': 1, 'name': '26.1', 'slug': '26-1', 'apiVersion': ''}
[2026, 9, 25, 18, 45, 41] ;;; curseforge; {'id': 16128, 'gameVersionTypeID': 615, 'name': '26.1', 'slug': '26-1', 'apiVersion': ''}
[2026, 9, 25, 18, 45, 41] ;;; curseforge; {'id': 9638, 'gameVersionTypeID': 75208, 'name': 'Client', 'slug': 'client', 'apiVersion': ''}
[2026, 9, 25, 18, 45, 41] ;;; curseforge; {'id': 9639, 'gameVersionTypeID': 75208, 'name': 'Server', 'slug': 'server', 'apiVersion': ''}
[2026, 9, 25, 18, 45, 41] ;;; curseforge; {'id': 10150, 'gameVersionTypeID': 68441, 'name': 'NeoForge', 'slug': 'neoforge', 'apiVersion': ''}
[2026, 9, 25, 18, 45, 41] ;;; curseforge; {'id': 16021, 'gameVersionTypeID': 83806, 'name': '26.1.1', 'slug': '26-1-1', 'apiVersion': None}
[2026, 9, 25, 18, 45, 41] ;;; curseforge; {'id': 16084, 'gameVersionTypeID': 1, 'name': '26.1.1', 'slug': '26-1-1', 'apiVersion': ''}
[2026, 9, 25, 18, 45, 41] ;;; curseforge; {'id': 16129, 'gameVersionTypeID': 615, 'name': '26.1.1', 'slug': '26-1-1', 'apiVersion': ''}
[2026, 9, 25, 18, 45, 41] ;;; curseforge; {'id': 9638, 'gameVersionTypeID': 75208, 'name': 'Client', 'slug': 'client', 'apiVersion': ''}
[2026, 9, 25, 18, 45, 41] ;;; curseforge; {'id': 9639, 'gameVersionTypeID': 75208, 'name': 'Server', 'slug': 'server', 'apiVersion': ''}
[2026, 9, 25, 18, 45, 41] ;;; curseforge; {'id': 10150, 'gameVersionTypeID': 68441, 'name': 'NeoForge', 'slug': 'neoforge', 'apiVersion': ''}
[2026, 9, 25, 18, 45, 41] ;;; curseforge; {'id': 16082, 'gameVersionTypeID': 83806, 'name': '26.1.2', 'slug': '26-1-2', 'apiVersion': None}
[2026, 9, 25, 18, 45, 41] ;;; curseforge; {'id': 16085, 'gameVersionTypeID': 1, 'name': '26.1.2', 'slug': '26-1-2', 'apiVersion': ''}
[2026, 9, 25, 18, 45, 41] ;;; curseforge; {'id': 16130, 'gameVersionTypeID': 615, 'name': '26.1.2', 'slug': '26-1-2', 'apiVersion': ''}
[2026, 9, 25, 18, 47, 1] ;;; curseforge; {'id': 9638, 'gameVersionTypeID': 75208, 'name': 'Client', 'slug': 'client', 'apiVersion': ''}
[2026, 9, 25, 18, 47, 1] ;;; curseforge; {'id': 9639, 'gameVersionTypeID': 75208, 'name': 'Server', 'slug': 'server', 'apiVersion': ''}
[2026, 9, 25, 18, 47, 1] ;;; curseforge; {'id': 10150, 'gameVersionTypeID': 68441, 'name': 'NeoForge', 'slug': 'neoforge', 'apiVersion': ''}
[2026, 9, 25, 18, 47, 1] ;;; curseforge; {'id': 16498, 'gameVersionTypeID': 86297, 'name': '26.2', 'slug': '26-2', 'apiVersion': None}
[2026, 9, 25, 18, 47, 1] ;;; curseforge; {'id': 16500, 'gameVersionTypeID': 1, 'name': '26.2', 'slug': '26-2', 'apiVersion': ''}
[2026, 9, 25, 18, 47, 1] ;;; curseforge; {'file': ('undead_expanded-neoforge-26.2_1.60.0.jar', <_io.BufferedReader name='.\\releases\\1.60.0\\undead_expanded-neoforge-26.2_1.60.0.jar'>, 'application/jar'), 'metadata': (None, '{"changelog": "", "displayName": "undead_expanded neoforge 26.2 1.60.0", "gameVersions": [9638, 9639, 10150, 16498], "gameVersionNames": ["Client", "Server", "NeoForge", "26.2"], "releaseType": "release", "relations": {"projects": [{"slug": "gstools", "projectID": 1404020, "type": "requiredDependency"}]}}', 'application/json')}
[2026, 9, 25, 18, 47, 9] ;;; curseforge; Mod file uploaded successfully! Response: {'id': 8975599}
[2026, 9, 25, 18, 47, 9] ;;; curseforge; {'id': 9638, 'gameVersionTypeID': 75208, 'name': 'Client', 'slug': 'client', 'apiVersion': ''}
[2026, 9, 25, 18, 47, 9] ;;; curseforge; {'id': 9639, 'gameVersionTypeID': 75208, 'name': 'Server', 'slug': 'server', 'apiVersion': ''}
[2026, 9, 25, 18, 47, 9] ;;; curseforge; {'id': 10150, 'gameVersionTypeID': 68441, 'name': 'NeoForge', 'slug': 'neoforge', 'apiVersion': ''}
[2026, 9, 25, 18, 47, 9] ;;; curseforge; {'id': 16498, 'gameVersionTypeID': 86297, 'name': '26.2', 'slug': '26-2', 'apiVersion': None}
[2026, 9, 25, 18, 47, 9] ;;; curseforge; {'id': 16500, 'gameVersionTypeID': 1, 'name': '26.2', 'slug': '26-2', 'apiVersion': ''}
[2026, 9, 25, 18, 47, 21] ;;; curseforge; {'id': 7499, 'gameVersionTypeID': 68441, 'name': 'Fabric', 'slug': 'fabric', 'apiVersion': ''}
[2026, 9, 25, 18, 47, 21] ;;; curseforge; {'id': 9638, 'gameVersionTypeID': 75208, 'name': 'Client', 'slug': 'client', 'apiVersion': ''}
[2026, 9, 25, 18, 47, 21] ;;; curseforge; {'id': 9639, 'gameVersionTypeID': 75208, 'name': 'Server', 'slug': 'server', 'apiVersion': ''}
[2026, 9, 25, 18, 47, 21] ;;; curseforge; {'id': 13927, 'gameVersionTypeID': 77784, 'name': '1.21.9', 'slug': '1-21-9', 'apiVersion': None}
[2026, 9, 25, 18, 47, 21] ;;; curseforge; {'id': 13933, 'gameVersionTypeID': 1, 'name': '1.21.9', 'slug': '1-21-9', 'apiVersion': ''}
[2026, 9, 25, 18, 47, 21] ;;; curseforge; {'id': 16125, 'gameVersionTypeID': 615, 'name': '1.21.9', 'slug': '1-21-9', 'apiVersion': ''}
[2026, 9, 25, 18, 47, 21] ;;; curseforge; {'id': 7499, 'gameVersionTypeID': 68441, 'name': 'Fabric', 'slug': 'fabric', 'apiVersion': ''}
[2026, 9, 25, 18, 47, 21] ;;; curseforge; {'id': 9638, 'gameVersionTypeID': 75208, 'name': 'Client', 'slug': 'client', 'apiVersion': ''}
[2026, 9, 25, 18, 47, 21] ;;; curseforge; {'id': 9639, 'gameVersionTypeID': 75208, 'name': 'Server', 'slug': 'server', 'apiVersion': ''}
[2026, 9, 25, 18, 47, 21] ;;; curseforge; {'id': 13964, 'gameVersionTypeID': 77784, 'name': '1.21.10', 'slug': '1-21-10', 'apiVersion': None}
[2026, 9, 25, 18, 47, 21] ;;; curseforge; {'id': 13966, 'gameVersionTypeID': 1, 'name': '1.21.10', 'slug': '1-21-10', 'apiVersion': ''}
[2026, 9, 25, 18, 47, 21] ;;; curseforge; {'id': 16126, 'gameVersionTypeID': 615, 'name': '1.21.10', 'slug': '1-21-10', 'apiVersion': ''}
[2026, 9, 25, 18, 47, 21] ;;; curseforge; {'id': 7499, 'gameVersionTypeID': 68441, 'name': 'Fabric', 'slug': 'fabric', 'apiVersion': ''}
[2026, 9, 25, 18, 47, 21] ;;; curseforge; {'id': 9638, 'gameVersionTypeID': 75208, 'name': 'Client', 'slug': 'client', 'apiVersion': ''}
[2026, 9, 25, 18, 47, 21] ;;; curseforge; {'id': 9639, 'gameVersionTypeID': 75208, 'name': 'Server', 'slug': 'server', 'apiVersion': ''}
[2026, 9, 25, 18, 47, 21] ;;; curseforge; {'id': 14406, 'gameVersionTypeID': 77784, 'name': '1.21.11', 'slug': '1-21-11', 'apiVersion': None}
[2026, 9, 25, 18, 47, 21] ;;; curseforge; {'id': 14417, 'gameVersionTypeID': 1, 'name': '1.21.11', 'slug': '1-21-11', 'apiVersion': ''}
[2026, 9, 25, 18, 47, 21] ;;; curseforge; {'id': 16127, 'gameVersionTypeID': 615, 'name': '1.21.11', 'slug': '1-21-11', 'apiVersion': ''}
[2026, 9, 25, 18, 47, 21] ;;; curseforge; {'file': ('ghosts_and_ghouls-fabric-1.21.9_1.60.0.jar', <_io.BufferedReader name='.\\releases\\1.60.0\\ghosts_and_ghouls-fabric-1.21.9_1.60.0.jar'>, 'application/jar'), 'metadata': (None, '{"changelog": "", "displayName": "ghosts_and_ghouls fabric 1.21.9 1.60.0", "gameVersions": [7499, 9638, 9639, 13927, 13964, 14406], "gameVersionNames": ["Fabric", "Client", "Server", "1.21.9", "1.21.10", "1.21.11"], "releaseType": "release", "relations": {"projects": [{"slug": "gstools", "projectID": 1404020, "type": "requiredDependency"}]}}', 'application/json')}
[2026, 9, 25, 18, 47, 29] ;;; curseforge; Mod file uploaded successfully! Response: {'id': 8975601}
[2026, 9, 25, 18, 47, 29] ;;; curseforge; {'id': 7499, 'gameVersionTypeID': 68441, 'name': 'Fabric', 'slug': 'fabric', 'apiVersion': ''}
[2026, 9, 25, 18, 47, 29] ;;; curseforge; {'id': 9638, 'gameVersionTypeID': 75208, 'name': 'Client', 'slug': 'client', 'apiVersion': ''}
[2026, 9, 25, 18, 47, 29] ;;; curseforge; {'id': 9639, 'gameVersionTypeID': 75208, 'name': 'Server', 'slug': 'server', 'apiVersion': ''}
[2026, 9, 25, 18, 47, 29] ;;; curseforge; {'id': 13927, 'gameVersionTypeID': 77784, 'name': '1.21.9', 'slug': '1-21-9', 'apiVersion': None}
[2026, 9, 25, 18, 47, 29] ;;; curseforge; {'id': 13933, 'gameVersionTypeID': 1, 'name': '1.21.9', 'slug': '1-21-9', 'apiVersion': ''}
[2026, 9, 25, 18, 47, 29] ;;; curseforge; {'id': 16125, 'gameVersionTypeID': 615, 'name': '1.21.9', 'slug': '1-21-9', 'apiVersion': ''}
[2026, 9, 25, 18, 47, 29] ;;; curseforge; {'id': 7499, 'gameVersionTypeID': 68441, 'name': 'Fabric', 'slug': 'fabric', 'apiVersion': ''}
[2026, 9, 25, 18, 47, 29] ;;; curseforge; {'id': 9638, 'gameVersionTypeID': 75208, 'name': 'Client', 'slug': 'client', 'apiVersion': ''}
[2026, 9, 25, 18, 47, 29] ;;; curseforge; {'id': 9639, 'gameVersionTypeID': 75208, 'name': 'Server', 'slug': 'server', 'apiVersion': ''}
[2026, 9, 25, 18, 47, 29] ;;; curseforge; {'id': 13964, 'gameVersionTypeID': 77784, 'name': '1.21.10', 'slug': '1-21-10', 'apiVersion': None}
[2026, 9, 25, 18, 47, 29] ;;; curseforge; {'id': 13966, 'gameVersionTypeID': 1, 'name': '1.21.10', 'slug': '1-21-10', 'apiVersion': ''}
[2026, 9, 25, 18, 47, 29] ;;; curseforge; {'id': 16126, 'gameVersionTypeID': 615, 'name': '1.21.10', 'slug': '1-21-10', 'apiVersion': ''}
[2026, 9, 25, 18, 47, 29] ;;; curseforge; {'id': 7499, 'gameVersionTypeID': 68441, 'name': 'Fabric', 'slug': 'fabric', 'apiVersion': ''}
[2026, 9, 25, 18, 47, 29] ;;; curseforge; {'id': 9638, 'gameVersionTypeID': 75208, 'name': 'Client', 'slug': 'client', 'apiVersion': ''}
[2026, 9, 25, 18, 47, 29] ;;; curseforge; {'id': 9639, 'gameVersionTypeID': 75208, 'name': 'Server', 'slug': 'server', 'apiVersion': ''}
[2026, 9, 25, 18, 47, 29] ;;; curseforge; {'id': 14406, 'gameVersionTypeID': 77784, 'name': '1.21.11', 'slug': '1-21-11', 'apiVersion': None}
[2026, 9, 25, 18, 47, 29] ;;; curseforge; {'id': 14417, 'gameVersionTypeID': 1, 'name': '1.21.11', 'slug': '1-21-11', 'apiVersion': ''}
[2026, 9, 25, 18, 47, 29] ;;; curseforge; {'id': 16127, 'gameVersionTypeID': 615, 'name': '1.21.11', 'slug': '1-21-11', 'apiVersion': ''}
[2026, 9, 25, 18, 47, 39] ;;; curseforge; {'id': 7499, 'gameVersionTypeID': 68441, 'name': 'Fabric', 'slug': 'fabric', 'apiVersion': ''}
[2026, 9, 25, 18, 47, 39] ;;; curseforge; {'id': 9638, 'gameVersionTypeID': 75208, 'name': 'Client', 'slug': 'client', 'apiVersion': ''}
[2026, 9, 25, 18, 47, 39] ;;; curseforge; {'id': 9639, 'gameVersionTypeID': 75208, 'name': 'Server', 'slug': 'server', 'apiVersion': ''}
[2026, 9, 25, 18, 47, 39] ;;; curseforge; {'id': 15933, 'gameVersionTypeID': 83806, 'name': '26.1', 'slug': '26-1', 'apiVersion': None}
[2026, 9, 25, 18, 47, 39] ;;; curseforge; {'id': 16083, 'gameVersionTypeID': 1, 'name': '26.1', 'slug': '26-1', 'apiVersion': ''}
[2026, 9, 25, 18, 47, 39] ;;; curseforge; {'id': 16128, 'gameVersionTypeID': 615, 'name': '26.1', 'slug': '26-1', 'apiVersion': ''}
[2026, 9, 25, 18, 47, 39] ;;; curseforge; {'id': 7499, 'gameVersionTypeID': 68441, 'name': 'Fabric', 'slug': 'fabric', 'apiVersion': ''}
[2026, 9, 25, 18, 47, 39] ;;; curseforge; {'id': 9638, 'gameVersionTypeID': 75208, 'name': 'Client', 'slug': 'client', 'apiVersion': ''}
[2026, 9, 25, 18, 47, 39] ;;; curseforge; {'id': 9639, 'gameVersionTypeID': 75208, 'name': 'Server', 'slug': 'server', 'apiVersion': ''}
[2026, 9, 25, 18, 47, 39] ;;; curseforge; {'id': 16021, 'gameVersionTypeID': 83806, 'name': '26.1.1', 'slug': '26-1-1', 'apiVersion': None}
[2026, 9, 25, 18, 47, 39] ;;; curseforge; {'id': 16084, 'gameVersionTypeID': 1, 'name': '26.1.1', 'slug': '26-1-1', 'apiVersion': ''}
[2026, 9, 25, 18, 47, 39] ;;; curseforge; {'id': 16129, 'gameVersionTypeID': 615, 'name': '26.1.1', 'slug': '26-1-1', 'apiVersion': ''}
[2026, 9, 25, 18, 47, 39] ;;; curseforge; {'id': 7499, 'gameVersionTypeID': 68441, 'name': 'Fabric', 'slug': 'fabric', 'apiVersion': ''}
[2026, 9, 25, 18, 47, 39] ;;; curseforge; {'id': 9638, 'gameVersionTypeID': 75208, 'name': 'Client', 'slug': 'client', 'apiVersion': ''}
[2026, 9, 25, 18, 47, 39] ;;; curseforge; {'id': 9639, 'gameVersionTypeID': 75208, 'name': 'Server', 'slug': 'server', 'apiVersion': ''}
[2026, 9, 25, 18, 47, 39] ;;; curseforge; {'id': 16082, 'gameVersionTypeID': 83806, 'name': '26.1.2', 'slug': '26-1-2', 'apiVersion': None}
[2026, 9, 25, 18, 47, 39] ;;; curseforge; {'id': 16085, 'gameVersionTypeID': 1, 'name': '26.1.2', 'slug': '26-1-2', 'apiVersion': ''}
[2026, 9, 25, 18, 47, 39] ;;; curseforge; {'id': 16130, 'gameVersionTypeID': 615, 'name': '26.1.2', 'slug': '26-1-2', 'apiVersion': ''}
[2026, 9, 25, 18, 47, 39] ;;; curseforge; {'file': ('ghosts_and_ghouls-fabric-26.1_1.60.0.jar', <_io.BufferedReader name='.\\releases\\1.60.0\\ghosts_and_ghouls-fabric-26.1_1.60.0.jar'>, 'application/jar'), 'metadata': (None, '{"changelog": "", "displayName": "ghosts_and_ghouls fabric 26.1 1.60.0", "gameVersions": [7499, 9638, 9639, 15933, 16021, 16082], "gameVersionNames": ["Fabric", "Client", "Server", "26.1", "26.1.1", "26.1.2"], "releaseType": "release", "relations": {"projects": [{"slug": "gstools", "projectID": 1404020, "type": "requiredDependency"}]}}', 'application/json')}
[2026, 9, 25, 18, 47, 54] ;;; curseforge; Mod file uploaded successfully! Response: {'id': 8975604}
[2026, 9, 25, 18, 47, 55] ;;; curseforge; {'id': 7499, 'gameVersionTypeID': 68441, 'name': 'Fabric', 'slug': 'fabric', 'apiVersion': ''}
[2026, 9, 25, 18, 47, 55] ;;; curseforge; {'id': 9638, 'gameVersionTypeID': 75208, 'name': 'Client', 'slug': 'client', 'apiVersion': ''}
[2026, 9, 25, 18, 47, 55] ;;; curseforge; {'id': 9639, 'gameVersionTypeID': 75208, 'name': 'Server', 'slug': 'server', 'apiVersion': ''}
[2026, 9, 25, 18, 47, 55] ;;; curseforge; {'id': 15933, 'gameVersionTypeID': 83806, 'name': '26.1', 'slug': '26-1', 'apiVersion': None}
[2026, 9, 25, 18, 47, 55] ;;; curseforge; {'id': 16083, 'gameVersionTypeID': 1, 'name': '26.1', 'slug': '26-1', 'apiVersion': ''}
[2026, 9, 25, 18, 47, 55] ;;; curseforge; {'id': 16128, 'gameVersionTypeID': 615, 'name': '26.1', 'slug': '26-1', 'apiVersion': ''}
[2026, 9, 25, 18, 47, 55] ;;; curseforge; {'id': 7499, 'gameVersionTypeID': 68441, 'name': 'Fabric', 'slug': 'fabric', 'apiVersion': ''}
[2026, 9, 25, 18, 47, 55] ;;; curseforge; {'id': 9638, 'gameVersionTypeID': 75208, 'name': 'Client', 'slug': 'client', 'apiVersion': ''}
[2026, 9, 25, 18, 47, 55] ;;; curseforge; {'id': 9639, 'gameVersionTypeID': 75208, 'name': 'Server', 'slug': 'server', 'apiVersion': ''}
[2026, 9, 25, 18, 47, 55] ;;; curseforge; {'id': 16021, 'gameVersionTypeID': 83806, 'name': '26.1.1', 'slug': '26-1-1', 'apiVersion': None}
[2026, 9, 25, 18, 47, 55] ;;; curseforge; {'id': 16084, 'gameVersionTypeID': 1, 'name': '26.1.1', 'slug': '26-1-1', 'apiVersion': ''}
[2026, 9, 25, 18, 47, 55] ;;; curseforge; {'id': 16129, 'gameVersionTypeID': 615, 'name': '26.1.1', 'slug': '26-1-1', 'apiVersion': ''}
[2026, 9, 25, 18, 47, 55] ;;; curseforge; {'id': 7499, 'gameVersionTypeID': 68441, 'name': 'Fabric', 'slug': 'fabric', 'apiVersion': ''}
[2026, 9, 25, 18, 47, 55] ;;; curseforge; {'id': 9638, 'gameVersionTypeID': 75208, 'name': 'Client', 'slug': 'client', 'apiVersion': ''}
[2026, 9, 25, 18, 47, 55] ;;; curseforge; {'id': 9639, 'gameVersionTypeID': 75208, 'name': 'Server', 'slug': 'server', 'apiVersion': ''}
[2026, 9, 25, 18, 47, 55] ;;; curseforge; {'id': 16082, 'gameVersionTypeID': 83806, 'name': '26.1.2', 'slug': '26-1-2', 'apiVersion': None}
[2026, 9, 25, 18, 47, 55] ;;; curseforge; {'id': 16085, 'gameVersionTypeID': 1, 'name': '26.1.2', 'slug': '26-1-2', 'apiVersion': ''}
[2026, 9, 25, 18, 47, 55] ;;; curseforge; {'id': 16130, 'gameVersionTypeID': 615, 'name': '26.1.2', 'slug': '26-1-2', 'apiVersion': ''}
[2026, 9, 25, 18, 48, 15] ;;; curseforge; {'id': 7499, 'gameVersionTypeID': 68441, 'name': 'Fabric', 'slug': 'fabric', 'apiVersion': ''}
[2026, 9, 25, 18, 48, 15] ;;; curseforge; {'id': 9638, 'gameVersionTypeID': 75208, 'name': 'Client', 'slug': 'client', 'apiVersion': ''}
[2026, 9, 25, 18, 48, 15] ;;; curseforge; {'id': 9639, 'gameVersionTypeID': 75208, 'name': 'Server', 'slug': 'server', 'apiVersion': ''}
[2026, 9, 25, 18, 48, 15] ;;; curseforge; {'id': 16498, 'gameVersionTypeID': 86297, 'name': '26.2', 'slug': '26-2', 'apiVersion': None}
[2026, 9, 25, 18, 48, 15] ;;; curseforge; {'id': 16500, 'gameVersionTypeID': 1, 'name': '26.2', 'slug': '26-2', 'apiVersion': ''}
[2026, 9, 25, 18, 48, 15] ;;; curseforge; {'file': ('ghosts_and_ghouls-fabric-26.2_1.60.0.jar', <_io.BufferedReader name='.\\releases\\1.60.0\\ghosts_and_ghouls-fabric-26.2_1.60.0.jar'>, 'application/jar'), 'metadata': (None, '{"changelog": "", "displayName": "ghosts_and_ghouls fabric 26.2 1.60.0", "gameVersions": [7499, 9638, 9639, 16498], "gameVersionNames": ["Fabric", "Client", "Server", "26.2"], "releaseType": "release", "relations": {"projects": [{"slug": "gstools", "projectID": 1404020, "type": "requiredDependency"}]}}', 'application/json')}
[2026, 9, 25, 18, 48, 23] ;;; curseforge; Mod file uploaded successfully! Response: {'id': 8975608}
[2026, 9, 25, 18, 48, 23] ;;; curseforge; {'id': 7499, 'gameVersionTypeID': 68441, 'name': 'Fabric', 'slug': 'fabric', 'apiVersion': ''}
[2026, 9, 25, 18, 48, 23] ;;; curseforge; {'id': 9638, 'gameVersionTypeID': 75208, 'name': 'Client', 'slug': 'client', 'apiVersion': ''}
[2026, 9, 25, 18, 48, 23] ;;; curseforge; {'id': 9639, 'gameVersionTypeID': 75208, 'name': 'Server', 'slug': 'server', 'apiVersion': ''}
[2026, 9, 25, 18, 48, 23] ;;; curseforge; {'id': 16498, 'gameVersionTypeID': 86297, 'name': '26.2', 'slug': '26-2', 'apiVersion': None}
[2026, 9, 25, 18, 48, 23] ;;; curseforge; {'id': 16500, 'gameVersionTypeID': 1, 'name': '26.2', 'slug': '26-2', 'apiVersion': ''}
[2026, 9, 25, 18, 48, 42] ;;; curseforge; {'id': 7498, 'gameVersionTypeID': 68441, 'name': 'Forge', 'slug': 'forge', 'apiVersion': ''}
[2026, 9, 25, 18, 48, 42] ;;; curseforge; {'id': 9638, 'gameVersionTypeID': 75208, 'name': 'Client', 'slug': 'client', 'apiVersion': ''}
[2026, 9, 25, 18, 48, 42] ;;; curseforge; {'id': 9639, 'gameVersionTypeID': 75208, 'name': 'Server', 'slug': 'server', 'apiVersion': ''}
[2026, 9, 25, 18, 48, 42] ;;; curseforge; {'id': 9776, 'gameVersionTypeID': 73407, 'name': '1.19.4', 'slug': '1-19-4', 'apiVersion': ''}
[2026, 9, 25, 18, 48, 42] ;;; curseforge; {'id': 9792, 'gameVersionTypeID': 615, 'name': '1.19.4', 'slug': '1-19-4', 'apiVersion': ''}
[2026, 9, 25, 18, 48, 42] ;;; curseforge; {'id': 9973, 'gameVersionTypeID': 1, 'name': '1.19.4', 'slug': '1-19-4', 'apiVersion': ''}
[2026, 9, 25, 18, 48, 42] ;;; curseforge; {'file': ('ghosts_and_ghouls-forge-1.19.4_1.60.0.jar', <_io.BufferedReader name='.\\releases\\1.60.0\\ghosts_and_ghouls-forge-1.19.4_1.60.0.jar'>, 'application/jar'), 'metadata': (None, '{"changelog": "", "displayName": "ghosts_and_ghouls forge 1.19.4 1.60.0", "gameVersions": [7498, 9638, 9639, 9776], "gameVersionNames": ["Forge", "Client", "Server", "1.19.4"], "releaseType": "release", "relations": {"projects": [{"slug": "gstools", "projectID": 1404020, "type": "requiredDependency"}]}}', 'application/json')}
[2026, 9, 25, 18, 48, 49] ;;; curseforge; Mod file uploaded successfully! Response: {'id': 8975610}
[2026, 9, 25, 18, 48, 50] ;;; curseforge; {'id': 7498, 'gameVersionTypeID': 68441, 'name': 'Forge', 'slug': 'forge', 'apiVersion': ''}
[2026, 9, 25, 18, 48, 50] ;;; curseforge; {'id': 9638, 'gameVersionTypeID': 75208, 'name': 'Client', 'slug': 'client', 'apiVersion': ''}
[2026, 9, 25, 18, 48, 50] ;;; curseforge; {'id': 9639, 'gameVersionTypeID': 75208, 'name': 'Server', 'slug': 'server', 'apiVersion': ''}
[2026, 9, 25, 18, 48, 50] ;;; curseforge; {'id': 9776, 'gameVersionTypeID': 73407, 'name': '1.19.4', 'slug': '1-19-4', 'apiVersion': ''}
[2026, 9, 25, 18, 48, 50] ;;; curseforge; {'id': 9792, 'gameVersionTypeID': 615, 'name': '1.19.4', 'slug': '1-19-4', 'apiVersion': ''}
[2026, 9, 25, 18, 48, 50] ;;; curseforge; {'id': 9973, 'gameVersionTypeID': 1, 'name': '1.19.4', 'slug': '1-19-4', 'apiVersion': ''}
[2026, 9, 25, 18, 49, 4] ;;; curseforge; {'id': 7498, 'gameVersionTypeID': 68441, 'name': 'Forge', 'slug': 'forge', 'apiVersion': ''}
[2026, 9, 25, 18, 49, 4] ;;; curseforge; {'id': 9638, 'gameVersionTypeID': 75208, 'name': 'Client', 'slug': 'client', 'apiVersion': ''}
[2026, 9, 25, 18, 49, 4] ;;; curseforge; {'id': 9639, 'gameVersionTypeID': 75208, 'name': 'Server', 'slug': 'server', 'apiVersion': ''}
[2026, 9, 25, 18, 49, 4] ;;; curseforge; {'id': 9990, 'gameVersionTypeID': 75125, 'name': '1.20.1', 'slug': '1-20-1', 'apiVersion': None}
[2026, 9, 25, 18, 49, 4] ;;; curseforge; {'id': 9993, 'gameVersionTypeID': 615, 'name': '1.20.1', 'slug': '1-20-1', 'apiVersion': ''}
[2026, 9, 25, 18, 49, 4] ;;; curseforge; {'id': 9994, 'gameVersionTypeID': 1, 'name': '1.20.1', 'slug': '1-20-1', 'apiVersion': ''}
[2026, 9, 25, 18, 49, 4] ;;; curseforge; {'file': ('ghosts_and_ghouls-forge-1.20.1_1.60.0.jar', <_io.BufferedReader name='.\\releases\\1.60.0\\ghosts_and_ghouls-forge-1.20.1_1.60.0.jar'>, 'application/jar'), 'metadata': (None, '{"changelog": "", "displayName": "ghosts_and_ghouls forge 1.20.1 1.60.0", "gameVersions": [7498, 9638, 9639, 9990], "gameVersionNames": ["Forge", "Client", "Server", "1.20.1"], "releaseType": "release", "relations": {"projects": [{"slug": "gstools", "projectID": 1404020, "type": "requiredDependency"}]}}', 'application/json')}
[2026, 9, 25, 18, 49, 12] ;;; curseforge; Mod file uploaded successfully! Response: {'id': 8975613}
[2026, 9, 25, 18, 49, 12] ;;; curseforge; {'id': 7498, 'gameVersionTypeID': 68441, 'name': 'Forge', 'slug': 'forge', 'apiVersion': ''}
[2026, 9, 25, 18, 49, 12] ;;; curseforge; {'id': 9638, 'gameVersionTypeID': 75208, 'name': 'Client', 'slug': 'client', 'apiVersion': ''}
[2026, 9, 25, 18, 49, 12] ;;; curseforge; {'id': 9639, 'gameVersionTypeID': 75208, 'name': 'Server', 'slug': 'server', 'apiVersion': ''}
[2026, 9, 25, 18, 49, 12] ;;; curseforge; {'id': 9990, 'gameVersionTypeID': 75125, 'name': '1.20.1', 'slug': '1-20-1', 'apiVersion': None}
[2026, 9, 25, 18, 49, 12] ;;; curseforge; {'id': 9993, 'gameVersionTypeID': 615, 'name': '1.20.1', 'slug': '1-20-1', 'apiVersion': ''}
[2026, 9, 25, 18, 49, 12] ;;; curseforge; {'id': 9994, 'gameVersionTypeID': 1, 'name': '1.20.1', 'slug': '1-20-1', 'apiVersion': ''}
[2026, 9, 25, 18, 49, 25] ;;; curseforge; {'id': 9638, 'gameVersionTypeID': 75208, 'name': 'Client', 'slug': 'client', 'apiVersion': ''}
[2026, 9, 25, 18, 49, 25] ;;; curseforge; {'id': 9639, 'gameVersionTypeID': 75208, 'name': 'Server', 'slug': 'server', 'apiVersion': ''}
[2026, 9, 25, 18, 49, 25] ;;; curseforge; {'id': 10150, 'gameVersionTypeID': 68441, 'name': 'NeoForge', 'slug': 'neoforge', 'apiVersion': ''}
[2026, 9, 25, 18, 49, 25] ;;; curseforge; {'id': 10407, 'gameVersionTypeID': 75125, 'name': '1.20.4', 'slug': '1-20-4', 'apiVersion': None}
[2026, 9, 25, 18, 49, 25] ;;; curseforge; {'id': 10742, 'gameVersionTypeID': 1, 'name': '1.20.4', 'slug': '1-20-4', 'apiVersion': ''}
[2026, 9, 25, 18, 49, 25] ;;; curseforge; {'id': 10866, 'gameVersionTypeID': 615, 'name': '1.20.4', 'slug': '1-20-4', 'apiVersion': ''}
[2026, 9, 25, 18, 49, 25] ;;; curseforge; {'file': ('ghosts_and_ghouls-neoforge-1.20.4_1.60.0.jar', <_io.BufferedReader name='.\\releases\\1.60.0\\ghosts_and_ghouls-neoforge-1.20.4_1.60.0.jar'>, 'application/jar'), 'metadata': (None, '{"changelog": "", "displayName": "ghosts_and_ghouls neoforge 1.20.4 1.60.0", "gameVersions": [9638, 9639, 10150, 10407], "gameVersionNames": ["Client", "Server", "NeoForge", "1.20.4"], "releaseType": "release", "relations": {"projects": [{"slug": "gstools", "projectID": 1404020, "type": "requiredDependency"}]}}', 'application/json')}
[2026, 9, 25, 18, 49, 32] ;;; curseforge; Mod file uploaded successfully! Response: {'id': 8975620}
[2026, 9, 25, 18, 49, 34] ;;; curseforge; {'id': 9638, 'gameVersionTypeID': 75208, 'name': 'Client', 'slug': 'client', 'apiVersion': ''}
[2026, 9, 25, 18, 49, 34] ;;; curseforge; {'id': 9639, 'gameVersionTypeID': 75208, 'name': 'Server', 'slug': 'server', 'apiVersion': ''}
[2026, 9, 25, 18, 49, 34] ;;; curseforge; {'id': 10150, 'gameVersionTypeID': 68441, 'name': 'NeoForge', 'slug': 'neoforge', 'apiVersion': ''}
[2026, 9, 25, 18, 49, 34] ;;; curseforge; {'id': 10407, 'gameVersionTypeID': 75125, 'name': '1.20.4', 'slug': '1-20-4', 'apiVersion': None}
[2026, 9, 25, 18, 49, 34] ;;; curseforge; {'id': 10742, 'gameVersionTypeID': 1, 'name': '1.20.4', 'slug': '1-20-4', 'apiVersion': ''}
[2026, 9, 25, 18, 49, 34] ;;; curseforge; {'id': 10866, 'gameVersionTypeID': 615, 'name': '1.20.4', 'slug': '1-20-4', 'apiVersion': ''}
[2026, 9, 25, 18, 49, 50] ;;; curseforge; {'id': 9638, 'gameVersionTypeID': 75208, 'name': 'Client', 'slug': 'client', 'apiVersion': ''}
[2026, 9, 25, 18, 49, 50] ;;; curseforge; {'id': 9639, 'gameVersionTypeID': 75208, 'name': 'Server', 'slug': 'server', 'apiVersion': ''}
[2026, 9, 25, 18, 49, 50] ;;; curseforge; {'id': 10150, 'gameVersionTypeID': 68441, 'name': 'NeoForge', 'slug': 'neoforge', 'apiVersion': ''}
[2026, 9, 25, 18, 49, 50] ;;; curseforge; {'id': 11779, 'gameVersionTypeID': 77784, 'name': '1.21.1', 'slug': '1-21-1', 'apiVersion': None}
[2026, 9, 25, 18, 49, 50] ;;; curseforge; {'id': 12735, 'gameVersionTypeID': 1, 'name': '1.21.1', 'slug': '1-21-1', 'apiVersion': ''}
[2026, 9, 25, 18, 49, 50] ;;; curseforge; {'id': 16115, 'gameVersionTypeID': 615, 'name': '1.21.1', 'slug': '1-21-1', 'apiVersion': ''}
[2026, 9, 25, 18, 49, 50] ;;; curseforge; {'file': ('ghosts_and_ghouls-neoforge-1.21.1_1.60.0.jar', <_io.BufferedReader name='.\\releases\\1.60.0\\ghosts_and_ghouls-neoforge-1.21.1_1.60.0.jar'>, 'application/jar'), 'metadata': (None, '{"changelog": "", "displayName": "ghosts_and_ghouls neoforge 1.21.1 1.60.0", "gameVersions": [9638, 9639, 10150, 11779], "gameVersionNames": ["Client", "Server", "NeoForge", "1.21.1"], "releaseType": "release", "relations": {"projects": [{"slug": "gstools", "projectID": 1404020, "type": "requiredDependency"}]}}', 'application/json')}
[2026, 9, 25, 18, 50, 7] ;;; curseforge; Mod file uploaded successfully! Response: {'id': 8975628}
[2026, 9, 25, 18, 50, 8] ;;; curseforge; {'id': 9638, 'gameVersionTypeID': 75208, 'name': 'Client', 'slug': 'client', 'apiVersion': ''}
[2026, 9, 25, 18, 50, 8] ;;; curseforge; {'id': 9639, 'gameVersionTypeID': 75208, 'name': 'Server', 'slug': 'server', 'apiVersion': ''}
[2026, 9, 25, 18, 50, 8] ;;; curseforge; {'id': 10150, 'gameVersionTypeID': 68441, 'name': 'NeoForge', 'slug': 'neoforge', 'apiVersion': ''}
[2026, 9, 25, 18, 50, 8] ;;; curseforge; {'id': 11779, 'gameVersionTypeID': 77784, 'name': '1.21.1', 'slug': '1-21-1', 'apiVersion': None}
[2026, 9, 25, 18, 50, 8] ;;; curseforge; {'id': 12735, 'gameVersionTypeID': 1, 'name': '1.21.1', 'slug': '1-21-1', 'apiVersion': ''}
[2026, 9, 25, 18, 50, 8] ;;; curseforge; {'id': 16115, 'gameVersionTypeID': 615, 'name': '1.21.1', 'slug': '1-21-1', 'apiVersion': ''}
[2026, 9, 25, 18, 50, 24] ;;; curseforge; {'id': 9638, 'gameVersionTypeID': 75208, 'name': 'Client', 'slug': 'client', 'apiVersion': ''}
[2026, 9, 25, 18, 50, 24] ;;; curseforge; {'id': 9639, 'gameVersionTypeID': 75208, 'name': 'Server', 'slug': 'server', 'apiVersion': ''}
[2026, 9, 25, 18, 50, 24] ;;; curseforge; {'id': 10150, 'gameVersionTypeID': 68441, 'name': 'NeoForge', 'slug': 'neoforge', 'apiVersion': ''}
[2026, 9, 25, 18, 50, 24] ;;; curseforge; {'id': 12079, 'gameVersionTypeID': 77784, 'name': '1.21.2', 'slug': '1-21-2', 'apiVersion': ''}
[2026, 9, 25, 18, 50, 24] ;;; curseforge; {'id': 12736, 'gameVersionTypeID': 1, 'name': '1.21.2', 'slug': '1-21-2', 'apiVersion': ''}
[2026, 9, 25, 18, 50, 24] ;;; curseforge; {'id': 16116, 'gameVersionTypeID': 615, 'name': '1.21.2', 'slug': '1-21-2', 'apiVersion': ''}
[2026, 9, 25, 18, 50, 24] ;;; curseforge; {'id': 9638, 'gameVersionTypeID': 75208, 'name': 'Client', 'slug': 'client', 'apiVersion': ''}
[2026, 9, 25, 18, 50, 24] ;;; curseforge; {'id': 9639, 'gameVersionTypeID': 75208, 'name': 'Server', 'slug': 'server', 'apiVersion': ''}
[2026, 9, 25, 18, 50, 24] ;;; curseforge; {'id': 10150, 'gameVersionTypeID': 68441, 'name': 'NeoForge', 'slug': 'neoforge', 'apiVersion': ''}
[2026, 9, 25, 18, 50, 24] ;;; curseforge; {'id': 12084, 'gameVersionTypeID': 77784, 'name': '1.21.3', 'slug': '1-21-3', 'apiVersion': None}
[2026, 9, 25, 18, 50, 24] ;;; curseforge; {'id': 12737, 'gameVersionTypeID': 1, 'name': '1.21.3', 'slug': '1-21-3', 'apiVersion': ''}
[2026, 9, 25, 18, 50, 24] ;;; curseforge; {'id': 16117, 'gameVersionTypeID': 615, 'name': '1.21.3', 'slug': '1-21-3', 'apiVersion': ''}
[2026, 9, 25, 18, 50, 24] ;;; curseforge; {'file': ('ghosts_and_ghouls-neoforge-1.21.2_1.60.0.jar', <_io.BufferedReader name='.\\releases\\1.60.0\\ghosts_and_ghouls-neoforge-1.21.2_1.60.0.jar'>, 'application/jar'), 'metadata': (None, '{"changelog": "", "displayName": "ghosts_and_ghouls neoforge 1.21.2 1.60.0", "gameVersions": [9638, 9639, 10150, 12079, 12084], "gameVersionNames": ["Client", "Server", "NeoForge", "1.21.2", "1.21.3"], "releaseType": "release", "relations": {"projects": [{"slug": "gstools", "projectID": 1404020, "type": "requiredDependency"}]}}', 'application/json')}
[2026, 9, 25, 18, 50, 30] ;;; curseforge; Mod file uploaded successfully! Response: {'id': 8975631}
[2026, 9, 25, 18, 50, 30] ;;; curseforge; {'id': 9638, 'gameVersionTypeID': 75208, 'name': 'Client', 'slug': 'client', 'apiVersion': ''}
[2026, 9, 25, 18, 50, 30] ;;; curseforge; {'id': 9639, 'gameVersionTypeID': 75208, 'name': 'Server', 'slug': 'server', 'apiVersion': ''}
[2026, 9, 25, 18, 50, 30] ;;; curseforge; {'id': 10150, 'gameVersionTypeID': 68441, 'name': 'NeoForge', 'slug': 'neoforge', 'apiVersion': ''}
[2026, 9, 25, 18, 50, 30] ;;; curseforge; {'id': 12079, 'gameVersionTypeID': 77784, 'name': '1.21.2', 'slug': '1-21-2', 'apiVersion': ''}
[2026, 9, 25, 18, 50, 30] ;;; curseforge; {'id': 12736, 'gameVersionTypeID': 1, 'name': '1.21.2', 'slug': '1-21-2', 'apiVersion': ''}
[2026, 9, 25, 18, 50, 30] ;;; curseforge; {'id': 16116, 'gameVersionTypeID': 615, 'name': '1.21.2', 'slug': '1-21-2', 'apiVersion': ''}
[2026, 9, 25, 18, 50, 30] ;;; curseforge; {'id': 9638, 'gameVersionTypeID': 75208, 'name': 'Client', 'slug': 'client', 'apiVersion': ''}
[2026, 9, 25, 18, 50, 30] ;;; curseforge; {'id': 9639, 'gameVersionTypeID': 75208, 'name': 'Server', 'slug': 'server', 'apiVersion': ''}
[2026, 9, 25, 18, 50, 30] ;;; curseforge; {'id': 10150, 'gameVersionTypeID': 68441, 'name': 'NeoForge', 'slug': 'neoforge', 'apiVersion': ''}
[2026, 9, 25, 18, 50, 30] ;;; curseforge; {'id': 12084, 'gameVersionTypeID': 77784, 'name': '1.21.3', 'slug': '1-21-3', 'apiVersion': None}
[2026, 9, 25, 18, 50, 30] ;;; curseforge; {'id': 12737, 'gameVersionTypeID': 1, 'name': '1.21.3', 'slug': '1-21-3', 'apiVersion': ''}
[2026, 9, 25, 18, 50, 30] ;;; curseforge; {'id': 16117, 'gameVersionTypeID': 615, 'name': '1.21.3', 'slug': '1-21-3', 'apiVersion': ''}
[2026, 9, 25, 18, 50, 41] ;;; curseforge; {'id': 9638, 'gameVersionTypeID': 75208, 'name': 'Client', 'slug': 'client', 'apiVersion': ''}
[2026, 9, 25, 18, 50, 41] ;;; curseforge; {'id': 9639, 'gameVersionTypeID': 75208, 'name': 'Server', 'slug': 'server', 'apiVersion': ''}
[2026, 9, 25, 18, 50, 41] ;;; curseforge; {'id': 10150, 'gameVersionTypeID': 68441, 'name': 'NeoForge', 'slug': 'neoforge', 'apiVersion': ''}
[2026, 9, 25, 18, 50, 41] ;;; curseforge; {'id': 12281, 'gameVersionTypeID': 77784, 'name': '1.21.4', 'slug': '1-21-4', 'apiVersion': None}
[2026, 9, 25, 18, 50, 41] ;;; curseforge; {'id': 12738, 'gameVersionTypeID': 1, 'name': '1.21.4', 'slug': '1-21-4', 'apiVersion': ''}
[2026, 9, 25, 18, 50, 41] ;;; curseforge; {'id': 16118, 'gameVersionTypeID': 615, 'name': '1.21.4', 'slug': '1-21-4', 'apiVersion': ''}
[2026, 9, 25, 18, 50, 41] ;;; curseforge; {'file': ('ghosts_and_ghouls-neoforge-1.21.4_1.60.0.jar', <_io.BufferedReader name='.\\releases\\1.60.0\\ghosts_and_ghouls-neoforge-1.21.4_1.60.0.jar'>, 'application/jar'), 'metadata': (None, '{"changelog": "", "displayName": "ghosts_and_ghouls neoforge 1.21.4 1.60.0", "gameVersions": [9638, 9639, 10150, 12281], "gameVersionNames": ["Client", "Server", "NeoForge", "1.21.4"], "releaseType": "release", "relations": {"projects": [{"slug": "gstools", "projectID": 1404020, "type": "requiredDependency"}]}}', 'application/json')}
[2026, 9, 25, 18, 50, 56] ;;; curseforge; Mod file uploaded successfully! Response: {'id': 8975636}
[2026, 9, 25, 18, 50, 57] ;;; curseforge; {'id': 9638, 'gameVersionTypeID': 75208, 'name': 'Client', 'slug': 'client', 'apiVersion': ''}
[2026, 9, 25, 18, 50, 57] ;;; curseforge; {'id': 9639, 'gameVersionTypeID': 75208, 'name': 'Server', 'slug': 'server', 'apiVersion': ''}
[2026, 9, 25, 18, 50, 57] ;;; curseforge; {'id': 10150, 'gameVersionTypeID': 68441, 'name': 'NeoForge', 'slug': 'neoforge', 'apiVersion': ''}
[2026, 9, 25, 18, 50, 57] ;;; curseforge; {'id': 12281, 'gameVersionTypeID': 77784, 'name': '1.21.4', 'slug': '1-21-4', 'apiVersion': None}
[2026, 9, 25, 18, 50, 57] ;;; curseforge; {'id': 12738, 'gameVersionTypeID': 1, 'name': '1.21.4', 'slug': '1-21-4', 'apiVersion': ''}
[2026, 9, 25, 18, 50, 57] ;;; curseforge; {'id': 16118, 'gameVersionTypeID': 615, 'name': '1.21.4', 'slug': '1-21-4', 'apiVersion': ''}
[2026, 9, 25, 18, 51, 17] ;;; curseforge; {'id': 9638, 'gameVersionTypeID': 75208, 'name': 'Client', 'slug': 'client', 'apiVersion': ''}
[2026, 9, 25, 18, 51, 17] ;;; curseforge; {'id': 9639, 'gameVersionTypeID': 75208, 'name': 'Server', 'slug': 'server', 'apiVersion': ''}
[2026, 9, 25, 18, 51, 17] ;;; curseforge; {'id': 10150, 'gameVersionTypeID': 68441, 'name': 'NeoForge', 'slug': 'neoforge', 'apiVersion': ''}
[2026, 9, 25, 18, 51, 17] ;;; curseforge; {'id': 12934, 'gameVersionTypeID': 77784, 'name': '1.21.5', 'slug': '1-21-5', 'apiVersion': None}
[2026, 9, 25, 18, 51, 17] ;;; curseforge; {'id': 12988, 'gameVersionTypeID': 1, 'name': '1.21.5', 'slug': '1-21-5', 'apiVersion': ''}
[2026, 9, 25, 18, 51, 17] ;;; curseforge; {'id': 16119, 'gameVersionTypeID': 615, 'name': '1.21.5', 'slug': '1-21-5', 'apiVersion': ''}
[2026, 9, 25, 18, 51, 17] ;;; curseforge; {'id': 9638, 'gameVersionTypeID': 75208, 'name': 'Client', 'slug': 'client', 'apiVersion': ''}
[2026, 9, 25, 18, 51, 17] ;;; curseforge; {'id': 9639, 'gameVersionTypeID': 75208, 'name': 'Server', 'slug': 'server', 'apiVersion': ''}
[2026, 9, 25, 18, 51, 17] ;;; curseforge; {'id': 10150, 'gameVersionTypeID': 68441, 'name': 'NeoForge', 'slug': 'neoforge', 'apiVersion': ''}
[2026, 9, 25, 18, 51, 17] ;;; curseforge; {'id': 13506, 'gameVersionTypeID': 77784, 'name': '1.21.7', 'slug': '1-21-7', 'apiVersion': None}
[2026, 9, 25, 18, 51, 17] ;;; curseforge; {'id': 13574, 'gameVersionTypeID': 1, 'name': '1.21.7', 'slug': '1-21-7', 'apiVersion': ''}
[2026, 9, 25, 18, 51, 17] ;;; curseforge; {'id': 16121, 'gameVersionTypeID': 615, 'name': '1.21.7', 'slug': '1-21-7', 'apiVersion': ''}
[2026, 9, 25, 18, 51, 18] ;;; curseforge; {'file': ('ghosts_and_ghouls-neoforge-1.21.5_1.60.0.jar', <_io.BufferedReader name='.\\releases\\1.60.0\\ghosts_and_ghouls-neoforge-1.21.5_1.60.0.jar'>, 'application/jar'), 'metadata': (None, '{"changelog": "", "displayName": "ghosts_and_ghouls neoforge 1.21.5 1.60.0", "gameVersions": [9638, 9639, 10150, 12934, 13506], "gameVersionNames": ["Client", "Server", "NeoForge", "1.21.5", "1.21.7"], "releaseType": "release", "relations": {"projects": [{"slug": "gstools", "projectID": 1404020, "type": "requiredDependency"}]}}', 'application/json')}
[2026, 9, 25, 18, 51, 25] ;;; curseforge; Mod file uploaded successfully! Response: {'id': 8975642}
[2026, 9, 25, 18, 51, 25] ;;; curseforge; {'id': 9638, 'gameVersionTypeID': 75208, 'name': 'Client', 'slug': 'client', 'apiVersion': ''}
[2026, 9, 25, 18, 51, 25] ;;; curseforge; {'id': 9639, 'gameVersionTypeID': 75208, 'name': 'Server', 'slug': 'server', 'apiVersion': ''}
[2026, 9, 25, 18, 51, 25] ;;; curseforge; {'id': 10150, 'gameVersionTypeID': 68441, 'name': 'NeoForge', 'slug': 'neoforge', 'apiVersion': ''}
[2026, 9, 25, 18, 51, 25] ;;; curseforge; {'id': 12934, 'gameVersionTypeID': 77784, 'name': '1.21.5', 'slug': '1-21-5', 'apiVersion': None}
[2026, 9, 25, 18, 51, 25] ;;; curseforge; {'id': 12988, 'gameVersionTypeID': 1, 'name': '1.21.5', 'slug': '1-21-5', 'apiVersion': ''}
[2026, 9, 25, 18, 51, 25] ;;; curseforge; {'id': 16119, 'gameVersionTypeID': 615, 'name': '1.21.5', 'slug': '1-21-5', 'apiVersion': ''}
[2026, 9, 25, 18, 51, 25] ;;; curseforge; {'id': 9638, 'gameVersionTypeID': 75208, 'name': 'Client', 'slug': 'client', 'apiVersion': ''}
[2026, 9, 25, 18, 51, 25] ;;; curseforge; {'id': 9639, 'gameVersionTypeID': 75208, 'name': 'Server', 'slug': 'server', 'apiVersion': ''}
[2026, 9, 25, 18, 51, 25] ;;; curseforge; {'id': 10150, 'gameVersionTypeID': 68441, 'name': 'NeoForge', 'slug': 'neoforge', 'apiVersion': ''}
[2026, 9, 25, 18, 51, 25] ;;; curseforge; {'id': 13506, 'gameVersionTypeID': 77784, 'name': '1.21.7', 'slug': '1-21-7', 'apiVersion': None}
[2026, 9, 25, 18, 51, 25] ;;; curseforge; {'id': 13574, 'gameVersionTypeID': 1, 'name': '1.21.7', 'slug': '1-21-7', 'apiVersion': ''}
[2026, 9, 25, 18, 51, 25] ;;; curseforge; {'id': 16121, 'gameVersionTypeID': 615, 'name': '1.21.7', 'slug': '1-21-7', 'apiVersion': ''}
[2026, 9, 25, 19, 22, 38] ;;; curseforge; {'id': 7499, 'gameVersionTypeID': 68441, 'name': 'Fabric', 'slug': 'fabric', 'apiVersion': ''}
[2026, 9, 25, 19, 22, 38] ;;; curseforge; {'id': 9638, 'gameVersionTypeID': 75208, 'name': 'Client', 'slug': 'client', 'apiVersion': ''}
[2026, 9, 25, 19, 22, 38] ;;; curseforge; {'id': 9639, 'gameVersionTypeID': 75208, 'name': 'Server', 'slug': 'server', 'apiVersion': ''}
[2026, 9, 25, 19, 22, 38] ;;; curseforge; {'id': 13620, 'gameVersionTypeID': 77784, 'name': '1.21.8', 'slug': '1-21-8', 'apiVersion': None}
[2026, 9, 25, 19, 22, 38] ;;; curseforge; {'id': 13683, 'gameVersionTypeID': 1, 'name': '1.21.8', 'slug': '1-21-8', 'apiVersion': ''}
[2026, 9, 25, 19, 22, 38] ;;; curseforge; {'id': 16124, 'gameVersionTypeID': 615, 'name': '1.21.8', 'slug': '1-21-8', 'apiVersion': ''}
[2026, 9, 25, 19, 22, 38] ;;; curseforge; {'file': ('gstools-fabric-1.21.8_1.60.0.jar', <_io.BufferedReader name='.\\releases\\1.60.0\\gstools-fabric-1.21.8_1.60.0.jar'>, 'application/jar'), 'metadata': (None, '{"changelog": "", "displayName": "gstools fabric 1.21.8 1.60.0", "gameVersions": [7499, 9638, 9639, 13620], "gameVersionNames": ["Fabric", "Client", "Server", "1.21.8"], "releaseType": "release", "relations": {"projects": [{"slug": "gstools", "projectID": 1404020, "type": "requiredDependency"}]}}', 'application/json')}
[2026, 9, 25, 19, 22, 40] ;;; curseforge; Mod file uploaded successfully! Response: {'id': 8975897}
[2026, 9, 25, 19, 22, 40] ;;; curseforge; {'id': 7499, 'gameVersionTypeID': 68441, 'name': 'Fabric', 'slug': 'fabric', 'apiVersion': ''}
[2026, 9, 25, 19, 22, 40] ;;; curseforge; {'id': 9638, 'gameVersionTypeID': 75208, 'name': 'Client', 'slug': 'client', 'apiVersion': ''}
[2026, 9, 25, 19, 22, 40] ;;; curseforge; {'id': 9639, 'gameVersionTypeID': 75208, 'name': 'Server', 'slug': 'server', 'apiVersion': ''}
[2026, 9, 25, 19, 22, 40] ;;; curseforge; {'id': 13620, 'gameVersionTypeID': 77784, 'name': '1.21.8', 'slug': '1-21-8', 'apiVersion': None}
[2026, 9, 25, 19, 22, 40] ;;; curseforge; {'id': 13683, 'gameVersionTypeID': 1, 'name': '1.21.8', 'slug': '1-21-8', 'apiVersion': ''}
[2026, 9, 25, 19, 22, 40] ;;; curseforge; {'id': 16124, 'gameVersionTypeID': 615, 'name': '1.21.8', 'slug': '1-21-8', 'apiVersion': ''}
[2026, 9, 25, 19, 53, 11] ;;; curseforge; {'id': 7499, 'gameVersionTypeID': 68441, 'name': 'Fabric', 'slug': 'fabric', 'apiVersion': ''}
[2026, 9, 25, 19, 53, 11] ;;; curseforge; {'id': 9638, 'gameVersionTypeID': 75208, 'name': 'Client', 'slug': 'client', 'apiVersion': ''}
[2026, 9, 25, 19, 53, 11] ;;; curseforge; {'id': 9639, 'gameVersionTypeID': 75208, 'name': 'Server', 'slug': 'server', 'apiVersion': ''}
[2026, 9, 25, 19, 53, 11] ;;; curseforge; {'id': 13620, 'gameVersionTypeID': 77784, 'name': '1.21.8', 'slug': '1-21-8', 'apiVersion': None}
[2026, 9, 25, 19, 53, 11] ;;; curseforge; {'id': 13683, 'gameVersionTypeID': 1, 'name': '1.21.8', 'slug': '1-21-8', 'apiVersion': ''}
[2026, 9, 25, 19, 53, 11] ;;; curseforge; {'id': 16124, 'gameVersionTypeID': 615, 'name': '1.21.8', 'slug': '1-21-8', 'apiVersion': ''}
[2026, 9, 25, 19, 53, 11] ;;; curseforge; {'file': ('gstools-fabric-1.21.8_1.60.0.jar', <_io.BufferedReader name='.\\releases\\1.60.0\\gstools-fabric-1.21.8_1.60.0.jar'>, 'application/jar'), 'metadata': (None, '{"changelog": "", "displayName": "gstools fabric 1.21.8 1.60.0", "gameVersions": [7499, 9638, 9639, 13620], "gameVersionNames": ["Fabric", "Client", "Server", "1.21.8"], "releaseType": "release", "relations": {"projects": [{"slug": "gstools", "projectID": 1404020, "type": "requiredDependency"}]}}', 'application/json')}
[2026, 9, 25, 19, 53, 14] ;;; curseforge; Mod file uploaded successfully! Response: {'id': 8976063}
[2026, 9, 25, 19, 53, 14] ;;; curseforge; {'id': 7499, 'gameVersionTypeID': 68441, 'name': 'Fabric', 'slug': 'fabric', 'apiVersion': ''}
[2026, 9, 25, 19, 53, 14] ;;; curseforge; {'id': 9638, 'gameVersionTypeID': 75208, 'name': 'Client', 'slug': 'client', 'apiVersion': ''}
[2026, 9, 25, 19, 53, 14] ;;; curseforge; {'id': 9639, 'gameVersionTypeID': 75208, 'name': 'Server', 'slug': 'server', 'apiVersion': ''}
[2026, 9, 25, 19, 53, 14] ;;; curseforge; {'id': 13620, 'gameVersionTypeID': 77784, 'name': '1.21.8', 'slug': '1-21-8', 'apiVersion': None}
[2026, 9, 25, 19, 53, 14] ;;; curseforge; {'id': 13683, 'gameVersionTypeID': 1, 'name': '1.21.8', 'slug': '1-21-8', 'apiVersion': ''}
[2026, 9, 25, 19, 53, 14] ;;; curseforge; {'id': 16124, 'gameVersionTypeID': 615, 'name': '1.21.8', 'slug': '1-21-8', 'apiVersion': ''}