
[2026, 9, 28, 9, 13, 55] ;;; curseforge; {'id': 7499, 'gameVersionTypeID': 68441, 'name': 'Fabric', 'slug': 'fabric', 'apiVersion': ''}
[2026, 9, 28, 9, 13, 55] ;;; curseforge; {'id': 9638, 'gameVersionTypeID': 75208, 'name': 'Client', 'slug': 'client', 'apiVersion': ''}
[2026, 9, 28, 9, 13, 55] ;;; curseforge; {'id': 9639, 'gameVersionTypeID': 75208, 'name': 'Server', 'slug': 'server', 'apiVersion': ''}
[2026, 9, 28, 9, 13, 55] ;;; curseforge; {'id': 13620, 'gameVersionTypeID': 77784, 'name': '1.21.8', 'slug': '1-21-8', 'apiVersion': None}
[2026, 9, 28, 9, 13, 55] ;;; curseforge; {'id': 13683, 'gameVersionTypeID': 1, 'name': '1.21.8', 'slug': '1-21-8', 'apiVersion': ''}
[2026, 9, 28, 9, 13, 55] ;;; curseforge; {'id': 16124, 'gameVersionTypeID': 615, 'name': '1.21.8', 'slug': '1-21-8', 'apiVersion': ''}
[2026, 9, 28, 9, 13, 55] ;;; curseforge; {'file': ('gstools-fabric-1.21.8_1.61.0.jar', <_io.BufferedReader name='.\\releases\\1.61.0\\gstools-fabric-1.21.8_1.61.0.jar'>, 'application/jar'), 'metadata': (None, '{"changelog": "", "displayName": "gstools fabric 1.21.8 1.61.0", "gameVersions": [7499, 9638, 9639, 13620], "gameVersionNames": ["Fabric", "Client", "Server", "1.21.8"], "releaseType": "release", "relations": {"projects": [{"slug": "gstools", "projectID": 1404020, "type": "requiredDependency"}]}}', 'application/json')}
[2026, 9, 28, 9, 13, 58] ;;; curseforge; Mod file uploaded successfully! Response: {'id': 8999280}
[2026, 9, 28, 9, 13, 58] ;;; curseforge; {'id': 7499, 'gameVersionTypeID': 68441, 'name': 'Fabric', 'slug': 'fabric', 'apiVersion': ''}
[2026, 9, 28, 9, 13, 58] ;;; curseforge; {'id': 9638, 'gameVersionTypeID': 75208, 'name': 'Client', 'slug': 'client', 'apiVersion': ''}
[2026, 9, 28, 9, 13, 58] ;;; curseforge; {'id': 9639, 'gameVersionTypeID': 75208, 'name': 'Server', 'slug': 'server', 'apiVersion': ''}
[2026, 9, 28, 9, 13, 58] ;;; curseforge; {'id': 13620, 'gameVersionTypeID': 77784, 'name': '1.21.8', 'slug': '1-21-8', 'apiVersion': None}
[2026, 9, 28, 9, 13, 58] ;;; curseforge; {'id': 13683, 'gameVersionTypeID': 1, 'name': '1.21.8', 'slug': '1-21-8', 'apiVersion': ''}
[2026, 9, 28, 9, 13, 58] ;;; curseforge; {'id': 16124, 'gameVersionTypeID': 615, 'name': '1.21.8', 'slug': '1-21-8', 'apiVersion': ''}
[2026, 9, 28, 9, 14, 4] ;;; curseforge; {'id': 7499, 'gameVersionTypeID': 68441, 'name': 'Fabric', 'slug': 'fabric', 'apiVersion': ''}
[2026, 9, 28, 9, 14, 4] ;;; curseforge; {'id': 9638, 'gameVersionTypeID': 75208, 'name': 'Client', 'slug': 'client', 'apiVersion': ''}
[2026, 9, 28, 9, 14, 4] ;;; curseforge; {'id': 9639, 'gameVersionTypeID': 75208, 'name': 'Server', 'slug': 'server', 'apiVersion': ''}
[2026, 9, 28, 9, 14, 4] ;;; curseforge; {'id': 13927, 'gameVersionTypeID': 77784, 'name': '1.21.9', 'slug': '1-21-9', 'apiVersion': None}
[2026, 9, 28, 9, 14, 4] ;;; curseforge; {'id': 13933, 'gameVersionTypeID': 1, 'name': '1.21.9', 'slug': '1-21-9', 'apiVersion': ''}
[2026, 9, 28, 9, 14, 4] ;;; curseforge; {'id': 16125, 'gameVersionTypeID': 615, 'name': '1.21.9', 'slug': '1-21-9', 'apiVersion': ''}
[2026, 9, 28, 9, 14, 4] ;;; curseforge; {'id': 7499, 'gameVersionTypeID': 68441, 'name': 'Fabric', 'slug': 'fabric', 'apiVersion': ''}
[2026, 9, 28, 9, 14, 4] ;;; curseforge; {'id': 9638, 'gameVersionTypeID': 75208, 'name': 'Client', 'slug': 'client', 'apiVersion': ''}
[2026, 9, 28, 9, 14, 4] ;;; curseforge; {'id': 9639, 'gameVersionTypeID': 75208, 'name': 'Server', 'slug': 'server', 'apiVersion': ''}
[2026, 9, 28, 9, 14, 4] ;;; curseforge; {'id': 13964, 'gameVersionTypeID': 77784, 'name': '1.21.10', 'slug': '1-21-10', 'apiVersion': None}
[2026, 9, 28, 9, 14, 4] ;;; curseforge; {'id': 13966, 'gameVersionTypeID': 1, 'name': '1.21.10', 'slug': '1-21-10', 'apiVersion': ''}
[2026, 9, 28, 9, 14, 4] ;;; curseforge; {'id': 16126, 'gameVersionTypeID': 615, 'name': '1.21.10', 'slug': '1-21-10', 'apiVersion': ''}
[2026, 9, 28, 9, 14, 4] ;;; curseforge; {'id': 7499, 'gameVersionTypeID': 68441, 'name': 'Fabric', 'slug': 'fabric', 'apiVersion': ''}
[2026, 9, 28, 9, 14, 4] ;;; curseforge; {'id': 9638, 'gameVersionTypeID': 75208, 'name': 'Client', 'slug': 'client', 'apiVersion': ''}
[2026, 9, 28, 9, 14, 4] ;;; curseforge; {'id': 9639, 'gameVersionTypeID': 75208, 'name': 'Server', 'slug': 'server', 'apiVersion': ''}
[2026, 9, 28, 9, 14, 4] ;;; curseforge; {'id': 14406, 'gameVersionTypeID': 77784, 'name': '1.21.11', 'slug': '1-21-11', 'apiVersion': None}
[2026, 9, 28, 9, 14, 4] ;;; curseforge; {'id': 14417, 'gameVersionTypeID': 1, 'name': '1.21.11', 'slug': '1-21-11', 'apiVersion': ''}
[2026, 9, 28, 9, 14, 4] ;;; curseforge; {'id': 16127, 'gameVersionTypeID': 615, 'name': '1.21.11', 'slug': '1-21-11', 'apiVersion': ''}
[2026, 9, 28, 9, 14, 4] ;;; curseforge; {'file': ('gstools-fabric-1.21.9_1.61.0.jar', <_io.BufferedReader name='.\\releases\\1.61.0\\gstools-fabric-1.21.9_1.61.0.jar'>, 'application/jar'), 'metadata': (None, '{"changelog": "", "displayName": "gstools fabric 1.21.9 1.61.0", "gameVersions": [7499, 9638, 9639, 13927, 13964, 14406], "gameVersionNames": ["Fabric", "Client", "Server", "1.21.9", "1.21.10", "1.21.11"], "releaseType": "release", "relations": {"projects": [{"slug": "gstools", "projectID": 1404020, "type": "requiredDependency"}]}}', 'application/json')}
[2026, 9, 28, 9, 14, 8] ;;; curseforge; Mod file uploaded successfully! Response: {'id': 8999282}
[2026, 9, 28, 9, 14, 8] ;;; curseforge; {'id': 7499, 'gameVersionTypeID': 68441, 'name': 'Fabric', 'slug': 'fabric', 'apiVersion': ''}
[2026, 9, 28, 9, 14, 8] ;;; curseforge; {'id': 9638, 'gameVersionTypeID': 75208, 'name': 'Client', 'slug': 'client', 'apiVersion': ''}
[2026, 9, 28, 9, 14, 8] ;;; curseforge; {'id': 9639, 'gameVersionTypeID': 75208, 'name': 'Server', 'slug': 'server', 'apiVersion': ''}
[2026, 9, 28, 9, 14, 8] ;;; curseforge; {'id': 13927, 'gameVersionTypeID': 77784, 'name': '1.21.9', 'slug': '1-21-9', 'apiVersion': None}
[2026, 9, 28, 9, 14, 8] ;;; curseforge; {'id': 13933, 'gameVersionTypeID': 1, 'name': '1.21.9', 'slug': '1-21-9', 'apiVersion': ''}
[2026, 9, 28, 9, 14, 8] ;;; curseforge; {'id': 16125, 'gameVersionTypeID': 615, 'name': '1.21.9', 'slug': '1-21-9', 'apiVersion': ''}
[2026, 9, 28, 9, 14, 8] ;;; curseforge; {'id': 7499, 'gameVersionTypeID': 68441, 'name': 'Fabric', 'slug': 'fabric', 'apiVersion': ''}
[2026, 9, 28, 9, 14, 8] ;;; curseforge; {'id': 9638, 'gameVersionTypeID': 75208, 'name': 'Client', 'slug': 'client', 'apiVersion': ''}
[2026, 9, 28, 9, 14, 8] ;;; curseforge; {'id': 9639, 'gameVersionTypeID': 75208, 'name': 'Server', 'slug': 'server', 'apiVersion': ''}
[2026, 9, 28, 9, 14, 8] ;;; curseforge; {'id': 13964, 'gameVersionTypeID': 77784, 'name': '1.21.10', 'slug': '1-21-10', 'apiVersion': None}
[2026, 9, 28, 9, 14, 8] ;;; curseforge; {'id': 13966, 'gameVersionTypeID': 1, 'name': '1.21.10', 'slug': '1-21-10', 'apiVersion': ''}
[2026, 9, 28, 9, 14, 8] ;;; curseforge; {'id': 16126, 'gameVersionTypeID': 615, 'name': '1.21.10', 'slug': '1-21-10', 'apiVersion': ''}
[2026, 9, 28, 9, 14, 8] ;;; curseforge; {'id': 7499, 'gameVersionTypeID': 68441, 'name': 'Fabric', 'slug': 'fabric', 'apiVersion': ''}
[2026, 9, 28, 9, 14, 8] ;;; curseforge; {'id': 9638, 'gameVersionTypeID': 75208, 'name': 'Client', 'slug': 'client', 'apiVersion': ''}
[2026, 9, 28, 9, 14, 8] ;;; curseforge; {'id': 9639, 'gameVersionTypeID': 75208, 'name': 'Server', 'slug': 'server', 'apiVersion': ''}
[2026, 9, 28, 9, 14, 8] ;;; curseforge; {'id': 14406, 'gameVersionTypeID': 77784, 'name': '1.21.11', 'slug': '1-21-11', 'apiVersion': None}
[2026, 9, 28, 9, 14, 8] ;;; curseforge; {'id': 14417, 'gameVersionTypeID': 1, 'name': '1.21.11', 'slug': '1-21-11', 'apiVersion': ''}
[2026, 9, 28, 9, 14, 8] ;;; curseforge; {'id': 16127, 'gameVersionTypeID': 615, 'name': '1.21.11', 'slug': '1-21-11', 'apiVersion': ''}
[2026, 9, 28, 9, 14, 13] ;;; curseforge; {'id': 7499, 'gameVersionTypeID': 68441, 'name': 'Fabric', 'slug': 'fabric', 'apiVersion': ''}
[2026, 9, 28, 9, 14, 13] ;;; curseforge; {'id': 9638, 'gameVersionTypeID': 75208, 'name': 'Client', 'slug': 'client', 'apiVersion': ''}
[2026, 9, 28, 9, 14, 13] ;;; curseforge; {'id': 9639, 'gameVersionTypeID': 75208, 'name': 'Server', 'slug': 'server', 'apiVersion': ''}
[2026, 9, 28, 9, 14, 13] ;;; curseforge; {'id': 15933, 'gameVersionTypeID': 83806, 'name': '26.1', 'slug': '26-1', 'apiVersion': None}
[2026, 9, 28, 9, 14, 13] ;;; curseforge; {'id': 16083, 'gameVersionTypeID': 1, 'name': '26.1', 'slug': '26-1', 'apiVersion': ''}
[2026, 9, 28, 9, 14, 13] ;;; curseforge; {'id': 16128, 'gameVersionTypeID': 615, 'name': '26.1', 'slug': '26-1', 'apiVersion': ''}
[2026, 9, 28, 9, 14, 13] ;;; curseforge; {'id': 7499, 'gameVersionTypeID': 68441, 'name': 'Fabric', 'slug': 'fabric', 'apiVersion': ''}
[2026, 9, 28, 9, 14, 13] ;;; curseforge; {'id': 9638, 'gameVersionTypeID': 75208, 'name': 'Client', 'slug': 'client', 'apiVersion': ''}
[2026, 9, 28, 9, 14, 13] ;;; curseforge; {'id': 9639, 'gameVersionTypeID': 75208, 'name': 'Server', 'slug': 'server', 'apiVersion': ''}
[2026, 9, 28, 9, 14, 13] ;;; curseforge; {'id': 16021, 'gameVersionTypeID': 83806, 'name': '26.1.1', 'slug': '26-1-1', 'apiVersion': None}
[2026, 9, 28, 9, 14, 13] ;;; curseforge; {'id': 16084, 'gameVersionTypeID': 1, 'name': '26.1.1', 'slug': '26-1-1', 'apiVersion': ''}
[2026, 9, 28, 9, 14, 13] ;;; curseforge; {'id': 16129, 'gameVersionTypeID': 615, 'name': '26.1.1', 'slug': '26-1-1', 'apiVersion': ''}
[2026, 9, 28, 9, 14, 13] ;;; curseforge; {'id': 7499, 'gameVersionTypeID': 68441, 'name': 'Fabric', 'slug': 'fabric', 'apiVersion': ''}
[2026, 9, 28, 9, 14, 13] ;;; curseforge; {'id': 9638, 'gameVersionTypeID': 75208, 'name': 'Client', 'slug': 'client', 'apiVersion': ''}
[2026, 9, 28, 9, 14, 13] ;;; curseforge; {'id': 9639, 'gameVersionTypeID': 75208, 'name': 'Server', 'slug': 'server', 'apiVersion': ''}
[2026, 9, 28, 9, 14, 13] ;;; curseforge; {'id': 16082, 'gameVersionTypeID': 83806, 'name': '26.1.2', 'slug': '26-1-2', 'apiVersion': None}
[2026, 9, 28, 9, 14, 13] ;;; curseforge; {'id': 16085, 'gameVersionTypeID': 1, 'name': '26.1.2', 'slug': '26-1-2', 'apiVersion': ''}
[2026, 9, 28, 9, 14, 13] ;;; curseforge; {'id': 16130, 'gameVersionTypeID': 615, 'name': '26.1.2', 'slug': '26-1-2', 'apiVersion': ''}
[2026, 9, 28, 9, 14, 13] ;;; curseforge; {'file': ('gstools-fabric-26.1_1.61.0.jar', <_io.BufferedReader name='.\\releases\\1.61.0\\gstools-fabric-26.1_1.61.0.jar'>, 'application/jar'), 'metadata': (None, '{"changelog": "", "displayName": "gstools fabric 26.1 1.61.0", "gameVersions": [7499, 9638, 9639, 15933, 16021, 16082], "gameVersionNames": ["Fabric", "Client", "Server", "26.1", "26.1.1", "26.1.2"], "releaseType": "release", "relations": {"projects": [{"slug": "gstools", "projectID": 1404020, "type": "requiredDependency"}]}}', 'application/json')}
[2026, 9, 28, 9, 14, 16] ;;; curseforge; Mod file uploaded successfully! Response: {'id': 8999283}
[2026, 9, 28, 9, 14, 16] ;;; curseforge; {'id': 7499, 'gameVersionTypeID': 68441, 'name': 'Fabric', 'slug': 'fabric', 'apiVersion': ''}
[2026, 9, 28, 9, 14, 16] ;;; curseforge; {'id': 9638, 'gameVersionTypeID': 75208, 'name': 'Client', 'slug': 'client', 'apiVersion': ''}
[2026, 9, 28, 9, 14, 16] ;;; curseforge; {'id': 9639, 'gameVersionTypeID': 75208, 'name': 'Server', 'slug': 'server', 'apiVersion': ''}
[2026, 9, 28, 9, 14, 16] ;;; curseforge; {'id': 15933, 'gameVersionTypeID': 83806, 'name': '26.1', 'slug': '26-1', 'apiVersion': None}
[2026, 9, 28, 9, 14, 16] ;;; curseforge; {'id': 16083, 'gameVersionTypeID': 1, 'name': '26.1', 'slug': '26-1', 'apiVersion': ''}
[2026, 9, 28, 9, 14, 16] ;;; curseforge; {'id': 16128, 'gameVersionTypeID': 615, 'name': '26.1', 'slug': '26-1', 'apiVersion': ''}
[2026, 9, 28, 9, 14, 16] ;;; curseforge; {'id': 7499, 'gameVersionTypeID': 68441, 'name': 'Fabric', 'slug': 'fabric', 'apiVersion': ''}
[2026, 9, 28, 9, 14, 16] ;;; curseforge; {'id': 9638, 'gameVersionTypeID': 75208, 'name': 'Client', 'slug': 'client', 'apiVersion': ''}
[2026, 9, 28, 9, 14, 16] ;;; curseforge; {'id': 9639, 'gameVersionTypeID': 75208, 'name': 'Server', 'slug': 'server', 'apiVersion': ''}
[2026, 9, 28, 9, 14, 16] ;;; curseforge; {'id': 16021, 'gameVersionTypeID': 83806, 'name': '26.1.1', 'slug': '26-1-1', 'apiVersion': None}
[2026, 9, 28, 9, 14, 16] ;;; curseforge; {'id': 16084, 'gameVersionTypeID': 1, 'name': '26.1.1', 'slug': '26-1-1', 'apiVersion': ''}
[2026, 9, 28, 9, 14, 16] ;;; curseforge; {'id': 16129, 'gameVersionTypeID': 615, 'name': '26.1.1', 'slug': '26-1-1', 'apiVersion': ''}
[2026, 9, 28, 9, 14, 16] ;;; curseforge; {'id': 7499, 'gameVersionTypeID': 68441, 'name': 'Fabric', 'slug': 'fabric', 'apiVersion': ''}
[2026, 9, 28, 9, 14, 16] ;;; curseforge; {'id': 9638, 'gameVersionTypeID': 75208, 'name': 'Client', 'slug': 'client', 'apiVersion': ''}
[2026, 9, 28, 9, 14, 16] ;;; curseforge; {'id': 9639, 'gameVersionTypeID': 75208, 'name': 'Server', 'slug': 'server', 'apiVersion': ''}
[2026, 9, 28, 9, 14, 16] ;;; curseforge; {'id': 16082, 'gameVersionTypeID': 83806, 'name': '26.1.2', 'slug': '26-1-2', 'apiVersion': None}
[2026, 9, 28, 9, 14, 16] ;;; curseforge; {'id': 16085, 'gameVersionTypeID': 1, 'name': '26.1.2', 'slug': '26-1-2', 'apiVersion': ''}
[2026, 9, 28, 9, 14, 16] ;;; curseforge; {'id': 16130, 'gameVersionTypeID': 615, 'name': '26.1.2', 'slug': '26-1-2', 'apiVersion': ''}
[2026, 9, 28, 9, 14, 20] ;;; curseforge; {'id': 7499, 'gameVersionTypeID': 68441, 'name': 'Fabric', 'slug': 'fabric', 'apiVersion': ''}
[2026, 9, 28, 9, 14, 20] ;;; curseforge; {'id': 9638, 'gameVersionTypeID': 75208, 'name': 'Client', 'slug': 'client', 'apiVersion': ''}
[2026, 9, 28, 9, 14, 20] ;;; curseforge; {'id': 9639, 'gameVersionTypeID': 75208, 'name': 'Server', 'slug': 'server', 'apiVersion': ''}
[2026, 9, 28, 9, 14, 20] ;;; curseforge; {'id': 16498, 'gameVersionTypeID': 86297, 'name': '26.2', 'slug': '26-2', 'apiVersion': None}
[2026, 9, 28, 9, 14, 20] ;;; curseforge; {'id': 16500, 'gameVersionTypeID': 1, 'name': '26.2', 'slug': '26-2', 'apiVersion': ''}
[2026, 9, 28, 9, 14, 20] ;;; curseforge; {'file': ('gstools-fabric-26.2_1.61.0.jar', <_io.BufferedReader name='.\\releases\\1.61.0\\gstools-fabric-26.2_1.61.0.jar'>, 'application/jar'), 'metadata': (None, '{"changelog": "", "displayName": "gstools fabric 26.2 1.61.0", "gameVersions": [7499, 9638, 9639, 16498], "gameVersionNames": ["Fabric", "Client", "Server", "26.2"], "releaseType": "release", "relations": {"projects": [{"slug": "gstools", "projectID": 1404020, "type": "requiredDependency"}]}}', 'application/json')}
[2026, 9, 28, 9, 14, 23] ;;; curseforge; Mod file uploaded successfully! Response: {'id': 8999284}
[2026, 9, 28, 9, 14, 24] ;;; curseforge; {'id': 7499, 'gameVersionTypeID': 68441, 'name': 'Fabric', 'slug': 'fabric', 'apiVersion': ''}
[2026, 9, 28, 9, 14, 24] ;;; curseforge; {'id': 9638, 'gameVersionTypeID': 75208, 'name': 'Client', 'slug': 'client', 'apiVersion': ''}
[2026, 9, 28, 9, 14, 24] ;;; curseforge; {'id': 9639, 'gameVersionTypeID': 75208, 'name': 'Server', 'slug': 'server', 'apiVersion': ''}
[2026, 9, 28, 9, 14, 24] ;;; curseforge; {'id': 16498, 'gameVersionTypeID': 86297, 'name': '26.2', 'slug': '26-2', 'apiVersion': None}
[2026, 9, 28, 9, 14, 24] ;;; curseforge; {'id': 16500, 'gameVersionTypeID': 1, 'name': '26.2', 'slug': '26-2', 'apiVersion': ''}
[2026, 9, 28, 9, 14, 28] ;;; curseforge; {'id': 7498, 'gameVersionTypeID': 68441, 'name': 'Forge', 'slug': 'forge', 'apiVersion': ''}
[2026, 9, 28, 9, 14, 28] ;;; curseforge; {'id': 9638, 'gameVersionTypeID': 75208, 'name': 'Client', 'slug': 'client', 'apiVersion': ''}
[2026, 9, 28, 9, 14, 28] ;;; curseforge; {'id': 9639, 'gameVersionTypeID': 75208, 'name': 'Server', 'slug': 'server', 'apiVersion': ''}
[2026, 9, 28, 9, 14, 28] ;;; curseforge; {'id': 9776, 'gameVersionTypeID': 73407, 'name': '1.19.4', 'slug': '1-19-4', 'apiVersion': ''}
[2026, 9, 28, 9, 14, 28] ;;; curseforge; {'id': 9792, 'gameVersionTypeID': 615, 'name': '1.19.4', 'slug': '1-19-4', 'apiVersion': ''}
[2026, 9, 28, 9, 14, 28] ;;; curseforge; {'id': 9973, 'gameVersionTypeID': 1, 'name': '1.19.4', 'slug': '1-19-4', 'apiVersion': ''}
[2026, 9, 28, 9, 14, 28] ;;; curseforge; {'file': ('gstools-forge-1.19.4_1.61.0.jar', <_io.BufferedReader name='.\\releases\\1.61.0\\gstools-forge-1.19.4_1.61.0.jar'>, 'application/jar'), 'metadata': (None, '{"changelog": "", "displayName": "gstools forge 1.19.4 1.61.0", "gameVersions": [7498, 9638, 9639, 9776], "gameVersionNames": ["Forge", "Client", "Server", "1.19.4"], "releaseType": "release", "relations": {"projects": [{"slug": "gstools", "projectID": 1404020, "type": "requiredDependency"}]}}', 'application/json')}
[2026, 9, 28, 9, 14, 38] ;;; curseforge; Mod file uploaded successfully! Response: {'id': 8999285}
[2026, 9, 28, 9, 14, 38] ;;; curseforge; {'id': 7498, 'gameVersionTypeID': 68441, 'name': 'Forge', 'slug': 'forge', 'apiVersion': ''}
[2026, 9, 28, 9, 14, 38] ;;; curseforge; {'id': 9638, 'gameVersionTypeID': 75208, 'name': 'Client', 'slug': 'client', 'apiVersion': ''}
[2026, 9, 28, 9, 14, 38] ;;; curseforge; {'id': 9639, 'gameVersionTypeID': 75208, 'name': 'Server', 'slug': 'server', 'apiVersion': ''}
[2026, 9, 28, 9, 14, 38] ;;; curseforge; {'id': 9776, 'gameVersionTypeID': 73407, 'name': '1.19.4', 'slug': '1-19-4', 'apiVersion': ''}
[2026, 9, 28, 9, 14, 38] ;;; curseforge; {'id': 9792, 'gameVersionTypeID': 615, 'name': '1.19.4', 'slug': '1-19-4', 'apiVersion': ''}
[2026, 9, 28, 9, 14, 38] ;;; curseforge; {'id': 9973, 'gameVersionTypeID': 1, 'name': '1.19.4', 'slug': '1-19-4', 'apiVersion': ''}
[2026, 9, 28, 9, 14, 48] ;;; curseforge; {'id': 9638, 'gameVersionTypeID': 75208, 'name': 'Client', 'slug': 'client', 'apiVersion': ''}
[2026, 9, 28, 9, 14, 48] ;;; curseforge; {'id': 9639, 'gameVersionTypeID': 75208, 'name': 'Server', 'slug': 'server', 'apiVersion': ''}
[2026, 9, 28, 9, 14, 48] ;;; curseforge; {'id': 10150, 'gameVersionTypeID': 68441, 'name': 'NeoForge', 'slug': 'neoforge', 'apiVersion': ''}
[2026, 9, 28, 9, 14, 48] ;;; curseforge; {'id': 10407, 'gameVersionTypeID': 75125, 'name': '1.20.4', 'slug': '1-20-4', 'apiVersion': None}
[2026, 9, 28, 9, 14, 48] ;;; curseforge; {'id': 10742, 'gameVersionTypeID': 1, 'name': '1.20.4', 'slug': '1-20-4', 'apiVersion': ''}
[2026, 9, 28, 9, 14, 48] ;;; curseforge; {'id': 10866, 'gameVersionTypeID': 615, 'name': '1.20.4', 'slug': '1-20-4', 'apiVersion': ''}
[2026, 9, 28, 9, 14, 48] ;;; curseforge; {'file': ('gstools-neoforge-1.20.4_1.61.0.jar', <_io.BufferedReader name='.\\releases\\1.61.0\\gstools-neoforge-1.20.4_1.61.0.jar'>, 'application/jar'), 'metadata': (None, '{"changelog": "", "displayName": "gstools neoforge 1.20.4 1.61.0", "gameVersions": [9638, 9639, 10150, 10407], "gameVersionNames": ["Client", "Server", "NeoForge", "1.20.4"], "releaseType": "release", "relations": {"projects": [{"slug": "gstools", "projectID": 1404020, "type": "requiredDependency"}]}}', 'application/json')}
[2026, 9, 28, 9, 14, 51] ;;; curseforge; Mod file uploaded successfully! Response: {'id': 8999286}
[2026, 9, 28, 9, 14, 51] ;;; curseforge; {'id': 9638, 'gameVersionTypeID': 75208, 'name': 'Client', 'slug': 'client', 'apiVersion': ''}
[2026, 9, 28, 9, 14, 51] ;;; curseforge; {'id': 9639, 'gameVersionTypeID': 75208, 'name': 'Server', 'slug': 'server', 'apiVersion': ''}
[2026, 9, 28, 9, 14, 51] ;;; curseforge; {'id': 10150, 'gameVersionTypeID': 68441, 'name': 'NeoForge', 'slug': 'neoforge', 'apiVersion': ''}
[2026, 9, 28, 9, 14, 51] ;;; curseforge; {'id': 10407, 'gameVersionTypeID': 75125, 'name': '1.20.4', 'slug': '1-20-4', 'apiVersion': None}
[2026, 9, 28, 9, 14, 51] ;;; curseforge; {'id': 10742, 'gameVersionTypeID': 1, 'name': '1.20.4', 'slug': '1-20-4', 'apiVersion': ''}
[2026, 9, 28, 9, 14, 51] ;;; curseforge; {'id': 10866, 'gameVersionTypeID': 615, 'name': '1.20.4', 'slug': '1-20-4', 'apiVersion': ''}
[2026, 9, 28, 9, 14, 55] ;;; curseforge; {'id': 9638, 'gameVersionTypeID': 75208, 'name': 'Client', 'slug': 'client', 'apiVersion': ''}
[2026, 9, 28, 9, 14, 55] ;;; curseforge; {'id': 9639, 'gameVersionTypeID': 75208, 'name': 'Server', 'slug': 'server', 'apiVersion': ''}
[2026, 9, 28, 9, 14, 55] ;;; curseforge; {'id': 10150, 'gameVersionTypeID': 68441, 'name': 'NeoForge', 'slug': 'neoforge', 'apiVersion': ''}
[2026, 9, 28, 9, 14, 55] ;;; curseforge; {'id': 11198, 'gameVersionTypeID': 75125, 'name': '1.20.6', 'slug': '1-20-6', 'apiVersion': None}
[2026, 9, 28, 9, 14, 55] ;;; curseforge; {'id': 11307, 'gameVersionTypeID': 1, 'name': '1.20.6', 'slug': '1-20-6', 'apiVersion': ''}
[2026, 9, 28, 9, 14, 55] ;;; curseforge; {'id': 11309, 'gameVersionTypeID': 615, 'name': '1.20.6', 'slug': '1-20-6', 'apiVersion': ''}
[2026, 9, 28, 9, 14, 55] ;;; curseforge; {'id': 9638, 'gameVersionTypeID': 75208, 'name': 'Client', 'slug': 'client', 'apiVersion': ''}
[2026, 9, 28, 9, 14, 55] ;;; curseforge; {'id': 9639, 'gameVersionTypeID': 75208, 'name': 'Server', 'slug': 'server', 'apiVersion': ''}
[2026, 9, 28, 9, 14, 55] ;;; curseforge; {'id': 10150, 'gameVersionTypeID': 68441, 'name': 'NeoForge', 'slug': 'neoforge', 'apiVersion': ''}
[2026, 9, 28, 9, 14, 55] ;;; curseforge; {'id': 11457, 'gameVersionTypeID': 77784, 'name': '1.21', 'slug': '1-21', 'apiVersion': ''}
[2026, 9, 28, 9, 14, 55] ;;; curseforge; {'id': 11458, 'gameVersionTypeID': 615, 'name': '1.21', 'slug': '1-21', 'apiVersion': ''}
[2026, 9, 28, 9, 14, 55] ;;; curseforge; {'id': 11515, 'gameVersionTypeID': 1, 'name': '1.21', 'slug': '1-21', 'apiVersion': ''}
[2026, 9, 28, 9, 14, 55] ;;; curseforge; {'file': ('gstools-neoforge-1.20.6_1.61.0.jar', <_io.BufferedReader name='.\\releases\\1.61.0\\gstools-neoforge-1.20.6_1.61.0.jar'>, 'application/jar'), 'metadata': (None, '{"changelog": "", "displayName": "gstools neoforge 1.20.6 1.61.0", "gameVersions": [9638, 9639, 10150, 11198, 11457], "gameVersionNames": ["Client", "Server", "NeoForge", "1.20.6", "1.21"], "releaseType": "release", "relations": {"projects": [{"slug": "gstools", "projectID": 1404020, "type": "requiredDependency"}]}}', 'application/json')}
[2026, 9, 28, 9, 14, 59] ;;; curseforge; Mod file uploaded successfully! Response: {'id': 8999288}
[2026, 9, 28, 9, 14, 59] ;;; curseforge; {'id': 9638, 'gameVersionTypeID': 75208, 'name': 'Client', 'slug': 'client', 'apiVersion': ''}
[2026, 9, 28, 9, 14, 59] ;;; curseforge; {'id': 9639, 'gameVersionTypeID': 75208, 'name': 'Server', 'slug': 'server', 'apiVersion': ''}
[2026, 9, 28, 9, 14, 59] ;;; curseforge; {'id': 10150, 'gameVersionTypeID': 68441, 'name': 'NeoForge', 'slug': 'neoforge', 'apiVersion': ''}
[2026, 9, 28, 9, 14, 59] ;;; curseforge; {'id': 11198, 'gameVersionTypeID': 75125, 'name': '1.20.6', 'slug': '1-20-6', 'apiVersion': None}
[2026, 9, 28, 9, 14, 59] ;;; curseforge; {'id': 11307, 'gameVersionTypeID': 1, 'name': '1.20.6', 'slug': '1-20-6', 'apiVersion': ''}
[2026, 9, 28, 9, 14, 59] ;;; curseforge; {'id': 11309, 'gameVersionTypeID': 615, 'name': '1.20.6', 'slug': '1-20-6', 'apiVersion': ''}
[2026, 9, 28, 9, 14, 59] ;;; curseforge; {'id': 9638, 'gameVersionTypeID': 75208, 'name': 'Client', 'slug': 'client', 'apiVersion': ''}
[2026, 9, 28, 9, 14, 59] ;;; curseforge; {'id': 9639, 'gameVersionTypeID': 75208, 'name': 'Server', 'slug': 'server', 'apiVersion': ''}
[2026, 9, 28, 9, 14, 59] ;;; curseforge; {'id': 10150, 'gameVersionTypeID': 68441, 'name': 'NeoForge', 'slug': 'neoforge', 'apiVersion': ''}
[2026, 9, 28, 9, 14, 59] ;;; curseforge; {'id': 11457, 'gameVersionTypeID': 77784, 'name': '1.21', 'slug': '1-21', 'apiVersion': ''}
[2026, 9, 28, 9, 14, 59] ;;; curseforge; {'id': 11458, 'gameVersionTypeID': 615, 'name': '1.21', 'slug': '1-21', 'apiVersion': ''}
[2026, 9, 28, 9, 14, 59] ;;; curseforge; {'id': 11515, 'gameVersionTypeID': 1, 'name': '1.21', 'slug': '1-21', 'apiVersion': ''}
[2026, 9, 28, 9, 15, 5] ;;; curseforge; {'id': 9638, 'gameVersionTypeID': 75208, 'name': 'Client', 'slug': 'client', 'apiVersion': ''}
[2026, 9, 28, 9, 15, 5] ;;; curseforge; {'id': 9639, 'gameVersionTypeID': 75208, 'name': 'Server', 'slug': 'server', 'apiVersion': ''}
[2026, 9, 28, 9, 15, 5] ;;; curseforge; {'id': 10150, 'gameVersionTypeID': 68441, 'name': 'NeoForge', 'slug': 'neoforge', 'apiVersion': ''}
[2026, 9, 28, 9, 15, 5] ;;; curseforge; {'id': 11779, 'gameVersionTypeID': 77784, 'name': '1.21.1', 'slug': '1-21-1', 'apiVersion': None}
[2026, 9, 28, 9, 15, 5] ;;; curseforge; {'id': 12735, 'gameVersionTypeID': 1, 'name': '1.21.1', 'slug': '1-21-1', 'apiVersion': ''}
[2026, 9, 28, 9, 15, 5] ;;; curseforge; {'id': 16115, 'gameVersionTypeID': 615, 'name': '1.21.1', 'slug': '1-21-1', 'apiVersion': ''}
[2026, 9, 28, 9, 15, 5] ;;; curseforge; {'file': ('gstools-neoforge-1.21.1_1.61.0.jar', <_io.BufferedReader name='.\\releases\\1.61.0\\gstools-neoforge-1.21.1_1.61.0.jar'>, 'application/jar'), 'metadata': (None, '{"changelog": "", "displayName": "gstools neoforge 1.21.1 1.61.0", "gameVersions": [9638, 9639, 10150, 11779], "gameVersionNames": ["Client", "Server", "NeoForge", "1.21.1"], "releaseType": "release", "relations": {"projects": [{"slug": "gstools", "projectID": 1404020, "type": "requiredDependency"}, {"slug": "gstools-weather2-compat", "projectID": 1710321, "type": "requiredDependency"}]}}', 'application/json')}
[2026, 9, 28, 9, 15, 8] ;;; curseforge; Mod file uploaded successfully! Response: {'id': 8999293}
[2026, 9, 28, 9, 15, 9] ;;; curseforge; {'id': 9638, 'gameVersionTypeID': 75208, 'name': 'Client', 'slug': 'client', 'apiVersion': ''}
[2026, 9, 28, 9, 15, 9] ;;; curseforge; {'id': 9639, 'gameVersionTypeID': 75208, 'name': 'Server', 'slug': 'server', 'apiVersion': ''}
[2026, 9, 28, 9, 15, 9] ;;; curseforge; {'id': 10150, 'gameVersionTypeID': 68441, 'name': 'NeoForge', 'slug': 'neoforge', 'apiVersion': ''}
[2026, 9, 28, 9, 15, 9] ;;; curseforge; {'id': 11779, 'gameVersionTypeID': 77784, 'name': '1.21.1', 'slug': '1-21-1', 'apiVersion': None}
[2026, 9, 28, 9, 15, 9] ;;; curseforge; {'id': 12735, 'gameVersionTypeID': 1, 'name': '1.21.1', 'slug': '1-21-1', 'apiVersion': ''}
[2026, 9, 28, 9, 15, 9] ;;; curseforge; {'id': 16115, 'gameVersionTypeID': 615, 'name': '1.21.1', 'slug': '1-21-1', 'apiVersion': ''}
[2026, 9, 28, 9, 15, 14] ;;; curseforge; {'id': 9638, 'gameVersionTypeID': 75208, 'name': 'Client', 'slug': 'client', 'apiVersion': ''}
[2026, 9, 28, 9, 15, 14] ;;; curseforge; {'id': 9639, 'gameVersionTypeID': 75208, 'name': 'Server', 'slug': 'server', 'apiVersion': ''}
[2026, 9, 28, 9, 15, 14] ;;; curseforge; {'id': 10150, 'gameVersionTypeID': 68441, 'name': 'NeoForge', 'slug': 'neoforge', 'apiVersion': ''}
[2026, 9, 28, 9, 15, 14] ;;; curseforge; {'id': 12079, 'gameVersionTypeID': 77784, 'name': '1.21.2', 'slug': '1-21-2', 'apiVersion': ''}
[2026, 9, 28, 9, 15, 14] ;;; curseforge; {'id': 12736, 'gameVersionTypeID': 1, 'name': '1.21.2', 'slug': '1-21-2', 'apiVersion': ''}
[2026, 9, 28, 9, 15, 14] ;;; curseforge; {'id': 16116, 'gameVersionTypeID': 615, 'name': '1.21.2', 'slug': '1-21-2', 'apiVersion': ''}
[2026, 9, 28, 9, 15, 14] ;;; curseforge; {'id': 9638, 'gameVersionTypeID': 75208, 'name': 'Client', 'slug': 'client', 'apiVersion': ''}
[2026, 9, 28, 9, 15, 14] ;;; curseforge; {'id': 9639, 'gameVersionTypeID': 75208, 'name': 'Server', 'slug': 'server', 'apiVersion': ''}
[2026, 9, 28, 9, 15, 14] ;;; curseforge; {'id': 10150, 'gameVersionTypeID': 68441, 'name': 'NeoForge', 'slug': 'neoforge', 'apiVersion': ''}
[2026, 9, 28, 9, 15, 14] ;;; curseforge; {'id': 12084, 'gameVersionTypeID': 77784, 'name': '1.21.3', 'slug': '1-21-3', 'apiVersion': None}
[2026, 9, 28, 9, 15, 14] ;;; curseforge; {'id': 12737, 'gameVersionTypeID': 1, 'name': '1.21.3', 'slug': '1-21-3', 'apiVersion': ''}
[2026, 9, 28, 9, 15, 14] ;;; curseforge; {'id': 16117, 'gameVersionTypeID': 615, 'name': '1.21.3', 'slug': '1-21-3', 'apiVersion': ''}
[2026, 9, 28, 9, 15, 14] ;;; curseforge; {'file': ('gstools-neoforge-1.21.2_1.61.0.jar', <_io.BufferedReader name='.\\releases\\1.61.0\\gstools-neoforge-1.21.2_1.61.0.jar'>, 'application/jar'), 'metadata': (None, '{"changelog": "", "displayName": "gstools neoforge 1.21.2 1.61.0", "gameVersions": [9638, 9639, 10150, 12079, 12084], "gameVersionNames": ["Client", "Server", "NeoForge", "1.21.2", "1.21.3"], "releaseType": "release", "relations": {"projects": [{"slug": "gstools", "projectID": 1404020, "type": "requiredDependency"}]}}', 'application/json')}
[2026, 9, 28, 9, 15, 16] ;;; curseforge; Mod file uploaded successfully! Response: {'id': 8999294}
[2026, 9, 28, 9, 15, 17] ;;; curseforge; {'id': 9638, 'gameVersionTypeID': 75208, 'name': 'Client', 'slug': 'client', 'apiVersion': ''}
[2026, 9, 28, 9, 15, 17] ;;; curseforge; {'id': 9639, 'gameVersionTypeID': 75208, 'name': 'Server', 'slug': 'server', 'apiVersion': ''}
[2026, 9, 28, 9, 15, 17] ;;; curseforge; {'id': 10150, 'gameVersionTypeID': 68441, 'name': 'NeoForge', 'slug': 'neoforge', 'apiVersion': ''}
[2026, 9, 28, 9, 15, 17] ;;; curseforge; {'id': 12079, 'gameVersionTypeID': 77784, 'name': '1.21.2', 'slug': '1-21-2', 'apiVersion': ''}
[2026, 9, 28, 9, 15, 17] ;;; curseforge; {'id': 12736, 'gameVersionTypeID': 1, 'name': '1.21.2', 'slug': '1-21-2', 'apiVersion': ''}
[2026, 9, 28, 9, 15, 17] ;;; curseforge; {'id': 16116, 'gameVersionTypeID': 615, 'name': '1.21.2', 'slug': '1-21-2', 'apiVersion': ''}
[2026, 9, 28, 9, 15, 17] ;;; curseforge; {'id': 9638, 'gameVersionTypeID': 75208, 'name': 'Client', 'slug': 'client', 'apiVersion': ''}
[2026, 9, 28, 9, 15, 17] ;;; curseforge; {'id': 9639, 'gameVersionTypeID': 75208, 'name': 'Server', 'slug': 'server', 'apiVersion': ''}
[2026, 9, 28, 9, 15, 17] ;;; curseforge; {'id': 10150, 'gameVersionTypeID': 68441, 'name': 'NeoForge', 'slug': 'neoforge', 'apiVersion': ''}
[2026, 9, 28, 9, 15, 17] ;;; curseforge; {'id': 12084, 'gameVersionTypeID': 77784, 'name': '1.21.3', 'slug': '1-21-3', 'apiVersion': None}
[2026, 9, 28, 9, 15, 17] ;;; curseforge; {'id': 12737, 'gameVersionTypeID': 1, 'name': '1.21.3', 'slug': '1-21-3', 'apiVersion': ''}
[2026, 9, 28, 9, 15, 17] ;;; curseforge; {'id': 16117, 'gameVersionTypeID': 615, 'name': '1.21.3', 'slug': '1-21-3', 'apiVersion': ''}
[2026, 9, 28, 9, 15, 23] ;;; curseforge; {'id': 9638, 'gameVersionTypeID': 75208, 'name': 'Client', 'slug': 'client', 'apiVersion': ''}
[2026, 9, 28, 9, 15, 23] ;;; curseforge; {'id': 9639, 'gameVersionTypeID': 75208, 'name': 'Server', 'slug': 'server', 'apiVersion': ''}
[2026, 9, 28, 9, 15, 23] ;;; curseforge; {'id': 10150, 'gameVersionTypeID': 68441, 'name': 'NeoForge', 'slug': 'neoforge', 'apiVersion': ''}
[2026, 9, 28, 9, 15, 23] ;;; curseforge; {'id': 12281, 'gameVersionTypeID': 77784, 'name': '1.21.4', 'slug': '1-21-4', 'apiVersion': None}
[2026, 9, 28, 9, 15, 23] ;;; curseforge; {'id': 12738, 'gameVersionTypeID': 1, 'name': '1.21.4', 'slug': '1-21-4', 'apiVersion': ''}
[2026, 9, 28, 9, 15, 23] ;;; curseforge; {'id': 16118, 'gameVersionTypeID': 615, 'name': '1.21.4', 'slug': '1-21-4', 'apiVersion': ''}
[2026, 9, 28, 9, 15, 23] ;;; curseforge; {'file': ('gstools-neoforge-1.21.4_1.61.0.jar', <_io.BufferedReader name='.\\releases\\1.61.0\\gstools-neoforge-1.21.4_1.61.0.jar'>, 'application/jar'), 'metadata': (None, '{"changelog": "", "displayName": "gstools neoforge 1.21.4 1.61.0", "gameVersions": [9638, 9639, 10150, 12281], "gameVersionNames": ["Client", "Server", "NeoForge", "1.21.4"], "releaseType": "release", "relations": {"projects": [{"slug": "gstools", "projectID": 1404020, "type": "requiredDependency"}]}}', 'application/json')}
[2026, 9, 28, 9, 15, 25] ;;; curseforge; Mod file uploaded successfully! Response: {'id': 8999296}
[2026, 9, 28, 9, 15, 26] ;;; curseforge; {'id': 9638, 'gameVersionTypeID': 75208, 'name': 'Client', 'slug': 'client', 'apiVersion': ''}
[2026, 9, 28, 9, 15, 26] ;;; curseforge; {'id': 9639, 'gameVersionTypeID': 75208, 'name': 'Server', 'slug': 'server', 'apiVersion': ''}
[2026, 9, 28, 9, 15, 26] ;;; curseforge; {'id': 10150, 'gameVersionTypeID': 68441, 'name': 'NeoForge', 'slug': 'neoforge', 'apiVersion': ''}
[2026, 9, 28, 9, 15, 26] ;;; curseforge; {'id': 12281, 'gameVersionTypeID': 77784, 'name': '1.21.4', 'slug': '1-21-4', 'apiVersion': None}
[2026, 9, 28, 9, 15, 26] ;;; curseforge; {'id': 12738, 'gameVersionTypeID': 1, 'name': '1.21.4', 'slug': '1-21-4', 'apiVersion': ''}
[2026, 9, 28, 9, 15, 26] ;;; curseforge; {'id': 16118, 'gameVersionTypeID': 615, 'name': '1.21.4', 'slug': '1-21-4', 'apiVersion': ''}
[2026, 9, 28, 9, 15, 35] ;;; curseforge; {'id': 9638, 'gameVersionTypeID': 75208, 'name': 'Client', 'slug': 'client', 'apiVersion': ''}
[2026, 9, 28, 9, 15, 35] ;;; curseforge; {'id': 9639, 'gameVersionTypeID': 75208, 'name': 'Server', 'slug': 'server', 'apiVersion': ''}
[2026, 9, 28, 9, 15, 35] ;;; curseforge; {'id': 10150, 'gameVersionTypeID': 68441, 'name': 'NeoForge', 'slug': 'neoforge', 'apiVersion': ''}
[2026, 9, 28, 9, 15, 35] ;;; curseforge; {'id': 12934, 'gameVersionTypeID': 77784, 'name': '1.21.5', 'slug': '1-21-5', 'apiVersion': None}
[2026, 9, 28, 9, 15, 35] ;;; curseforge; {'id': 12988, 'gameVersionTypeID': 1, 'name': '1.21.5', 'slug': '1-21-5', 'apiVersion': ''}
[2026, 9, 28, 9, 15, 35] ;;; curseforge; {'id': 16119, 'gameVersionTypeID': 615, 'name': '1.21.5', 'slug': '1-21-5', 'apiVersion': ''}
[2026, 9, 28, 9, 15, 35] ;;; curseforge; {'id': 9638, 'gameVersionTypeID': 75208, 'name': 'Client', 'slug': 'client', 'apiVersion': ''}
[2026, 9, 28, 9, 15, 35] ;;; curseforge; {'id': 9639, 'gameVersionTypeID': 75208, 'name': 'Server', 'slug': 'server', 'apiVersion': ''}
[2026, 9, 28, 9, 15, 35] ;;; curseforge; {'id': 10150, 'gameVersionTypeID': 68441, 'name': 'NeoForge', 'slug': 'neoforge', 'apiVersion': ''}
[2026, 9, 28, 9, 15, 35] ;;; curseforge; {'id': 13506, 'gameVersionTypeID': 77784, 'name': '1.21.7', 'slug': '1-21-7', 'apiVersion': None}
[2026, 9, 28, 9, 15, 35] ;;; curseforge; {'id': 13574, 'gameVersionTypeID': 1, 'name': '1.21.7', 'slug': '1-21-7', 'apiVersion': ''}
[2026, 9, 28, 9, 15, 35] ;;; curseforge; {'id': 16121, 'gameVersionTypeID': 615, 'name': '1.21.7', 'slug': '1-21-7', 'apiVersion': ''}
[2026, 9, 28, 9, 15, 35] ;;; curseforge; {'file': ('gstools-neoforge-1.21.5_1.61.0.jar', <_io.BufferedReader name='.\\releases\\1.61.0\\gstools-neoforge-1.21.5_1.61.0.jar'>, 'application/jar'), 'metadata': (None, '{"changelog": "", "displayName": "gstools neoforge 1.21.5 1.61.0", "gameVersions": [9638, 9639, 10150, 12934, 13506], "gameVersionNames": ["Client", "Server", "NeoForge", "1.21.5", "1.21.7"], "releaseType": "release", "relations": {"projects": [{"slug": "gstools", "projectID": 1404020, "type": "requiredDependency"}]}}', 'application/json')}
[2026, 9, 28, 9, 15, 37] ;;; curseforge; Mod file uploaded successfully! Response: {'id': 8999300}
[2026, 9, 28, 9, 15, 38] ;;; curseforge; {'id': 9638, 'gameVersionTypeID': 75208, 'name': 'Client', 'slug': 'client', 'apiVersion': ''}
[2026, 9, 28, 9, 15, 38] ;;; curseforge; {'id': 9639, 'gameVersionTypeID': 75208, 'name': 'Server', 'slug': 'server', 'apiVersion': ''}
[2026, 9, 28, 9, 15, 38] ;;; curseforge; {'id': 10150, 'gameVersionTypeID': 68441, 'name': 'NeoForge', 'slug': 'neoforge', 'apiVersion': ''}
[2026, 9, 28, 9, 15, 38] ;;; curseforge; {'id': 12934, 'gameVersionTypeID': 77784, 'name': '1.21.5', 'slug': '1-21-5', 'apiVersion': None}
[2026, 9, 28, 9, 15, 38] ;;; curseforge; {'id': 12988, 'gameVersionTypeID': 1, 'name': '1.21.5', 'slug': '1-21-5', 'apiVersion': ''}
[2026, 9, 28, 9, 15, 38] ;;; curseforge; {'id': 16119, 'gameVersionTypeID': 615, 'name': '1.21.5', 'slug': '1-21-5', 'apiVersion': ''}
[2026, 9, 28, 9, 15, 38] ;;; curseforge; {'id': 9638, 'gameVersionTypeID': 75208, 'name': 'Client', 'slug': 'client', 'apiVersion': ''}
[2026, 9, 28, 9, 15, 38] ;;; curseforge; {'id': 9639, 'gameVersionTypeID': 75208, 'name': 'Server', 'slug': 'server', 'apiVersion': ''}
[2026, 9, 28, 9, 15, 38] ;;; curseforge; {'id': 10150, 'gameVersionTypeID': 68441, 'name': 'NeoForge', 'slug': 'neoforge', 'apiVersion': ''}
[2026, 9, 28, 9, 15, 38] ;;; curseforge; {'id': 13506, 'gameVersionTypeID': 77784, 'name': '1.21.7', 'slug': '1-21-7', 'apiVersion': None}
[2026, 9, 28, 9, 15, 38] ;;; curseforge; {'id': 13574, 'gameVersionTypeID': 1, 'name': '1.21.7', 'slug': '1-21-7', 'apiVersion': ''}
[2026, 9, 28, 9, 15, 38] ;;; curseforge; {'id': 16121, 'gameVersionTypeID': 615, 'name': '1.21.7', 'slug': '1-21-7', 'apiVersion': ''}
[2026, 9, 28, 9, 15, 42] ;;; curseforge; {'id': 9638, 'gameVersionTypeID': 75208, 'name': 'Client', 'slug': 'client', 'apiVersion': ''}
[2026, 9, 28, 9, 15, 42] ;;; curseforge; {'id': 9639, 'gameVersionTypeID': 75208, 'name': 'Server', 'slug': 'server', 'apiVersion': ''}
[2026, 9, 28, 9, 15, 42] ;;; curseforge; {'id': 10150, 'gameVersionTypeID': 68441, 'name': 'NeoForge', 'slug': 'neoforge', 'apiVersion': ''}
[2026, 9, 28, 9, 15, 42] ;;; curseforge; {'id': 13620, 'gameVersionTypeID': 77784, 'name': '1.21.8', 'slug': '1-21-8', 'apiVersion': None}
[2026, 9, 28, 9, 15, 42] ;;; curseforge; {'id': 13683, 'gameVersionTypeID': 1, 'name': '1.21.8', 'slug': '1-21-8', 'apiVersion': ''}
[2026, 9, 28, 9, 15, 42] ;;; curseforge; {'id': 16124, 'gameVersionTypeID': 615, 'name': '1.21.8', 'slug': '1-21-8', 'apiVersion': ''}
[2026, 9, 28, 9, 15, 42] ;;; curseforge; {'id': 9638, 'gameVersionTypeID': 75208, 'name': 'Client', 'slug': 'client', 'apiVersion': ''}
[2026, 9, 28, 9, 15, 42] ;;; curseforge; {'id': 9639, 'gameVersionTypeID': 75208, 'name': 'Server', 'slug': 'server', 'apiVersion': ''}
[2026, 9, 28, 9, 15, 42] ;;; curseforge; {'id': 10150, 'gameVersionTypeID': 68441, 'name': 'NeoForge', 'slug': 'neoforge', 'apiVersion': ''}
[2026, 9, 28, 9, 15, 42] ;;; curseforge; {'id': 13927, 'gameVersionTypeID': 77784, 'name': '1.21.9', 'slug': '1-21-9', 'apiVersion': None}
[2026, 9, 28, 9, 15, 42] ;;; curseforge; {'id': 13933, 'gameVersionTypeID': 1, 'name': '1.21.9', 'slug': '1-21-9', 'apiVersion': ''}
[2026, 9, 28, 9, 15, 42] ;;; curseforge; {'id': 16125, 'gameVersionTypeID': 615, 'name': '1.21.9', 'slug': '1-21-9', 'apiVersion': ''}
[2026, 9, 28, 9, 15, 42] ;;; curseforge; {'id': 9638, 'gameVersionTypeID': 75208, 'name': 'Client', 'slug': 'client', 'apiVersion': ''}
[2026, 9, 28, 9, 15, 42] ;;; curseforge; {'id': 9639, 'gameVersionTypeID': 75208, 'name': 'Server', 'slug': 'server', 'apiVersion': ''}
[2026, 9, 28, 9, 15, 42] ;;; curseforge; {'id': 10150, 'gameVersionTypeID': 68441, 'name': 'NeoForge', 'slug': 'neoforge', 'apiVersion': ''}
[2026, 9, 28, 9, 15, 42] ;;; curseforge; {'id': 13964, 'gameVersionTypeID': 77784, 'name': '1.21.10', 'slug': '1-21-10', 'apiVersion': None}
[2026, 9, 28, 9, 15, 42] ;;; curseforge; {'id': 13966, 'gameVersionTypeID': 1, 'name': '1.21.10', 'slug': '1-21-10', 'apiVersion': ''}
[2026, 9, 28, 9, 15, 42] ;;; curseforge; {'id': 16126, 'gameVersionTypeID': 615, 'name': '1.21.10', 'slug': '1-21-10', 'apiVersion': ''}
[2026, 9, 28, 9, 15, 42] ;;; curseforge; {'id': 9638, 'gameVersionTypeID': 75208, 'name': 'Client', 'slug': 'client', 'apiVersion': ''}
[2026, 9, 28, 9, 15, 42] ;;; curseforge; {'id': 9639, 'gameVersionTypeID': 75208, 'name': 'Server', 'slug': 'server', 'apiVersion': ''}
[2026, 9, 28, 9, 15, 42] ;;; curseforge; {'id': 10150, 'gameVersionTypeID': 68441, 'name': 'NeoForge', 'slug': 'neoforge', 'apiVersion': ''}
[2026, 9, 28, 9, 15, 42] ;;; curseforge; {'id': 14406, 'gameVersionTypeID': 77784, 'name': '1.21.11', 'slug': '1-21-11', 'apiVersion': None}
[2026, 9, 28, 9, 15, 42] ;;; curseforge; {'id': 14417, 'gameVersionTypeID': 1, 'name': '1.21.11', 'slug': '1-21-11', 'apiVersion': ''}
[2026, 9, 28, 9, 15, 42] ;;; curseforge; {'id': 16127, 'gameVersionTypeID': 615, 'name': '1.21.11', 'slug': '1-21-11', 'apiVersion': ''}
[2026, 9, 28, 9, 15, 42] ;;; curseforge; {'file': ('gstools-neoforge-1.21.8_1.61.0.jar', <_io.BufferedReader name='.\\releases\\1.61.0\\gstools-neoforge-1.21.8_1.61.0.jar'>, 'application/jar'), 'metadata': (None, '{"changelog": "", "displayName": "gstools neoforge 1.21.8 1.61.0", "gameVersions": [9638, 9639, 10150, 13620, 13927, 13964, 14406], "gameVersionNames": ["Client", "Server", "NeoForge", "1.21.8", "1.21.9", "1.21.10", "1.21.11"], "releaseType": "release", "relations": {"projects": [{"slug": "gstools", "projectID": 1404020, "type": "requiredDependency"}]}}', 'application/json')}
[2026, 9, 28, 9, 15, 47] ;;; curseforge; Mod file uploaded successfully! Response: {'id': 8999303}
[2026, 9, 28, 9, 15, 47] ;;; curseforge; {'id': 9638, 'gameVersionTypeID': 75208, 'name': 'Client', 'slug': 'client', 'apiVersion': ''}
[2026, 9, 28, 9, 15, 47] ;;; curseforge; {'id': 9639, 'gameVersionTypeID': 75208, 'name': 'Server', 'slug': 'server', 'apiVersion': ''}
[2026, 9, 28, 9, 15, 47] ;;; curseforge; {'id': 10150, 'gameVersionTypeID': 68441, 'name': 'NeoForge', 'slug': 'neoforge', 'apiVersion': ''}
[2026, 9, 28, 9, 15, 47] ;;; curseforge; {'id': 13620, 'gameVersionTypeID': 77784, 'name': '1.21.8', 'slug': '1-21-8', 'apiVersion': None}
[2026, 9, 28, 9, 15, 47] ;;; curseforge; {'id': 13683, 'gameVersionTypeID': 1, 'name': '1.21.8', 'slug': '1-21-8', 'apiVersion': ''}
[2026, 9, 28, 9, 15, 47] ;;; curseforge; {'id': 16124, 'gameVersionTypeID': 615, 'name': '1.21.8', 'slug': '1-21-8', 'apiVersion': ''}
[2026, 9, 28, 9, 15, 47] ;;; curseforge; {'id': 9638, 'gameVersionTypeID': 75208, 'name': 'Client', 'slug': 'client', 'apiVersion': ''}
[2026, 9, 28, 9, 15, 47] ;;; curseforge; {'id': 9639, 'gameVersionTypeID': 75208, 'name': 'Server', 'slug': 'server', 'apiVersion': ''}
[2026, 9, 28, 9, 15, 47] ;;; curseforge; {'id': 10150, 'gameVersionTypeID': 68441, 'name': 'NeoForge', 'slug': 'neoforge', 'apiVersion': ''}
[2026, 9, 28, 9, 15, 47] ;;; curseforge; {'id': 13927, 'gameVersionTypeID': 77784, 'name': '1.21.9', 'slug': '1-21-9', 'apiVersion': None}
[2026, 9, 28, 9, 15, 47] ;;; curseforge; {'id': 13933, 'gameVersionTypeID': 1, 'name': '1.21.9', 'slug': '1-21-9', 'apiVersion': ''}
[2026, 9, 28, 9, 15, 47] ;;; curseforge; {'id': 16125, 'gameVersionTypeID': 615, 'name': '1.21.9', 'slug': '1-21-9', 'apiVersion': ''}
[2026, 9, 28, 9, 15, 47] ;;; curseforge; {'id': 9638, 'gameVersionTypeID': 75208, 'name': 'Client', 'slug': 'client', 'apiVersion': ''}
[2026, 9, 28, 9, 15, 47] ;;; curseforge; {'id': 9639, 'gameVersionTypeID': 75208, 'name': 'Server', 'slug': 'server', 'apiVersion': ''}
[2026, 9, 28, 9, 15, 47] ;;; curseforge; {'id': 10150, 'gameVersionTypeID': 68441, 'name': 'NeoForge', 'slug': 'neoforge', 'apiVersion': ''}
[2026, 9, 28, 9, 15, 47] ;;; curseforge; {'id': 13964, 'gameVersionTypeID': 77784, 'name': '1.21.10', 'slug': '1-21-10', 'apiVersion': None}
[2026, 9, 28, 9, 15, 47] ;;; curseforge; {'id': 13966, 'gameVersionTypeID': 1, 'name': '1.21.10', 'slug': '1-21-10', 'apiVersion': ''}
[2026, 9, 28, 9, 15, 47] ;;; curseforge; {'id': 16126, 'gameVersionTypeID': 615, 'name': '1.21.10', 'slug': '1-21-10', 'apiVersion': ''}
[2026, 9, 28, 9, 15, 47] ;;; curseforge; {'id': 9638, 'gameVersionTypeID': 75208, 'name': 'Client', 'slug': 'client', 'apiVersion': ''}
[2026, 9, 28, 9, 15, 47] ;;; curseforge; {'id': 9639, 'gameVersionTypeID': 75208, 'name': 'Server', 'slug': 'server', 'apiVersion': ''}
[2026, 9, 28, 9, 15, 47] ;;; curseforge; {'id': 10150, 'gameVersionTypeID': 68441, 'name': 'NeoForge', 'slug': 'neoforge', 'apiVersion': ''}
[2026, 9, 28, 9, 15, 47] ;;; curseforge; {'id': 14406, 'gameVersionTypeID': 77784, 'name': '1.21.11', 'slug': '1-21-11', 'apiVersion': None}
[2026, 9, 28, 9, 15, 47] ;;; curseforge; {'id': 14417, 'gameVersionTypeID': 1, 'name': '1.21.11', 'slug': '1-21-11', 'apiVersion': ''}
[2026, 9, 28, 9, 15, 47] ;;; curseforge; {'id': 16127, 'gameVersionTypeID': 615, 'name': '1.21.11', 'slug': '1-21-11', 'apiVersion': ''}
[2026, 9, 28, 9, 15, 54] ;;; curseforge; {'id': 9638, 'gameVersionTypeID': 75208, 'name': 'Client', 'slug': 'client', 'apiVersion': ''}
[2026, 9, 28, 9, 15, 54] ;;; curseforge; {'id': 9639, 'gameVersionTypeID': 75208, 'name': 'Server', 'slug': 'server', 'apiVersion': ''}
[2026, 9, 28, 9, 15, 54] ;;; curseforge; {'id': 10150, 'gameVersionTypeID': 68441, 'name': 'NeoForge', 'slug': 'neoforge', 'apiVersion': ''}
[2026, 9, 28, 9, 15, 54] ;;; curseforge; {'id': 15933, 'gameVersionTypeID': 83806, 'name': '26.1', 'slug': '26-1', 'apiVersion': None}
[2026, 9, 28, 9, 15, 54] ;;; curseforge; {'id': 16083, 'gameVersionTypeID': 1, 'name': '26.1', 'slug': '26-1', 'apiVersion': ''}
[2026, 9, 28, 9, 15, 54] ;;; curseforge; {'id': 16128, 'gameVersionTypeID': 615, 'name': '26.1', 'slug': '26-1', 'apiVersion': ''}
[2026, 9, 28, 9, 15, 54] ;;; curseforge; {'id': 9638, 'gameVersionTypeID': 75208, 'name': 'Client', 'slug': 'client', 'apiVersion': ''}
[2026, 9, 28, 9, 15, 54] ;;; curseforge; {'id': 9639, 'gameVersionTypeID': 75208, 'name': 'Server', 'slug': 'server', 'apiVersion': ''}
[2026, 9, 28, 9, 15, 54] ;;; curseforge; {'id': 10150, 'gameVersionTypeID': 68441, 'name': 'NeoForge', 'slug': 'neoforge', 'apiVersion': ''}
[2026, 9, 28, 9, 15, 54] ;;; curseforge; {'id': 16021, 'gameVersionTypeID': 83806, 'name': '26.1.1', 'slug': '26-1-1', 'apiVersion': None}
[2026, 9, 28, 9, 15, 55] ;;; curseforge; {'id': 16084, 'gameVersionTypeID': 1, 'name': '26.1.1', 'slug': '26-1-1', 'apiVersion': ''}
[2026, 9, 28, 9, 15, 55] ;;; curseforge; {'id': 16129, 'gameVersionTypeID': 615, 'name': '26.1.1', 'slug': '26-1-1', 'apiVersion': ''}
[2026, 9, 28, 9, 15, 55] ;;; curseforge; {'id': 9638, 'gameVersionTypeID': 75208, 'name': 'Client', 'slug': 'client', 'apiVersion': ''}
[2026, 9, 28, 9, 15, 55] ;;; curseforge; {'id': 9639, 'gameVersionTypeID': 75208, 'name': 'Server', 'slug': 'server', 'apiVersion': ''}
[2026, 9, 28, 9, 15, 55] ;;; curseforge; {'id': 10150, 'gameVersionTypeID': 68441, 'name': 'NeoForge', 'slug': 'neoforge', 'apiVersion': ''}
[2026, 9, 28, 9, 15, 55] ;;; curseforge; {'id': 16082, 'gameVersionTypeID': 83806, 'name': '26.1.2', 'slug': '26-1-2', 'apiVersion': None}
[2026, 9, 28, 9, 15, 55] ;;; curseforge; {'id': 16085, 'gameVersionTypeID': 1, 'name': '26.1.2', 'slug': '26-1-2', 'apiVersion': ''}
[2026, 9, 28, 9, 15, 55] ;;; curseforge; {'id': 16130, 'gameVersionTypeID': 615, 'name': '26.1.2', 'slug': '26-1-2', 'apiVersion': ''}
[2026, 9, 28, 9, 15, 55] ;;; curseforge; {'file': ('gstools-neoforge-26.1_1.61.0.jar', <_io.BufferedReader name='.\\releases\\1.61.0\\gstools-neoforge-26.1_1.61.0.jar'>, 'application/jar'), 'metadata': (None, '{"changelog": "", "displayName": "gstools neoforge 26.1 1.61.0", "gameVersions": [9638, 9639, 10150, 15933, 16021, 16082], "gameVersionNames": ["Client", "Server", "NeoForge", "26.1", "26.1.1", "26.1.2"], "releaseType": "release", "relations": {"projects": [{"slug": "gstools", "projectID": 1404020, "type": "requiredDependency"}]}}', 'application/json')}
[2026, 9, 28, 9, 15, 58] ;;; curseforge; Mod file uploaded successfully! Response: {'id': 8999305}
[2026, 9, 28, 9, 15, 58] ;;; curseforge; {'id': 9638, 'gameVersionTypeID': 75208, 'name': 'Client', 'slug': 'client', 'apiVersion': ''}
[2026, 9, 28, 9, 15, 58] ;;; curseforge; {'id': 9639, 'gameVersionTypeID': 75208, 'name': 'Server', 'slug': 'server', 'apiVersion': ''}
[2026, 9, 28, 9, 15, 58] ;;; curseforge; {'id': 10150, 'gameVersionTypeID': 68441, 'name': 'NeoForge', 'slug': 'neoforge', 'apiVersion': ''}
[2026, 9, 28, 9, 15, 58] ;;; curseforge; {'id': 15933, 'gameVersionTypeID': 83806, 'name': '26.1', 'slug': '26-1', 'apiVersion': None}
[2026, 9, 28, 9, 15, 58] ;;; curseforge; {'id': 16083, 'gameVersionTypeID': 1, 'name': '26.1', 'slug': '26-1', 'apiVersion': ''}
[2026, 9, 28, 9, 15, 58] ;;; curseforge; {'id': 16128, 'gameVersionTypeID': 615, 'name': '26.1', 'slug': '26-1', 'apiVersion': ''}
[2026, 9, 28, 9, 15, 58] ;;; curseforge; {'id': 9638, 'gameVersionTypeID': 75208, 'name': 'Client', 'slug': 'client', 'apiVersion': ''}
[2026, 9, 28, 9, 15, 58] ;;; curseforge; {'id': 9639, 'gameVersionTypeID': 75208, 'name': 'Server', 'slug': 'server', 'apiVersion': ''}
[2026, 9, 28, 9, 15, 58] ;;; curseforge; {'id': 10150, 'gameVersionTypeID': 68441, 'name': 'NeoForge', 'slug': 'neoforge', 'apiVersion': ''}
[2026, 9, 28, 9, 15, 58] ;;; curseforge; {'id': 16021, 'gameVersionTypeID': 83806, 'name': '26.1.1', 'slug': '26-1-1', 'apiVersion': None}
[2026, 9, 28, 9, 15, 58] ;;; curseforge; {'id': 16084, 'gameVersionTypeID': 1, 'name': '26.1.1', 'slug': '26-1-1', 'apiVersion': ''}
[2026, 9, 28, 9, 15, 58] ;;; curseforge; {'id': 16129, 'gameVersionTypeID': 615, 'name': '26.1.1', 'slug': '26-1-1', 'apiVersion': ''}
[2026, 9, 28, 9, 15, 58] ;;; curseforge; {'id': 9638, 'gameVersionTypeID': 75208, 'name': 'Client', 'slug': 'client', 'apiVersion': ''}
[2026, 9, 28, 9, 15, 58] ;;; curseforge; {'id': 9639, 'gameVersionTypeID': 75208, 'name': 'Server', 'slug': 'server', 'apiVersion': ''}
[2026, 9, 28, 9, 15, 58] ;;; curseforge; {'id': 10150, 'gameVersionTypeID': 68441, 'name': 'NeoForge', 'slug': 'neoforge', 'apiVersion': ''}
[2026, 9, 28, 9, 15, 58] ;;; curseforge; {'id': 16082, 'gameVersionTypeID': 83806, 'name': '26.1.2', 'slug': '26-1-2', 'apiVersion': None}
[2026, 9, 28, 9, 15, 58] ;;; curseforge; {'id': 16085, 'gameVersionTypeID': 1, 'name': '26.1.2', 'slug': '26-1-2', 'apiVersion': ''}
[2026, 9, 28, 9, 15, 58] ;;; curseforge; {'id': 16130, 'gameVersionTypeID': 615, 'name': '26.1.2', 'slug': '26-1-2', 'apiVersion': ''}
[2026, 9, 28, 9, 16, 7] ;;; curseforge; {'id': 7499, 'gameVersionTypeID': 68441, 'name': 'Fabric', 'slug': 'fabric', 'apiVersion': ''}
[2026, 9, 28, 9, 16, 7] ;;; curseforge; {'id': 9638, 'gameVersionTypeID': 75208, 'name': 'Client', 'slug': 'client', 'apiVersion': ''}
[2026, 9, 28, 9, 16, 7] ;;; curseforge; {'id': 9639, 'gameVersionTypeID': 75208, 'name': 'Server', 'slug': 'server', 'apiVersion': ''}
[2026, 9, 28, 9, 16, 7] ;;; curseforge; {'id': 13620, 'gameVersionTypeID': 77784, 'name': '1.21.8', 'slug': '1-21-8', 'apiVersion': None}
[2026, 9, 28, 9, 16, 7] ;;; curseforge; {'id': 13683, 'gameVersionTypeID': 1, 'name': '1.21.8', 'slug': '1-21-8', 'apiVersion': ''}
[2026, 9, 28, 9, 16, 7] ;;; curseforge; {'id': 16124, 'gameVersionTypeID': 615, 'name': '1.21.8', 'slug': '1-21-8', 'apiVersion': ''}
[2026, 9, 28, 9, 16, 7] ;;; curseforge; {'file': ('desire_paths-fabric-1.21.8_1.61.0.jar', <_io.BufferedReader name='.\\releases\\1.61.0\\desire_paths-fabric-1.21.8_1.61.0.jar'>, 'application/jar'), 'metadata': (None, '{"changelog": "", "displayName": "desire_paths fabric 1.21.8 1.61.0", "gameVersions": [7499, 9638, 9639, 13620], "gameVersionNames": ["Fabric", "Client", "Server", "1.21.8"], "releaseType": "release", "relations": {"projects": [{"slug": "gstools", "projectID": 1404020, "type": "requiredDependency"}]}}', 'application/json')}
[2026, 9, 28, 9, 16, 10] ;;; curseforge; Mod file uploaded successfully! Response: {'id': 8999306}
[2026, 9, 28, 9, 16, 10] ;;; curseforge; {'id': 7499, 'gameVersionTypeID': 68441, 'name': 'Fabric', 'slug': 'fabric', 'apiVersion': ''}
[2026, 9, 28, 9, 16, 10] ;;; curseforge; {'id': 9638, 'gameVersionTypeID': 75208, 'name': 'Client', 'slug': 'client', 'apiVersion': ''}
[2026, 9, 28, 9, 16, 10] ;;; curseforge; {'id': 9639, 'gameVersionTypeID': 75208, 'name': 'Server', 'slug': 'server', 'apiVersion': ''}
[2026, 9, 28, 9, 16, 10] ;;; curseforge; {'id': 13620, 'gameVersionTypeID': 77784, 'name': '1.21.8', 'slug': '1-21-8', 'apiVersion': None}
[2026, 9, 28, 9, 16, 10] ;;; curseforge; {'id': 13683, 'gameVersionTypeID': 1, 'name': '1.21.8', 'slug': '1-21-8', 'apiVersion': ''}
[2026, 9, 28, 9, 16, 10] ;;; curseforge; {'id': 16124, 'gameVersionTypeID': 615, 'name': '1.21.8', 'slug': '1-21-8', 'apiVersion': ''}
[2026, 9, 28, 9, 16, 15] ;;; curseforge; {'id': 7499, 'gameVersionTypeID': 68441, 'name': 'Fabric', 'slug': 'fabric', 'apiVersion': ''}
[2026, 9, 28, 9, 16, 15] ;;; curseforge; {'id': 9638, 'gameVersionTypeID': 75208, 'name': 'Client', 'slug': 'client', 'apiVersion': ''}
[2026, 9, 28, 9, 16, 15] ;;; curseforge; {'id': 9639, 'gameVersionTypeID': 75208, 'name': 'Server', 'slug': 'server', 'apiVersion': ''}
[2026, 9, 28, 9, 16, 15] ;;; curseforge; {'id': 13927, 'gameVersionTypeID': 77784, 'name': '1.21.9', 'slug': '1-21-9', 'apiVersion': None}
[2026, 9, 28, 9, 16, 15] ;;; curseforge; {'id': 13933, 'gameVersionTypeID': 1, 'name': '1.21.9', 'slug': '1-21-9', 'apiVersion': ''}
[2026, 9, 28, 9, 16, 15] ;;; curseforge; {'id': 16125, 'gameVersionTypeID': 615, 'name': '1.21.9', 'slug': '1-21-9', 'apiVersion': ''}
[2026, 9, 28, 9, 16, 15] ;;; curseforge; {'id': 7499, 'gameVersionTypeID': 68441, 'name': 'Fabric', 'slug': 'fabric', 'apiVersion': ''}
[2026, 9, 28, 9, 16, 15] ;;; curseforge; {'id': 9638, 'gameVersionTypeID': 75208, 'name': 'Client', 'slug': 'client', 'apiVersion': ''}
[2026, 9, 28, 9, 16, 15] ;;; curseforge; {'id': 9639, 'gameVersionTypeID': 75208, 'name': 'Server', 'slug': 'server', 'apiVersion': ''}
[2026, 9, 28, 9, 16, 15] ;;; curseforge; {'id': 13964, 'gameVersionTypeID': 77784, 'name': '1.21.10', 'slug': '1-21-10', 'apiVersion': None}
[2026, 9, 28, 9, 16, 15] ;;; curseforge; {'id': 13966, 'gameVersionTypeID': 1, 'name': '1.21.10', 'slug': '1-21-10', 'apiVersion': ''}
[2026, 9, 28, 9, 16, 15] ;;; curseforge; {'id': 16126, 'gameVersionTypeID': 615, 'name': '1.21.10', 'slug': '1-21-10', 'apiVersion': ''}
[2026, 9, 28, 9, 16, 15] ;;; curseforge; {'id': 7499, 'gameVersionTypeID': 68441, 'name': 'Fabric', 'slug': 'fabric', 'apiVersion': ''}
[2026, 9, 28, 9, 16, 15] ;;; curseforge; {'id': 9638, 'gameVersionTypeID': 75208, 'name': 'Client', 'slug': 'client', 'apiVersion': ''}
[2026, 9, 28, 9, 16, 15] ;;; curseforge; {'id': 9639, 'gameVersionTypeID': 75208, 'name': 'Server', 'slug': 'server', 'apiVersion': ''}
[2026, 9, 28, 9, 16, 15] ;;; curseforge; {'id': 14406, 'gameVersionTypeID': 77784, 'name': '1.21.11', 'slug': '1-21-11', 'apiVersion': None}
[2026, 9, 28, 9, 16, 15] ;;; curseforge; {'id': 14417, 'gameVersionTypeID': 1, 'name': '1.21.11', 'slug': '1-21-11', 'apiVersion': ''}
[2026, 9, 28, 9, 16, 15] ;;; curseforge; {'id': 16127, 'gameVersionTypeID': 615, 'name': '1.21.11', 'slug': '1-21-11', 'apiVersion': ''}
[2026, 9, 28, 9, 16, 15] ;;; curseforge; {'file': ('desire_paths-fabric-1.21.9_1.61.0.jar', <_io.BufferedReader name='.\\releases\\1.61.0\\desire_paths-fabric-1.21.9_1.61.0.jar'>, 'application/jar'), 'metadata': (None, '{"changelog": "", "displayName": "desire_paths fabric 1.21.9 1.61.0", "gameVersions": [7499, 9638, 9639, 13927, 13964, 14406], "gameVersionNames": ["Fabric", "Client", "Server", "1.21.9", "1.21.10", "1.21.11"], "releaseType": "release", "relations": {"projects": [{"slug": "gstools", "projectID": 1404020, "type": "requiredDependency"}]}}', 'application/json')}
[2026, 9, 28, 9, 16, 17] ;;; curseforge; Mod file uploaded successfully! Response: {'id': 8999307}
[2026, 9, 28, 9, 16, 17] ;;; curseforge; {'id': 7499, 'gameVersionTypeID': 68441, 'name': 'Fabric', 'slug': 'fabric', 'apiVersion': ''}
[2026, 9, 28, 9, 16, 17] ;;; curseforge; {'id': 9638, 'gameVersionTypeID': 75208, 'name': 'Client', 'slug': 'client', 'apiVersion': ''}
[2026, 9, 28, 9, 16, 17] ;;; curseforge; {'id': 9639, 'gameVersionTypeID': 75208, 'name': 'Server', 'slug': 'server', 'apiVersion': ''}
[2026, 9, 28, 9, 16, 17] ;;; curseforge; {'id': 13927, 'gameVersionTypeID': 77784, 'name': '1.21.9', 'slug': '1-21-9', 'apiVersion': None}
[2026, 9, 28, 9, 16, 17] ;;; curseforge; {'id': 13933, 'gameVersionTypeID': 1, 'name': '1.21.9', 'slug': '1-21-9', 'apiVersion': ''}
[2026, 9, 28, 9, 16, 17] ;;; curseforge; {'id': 16125, 'gameVersionTypeID': 615, 'name': '1.21.9', 'slug': '1-21-9', 'apiVersion': ''}
[2026, 9, 28, 9, 16, 17] ;;; curseforge; {'id': 7499, 'gameVersionTypeID': 68441, 'name': 'Fabric', 'slug': 'fabric', 'apiVersion': ''}
[2026, 9, 28, 9, 16, 17] ;;; curseforge; {'id': 9638, 'gameVersionTypeID': 75208, 'name': 'Client', 'slug': 'client', 'apiVersion': ''}
[2026, 9, 28, 9, 16, 17] ;;; curseforge; {'id': 9639, 'gameVersionTypeID': 75208, 'name': 'Server', 'slug': 'server', 'apiVersion': ''}
[2026, 9, 28, 9, 16, 17] ;;; curseforge; {'id': 13964, 'gameVersionTypeID': 77784, 'name': '1.21.10', 'slug': '1-21-10', 'apiVersion': None}
[2026, 9, 28, 9, 16, 17] ;;; curseforge; {'id': 13966, 'gameVersionTypeID': 1, 'name': '1.21.10', 'slug': '1-21-10', 'apiVersion': ''}
[2026, 9, 28, 9, 16, 17] ;;; curseforge; {'id': 16126, 'gameVersionTypeID': 615, 'name': '1.21.10', 'slug': '1-21-10', 'apiVersion': ''}
[2026, 9, 28, 9, 16, 17] ;;; curseforge; {'id': 7499, 'gameVersionTypeID': 68441, 'name': 'Fabric', 'slug': 'fabric', 'apiVersion': ''}
[2026, 9, 28, 9, 16, 17] ;;; curseforge; {'id': 9638, 'gameVersionTypeID': 75208, 'name': 'Client', 'slug': 'client', 'apiVersion': ''}
[2026, 9, 28, 9, 16, 17] ;;; curseforge; {'id': 9639, 'gameVersionTypeID': 75208, 'name': 'Server', 'slug': 'server', 'apiVersion': ''}
[2026, 9, 28, 9, 16, 17] ;;; curseforge; {'id': 14406, 'gameVersionTypeID': 77784, 'name': '1.21.11', 'slug': '1-21-11', 'apiVersion': None}
[2026, 9, 28, 9, 16, 17] ;;; curseforge; {'id': 14417, 'gameVersionTypeID': 1, 'name': '1.21.11', 'slug': '1-21-11', 'apiVersion': ''}
[2026, 9, 28, 9, 16, 17] ;;; curseforge; {'id': 16127, 'gameVersionTypeID': 615, 'name': '1.21.11', 'slug': '1-21-11', 'apiVersion': ''}
[2026, 9, 28, 9, 16, 23] ;;; curseforge; {'id': 7499, 'gameVersionTypeID': 68441, 'name': 'Fabric', 'slug': 'fabric', 'apiVersion': ''}
[2026, 9, 28, 9, 16, 23] ;;; curseforge; {'id': 9638, 'gameVersionTypeID': 75208, 'name': 'Client', 'slug': 'client', 'apiVersion': ''}
[2026, 9, 28, 9, 16, 23] ;;; curseforge; {'id': 9639, 'gameVersionTypeID': 75208, 'name': 'Server', 'slug': 'server', 'apiVersion': ''}
[2026, 9, 28, 9, 16, 23] ;;; curseforge; {'id': 15933, 'gameVersionTypeID': 83806, 'name': '26.1', 'slug': '26-1', 'apiVersion': None}
[2026, 9, 28, 9, 16, 23] ;;; curseforge; {'id': 16083, 'gameVersionTypeID': 1, 'name': '26.1', 'slug': '26-1', 'apiVersion': ''}
[2026, 9, 28, 9, 16, 23] ;;; curseforge; {'id': 16128, 'gameVersionTypeID': 615, 'name': '26.1', 'slug': '26-1', 'apiVersion': ''}
[2026, 9, 28, 9, 16, 23] ;;; curseforge; {'id': 7499, 'gameVersionTypeID': 68441, 'name': 'Fabric', 'slug': 'fabric', 'apiVersion': ''}
[2026, 9, 28, 9, 16, 23] ;;; curseforge; {'id': 9638, 'gameVersionTypeID': 75208, 'name': 'Client', 'slug': 'client', 'apiVersion': ''}
[2026, 9, 28, 9, 16, 23] ;;; curseforge; {'id': 9639, 'gameVersionTypeID': 75208, 'name': 'Server', 'slug': 'server', 'apiVersion': ''}
[2026, 9, 28, 9, 16, 23] ;;; curseforge; {'id': 16021, 'gameVersionTypeID': 83806, 'name': '26.1.1', 'slug': '26-1-1', 'apiVersion': None}
[2026, 9, 28, 9, 16, 23] ;;; curseforge; {'id': 16084, 'gameVersionTypeID': 1, 'name': '26.1.1', 'slug': '26-1-1', 'apiVersion': ''}
[2026, 9, 28, 9, 16, 23] ;;; curseforge; {'id': 16129, 'gameVersionTypeID': 615, 'name': '26.1.1', 'slug': '26-1-1', 'apiVersion': ''}
[2026, 9, 28, 9, 16, 23] ;;; curseforge; {'id': 7499, 'gameVersionTypeID': 68441, 'name': 'Fabric', 'slug': 'fabric', 'apiVersion': ''}
[2026, 9, 28, 9, 16, 23] ;;; curseforge; {'id': 9638, 'gameVersionTypeID': 75208, 'name': 'Client', 'slug': 'client', 'apiVersion': ''}
[2026, 9, 28, 9, 16, 23] ;;; curseforge; {'id': 9639, 'gameVersionTypeID': 75208, 'name': 'Server', 'slug': 'server', 'apiVersion': ''}
[2026, 9, 28, 9, 16, 23] ;;; curseforge; {'id': 16082, 'gameVersionTypeID': 83806, 'name': '26.1.2', 'slug': '26-1-2', 'apiVersion': None}
[2026, 9, 28, 9, 16, 23] ;;; curseforge; {'id': 16085, 'gameVersionTypeID': 1, 'name': '26.1.2', 'slug': '26-1-2', 'apiVersion': ''}
[2026, 9, 28, 9, 16, 23] ;;; curseforge; {'id': 16130, 'gameVersionTypeID': 615, 'name': '26.1.2', 'slug': '26-1-2', 'apiVersion': ''}
[2026, 9, 28, 9, 16, 23] ;;; curseforge; {'file': ('desire_paths-fabric-26.1_1.61.0.jar', <_io.BufferedReader name='.\\releases\\1.61.0\\desire_paths-fabric-26.1_1.61.0.jar'>, 'application/jar'), 'metadata': (None, '{"changelog": "", "displayName": "desire_paths fabric 26.1 1.61.0", "gameVersions": [7499, 9638, 9639, 15933, 16021, 16082], "gameVersionNames": ["Fabric", "Client", "Server", "26.1", "26.1.1", "26.1.2"], "releaseType": "release", "relations": {"projects": [{"slug": "gstools", "projectID": 1404020, "type": "requiredDependency"}]}}', 'application/json')}
[2026, 9, 28, 9, 16, 25] ;;; curseforge; Mod file uploaded successfully! Response: {'id': 8999309}
[2026, 9, 28, 9, 16, 25] ;;; curseforge; {'id': 7499, 'gameVersionTypeID': 68441, 'name': 'Fabric', 'slug': 'fabric', 'apiVersion': ''}
[2026, 9, 28, 9, 16, 25] ;;; curseforge; {'id': 9638, 'gameVersionTypeID': 75208, 'name': 'Client', 'slug': 'client', 'apiVersion': ''}
[2026, 9, 28, 9, 16, 25] ;;; curseforge; {'id': 9639, 'gameVersionTypeID': 75208, 'name': 'Server', 'slug': 'server', 'apiVersion': ''}
[2026, 9, 28, 9, 16, 25] ;;; curseforge; {'id': 15933, 'gameVersionTypeID': 83806, 'name': '26.1', 'slug': '26-1', 'apiVersion': None}
[2026, 9, 28, 9, 16, 25] ;;; curseforge; {'id': 16083, 'gameVersionTypeID': 1, 'name': '26.1', 'slug': '26-1', 'apiVersion': ''}
[2026, 9, 28, 9, 16, 25] ;;; curseforge; {'id': 16128, 'gameVersionTypeID': 615, 'name': '26.1', 'slug': '26-1', 'apiVersion': ''}
[2026, 9, 28, 9, 16, 25] ;;; curseforge; {'id': 7499, 'gameVersionTypeID': 68441, 'name': 'Fabric', 'slug': 'fabric', 'apiVersion': ''}
[2026, 9, 28, 9, 16, 25] ;;; curseforge; {'id': 9638, 'gameVersionTypeID': 75208, 'name': 'Client', 'slug': 'client', 'apiVersion': ''}
[2026, 9, 28, 9, 16, 25] ;;; curseforge; {'id': 9639, 'gameVersionTypeID': 75208, 'name': 'Server', 'slug': 'server', 'apiVersion': ''}
[2026, 9, 28, 9, 16, 25] ;;; curseforge; {'id': 16021, 'gameVersionTypeID': 83806, 'name': '26.1.1', 'slug': '26-1-1', 'apiVersion': None}
[2026, 9, 28, 9, 16, 25] ;;; curseforge; {'id': 16084, 'gameVersionTypeID': 1, 'name': '26.1.1', 'slug': '26-1-1', 'apiVersion': ''}
[2026, 9, 28, 9, 16, 25] ;;; curseforge; {'id': 16129, 'gameVersionTypeID': 615, 'name': '26.1.1', 'slug': '26-1-1', 'apiVersion': ''}
[2026, 9, 28, 9, 16, 25] ;;; curseforge; {'id': 7499, 'gameVersionTypeID': 68441, 'name': 'Fabric', 'slug': 'fabric', 'apiVersion': ''}
[2026, 9, 28, 9, 16, 25] ;;; curseforge; {'id': 9638, 'gameVersionTypeID': 75208, 'name': 'Client', 'slug': 'client', 'apiVersion': ''}
[2026, 9, 28, 9, 16, 25] ;;; curseforge; {'id': 9639, 'gameVersionTypeID': 75208, 'name': 'Server', 'slug': 'server', 'apiVersion': ''}
[2026, 9, 28, 9, 16, 25] ;;; curseforge; {'id': 16082, 'gameVersionTypeID': 83806, 'name': '26.1.2', 'slug': '26-1-2', 'apiVersion': None}
[2026, 9, 28, 9, 16, 25] ;;; curseforge; {'id': 16085, 'gameVersionTypeID': 1, 'name': '26.1.2', 'slug': '26-1-2', 'apiVersion': ''}
[2026, 9, 28, 9, 16, 25] ;;; curseforge; {'id': 16130, 'gameVersionTypeID': 615, 'name': '26.1.2', 'slug': '26-1-2', 'apiVersion': ''}
[2026, 9, 28, 9, 16, 28] ;;; curseforge; {'id': 7499, 'gameVersionTypeID': 68441, 'name': 'Fabric', 'slug': 'fabric', 'apiVersion': ''}
[2026, 9, 28, 9, 16, 28] ;;; curseforge; {'id': 9638, 'gameVersionTypeID': 75208, 'name': 'Client', 'slug': 'client', 'apiVersion': ''}
[2026, 9, 28, 9, 16, 28] ;;; curseforge; {'id': 9639, 'gameVersionTypeID': 75208, 'name': 'Server', 'slug': 'server', 'apiVersion': ''}
[2026, 9, 28, 9, 16, 28] ;;; curseforge; {'id': 16498, 'gameVersionTypeID': 86297, 'name': '26.2', 'slug': '26-2', 'apiVersion': None}
[2026, 9, 28, 9, 16, 28] ;;; curseforge; {'id': 16500, 'gameVersionTypeID': 1, 'name': '26.2', 'slug': '26-2', 'apiVersion': ''}
[2026, 9, 28, 9, 16, 28] ;;; curseforge; {'file': ('desire_paths-fabric-26.2_1.61.0.jar', <_io.BufferedReader name='.\\releases\\1.61.0\\desire_paths-fabric-26.2_1.61.0.jar'>, 'application/jar'), 'metadata': (None, '{"changelog": "", "displayName": "desire_paths fabric 26.2 1.61.0", "gameVersions": [7499, 9638, 9639, 16498], "gameVersionNames": ["Fabric", "Client", "Server", "26.2"], "releaseType": "release", "relations": {"projects": [{"slug": "gstools", "projectID": 1404020, "type": "requiredDependency"}]}}', 'application/json')}
[2026, 9, 28, 9, 16, 30] ;;; curseforge; Mod file uploaded successfully! Response: {'id': 8999310}
[2026, 9, 28, 9, 16, 31] ;;; curseforge; {'id': 7499, 'gameVersionTypeID': 68441, 'name': 'Fabric', 'slug': 'fabric', 'apiVersion': ''}
[2026, 9, 28, 9, 16, 31] ;;; curseforge; {'id': 9638, 'gameVersionTypeID': 75208, 'name': 'Client', 'slug': 'client', 'apiVersion': ''}
[2026, 9, 28, 9, 16, 31] ;;; curseforge; {'id': 9639, 'gameVersionTypeID': 75208, 'name': 'Server', 'slug': 'server', 'apiVersion': ''}
[2026, 9, 28, 9, 16, 31] ;;; curseforge; {'id': 16498, 'gameVersionTypeID': 86297, 'name': '26.2', 'slug': '26-2', 'apiVersion': None}
[2026, 9, 28, 9, 16, 31] ;;; curseforge; {'id': 16500, 'gameVersionTypeID': 1, 'name': '26.2', 'slug': '26-2', 'apiVersion': ''}
[2026, 9, 28, 9, 16, 37] ;;; curseforge; {'id': 7498, 'gameVersionTypeID': 68441, 'name': 'Forge', 'slug': 'forge', 'apiVersion': ''}
[2026, 9, 28, 9, 16, 37] ;;; curseforge; {'id': 9638, 'gameVersionTypeID': 75208, 'name': 'Client', 'slug': 'client', 'apiVersion': ''}
[2026, 9, 28, 9, 16, 37] ;;; curseforge; {'id': 9639, 'gameVersionTypeID': 75208, 'name': 'Server', 'slug': 'server', 'apiVersion': ''}
[2026, 9, 28, 9, 16, 37] ;;; curseforge; {'id': 9776, 'gameVersionTypeID': 73407, 'name': '1.19.4', 'slug': '1-19-4', 'apiVersion': ''}
[2026, 9, 28, 9, 16, 37] ;;; curseforge; {'id': 9792, 'gameVersionTypeID': 615, 'name': '1.19.4', 'slug': '1-19-4', 'apiVersion': ''}
[2026, 9, 28, 9, 16, 37] ;;; curseforge; {'id': 9973, 'gameVersionTypeID': 1, 'name': '1.19.4', 'slug': '1-19-4', 'apiVersion': ''}
[2026, 9, 28, 9, 16, 37] ;;; curseforge; {'file': ('desire_paths-forge-1.19.4_1.61.0.jar', <_io.BufferedReader name='.\\releases\\1.61.0\\desire_paths-forge-1.19.4_1.61.0.jar'>, 'application/jar'), 'metadata': (None, '{"changelog": "", "displayName": "desire_paths forge 1.19.4 1.61.0", "gameVersions": [7498, 9638, 9639, 9776], "gameVersionNames": ["Forge", "Client", "Server", "1.19.4"], "releaseType": "release", "relations": {"projects": [{"slug": "gstools", "projectID": 1404020, "type": "requiredDependency"}]}}', 'application/json')}
[2026, 9, 28, 9, 16, 39] ;;; curseforge; Mod file uploaded successfully! Response: {'id': 8999313}
[2026, 9, 28, 9, 16, 40] ;;; curseforge; {'id': 7498, 'gameVersionTypeID': 68441, 'name': 'Forge', 'slug': 'forge', 'apiVersion': ''}
[2026, 9, 28, 9, 16, 40] ;;; curseforge; {'id': 9638, 'gameVersionTypeID': 75208, 'name': 'Client', 'slug': 'client', 'apiVersion': ''}
[2026, 9, 28, 9, 16, 40] ;;; curseforge; {'id': 9639, 'gameVersionTypeID': 75208, 'name': 'Server', 'slug': 'server', 'apiVersion': ''}
[2026, 9, 28, 9, 16, 40] ;;; curseforge; {'id': 9776, 'gameVersionTypeID': 73407, 'name': '1.19.4', 'slug': '1-19-4', 'apiVersion': ''}
[2026, 9, 28, 9, 16, 40] ;;; curseforge; {'id': 9792, 'gameVersionTypeID': 615, 'name': '1.19.4', 'slug': '1-19-4', 'apiVersion': ''}
[2026, 9, 28, 9, 16, 40] ;;; curseforge; {'id': 9973, 'gameVersionTypeID': 1, 'name': '1.19.4', 'slug': '1-19-4', 'apiVersion': ''}
[2026, 9, 28, 9, 16, 43] ;;; curseforge; {'id': 9638, 'gameVersionTypeID': 75208, 'name': 'Client', 'slug': 'client', 'apiVersion': ''}
[2026, 9, 28, 9, 16, 43] ;;; curseforge; {'id': 9639, 'gameVersionTypeID': 75208, 'name': 'Server', 'slug': 'server', 'apiVersion': ''}
[2026, 9, 28, 9, 16, 43] ;;; curseforge; {'id': 10150, 'gameVersionTypeID': 68441, 'name': 'NeoForge', 'slug': 'neoforge', 'apiVersion': ''}
[2026, 9, 28, 9, 16, 43] ;;; curseforge; {'id': 10407, 'gameVersionTypeID': 75125, 'name': '1.20.4', 'slug': '1-20-4', 'apiVersion': None}
[2026, 9, 28, 9, 16, 43] ;;; curseforge; {'id': 10742, 'gameVersionTypeID': 1, 'name': '1.20.4', 'slug': '1-20-4', 'apiVersion': ''}
[2026, 9, 28, 9, 16, 43] ;;; curseforge; {'id': 10866, 'gameVersionTypeID': 615, 'name': '1.20.4', 'slug': '1-20-4', 'apiVersion': ''}
[2026, 9, 28, 9, 16, 43] ;;; curseforge; {'file': ('desire_paths-neoforge-1.20.4_1.61.0.jar', <_io.BufferedReader name='.\\releases\\1.61.0\\desire_paths-neoforge-1.20.4_1.61.0.jar'>, 'application/jar'), 'metadata': (None, '{"changelog": "", "displayName": "desire_paths neoforge 1.20.4 1.61.0", "gameVersions": [9638, 9639, 10150, 10407], "gameVersionNames": ["Client", "Server", "NeoForge", "1.20.4"], "releaseType": "release", "relations": {"projects": [{"slug": "gstools", "projectID": 1404020, "type": "requiredDependency"}]}}', 'application/json')}
[2026, 9, 28, 9, 16, 46] ;;; curseforge; Mod file uploaded successfully! Response: {'id': 8999315}
[2026, 9, 28, 9, 16, 46] ;;; curseforge; {'id': 9638, 'gameVersionTypeID': 75208, 'name': 'Client', 'slug': 'client', 'apiVersion': ''}
[2026, 9, 28, 9, 16, 46] ;;; curseforge; {'id': 9639, 'gameVersionTypeID': 75208, 'name': 'Server', 'slug': 'server', 'apiVersion': ''}
[2026, 9, 28, 9, 16, 46] ;;; curseforge; {'id': 10150, 'gameVersionTypeID': 68441, 'name': 'NeoForge', 'slug': 'neoforge', 'apiVersion': ''}
[2026, 9, 28, 9, 16, 46] ;;; curseforge; {'id': 10407, 'gameVersionTypeID': 75125, 'name': '1.20.4', 'slug': '1-20-4', 'apiVersion': None}
[2026, 9, 28, 9, 16, 46] ;;; curseforge; {'id': 10742, 'gameVersionTypeID': 1, 'name': '1.20.4', 'slug': '1-20-4', 'apiVersion': ''}
[2026, 9, 28, 9, 16, 46] ;;; curseforge; {'id': 10866, 'gameVersionTypeID': 615, 'name': '1.20.4', 'slug': '1-20-4', 'apiVersion': ''}
[2026, 9, 28, 9, 16, 50] ;;; curseforge; {'id': 9638, 'gameVersionTypeID': 75208, 'name': 'Client', 'slug': 'client', 'apiVersion': ''}
[2026, 9, 28, 9, 16, 50] ;;; curseforge; {'id': 9639, 'gameVersionTypeID': 75208, 'name': 'Server', 'slug': 'server', 'apiVersion': ''}
[2026, 9, 28, 9, 16, 50] ;;; curseforge; {'id': 10150, 'gameVersionTypeID': 68441, 'name': 'NeoForge', 'slug': 'neoforge', 'apiVersion': ''}
[2026, 9, 28, 9, 16, 50] ;;; curseforge; {'id': 11198, 'gameVersionTypeID': 75125, 'name': '1.20.6', 'slug': '1-20-6', 'apiVersion': None}
[2026, 9, 28, 9, 16, 50] ;;; curseforge; {'id': 11307, 'gameVersionTypeID': 1, 'name': '1.20.6', 'slug': '1-20-6', 'apiVersion': ''}
[2026, 9, 28, 9, 16, 50] ;;; curseforge; {'id': 11309, 'gameVersionTypeID': 615, 'name': '1.20.6', 'slug': '1-20-6', 'apiVersion': ''}
[2026, 9, 28, 9, 16, 50] ;;; curseforge; {'id': 9638, 'gameVersionTypeID': 75208, 'name': 'Client', 'slug': 'client', 'apiVersion': ''}
[2026, 9, 28, 9, 16, 50] ;;; curseforge; {'id': 9639, 'gameVersionTypeID': 75208, 'name': 'Server', 'slug': 'server', 'apiVersion': ''}
[2026, 9, 28, 9, 16, 50] ;;; curseforge; {'id': 10150, 'gameVersionTypeID': 68441, 'name': 'NeoForge', 'slug': 'neoforge', 'apiVersion': ''}
[2026, 9, 28, 9, 16, 50] ;;; curseforge; {'id': 11457, 'gameVersionTypeID': 77784, 'name': '1.21', 'slug': '1-21', 'apiVersion': ''}
[2026, 9, 28, 9, 16, 50] ;;; curseforge; {'id': 11458, 'gameVersionTypeID': 615, 'name': '1.21', 'slug': '1-21', 'apiVersion': ''}
[2026, 9, 28, 9, 16, 50] ;;; curseforge; {'id': 11515, 'gameVersionTypeID': 1, 'name': '1.21', 'slug': '1-21', 'apiVersion': ''}
[2026, 9, 28, 9, 16, 50] ;;; curseforge; {'file': ('desire_paths-neoforge-1.20.6_1.61.0.jar', <_io.BufferedReader name='.\\releases\\1.61.0\\desire_paths-neoforge-1.20.6_1.61.0.jar'>, 'application/jar'), 'metadata': (None, '{"changelog": "", "displayName": "desire_paths neoforge 1.20.6 1.61.0", "gameVersions": [9638, 9639, 10150, 11198, 11457], "gameVersionNames": ["Client", "Server", "NeoForge", "1.20.6", "1.21"], "releaseType": "release", "relations": {"projects": [{"slug": "gstools", "projectID": 1404020, "type": "requiredDependency"}]}}', 'application/json')}
[2026, 9, 28, 9, 16, 53] ;;; curseforge; Mod file uploaded successfully! Response: {'id': 8999318}
[2026, 9, 28, 9, 16, 53] ;;; curseforge; {'id': 9638, 'gameVersionTypeID': 75208, 'name': 'Client', 'slug': 'client', 'apiVersion': ''}
[2026, 9, 28, 9, 16, 53] ;;; curseforge; {'id': 9639, 'gameVersionTypeID': 75208, 'name': 'Server', 'slug': 'server', 'apiVersion': ''}
[2026, 9, 28, 9, 16, 53] ;;; curseforge; {'id': 10150, 'gameVersionTypeID': 68441, 'name': 'NeoForge', 'slug': 'neoforge', 'apiVersion': ''}
[2026, 9, 28, 9, 16, 53] ;;; curseforge; {'id': 11198, 'gameVersionTypeID': 75125, 'name': '1.20.6', 'slug': '1-20-6', 'apiVersion': None}
[2026, 9, 28, 9, 16, 53] ;;; curseforge; {'id': 11307, 'gameVersionTypeID': 1, 'name': '1.20.6', 'slug': '1-20-6', 'apiVersion': ''}
[2026, 9, 28, 9, 16, 53] ;;; curseforge; {'id': 11309, 'gameVersionTypeID': 615, 'name': '1.20.6', 'slug': '1-20-6', 'apiVersion': ''}
[2026, 9, 28, 9, 16, 53] ;;; curseforge; {'id': 9638, 'gameVersionTypeID': 75208, 'name': 'Client', 'slug': 'client', 'apiVersion': ''}
[2026, 9, 28, 9, 16, 53] ;;; curseforge; {'id': 9639, 'gameVersionTypeID': 75208, 'name': 'Server', 'slug': 'server', 'apiVersion': ''}
[2026, 9, 28, 9, 16, 53] ;;; curseforge; {'id': 10150, 'gameVersionTypeID': 68441, 'name': 'NeoForge', 'slug': 'neoforge', 'apiVersion': ''}
[2026, 9, 28, 9, 16, 53] ;;; curseforge; {'id': 11457, 'gameVersionTypeID': 77784, 'name': '1.21', 'slug': '1-21', 'apiVersion': ''}
[2026, 9, 28, 9, 16, 53] ;;; curseforge; {'id': 11458, 'gameVersionTypeID': 615, 'name': '1.21', 'slug': '1-21', 'apiVersion': ''}
[2026, 9, 28, 9, 16, 53] ;;; curseforge; {'id': 11515, 'gameVersionTypeID': 1, 'name': '1.21', 'slug': '1-21', 'apiVersion': ''}
[2026, 9, 28, 9, 16, 57] ;;; curseforge; {'id': 9638, 'gameVersionTypeID': 75208, 'name': 'Client', 'slug': 'client', 'apiVersion': ''}
[2026, 9, 28, 9, 16, 57] ;;; curseforge; {'id': 9639, 'gameVersionTypeID': 75208, 'name': 'Server', 'slug': 'server', 'apiVersion': ''}
[2026, 9, 28, 9, 16, 57] ;;; curseforge; {'id': 10150, 'gameVersionTypeID': 68441, 'name': 'NeoForge', 'slug': 'neoforge', 'apiVersion': ''}
[2026, 9, 28, 9, 16, 57] ;;; curseforge; {'id': 11779, 'gameVersionTypeID': 77784, 'name': '1.21.1', 'slug': '1-21-1', 'apiVersion': None}
[2026, 9, 28, 9, 16, 57] ;;; curseforge; {'id': 12735, 'gameVersionTypeID': 1, 'name': '1.21.1', 'slug': '1-21-1', 'apiVersion': ''}
[2026, 9, 28, 9, 16, 57] ;;; curseforge; {'id': 16115, 'gameVersionTypeID': 615, 'name': '1.21.1', 'slug': '1-21-1', 'apiVersion': ''}
[2026, 9, 28, 9, 16, 57] ;;; curseforge; {'file': ('desire_paths-neoforge-1.21.1_1.61.0.jar', <_io.BufferedReader name='.\\releases\\1.61.0\\desire_paths-neoforge-1.21.1_1.61.0.jar'>, 'application/jar'), 'metadata': (None, '{"changelog": "", "displayName": "desire_paths neoforge 1.21.1 1.61.0", "gameVersions": [9638, 9639, 10150, 11779], "gameVersionNames": ["Client", "Server", "NeoForge", "1.21.1"], "releaseType": "release", "relations": {"projects": [{"slug": "gstools", "projectID": 1404020, "type": "requiredDependency"}, {"slug": "gstools-weather2-compat", "projectID": 1710321, "type": "requiredDependency"}]}}', 'application/json')}
[2026, 9, 28, 9, 17, 1] ;;; curseforge; Mod file uploaded successfully! Response: {'id': 8999319}
[2026, 9, 28, 9, 17, 1] ;;; curseforge; {'id': 9638, 'gameVersionTypeID': 75208, 'name': 'Client', 'slug': 'client', 'apiVersion': ''}
[2026, 9, 28, 9, 17, 1] ;;; curseforge; {'id': 9639, 'gameVersionTypeID': 75208, 'name': 'Server', 'slug': 'server', 'apiVersion': ''}
[2026, 9, 28, 9, 17, 1] ;;; curseforge; {'id': 10150, 'gameVersionTypeID': 68441, 'name': 'NeoForge', 'slug': 'neoforge', 'apiVersion': ''}
[2026, 9, 28, 9, 17, 1] ;;; curseforge; {'id': 11779, 'gameVersionTypeID': 77784, 'name': '1.21.1', 'slug': '1-21-1', 'apiVersion': None}
[2026, 9, 28, 9, 17, 1] ;;; curseforge; {'id': 12735, 'gameVersionTypeID': 1, 'name': '1.21.1', 'slug': '1-21-1', 'apiVersion': ''}
[2026, 9, 28, 9, 17, 1] ;;; curseforge; {'id': 16115, 'gameVersionTypeID': 615, 'name': '1.21.1', 'slug': '1-21-1', 'apiVersion': ''}
[2026, 9, 28, 9, 17, 5] ;;; curseforge; {'id': 9638, 'gameVersionTypeID': 75208, 'name': 'Client', 'slug': 'client', 'apiVersion': ''}
[2026, 9, 28, 9, 17, 5] ;;; curseforge; {'id': 9639, 'gameVersionTypeID': 75208, 'name': 'Server', 'slug': 'server', 'apiVersion': ''}
[2026, 9, 28, 9, 17, 5] ;;; curseforge; {'id': 10150, 'gameVersionTypeID': 68441, 'name': 'NeoForge', 'slug': 'neoforge', 'apiVersion': ''}
[2026, 9, 28, 9, 17, 5] ;;; curseforge; {'id': 12079, 'gameVersionTypeID': 77784, 'name': '1.21.2', 'slug': '1-21-2', 'apiVersion': ''}
[2026, 9, 28, 9, 17, 5] ;;; curseforge; {'id': 12736, 'gameVersionTypeID': 1, 'name': '1.21.2', 'slug': '1-21-2', 'apiVersion': ''}
[2026, 9, 28, 9, 17, 5] ;;; curseforge; {'id': 16116, 'gameVersionTypeID': 615, 'name': '1.21.2', 'slug': '1-21-2', 'apiVersion': ''}
[2026, 9, 28, 9, 17, 5] ;;; curseforge; {'id': 9638, 'gameVersionTypeID': 75208, 'name': 'Client', 'slug': 'client', 'apiVersion': ''}
[2026, 9, 28, 9, 17, 5] ;;; curseforge; {'id': 9639, 'gameVersionTypeID': 75208, 'name': 'Server', 'slug': 'server', 'apiVersion': ''}
[2026, 9, 28, 9, 17, 5] ;;; curseforge; {'id': 10150, 'gameVersionTypeID': 68441, 'name': 'NeoForge', 'slug': 'neoforge', 'apiVersion': ''}
[2026, 9, 28, 9, 17, 5] ;;; curseforge; {'id': 12084, 'gameVersionTypeID': 77784, 'name': '1.21.3', 'slug': '1-21-3', 'apiVersion': None}
[2026, 9, 28, 9, 17, 5] ;;; curseforge; {'id': 12737, 'gameVersionTypeID': 1, 'name': '1.21.3', 'slug': '1-21-3', 'apiVersion': ''}
[2026, 9, 28, 9, 17, 5] ;;; curseforge; {'id': 16117, 'gameVersionTypeID': 615, 'name': '1.21.3', 'slug': '1-21-3', 'apiVersion': ''}
[2026, 9, 28, 9, 17, 5] ;;; curseforge; {'file': ('desire_paths-neoforge-1.21.2_1.61.0.jar', <_io.BufferedReader name='.\\releases\\1.61.0\\desire_paths-neoforge-1.21.2_1.61.0.jar'>, 'application/jar'), 'metadata': (None, '{"changelog": "", "displayName": "desire_paths neoforge 1.21.2 1.61.0", "gameVersions": [9638, 9639, 10150, 12079, 12084], "gameVersionNames": ["Client", "Server", "NeoForge", "1.21.2", "1.21.3"], "releaseType": "release", "relations": {"projects": [{"slug": "gstools", "projectID": 1404020, "type": "requiredDependency"}]}}', 'application/json')}
[2026, 9, 28, 9, 17, 7] ;;; curseforge; Mod file uploaded successfully! Response: {'id': 8999321}
[2026, 9, 28, 9, 17, 8] ;;; curseforge; {'id': 9638, 'gameVersionTypeID': 75208, 'name': 'Client', 'slug': 'client', 'apiVersion': ''}
[2026, 9, 28, 9, 17, 8] ;;; curseforge; {'id': 9639, 'gameVersionTypeID': 75208, 'name': 'Server', 'slug': 'server', 'apiVersion': ''}
[2026, 9, 28, 9, 17, 8] ;;; curseforge; {'id': 10150, 'gameVersionTypeID': 68441, 'name': 'NeoForge', 'slug': 'neoforge', 'apiVersion': ''}
[2026, 9, 28, 9, 17, 8] ;;; curseforge; {'id': 12079, 'gameVersionTypeID': 77784, 'name': '1.21.2', 'slug': '1-21-2', 'apiVersion': ''}
[2026, 9, 28, 9, 17, 8] ;;; curseforge; {'id': 12736, 'gameVersionTypeID': 1, 'name': '1.21.2', 'slug': '1-21-2', 'apiVersion': ''}
[2026, 9, 28, 9, 17, 8] ;;; curseforge; {'id': 16116, 'gameVersionTypeID': 615, 'name': '1.21.2', 'slug': '1-21-2', 'apiVersion': ''}
[2026, 9, 28, 9, 17, 8] ;;; curseforge; {'id': 9638, 'gameVersionTypeID': 75208, 'name': 'Client', 'slug': 'client', 'apiVersion': ''}
[2026, 9, 28, 9, 17, 8] ;;; curseforge; {'id': 9639, 'gameVersionTypeID': 75208, 'name': 'Server', 'slug': 'server', 'apiVersion': ''}
[2026, 9, 28, 9, 17, 8] ;;; curseforge; {'id': 10150, 'gameVersionTypeID': 68441, 'name': 'NeoForge', 'slug': 'neoforge', 'apiVersion': ''}
[2026, 9, 28, 9, 17, 8] ;;; curseforge; {'id': 12084, 'gameVersionTypeID': 77784, 'name': '1.21.3', 'slug': '1-21-3', 'apiVersion': None}
[2026, 9, 28, 9, 17, 8] ;;; curseforge; {'id': 12737, 'gameVersionTypeID': 1, 'name': '1.21.3', 'slug': '1-21-3', 'apiVersion': ''}
[2026, 9, 28, 9, 17, 8] ;;; curseforge; {'id': 16117, 'gameVersionTypeID': 615, 'name': '1.21.3', 'slug': '1-21-3', 'apiVersion': ''}
[2026, 9, 28, 9, 17, 13] ;;; curseforge; {'id': 9638, 'gameVersionTypeID': 75208, 'name': 'Client', 'slug': 'client', 'apiVersion': ''}
[2026, 9, 28, 9, 17, 13] ;;; curseforge; {'id': 9639, 'gameVersionTypeID': 75208, 'name': 'Server', 'slug': 'server', 'apiVersion': ''}
[2026, 9, 28, 9, 17, 13] ;;; curseforge; {'id': 10150, 'gameVersionTypeID': 68441, 'name': 'NeoForge', 'slug': 'neoforge', 'apiVersion': ''}
[2026, 9, 28, 9, 17, 13] ;;; curseforge; {'id': 12281, 'gameVersionTypeID': 77784, 'name': '1.21.4', 'slug': '1-21-4', 'apiVersion': None}
[2026, 9, 28, 9, 17, 13] ;;; curseforge; {'id': 12738, 'gameVersionTypeID': 1, 'name': '1.21.4', 'slug': '1-21-4', 'apiVersion': ''}
[2026, 9, 28, 9, 17, 13] ;;; curseforge; {'id': 16118, 'gameVersionTypeID': 615, 'name': '1.21.4', 'slug': '1-21-4', 'apiVersion': ''}
[2026, 9, 28, 9, 17, 13] ;;; curseforge; {'file': ('desire_paths-neoforge-1.21.4_1.61.0.jar', <_io.BufferedReader name='.\\releases\\1.61.0\\desire_paths-neoforge-1.21.4_1.61.0.jar'>, 'application/jar'), 'metadata': (None, '{"changelog": "", "displayName": "desire_paths neoforge 1.21.4 1.61.0", "gameVersions": [9638, 9639, 10150, 12281], "gameVersionNames": ["Client", "Server", "NeoForge", "1.21.4"], "releaseType": "release", "relations": {"projects": [{"slug": "gstools", "projectID": 1404020, "type": "requiredDependency"}]}}', 'application/json')}
[2026, 9, 28, 9, 17, 15] ;;; curseforge; Mod file uploaded successfully! Response: {'id': 8999322}
[2026, 9, 28, 9, 17, 16] ;;; curseforge; {'id': 9638, 'gameVersionTypeID': 75208, 'name': 'Client', 'slug': 'client', 'apiVersion': ''}
[2026, 9, 28, 9, 17, 16] ;;; curseforge; {'id': 9639, 'gameVersionTypeID': 75208, 'name': 'Server', 'slug': 'server', 'apiVersion': ''}
[2026, 9, 28, 9, 17, 16] ;;; curseforge; {'id': 10150, 'gameVersionTypeID': 68441, 'name': 'NeoForge', 'slug': 'neoforge', 'apiVersion': ''}
[2026, 9, 28, 9, 17, 16] ;;; curseforge; {'id': 12281, 'gameVersionTypeID': 77784, 'name': '1.21.4', 'slug': '1-21-4', 'apiVersion': None}
[2026, 9, 28, 9, 17, 16] ;;; curseforge; {'id': 12738, 'gameVersionTypeID': 1, 'name': '1.21.4', 'slug': '1-21-4', 'apiVersion': ''}
[2026, 9, 28, 9, 17, 16] ;;; curseforge; {'id': 16118, 'gameVersionTypeID': 615, 'name': '1.21.4', 'slug': '1-21-4', 'apiVersion': ''}
[2026, 9, 28, 9, 17, 22] ;;; curseforge; {'id': 9638, 'gameVersionTypeID': 75208, 'name': 'Client', 'slug': 'client', 'apiVersion': ''}
[2026, 9, 28, 9, 17, 22] ;;; curseforge; {'id': 9639, 'gameVersionTypeID': 75208, 'name': 'Server', 'slug': 'server', 'apiVersion': ''}
[2026, 9, 28, 9, 17, 22] ;;; curseforge; {'id': 10150, 'gameVersionTypeID': 68441, 'name': 'NeoForge', 'slug': 'neoforge', 'apiVersion': ''}
[2026, 9, 28, 9, 17, 22] ;;; curseforge; {'id': 12934, 'gameVersionTypeID': 77784, 'name': '1.21.5', 'slug': '1-21-5', 'apiVersion': None}
[2026, 9, 28, 9, 17, 22] ;;; curseforge; {'id': 12988, 'gameVersionTypeID': 1, 'name': '1.21.5', 'slug': '1-21-5', 'apiVersion': ''}
[2026, 9, 28, 9, 17, 22] ;;; curseforge; {'id': 16119, 'gameVersionTypeID': 615, 'name': '1.21.5', 'slug': '1-21-5', 'apiVersion': ''}
[2026, 9, 28, 9, 17, 22] ;;; curseforge; {'id': 9638, 'gameVersionTypeID': 75208, 'name': 'Client', 'slug': 'client', 'apiVersion': ''}
[2026, 9, 28, 9, 17, 22] ;;; curseforge; {'id': 9639, 'gameVersionTypeID': 75208, 'name': 'Server', 'slug': 'server', 'apiVersion': ''}
[2026, 9, 28, 9, 17, 22] ;;; curseforge; {'id': 10150, 'gameVersionTypeID': 68441, 'name': 'NeoForge', 'slug': 'neoforge', 'apiVersion': ''}
[2026, 9, 28, 9, 17, 22] ;;; curseforge; {'id': 13506, 'gameVersionTypeID': 77784, 'name': '1.21.7', 'slug': '1-21-7', 'apiVersion': None}
[2026, 9, 28, 9, 17, 22] ;;; curseforge; {'id': 13574, 'gameVersionTypeID': 1, 'name': '1.21.7', 'slug': '1-21-7', 'apiVersion': ''}
[2026, 9, 28, 9, 17, 22] ;;; curseforge; {'id': 16121, 'gameVersionTypeID': 615, 'name': '1.21.7', 'slug': '1-21-7', 'apiVersion': ''}
[2026, 9, 28, 9, 17, 22] ;;; curseforge; {'file': ('desire_paths-neoforge-1.21.5_1.61.0.jar', <_io.BufferedReader name='.\\releases\\1.61.0\\desire_paths-neoforge-1.21.5_1.61.0.jar'>, 'application/jar'), 'metadata': (None, '{"changelog": "", "displayName": "desire_paths neoforge 1.21.5 1.61.0", "gameVersions": [9638, 9639, 10150, 12934, 13506], "gameVersionNames": ["Client", "Server", "NeoForge", "1.21.5", "1.21.7"], "releaseType": "release", "relations": {"projects": [{"slug": "gstools", "projectID": 1404020, "type": "requiredDependency"}]}}', 'application/json')}
[2026, 9, 28, 9, 17, 24] ;;; curseforge; Mod file uploaded successfully! Response: {'id': 8999324}
[2026, 9, 28, 9, 17, 25] ;;; curseforge; {'id': 9638, 'gameVersionTypeID': 75208, 'name': 'Client', 'slug': 'client', 'apiVersion': ''}
[2026, 9, 28, 9, 17, 25] ;;; curseforge; {'id': 9639, 'gameVersionTypeID': 75208, 'name': 'Server', 'slug': 'server', 'apiVersion': ''}
[2026, 9, 28, 9, 17, 25] ;;; curseforge; {'id': 10150, 'gameVersionTypeID': 68441, 'name': 'NeoForge', 'slug': 'neoforge', 'apiVersion': ''}
[2026, 9, 28, 9, 17, 25] ;;; curseforge; {'id': 12934, 'gameVersionTypeID': 77784, 'name': '1.21.5', 'slug': '1-21-5', 'apiVersion': None}
[2026, 9, 28, 9, 17, 25] ;;; curseforge; {'id': 12988, 'gameVersionTypeID': 1, 'name': '1.21.5', 'slug': '1-21-5', 'apiVersion': ''}
[2026, 9, 28, 9, 17, 25] ;;; curseforge; {'id': 16119, 'gameVersionTypeID': 615, 'name': '1.21.5', 'slug': '1-21-5', 'apiVersion': ''}
[2026, 9, 28, 9, 17, 25] ;;; curseforge; {'id': 9638, 'gameVersionTypeID': 75208, 'name': 'Client', 'slug': 'client', 'apiVersion': ''}
[2026, 9, 28, 9, 17, 25] ;;; curseforge; {'id': 9639, 'gameVersionTypeID': 75208, 'name': 'Server', 'slug': 'server', 'apiVersion': ''}
[2026, 9, 28, 9, 17, 25] ;;; curseforge; {'id': 10150, 'gameVersionTypeID': 68441, 'name': 'NeoForge', 'slug': 'neoforge', 'apiVersion': ''}
[2026, 9, 28, 9, 17, 25] ;;; curseforge; {'id': 13506, 'gameVersionTypeID': 77784, 'name': '1.21.7', 'slug': '1-21-7', 'apiVersion': None}
[2026, 9, 28, 9, 17, 25] ;;; curseforge; {'id': 13574, 'gameVersionTypeID': 1, 'name': '1.21.7', 'slug': '1-21-7', 'apiVersion': ''}
[2026, 9, 28, 9, 17, 25] ;;; curseforge; {'id': 16121, 'gameVersionTypeID': 615, 'name': '1.21.7', 'slug': '1-21-7', 'apiVersion': ''}
[2026, 9, 28, 9, 17, 28] ;;; curseforge; {'id': 9638, 'gameVersionTypeID': 75208, 'name': 'Client', 'slug': 'client', 'apiVersion': ''}
[2026, 9, 28, 9, 17, 28] ;;; curseforge; {'id': 9639, 'gameVersionTypeID': 75208, 'name': 'Server', 'slug': 'server', 'apiVersion': ''}
[2026, 9, 28, 9, 17, 28] ;;; curseforge; {'id': 10150, 'gameVersionTypeID': 68441, 'name': 'NeoForge', 'slug': 'neoforge', 'apiVersion': ''}
[2026, 9, 28, 9, 17, 28] ;;; curseforge; {'id': 13620, 'gameVersionTypeID': 77784, 'name': '1.21.8', 'slug': '1-21-8', 'apiVersion': None}
[2026, 9, 28, 9, 17, 28] ;;; curseforge; {'id': 13683, 'gameVersionTypeID': 1, 'name': '1.21.8', 'slug': '1-21-8', 'apiVersion': ''}
[2026, 9, 28, 9, 17, 28] ;;; curseforge; {'id': 16124, 'gameVersionTypeID': 615, 'name': '1.21.8', 'slug': '1-21-8', 'apiVersion': ''}
[2026, 9, 28, 9, 17, 28] ;;; curseforge; {'id': 9638, 'gameVersionTypeID': 75208, 'name': 'Client', 'slug': 'client', 'apiVersion': ''}
[2026, 9, 28, 9, 17, 28] ;;; curseforge; {'id': 9639, 'gameVersionTypeID': 75208, 'name': 'Server', 'slug': 'server', 'apiVersion': ''}
[2026, 9, 28, 9, 17, 28] ;;; curseforge; {'id': 10150, 'gameVersionTypeID': 68441, 'name': 'NeoForge', 'slug': 'neoforge', 'apiVersion': ''}
[2026, 9, 28, 9, 17, 28] ;;; curseforge; {'id': 13927, 'gameVersionTypeID': 77784, 'name': '1.21.9', 'slug': '1-21-9', 'apiVersion': None}
[2026, 9, 28, 9, 17, 28] ;;; curseforge; {'id': 13933, 'gameVersionTypeID': 1, 'name': '1.21.9', 'slug': '1-21-9', 'apiVersion': ''}
[2026, 9, 28, 9, 17, 28] ;;; curseforge; {'id': 16125, 'gameVersionTypeID': 615, 'name': '1.21.9', 'slug': '1-21-9', 'apiVersion': ''}
[2026, 9, 28, 9, 17, 28] ;;; curseforge; {'id': 9638, 'gameVersionTypeID': 75208, 'name': 'Client', 'slug': 'client', 'apiVersion': ''}
[2026, 9, 28, 9, 17, 28] ;;; curseforge; {'id': 9639, 'gameVersionTypeID': 75208, 'name': 'Server', 'slug': 'server', 'apiVersion': ''}
[2026, 9, 28, 9, 17, 28] ;;; curseforge; {'id': 10150, 'gameVersionTypeID': 68441, 'name': 'NeoForge', 'slug': 'neoforge', 'apiVersion': ''}
[2026, 9, 28, 9, 17, 28] ;;; curseforge; {'id': 13964, 'gameVersionTypeID': 77784, 'name': '1.21.10', 'slug': '1-21-10', 'apiVersion': None}
[2026, 9, 28, 9, 17, 28] ;;; curseforge; {'id': 13966, 'gameVersionTypeID': 1, 'name': '1.21.10', 'slug': '1-21-10', 'apiVersion': ''}
[2026, 9, 28, 9, 17, 28] ;;; curseforge; {'id': 16126, 'gameVersionTypeID': 615, 'name': '1.21.10', 'slug': '1-21-10', 'apiVersion': ''}
[2026, 9, 28, 9, 17, 28] ;;; curseforge; {'id': 9638, 'gameVersionTypeID': 75208, 'name': 'Client', 'slug': 'client', 'apiVersion': ''}
[2026, 9, 28, 9, 17, 28] ;;; curseforge; {'id': 9639, 'gameVersionTypeID': 75208, 'name': 'Server', 'slug': 'server', 'apiVersion': ''}
[2026, 9, 28, 9, 17, 28] ;;; curseforge; {'id': 10150, 'gameVersionTypeID': 68441, 'name': 'NeoForge', 'slug': 'neoforge', 'apiVersion': ''}
[2026, 9, 28, 9, 17, 28] ;;; curseforge; {'id': 14406, 'gameVersionTypeID': 77784, 'name': '1.21.11', 'slug': '1-21-11', 'apiVersion': None}
[2026, 9, 28, 9, 17, 28] ;;; curseforge; {'id': 14417, 'gameVersionTypeID': 1, 'name': '1.21.11', 'slug': '1-21-11', 'apiVersion': ''}
[2026, 9, 28, 9, 17, 28] ;;; curseforge; {'id': 16127, 'gameVersionTypeID': 615, 'name': '1.21.11', 'slug': '1-21-11', 'apiVersion': ''}
[2026, 9, 28, 9, 17, 28] ;;; curseforge; {'file': ('desire_paths-neoforge-1.21.8_1.61.0.jar', <_io.BufferedReader name='.\\releases\\1.61.0\\desire_paths-neoforge-1.21.8_1.61.0.jar'>, 'application/jar'), 'metadata': (None, '{"changelog": "", "displayName": "desire_paths neoforge 1.21.8 1.61.0", "gameVersions": [9638, 9639, 10150, 13620, 13927, 13964, 14406], "gameVersionNames": ["Client", "Server", "NeoForge", "1.21.8", "1.21.9", "1.21.10", "1.21.11"], "releaseType": "release", "relations": {"projects": [{"slug": "gstools", "projectID": 1404020, "type": "requiredDependency"}]}}', 'application/json')}
[2026, 9, 28, 9, 17, 33] ;;; curseforge; Mod file uploaded successfully! Response: {'id': 8999325}
[2026, 9, 28, 9, 17, 34] ;;; curseforge; {'id': 9638, 'gameVersionTypeID': 75208, 'name': 'Client', 'slug': 'client', 'apiVersion': ''}
[2026, 9, 28, 9, 17, 34] ;;; curseforge; {'id': 9639, 'gameVersionTypeID': 75208, 'name': 'Server', 'slug': 'server', 'apiVersion': ''}
[2026, 9, 28, 9, 17, 34] ;;; curseforge; {'id': 10150, 'gameVersionTypeID': 68441, 'name': 'NeoForge', 'slug': 'neoforge', 'apiVersion': ''}
[2026, 9, 28, 9, 17, 34] ;;; curseforge; {'id': 13620, 'gameVersionTypeID': 77784, 'name': '1.21.8', 'slug': '1-21-8', 'apiVersion': None}
[2026, 9, 28, 9, 17, 34] ;;; curseforge; {'id': 13683, 'gameVersionTypeID': 1, 'name': '1.21.8', 'slug': '1-21-8', 'apiVersion': ''}
[2026, 9, 28, 9, 17, 34] ;;; curseforge; {'id': 16124, 'gameVersionTypeID': 615, 'name': '1.21.8', 'slug': '1-21-8', 'apiVersion': ''}
[2026, 9, 28, 9, 17, 34] ;;; curseforge; {'id': 9638, 'gameVersionTypeID': 75208, 'name': 'Client', 'slug': 'client', 'apiVersion': ''}
[2026, 9, 28, 9, 17, 34] ;;; curseforge; {'id': 9639, 'gameVersionTypeID': 75208, 'name': 'Server', 'slug': 'server', 'apiVersion': ''}
[2026, 9, 28, 9, 17, 34] ;;; curseforge; {'id': 10150, 'gameVersionTypeID': 68441, 'name': 'NeoForge', 'slug': 'neoforge', 'apiVersion': ''}
[2026, 9, 28, 9, 17, 34] ;;; curseforge; {'id': 13927, 'gameVersionTypeID': 77784, 'name': '1.21.9', 'slug': '1-21-9', 'apiVersion': None}
[2026, 9, 28, 9, 17, 34] ;;; curseforge; {'id': 13933, 'gameVersionTypeID': 1, 'name': '1.21.9', 'slug': '1-21-9', 'apiVersion': ''}
[2026, 9, 28, 9, 17, 34] ;;; curseforge; {'id': 16125, 'gameVersionTypeID': 615, 'name': '1.21.9', 'slug': '1-21-9', 'apiVersion': ''}
[2026, 9, 28, 9, 17, 34] ;;; curseforge; {'id': 9638, 'gameVersionTypeID': 75208, 'name': 'Client', 'slug': 'client', 'apiVersion': ''}
[2026, 9, 28, 9, 17, 34] ;;; curseforge; {'id': 9639, 'gameVersionTypeID': 75208, 'name': 'Server', 'slug': 'server', 'apiVersion': ''}
[2026, 9, 28, 9, 17, 34] ;;; curseforge; {'id': 10150, 'gameVersionTypeID': 68441, 'name': 'NeoForge', 'slug': 'neoforge', 'apiVersion': ''}
[2026, 9, 28, 9, 17, 34] ;;; curseforge; {'id': 13964, 'gameVersionTypeID': 77784, 'name': '1.21.10', 'slug': '1-21-10', 'apiVersion': None}
[2026, 9, 28, 9, 17, 34] ;;; curseforge; {'id': 13966, 'gameVersionTypeID': 1, 'name': '1.21.10', 'slug': '1-21-10', 'apiVersion': ''}
[2026, 9, 28, 9, 17, 34] ;;; curseforge; {'id': 16126, 'gameVersionTypeID': 615, 'name': '1.21.10', 'slug': '1-21-10', 'apiVersion': ''}
[2026, 9, 28, 9, 17, 34] ;;; curseforge; {'id': 9638, 'gameVersionTypeID': 75208, 'name': 'Client', 'slug': 'client', 'apiVersion': ''}
[2026, 9, 28, 9, 17, 34] ;;; curseforge; {'id': 9639, 'gameVersionTypeID': 75208, 'name': 'Server', 'slug': 'server', 'apiVersion': ''}
[2026, 9, 28, 9, 17, 34] ;;; curseforge; {'id': 10150, 'gameVersionTypeID': 68441, 'name': 'NeoForge', 'slug': 'neoforge', 'apiVersion': ''}
[2026, 9, 28, 9, 17, 34] ;;; curseforge; {'id': 14406, 'gameVersionTypeID': 77784, 'name': '1.21.11', 'slug': '1-21-11', 'apiVersion': None}
[2026, 9, 28, 9, 17, 34] ;;; curseforge; {'id': 14417, 'gameVersionTypeID': 1, 'name': '1.21.11', 'slug': '1-21-11', 'apiVersion': ''}
[2026, 9, 28, 9, 17, 34] ;;; curseforge; {'id': 16127, 'gameVersionTypeID': 615, 'name': '1.21.11', 'slug': '1-21-11', 'apiVersion': ''}
[2026, 9, 28, 9, 17, 41] ;;; curseforge; {'id': 9638, 'gameVersionTypeID': 75208, 'name': 'Client', 'slug': 'client', 'apiVersion': ''}
[2026, 9, 28, 9, 17, 41] ;;; curseforge; {'id': 9639, 'gameVersionTypeID': 75208, 'name': 'Server', 'slug': 'server', 'apiVersion': ''}
[2026, 9, 28, 9, 17, 41] ;;; curseforge; {'id': 10150, 'gameVersionTypeID': 68441, 'name': 'NeoForge', 'slug': 'neoforge', 'apiVersion': ''}
[2026, 9, 28, 9, 17, 41] ;;; curseforge; {'id': 15933, 'gameVersionTypeID': 83806, 'name': '26.1', 'slug': '26-1', 'apiVersion': None}
[2026, 9, 28, 9, 17, 41] ;;; curseforge; {'id': 16083, 'gameVersionTypeID': 1, 'name': '26.1', 'slug': '26-1', 'apiVersion': ''}
[2026, 9, 28, 9, 17, 41] ;;; curseforge; {'id': 16128, 'gameVersionTypeID': 615, 'name': '26.1', 'slug': '26-1', 'apiVersion': ''}
[2026, 9, 28, 9, 17, 41] ;;; curseforge; {'id': 9638, 'gameVersionTypeID': 75208, 'name': 'Client', 'slug': 'client', 'apiVersion': ''}
[2026, 9, 28, 9, 17, 41] ;;; curseforge; {'id': 9639, 'gameVersionTypeID': 75208, 'name': 'Server', 'slug': 'server', 'apiVersion': ''}
[2026, 9, 28, 9, 17, 41] ;;; curseforge; {'id': 10150, 'gameVersionTypeID': 68441, 'name': 'NeoForge', 'slug': 'neoforge', 'apiVersion': ''}
[2026, 9, 28, 9, 17, 41] ;;; curseforge; {'id': 16021, 'gameVersionTypeID': 83806, 'name': '26.1.1', 'slug': '26-1-1', 'apiVersion': None}
[2026, 9, 28, 9, 17, 41] ;;; curseforge; {'id': 16084, 'gameVersionTypeID': 1, 'name': '26.1.1', 'slug': '26-1-1', 'apiVersion': ''}
[2026, 9, 28, 9, 17, 41] ;;; curseforge; {'id': 16129, 'gameVersionTypeID': 615, 'name': '26.1.1', 'slug': '26-1-1', 'apiVersion': ''}
[2026, 9, 28, 9, 17, 41] ;;; curseforge; {'id': 9638, 'gameVersionTypeID': 75208, 'name': 'Client', 'slug': 'client', 'apiVersion': ''}
[2026, 9, 28, 9, 17, 41] ;;; curseforge; {'id': 9639, 'gameVersionTypeID': 75208, 'name': 'Server', 'slug': 'server', 'apiVersion': ''}
[2026, 9, 28, 9, 17, 41] ;;; curseforge; {'id': 10150, 'gameVersionTypeID': 68441, 'name': 'NeoForge', 'slug': 'neoforge', 'apiVersion': ''}
[2026, 9, 28, 9, 17, 41] ;;; curseforge; {'id': 16082, 'gameVersionTypeID': 83806, 'name': '26.1.2', 'slug': '26-1-2', 'apiVersion': None}
[2026, 9, 28, 9, 17, 41] ;;; curseforge; {'id': 16085, 'gameVersionTypeID': 1, 'name': '26.1.2', 'slug': '26-1-2', 'apiVersion': ''}
[2026, 9, 28, 9, 17, 41] ;;; curseforge; {'id': 16130, 'gameVersionTypeID': 615, 'name': '26.1.2', 'slug': '26-1-2', 'apiVersion': ''}
[2026, 9, 28, 9, 17, 41] ;;; curseforge; {'file': ('desire_paths-neoforge-26.1_1.61.0.jar', <_io.BufferedReader name='.\\releases\\1.61.0\\desire_paths-neoforge-26.1_1.61.0.jar'>, 'application/jar'), 'metadata': (None, '{"changelog": "", "displayName": "desire_paths neoforge 26.1 1.61.0", "gameVersions": [9638, 9639, 10150, 15933, 16021, 16082], "gameVersionNames": ["Client", "Server", "NeoForge", "26.1", "26.1.1", "26.1.2"], "releaseType": "release", "relations": {"projects": [{"slug": "gstools", "projectID": 1404020, "type": "requiredDependency"}]}}', 'application/json')}
[2026, 9, 28, 9, 17, 44] ;;; curseforge; Mod file uploaded successfully! Response: {'id': 8999327}
[2026, 9, 28, 9, 17, 44] ;;; curseforge; {'id': 9638, 'gameVersionTypeID': 75208, 'name': 'Client', 'slug': 'client', 'apiVersion': ''}
[2026, 9, 28, 9, 17, 44] ;;; curseforge; {'id': 9639, 'gameVersionTypeID': 75208, 'name': 'Server', 'slug': 'server', 'apiVersion': ''}
[2026, 9, 28, 9, 17, 44] ;;; curseforge; {'id': 10150, 'gameVersionTypeID': 68441, 'name': 'NeoForge', 'slug': 'neoforge', 'apiVersion': ''}
[2026, 9, 28, 9, 17, 44] ;;; curseforge; {'id': 15933, 'gameVersionTypeID': 83806, 'name': '26.1', 'slug': '26-1', 'apiVersion': None}
[2026, 9, 28, 9, 17, 44] ;;; curseforge; {'id': 16083, 'gameVersionTypeID': 1, 'name': '26.1', 'slug': '26-1', 'apiVersion': ''}
[2026, 9, 28, 9, 17, 44] ;;; curseforge; {'id': 16128, 'gameVersionTypeID': 615, 'name': '26.1', 'slug': '26-1', 'apiVersion': ''}
[2026, 9, 28, 9, 17, 44] ;;; curseforge; {'id': 9638, 'gameVersionTypeID': 75208, 'name': 'Client', 'slug': 'client', 'apiVersion': ''}
[2026, 9, 28, 9, 17, 44] ;;; curseforge; {'id': 9639, 'gameVersionTypeID': 75208, 'name': 'Server', 'slug': 'server', 'apiVersion': ''}
[2026, 9, 28, 9, 17, 44] ;;; curseforge; {'id': 10150, 'gameVersionTypeID': 68441, 'name': 'NeoForge', 'slug': 'neoforge', 'apiVersion': ''}
[2026, 9, 28, 9, 17, 44] ;;; curseforge; {'id': 16021, 'gameVersionTypeID': 83806, 'name': '26.1.1', 'slug': '26-1-1', 'apiVersion': None}
[2026, 9, 28, 9, 17, 44] ;;; curseforge; {'id': 16084, 'gameVersionTypeID': 1, 'name': '26.1.1', 'slug': '26-1-1', 'apiVersion': ''}
[2026, 9, 28, 9, 17, 44] ;;; curseforge; {'id': 16129, 'gameVersionTypeID': 615, 'name': '26.1.1', 'slug': '26-1-1', 'apiVersion': ''}
[2026, 9, 28, 9, 17, 44] ;;; curseforge; {'id': 9638, 'gameVersionTypeID': 75208, 'name': 'Client', 'slug': 'client', 'apiVersion': ''}
[2026, 9, 28, 9, 17, 44] ;;; curseforge; {'id': 9639, 'gameVersionTypeID': 75208, 'name': 'Server', 'slug': 'server', 'apiVersion': ''}
[2026, 9, 28, 9, 17, 44] ;;; curseforge; {'id': 10150, 'gameVersionTypeID': 68441, 'name': 'NeoForge', 'slug': 'neoforge', 'apiVersion': ''}
[2026, 9, 28, 9, 17, 44] ;;; curseforge; {'id': 16082, 'gameVersionTypeID': 83806, 'name': '26.1.2', 'slug': '26-1-2', 'apiVersion': None}
[2026, 9, 28, 9, 17, 44] ;;; curseforge; {'id': 16085, 'gameVersionTypeID': 1, 'name': '26.1.2', 'slug': '26-1-2', 'apiVersion': ''}
[2026, 9, 28, 9, 17, 44] ;;; curseforge; {'id': 16130, 'gameVersionTypeID': 615, 'name': '26.1.2', 'slug': '26-1-2', 'apiVersion': ''}
[2026, 9, 28, 9, 17, 49] ;;; curseforge; {'id': 7499, 'gameVersionTypeID': 68441, 'name': 'Fabric', 'slug': 'fabric', 'apiVersion': ''}
[2026, 9, 28, 9, 17, 49] ;;; curseforge; {'id': 9638, 'gameVersionTypeID': 75208, 'name': 'Client', 'slug': 'client', 'apiVersion': ''}
[2026, 9, 28, 9, 17, 49] ;;; curseforge; {'id': 9639, 'gameVersionTypeID': 75208, 'name': 'Server', 'slug': 'server', 'apiVersion': ''}
[2026, 9, 28, 9, 17, 49] ;;; curseforge; {'id': 13620, 'gameVersionTypeID': 77784, 'name': '1.21.8', 'slug': '1-21-8', 'apiVersion': None}
[2026, 9, 28, 9, 17, 49] ;;; curseforge; {'id': 13683, 'gameVersionTypeID': 1, 'name': '1.21.8', 'slug': '1-21-8', 'apiVersion': ''}
[2026, 9, 28, 9, 17, 49] ;;; curseforge; {'id': 16124, 'gameVersionTypeID': 615, 'name': '1.21.8', 'slug': '1-21-8', 'apiVersion': ''}
[2026, 9, 28, 9, 17, 49] ;;; curseforge; {'file': ('dynamic_dirt-fabric-1.21.8_1.61.0.jar', <_io.BufferedReader name='.\\releases\\1.61.0\\dynamic_dirt-fabric-1.21.8_1.61.0.jar'>, 'application/jar'), 'metadata': (None, '{"changelog": "", "displayName": "dynamic_dirt fabric 1.21.8 1.61.0", "gameVersions": [7499, 9638, 9639, 13620], "gameVersionNames": ["Fabric", "Client", "Server", "1.21.8"], "releaseType": "release", "relations": {"projects": [{"slug": "gstools", "projectID": 1404020, "type": "requiredDependency"}]}}', 'application/json')}
[2026, 9, 28, 9, 17, 51] ;;; curseforge; Mod file uploaded successfully! Response: {'id': 8999328}
[2026, 9, 28, 9, 17, 51] ;;; curseforge; {'id': 7499, 'gameVersionTypeID': 68441, 'name': 'Fabric', 'slug': 'fabric', 'apiVersion': ''}
[2026, 9, 28, 9, 17, 51] ;;; curseforge; {'id': 9638, 'gameVersionTypeID': 75208, 'name': 'Client', 'slug': 'client', 'apiVersion': ''}
[2026, 9, 28, 9, 17, 51] ;;; curseforge; {'id': 9639, 'gameVersionTypeID': 75208, 'name': 'Server', 'slug': 'server', 'apiVersion': ''}
[2026, 9, 28, 9, 17, 51] ;;; curseforge; {'id': 13620, 'gameVersionTypeID': 77784, 'name': '1.21.8', 'slug': '1-21-8', 'apiVersion': None}
[2026, 9, 28, 9, 17, 51] ;;; curseforge; {'id': 13683, 'gameVersionTypeID': 1, 'name': '1.21.8', 'slug': '1-21-8', 'apiVersion': ''}
[2026, 9, 28, 9, 17, 51] ;;; curseforge; {'id': 16124, 'gameVersionTypeID': 615, 'name': '1.21.8', 'slug': '1-21-8', 'apiVersion': ''}
[2026, 9, 28, 9, 17, 53] ;;; curseforge; {'id': 7499, 'gameVersionTypeID': 68441, 'name': 'Fabric', 'slug': 'fabric', 'apiVersion': ''}
[2026, 9, 28, 9, 17, 53] ;;; curseforge; {'id': 9638, 'gameVersionTypeID': 75208, 'name': 'Client', 'slug': 'client', 'apiVersion': ''}
[2026, 9, 28, 9, 17, 53] ;;; curseforge; {'id': 9639, 'gameVersionTypeID': 75208, 'name': 'Server', 'slug': 'server', 'apiVersion': ''}
[2026, 9, 28, 9, 17, 53] ;;; curseforge; {'id': 13927, 'gameVersionTypeID': 77784, 'name': '1.21.9', 'slug': '1-21-9', 'apiVersion': None}
[2026, 9, 28, 9, 17, 53] ;;; curseforge; {'id': 13933, 'gameVersionTypeID': 1, 'name': '1.21.9', 'slug': '1-21-9', 'apiVersion': ''}
[2026, 9, 28, 9, 17, 53] ;;; curseforge; {'id': 16125, 'gameVersionTypeID': 615, 'name': '1.21.9', 'slug': '1-21-9', 'apiVersion': ''}
[2026, 9, 28, 9, 17, 53] ;;; curseforge; {'id': 7499, 'gameVersionTypeID': 68441, 'name': 'Fabric', 'slug': 'fabric', 'apiVersion': ''}
[2026, 9, 28, 9, 17, 53] ;;; curseforge; {'id': 9638, 'gameVersionTypeID': 75208, 'name': 'Client', 'slug': 'client', 'apiVersion': ''}
[2026, 9, 28, 9, 17, 53] ;;; curseforge; {'id': 9639, 'gameVersionTypeID': 75208, 'name': 'Server', 'slug': 'server', 'apiVersion': ''}
[2026, 9, 28, 9, 17, 53] ;;; curseforge; {'id': 13964, 'gameVersionTypeID': 77784, 'name': '1.21.10', 'slug': '1-21-10', 'apiVersion': None}
[2026, 9, 28, 9, 17, 53] ;;; curseforge; {'id': 13966, 'gameVersionTypeID': 1, 'name': '1.21.10', 'slug': '1-21-10', 'apiVersion': ''}
[2026, 9, 28, 9, 17, 53] ;;; curseforge; {'id': 16126, 'gameVersionTypeID': 615, 'name': '1.21.10', 'slug': '1-21-10', 'apiVersion': ''}
[2026, 9, 28, 9, 17, 53] ;;; curseforge; {'id': 7499, 'gameVersionTypeID': 68441, 'name': 'Fabric', 'slug': 'fabric', 'apiVersion': ''}
[2026, 9, 28, 9, 17, 53] ;;; curseforge; {'id': 9638, 'gameVersionTypeID': 75208, 'name': 'Client', 'slug': 'client', 'apiVersion': ''}
[2026, 9, 28, 9, 17, 53] ;;; curseforge; {'id': 9639, 'gameVersionTypeID': 75208, 'name': 'Server', 'slug': 'server', 'apiVersion': ''}
[2026, 9, 28, 9, 17, 53] ;;; curseforge; {'id': 14406, 'gameVersionTypeID': 77784, 'name': '1.21.11', 'slug': '1-21-11', 'apiVersion': None}
[2026, 9, 28, 9, 17, 53] ;;; curseforge; {'id': 14417, 'gameVersionTypeID': 1, 'name': '1.21.11', 'slug': '1-21-11', 'apiVersion': ''}
[2026, 9, 28, 9, 17, 53] ;;; curseforge; {'id': 16127, 'gameVersionTypeID': 615, 'name': '1.21.11', 'slug': '1-21-11', 'apiVersion': ''}
[2026, 9, 28, 9, 17, 53] ;;; curseforge; {'file': ('dynamic_dirt-fabric-1.21.9_1.61.0.jar', <_io.BufferedReader name='.\\releases\\1.61.0\\dynamic_dirt-fabric-1.21.9_1.61.0.jar'>, 'application/jar'), 'metadata': (None, '{"changelog": "", "displayName": "dynamic_dirt fabric 1.21.9 1.61.0", "gameVersions": [7499, 9638, 9639, 13927, 13964, 14406], "gameVersionNames": ["Fabric", "Client", "Server", "1.21.9", "1.21.10", "1.21.11"], "releaseType": "release", "relations": {"projects": [{"slug": "gstools", "projectID": 1404020, "type": "requiredDependency"}]}}', 'application/json')}
[2026, 9, 28, 9, 17, 55] ;;; curseforge; Mod file uploaded successfully! Response: {'id': 8999329}
[2026, 9, 28, 9, 17, 55] ;;; curseforge; {'id': 7499, 'gameVersionTypeID': 68441, 'name': 'Fabric', 'slug': 'fabric', 'apiVersion': ''}
[2026, 9, 28, 9, 17, 55] ;;; curseforge; {'id': 9638, 'gameVersionTypeID': 75208, 'name': 'Client', 'slug': 'client', 'apiVersion': ''}
[2026, 9, 28, 9, 17, 55] ;;; curseforge; {'id': 9639, 'gameVersionTypeID': 75208, 'name': 'Server', 'slug': 'server', 'apiVersion': ''}
[2026, 9, 28, 9, 17, 55] ;;; curseforge; {'id': 13927, 'gameVersionTypeID': 77784, 'name': '1.21.9', 'slug': '1-21-9', 'apiVersion': None}
[2026, 9, 28, 9, 17, 55] ;;; curseforge; {'id': 13933, 'gameVersionTypeID': 1, 'name': '1.21.9', 'slug': '1-21-9', 'apiVersion': ''}
[2026, 9, 28, 9, 17, 55] ;;; curseforge; {'id': 16125, 'gameVersionTypeID': 615, 'name': '1.21.9', 'slug': '1-21-9', 'apiVersion': ''}
[2026, 9, 28, 9, 17, 55] ;;; curseforge; {'id': 7499, 'gameVersionTypeID': 68441, 'name': 'Fabric', 'slug': 'fabric', 'apiVersion': ''}
[2026, 9, 28, 9, 17, 55] ;;; curseforge; {'id': 9638, 'gameVersionTypeID': 75208, 'name': 'Client', 'slug': 'client', 'apiVersion': ''}
[2026, 9, 28, 9, 17, 55] ;;; curseforge; {'id': 9639, 'gameVersionTypeID': 75208, 'name': 'Server', 'slug': 'server', 'apiVersion': ''}
[2026, 9, 28, 9, 17, 55] ;;; curseforge; {'id': 13964, 'gameVersionTypeID': 77784, 'name': '1.21.10', 'slug': '1-21-10', 'apiVersion': None}
[2026, 9, 28, 9, 17, 55] ;;; curseforge; {'id': 13966, 'gameVersionTypeID': 1, 'name': '1.21.10', 'slug': '1-21-10', 'apiVersion': ''}
[2026, 9, 28, 9, 17, 55] ;;; curseforge; {'id': 16126, 'gameVersionTypeID': 615, 'name': '1.21.10', 'slug': '1-21-10', 'apiVersion': ''}
[2026, 9, 28, 9, 17, 55] ;;; curseforge; {'id': 7499, 'gameVersionTypeID': 68441, 'name': 'Fabric', 'slug': 'fabric', 'apiVersion': ''}
[2026, 9, 28, 9, 17, 55] ;;; curseforge; {'id': 9638, 'gameVersionTypeID': 75208, 'name': 'Client', 'slug': 'client', 'apiVersion': ''}
[2026, 9, 28, 9, 17, 55] ;;; curseforge; {'id': 9639, 'gameVersionTypeID': 75208, 'name': 'Server', 'slug': 'server', 'apiVersion': ''}
[2026, 9, 28, 9, 17, 55] ;;; curseforge; {'id': 14406, 'gameVersionTypeID': 77784, 'name': '1.21.11', 'slug': '1-21-11', 'apiVersion': None}
[2026, 9, 28, 9, 17, 55] ;;; curseforge; {'id': 14417, 'gameVersionTypeID': 1, 'name': '1.21.11', 'slug': '1-21-11', 'apiVersion': ''}
[2026, 9, 28, 9, 17, 55] ;;; curseforge; {'id': 16127, 'gameVersionTypeID': 615, 'name': '1.21.11', 'slug': '1-21-11', 'apiVersion': ''}
[2026, 9, 28, 9, 17, 57] ;;; curseforge; {'id': 7499, 'gameVersionTypeID': 68441, 'name': 'Fabric', 'slug': 'fabric', 'apiVersion': ''}
[2026, 9, 28, 9, 17, 57] ;;; curseforge; {'id': 9638, 'gameVersionTypeID': 75208, 'name': 'Client', 'slug': 'client', 'apiVersion': ''}
[2026, 9, 28, 9, 17, 57] ;;; curseforge; {'id': 9639, 'gameVersionTypeID': 75208, 'name': 'Server', 'slug': 'server', 'apiVersion': ''}
[2026, 9, 28, 9, 17, 57] ;;; curseforge; {'id': 15933, 'gameVersionTypeID': 83806, 'name': '26.1', 'slug': '26-1', 'apiVersion': None}
[2026, 9, 28, 9, 17, 57] ;;; curseforge; {'id': 16083, 'gameVersionTypeID': 1, 'name': '26.1', 'slug': '26-1', 'apiVersion': ''}
[2026, 9, 28, 9, 17, 57] ;;; curseforge; {'id': 16128, 'gameVersionTypeID': 615, 'name': '26.1', 'slug': '26-1', 'apiVersion': ''}
[2026, 9, 28, 9, 17, 57] ;;; curseforge; {'id': 7499, 'gameVersionTypeID': 68441, 'name': 'Fabric', 'slug': 'fabric', 'apiVersion': ''}
[2026, 9, 28, 9, 17, 57] ;;; curseforge; {'id': 9638, 'gameVersionTypeID': 75208, 'name': 'Client', 'slug': 'client', 'apiVersion': ''}
[2026, 9, 28, 9, 17, 57] ;;; curseforge; {'id': 9639, 'gameVersionTypeID': 75208, 'name': 'Server', 'slug': 'server', 'apiVersion': ''}
[2026, 9, 28, 9, 17, 57] ;;; curseforge; {'id': 16021, 'gameVersionTypeID': 83806, 'name': '26.1.1', 'slug': '26-1-1', 'apiVersion': None}
[2026, 9, 28, 9, 17, 57] ;;; curseforge; {'id': 16084, 'gameVersionTypeID': 1, 'name': '26.1.1', 'slug': '26-1-1', 'apiVersion': ''}
[2026, 9, 28, 9, 17, 57] ;;; curseforge; {'id': 16129, 'gameVersionTypeID': 615, 'name': '26.1.1', 'slug': '26-1-1', 'apiVersion': ''}
[2026, 9, 28, 9, 17, 57] ;;; curseforge; {'id': 7499, 'gameVersionTypeID': 68441, 'name': 'Fabric', 'slug': 'fabric', 'apiVersion': ''}
[2026, 9, 28, 9, 17, 57] ;;; curseforge; {'id': 9638, 'gameVersionTypeID': 75208, 'name': 'Client', 'slug': 'client', 'apiVersion': ''}
[2026, 9, 28, 9, 17, 57] ;;; curseforge; {'id': 9639, 'gameVersionTypeID': 75208, 'name': 'Server', 'slug': 'server', 'apiVersion': ''}
[2026, 9, 28, 9, 17, 57] ;;; curseforge; {'id': 16082, 'gameVersionTypeID': 83806, 'name': '26.1.2', 'slug': '26-1-2', 'apiVersion': None}
[2026, 9, 28, 9, 17, 57] ;;; curseforge; {'id': 16085, 'gameVersionTypeID': 1, 'name': '26.1.2', 'slug': '26-1-2', 'apiVersion': ''}
[2026, 9, 28, 9, 17, 57] ;;; curseforge; {'id': 16130, 'gameVersionTypeID': 615, 'name': '26.1.2', 'slug': '26-1-2', 'apiVersion': ''}
[2026, 9, 28, 9, 17, 57] ;;; curseforge; {'file': ('dynamic_dirt-fabric-26.1_1.61.0.jar', <_io.BufferedReader name='.\\releases\\1.61.0\\dynamic_dirt-fabric-26.1_1.61.0.jar'>, 'application/jar'), 'metadata': (None, '{"changelog": "", "displayName": "dynamic_dirt fabric 26.1 1.61.0", "gameVersions": [7499, 9638, 9639, 15933, 16021, 16082], "gameVersionNames": ["Fabric", "Client", "Server", "26.1", "26.1.1", "26.1.2"], "releaseType": "release", "relations": {"projects": [{"slug": "gstools", "projectID": 1404020, "type": "requiredDependency"}]}}', 'application/json')}
[2026, 9, 28, 9, 17, 58] ;;; curseforge; Mod file uploaded successfully! Response: {'id': 8999332}
[2026, 9, 28, 9, 17, 59] ;;; curseforge; {'id': 7499, 'gameVersionTypeID': 68441, 'name': 'Fabric', 'slug': 'fabric', 'apiVersion': ''}
[2026, 9, 28, 9, 17, 59] ;;; curseforge; {'id': 9638, 'gameVersionTypeID': 75208, 'name': 'Client', 'slug': 'client', 'apiVersion': ''}
[2026, 9, 28, 9, 17, 59] ;;; curseforge; {'id': 9639, 'gameVersionTypeID': 75208, 'name': 'Server', 'slug': 'server', 'apiVersion': ''}
[2026, 9, 28, 9, 17, 59] ;;; curseforge; {'id': 15933, 'gameVersionTypeID': 83806, 'name': '26.1', 'slug': '26-1', 'apiVersion': None}
[2026, 9, 28, 9, 17, 59] ;;; curseforge; {'id': 16083, 'gameVersionTypeID': 1, 'name': '26.1', 'slug': '26-1', 'apiVersion': ''}
[2026, 9, 28, 9, 17, 59] ;;; curseforge; {'id': 16128, 'gameVersionTypeID': 615, 'name': '26.1', 'slug': '26-1', 'apiVersion': ''}
[2026, 9, 28, 9, 17, 59] ;;; curseforge; {'id': 7499, 'gameVersionTypeID': 68441, 'name': 'Fabric', 'slug': 'fabric', 'apiVersion': ''}
[2026, 9, 28, 9, 17, 59] ;;; curseforge; {'id': 9638, 'gameVersionTypeID': 75208, 'name': 'Client', 'slug': 'client', 'apiVersion': ''}
[2026, 9, 28, 9, 17, 59] ;;; curseforge; {'id': 9639, 'gameVersionTypeID': 75208, 'name': 'Server', 'slug': 'server', 'apiVersion': ''}
[2026, 9, 28, 9, 17, 59] ;;; curseforge; {'id': 16021, 'gameVersionTypeID': 83806, 'name': '26.1.1', 'slug': '26-1-1', 'apiVersion': None}
[2026, 9, 28, 9, 17, 59] ;;; curseforge; {'id': 16084, 'gameVersionTypeID': 1, 'name': '26.1.1', 'slug': '26-1-1', 'apiVersion': ''}
[2026, 9, 28, 9, 17, 59] ;;; curseforge; {'id': 16129, 'gameVersionTypeID': 615, 'name': '26.1.1', 'slug': '26-1-1', 'apiVersion': ''}
[2026, 9, 28, 9, 17, 59] ;;; curseforge; {'id': 7499, 'gameVersionTypeID': 68441, 'name': 'Fabric', 'slug': 'fabric', 'apiVersion': ''}
[2026, 9, 28, 9, 17, 59] ;;; curseforge; {'id': 9638, 'gameVersionTypeID': 75208, 'name': 'Client', 'slug': 'client', 'apiVersion': ''}
[2026, 9, 28, 9, 17, 59] ;;; curseforge; {'id': 9639, 'gameVersionTypeID': 75208, 'name': 'Server', 'slug': 'server', 'apiVersion': ''}
[2026, 9, 28, 9, 17, 59] ;;; curseforge; {'id': 16082, 'gameVersionTypeID': 83806, 'name': '26.1.2', 'slug': '26-1-2', 'apiVersion': None}
[2026, 9, 28, 9, 17, 59] ;;; curseforge; {'id': 16085, 'gameVersionTypeID': 1, 'name': '26.1.2', 'slug': '26-1-2', 'apiVersion': ''}
[2026, 9, 28, 9, 17, 59] ;;; curseforge; {'id': 16130, 'gameVersionTypeID': 615, 'name': '26.1.2', 'slug': '26-1-2', 'apiVersion': ''}
[2026, 9, 28, 9, 18, 2] ;;; curseforge; {'id': 7499, 'gameVersionTypeID': 68441, 'name': 'Fabric', 'slug': 'fabric', 'apiVersion': ''}
[2026, 9, 28, 9, 18, 2] ;;; curseforge; {'id': 9638, 'gameVersionTypeID': 75208, 'name': 'Client', 'slug': 'client', 'apiVersion': ''}
[2026, 9, 28, 9, 18, 2] ;;; curseforge; {'id': 9639, 'gameVersionTypeID': 75208, 'name': 'Server', 'slug': 'server', 'apiVersion': ''}
[2026, 9, 28, 9, 18, 2] ;;; curseforge; {'id': 16498, 'gameVersionTypeID': 86297, 'name': '26.2', 'slug': '26-2', 'apiVersion': None}
[2026, 9, 28, 9, 18, 2] ;;; curseforge; {'id': 16500, 'gameVersionTypeID': 1, 'name': '26.2', 'slug': '26-2', 'apiVersion': ''}
[2026, 9, 28, 9, 18, 2] ;;; curseforge; {'file': ('dynamic_dirt-fabric-26.2_1.61.0.jar', <_io.BufferedReader name='.\\releases\\1.61.0\\dynamic_dirt-fabric-26.2_1.61.0.jar'>, 'application/jar'), 'metadata': (None, '{"changelog": "", "displayName": "dynamic_dirt fabric 26.2 1.61.0", "gameVersions": [7499, 9638, 9639, 16498], "gameVersionNames": ["Fabric", "Client", "Server", "26.2"], "releaseType": "release", "relations": {"projects": [{"slug": "gstools", "projectID": 1404020, "type": "requiredDependency"}]}}', 'application/json')}
[2026, 9, 28, 9, 18, 3] ;;; curseforge; Mod file uploaded successfully! Response: {'id': 8999333}
[2026, 9, 28, 9, 18, 3] ;;; curseforge; {'id': 7499, 'gameVersionTypeID': 68441, 'name': 'Fabric', 'slug': 'fabric', 'apiVersion': ''}
[2026, 9, 28, 9, 18, 3] ;;; curseforge; {'id': 9638, 'gameVersionTypeID': 75208, 'name': 'Client', 'slug': 'client', 'apiVersion': ''}
[2026, 9, 28, 9, 18, 3] ;;; curseforge; {'id': 9639, 'gameVersionTypeID': 75208, 'name': 'Server', 'slug': 'server', 'apiVersion': ''}
[2026, 9, 28, 9, 18, 3] ;;; curseforge; {'id': 16498, 'gameVersionTypeID': 86297, 'name': '26.2', 'slug': '26-2', 'apiVersion': None}
[2026, 9, 28, 9, 18, 3] ;;; curseforge; {'id': 16500, 'gameVersionTypeID': 1, 'name': '26.2', 'slug': '26-2', 'apiVersion': ''}
[2026, 9, 28, 9, 18, 6] ;;; curseforge; {'id': 7498, 'gameVersionTypeID': 68441, 'name': 'Forge', 'slug': 'forge', 'apiVersion': ''}
[2026, 9, 28, 9, 18, 6] ;;; curseforge; {'id': 9638, 'gameVersionTypeID': 75208, 'name': 'Client', 'slug': 'client', 'apiVersion': ''}
[2026, 9, 28, 9, 18, 6] ;;; curseforge; {'id': 9639, 'gameVersionTypeID': 75208, 'name': 'Server', 'slug': 'server', 'apiVersion': ''}
[2026, 9, 28, 9, 18, 6] ;;; curseforge; {'id': 9776, 'gameVersionTypeID': 73407, 'name': '1.19.4', 'slug': '1-19-4', 'apiVersion': ''}
[2026, 9, 28, 9, 18, 6] ;;; curseforge; {'id': 9792, 'gameVersionTypeID': 615, 'name': '1.19.4', 'slug': '1-19-4', 'apiVersion': ''}
[2026, 9, 28, 9, 18, 6] ;;; curseforge; {'id': 9973, 'gameVersionTypeID': 1, 'name': '1.19.4', 'slug': '1-19-4', 'apiVersion': ''}
[2026, 9, 28, 9, 18, 6] ;;; curseforge; {'file': ('dynamic_dirt-forge-1.19.4_1.61.0.jar', <_io.BufferedReader name='.\\releases\\1.61.0\\dynamic_dirt-forge-1.19.4_1.61.0.jar'>, 'application/jar'), 'metadata': (None, '{"changelog": "", "displayName": "dynamic_dirt forge 1.19.4 1.61.0", "gameVersions": [7498, 9638, 9639, 9776], "gameVersionNames": ["Forge", "Client", "Server", "1.19.4"], "releaseType": "release", "relations": {"projects": [{"slug": "gstools", "projectID": 1404020, "type": "requiredDependency"}]}}', 'application/json')}
[2026, 9, 28, 9, 18, 6] ;;; curseforge; Mod file uploaded successfully! Response: {'id': 8999334}
[2026, 9, 28, 9, 18, 7] ;;; curseforge; {'id': 7498, 'gameVersionTypeID': 68441, 'name': 'Forge', 'slug': 'forge', 'apiVersion': ''}
[2026, 9, 28, 9, 18, 7] ;;; curseforge; {'id': 9638, 'gameVersionTypeID': 75208, 'name': 'Client', 'slug': 'client', 'apiVersion': ''}
[2026, 9, 28, 9, 18, 7] ;;; curseforge; {'id': 9639, 'gameVersionTypeID': 75208, 'name': 'Server', 'slug': 'server', 'apiVersion': ''}
[2026, 9, 28, 9, 18, 7] ;;; curseforge; {'id': 9776, 'gameVersionTypeID': 73407, 'name': '1.19.4', 'slug': '1-19-4', 'apiVersion': ''}
[2026, 9, 28, 9, 18, 7] ;;; curseforge; {'id': 9792, 'gameVersionTypeID': 615, 'name': '1.19.4', 'slug': '1-19-4', 'apiVersion': ''}
[2026, 9, 28, 9, 18, 7] ;;; curseforge; {'id': 9973, 'gameVersionTypeID': 1, 'name': '1.19.4', 'slug': '1-19-4', 'apiVersion': ''}
[2026, 9, 28, 9, 18, 9] ;;; curseforge; {'id': 9638, 'gameVersionTypeID': 75208, 'name': 'Client', 'slug': 'client', 'apiVersion': ''}
[2026, 9, 28, 9, 18, 9] ;;; curseforge; {'id': 9639, 'gameVersionTypeID': 75208, 'name': 'Server', 'slug': 'server', 'apiVersion': ''}
[2026, 9, 28, 9, 18, 9] ;;; curseforge; {'id': 10150, 'gameVersionTypeID': 68441, 'name': 'NeoForge', 'slug': 'neoforge', 'apiVersion': ''}
[2026, 9, 28, 9, 18, 9] ;;; curseforge; {'id': 10407, 'gameVersionTypeID': 75125, 'name': '1.20.4', 'slug': '1-20-4', 'apiVersion': None}
[2026, 9, 28, 9, 18, 9] ;;; curseforge; {'id': 10742, 'gameVersionTypeID': 1, 'name': '1.20.4', 'slug': '1-20-4', 'apiVersion': ''}
[2026, 9, 28, 9, 18, 9] ;;; curseforge; {'id': 10866, 'gameVersionTypeID': 615, 'name': '1.20.4', 'slug': '1-20-4', 'apiVersion': ''}
[2026, 9, 28, 9, 18, 9] ;;; curseforge; {'file': ('dynamic_dirt-neoforge-1.20.4_1.61.0.jar', <_io.BufferedReader name='.\\releases\\1.61.0\\dynamic_dirt-neoforge-1.20.4_1.61.0.jar'>, 'application/jar'), 'metadata': (None, '{"changelog": "", "displayName": "dynamic_dirt neoforge 1.20.4 1.61.0", "gameVersions": [9638, 9639, 10150, 10407], "gameVersionNames": ["Client", "Server", "NeoForge", "1.20.4"], "releaseType": "release", "relations": {"projects": [{"slug": "gstools", "projectID": 1404020, "type": "requiredDependency"}]}}', 'application/json')}
[2026, 9, 28, 9, 18, 10] ;;; curseforge; Mod file uploaded successfully! Response: {'id': 8999335}
[2026, 9, 28, 9, 18, 10] ;;; curseforge; {'id': 9638, 'gameVersionTypeID': 75208, 'name': 'Client', 'slug': 'client', 'apiVersion': ''}
[2026, 9, 28, 9, 18, 10] ;;; curseforge; {'id': 9639, 'gameVersionTypeID': 75208, 'name': 'Server', 'slug': 'server', 'apiVersion': ''}
[2026, 9, 28, 9, 18, 10] ;;; curseforge; {'id': 10150, 'gameVersionTypeID': 68441, 'name': 'NeoForge', 'slug': 'neoforge', 'apiVersion': ''}
[2026, 9, 28, 9, 18, 10] ;;; curseforge; {'id': 10407, 'gameVersionTypeID': 75125, 'name': '1.20.4', 'slug': '1-20-4', 'apiVersion': None}
[2026, 9, 28, 9, 18, 10] ;;; curseforge; {'id': 10742, 'gameVersionTypeID': 1, 'name': '1.20.4', 'slug': '1-20-4', 'apiVersion': ''}
[2026, 9, 28, 9, 18, 10] ;;; curseforge; {'id': 10866, 'gameVersionTypeID': 615, 'name': '1.20.4', 'slug': '1-20-4', 'apiVersion': ''}
[2026, 9, 28, 9, 18, 12] ;;; curseforge; {'id': 9638, 'gameVersionTypeID': 75208, 'name': 'Client', 'slug': 'client', 'apiVersion': ''}
[2026, 9, 28, 9, 18, 12] ;;; curseforge; {'id': 9639, 'gameVersionTypeID': 75208, 'name': 'Server', 'slug': 'server', 'apiVersion': ''}
[2026, 9, 28, 9, 18, 12] ;;; curseforge; {'id': 10150, 'gameVersionTypeID': 68441, 'name': 'NeoForge', 'slug': 'neoforge', 'apiVersion': ''}
[2026, 9, 28, 9, 18, 12] ;;; curseforge; {'id': 11198, 'gameVersionTypeID': 75125, 'name': '1.20.6', 'slug': '1-20-6', 'apiVersion': None}
[2026, 9, 28, 9, 18, 12] ;;; curseforge; {'id': 11307, 'gameVersionTypeID': 1, 'name': '1.20.6', 'slug': '1-20-6', 'apiVersion': ''}
[2026, 9, 28, 9, 18, 12] ;;; curseforge; {'id': 11309, 'gameVersionTypeID': 615, 'name': '1.20.6', 'slug': '1-20-6', 'apiVersion': ''}
[2026, 9, 28, 9, 18, 12] ;;; curseforge; {'id': 9638, 'gameVersionTypeID': 75208, 'name': 'Client', 'slug': 'client', 'apiVersion': ''}
[2026, 9, 28, 9, 18, 12] ;;; curseforge; {'id': 9639, 'gameVersionTypeID': 75208, 'name': 'Server', 'slug': 'server', 'apiVersion': ''}
[2026, 9, 28, 9, 18, 12] ;;; curseforge; {'id': 10150, 'gameVersionTypeID': 68441, 'name': 'NeoForge', 'slug': 'neoforge', 'apiVersion': ''}
[2026, 9, 28, 9, 18, 12] ;;; curseforge; {'id': 11457, 'gameVersionTypeID': 77784, 'name': '1.21', 'slug': '1-21', 'apiVersion': ''}
[2026, 9, 28, 9, 18, 12] ;;; curseforge; {'id': 11458, 'gameVersionTypeID': 615, 'name': '1.21', 'slug': '1-21', 'apiVersion': ''}
[2026, 9, 28, 9, 18, 12] ;;; curseforge; {'id': 11515, 'gameVersionTypeID': 1, 'name': '1.21', 'slug': '1-21', 'apiVersion': ''}
[2026, 9, 28, 9, 18, 12] ;;; curseforge; {'file': ('dynamic_dirt-neoforge-1.20.6_1.61.0.jar', <_io.BufferedReader name='.\\releases\\1.61.0\\dynamic_dirt-neoforge-1.20.6_1.61.0.jar'>, 'application/jar'), 'metadata': (None, '{"changelog": "", "displayName": "dynamic_dirt neoforge 1.20.6 1.61.0", "gameVersions": [9638, 9639, 10150, 11198, 11457], "gameVersionNames": ["Client", "Server", "NeoForge", "1.20.6", "1.21"], "releaseType": "release", "relations": {"projects": [{"slug": "gstools", "projectID": 1404020, "type": "requiredDependency"}]}}', 'application/json')}
[2026, 9, 28, 9, 18, 13] ;;; curseforge; Mod file uploaded successfully! Response: {'id': 8999336}
[2026, 9, 28, 9, 18, 14] ;;; curseforge; {'id': 9638, 'gameVersionTypeID': 75208, 'name': 'Client', 'slug': 'client', 'apiVersion': ''}
[2026, 9, 28, 9, 18, 14] ;;; curseforge; {'id': 9639, 'gameVersionTypeID': 75208, 'name': 'Server', 'slug': 'server', 'apiVersion': ''}
[2026, 9, 28, 9, 18, 14] ;;; curseforge; {'id': 10150, 'gameVersionTypeID': 68441, 'name': 'NeoForge', 'slug': 'neoforge', 'apiVersion': ''}
[2026, 9, 28, 9, 18, 14] ;;; curseforge; {'id': 11198, 'gameVersionTypeID': 75125, 'name': '1.20.6', 'slug': '1-20-6', 'apiVersion': None}
[2026, 9, 28, 9, 18, 14] ;;; curseforge; {'id': 11307, 'gameVersionTypeID': 1, 'name': '1.20.6', 'slug': '1-20-6', 'apiVersion': ''}
[2026, 9, 28, 9, 18, 14] ;;; curseforge; {'id': 11309, 'gameVersionTypeID': 615, 'name': '1.20.6', 'slug': '1-20-6', 'apiVersion': ''}
[2026, 9, 28, 9, 18, 14] ;;; curseforge; {'id': 9638, 'gameVersionTypeID': 75208, 'name': 'Client', 'slug': 'client', 'apiVersion': ''}
[2026, 9, 28, 9, 18, 14] ;;; curseforge; {'id': 9639, 'gameVersionTypeID': 75208, 'name': 'Server', 'slug': 'server', 'apiVersion': ''}
[2026, 9, 28, 9, 18, 14] ;;; curseforge; {'id': 10150, 'gameVersionTypeID': 68441, 'name': 'NeoForge', 'slug': 'neoforge', 'apiVersion': ''}
[2026, 9, 28, 9, 18, 14] ;;; curseforge; {'id': 11457, 'gameVersionTypeID': 77784, 'name': '1.21', 'slug': '1-21', 'apiVersion': ''}
[2026, 9, 28, 9, 18, 14] ;;; curseforge; {'id': 11458, 'gameVersionTypeID': 615, 'name': '1.21', 'slug': '1-21', 'apiVersion': ''}
[2026, 9, 28, 9, 18, 14] ;;; curseforge; {'id': 11515, 'gameVersionTypeID': 1, 'name': '1.21', 'slug': '1-21', 'apiVersion': ''}
[2026, 9, 28, 9, 18, 16] ;;; curseforge; {'id': 9638, 'gameVersionTypeID': 75208, 'name': 'Client', 'slug': 'client', 'apiVersion': ''}
[2026, 9, 28, 9, 18, 16] ;;; curseforge; {'id': 9639, 'gameVersionTypeID': 75208, 'name': 'Server', 'slug': 'server', 'apiVersion': ''}
[2026, 9, 28, 9, 18, 16] ;;; curseforge; {'id': 10150, 'gameVersionTypeID': 68441, 'name': 'NeoForge', 'slug': 'neoforge', 'apiVersion': ''}
[2026, 9, 28, 9, 18, 16] ;;; curseforge; {'id': 11779, 'gameVersionTypeID': 77784, 'name': '1.21.1', 'slug': '1-21-1', 'apiVersion': None}
[2026, 9, 28, 9, 18, 16] ;;; curseforge; {'id': 12735, 'gameVersionTypeID': 1, 'name': '1.21.1', 'slug': '1-21-1', 'apiVersion': ''}
[2026, 9, 28, 9, 18, 16] ;;; curseforge; {'id': 16115, 'gameVersionTypeID': 615, 'name': '1.21.1', 'slug': '1-21-1', 'apiVersion': ''}
[2026, 9, 28, 9, 18, 16] ;;; curseforge; {'file': ('dynamic_dirt-neoforge-1.21.1_1.61.0.jar', <_io.BufferedReader name='.\\releases\\1.61.0\\dynamic_dirt-neoforge-1.21.1_1.61.0.jar'>, 'application/jar'), 'metadata': (None, '{"changelog": "", "displayName": "dynamic_dirt neoforge 1.21.1 1.61.0", "gameVersions": [9638, 9639, 10150, 11779], "gameVersionNames": ["Client", "Server", "NeoForge", "1.21.1"], "releaseType": "release", "relations": {"projects": [{"slug": "gstools", "projectID": 1404020, "type": "requiredDependency"}, {"slug": "gstools-weather2-compat", "projectID": 1710321, "type": "requiredDependency"}]}}', 'application/json')}
[2026, 9, 28, 9, 18, 17] ;;; curseforge; Mod file uploaded successfully! Response: {'id': 8999337}
[2026, 9, 28, 9, 18, 17] ;;; curseforge; {'id': 9638, 'gameVersionTypeID': 75208, 'name': 'Client', 'slug': 'client', 'apiVersion': ''}
[2026, 9, 28, 9, 18, 17] ;;; curseforge; {'id': 9639, 'gameVersionTypeID': 75208, 'name': 'Server', 'slug': 'server', 'apiVersion': ''}
[2026, 9, 28, 9, 18, 17] ;;; curseforge; {'id': 10150, 'gameVersionTypeID': 68441, 'name': 'NeoForge', 'slug': 'neoforge', 'apiVersion': ''}
[2026, 9, 28, 9, 18, 17] ;;; curseforge; {'id': 11779, 'gameVersionTypeID': 77784, 'name': '1.21.1', 'slug': '1-21-1', 'apiVersion': None}
[2026, 9, 28, 9, 18, 17] ;;; curseforge; {'id': 12735, 'gameVersionTypeID': 1, 'name': '1.21.1', 'slug': '1-21-1', 'apiVersion': ''}
[2026, 9, 28, 9, 18, 17] ;;; curseforge; {'id': 16115, 'gameVersionTypeID': 615, 'name': '1.21.1', 'slug': '1-21-1', 'apiVersion': ''}
[2026, 9, 28, 9, 18, 19] ;;; curseforge; {'id': 9638, 'gameVersionTypeID': 75208, 'name': 'Client', 'slug': 'client', 'apiVersion': ''}
[2026, 9, 28, 9, 18, 19] ;;; curseforge; {'id': 9639, 'gameVersionTypeID': 75208, 'name': 'Server', 'slug': 'server', 'apiVersion': ''}
[2026, 9, 28, 9, 18, 19] ;;; curseforge; {'id': 10150, 'gameVersionTypeID': 68441, 'name': 'NeoForge', 'slug': 'neoforge', 'apiVersion': ''}
[2026, 9, 28, 9, 18, 19] ;;; curseforge; {'id': 12079, 'gameVersionTypeID': 77784, 'name': '1.21.2', 'slug': '1-21-2', 'apiVersion': ''}
[2026, 9, 28, 9, 18, 19] ;;; curseforge; {'id': 12736, 'gameVersionTypeID': 1, 'name': '1.21.2', 'slug': '1-21-2', 'apiVersion': ''}
[2026, 9, 28, 9, 18, 19] ;;; curseforge; {'id': 16116, 'gameVersionTypeID': 615, 'name': '1.21.2', 'slug': '1-21-2', 'apiVersion': ''}
[2026, 9, 28, 9, 18, 19] ;;; curseforge; {'id': 9638, 'gameVersionTypeID': 75208, 'name': 'Client', 'slug': 'client', 'apiVersion': ''}
[2026, 9, 28, 9, 18, 19] ;;; curseforge; {'id': 9639, 'gameVersionTypeID': 75208, 'name': 'Server', 'slug': 'server', 'apiVersion': ''}
[2026, 9, 28, 9, 18, 19] ;;; curseforge; {'id': 10150, 'gameVersionTypeID': 68441, 'name': 'NeoForge', 'slug': 'neoforge', 'apiVersion': ''}
[2026, 9, 28, 9, 18, 19] ;;; curseforge; {'id': 12084, 'gameVersionTypeID': 77784, 'name': '1.21.3', 'slug': '1-21-3', 'apiVersion': None}
[2026, 9, 28, 9, 18, 19] ;;; curseforge; {'id': 12737, 'gameVersionTypeID': 1, 'name': '1.21.3', 'slug': '1-21-3', 'apiVersion': ''}
[2026, 9, 28, 9, 18, 19] ;;; curseforge; {'id': 16117, 'gameVersionTypeID': 615, 'name': '1.21.3', 'slug': '1-21-3', 'apiVersion': ''}
[2026, 9, 28, 9, 18, 19] ;;; curseforge; {'file': ('dynamic_dirt-neoforge-1.21.2_1.61.0.jar', <_io.BufferedReader name='.\\releases\\1.61.0\\dynamic_dirt-neoforge-1.21.2_1.61.0.jar'>, 'application/jar'), 'metadata': (None, '{"changelog": "", "displayName": "dynamic_dirt neoforge 1.21.2 1.61.0", "gameVersions": [9638, 9639, 10150, 12079, 12084], "gameVersionNames": ["Client", "Server", "NeoForge", "1.21.2", "1.21.3"], "releaseType": "release", "relations": {"projects": [{"slug": "gstools", "projectID": 1404020, "type": "requiredDependency"}]}}', 'application/json')}
[2026, 9, 28, 9, 18, 20] ;;; curseforge; Mod file uploaded successfully! Response: {'id': 8999339}
[2026, 9, 28, 9, 18, 21] ;;; curseforge; {'id': 9638, 'gameVersionTypeID': 75208, 'name': 'Client', 'slug': 'client', 'apiVersion': ''}
[2026, 9, 28, 9, 18, 21] ;;; curseforge; {'id': 9639, 'gameVersionTypeID': 75208, 'name': 'Server', 'slug': 'server', 'apiVersion': ''}
[2026, 9, 28, 9, 18, 21] ;;; curseforge; {'id': 10150, 'gameVersionTypeID': 68441, 'name': 'NeoForge', 'slug': 'neoforge', 'apiVersion': ''}
[2026, 9, 28, 9, 18, 21] ;;; curseforge; {'id': 12079, 'gameVersionTypeID': 77784, 'name': '1.21.2', 'slug': '1-21-2', 'apiVersion': ''}
[2026, 9, 28, 9, 18, 21] ;;; curseforge; {'id': 12736, 'gameVersionTypeID': 1, 'name': '1.21.2', 'slug': '1-21-2', 'apiVersion': ''}
[2026, 9, 28, 9, 18, 21] ;;; curseforge; {'id': 16116, 'gameVersionTypeID': 615, 'name': '1.21.2', 'slug': '1-21-2', 'apiVersion': ''}
[2026, 9, 28, 9, 18, 21] ;;; curseforge; {'id': 9638, 'gameVersionTypeID': 75208, 'name': 'Client', 'slug': 'client', 'apiVersion': ''}
[2026, 9, 28, 9, 18, 21] ;;; curseforge; {'id': 9639, 'gameVersionTypeID': 75208, 'name': 'Server', 'slug': 'server', 'apiVersion': ''}
[2026, 9, 28, 9, 18, 21] ;;; curseforge; {'id': 10150, 'gameVersionTypeID': 68441, 'name': 'NeoForge', 'slug': 'neoforge', 'apiVersion': ''}
[2026, 9, 28, 9, 18, 21] ;;; curseforge; {'id': 12084, 'gameVersionTypeID': 77784, 'name': '1.21.3', 'slug': '1-21-3', 'apiVersion': None}
[2026, 9, 28, 9, 18, 21] ;;; curseforge; {'id': 12737, 'gameVersionTypeID': 1, 'name': '1.21.3', 'slug': '1-21-3', 'apiVersion': ''}
[2026, 9, 28, 9, 18, 21] ;;; curseforge; {'id': 16117, 'gameVersionTypeID': 615, 'name': '1.21.3', 'slug': '1-21-3', 'apiVersion': ''}
[2026, 9, 28, 9, 18, 23] ;;; curseforge; {'id': 9638, 'gameVersionTypeID': 75208, 'name': 'Client', 'slug': 'client', 'apiVersion': ''}
[2026, 9, 28, 9, 18, 23] ;;; curseforge; {'id': 9639, 'gameVersionTypeID': 75208, 'name': 'Server', 'slug': 'server', 'apiVersion': ''}
[2026, 9, 28, 9, 18, 23] ;;; curseforge; {'id': 10150, 'gameVersionTypeID': 68441, 'name': 'NeoForge', 'slug': 'neoforge', 'apiVersion': ''}
[2026, 9, 28, 9, 18, 23] ;;; curseforge; {'id': 12281, 'gameVersionTypeID': 77784, 'name': '1.21.4', 'slug': '1-21-4', 'apiVersion': None}
[2026, 9, 28, 9, 18, 23] ;;; curseforge; {'id': 12738, 'gameVersionTypeID': 1, 'name': '1.21.4', 'slug': '1-21-4', 'apiVersion': ''}
[2026, 9, 28, 9, 18, 23] ;;; curseforge; {'id': 16118, 'gameVersionTypeID': 615, 'name': '1.21.4', 'slug': '1-21-4', 'apiVersion': ''}
[2026, 9, 28, 9, 18, 23] ;;; curseforge; {'file': ('dynamic_dirt-neoforge-1.21.4_1.61.0.jar', <_io.BufferedReader name='.\\releases\\1.61.0\\dynamic_dirt-neoforge-1.21.4_1.61.0.jar'>, 'application/jar'), 'metadata': (None, '{"changelog": "", "displayName": "dynamic_dirt neoforge 1.21.4 1.61.0", "gameVersions": [9638, 9639, 10150, 12281], "gameVersionNames": ["Client", "Server", "NeoForge", "1.21.4"], "releaseType": "release", "relations": {"projects": [{"slug": "gstools", "projectID": 1404020, "type": "requiredDependency"}]}}', 'application/json')}
[2026, 9, 28, 9, 18, 24] ;;; curseforge; Mod file uploaded successfully! Response: {'id': 8999340}
[2026, 9, 28, 9, 18, 24] ;;; curseforge; {'id': 9638, 'gameVersionTypeID': 75208, 'name': 'Client', 'slug': 'client', 'apiVersion': ''}
[2026, 9, 28, 9, 18, 24] ;;; curseforge; {'id': 9639, 'gameVersionTypeID': 75208, 'name': 'Server', 'slug': 'server', 'apiVersion': ''}
[2026, 9, 28, 9, 18, 24] ;;; curseforge; {'id': 10150, 'gameVersionTypeID': 68441, 'name': 'NeoForge', 'slug': 'neoforge', 'apiVersion': ''}
[2026, 9, 28, 9, 18, 24] ;;; curseforge; {'id': 12281, 'gameVersionTypeID': 77784, 'name': '1.21.4', 'slug': '1-21-4', 'apiVersion': None}
[2026, 9, 28, 9, 18, 24] ;;; curseforge; {'id': 12738, 'gameVersionTypeID': 1, 'name': '1.21.4', 'slug': '1-21-4', 'apiVersion': ''}
[2026, 9, 28, 9, 18, 24] ;;; curseforge; {'id': 16118, 'gameVersionTypeID': 615, 'name': '1.21.4', 'slug': '1-21-4', 'apiVersion': ''}
[2026, 9, 28, 9, 18, 26] ;;; curseforge; {'id': 9638, 'gameVersionTypeID': 75208, 'name': 'Client', 'slug': 'client', 'apiVersion': ''}
[2026, 9, 28, 9, 18, 26] ;;; curseforge; {'id': 9639, 'gameVersionTypeID': 75208, 'name': 'Server', 'slug': 'server', 'apiVersion': ''}
[2026, 9, 28, 9, 18, 26] ;;; curseforge; {'id': 10150, 'gameVersionTypeID': 68441, 'name': 'NeoForge', 'slug': 'neoforge', 'apiVersion': ''}
[2026, 9, 28, 9, 18, 26] ;;; curseforge; {'id': 12934, 'gameVersionTypeID': 77784, 'name': '1.21.5', 'slug': '1-21-5', 'apiVersion': None}
[2026, 9, 28, 9, 18, 26] ;;; curseforge; {'id': 12988, 'gameVersionTypeID': 1, 'name': '1.21.5', 'slug': '1-21-5', 'apiVersion': ''}
[2026, 9, 28, 9, 18, 26] ;;; curseforge; {'id': 16119, 'gameVersionTypeID': 615, 'name': '1.21.5', 'slug': '1-21-5', 'apiVersion': ''}
[2026, 9, 28, 9, 18, 26] ;;; curseforge; {'id': 9638, 'gameVersionTypeID': 75208, 'name': 'Client', 'slug': 'client', 'apiVersion': ''}
[2026, 9, 28, 9, 18, 26] ;;; curseforge; {'id': 9639, 'gameVersionTypeID': 75208, 'name': 'Server', 'slug': 'server', 'apiVersion': ''}
[2026, 9, 28, 9, 18, 26] ;;; curseforge; {'id': 10150, 'gameVersionTypeID': 68441, 'name': 'NeoForge', 'slug': 'neoforge', 'apiVersion': ''}
[2026, 9, 28, 9, 18, 26] ;;; curseforge; {'id': 13506, 'gameVersionTypeID': 77784, 'name': '1.21.7', 'slug': '1-21-7', 'apiVersion': None}
[2026, 9, 28, 9, 18, 26] ;;; curseforge; {'id': 13574, 'gameVersionTypeID': 1, 'name': '1.21.7', 'slug': '1-21-7', 'apiVersion': ''}
[2026, 9, 28, 9, 18, 26] ;;; curseforge; {'id': 16121, 'gameVersionTypeID': 615, 'name': '1.21.7', 'slug': '1-21-7', 'apiVersion': ''}
[2026, 9, 28, 9, 18, 26] ;;; curseforge; {'file': ('dynamic_dirt-neoforge-1.21.5_1.61.0.jar', <_io.BufferedReader name='.\\releases\\1.61.0\\dynamic_dirt-neoforge-1.21.5_1.61.0.jar'>, 'application/jar'), 'metadata': (None, '{"changelog": "", "displayName": "dynamic_dirt neoforge 1.21.5 1.61.0", "gameVersions": [9638, 9639, 10150, 12934, 13506], "gameVersionNames": ["Client", "Server", "NeoForge", "1.21.5", "1.21.7"], "releaseType": "release", "relations": {"projects": [{"slug": "gstools", "projectID": 1404020, "type": "requiredDependency"}]}}', 'application/json')}
[2026, 9, 28, 9, 18, 27] ;;; curseforge; Mod file uploaded successfully! Response: {'id': 8999342}
[2026, 9, 28, 9, 18, 28] ;;; curseforge; {'id': 9638, 'gameVersionTypeID': 75208, 'name': 'Client', 'slug': 'client', 'apiVersion': ''}
[2026, 9, 28, 9, 18, 28] ;;; curseforge; {'id': 9639, 'gameVersionTypeID': 75208, 'name': 'Server', 'slug': 'server', 'apiVersion': ''}
[2026, 9, 28, 9, 18, 28] ;;; curseforge; {'id': 10150, 'gameVersionTypeID': 68441, 'name': 'NeoForge', 'slug': 'neoforge', 'apiVersion': ''}
[2026, 9, 28, 9, 18, 28] ;;; curseforge; {'id': 12934, 'gameVersionTypeID': 77784, 'name': '1.21.5', 'slug': '1-21-5', 'apiVersion': None}
[2026, 9, 28, 9, 18, 28] ;;; curseforge; {'id': 12988, 'gameVersionTypeID': 1, 'name': '1.21.5', 'slug': '1-21-5', 'apiVersion': ''}
[2026, 9, 28, 9, 18, 28] ;;; curseforge; {'id': 16119, 'gameVersionTypeID': 615, 'name': '1.21.5', 'slug': '1-21-5', 'apiVersion': ''}
[2026, 9, 28, 9, 18, 28] ;;; curseforge; {'id': 9638, 'gameVersionTypeID': 75208, 'name': 'Client', 'slug': 'client', 'apiVersion': ''}
[2026, 9, 28, 9, 18, 28] ;;; curseforge; {'id': 9639, 'gameVersionTypeID': 75208, 'name': 'Server', 'slug': 'server', 'apiVersion': ''}
[2026, 9, 28, 9, 18, 28] ;;; curseforge; {'id': 10150, 'gameVersionTypeID': 68441, 'name': 'NeoForge', 'slug': 'neoforge', 'apiVersion': ''}
[2026, 9, 28, 9, 18, 28] ;;; curseforge; {'id': 13506, 'gameVersionTypeID': 77784, 'name': '1.21.7', 'slug': '1-21-7', 'apiVersion': None}
[2026, 9, 28, 9, 18, 28] ;;; curseforge; {'id': 13574, 'gameVersionTypeID': 1, 'name': '1.21.7', 'slug': '1-21-7', 'apiVersion': ''}
[2026, 9, 28, 9, 18, 28] ;;; curseforge; {'id': 16121, 'gameVersionTypeID': 615, 'name': '1.21.7', 'slug': '1-21-7', 'apiVersion': ''}
[2026, 9, 28, 9, 18, 30] ;;; curseforge; {'id': 9638, 'gameVersionTypeID': 75208, 'name': 'Client', 'slug': 'client', 'apiVersion': ''}
[2026, 9, 28, 9, 18, 30] ;;; curseforge; {'id': 9639, 'gameVersionTypeID': 75208, 'name': 'Server', 'slug': 'server', 'apiVersion': ''}
[2026, 9, 28, 9, 18, 30] ;;; curseforge; {'id': 10150, 'gameVersionTypeID': 68441, 'name': 'NeoForge', 'slug': 'neoforge', 'apiVersion': ''}
[2026, 9, 28, 9, 18, 30] ;;; curseforge; {'id': 13620, 'gameVersionTypeID': 77784, 'name': '1.21.8', 'slug': '1-21-8', 'apiVersion': None}
[2026, 9, 28, 9, 18, 30] ;;; curseforge; {'id': 13683, 'gameVersionTypeID': 1, 'name': '1.21.8', 'slug': '1-21-8', 'apiVersion': ''}
[2026, 9, 28, 9, 18, 30] ;;; curseforge; {'id': 16124, 'gameVersionTypeID': 615, 'name': '1.21.8', 'slug': '1-21-8', 'apiVersion': ''}
[2026, 9, 28, 9, 18, 30] ;;; curseforge; {'id': 9638, 'gameVersionTypeID': 75208, 'name': 'Client', 'slug': 'client', 'apiVersion': ''}
[2026, 9, 28, 9, 18, 30] ;;; curseforge; {'id': 9639, 'gameVersionTypeID': 75208, 'name': 'Server', 'slug': 'server', 'apiVersion': ''}
[2026, 9, 28, 9, 18, 30] ;;; curseforge; {'id': 10150, 'gameVersionTypeID': 68441, 'name': 'NeoForge', 'slug': 'neoforge', 'apiVersion': ''}
[2026, 9, 28, 9, 18, 30] ;;; curseforge; {'id': 13927, 'gameVersionTypeID': 77784, 'name': '1.21.9', 'slug': '1-21-9', 'apiVersion': None}
[2026, 9, 28, 9, 18, 30] ;;; curseforge; {'id': 13933, 'gameVersionTypeID': 1, 'name': '1.21.9', 'slug': '1-21-9', 'apiVersion': ''}
[2026, 9, 28, 9, 18, 30] ;;; curseforge; {'id': 16125, 'gameVersionTypeID': 615, 'name': '1.21.9', 'slug': '1-21-9', 'apiVersion': ''}
[2026, 9, 28, 9, 18, 30] ;;; curseforge; {'id': 9638, 'gameVersionTypeID': 75208, 'name': 'Client', 'slug': 'client', 'apiVersion': ''}
[2026, 9, 28, 9, 18, 30] ;;; curseforge; {'id': 9639, 'gameVersionTypeID': 75208, 'name': 'Server', 'slug': 'server', 'apiVersion': ''}
[2026, 9, 28, 9, 18, 30] ;;; curseforge; {'id': 10150, 'gameVersionTypeID': 68441, 'name': 'NeoForge', 'slug': 'neoforge', 'apiVersion': ''}
[2026, 9, 28, 9, 18, 30] ;;; curseforge; {'id': 13964, 'gameVersionTypeID': 77784, 'name': '1.21.10', 'slug': '1-21-10', 'apiVersion': None}
[2026, 9, 28, 9, 18, 30] ;;; curseforge; {'id': 13966, 'gameVersionTypeID': 1, 'name': '1.21.10', 'slug': '1-21-10', 'apiVersion': ''}
[2026, 9, 28, 9, 18, 30] ;;; curseforge; {'id': 16126, 'gameVersionTypeID': 615, 'name': '1.21.10', 'slug': '1-21-10', 'apiVersion': ''}
[2026, 9, 28, 9, 18, 30] ;;; curseforge; {'id': 9638, 'gameVersionTypeID': 75208, 'name': 'Client', 'slug': 'client', 'apiVersion': ''}
[2026, 9, 28, 9, 18, 30] ;;; curseforge; {'id': 9639, 'gameVersionTypeID': 75208, 'name': 'Server', 'slug': 'server', 'apiVersion': ''}
[2026, 9, 28, 9, 18, 30] ;;; curseforge; {'id': 10150, 'gameVersionTypeID': 68441, 'name': 'NeoForge', 'slug': 'neoforge', 'apiVersion': ''}
[2026, 9, 28, 9, 18, 30] ;;; curseforge; {'id': 14406, 'gameVersionTypeID': 77784, 'name': '1.21.11', 'slug': '1-21-11', 'apiVersion': None}
[2026, 9, 28, 9, 18, 30] ;;; curseforge; {'id': 14417, 'gameVersionTypeID': 1, 'name': '1.21.11', 'slug': '1-21-11', 'apiVersion': ''}
[2026, 9, 28, 9, 18, 30] ;;; curseforge; {'id': 16127, 'gameVersionTypeID': 615, 'name': '1.21.11', 'slug': '1-21-11', 'apiVersion': ''}
[2026, 9, 28, 9, 18, 30] ;;; curseforge; {'file': ('dynamic_dirt-neoforge-1.21.8_1.61.0.jar', <_io.BufferedReader name='.\\releases\\1.61.0\\dynamic_dirt-neoforge-1.21.8_1.61.0.jar'>, 'application/jar'), 'metadata': (None, '{"changelog": "", "displayName": "dynamic_dirt neoforge 1.21.8 1.61.0", "gameVersions": [9638, 9639, 10150, 13620, 13927, 13964, 14406], "gameVersionNames": ["Client", "Server", "NeoForge", "1.21.8", "1.21.9", "1.21.10", "1.21.11"], "releaseType": "release", "relations": {"projects": [{"slug": "gstools", "projectID": 1404020, "type": "requiredDependency"}]}}', 'application/json')}
[2026, 9, 28, 9, 18, 31] ;;; curseforge; Mod file uploaded successfully! Response: {'id': 8999343}
[2026, 9, 28, 9, 18, 31] ;;; curseforge; {'id': 9638, 'gameVersionTypeID': 75208, 'name': 'Client', 'slug': 'client', 'apiVersion': ''}
[2026, 9, 28, 9, 18, 31] ;;; curseforge; {'id': 9639, 'gameVersionTypeID': 75208, 'name': 'Server', 'slug': 'server', 'apiVersion': ''}
[2026, 9, 28, 9, 18, 31] ;;; curseforge; {'id': 10150, 'gameVersionTypeID': 68441, 'name': 'NeoForge', 'slug': 'neoforge', 'apiVersion': ''}
[2026, 9, 28, 9, 18, 31] ;;; curseforge; {'id': 13620, 'gameVersionTypeID': 77784, 'name': '1.21.8', 'slug': '1-21-8', 'apiVersion': None}
[2026, 9, 28, 9, 18, 31] ;;; curseforge; {'id': 13683, 'gameVersionTypeID': 1, 'name': '1.21.8', 'slug': '1-21-8', 'apiVersion': ''}
[2026, 9, 28, 9, 18, 31] ;;; curseforge; {'id': 16124, 'gameVersionTypeID': 615, 'name': '1.21.8', 'slug': '1-21-8', 'apiVersion': ''}
[2026, 9, 28, 9, 18, 31] ;;; curseforge; {'id': 9638, 'gameVersionTypeID': 75208, 'name': 'Client', 'slug': 'client', 'apiVersion': ''}
[2026, 9, 28, 9, 18, 31] ;;; curseforge; {'id': 9639, 'gameVersionTypeID': 75208, 'name': 'Server', 'slug': 'server', 'apiVersion': ''}
[2026, 9, 28, 9, 18, 31] ;;; curseforge; {'id': 10150, 'gameVersionTypeID': 68441, 'name': 'NeoForge', 'slug': 'neoforge', 'apiVersion': ''}
[2026, 9, 28, 9, 18, 31] ;;; curseforge; {'id': 13927, 'gameVersionTypeID': 77784, 'name': '1.21.9', 'slug': '1-21-9', 'apiVersion': None}
[2026, 9, 28, 9, 18, 31] ;;; curseforge; {'id': 13933, 'gameVersionTypeID': 1, 'name': '1.21.9', 'slug': '1-21-9', 'apiVersion': ''}
[2026, 9, 28, 9, 18, 31] ;;; curseforge; {'id': 16125, 'gameVersionTypeID': 615, 'name': '1.21.9', 'slug': '1-21-9', 'apiVersion': ''}
[2026, 9, 28, 9, 18, 31] ;;; curseforge; {'id': 9638, 'gameVersionTypeID': 75208, 'name': 'Client', 'slug': 'client', 'apiVersion': ''}
[2026, 9, 28, 9, 18, 31] ;;; curseforge; {'id': 9639, 'gameVersionTypeID': 75208, 'name': 'Server', 'slug': 'server', 'apiVersion': ''}
[2026, 9, 28, 9, 18, 31] ;;; curseforge; {'id': 10150, 'gameVersionTypeID': 68441, 'name': 'NeoForge', 'slug': 'neoforge', 'apiVersion': ''}
[2026, 9, 28, 9, 18, 31] ;;; curseforge; {'id': 13964, 'gameVersionTypeID': 77784, 'name': '1.21.10', 'slug': '1-21-10', 'apiVersion': None}
[2026, 9, 28, 9, 18, 31] ;;; curseforge; {'id': 13966, 'gameVersionTypeID': 1, 'name': '1.21.10', 'slug': '1-21-10', 'apiVersion': ''}
[2026, 9, 28, 9, 18, 31] ;;; curseforge; {'id': 16126, 'gameVersionTypeID': 615, 'name': '1.21.10', 'slug': '1-21-10', 'apiVersion': ''}
[2026, 9, 28, 9, 18, 31] ;;; curseforge; {'id': 9638, 'gameVersionTypeID': 75208, 'name': 'Client', 'slug': 'client', 'apiVersion': ''}
[2026, 9, 28, 9, 18, 31] ;;; curseforge; {'id': 9639, 'gameVersionTypeID': 75208, 'name': 'Server', 'slug': 'server', 'apiVersion': ''}
[2026, 9, 28, 9, 18, 31] ;;; curseforge; {'id': 10150, 'gameVersionTypeID': 68441, 'name': 'NeoForge', 'slug': 'neoforge', 'apiVersion': ''}
[2026, 9, 28, 9, 18, 31] ;;; curseforge; {'id': 14406, 'gameVersionTypeID': 77784, 'name': '1.21.11', 'slug': '1-21-11', 'apiVersion': None}
[2026, 9, 28, 9, 18, 31] ;;; curseforge; {'id': 14417, 'gameVersionTypeID': 1, 'name': '1.21.11', 'slug': '1-21-11', 'apiVersion': ''}
[2026, 9, 28, 9, 18, 31] ;;; curseforge; {'id': 16127, 'gameVersionTypeID': 615, 'name': '1.21.11', 'slug': '1-21-11', 'apiVersion': ''}
[2026, 9, 28, 9, 18, 33] ;;; curseforge; {'id': 9638, 'gameVersionTypeID': 75208, 'name': 'Client', 'slug': 'client', 'apiVersion': ''}
[2026, 9, 28, 9, 18, 33] ;;; curseforge; {'id': 9639, 'gameVersionTypeID': 75208, 'name': 'Server', 'slug': 'server', 'apiVersion': ''}
[2026, 9, 28, 9, 18, 33] ;;; curseforge; {'id': 10150, 'gameVersionTypeID': 68441, 'name': 'NeoForge', 'slug': 'neoforge', 'apiVersion': ''}
[2026, 9, 28, 9, 18, 33] ;;; curseforge; {'id': 15933, 'gameVersionTypeID': 83806, 'name': '26.1', 'slug': '26-1', 'apiVersion': None}
[2026, 9, 28, 9, 18, 33] ;;; curseforge; {'id': 16083, 'gameVersionTypeID': 1, 'name': '26.1', 'slug': '26-1', 'apiVersion': ''}
[2026, 9, 28, 9, 18, 33] ;;; curseforge; {'id': 16128, 'gameVersionTypeID': 615, 'name': '26.1', 'slug': '26-1', 'apiVersion': ''}
[2026, 9, 28, 9, 18, 33] ;;; curseforge; {'id': 9638, 'gameVersionTypeID': 75208, 'name': 'Client', 'slug': 'client', 'apiVersion': ''}
[2026, 9, 28, 9, 18, 33] ;;; curseforge; {'id': 9639, 'gameVersionTypeID': 75208, 'name': 'Server', 'slug': 'server', 'apiVersion': ''}
[2026, 9, 28, 9, 18, 33] ;;; curseforge; {'id': 10150, 'gameVersionTypeID': 68441, 'name': 'NeoForge', 'slug': 'neoforge', 'apiVersion': ''}
[2026, 9, 28, 9, 18, 33] ;;; curseforge; {'id': 16021, 'gameVersionTypeID': 83806, 'name': '26.1.1', 'slug': '26-1-1', 'apiVersion': None}
[2026, 9, 28, 9, 18, 33] ;;; curseforge; {'id': 16084, 'gameVersionTypeID': 1, 'name': '26.1.1', 'slug': '26-1-1', 'apiVersion': ''}
[2026, 9, 28, 9, 18, 33] ;;; curseforge; {'id': 16129, 'gameVersionTypeID': 615, 'name': '26.1.1', 'slug': '26-1-1', 'apiVersion': ''}
[2026, 9, 28, 9, 18, 33] ;;; curseforge; {'id': 9638, 'gameVersionTypeID': 75208, 'name': 'Client', 'slug': 'client', 'apiVersion': ''}
[2026, 9, 28, 9, 18, 33] ;;; curseforge; {'id': 9639, 'gameVersionTypeID': 75208, 'name': 'Server', 'slug': 'server', 'apiVersion': ''}
[2026, 9, 28, 9, 18, 33] ;;; curseforge; {'id': 10150, 'gameVersionTypeID': 68441, 'name': 'NeoForge', 'slug': 'neoforge', 'apiVersion': ''}
[2026, 9, 28, 9, 18, 33] ;;; curseforge; {'id': 16082, 'gameVersionTypeID': 83806, 'name': '26.1.2', 'slug': '26-1-2', 'apiVersion': None}
[2026, 9, 28, 9, 18, 33] ;;; curseforge; {'id': 16085, 'gameVersionTypeID': 1, 'name': '26.1.2', 'slug': '26-1-2', 'apiVersion': ''}
[2026, 9, 28, 9, 18, 33] ;;; curseforge; {'id': 16130, 'gameVersionTypeID': 615, 'name': '26.1.2', 'slug': '26-1-2', 'apiVersion': ''}
[2026, 9, 28, 9, 18, 33] ;;; curseforge; {'file': ('dynamic_dirt-neoforge-26.1_1.61.0.jar', <_io.BufferedReader name='.\\releases\\1.61.0\\dynamic_dirt-neoforge-26.1_1.61.0.jar'>, 'application/jar'), 'metadata': (None, '{"changelog": "", "displayName": "dynamic_dirt neoforge 26.1 1.61.0", "gameVersions": [9638, 9639, 10150, 15933, 16021, 16082], "gameVersionNames": ["Client", "Server", "NeoForge", "26.1", "26.1.1", "26.1.2"], "releaseType": "release", "relations": {"projects": [{"slug": "gstools", "projectID": 1404020, "type": "requiredDependency"}]}}', 'application/json')}
[2026, 9, 28, 9, 18, 34] ;;; curseforge; Mod file uploaded successfully! Response: {'id': 8999344}
[2026, 9, 28, 9, 18, 35] ;;; curseforge; {'id': 9638, 'gameVersionTypeID': 75208, 'name': 'Client', 'slug': 'client', 'apiVersion': ''}
[2026, 9, 28, 9, 18, 35] ;;; curseforge; {'id': 9639, 'gameVersionTypeID': 75208, 'name': 'Server', 'slug': 'server', 'apiVersion': ''}
[2026, 9, 28, 9, 18, 35] ;;; curseforge; {'id': 10150, 'gameVersionTypeID': 68441, 'name': 'NeoForge', 'slug': 'neoforge', 'apiVersion': ''}
[2026, 9, 28, 9, 18, 35] ;;; curseforge; {'id': 15933, 'gameVersionTypeID': 83806, 'name': '26.1', 'slug': '26-1', 'apiVersion': None}
[2026, 9, 28, 9, 18, 35] ;;; curseforge; {'id': 16083, 'gameVersionTypeID': 1, 'name': '26.1', 'slug': '26-1', 'apiVersion': ''}
[2026, 9, 28, 9, 18, 35] ;;; curseforge; {'id': 16128, 'gameVersionTypeID': 615, 'name': '26.1', 'slug': '26-1', 'apiVersion': ''}
[2026, 9, 28, 9, 18, 35] ;;; curseforge; {'id': 9638, 'gameVersionTypeID': 75208, 'name': 'Client', 'slug': 'client', 'apiVersion': ''}
[2026, 9, 28, 9, 18, 35] ;;; curseforge; {'id': 9639, 'gameVersionTypeID': 75208, 'name': 'Server', 'slug': 'server', 'apiVersion': ''}
[2026, 9, 28, 9, 18, 35] ;;; curseforge; {'id': 10150, 'gameVersionTypeID': 68441, 'name': 'NeoForge', 'slug': 'neoforge', 'apiVersion': ''}
[2026, 9, 28, 9, 18, 35] ;;; curseforge; {'id': 16021, 'gameVersionTypeID': 83806, 'name': '26.1.1', 'slug': '26-1-1', 'apiVersion': None}
[2026, 9, 28, 9, 18, 35] ;;; curseforge; {'id': 16084, 'gameVersionTypeID': 1, 'name': '26.1.1', 'slug': '26-1-1', 'apiVersion': ''}
[2026, 9, 28, 9, 18, 35] ;;; curseforge; {'id': 16129, 'gameVersionTypeID': 615, 'name': '26.1.1', 'slug': '26-1-1', 'apiVersion': ''}
[2026, 9, 28, 9, 18, 35] ;;; curseforge; {'id': 9638, 'gameVersionTypeID': 75208, 'name': 'Client', 'slug': 'client', 'apiVersion': ''}
[2026, 9, 28, 9, 18, 35] ;;; curseforge; {'id': 9639, 'gameVersionTypeID': 75208, 'name': 'Server', 'slug': 'server', 'apiVersion': ''}
[2026, 9, 28, 9, 18, 35] ;;; curseforge; {'id': 10150, 'gameVersionTypeID': 68441, 'name': 'NeoForge', 'slug': 'neoforge', 'apiVersion': ''}
[2026, 9, 28, 9, 18, 35] ;;; curseforge; {'id': 16082, 'gameVersionTypeID': 83806, 'name': '26.1.2', 'slug': '26-1-2', 'apiVersion': None}
[2026, 9, 28, 9, 18, 35] ;;; curseforge; {'id': 16085, 'gameVersionTypeID': 1, 'name': '26.1.2', 'slug': '26-1-2', 'apiVersion': ''}
[2026, 9, 28, 9, 18, 35] ;;; curseforge; {'id': 16130, 'gameVersionTypeID': 615, 'name': '26.1.2', 'slug': '26-1-2', 'apiVersion': ''}
[2026, 9, 28, 9, 18, 37] ;;; curseforge; {'id': 7499, 'gameVersionTypeID': 68441, 'name': 'Fabric', 'slug': 'fabric', 'apiVersion': ''}
[2026, 9, 28, 9, 18, 37] ;;; curseforge; {'id': 9638, 'gameVersionTypeID': 75208, 'name': 'Client', 'slug': 'client', 'apiVersion': ''}
[2026, 9, 28, 9, 18, 37] ;;; curseforge; {'id': 9639, 'gameVersionTypeID': 75208, 'name': 'Server', 'slug': 'server', 'apiVersion': ''}
[2026, 9, 28, 9, 18, 37] ;;; curseforge; {'id': 13620, 'gameVersionTypeID': 77784, 'name': '1.21.8', 'slug': '1-21-8', 'apiVersion': None}
[2026, 9, 28, 9, 18, 37] ;;; curseforge; {'id': 13683, 'gameVersionTypeID': 1, 'name': '1.21.8', 'slug': '1-21-8', 'apiVersion': ''}
[2026, 9, 28, 9, 18, 37] ;;; curseforge; {'id': 16124, 'gameVersionTypeID': 615, 'name': '1.21.8', 'slug': '1-21-8', 'apiVersion': ''}
[2026, 9, 28, 9, 18, 37] ;;; curseforge; {'file': ('dynamic_monsters-fabric-1.21.8_1.61.0.jar', <_io.BufferedReader name='.\\releases\\1.61.0\\dynamic_monsters-fabric-1.21.8_1.61.0.jar'>, 'application/jar'), 'metadata': (None, '{"changelog": "", "displayName": "dynamic_monsters fabric 1.21.8 1.61.0", "gameVersions": [7499, 9638, 9639, 13620], "gameVersionNames": ["Fabric", "Client", "Server", "1.21.8"], "releaseType": "release", "relations": {"projects": [{"slug": "gstools", "projectID": 1404020, "type": "requiredDependency"}]}}', 'application/json')}
[2026, 9, 28, 9, 18, 39] ;;; curseforge; Mod file uploaded successfully! Response: {'id': 8999345}
[2026, 9, 28, 9, 18, 39] ;;; curseforge; {'id': 7499, 'gameVersionTypeID': 68441, 'name': 'Fabric', 'slug': 'fabric', 'apiVersion': ''}
[2026, 9, 28, 9, 18, 39] ;;; curseforge; {'id': 9638, 'gameVersionTypeID': 75208, 'name': 'Client', 'slug': 'client', 'apiVersion': ''}
[2026, 9, 28, 9, 18, 39] ;;; curseforge; {'id': 9639, 'gameVersionTypeID': 75208, 'name': 'Server', 'slug': 'server', 'apiVersion': ''}
[2026, 9, 28, 9, 18, 39] ;;; curseforge; {'id': 13620, 'gameVersionTypeID': 77784, 'name': '1.21.8', 'slug': '1-21-8', 'apiVersion': None}
[2026, 9, 28, 9, 18, 39] ;;; curseforge; {'id': 13683, 'gameVersionTypeID': 1, 'name': '1.21.8', 'slug': '1-21-8', 'apiVersion': ''}
[2026, 9, 28, 9, 18, 39] ;;; curseforge; {'id': 16124, 'gameVersionTypeID': 615, 'name': '1.21.8', 'slug': '1-21-8', 'apiVersion': ''}
[2026, 9, 28, 9, 18, 43] ;;; curseforge; {'id': 7499, 'gameVersionTypeID': 68441, 'name': 'Fabric', 'slug': 'fabric', 'apiVersion': ''}
[2026, 9, 28, 9, 18, 43] ;;; curseforge; {'id': 9638, 'gameVersionTypeID': 75208, 'name': 'Client', 'slug': 'client', 'apiVersion': ''}
[2026, 9, 28, 9, 18, 43] ;;; curseforge; {'id': 9639, 'gameVersionTypeID': 75208, 'name': 'Server', 'slug': 'server', 'apiVersion': ''}
[2026, 9, 28, 9, 18, 43] ;;; curseforge; {'id': 13927, 'gameVersionTypeID': 77784, 'name': '1.21.9', 'slug': '1-21-9', 'apiVersion': None}
[2026, 9, 28, 9, 18, 43] ;;; curseforge; {'id': 13933, 'gameVersionTypeID': 1, 'name': '1.21.9', 'slug': '1-21-9', 'apiVersion': ''}
[2026, 9, 28, 9, 18, 43] ;;; curseforge; {'id': 16125, 'gameVersionTypeID': 615, 'name': '1.21.9', 'slug': '1-21-9', 'apiVersion': ''}
[2026, 9, 28, 9, 18, 43] ;;; curseforge; {'id': 7499, 'gameVersionTypeID': 68441, 'name': 'Fabric', 'slug': 'fabric', 'apiVersion': ''}
[2026, 9, 28, 9, 18, 43] ;;; curseforge; {'id': 9638, 'gameVersionTypeID': 75208, 'name': 'Client', 'slug': 'client', 'apiVersion': ''}
[2026, 9, 28, 9, 18, 43] ;;; curseforge; {'id': 9639, 'gameVersionTypeID': 75208, 'name': 'Server', 'slug': 'server', 'apiVersion': ''}
[2026, 9, 28, 9, 18, 43] ;;; curseforge; {'id': 13964, 'gameVersionTypeID': 77784, 'name': '1.21.10', 'slug': '1-21-10', 'apiVersion': None}
[2026, 9, 28, 9, 18, 43] ;;; curseforge; {'id': 13966, 'gameVersionTypeID': 1, 'name': '1.21.10', 'slug': '1-21-10', 'apiVersion': ''}
[2026, 9, 28, 9, 18, 43] ;;; curseforge; {'id': 16126, 'gameVersionTypeID': 615, 'name': '1.21.10', 'slug': '1-21-10', 'apiVersion': ''}
[2026, 9, 28, 9, 18, 43] ;;; curseforge; {'id': 7499, 'gameVersionTypeID': 68441, 'name': 'Fabric', 'slug': 'fabric', 'apiVersion': ''}
[2026, 9, 28, 9, 18, 43] ;;; curseforge; {'id': 9638, 'gameVersionTypeID': 75208, 'name': 'Client', 'slug': 'client', 'apiVersion': ''}
[2026, 9, 28, 9, 18, 43] ;;; curseforge; {'id': 9639, 'gameVersionTypeID': 75208, 'name': 'Server', 'slug': 'server', 'apiVersion': ''}
[2026, 9, 28, 9, 18, 43] ;;; curseforge; {'id': 14406, 'gameVersionTypeID': 77784, 'name': '1.21.11', 'slug': '1-21-11', 'apiVersion': None}
[2026, 9, 28, 9, 18, 43] ;;; curseforge; {'id': 14417, 'gameVersionTypeID': 1, 'name': '1.21.11', 'slug': '1-21-11', 'apiVersion': ''}
[2026, 9, 28, 9, 18, 43] ;;; curseforge; {'id': 16127, 'gameVersionTypeID': 615, 'name': '1.21.11', 'slug': '1-21-11', 'apiVersion': ''}
[2026, 9, 28, 9, 18, 43] ;;; curseforge; {'file': ('dynamic_monsters-fabric-1.21.9_1.61.0.jar', <_io.BufferedReader name='.\\releases\\1.61.0\\dynamic_monsters-fabric-1.21.9_1.61.0.jar'>, 'application/jar'), 'metadata': (None, '{"changelog": "", "displayName": "dynamic_monsters fabric 1.21.9 1.61.0", "gameVersions": [7499, 9638, 9639, 13927, 13964, 14406], "gameVersionNames": ["Fabric", "Client", "Server", "1.21.9", "1.21.10", "1.21.11"], "releaseType": "release", "relations": {"projects": [{"slug": "gstools", "projectID": 1404020, "type": "requiredDependency"}]}}', 'application/json')}
[2026, 9, 28, 9, 18, 46] ;;; curseforge; Mod file uploaded successfully! Response: {'id': 8999346}
[2026, 9, 28, 9, 18, 47] ;;; curseforge; {'id': 7499, 'gameVersionTypeID': 68441, 'name': 'Fabric', 'slug': 'fabric', 'apiVersion': ''}
[2026, 9, 28, 9, 18, 47] ;;; curseforge; {'id': 9638, 'gameVersionTypeID': 75208, 'name': 'Client', 'slug': 'client', 'apiVersion': ''}
[2026, 9, 28, 9, 18, 47] ;;; curseforge; {'id': 9639, 'gameVersionTypeID': 75208, 'name': 'Server', 'slug': 'server', 'apiVersion': ''}
[2026, 9, 28, 9, 18, 47] ;;; curseforge; {'id': 13927, 'gameVersionTypeID': 77784, 'name': '1.21.9', 'slug': '1-21-9', 'apiVersion': None}
[2026, 9, 28, 9, 18, 47] ;;; curseforge; {'id': 13933, 'gameVersionTypeID': 1, 'name': '1.21.9', 'slug': '1-21-9', 'apiVersion': ''}
[2026, 9, 28, 9, 18, 47] ;;; curseforge; {'id': 16125, 'gameVersionTypeID': 615, 'name': '1.21.9', 'slug': '1-21-9', 'apiVersion': ''}
[2026, 9, 28, 9, 18, 47] ;;; curseforge; {'id': 7499, 'gameVersionTypeID': 68441, 'name': 'Fabric', 'slug': 'fabric', 'apiVersion': ''}
[2026, 9, 28, 9, 18, 47] ;;; curseforge; {'id': 9638, 'gameVersionTypeID': 75208, 'name': 'Client', 'slug': 'client', 'apiVersion': ''}
[2026, 9, 28, 9, 18, 47] ;;; curseforge; {'id': 9639, 'gameVersionTypeID': 75208, 'name': 'Server', 'slug': 'server', 'apiVersion': ''}
[2026, 9, 28, 9, 18, 47] ;;; curseforge; {'id': 13964, 'gameVersionTypeID': 77784, 'name': '1.21.10', 'slug': '1-21-10', 'apiVersion': None}
[2026, 9, 28, 9, 18, 47] ;;; curseforge; {'id': 13966, 'gameVersionTypeID': 1, 'name': '1.21.10', 'slug': '1-21-10', 'apiVersion': ''}
[2026, 9, 28, 9, 18, 47] ;;; curseforge; {'id': 16126, 'gameVersionTypeID': 615, 'name': '1.21.10', 'slug': '1-21-10', 'apiVersion': ''}
[2026, 9, 28, 9, 18, 47] ;;; curseforge; {'id': 7499, 'gameVersionTypeID': 68441, 'name': 'Fabric', 'slug': 'fabric', 'apiVersion': ''}
[2026, 9, 28, 9, 18, 47] ;;; curseforge; {'id': 9638, 'gameVersionTypeID': 75208, 'name': 'Client', 'slug': 'client', 'apiVersion': ''}
[2026, 9, 28, 9, 18, 47] ;;; curseforge; {'id': 9639, 'gameVersionTypeID': 75208, 'name': 'Server', 'slug': 'server', 'apiVersion': ''}
[2026, 9, 28, 9, 18, 47] ;;; curseforge; {'id': 14406, 'gameVersionTypeID': 77784, 'name': '1.21.11', 'slug': '1-21-11', 'apiVersion': None}
[2026, 9, 28, 9, 18, 47] ;;; curseforge; {'id': 14417, 'gameVersionTypeID': 1, 'name': '1.21.11', 'slug': '1-21-11', 'apiVersion': ''}
[2026, 9, 28, 9, 18, 47] ;;; curseforge; {'id': 16127, 'gameVersionTypeID': 615, 'name': '1.21.11', 'slug': '1-21-11', 'apiVersion': ''}
[2026, 9, 28, 9, 18, 51] ;;; curseforge; {'id': 7499, 'gameVersionTypeID': 68441, 'name': 'Fabric', 'slug': 'fabric', 'apiVersion': ''}
[2026, 9, 28, 9, 18, 51] ;;; curseforge; {'id': 9638, 'gameVersionTypeID': 75208, 'name': 'Client', 'slug': 'client', 'apiVersion': ''}
[2026, 9, 28, 9, 18, 51] ;;; curseforge; {'id': 9639, 'gameVersionTypeID': 75208, 'name': 'Server', 'slug': 'server', 'apiVersion': ''}
[2026, 9, 28, 9, 18, 51] ;;; curseforge; {'id': 15933, 'gameVersionTypeID': 83806, 'name': '26.1', 'slug': '26-1', 'apiVersion': None}
[2026, 9, 28, 9, 18, 51] ;;; curseforge; {'id': 16083, 'gameVersionTypeID': 1, 'name': '26.1', 'slug': '26-1', 'apiVersion': ''}
[2026, 9, 28, 9, 18, 51] ;;; curseforge; {'id': 16128, 'gameVersionTypeID': 615, 'name': '26.1', 'slug': '26-1', 'apiVersion': ''}
[2026, 9, 28, 9, 18, 51] ;;; curseforge; {'id': 7499, 'gameVersionTypeID': 68441, 'name': 'Fabric', 'slug': 'fabric', 'apiVersion': ''}
[2026, 9, 28, 9, 18, 51] ;;; curseforge; {'id': 9638, 'gameVersionTypeID': 75208, 'name': 'Client', 'slug': 'client', 'apiVersion': ''}
[2026, 9, 28, 9, 18, 51] ;;; curseforge; {'id': 9639, 'gameVersionTypeID': 75208, 'name': 'Server', 'slug': 'server', 'apiVersion': ''}
[2026, 9, 28, 9, 18, 51] ;;; curseforge; {'id': 16021, 'gameVersionTypeID': 83806, 'name': '26.1.1', 'slug': '26-1-1', 'apiVersion': None}
[2026, 9, 28, 9, 18, 51] ;;; curseforge; {'id': 16084, 'gameVersionTypeID': 1, 'name': '26.1.1', 'slug': '26-1-1', 'apiVersion': ''}
[2026, 9, 28, 9, 18, 51] ;;; curseforge; {'id': 16129, 'gameVersionTypeID': 615, 'name': '26.1.1', 'slug': '26-1-1', 'apiVersion': ''}
[2026, 9, 28, 9, 18, 51] ;;; curseforge; {'id': 7499, 'gameVersionTypeID': 68441, 'name': 'Fabric', 'slug': 'fabric', 'apiVersion': ''}
[2026, 9, 28, 9, 18, 51] ;;; curseforge; {'id': 9638, 'gameVersionTypeID': 75208, 'name': 'Client', 'slug': 'client', 'apiVersion': ''}
[2026, 9, 28, 9, 18, 51] ;;; curseforge; {'id': 9639, 'gameVersionTypeID': 75208, 'name': 'Server', 'slug': 'server', 'apiVersion': ''}
[2026, 9, 28, 9, 18, 51] ;;; curseforge; {'id': 16082, 'gameVersionTypeID': 83806, 'name': '26.1.2', 'slug': '26-1-2', 'apiVersion': None}
[2026, 9, 28, 9, 18, 51] ;;; curseforge; {'id': 16085, 'gameVersionTypeID': 1, 'name': '26.1.2', 'slug': '26-1-2', 'apiVersion': ''}
[2026, 9, 28, 9, 18, 51] ;;; curseforge; {'id': 16130, 'gameVersionTypeID': 615, 'name': '26.1.2', 'slug': '26-1-2', 'apiVersion': ''}
[2026, 9, 28, 9, 18, 51] ;;; curseforge; {'file': ('dynamic_monsters-fabric-26.1_1.61.0.jar', <_io.BufferedReader name='.\\releases\\1.61.0\\dynamic_monsters-fabric-26.1_1.61.0.jar'>, 'application/jar'), 'metadata': (None, '{"changelog": "", "displayName": "dynamic_monsters fabric 26.1 1.61.0", "gameVersions": [7499, 9638, 9639, 15933, 16021, 16082], "gameVersionNames": ["Fabric", "Client", "Server", "26.1", "26.1.1", "26.1.2"], "releaseType": "release", "relations": {"projects": [{"slug": "gstools", "projectID": 1404020, "type": "requiredDependency"}]}}', 'application/json')}
[2026, 9, 28, 9, 18, 53] ;;; curseforge; Mod file uploaded successfully! Response: {'id': 8999347}
[2026, 9, 28, 9, 18, 54] ;;; curseforge; {'id': 7499, 'gameVersionTypeID': 68441, 'name': 'Fabric', 'slug': 'fabric', 'apiVersion': ''}
[2026, 9, 28, 9, 18, 54] ;;; curseforge; {'id': 9638, 'gameVersionTypeID': 75208, 'name': 'Client', 'slug': 'client', 'apiVersion': ''}
[2026, 9, 28, 9, 18, 54] ;;; curseforge; {'id': 9639, 'gameVersionTypeID': 75208, 'name': 'Server', 'slug': 'server', 'apiVersion': ''}
[2026, 9, 28, 9, 18, 54] ;;; curseforge; {'id': 15933, 'gameVersionTypeID': 83806, 'name': '26.1', 'slug': '26-1', 'apiVersion': None}
[2026, 9, 28, 9, 18, 54] ;;; curseforge; {'id': 16083, 'gameVersionTypeID': 1, 'name': '26.1', 'slug': '26-1', 'apiVersion': ''}
[2026, 9, 28, 9, 18, 54] ;;; curseforge; {'id': 16128, 'gameVersionTypeID': 615, 'name': '26.1', 'slug': '26-1', 'apiVersion': ''}
[2026, 9, 28, 9, 18, 54] ;;; curseforge; {'id': 7499, 'gameVersionTypeID': 68441, 'name': 'Fabric', 'slug': 'fabric', 'apiVersion': ''}
[2026, 9, 28, 9, 18, 54] ;;; curseforge; {'id': 9638, 'gameVersionTypeID': 75208, 'name': 'Client', 'slug': 'client', 'apiVersion': ''}
[2026, 9, 28, 9, 18, 54] ;;; curseforge; {'id': 9639, 'gameVersionTypeID': 75208, 'name': 'Server', 'slug': 'server', 'apiVersion': ''}
[2026, 9, 28, 9, 18, 54] ;;; curseforge; {'id': 16021, 'gameVersionTypeID': 83806, 'name': '26.1.1', 'slug': '26-1-1', 'apiVersion': None}
[2026, 9, 28, 9, 18, 54] ;;; curseforge; {'id': 16084, 'gameVersionTypeID': 1, 'name': '26.1.1', 'slug': '26-1-1', 'apiVersion': ''}
[2026, 9, 28, 9, 18, 54] ;;; curseforge; {'id': 16129, 'gameVersionTypeID': 615, 'name': '26.1.1', 'slug': '26-1-1', 'apiVersion': ''}
[2026, 9, 28, 9, 18, 54] ;;; curseforge; {'id': 7499, 'gameVersionTypeID': 68441, 'name': 'Fabric', 'slug': 'fabric', 'apiVersion': ''}
[2026, 9, 28, 9, 18, 54] ;;; curseforge; {'id': 9638, 'gameVersionTypeID': 75208, 'name': 'Client', 'slug': 'client', 'apiVersion': ''}
[2026, 9, 28, 9, 18, 54] ;;; curseforge; {'id': 9639, 'gameVersionTypeID': 75208, 'name': 'Server', 'slug': 'server', 'apiVersion': ''}
[2026, 9, 28, 9, 18, 54] ;;; curseforge; {'id': 16082, 'gameVersionTypeID': 83806, 'name': '26.1.2', 'slug': '26-1-2', 'apiVersion': None}
[2026, 9, 28, 9, 18, 54] ;;; curseforge; {'id': 16085, 'gameVersionTypeID': 1, 'name': '26.1.2', 'slug': '26-1-2', 'apiVersion': ''}
[2026, 9, 28, 9, 18, 54] ;;; curseforge; {'id': 16130, 'gameVersionTypeID': 615, 'name': '26.1.2', 'slug': '26-1-2', 'apiVersion': ''}
[2026, 9, 28, 9, 18, 58] ;;; curseforge; {'id': 7499, 'gameVersionTypeID': 68441, 'name': 'Fabric', 'slug': 'fabric', 'apiVersion': ''}
[2026, 9, 28, 9, 18, 58] ;;; curseforge; {'id': 9638, 'gameVersionTypeID': 75208, 'name': 'Client', 'slug': 'client', 'apiVersion': ''}
[2026, 9, 28, 9, 18, 58] ;;; curseforge; {'id': 9639, 'gameVersionTypeID': 75208, 'name': 'Server', 'slug': 'server', 'apiVersion': ''}
[2026, 9, 28, 9, 18, 58] ;;; curseforge; {'id': 16498, 'gameVersionTypeID': 86297, 'name': '26.2', 'slug': '26-2', 'apiVersion': None}
[2026, 9, 28, 9, 18, 58] ;;; curseforge; {'id': 16500, 'gameVersionTypeID': 1, 'name': '26.2', 'slug': '26-2', 'apiVersion': ''}
[2026, 9, 28, 9, 18, 58] ;;; curseforge; {'file': ('dynamic_monsters-fabric-26.2_1.61.0.jar', <_io.BufferedReader name='.\\releases\\1.61.0\\dynamic_monsters-fabric-26.2_1.61.0.jar'>, 'application/jar'), 'metadata': (None, '{"changelog": "", "displayName": "dynamic_monsters fabric 26.2 1.61.0", "gameVersions": [7499, 9638, 9639, 16498], "gameVersionNames": ["Fabric", "Client", "Server", "26.2"], "releaseType": "release", "relations": {"projects": [{"slug": "gstools", "projectID": 1404020, "type": "requiredDependency"}]}}', 'application/json')}
[2026, 9, 28, 9, 19, 0] ;;; curseforge; Mod file uploaded successfully! Response: {'id': 8999348}
[2026, 9, 28, 9, 19, 0] ;;; curseforge; {'id': 7499, 'gameVersionTypeID': 68441, 'name': 'Fabric', 'slug': 'fabric', 'apiVersion': ''}
[2026, 9, 28, 9, 19, 0] ;;; curseforge; {'id': 9638, 'gameVersionTypeID': 75208, 'name': 'Client', 'slug': 'client', 'apiVersion': ''}
[2026, 9, 28, 9, 19, 0] ;;; curseforge; {'id': 9639, 'gameVersionTypeID': 75208, 'name': 'Server', 'slug': 'server', 'apiVersion': ''}
[2026, 9, 28, 9, 19, 0] ;;; curseforge; {'id': 16498, 'gameVersionTypeID': 86297, 'name': '26.2', 'slug': '26-2', 'apiVersion': None}
[2026, 9, 28, 9, 19, 0] ;;; curseforge; {'id': 16500, 'gameVersionTypeID': 1, 'name': '26.2', 'slug': '26-2', 'apiVersion': ''}
[2026, 9, 28, 9, 19, 4] ;;; curseforge; {'id': 7498, 'gameVersionTypeID': 68441, 'name': 'Forge', 'slug': 'forge', 'apiVersion': ''}
[2026, 9, 28, 9, 19, 4] ;;; curseforge; {'id': 9638, 'gameVersionTypeID': 75208, 'name': 'Client', 'slug': 'client', 'apiVersion': ''}
[2026, 9, 28, 9, 19, 4] ;;; curseforge; {'id': 9639, 'gameVersionTypeID': 75208, 'name': 'Server', 'slug': 'server', 'apiVersion': ''}
[2026, 9, 28, 9, 19, 4] ;;; curseforge; {'id': 9776, 'gameVersionTypeID': 73407, 'name': '1.19.4', 'slug': '1-19-4', 'apiVersion': ''}
[2026, 9, 28, 9, 19, 4] ;;; curseforge; {'id': 9792, 'gameVersionTypeID': 615, 'name': '1.19.4', 'slug': '1-19-4', 'apiVersion': ''}
[2026, 9, 28, 9, 19, 4] ;;; curseforge; {'id': 9973, 'gameVersionTypeID': 1, 'name': '1.19.4', 'slug': '1-19-4', 'apiVersion': ''}
[2026, 9, 28, 9, 19, 4] ;;; curseforge; {'file': ('dynamic_monsters-forge-1.19.4_1.61.0.jar', <_io.BufferedReader name='.\\releases\\1.61.0\\dynamic_monsters-forge-1.19.4_1.61.0.jar'>, 'application/jar'), 'metadata': (None, '{"changelog": "", "displayName": "dynamic_monsters forge 1.19.4 1.61.0", "gameVersions": [7498, 9638, 9639, 9776], "gameVersionNames": ["Forge", "Client", "Server", "1.19.4"], "releaseType": "release", "relations": {"projects": [{"slug": "gstools", "projectID": 1404020, "type": "requiredDependency"}]}}', 'application/json')}
[2026, 9, 28, 9, 19, 7] ;;; curseforge; Mod file uploaded successfully! Response: {'id': 8999349}
[2026, 9, 28, 9, 19, 7] ;;; curseforge; {'id': 7498, 'gameVersionTypeID': 68441, 'name': 'Forge', 'slug': 'forge', 'apiVersion': ''}
[2026, 9, 28, 9, 19, 7] ;;; curseforge; {'id': 9638, 'gameVersionTypeID': 75208, 'name': 'Client', 'slug': 'client', 'apiVersion': ''}
[2026, 9, 28, 9, 19, 7] ;;; curseforge; {'id': 9639, 'gameVersionTypeID': 75208, 'name': 'Server', 'slug': 'server', 'apiVersion': ''}
[2026, 9, 28, 9, 19, 7] ;;; curseforge; {'id': 9776, 'gameVersionTypeID': 73407, 'name': '1.19.4', 'slug': '1-19-4', 'apiVersion': ''}
[2026, 9, 28, 9, 19, 7] ;;; curseforge; {'id': 9792, 'gameVersionTypeID': 615, 'name': '1.19.4', 'slug': '1-19-4', 'apiVersion': ''}
[2026, 9, 28, 9, 19, 7] ;;; curseforge; {'id': 9973, 'gameVersionTypeID': 1, 'name': '1.19.4', 'slug': '1-19-4', 'apiVersion': ''}
[2026, 9, 28, 9, 19, 11] ;;; curseforge; {'id': 9638, 'gameVersionTypeID': 75208, 'name': 'Client', 'slug': 'client', 'apiVersion': ''}
[2026, 9, 28, 9, 19, 11] ;;; curseforge; {'id': 9639, 'gameVersionTypeID': 75208, 'name': 'Server', 'slug': 'server', 'apiVersion': ''}
[2026, 9, 28, 9, 19, 11] ;;; curseforge; {'id': 10150, 'gameVersionTypeID': 68441, 'name': 'NeoForge', 'slug': 'neoforge', 'apiVersion': ''}
[2026, 9, 28, 9, 19, 11] ;;; curseforge; {'id': 10407, 'gameVersionTypeID': 75125, 'name': '1.20.4', 'slug': '1-20-4', 'apiVersion': None}
[2026, 9, 28, 9, 19, 11] ;;; curseforge; {'id': 10742, 'gameVersionTypeID': 1, 'name': '1.20.4', 'slug': '1-20-4', 'apiVersion': ''}
[2026, 9, 28, 9, 19, 11] ;;; curseforge; {'id': 10866, 'gameVersionTypeID': 615, 'name': '1.20.4', 'slug': '1-20-4', 'apiVersion': ''}
[2026, 9, 28, 9, 19, 11] ;;; curseforge; {'file': ('dynamic_monsters-neoforge-1.20.4_1.61.0.jar', <_io.BufferedReader name='.\\releases\\1.61.0\\dynamic_monsters-neoforge-1.20.4_1.61.0.jar'>, 'application/jar'), 'metadata': (None, '{"changelog": "", "displayName": "dynamic_monsters neoforge 1.20.4 1.61.0", "gameVersions": [9638, 9639, 10150, 10407], "gameVersionNames": ["Client", "Server", "NeoForge", "1.20.4"], "releaseType": "release", "relations": {"projects": [{"slug": "gstools", "projectID": 1404020, "type": "requiredDependency"}]}}', 'application/json')}
[2026, 9, 28, 9, 19, 13] ;;; curseforge; Mod file uploaded successfully! Response: {'id': 8999350}
[2026, 9, 28, 9, 19, 14] ;;; curseforge; {'id': 9638, 'gameVersionTypeID': 75208, 'name': 'Client', 'slug': 'client', 'apiVersion': ''}
[2026, 9, 28, 9, 19, 14] ;;; curseforge; {'id': 9639, 'gameVersionTypeID': 75208, 'name': 'Server', 'slug': 'server', 'apiVersion': ''}
[2026, 9, 28, 9, 19, 14] ;;; curseforge; {'id': 10150, 'gameVersionTypeID': 68441, 'name': 'NeoForge', 'slug': 'neoforge', 'apiVersion': ''}
[2026, 9, 28, 9, 19, 14] ;;; curseforge; {'id': 10407, 'gameVersionTypeID': 75125, 'name': '1.20.4', 'slug': '1-20-4', 'apiVersion': None}
[2026, 9, 28, 9, 19, 14] ;;; curseforge; {'id': 10742, 'gameVersionTypeID': 1, 'name': '1.20.4', 'slug': '1-20-4', 'apiVersion': ''}
[2026, 9, 28, 9, 19, 14] ;;; curseforge; {'id': 10866, 'gameVersionTypeID': 615, 'name': '1.20.4', 'slug': '1-20-4', 'apiVersion': ''}
[2026, 9, 28, 9, 19, 20] ;;; curseforge; {'id': 9638, 'gameVersionTypeID': 75208, 'name': 'Client', 'slug': 'client', 'apiVersion': ''}
[2026, 9, 28, 9, 19, 20] ;;; curseforge; {'id': 9639, 'gameVersionTypeID': 75208, 'name': 'Server', 'slug': 'server', 'apiVersion': ''}
[2026, 9, 28, 9, 19, 20] ;;; curseforge; {'id': 10150, 'gameVersionTypeID': 68441, 'name': 'NeoForge', 'slug': 'neoforge', 'apiVersion': ''}
[2026, 9, 28, 9, 19, 20] ;;; curseforge; {'id': 11198, 'gameVersionTypeID': 75125, 'name': '1.20.6', 'slug': '1-20-6', 'apiVersion': None}
[2026, 9, 28, 9, 19, 20] ;;; curseforge; {'id': 11307, 'gameVersionTypeID': 1, 'name': '1.20.6', 'slug': '1-20-6', 'apiVersion': ''}
[2026, 9, 28, 9, 19, 20] ;;; curseforge; {'id': 11309, 'gameVersionTypeID': 615, 'name': '1.20.6', 'slug': '1-20-6', 'apiVersion': ''}
[2026, 9, 28, 9, 19, 20] ;;; curseforge; {'id': 9638, 'gameVersionTypeID': 75208, 'name': 'Client', 'slug': 'client', 'apiVersion': ''}
[2026, 9, 28, 9, 19, 20] ;;; curseforge; {'id': 9639, 'gameVersionTypeID': 75208, 'name': 'Server', 'slug': 'server', 'apiVersion': ''}
[2026, 9, 28, 9, 19, 20] ;;; curseforge; {'id': 10150, 'gameVersionTypeID': 68441, 'name': 'NeoForge', 'slug': 'neoforge', 'apiVersion': ''}
[2026, 9, 28, 9, 19, 20] ;;; curseforge; {'id': 11457, 'gameVersionTypeID': 77784, 'name': '1.21', 'slug': '1-21', 'apiVersion': ''}
[2026, 9, 28, 9, 19, 20] ;;; curseforge; {'id': 11458, 'gameVersionTypeID': 615, 'name': '1.21', 'slug': '1-21', 'apiVersion': ''}
[2026, 9, 28, 9, 19, 20] ;;; curseforge; {'id': 11515, 'gameVersionTypeID': 1, 'name': '1.21', 'slug': '1-21', 'apiVersion': ''}
[2026, 9, 28, 9, 19, 20] ;;; curseforge; {'file': ('dynamic_monsters-neoforge-1.20.6_1.61.0.jar', <_io.BufferedReader name='.\\releases\\1.61.0\\dynamic_monsters-neoforge-1.20.6_1.61.0.jar'>, 'application/jar'), 'metadata': (None, '{"changelog": "", "displayName": "dynamic_monsters neoforge 1.20.6 1.61.0", "gameVersions": [9638, 9639, 10150, 11198, 11457], "gameVersionNames": ["Client", "Server", "NeoForge", "1.20.6", "1.21"], "releaseType": "release", "relations": {"projects": [{"slug": "gstools", "projectID": 1404020, "type": "requiredDependency"}]}}', 'application/json')}
[2026, 9, 28, 9, 19, 22] ;;; curseforge; Mod file uploaded successfully! Response: {'id': 8999352}
[2026, 9, 28, 9, 19, 22] ;;; curseforge; {'id': 9638, 'gameVersionTypeID': 75208, 'name': 'Client', 'slug': 'client', 'apiVersion': ''}
[2026, 9, 28, 9, 19, 22] ;;; curseforge; {'id': 9639, 'gameVersionTypeID': 75208, 'name': 'Server', 'slug': 'server', 'apiVersion': ''}
[2026, 9, 28, 9, 19, 22] ;;; curseforge; {'id': 10150, 'gameVersionTypeID': 68441, 'name': 'NeoForge', 'slug': 'neoforge', 'apiVersion': ''}
[2026, 9, 28, 9, 19, 22] ;;; curseforge; {'id': 11198, 'gameVersionTypeID': 75125, 'name': '1.20.6', 'slug': '1-20-6', 'apiVersion': None}
[2026, 9, 28, 9, 19, 22] ;;; curseforge; {'id': 11307, 'gameVersionTypeID': 1, 'name': '1.20.6', 'slug': '1-20-6', 'apiVersion': ''}
[2026, 9, 28, 9, 19, 22] ;;; curseforge; {'id': 11309, 'gameVersionTypeID': 615, 'name': '1.20.6', 'slug': '1-20-6', 'apiVersion': ''}
[2026, 9, 28, 9, 19, 22] ;;; curseforge; {'id': 9638, 'gameVersionTypeID': 75208, 'name': 'Client', 'slug': 'client', 'apiVersion': ''}
[2026, 9, 28, 9, 19, 22] ;;; curseforge; {'id': 9639, 'gameVersionTypeID': 75208, 'name': 'Server', 'slug': 'server', 'apiVersion': ''}
[2026, 9, 28, 9, 19, 22] ;;; curseforge; {'id': 10150, 'gameVersionTypeID': 68441, 'name': 'NeoForge', 'slug': 'neoforge', 'apiVersion': ''}
[2026, 9, 28, 9, 19, 22] ;;; curseforge; {'id': 11457, 'gameVersionTypeID': 77784, 'name': '1.21', 'slug': '1-21', 'apiVersion': ''}
[2026, 9, 28, 9, 19, 22] ;;; curseforge; {'id': 11458, 'gameVersionTypeID': 615, 'name': '1.21', 'slug': '1-21', 'apiVersion': ''}
[2026, 9, 28, 9, 19, 22] ;;; curseforge; {'id': 11515, 'gameVersionTypeID': 1, 'name': '1.21', 'slug': '1-21', 'apiVersion': ''}
[2026, 9, 28, 9, 19, 28] ;;; curseforge; {'id': 9638, 'gameVersionTypeID': 75208, 'name': 'Client', 'slug': 'client', 'apiVersion': ''}
[2026, 9, 28, 9, 19, 28] ;;; curseforge; {'id': 9639, 'gameVersionTypeID': 75208, 'name': 'Server', 'slug': 'server', 'apiVersion': ''}
[2026, 9, 28, 9, 19, 28] ;;; curseforge; {'id': 10150, 'gameVersionTypeID': 68441, 'name': 'NeoForge', 'slug': 'neoforge', 'apiVersion': ''}
[2026, 9, 28, 9, 19, 28] ;;; curseforge; {'id': 11779, 'gameVersionTypeID': 77784, 'name': '1.21.1', 'slug': '1-21-1', 'apiVersion': None}
[2026, 9, 28, 9, 19, 28] ;;; curseforge; {'id': 12735, 'gameVersionTypeID': 1, 'name': '1.21.1', 'slug': '1-21-1', 'apiVersion': ''}
[2026, 9, 28, 9, 19, 28] ;;; curseforge; {'id': 16115, 'gameVersionTypeID': 615, 'name': '1.21.1', 'slug': '1-21-1', 'apiVersion': ''}
[2026, 9, 28, 9, 19, 28] ;;; curseforge; {'file': ('dynamic_monsters-neoforge-1.21.1_1.61.0.jar', <_io.BufferedReader name='.\\releases\\1.61.0\\dynamic_monsters-neoforge-1.21.1_1.61.0.jar'>, 'application/jar'), 'metadata': (None, '{"changelog": "", "displayName": "dynamic_monsters neoforge 1.21.1 1.61.0", "gameVersions": [9638, 9639, 10150, 11779], "gameVersionNames": ["Client", "Server", "NeoForge", "1.21.1"], "releaseType": "release", "relations": {"projects": [{"slug": "gstools", "projectID": 1404020, "type": "requiredDependency"}, {"slug": "gstools-weather2-compat", "projectID": 1710321, "type": "requiredDependency"}]}}', 'application/json')}
[2026, 9, 28, 9, 19, 31] ;;; curseforge; Mod file uploaded successfully! Response: {'id': 8999353}
[2026, 9, 28, 9, 19, 31] ;;; curseforge; {'id': 9638, 'gameVersionTypeID': 75208, 'name': 'Client', 'slug': 'client', 'apiVersion': ''}
[2026, 9, 28, 9, 19, 31] ;;; curseforge; {'id': 9639, 'gameVersionTypeID': 75208, 'name': 'Server', 'slug': 'server', 'apiVersion': ''}
[2026, 9, 28, 9, 19, 31] ;;; curseforge; {'id': 10150, 'gameVersionTypeID': 68441, 'name': 'NeoForge', 'slug': 'neoforge', 'apiVersion': ''}
[2026, 9, 28, 9, 19, 31] ;;; curseforge; {'id': 11779, 'gameVersionTypeID': 77784, 'name': '1.21.1', 'slug': '1-21-1', 'apiVersion': None}
[2026, 9, 28, 9, 19, 31] ;;; curseforge; {'id': 12735, 'gameVersionTypeID': 1, 'name': '1.21.1', 'slug': '1-21-1', 'apiVersion': ''}
[2026, 9, 28, 9, 19, 31] ;;; curseforge; {'id': 16115, 'gameVersionTypeID': 615, 'name': '1.21.1', 'slug': '1-21-1', 'apiVersion': ''}
[2026, 9, 28, 9, 19, 35] ;;; curseforge; {'id': 9638, 'gameVersionTypeID': 75208, 'name': 'Client', 'slug': 'client', 'apiVersion': ''}
[2026, 9, 28, 9, 19, 35] ;;; curseforge; {'id': 9639, 'gameVersionTypeID': 75208, 'name': 'Server', 'slug': 'server', 'apiVersion': ''}
[2026, 9, 28, 9, 19, 35] ;;; curseforge; {'id': 10150, 'gameVersionTypeID': 68441, 'name': 'NeoForge', 'slug': 'neoforge', 'apiVersion': ''}
[2026, 9, 28, 9, 19, 35] ;;; curseforge; {'id': 12079, 'gameVersionTypeID': 77784, 'name': '1.21.2', 'slug': '1-21-2', 'apiVersion': ''}
[2026, 9, 28, 9, 19, 35] ;;; curseforge; {'id': 12736, 'gameVersionTypeID': 1, 'name': '1.21.2', 'slug': '1-21-2', 'apiVersion': ''}
[2026, 9, 28, 9, 19, 35] ;;; curseforge; {'id': 16116, 'gameVersionTypeID': 615, 'name': '1.21.2', 'slug': '1-21-2', 'apiVersion': ''}
[2026, 9, 28, 9, 19, 35] ;;; curseforge; {'id': 9638, 'gameVersionTypeID': 75208, 'name': 'Client', 'slug': 'client', 'apiVersion': ''}
[2026, 9, 28, 9, 19, 35] ;;; curseforge; {'id': 9639, 'gameVersionTypeID': 75208, 'name': 'Server', 'slug': 'server', 'apiVersion': ''}
[2026, 9, 28, 9, 19, 35] ;;; curseforge; {'id': 10150, 'gameVersionTypeID': 68441, 'name': 'NeoForge', 'slug': 'neoforge', 'apiVersion': ''}
[2026, 9, 28, 9, 19, 35] ;;; curseforge; {'id': 12084, 'gameVersionTypeID': 77784, 'name': '1.21.3', 'slug': '1-21-3', 'apiVersion': None}
[2026, 9, 28, 9, 19, 35] ;;; curseforge; {'id': 12737, 'gameVersionTypeID': 1, 'name': '1.21.3', 'slug': '1-21-3', 'apiVersion': ''}
[2026, 9, 28, 9, 19, 35] ;;; curseforge; {'id': 16117, 'gameVersionTypeID': 615, 'name': '1.21.3', 'slug': '1-21-3', 'apiVersion': ''}
[2026, 9, 28, 9, 19, 35] ;;; curseforge; {'file': ('dynamic_monsters-neoforge-1.21.2_1.61.0.jar', <_io.BufferedReader name='.\\releases\\1.61.0\\dynamic_monsters-neoforge-1.21.2_1.61.0.jar'>, 'application/jar'), 'metadata': (None, '{"changelog": "", "displayName": "dynamic_monsters neoforge 1.21.2 1.61.0", "gameVersions": [9638, 9639, 10150, 12079, 12084], "gameVersionNames": ["Client", "Server", "NeoForge", "1.21.2", "1.21.3"], "releaseType": "release", "relations": {"projects": [{"slug": "gstools", "projectID": 1404020, "type": "requiredDependency"}]}}', 'application/json')}
[2026, 9, 28, 9, 19, 37] ;;; curseforge; Mod file uploaded successfully! Response: {'id': 8999354}
[2026, 9, 28, 9, 19, 37] ;;; curseforge; {'id': 9638, 'gameVersionTypeID': 75208, 'name': 'Client', 'slug': 'client', 'apiVersion': ''}
[2026, 9, 28, 9, 19, 37] ;;; curseforge; {'id': 9639, 'gameVersionTypeID': 75208, 'name': 'Server', 'slug': 'server', 'apiVersion': ''}
[2026, 9, 28, 9, 19, 38] ;;; curseforge; {'id': 10150, 'gameVersionTypeID': 68441, 'name': 'NeoForge', 'slug': 'neoforge', 'apiVersion': ''}
[2026, 9, 28, 9, 19, 38] ;;; curseforge; {'id': 12079, 'gameVersionTypeID': 77784, 'name': '1.21.2', 'slug': '1-21-2', 'apiVersion': ''}
[2026, 9, 28, 9, 19, 38] ;;; curseforge; {'id': 12736, 'gameVersionTypeID': 1, 'name': '1.21.2', 'slug': '1-21-2', 'apiVersion': ''}
[2026, 9, 28, 9, 19, 38] ;;; curseforge; {'id': 16116, 'gameVersionTypeID': 615, 'name': '1.21.2', 'slug': '1-21-2', 'apiVersion': ''}
[2026, 9, 28, 9, 19, 38] ;;; curseforge; {'id': 9638, 'gameVersionTypeID': 75208, 'name': 'Client', 'slug': 'client', 'apiVersion': ''}
[2026, 9, 28, 9, 19, 38] ;;; curseforge; {'id': 9639, 'gameVersionTypeID': 75208, 'name': 'Server', 'slug': 'server', 'apiVersion': ''}
[2026, 9, 28, 9, 19, 38] ;;; curseforge; {'id': 10150, 'gameVersionTypeID': 68441, 'name': 'NeoForge', 'slug': 'neoforge', 'apiVersion': ''}
[2026, 9, 28, 9, 19, 38] ;;; curseforge; {'id': 12084, 'gameVersionTypeID': 77784, 'name': '1.21.3', 'slug': '1-21-3', 'apiVersion': None}
[2026, 9, 28, 9, 19, 38] ;;; curseforge; {'id': 12737, 'gameVersionTypeID': 1, 'name': '1.21.3', 'slug': '1-21-3', 'apiVersion': ''}
[2026, 9, 28, 9, 19, 38] ;;; curseforge; {'id': 16117, 'gameVersionTypeID': 615, 'name': '1.21.3', 'slug': '1-21-3', 'apiVersion': ''}
[2026, 9, 28, 9, 19, 42] ;;; curseforge; {'id': 9638, 'gameVersionTypeID': 75208, 'name': 'Client', 'slug': 'client', 'apiVersion': ''}
[2026, 9, 28, 9, 19, 42] ;;; curseforge; {'id': 9639, 'gameVersionTypeID': 75208, 'name': 'Server', 'slug': 'server', 'apiVersion': ''}
[2026, 9, 28, 9, 19, 42] ;;; curseforge; {'id': 10150, 'gameVersionTypeID': 68441, 'name': 'NeoForge', 'slug': 'neoforge', 'apiVersion': ''}
[2026, 9, 28, 9, 19, 42] ;;; curseforge; {'id': 12281, 'gameVersionTypeID': 77784, 'name': '1.21.4', 'slug': '1-21-4', 'apiVersion': None}
[2026, 9, 28, 9, 19, 42] ;;; curseforge; {'id': 12738, 'gameVersionTypeID': 1, 'name': '1.21.4', 'slug': '1-21-4', 'apiVersion': ''}
[2026, 9, 28, 9, 19, 42] ;;; curseforge; {'id': 16118, 'gameVersionTypeID': 615, 'name': '1.21.4', 'slug': '1-21-4', 'apiVersion': ''}
[2026, 9, 28, 9, 19, 42] ;;; curseforge; {'file': ('dynamic_monsters-neoforge-1.21.4_1.61.0.jar', <_io.BufferedReader name='.\\releases\\1.61.0\\dynamic_monsters-neoforge-1.21.4_1.61.0.jar'>, 'application/jar'), 'metadata': (None, '{"changelog": "", "displayName": "dynamic_monsters neoforge 1.21.4 1.61.0", "gameVersions": [9638, 9639, 10150, 12281], "gameVersionNames": ["Client", "Server", "NeoForge", "1.21.4"], "releaseType": "release", "relations": {"projects": [{"slug": "gstools", "projectID": 1404020, "type": "requiredDependency"}]}}', 'application/json')}
[2026, 9, 28, 9, 19, 45] ;;; curseforge; Mod file uploaded successfully! Response: {'id': 8999355}
[2026, 9, 28, 9, 19, 45] ;;; curseforge; {'id': 9638, 'gameVersionTypeID': 75208, 'name': 'Client', 'slug': 'client', 'apiVersion': ''}
[2026, 9, 28, 9, 19, 45] ;;; curseforge; {'id': 9639, 'gameVersionTypeID': 75208, 'name': 'Server', 'slug': 'server', 'apiVersion': ''}
[2026, 9, 28, 9, 19, 45] ;;; curseforge; {'id': 10150, 'gameVersionTypeID': 68441, 'name': 'NeoForge', 'slug': 'neoforge', 'apiVersion': ''}
[2026, 9, 28, 9, 19, 45] ;;; curseforge; {'id': 12281, 'gameVersionTypeID': 77784, 'name': '1.21.4', 'slug': '1-21-4', 'apiVersion': None}
[2026, 9, 28, 9, 19, 45] ;;; curseforge; {'id': 12738, 'gameVersionTypeID': 1, 'name': '1.21.4', 'slug': '1-21-4', 'apiVersion': ''}
[2026, 9, 28, 9, 19, 45] ;;; curseforge; {'id': 16118, 'gameVersionTypeID': 615, 'name': '1.21.4', 'slug': '1-21-4', 'apiVersion': ''}
[2026, 9, 28, 9, 19, 50] ;;; curseforge; {'id': 9638, 'gameVersionTypeID': 75208, 'name': 'Client', 'slug': 'client', 'apiVersion': ''}
[2026, 9, 28, 9, 19, 50] ;;; curseforge; {'id': 9639, 'gameVersionTypeID': 75208, 'name': 'Server', 'slug': 'server', 'apiVersion': ''}
[2026, 9, 28, 9, 19, 50] ;;; curseforge; {'id': 10150, 'gameVersionTypeID': 68441, 'name': 'NeoForge', 'slug': 'neoforge', 'apiVersion': ''}
[2026, 9, 28, 9, 19, 50] ;;; curseforge; {'id': 12934, 'gameVersionTypeID': 77784, 'name': '1.21.5', 'slug': '1-21-5', 'apiVersion': None}
[2026, 9, 28, 9, 19, 50] ;;; curseforge; {'id': 12988, 'gameVersionTypeID': 1, 'name': '1.21.5', 'slug': '1-21-5', 'apiVersion': ''}
[2026, 9, 28, 9, 19, 50] ;;; curseforge; {'id': 16119, 'gameVersionTypeID': 615, 'name': '1.21.5', 'slug': '1-21-5', 'apiVersion': ''}
[2026, 9, 28, 9, 19, 50] ;;; curseforge; {'id': 9638, 'gameVersionTypeID': 75208, 'name': 'Client', 'slug': 'client', 'apiVersion': ''}
[2026, 9, 28, 9, 19, 50] ;;; curseforge; {'id': 9639, 'gameVersionTypeID': 75208, 'name': 'Server', 'slug': 'server', 'apiVersion': ''}
[2026, 9, 28, 9, 19, 50] ;;; curseforge; {'id': 10150, 'gameVersionTypeID': 68441, 'name': 'NeoForge', 'slug': 'neoforge', 'apiVersion': ''}
[2026, 9, 28, 9, 19, 50] ;;; curseforge; {'id': 13506, 'gameVersionTypeID': 77784, 'name': '1.21.7', 'slug': '1-21-7', 'apiVersion': None}
[2026, 9, 28, 9, 19, 50] ;;; curseforge; {'id': 13574, 'gameVersionTypeID': 1, 'name': '1.21.7', 'slug': '1-21-7', 'apiVersion': ''}
[2026, 9, 28, 9, 19, 50] ;;; curseforge; {'id': 16121, 'gameVersionTypeID': 615, 'name': '1.21.7', 'slug': '1-21-7', 'apiVersion': ''}
[2026, 9, 28, 9, 19, 50] ;;; curseforge; {'file': ('dynamic_monsters-neoforge-1.21.5_1.61.0.jar', <_io.BufferedReader name='.\\releases\\1.61.0\\dynamic_monsters-neoforge-1.21.5_1.61.0.jar'>, 'application/jar'), 'metadata': (None, '{"changelog": "", "displayName": "dynamic_monsters neoforge 1.21.5 1.61.0", "gameVersions": [9638, 9639, 10150, 12934, 13506], "gameVersionNames": ["Client", "Server", "NeoForge", "1.21.5", "1.21.7"], "releaseType": "release", "relations": {"projects": [{"slug": "gstools", "projectID": 1404020, "type": "requiredDependency"}]}}', 'application/json')}
[2026, 9, 28, 9, 19, 55] ;;; curseforge; Mod file uploaded successfully! Response: {'id': 8999357}
[2026, 9, 28, 9, 19, 56] ;;; curseforge; {'id': 9638, 'gameVersionTypeID': 75208, 'name': 'Client', 'slug': 'client', 'apiVersion': ''}
[2026, 9, 28, 9, 19, 56] ;;; curseforge; {'id': 9639, 'gameVersionTypeID': 75208, 'name': 'Server', 'slug': 'server', 'apiVersion': ''}
[2026, 9, 28, 9, 19, 56] ;;; curseforge; {'id': 10150, 'gameVersionTypeID': 68441, 'name': 'NeoForge', 'slug': 'neoforge', 'apiVersion': ''}
[2026, 9, 28, 9, 19, 56] ;;; curseforge; {'id': 12934, 'gameVersionTypeID': 77784, 'name': '1.21.5', 'slug': '1-21-5', 'apiVersion': None}
[2026, 9, 28, 9, 19, 56] ;;; curseforge; {'id': 12988, 'gameVersionTypeID': 1, 'name': '1.21.5', 'slug': '1-21-5', 'apiVersion': ''}
[2026, 9, 28, 9, 19, 56] ;;; curseforge; {'id': 16119, 'gameVersionTypeID': 615, 'name': '1.21.5', 'slug': '1-21-5', 'apiVersion': ''}
[2026, 9, 28, 9, 19, 56] ;;; curseforge; {'id': 9638, 'gameVersionTypeID': 75208, 'name': 'Client', 'slug': 'client', 'apiVersion': ''}
[2026, 9, 28, 9, 19, 56] ;;; curseforge; {'id': 9639, 'gameVersionTypeID': 75208, 'name': 'Server', 'slug': 'server', 'apiVersion': ''}
[2026, 9, 28, 9, 19, 56] ;;; curseforge; {'id': 10150, 'gameVersionTypeID': 68441, 'name': 'NeoForge', 'slug': 'neoforge', 'apiVersion': ''}
[2026, 9, 28, 9, 19, 56] ;;; curseforge; {'id': 13506, 'gameVersionTypeID': 77784, 'name': '1.21.7', 'slug': '1-21-7', 'apiVersion': None}
[2026, 9, 28, 9, 19, 56] ;;; curseforge; {'id': 13574, 'gameVersionTypeID': 1, 'name': '1.21.7', 'slug': '1-21-7', 'apiVersion': ''}
[2026, 9, 28, 9, 19, 56] ;;; curseforge; {'id': 16121, 'gameVersionTypeID': 615, 'name': '1.21.7', 'slug': '1-21-7', 'apiVersion': ''}
[2026, 9, 28, 9, 19, 59] ;;; curseforge; {'id': 9638, 'gameVersionTypeID': 75208, 'name': 'Client', 'slug': 'client', 'apiVersion': ''}
[2026, 9, 28, 9, 19, 59] ;;; curseforge; {'id': 9639, 'gameVersionTypeID': 75208, 'name': 'Server', 'slug': 'server', 'apiVersion': ''}
[2026, 9, 28, 9, 19, 59] ;;; curseforge; {'id': 10150, 'gameVersionTypeID': 68441, 'name': 'NeoForge', 'slug': 'neoforge', 'apiVersion': ''}
[2026, 9, 28, 9, 19, 59] ;;; curseforge; {'id': 13620, 'gameVersionTypeID': 77784, 'name': '1.21.8', 'slug': '1-21-8', 'apiVersion': None}
[2026, 9, 28, 9, 19, 59] ;;; curseforge; {'id': 13683, 'gameVersionTypeID': 1, 'name': '1.21.8', 'slug': '1-21-8', 'apiVersion': ''}
[2026, 9, 28, 9, 19, 59] ;;; curseforge; {'id': 16124, 'gameVersionTypeID': 615, 'name': '1.21.8', 'slug': '1-21-8', 'apiVersion': ''}
[2026, 9, 28, 9, 19, 59] ;;; curseforge; {'id': 9638, 'gameVersionTypeID': 75208, 'name': 'Client', 'slug': 'client', 'apiVersion': ''}
[2026, 9, 28, 9, 19, 59] ;;; curseforge; {'id': 9639, 'gameVersionTypeID': 75208, 'name': 'Server', 'slug': 'server', 'apiVersion': ''}
[2026, 9, 28, 9, 19, 59] ;;; curseforge; {'id': 10150, 'gameVersionTypeID': 68441, 'name': 'NeoForge', 'slug': 'neoforge', 'apiVersion': ''}
[2026, 9, 28, 9, 19, 59] ;;; curseforge; {'id': 13927, 'gameVersionTypeID': 77784, 'name': '1.21.9', 'slug': '1-21-9', 'apiVersion': None}
[2026, 9, 28, 9, 19, 59] ;;; curseforge; {'id': 13933, 'gameVersionTypeID': 1, 'name': '1.21.9', 'slug': '1-21-9', 'apiVersion': ''}
[2026, 9, 28, 9, 19, 59] ;;; curseforge; {'id': 16125, 'gameVersionTypeID': 615, 'name': '1.21.9', 'slug': '1-21-9', 'apiVersion': ''}
[2026, 9, 28, 9, 19, 59] ;;; curseforge; {'id': 9638, 'gameVersionTypeID': 75208, 'name': 'Client', 'slug': 'client', 'apiVersion': ''}
[2026, 9, 28, 9, 19, 59] ;;; curseforge; {'id': 9639, 'gameVersionTypeID': 75208, 'name': 'Server', 'slug': 'server', 'apiVersion': ''}
[2026, 9, 28, 9, 19, 59] ;;; curseforge; {'id': 10150, 'gameVersionTypeID': 68441, 'name': 'NeoForge', 'slug': 'neoforge', 'apiVersion': ''}
[2026, 9, 28, 9, 19, 59] ;;; curseforge; {'id': 13964, 'gameVersionTypeID': 77784, 'name': '1.21.10', 'slug': '1-21-10', 'apiVersion': None}
[2026, 9, 28, 9, 19, 59] ;;; curseforge; {'id': 13966, 'gameVersionTypeID': 1, 'name': '1.21.10', 'slug': '1-21-10', 'apiVersion': ''}
[2026, 9, 28, 9, 19, 59] ;;; curseforge; {'id': 16126, 'gameVersionTypeID': 615, 'name': '1.21.10', 'slug': '1-21-10', 'apiVersion': ''}
[2026, 9, 28, 9, 19, 59] ;;; curseforge; {'id': 9638, 'gameVersionTypeID': 75208, 'name': 'Client', 'slug': 'client', 'apiVersion': ''}
[2026, 9, 28, 9, 19, 59] ;;; curseforge; {'id': 9639, 'gameVersionTypeID': 75208, 'name': 'Server', 'slug': 'server', 'apiVersion': ''}
[2026, 9, 28, 9, 19, 59] ;;; curseforge; {'id': 10150, 'gameVersionTypeID': 68441, 'name': 'NeoForge', 'slug': 'neoforge', 'apiVersion': ''}
[2026, 9, 28, 9, 19, 59] ;;; curseforge; {'id': 14406, 'gameVersionTypeID': 77784, 'name': '1.21.11', 'slug': '1-21-11', 'apiVersion': None}
[2026, 9, 28, 9, 19, 59] ;;; curseforge; {'id': 14417, 'gameVersionTypeID': 1, 'name': '1.21.11', 'slug': '1-21-11', 'apiVersion': ''}
[2026, 9, 28, 9, 19, 59] ;;; curseforge; {'id': 16127, 'gameVersionTypeID': 615, 'name': '1.21.11', 'slug': '1-21-11', 'apiVersion': ''}
[2026, 9, 28, 9, 19, 59] ;;; curseforge; {'file': ('dynamic_monsters-neoforge-1.21.8_1.61.0.jar', <_io.BufferedReader name='.\\releases\\1.61.0\\dynamic_monsters-neoforge-1.21.8_1.61.0.jar'>, 'application/jar'), 'metadata': (None, '{"changelog": "", "displayName": "dynamic_monsters neoforge 1.21.8 1.61.0", "gameVersions": [9638, 9639, 10150, 13620, 13927, 13964, 14406], "gameVersionNames": ["Client", "Server", "NeoForge", "1.21.8", "1.21.9", "1.21.10", "1.21.11"], "releaseType": "release", "relations": {"projects": [{"slug": "gstools", "projectID": 1404020, "type": "requiredDependency"}]}}', 'application/json')}
[2026, 9, 28, 9, 20, 3] ;;; curseforge; Mod file uploaded successfully! Response: {'id': 8999358}
[2026, 9, 28, 9, 20, 4] ;;; curseforge; {'id': 9638, 'gameVersionTypeID': 75208, 'name': 'Client', 'slug': 'client', 'apiVersion': ''}
[2026, 9, 28, 9, 20, 4] ;;; curseforge; {'id': 9639, 'gameVersionTypeID': 75208, 'name': 'Server', 'slug': 'server', 'apiVersion': ''}
[2026, 9, 28, 9, 20, 4] ;;; curseforge; {'id': 10150, 'gameVersionTypeID': 68441, 'name': 'NeoForge', 'slug': 'neoforge', 'apiVersion': ''}
[2026, 9, 28, 9, 20, 4] ;;; curseforge; {'id': 13620, 'gameVersionTypeID': 77784, 'name': '1.21.8', 'slug': '1-21-8', 'apiVersion': None}
[2026, 9, 28, 9, 20, 4] ;;; curseforge; {'id': 13683, 'gameVersionTypeID': 1, 'name': '1.21.8', 'slug': '1-21-8', 'apiVersion': ''}
[2026, 9, 28, 9, 20, 4] ;;; curseforge; {'id': 16124, 'gameVersionTypeID': 615, 'name': '1.21.8', 'slug': '1-21-8', 'apiVersion': ''}
[2026, 9, 28, 9, 20, 4] ;;; curseforge; {'id': 9638, 'gameVersionTypeID': 75208, 'name': 'Client', 'slug': 'client', 'apiVersion': ''}
[2026, 9, 28, 9, 20, 4] ;;; curseforge; {'id': 9639, 'gameVersionTypeID': 75208, 'name': 'Server', 'slug': 'server', 'apiVersion': ''}
[2026, 9, 28, 9, 20, 4] ;;; curseforge; {'id': 10150, 'gameVersionTypeID': 68441, 'name': 'NeoForge', 'slug': 'neoforge', 'apiVersion': ''}
[2026, 9, 28, 9, 20, 4] ;;; curseforge; {'id': 13927, 'gameVersionTypeID': 77784, 'name': '1.21.9', 'slug': '1-21-9', 'apiVersion': None}
[2026, 9, 28, 9, 20, 4] ;;; curseforge; {'id': 13933, 'gameVersionTypeID': 1, 'name': '1.21.9', 'slug': '1-21-9', 'apiVersion': ''}
[2026, 9, 28, 9, 20, 4] ;;; curseforge; {'id': 16125, 'gameVersionTypeID': 615, 'name': '1.21.9', 'slug': '1-21-9', 'apiVersion': ''}
[2026, 9, 28, 9, 20, 4] ;;; curseforge; {'id': 9638, 'gameVersionTypeID': 75208, 'name': 'Client', 'slug': 'client', 'apiVersion': ''}
[2026, 9, 28, 9, 20, 4] ;;; curseforge; {'id': 9639, 'gameVersionTypeID': 75208, 'name': 'Server', 'slug': 'server', 'apiVersion': ''}
[2026, 9, 28, 9, 20, 4] ;;; curseforge; {'id': 10150, 'gameVersionTypeID': 68441, 'name': 'NeoForge', 'slug': 'neoforge', 'apiVersion': ''}
[2026, 9, 28, 9, 20, 4] ;;; curseforge; {'id': 13964, 'gameVersionTypeID': 77784, 'name': '1.21.10', 'slug': '1-21-10', 'apiVersion': None}
[2026, 9, 28, 9, 20, 4] ;;; curseforge; {'id': 13966, 'gameVersionTypeID': 1, 'name': '1.21.10', 'slug': '1-21-10', 'apiVersion': ''}
[2026, 9, 28, 9, 20, 4] ;;; curseforge; {'id': 16126, 'gameVersionTypeID': 615, 'name': '1.21.10', 'slug': '1-21-10', 'apiVersion': ''}
[2026, 9, 28, 9, 20, 4] ;;; curseforge; {'id': 9638, 'gameVersionTypeID': 75208, 'name': 'Client', 'slug': 'client', 'apiVersion': ''}
[2026, 9, 28, 9, 20, 4] ;;; curseforge; {'id': 9639, 'gameVersionTypeID': 75208, 'name': 'Server', 'slug': 'server', 'apiVersion': ''}
[2026, 9, 28, 9, 20, 4] ;;; curseforge; {'id': 10150, 'gameVersionTypeID': 68441, 'name': 'NeoForge', 'slug': 'neoforge', 'apiVersion': ''}
[2026, 9, 28, 9, 20, 4] ;;; curseforge; {'id': 14406, 'gameVersionTypeID': 77784, 'name': '1.21.11', 'slug': '1-21-11', 'apiVersion': None}
[2026, 9, 28, 9, 20, 4] ;;; curseforge; {'id': 14417, 'gameVersionTypeID': 1, 'name': '1.21.11', 'slug': '1-21-11', 'apiVersion': ''}
[2026, 9, 28, 9, 20, 4] ;;; curseforge; {'id': 16127, 'gameVersionTypeID': 615, 'name': '1.21.11', 'slug': '1-21-11', 'apiVersion': ''}
[2026, 9, 28, 9, 20, 11] ;;; curseforge; {'id': 9638, 'gameVersionTypeID': 75208, 'name': 'Client', 'slug': 'client', 'apiVersion': ''}
[2026, 9, 28, 9, 20, 11] ;;; curseforge; {'id': 9639, 'gameVersionTypeID': 75208, 'name': 'Server', 'slug': 'server', 'apiVersion': ''}
[2026, 9, 28, 9, 20, 11] ;;; curseforge; {'id': 10150, 'gameVersionTypeID': 68441, 'name': 'NeoForge', 'slug': 'neoforge', 'apiVersion': ''}
[2026, 9, 28, 9, 20, 11] ;;; curseforge; {'id': 15933, 'gameVersionTypeID': 83806, 'name': '26.1', 'slug': '26-1', 'apiVersion': None}
[2026, 9, 28, 9, 20, 11] ;;; curseforge; {'id': 16083, 'gameVersionTypeID': 1, 'name': '26.1', 'slug': '26-1', 'apiVersion': ''}
[2026, 9, 28, 9, 20, 11] ;;; curseforge; {'id': 16128, 'gameVersionTypeID': 615, 'name': '26.1', 'slug': '26-1', 'apiVersion': ''}
[2026, 9, 28, 9, 20, 11] ;;; curseforge; {'id': 9638, 'gameVersionTypeID': 75208, 'name': 'Client', 'slug': 'client', 'apiVersion': ''}
[2026, 9, 28, 9, 20, 11] ;;; curseforge; {'id': 9639, 'gameVersionTypeID': 75208, 'name': 'Server', 'slug': 'server', 'apiVersion': ''}
[2026, 9, 28, 9, 20, 11] ;;; curseforge; {'id': 10150, 'gameVersionTypeID': 68441, 'name': 'NeoForge', 'slug': 'neoforge', 'apiVersion': ''}
[2026, 9, 28, 9, 20, 11] ;;; curseforge; {'id': 16021, 'gameVersionTypeID': 83806, 'name': '26.1.1', 'slug': '26-1-1', 'apiVersion': None}
[2026, 9, 28, 9, 20, 11] ;;; curseforge; {'id': 16084, 'gameVersionTypeID': 1, 'name': '26.1.1', 'slug': '26-1-1', 'apiVersion': ''}
[2026, 9, 28, 9, 20, 11] ;;; curseforge; {'id': 16129, 'gameVersionTypeID': 615, 'name': '26.1.1', 'slug': '26-1-1', 'apiVersion': ''}
[2026, 9, 28, 9, 20, 11] ;;; curseforge; {'id': 9638, 'gameVersionTypeID': 75208, 'name': 'Client', 'slug': 'client', 'apiVersion': ''}
[2026, 9, 28, 9, 20, 11] ;;; curseforge; {'id': 9639, 'gameVersionTypeID': 75208, 'name': 'Server', 'slug': 'server', 'apiVersion': ''}
[2026, 9, 28, 9, 20, 11] ;;; curseforge; {'id': 10150, 'gameVersionTypeID': 68441, 'name': 'NeoForge', 'slug': 'neoforge', 'apiVersion': ''}
[2026, 9, 28, 9, 20, 11] ;;; curseforge; {'id': 16082, 'gameVersionTypeID': 83806, 'name': '26.1.2', 'slug': '26-1-2', 'apiVersion': None}
[2026, 9, 28, 9, 20, 11] ;;; curseforge; {'id': 16085, 'gameVersionTypeID': 1, 'name': '26.1.2', 'slug': '26-1-2', 'apiVersion': ''}
[2026, 9, 28, 9, 20, 11] ;;; curseforge; {'id': 16130, 'gameVersionTypeID': 615, 'name': '26.1.2', 'slug': '26-1-2', 'apiVersion': ''}
[2026, 9, 28, 9, 20, 11] ;;; curseforge; {'file': ('dynamic_monsters-neoforge-26.1_1.61.0.jar', <_io.BufferedReader name='.\\releases\\1.61.0\\dynamic_monsters-neoforge-26.1_1.61.0.jar'>, 'application/jar'), 'metadata': (None, '{"changelog": "", "displayName": "dynamic_monsters neoforge 26.1 1.61.0", "gameVersions": [9638, 9639, 10150, 15933, 16021, 16082], "gameVersionNames": ["Client", "Server", "NeoForge", "26.1", "26.1.1", "26.1.2"], "releaseType": "release", "relations": {"projects": [{"slug": "gstools", "projectID": 1404020, "type": "requiredDependency"}]}}', 'application/json')}
[2026, 9, 28, 9, 20, 14] ;;; curseforge; Mod file uploaded successfully! Response: {'id': 8999360}
[2026, 9, 28, 9, 20, 14] ;;; curseforge; {'id': 9638, 'gameVersionTypeID': 75208, 'name': 'Client', 'slug': 'client', 'apiVersion': ''}
[2026, 9, 28, 9, 20, 14] ;;; curseforge; {'id': 9639, 'gameVersionTypeID': 75208, 'name': 'Server', 'slug': 'server', 'apiVersion': ''}
[2026, 9, 28, 9, 20, 14] ;;; curseforge; {'id': 10150, 'gameVersionTypeID': 68441, 'name': 'NeoForge', 'slug': 'neoforge', 'apiVersion': ''}
[2026, 9, 28, 9, 20, 14] ;;; curseforge; {'id': 15933, 'gameVersionTypeID': 83806, 'name': '26.1', 'slug': '26-1', 'apiVersion': None}
[2026, 9, 28, 9, 20, 14] ;;; curseforge; {'id': 16083, 'gameVersionTypeID': 1, 'name': '26.1', 'slug': '26-1', 'apiVersion': ''}
[2026, 9, 28, 9, 20, 14] ;;; curseforge; {'id': 16128, 'gameVersionTypeID': 615, 'name': '26.1', 'slug': '26-1', 'apiVersion': ''}
[2026, 9, 28, 9, 20, 14] ;;; curseforge; {'id': 9638, 'gameVersionTypeID': 75208, 'name': 'Client', 'slug': 'client', 'apiVersion': ''}
[2026, 9, 28, 9, 20, 14] ;;; curseforge; {'id': 9639, 'gameVersionTypeID': 75208, 'name': 'Server', 'slug': 'server', 'apiVersion': ''}
[2026, 9, 28, 9, 20, 14] ;;; curseforge; {'id': 10150, 'gameVersionTypeID': 68441, 'name': 'NeoForge', 'slug': 'neoforge', 'apiVersion': ''}
[2026, 9, 28, 9, 20, 14] ;;; curseforge; {'id': 16021, 'gameVersionTypeID': 83806, 'name': '26.1.1', 'slug': '26-1-1', 'apiVersion': None}
[2026, 9, 28, 9, 20, 14] ;;; curseforge; {'id': 16084, 'gameVersionTypeID': 1, 'name': '26.1.1', 'slug': '26-1-1', 'apiVersion': ''}
[2026, 9, 28, 9, 20, 14] ;;; curseforge; {'id': 16129, 'gameVersionTypeID': 615, 'name': '26.1.1', 'slug': '26-1-1', 'apiVersion': ''}
[2026, 9, 28, 9, 20, 14] ;;; curseforge; {'id': 9638, 'gameVersionTypeID': 75208, 'name': 'Client', 'slug': 'client', 'apiVersion': ''}
[2026, 9, 28, 9, 20, 14] ;;; curseforge; {'id': 9639, 'gameVersionTypeID': 75208, 'name': 'Server', 'slug': 'server', 'apiVersion': ''}
[2026, 9, 28, 9, 20, 14] ;;; curseforge; {'id': 10150, 'gameVersionTypeID': 68441, 'name': 'NeoForge', 'slug': 'neoforge', 'apiVersion': ''}
[2026, 9, 28, 9, 20, 14] ;;; curseforge; {'id': 16082, 'gameVersionTypeID': 83806, 'name': '26.1.2', 'slug': '26-1-2', 'apiVersion': None}
[2026, 9, 28, 9, 20, 14] ;;; curseforge; {'id': 16085, 'gameVersionTypeID': 1, 'name': '26.1.2', 'slug': '26-1-2', 'apiVersion': ''}
[2026, 9, 28, 9, 20, 14] ;;; curseforge; {'id': 16130, 'gameVersionTypeID': 615, 'name': '26.1.2', 'slug': '26-1-2', 'apiVersion': ''}
[2026, 9, 28, 9, 20, 19] ;;; curseforge; {'id': 7499, 'gameVersionTypeID': 68441, 'name': 'Fabric', 'slug': 'fabric', 'apiVersion': ''}
[2026, 9, 28, 9, 20, 19] ;;; curseforge; {'id': 9638, 'gameVersionTypeID': 75208, 'name': 'Client', 'slug': 'client', 'apiVersion': ''}
[2026, 9, 28, 9, 20, 19] ;;; curseforge; {'id': 9639, 'gameVersionTypeID': 75208, 'name': 'Server', 'slug': 'server', 'apiVersion': ''}
[2026, 9, 28, 9, 20, 19] ;;; curseforge; {'id': 13620, 'gameVersionTypeID': 77784, 'name': '1.21.8', 'slug': '1-21-8', 'apiVersion': None}
[2026, 9, 28, 9, 20, 19] ;;; curseforge; {'id': 13683, 'gameVersionTypeID': 1, 'name': '1.21.8', 'slug': '1-21-8', 'apiVersion': ''}
[2026, 9, 28, 9, 20, 19] ;;; curseforge; {'id': 16124, 'gameVersionTypeID': 615, 'name': '1.21.8', 'slug': '1-21-8', 'apiVersion': ''}
[2026, 9, 28, 9, 20, 19] ;;; curseforge; {'file': ('enhanced_survival-fabric-1.21.8_1.61.0.jar', <_io.BufferedReader name='.\\releases\\1.61.0\\enhanced_survival-fabric-1.21.8_1.61.0.jar'>, 'application/jar'), 'metadata': (None, '{"changelog": "", "displayName": "enhanced_survival fabric 1.21.8 1.61.0", "gameVersions": [7499, 9638, 9639, 13620], "gameVersionNames": ["Fabric", "Client", "Server", "1.21.8"], "releaseType": "release", "relations": {"projects": [{"slug": "gstools", "projectID": 1404020, "type": "requiredDependency"}]}}', 'application/json')}
[2026, 9, 28, 9, 20, 20] ;;; curseforge; Mod file uploaded successfully! Response: {'id': 8999362}
[2026, 9, 28, 9, 20, 21] ;;; curseforge; {'id': 7499, 'gameVersionTypeID': 68441, 'name': 'Fabric', 'slug': 'fabric', 'apiVersion': ''}
[2026, 9, 28, 9, 20, 21] ;;; curseforge; {'id': 9638, 'gameVersionTypeID': 75208, 'name': 'Client', 'slug': 'client', 'apiVersion': ''}
[2026, 9, 28, 9, 20, 21] ;;; curseforge; {'id': 9639, 'gameVersionTypeID': 75208, 'name': 'Server', 'slug': 'server', 'apiVersion': ''}
[2026, 9, 28, 9, 20, 21] ;;; curseforge; {'id': 13620, 'gameVersionTypeID': 77784, 'name': '1.21.8', 'slug': '1-21-8', 'apiVersion': None}
[2026, 9, 28, 9, 20, 21] ;;; curseforge; {'id': 13683, 'gameVersionTypeID': 1, 'name': '1.21.8', 'slug': '1-21-8', 'apiVersion': ''}
[2026, 9, 28, 9, 20, 21] ;;; curseforge; {'id': 16124, 'gameVersionTypeID': 615, 'name': '1.21.8', 'slug': '1-21-8', 'apiVersion': ''}
[2026, 9, 28, 9, 20, 23] ;;; curseforge; {'id': 7499, 'gameVersionTypeID': 68441, 'name': 'Fabric', 'slug': 'fabric', 'apiVersion': ''}
[2026, 9, 28, 9, 20, 23] ;;; curseforge; {'id': 9638, 'gameVersionTypeID': 75208, 'name': 'Client', 'slug': 'client', 'apiVersion': ''}
[2026, 9, 28, 9, 20, 23] ;;; curseforge; {'id': 9639, 'gameVersionTypeID': 75208, 'name': 'Server', 'slug': 'server', 'apiVersion': ''}
[2026, 9, 28, 9, 20, 23] ;;; curseforge; {'id': 13927, 'gameVersionTypeID': 77784, 'name': '1.21.9', 'slug': '1-21-9', 'apiVersion': None}
[2026, 9, 28, 9, 20, 23] ;;; curseforge; {'id': 13933, 'gameVersionTypeID': 1, 'name': '1.21.9', 'slug': '1-21-9', 'apiVersion': ''}
[2026, 9, 28, 9, 20, 23] ;;; curseforge; {'id': 16125, 'gameVersionTypeID': 615, 'name': '1.21.9', 'slug': '1-21-9', 'apiVersion': ''}
[2026, 9, 28, 9, 20, 23] ;;; curseforge; {'id': 7499, 'gameVersionTypeID': 68441, 'name': 'Fabric', 'slug': 'fabric', 'apiVersion': ''}
[2026, 9, 28, 9, 20, 23] ;;; curseforge; {'id': 9638, 'gameVersionTypeID': 75208, 'name': 'Client', 'slug': 'client', 'apiVersion': ''}
[2026, 9, 28, 9, 20, 23] ;;; curseforge; {'id': 9639, 'gameVersionTypeID': 75208, 'name': 'Server', 'slug': 'server', 'apiVersion': ''}
[2026, 9, 28, 9, 20, 23] ;;; curseforge; {'id': 13964, 'gameVersionTypeID': 77784, 'name': '1.21.10', 'slug': '1-21-10', 'apiVersion': None}
[2026, 9, 28, 9, 20, 23] ;;; curseforge; {'id': 13966, 'gameVersionTypeID': 1, 'name': '1.21.10', 'slug': '1-21-10', 'apiVersion': ''}
[2026, 9, 28, 9, 20, 23] ;;; curseforge; {'id': 16126, 'gameVersionTypeID': 615, 'name': '1.21.10', 'slug': '1-21-10', 'apiVersion': ''}
[2026, 9, 28, 9, 20, 23] ;;; curseforge; {'id': 7499, 'gameVersionTypeID': 68441, 'name': 'Fabric', 'slug': 'fabric', 'apiVersion': ''}
[2026, 9, 28, 9, 20, 23] ;;; curseforge; {'id': 9638, 'gameVersionTypeID': 75208, 'name': 'Client', 'slug': 'client', 'apiVersion': ''}
[2026, 9, 28, 9, 20, 23] ;;; curseforge; {'id': 9639, 'gameVersionTypeID': 75208, 'name': 'Server', 'slug': 'server', 'apiVersion': ''}
[2026, 9, 28, 9, 20, 23] ;;; curseforge; {'id': 14406, 'gameVersionTypeID': 77784, 'name': '1.21.11', 'slug': '1-21-11', 'apiVersion': None}
[2026, 9, 28, 9, 20, 23] ;;; curseforge; {'id': 14417, 'gameVersionTypeID': 1, 'name': '1.21.11', 'slug': '1-21-11', 'apiVersion': ''}
[2026, 9, 28, 9, 20, 23] ;;; curseforge; {'id': 16127, 'gameVersionTypeID': 615, 'name': '1.21.11', 'slug': '1-21-11', 'apiVersion': ''}
[2026, 9, 28, 9, 20, 23] ;;; curseforge; {'file': ('enhanced_survival-fabric-1.21.9_1.61.0.jar', <_io.BufferedReader name='.\\releases\\1.61.0\\enhanced_survival-fabric-1.21.9_1.61.0.jar'>, 'application/jar'), 'metadata': (None, '{"changelog": "", "displayName": "enhanced_survival fabric 1.21.9 1.61.0", "gameVersions": [7499, 9638, 9639, 13927, 13964, 14406], "gameVersionNames": ["Fabric", "Client", "Server", "1.21.9", "1.21.10", "1.21.11"], "releaseType": "release", "relations": {"projects": [{"slug": "gstools", "projectID": 1404020, "type": "requiredDependency"}]}}', 'application/json')}
[2026, 9, 28, 9, 20, 24] ;;; curseforge; Mod file uploaded successfully! Response: {'id': 8999363}
[2026, 9, 28, 9, 20, 24] ;;; curseforge; {'id': 7499, 'gameVersionTypeID': 68441, 'name': 'Fabric', 'slug': 'fabric', 'apiVersion': ''}
[2026, 9, 28, 9, 20, 24] ;;; curseforge; {'id': 9638, 'gameVersionTypeID': 75208, 'name': 'Client', 'slug': 'client', 'apiVersion': ''}
[2026, 9, 28, 9, 20, 24] ;;; curseforge; {'id': 9639, 'gameVersionTypeID': 75208, 'name': 'Server', 'slug': 'server', 'apiVersion': ''}
[2026, 9, 28, 9, 20, 24] ;;; curseforge; {'id': 13927, 'gameVersionTypeID': 77784, 'name': '1.21.9', 'slug': '1-21-9', 'apiVersion': None}
[2026, 9, 28, 9, 20, 24] ;;; curseforge; {'id': 13933, 'gameVersionTypeID': 1, 'name': '1.21.9', 'slug': '1-21-9', 'apiVersion': ''}
[2026, 9, 28, 9, 20, 24] ;;; curseforge; {'id': 16125, 'gameVersionTypeID': 615, 'name': '1.21.9', 'slug': '1-21-9', 'apiVersion': ''}
[2026, 9, 28, 9, 20, 24] ;;; curseforge; {'id': 7499, 'gameVersionTypeID': 68441, 'name': 'Fabric', 'slug': 'fabric', 'apiVersion': ''}
[2026, 9, 28, 9, 20, 24] ;;; curseforge; {'id': 9638, 'gameVersionTypeID': 75208, 'name': 'Client', 'slug': 'client', 'apiVersion': ''}
[2026, 9, 28, 9, 20, 24] ;;; curseforge; {'id': 9639, 'gameVersionTypeID': 75208, 'name': 'Server', 'slug': 'server', 'apiVersion': ''}
[2026, 9, 28, 9, 20, 24] ;;; curseforge; {'id': 13964, 'gameVersionTypeID': 77784, 'name': '1.21.10', 'slug': '1-21-10', 'apiVersion': None}
[2026, 9, 28, 9, 20, 24] ;;; curseforge; {'id': 13966, 'gameVersionTypeID': 1, 'name': '1.21.10', 'slug': '1-21-10', 'apiVersion': ''}
[2026, 9, 28, 9, 20, 24] ;;; curseforge; {'id': 16126, 'gameVersionTypeID': 615, 'name': '1.21.10', 'slug': '1-21-10', 'apiVersion': ''}
[2026, 9, 28, 9, 20, 24] ;;; curseforge; {'id': 7499, 'gameVersionTypeID': 68441, 'name': 'Fabric', 'slug': 'fabric', 'apiVersion': ''}
[2026, 9, 28, 9, 20, 24] ;;; curseforge; {'id': 9638, 'gameVersionTypeID': 75208, 'name': 'Client', 'slug': 'client', 'apiVersion': ''}
[2026, 9, 28, 9, 20, 24] ;;; curseforge; {'id': 9639, 'gameVersionTypeID': 75208, 'name': 'Server', 'slug': 'server', 'apiVersion': ''}
[2026, 9, 28, 9, 20, 24] ;;; curseforge; {'id': 14406, 'gameVersionTypeID': 77784, 'name': '1.21.11', 'slug': '1-21-11', 'apiVersion': None}
[2026, 9, 28, 9, 20, 24] ;;; curseforge; {'id': 14417, 'gameVersionTypeID': 1, 'name': '1.21.11', 'slug': '1-21-11', 'apiVersion': ''}
[2026, 9, 28, 9, 20, 24] ;;; curseforge; {'id': 16127, 'gameVersionTypeID': 615, 'name': '1.21.11', 'slug': '1-21-11', 'apiVersion': ''}
[2026, 9, 28, 9, 20, 27] ;;; curseforge; {'id': 7499, 'gameVersionTypeID': 68441, 'name': 'Fabric', 'slug': 'fabric', 'apiVersion': ''}
[2026, 9, 28, 9, 20, 27] ;;; curseforge; {'id': 9638, 'gameVersionTypeID': 75208, 'name': 'Client', 'slug': 'client', 'apiVersion': ''}
[2026, 9, 28, 9, 20, 27] ;;; curseforge; {'id': 9639, 'gameVersionTypeID': 75208, 'name': 'Server', 'slug': 'server', 'apiVersion': ''}
[2026, 9, 28, 9, 20, 27] ;;; curseforge; {'id': 15933, 'gameVersionTypeID': 83806, 'name': '26.1', 'slug': '26-1', 'apiVersion': None}
[2026, 9, 28, 9, 20, 27] ;;; curseforge; {'id': 16083, 'gameVersionTypeID': 1, 'name': '26.1', 'slug': '26-1', 'apiVersion': ''}
[2026, 9, 28, 9, 20, 27] ;;; curseforge; {'id': 16128, 'gameVersionTypeID': 615, 'name': '26.1', 'slug': '26-1', 'apiVersion': ''}
[2026, 9, 28, 9, 20, 27] ;;; curseforge; {'id': 7499, 'gameVersionTypeID': 68441, 'name': 'Fabric', 'slug': 'fabric', 'apiVersion': ''}
[2026, 9, 28, 9, 20, 27] ;;; curseforge; {'id': 9638, 'gameVersionTypeID': 75208, 'name': 'Client', 'slug': 'client', 'apiVersion': ''}
[2026, 9, 28, 9, 20, 27] ;;; curseforge; {'id': 9639, 'gameVersionTypeID': 75208, 'name': 'Server', 'slug': 'server', 'apiVersion': ''}
[2026, 9, 28, 9, 20, 27] ;;; curseforge; {'id': 16021, 'gameVersionTypeID': 83806, 'name': '26.1.1', 'slug': '26-1-1', 'apiVersion': None}
[2026, 9, 28, 9, 20, 27] ;;; curseforge; {'id': 16084, 'gameVersionTypeID': 1, 'name': '26.1.1', 'slug': '26-1-1', 'apiVersion': ''}
[2026, 9, 28, 9, 20, 27] ;;; curseforge; {'id': 16129, 'gameVersionTypeID': 615, 'name': '26.1.1', 'slug': '26-1-1', 'apiVersion': ''}
[2026, 9, 28, 9, 20, 27] ;;; curseforge; {'id': 7499, 'gameVersionTypeID': 68441, 'name': 'Fabric', 'slug': 'fabric', 'apiVersion': ''}
[2026, 9, 28, 9, 20, 27] ;;; curseforge; {'id': 9638, 'gameVersionTypeID': 75208, 'name': 'Client', 'slug': 'client', 'apiVersion': ''}
[2026, 9, 28, 9, 20, 27] ;;; curseforge; {'id': 9639, 'gameVersionTypeID': 75208, 'name': 'Server', 'slug': 'server', 'apiVersion': ''}
[2026, 9, 28, 9, 20, 27] ;;; curseforge; {'id': 16082, 'gameVersionTypeID': 83806, 'name': '26.1.2', 'slug': '26-1-2', 'apiVersion': None}
[2026, 9, 28, 9, 20, 27] ;;; curseforge; {'id': 16085, 'gameVersionTypeID': 1, 'name': '26.1.2', 'slug': '26-1-2', 'apiVersion': ''}
[2026, 9, 28, 9, 20, 27] ;;; curseforge; {'id': 16130, 'gameVersionTypeID': 615, 'name': '26.1.2', 'slug': '26-1-2', 'apiVersion': ''}
[2026, 9, 28, 9, 20, 27] ;;; curseforge; {'file': ('enhanced_survival-fabric-26.1_1.61.0.jar', <_io.BufferedReader name='.\\releases\\1.61.0\\enhanced_survival-fabric-26.1_1.61.0.jar'>, 'application/jar'), 'metadata': (None, '{"changelog": "", "displayName": "enhanced_survival fabric 26.1 1.61.0", "gameVersions": [7499, 9638, 9639, 15933, 16021, 16082], "gameVersionNames": ["Fabric", "Client", "Server", "26.1", "26.1.1", "26.1.2"], "releaseType": "release", "relations": {"projects": [{"slug": "gstools", "projectID": 1404020, "type": "requiredDependency"}]}}', 'application/json')}
[2026, 9, 28, 9, 20, 29] ;;; curseforge; Mod file uploaded successfully! Response: {'id': 8999365}
[2026, 9, 28, 9, 20, 29] ;;; curseforge; {'id': 7499, 'gameVersionTypeID': 68441, 'name': 'Fabric', 'slug': 'fabric', 'apiVersion': ''}
[2026, 9, 28, 9, 20, 29] ;;; curseforge; {'id': 9638, 'gameVersionTypeID': 75208, 'name': 'Client', 'slug': 'client', 'apiVersion': ''}
[2026, 9, 28, 9, 20, 29] ;;; curseforge; {'id': 9639, 'gameVersionTypeID': 75208, 'name': 'Server', 'slug': 'server', 'apiVersion': ''}
[2026, 9, 28, 9, 20, 29] ;;; curseforge; {'id': 15933, 'gameVersionTypeID': 83806, 'name': '26.1', 'slug': '26-1', 'apiVersion': None}
[2026, 9, 28, 9, 20, 29] ;;; curseforge; {'id': 16083, 'gameVersionTypeID': 1, 'name': '26.1', 'slug': '26-1', 'apiVersion': ''}
[2026, 9, 28, 9, 20, 29] ;;; curseforge; {'id': 16128, 'gameVersionTypeID': 615, 'name': '26.1', 'slug': '26-1', 'apiVersion': ''}
[2026, 9, 28, 9, 20, 29] ;;; curseforge; {'id': 7499, 'gameVersionTypeID': 68441, 'name': 'Fabric', 'slug': 'fabric', 'apiVersion': ''}
[2026, 9, 28, 9, 20, 29] ;;; curseforge; {'id': 9638, 'gameVersionTypeID': 75208, 'name': 'Client', 'slug': 'client', 'apiVersion': ''}
[2026, 9, 28, 9, 20, 29] ;;; curseforge; {'id': 9639, 'gameVersionTypeID': 75208, 'name': 'Server', 'slug': 'server', 'apiVersion': ''}
[2026, 9, 28, 9, 20, 29] ;;; curseforge; {'id': 16021, 'gameVersionTypeID': 83806, 'name': '26.1.1', 'slug': '26-1-1', 'apiVersion': None}
[2026, 9, 28, 9, 20, 29] ;;; curseforge; {'id': 16084, 'gameVersionTypeID': 1, 'name': '26.1.1', 'slug': '26-1-1', 'apiVersion': ''}
[2026, 9, 28, 9, 20, 29] ;;; curseforge; {'id': 16129, 'gameVersionTypeID': 615, 'name': '26.1.1', 'slug': '26-1-1', 'apiVersion': ''}
[2026, 9, 28, 9, 20, 29] ;;; curseforge; {'id': 7499, 'gameVersionTypeID': 68441, 'name': 'Fabric', 'slug': 'fabric', 'apiVersion': ''}
[2026, 9, 28, 9, 20, 29] ;;; curseforge; {'id': 9638, 'gameVersionTypeID': 75208, 'name': 'Client', 'slug': 'client', 'apiVersion': ''}
[2026, 9, 28, 9, 20, 29] ;;; curseforge; {'id': 9639, 'gameVersionTypeID': 75208, 'name': 'Server', 'slug': 'server', 'apiVersion': ''}
[2026, 9, 28, 9, 20, 29] ;;; curseforge; {'id': 16082, 'gameVersionTypeID': 83806, 'name': '26.1.2', 'slug': '26-1-2', 'apiVersion': None}
[2026, 9, 28, 9, 20, 29] ;;; curseforge; {'id': 16085, 'gameVersionTypeID': 1, 'name': '26.1.2', 'slug': '26-1-2', 'apiVersion': ''}
[2026, 9, 28, 9, 20, 29] ;;; curseforge; {'id': 16130, 'gameVersionTypeID': 615, 'name': '26.1.2', 'slug': '26-1-2', 'apiVersion': ''}
[2026, 9, 28, 9, 20, 31] ;;; curseforge; {'id': 7499, 'gameVersionTypeID': 68441, 'name': 'Fabric', 'slug': 'fabric', 'apiVersion': ''}
[2026, 9, 28, 9, 20, 31] ;;; curseforge; {'id': 9638, 'gameVersionTypeID': 75208, 'name': 'Client', 'slug': 'client', 'apiVersion': ''}
[2026, 9, 28, 9, 20, 31] ;;; curseforge; {'id': 9639, 'gameVersionTypeID': 75208, 'name': 'Server', 'slug': 'server', 'apiVersion': ''}
[2026, 9, 28, 9, 20, 31] ;;; curseforge; {'id': 16498, 'gameVersionTypeID': 86297, 'name': '26.2', 'slug': '26-2', 'apiVersion': None}
[2026, 9, 28, 9, 20, 31] ;;; curseforge; {'id': 16500, 'gameVersionTypeID': 1, 'name': '26.2', 'slug': '26-2', 'apiVersion': ''}
[2026, 9, 28, 9, 20, 31] ;;; curseforge; {'file': ('enhanced_survival-fabric-26.2_1.61.0.jar', <_io.BufferedReader name='.\\releases\\1.61.0\\enhanced_survival-fabric-26.2_1.61.0.jar'>, 'application/jar'), 'metadata': (None, '{"changelog": "", "displayName": "enhanced_survival fabric 26.2 1.61.0", "gameVersions": [7499, 9638, 9639, 16498], "gameVersionNames": ["Fabric", "Client", "Server", "26.2"], "releaseType": "release", "relations": {"projects": [{"slug": "gstools", "projectID": 1404020, "type": "requiredDependency"}]}}', 'application/json')}
[2026, 9, 28, 9, 20, 32] ;;; curseforge; Mod file uploaded successfully! Response: {'id': 8999366}
[2026, 9, 28, 9, 20, 33] ;;; curseforge; {'id': 7499, 'gameVersionTypeID': 68441, 'name': 'Fabric', 'slug': 'fabric', 'apiVersion': ''}
[2026, 9, 28, 9, 20, 33] ;;; curseforge; {'id': 9638, 'gameVersionTypeID': 75208, 'name': 'Client', 'slug': 'client', 'apiVersion': ''}
[2026, 9, 28, 9, 20, 33] ;;; curseforge; {'id': 9639, 'gameVersionTypeID': 75208, 'name': 'Server', 'slug': 'server', 'apiVersion': ''}
[2026, 9, 28, 9, 20, 33] ;;; curseforge; {'id': 16498, 'gameVersionTypeID': 86297, 'name': '26.2', 'slug': '26-2', 'apiVersion': None}
[2026, 9, 28, 9, 20, 33] ;;; curseforge; {'id': 16500, 'gameVersionTypeID': 1, 'name': '26.2', 'slug': '26-2', 'apiVersion': ''}
[2026, 9, 28, 9, 20, 35] ;;; curseforge; {'id': 7498, 'gameVersionTypeID': 68441, 'name': 'Forge', 'slug': 'forge', 'apiVersion': ''}
[2026, 9, 28, 9, 20, 35] ;;; curseforge; {'id': 9638, 'gameVersionTypeID': 75208, 'name': 'Client', 'slug': 'client', 'apiVersion': ''}
[2026, 9, 28, 9, 20, 35] ;;; curseforge; {'id': 9639, 'gameVersionTypeID': 75208, 'name': 'Server', 'slug': 'server', 'apiVersion': ''}
[2026, 9, 28, 9, 20, 35] ;;; curseforge; {'id': 9776, 'gameVersionTypeID': 73407, 'name': '1.19.4', 'slug': '1-19-4', 'apiVersion': ''}
[2026, 9, 28, 9, 20, 35] ;;; curseforge; {'id': 9792, 'gameVersionTypeID': 615, 'name': '1.19.4', 'slug': '1-19-4', 'apiVersion': ''}
[2026, 9, 28, 9, 20, 35] ;;; curseforge; {'id': 9973, 'gameVersionTypeID': 1, 'name': '1.19.4', 'slug': '1-19-4', 'apiVersion': ''}
[2026, 9, 28, 9, 20, 35] ;;; curseforge; {'file': ('enhanced_survival-forge-1.19.4_1.61.0.jar', <_io.BufferedReader name='.\\releases\\1.61.0\\enhanced_survival-forge-1.19.4_1.61.0.jar'>, 'application/jar'), 'metadata': (None, '{"changelog": "", "displayName": "enhanced_survival forge 1.19.4 1.61.0", "gameVersions": [7498, 9638, 9639, 9776], "gameVersionNames": ["Forge", "Client", "Server", "1.19.4"], "releaseType": "release", "relations": {"projects": [{"slug": "gstools", "projectID": 1404020, "type": "requiredDependency"}]}}', 'application/json')}
[2026, 9, 28, 9, 20, 36] ;;; curseforge; Mod file uploaded successfully! Response: {'id': 8999367}
[2026, 9, 28, 9, 20, 36] ;;; curseforge; {'id': 7498, 'gameVersionTypeID': 68441, 'name': 'Forge', 'slug': 'forge', 'apiVersion': ''}
[2026, 9, 28, 9, 20, 36] ;;; curseforge; {'id': 9638, 'gameVersionTypeID': 75208, 'name': 'Client', 'slug': 'client', 'apiVersion': ''}
[2026, 9, 28, 9, 20, 36] ;;; curseforge; {'id': 9639, 'gameVersionTypeID': 75208, 'name': 'Server', 'slug': 'server', 'apiVersion': ''}
[2026, 9, 28, 9, 20, 36] ;;; curseforge; {'id': 9776, 'gameVersionTypeID': 73407, 'name': '1.19.4', 'slug': '1-19-4', 'apiVersion': ''}
[2026, 9, 28, 9, 20, 36] ;;; curseforge; {'id': 9792, 'gameVersionTypeID': 615, 'name': '1.19.4', 'slug': '1-19-4', 'apiVersion': ''}
[2026, 9, 28, 9, 20, 36] ;;; curseforge; {'id': 9973, 'gameVersionTypeID': 1, 'name': '1.19.4', 'slug': '1-19-4', 'apiVersion': ''}
[2026, 9, 28, 9, 20, 39] ;;; curseforge; {'id': 9638, 'gameVersionTypeID': 75208, 'name': 'Client', 'slug': 'client', 'apiVersion': ''}
[2026, 9, 28, 9, 20, 39] ;;; curseforge; {'id': 9639, 'gameVersionTypeID': 75208, 'name': 'Server', 'slug': 'server', 'apiVersion': ''}
[2026, 9, 28, 9, 20, 39] ;;; curseforge; {'id': 10150, 'gameVersionTypeID': 68441, 'name': 'NeoForge', 'slug': 'neoforge', 'apiVersion': ''}
[2026, 9, 28, 9, 20, 39] ;;; curseforge; {'id': 10407, 'gameVersionTypeID': 75125, 'name': '1.20.4', 'slug': '1-20-4', 'apiVersion': None}
[2026, 9, 28, 9, 20, 39] ;;; curseforge; {'id': 10742, 'gameVersionTypeID': 1, 'name': '1.20.4', 'slug': '1-20-4', 'apiVersion': ''}
[2026, 9, 28, 9, 20, 39] ;;; curseforge; {'id': 10866, 'gameVersionTypeID': 615, 'name': '1.20.4', 'slug': '1-20-4', 'apiVersion': ''}
[2026, 9, 28, 9, 20, 39] ;;; curseforge; {'file': ('enhanced_survival-neoforge-1.20.4_1.61.0.jar', <_io.BufferedReader name='.\\releases\\1.61.0\\enhanced_survival-neoforge-1.20.4_1.61.0.jar'>, 'application/jar'), 'metadata': (None, '{"changelog": "", "displayName": "enhanced_survival neoforge 1.20.4 1.61.0", "gameVersions": [9638, 9639, 10150, 10407], "gameVersionNames": ["Client", "Server", "NeoForge", "1.20.4"], "releaseType": "release", "relations": {"projects": [{"slug": "gstools", "projectID": 1404020, "type": "requiredDependency"}]}}', 'application/json')}
[2026, 9, 28, 9, 20, 40] ;;; curseforge; Mod file uploaded successfully! Response: {'id': 8999368}
[2026, 9, 28, 9, 20, 40] ;;; curseforge; {'id': 9638, 'gameVersionTypeID': 75208, 'name': 'Client', 'slug': 'client', 'apiVersion': ''}
[2026, 9, 28, 9, 20, 40] ;;; curseforge; {'id': 9639, 'gameVersionTypeID': 75208, 'name': 'Server', 'slug': 'server', 'apiVersion': ''}
[2026, 9, 28, 9, 20, 40] ;;; curseforge; {'id': 10150, 'gameVersionTypeID': 68441, 'name': 'NeoForge', 'slug': 'neoforge', 'apiVersion': ''}
[2026, 9, 28, 9, 20, 40] ;;; curseforge; {'id': 10407, 'gameVersionTypeID': 75125, 'name': '1.20.4', 'slug': '1-20-4', 'apiVersion': None}
[2026, 9, 28, 9, 20, 40] ;;; curseforge; {'id': 10742, 'gameVersionTypeID': 1, 'name': '1.20.4', 'slug': '1-20-4', 'apiVersion': ''}
[2026, 9, 28, 9, 20, 40] ;;; curseforge; {'id': 10866, 'gameVersionTypeID': 615, 'name': '1.20.4', 'slug': '1-20-4', 'apiVersion': ''}
[2026, 9, 28, 9, 20, 42] ;;; curseforge; {'id': 9638, 'gameVersionTypeID': 75208, 'name': 'Client', 'slug': 'client', 'apiVersion': ''}
[2026, 9, 28, 9, 20, 42] ;;; curseforge; {'id': 9639, 'gameVersionTypeID': 75208, 'name': 'Server', 'slug': 'server', 'apiVersion': ''}
[2026, 9, 28, 9, 20, 42] ;;; curseforge; {'id': 10150, 'gameVersionTypeID': 68441, 'name': 'NeoForge', 'slug': 'neoforge', 'apiVersion': ''}
[2026, 9, 28, 9, 20, 42] ;;; curseforge; {'id': 11198, 'gameVersionTypeID': 75125, 'name': '1.20.6', 'slug': '1-20-6', 'apiVersion': None}
[2026, 9, 28, 9, 20, 42] ;;; curseforge; {'id': 11307, 'gameVersionTypeID': 1, 'name': '1.20.6', 'slug': '1-20-6', 'apiVersion': ''}
[2026, 9, 28, 9, 20, 42] ;;; curseforge; {'id': 11309, 'gameVersionTypeID': 615, 'name': '1.20.6', 'slug': '1-20-6', 'apiVersion': ''}
[2026, 9, 28, 9, 20, 42] ;;; curseforge; {'id': 9638, 'gameVersionTypeID': 75208, 'name': 'Client', 'slug': 'client', 'apiVersion': ''}
[2026, 9, 28, 9, 20, 42] ;;; curseforge; {'id': 9639, 'gameVersionTypeID': 75208, 'name': 'Server', 'slug': 'server', 'apiVersion': ''}
[2026, 9, 28, 9, 20, 42] ;;; curseforge; {'id': 10150, 'gameVersionTypeID': 68441, 'name': 'NeoForge', 'slug': 'neoforge', 'apiVersion': ''}
[2026, 9, 28, 9, 20, 42] ;;; curseforge; {'id': 11457, 'gameVersionTypeID': 77784, 'name': '1.21', 'slug': '1-21', 'apiVersion': ''}
[2026, 9, 28, 9, 20, 42] ;;; curseforge; {'id': 11458, 'gameVersionTypeID': 615, 'name': '1.21', 'slug': '1-21', 'apiVersion': ''}
[2026, 9, 28, 9, 20, 42] ;;; curseforge; {'id': 11515, 'gameVersionTypeID': 1, 'name': '1.21', 'slug': '1-21', 'apiVersion': ''}
[2026, 9, 28, 9, 20, 42] ;;; curseforge; {'file': ('enhanced_survival-neoforge-1.20.6_1.61.0.jar', <_io.BufferedReader name='.\\releases\\1.61.0\\enhanced_survival-neoforge-1.20.6_1.61.0.jar'>, 'application/jar'), 'metadata': (None, '{"changelog": "", "displayName": "enhanced_survival neoforge 1.20.6 1.61.0", "gameVersions": [9638, 9639, 10150, 11198, 11457], "gameVersionNames": ["Client", "Server", "NeoForge", "1.20.6", "1.21"], "releaseType": "release", "relations": {"projects": [{"slug": "gstools", "projectID": 1404020, "type": "requiredDependency"}]}}', 'application/json')}
[2026, 9, 28, 9, 20, 44] ;;; curseforge; Mod file uploaded successfully! Response: {'id': 8999369}
[2026, 9, 28, 9, 20, 44] ;;; curseforge; {'id': 9638, 'gameVersionTypeID': 75208, 'name': 'Client', 'slug': 'client', 'apiVersion': ''}
[2026, 9, 28, 9, 20, 44] ;;; curseforge; {'id': 9639, 'gameVersionTypeID': 75208, 'name': 'Server', 'slug': 'server', 'apiVersion': ''}
[2026, 9, 28, 9, 20, 44] ;;; curseforge; {'id': 10150, 'gameVersionTypeID': 68441, 'name': 'NeoForge', 'slug': 'neoforge', 'apiVersion': ''}
[2026, 9, 28, 9, 20, 44] ;;; curseforge; {'id': 11198, 'gameVersionTypeID': 75125, 'name': '1.20.6', 'slug': '1-20-6', 'apiVersion': None}
[2026, 9, 28, 9, 20, 44] ;;; curseforge; {'id': 11307, 'gameVersionTypeID': 1, 'name': '1.20.6', 'slug': '1-20-6', 'apiVersion': ''}
[2026, 9, 28, 9, 20, 44] ;;; curseforge; {'id': 11309, 'gameVersionTypeID': 615, 'name': '1.20.6', 'slug': '1-20-6', 'apiVersion': ''}
[2026, 9, 28, 9, 20, 44] ;;; curseforge; {'id': 9638, 'gameVersionTypeID': 75208, 'name': 'Client', 'slug': 'client', 'apiVersion': ''}
[2026, 9, 28, 9, 20, 44] ;;; curseforge; {'id': 9639, 'gameVersionTypeID': 75208, 'name': 'Server', 'slug': 'server', 'apiVersion': ''}
[2026, 9, 28, 9, 20, 44] ;;; curseforge; {'id': 10150, 'gameVersionTypeID': 68441, 'name': 'NeoForge', 'slug': 'neoforge', 'apiVersion': ''}
[2026, 9, 28, 9, 20, 44] ;;; curseforge; {'id': 11457, 'gameVersionTypeID': 77784, 'name': '1.21', 'slug': '1-21', 'apiVersion': ''}
[2026, 9, 28, 9, 20, 44] ;;; curseforge; {'id': 11458, 'gameVersionTypeID': 615, 'name': '1.21', 'slug': '1-21', 'apiVersion': ''}
[2026, 9, 28, 9, 20, 44] ;;; curseforge; {'id': 11515, 'gameVersionTypeID': 1, 'name': '1.21', 'slug': '1-21', 'apiVersion': ''}
[2026, 9, 28, 9, 20, 46] ;;; curseforge; {'id': 9638, 'gameVersionTypeID': 75208, 'name': 'Client', 'slug': 'client', 'apiVersion': ''}
[2026, 9, 28, 9, 20, 46] ;;; curseforge; {'id': 9639, 'gameVersionTypeID': 75208, 'name': 'Server', 'slug': 'server', 'apiVersion': ''}
[2026, 9, 28, 9, 20, 46] ;;; curseforge; {'id': 10150, 'gameVersionTypeID': 68441, 'name': 'NeoForge', 'slug': 'neoforge', 'apiVersion': ''}
[2026, 9, 28, 9, 20, 46] ;;; curseforge; {'id': 11779, 'gameVersionTypeID': 77784, 'name': '1.21.1', 'slug': '1-21-1', 'apiVersion': None}
[2026, 9, 28, 9, 20, 46] ;;; curseforge; {'id': 12735, 'gameVersionTypeID': 1, 'name': '1.21.1', 'slug': '1-21-1', 'apiVersion': ''}
[2026, 9, 28, 9, 20, 46] ;;; curseforge; {'id': 16115, 'gameVersionTypeID': 615, 'name': '1.21.1', 'slug': '1-21-1', 'apiVersion': ''}
[2026, 9, 28, 9, 20, 46] ;;; curseforge; {'file': ('enhanced_survival-neoforge-1.21.1_1.61.0.jar', <_io.BufferedReader name='.\\releases\\1.61.0\\enhanced_survival-neoforge-1.21.1_1.61.0.jar'>, 'application/jar'), 'metadata': (None, '{"changelog": "", "displayName": "enhanced_survival neoforge 1.21.1 1.61.0", "gameVersions": [9638, 9639, 10150, 11779], "gameVersionNames": ["Client", "Server", "NeoForge", "1.21.1"], "releaseType": "release", "relations": {"projects": [{"slug": "gstools", "projectID": 1404020, "type": "requiredDependency"}, {"slug": "gstools-weather2-compat", "projectID": 1710321, "type": "requiredDependency"}]}}', 'application/json')}
[2026, 9, 28, 9, 20, 47] ;;; curseforge; Mod file uploaded successfully! Response: {'id': 8999370}
[2026, 9, 28, 9, 20, 47] ;;; curseforge; {'id': 9638, 'gameVersionTypeID': 75208, 'name': 'Client', 'slug': 'client', 'apiVersion': ''}
[2026, 9, 28, 9, 20, 47] ;;; curseforge; {'id': 9639, 'gameVersionTypeID': 75208, 'name': 'Server', 'slug': 'server', 'apiVersion': ''}
[2026, 9, 28, 9, 20, 47] ;;; curseforge; {'id': 10150, 'gameVersionTypeID': 68441, 'name': 'NeoForge', 'slug': 'neoforge', 'apiVersion': ''}
[2026, 9, 28, 9, 20, 47] ;;; curseforge; {'id': 11779, 'gameVersionTypeID': 77784, 'name': '1.21.1', 'slug': '1-21-1', 'apiVersion': None}
[2026, 9, 28, 9, 20, 47] ;;; curseforge; {'id': 12735, 'gameVersionTypeID': 1, 'name': '1.21.1', 'slug': '1-21-1', 'apiVersion': ''}
[2026, 9, 28, 9, 20, 47] ;;; curseforge; {'id': 16115, 'gameVersionTypeID': 615, 'name': '1.21.1', 'slug': '1-21-1', 'apiVersion': ''}
[2026, 9, 28, 9, 20, 50] ;;; curseforge; {'id': 9638, 'gameVersionTypeID': 75208, 'name': 'Client', 'slug': 'client', 'apiVersion': ''}
[2026, 9, 28, 9, 20, 50] ;;; curseforge; {'id': 9639, 'gameVersionTypeID': 75208, 'name': 'Server', 'slug': 'server', 'apiVersion': ''}
[2026, 9, 28, 9, 20, 50] ;;; curseforge; {'id': 10150, 'gameVersionTypeID': 68441, 'name': 'NeoForge', 'slug': 'neoforge', 'apiVersion': ''}
[2026, 9, 28, 9, 20, 50] ;;; curseforge; {'id': 12079, 'gameVersionTypeID': 77784, 'name': '1.21.2', 'slug': '1-21-2', 'apiVersion': ''}
[2026, 9, 28, 9, 20, 50] ;;; curseforge; {'id': 12736, 'gameVersionTypeID': 1, 'name': '1.21.2', 'slug': '1-21-2', 'apiVersion': ''}
[2026, 9, 28, 9, 20, 50] ;;; curseforge; {'id': 16116, 'gameVersionTypeID': 615, 'name': '1.21.2', 'slug': '1-21-2', 'apiVersion': ''}
[2026, 9, 28, 9, 20, 50] ;;; curseforge; {'id': 9638, 'gameVersionTypeID': 75208, 'name': 'Client', 'slug': 'client', 'apiVersion': ''}
[2026, 9, 28, 9, 20, 50] ;;; curseforge; {'id': 9639, 'gameVersionTypeID': 75208, 'name': 'Server', 'slug': 'server', 'apiVersion': ''}
[2026, 9, 28, 9, 20, 50] ;;; curseforge; {'id': 10150, 'gameVersionTypeID': 68441, 'name': 'NeoForge', 'slug': 'neoforge', 'apiVersion': ''}
[2026, 9, 28, 9, 20, 50] ;;; curseforge; {'id': 12084, 'gameVersionTypeID': 77784, 'name': '1.21.3', 'slug': '1-21-3', 'apiVersion': None}
[2026, 9, 28, 9, 20, 50] ;;; curseforge; {'id': 12737, 'gameVersionTypeID': 1, 'name': '1.21.3', 'slug': '1-21-3', 'apiVersion': ''}
[2026, 9, 28, 9, 20, 50] ;;; curseforge; {'id': 16117, 'gameVersionTypeID': 615, 'name': '1.21.3', 'slug': '1-21-3', 'apiVersion': ''}
[2026, 9, 28, 9, 20, 50] ;;; curseforge; {'file': ('enhanced_survival-neoforge-1.21.2_1.61.0.jar', <_io.BufferedReader name='.\\releases\\1.61.0\\enhanced_survival-neoforge-1.21.2_1.61.0.jar'>, 'application/jar'), 'metadata': (None, '{"changelog": "", "displayName": "enhanced_survival neoforge 1.21.2 1.61.0", "gameVersions": [9638, 9639, 10150, 12079, 12084], "gameVersionNames": ["Client", "Server", "NeoForge", "1.21.2", "1.21.3"], "releaseType": "release", "relations": {"projects": [{"slug": "gstools", "projectID": 1404020, "type": "requiredDependency"}]}}', 'application/json')}
[2026, 9, 28, 9, 20, 51] ;;; curseforge; Mod file uploaded successfully! Response: {'id': 8999371}
[2026, 9, 28, 9, 20, 51] ;;; curseforge; {'id': 9638, 'gameVersionTypeID': 75208, 'name': 'Client', 'slug': 'client', 'apiVersion': ''}
[2026, 9, 28, 9, 20, 51] ;;; curseforge; {'id': 9639, 'gameVersionTypeID': 75208, 'name': 'Server', 'slug': 'server', 'apiVersion': ''}
[2026, 9, 28, 9, 20, 51] ;;; curseforge; {'id': 10150, 'gameVersionTypeID': 68441, 'name': 'NeoForge', 'slug': 'neoforge', 'apiVersion': ''}
[2026, 9, 28, 9, 20, 51] ;;; curseforge; {'id': 12079, 'gameVersionTypeID': 77784, 'name': '1.21.2', 'slug': '1-21-2', 'apiVersion': ''}
[2026, 9, 28, 9, 20, 51] ;;; curseforge; {'id': 12736, 'gameVersionTypeID': 1, 'name': '1.21.2', 'slug': '1-21-2', 'apiVersion': ''}
[2026, 9, 28, 9, 20, 51] ;;; curseforge; {'id': 16116, 'gameVersionTypeID': 615, 'name': '1.21.2', 'slug': '1-21-2', 'apiVersion': ''}
[2026, 9, 28, 9, 20, 51] ;;; curseforge; {'id': 9638, 'gameVersionTypeID': 75208, 'name': 'Client', 'slug': 'client', 'apiVersion': ''}
[2026, 9, 28, 9, 20, 51] ;;; curseforge; {'id': 9639, 'gameVersionTypeID': 75208, 'name': 'Server', 'slug': 'server', 'apiVersion': ''}
[2026, 9, 28, 9, 20, 51] ;;; curseforge; {'id': 10150, 'gameVersionTypeID': 68441, 'name': 'NeoForge', 'slug': 'neoforge', 'apiVersion': ''}
[2026, 9, 28, 9, 20, 51] ;;; curseforge; {'id': 12084, 'gameVersionTypeID': 77784, 'name': '1.21.3', 'slug': '1-21-3', 'apiVersion': None}
[2026, 9, 28, 9, 20, 51] ;;; curseforge; {'id': 12737, 'gameVersionTypeID': 1, 'name': '1.21.3', 'slug': '1-21-3', 'apiVersion': ''}
[2026, 9, 28, 9, 20, 51] ;;; curseforge; {'id': 16117, 'gameVersionTypeID': 615, 'name': '1.21.3', 'slug': '1-21-3', 'apiVersion': ''}
[2026, 9, 28, 9, 20, 53] ;;; curseforge; {'id': 9638, 'gameVersionTypeID': 75208, 'name': 'Client', 'slug': 'client', 'apiVersion': ''}
[2026, 9, 28, 9, 20, 53] ;;; curseforge; {'id': 9639, 'gameVersionTypeID': 75208, 'name': 'Server', 'slug': 'server', 'apiVersion': ''}
[2026, 9, 28, 9, 20, 53] ;;; curseforge; {'id': 10150, 'gameVersionTypeID': 68441, 'name': 'NeoForge', 'slug': 'neoforge', 'apiVersion': ''}
[2026, 9, 28, 9, 20, 53] ;;; curseforge; {'id': 12281, 'gameVersionTypeID': 77784, 'name': '1.21.4', 'slug': '1-21-4', 'apiVersion': None}
[2026, 9, 28, 9, 20, 53] ;;; curseforge; {'id': 12738, 'gameVersionTypeID': 1, 'name': '1.21.4', 'slug': '1-21-4', 'apiVersion': ''}
[2026, 9, 28, 9, 20, 53] ;;; curseforge; {'id': 16118, 'gameVersionTypeID': 615, 'name': '1.21.4', 'slug': '1-21-4', 'apiVersion': ''}
[2026, 9, 28, 9, 20, 53] ;;; curseforge; {'file': ('enhanced_survival-neoforge-1.21.4_1.61.0.jar', <_io.BufferedReader name='.\\releases\\1.61.0\\enhanced_survival-neoforge-1.21.4_1.61.0.jar'>, 'application/jar'), 'metadata': (None, '{"changelog": "", "displayName": "enhanced_survival neoforge 1.21.4 1.61.0", "gameVersions": [9638, 9639, 10150, 12281], "gameVersionNames": ["Client", "Server", "NeoForge", "1.21.4"], "releaseType": "release", "relations": {"projects": [{"slug": "gstools", "projectID": 1404020, "type": "requiredDependency"}]}}', 'application/json')}
[2026, 9, 28, 9, 20, 55] ;;; curseforge; Mod file uploaded successfully! Response: {'id': 8999372}
[2026, 9, 28, 9, 20, 55] ;;; curseforge; {'id': 9638, 'gameVersionTypeID': 75208, 'name': 'Client', 'slug': 'client', 'apiVersion': ''}
[2026, 9, 28, 9, 20, 55] ;;; curseforge; {'id': 9639, 'gameVersionTypeID': 75208, 'name': 'Server', 'slug': 'server', 'apiVersion': ''}
[2026, 9, 28, 9, 20, 55] ;;; curseforge; {'id': 10150, 'gameVersionTypeID': 68441, 'name': 'NeoForge', 'slug': 'neoforge', 'apiVersion': ''}
[2026, 9, 28, 9, 20, 55] ;;; curseforge; {'id': 12281, 'gameVersionTypeID': 77784, 'name': '1.21.4', 'slug': '1-21-4', 'apiVersion': None}
[2026, 9, 28, 9, 20, 55] ;;; curseforge; {'id': 12738, 'gameVersionTypeID': 1, 'name': '1.21.4', 'slug': '1-21-4', 'apiVersion': ''}
[2026, 9, 28, 9, 20, 55] ;;; curseforge; {'id': 16118, 'gameVersionTypeID': 615, 'name': '1.21.4', 'slug': '1-21-4', 'apiVersion': ''}
[2026, 9, 28, 9, 20, 58] ;;; curseforge; {'id': 9638, 'gameVersionTypeID': 75208, 'name': 'Client', 'slug': 'client', 'apiVersion': ''}
[2026, 9, 28, 9, 20, 58] ;;; curseforge; {'id': 9639, 'gameVersionTypeID': 75208, 'name': 'Server', 'slug': 'server', 'apiVersion': ''}
[2026, 9, 28, 9, 20, 58] ;;; curseforge; {'id': 10150, 'gameVersionTypeID': 68441, 'name': 'NeoForge', 'slug': 'neoforge', 'apiVersion': ''}
[2026, 9, 28, 9, 20, 58] ;;; curseforge; {'id': 12934, 'gameVersionTypeID': 77784, 'name': '1.21.5', 'slug': '1-21-5', 'apiVersion': None}
[2026, 9, 28, 9, 20, 58] ;;; curseforge; {'id': 12988, 'gameVersionTypeID': 1, 'name': '1.21.5', 'slug': '1-21-5', 'apiVersion': ''}
[2026, 9, 28, 9, 20, 58] ;;; curseforge; {'id': 16119, 'gameVersionTypeID': 615, 'name': '1.21.5', 'slug': '1-21-5', 'apiVersion': ''}
[2026, 9, 28, 9, 20, 58] ;;; curseforge; {'id': 9638, 'gameVersionTypeID': 75208, 'name': 'Client', 'slug': 'client', 'apiVersion': ''}
[2026, 9, 28, 9, 20, 58] ;;; curseforge; {'id': 9639, 'gameVersionTypeID': 75208, 'name': 'Server', 'slug': 'server', 'apiVersion': ''}
[2026, 9, 28, 9, 20, 58] ;;; curseforge; {'id': 10150, 'gameVersionTypeID': 68441, 'name': 'NeoForge', 'slug': 'neoforge', 'apiVersion': ''}
[2026, 9, 28, 9, 20, 58] ;;; curseforge; {'id': 13506, 'gameVersionTypeID': 77784, 'name': '1.21.7', 'slug': '1-21-7', 'apiVersion': None}
[2026, 9, 28, 9, 20, 58] ;;; curseforge; {'id': 13574, 'gameVersionTypeID': 1, 'name': '1.21.7', 'slug': '1-21-7', 'apiVersion': ''}
[2026, 9, 28, 9, 20, 58] ;;; curseforge; {'id': 16121, 'gameVersionTypeID': 615, 'name': '1.21.7', 'slug': '1-21-7', 'apiVersion': ''}
[2026, 9, 28, 9, 20, 58] ;;; curseforge; {'file': ('enhanced_survival-neoforge-1.21.5_1.61.0.jar', <_io.BufferedReader name='.\\releases\\1.61.0\\enhanced_survival-neoforge-1.21.5_1.61.0.jar'>, 'application/jar'), 'metadata': (None, '{"changelog": "", "displayName": "enhanced_survival neoforge 1.21.5 1.61.0", "gameVersions": [9638, 9639, 10150, 12934, 13506], "gameVersionNames": ["Client", "Server", "NeoForge", "1.21.5", "1.21.7"], "releaseType": "release", "relations": {"projects": [{"slug": "gstools", "projectID": 1404020, "type": "requiredDependency"}]}}', 'application/json')}
[2026, 9, 28, 9, 20, 59] ;;; curseforge; Mod file uploaded successfully! Response: {'id': 8999374}
[2026, 9, 28, 9, 20, 59] ;;; curseforge; {'id': 9638, 'gameVersionTypeID': 75208, 'name': 'Client', 'slug': 'client', 'apiVersion': ''}
[2026, 9, 28, 9, 20, 59] ;;; curseforge; {'id': 9639, 'gameVersionTypeID': 75208, 'name': 'Server', 'slug': 'server', 'apiVersion': ''}
[2026, 9, 28, 9, 20, 59] ;;; curseforge; {'id': 10150, 'gameVersionTypeID': 68441, 'name': 'NeoForge', 'slug': 'neoforge', 'apiVersion': ''}
[2026, 9, 28, 9, 20, 59] ;;; curseforge; {'id': 12934, 'gameVersionTypeID': 77784, 'name': '1.21.5', 'slug': '1-21-5', 'apiVersion': None}
[2026, 9, 28, 9, 20, 59] ;;; curseforge; {'id': 12988, 'gameVersionTypeID': 1, 'name': '1.21.5', 'slug': '1-21-5', 'apiVersion': ''}
[2026, 9, 28, 9, 20, 59] ;;; curseforge; {'id': 16119, 'gameVersionTypeID': 615, 'name': '1.21.5', 'slug': '1-21-5', 'apiVersion': ''}
[2026, 9, 28, 9, 20, 59] ;;; curseforge; {'id': 9638, 'gameVersionTypeID': 75208, 'name': 'Client', 'slug': 'client', 'apiVersion': ''}
[2026, 9, 28, 9, 20, 59] ;;; curseforge; {'id': 9639, 'gameVersionTypeID': 75208, 'name': 'Server', 'slug': 'server', 'apiVersion': ''}
[2026, 9, 28, 9, 20, 59] ;;; curseforge; {'id': 10150, 'gameVersionTypeID': 68441, 'name': 'NeoForge', 'slug': 'neoforge', 'apiVersion': ''}
[2026, 9, 28, 9, 20, 59] ;;; curseforge; {'id': 13506, 'gameVersionTypeID': 77784, 'name': '1.21.7', 'slug': '1-21-7', 'apiVersion': None}
[2026, 9, 28, 9, 20, 59] ;;; curseforge; {'id': 13574, 'gameVersionTypeID': 1, 'name': '1.21.7', 'slug': '1-21-7', 'apiVersion': ''}
[2026, 9, 28, 9, 20, 59] ;;; curseforge; {'id': 16121, 'gameVersionTypeID': 615, 'name': '1.21.7', 'slug': '1-21-7', 'apiVersion': ''}
[2026, 9, 28, 9, 21, 1] ;;; curseforge; {'id': 9638, 'gameVersionTypeID': 75208, 'name': 'Client', 'slug': 'client', 'apiVersion': ''}
[2026, 9, 28, 9, 21, 1] ;;; curseforge; {'id': 9639, 'gameVersionTypeID': 75208, 'name': 'Server', 'slug': 'server', 'apiVersion': ''}
[2026, 9, 28, 9, 21, 1] ;;; curseforge; {'id': 10150, 'gameVersionTypeID': 68441, 'name': 'NeoForge', 'slug': 'neoforge', 'apiVersion': ''}
[2026, 9, 28, 9, 21, 1] ;;; curseforge; {'id': 13620, 'gameVersionTypeID': 77784, 'name': '1.21.8', 'slug': '1-21-8', 'apiVersion': None}
[2026, 9, 28, 9, 21, 1] ;;; curseforge; {'id': 13683, 'gameVersionTypeID': 1, 'name': '1.21.8', 'slug': '1-21-8', 'apiVersion': ''}
[2026, 9, 28, 9, 21, 1] ;;; curseforge; {'id': 16124, 'gameVersionTypeID': 615, 'name': '1.21.8', 'slug': '1-21-8', 'apiVersion': ''}
[2026, 9, 28, 9, 21, 1] ;;; curseforge; {'id': 9638, 'gameVersionTypeID': 75208, 'name': 'Client', 'slug': 'client', 'apiVersion': ''}
[2026, 9, 28, 9, 21, 1] ;;; curseforge; {'id': 9639, 'gameVersionTypeID': 75208, 'name': 'Server', 'slug': 'server', 'apiVersion': ''}
[2026, 9, 28, 9, 21, 1] ;;; curseforge; {'id': 10150, 'gameVersionTypeID': 68441, 'name': 'NeoForge', 'slug': 'neoforge', 'apiVersion': ''}
[2026, 9, 28, 9, 21, 1] ;;; curseforge; {'id': 13927, 'gameVersionTypeID': 77784, 'name': '1.21.9', 'slug': '1-21-9', 'apiVersion': None}
[2026, 9, 28, 9, 21, 1] ;;; curseforge; {'id': 13933, 'gameVersionTypeID': 1, 'name': '1.21.9', 'slug': '1-21-9', 'apiVersion': ''}
[2026, 9, 28, 9, 21, 1] ;;; curseforge; {'id': 16125, 'gameVersionTypeID': 615, 'name': '1.21.9', 'slug': '1-21-9', 'apiVersion': ''}
[2026, 9, 28, 9, 21, 1] ;;; curseforge; {'id': 9638, 'gameVersionTypeID': 75208, 'name': 'Client', 'slug': 'client', 'apiVersion': ''}
[2026, 9, 28, 9, 21, 1] ;;; curseforge; {'id': 9639, 'gameVersionTypeID': 75208, 'name': 'Server', 'slug': 'server', 'apiVersion': ''}
[2026, 9, 28, 9, 21, 1] ;;; curseforge; {'id': 10150, 'gameVersionTypeID': 68441, 'name': 'NeoForge', 'slug': 'neoforge', 'apiVersion': ''}
[2026, 9, 28, 9, 21, 1] ;;; curseforge; {'id': 13964, 'gameVersionTypeID': 77784, 'name': '1.21.10', 'slug': '1-21-10', 'apiVersion': None}
[2026, 9, 28, 9, 21, 1] ;;; curseforge; {'id': 13966, 'gameVersionTypeID': 1, 'name': '1.21.10', 'slug': '1-21-10', 'apiVersion': ''}
[2026, 9, 28, 9, 21, 1] ;;; curseforge; {'id': 16126, 'gameVersionTypeID': 615, 'name': '1.21.10', 'slug': '1-21-10', 'apiVersion': ''}
[2026, 9, 28, 9, 21, 1] ;;; curseforge; {'id': 9638, 'gameVersionTypeID': 75208, 'name': 'Client', 'slug': 'client', 'apiVersion': ''}
[2026, 9, 28, 9, 21, 1] ;;; curseforge; {'id': 9639, 'gameVersionTypeID': 75208, 'name': 'Server', 'slug': 'server', 'apiVersion': ''}
[2026, 9, 28, 9, 21, 1] ;;; curseforge; {'id': 10150, 'gameVersionTypeID': 68441, 'name': 'NeoForge', 'slug': 'neoforge', 'apiVersion': ''}
[2026, 9, 28, 9, 21, 1] ;;; curseforge; {'id': 14406, 'gameVersionTypeID': 77784, 'name': '1.21.11', 'slug': '1-21-11', 'apiVersion': None}
[2026, 9, 28, 9, 21, 1] ;;; curseforge; {'id': 14417, 'gameVersionTypeID': 1, 'name': '1.21.11', 'slug': '1-21-11', 'apiVersion': ''}
[2026, 9, 28, 9, 21, 1] ;;; curseforge; {'id': 16127, 'gameVersionTypeID': 615, 'name': '1.21.11', 'slug': '1-21-11', 'apiVersion': ''}
[2026, 9, 28, 9, 21, 1] ;;; curseforge; {'file': ('enhanced_survival-neoforge-1.21.8_1.61.0.jar', <_io.BufferedReader name='.\\releases\\1.61.0\\enhanced_survival-neoforge-1.21.8_1.61.0.jar'>, 'application/jar'), 'metadata': (None, '{"changelog": "", "displayName": "enhanced_survival neoforge 1.21.8 1.61.0", "gameVersions": [9638, 9639, 10150, 13620, 13927, 13964, 14406], "gameVersionNames": ["Client", "Server", "NeoForge", "1.21.8", "1.21.9", "1.21.10", "1.21.11"], "releaseType": "release", "relations": {"projects": [{"slug": "gstools", "projectID": 1404020, "type": "requiredDependency"}]}}', 'application/json')}
[2026, 9, 28, 9, 21, 3] ;;; curseforge; Mod file uploaded successfully! Response: {'id': 8999376}
[2026, 9, 28, 9, 21, 3] ;;; curseforge; {'id': 9638, 'gameVersionTypeID': 75208, 'name': 'Client', 'slug': 'client', 'apiVersion': ''}
[2026, 9, 28, 9, 21, 3] ;;; curseforge; {'id': 9639, 'gameVersionTypeID': 75208, 'name': 'Server', 'slug': 'server', 'apiVersion': ''}
[2026, 9, 28, 9, 21, 3] ;;; curseforge; {'id': 10150, 'gameVersionTypeID': 68441, 'name': 'NeoForge', 'slug': 'neoforge', 'apiVersion': ''}
[2026, 9, 28, 9, 21, 3] ;;; curseforge; {'id': 13620, 'gameVersionTypeID': 77784, 'name': '1.21.8', 'slug': '1-21-8', 'apiVersion': None}
[2026, 9, 28, 9, 21, 3] ;;; curseforge; {'id': 13683, 'gameVersionTypeID': 1, 'name': '1.21.8', 'slug': '1-21-8', 'apiVersion': ''}
[2026, 9, 28, 9, 21, 3] ;;; curseforge; {'id': 16124, 'gameVersionTypeID': 615, 'name': '1.21.8', 'slug': '1-21-8', 'apiVersion': ''}
[2026, 9, 28, 9, 21, 3] ;;; curseforge; {'id': 9638, 'gameVersionTypeID': 75208, 'name': 'Client', 'slug': 'client', 'apiVersion': ''}
[2026, 9, 28, 9, 21, 3] ;;; curseforge; {'id': 9639, 'gameVersionTypeID': 75208, 'name': 'Server', 'slug': 'server', 'apiVersion': ''}
[2026, 9, 28, 9, 21, 3] ;;; curseforge; {'id': 10150, 'gameVersionTypeID': 68441, 'name': 'NeoForge', 'slug': 'neoforge', 'apiVersion': ''}
[2026, 9, 28, 9, 21, 3] ;;; curseforge; {'id': 13927, 'gameVersionTypeID': 77784, 'name': '1.21.9', 'slug': '1-21-9', 'apiVersion': None}
[2026, 9, 28, 9, 21, 3] ;;; curseforge; {'id': 13933, 'gameVersionTypeID': 1, 'name': '1.21.9', 'slug': '1-21-9', 'apiVersion': ''}
[2026, 9, 28, 9, 21, 3] ;;; curseforge; {'id': 16125, 'gameVersionTypeID': 615, 'name': '1.21.9', 'slug': '1-21-9', 'apiVersion': ''}
[2026, 9, 28, 9, 21, 3] ;;; curseforge; {'id': 9638, 'gameVersionTypeID': 75208, 'name': 'Client', 'slug': 'client', 'apiVersion': ''}
[2026, 9, 28, 9, 21, 3] ;;; curseforge; {'id': 9639, 'gameVersionTypeID': 75208, 'name': 'Server', 'slug': 'server', 'apiVersion': ''}
[2026, 9, 28, 9, 21, 3] ;;; curseforge; {'id': 10150, 'gameVersionTypeID': 68441, 'name': 'NeoForge', 'slug': 'neoforge', 'apiVersion': ''}
[2026, 9, 28, 9, 21, 3] ;;; curseforge; {'id': 13964, 'gameVersionTypeID': 77784, 'name': '1.21.10', 'slug': '1-21-10', 'apiVersion': None}
[2026, 9, 28, 9, 21, 3] ;;; curseforge; {'id': 13966, 'gameVersionTypeID': 1, 'name': '1.21.10', 'slug': '1-21-10', 'apiVersion': ''}
[2026, 9, 28, 9, 21, 3] ;;; curseforge; {'id': 16126, 'gameVersionTypeID': 615, 'name': '1.21.10', 'slug': '1-21-10', 'apiVersion': ''}
[2026, 9, 28, 9, 21, 3] ;;; curseforge; {'id': 9638, 'gameVersionTypeID': 75208, 'name': 'Client', 'slug': 'client', 'apiVersion': ''}
[2026, 9, 28, 9, 21, 3] ;;; curseforge; {'id': 9639, 'gameVersionTypeID': 75208, 'name': 'Server', 'slug': 'server', 'apiVersion': ''}
[2026, 9, 28, 9, 21, 3] ;;; curseforge; {'id': 10150, 'gameVersionTypeID': 68441, 'name': 'NeoForge', 'slug': 'neoforge', 'apiVersion': ''}
[2026, 9, 28, 9, 21, 3] ;;; curseforge; {'id': 14406, 'gameVersionTypeID': 77784, 'name': '1.21.11', 'slug': '1-21-11', 'apiVersion': None}
[2026, 9, 28, 9, 21, 3] ;;; curseforge; {'id': 14417, 'gameVersionTypeID': 1, 'name': '1.21.11', 'slug': '1-21-11', 'apiVersion': ''}
[2026, 9, 28, 9, 21, 3] ;;; curseforge; {'id': 16127, 'gameVersionTypeID': 615, 'name': '1.21.11', 'slug': '1-21-11', 'apiVersion': ''}
[2026, 9, 28, 9, 21, 5] ;;; curseforge; {'id': 9638, 'gameVersionTypeID': 75208, 'name': 'Client', 'slug': 'client', 'apiVersion': ''}
[2026, 9, 28, 9, 21, 5] ;;; curseforge; {'id': 9639, 'gameVersionTypeID': 75208, 'name': 'Server', 'slug': 'server', 'apiVersion': ''}
[2026, 9, 28, 9, 21, 5] ;;; curseforge; {'id': 10150, 'gameVersionTypeID': 68441, 'name': 'NeoForge', 'slug': 'neoforge', 'apiVersion': ''}
[2026, 9, 28, 9, 21, 5] ;;; curseforge; {'id': 15933, 'gameVersionTypeID': 83806, 'name': '26.1', 'slug': '26-1', 'apiVersion': None}
[2026, 9, 28, 9, 21, 5] ;;; curseforge; {'id': 16083, 'gameVersionTypeID': 1, 'name': '26.1', 'slug': '26-1', 'apiVersion': ''}
[2026, 9, 28, 9, 21, 5] ;;; curseforge; {'id': 16128, 'gameVersionTypeID': 615, 'name': '26.1', 'slug': '26-1', 'apiVersion': ''}
[2026, 9, 28, 9, 21, 5] ;;; curseforge; {'id': 9638, 'gameVersionTypeID': 75208, 'name': 'Client', 'slug': 'client', 'apiVersion': ''}
[2026, 9, 28, 9, 21, 5] ;;; curseforge; {'id': 9639, 'gameVersionTypeID': 75208, 'name': 'Server', 'slug': 'server', 'apiVersion': ''}
[2026, 9, 28, 9, 21, 5] ;;; curseforge; {'id': 10150, 'gameVersionTypeID': 68441, 'name': 'NeoForge', 'slug': 'neoforge', 'apiVersion': ''}
[2026, 9, 28, 9, 21, 5] ;;; curseforge; {'id': 16021, 'gameVersionTypeID': 83806, 'name': '26.1.1', 'slug': '26-1-1', 'apiVersion': None}
[2026, 9, 28, 9, 21, 5] ;;; curseforge; {'id': 16084, 'gameVersionTypeID': 1, 'name': '26.1.1', 'slug': '26-1-1', 'apiVersion': ''}
[2026, 9, 28, 9, 21, 5] ;;; curseforge; {'id': 16129, 'gameVersionTypeID': 615, 'name': '26.1.1', 'slug': '26-1-1', 'apiVersion': ''}
[2026, 9, 28, 9, 21, 5] ;;; curseforge; {'id': 9638, 'gameVersionTypeID': 75208, 'name': 'Client', 'slug': 'client', 'apiVersion': ''}
[2026, 9, 28, 9, 21, 5] ;;; curseforge; {'id': 9639, 'gameVersionTypeID': 75208, 'name': 'Server', 'slug': 'server', 'apiVersion': ''}
[2026, 9, 28, 9, 21, 5] ;;; curseforge; {'id': 10150, 'gameVersionTypeID': 68441, 'name': 'NeoForge', 'slug': 'neoforge', 'apiVersion': ''}
[2026, 9, 28, 9, 21, 5] ;;; curseforge; {'id': 16082, 'gameVersionTypeID': 83806, 'name': '26.1.2', 'slug': '26-1-2', 'apiVersion': None}
[2026, 9, 28, 9, 21, 5] ;;; curseforge; {'id': 16085, 'gameVersionTypeID': 1, 'name': '26.1.2', 'slug': '26-1-2', 'apiVersion': ''}
[2026, 9, 28, 9, 21, 5] ;;; curseforge; {'id': 16130, 'gameVersionTypeID': 615, 'name': '26.1.2', 'slug': '26-1-2', 'apiVersion': ''}
[2026, 9, 28, 9, 21, 5] ;;; curseforge; {'file': ('enhanced_survival-neoforge-26.1_1.61.0.jar', <_io.BufferedReader name='.\\releases\\1.61.0\\enhanced_survival-neoforge-26.1_1.61.0.jar'>, 'application/jar'), 'metadata': (None, '{"changelog": "", "displayName": "enhanced_survival neoforge 26.1 1.61.0", "gameVersions": [9638, 9639, 10150, 15933, 16021, 16082], "gameVersionNames": ["Client", "Server", "NeoForge", "26.1", "26.1.1", "26.1.2"], "releaseType": "release", "relations": {"projects": [{"slug": "gstools", "projectID": 1404020, "type": "requiredDependency"}]}}', 'application/json')}
[2026, 9, 28, 9, 21, 6] ;;; curseforge; Mod file uploaded successfully! Response: {'id': 8999377}
[2026, 9, 28, 9, 21, 7] ;;; curseforge; {'id': 9638, 'gameVersionTypeID': 75208, 'name': 'Client', 'slug': 'client', 'apiVersion': ''}
[2026, 9, 28, 9, 21, 7] ;;; curseforge; {'id': 9639, 'gameVersionTypeID': 75208, 'name': 'Server', 'slug': 'server', 'apiVersion': ''}
[2026, 9, 28, 9, 21, 7] ;;; curseforge; {'id': 10150, 'gameVersionTypeID': 68441, 'name': 'NeoForge', 'slug': 'neoforge', 'apiVersion': ''}
[2026, 9, 28, 9, 21, 7] ;;; curseforge; {'id': 15933, 'gameVersionTypeID': 83806, 'name': '26.1', 'slug': '26-1', 'apiVersion': None}
[2026, 9, 28, 9, 21, 7] ;;; curseforge; {'id': 16083, 'gameVersionTypeID': 1, 'name': '26.1', 'slug': '26-1', 'apiVersion': ''}
[2026, 9, 28, 9, 21, 7] ;;; curseforge; {'id': 16128, 'gameVersionTypeID': 615, 'name': '26.1', 'slug': '26-1', 'apiVersion': ''}
[2026, 9, 28, 9, 21, 7] ;;; curseforge; {'id': 9638, 'gameVersionTypeID': 75208, 'name': 'Client', 'slug': 'client', 'apiVersion': ''}
[2026, 9, 28, 9, 21, 7] ;;; curseforge; {'id': 9639, 'gameVersionTypeID': 75208, 'name': 'Server', 'slug': 'server', 'apiVersion': ''}
[2026, 9, 28, 9, 21, 7] ;;; curseforge; {'id': 10150, 'gameVersionTypeID': 68441, 'name': 'NeoForge', 'slug': 'neoforge', 'apiVersion': ''}
[2026, 9, 28, 9, 21, 7] ;;; curseforge; {'id': 16021, 'gameVersionTypeID': 83806, 'name': '26.1.1', 'slug': '26-1-1', 'apiVersion': None}
[2026, 9, 28, 9, 21, 7] ;;; curseforge; {'id': 16084, 'gameVersionTypeID': 1, 'name': '26.1.1', 'slug': '26-1-1', 'apiVersion': ''}
[2026, 9, 28, 9, 21, 7] ;;; curseforge; {'id': 16129, 'gameVersionTypeID': 615, 'name': '26.1.1', 'slug': '26-1-1', 'apiVersion': ''}
[2026, 9, 28, 9, 21, 7] ;;; curseforge; {'id': 9638, 'gameVersionTypeID': 75208, 'name': 'Client', 'slug': 'client', 'apiVersion': ''}
[2026, 9, 28, 9, 21, 7] ;;; curseforge; {'id': 9639, 'gameVersionTypeID': 75208, 'name': 'Server', 'slug': 'server', 'apiVersion': ''}
[2026, 9, 28, 9, 21, 7] ;;; curseforge; {'id': 10150, 'gameVersionTypeID': 68441, 'name': 'NeoForge', 'slug': 'neoforge', 'apiVersion': ''}
[2026, 9, 28, 9, 21, 7] ;;; curseforge; {'id': 16082, 'gameVersionTypeID': 83806, 'name': '26.1.2', 'slug': '26-1-2', 'apiVersion': None}
[2026, 9, 28, 9, 21, 7] ;;; curseforge; {'id': 16085, 'gameVersionTypeID': 1, 'name': '26.1.2', 'slug': '26-1-2', 'apiVersion': ''}
[2026, 9, 28, 9, 21, 7] ;;; curseforge; {'id': 16130, 'gameVersionTypeID': 615, 'name': '26.1.2', 'slug': '26-1-2', 'apiVersion': ''}
[2026, 9, 28, 9, 21, 10] ;;; curseforge; {'id': 7499, 'gameVersionTypeID': 68441, 'name': 'Fabric', 'slug': 'fabric', 'apiVersion': ''}
[2026, 9, 28, 9, 21, 10] ;;; curseforge; {'id': 9638, 'gameVersionTypeID': 75208, 'name': 'Client', 'slug': 'client', 'apiVersion': ''}
[2026, 9, 28, 9, 21, 10] ;;; curseforge; {'id': 9639, 'gameVersionTypeID': 75208, 'name': 'Server', 'slug': 'server', 'apiVersion': ''}
[2026, 9, 28, 9, 21, 10] ;;; curseforge; {'id': 13620, 'gameVersionTypeID': 77784, 'name': '1.21.8', 'slug': '1-21-8', 'apiVersion': None}
[2026, 9, 28, 9, 21, 10] ;;; curseforge; {'id': 13683, 'gameVersionTypeID': 1, 'name': '1.21.8', 'slug': '1-21-8', 'apiVersion': ''}
[2026, 9, 28, 9, 21, 10] ;;; curseforge; {'id': 16124, 'gameVersionTypeID': 615, 'name': '1.21.8', 'slug': '1-21-8', 'apiVersion': ''}
[2026, 9, 28, 9, 21, 10] ;;; curseforge; {'file': ('life_and_death-fabric-1.21.8_1.61.0.jar', <_io.BufferedReader name='.\\releases\\1.61.0\\life_and_death-fabric-1.21.8_1.61.0.jar'>, 'application/jar'), 'metadata': (None, '{"changelog": "", "displayName": "life_and_death fabric 1.21.8 1.61.0", "gameVersions": [7499, 9638, 9639, 13620], "gameVersionNames": ["Fabric", "Client", "Server", "1.21.8"], "releaseType": "release", "relations": {"projects": [{"slug": "gstools", "projectID": 1404020, "type": "requiredDependency"}]}}', 'application/json')}
[2026, 9, 28, 9, 21, 11] ;;; curseforge; Mod file uploaded successfully! Response: {'id': 8999378}
[2026, 9, 28, 9, 21, 12] ;;; curseforge; {'id': 7499, 'gameVersionTypeID': 68441, 'name': 'Fabric', 'slug': 'fabric', 'apiVersion': ''}
[2026, 9, 28, 9, 21, 12] ;;; curseforge; {'id': 9638, 'gameVersionTypeID': 75208, 'name': 'Client', 'slug': 'client', 'apiVersion': ''}
[2026, 9, 28, 9, 21, 12] ;;; curseforge; {'id': 9639, 'gameVersionTypeID': 75208, 'name': 'Server', 'slug': 'server', 'apiVersion': ''}
[2026, 9, 28, 9, 21, 12] ;;; curseforge; {'id': 13620, 'gameVersionTypeID': 77784, 'name': '1.21.8', 'slug': '1-21-8', 'apiVersion': None}
[2026, 9, 28, 9, 21, 12] ;;; curseforge; {'id': 13683, 'gameVersionTypeID': 1, 'name': '1.21.8', 'slug': '1-21-8', 'apiVersion': ''}
[2026, 9, 28, 9, 21, 12] ;;; curseforge; {'id': 16124, 'gameVersionTypeID': 615, 'name': '1.21.8', 'slug': '1-21-8', 'apiVersion': ''}
[2026, 9, 28, 9, 21, 14] ;;; curseforge; {'id': 7499, 'gameVersionTypeID': 68441, 'name': 'Fabric', 'slug': 'fabric', 'apiVersion': ''}
[2026, 9, 28, 9, 21, 14] ;;; curseforge; {'id': 9638, 'gameVersionTypeID': 75208, 'name': 'Client', 'slug': 'client', 'apiVersion': ''}
[2026, 9, 28, 9, 21, 14] ;;; curseforge; {'id': 9639, 'gameVersionTypeID': 75208, 'name': 'Server', 'slug': 'server', 'apiVersion': ''}
[2026, 9, 28, 9, 21, 14] ;;; curseforge; {'id': 13927, 'gameVersionTypeID': 77784, 'name': '1.21.9', 'slug': '1-21-9', 'apiVersion': None}
[2026, 9, 28, 9, 21, 14] ;;; curseforge; {'id': 13933, 'gameVersionTypeID': 1, 'name': '1.21.9', 'slug': '1-21-9', 'apiVersion': ''}
[2026, 9, 28, 9, 21, 14] ;;; curseforge; {'id': 16125, 'gameVersionTypeID': 615, 'name': '1.21.9', 'slug': '1-21-9', 'apiVersion': ''}
[2026, 9, 28, 9, 21, 14] ;;; curseforge; {'id': 7499, 'gameVersionTypeID': 68441, 'name': 'Fabric', 'slug': 'fabric', 'apiVersion': ''}
[2026, 9, 28, 9, 21, 14] ;;; curseforge; {'id': 9638, 'gameVersionTypeID': 75208, 'name': 'Client', 'slug': 'client', 'apiVersion': ''}
[2026, 9, 28, 9, 21, 14] ;;; curseforge; {'id': 9639, 'gameVersionTypeID': 75208, 'name': 'Server', 'slug': 'server', 'apiVersion': ''}
[2026, 9, 28, 9, 21, 14] ;;; curseforge; {'id': 13964, 'gameVersionTypeID': 77784, 'name': '1.21.10', 'slug': '1-21-10', 'apiVersion': None}
[2026, 9, 28, 9, 21, 14] ;;; curseforge; {'id': 13966, 'gameVersionTypeID': 1, 'name': '1.21.10', 'slug': '1-21-10', 'apiVersion': ''}
[2026, 9, 28, 9, 21, 14] ;;; curseforge; {'id': 16126, 'gameVersionTypeID': 615, 'name': '1.21.10', 'slug': '1-21-10', 'apiVersion': ''}
[2026, 9, 28, 9, 21, 14] ;;; curseforge; {'id': 7499, 'gameVersionTypeID': 68441, 'name': 'Fabric', 'slug': 'fabric', 'apiVersion': ''}
[2026, 9, 28, 9, 21, 14] ;;; curseforge; {'id': 9638, 'gameVersionTypeID': 75208, 'name': 'Client', 'slug': 'client', 'apiVersion': ''}
[2026, 9, 28, 9, 21, 14] ;;; curseforge; {'id': 9639, 'gameVersionTypeID': 75208, 'name': 'Server', 'slug': 'server', 'apiVersion': ''}
[2026, 9, 28, 9, 21, 14] ;;; curseforge; {'id': 14406, 'gameVersionTypeID': 77784, 'name': '1.21.11', 'slug': '1-21-11', 'apiVersion': None}
[2026, 9, 28, 9, 21, 14] ;;; curseforge; {'id': 14417, 'gameVersionTypeID': 1, 'name': '1.21.11', 'slug': '1-21-11', 'apiVersion': ''}
[2026, 9, 28, 9, 21, 14] ;;; curseforge; {'id': 16127, 'gameVersionTypeID': 615, 'name': '1.21.11', 'slug': '1-21-11', 'apiVersion': ''}
[2026, 9, 28, 9, 21, 14] ;;; curseforge; {'file': ('life_and_death-fabric-1.21.9_1.61.0.jar', <_io.BufferedReader name='.\\releases\\1.61.0\\life_and_death-fabric-1.21.9_1.61.0.jar'>, 'application/jar'), 'metadata': (None, '{"changelog": "", "displayName": "life_and_death fabric 1.21.9 1.61.0", "gameVersions": [7499, 9638, 9639, 13927, 13964, 14406], "gameVersionNames": ["Fabric", "Client", "Server", "1.21.9", "1.21.10", "1.21.11"], "releaseType": "release", "relations": {"projects": [{"slug": "gstools", "projectID": 1404020, "type": "requiredDependency"}]}}', 'application/json')}
[2026, 9, 28, 9, 21, 15] ;;; curseforge; Mod file uploaded successfully! Response: {'id': 8999380}
[2026, 9, 28, 9, 21, 16] ;;; curseforge; {'id': 7499, 'gameVersionTypeID': 68441, 'name': 'Fabric', 'slug': 'fabric', 'apiVersion': ''}
[2026, 9, 28, 9, 21, 16] ;;; curseforge; {'id': 9638, 'gameVersionTypeID': 75208, 'name': 'Client', 'slug': 'client', 'apiVersion': ''}
[2026, 9, 28, 9, 21, 16] ;;; curseforge; {'id': 9639, 'gameVersionTypeID': 75208, 'name': 'Server', 'slug': 'server', 'apiVersion': ''}
[2026, 9, 28, 9, 21, 16] ;;; curseforge; {'id': 13927, 'gameVersionTypeID': 77784, 'name': '1.21.9', 'slug': '1-21-9', 'apiVersion': None}
[2026, 9, 28, 9, 21, 16] ;;; curseforge; {'id': 13933, 'gameVersionTypeID': 1, 'name': '1.21.9', 'slug': '1-21-9', 'apiVersion': ''}
[2026, 9, 28, 9, 21, 16] ;;; curseforge; {'id': 16125, 'gameVersionTypeID': 615, 'name': '1.21.9', 'slug': '1-21-9', 'apiVersion': ''}
[2026, 9, 28, 9, 21, 16] ;;; curseforge; {'id': 7499, 'gameVersionTypeID': 68441, 'name': 'Fabric', 'slug': 'fabric', 'apiVersion': ''}
[2026, 9, 28, 9, 21, 16] ;;; curseforge; {'id': 9638, 'gameVersionTypeID': 75208, 'name': 'Client', 'slug': 'client', 'apiVersion': ''}
[2026, 9, 28, 9, 21, 16] ;;; curseforge; {'id': 9639, 'gameVersionTypeID': 75208, 'name': 'Server', 'slug': 'server', 'apiVersion': ''}
[2026, 9, 28, 9, 21, 16] ;;; curseforge; {'id': 13964, 'gameVersionTypeID': 77784, 'name': '1.21.10', 'slug': '1-21-10', 'apiVersion': None}
[2026, 9, 28, 9, 21, 16] ;;; curseforge; {'id': 13966, 'gameVersionTypeID': 1, 'name': '1.21.10', 'slug': '1-21-10', 'apiVersion': ''}
[2026, 9, 28, 9, 21, 16] ;;; curseforge; {'id': 16126, 'gameVersionTypeID': 615, 'name': '1.21.10', 'slug': '1-21-10', 'apiVersion': ''}
[2026, 9, 28, 9, 21, 16] ;;; curseforge; {'id': 7499, 'gameVersionTypeID': 68441, 'name': 'Fabric', 'slug': 'fabric', 'apiVersion': ''}
[2026, 9, 28, 9, 21, 16] ;;; curseforge; {'id': 9638, 'gameVersionTypeID': 75208, 'name': 'Client', 'slug': 'client', 'apiVersion': ''}
[2026, 9, 28, 9, 21, 16] ;;; curseforge; {'id': 9639, 'gameVersionTypeID': 75208, 'name': 'Server', 'slug': 'server', 'apiVersion': ''}
[2026, 9, 28, 9, 21, 16] ;;; curseforge; {'id': 14406, 'gameVersionTypeID': 77784, 'name': '1.21.11', 'slug': '1-21-11', 'apiVersion': None}
[2026, 9, 28, 9, 21, 16] ;;; curseforge; {'id': 14417, 'gameVersionTypeID': 1, 'name': '1.21.11', 'slug': '1-21-11', 'apiVersion': ''}
[2026, 9, 28, 9, 21, 16] ;;; curseforge; {'id': 16127, 'gameVersionTypeID': 615, 'name': '1.21.11', 'slug': '1-21-11', 'apiVersion': ''}
[2026, 9, 28, 9, 21, 18] ;;; curseforge; {'id': 7499, 'gameVersionTypeID': 68441, 'name': 'Fabric', 'slug': 'fabric', 'apiVersion': ''}
[2026, 9, 28, 9, 21, 18] ;;; curseforge; {'id': 9638, 'gameVersionTypeID': 75208, 'name': 'Client', 'slug': 'client', 'apiVersion': ''}
[2026, 9, 28, 9, 21, 18] ;;; curseforge; {'id': 9639, 'gameVersionTypeID': 75208, 'name': 'Server', 'slug': 'server', 'apiVersion': ''}
[2026, 9, 28, 9, 21, 18] ;;; curseforge; {'id': 15933, 'gameVersionTypeID': 83806, 'name': '26.1', 'slug': '26-1', 'apiVersion': None}
[2026, 9, 28, 9, 21, 18] ;;; curseforge; {'id': 16083, 'gameVersionTypeID': 1, 'name': '26.1', 'slug': '26-1', 'apiVersion': ''}
[2026, 9, 28, 9, 21, 18] ;;; curseforge; {'id': 16128, 'gameVersionTypeID': 615, 'name': '26.1', 'slug': '26-1', 'apiVersion': ''}
[2026, 9, 28, 9, 21, 18] ;;; curseforge; {'id': 7499, 'gameVersionTypeID': 68441, 'name': 'Fabric', 'slug': 'fabric', 'apiVersion': ''}
[2026, 9, 28, 9, 21, 18] ;;; curseforge; {'id': 9638, 'gameVersionTypeID': 75208, 'name': 'Client', 'slug': 'client', 'apiVersion': ''}
[2026, 9, 28, 9, 21, 18] ;;; curseforge; {'id': 9639, 'gameVersionTypeID': 75208, 'name': 'Server', 'slug': 'server', 'apiVersion': ''}
[2026, 9, 28, 9, 21, 18] ;;; curseforge; {'id': 16021, 'gameVersionTypeID': 83806, 'name': '26.1.1', 'slug': '26-1-1', 'apiVersion': None}
[2026, 9, 28, 9, 21, 18] ;;; curseforge; {'id': 16084, 'gameVersionTypeID': 1, 'name': '26.1.1', 'slug': '26-1-1', 'apiVersion': ''}
[2026, 9, 28, 9, 21, 18] ;;; curseforge; {'id': 16129, 'gameVersionTypeID': 615, 'name': '26.1.1', 'slug': '26-1-1', 'apiVersion': ''}
[2026, 9, 28, 9, 21, 18] ;;; curseforge; {'id': 7499, 'gameVersionTypeID': 68441, 'name': 'Fabric', 'slug': 'fabric', 'apiVersion': ''}
[2026, 9, 28, 9, 21, 18] ;;; curseforge; {'id': 9638, 'gameVersionTypeID': 75208, 'name': 'Client', 'slug': 'client', 'apiVersion': ''}
[2026, 9, 28, 9, 21, 18] ;;; curseforge; {'id': 9639, 'gameVersionTypeID': 75208, 'name': 'Server', 'slug': 'server', 'apiVersion': ''}
[2026, 9, 28, 9, 21, 18] ;;; curseforge; {'id': 16082, 'gameVersionTypeID': 83806, 'name': '26.1.2', 'slug': '26-1-2', 'apiVersion': None}
[2026, 9, 28, 9, 21, 18] ;;; curseforge; {'id': 16085, 'gameVersionTypeID': 1, 'name': '26.1.2', 'slug': '26-1-2', 'apiVersion': ''}
[2026, 9, 28, 9, 21, 18] ;;; curseforge; {'id': 16130, 'gameVersionTypeID': 615, 'name': '26.1.2', 'slug': '26-1-2', 'apiVersion': ''}
[2026, 9, 28, 9, 21, 18] ;;; curseforge; {'file': ('life_and_death-fabric-26.1_1.61.0.jar', <_io.BufferedReader name='.\\releases\\1.61.0\\life_and_death-fabric-26.1_1.61.0.jar'>, 'application/jar'), 'metadata': (None, '{"changelog": "", "displayName": "life_and_death fabric 26.1 1.61.0", "gameVersions": [7499, 9638, 9639, 15933, 16021, 16082], "gameVersionNames": ["Fabric", "Client", "Server", "26.1", "26.1.1", "26.1.2"], "releaseType": "release", "relations": {"projects": [{"slug": "gstools", "projectID": 1404020, "type": "requiredDependency"}]}}', 'application/json')}
[2026, 9, 28, 9, 21, 20] ;;; curseforge; Mod file uploaded successfully! Response: {'id': 8999381}
[2026, 9, 28, 9, 21, 20] ;;; curseforge; {'id': 7499, 'gameVersionTypeID': 68441, 'name': 'Fabric', 'slug': 'fabric', 'apiVersion': ''}
[2026, 9, 28, 9, 21, 20] ;;; curseforge; {'id': 9638, 'gameVersionTypeID': 75208, 'name': 'Client', 'slug': 'client', 'apiVersion': ''}
[2026, 9, 28, 9, 21, 20] ;;; curseforge; {'id': 9639, 'gameVersionTypeID': 75208, 'name': 'Server', 'slug': 'server', 'apiVersion': ''}
[2026, 9, 28, 9, 21, 20] ;;; curseforge; {'id': 15933, 'gameVersionTypeID': 83806, 'name': '26.1', 'slug': '26-1', 'apiVersion': None}
[2026, 9, 28, 9, 21, 20] ;;; curseforge; {'id': 16083, 'gameVersionTypeID': 1, 'name': '26.1', 'slug': '26-1', 'apiVersion': ''}
[2026, 9, 28, 9, 21, 20] ;;; curseforge; {'id': 16128, 'gameVersionTypeID': 615, 'name': '26.1', 'slug': '26-1', 'apiVersion': ''}
[2026, 9, 28, 9, 21, 20] ;;; curseforge; {'id': 7499, 'gameVersionTypeID': 68441, 'name': 'Fabric', 'slug': 'fabric', 'apiVersion': ''}
[2026, 9, 28, 9, 21, 20] ;;; curseforge; {'id': 9638, 'gameVersionTypeID': 75208, 'name': 'Client', 'slug': 'client', 'apiVersion': ''}
[2026, 9, 28, 9, 21, 20] ;;; curseforge; {'id': 9639, 'gameVersionTypeID': 75208, 'name': 'Server', 'slug': 'server', 'apiVersion': ''}
[2026, 9, 28, 9, 21, 20] ;;; curseforge; {'id': 16021, 'gameVersionTypeID': 83806, 'name': '26.1.1', 'slug': '26-1-1', 'apiVersion': None}
[2026, 9, 28, 9, 21, 20] ;;; curseforge; {'id': 16084, 'gameVersionTypeID': 1, 'name': '26.1.1', 'slug': '26-1-1', 'apiVersion': ''}
[2026, 9, 28, 9, 21, 20] ;;; curseforge; {'id': 16129, 'gameVersionTypeID': 615, 'name': '26.1.1', 'slug': '26-1-1', 'apiVersion': ''}
[2026, 9, 28, 9, 21, 20] ;;; curseforge; {'id': 7499, 'gameVersionTypeID': 68441, 'name': 'Fabric', 'slug': 'fabric', 'apiVersion': ''}
[2026, 9, 28, 9, 21, 20] ;;; curseforge; {'id': 9638, 'gameVersionTypeID': 75208, 'name': 'Client', 'slug': 'client', 'apiVersion': ''}
[2026, 9, 28, 9, 21, 20] ;;; curseforge; {'id': 9639, 'gameVersionTypeID': 75208, 'name': 'Server', 'slug': 'server', 'apiVersion': ''}
[2026, 9, 28, 9, 21, 20] ;;; curseforge; {'id': 16082, 'gameVersionTypeID': 83806, 'name': '26.1.2', 'slug': '26-1-2', 'apiVersion': None}
[2026, 9, 28, 9, 21, 20] ;;; curseforge; {'id': 16085, 'gameVersionTypeID': 1, 'name': '26.1.2', 'slug': '26-1-2', 'apiVersion': ''}
[2026, 9, 28, 9, 21, 20] ;;; curseforge; {'id': 16130, 'gameVersionTypeID': 615, 'name': '26.1.2', 'slug': '26-1-2', 'apiVersion': ''}
[2026, 9, 28, 9, 21, 22] ;;; curseforge; {'id': 7499, 'gameVersionTypeID': 68441, 'name': 'Fabric', 'slug': 'fabric', 'apiVersion': ''}
[2026, 9, 28, 9, 21, 22] ;;; curseforge; {'id': 9638, 'gameVersionTypeID': 75208, 'name': 'Client', 'slug': 'client', 'apiVersion': ''}
[2026, 9, 28, 9, 21, 22] ;;; curseforge; {'id': 9639, 'gameVersionTypeID': 75208, 'name': 'Server', 'slug': 'server', 'apiVersion': ''}
[2026, 9, 28, 9, 21, 22] ;;; curseforge; {'id': 16498, 'gameVersionTypeID': 86297, 'name': '26.2', 'slug': '26-2', 'apiVersion': None}
[2026, 9, 28, 9, 21, 22] ;;; curseforge; {'id': 16500, 'gameVersionTypeID': 1, 'name': '26.2', 'slug': '26-2', 'apiVersion': ''}
[2026, 9, 28, 9, 21, 22] ;;; curseforge; {'file': ('life_and_death-fabric-26.2_1.61.0.jar', <_io.BufferedReader name='.\\releases\\1.61.0\\life_and_death-fabric-26.2_1.61.0.jar'>, 'application/jar'), 'metadata': (None, '{"changelog": "", "displayName": "life_and_death fabric 26.2 1.61.0", "gameVersions": [7499, 9638, 9639, 16498], "gameVersionNames": ["Fabric", "Client", "Server", "26.2"], "releaseType": "release", "relations": {"projects": [{"slug": "gstools", "projectID": 1404020, "type": "requiredDependency"}]}}', 'application/json')}
[2026, 9, 28, 9, 21, 23] ;;; curseforge; Mod file uploaded successfully! Response: {'id': 8999382}
[2026, 9, 28, 9, 21, 24] ;;; curseforge; {'id': 7499, 'gameVersionTypeID': 68441, 'name': 'Fabric', 'slug': 'fabric', 'apiVersion': ''}
[2026, 9, 28, 9, 21, 24] ;;; curseforge; {'id': 9638, 'gameVersionTypeID': 75208, 'name': 'Client', 'slug': 'client', 'apiVersion': ''}
[2026, 9, 28, 9, 21, 24] ;;; curseforge; {'id': 9639, 'gameVersionTypeID': 75208, 'name': 'Server', 'slug': 'server', 'apiVersion': ''}
[2026, 9, 28, 9, 21, 24] ;;; curseforge; {'id': 16498, 'gameVersionTypeID': 86297, 'name': '26.2', 'slug': '26-2', 'apiVersion': None}
[2026, 9, 28, 9, 21, 24] ;;; curseforge; {'id': 16500, 'gameVersionTypeID': 1, 'name': '26.2', 'slug': '26-2', 'apiVersion': ''}
[2026, 9, 28, 9, 21, 26] ;;; curseforge; {'id': 7498, 'gameVersionTypeID': 68441, 'name': 'Forge', 'slug': 'forge', 'apiVersion': ''}
[2026, 9, 28, 9, 21, 26] ;;; curseforge; {'id': 9638, 'gameVersionTypeID': 75208, 'name': 'Client', 'slug': 'client', 'apiVersion': ''}
[2026, 9, 28, 9, 21, 26] ;;; curseforge; {'id': 9639, 'gameVersionTypeID': 75208, 'name': 'Server', 'slug': 'server', 'apiVersion': ''}
[2026, 9, 28, 9, 21, 26] ;;; curseforge; {'id': 9776, 'gameVersionTypeID': 73407, 'name': '1.19.4', 'slug': '1-19-4', 'apiVersion': ''}
[2026, 9, 28, 9, 21, 26] ;;; curseforge; {'id': 9792, 'gameVersionTypeID': 615, 'name': '1.19.4', 'slug': '1-19-4', 'apiVersion': ''}
[2026, 9, 28, 9, 21, 26] ;;; curseforge; {'id': 9973, 'gameVersionTypeID': 1, 'name': '1.19.4', 'slug': '1-19-4', 'apiVersion': ''}
[2026, 9, 28, 9, 21, 26] ;;; curseforge; {'file': ('life_and_death-forge-1.19.4_1.61.0.jar', <_io.BufferedReader name='.\\releases\\1.61.0\\life_and_death-forge-1.19.4_1.61.0.jar'>, 'application/jar'), 'metadata': (None, '{"changelog": "", "displayName": "life_and_death forge 1.19.4 1.61.0", "gameVersions": [7498, 9638, 9639, 9776], "gameVersionNames": ["Forge", "Client", "Server", "1.19.4"], "releaseType": "release", "relations": {"projects": [{"slug": "gstools", "projectID": 1404020, "type": "requiredDependency"}]}}', 'application/json')}
[2026, 9, 28, 9, 21, 28] ;;; curseforge; Mod file uploaded successfully! Response: {'id': 8999384}
[2026, 9, 28, 9, 21, 29] ;;; curseforge; {'id': 7498, 'gameVersionTypeID': 68441, 'name': 'Forge', 'slug': 'forge', 'apiVersion': ''}
[2026, 9, 28, 9, 21, 29] ;;; curseforge; {'id': 9638, 'gameVersionTypeID': 75208, 'name': 'Client', 'slug': 'client', 'apiVersion': ''}
[2026, 9, 28, 9, 21, 29] ;;; curseforge; {'id': 9639, 'gameVersionTypeID': 75208, 'name': 'Server', 'slug': 'server', 'apiVersion': ''}
[2026, 9, 28, 9, 21, 29] ;;; curseforge; {'id': 9776, 'gameVersionTypeID': 73407, 'name': '1.19.4', 'slug': '1-19-4', 'apiVersion': ''}
[2026, 9, 28, 9, 21, 29] ;;; curseforge; {'id': 9792, 'gameVersionTypeID': 615, 'name': '1.19.4', 'slug': '1-19-4', 'apiVersion': ''}
[2026, 9, 28, 9, 21, 29] ;;; curseforge; {'id': 9973, 'gameVersionTypeID': 1, 'name': '1.19.4', 'slug': '1-19-4', 'apiVersion': ''}
[2026, 9, 28, 9, 21, 31] ;;; curseforge; {'id': 9638, 'gameVersionTypeID': 75208, 'name': 'Client', 'slug': 'client', 'apiVersion': ''}
[2026, 9, 28, 9, 21, 31] ;;; curseforge; {'id': 9639, 'gameVersionTypeID': 75208, 'name': 'Server', 'slug': 'server', 'apiVersion': ''}
[2026, 9, 28, 9, 21, 31] ;;; curseforge; {'id': 10150, 'gameVersionTypeID': 68441, 'name': 'NeoForge', 'slug': 'neoforge', 'apiVersion': ''}
[2026, 9, 28, 9, 21, 31] ;;; curseforge; {'id': 10407, 'gameVersionTypeID': 75125, 'name': '1.20.4', 'slug': '1-20-4', 'apiVersion': None}
[2026, 9, 28, 9, 21, 31] ;;; curseforge; {'id': 10742, 'gameVersionTypeID': 1, 'name': '1.20.4', 'slug': '1-20-4', 'apiVersion': ''}
[2026, 9, 28, 9, 21, 31] ;;; curseforge; {'id': 10866, 'gameVersionTypeID': 615, 'name': '1.20.4', 'slug': '1-20-4', 'apiVersion': ''}
[2026, 9, 28, 9, 21, 31] ;;; curseforge; {'file': ('life_and_death-neoforge-1.20.4_1.61.0.jar', <_io.BufferedReader name='.\\releases\\1.61.0\\life_and_death-neoforge-1.20.4_1.61.0.jar'>, 'application/jar'), 'metadata': (None, '{"changelog": "", "displayName": "life_and_death neoforge 1.20.4 1.61.0", "gameVersions": [9638, 9639, 10150, 10407], "gameVersionNames": ["Client", "Server", "NeoForge", "1.20.4"], "releaseType": "release", "relations": {"projects": [{"slug": "gstools", "projectID": 1404020, "type": "requiredDependency"}]}}', 'application/json')}
[2026, 9, 28, 9, 21, 33] ;;; curseforge; Mod file uploaded successfully! Response: {'id': 8999385}
[2026, 9, 28, 9, 21, 33] ;;; curseforge; {'id': 9638, 'gameVersionTypeID': 75208, 'name': 'Client', 'slug': 'client', 'apiVersion': ''}
[2026, 9, 28, 9, 21, 33] ;;; curseforge; {'id': 9639, 'gameVersionTypeID': 75208, 'name': 'Server', 'slug': 'server', 'apiVersion': ''}
[2026, 9, 28, 9, 21, 33] ;;; curseforge; {'id': 10150, 'gameVersionTypeID': 68441, 'name': 'NeoForge', 'slug': 'neoforge', 'apiVersion': ''}
[2026, 9, 28, 9, 21, 33] ;;; curseforge; {'id': 10407, 'gameVersionTypeID': 75125, 'name': '1.20.4', 'slug': '1-20-4', 'apiVersion': None}
[2026, 9, 28, 9, 21, 33] ;;; curseforge; {'id': 10742, 'gameVersionTypeID': 1, 'name': '1.20.4', 'slug': '1-20-4', 'apiVersion': ''}
[2026, 9, 28, 9, 21, 33] ;;; curseforge; {'id': 10866, 'gameVersionTypeID': 615, 'name': '1.20.4', 'slug': '1-20-4', 'apiVersion': ''}
[2026, 9, 28, 9, 21, 35] ;;; curseforge; {'id': 9638, 'gameVersionTypeID': 75208, 'name': 'Client', 'slug': 'client', 'apiVersion': ''}
[2026, 9, 28, 9, 21, 35] ;;; curseforge; {'id': 9639, 'gameVersionTypeID': 75208, 'name': 'Server', 'slug': 'server', 'apiVersion': ''}
[2026, 9, 28, 9, 21, 35] ;;; curseforge; {'id': 10150, 'gameVersionTypeID': 68441, 'name': 'NeoForge', 'slug': 'neoforge', 'apiVersion': ''}
[2026, 9, 28, 9, 21, 35] ;;; curseforge; {'id': 11198, 'gameVersionTypeID': 75125, 'name': '1.20.6', 'slug': '1-20-6', 'apiVersion': None}
[2026, 9, 28, 9, 21, 35] ;;; curseforge; {'id': 11307, 'gameVersionTypeID': 1, 'name': '1.20.6', 'slug': '1-20-6', 'apiVersion': ''}
[2026, 9, 28, 9, 21, 35] ;;; curseforge; {'id': 11309, 'gameVersionTypeID': 615, 'name': '1.20.6', 'slug': '1-20-6', 'apiVersion': ''}
[2026, 9, 28, 9, 21, 35] ;;; curseforge; {'id': 9638, 'gameVersionTypeID': 75208, 'name': 'Client', 'slug': 'client', 'apiVersion': ''}
[2026, 9, 28, 9, 21, 35] ;;; curseforge; {'id': 9639, 'gameVersionTypeID': 75208, 'name': 'Server', 'slug': 'server', 'apiVersion': ''}
[2026, 9, 28, 9, 21, 35] ;;; curseforge; {'id': 10150, 'gameVersionTypeID': 68441, 'name': 'NeoForge', 'slug': 'neoforge', 'apiVersion': ''}
[2026, 9, 28, 9, 21, 35] ;;; curseforge; {'id': 11457, 'gameVersionTypeID': 77784, 'name': '1.21', 'slug': '1-21', 'apiVersion': ''}
[2026, 9, 28, 9, 21, 35] ;;; curseforge; {'id': 11458, 'gameVersionTypeID': 615, 'name': '1.21', 'slug': '1-21', 'apiVersion': ''}
[2026, 9, 28, 9, 21, 35] ;;; curseforge; {'id': 11515, 'gameVersionTypeID': 1, 'name': '1.21', 'slug': '1-21', 'apiVersion': ''}
[2026, 9, 28, 9, 21, 35] ;;; curseforge; {'file': ('life_and_death-neoforge-1.20.6_1.61.0.jar', <_io.BufferedReader name='.\\releases\\1.61.0\\life_and_death-neoforge-1.20.6_1.61.0.jar'>, 'application/jar'), 'metadata': (None, '{"changelog": "", "displayName": "life_and_death neoforge 1.20.6 1.61.0", "gameVersions": [9638, 9639, 10150, 11198, 11457], "gameVersionNames": ["Client", "Server", "NeoForge", "1.20.6", "1.21"], "releaseType": "release", "relations": {"projects": [{"slug": "gstools", "projectID": 1404020, "type": "requiredDependency"}]}}', 'application/json')}
[2026, 9, 28, 9, 21, 36] ;;; curseforge; Mod file uploaded successfully! Response: {'id': 8999386}
[2026, 9, 28, 9, 21, 37] ;;; curseforge; {'id': 9638, 'gameVersionTypeID': 75208, 'name': 'Client', 'slug': 'client', 'apiVersion': ''}
[2026, 9, 28, 9, 21, 37] ;;; curseforge; {'id': 9639, 'gameVersionTypeID': 75208, 'name': 'Server', 'slug': 'server', 'apiVersion': ''}
[2026, 9, 28, 9, 21, 37] ;;; curseforge; {'id': 10150, 'gameVersionTypeID': 68441, 'name': 'NeoForge', 'slug': 'neoforge', 'apiVersion': ''}
[2026, 9, 28, 9, 21, 37] ;;; curseforge; {'id': 11198, 'gameVersionTypeID': 75125, 'name': '1.20.6', 'slug': '1-20-6', 'apiVersion': None}
[2026, 9, 28, 9, 21, 37] ;;; curseforge; {'id': 11307, 'gameVersionTypeID': 1, 'name': '1.20.6', 'slug': '1-20-6', 'apiVersion': ''}
[2026, 9, 28, 9, 21, 37] ;;; curseforge; {'id': 11309, 'gameVersionTypeID': 615, 'name': '1.20.6', 'slug': '1-20-6', 'apiVersion': ''}
[2026, 9, 28, 9, 21, 37] ;;; curseforge; {'id': 9638, 'gameVersionTypeID': 75208, 'name': 'Client', 'slug': 'client', 'apiVersion': ''}
[2026, 9, 28, 9, 21, 37] ;;; curseforge; {'id': 9639, 'gameVersionTypeID': 75208, 'name': 'Server', 'slug': 'server', 'apiVersion': ''}
[2026, 9, 28, 9, 21, 37] ;;; curseforge; {'id': 10150, 'gameVersionTypeID': 68441, 'name': 'NeoForge', 'slug': 'neoforge', 'apiVersion': ''}
[2026, 9, 28, 9, 21, 37] ;;; curseforge; {'id': 11457, 'gameVersionTypeID': 77784, 'name': '1.21', 'slug': '1-21', 'apiVersion': ''}
[2026, 9, 28, 9, 21, 37] ;;; curseforge; {'id': 11458, 'gameVersionTypeID': 615, 'name': '1.21', 'slug': '1-21', 'apiVersion': ''}
[2026, 9, 28, 9, 21, 37] ;;; curseforge; {'id': 11515, 'gameVersionTypeID': 1, 'name': '1.21', 'slug': '1-21', 'apiVersion': ''}
[2026, 9, 28, 9, 21, 39] ;;; curseforge; {'id': 9638, 'gameVersionTypeID': 75208, 'name': 'Client', 'slug': 'client', 'apiVersion': ''}
[2026, 9, 28, 9, 21, 39] ;;; curseforge; {'id': 9639, 'gameVersionTypeID': 75208, 'name': 'Server', 'slug': 'server', 'apiVersion': ''}
[2026, 9, 28, 9, 21, 39] ;;; curseforge; {'id': 10150, 'gameVersionTypeID': 68441, 'name': 'NeoForge', 'slug': 'neoforge', 'apiVersion': ''}
[2026, 9, 28, 9, 21, 39] ;;; curseforge; {'id': 11779, 'gameVersionTypeID': 77784, 'name': '1.21.1', 'slug': '1-21-1', 'apiVersion': None}
[2026, 9, 28, 9, 21, 39] ;;; curseforge; {'id': 12735, 'gameVersionTypeID': 1, 'name': '1.21.1', 'slug': '1-21-1', 'apiVersion': ''}
[2026, 9, 28, 9, 21, 39] ;;; curseforge; {'id': 16115, 'gameVersionTypeID': 615, 'name': '1.21.1', 'slug': '1-21-1', 'apiVersion': ''}
[2026, 9, 28, 9, 21, 39] ;;; curseforge; {'file': ('life_and_death-neoforge-1.21.1_1.61.0.jar', <_io.BufferedReader name='.\\releases\\1.61.0\\life_and_death-neoforge-1.21.1_1.61.0.jar'>, 'application/jar'), 'metadata': (None, '{"changelog": "", "displayName": "life_and_death neoforge 1.21.1 1.61.0", "gameVersions": [9638, 9639, 10150, 11779], "gameVersionNames": ["Client", "Server", "NeoForge", "1.21.1"], "releaseType": "release", "relations": {"projects": [{"slug": "gstools", "projectID": 1404020, "type": "requiredDependency"}, {"slug": "gstools-weather2-compat", "projectID": 1710321, "type": "requiredDependency"}]}}', 'application/json')}
[2026, 9, 28, 9, 21, 40] ;;; curseforge; Mod file uploaded successfully! Response: {'id': 8999387}
[2026, 9, 28, 9, 21, 41] ;;; curseforge; {'id': 9638, 'gameVersionTypeID': 75208, 'name': 'Client', 'slug': 'client', 'apiVersion': ''}
[2026, 9, 28, 9, 21, 41] ;;; curseforge; {'id': 9639, 'gameVersionTypeID': 75208, 'name': 'Server', 'slug': 'server', 'apiVersion': ''}
[2026, 9, 28, 9, 21, 41] ;;; curseforge; {'id': 10150, 'gameVersionTypeID': 68441, 'name': 'NeoForge', 'slug': 'neoforge', 'apiVersion': ''}
[2026, 9, 28, 9, 21, 41] ;;; curseforge; {'id': 11779, 'gameVersionTypeID': 77784, 'name': '1.21.1', 'slug': '1-21-1', 'apiVersion': None}
[2026, 9, 28, 9, 21, 41] ;;; curseforge; {'id': 12735, 'gameVersionTypeID': 1, 'name': '1.21.1', 'slug': '1-21-1', 'apiVersion': ''}
[2026, 9, 28, 9, 21, 41] ;;; curseforge; {'id': 16115, 'gameVersionTypeID': 615, 'name': '1.21.1', 'slug': '1-21-1', 'apiVersion': ''}
[2026, 9, 28, 9, 21, 43] ;;; curseforge; {'id': 9638, 'gameVersionTypeID': 75208, 'name': 'Client', 'slug': 'client', 'apiVersion': ''}
[2026, 9, 28, 9, 21, 43] ;;; curseforge; {'id': 9639, 'gameVersionTypeID': 75208, 'name': 'Server', 'slug': 'server', 'apiVersion': ''}
[2026, 9, 28, 9, 21, 43] ;;; curseforge; {'id': 10150, 'gameVersionTypeID': 68441, 'name': 'NeoForge', 'slug': 'neoforge', 'apiVersion': ''}
[2026, 9, 28, 9, 21, 43] ;;; curseforge; {'id': 12079, 'gameVersionTypeID': 77784, 'name': '1.21.2', 'slug': '1-21-2', 'apiVersion': ''}
[2026, 9, 28, 9, 21, 43] ;;; curseforge; {'id': 12736, 'gameVersionTypeID': 1, 'name': '1.21.2', 'slug': '1-21-2', 'apiVersion': ''}
[2026, 9, 28, 9, 21, 43] ;;; curseforge; {'id': 16116, 'gameVersionTypeID': 615, 'name': '1.21.2', 'slug': '1-21-2', 'apiVersion': ''}
[2026, 9, 28, 9, 21, 43] ;;; curseforge; {'id': 9638, 'gameVersionTypeID': 75208, 'name': 'Client', 'slug': 'client', 'apiVersion': ''}
[2026, 9, 28, 9, 21, 43] ;;; curseforge; {'id': 9639, 'gameVersionTypeID': 75208, 'name': 'Server', 'slug': 'server', 'apiVersion': ''}
[2026, 9, 28, 9, 21, 43] ;;; curseforge; {'id': 10150, 'gameVersionTypeID': 68441, 'name': 'NeoForge', 'slug': 'neoforge', 'apiVersion': ''}
[2026, 9, 28, 9, 21, 43] ;;; curseforge; {'id': 12084, 'gameVersionTypeID': 77784, 'name': '1.21.3', 'slug': '1-21-3', 'apiVersion': None}
[2026, 9, 28, 9, 21, 43] ;;; curseforge; {'id': 12737, 'gameVersionTypeID': 1, 'name': '1.21.3', 'slug': '1-21-3', 'apiVersion': ''}
[2026, 9, 28, 9, 21, 43] ;;; curseforge; {'id': 16117, 'gameVersionTypeID': 615, 'name': '1.21.3', 'slug': '1-21-3', 'apiVersion': ''}
[2026, 9, 28, 9, 21, 43] ;;; curseforge; {'file': ('life_and_death-neoforge-1.21.2_1.61.0.jar', <_io.BufferedReader name='.\\releases\\1.61.0\\life_and_death-neoforge-1.21.2_1.61.0.jar'>, 'application/jar'), 'metadata': (None, '{"changelog": "", "displayName": "life_and_death neoforge 1.21.2 1.61.0", "gameVersions": [9638, 9639, 10150, 12079, 12084], "gameVersionNames": ["Client", "Server", "NeoForge", "1.21.2", "1.21.3"], "releaseType": "release", "relations": {"projects": [{"slug": "gstools", "projectID": 1404020, "type": "requiredDependency"}]}}', 'application/json')}
[2026, 9, 28, 9, 21, 44] ;;; curseforge; Mod file uploaded successfully! Response: {'id': 8999388}
[2026, 9, 28, 9, 21, 44] ;;; curseforge; {'id': 9638, 'gameVersionTypeID': 75208, 'name': 'Client', 'slug': 'client', 'apiVersion': ''}
[2026, 9, 28, 9, 21, 44] ;;; curseforge; {'id': 9639, 'gameVersionTypeID': 75208, 'name': 'Server', 'slug': 'server', 'apiVersion': ''}
[2026, 9, 28, 9, 21, 44] ;;; curseforge; {'id': 10150, 'gameVersionTypeID': 68441, 'name': 'NeoForge', 'slug': 'neoforge', 'apiVersion': ''}
[2026, 9, 28, 9, 21, 44] ;;; curseforge; {'id': 12079, 'gameVersionTypeID': 77784, 'name': '1.21.2', 'slug': '1-21-2', 'apiVersion': ''}
[2026, 9, 28, 9, 21, 44] ;;; curseforge; {'id': 12736, 'gameVersionTypeID': 1, 'name': '1.21.2', 'slug': '1-21-2', 'apiVersion': ''}
[2026, 9, 28, 9, 21, 44] ;;; curseforge; {'id': 16116, 'gameVersionTypeID': 615, 'name': '1.21.2', 'slug': '1-21-2', 'apiVersion': ''}
[2026, 9, 28, 9, 21, 44] ;;; curseforge; {'id': 9638, 'gameVersionTypeID': 75208, 'name': 'Client', 'slug': 'client', 'apiVersion': ''}
[2026, 9, 28, 9, 21, 44] ;;; curseforge; {'id': 9639, 'gameVersionTypeID': 75208, 'name': 'Server', 'slug': 'server', 'apiVersion': ''}
[2026, 9, 28, 9, 21, 44] ;;; curseforge; {'id': 10150, 'gameVersionTypeID': 68441, 'name': 'NeoForge', 'slug': 'neoforge', 'apiVersion': ''}
[2026, 9, 28, 9, 21, 44] ;;; curseforge; {'id': 12084, 'gameVersionTypeID': 77784, 'name': '1.21.3', 'slug': '1-21-3', 'apiVersion': None}
[2026, 9, 28, 9, 21, 44] ;;; curseforge; {'id': 12737, 'gameVersionTypeID': 1, 'name': '1.21.3', 'slug': '1-21-3', 'apiVersion': ''}
[2026, 9, 28, 9, 21, 44] ;;; curseforge; {'id': 16117, 'gameVersionTypeID': 615, 'name': '1.21.3', 'slug': '1-21-3', 'apiVersion': ''}
[2026, 9, 28, 9, 21, 47] ;;; curseforge; {'id': 9638, 'gameVersionTypeID': 75208, 'name': 'Client', 'slug': 'client', 'apiVersion': ''}
[2026, 9, 28, 9, 21, 47] ;;; curseforge; {'id': 9639, 'gameVersionTypeID': 75208, 'name': 'Server', 'slug': 'server', 'apiVersion': ''}
[2026, 9, 28, 9, 21, 47] ;;; curseforge; {'id': 10150, 'gameVersionTypeID': 68441, 'name': 'NeoForge', 'slug': 'neoforge', 'apiVersion': ''}
[2026, 9, 28, 9, 21, 47] ;;; curseforge; {'id': 12281, 'gameVersionTypeID': 77784, 'name': '1.21.4', 'slug': '1-21-4', 'apiVersion': None}
[2026, 9, 28, 9, 21, 47] ;;; curseforge; {'id': 12738, 'gameVersionTypeID': 1, 'name': '1.21.4', 'slug': '1-21-4', 'apiVersion': ''}
[2026, 9, 28, 9, 21, 47] ;;; curseforge; {'id': 16118, 'gameVersionTypeID': 615, 'name': '1.21.4', 'slug': '1-21-4', 'apiVersion': ''}
[2026, 9, 28, 9, 21, 47] ;;; curseforge; {'file': ('life_and_death-neoforge-1.21.4_1.61.0.jar', <_io.BufferedReader name='.\\releases\\1.61.0\\life_and_death-neoforge-1.21.4_1.61.0.jar'>, 'application/jar'), 'metadata': (None, '{"changelog": "", "displayName": "life_and_death neoforge 1.21.4 1.61.0", "gameVersions": [9638, 9639, 10150, 12281], "gameVersionNames": ["Client", "Server", "NeoForge", "1.21.4"], "releaseType": "release", "relations": {"projects": [{"slug": "gstools", "projectID": 1404020, "type": "requiredDependency"}]}}', 'application/json')}
[2026, 9, 28, 9, 21, 49] ;;; curseforge; Mod file uploaded successfully! Response: {'id': 8999389}
[2026, 9, 28, 9, 21, 49] ;;; curseforge; {'id': 9638, 'gameVersionTypeID': 75208, 'name': 'Client', 'slug': 'client', 'apiVersion': ''}
[2026, 9, 28, 9, 21, 49] ;;; curseforge; {'id': 9639, 'gameVersionTypeID': 75208, 'name': 'Server', 'slug': 'server', 'apiVersion': ''}
[2026, 9, 28, 9, 21, 49] ;;; curseforge; {'id': 10150, 'gameVersionTypeID': 68441, 'name': 'NeoForge', 'slug': 'neoforge', 'apiVersion': ''}
[2026, 9, 28, 9, 21, 49] ;;; curseforge; {'id': 12281, 'gameVersionTypeID': 77784, 'name': '1.21.4', 'slug': '1-21-4', 'apiVersion': None}
[2026, 9, 28, 9, 21, 49] ;;; curseforge; {'id': 12738, 'gameVersionTypeID': 1, 'name': '1.21.4', 'slug': '1-21-4', 'apiVersion': ''}
[2026, 9, 28, 9, 21, 49] ;;; curseforge; {'id': 16118, 'gameVersionTypeID': 615, 'name': '1.21.4', 'slug': '1-21-4', 'apiVersion': ''}
[2026, 9, 28, 9, 21, 52] ;;; curseforge; {'id': 9638, 'gameVersionTypeID': 75208, 'name': 'Client', 'slug': 'client', 'apiVersion': ''}
[2026, 9, 28, 9, 21, 52] ;;; curseforge; {'id': 9639, 'gameVersionTypeID': 75208, 'name': 'Server', 'slug': 'server', 'apiVersion': ''}
[2026, 9, 28, 9, 21, 52] ;;; curseforge; {'id': 10150, 'gameVersionTypeID': 68441, 'name': 'NeoForge', 'slug': 'neoforge', 'apiVersion': ''}
[2026, 9, 28, 9, 21, 52] ;;; curseforge; {'id': 12934, 'gameVersionTypeID': 77784, 'name': '1.21.5', 'slug': '1-21-5', 'apiVersion': None}
[2026, 9, 28, 9, 21, 52] ;;; curseforge; {'id': 12988, 'gameVersionTypeID': 1, 'name': '1.21.5', 'slug': '1-21-5', 'apiVersion': ''}
[2026, 9, 28, 9, 21, 52] ;;; curseforge; {'id': 16119, 'gameVersionTypeID': 615, 'name': '1.21.5', 'slug': '1-21-5', 'apiVersion': ''}
[2026, 9, 28, 9, 21, 52] ;;; curseforge; {'id': 9638, 'gameVersionTypeID': 75208, 'name': 'Client', 'slug': 'client', 'apiVersion': ''}
[2026, 9, 28, 9, 21, 52] ;;; curseforge; {'id': 9639, 'gameVersionTypeID': 75208, 'name': 'Server', 'slug': 'server', 'apiVersion': ''}
[2026, 9, 28, 9, 21, 52] ;;; curseforge; {'id': 10150, 'gameVersionTypeID': 68441, 'name': 'NeoForge', 'slug': 'neoforge', 'apiVersion': ''}
[2026, 9, 28, 9, 21, 52] ;;; curseforge; {'id': 13506, 'gameVersionTypeID': 77784, 'name': '1.21.7', 'slug': '1-21-7', 'apiVersion': None}
[2026, 9, 28, 9, 21, 52] ;;; curseforge; {'id': 13574, 'gameVersionTypeID': 1, 'name': '1.21.7', 'slug': '1-21-7', 'apiVersion': ''}
[2026, 9, 28, 9, 21, 52] ;;; curseforge; {'id': 16121, 'gameVersionTypeID': 615, 'name': '1.21.7', 'slug': '1-21-7', 'apiVersion': ''}
[2026, 9, 28, 9, 21, 52] ;;; curseforge; {'file': ('life_and_death-neoforge-1.21.5_1.61.0.jar', <_io.BufferedReader name='.\\releases\\1.61.0\\life_and_death-neoforge-1.21.5_1.61.0.jar'>, 'application/jar'), 'metadata': (None, '{"changelog": "", "displayName": "life_and_death neoforge 1.21.5 1.61.0", "gameVersions": [9638, 9639, 10150, 12934, 13506], "gameVersionNames": ["Client", "Server", "NeoForge", "1.21.5", "1.21.7"], "releaseType": "release", "relations": {"projects": [{"slug": "gstools", "projectID": 1404020, "type": "requiredDependency"}]}}', 'application/json')}
[2026, 9, 28, 9, 21, 53] ;;; curseforge; Mod file uploaded successfully! Response: {'id': 8999390}
[2026, 9, 28, 9, 21, 53] ;;; curseforge; {'id': 9638, 'gameVersionTypeID': 75208, 'name': 'Client', 'slug': 'client', 'apiVersion': ''}
[2026, 9, 28, 9, 21, 53] ;;; curseforge; {'id': 9639, 'gameVersionTypeID': 75208, 'name': 'Server', 'slug': 'server', 'apiVersion': ''}
[2026, 9, 28, 9, 21, 53] ;;; curseforge; {'id': 10150, 'gameVersionTypeID': 68441, 'name': 'NeoForge', 'slug': 'neoforge', 'apiVersion': ''}
[2026, 9, 28, 9, 21, 53] ;;; curseforge; {'id': 12934, 'gameVersionTypeID': 77784, 'name': '1.21.5', 'slug': '1-21-5', 'apiVersion': None}
[2026, 9, 28, 9, 21, 53] ;;; curseforge; {'id': 12988, 'gameVersionTypeID': 1, 'name': '1.21.5', 'slug': '1-21-5', 'apiVersion': ''}
[2026, 9, 28, 9, 21, 53] ;;; curseforge; {'id': 16119, 'gameVersionTypeID': 615, 'name': '1.21.5', 'slug': '1-21-5', 'apiVersion': ''}
[2026, 9, 28, 9, 21, 53] ;;; curseforge; {'id': 9638, 'gameVersionTypeID': 75208, 'name': 'Client', 'slug': 'client', 'apiVersion': ''}
[2026, 9, 28, 9, 21, 53] ;;; curseforge; {'id': 9639, 'gameVersionTypeID': 75208, 'name': 'Server', 'slug': 'server', 'apiVersion': ''}
[2026, 9, 28, 9, 21, 53] ;;; curseforge; {'id': 10150, 'gameVersionTypeID': 68441, 'name': 'NeoForge', 'slug': 'neoforge', 'apiVersion': ''}
[2026, 9, 28, 9, 21, 53] ;;; curseforge; {'id': 13506, 'gameVersionTypeID': 77784, 'name': '1.21.7', 'slug': '1-21-7', 'apiVersion': None}
[2026, 9, 28, 9, 21, 53] ;;; curseforge; {'id': 13574, 'gameVersionTypeID': 1, 'name': '1.21.7', 'slug': '1-21-7', 'apiVersion': ''}
[2026, 9, 28, 9, 21, 53] ;;; curseforge; {'id': 16121, 'gameVersionTypeID': 615, 'name': '1.21.7', 'slug': '1-21-7', 'apiVersion': ''}
[2026, 9, 28, 9, 21, 55] ;;; curseforge; {'id': 9638, 'gameVersionTypeID': 75208, 'name': 'Client', 'slug': 'client', 'apiVersion': ''}
[2026, 9, 28, 9, 21, 55] ;;; curseforge; {'id': 9639, 'gameVersionTypeID': 75208, 'name': 'Server', 'slug': 'server', 'apiVersion': ''}
[2026, 9, 28, 9, 21, 55] ;;; curseforge; {'id': 10150, 'gameVersionTypeID': 68441, 'name': 'NeoForge', 'slug': 'neoforge', 'apiVersion': ''}
[2026, 9, 28, 9, 21, 55] ;;; curseforge; {'id': 13620, 'gameVersionTypeID': 77784, 'name': '1.21.8', 'slug': '1-21-8', 'apiVersion': None}
[2026, 9, 28, 9, 21, 55] ;;; curseforge; {'id': 13683, 'gameVersionTypeID': 1, 'name': '1.21.8', 'slug': '1-21-8', 'apiVersion': ''}
[2026, 9, 28, 9, 21, 55] ;;; curseforge; {'id': 16124, 'gameVersionTypeID': 615, 'name': '1.21.8', 'slug': '1-21-8', 'apiVersion': ''}
[2026, 9, 28, 9, 21, 56] ;;; curseforge; {'id': 9638, 'gameVersionTypeID': 75208, 'name': 'Client', 'slug': 'client', 'apiVersion': ''}
[2026, 9, 28, 9, 21, 56] ;;; curseforge; {'id': 9639, 'gameVersionTypeID': 75208, 'name': 'Server', 'slug': 'server', 'apiVersion': ''}
[2026, 9, 28, 9, 21, 56] ;;; curseforge; {'id': 10150, 'gameVersionTypeID': 68441, 'name': 'NeoForge', 'slug': 'neoforge', 'apiVersion': ''}
[2026, 9, 28, 9, 21, 56] ;;; curseforge; {'id': 13927, 'gameVersionTypeID': 77784, 'name': '1.21.9', 'slug': '1-21-9', 'apiVersion': None}
[2026, 9, 28, 9, 21, 56] ;;; curseforge; {'id': 13933, 'gameVersionTypeID': 1, 'name': '1.21.9', 'slug': '1-21-9', 'apiVersion': ''}
[2026, 9, 28, 9, 21, 56] ;;; curseforge; {'id': 16125, 'gameVersionTypeID': 615, 'name': '1.21.9', 'slug': '1-21-9', 'apiVersion': ''}
[2026, 9, 28, 9, 21, 56] ;;; curseforge; {'id': 9638, 'gameVersionTypeID': 75208, 'name': 'Client', 'slug': 'client', 'apiVersion': ''}
[2026, 9, 28, 9, 21, 56] ;;; curseforge; {'id': 9639, 'gameVersionTypeID': 75208, 'name': 'Server', 'slug': 'server', 'apiVersion': ''}
[2026, 9, 28, 9, 21, 56] ;;; curseforge; {'id': 10150, 'gameVersionTypeID': 68441, 'name': 'NeoForge', 'slug': 'neoforge', 'apiVersion': ''}
[2026, 9, 28, 9, 21, 56] ;;; curseforge; {'id': 13964, 'gameVersionTypeID': 77784, 'name': '1.21.10', 'slug': '1-21-10', 'apiVersion': None}
[2026, 9, 28, 9, 21, 56] ;;; curseforge; {'id': 13966, 'gameVersionTypeID': 1, 'name': '1.21.10', 'slug': '1-21-10', 'apiVersion': ''}
[2026, 9, 28, 9, 21, 56] ;;; curseforge; {'id': 16126, 'gameVersionTypeID': 615, 'name': '1.21.10', 'slug': '1-21-10', 'apiVersion': ''}
[2026, 9, 28, 9, 21, 56] ;;; curseforge; {'id': 9638, 'gameVersionTypeID': 75208, 'name': 'Client', 'slug': 'client', 'apiVersion': ''}
[2026, 9, 28, 9, 21, 56] ;;; curseforge; {'id': 9639, 'gameVersionTypeID': 75208, 'name': 'Server', 'slug': 'server', 'apiVersion': ''}
[2026, 9, 28, 9, 21, 56] ;;; curseforge; {'id': 10150, 'gameVersionTypeID': 68441, 'name': 'NeoForge', 'slug': 'neoforge', 'apiVersion': ''}
[2026, 9, 28, 9, 21, 56] ;;; curseforge; {'id': 14406, 'gameVersionTypeID': 77784, 'name': '1.21.11', 'slug': '1-21-11', 'apiVersion': None}
[2026, 9, 28, 9, 21, 56] ;;; curseforge; {'id': 14417, 'gameVersionTypeID': 1, 'name': '1.21.11', 'slug': '1-21-11', 'apiVersion': ''}
[2026, 9, 28, 9, 21, 56] ;;; curseforge; {'id': 16127, 'gameVersionTypeID': 615, 'name': '1.21.11', 'slug': '1-21-11', 'apiVersion': ''}
[2026, 9, 28, 9, 21, 56] ;;; curseforge; {'file': ('life_and_death-neoforge-1.21.8_1.61.0.jar', <_io.BufferedReader name='.\\releases\\1.61.0\\life_and_death-neoforge-1.21.8_1.61.0.jar'>, 'application/jar'), 'metadata': (None, '{"changelog": "", "displayName": "life_and_death neoforge 1.21.8 1.61.0", "gameVersions": [9638, 9639, 10150, 13620, 13927, 13964, 14406], "gameVersionNames": ["Client", "Server", "NeoForge", "1.21.8", "1.21.9", "1.21.10", "1.21.11"], "releaseType": "release", "relations": {"projects": [{"slug": "gstools", "projectID": 1404020, "type": "requiredDependency"}]}}', 'application/json')}
[2026, 9, 28, 9, 21, 57] ;;; curseforge; Mod file uploaded successfully! Response: {'id': 8999391}
[2026, 9, 28, 9, 21, 57] ;;; curseforge; {'id': 9638, 'gameVersionTypeID': 75208, 'name': 'Client', 'slug': 'client', 'apiVersion': ''}
[2026, 9, 28, 9, 21, 57] ;;; curseforge; {'id': 9639, 'gameVersionTypeID': 75208, 'name': 'Server', 'slug': 'server', 'apiVersion': ''}
[2026, 9, 28, 9, 21, 57] ;;; curseforge; {'id': 10150, 'gameVersionTypeID': 68441, 'name': 'NeoForge', 'slug': 'neoforge', 'apiVersion': ''}
[2026, 9, 28, 9, 21, 57] ;;; curseforge; {'id': 13620, 'gameVersionTypeID': 77784, 'name': '1.21.8', 'slug': '1-21-8', 'apiVersion': None}
[2026, 9, 28, 9, 21, 57] ;;; curseforge; {'id': 13683, 'gameVersionTypeID': 1, 'name': '1.21.8', 'slug': '1-21-8', 'apiVersion': ''}
[2026, 9, 28, 9, 21, 57] ;;; curseforge; {'id': 16124, 'gameVersionTypeID': 615, 'name': '1.21.8', 'slug': '1-21-8', 'apiVersion': ''}
[2026, 9, 28, 9, 21, 57] ;;; curseforge; {'id': 9638, 'gameVersionTypeID': 75208, 'name': 'Client', 'slug': 'client', 'apiVersion': ''}
[2026, 9, 28, 9, 21, 57] ;;; curseforge; {'id': 9639, 'gameVersionTypeID': 75208, 'name': 'Server', 'slug': 'server', 'apiVersion': ''}
[2026, 9, 28, 9, 21, 57] ;;; curseforge; {'id': 10150, 'gameVersionTypeID': 68441, 'name': 'NeoForge', 'slug': 'neoforge', 'apiVersion': ''}
[2026, 9, 28, 9, 21, 57] ;;; curseforge; {'id': 13927, 'gameVersionTypeID': 77784, 'name': '1.21.9', 'slug': '1-21-9', 'apiVersion': None}
[2026, 9, 28, 9, 21, 57] ;;; curseforge; {'id': 13933, 'gameVersionTypeID': 1, 'name': '1.21.9', 'slug': '1-21-9', 'apiVersion': ''}
[2026, 9, 28, 9, 21, 57] ;;; curseforge; {'id': 16125, 'gameVersionTypeID': 615, 'name': '1.21.9', 'slug': '1-21-9', 'apiVersion': ''}
[2026, 9, 28, 9, 21, 57] ;;; curseforge; {'id': 9638, 'gameVersionTypeID': 75208, 'name': 'Client', 'slug': 'client', 'apiVersion': ''}
[2026, 9, 28, 9, 21, 57] ;;; curseforge; {'id': 9639, 'gameVersionTypeID': 75208, 'name': 'Server', 'slug': 'server', 'apiVersion': ''}
[2026, 9, 28, 9, 21, 57] ;;; curseforge; {'id': 10150, 'gameVersionTypeID': 68441, 'name': 'NeoForge', 'slug': 'neoforge', 'apiVersion': ''}
[2026, 9, 28, 9, 21, 57] ;;; curseforge; {'id': 13964, 'gameVersionTypeID': 77784, 'name': '1.21.10', 'slug': '1-21-10', 'apiVersion': None}
[2026, 9, 28, 9, 21, 57] ;;; curseforge; {'id': 13966, 'gameVersionTypeID': 1, 'name': '1.21.10', 'slug': '1-21-10', 'apiVersion': ''}
[2026, 9, 28, 9, 21, 57] ;;; curseforge; {'id': 16126, 'gameVersionTypeID': 615, 'name': '1.21.10', 'slug': '1-21-10', 'apiVersion': ''}
[2026, 9, 28, 9, 21, 57] ;;; curseforge; {'id': 9638, 'gameVersionTypeID': 75208, 'name': 'Client', 'slug': 'client', 'apiVersion': ''}
[2026, 9, 28, 9, 21, 57] ;;; curseforge; {'id': 9639, 'gameVersionTypeID': 75208, 'name': 'Server', 'slug': 'server', 'apiVersion': ''}
[2026, 9, 28, 9, 21, 57] ;;; curseforge; {'id': 10150, 'gameVersionTypeID': 68441, 'name': 'NeoForge', 'slug': 'neoforge', 'apiVersion': ''}
[2026, 9, 28, 9, 21, 57] ;;; curseforge; {'id': 14406, 'gameVersionTypeID': 77784, 'name': '1.21.11', 'slug': '1-21-11', 'apiVersion': None}
[2026, 9, 28, 9, 21, 57] ;;; curseforge; {'id': 14417, 'gameVersionTypeID': 1, 'name': '1.21.11', 'slug': '1-21-11', 'apiVersion': ''}
[2026, 9, 28, 9, 21, 57] ;;; curseforge; {'id': 16127, 'gameVersionTypeID': 615, 'name': '1.21.11', 'slug': '1-21-11', 'apiVersion': ''}
[2026, 9, 28, 9, 21, 59] ;;; curseforge; {'id': 9638, 'gameVersionTypeID': 75208, 'name': 'Client', 'slug': 'client', 'apiVersion': ''}
[2026, 9, 28, 9, 21, 59] ;;; curseforge; {'id': 9639, 'gameVersionTypeID': 75208, 'name': 'Server', 'slug': 'server', 'apiVersion': ''}
[2026, 9, 28, 9, 21, 59] ;;; curseforge; {'id': 10150, 'gameVersionTypeID': 68441, 'name': 'NeoForge', 'slug': 'neoforge', 'apiVersion': ''}
[2026, 9, 28, 9, 21, 59] ;;; curseforge; {'id': 15933, 'gameVersionTypeID': 83806, 'name': '26.1', 'slug': '26-1', 'apiVersion': None}
[2026, 9, 28, 9, 21, 59] ;;; curseforge; {'id': 16083, 'gameVersionTypeID': 1, 'name': '26.1', 'slug': '26-1', 'apiVersion': ''}
[2026, 9, 28, 9, 21, 59] ;;; curseforge; {'id': 16128, 'gameVersionTypeID': 615, 'name': '26.1', 'slug': '26-1', 'apiVersion': ''}
[2026, 9, 28, 9, 21, 59] ;;; curseforge; {'id': 9638, 'gameVersionTypeID': 75208, 'name': 'Client', 'slug': 'client', 'apiVersion': ''}
[2026, 9, 28, 9, 21, 59] ;;; curseforge; {'id': 9639, 'gameVersionTypeID': 75208, 'name': 'Server', 'slug': 'server', 'apiVersion': ''}
[2026, 9, 28, 9, 21, 59] ;;; curseforge; {'id': 10150, 'gameVersionTypeID': 68441, 'name': 'NeoForge', 'slug': 'neoforge', 'apiVersion': ''}
[2026, 9, 28, 9, 21, 59] ;;; curseforge; {'id': 16021, 'gameVersionTypeID': 83806, 'name': '26.1.1', 'slug': '26-1-1', 'apiVersion': None}
[2026, 9, 28, 9, 21, 59] ;;; curseforge; {'id': 16084, 'gameVersionTypeID': 1, 'name': '26.1.1', 'slug': '26-1-1', 'apiVersion': ''}
[2026, 9, 28, 9, 21, 59] ;;; curseforge; {'id': 16129, 'gameVersionTypeID': 615, 'name': '26.1.1', 'slug': '26-1-1', 'apiVersion': ''}
[2026, 9, 28, 9, 21, 59] ;;; curseforge; {'id': 9638, 'gameVersionTypeID': 75208, 'name': 'Client', 'slug': 'client', 'apiVersion': ''}
[2026, 9, 28, 9, 21, 59] ;;; curseforge; {'id': 9639, 'gameVersionTypeID': 75208, 'name': 'Server', 'slug': 'server', 'apiVersion': ''}
[2026, 9, 28, 9, 21, 59] ;;; curseforge; {'id': 10150, 'gameVersionTypeID': 68441, 'name': 'NeoForge', 'slug': 'neoforge', 'apiVersion': ''}
[2026, 9, 28, 9, 21, 59] ;;; curseforge; {'id': 16082, 'gameVersionTypeID': 83806, 'name': '26.1.2', 'slug': '26-1-2', 'apiVersion': None}
[2026, 9, 28, 9, 21, 59] ;;; curseforge; {'id': 16085, 'gameVersionTypeID': 1, 'name': '26.1.2', 'slug': '26-1-2', 'apiVersion': ''}
[2026, 9, 28, 9, 21, 59] ;;; curseforge; {'id': 16130, 'gameVersionTypeID': 615, 'name': '26.1.2', 'slug': '26-1-2', 'apiVersion': ''}
[2026, 9, 28, 9, 21, 59] ;;; curseforge; {'file': ('life_and_death-neoforge-26.1_1.61.0.jar', <_io.BufferedReader name='.\\releases\\1.61.0\\life_and_death-neoforge-26.1_1.61.0.jar'>, 'application/jar'), 'metadata': (None, '{"changelog": "", "displayName": "life_and_death neoforge 26.1 1.61.0", "gameVersions": [9638, 9639, 10150, 15933, 16021, 16082], "gameVersionNames": ["Client", "Server", "NeoForge", "26.1", "26.1.1", "26.1.2"], "releaseType": "release", "relations": {"projects": [{"slug": "gstools", "projectID": 1404020, "type": "requiredDependency"}]}}', 'application/json')}
[2026, 9, 28, 9, 22, 1] ;;; curseforge; Mod file uploaded successfully! Response: {'id': 8999392}
[2026, 9, 28, 9, 22, 1] ;;; curseforge; {'id': 9638, 'gameVersionTypeID': 75208, 'name': 'Client', 'slug': 'client', 'apiVersion': ''}
[2026, 9, 28, 9, 22, 1] ;;; curseforge; {'id': 9639, 'gameVersionTypeID': 75208, 'name': 'Server', 'slug': 'server', 'apiVersion': ''}
[2026, 9, 28, 9, 22, 1] ;;; curseforge; {'id': 10150, 'gameVersionTypeID': 68441, 'name': 'NeoForge', 'slug': 'neoforge', 'apiVersion': ''}
[2026, 9, 28, 9, 22, 1] ;;; curseforge; {'id': 15933, 'gameVersionTypeID': 83806, 'name': '26.1', 'slug': '26-1', 'apiVersion': None}
[2026, 9, 28, 9, 22, 1] ;;; curseforge; {'id': 16083, 'gameVersionTypeID': 1, 'name': '26.1', 'slug': '26-1', 'apiVersion': ''}
[2026, 9, 28, 9, 22, 1] ;;; curseforge; {'id': 16128, 'gameVersionTypeID': 615, 'name': '26.1', 'slug': '26-1', 'apiVersion': ''}
[2026, 9, 28, 9, 22, 1] ;;; curseforge; {'id': 9638, 'gameVersionTypeID': 75208, 'name': 'Client', 'slug': 'client', 'apiVersion': ''}
[2026, 9, 28, 9, 22, 1] ;;; curseforge; {'id': 9639, 'gameVersionTypeID': 75208, 'name': 'Server', 'slug': 'server', 'apiVersion': ''}
[2026, 9, 28, 9, 22, 1] ;;; curseforge; {'id': 10150, 'gameVersionTypeID': 68441, 'name': 'NeoForge', 'slug': 'neoforge', 'apiVersion': ''}
[2026, 9, 28, 9, 22, 1] ;;; curseforge; {'id': 16021, 'gameVersionTypeID': 83806, 'name': '26.1.1', 'slug': '26-1-1', 'apiVersion': None}
[2026, 9, 28, 9, 22, 1] ;;; curseforge; {'id': 16084, 'gameVersionTypeID': 1, 'name': '26.1.1', 'slug': '26-1-1', 'apiVersion': ''}
[2026, 9, 28, 9, 22, 1] ;;; curseforge; {'id': 16129, 'gameVersionTypeID': 615, 'name': '26.1.1', 'slug': '26-1-1', 'apiVersion': ''}
[2026, 9, 28, 9, 22, 1] ;;; curseforge; {'id': 9638, 'gameVersionTypeID': 75208, 'name': 'Client', 'slug': 'client', 'apiVersion': ''}
[2026, 9, 28, 9, 22, 1] ;;; curseforge; {'id': 9639, 'gameVersionTypeID': 75208, 'name': 'Server', 'slug': 'server', 'apiVersion': ''}
[2026, 9, 28, 9, 22, 1] ;;; curseforge; {'id': 10150, 'gameVersionTypeID': 68441, 'name': 'NeoForge', 'slug': 'neoforge', 'apiVersion': ''}
[2026, 9, 28, 9, 22, 1] ;;; curseforge; {'id': 16082, 'gameVersionTypeID': 83806, 'name': '26.1.2', 'slug': '26-1-2', 'apiVersion': None}
[2026, 9, 28, 9, 22, 1] ;;; curseforge; {'id': 16085, 'gameVersionTypeID': 1, 'name': '26.1.2', 'slug': '26-1-2', 'apiVersion': ''}
[2026, 9, 28, 9, 22, 1] ;;; curseforge; {'id': 16130, 'gameVersionTypeID': 615, 'name': '26.1.2', 'slug': '26-1-2', 'apiVersion': ''}
[2026, 9, 28, 9, 22, 5] ;;; curseforge; Traceback (most recent call last):
  File "C:\Users\joshp\curseforge\minecraft\Instances\Alive Dev\saves\Desire Paths\datapacks_uncompiled\modules\curseforge.py", line 52, in getGameVersions
    _versionInfo[folderName][aLoader][mcVersion].remove(aVersion)
ValueError: list.remove(x): x not in list

[2026, 9, 28, 9, 22, 5] ;;; curseforge; Traceback (most recent call last):
  File "C:\Users\joshp\curseforge\minecraft\Instances\Alive Dev\saves\Desire Paths\datapacks_uncompiled\modules\curseforge.py", line 52, in getGameVersions
    _versionInfo[folderName][aLoader][mcVersion].remove(aVersion)
ValueError: list.remove(x): x not in list

[2026, 9, 28, 9, 22, 5] ;;; curseforge; Traceback (most recent call last):
  File "C:\Users\joshp\curseforge\minecraft\Instances\Alive Dev\saves\Desire Paths\datapacks_uncompiled\modules\curseforge.py", line 52, in getGameVersions
    _versionInfo[folderName][aLoader][mcVersion].remove(aVersion)
ValueError: list.remove(x): x not in list

[2026, 9, 28, 9, 22, 5] ;;; curseforge; Traceback (most recent call last):
  File "C:\Users\joshp\curseforge\minecraft\Instances\Alive Dev\saves\Desire Paths\datapacks_uncompiled\modules\curseforge.py", line 52, in getGameVersions
    _versionInfo[folderName][aLoader][mcVersion].remove(aVersion)
ValueError: list.remove(x): x not in list

[2026, 9, 28, 9, 22, 5] ;;; curseforge; Traceback (most recent call last):
  File "C:\Users\joshp\curseforge\minecraft\Instances\Alive Dev\saves\Desire Paths\datapacks_uncompiled\modules\curseforge.py", line 52, in getGameVersions
    _versionInfo[folderName][aLoader][mcVersion].remove(aVersion)
ValueError: list.remove(x): x not in list

[2026, 9, 28, 9, 22, 5] ;;; curseforge; Traceback (most recent call last):
  File "C:\Users\joshp\curseforge\minecraft\Instances\Alive Dev\saves\Desire Paths\datapacks_uncompiled\modules\curseforge.py", line 52, in getGameVersions
    _versionInfo[folderName][aLoader][mcVersion].remove(aVersion)
ValueError: list.remove(x): x not in list

[2026, 9, 28, 9, 22, 5] ;;; curseforge; {'id': 7499, 'gameVersionTypeID': 68441, 'name': 'Fabric', 'slug': 'fabric', 'apiVersion': ''}
[2026, 9, 28, 9, 22, 5] ;;; curseforge; {'id': 9638, 'gameVersionTypeID': 75208, 'name': 'Client', 'slug': 'client', 'apiVersion': ''}
[2026, 9, 28, 9, 22, 5] ;;; curseforge; {'id': 9639, 'gameVersionTypeID': 75208, 'name': 'Server', 'slug': 'server', 'apiVersion': ''}
[2026, 9, 28, 9, 22, 5] ;;; curseforge; {'id': 13964, 'gameVersionTypeID': 77784, 'name': '1.21.10', 'slug': '1-21-10', 'apiVersion': None}
[2026, 9, 28, 9, 22, 5] ;;; curseforge; {'id': 13966, 'gameVersionTypeID': 1, 'name': '1.21.10', 'slug': '1-21-10', 'apiVersion': ''}
[2026, 9, 28, 9, 22, 5] ;;; curseforge; {'id': 16126, 'gameVersionTypeID': 615, 'name': '1.21.10', 'slug': '1-21-10', 'apiVersion': ''}
[2026, 9, 28, 9, 22, 5] ;;; curseforge; {'file': ('block_decay-fabric-1.21.10_1.61.0.jar', <_io.BufferedReader name='.\\releases\\1.61.0\\block_decay-fabric-1.21.10_1.61.0.jar'>, 'application/jar'), 'metadata': (None, '{"changelog": "", "displayName": "block_decay fabric 1.21.10 1.61.0", "gameVersions": [7499, 9638, 9639, 13964], "gameVersionNames": ["Fabric", "Client", "Server", "1.21.10"], "releaseType": "release", "relations": {"projects": [{"slug": "gstools", "projectID": 1404020, "type": "requiredDependency"}]}}', 'application/json')}
[2026, 9, 28, 9, 22, 7] ;;; curseforge; Mod file uploaded successfully! Response: {'id': 8999393}
[2026, 9, 28, 9, 22, 7] ;;; curseforge; Traceback (most recent call last):
  File "C:\Users\joshp\curseforge\minecraft\Instances\Alive Dev\saves\Desire Paths\datapacks_uncompiled\modules\curseforge.py", line 52, in getGameVersions
    _versionInfo[folderName][aLoader][mcVersion].remove(aVersion)
ValueError: list.remove(x): x not in list

[2026, 9, 28, 9, 22, 7] ;;; curseforge; Traceback (most recent call last):
  File "C:\Users\joshp\curseforge\minecraft\Instances\Alive Dev\saves\Desire Paths\datapacks_uncompiled\modules\curseforge.py", line 52, in getGameVersions
    _versionInfo[folderName][aLoader][mcVersion].remove(aVersion)
ValueError: list.remove(x): x not in list

[2026, 9, 28, 9, 22, 7] ;;; curseforge; Traceback (most recent call last):
  File "C:\Users\joshp\curseforge\minecraft\Instances\Alive Dev\saves\Desire Paths\datapacks_uncompiled\modules\curseforge.py", line 52, in getGameVersions
    _versionInfo[folderName][aLoader][mcVersion].remove(aVersion)
ValueError: list.remove(x): x not in list

[2026, 9, 28, 9, 22, 7] ;;; curseforge; Traceback (most recent call last):
  File "C:\Users\joshp\curseforge\minecraft\Instances\Alive Dev\saves\Desire Paths\datapacks_uncompiled\modules\curseforge.py", line 52, in getGameVersions
    _versionInfo[folderName][aLoader][mcVersion].remove(aVersion)
ValueError: list.remove(x): x not in list

[2026, 9, 28, 9, 22, 7] ;;; curseforge; Traceback (most recent call last):
  File "C:\Users\joshp\curseforge\minecraft\Instances\Alive Dev\saves\Desire Paths\datapacks_uncompiled\modules\curseforge.py", line 52, in getGameVersions
    _versionInfo[folderName][aLoader][mcVersion].remove(aVersion)
ValueError: list.remove(x): x not in list

[2026, 9, 28, 9, 22, 7] ;;; curseforge; Traceback (most recent call last):
  File "C:\Users\joshp\curseforge\minecraft\Instances\Alive Dev\saves\Desire Paths\datapacks_uncompiled\modules\curseforge.py", line 52, in getGameVersions
    _versionInfo[folderName][aLoader][mcVersion].remove(aVersion)
ValueError: list.remove(x): x not in list

[2026, 9, 28, 9, 22, 7] ;;; curseforge; {'id': 7499, 'gameVersionTypeID': 68441, 'name': 'Fabric', 'slug': 'fabric', 'apiVersion': ''}
[2026, 9, 28, 9, 22, 7] ;;; curseforge; {'id': 9638, 'gameVersionTypeID': 75208, 'name': 'Client', 'slug': 'client', 'apiVersion': ''}
[2026, 9, 28, 9, 22, 7] ;;; curseforge; {'id': 9639, 'gameVersionTypeID': 75208, 'name': 'Server', 'slug': 'server', 'apiVersion': ''}
[2026, 9, 28, 9, 22, 7] ;;; curseforge; {'id': 13964, 'gameVersionTypeID': 77784, 'name': '1.21.10', 'slug': '1-21-10', 'apiVersion': None}
[2026, 9, 28, 9, 22, 7] ;;; curseforge; {'id': 13966, 'gameVersionTypeID': 1, 'name': '1.21.10', 'slug': '1-21-10', 'apiVersion': ''}
[2026, 9, 28, 9, 22, 7] ;;; curseforge; {'id': 16126, 'gameVersionTypeID': 615, 'name': '1.21.10', 'slug': '1-21-10', 'apiVersion': ''}
[2026, 9, 28, 9, 22, 13] ;;; curseforge; Traceback (most recent call last):
  File "C:\Users\joshp\curseforge\minecraft\Instances\Alive Dev\saves\Desire Paths\datapacks_uncompiled\modules\curseforge.py", line 52, in getGameVersions
    _versionInfo[folderName][aLoader][mcVersion].remove(aVersion)
ValueError: list.remove(x): x not in list

[2026, 9, 28, 9, 22, 13] ;;; curseforge; Traceback (most recent call last):
  File "C:\Users\joshp\curseforge\minecraft\Instances\Alive Dev\saves\Desire Paths\datapacks_uncompiled\modules\curseforge.py", line 52, in getGameVersions
    _versionInfo[folderName][aLoader][mcVersion].remove(aVersion)
ValueError: list.remove(x): x not in list

[2026, 9, 28, 9, 22, 13] ;;; curseforge; Traceback (most recent call last):
  File "C:\Users\joshp\curseforge\minecraft\Instances\Alive Dev\saves\Desire Paths\datapacks_uncompiled\modules\curseforge.py", line 52, in getGameVersions
    _versionInfo[folderName][aLoader][mcVersion].remove(aVersion)
ValueError: list.remove(x): x not in list

[2026, 9, 28, 9, 22, 13] ;;; curseforge; Traceback (most recent call last):
  File "C:\Users\joshp\curseforge\minecraft\Instances\Alive Dev\saves\Desire Paths\datapacks_uncompiled\modules\curseforge.py", line 52, in getGameVersions
    _versionInfo[folderName][aLoader][mcVersion].remove(aVersion)
ValueError: list.remove(x): x not in list

[2026, 9, 28, 9, 22, 13] ;;; curseforge; Traceback (most recent call last):
  File "C:\Users\joshp\curseforge\minecraft\Instances\Alive Dev\saves\Desire Paths\datapacks_uncompiled\modules\curseforge.py", line 52, in getGameVersions
    _versionInfo[folderName][aLoader][mcVersion].remove(aVersion)
ValueError: list.remove(x): x not in list

[2026, 9, 28, 9, 22, 13] ;;; curseforge; Traceback (most recent call last):
  File "C:\Users\joshp\curseforge\minecraft\Instances\Alive Dev\saves\Desire Paths\datapacks_uncompiled\modules\curseforge.py", line 52, in getGameVersions
    _versionInfo[folderName][aLoader][mcVersion].remove(aVersion)
ValueError: list.remove(x): x not in list

[2026, 9, 28, 9, 22, 13] ;;; curseforge; {'id': 7499, 'gameVersionTypeID': 68441, 'name': 'Fabric', 'slug': 'fabric', 'apiVersion': ''}
[2026, 9, 28, 9, 22, 13] ;;; curseforge; {'id': 9638, 'gameVersionTypeID': 75208, 'name': 'Client', 'slug': 'client', 'apiVersion': ''}
[2026, 9, 28, 9, 22, 13] ;;; curseforge; {'id': 9639, 'gameVersionTypeID': 75208, 'name': 'Server', 'slug': 'server', 'apiVersion': ''}
[2026, 9, 28, 9, 22, 13] ;;; curseforge; {'id': 13620, 'gameVersionTypeID': 77784, 'name': '1.21.8', 'slug': '1-21-8', 'apiVersion': None}
[2026, 9, 28, 9, 22, 13] ;;; curseforge; {'id': 13683, 'gameVersionTypeID': 1, 'name': '1.21.8', 'slug': '1-21-8', 'apiVersion': ''}
[2026, 9, 28, 9, 22, 13] ;;; curseforge; {'id': 16124, 'gameVersionTypeID': 615, 'name': '1.21.8', 'slug': '1-21-8', 'apiVersion': ''}
[2026, 9, 28, 9, 22, 13] ;;; curseforge; {'file': ('block_decay-fabric-1.21.8_1.61.0.jar', <_io.BufferedReader name='.\\releases\\1.61.0\\block_decay-fabric-1.21.8_1.61.0.jar'>, 'application/jar'), 'metadata': (None, '{"changelog": "", "displayName": "block_decay fabric 1.21.8 1.61.0", "gameVersions": [7499, 9638, 9639, 13620], "gameVersionNames": ["Fabric", "Client", "Server", "1.21.8"], "releaseType": "release", "relations": {"projects": [{"slug": "gstools", "projectID": 1404020, "type": "requiredDependency"}]}}', 'application/json')}
[2026, 9, 28, 9, 22, 17] ;;; curseforge; Mod file uploaded successfully! Response: {'id': 8999395}
[2026, 9, 28, 9, 22, 17] ;;; curseforge; Traceback (most recent call last):
  File "C:\Users\joshp\curseforge\minecraft\Instances\Alive Dev\saves\Desire Paths\datapacks_uncompiled\modules\curseforge.py", line 52, in getGameVersions
    _versionInfo[folderName][aLoader][mcVersion].remove(aVersion)
ValueError: list.remove(x): x not in list

[2026, 9, 28, 9, 22, 17] ;;; curseforge; Traceback (most recent call last):
  File "C:\Users\joshp\curseforge\minecraft\Instances\Alive Dev\saves\Desire Paths\datapacks_uncompiled\modules\curseforge.py", line 52, in getGameVersions
    _versionInfo[folderName][aLoader][mcVersion].remove(aVersion)
ValueError: list.remove(x): x not in list

[2026, 9, 28, 9, 22, 17] ;;; curseforge; Traceback (most recent call last):
  File "C:\Users\joshp\curseforge\minecraft\Instances\Alive Dev\saves\Desire Paths\datapacks_uncompiled\modules\curseforge.py", line 52, in getGameVersions
    _versionInfo[folderName][aLoader][mcVersion].remove(aVersion)
ValueError: list.remove(x): x not in list

[2026, 9, 28, 9, 22, 17] ;;; curseforge; Traceback (most recent call last):
  File "C:\Users\joshp\curseforge\minecraft\Instances\Alive Dev\saves\Desire Paths\datapacks_uncompiled\modules\curseforge.py", line 52, in getGameVersions
    _versionInfo[folderName][aLoader][mcVersion].remove(aVersion)
ValueError: list.remove(x): x not in list

[2026, 9, 28, 9, 22, 17] ;;; curseforge; Traceback (most recent call last):
  File "C:\Users\joshp\curseforge\minecraft\Instances\Alive Dev\saves\Desire Paths\datapacks_uncompiled\modules\curseforge.py", line 52, in getGameVersions
    _versionInfo[folderName][aLoader][mcVersion].remove(aVersion)
ValueError: list.remove(x): x not in list

[2026, 9, 28, 9, 22, 17] ;;; curseforge; Traceback (most recent call last):
  File "C:\Users\joshp\curseforge\minecraft\Instances\Alive Dev\saves\Desire Paths\datapacks_uncompiled\modules\curseforge.py", line 52, in getGameVersions
    _versionInfo[folderName][aLoader][mcVersion].remove(aVersion)
ValueError: list.remove(x): x not in list

[2026, 9, 28, 9, 22, 17] ;;; curseforge; {'id': 7499, 'gameVersionTypeID': 68441, 'name': 'Fabric', 'slug': 'fabric', 'apiVersion': ''}
[2026, 9, 28, 9, 22, 17] ;;; curseforge; {'id': 9638, 'gameVersionTypeID': 75208, 'name': 'Client', 'slug': 'client', 'apiVersion': ''}
[2026, 9, 28, 9, 22, 17] ;;; curseforge; {'id': 9639, 'gameVersionTypeID': 75208, 'name': 'Server', 'slug': 'server', 'apiVersion': ''}
[2026, 9, 28, 9, 22, 17] ;;; curseforge; {'id': 13620, 'gameVersionTypeID': 77784, 'name': '1.21.8', 'slug': '1-21-8', 'apiVersion': None}
[2026, 9, 28, 9, 22, 17] ;;; curseforge; {'id': 13683, 'gameVersionTypeID': 1, 'name': '1.21.8', 'slug': '1-21-8', 'apiVersion': ''}
[2026, 9, 28, 9, 22, 17] ;;; curseforge; {'id': 16124, 'gameVersionTypeID': 615, 'name': '1.21.8', 'slug': '1-21-8', 'apiVersion': ''}
[2026, 9, 28, 9, 22, 22] ;;; curseforge; Traceback (most recent call last):
  File "C:\Users\joshp\curseforge\minecraft\Instances\Alive Dev\saves\Desire Paths\datapacks_uncompiled\modules\curseforge.py", line 52, in getGameVersions
    _versionInfo[folderName][aLoader][mcVersion].remove(aVersion)
ValueError: list.remove(x): x not in list

[2026, 9, 28, 9, 22, 22] ;;; curseforge; Traceback (most recent call last):
  File "C:\Users\joshp\curseforge\minecraft\Instances\Alive Dev\saves\Desire Paths\datapacks_uncompiled\modules\curseforge.py", line 52, in getGameVersions
    _versionInfo[folderName][aLoader][mcVersion].remove(aVersion)
ValueError: list.remove(x): x not in list

[2026, 9, 28, 9, 22, 22] ;;; curseforge; Traceback (most recent call last):
  File "C:\Users\joshp\curseforge\minecraft\Instances\Alive Dev\saves\Desire Paths\datapacks_uncompiled\modules\curseforge.py", line 52, in getGameVersions
    _versionInfo[folderName][aLoader][mcVersion].remove(aVersion)
ValueError: list.remove(x): x not in list

[2026, 9, 28, 9, 22, 22] ;;; curseforge; Traceback (most recent call last):
  File "C:\Users\joshp\curseforge\minecraft\Instances\Alive Dev\saves\Desire Paths\datapacks_uncompiled\modules\curseforge.py", line 52, in getGameVersions
    _versionInfo[folderName][aLoader][mcVersion].remove(aVersion)
ValueError: list.remove(x): x not in list

[2026, 9, 28, 9, 22, 22] ;;; curseforge; Traceback (most recent call last):
  File "C:\Users\joshp\curseforge\minecraft\Instances\Alive Dev\saves\Desire Paths\datapacks_uncompiled\modules\curseforge.py", line 52, in getGameVersions
    _versionInfo[folderName][aLoader][mcVersion].remove(aVersion)
ValueError: list.remove(x): x not in list

[2026, 9, 28, 9, 22, 22] ;;; curseforge; Traceback (most recent call last):
  File "C:\Users\joshp\curseforge\minecraft\Instances\Alive Dev\saves\Desire Paths\datapacks_uncompiled\modules\curseforge.py", line 52, in getGameVersions
    _versionInfo[folderName][aLoader][mcVersion].remove(aVersion)
ValueError: list.remove(x): x not in list

[2026, 9, 28, 9, 22, 22] ;;; curseforge; {'id': 7499, 'gameVersionTypeID': 68441, 'name': 'Fabric', 'slug': 'fabric', 'apiVersion': ''}
[2026, 9, 28, 9, 22, 22] ;;; curseforge; {'id': 9638, 'gameVersionTypeID': 75208, 'name': 'Client', 'slug': 'client', 'apiVersion': ''}
[2026, 9, 28, 9, 22, 22] ;;; curseforge; {'id': 9639, 'gameVersionTypeID': 75208, 'name': 'Server', 'slug': 'server', 'apiVersion': ''}
[2026, 9, 28, 9, 22, 22] ;;; curseforge; {'id': 13927, 'gameVersionTypeID': 77784, 'name': '1.21.9', 'slug': '1-21-9', 'apiVersion': None}
[2026, 9, 28, 9, 22, 22] ;;; curseforge; {'id': 13933, 'gameVersionTypeID': 1, 'name': '1.21.9', 'slug': '1-21-9', 'apiVersion': ''}
[2026, 9, 28, 9, 22, 22] ;;; curseforge; {'id': 16125, 'gameVersionTypeID': 615, 'name': '1.21.9', 'slug': '1-21-9', 'apiVersion': ''}
[2026, 9, 28, 9, 22, 22] ;;; curseforge; {'file': ('block_decay-fabric-1.21.9_1.61.0.jar', <_io.BufferedReader name='.\\releases\\1.61.0\\block_decay-fabric-1.21.9_1.61.0.jar'>, 'application/jar'), 'metadata': (None, '{"changelog": "", "displayName": "block_decay fabric 1.21.9 1.61.0", "gameVersions": [7499, 9638, 9639, 13927], "gameVersionNames": ["Fabric", "Client", "Server", "1.21.9"], "releaseType": "release", "relations": {"projects": [{"slug": "gstools", "projectID": 1404020, "type": "requiredDependency"}]}}', 'application/json')}
[2026, 9, 28, 9, 22, 25] ;;; curseforge; Mod file uploaded successfully! Response: {'id': 8999396}
[2026, 9, 28, 9, 22, 25] ;;; curseforge; Traceback (most recent call last):
  File "C:\Users\joshp\curseforge\minecraft\Instances\Alive Dev\saves\Desire Paths\datapacks_uncompiled\modules\curseforge.py", line 52, in getGameVersions
    _versionInfo[folderName][aLoader][mcVersion].remove(aVersion)
ValueError: list.remove(x): x not in list

[2026, 9, 28, 9, 22, 25] ;;; curseforge; Traceback (most recent call last):
  File "C:\Users\joshp\curseforge\minecraft\Instances\Alive Dev\saves\Desire Paths\datapacks_uncompiled\modules\curseforge.py", line 52, in getGameVersions
    _versionInfo[folderName][aLoader][mcVersion].remove(aVersion)
ValueError: list.remove(x): x not in list

[2026, 9, 28, 9, 22, 25] ;;; curseforge; Traceback (most recent call last):
  File "C:\Users\joshp\curseforge\minecraft\Instances\Alive Dev\saves\Desire Paths\datapacks_uncompiled\modules\curseforge.py", line 52, in getGameVersions
    _versionInfo[folderName][aLoader][mcVersion].remove(aVersion)
ValueError: list.remove(x): x not in list

[2026, 9, 28, 9, 22, 25] ;;; curseforge; Traceback (most recent call last):
  File "C:\Users\joshp\curseforge\minecraft\Instances\Alive Dev\saves\Desire Paths\datapacks_uncompiled\modules\curseforge.py", line 52, in getGameVersions
    _versionInfo[folderName][aLoader][mcVersion].remove(aVersion)
ValueError: list.remove(x): x not in list

[2026, 9, 28, 9, 22, 25] ;;; curseforge; Traceback (most recent call last):
  File "C:\Users\joshp\curseforge\minecraft\Instances\Alive Dev\saves\Desire Paths\datapacks_uncompiled\modules\curseforge.py", line 52, in getGameVersions
    _versionInfo[folderName][aLoader][mcVersion].remove(aVersion)
ValueError: list.remove(x): x not in list

[2026, 9, 28, 9, 22, 25] ;;; curseforge; Traceback (most recent call last):
  File "C:\Users\joshp\curseforge\minecraft\Instances\Alive Dev\saves\Desire Paths\datapacks_uncompiled\modules\curseforge.py", line 52, in getGameVersions
    _versionInfo[folderName][aLoader][mcVersion].remove(aVersion)
ValueError: list.remove(x): x not in list

[2026, 9, 28, 9, 22, 25] ;;; curseforge; {'id': 7499, 'gameVersionTypeID': 68441, 'name': 'Fabric', 'slug': 'fabric', 'apiVersion': ''}
[2026, 9, 28, 9, 22, 25] ;;; curseforge; {'id': 9638, 'gameVersionTypeID': 75208, 'name': 'Client', 'slug': 'client', 'apiVersion': ''}
[2026, 9, 28, 9, 22, 25] ;;; curseforge; {'id': 9639, 'gameVersionTypeID': 75208, 'name': 'Server', 'slug': 'server', 'apiVersion': ''}
[2026, 9, 28, 9, 22, 25] ;;; curseforge; {'id': 13927, 'gameVersionTypeID': 77784, 'name': '1.21.9', 'slug': '1-21-9', 'apiVersion': None}
[2026, 9, 28, 9, 22, 25] ;;; curseforge; {'id': 13933, 'gameVersionTypeID': 1, 'name': '1.21.9', 'slug': '1-21-9', 'apiVersion': ''}
[2026, 9, 28, 9, 22, 25] ;;; curseforge; {'id': 16125, 'gameVersionTypeID': 615, 'name': '1.21.9', 'slug': '1-21-9', 'apiVersion': ''}
[2026, 9, 28, 9, 22, 33] ;;; curseforge; Traceback (most recent call last):
  File "C:\Users\joshp\curseforge\minecraft\Instances\Alive Dev\saves\Desire Paths\datapacks_uncompiled\modules\curseforge.py", line 52, in getGameVersions
    _versionInfo[folderName][aLoader][mcVersion].remove(aVersion)
ValueError: list.remove(x): x not in list

[2026, 9, 28, 9, 22, 33] ;;; curseforge; Traceback (most recent call last):
  File "C:\Users\joshp\curseforge\minecraft\Instances\Alive Dev\saves\Desire Paths\datapacks_uncompiled\modules\curseforge.py", line 52, in getGameVersions
    _versionInfo[folderName][aLoader][mcVersion].remove(aVersion)
ValueError: list.remove(x): x not in list

[2026, 9, 28, 9, 22, 33] ;;; curseforge; Traceback (most recent call last):
  File "C:\Users\joshp\curseforge\minecraft\Instances\Alive Dev\saves\Desire Paths\datapacks_uncompiled\modules\curseforge.py", line 52, in getGameVersions
    _versionInfo[folderName][aLoader][mcVersion].remove(aVersion)
ValueError: list.remove(x): x not in list

[2026, 9, 28, 9, 22, 33] ;;; curseforge; Traceback (most recent call last):
  File "C:\Users\joshp\curseforge\minecraft\Instances\Alive Dev\saves\Desire Paths\datapacks_uncompiled\modules\curseforge.py", line 52, in getGameVersions
    _versionInfo[folderName][aLoader][mcVersion].remove(aVersion)
ValueError: list.remove(x): x not in list

[2026, 9, 28, 9, 22, 33] ;;; curseforge; Traceback (most recent call last):
  File "C:\Users\joshp\curseforge\minecraft\Instances\Alive Dev\saves\Desire Paths\datapacks_uncompiled\modules\curseforge.py", line 52, in getGameVersions
    _versionInfo[folderName][aLoader][mcVersion].remove(aVersion)
ValueError: list.remove(x): x not in list

[2026, 9, 28, 9, 22, 33] ;;; curseforge; Traceback (most recent call last):
  File "C:\Users\joshp\curseforge\minecraft\Instances\Alive Dev\saves\Desire Paths\datapacks_uncompiled\modules\curseforge.py", line 52, in getGameVersions
    _versionInfo[folderName][aLoader][mcVersion].remove(aVersion)
ValueError: list.remove(x): x not in list

[2026, 9, 28, 9, 22, 33] ;;; curseforge; {'id': 7499, 'gameVersionTypeID': 68441, 'name': 'Fabric', 'slug': 'fabric', 'apiVersion': ''}
[2026, 9, 28, 9, 22, 33] ;;; curseforge; {'id': 9638, 'gameVersionTypeID': 75208, 'name': 'Client', 'slug': 'client', 'apiVersion': ''}
[2026, 9, 28, 9, 22, 33] ;;; curseforge; {'id': 9639, 'gameVersionTypeID': 75208, 'name': 'Server', 'slug': 'server', 'apiVersion': ''}
[2026, 9, 28, 9, 22, 33] ;;; curseforge; {'id': 15933, 'gameVersionTypeID': 83806, 'name': '26.1', 'slug': '26-1', 'apiVersion': None}
[2026, 9, 28, 9, 22, 33] ;;; curseforge; {'id': 16083, 'gameVersionTypeID': 1, 'name': '26.1', 'slug': '26-1', 'apiVersion': ''}
[2026, 9, 28, 9, 22, 33] ;;; curseforge; {'id': 16128, 'gameVersionTypeID': 615, 'name': '26.1', 'slug': '26-1', 'apiVersion': ''}
[2026, 9, 28, 9, 22, 33] ;;; curseforge; {'id': 7499, 'gameVersionTypeID': 68441, 'name': 'Fabric', 'slug': 'fabric', 'apiVersion': ''}
[2026, 9, 28, 9, 22, 33] ;;; curseforge; {'id': 9638, 'gameVersionTypeID': 75208, 'name': 'Client', 'slug': 'client', 'apiVersion': ''}
[2026, 9, 28, 9, 22, 33] ;;; curseforge; {'id': 9639, 'gameVersionTypeID': 75208, 'name': 'Server', 'slug': 'server', 'apiVersion': ''}
[2026, 9, 28, 9, 22, 33] ;;; curseforge; {'id': 16021, 'gameVersionTypeID': 83806, 'name': '26.1.1', 'slug': '26-1-1', 'apiVersion': None}
[2026, 9, 28, 9, 22, 33] ;;; curseforge; {'id': 16084, 'gameVersionTypeID': 1, 'name': '26.1.1', 'slug': '26-1-1', 'apiVersion': ''}
[2026, 9, 28, 9, 22, 33] ;;; curseforge; {'id': 16129, 'gameVersionTypeID': 615, 'name': '26.1.1', 'slug': '26-1-1', 'apiVersion': ''}
[2026, 9, 28, 9, 22, 33] ;;; curseforge; {'id': 7499, 'gameVersionTypeID': 68441, 'name': 'Fabric', 'slug': 'fabric', 'apiVersion': ''}
[2026, 9, 28, 9, 22, 33] ;;; curseforge; {'id': 9638, 'gameVersionTypeID': 75208, 'name': 'Client', 'slug': 'client', 'apiVersion': ''}
[2026, 9, 28, 9, 22, 33] ;;; curseforge; {'id': 9639, 'gameVersionTypeID': 75208, 'name': 'Server', 'slug': 'server', 'apiVersion': ''}
[2026, 9, 28, 9, 22, 33] ;;; curseforge; {'id': 16082, 'gameVersionTypeID': 83806, 'name': '26.1.2', 'slug': '26-1-2', 'apiVersion': None}
[2026, 9, 28, 9, 22, 33] ;;; curseforge; {'id': 16085, 'gameVersionTypeID': 1, 'name': '26.1.2', 'slug': '26-1-2', 'apiVersion': ''}
[2026, 9, 28, 9, 22, 33] ;;; curseforge; {'id': 16130, 'gameVersionTypeID': 615, 'name': '26.1.2', 'slug': '26-1-2', 'apiVersion': ''}
[2026, 9, 28, 9, 22, 33] ;;; curseforge; {'file': ('block_decay-fabric-26.1_1.61.0.jar', <_io.BufferedReader name='.\\releases\\1.61.0\\block_decay-fabric-26.1_1.61.0.jar'>, 'application/jar'), 'metadata': (None, '{"changelog": "", "displayName": "block_decay fabric 26.1 1.61.0", "gameVersions": [7499, 9638, 9639, 15933, 16021, 16082], "gameVersionNames": ["Fabric", "Client", "Server", "26.1", "26.1.1", "26.1.2"], "releaseType": "release", "relations": {"projects": [{"slug": "gstools", "projectID": 1404020, "type": "requiredDependency"}]}}', 'application/json')}
[2026, 9, 28, 9, 22, 36] ;;; curseforge; Mod file uploaded successfully! Response: {'id': 8999398}
[2026, 9, 28, 9, 22, 37] ;;; curseforge; Traceback (most recent call last):
  File "C:\Users\joshp\curseforge\minecraft\Instances\Alive Dev\saves\Desire Paths\datapacks_uncompiled\modules\curseforge.py", line 52, in getGameVersions
    _versionInfo[folderName][aLoader][mcVersion].remove(aVersion)
ValueError: list.remove(x): x not in list

[2026, 9, 28, 9, 22, 37] ;;; curseforge; Traceback (most recent call last):
  File "C:\Users\joshp\curseforge\minecraft\Instances\Alive Dev\saves\Desire Paths\datapacks_uncompiled\modules\curseforge.py", line 52, in getGameVersions
    _versionInfo[folderName][aLoader][mcVersion].remove(aVersion)
ValueError: list.remove(x): x not in list

[2026, 9, 28, 9, 22, 37] ;;; curseforge; Traceback (most recent call last):
  File "C:\Users\joshp\curseforge\minecraft\Instances\Alive Dev\saves\Desire Paths\datapacks_uncompiled\modules\curseforge.py", line 52, in getGameVersions
    _versionInfo[folderName][aLoader][mcVersion].remove(aVersion)
ValueError: list.remove(x): x not in list

[2026, 9, 28, 9, 22, 37] ;;; curseforge; Traceback (most recent call last):
  File "C:\Users\joshp\curseforge\minecraft\Instances\Alive Dev\saves\Desire Paths\datapacks_uncompiled\modules\curseforge.py", line 52, in getGameVersions
    _versionInfo[folderName][aLoader][mcVersion].remove(aVersion)
ValueError: list.remove(x): x not in list

[2026, 9, 28, 9, 22, 37] ;;; curseforge; Traceback (most recent call last):
  File "C:\Users\joshp\curseforge\minecraft\Instances\Alive Dev\saves\Desire Paths\datapacks_uncompiled\modules\curseforge.py", line 52, in getGameVersions
    _versionInfo[folderName][aLoader][mcVersion].remove(aVersion)
ValueError: list.remove(x): x not in list

[2026, 9, 28, 9, 22, 37] ;;; curseforge; Traceback (most recent call last):
  File "C:\Users\joshp\curseforge\minecraft\Instances\Alive Dev\saves\Desire Paths\datapacks_uncompiled\modules\curseforge.py", line 52, in getGameVersions
    _versionInfo[folderName][aLoader][mcVersion].remove(aVersion)
ValueError: list.remove(x): x not in list

[2026, 9, 28, 9, 22, 37] ;;; curseforge; {'id': 7499, 'gameVersionTypeID': 68441, 'name': 'Fabric', 'slug': 'fabric', 'apiVersion': ''}
[2026, 9, 28, 9, 22, 37] ;;; curseforge; {'id': 9638, 'gameVersionTypeID': 75208, 'name': 'Client', 'slug': 'client', 'apiVersion': ''}
[2026, 9, 28, 9, 22, 37] ;;; curseforge; {'id': 9639, 'gameVersionTypeID': 75208, 'name': 'Server', 'slug': 'server', 'apiVersion': ''}
[2026, 9, 28, 9, 22, 37] ;;; curseforge; {'id': 15933, 'gameVersionTypeID': 83806, 'name': '26.1', 'slug': '26-1', 'apiVersion': None}
[2026, 9, 28, 9, 22, 37] ;;; curseforge; {'id': 16083, 'gameVersionTypeID': 1, 'name': '26.1', 'slug': '26-1', 'apiVersion': ''}
[2026, 9, 28, 9, 22, 37] ;;; curseforge; {'id': 16128, 'gameVersionTypeID': 615, 'name': '26.1', 'slug': '26-1', 'apiVersion': ''}
[2026, 9, 28, 9, 22, 37] ;;; curseforge; {'id': 7499, 'gameVersionTypeID': 68441, 'name': 'Fabric', 'slug': 'fabric', 'apiVersion': ''}
[2026, 9, 28, 9, 22, 37] ;;; curseforge; {'id': 9638, 'gameVersionTypeID': 75208, 'name': 'Client', 'slug': 'client', 'apiVersion': ''}
[2026, 9, 28, 9, 22, 37] ;;; curseforge; {'id': 9639, 'gameVersionTypeID': 75208, 'name': 'Server', 'slug': 'server', 'apiVersion': ''}
[2026, 9, 28, 9, 22, 37] ;;; curseforge; {'id': 16021, 'gameVersionTypeID': 83806, 'name': '26.1.1', 'slug': '26-1-1', 'apiVersion': None}
[2026, 9, 28, 9, 22, 37] ;;; curseforge; {'id': 16084, 'gameVersionTypeID': 1, 'name': '26.1.1', 'slug': '26-1-1', 'apiVersion': ''}
[2026, 9, 28, 9, 22, 37] ;;; curseforge; {'id': 16129, 'gameVersionTypeID': 615, 'name': '26.1.1', 'slug': '26-1-1', 'apiVersion': ''}
[2026, 9, 28, 9, 22, 37] ;;; curseforge; {'id': 7499, 'gameVersionTypeID': 68441, 'name': 'Fabric', 'slug': 'fabric', 'apiVersion': ''}
[2026, 9, 28, 9, 22, 37] ;;; curseforge; {'id': 9638, 'gameVersionTypeID': 75208, 'name': 'Client', 'slug': 'client', 'apiVersion': ''}
[2026, 9, 28, 9, 22, 37] ;;; curseforge; {'id': 9639, 'gameVersionTypeID': 75208, 'name': 'Server', 'slug': 'server', 'apiVersion': ''}
[2026, 9, 28, 9, 22, 37] ;;; curseforge; {'id': 16082, 'gameVersionTypeID': 83806, 'name': '26.1.2', 'slug': '26-1-2', 'apiVersion': None}
[2026, 9, 28, 9, 22, 37] ;;; curseforge; {'id': 16085, 'gameVersionTypeID': 1, 'name': '26.1.2', 'slug': '26-1-2', 'apiVersion': ''}
[2026, 9, 28, 9, 22, 37] ;;; curseforge; {'id': 16130, 'gameVersionTypeID': 615, 'name': '26.1.2', 'slug': '26-1-2', 'apiVersion': ''}
[2026, 9, 28, 9, 22, 41] ;;; curseforge; Traceback (most recent call last):
  File "C:\Users\joshp\curseforge\minecraft\Instances\Alive Dev\saves\Desire Paths\datapacks_uncompiled\modules\curseforge.py", line 52, in getGameVersions
    _versionInfo[folderName][aLoader][mcVersion].remove(aVersion)
ValueError: list.remove(x): x not in list

[2026, 9, 28, 9, 22, 41] ;;; curseforge; Traceback (most recent call last):
  File "C:\Users\joshp\curseforge\minecraft\Instances\Alive Dev\saves\Desire Paths\datapacks_uncompiled\modules\curseforge.py", line 52, in getGameVersions
    _versionInfo[folderName][aLoader][mcVersion].remove(aVersion)
ValueError: list.remove(x): x not in list

[2026, 9, 28, 9, 22, 41] ;;; curseforge; Traceback (most recent call last):
  File "C:\Users\joshp\curseforge\minecraft\Instances\Alive Dev\saves\Desire Paths\datapacks_uncompiled\modules\curseforge.py", line 52, in getGameVersions
    _versionInfo[folderName][aLoader][mcVersion].remove(aVersion)
ValueError: list.remove(x): x not in list

[2026, 9, 28, 9, 22, 41] ;;; curseforge; Traceback (most recent call last):
  File "C:\Users\joshp\curseforge\minecraft\Instances\Alive Dev\saves\Desire Paths\datapacks_uncompiled\modules\curseforge.py", line 52, in getGameVersions
    _versionInfo[folderName][aLoader][mcVersion].remove(aVersion)
ValueError: list.remove(x): x not in list

[2026, 9, 28, 9, 22, 41] ;;; curseforge; Traceback (most recent call last):
  File "C:\Users\joshp\curseforge\minecraft\Instances\Alive Dev\saves\Desire Paths\datapacks_uncompiled\modules\curseforge.py", line 52, in getGameVersions
    _versionInfo[folderName][aLoader][mcVersion].remove(aVersion)
ValueError: list.remove(x): x not in list

[2026, 9, 28, 9, 22, 41] ;;; curseforge; Traceback (most recent call last):
  File "C:\Users\joshp\curseforge\minecraft\Instances\Alive Dev\saves\Desire Paths\datapacks_uncompiled\modules\curseforge.py", line 52, in getGameVersions
    _versionInfo[folderName][aLoader][mcVersion].remove(aVersion)
ValueError: list.remove(x): x not in list

[2026, 9, 28, 9, 22, 41] ;;; curseforge; {'id': 7499, 'gameVersionTypeID': 68441, 'name': 'Fabric', 'slug': 'fabric', 'apiVersion': ''}
[2026, 9, 28, 9, 22, 41] ;;; curseforge; {'id': 9638, 'gameVersionTypeID': 75208, 'name': 'Client', 'slug': 'client', 'apiVersion': ''}
[2026, 9, 28, 9, 22, 41] ;;; curseforge; {'id': 9639, 'gameVersionTypeID': 75208, 'name': 'Server', 'slug': 'server', 'apiVersion': ''}
[2026, 9, 28, 9, 22, 41] ;;; curseforge; {'id': 16498, 'gameVersionTypeID': 86297, 'name': '26.2', 'slug': '26-2', 'apiVersion': None}
[2026, 9, 28, 9, 22, 41] ;;; curseforge; {'id': 16500, 'gameVersionTypeID': 1, 'name': '26.2', 'slug': '26-2', 'apiVersion': ''}
[2026, 9, 28, 9, 22, 41] ;;; curseforge; {'file': ('block_decay-fabric-26.2_1.61.0.jar', <_io.BufferedReader name='.\\releases\\1.61.0\\block_decay-fabric-26.2_1.61.0.jar'>, 'application/jar'), 'metadata': (None, '{"changelog": "", "displayName": "block_decay fabric 26.2 1.61.0", "gameVersions": [7499, 9638, 9639, 16498], "gameVersionNames": ["Fabric", "Client", "Server", "26.2"], "releaseType": "release", "relations": {"projects": [{"slug": "gstools", "projectID": 1404020, "type": "requiredDependency"}]}}', 'application/json')}
[2026, 9, 28, 9, 22, 44] ;;; curseforge; Mod file uploaded successfully! Response: {'id': 8999399}
[2026, 9, 28, 9, 22, 44] ;;; curseforge; Traceback (most recent call last):
  File "C:\Users\joshp\curseforge\minecraft\Instances\Alive Dev\saves\Desire Paths\datapacks_uncompiled\modules\curseforge.py", line 52, in getGameVersions
    _versionInfo[folderName][aLoader][mcVersion].remove(aVersion)
ValueError: list.remove(x): x not in list

[2026, 9, 28, 9, 22, 44] ;;; curseforge; Traceback (most recent call last):
  File "C:\Users\joshp\curseforge\minecraft\Instances\Alive Dev\saves\Desire Paths\datapacks_uncompiled\modules\curseforge.py", line 52, in getGameVersions
    _versionInfo[folderName][aLoader][mcVersion].remove(aVersion)
ValueError: list.remove(x): x not in list

[2026, 9, 28, 9, 22, 44] ;;; curseforge; Traceback (most recent call last):
  File "C:\Users\joshp\curseforge\minecraft\Instances\Alive Dev\saves\Desire Paths\datapacks_uncompiled\modules\curseforge.py", line 52, in getGameVersions
    _versionInfo[folderName][aLoader][mcVersion].remove(aVersion)
ValueError: list.remove(x): x not in list

[2026, 9, 28, 9, 22, 44] ;;; curseforge; Traceback (most recent call last):
  File "C:\Users\joshp\curseforge\minecraft\Instances\Alive Dev\saves\Desire Paths\datapacks_uncompiled\modules\curseforge.py", line 52, in getGameVersions
    _versionInfo[folderName][aLoader][mcVersion].remove(aVersion)
ValueError: list.remove(x): x not in list

[2026, 9, 28, 9, 22, 44] ;;; curseforge; Traceback (most recent call last):
  File "C:\Users\joshp\curseforge\minecraft\Instances\Alive Dev\saves\Desire Paths\datapacks_uncompiled\modules\curseforge.py", line 52, in getGameVersions
    _versionInfo[folderName][aLoader][mcVersion].remove(aVersion)
ValueError: list.remove(x): x not in list

[2026, 9, 28, 9, 22, 44] ;;; curseforge; Traceback (most recent call last):
  File "C:\Users\joshp\curseforge\minecraft\Instances\Alive Dev\saves\Desire Paths\datapacks_uncompiled\modules\curseforge.py", line 52, in getGameVersions
    _versionInfo[folderName][aLoader][mcVersion].remove(aVersion)
ValueError: list.remove(x): x not in list

[2026, 9, 28, 9, 22, 44] ;;; curseforge; {'id': 7499, 'gameVersionTypeID': 68441, 'name': 'Fabric', 'slug': 'fabric', 'apiVersion': ''}
[2026, 9, 28, 9, 22, 44] ;;; curseforge; {'id': 9638, 'gameVersionTypeID': 75208, 'name': 'Client', 'slug': 'client', 'apiVersion': ''}
[2026, 9, 28, 9, 22, 44] ;;; curseforge; {'id': 9639, 'gameVersionTypeID': 75208, 'name': 'Server', 'slug': 'server', 'apiVersion': ''}
[2026, 9, 28, 9, 22, 44] ;;; curseforge; {'id': 16498, 'gameVersionTypeID': 86297, 'name': '26.2', 'slug': '26-2', 'apiVersion': None}
[2026, 9, 28, 9, 22, 44] ;;; curseforge; {'id': 16500, 'gameVersionTypeID': 1, 'name': '26.2', 'slug': '26-2', 'apiVersion': ''}
[2026, 9, 28, 9, 22, 49] ;;; curseforge; Traceback (most recent call last):
  File "C:\Users\joshp\curseforge\minecraft\Instances\Alive Dev\saves\Desire Paths\datapacks_uncompiled\modules\curseforge.py", line 52, in getGameVersions
    _versionInfo[folderName][aLoader][mcVersion].remove(aVersion)
ValueError: list.remove(x): x not in list

[2026, 9, 28, 9, 22, 49] ;;; curseforge; Traceback (most recent call last):
  File "C:\Users\joshp\curseforge\minecraft\Instances\Alive Dev\saves\Desire Paths\datapacks_uncompiled\modules\curseforge.py", line 52, in getGameVersions
    _versionInfo[folderName][aLoader][mcVersion].remove(aVersion)
ValueError: list.remove(x): x not in list

[2026, 9, 28, 9, 22, 49] ;;; curseforge; Traceback (most recent call last):
  File "C:\Users\joshp\curseforge\minecraft\Instances\Alive Dev\saves\Desire Paths\datapacks_uncompiled\modules\curseforge.py", line 52, in getGameVersions
    _versionInfo[folderName][aLoader][mcVersion].remove(aVersion)
ValueError: list.remove(x): x not in list

[2026, 9, 28, 9, 22, 49] ;;; curseforge; Traceback (most recent call last):
  File "C:\Users\joshp\curseforge\minecraft\Instances\Alive Dev\saves\Desire Paths\datapacks_uncompiled\modules\curseforge.py", line 52, in getGameVersions
    _versionInfo[folderName][aLoader][mcVersion].remove(aVersion)
ValueError: list.remove(x): x not in list

[2026, 9, 28, 9, 22, 49] ;;; curseforge; Traceback (most recent call last):
  File "C:\Users\joshp\curseforge\minecraft\Instances\Alive Dev\saves\Desire Paths\datapacks_uncompiled\modules\curseforge.py", line 52, in getGameVersions
    _versionInfo[folderName][aLoader][mcVersion].remove(aVersion)
ValueError: list.remove(x): x not in list

[2026, 9, 28, 9, 22, 49] ;;; curseforge; Traceback (most recent call last):
  File "C:\Users\joshp\curseforge\minecraft\Instances\Alive Dev\saves\Desire Paths\datapacks_uncompiled\modules\curseforge.py", line 52, in getGameVersions
    _versionInfo[folderName][aLoader][mcVersion].remove(aVersion)
ValueError: list.remove(x): x not in list

[2026, 9, 28, 9, 22, 49] ;;; curseforge; {'id': 7498, 'gameVersionTypeID': 68441, 'name': 'Forge', 'slug': 'forge', 'apiVersion': ''}
[2026, 9, 28, 9, 22, 49] ;;; curseforge; {'id': 9638, 'gameVersionTypeID': 75208, 'name': 'Client', 'slug': 'client', 'apiVersion': ''}
[2026, 9, 28, 9, 22, 49] ;;; curseforge; {'id': 9639, 'gameVersionTypeID': 75208, 'name': 'Server', 'slug': 'server', 'apiVersion': ''}
[2026, 9, 28, 9, 22, 49] ;;; curseforge; {'id': 9776, 'gameVersionTypeID': 73407, 'name': '1.19.4', 'slug': '1-19-4', 'apiVersion': ''}
[2026, 9, 28, 9, 22, 49] ;;; curseforge; {'id': 9792, 'gameVersionTypeID': 615, 'name': '1.19.4', 'slug': '1-19-4', 'apiVersion': ''}
[2026, 9, 28, 9, 22, 49] ;;; curseforge; {'id': 9973, 'gameVersionTypeID': 1, 'name': '1.19.4', 'slug': '1-19-4', 'apiVersion': ''}
[2026, 9, 28, 9, 22, 49] ;;; curseforge; {'file': ('block_decay-forge-1.19.4_1.61.0.jar', <_io.BufferedReader name='.\\releases\\1.61.0\\block_decay-forge-1.19.4_1.61.0.jar'>, 'application/jar'), 'metadata': (None, '{"changelog": "", "displayName": "block_decay forge 1.19.4 1.61.0", "gameVersions": [7498, 9638, 9639, 9776], "gameVersionNames": ["Forge", "Client", "Server", "1.19.4"], "releaseType": "release", "relations": {"projects": [{"slug": "gstools", "projectID": 1404020, "type": "requiredDependency"}]}}', 'application/json')}
[2026, 9, 28, 9, 22, 52] ;;; curseforge; Mod file uploaded successfully! Response: {'id': 8999402}
[2026, 9, 28, 9, 22, 52] ;;; curseforge; Traceback (most recent call last):
  File "C:\Users\joshp\curseforge\minecraft\Instances\Alive Dev\saves\Desire Paths\datapacks_uncompiled\modules\curseforge.py", line 52, in getGameVersions
    _versionInfo[folderName][aLoader][mcVersion].remove(aVersion)
ValueError: list.remove(x): x not in list

[2026, 9, 28, 9, 22, 52] ;;; curseforge; Traceback (most recent call last):
  File "C:\Users\joshp\curseforge\minecraft\Instances\Alive Dev\saves\Desire Paths\datapacks_uncompiled\modules\curseforge.py", line 52, in getGameVersions
    _versionInfo[folderName][aLoader][mcVersion].remove(aVersion)
ValueError: list.remove(x): x not in list

[2026, 9, 28, 9, 22, 52] ;;; curseforge; Traceback (most recent call last):
  File "C:\Users\joshp\curseforge\minecraft\Instances\Alive Dev\saves\Desire Paths\datapacks_uncompiled\modules\curseforge.py", line 52, in getGameVersions
    _versionInfo[folderName][aLoader][mcVersion].remove(aVersion)
ValueError: list.remove(x): x not in list

[2026, 9, 28, 9, 22, 52] ;;; curseforge; Traceback (most recent call last):
  File "C:\Users\joshp\curseforge\minecraft\Instances\Alive Dev\saves\Desire Paths\datapacks_uncompiled\modules\curseforge.py", line 52, in getGameVersions
    _versionInfo[folderName][aLoader][mcVersion].remove(aVersion)
ValueError: list.remove(x): x not in list

[2026, 9, 28, 9, 22, 52] ;;; curseforge; Traceback (most recent call last):
  File "C:\Users\joshp\curseforge\minecraft\Instances\Alive Dev\saves\Desire Paths\datapacks_uncompiled\modules\curseforge.py", line 52, in getGameVersions
    _versionInfo[folderName][aLoader][mcVersion].remove(aVersion)
ValueError: list.remove(x): x not in list

[2026, 9, 28, 9, 22, 52] ;;; curseforge; Traceback (most recent call last):
  File "C:\Users\joshp\curseforge\minecraft\Instances\Alive Dev\saves\Desire Paths\datapacks_uncompiled\modules\curseforge.py", line 52, in getGameVersions
    _versionInfo[folderName][aLoader][mcVersion].remove(aVersion)
ValueError: list.remove(x): x not in list

[2026, 9, 28, 9, 22, 52] ;;; curseforge; {'id': 7498, 'gameVersionTypeID': 68441, 'name': 'Forge', 'slug': 'forge', 'apiVersion': ''}
[2026, 9, 28, 9, 22, 52] ;;; curseforge; {'id': 9638, 'gameVersionTypeID': 75208, 'name': 'Client', 'slug': 'client', 'apiVersion': ''}
[2026, 9, 28, 9, 22, 52] ;;; curseforge; {'id': 9639, 'gameVersionTypeID': 75208, 'name': 'Server', 'slug': 'server', 'apiVersion': ''}
[2026, 9, 28, 9, 22, 52] ;;; curseforge; {'id': 9776, 'gameVersionTypeID': 73407, 'name': '1.19.4', 'slug': '1-19-4', 'apiVersion': ''}
[2026, 9, 28, 9, 22, 52] ;;; curseforge; {'id': 9792, 'gameVersionTypeID': 615, 'name': '1.19.4', 'slug': '1-19-4', 'apiVersion': ''}
[2026, 9, 28, 9, 22, 52] ;;; curseforge; {'id': 9973, 'gameVersionTypeID': 1, 'name': '1.19.4', 'slug': '1-19-4', 'apiVersion': ''}
[2026, 9, 28, 9, 22, 56] ;;; curseforge; Traceback (most recent call last):
  File "C:\Users\joshp\curseforge\minecraft\Instances\Alive Dev\saves\Desire Paths\datapacks_uncompiled\modules\curseforge.py", line 52, in getGameVersions
    _versionInfo[folderName][aLoader][mcVersion].remove(aVersion)
ValueError: list.remove(x): x not in list

[2026, 9, 28, 9, 22, 56] ;;; curseforge; Traceback (most recent call last):
  File "C:\Users\joshp\curseforge\minecraft\Instances\Alive Dev\saves\Desire Paths\datapacks_uncompiled\modules\curseforge.py", line 52, in getGameVersions
    _versionInfo[folderName][aLoader][mcVersion].remove(aVersion)
ValueError: list.remove(x): x not in list

[2026, 9, 28, 9, 22, 56] ;;; curseforge; Traceback (most recent call last):
  File "C:\Users\joshp\curseforge\minecraft\Instances\Alive Dev\saves\Desire Paths\datapacks_uncompiled\modules\curseforge.py", line 52, in getGameVersions
    _versionInfo[folderName][aLoader][mcVersion].remove(aVersion)
ValueError: list.remove(x): x not in list

[2026, 9, 28, 9, 22, 56] ;;; curseforge; Traceback (most recent call last):
  File "C:\Users\joshp\curseforge\minecraft\Instances\Alive Dev\saves\Desire Paths\datapacks_uncompiled\modules\curseforge.py", line 52, in getGameVersions
    _versionInfo[folderName][aLoader][mcVersion].remove(aVersion)
ValueError: list.remove(x): x not in list

[2026, 9, 28, 9, 22, 56] ;;; curseforge; Traceback (most recent call last):
  File "C:\Users\joshp\curseforge\minecraft\Instances\Alive Dev\saves\Desire Paths\datapacks_uncompiled\modules\curseforge.py", line 52, in getGameVersions
    _versionInfo[folderName][aLoader][mcVersion].remove(aVersion)
ValueError: list.remove(x): x not in list

[2026, 9, 28, 9, 22, 56] ;;; curseforge; Traceback (most recent call last):
  File "C:\Users\joshp\curseforge\minecraft\Instances\Alive Dev\saves\Desire Paths\datapacks_uncompiled\modules\curseforge.py", line 52, in getGameVersions
    _versionInfo[folderName][aLoader][mcVersion].remove(aVersion)
ValueError: list.remove(x): x not in list

[2026, 9, 28, 9, 22, 56] ;;; curseforge; {'id': 9638, 'gameVersionTypeID': 75208, 'name': 'Client', 'slug': 'client', 'apiVersion': ''}
[2026, 9, 28, 9, 22, 56] ;;; curseforge; {'id': 9639, 'gameVersionTypeID': 75208, 'name': 'Server', 'slug': 'server', 'apiVersion': ''}
[2026, 9, 28, 9, 22, 56] ;;; curseforge; {'id': 10150, 'gameVersionTypeID': 68441, 'name': 'NeoForge', 'slug': 'neoforge', 'apiVersion': ''}
[2026, 9, 28, 9, 22, 56] ;;; curseforge; {'id': 10407, 'gameVersionTypeID': 75125, 'name': '1.20.4', 'slug': '1-20-4', 'apiVersion': None}
[2026, 9, 28, 9, 22, 56] ;;; curseforge; {'id': 10742, 'gameVersionTypeID': 1, 'name': '1.20.4', 'slug': '1-20-4', 'apiVersion': ''}
[2026, 9, 28, 9, 22, 56] ;;; curseforge; {'id': 10866, 'gameVersionTypeID': 615, 'name': '1.20.4', 'slug': '1-20-4', 'apiVersion': ''}
[2026, 9, 28, 9, 22, 56] ;;; curseforge; {'file': ('block_decay-neoforge-1.20.4_1.61.0.jar', <_io.BufferedReader name='.\\releases\\1.61.0\\block_decay-neoforge-1.20.4_1.61.0.jar'>, 'application/jar'), 'metadata': (None, '{"changelog": "", "displayName": "block_decay neoforge 1.20.4 1.61.0", "gameVersions": [9638, 9639, 10150, 10407], "gameVersionNames": ["Client", "Server", "NeoForge", "1.20.4"], "releaseType": "release", "relations": {"projects": [{"slug": "gstools", "projectID": 1404020, "type": "requiredDependency"}]}}', 'application/json')}
[2026, 9, 28, 9, 22, 59] ;;; curseforge; Mod file uploaded successfully! Response: {'id': 8999403}
[2026, 9, 28, 9, 22, 59] ;;; curseforge; Traceback (most recent call last):
  File "C:\Users\joshp\curseforge\minecraft\Instances\Alive Dev\saves\Desire Paths\datapacks_uncompiled\modules\curseforge.py", line 52, in getGameVersions
    _versionInfo[folderName][aLoader][mcVersion].remove(aVersion)
ValueError: list.remove(x): x not in list

[2026, 9, 28, 9, 22, 59] ;;; curseforge; Traceback (most recent call last):
  File "C:\Users\joshp\curseforge\minecraft\Instances\Alive Dev\saves\Desire Paths\datapacks_uncompiled\modules\curseforge.py", line 52, in getGameVersions
    _versionInfo[folderName][aLoader][mcVersion].remove(aVersion)
ValueError: list.remove(x): x not in list

[2026, 9, 28, 9, 22, 59] ;;; curseforge; Traceback (most recent call last):
  File "C:\Users\joshp\curseforge\minecraft\Instances\Alive Dev\saves\Desire Paths\datapacks_uncompiled\modules\curseforge.py", line 52, in getGameVersions
    _versionInfo[folderName][aLoader][mcVersion].remove(aVersion)
ValueError: list.remove(x): x not in list

[2026, 9, 28, 9, 22, 59] ;;; curseforge; Traceback (most recent call last):
  File "C:\Users\joshp\curseforge\minecraft\Instances\Alive Dev\saves\Desire Paths\datapacks_uncompiled\modules\curseforge.py", line 52, in getGameVersions
    _versionInfo[folderName][aLoader][mcVersion].remove(aVersion)
ValueError: list.remove(x): x not in list

[2026, 9, 28, 9, 22, 59] ;;; curseforge; Traceback (most recent call last):
  File "C:\Users\joshp\curseforge\minecraft\Instances\Alive Dev\saves\Desire Paths\datapacks_uncompiled\modules\curseforge.py", line 52, in getGameVersions
    _versionInfo[folderName][aLoader][mcVersion].remove(aVersion)
ValueError: list.remove(x): x not in list

[2026, 9, 28, 9, 22, 59] ;;; curseforge; Traceback (most recent call last):
  File "C:\Users\joshp\curseforge\minecraft\Instances\Alive Dev\saves\Desire Paths\datapacks_uncompiled\modules\curseforge.py", line 52, in getGameVersions
    _versionInfo[folderName][aLoader][mcVersion].remove(aVersion)
ValueError: list.remove(x): x not in list

[2026, 9, 28, 9, 22, 59] ;;; curseforge; {'id': 9638, 'gameVersionTypeID': 75208, 'name': 'Client', 'slug': 'client', 'apiVersion': ''}
[2026, 9, 28, 9, 22, 59] ;;; curseforge; {'id': 9639, 'gameVersionTypeID': 75208, 'name': 'Server', 'slug': 'server', 'apiVersion': ''}
[2026, 9, 28, 9, 22, 59] ;;; curseforge; {'id': 10150, 'gameVersionTypeID': 68441, 'name': 'NeoForge', 'slug': 'neoforge', 'apiVersion': ''}
[2026, 9, 28, 9, 22, 59] ;;; curseforge; {'id': 10407, 'gameVersionTypeID': 75125, 'name': '1.20.4', 'slug': '1-20-4', 'apiVersion': None}
[2026, 9, 28, 9, 22, 59] ;;; curseforge; {'id': 10742, 'gameVersionTypeID': 1, 'name': '1.20.4', 'slug': '1-20-4', 'apiVersion': ''}
[2026, 9, 28, 9, 22, 59] ;;; curseforge; {'id': 10866, 'gameVersionTypeID': 615, 'name': '1.20.4', 'slug': '1-20-4', 'apiVersion': ''}
[2026, 9, 28, 9, 23, 5] ;;; curseforge; Traceback (most recent call last):
  File "C:\Users\joshp\curseforge\minecraft\Instances\Alive Dev\saves\Desire Paths\datapacks_uncompiled\modules\curseforge.py", line 52, in getGameVersions
    _versionInfo[folderName][aLoader][mcVersion].remove(aVersion)
ValueError: list.remove(x): x not in list

[2026, 9, 28, 9, 23, 5] ;;; curseforge; Traceback (most recent call last):
  File "C:\Users\joshp\curseforge\minecraft\Instances\Alive Dev\saves\Desire Paths\datapacks_uncompiled\modules\curseforge.py", line 52, in getGameVersions
    _versionInfo[folderName][aLoader][mcVersion].remove(aVersion)
ValueError: list.remove(x): x not in list

[2026, 9, 28, 9, 23, 5] ;;; curseforge; Traceback (most recent call last):
  File "C:\Users\joshp\curseforge\minecraft\Instances\Alive Dev\saves\Desire Paths\datapacks_uncompiled\modules\curseforge.py", line 52, in getGameVersions
    _versionInfo[folderName][aLoader][mcVersion].remove(aVersion)
ValueError: list.remove(x): x not in list

[2026, 9, 28, 9, 23, 5] ;;; curseforge; Traceback (most recent call last):
  File "C:\Users\joshp\curseforge\minecraft\Instances\Alive Dev\saves\Desire Paths\datapacks_uncompiled\modules\curseforge.py", line 52, in getGameVersions
    _versionInfo[folderName][aLoader][mcVersion].remove(aVersion)
ValueError: list.remove(x): x not in list

[2026, 9, 28, 9, 23, 5] ;;; curseforge; Traceback (most recent call last):
  File "C:\Users\joshp\curseforge\minecraft\Instances\Alive Dev\saves\Desire Paths\datapacks_uncompiled\modules\curseforge.py", line 52, in getGameVersions
    _versionInfo[folderName][aLoader][mcVersion].remove(aVersion)
ValueError: list.remove(x): x not in list

[2026, 9, 28, 9, 23, 5] ;;; curseforge; Traceback (most recent call last):
  File "C:\Users\joshp\curseforge\minecraft\Instances\Alive Dev\saves\Desire Paths\datapacks_uncompiled\modules\curseforge.py", line 52, in getGameVersions
    _versionInfo[folderName][aLoader][mcVersion].remove(aVersion)
ValueError: list.remove(x): x not in list

[2026, 9, 28, 9, 23, 5] ;;; curseforge; {'id': 9638, 'gameVersionTypeID': 75208, 'name': 'Client', 'slug': 'client', 'apiVersion': ''}
[2026, 9, 28, 9, 23, 5] ;;; curseforge; {'id': 9639, 'gameVersionTypeID': 75208, 'name': 'Server', 'slug': 'server', 'apiVersion': ''}
[2026, 9, 28, 9, 23, 5] ;;; curseforge; {'id': 10150, 'gameVersionTypeID': 68441, 'name': 'NeoForge', 'slug': 'neoforge', 'apiVersion': ''}
[2026, 9, 28, 9, 23, 5] ;;; curseforge; {'id': 11198, 'gameVersionTypeID': 75125, 'name': '1.20.6', 'slug': '1-20-6', 'apiVersion': None}
[2026, 9, 28, 9, 23, 5] ;;; curseforge; {'id': 11307, 'gameVersionTypeID': 1, 'name': '1.20.6', 'slug': '1-20-6', 'apiVersion': ''}
[2026, 9, 28, 9, 23, 5] ;;; curseforge; {'id': 11309, 'gameVersionTypeID': 615, 'name': '1.20.6', 'slug': '1-20-6', 'apiVersion': ''}
[2026, 9, 28, 9, 23, 5] ;;; curseforge; {'file': ('block_decay-neoforge-1.20.6_1.61.0.jar', <_io.BufferedReader name='.\\releases\\1.61.0\\block_decay-neoforge-1.20.6_1.61.0.jar'>, 'application/jar'), 'metadata': (None, '{"changelog": "", "displayName": "block_decay neoforge 1.20.6 1.61.0", "gameVersions": [9638, 9639, 10150, 11198], "gameVersionNames": ["Client", "Server", "NeoForge", "1.20.6"], "releaseType": "release", "relations": {"projects": [{"slug": "gstools", "projectID": 1404020, "type": "requiredDependency"}]}}', 'application/json')}
[2026, 9, 28, 9, 23, 7] ;;; curseforge; Mod file uploaded successfully! Response: {'id': 8999406}
[2026, 9, 28, 9, 23, 8] ;;; curseforge; Traceback (most recent call last):
  File "C:\Users\joshp\curseforge\minecraft\Instances\Alive Dev\saves\Desire Paths\datapacks_uncompiled\modules\curseforge.py", line 52, in getGameVersions
    _versionInfo[folderName][aLoader][mcVersion].remove(aVersion)
ValueError: list.remove(x): x not in list

[2026, 9, 28, 9, 23, 8] ;;; curseforge; Traceback (most recent call last):
  File "C:\Users\joshp\curseforge\minecraft\Instances\Alive Dev\saves\Desire Paths\datapacks_uncompiled\modules\curseforge.py", line 52, in getGameVersions
    _versionInfo[folderName][aLoader][mcVersion].remove(aVersion)
ValueError: list.remove(x): x not in list

[2026, 9, 28, 9, 23, 8] ;;; curseforge; Traceback (most recent call last):
  File "C:\Users\joshp\curseforge\minecraft\Instances\Alive Dev\saves\Desire Paths\datapacks_uncompiled\modules\curseforge.py", line 52, in getGameVersions
    _versionInfo[folderName][aLoader][mcVersion].remove(aVersion)
ValueError: list.remove(x): x not in list

[2026, 9, 28, 9, 23, 8] ;;; curseforge; Traceback (most recent call last):
  File "C:\Users\joshp\curseforge\minecraft\Instances\Alive Dev\saves\Desire Paths\datapacks_uncompiled\modules\curseforge.py", line 52, in getGameVersions
    _versionInfo[folderName][aLoader][mcVersion].remove(aVersion)
ValueError: list.remove(x): x not in list

[2026, 9, 28, 9, 23, 8] ;;; curseforge; Traceback (most recent call last):
  File "C:\Users\joshp\curseforge\minecraft\Instances\Alive Dev\saves\Desire Paths\datapacks_uncompiled\modules\curseforge.py", line 52, in getGameVersions
    _versionInfo[folderName][aLoader][mcVersion].remove(aVersion)
ValueError: list.remove(x): x not in list

[2026, 9, 28, 9, 23, 8] ;;; curseforge; Traceback (most recent call last):
  File "C:\Users\joshp\curseforge\minecraft\Instances\Alive Dev\saves\Desire Paths\datapacks_uncompiled\modules\curseforge.py", line 52, in getGameVersions
    _versionInfo[folderName][aLoader][mcVersion].remove(aVersion)
ValueError: list.remove(x): x not in list

[2026, 9, 28, 9, 23, 8] ;;; curseforge; {'id': 9638, 'gameVersionTypeID': 75208, 'name': 'Client', 'slug': 'client', 'apiVersion': ''}
[2026, 9, 28, 9, 23, 8] ;;; curseforge; {'id': 9639, 'gameVersionTypeID': 75208, 'name': 'Server', 'slug': 'server', 'apiVersion': ''}
[2026, 9, 28, 9, 23, 8] ;;; curseforge; {'id': 10150, 'gameVersionTypeID': 68441, 'name': 'NeoForge', 'slug': 'neoforge', 'apiVersion': ''}
[2026, 9, 28, 9, 23, 8] ;;; curseforge; {'id': 11198, 'gameVersionTypeID': 75125, 'name': '1.20.6', 'slug': '1-20-6', 'apiVersion': None}
[2026, 9, 28, 9, 23, 8] ;;; curseforge; {'id': 11307, 'gameVersionTypeID': 1, 'name': '1.20.6', 'slug': '1-20-6', 'apiVersion': ''}
[2026, 9, 28, 9, 23, 8] ;;; curseforge; {'id': 11309, 'gameVersionTypeID': 615, 'name': '1.20.6', 'slug': '1-20-6', 'apiVersion': ''}
[2026, 9, 28, 9, 23, 12] ;;; curseforge; Traceback (most recent call last):
  File "C:\Users\joshp\curseforge\minecraft\Instances\Alive Dev\saves\Desire Paths\datapacks_uncompiled\modules\curseforge.py", line 52, in getGameVersions
    _versionInfo[folderName][aLoader][mcVersion].remove(aVersion)
ValueError: list.remove(x): x not in list

[2026, 9, 28, 9, 23, 12] ;;; curseforge; Traceback (most recent call last):
  File "C:\Users\joshp\curseforge\minecraft\Instances\Alive Dev\saves\Desire Paths\datapacks_uncompiled\modules\curseforge.py", line 52, in getGameVersions
    _versionInfo[folderName][aLoader][mcVersion].remove(aVersion)
ValueError: list.remove(x): x not in list

[2026, 9, 28, 9, 23, 12] ;;; curseforge; Traceback (most recent call last):
  File "C:\Users\joshp\curseforge\minecraft\Instances\Alive Dev\saves\Desire Paths\datapacks_uncompiled\modules\curseforge.py", line 52, in getGameVersions
    _versionInfo[folderName][aLoader][mcVersion].remove(aVersion)
ValueError: list.remove(x): x not in list

[2026, 9, 28, 9, 23, 12] ;;; curseforge; Traceback (most recent call last):
  File "C:\Users\joshp\curseforge\minecraft\Instances\Alive Dev\saves\Desire Paths\datapacks_uncompiled\modules\curseforge.py", line 52, in getGameVersions
    _versionInfo[folderName][aLoader][mcVersion].remove(aVersion)
ValueError: list.remove(x): x not in list

[2026, 9, 28, 9, 23, 12] ;;; curseforge; Traceback (most recent call last):
  File "C:\Users\joshp\curseforge\minecraft\Instances\Alive Dev\saves\Desire Paths\datapacks_uncompiled\modules\curseforge.py", line 52, in getGameVersions
    _versionInfo[folderName][aLoader][mcVersion].remove(aVersion)
ValueError: list.remove(x): x not in list

[2026, 9, 28, 9, 23, 12] ;;; curseforge; Traceback (most recent call last):
  File "C:\Users\joshp\curseforge\minecraft\Instances\Alive Dev\saves\Desire Paths\datapacks_uncompiled\modules\curseforge.py", line 52, in getGameVersions
    _versionInfo[folderName][aLoader][mcVersion].remove(aVersion)
ValueError: list.remove(x): x not in list

[2026, 9, 28, 9, 23, 12] ;;; curseforge; {'id': 9638, 'gameVersionTypeID': 75208, 'name': 'Client', 'slug': 'client', 'apiVersion': ''}
[2026, 9, 28, 9, 23, 12] ;;; curseforge; {'id': 9639, 'gameVersionTypeID': 75208, 'name': 'Server', 'slug': 'server', 'apiVersion': ''}
[2026, 9, 28, 9, 23, 12] ;;; curseforge; {'id': 10150, 'gameVersionTypeID': 68441, 'name': 'NeoForge', 'slug': 'neoforge', 'apiVersion': ''}
[2026, 9, 28, 9, 23, 12] ;;; curseforge; {'id': 13964, 'gameVersionTypeID': 77784, 'name': '1.21.10', 'slug': '1-21-10', 'apiVersion': None}
[2026, 9, 28, 9, 23, 12] ;;; curseforge; {'id': 13966, 'gameVersionTypeID': 1, 'name': '1.21.10', 'slug': '1-21-10', 'apiVersion': ''}
[2026, 9, 28, 9, 23, 12] ;;; curseforge; {'id': 16126, 'gameVersionTypeID': 615, 'name': '1.21.10', 'slug': '1-21-10', 'apiVersion': ''}
[2026, 9, 28, 9, 23, 12] ;;; curseforge; {'file': ('block_decay-neoforge-1.21.10_1.61.0.jar', <_io.BufferedReader name='.\\releases\\1.61.0\\block_decay-neoforge-1.21.10_1.61.0.jar'>, 'application/jar'), 'metadata': (None, '{"changelog": "", "displayName": "block_decay neoforge 1.21.10 1.61.0", "gameVersions": [9638, 9639, 10150, 13964], "gameVersionNames": ["Client", "Server", "NeoForge", "1.21.10"], "releaseType": "release", "relations": {"projects": [{"slug": "gstools", "projectID": 1404020, "type": "requiredDependency"}]}}', 'application/json')}
[2026, 9, 28, 9, 23, 14] ;;; curseforge; Mod file uploaded successfully! Response: {'id': 8999407}
[2026, 9, 28, 9, 23, 15] ;;; curseforge; Traceback (most recent call last):
  File "C:\Users\joshp\curseforge\minecraft\Instances\Alive Dev\saves\Desire Paths\datapacks_uncompiled\modules\curseforge.py", line 52, in getGameVersions
    _versionInfo[folderName][aLoader][mcVersion].remove(aVersion)
ValueError: list.remove(x): x not in list

[2026, 9, 28, 9, 23, 15] ;;; curseforge; Traceback (most recent call last):
  File "C:\Users\joshp\curseforge\minecraft\Instances\Alive Dev\saves\Desire Paths\datapacks_uncompiled\modules\curseforge.py", line 52, in getGameVersions
    _versionInfo[folderName][aLoader][mcVersion].remove(aVersion)
ValueError: list.remove(x): x not in list

[2026, 9, 28, 9, 23, 15] ;;; curseforge; Traceback (most recent call last):
  File "C:\Users\joshp\curseforge\minecraft\Instances\Alive Dev\saves\Desire Paths\datapacks_uncompiled\modules\curseforge.py", line 52, in getGameVersions
    _versionInfo[folderName][aLoader][mcVersion].remove(aVersion)
ValueError: list.remove(x): x not in list

[2026, 9, 28, 9, 23, 15] ;;; curseforge; Traceback (most recent call last):
  File "C:\Users\joshp\curseforge\minecraft\Instances\Alive Dev\saves\Desire Paths\datapacks_uncompiled\modules\curseforge.py", line 52, in getGameVersions
    _versionInfo[folderName][aLoader][mcVersion].remove(aVersion)
ValueError: list.remove(x): x not in list

[2026, 9, 28, 9, 23, 15] ;;; curseforge; Traceback (most recent call last):
  File "C:\Users\joshp\curseforge\minecraft\Instances\Alive Dev\saves\Desire Paths\datapacks_uncompiled\modules\curseforge.py", line 52, in getGameVersions
    _versionInfo[folderName][aLoader][mcVersion].remove(aVersion)
ValueError: list.remove(x): x not in list

[2026, 9, 28, 9, 23, 15] ;;; curseforge; Traceback (most recent call last):
  File "C:\Users\joshp\curseforge\minecraft\Instances\Alive Dev\saves\Desire Paths\datapacks_uncompiled\modules\curseforge.py", line 52, in getGameVersions
    _versionInfo[folderName][aLoader][mcVersion].remove(aVersion)
ValueError: list.remove(x): x not in list

[2026, 9, 28, 9, 23, 15] ;;; curseforge; {'id': 9638, 'gameVersionTypeID': 75208, 'name': 'Client', 'slug': 'client', 'apiVersion': ''}
[2026, 9, 28, 9, 23, 15] ;;; curseforge; {'id': 9639, 'gameVersionTypeID': 75208, 'name': 'Server', 'slug': 'server', 'apiVersion': ''}
[2026, 9, 28, 9, 23, 15] ;;; curseforge; {'id': 10150, 'gameVersionTypeID': 68441, 'name': 'NeoForge', 'slug': 'neoforge', 'apiVersion': ''}
[2026, 9, 28, 9, 23, 15] ;;; curseforge; {'id': 13964, 'gameVersionTypeID': 77784, 'name': '1.21.10', 'slug': '1-21-10', 'apiVersion': None}
[2026, 9, 28, 9, 23, 15] ;;; curseforge; {'id': 13966, 'gameVersionTypeID': 1, 'name': '1.21.10', 'slug': '1-21-10', 'apiVersion': ''}
[2026, 9, 28, 9, 23, 15] ;;; curseforge; {'id': 16126, 'gameVersionTypeID': 615, 'name': '1.21.10', 'slug': '1-21-10', 'apiVersion': ''}
[2026, 9, 28, 9, 23, 19] ;;; curseforge; Traceback (most recent call last):
  File "C:\Users\joshp\curseforge\minecraft\Instances\Alive Dev\saves\Desire Paths\datapacks_uncompiled\modules\curseforge.py", line 52, in getGameVersions
    _versionInfo[folderName][aLoader][mcVersion].remove(aVersion)
ValueError: list.remove(x): x not in list

[2026, 9, 28, 9, 23, 19] ;;; curseforge; Traceback (most recent call last):
  File "C:\Users\joshp\curseforge\minecraft\Instances\Alive Dev\saves\Desire Paths\datapacks_uncompiled\modules\curseforge.py", line 52, in getGameVersions
    _versionInfo[folderName][aLoader][mcVersion].remove(aVersion)
ValueError: list.remove(x): x not in list

[2026, 9, 28, 9, 23, 19] ;;; curseforge; Traceback (most recent call last):
  File "C:\Users\joshp\curseforge\minecraft\Instances\Alive Dev\saves\Desire Paths\datapacks_uncompiled\modules\curseforge.py", line 52, in getGameVersions
    _versionInfo[folderName][aLoader][mcVersion].remove(aVersion)
ValueError: list.remove(x): x not in list

[2026, 9, 28, 9, 23, 19] ;;; curseforge; Traceback (most recent call last):
  File "C:\Users\joshp\curseforge\minecraft\Instances\Alive Dev\saves\Desire Paths\datapacks_uncompiled\modules\curseforge.py", line 52, in getGameVersions
    _versionInfo[folderName][aLoader][mcVersion].remove(aVersion)
ValueError: list.remove(x): x not in list

[2026, 9, 28, 9, 23, 19] ;;; curseforge; Traceback (most recent call last):
  File "C:\Users\joshp\curseforge\minecraft\Instances\Alive Dev\saves\Desire Paths\datapacks_uncompiled\modules\curseforge.py", line 52, in getGameVersions
    _versionInfo[folderName][aLoader][mcVersion].remove(aVersion)
ValueError: list.remove(x): x not in list

[2026, 9, 28, 9, 23, 19] ;;; curseforge; Traceback (most recent call last):
  File "C:\Users\joshp\curseforge\minecraft\Instances\Alive Dev\saves\Desire Paths\datapacks_uncompiled\modules\curseforge.py", line 52, in getGameVersions
    _versionInfo[folderName][aLoader][mcVersion].remove(aVersion)
ValueError: list.remove(x): x not in list

[2026, 9, 28, 9, 23, 19] ;;; curseforge; {'id': 9638, 'gameVersionTypeID': 75208, 'name': 'Client', 'slug': 'client', 'apiVersion': ''}
[2026, 9, 28, 9, 23, 19] ;;; curseforge; {'id': 9639, 'gameVersionTypeID': 75208, 'name': 'Server', 'slug': 'server', 'apiVersion': ''}
[2026, 9, 28, 9, 23, 19] ;;; curseforge; {'id': 10150, 'gameVersionTypeID': 68441, 'name': 'NeoForge', 'slug': 'neoforge', 'apiVersion': ''}
[2026, 9, 28, 9, 23, 19] ;;; curseforge; {'id': 14406, 'gameVersionTypeID': 77784, 'name': '1.21.11', 'slug': '1-21-11', 'apiVersion': None}
[2026, 9, 28, 9, 23, 19] ;;; curseforge; {'id': 14417, 'gameVersionTypeID': 1, 'name': '1.21.11', 'slug': '1-21-11', 'apiVersion': ''}
[2026, 9, 28, 9, 23, 19] ;;; curseforge; {'id': 16127, 'gameVersionTypeID': 615, 'name': '1.21.11', 'slug': '1-21-11', 'apiVersion': ''}
[2026, 9, 28, 9, 23, 19] ;;; curseforge; {'file': ('block_decay-neoforge-1.21.11_1.61.0.jar', <_io.BufferedReader name='.\\releases\\1.61.0\\block_decay-neoforge-1.21.11_1.61.0.jar'>, 'application/jar'), 'metadata': (None, '{"changelog": "", "displayName": "block_decay neoforge 1.21.11 1.61.0", "gameVersions": [9638, 9639, 10150, 14406], "gameVersionNames": ["Client", "Server", "NeoForge", "1.21.11"], "releaseType": "release", "relations": {"projects": [{"slug": "gstools", "projectID": 1404020, "type": "requiredDependency"}]}}', 'application/json')}
[2026, 9, 28, 9, 23, 22] ;;; curseforge; Mod file uploaded successfully! Response: {'id': 8999409}
[2026, 9, 28, 9, 23, 22] ;;; curseforge; Traceback (most recent call last):
  File "C:\Users\joshp\curseforge\minecraft\Instances\Alive Dev\saves\Desire Paths\datapacks_uncompiled\modules\curseforge.py", line 52, in getGameVersions
    _versionInfo[folderName][aLoader][mcVersion].remove(aVersion)
ValueError: list.remove(x): x not in list

[2026, 9, 28, 9, 23, 22] ;;; curseforge; Traceback (most recent call last):
  File "C:\Users\joshp\curseforge\minecraft\Instances\Alive Dev\saves\Desire Paths\datapacks_uncompiled\modules\curseforge.py", line 52, in getGameVersions
    _versionInfo[folderName][aLoader][mcVersion].remove(aVersion)
ValueError: list.remove(x): x not in list

[2026, 9, 28, 9, 23, 22] ;;; curseforge; Traceback (most recent call last):
  File "C:\Users\joshp\curseforge\minecraft\Instances\Alive Dev\saves\Desire Paths\datapacks_uncompiled\modules\curseforge.py", line 52, in getGameVersions
    _versionInfo[folderName][aLoader][mcVersion].remove(aVersion)
ValueError: list.remove(x): x not in list

[2026, 9, 28, 9, 23, 22] ;;; curseforge; Traceback (most recent call last):
  File "C:\Users\joshp\curseforge\minecraft\Instances\Alive Dev\saves\Desire Paths\datapacks_uncompiled\modules\curseforge.py", line 52, in getGameVersions
    _versionInfo[folderName][aLoader][mcVersion].remove(aVersion)
ValueError: list.remove(x): x not in list

[2026, 9, 28, 9, 23, 22] ;;; curseforge; Traceback (most recent call last):
  File "C:\Users\joshp\curseforge\minecraft\Instances\Alive Dev\saves\Desire Paths\datapacks_uncompiled\modules\curseforge.py", line 52, in getGameVersions
    _versionInfo[folderName][aLoader][mcVersion].remove(aVersion)
ValueError: list.remove(x): x not in list

[2026, 9, 28, 9, 23, 22] ;;; curseforge; Traceback (most recent call last):
  File "C:\Users\joshp\curseforge\minecraft\Instances\Alive Dev\saves\Desire Paths\datapacks_uncompiled\modules\curseforge.py", line 52, in getGameVersions
    _versionInfo[folderName][aLoader][mcVersion].remove(aVersion)
ValueError: list.remove(x): x not in list

[2026, 9, 28, 9, 23, 23] ;;; curseforge; {'id': 9638, 'gameVersionTypeID': 75208, 'name': 'Client', 'slug': 'client', 'apiVersion': ''}
[2026, 9, 28, 9, 23, 23] ;;; curseforge; {'id': 9639, 'gameVersionTypeID': 75208, 'name': 'Server', 'slug': 'server', 'apiVersion': ''}
[2026, 9, 28, 9, 23, 23] ;;; curseforge; {'id': 10150, 'gameVersionTypeID': 68441, 'name': 'NeoForge', 'slug': 'neoforge', 'apiVersion': ''}
[2026, 9, 28, 9, 23, 23] ;;; curseforge; {'id': 14406, 'gameVersionTypeID': 77784, 'name': '1.21.11', 'slug': '1-21-11', 'apiVersion': None}
[2026, 9, 28, 9, 23, 23] ;;; curseforge; {'id': 14417, 'gameVersionTypeID': 1, 'name': '1.21.11', 'slug': '1-21-11', 'apiVersion': ''}
[2026, 9, 28, 9, 23, 23] ;;; curseforge; {'id': 16127, 'gameVersionTypeID': 615, 'name': '1.21.11', 'slug': '1-21-11', 'apiVersion': ''}
[2026, 9, 28, 9, 23, 27] ;;; curseforge; Traceback (most recent call last):
  File "C:\Users\joshp\curseforge\minecraft\Instances\Alive Dev\saves\Desire Paths\datapacks_uncompiled\modules\curseforge.py", line 52, in getGameVersions
    _versionInfo[folderName][aLoader][mcVersion].remove(aVersion)
ValueError: list.remove(x): x not in list

[2026, 9, 28, 9, 23, 27] ;;; curseforge; Traceback (most recent call last):
  File "C:\Users\joshp\curseforge\minecraft\Instances\Alive Dev\saves\Desire Paths\datapacks_uncompiled\modules\curseforge.py", line 52, in getGameVersions
    _versionInfo[folderName][aLoader][mcVersion].remove(aVersion)
ValueError: list.remove(x): x not in list

[2026, 9, 28, 9, 23, 27] ;;; curseforge; Traceback (most recent call last):
  File "C:\Users\joshp\curseforge\minecraft\Instances\Alive Dev\saves\Desire Paths\datapacks_uncompiled\modules\curseforge.py", line 52, in getGameVersions
    _versionInfo[folderName][aLoader][mcVersion].remove(aVersion)
ValueError: list.remove(x): x not in list

[2026, 9, 28, 9, 23, 27] ;;; curseforge; Traceback (most recent call last):
  File "C:\Users\joshp\curseforge\minecraft\Instances\Alive Dev\saves\Desire Paths\datapacks_uncompiled\modules\curseforge.py", line 52, in getGameVersions
    _versionInfo[folderName][aLoader][mcVersion].remove(aVersion)
ValueError: list.remove(x): x not in list

[2026, 9, 28, 9, 23, 27] ;;; curseforge; Traceback (most recent call last):
  File "C:\Users\joshp\curseforge\minecraft\Instances\Alive Dev\saves\Desire Paths\datapacks_uncompiled\modules\curseforge.py", line 52, in getGameVersions
    _versionInfo[folderName][aLoader][mcVersion].remove(aVersion)
ValueError: list.remove(x): x not in list

[2026, 9, 28, 9, 23, 27] ;;; curseforge; Traceback (most recent call last):
  File "C:\Users\joshp\curseforge\minecraft\Instances\Alive Dev\saves\Desire Paths\datapacks_uncompiled\modules\curseforge.py", line 52, in getGameVersions
    _versionInfo[folderName][aLoader][mcVersion].remove(aVersion)
ValueError: list.remove(x): x not in list

[2026, 9, 28, 9, 23, 27] ;;; curseforge; {'id': 9638, 'gameVersionTypeID': 75208, 'name': 'Client', 'slug': 'client', 'apiVersion': ''}
[2026, 9, 28, 9, 23, 27] ;;; curseforge; {'id': 9639, 'gameVersionTypeID': 75208, 'name': 'Server', 'slug': 'server', 'apiVersion': ''}
[2026, 9, 28, 9, 23, 27] ;;; curseforge; {'id': 10150, 'gameVersionTypeID': 68441, 'name': 'NeoForge', 'slug': 'neoforge', 'apiVersion': ''}
[2026, 9, 28, 9, 23, 27] ;;; curseforge; {'id': 11779, 'gameVersionTypeID': 77784, 'name': '1.21.1', 'slug': '1-21-1', 'apiVersion': None}
[2026, 9, 28, 9, 23, 27] ;;; curseforge; {'id': 12735, 'gameVersionTypeID': 1, 'name': '1.21.1', 'slug': '1-21-1', 'apiVersion': ''}
[2026, 9, 28, 9, 23, 27] ;;; curseforge; {'id': 16115, 'gameVersionTypeID': 615, 'name': '1.21.1', 'slug': '1-21-1', 'apiVersion': ''}
[2026, 9, 28, 9, 23, 27] ;;; curseforge; {'file': ('block_decay-neoforge-1.21.1_1.61.0.jar', <_io.BufferedReader name='.\\releases\\1.61.0\\block_decay-neoforge-1.21.1_1.61.0.jar'>, 'application/jar'), 'metadata': (None, '{"changelog": "", "displayName": "block_decay neoforge 1.21.1 1.61.0", "gameVersions": [9638, 9639, 10150, 11779], "gameVersionNames": ["Client", "Server", "NeoForge", "1.21.1"], "releaseType": "release", "relations": {"projects": [{"slug": "gstools", "projectID": 1404020, "type": "requiredDependency"}, {"slug": "gstools-weather2-compat", "projectID": 1710321, "type": "requiredDependency"}]}}', 'application/json')}
[2026, 9, 28, 9, 23, 30] ;;; curseforge; Mod file uploaded successfully! Response: {'id': 8999411}
[2026, 9, 28, 9, 23, 30] ;;; curseforge; Traceback (most recent call last):
  File "C:\Users\joshp\curseforge\minecraft\Instances\Alive Dev\saves\Desire Paths\datapacks_uncompiled\modules\curseforge.py", line 52, in getGameVersions
    _versionInfo[folderName][aLoader][mcVersion].remove(aVersion)
ValueError: list.remove(x): x not in list

[2026, 9, 28, 9, 23, 30] ;;; curseforge; Traceback (most recent call last):
  File "C:\Users\joshp\curseforge\minecraft\Instances\Alive Dev\saves\Desire Paths\datapacks_uncompiled\modules\curseforge.py", line 52, in getGameVersions
    _versionInfo[folderName][aLoader][mcVersion].remove(aVersion)
ValueError: list.remove(x): x not in list

[2026, 9, 28, 9, 23, 30] ;;; curseforge; Traceback (most recent call last):
  File "C:\Users\joshp\curseforge\minecraft\Instances\Alive Dev\saves\Desire Paths\datapacks_uncompiled\modules\curseforge.py", line 52, in getGameVersions
    _versionInfo[folderName][aLoader][mcVersion].remove(aVersion)
ValueError: list.remove(x): x not in list

[2026, 9, 28, 9, 23, 30] ;;; curseforge; Traceback (most recent call last):
  File "C:\Users\joshp\curseforge\minecraft\Instances\Alive Dev\saves\Desire Paths\datapacks_uncompiled\modules\curseforge.py", line 52, in getGameVersions
    _versionInfo[folderName][aLoader][mcVersion].remove(aVersion)
ValueError: list.remove(x): x not in list

[2026, 9, 28, 9, 23, 30] ;;; curseforge; Traceback (most recent call last):
  File "C:\Users\joshp\curseforge\minecraft\Instances\Alive Dev\saves\Desire Paths\datapacks_uncompiled\modules\curseforge.py", line 52, in getGameVersions
    _versionInfo[folderName][aLoader][mcVersion].remove(aVersion)
ValueError: list.remove(x): x not in list

[2026, 9, 28, 9, 23, 30] ;;; curseforge; Traceback (most recent call last):
  File "C:\Users\joshp\curseforge\minecraft\Instances\Alive Dev\saves\Desire Paths\datapacks_uncompiled\modules\curseforge.py", line 52, in getGameVersions
    _versionInfo[folderName][aLoader][mcVersion].remove(aVersion)
ValueError: list.remove(x): x not in list

[2026, 9, 28, 9, 23, 30] ;;; curseforge; {'id': 9638, 'gameVersionTypeID': 75208, 'name': 'Client', 'slug': 'client', 'apiVersion': ''}
[2026, 9, 28, 9, 23, 30] ;;; curseforge; {'id': 9639, 'gameVersionTypeID': 75208, 'name': 'Server', 'slug': 'server', 'apiVersion': ''}
[2026, 9, 28, 9, 23, 30] ;;; curseforge; {'id': 10150, 'gameVersionTypeID': 68441, 'name': 'NeoForge', 'slug': 'neoforge', 'apiVersion': ''}
[2026, 9, 28, 9, 23, 30] ;;; curseforge; {'id': 11779, 'gameVersionTypeID': 77784, 'name': '1.21.1', 'slug': '1-21-1', 'apiVersion': None}
[2026, 9, 28, 9, 23, 30] ;;; curseforge; {'id': 12735, 'gameVersionTypeID': 1, 'name': '1.21.1', 'slug': '1-21-1', 'apiVersion': ''}
[2026, 9, 28, 9, 23, 30] ;;; curseforge; {'id': 16115, 'gameVersionTypeID': 615, 'name': '1.21.1', 'slug': '1-21-1', 'apiVersion': ''}
[2026, 9, 28, 9, 23, 35] ;;; curseforge; Traceback (most recent call last):
  File "C:\Users\joshp\curseforge\minecraft\Instances\Alive Dev\saves\Desire Paths\datapacks_uncompiled\modules\curseforge.py", line 52, in getGameVersions
    _versionInfo[folderName][aLoader][mcVersion].remove(aVersion)
ValueError: list.remove(x): x not in list

[2026, 9, 28, 9, 23, 35] ;;; curseforge; Traceback (most recent call last):
  File "C:\Users\joshp\curseforge\minecraft\Instances\Alive Dev\saves\Desire Paths\datapacks_uncompiled\modules\curseforge.py", line 52, in getGameVersions
    _versionInfo[folderName][aLoader][mcVersion].remove(aVersion)
ValueError: list.remove(x): x not in list

[2026, 9, 28, 9, 23, 35] ;;; curseforge; Traceback (most recent call last):
  File "C:\Users\joshp\curseforge\minecraft\Instances\Alive Dev\saves\Desire Paths\datapacks_uncompiled\modules\curseforge.py", line 52, in getGameVersions
    _versionInfo[folderName][aLoader][mcVersion].remove(aVersion)
ValueError: list.remove(x): x not in list

[2026, 9, 28, 9, 23, 35] ;;; curseforge; Traceback (most recent call last):
  File "C:\Users\joshp\curseforge\minecraft\Instances\Alive Dev\saves\Desire Paths\datapacks_uncompiled\modules\curseforge.py", line 52, in getGameVersions
    _versionInfo[folderName][aLoader][mcVersion].remove(aVersion)
ValueError: list.remove(x): x not in list

[2026, 9, 28, 9, 23, 35] ;;; curseforge; Traceback (most recent call last):
  File "C:\Users\joshp\curseforge\minecraft\Instances\Alive Dev\saves\Desire Paths\datapacks_uncompiled\modules\curseforge.py", line 52, in getGameVersions
    _versionInfo[folderName][aLoader][mcVersion].remove(aVersion)
ValueError: list.remove(x): x not in list

[2026, 9, 28, 9, 23, 35] ;;; curseforge; Traceback (most recent call last):
  File "C:\Users\joshp\curseforge\minecraft\Instances\Alive Dev\saves\Desire Paths\datapacks_uncompiled\modules\curseforge.py", line 52, in getGameVersions
    _versionInfo[folderName][aLoader][mcVersion].remove(aVersion)
ValueError: list.remove(x): x not in list

[2026, 9, 28, 9, 23, 35] ;;; curseforge; {'id': 9638, 'gameVersionTypeID': 75208, 'name': 'Client', 'slug': 'client', 'apiVersion': ''}
[2026, 9, 28, 9, 23, 35] ;;; curseforge; {'id': 9639, 'gameVersionTypeID': 75208, 'name': 'Server', 'slug': 'server', 'apiVersion': ''}
[2026, 9, 28, 9, 23, 35] ;;; curseforge; {'id': 10150, 'gameVersionTypeID': 68441, 'name': 'NeoForge', 'slug': 'neoforge', 'apiVersion': ''}
[2026, 9, 28, 9, 23, 35] ;;; curseforge; {'id': 12079, 'gameVersionTypeID': 77784, 'name': '1.21.2', 'slug': '1-21-2', 'apiVersion': ''}
[2026, 9, 28, 9, 23, 35] ;;; curseforge; {'id': 12736, 'gameVersionTypeID': 1, 'name': '1.21.2', 'slug': '1-21-2', 'apiVersion': ''}
[2026, 9, 28, 9, 23, 35] ;;; curseforge; {'id': 16116, 'gameVersionTypeID': 615, 'name': '1.21.2', 'slug': '1-21-2', 'apiVersion': ''}
[2026, 9, 28, 9, 23, 35] ;;; curseforge; {'id': 9638, 'gameVersionTypeID': 75208, 'name': 'Client', 'slug': 'client', 'apiVersion': ''}
[2026, 9, 28, 9, 23, 35] ;;; curseforge; {'id': 9639, 'gameVersionTypeID': 75208, 'name': 'Server', 'slug': 'server', 'apiVersion': ''}
[2026, 9, 28, 9, 23, 35] ;;; curseforge; {'id': 10150, 'gameVersionTypeID': 68441, 'name': 'NeoForge', 'slug': 'neoforge', 'apiVersion': ''}
[2026, 9, 28, 9, 23, 35] ;;; curseforge; {'id': 12084, 'gameVersionTypeID': 77784, 'name': '1.21.3', 'slug': '1-21-3', 'apiVersion': None}
[2026, 9, 28, 9, 23, 35] ;;; curseforge; {'id': 12737, 'gameVersionTypeID': 1, 'name': '1.21.3', 'slug': '1-21-3', 'apiVersion': ''}
[2026, 9, 28, 9, 23, 35] ;;; curseforge; {'id': 16117, 'gameVersionTypeID': 615, 'name': '1.21.3', 'slug': '1-21-3', 'apiVersion': ''}
[2026, 9, 28, 9, 23, 35] ;;; curseforge; {'file': ('block_decay-neoforge-1.21.2_1.61.0.jar', <_io.BufferedReader name='.\\releases\\1.61.0\\block_decay-neoforge-1.21.2_1.61.0.jar'>, 'application/jar'), 'metadata': (None, '{"changelog": "", "displayName": "block_decay neoforge 1.21.2 1.61.0", "gameVersions": [9638, 9639, 10150, 12079, 12084], "gameVersionNames": ["Client", "Server", "NeoForge", "1.21.2", "1.21.3"], "releaseType": "release", "relations": {"projects": [{"slug": "gstools", "projectID": 1404020, "type": "requiredDependency"}]}}', 'application/json')}
[2026, 9, 28, 9, 23, 38] ;;; curseforge; Mod file uploaded successfully! Response: {'id': 8999412}
[2026, 9, 28, 9, 23, 38] ;;; curseforge; Traceback (most recent call last):
  File "C:\Users\joshp\curseforge\minecraft\Instances\Alive Dev\saves\Desire Paths\datapacks_uncompiled\modules\curseforge.py", line 52, in getGameVersions
    _versionInfo[folderName][aLoader][mcVersion].remove(aVersion)
ValueError: list.remove(x): x not in list

[2026, 9, 28, 9, 23, 38] ;;; curseforge; Traceback (most recent call last):
  File "C:\Users\joshp\curseforge\minecraft\Instances\Alive Dev\saves\Desire Paths\datapacks_uncompiled\modules\curseforge.py", line 52, in getGameVersions
    _versionInfo[folderName][aLoader][mcVersion].remove(aVersion)
ValueError: list.remove(x): x not in list

[2026, 9, 28, 9, 23, 38] ;;; curseforge; Traceback (most recent call last):
  File "C:\Users\joshp\curseforge\minecraft\Instances\Alive Dev\saves\Desire Paths\datapacks_uncompiled\modules\curseforge.py", line 52, in getGameVersions
    _versionInfo[folderName][aLoader][mcVersion].remove(aVersion)
ValueError: list.remove(x): x not in list

[2026, 9, 28, 9, 23, 38] ;;; curseforge; Traceback (most recent call last):
  File "C:\Users\joshp\curseforge\minecraft\Instances\Alive Dev\saves\Desire Paths\datapacks_uncompiled\modules\curseforge.py", line 52, in getGameVersions
    _versionInfo[folderName][aLoader][mcVersion].remove(aVersion)
ValueError: list.remove(x): x not in list

[2026, 9, 28, 9, 23, 38] ;;; curseforge; Traceback (most recent call last):
  File "C:\Users\joshp\curseforge\minecraft\Instances\Alive Dev\saves\Desire Paths\datapacks_uncompiled\modules\curseforge.py", line 52, in getGameVersions
    _versionInfo[folderName][aLoader][mcVersion].remove(aVersion)
ValueError: list.remove(x): x not in list

[2026, 9, 28, 9, 23, 38] ;;; curseforge; Traceback (most recent call last):
  File "C:\Users\joshp\curseforge\minecraft\Instances\Alive Dev\saves\Desire Paths\datapacks_uncompiled\modules\curseforge.py", line 52, in getGameVersions
    _versionInfo[folderName][aLoader][mcVersion].remove(aVersion)
ValueError: list.remove(x): x not in list

[2026, 9, 28, 9, 23, 38] ;;; curseforge; {'id': 9638, 'gameVersionTypeID': 75208, 'name': 'Client', 'slug': 'client', 'apiVersion': ''}
[2026, 9, 28, 9, 23, 38] ;;; curseforge; {'id': 9639, 'gameVersionTypeID': 75208, 'name': 'Server', 'slug': 'server', 'apiVersion': ''}
[2026, 9, 28, 9, 23, 38] ;;; curseforge; {'id': 10150, 'gameVersionTypeID': 68441, 'name': 'NeoForge', 'slug': 'neoforge', 'apiVersion': ''}
[2026, 9, 28, 9, 23, 38] ;;; curseforge; {'id': 12079, 'gameVersionTypeID': 77784, 'name': '1.21.2', 'slug': '1-21-2', 'apiVersion': ''}
[2026, 9, 28, 9, 23, 38] ;;; curseforge; {'id': 12736, 'gameVersionTypeID': 1, 'name': '1.21.2', 'slug': '1-21-2', 'apiVersion': ''}
[2026, 9, 28, 9, 23, 38] ;;; curseforge; {'id': 16116, 'gameVersionTypeID': 615, 'name': '1.21.2', 'slug': '1-21-2', 'apiVersion': ''}
[2026, 9, 28, 9, 23, 38] ;;; curseforge; {'id': 9638, 'gameVersionTypeID': 75208, 'name': 'Client', 'slug': 'client', 'apiVersion': ''}
[2026, 9, 28, 9, 23, 38] ;;; curseforge; {'id': 9639, 'gameVersionTypeID': 75208, 'name': 'Server', 'slug': 'server', 'apiVersion': ''}
[2026, 9, 28, 9, 23, 38] ;;; curseforge; {'id': 10150, 'gameVersionTypeID': 68441, 'name': 'NeoForge', 'slug': 'neoforge', 'apiVersion': ''}
[2026, 9, 28, 9, 23, 38] ;;; curseforge; {'id': 12084, 'gameVersionTypeID': 77784, 'name': '1.21.3', 'slug': '1-21-3', 'apiVersion': None}
[2026, 9, 28, 9, 23, 38] ;;; curseforge; {'id': 12737, 'gameVersionTypeID': 1, 'name': '1.21.3', 'slug': '1-21-3', 'apiVersion': ''}
[2026, 9, 28, 9, 23, 38] ;;; curseforge; {'id': 16117, 'gameVersionTypeID': 615, 'name': '1.21.3', 'slug': '1-21-3', 'apiVersion': ''}
[2026, 9, 28, 9, 23, 42] ;;; curseforge; Traceback (most recent call last):
  File "C:\Users\joshp\curseforge\minecraft\Instances\Alive Dev\saves\Desire Paths\datapacks_uncompiled\modules\curseforge.py", line 52, in getGameVersions
    _versionInfo[folderName][aLoader][mcVersion].remove(aVersion)
ValueError: list.remove(x): x not in list

[2026, 9, 28, 9, 23, 42] ;;; curseforge; Traceback (most recent call last):
  File "C:\Users\joshp\curseforge\minecraft\Instances\Alive Dev\saves\Desire Paths\datapacks_uncompiled\modules\curseforge.py", line 52, in getGameVersions
    _versionInfo[folderName][aLoader][mcVersion].remove(aVersion)
ValueError: list.remove(x): x not in list

[2026, 9, 28, 9, 23, 42] ;;; curseforge; Traceback (most recent call last):
  File "C:\Users\joshp\curseforge\minecraft\Instances\Alive Dev\saves\Desire Paths\datapacks_uncompiled\modules\curseforge.py", line 52, in getGameVersions
    _versionInfo[folderName][aLoader][mcVersion].remove(aVersion)
ValueError: list.remove(x): x not in list

[2026, 9, 28, 9, 23, 42] ;;; curseforge; Traceback (most recent call last):
  File "C:\Users\joshp\curseforge\minecraft\Instances\Alive Dev\saves\Desire Paths\datapacks_uncompiled\modules\curseforge.py", line 52, in getGameVersions
    _versionInfo[folderName][aLoader][mcVersion].remove(aVersion)
ValueError: list.remove(x): x not in list

[2026, 9, 28, 9, 23, 42] ;;; curseforge; Traceback (most recent call last):
  File "C:\Users\joshp\curseforge\minecraft\Instances\Alive Dev\saves\Desire Paths\datapacks_uncompiled\modules\curseforge.py", line 52, in getGameVersions
    _versionInfo[folderName][aLoader][mcVersion].remove(aVersion)
ValueError: list.remove(x): x not in list

[2026, 9, 28, 9, 23, 42] ;;; curseforge; Traceback (most recent call last):
  File "C:\Users\joshp\curseforge\minecraft\Instances\Alive Dev\saves\Desire Paths\datapacks_uncompiled\modules\curseforge.py", line 52, in getGameVersions
    _versionInfo[folderName][aLoader][mcVersion].remove(aVersion)
ValueError: list.remove(x): x not in list

[2026, 9, 28, 9, 23, 42] ;;; curseforge; {'id': 9638, 'gameVersionTypeID': 75208, 'name': 'Client', 'slug': 'client', 'apiVersion': ''}
[2026, 9, 28, 9, 23, 42] ;;; curseforge; {'id': 9639, 'gameVersionTypeID': 75208, 'name': 'Server', 'slug': 'server', 'apiVersion': ''}
[2026, 9, 28, 9, 23, 42] ;;; curseforge; {'id': 10150, 'gameVersionTypeID': 68441, 'name': 'NeoForge', 'slug': 'neoforge', 'apiVersion': ''}
[2026, 9, 28, 9, 23, 42] ;;; curseforge; {'id': 12281, 'gameVersionTypeID': 77784, 'name': '1.21.4', 'slug': '1-21-4', 'apiVersion': None}
[2026, 9, 28, 9, 23, 42] ;;; curseforge; {'id': 12738, 'gameVersionTypeID': 1, 'name': '1.21.4', 'slug': '1-21-4', 'apiVersion': ''}
[2026, 9, 28, 9, 23, 42] ;;; curseforge; {'id': 16118, 'gameVersionTypeID': 615, 'name': '1.21.4', 'slug': '1-21-4', 'apiVersion': ''}
[2026, 9, 28, 9, 23, 42] ;;; curseforge; {'file': ('block_decay-neoforge-1.21.4_1.61.0.jar', <_io.BufferedReader name='.\\releases\\1.61.0\\block_decay-neoforge-1.21.4_1.61.0.jar'>, 'application/jar'), 'metadata': (None, '{"changelog": "", "displayName": "block_decay neoforge 1.21.4 1.61.0", "gameVersions": [9638, 9639, 10150, 12281], "gameVersionNames": ["Client", "Server", "NeoForge", "1.21.4"], "releaseType": "release", "relations": {"projects": [{"slug": "gstools", "projectID": 1404020, "type": "requiredDependency"}]}}', 'application/json')}
[2026, 9, 28, 9, 23, 45] ;;; curseforge; Mod file uploaded successfully! Response: {'id': 8999414}
[2026, 9, 28, 9, 23, 45] ;;; curseforge; Traceback (most recent call last):
  File "C:\Users\joshp\curseforge\minecraft\Instances\Alive Dev\saves\Desire Paths\datapacks_uncompiled\modules\curseforge.py", line 52, in getGameVersions
    _versionInfo[folderName][aLoader][mcVersion].remove(aVersion)
ValueError: list.remove(x): x not in list

[2026, 9, 28, 9, 23, 45] ;;; curseforge; Traceback (most recent call last):
  File "C:\Users\joshp\curseforge\minecraft\Instances\Alive Dev\saves\Desire Paths\datapacks_uncompiled\modules\curseforge.py", line 52, in getGameVersions
    _versionInfo[folderName][aLoader][mcVersion].remove(aVersion)
ValueError: list.remove(x): x not in list

[2026, 9, 28, 9, 23, 45] ;;; curseforge; Traceback (most recent call last):
  File "C:\Users\joshp\curseforge\minecraft\Instances\Alive Dev\saves\Desire Paths\datapacks_uncompiled\modules\curseforge.py", line 52, in getGameVersions
    _versionInfo[folderName][aLoader][mcVersion].remove(aVersion)
ValueError: list.remove(x): x not in list

[2026, 9, 28, 9, 23, 45] ;;; curseforge; Traceback (most recent call last):
  File "C:\Users\joshp\curseforge\minecraft\Instances\Alive Dev\saves\Desire Paths\datapacks_uncompiled\modules\curseforge.py", line 52, in getGameVersions
    _versionInfo[folderName][aLoader][mcVersion].remove(aVersion)
ValueError: list.remove(x): x not in list

[2026, 9, 28, 9, 23, 45] ;;; curseforge; Traceback (most recent call last):
  File "C:\Users\joshp\curseforge\minecraft\Instances\Alive Dev\saves\Desire Paths\datapacks_uncompiled\modules\curseforge.py", line 52, in getGameVersions
    _versionInfo[folderName][aLoader][mcVersion].remove(aVersion)
ValueError: list.remove(x): x not in list

[2026, 9, 28, 9, 23, 45] ;;; curseforge; Traceback (most recent call last):
  File "C:\Users\joshp\curseforge\minecraft\Instances\Alive Dev\saves\Desire Paths\datapacks_uncompiled\modules\curseforge.py", line 52, in getGameVersions
    _versionInfo[folderName][aLoader][mcVersion].remove(aVersion)
ValueError: list.remove(x): x not in list

[2026, 9, 28, 9, 23, 45] ;;; curseforge; {'id': 9638, 'gameVersionTypeID': 75208, 'name': 'Client', 'slug': 'client', 'apiVersion': ''}
[2026, 9, 28, 9, 23, 45] ;;; curseforge; {'id': 9639, 'gameVersionTypeID': 75208, 'name': 'Server', 'slug': 'server', 'apiVersion': ''}
[2026, 9, 28, 9, 23, 45] ;;; curseforge; {'id': 10150, 'gameVersionTypeID': 68441, 'name': 'NeoForge', 'slug': 'neoforge', 'apiVersion': ''}
[2026, 9, 28, 9, 23, 45] ;;; curseforge; {'id': 12281, 'gameVersionTypeID': 77784, 'name': '1.21.4', 'slug': '1-21-4', 'apiVersion': None}
[2026, 9, 28, 9, 23, 45] ;;; curseforge; {'id': 12738, 'gameVersionTypeID': 1, 'name': '1.21.4', 'slug': '1-21-4', 'apiVersion': ''}
[2026, 9, 28, 9, 23, 45] ;;; curseforge; {'id': 16118, 'gameVersionTypeID': 615, 'name': '1.21.4', 'slug': '1-21-4', 'apiVersion': ''}
[2026, 9, 28, 9, 23, 52] ;;; curseforge; Traceback (most recent call last):
  File "C:\Users\joshp\curseforge\minecraft\Instances\Alive Dev\saves\Desire Paths\datapacks_uncompiled\modules\curseforge.py", line 52, in getGameVersions
    _versionInfo[folderName][aLoader][mcVersion].remove(aVersion)
ValueError: list.remove(x): x not in list

[2026, 9, 28, 9, 23, 52] ;;; curseforge; Traceback (most recent call last):
  File "C:\Users\joshp\curseforge\minecraft\Instances\Alive Dev\saves\Desire Paths\datapacks_uncompiled\modules\curseforge.py", line 52, in getGameVersions
    _versionInfo[folderName][aLoader][mcVersion].remove(aVersion)
ValueError: list.remove(x): x not in list

[2026, 9, 28, 9, 23, 52] ;;; curseforge; Traceback (most recent call last):
  File "C:\Users\joshp\curseforge\minecraft\Instances\Alive Dev\saves\Desire Paths\datapacks_uncompiled\modules\curseforge.py", line 52, in getGameVersions
    _versionInfo[folderName][aLoader][mcVersion].remove(aVersion)
ValueError: list.remove(x): x not in list

[2026, 9, 28, 9, 23, 52] ;;; curseforge; Traceback (most recent call last):
  File "C:\Users\joshp\curseforge\minecraft\Instances\Alive Dev\saves\Desire Paths\datapacks_uncompiled\modules\curseforge.py", line 52, in getGameVersions
    _versionInfo[folderName][aLoader][mcVersion].remove(aVersion)
ValueError: list.remove(x): x not in list

[2026, 9, 28, 9, 23, 52] ;;; curseforge; Traceback (most recent call last):
  File "C:\Users\joshp\curseforge\minecraft\Instances\Alive Dev\saves\Desire Paths\datapacks_uncompiled\modules\curseforge.py", line 52, in getGameVersions
    _versionInfo[folderName][aLoader][mcVersion].remove(aVersion)
ValueError: list.remove(x): x not in list

[2026, 9, 28, 9, 23, 52] ;;; curseforge; Traceback (most recent call last):
  File "C:\Users\joshp\curseforge\minecraft\Instances\Alive Dev\saves\Desire Paths\datapacks_uncompiled\modules\curseforge.py", line 52, in getGameVersions
    _versionInfo[folderName][aLoader][mcVersion].remove(aVersion)
ValueError: list.remove(x): x not in list

[2026, 9, 28, 9, 23, 52] ;;; curseforge; {'id': 9638, 'gameVersionTypeID': 75208, 'name': 'Client', 'slug': 'client', 'apiVersion': ''}
[2026, 9, 28, 9, 23, 52] ;;; curseforge; {'id': 9639, 'gameVersionTypeID': 75208, 'name': 'Server', 'slug': 'server', 'apiVersion': ''}
[2026, 9, 28, 9, 23, 52] ;;; curseforge; {'id': 10150, 'gameVersionTypeID': 68441, 'name': 'NeoForge', 'slug': 'neoforge', 'apiVersion': ''}
[2026, 9, 28, 9, 23, 52] ;;; curseforge; {'id': 12934, 'gameVersionTypeID': 77784, 'name': '1.21.5', 'slug': '1-21-5', 'apiVersion': None}
[2026, 9, 28, 9, 23, 52] ;;; curseforge; {'id': 12988, 'gameVersionTypeID': 1, 'name': '1.21.5', 'slug': '1-21-5', 'apiVersion': ''}
[2026, 9, 28, 9, 23, 52] ;;; curseforge; {'id': 16119, 'gameVersionTypeID': 615, 'name': '1.21.5', 'slug': '1-21-5', 'apiVersion': ''}
[2026, 9, 28, 9, 23, 52] ;;; curseforge; {'id': 9638, 'gameVersionTypeID': 75208, 'name': 'Client', 'slug': 'client', 'apiVersion': ''}
[2026, 9, 28, 9, 23, 52] ;;; curseforge; {'id': 9639, 'gameVersionTypeID': 75208, 'name': 'Server', 'slug': 'server', 'apiVersion': ''}
[2026, 9, 28, 9, 23, 52] ;;; curseforge; {'id': 10150, 'gameVersionTypeID': 68441, 'name': 'NeoForge', 'slug': 'neoforge', 'apiVersion': ''}
[2026, 9, 28, 9, 23, 52] ;;; curseforge; {'id': 13506, 'gameVersionTypeID': 77784, 'name': '1.21.7', 'slug': '1-21-7', 'apiVersion': None}
[2026, 9, 28, 9, 23, 52] ;;; curseforge; {'id': 13574, 'gameVersionTypeID': 1, 'name': '1.21.7', 'slug': '1-21-7', 'apiVersion': ''}
[2026, 9, 28, 9, 23, 52] ;;; curseforge; {'id': 16121, 'gameVersionTypeID': 615, 'name': '1.21.7', 'slug': '1-21-7', 'apiVersion': ''}
[2026, 9, 28, 9, 23, 52] ;;; curseforge; {'file': ('block_decay-neoforge-1.21.5_1.61.0.jar', <_io.BufferedReader name='.\\releases\\1.61.0\\block_decay-neoforge-1.21.5_1.61.0.jar'>, 'application/jar'), 'metadata': (None, '{"changelog": "", "displayName": "block_decay neoforge 1.21.5 1.61.0", "gameVersions": [9638, 9639, 10150, 12934, 13506], "gameVersionNames": ["Client", "Server", "NeoForge", "1.21.5", "1.21.7"], "releaseType": "release", "relations": {"projects": [{"slug": "gstools", "projectID": 1404020, "type": "requiredDependency"}]}}', 'application/json')}
[2026, 9, 28, 9, 23, 57] ;;; curseforge; Mod file uploaded successfully! Response: {'id': 8999415}
[2026, 9, 28, 9, 23, 58] ;;; curseforge; Traceback (most recent call last):
  File "C:\Users\joshp\curseforge\minecraft\Instances\Alive Dev\saves\Desire Paths\datapacks_uncompiled\modules\curseforge.py", line 52, in getGameVersions
    _versionInfo[folderName][aLoader][mcVersion].remove(aVersion)
ValueError: list.remove(x): x not in list

[2026, 9, 28, 9, 23, 58] ;;; curseforge; Traceback (most recent call last):
  File "C:\Users\joshp\curseforge\minecraft\Instances\Alive Dev\saves\Desire Paths\datapacks_uncompiled\modules\curseforge.py", line 52, in getGameVersions
    _versionInfo[folderName][aLoader][mcVersion].remove(aVersion)
ValueError: list.remove(x): x not in list

[2026, 9, 28, 9, 23, 58] ;;; curseforge; Traceback (most recent call last):
  File "C:\Users\joshp\curseforge\minecraft\Instances\Alive Dev\saves\Desire Paths\datapacks_uncompiled\modules\curseforge.py", line 52, in getGameVersions
    _versionInfo[folderName][aLoader][mcVersion].remove(aVersion)
ValueError: list.remove(x): x not in list

[2026, 9, 28, 9, 23, 58] ;;; curseforge; Traceback (most recent call last):
  File "C:\Users\joshp\curseforge\minecraft\Instances\Alive Dev\saves\Desire Paths\datapacks_uncompiled\modules\curseforge.py", line 52, in getGameVersions
    _versionInfo[folderName][aLoader][mcVersion].remove(aVersion)
ValueError: list.remove(x): x not in list

[2026, 9, 28, 9, 23, 58] ;;; curseforge; Traceback (most recent call last):
  File "C:\Users\joshp\curseforge\minecraft\Instances\Alive Dev\saves\Desire Paths\datapacks_uncompiled\modules\curseforge.py", line 52, in getGameVersions
    _versionInfo[folderName][aLoader][mcVersion].remove(aVersion)
ValueError: list.remove(x): x not in list

[2026, 9, 28, 9, 23, 58] ;;; curseforge; Traceback (most recent call last):
  File "C:\Users\joshp\curseforge\minecraft\Instances\Alive Dev\saves\Desire Paths\datapacks_uncompiled\modules\curseforge.py", line 52, in getGameVersions
    _versionInfo[folderName][aLoader][mcVersion].remove(aVersion)
ValueError: list.remove(x): x not in list

[2026, 9, 28, 9, 23, 58] ;;; curseforge; {'id': 9638, 'gameVersionTypeID': 75208, 'name': 'Client', 'slug': 'client', 'apiVersion': ''}
[2026, 9, 28, 9, 23, 58] ;;; curseforge; {'id': 9639, 'gameVersionTypeID': 75208, 'name': 'Server', 'slug': 'server', 'apiVersion': ''}
[2026, 9, 28, 9, 23, 58] ;;; curseforge; {'id': 10150, 'gameVersionTypeID': 68441, 'name': 'NeoForge', 'slug': 'neoforge', 'apiVersion': ''}
[2026, 9, 28, 9, 23, 58] ;;; curseforge; {'id': 12934, 'gameVersionTypeID': 77784, 'name': '1.21.5', 'slug': '1-21-5', 'apiVersion': None}
[2026, 9, 28, 9, 23, 58] ;;; curseforge; {'id': 12988, 'gameVersionTypeID': 1, 'name': '1.21.5', 'slug': '1-21-5', 'apiVersion': ''}
[2026, 9, 28, 9, 23, 58] ;;; curseforge; {'id': 16119, 'gameVersionTypeID': 615, 'name': '1.21.5', 'slug': '1-21-5', 'apiVersion': ''}
[2026, 9, 28, 9, 23, 58] ;;; curseforge; {'id': 9638, 'gameVersionTypeID': 75208, 'name': 'Client', 'slug': 'client', 'apiVersion': ''}
[2026, 9, 28, 9, 23, 58] ;;; curseforge; {'id': 9639, 'gameVersionTypeID': 75208, 'name': 'Server', 'slug': 'server', 'apiVersion': ''}
[2026, 9, 28, 9, 23, 58] ;;; curseforge; {'id': 10150, 'gameVersionTypeID': 68441, 'name': 'NeoForge', 'slug': 'neoforge', 'apiVersion': ''}
[2026, 9, 28, 9, 23, 58] ;;; curseforge; {'id': 13506, 'gameVersionTypeID': 77784, 'name': '1.21.7', 'slug': '1-21-7', 'apiVersion': None}
[2026, 9, 28, 9, 23, 58] ;;; curseforge; {'id': 13574, 'gameVersionTypeID': 1, 'name': '1.21.7', 'slug': '1-21-7', 'apiVersion': ''}
[2026, 9, 28, 9, 23, 58] ;;; curseforge; {'id': 16121, 'gameVersionTypeID': 615, 'name': '1.21.7', 'slug': '1-21-7', 'apiVersion': ''}
[2026, 9, 28, 9, 24, 3] ;;; curseforge; Traceback (most recent call last):
  File "C:\Users\joshp\curseforge\minecraft\Instances\Alive Dev\saves\Desire Paths\datapacks_uncompiled\modules\curseforge.py", line 52, in getGameVersions
    _versionInfo[folderName][aLoader][mcVersion].remove(aVersion)
ValueError: list.remove(x): x not in list

[2026, 9, 28, 9, 24, 3] ;;; curseforge; Traceback (most recent call last):
  File "C:\Users\joshp\curseforge\minecraft\Instances\Alive Dev\saves\Desire Paths\datapacks_uncompiled\modules\curseforge.py", line 52, in getGameVersions
    _versionInfo[folderName][aLoader][mcVersion].remove(aVersion)
ValueError: list.remove(x): x not in list

[2026, 9, 28, 9, 24, 3] ;;; curseforge; Traceback (most recent call last):
  File "C:\Users\joshp\curseforge\minecraft\Instances\Alive Dev\saves\Desire Paths\datapacks_uncompiled\modules\curseforge.py", line 52, in getGameVersions
    _versionInfo[folderName][aLoader][mcVersion].remove(aVersion)
ValueError: list.remove(x): x not in list

[2026, 9, 28, 9, 24, 3] ;;; curseforge; Traceback (most recent call last):
  File "C:\Users\joshp\curseforge\minecraft\Instances\Alive Dev\saves\Desire Paths\datapacks_uncompiled\modules\curseforge.py", line 52, in getGameVersions
    _versionInfo[folderName][aLoader][mcVersion].remove(aVersion)
ValueError: list.remove(x): x not in list

[2026, 9, 28, 9, 24, 3] ;;; curseforge; Traceback (most recent call last):
  File "C:\Users\joshp\curseforge\minecraft\Instances\Alive Dev\saves\Desire Paths\datapacks_uncompiled\modules\curseforge.py", line 52, in getGameVersions
    _versionInfo[folderName][aLoader][mcVersion].remove(aVersion)
ValueError: list.remove(x): x not in list

[2026, 9, 28, 9, 24, 3] ;;; curseforge; Traceback (most recent call last):
  File "C:\Users\joshp\curseforge\minecraft\Instances\Alive Dev\saves\Desire Paths\datapacks_uncompiled\modules\curseforge.py", line 52, in getGameVersions
    _versionInfo[folderName][aLoader][mcVersion].remove(aVersion)
ValueError: list.remove(x): x not in list

[2026, 9, 28, 9, 24, 3] ;;; curseforge; {'id': 9638, 'gameVersionTypeID': 75208, 'name': 'Client', 'slug': 'client', 'apiVersion': ''}
[2026, 9, 28, 9, 24, 3] ;;; curseforge; {'id': 9639, 'gameVersionTypeID': 75208, 'name': 'Server', 'slug': 'server', 'apiVersion': ''}
[2026, 9, 28, 9, 24, 3] ;;; curseforge; {'id': 10150, 'gameVersionTypeID': 68441, 'name': 'NeoForge', 'slug': 'neoforge', 'apiVersion': ''}
[2026, 9, 28, 9, 24, 3] ;;; curseforge; {'id': 13620, 'gameVersionTypeID': 77784, 'name': '1.21.8', 'slug': '1-21-8', 'apiVersion': None}
[2026, 9, 28, 9, 24, 3] ;;; curseforge; {'id': 13683, 'gameVersionTypeID': 1, 'name': '1.21.8', 'slug': '1-21-8', 'apiVersion': ''}
[2026, 9, 28, 9, 24, 3] ;;; curseforge; {'id': 16124, 'gameVersionTypeID': 615, 'name': '1.21.8', 'slug': '1-21-8', 'apiVersion': ''}
[2026, 9, 28, 9, 24, 3] ;;; curseforge; {'file': ('block_decay-neoforge-1.21.8_1.61.0.jar', <_io.BufferedReader name='.\\releases\\1.61.0\\block_decay-neoforge-1.21.8_1.61.0.jar'>, 'application/jar'), 'metadata': (None, '{"changelog": "", "displayName": "block_decay neoforge 1.21.8 1.61.0", "gameVersions": [9638, 9639, 10150, 13620], "gameVersionNames": ["Client", "Server", "NeoForge", "1.21.8"], "releaseType": "release", "relations": {"projects": [{"slug": "gstools", "projectID": 1404020, "type": "requiredDependency"}]}}', 'application/json')}
[2026, 9, 28, 9, 24, 6] ;;; curseforge; Mod file uploaded successfully! Response: {'id': 8999417}
[2026, 9, 28, 9, 24, 6] ;;; curseforge; Traceback (most recent call last):
  File "C:\Users\joshp\curseforge\minecraft\Instances\Alive Dev\saves\Desire Paths\datapacks_uncompiled\modules\curseforge.py", line 52, in getGameVersions
    _versionInfo[folderName][aLoader][mcVersion].remove(aVersion)
ValueError: list.remove(x): x not in list

[2026, 9, 28, 9, 24, 6] ;;; curseforge; Traceback (most recent call last):
  File "C:\Users\joshp\curseforge\minecraft\Instances\Alive Dev\saves\Desire Paths\datapacks_uncompiled\modules\curseforge.py", line 52, in getGameVersions
    _versionInfo[folderName][aLoader][mcVersion].remove(aVersion)
ValueError: list.remove(x): x not in list

[2026, 9, 28, 9, 24, 6] ;;; curseforge; Traceback (most recent call last):
  File "C:\Users\joshp\curseforge\minecraft\Instances\Alive Dev\saves\Desire Paths\datapacks_uncompiled\modules\curseforge.py", line 52, in getGameVersions
    _versionInfo[folderName][aLoader][mcVersion].remove(aVersion)
ValueError: list.remove(x): x not in list

[2026, 9, 28, 9, 24, 6] ;;; curseforge; Traceback (most recent call last):
  File "C:\Users\joshp\curseforge\minecraft\Instances\Alive Dev\saves\Desire Paths\datapacks_uncompiled\modules\curseforge.py", line 52, in getGameVersions
    _versionInfo[folderName][aLoader][mcVersion].remove(aVersion)
ValueError: list.remove(x): x not in list

[2026, 9, 28, 9, 24, 6] ;;; curseforge; Traceback (most recent call last):
  File "C:\Users\joshp\curseforge\minecraft\Instances\Alive Dev\saves\Desire Paths\datapacks_uncompiled\modules\curseforge.py", line 52, in getGameVersions
    _versionInfo[folderName][aLoader][mcVersion].remove(aVersion)
ValueError: list.remove(x): x not in list

[2026, 9, 28, 9, 24, 6] ;;; curseforge; Traceback (most recent call last):
  File "C:\Users\joshp\curseforge\minecraft\Instances\Alive Dev\saves\Desire Paths\datapacks_uncompiled\modules\curseforge.py", line 52, in getGameVersions
    _versionInfo[folderName][aLoader][mcVersion].remove(aVersion)
ValueError: list.remove(x): x not in list

[2026, 9, 28, 9, 24, 6] ;;; curseforge; {'id': 9638, 'gameVersionTypeID': 75208, 'name': 'Client', 'slug': 'client', 'apiVersion': ''}
[2026, 9, 28, 9, 24, 6] ;;; curseforge; {'id': 9639, 'gameVersionTypeID': 75208, 'name': 'Server', 'slug': 'server', 'apiVersion': ''}
[2026, 9, 28, 9, 24, 6] ;;; curseforge; {'id': 10150, 'gameVersionTypeID': 68441, 'name': 'NeoForge', 'slug': 'neoforge', 'apiVersion': ''}
[2026, 9, 28, 9, 24, 6] ;;; curseforge; {'id': 13620, 'gameVersionTypeID': 77784, 'name': '1.21.8', 'slug': '1-21-8', 'apiVersion': None}
[2026, 9, 28, 9, 24, 6] ;;; curseforge; {'id': 13683, 'gameVersionTypeID': 1, 'name': '1.21.8', 'slug': '1-21-8', 'apiVersion': ''}
[2026, 9, 28, 9, 24, 6] ;;; curseforge; {'id': 16124, 'gameVersionTypeID': 615, 'name': '1.21.8', 'slug': '1-21-8', 'apiVersion': ''}
[2026, 9, 28, 9, 24, 14] ;;; curseforge; Traceback (most recent call last):
  File "C:\Users\joshp\curseforge\minecraft\Instances\Alive Dev\saves\Desire Paths\datapacks_uncompiled\modules\curseforge.py", line 52, in getGameVersions
    _versionInfo[folderName][aLoader][mcVersion].remove(aVersion)
ValueError: list.remove(x): x not in list

[2026, 9, 28, 9, 24, 14] ;;; curseforge; Traceback (most recent call last):
  File "C:\Users\joshp\curseforge\minecraft\Instances\Alive Dev\saves\Desire Paths\datapacks_uncompiled\modules\curseforge.py", line 52, in getGameVersions
    _versionInfo[folderName][aLoader][mcVersion].remove(aVersion)
ValueError: list.remove(x): x not in list

[2026, 9, 28, 9, 24, 14] ;;; curseforge; Traceback (most recent call last):
  File "C:\Users\joshp\curseforge\minecraft\Instances\Alive Dev\saves\Desire Paths\datapacks_uncompiled\modules\curseforge.py", line 52, in getGameVersions
    _versionInfo[folderName][aLoader][mcVersion].remove(aVersion)
ValueError: list.remove(x): x not in list

[2026, 9, 28, 9, 24, 14] ;;; curseforge; Traceback (most recent call last):
  File "C:\Users\joshp\curseforge\minecraft\Instances\Alive Dev\saves\Desire Paths\datapacks_uncompiled\modules\curseforge.py", line 52, in getGameVersions
    _versionInfo[folderName][aLoader][mcVersion].remove(aVersion)
ValueError: list.remove(x): x not in list

[2026, 9, 28, 9, 24, 14] ;;; curseforge; Traceback (most recent call last):
  File "C:\Users\joshp\curseforge\minecraft\Instances\Alive Dev\saves\Desire Paths\datapacks_uncompiled\modules\curseforge.py", line 52, in getGameVersions
    _versionInfo[folderName][aLoader][mcVersion].remove(aVersion)
ValueError: list.remove(x): x not in list

[2026, 9, 28, 9, 24, 14] ;;; curseforge; Traceback (most recent call last):
  File "C:\Users\joshp\curseforge\minecraft\Instances\Alive Dev\saves\Desire Paths\datapacks_uncompiled\modules\curseforge.py", line 52, in getGameVersions
    _versionInfo[folderName][aLoader][mcVersion].remove(aVersion)
ValueError: list.remove(x): x not in list

[2026, 9, 28, 9, 24, 14] ;;; curseforge; {'id': 9638, 'gameVersionTypeID': 75208, 'name': 'Client', 'slug': 'client', 'apiVersion': ''}
[2026, 9, 28, 9, 24, 14] ;;; curseforge; {'id': 9639, 'gameVersionTypeID': 75208, 'name': 'Server', 'slug': 'server', 'apiVersion': ''}
[2026, 9, 28, 9, 24, 14] ;;; curseforge; {'id': 10150, 'gameVersionTypeID': 68441, 'name': 'NeoForge', 'slug': 'neoforge', 'apiVersion': ''}
[2026, 9, 28, 9, 24, 14] ;;; curseforge; {'id': 13927, 'gameVersionTypeID': 77784, 'name': '1.21.9', 'slug': '1-21-9', 'apiVersion': None}
[2026, 9, 28, 9, 24, 14] ;;; curseforge; {'id': 13933, 'gameVersionTypeID': 1, 'name': '1.21.9', 'slug': '1-21-9', 'apiVersion': ''}
[2026, 9, 28, 9, 24, 14] ;;; curseforge; {'id': 16125, 'gameVersionTypeID': 615, 'name': '1.21.9', 'slug': '1-21-9', 'apiVersion': ''}
[2026, 9, 28, 9, 24, 14] ;;; curseforge; {'file': ('block_decay-neoforge-1.21.9_1.61.0.jar', <_io.BufferedReader name='.\\releases\\1.61.0\\block_decay-neoforge-1.21.9_1.61.0.jar'>, 'application/jar'), 'metadata': (None, '{"changelog": "", "displayName": "block_decay neoforge 1.21.9 1.61.0", "gameVersions": [9638, 9639, 10150, 13927], "gameVersionNames": ["Client", "Server", "NeoForge", "1.21.9"], "releaseType": "release", "relations": {"projects": [{"slug": "gstools", "projectID": 1404020, "type": "requiredDependency"}]}}', 'application/json')}
[2026, 9, 28, 9, 24, 18] ;;; curseforge; Mod file uploaded successfully! Response: {'id': 8999419}
[2026, 9, 28, 9, 24, 19] ;;; curseforge; Traceback (most recent call last):
  File "C:\Users\joshp\curseforge\minecraft\Instances\Alive Dev\saves\Desire Paths\datapacks_uncompiled\modules\curseforge.py", line 52, in getGameVersions
    _versionInfo[folderName][aLoader][mcVersion].remove(aVersion)
ValueError: list.remove(x): x not in list

[2026, 9, 28, 9, 24, 19] ;;; curseforge; Traceback (most recent call last):
  File "C:\Users\joshp\curseforge\minecraft\Instances\Alive Dev\saves\Desire Paths\datapacks_uncompiled\modules\curseforge.py", line 52, in getGameVersions
    _versionInfo[folderName][aLoader][mcVersion].remove(aVersion)
ValueError: list.remove(x): x not in list

[2026, 9, 28, 9, 24, 19] ;;; curseforge; Traceback (most recent call last):
  File "C:\Users\joshp\curseforge\minecraft\Instances\Alive Dev\saves\Desire Paths\datapacks_uncompiled\modules\curseforge.py", line 52, in getGameVersions
    _versionInfo[folderName][aLoader][mcVersion].remove(aVersion)
ValueError: list.remove(x): x not in list

[2026, 9, 28, 9, 24, 19] ;;; curseforge; Traceback (most recent call last):
  File "C:\Users\joshp\curseforge\minecraft\Instances\Alive Dev\saves\Desire Paths\datapacks_uncompiled\modules\curseforge.py", line 52, in getGameVersions
    _versionInfo[folderName][aLoader][mcVersion].remove(aVersion)
ValueError: list.remove(x): x not in list

[2026, 9, 28, 9, 24, 19] ;;; curseforge; Traceback (most recent call last):
  File "C:\Users\joshp\curseforge\minecraft\Instances\Alive Dev\saves\Desire Paths\datapacks_uncompiled\modules\curseforge.py", line 52, in getGameVersions
    _versionInfo[folderName][aLoader][mcVersion].remove(aVersion)
ValueError: list.remove(x): x not in list

[2026, 9, 28, 9, 24, 19] ;;; curseforge; Traceback (most recent call last):
  File "C:\Users\joshp\curseforge\minecraft\Instances\Alive Dev\saves\Desire Paths\datapacks_uncompiled\modules\curseforge.py", line 52, in getGameVersions
    _versionInfo[folderName][aLoader][mcVersion].remove(aVersion)
ValueError: list.remove(x): x not in list

[2026, 9, 28, 9, 24, 19] ;;; curseforge; {'id': 9638, 'gameVersionTypeID': 75208, 'name': 'Client', 'slug': 'client', 'apiVersion': ''}
[2026, 9, 28, 9, 24, 19] ;;; curseforge; {'id': 9639, 'gameVersionTypeID': 75208, 'name': 'Server', 'slug': 'server', 'apiVersion': ''}
[2026, 9, 28, 9, 24, 19] ;;; curseforge; {'id': 10150, 'gameVersionTypeID': 68441, 'name': 'NeoForge', 'slug': 'neoforge', 'apiVersion': ''}
[2026, 9, 28, 9, 24, 19] ;;; curseforge; {'id': 13927, 'gameVersionTypeID': 77784, 'name': '1.21.9', 'slug': '1-21-9', 'apiVersion': None}
[2026, 9, 28, 9, 24, 19] ;;; curseforge; {'id': 13933, 'gameVersionTypeID': 1, 'name': '1.21.9', 'slug': '1-21-9', 'apiVersion': ''}
[2026, 9, 28, 9, 24, 19] ;;; curseforge; {'id': 16125, 'gameVersionTypeID': 615, 'name': '1.21.9', 'slug': '1-21-9', 'apiVersion': ''}
[2026, 9, 28, 9, 24, 24] ;;; curseforge; Traceback (most recent call last):
  File "C:\Users\joshp\curseforge\minecraft\Instances\Alive Dev\saves\Desire Paths\datapacks_uncompiled\modules\curseforge.py", line 52, in getGameVersions
    _versionInfo[folderName][aLoader][mcVersion].remove(aVersion)
ValueError: list.remove(x): x not in list

[2026, 9, 28, 9, 24, 24] ;;; curseforge; Traceback (most recent call last):
  File "C:\Users\joshp\curseforge\minecraft\Instances\Alive Dev\saves\Desire Paths\datapacks_uncompiled\modules\curseforge.py", line 52, in getGameVersions
    _versionInfo[folderName][aLoader][mcVersion].remove(aVersion)
ValueError: list.remove(x): x not in list

[2026, 9, 28, 9, 24, 24] ;;; curseforge; Traceback (most recent call last):
  File "C:\Users\joshp\curseforge\minecraft\Instances\Alive Dev\saves\Desire Paths\datapacks_uncompiled\modules\curseforge.py", line 52, in getGameVersions
    _versionInfo[folderName][aLoader][mcVersion].remove(aVersion)
ValueError: list.remove(x): x not in list

[2026, 9, 28, 9, 24, 24] ;;; curseforge; Traceback (most recent call last):
  File "C:\Users\joshp\curseforge\minecraft\Instances\Alive Dev\saves\Desire Paths\datapacks_uncompiled\modules\curseforge.py", line 52, in getGameVersions
    _versionInfo[folderName][aLoader][mcVersion].remove(aVersion)
ValueError: list.remove(x): x not in list

[2026, 9, 28, 9, 24, 24] ;;; curseforge; Traceback (most recent call last):
  File "C:\Users\joshp\curseforge\minecraft\Instances\Alive Dev\saves\Desire Paths\datapacks_uncompiled\modules\curseforge.py", line 52, in getGameVersions
    _versionInfo[folderName][aLoader][mcVersion].remove(aVersion)
ValueError: list.remove(x): x not in list

[2026, 9, 28, 9, 24, 24] ;;; curseforge; Traceback (most recent call last):
  File "C:\Users\joshp\curseforge\minecraft\Instances\Alive Dev\saves\Desire Paths\datapacks_uncompiled\modules\curseforge.py", line 52, in getGameVersions
    _versionInfo[folderName][aLoader][mcVersion].remove(aVersion)
ValueError: list.remove(x): x not in list

[2026, 9, 28, 9, 24, 24] ;;; curseforge; {'id': 9638, 'gameVersionTypeID': 75208, 'name': 'Client', 'slug': 'client', 'apiVersion': ''}
[2026, 9, 28, 9, 24, 24] ;;; curseforge; {'id': 9639, 'gameVersionTypeID': 75208, 'name': 'Server', 'slug': 'server', 'apiVersion': ''}
[2026, 9, 28, 9, 24, 24] ;;; curseforge; {'id': 10150, 'gameVersionTypeID': 68441, 'name': 'NeoForge', 'slug': 'neoforge', 'apiVersion': ''}
[2026, 9, 28, 9, 24, 24] ;;; curseforge; {'id': 11457, 'gameVersionTypeID': 77784, 'name': '1.21', 'slug': '1-21', 'apiVersion': ''}
[2026, 9, 28, 9, 24, 24] ;;; curseforge; {'id': 11458, 'gameVersionTypeID': 615, 'name': '1.21', 'slug': '1-21', 'apiVersion': ''}
[2026, 9, 28, 9, 24, 24] ;;; curseforge; {'id': 11515, 'gameVersionTypeID': 1, 'name': '1.21', 'slug': '1-21', 'apiVersion': ''}
[2026, 9, 28, 9, 24, 24] ;;; curseforge; {'file': ('block_decay-neoforge-1.21_1.61.0.jar', <_io.BufferedReader name='.\\releases\\1.61.0\\block_decay-neoforge-1.21_1.61.0.jar'>, 'application/jar'), 'metadata': (None, '{"changelog": "", "displayName": "block_decay neoforge 1.21 1.61.0", "gameVersions": [9638, 9639, 10150, 11457], "gameVersionNames": ["Client", "Server", "NeoForge", "1.21"], "releaseType": "release", "relations": {"projects": [{"slug": "gstools", "projectID": 1404020, "type": "requiredDependency"}, {"slug": "gstools-weather2-compat", "projectID": 1710321, "type": "requiredDependency"}]}}', 'application/json')}
[2026, 9, 28, 9, 24, 28] ;;; curseforge; Mod file uploaded successfully! Response: {'id': 8999424}
[2026, 9, 28, 9, 24, 28] ;;; curseforge; Traceback (most recent call last):
  File "C:\Users\joshp\curseforge\minecraft\Instances\Alive Dev\saves\Desire Paths\datapacks_uncompiled\modules\curseforge.py", line 52, in getGameVersions
    _versionInfo[folderName][aLoader][mcVersion].remove(aVersion)
ValueError: list.remove(x): x not in list

[2026, 9, 28, 9, 24, 28] ;;; curseforge; Traceback (most recent call last):
  File "C:\Users\joshp\curseforge\minecraft\Instances\Alive Dev\saves\Desire Paths\datapacks_uncompiled\modules\curseforge.py", line 52, in getGameVersions
    _versionInfo[folderName][aLoader][mcVersion].remove(aVersion)
ValueError: list.remove(x): x not in list

[2026, 9, 28, 9, 24, 28] ;;; curseforge; Traceback (most recent call last):
  File "C:\Users\joshp\curseforge\minecraft\Instances\Alive Dev\saves\Desire Paths\datapacks_uncompiled\modules\curseforge.py", line 52, in getGameVersions
    _versionInfo[folderName][aLoader][mcVersion].remove(aVersion)
ValueError: list.remove(x): x not in list

[2026, 9, 28, 9, 24, 28] ;;; curseforge; Traceback (most recent call last):
  File "C:\Users\joshp\curseforge\minecraft\Instances\Alive Dev\saves\Desire Paths\datapacks_uncompiled\modules\curseforge.py", line 52, in getGameVersions
    _versionInfo[folderName][aLoader][mcVersion].remove(aVersion)
ValueError: list.remove(x): x not in list

[2026, 9, 28, 9, 24, 28] ;;; curseforge; Traceback (most recent call last):
  File "C:\Users\joshp\curseforge\minecraft\Instances\Alive Dev\saves\Desire Paths\datapacks_uncompiled\modules\curseforge.py", line 52, in getGameVersions
    _versionInfo[folderName][aLoader][mcVersion].remove(aVersion)
ValueError: list.remove(x): x not in list

[2026, 9, 28, 9, 24, 28] ;;; curseforge; Traceback (most recent call last):
  File "C:\Users\joshp\curseforge\minecraft\Instances\Alive Dev\saves\Desire Paths\datapacks_uncompiled\modules\curseforge.py", line 52, in getGameVersions
    _versionInfo[folderName][aLoader][mcVersion].remove(aVersion)
ValueError: list.remove(x): x not in list

[2026, 9, 28, 9, 24, 28] ;;; curseforge; {'id': 9638, 'gameVersionTypeID': 75208, 'name': 'Client', 'slug': 'client', 'apiVersion': ''}
[2026, 9, 28, 9, 24, 28] ;;; curseforge; {'id': 9639, 'gameVersionTypeID': 75208, 'name': 'Server', 'slug': 'server', 'apiVersion': ''}
[2026, 9, 28, 9, 24, 28] ;;; curseforge; {'id': 10150, 'gameVersionTypeID': 68441, 'name': 'NeoForge', 'slug': 'neoforge', 'apiVersion': ''}
[2026, 9, 28, 9, 24, 28] ;;; curseforge; {'id': 11457, 'gameVersionTypeID': 77784, 'name': '1.21', 'slug': '1-21', 'apiVersion': ''}
[2026, 9, 28, 9, 24, 28] ;;; curseforge; {'id': 11458, 'gameVersionTypeID': 615, 'name': '1.21', 'slug': '1-21', 'apiVersion': ''}
[2026, 9, 28, 9, 24, 28] ;;; curseforge; {'id': 11515, 'gameVersionTypeID': 1, 'name': '1.21', 'slug': '1-21', 'apiVersion': ''}
[2026, 9, 28, 9, 24, 36] ;;; curseforge; Traceback (most recent call last):
  File "C:\Users\joshp\curseforge\minecraft\Instances\Alive Dev\saves\Desire Paths\datapacks_uncompiled\modules\curseforge.py", line 52, in getGameVersions
    _versionInfo[folderName][aLoader][mcVersion].remove(aVersion)
ValueError: list.remove(x): x not in list

[2026, 9, 28, 9, 24, 36] ;;; curseforge; Traceback (most recent call last):
  File "C:\Users\joshp\curseforge\minecraft\Instances\Alive Dev\saves\Desire Paths\datapacks_uncompiled\modules\curseforge.py", line 52, in getGameVersions
    _versionInfo[folderName][aLoader][mcVersion].remove(aVersion)
ValueError: list.remove(x): x not in list

[2026, 9, 28, 9, 24, 36] ;;; curseforge; Traceback (most recent call last):
  File "C:\Users\joshp\curseforge\minecraft\Instances\Alive Dev\saves\Desire Paths\datapacks_uncompiled\modules\curseforge.py", line 52, in getGameVersions
    _versionInfo[folderName][aLoader][mcVersion].remove(aVersion)
ValueError: list.remove(x): x not in list

[2026, 9, 28, 9, 24, 36] ;;; curseforge; Traceback (most recent call last):
  File "C:\Users\joshp\curseforge\minecraft\Instances\Alive Dev\saves\Desire Paths\datapacks_uncompiled\modules\curseforge.py", line 52, in getGameVersions
    _versionInfo[folderName][aLoader][mcVersion].remove(aVersion)
ValueError: list.remove(x): x not in list

[2026, 9, 28, 9, 24, 36] ;;; curseforge; Traceback (most recent call last):
  File "C:\Users\joshp\curseforge\minecraft\Instances\Alive Dev\saves\Desire Paths\datapacks_uncompiled\modules\curseforge.py", line 52, in getGameVersions
    _versionInfo[folderName][aLoader][mcVersion].remove(aVersion)
ValueError: list.remove(x): x not in list

[2026, 9, 28, 9, 24, 36] ;;; curseforge; Traceback (most recent call last):
  File "C:\Users\joshp\curseforge\minecraft\Instances\Alive Dev\saves\Desire Paths\datapacks_uncompiled\modules\curseforge.py", line 52, in getGameVersions
    _versionInfo[folderName][aLoader][mcVersion].remove(aVersion)
ValueError: list.remove(x): x not in list

[2026, 9, 28, 9, 24, 36] ;;; curseforge; {'id': 9638, 'gameVersionTypeID': 75208, 'name': 'Client', 'slug': 'client', 'apiVersion': ''}
[2026, 9, 28, 9, 24, 36] ;;; curseforge; {'id': 9639, 'gameVersionTypeID': 75208, 'name': 'Server', 'slug': 'server', 'apiVersion': ''}
[2026, 9, 28, 9, 24, 36] ;;; curseforge; {'id': 10150, 'gameVersionTypeID': 68441, 'name': 'NeoForge', 'slug': 'neoforge', 'apiVersion': ''}
[2026, 9, 28, 9, 24, 36] ;;; curseforge; {'id': 15933, 'gameVersionTypeID': 83806, 'name': '26.1', 'slug': '26-1', 'apiVersion': None}
[2026, 9, 28, 9, 24, 36] ;;; curseforge; {'id': 16083, 'gameVersionTypeID': 1, 'name': '26.1', 'slug': '26-1', 'apiVersion': ''}
[2026, 9, 28, 9, 24, 36] ;;; curseforge; {'id': 16128, 'gameVersionTypeID': 615, 'name': '26.1', 'slug': '26-1', 'apiVersion': ''}
[2026, 9, 28, 9, 24, 36] ;;; curseforge; {'id': 9638, 'gameVersionTypeID': 75208, 'name': 'Client', 'slug': 'client', 'apiVersion': ''}
[2026, 9, 28, 9, 24, 36] ;;; curseforge; {'id': 9639, 'gameVersionTypeID': 75208, 'name': 'Server', 'slug': 'server', 'apiVersion': ''}
[2026, 9, 28, 9, 24, 36] ;;; curseforge; {'id': 10150, 'gameVersionTypeID': 68441, 'name': 'NeoForge', 'slug': 'neoforge', 'apiVersion': ''}
[2026, 9, 28, 9, 24, 36] ;;; curseforge; {'id': 16021, 'gameVersionTypeID': 83806, 'name': '26.1.1', 'slug': '26-1-1', 'apiVersion': None}
[2026, 9, 28, 9, 24, 36] ;;; curseforge; {'id': 16084, 'gameVersionTypeID': 1, 'name': '26.1.1', 'slug': '26-1-1', 'apiVersion': ''}
[2026, 9, 28, 9, 24, 36] ;;; curseforge; {'id': 16129, 'gameVersionTypeID': 615, 'name': '26.1.1', 'slug': '26-1-1', 'apiVersion': ''}
[2026, 9, 28, 9, 24, 36] ;;; curseforge; {'id': 9638, 'gameVersionTypeID': 75208, 'name': 'Client', 'slug': 'client', 'apiVersion': ''}
[2026, 9, 28, 9, 24, 36] ;;; curseforge; {'id': 9639, 'gameVersionTypeID': 75208, 'name': 'Server', 'slug': 'server', 'apiVersion': ''}
[2026, 9, 28, 9, 24, 36] ;;; curseforge; {'id': 10150, 'gameVersionTypeID': 68441, 'name': 'NeoForge', 'slug': 'neoforge', 'apiVersion': ''}
[2026, 9, 28, 9, 24, 36] ;;; curseforge; {'id': 16082, 'gameVersionTypeID': 83806, 'name': '26.1.2', 'slug': '26-1-2', 'apiVersion': None}
[2026, 9, 28, 9, 24, 36] ;;; curseforge; {'id': 16085, 'gameVersionTypeID': 1, 'name': '26.1.2', 'slug': '26-1-2', 'apiVersion': ''}
[2026, 9, 28, 9, 24, 36] ;;; curseforge; {'id': 16130, 'gameVersionTypeID': 615, 'name': '26.1.2', 'slug': '26-1-2', 'apiVersion': ''}
[2026, 9, 28, 9, 24, 36] ;;; curseforge; {'file': ('block_decay-neoforge-26.1_1.61.0.jar', <_io.BufferedReader name='.\\releases\\1.61.0\\block_decay-neoforge-26.1_1.61.0.jar'>, 'application/jar'), 'metadata': (None, '{"changelog": "", "displayName": "block_decay neoforge 26.1 1.61.0", "gameVersions": [9638, 9639, 10150, 15933, 16021, 16082], "gameVersionNames": ["Client", "Server", "NeoForge", "26.1", "26.1.1", "26.1.2"], "releaseType": "release", "relations": {"projects": [{"slug": "gstools", "projectID": 1404020, "type": "requiredDependency"}]}}', 'application/json')}
[2026, 9, 28, 9, 24, 39] ;;; curseforge; Mod file uploaded successfully! Response: {'id': 8999428}
[2026, 9, 28, 9, 24, 39] ;;; curseforge; Traceback (most recent call last):
  File "C:\Users\joshp\curseforge\minecraft\Instances\Alive Dev\saves\Desire Paths\datapacks_uncompiled\modules\curseforge.py", line 52, in getGameVersions
    _versionInfo[folderName][aLoader][mcVersion].remove(aVersion)
ValueError: list.remove(x): x not in list

[2026, 9, 28, 9, 24, 39] ;;; curseforge; Traceback (most recent call last):
  File "C:\Users\joshp\curseforge\minecraft\Instances\Alive Dev\saves\Desire Paths\datapacks_uncompiled\modules\curseforge.py", line 52, in getGameVersions
    _versionInfo[folderName][aLoader][mcVersion].remove(aVersion)
ValueError: list.remove(x): x not in list

[2026, 9, 28, 9, 24, 39] ;;; curseforge; Traceback (most recent call last):
  File "C:\Users\joshp\curseforge\minecraft\Instances\Alive Dev\saves\Desire Paths\datapacks_uncompiled\modules\curseforge.py", line 52, in getGameVersions
    _versionInfo[folderName][aLoader][mcVersion].remove(aVersion)
ValueError: list.remove(x): x not in list

[2026, 9, 28, 9, 24, 39] ;;; curseforge; Traceback (most recent call last):
  File "C:\Users\joshp\curseforge\minecraft\Instances\Alive Dev\saves\Desire Paths\datapacks_uncompiled\modules\curseforge.py", line 52, in getGameVersions
    _versionInfo[folderName][aLoader][mcVersion].remove(aVersion)
ValueError: list.remove(x): x not in list

[2026, 9, 28, 9, 24, 39] ;;; curseforge; Traceback (most recent call last):
  File "C:\Users\joshp\curseforge\minecraft\Instances\Alive Dev\saves\Desire Paths\datapacks_uncompiled\modules\curseforge.py", line 52, in getGameVersions
    _versionInfo[folderName][aLoader][mcVersion].remove(aVersion)
ValueError: list.remove(x): x not in list

[2026, 9, 28, 9, 24, 39] ;;; curseforge; Traceback (most recent call last):
  File "C:\Users\joshp\curseforge\minecraft\Instances\Alive Dev\saves\Desire Paths\datapacks_uncompiled\modules\curseforge.py", line 52, in getGameVersions
    _versionInfo[folderName][aLoader][mcVersion].remove(aVersion)
ValueError: list.remove(x): x not in list

[2026, 9, 28, 9, 24, 39] ;;; curseforge; {'id': 9638, 'gameVersionTypeID': 75208, 'name': 'Client', 'slug': 'client', 'apiVersion': ''}
[2026, 9, 28, 9, 24, 39] ;;; curseforge; {'id': 9639, 'gameVersionTypeID': 75208, 'name': 'Server', 'slug': 'server', 'apiVersion': ''}
[2026, 9, 28, 9, 24, 39] ;;; curseforge; {'id': 10150, 'gameVersionTypeID': 68441, 'name': 'NeoForge', 'slug': 'neoforge', 'apiVersion': ''}
[2026, 9, 28, 9, 24, 39] ;;; curseforge; {'id': 15933, 'gameVersionTypeID': 83806, 'name': '26.1', 'slug': '26-1', 'apiVersion': None}
[2026, 9, 28, 9, 24, 39] ;;; curseforge; {'id': 16083, 'gameVersionTypeID': 1, 'name': '26.1', 'slug': '26-1', 'apiVersion': ''}
[2026, 9, 28, 9, 24, 39] ;;; curseforge; {'id': 16128, 'gameVersionTypeID': 615, 'name': '26.1', 'slug': '26-1', 'apiVersion': ''}
[2026, 9, 28, 9, 24, 39] ;;; curseforge; {'id': 9638, 'gameVersionTypeID': 75208, 'name': 'Client', 'slug': 'client', 'apiVersion': ''}
[2026, 9, 28, 9, 24, 39] ;;; curseforge; {'id': 9639, 'gameVersionTypeID': 75208, 'name': 'Server', 'slug': 'server', 'apiVersion': ''}
[2026, 9, 28, 9, 24, 39] ;;; curseforge; {'id': 10150, 'gameVersionTypeID': 68441, 'name': 'NeoForge', 'slug': 'neoforge', 'apiVersion': ''}
[2026, 9, 28, 9, 24, 39] ;;; curseforge; {'id': 16021, 'gameVersionTypeID': 83806, 'name': '26.1.1', 'slug': '26-1-1', 'apiVersion': None}
[2026, 9, 28, 9, 24, 39] ;;; curseforge; {'id': 16084, 'gameVersionTypeID': 1, 'name': '26.1.1', 'slug': '26-1-1', 'apiVersion': ''}
[2026, 9, 28, 9, 24, 39] ;;; curseforge; {'id': 16129, 'gameVersionTypeID': 615, 'name': '26.1.1', 'slug': '26-1-1', 'apiVersion': ''}
[2026, 9, 28, 9, 24, 39] ;;; curseforge; {'id': 9638, 'gameVersionTypeID': 75208, 'name': 'Client', 'slug': 'client', 'apiVersion': ''}
[2026, 9, 28, 9, 24, 39] ;;; curseforge; {'id': 9639, 'gameVersionTypeID': 75208, 'name': 'Server', 'slug': 'server', 'apiVersion': ''}
[2026, 9, 28, 9, 24, 39] ;;; curseforge; {'id': 10150, 'gameVersionTypeID': 68441, 'name': 'NeoForge', 'slug': 'neoforge', 'apiVersion': ''}
[2026, 9, 28, 9, 24, 39] ;;; curseforge; {'id': 16082, 'gameVersionTypeID': 83806, 'name': '26.1.2', 'slug': '26-1-2', 'apiVersion': None}
[2026, 9, 28, 9, 24, 39] ;;; curseforge; {'id': 16085, 'gameVersionTypeID': 1, 'name': '26.1.2', 'slug': '26-1-2', 'apiVersion': ''}
[2026, 9, 28, 9, 24, 39] ;;; curseforge; {'id': 16130, 'gameVersionTypeID': 615, 'name': '26.1.2', 'slug': '26-1-2', 'apiVersion': ''}
[2026, 9, 28, 9, 24, 47] ;;; curseforge; {'id': 7499, 'gameVersionTypeID': 68441, 'name': 'Fabric', 'slug': 'fabric', 'apiVersion': ''}
[2026, 9, 28, 9, 24, 47] ;;; curseforge; {'id': 9638, 'gameVersionTypeID': 75208, 'name': 'Client', 'slug': 'client', 'apiVersion': ''}
[2026, 9, 28, 9, 24, 47] ;;; curseforge; {'id': 9639, 'gameVersionTypeID': 75208, 'name': 'Server', 'slug': 'server', 'apiVersion': ''}
[2026, 9, 28, 9, 24, 47] ;;; curseforge; {'id': 13620, 'gameVersionTypeID': 77784, 'name': '1.21.8', 'slug': '1-21-8', 'apiVersion': None}
[2026, 9, 28, 9, 24, 47] ;;; curseforge; {'id': 13683, 'gameVersionTypeID': 1, 'name': '1.21.8', 'slug': '1-21-8', 'apiVersion': ''}
[2026, 9, 28, 9, 24, 47] ;;; curseforge; {'id': 16124, 'gameVersionTypeID': 615, 'name': '1.21.8', 'slug': '1-21-8', 'apiVersion': ''}
[2026, 9, 28, 9, 24, 47] ;;; curseforge; {'file': ('dynamic_ecosystems-fabric-1.21.8_1.61.0.jar', <_io.BufferedReader name='.\\releases\\1.61.0\\dynamic_ecosystems-fabric-1.21.8_1.61.0.jar'>, 'application/jar'), 'metadata': (None, '{"changelog": "", "displayName": "dynamic_ecosystems fabric 1.21.8 1.61.0", "gameVersions": [7499, 9638, 9639, 13620], "gameVersionNames": ["Fabric", "Client", "Server", "1.21.8"], "releaseType": "release", "relations": {"projects": [{"slug": "gstools", "projectID": 1404020, "type": "requiredDependency"}]}}', 'application/json')}
[2026, 9, 28, 9, 24, 49] ;;; curseforge; Mod file uploaded successfully! Response: {'id': 8999431}
[2026, 9, 28, 9, 24, 50] ;;; curseforge; {'id': 7499, 'gameVersionTypeID': 68441, 'name': 'Fabric', 'slug': 'fabric', 'apiVersion': ''}
[2026, 9, 28, 9, 24, 50] ;;; curseforge; {'id': 9638, 'gameVersionTypeID': 75208, 'name': 'Client', 'slug': 'client', 'apiVersion': ''}
[2026, 9, 28, 9, 24, 50] ;;; curseforge; {'id': 9639, 'gameVersionTypeID': 75208, 'name': 'Server', 'slug': 'server', 'apiVersion': ''}
[2026, 9, 28, 9, 24, 50] ;;; curseforge; {'id': 13620, 'gameVersionTypeID': 77784, 'name': '1.21.8', 'slug': '1-21-8', 'apiVersion': None}
[2026, 9, 28, 9, 24, 50] ;;; curseforge; {'id': 13683, 'gameVersionTypeID': 1, 'name': '1.21.8', 'slug': '1-21-8', 'apiVersion': ''}
[2026, 9, 28, 9, 24, 50] ;;; curseforge; {'id': 16124, 'gameVersionTypeID': 615, 'name': '1.21.8', 'slug': '1-21-8', 'apiVersion': ''}
[2026, 9, 28, 9, 24, 54] ;;; curseforge; {'id': 7499, 'gameVersionTypeID': 68441, 'name': 'Fabric', 'slug': 'fabric', 'apiVersion': ''}
[2026, 9, 28, 9, 24, 54] ;;; curseforge; {'id': 9638, 'gameVersionTypeID': 75208, 'name': 'Client', 'slug': 'client', 'apiVersion': ''}
[2026, 9, 28, 9, 24, 54] ;;; curseforge; {'id': 9639, 'gameVersionTypeID': 75208, 'name': 'Server', 'slug': 'server', 'apiVersion': ''}
[2026, 9, 28, 9, 24, 54] ;;; curseforge; {'id': 13927, 'gameVersionTypeID': 77784, 'name': '1.21.9', 'slug': '1-21-9', 'apiVersion': None}
[2026, 9, 28, 9, 24, 54] ;;; curseforge; {'id': 13933, 'gameVersionTypeID': 1, 'name': '1.21.9', 'slug': '1-21-9', 'apiVersion': ''}
[2026, 9, 28, 9, 24, 54] ;;; curseforge; {'id': 16125, 'gameVersionTypeID': 615, 'name': '1.21.9', 'slug': '1-21-9', 'apiVersion': ''}
[2026, 9, 28, 9, 24, 54] ;;; curseforge; {'id': 7499, 'gameVersionTypeID': 68441, 'name': 'Fabric', 'slug': 'fabric', 'apiVersion': ''}
[2026, 9, 28, 9, 24, 54] ;;; curseforge; {'id': 9638, 'gameVersionTypeID': 75208, 'name': 'Client', 'slug': 'client', 'apiVersion': ''}
[2026, 9, 28, 9, 24, 54] ;;; curseforge; {'id': 9639, 'gameVersionTypeID': 75208, 'name': 'Server', 'slug': 'server', 'apiVersion': ''}
[2026, 9, 28, 9, 24, 54] ;;; curseforge; {'id': 13964, 'gameVersionTypeID': 77784, 'name': '1.21.10', 'slug': '1-21-10', 'apiVersion': None}
[2026, 9, 28, 9, 24, 54] ;;; curseforge; {'id': 13966, 'gameVersionTypeID': 1, 'name': '1.21.10', 'slug': '1-21-10', 'apiVersion': ''}
[2026, 9, 28, 9, 24, 54] ;;; curseforge; {'id': 16126, 'gameVersionTypeID': 615, 'name': '1.21.10', 'slug': '1-21-10', 'apiVersion': ''}
[2026, 9, 28, 9, 24, 54] ;;; curseforge; {'id': 7499, 'gameVersionTypeID': 68441, 'name': 'Fabric', 'slug': 'fabric', 'apiVersion': ''}
[2026, 9, 28, 9, 24, 54] ;;; curseforge; {'id': 9638, 'gameVersionTypeID': 75208, 'name': 'Client', 'slug': 'client', 'apiVersion': ''}
[2026, 9, 28, 9, 24, 54] ;;; curseforge; {'id': 9639, 'gameVersionTypeID': 75208, 'name': 'Server', 'slug': 'server', 'apiVersion': ''}
[2026, 9, 28, 9, 24, 54] ;;; curseforge; {'id': 14406, 'gameVersionTypeID': 77784, 'name': '1.21.11', 'slug': '1-21-11', 'apiVersion': None}
[2026, 9, 28, 9, 24, 54] ;;; curseforge; {'id': 14417, 'gameVersionTypeID': 1, 'name': '1.21.11', 'slug': '1-21-11', 'apiVersion': ''}
[2026, 9, 28, 9, 24, 54] ;;; curseforge; {'id': 16127, 'gameVersionTypeID': 615, 'name': '1.21.11', 'slug': '1-21-11', 'apiVersion': ''}
[2026, 9, 28, 9, 24, 54] ;;; curseforge; {'file': ('dynamic_ecosystems-fabric-1.21.9_1.61.0.jar', <_io.BufferedReader name='.\\releases\\1.61.0\\dynamic_ecosystems-fabric-1.21.9_1.61.0.jar'>, 'application/jar'), 'metadata': (None, '{"changelog": "", "displayName": "dynamic_ecosystems fabric 1.21.9 1.61.0", "gameVersions": [7499, 9638, 9639, 13927, 13964, 14406], "gameVersionNames": ["Fabric", "Client", "Server", "1.21.9", "1.21.10", "1.21.11"], "releaseType": "release", "relations": {"projects": [{"slug": "gstools", "projectID": 1404020, "type": "requiredDependency"}]}}', 'application/json')}
[2026, 9, 28, 9, 24, 57] ;;; curseforge; Mod file uploaded successfully! Response: {'id': 8999433}
[2026, 9, 28, 9, 24, 58] ;;; curseforge; {'id': 7499, 'gameVersionTypeID': 68441, 'name': 'Fabric', 'slug': 'fabric', 'apiVersion': ''}
[2026, 9, 28, 9, 24, 58] ;;; curseforge; {'id': 9638, 'gameVersionTypeID': 75208, 'name': 'Client', 'slug': 'client', 'apiVersion': ''}
[2026, 9, 28, 9, 24, 58] ;;; curseforge; {'id': 9639, 'gameVersionTypeID': 75208, 'name': 'Server', 'slug': 'server', 'apiVersion': ''}
[2026, 9, 28, 9, 24, 58] ;;; curseforge; {'id': 13927, 'gameVersionTypeID': 77784, 'name': '1.21.9', 'slug': '1-21-9', 'apiVersion': None}
[2026, 9, 28, 9, 24, 58] ;;; curseforge; {'id': 13933, 'gameVersionTypeID': 1, 'name': '1.21.9', 'slug': '1-21-9', 'apiVersion': ''}
[2026, 9, 28, 9, 24, 58] ;;; curseforge; {'id': 16125, 'gameVersionTypeID': 615, 'name': '1.21.9', 'slug': '1-21-9', 'apiVersion': ''}
[2026, 9, 28, 9, 24, 58] ;;; curseforge; {'id': 7499, 'gameVersionTypeID': 68441, 'name': 'Fabric', 'slug': 'fabric', 'apiVersion': ''}
[2026, 9, 28, 9, 24, 58] ;;; curseforge; {'id': 9638, 'gameVersionTypeID': 75208, 'name': 'Client', 'slug': 'client', 'apiVersion': ''}
[2026, 9, 28, 9, 24, 58] ;;; curseforge; {'id': 9639, 'gameVersionTypeID': 75208, 'name': 'Server', 'slug': 'server', 'apiVersion': ''}
[2026, 9, 28, 9, 24, 58] ;;; curseforge; {'id': 13964, 'gameVersionTypeID': 77784, 'name': '1.21.10', 'slug': '1-21-10', 'apiVersion': None}
[2026, 9, 28, 9, 24, 58] ;;; curseforge; {'id': 13966, 'gameVersionTypeID': 1, 'name': '1.21.10', 'slug': '1-21-10', 'apiVersion': ''}
[2026, 9, 28, 9, 24, 58] ;;; curseforge; {'id': 16126, 'gameVersionTypeID': 615, 'name': '1.21.10', 'slug': '1-21-10', 'apiVersion': ''}
[2026, 9, 28, 9, 24, 58] ;;; curseforge; {'id': 7499, 'gameVersionTypeID': 68441, 'name': 'Fabric', 'slug': 'fabric', 'apiVersion': ''}
[2026, 9, 28, 9, 24, 58] ;;; curseforge; {'id': 9638, 'gameVersionTypeID': 75208, 'name': 'Client', 'slug': 'client', 'apiVersion': ''}
[2026, 9, 28, 9, 24, 58] ;;; curseforge; {'id': 9639, 'gameVersionTypeID': 75208, 'name': 'Server', 'slug': 'server', 'apiVersion': ''}
[2026, 9, 28, 9, 24, 58] ;;; curseforge; {'id': 14406, 'gameVersionTypeID': 77784, 'name': '1.21.11', 'slug': '1-21-11', 'apiVersion': None}
[2026, 9, 28, 9, 24, 58] ;;; curseforge; {'id': 14417, 'gameVersionTypeID': 1, 'name': '1.21.11', 'slug': '1-21-11', 'apiVersion': ''}
[2026, 9, 28, 9, 24, 58] ;;; curseforge; {'id': 16127, 'gameVersionTypeID': 615, 'name': '1.21.11', 'slug': '1-21-11', 'apiVersion': ''}
[2026, 9, 28, 9, 25, 2] ;;; curseforge; {'id': 7499, 'gameVersionTypeID': 68441, 'name': 'Fabric', 'slug': 'fabric', 'apiVersion': ''}
[2026, 9, 28, 9, 25, 2] ;;; curseforge; {'id': 9638, 'gameVersionTypeID': 75208, 'name': 'Client', 'slug': 'client', 'apiVersion': ''}
[2026, 9, 28, 9, 25, 2] ;;; curseforge; {'id': 9639, 'gameVersionTypeID': 75208, 'name': 'Server', 'slug': 'server', 'apiVersion': ''}
[2026, 9, 28, 9, 25, 2] ;;; curseforge; {'id': 15933, 'gameVersionTypeID': 83806, 'name': '26.1', 'slug': '26-1', 'apiVersion': None}
[2026, 9, 28, 9, 25, 2] ;;; curseforge; {'id': 16083, 'gameVersionTypeID': 1, 'name': '26.1', 'slug': '26-1', 'apiVersion': ''}
[2026, 9, 28, 9, 25, 2] ;;; curseforge; {'id': 16128, 'gameVersionTypeID': 615, 'name': '26.1', 'slug': '26-1', 'apiVersion': ''}
[2026, 9, 28, 9, 25, 2] ;;; curseforge; {'id': 7499, 'gameVersionTypeID': 68441, 'name': 'Fabric', 'slug': 'fabric', 'apiVersion': ''}
[2026, 9, 28, 9, 25, 2] ;;; curseforge; {'id': 9638, 'gameVersionTypeID': 75208, 'name': 'Client', 'slug': 'client', 'apiVersion': ''}
[2026, 9, 28, 9, 25, 2] ;;; curseforge; {'id': 9639, 'gameVersionTypeID': 75208, 'name': 'Server', 'slug': 'server', 'apiVersion': ''}
[2026, 9, 28, 9, 25, 2] ;;; curseforge; {'id': 16021, 'gameVersionTypeID': 83806, 'name': '26.1.1', 'slug': '26-1-1', 'apiVersion': None}
[2026, 9, 28, 9, 25, 2] ;;; curseforge; {'id': 16084, 'gameVersionTypeID': 1, 'name': '26.1.1', 'slug': '26-1-1', 'apiVersion': ''}
[2026, 9, 28, 9, 25, 2] ;;; curseforge; {'id': 16129, 'gameVersionTypeID': 615, 'name': '26.1.1', 'slug': '26-1-1', 'apiVersion': ''}
[2026, 9, 28, 9, 25, 2] ;;; curseforge; {'id': 7499, 'gameVersionTypeID': 68441, 'name': 'Fabric', 'slug': 'fabric', 'apiVersion': ''}
[2026, 9, 28, 9, 25, 2] ;;; curseforge; {'id': 9638, 'gameVersionTypeID': 75208, 'name': 'Client', 'slug': 'client', 'apiVersion': ''}
[2026, 9, 28, 9, 25, 2] ;;; curseforge; {'id': 9639, 'gameVersionTypeID': 75208, 'name': 'Server', 'slug': 'server', 'apiVersion': ''}
[2026, 9, 28, 9, 25, 2] ;;; curseforge; {'id': 16082, 'gameVersionTypeID': 83806, 'name': '26.1.2', 'slug': '26-1-2', 'apiVersion': None}
[2026, 9, 28, 9, 25, 2] ;;; curseforge; {'id': 16085, 'gameVersionTypeID': 1, 'name': '26.1.2', 'slug': '26-1-2', 'apiVersion': ''}
[2026, 9, 28, 9, 25, 2] ;;; curseforge; {'id': 16130, 'gameVersionTypeID': 615, 'name': '26.1.2', 'slug': '26-1-2', 'apiVersion': ''}
[2026, 9, 28, 9, 25, 2] ;;; curseforge; {'file': ('dynamic_ecosystems-fabric-26.1_1.61.0.jar', <_io.BufferedReader name='.\\releases\\1.61.0\\dynamic_ecosystems-fabric-26.1_1.61.0.jar'>, 'application/jar'), 'metadata': (None, '{"changelog": "", "displayName": "dynamic_ecosystems fabric 26.1 1.61.0", "gameVersions": [7499, 9638, 9639, 15933, 16021, 16082], "gameVersionNames": ["Fabric", "Client", "Server", "26.1", "26.1.1", "26.1.2"], "releaseType": "release", "relations": {"projects": [{"slug": "gstools", "projectID": 1404020, "type": "requiredDependency"}]}}', 'application/json')}
[2026, 9, 28, 9, 25, 5] ;;; curseforge; Mod file uploaded successfully! Response: {'id': 8999434}
[2026, 9, 28, 9, 25, 5] ;;; curseforge; {'id': 7499, 'gameVersionTypeID': 68441, 'name': 'Fabric', 'slug': 'fabric', 'apiVersion': ''}
[2026, 9, 28, 9, 25, 5] ;;; curseforge; {'id': 9638, 'gameVersionTypeID': 75208, 'name': 'Client', 'slug': 'client', 'apiVersion': ''}
[2026, 9, 28, 9, 25, 5] ;;; curseforge; {'id': 9639, 'gameVersionTypeID': 75208, 'name': 'Server', 'slug': 'server', 'apiVersion': ''}
[2026, 9, 28, 9, 25, 5] ;;; curseforge; {'id': 15933, 'gameVersionTypeID': 83806, 'name': '26.1', 'slug': '26-1', 'apiVersion': None}
[2026, 9, 28, 9, 25, 5] ;;; curseforge; {'id': 16083, 'gameVersionTypeID': 1, 'name': '26.1', 'slug': '26-1', 'apiVersion': ''}
[2026, 9, 28, 9, 25, 5] ;;; curseforge; {'id': 16128, 'gameVersionTypeID': 615, 'name': '26.1', 'slug': '26-1', 'apiVersion': ''}
[2026, 9, 28, 9, 25, 5] ;;; curseforge; {'id': 7499, 'gameVersionTypeID': 68441, 'name': 'Fabric', 'slug': 'fabric', 'apiVersion': ''}
[2026, 9, 28, 9, 25, 5] ;;; curseforge; {'id': 9638, 'gameVersionTypeID': 75208, 'name': 'Client', 'slug': 'client', 'apiVersion': ''}
[2026, 9, 28, 9, 25, 5] ;;; curseforge; {'id': 9639, 'gameVersionTypeID': 75208, 'name': 'Server', 'slug': 'server', 'apiVersion': ''}
[2026, 9, 28, 9, 25, 5] ;;; curseforge; {'id': 16021, 'gameVersionTypeID': 83806, 'name': '26.1.1', 'slug': '26-1-1', 'apiVersion': None}
[2026, 9, 28, 9, 25, 5] ;;; curseforge; {'id': 16084, 'gameVersionTypeID': 1, 'name': '26.1.1', 'slug': '26-1-1', 'apiVersion': ''}
[2026, 9, 28, 9, 25, 5] ;;; curseforge; {'id': 16129, 'gameVersionTypeID': 615, 'name': '26.1.1', 'slug': '26-1-1', 'apiVersion': ''}
[2026, 9, 28, 9, 25, 5] ;;; curseforge; {'id': 7499, 'gameVersionTypeID': 68441, 'name': 'Fabric', 'slug': 'fabric', 'apiVersion': ''}
[2026, 9, 28, 9, 25, 5] ;;; curseforge; {'id': 9638, 'gameVersionTypeID': 75208, 'name': 'Client', 'slug': 'client', 'apiVersion': ''}
[2026, 9, 28, 9, 25, 5] ;;; curseforge; {'id': 9639, 'gameVersionTypeID': 75208, 'name': 'Server', 'slug': 'server', 'apiVersion': ''}
[2026, 9, 28, 9, 25, 5] ;;; curseforge; {'id': 16082, 'gameVersionTypeID': 83806, 'name': '26.1.2', 'slug': '26-1-2', 'apiVersion': None}
[2026, 9, 28, 9, 25, 5] ;;; curseforge; {'id': 16085, 'gameVersionTypeID': 1, 'name': '26.1.2', 'slug': '26-1-2', 'apiVersion': ''}
[2026, 9, 28, 9, 25, 5] ;;; curseforge; {'id': 16130, 'gameVersionTypeID': 615, 'name': '26.1.2', 'slug': '26-1-2', 'apiVersion': ''}
[2026, 9, 28, 9, 25, 10] ;;; curseforge; {'id': 7499, 'gameVersionTypeID': 68441, 'name': 'Fabric', 'slug': 'fabric', 'apiVersion': ''}
[2026, 9, 28, 9, 25, 10] ;;; curseforge; {'id': 9638, 'gameVersionTypeID': 75208, 'name': 'Client', 'slug': 'client', 'apiVersion': ''}
[2026, 9, 28, 9, 25, 10] ;;; curseforge; {'id': 9639, 'gameVersionTypeID': 75208, 'name': 'Server', 'slug': 'server', 'apiVersion': ''}
[2026, 9, 28, 9, 25, 10] ;;; curseforge; {'id': 16498, 'gameVersionTypeID': 86297, 'name': '26.2', 'slug': '26-2', 'apiVersion': None}
[2026, 9, 28, 9, 25, 10] ;;; curseforge; {'id': 16500, 'gameVersionTypeID': 1, 'name': '26.2', 'slug': '26-2', 'apiVersion': ''}
[2026, 9, 28, 9, 25, 10] ;;; curseforge; {'file': ('dynamic_ecosystems-fabric-26.2_1.61.0.jar', <_io.BufferedReader name='.\\releases\\1.61.0\\dynamic_ecosystems-fabric-26.2_1.61.0.jar'>, 'application/jar'), 'metadata': (None, '{"changelog": "", "displayName": "dynamic_ecosystems fabric 26.2 1.61.0", "gameVersions": [7499, 9638, 9639, 16498], "gameVersionNames": ["Fabric", "Client", "Server", "26.2"], "releaseType": "release", "relations": {"projects": [{"slug": "gstools", "projectID": 1404020, "type": "requiredDependency"}]}}', 'application/json')}
[2026, 9, 28, 9, 25, 12] ;;; curseforge; Mod file uploaded successfully! Response: {'id': 8999435}
[2026, 9, 28, 9, 25, 13] ;;; curseforge; {'id': 7499, 'gameVersionTypeID': 68441, 'name': 'Fabric', 'slug': 'fabric', 'apiVersion': ''}
[2026, 9, 28, 9, 25, 13] ;;; curseforge; {'id': 9638, 'gameVersionTypeID': 75208, 'name': 'Client', 'slug': 'client', 'apiVersion': ''}
[2026, 9, 28, 9, 25, 13] ;;; curseforge; {'id': 9639, 'gameVersionTypeID': 75208, 'name': 'Server', 'slug': 'server', 'apiVersion': ''}
[2026, 9, 28, 9, 25, 13] ;;; curseforge; {'id': 16498, 'gameVersionTypeID': 86297, 'name': '26.2', 'slug': '26-2', 'apiVersion': None}
[2026, 9, 28, 9, 25, 13] ;;; curseforge; {'id': 16500, 'gameVersionTypeID': 1, 'name': '26.2', 'slug': '26-2', 'apiVersion': ''}
[2026, 9, 28, 9, 25, 16] ;;; curseforge; {'id': 7498, 'gameVersionTypeID': 68441, 'name': 'Forge', 'slug': 'forge', 'apiVersion': ''}
[2026, 9, 28, 9, 25, 16] ;;; curseforge; {'id': 9638, 'gameVersionTypeID': 75208, 'name': 'Client', 'slug': 'client', 'apiVersion': ''}
[2026, 9, 28, 9, 25, 16] ;;; curseforge; {'id': 9639, 'gameVersionTypeID': 75208, 'name': 'Server', 'slug': 'server', 'apiVersion': ''}
[2026, 9, 28, 9, 25, 16] ;;; curseforge; {'id': 9776, 'gameVersionTypeID': 73407, 'name': '1.19.4', 'slug': '1-19-4', 'apiVersion': ''}
[2026, 9, 28, 9, 25, 16] ;;; curseforge; {'id': 9792, 'gameVersionTypeID': 615, 'name': '1.19.4', 'slug': '1-19-4', 'apiVersion': ''}
[2026, 9, 28, 9, 25, 16] ;;; curseforge; {'id': 9973, 'gameVersionTypeID': 1, 'name': '1.19.4', 'slug': '1-19-4', 'apiVersion': ''}
[2026, 9, 28, 9, 25, 17] ;;; curseforge; {'file': ('dynamic_ecosystems-forge-1.19.4_1.61.0.jar', <_io.BufferedReader name='.\\releases\\1.61.0\\dynamic_ecosystems-forge-1.19.4_1.61.0.jar'>, 'application/jar'), 'metadata': (None, '{"changelog": "", "displayName": "dynamic_ecosystems forge 1.19.4 1.61.0", "gameVersions": [7498, 9638, 9639, 9776], "gameVersionNames": ["Forge", "Client", "Server", "1.19.4"], "releaseType": "release", "relations": {"projects": [{"slug": "gstools", "projectID": 1404020, "type": "requiredDependency"}]}}', 'application/json')}
[2026, 9, 28, 9, 25, 19] ;;; curseforge; Mod file uploaded successfully! Response: {'id': 8999436}
[2026, 9, 28, 9, 25, 20] ;;; curseforge; {'id': 7498, 'gameVersionTypeID': 68441, 'name': 'Forge', 'slug': 'forge', 'apiVersion': ''}
[2026, 9, 28, 9, 25, 20] ;;; curseforge; {'id': 9638, 'gameVersionTypeID': 75208, 'name': 'Client', 'slug': 'client', 'apiVersion': ''}
[2026, 9, 28, 9, 25, 20] ;;; curseforge; {'id': 9639, 'gameVersionTypeID': 75208, 'name': 'Server', 'slug': 'server', 'apiVersion': ''}
[2026, 9, 28, 9, 25, 20] ;;; curseforge; {'id': 9776, 'gameVersionTypeID': 73407, 'name': '1.19.4', 'slug': '1-19-4', 'apiVersion': ''}
[2026, 9, 28, 9, 25, 20] ;;; curseforge; {'id': 9792, 'gameVersionTypeID': 615, 'name': '1.19.4', 'slug': '1-19-4', 'apiVersion': ''}
[2026, 9, 28, 9, 25, 20] ;;; curseforge; {'id': 9973, 'gameVersionTypeID': 1, 'name': '1.19.4', 'slug': '1-19-4', 'apiVersion': ''}
[2026, 9, 28, 9, 25, 24] ;;; curseforge; {'id': 9638, 'gameVersionTypeID': 75208, 'name': 'Client', 'slug': 'client', 'apiVersion': ''}
[2026, 9, 28, 9, 25, 24] ;;; curseforge; {'id': 9639, 'gameVersionTypeID': 75208, 'name': 'Server', 'slug': 'server', 'apiVersion': ''}
[2026, 9, 28, 9, 25, 24] ;;; curseforge; {'id': 10150, 'gameVersionTypeID': 68441, 'name': 'NeoForge', 'slug': 'neoforge', 'apiVersion': ''}
[2026, 9, 28, 9, 25, 24] ;;; curseforge; {'id': 10407, 'gameVersionTypeID': 75125, 'name': '1.20.4', 'slug': '1-20-4', 'apiVersion': None}
[2026, 9, 28, 9, 25, 24] ;;; curseforge; {'id': 10742, 'gameVersionTypeID': 1, 'name': '1.20.4', 'slug': '1-20-4', 'apiVersion': ''}
[2026, 9, 28, 9, 25, 24] ;;; curseforge; {'id': 10866, 'gameVersionTypeID': 615, 'name': '1.20.4', 'slug': '1-20-4', 'apiVersion': ''}
[2026, 9, 28, 9, 25, 24] ;;; curseforge; {'file': ('dynamic_ecosystems-neoforge-1.20.4_1.61.0.jar', <_io.BufferedReader name='.\\releases\\1.61.0\\dynamic_ecosystems-neoforge-1.20.4_1.61.0.jar'>, 'application/jar'), 'metadata': (None, '{"changelog": "", "displayName": "dynamic_ecosystems neoforge 1.20.4 1.61.0", "gameVersions": [9638, 9639, 10150, 10407], "gameVersionNames": ["Client", "Server", "NeoForge", "1.20.4"], "releaseType": "release", "relations": {"projects": [{"slug": "gstools", "projectID": 1404020, "type": "requiredDependency"}]}}', 'application/json')}
[2026, 9, 28, 9, 25, 29] ;;; curseforge; Mod file uploaded successfully! Response: {'id': 8999437}
[2026, 9, 28, 9, 25, 29] ;;; curseforge; {'id': 9638, 'gameVersionTypeID': 75208, 'name': 'Client', 'slug': 'client', 'apiVersion': ''}
[2026, 9, 28, 9, 25, 29] ;;; curseforge; {'id': 9639, 'gameVersionTypeID': 75208, 'name': 'Server', 'slug': 'server', 'apiVersion': ''}
[2026, 9, 28, 9, 25, 29] ;;; curseforge; {'id': 10150, 'gameVersionTypeID': 68441, 'name': 'NeoForge', 'slug': 'neoforge', 'apiVersion': ''}
[2026, 9, 28, 9, 25, 29] ;;; curseforge; {'id': 10407, 'gameVersionTypeID': 75125, 'name': '1.20.4', 'slug': '1-20-4', 'apiVersion': None}
[2026, 9, 28, 9, 25, 29] ;;; curseforge; {'id': 10742, 'gameVersionTypeID': 1, 'name': '1.20.4', 'slug': '1-20-4', 'apiVersion': ''}
[2026, 9, 28, 9, 25, 29] ;;; curseforge; {'id': 10866, 'gameVersionTypeID': 615, 'name': '1.20.4', 'slug': '1-20-4', 'apiVersion': ''}
[2026, 9, 28, 9, 25, 38] ;;; curseforge; {'id': 9638, 'gameVersionTypeID': 75208, 'name': 'Client', 'slug': 'client', 'apiVersion': ''}
[2026, 9, 28, 9, 25, 38] ;;; curseforge; {'id': 9639, 'gameVersionTypeID': 75208, 'name': 'Server', 'slug': 'server', 'apiVersion': ''}
[2026, 9, 28, 9, 25, 38] ;;; curseforge; {'id': 10150, 'gameVersionTypeID': 68441, 'name': 'NeoForge', 'slug': 'neoforge', 'apiVersion': ''}
[2026, 9, 28, 9, 25, 38] ;;; curseforge; {'id': 11198, 'gameVersionTypeID': 75125, 'name': '1.20.6', 'slug': '1-20-6', 'apiVersion': None}
[2026, 9, 28, 9, 25, 38] ;;; curseforge; {'id': 11307, 'gameVersionTypeID': 1, 'name': '1.20.6', 'slug': '1-20-6', 'apiVersion': ''}
[2026, 9, 28, 9, 25, 38] ;;; curseforge; {'id': 11309, 'gameVersionTypeID': 615, 'name': '1.20.6', 'slug': '1-20-6', 'apiVersion': ''}
[2026, 9, 28, 9, 25, 38] ;;; curseforge; {'id': 9638, 'gameVersionTypeID': 75208, 'name': 'Client', 'slug': 'client', 'apiVersion': ''}
[2026, 9, 28, 9, 25, 38] ;;; curseforge; {'id': 9639, 'gameVersionTypeID': 75208, 'name': 'Server', 'slug': 'server', 'apiVersion': ''}
[2026, 9, 28, 9, 25, 38] ;;; curseforge; {'id': 10150, 'gameVersionTypeID': 68441, 'name': 'NeoForge', 'slug': 'neoforge', 'apiVersion': ''}
[2026, 9, 28, 9, 25, 38] ;;; curseforge; {'id': 11457, 'gameVersionTypeID': 77784, 'name': '1.21', 'slug': '1-21', 'apiVersion': ''}
[2026, 9, 28, 9, 25, 38] ;;; curseforge; {'id': 11458, 'gameVersionTypeID': 615, 'name': '1.21', 'slug': '1-21', 'apiVersion': ''}
[2026, 9, 28, 9, 25, 38] ;;; curseforge; {'id': 11515, 'gameVersionTypeID': 1, 'name': '1.21', 'slug': '1-21', 'apiVersion': ''}
[2026, 9, 28, 9, 25, 38] ;;; curseforge; {'file': ('dynamic_ecosystems-neoforge-1.20.6_1.61.0.jar', <_io.BufferedReader name='.\\releases\\1.61.0\\dynamic_ecosystems-neoforge-1.20.6_1.61.0.jar'>, 'application/jar'), 'metadata': (None, '{"changelog": "", "displayName": "dynamic_ecosystems neoforge 1.20.6 1.61.0", "gameVersions": [9638, 9639, 10150, 11198, 11457], "gameVersionNames": ["Client", "Server", "NeoForge", "1.20.6", "1.21"], "releaseType": "release", "relations": {"projects": [{"slug": "gstools", "projectID": 1404020, "type": "requiredDependency"}]}}', 'application/json')}
[2026, 9, 28, 9, 25, 40] ;;; curseforge; Mod file uploaded successfully! Response: {'id': 8999443}
[2026, 9, 28, 9, 25, 41] ;;; curseforge; {'id': 9638, 'gameVersionTypeID': 75208, 'name': 'Client', 'slug': 'client', 'apiVersion': ''}
[2026, 9, 28, 9, 25, 41] ;;; curseforge; {'id': 9639, 'gameVersionTypeID': 75208, 'name': 'Server', 'slug': 'server', 'apiVersion': ''}
[2026, 9, 28, 9, 25, 41] ;;; curseforge; {'id': 10150, 'gameVersionTypeID': 68441, 'name': 'NeoForge', 'slug': 'neoforge', 'apiVersion': ''}
[2026, 9, 28, 9, 25, 41] ;;; curseforge; {'id': 11198, 'gameVersionTypeID': 75125, 'name': '1.20.6', 'slug': '1-20-6', 'apiVersion': None}
[2026, 9, 28, 9, 25, 41] ;;; curseforge; {'id': 11307, 'gameVersionTypeID': 1, 'name': '1.20.6', 'slug': '1-20-6', 'apiVersion': ''}
[2026, 9, 28, 9, 25, 41] ;;; curseforge; {'id': 11309, 'gameVersionTypeID': 615, 'name': '1.20.6', 'slug': '1-20-6', 'apiVersion': ''}
[2026, 9, 28, 9, 25, 41] ;;; curseforge; {'id': 9638, 'gameVersionTypeID': 75208, 'name': 'Client', 'slug': 'client', 'apiVersion': ''}
[2026, 9, 28, 9, 25, 41] ;;; curseforge; {'id': 9639, 'gameVersionTypeID': 75208, 'name': 'Server', 'slug': 'server', 'apiVersion': ''}
[2026, 9, 28, 9, 25, 41] ;;; curseforge; {'id': 10150, 'gameVersionTypeID': 68441, 'name': 'NeoForge', 'slug': 'neoforge', 'apiVersion': ''}
[2026, 9, 28, 9, 25, 41] ;;; curseforge; {'id': 11457, 'gameVersionTypeID': 77784, 'name': '1.21', 'slug': '1-21', 'apiVersion': ''}
[2026, 9, 28, 9, 25, 41] ;;; curseforge; {'id': 11458, 'gameVersionTypeID': 615, 'name': '1.21', 'slug': '1-21', 'apiVersion': ''}
[2026, 9, 28, 9, 25, 41] ;;; curseforge; {'id': 11515, 'gameVersionTypeID': 1, 'name': '1.21', 'slug': '1-21', 'apiVersion': ''}
[2026, 9, 28, 9, 25, 47] ;;; curseforge; {'id': 9638, 'gameVersionTypeID': 75208, 'name': 'Client', 'slug': 'client', 'apiVersion': ''}
[2026, 9, 28, 9, 25, 47] ;;; curseforge; {'id': 9639, 'gameVersionTypeID': 75208, 'name': 'Server', 'slug': 'server', 'apiVersion': ''}
[2026, 9, 28, 9, 25, 47] ;;; curseforge; {'id': 10150, 'gameVersionTypeID': 68441, 'name': 'NeoForge', 'slug': 'neoforge', 'apiVersion': ''}
[2026, 9, 28, 9, 25, 47] ;;; curseforge; {'id': 11779, 'gameVersionTypeID': 77784, 'name': '1.21.1', 'slug': '1-21-1', 'apiVersion': None}
[2026, 9, 28, 9, 25, 47] ;;; curseforge; {'id': 12735, 'gameVersionTypeID': 1, 'name': '1.21.1', 'slug': '1-21-1', 'apiVersion': ''}
[2026, 9, 28, 9, 25, 47] ;;; curseforge; {'id': 16115, 'gameVersionTypeID': 615, 'name': '1.21.1', 'slug': '1-21-1', 'apiVersion': ''}
[2026, 9, 28, 9, 25, 47] ;;; curseforge; {'file': ('dynamic_ecosystems-neoforge-1.21.1_1.61.0.jar', <_io.BufferedReader name='.\\releases\\1.61.0\\dynamic_ecosystems-neoforge-1.21.1_1.61.0.jar'>, 'application/jar'), 'metadata': (None, '{"changelog": "", "displayName": "dynamic_ecosystems neoforge 1.21.1 1.61.0", "gameVersions": [9638, 9639, 10150, 11779], "gameVersionNames": ["Client", "Server", "NeoForge", "1.21.1"], "releaseType": "release", "relations": {"projects": [{"slug": "gstools", "projectID": 1404020, "type": "requiredDependency"}, {"slug": "gstools-weather2-compat", "projectID": 1710321, "type": "requiredDependency"}]}}', 'application/json')}
[2026, 9, 28, 9, 25, 50] ;;; curseforge; Mod file uploaded successfully! Response: {'id': 8999445}
[2026, 9, 28, 9, 25, 51] ;;; curseforge; {'id': 9638, 'gameVersionTypeID': 75208, 'name': 'Client', 'slug': 'client', 'apiVersion': ''}
[2026, 9, 28, 9, 25, 51] ;;; curseforge; {'id': 9639, 'gameVersionTypeID': 75208, 'name': 'Server', 'slug': 'server', 'apiVersion': ''}
[2026, 9, 28, 9, 25, 51] ;;; curseforge; {'id': 10150, 'gameVersionTypeID': 68441, 'name': 'NeoForge', 'slug': 'neoforge', 'apiVersion': ''}
[2026, 9, 28, 9, 25, 51] ;;; curseforge; {'id': 11779, 'gameVersionTypeID': 77784, 'name': '1.21.1', 'slug': '1-21-1', 'apiVersion': None}
[2026, 9, 28, 9, 25, 51] ;;; curseforge; {'id': 12735, 'gameVersionTypeID': 1, 'name': '1.21.1', 'slug': '1-21-1', 'apiVersion': ''}
[2026, 9, 28, 9, 25, 51] ;;; curseforge; {'id': 16115, 'gameVersionTypeID': 615, 'name': '1.21.1', 'slug': '1-21-1', 'apiVersion': ''}
[2026, 9, 28, 9, 25, 54] ;;; curseforge; {'id': 9638, 'gameVersionTypeID': 75208, 'name': 'Client', 'slug': 'client', 'apiVersion': ''}
[2026, 9, 28, 9, 25, 54] ;;; curseforge; {'id': 9639, 'gameVersionTypeID': 75208, 'name': 'Server', 'slug': 'server', 'apiVersion': ''}
[2026, 9, 28, 9, 25, 54] ;;; curseforge; {'id': 10150, 'gameVersionTypeID': 68441, 'name': 'NeoForge', 'slug': 'neoforge', 'apiVersion': ''}
[2026, 9, 28, 9, 25, 54] ;;; curseforge; {'id': 12079, 'gameVersionTypeID': 77784, 'name': '1.21.2', 'slug': '1-21-2', 'apiVersion': ''}
[2026, 9, 28, 9, 25, 54] ;;; curseforge; {'id': 12736, 'gameVersionTypeID': 1, 'name': '1.21.2', 'slug': '1-21-2', 'apiVersion': ''}
[2026, 9, 28, 9, 25, 54] ;;; curseforge; {'id': 16116, 'gameVersionTypeID': 615, 'name': '1.21.2', 'slug': '1-21-2', 'apiVersion': ''}
[2026, 9, 28, 9, 25, 54] ;;; curseforge; {'id': 9638, 'gameVersionTypeID': 75208, 'name': 'Client', 'slug': 'client', 'apiVersion': ''}
[2026, 9, 28, 9, 25, 54] ;;; curseforge; {'id': 9639, 'gameVersionTypeID': 75208, 'name': 'Server', 'slug': 'server', 'apiVersion': ''}
[2026, 9, 28, 9, 25, 54] ;;; curseforge; {'id': 10150, 'gameVersionTypeID': 68441, 'name': 'NeoForge', 'slug': 'neoforge', 'apiVersion': ''}
[2026, 9, 28, 9, 25, 54] ;;; curseforge; {'id': 12084, 'gameVersionTypeID': 77784, 'name': '1.21.3', 'slug': '1-21-3', 'apiVersion': None}
[2026, 9, 28, 9, 25, 54] ;;; curseforge; {'id': 12737, 'gameVersionTypeID': 1, 'name': '1.21.3', 'slug': '1-21-3', 'apiVersion': ''}
[2026, 9, 28, 9, 25, 54] ;;; curseforge; {'id': 16117, 'gameVersionTypeID': 615, 'name': '1.21.3', 'slug': '1-21-3', 'apiVersion': ''}
[2026, 9, 28, 9, 25, 54] ;;; curseforge; {'file': ('dynamic_ecosystems-neoforge-1.21.2_1.61.0.jar', <_io.BufferedReader name='.\\releases\\1.61.0\\dynamic_ecosystems-neoforge-1.21.2_1.61.0.jar'>, 'application/jar'), 'metadata': (None, '{"changelog": "", "displayName": "dynamic_ecosystems neoforge 1.21.2 1.61.0", "gameVersions": [9638, 9639, 10150, 12079, 12084], "gameVersionNames": ["Client", "Server", "NeoForge", "1.21.2", "1.21.3"], "releaseType": "release", "relations": {"projects": [{"slug": "gstools", "projectID": 1404020, "type": "requiredDependency"}]}}', 'application/json')}
[2026, 9, 28, 9, 25, 59] ;;; curseforge; Mod file uploaded successfully! Response: {'id': 8999446}
[2026, 9, 28, 9, 26, 0] ;;; curseforge; {'id': 9638, 'gameVersionTypeID': 75208, 'name': 'Client', 'slug': 'client', 'apiVersion': ''}
[2026, 9, 28, 9, 26, 0] ;;; curseforge; {'id': 9639, 'gameVersionTypeID': 75208, 'name': 'Server', 'slug': 'server', 'apiVersion': ''}
[2026, 9, 28, 9, 26, 0] ;;; curseforge; {'id': 10150, 'gameVersionTypeID': 68441, 'name': 'NeoForge', 'slug': 'neoforge', 'apiVersion': ''}
[2026, 9, 28, 9, 26, 0] ;;; curseforge; {'id': 12079, 'gameVersionTypeID': 77784, 'name': '1.21.2', 'slug': '1-21-2', 'apiVersion': ''}
[2026, 9, 28, 9, 26, 0] ;;; curseforge; {'id': 12736, 'gameVersionTypeID': 1, 'name': '1.21.2', 'slug': '1-21-2', 'apiVersion': ''}
[2026, 9, 28, 9, 26, 0] ;;; curseforge; {'id': 16116, 'gameVersionTypeID': 615, 'name': '1.21.2', 'slug': '1-21-2', 'apiVersion': ''}
[2026, 9, 28, 9, 26, 0] ;;; curseforge; {'id': 9638, 'gameVersionTypeID': 75208, 'name': 'Client', 'slug': 'client', 'apiVersion': ''}
[2026, 9, 28, 9, 26, 0] ;;; curseforge; {'id': 9639, 'gameVersionTypeID': 75208, 'name': 'Server', 'slug': 'server', 'apiVersion': ''}
[2026, 9, 28, 9, 26, 0] ;;; curseforge; {'id': 10150, 'gameVersionTypeID': 68441, 'name': 'NeoForge', 'slug': 'neoforge', 'apiVersion': ''}
[2026, 9, 28, 9, 26, 0] ;;; curseforge; {'id': 12084, 'gameVersionTypeID': 77784, 'name': '1.21.3', 'slug': '1-21-3', 'apiVersion': None}
[2026, 9, 28, 9, 26, 0] ;;; curseforge; {'id': 12737, 'gameVersionTypeID': 1, 'name': '1.21.3', 'slug': '1-21-3', 'apiVersion': ''}
[2026, 9, 28, 9, 26, 0] ;;; curseforge; {'id': 16117, 'gameVersionTypeID': 615, 'name': '1.21.3', 'slug': '1-21-3', 'apiVersion': ''}
[2026, 9, 28, 9, 26, 4] ;;; curseforge; {'id': 9638, 'gameVersionTypeID': 75208, 'name': 'Client', 'slug': 'client', 'apiVersion': ''}
[2026, 9, 28, 9, 26, 4] ;;; curseforge; {'id': 9639, 'gameVersionTypeID': 75208, 'name': 'Server', 'slug': 'server', 'apiVersion': ''}
[2026, 9, 28, 9, 26, 4] ;;; curseforge; {'id': 10150, 'gameVersionTypeID': 68441, 'name': 'NeoForge', 'slug': 'neoforge', 'apiVersion': ''}
[2026, 9, 28, 9, 26, 4] ;;; curseforge; {'id': 12281, 'gameVersionTypeID': 77784, 'name': '1.21.4', 'slug': '1-21-4', 'apiVersion': None}
[2026, 9, 28, 9, 26, 4] ;;; curseforge; {'id': 12738, 'gameVersionTypeID': 1, 'name': '1.21.4', 'slug': '1-21-4', 'apiVersion': ''}
[2026, 9, 28, 9, 26, 4] ;;; curseforge; {'id': 16118, 'gameVersionTypeID': 615, 'name': '1.21.4', 'slug': '1-21-4', 'apiVersion': ''}
[2026, 9, 28, 9, 26, 4] ;;; curseforge; {'file': ('dynamic_ecosystems-neoforge-1.21.4_1.61.0.jar', <_io.BufferedReader name='.\\releases\\1.61.0\\dynamic_ecosystems-neoforge-1.21.4_1.61.0.jar'>, 'application/jar'), 'metadata': (None, '{"changelog": "", "displayName": "dynamic_ecosystems neoforge 1.21.4 1.61.0", "gameVersions": [9638, 9639, 10150, 12281], "gameVersionNames": ["Client", "Server", "NeoForge", "1.21.4"], "releaseType": "release", "relations": {"projects": [{"slug": "gstools", "projectID": 1404020, "type": "requiredDependency"}]}}', 'application/json')}
[2026, 9, 28, 9, 26, 6] ;;; curseforge; Mod file uploaded successfully! Response: {'id': 8999448}
[2026, 9, 28, 9, 26, 6] ;;; curseforge; {'id': 9638, 'gameVersionTypeID': 75208, 'name': 'Client', 'slug': 'client', 'apiVersion': ''}
[2026, 9, 28, 9, 26, 6] ;;; curseforge; {'id': 9639, 'gameVersionTypeID': 75208, 'name': 'Server', 'slug': 'server', 'apiVersion': ''}
[2026, 9, 28, 9, 26, 6] ;;; curseforge; {'id': 10150, 'gameVersionTypeID': 68441, 'name': 'NeoForge', 'slug': 'neoforge', 'apiVersion': ''}
[2026, 9, 28, 9, 26, 6] ;;; curseforge; {'id': 12281, 'gameVersionTypeID': 77784, 'name': '1.21.4', 'slug': '1-21-4', 'apiVersion': None}
[2026, 9, 28, 9, 26, 6] ;;; curseforge; {'id': 12738, 'gameVersionTypeID': 1, 'name': '1.21.4', 'slug': '1-21-4', 'apiVersion': ''}
[2026, 9, 28, 9, 26, 6] ;;; curseforge; {'id': 16118, 'gameVersionTypeID': 615, 'name': '1.21.4', 'slug': '1-21-4', 'apiVersion': ''}
[2026, 9, 28, 9, 26, 13] ;;; curseforge; {'id': 9638, 'gameVersionTypeID': 75208, 'name': 'Client', 'slug': 'client', 'apiVersion': ''}
[2026, 9, 28, 9, 26, 13] ;;; curseforge; {'id': 9639, 'gameVersionTypeID': 75208, 'name': 'Server', 'slug': 'server', 'apiVersion': ''}
[2026, 9, 28, 9, 26, 13] ;;; curseforge; {'id': 10150, 'gameVersionTypeID': 68441, 'name': 'NeoForge', 'slug': 'neoforge', 'apiVersion': ''}
[2026, 9, 28, 9, 26, 13] ;;; curseforge; {'id': 12934, 'gameVersionTypeID': 77784, 'name': '1.21.5', 'slug': '1-21-5', 'apiVersion': None}
[2026, 9, 28, 9, 26, 13] ;;; curseforge; {'id': 12988, 'gameVersionTypeID': 1, 'name': '1.21.5', 'slug': '1-21-5', 'apiVersion': ''}
[2026, 9, 28, 9, 26, 13] ;;; curseforge; {'id': 16119, 'gameVersionTypeID': 615, 'name': '1.21.5', 'slug': '1-21-5', 'apiVersion': ''}
[2026, 9, 28, 9, 26, 13] ;;; curseforge; {'id': 9638, 'gameVersionTypeID': 75208, 'name': 'Client', 'slug': 'client', 'apiVersion': ''}
[2026, 9, 28, 9, 26, 13] ;;; curseforge; {'id': 9639, 'gameVersionTypeID': 75208, 'name': 'Server', 'slug': 'server', 'apiVersion': ''}
[2026, 9, 28, 9, 26, 13] ;;; curseforge; {'id': 10150, 'gameVersionTypeID': 68441, 'name': 'NeoForge', 'slug': 'neoforge', 'apiVersion': ''}
[2026, 9, 28, 9, 26, 13] ;;; curseforge; {'id': 13506, 'gameVersionTypeID': 77784, 'name': '1.21.7', 'slug': '1-21-7', 'apiVersion': None}
[2026, 9, 28, 9, 26, 13] ;;; curseforge; {'id': 13574, 'gameVersionTypeID': 1, 'name': '1.21.7', 'slug': '1-21-7', 'apiVersion': ''}
[2026, 9, 28, 9, 26, 13] ;;; curseforge; {'id': 16121, 'gameVersionTypeID': 615, 'name': '1.21.7', 'slug': '1-21-7', 'apiVersion': ''}
[2026, 9, 28, 9, 26, 13] ;;; curseforge; {'file': ('dynamic_ecosystems-neoforge-1.21.5_1.61.0.jar', <_io.BufferedReader name='.\\releases\\1.61.0\\dynamic_ecosystems-neoforge-1.21.5_1.61.0.jar'>, 'application/jar'), 'metadata': (None, '{"changelog": "", "displayName": "dynamic_ecosystems neoforge 1.21.5 1.61.0", "gameVersions": [9638, 9639, 10150, 12934, 13506], "gameVersionNames": ["Client", "Server", "NeoForge", "1.21.5", "1.21.7"], "releaseType": "release", "relations": {"projects": [{"slug": "gstools", "projectID": 1404020, "type": "requiredDependency"}]}}', 'application/json')}
[2026, 9, 28, 9, 26, 15] ;;; curseforge; Mod file uploaded successfully! Response: {'id': 8999450}
[2026, 9, 28, 9, 26, 15] ;;; curseforge; {'id': 9638, 'gameVersionTypeID': 75208, 'name': 'Client', 'slug': 'client', 'apiVersion': ''}
[2026, 9, 28, 9, 26, 15] ;;; curseforge; {'id': 9639, 'gameVersionTypeID': 75208, 'name': 'Server', 'slug': 'server', 'apiVersion': ''}
[2026, 9, 28, 9, 26, 15] ;;; curseforge; {'id': 10150, 'gameVersionTypeID': 68441, 'name': 'NeoForge', 'slug': 'neoforge', 'apiVersion': ''}
[2026, 9, 28, 9, 26, 15] ;;; curseforge; {'id': 12934, 'gameVersionTypeID': 77784, 'name': '1.21.5', 'slug': '1-21-5', 'apiVersion': None}
[2026, 9, 28, 9, 26, 15] ;;; curseforge; {'id': 12988, 'gameVersionTypeID': 1, 'name': '1.21.5', 'slug': '1-21-5', 'apiVersion': ''}
[2026, 9, 28, 9, 26, 15] ;;; curseforge; {'id': 16119, 'gameVersionTypeID': 615, 'name': '1.21.5', 'slug': '1-21-5', 'apiVersion': ''}
[2026, 9, 28, 9, 26, 15] ;;; curseforge; {'id': 9638, 'gameVersionTypeID': 75208, 'name': 'Client', 'slug': 'client', 'apiVersion': ''}
[2026, 9, 28, 9, 26, 15] ;;; curseforge; {'id': 9639, 'gameVersionTypeID': 75208, 'name': 'Server', 'slug': 'server', 'apiVersion': ''}
[2026, 9, 28, 9, 26, 15] ;;; curseforge; {'id': 10150, 'gameVersionTypeID': 68441, 'name': 'NeoForge', 'slug': 'neoforge', 'apiVersion': ''}
[2026, 9, 28, 9, 26, 15] ;;; curseforge; {'id': 13506, 'gameVersionTypeID': 77784, 'name': '1.21.7', 'slug': '1-21-7', 'apiVersion': None}
[2026, 9, 28, 9, 26, 15] ;;; curseforge; {'id': 13574, 'gameVersionTypeID': 1, 'name': '1.21.7', 'slug': '1-21-7', 'apiVersion': ''}
[2026, 9, 28, 9, 26, 15] ;;; curseforge; {'id': 16121, 'gameVersionTypeID': 615, 'name': '1.21.7', 'slug': '1-21-7', 'apiVersion': ''}
[2026, 9, 28, 9, 26, 20] ;;; curseforge; {'id': 9638, 'gameVersionTypeID': 75208, 'name': 'Client', 'slug': 'client', 'apiVersion': ''}
[2026, 9, 28, 9, 26, 20] ;;; curseforge; {'id': 9639, 'gameVersionTypeID': 75208, 'name': 'Server', 'slug': 'server', 'apiVersion': ''}
[2026, 9, 28, 9, 26, 20] ;;; curseforge; {'id': 10150, 'gameVersionTypeID': 68441, 'name': 'NeoForge', 'slug': 'neoforge', 'apiVersion': ''}
[2026, 9, 28, 9, 26, 20] ;;; curseforge; {'id': 13620, 'gameVersionTypeID': 77784, 'name': '1.21.8', 'slug': '1-21-8', 'apiVersion': None}
[2026, 9, 28, 9, 26, 20] ;;; curseforge; {'id': 13683, 'gameVersionTypeID': 1, 'name': '1.21.8', 'slug': '1-21-8', 'apiVersion': ''}
[2026, 9, 28, 9, 26, 20] ;;; curseforge; {'id': 16124, 'gameVersionTypeID': 615, 'name': '1.21.8', 'slug': '1-21-8', 'apiVersion': ''}
[2026, 9, 28, 9, 26, 20] ;;; curseforge; {'id': 9638, 'gameVersionTypeID': 75208, 'name': 'Client', 'slug': 'client', 'apiVersion': ''}
[2026, 9, 28, 9, 26, 20] ;;; curseforge; {'id': 9639, 'gameVersionTypeID': 75208, 'name': 'Server', 'slug': 'server', 'apiVersion': ''}
[2026, 9, 28, 9, 26, 20] ;;; curseforge; {'id': 10150, 'gameVersionTypeID': 68441, 'name': 'NeoForge', 'slug': 'neoforge', 'apiVersion': ''}
[2026, 9, 28, 9, 26, 20] ;;; curseforge; {'id': 13927, 'gameVersionTypeID': 77784, 'name': '1.21.9', 'slug': '1-21-9', 'apiVersion': None}
[2026, 9, 28, 9, 26, 20] ;;; curseforge; {'id': 13933, 'gameVersionTypeID': 1, 'name': '1.21.9', 'slug': '1-21-9', 'apiVersion': ''}
[2026, 9, 28, 9, 26, 20] ;;; curseforge; {'id': 16125, 'gameVersionTypeID': 615, 'name': '1.21.9', 'slug': '1-21-9', 'apiVersion': ''}
[2026, 9, 28, 9, 26, 20] ;;; curseforge; {'id': 9638, 'gameVersionTypeID': 75208, 'name': 'Client', 'slug': 'client', 'apiVersion': ''}
[2026, 9, 28, 9, 26, 20] ;;; curseforge; {'id': 9639, 'gameVersionTypeID': 75208, 'name': 'Server', 'slug': 'server', 'apiVersion': ''}
[2026, 9, 28, 9, 26, 20] ;;; curseforge; {'id': 10150, 'gameVersionTypeID': 68441, 'name': 'NeoForge', 'slug': 'neoforge', 'apiVersion': ''}
[2026, 9, 28, 9, 26, 20] ;;; curseforge; {'id': 13964, 'gameVersionTypeID': 77784, 'name': '1.21.10', 'slug': '1-21-10', 'apiVersion': None}
[2026, 9, 28, 9, 26, 20] ;;; curseforge; {'id': 13966, 'gameVersionTypeID': 1, 'name': '1.21.10', 'slug': '1-21-10', 'apiVersion': ''}
[2026, 9, 28, 9, 26, 20] ;;; curseforge; {'id': 16126, 'gameVersionTypeID': 615, 'name': '1.21.10', 'slug': '1-21-10', 'apiVersion': ''}
[2026, 9, 28, 9, 26, 20] ;;; curseforge; {'id': 9638, 'gameVersionTypeID': 75208, 'name': 'Client', 'slug': 'client', 'apiVersion': ''}
[2026, 9, 28, 9, 26, 20] ;;; curseforge; {'id': 9639, 'gameVersionTypeID': 75208, 'name': 'Server', 'slug': 'server', 'apiVersion': ''}
[2026, 9, 28, 9, 26, 20] ;;; curseforge; {'id': 10150, 'gameVersionTypeID': 68441, 'name': 'NeoForge', 'slug': 'neoforge', 'apiVersion': ''}
[2026, 9, 28, 9, 26, 20] ;;; curseforge; {'id': 14406, 'gameVersionTypeID': 77784, 'name': '1.21.11', 'slug': '1-21-11', 'apiVersion': None}
[2026, 9, 28, 9, 26, 20] ;;; curseforge; {'id': 14417, 'gameVersionTypeID': 1, 'name': '1.21.11', 'slug': '1-21-11', 'apiVersion': ''}
[2026, 9, 28, 9, 26, 20] ;;; curseforge; {'id': 16127, 'gameVersionTypeID': 615, 'name': '1.21.11', 'slug': '1-21-11', 'apiVersion': ''}
[2026, 9, 28, 9, 26, 20] ;;; curseforge; {'file': ('dynamic_ecosystems-neoforge-1.21.8_1.61.0.jar', <_io.BufferedReader name='.\\releases\\1.61.0\\dynamic_ecosystems-neoforge-1.21.8_1.61.0.jar'>, 'application/jar'), 'metadata': (None, '{"changelog": "", "displayName": "dynamic_ecosystems neoforge 1.21.8 1.61.0", "gameVersions": [9638, 9639, 10150, 13620, 13927, 13964, 14406], "gameVersionNames": ["Client", "Server", "NeoForge", "1.21.8", "1.21.9", "1.21.10", "1.21.11"], "releaseType": "release", "relations": {"projects": [{"slug": "gstools", "projectID": 1404020, "type": "requiredDependency"}]}}', 'application/json')}
[2026, 9, 28, 9, 26, 23] ;;; curseforge; Mod file uploaded successfully! Response: {'id': 8999451}
[2026, 9, 28, 9, 26, 23] ;;; curseforge; {'id': 9638, 'gameVersionTypeID': 75208, 'name': 'Client', 'slug': 'client', 'apiVersion': ''}
[2026, 9, 28, 9, 26, 23] ;;; curseforge; {'id': 9639, 'gameVersionTypeID': 75208, 'name': 'Server', 'slug': 'server', 'apiVersion': ''}
[2026, 9, 28, 9, 26, 23] ;;; curseforge; {'id': 10150, 'gameVersionTypeID': 68441, 'name': 'NeoForge', 'slug': 'neoforge', 'apiVersion': ''}
[2026, 9, 28, 9, 26, 23] ;;; curseforge; {'id': 13620, 'gameVersionTypeID': 77784, 'name': '1.21.8', 'slug': '1-21-8', 'apiVersion': None}
[2026, 9, 28, 9, 26, 23] ;;; curseforge; {'id': 13683, 'gameVersionTypeID': 1, 'name': '1.21.8', 'slug': '1-21-8', 'apiVersion': ''}
[2026, 9, 28, 9, 26, 23] ;;; curseforge; {'id': 16124, 'gameVersionTypeID': 615, 'name': '1.21.8', 'slug': '1-21-8', 'apiVersion': ''}
[2026, 9, 28, 9, 26, 23] ;;; curseforge; {'id': 9638, 'gameVersionTypeID': 75208, 'name': 'Client', 'slug': 'client', 'apiVersion': ''}
[2026, 9, 28, 9, 26, 23] ;;; curseforge; {'id': 9639, 'gameVersionTypeID': 75208, 'name': 'Server', 'slug': 'server', 'apiVersion': ''}
[2026, 9, 28, 9, 26, 23] ;;; curseforge; {'id': 10150, 'gameVersionTypeID': 68441, 'name': 'NeoForge', 'slug': 'neoforge', 'apiVersion': ''}
[2026, 9, 28, 9, 26, 23] ;;; curseforge; {'id': 13927, 'gameVersionTypeID': 77784, 'name': '1.21.9', 'slug': '1-21-9', 'apiVersion': None}
[2026, 9, 28, 9, 26, 23] ;;; curseforge; {'id': 13933, 'gameVersionTypeID': 1, 'name': '1.21.9', 'slug': '1-21-9', 'apiVersion': ''}
[2026, 9, 28, 9, 26, 23] ;;; curseforge; {'id': 16125, 'gameVersionTypeID': 615, 'name': '1.21.9', 'slug': '1-21-9', 'apiVersion': ''}
[2026, 9, 28, 9, 26, 23] ;;; curseforge; {'id': 9638, 'gameVersionTypeID': 75208, 'name': 'Client', 'slug': 'client', 'apiVersion': ''}
[2026, 9, 28, 9, 26, 23] ;;; curseforge; {'id': 9639, 'gameVersionTypeID': 75208, 'name': 'Server', 'slug': 'server', 'apiVersion': ''}
[2026, 9, 28, 9, 26, 23] ;;; curseforge; {'id': 10150, 'gameVersionTypeID': 68441, 'name': 'NeoForge', 'slug': 'neoforge', 'apiVersion': ''}
[2026, 9, 28, 9, 26, 23] ;;; curseforge; {'id': 13964, 'gameVersionTypeID': 77784, 'name': '1.21.10', 'slug': '1-21-10', 'apiVersion': None}
[2026, 9, 28, 9, 26, 23] ;;; curseforge; {'id': 13966, 'gameVersionTypeID': 1, 'name': '1.21.10', 'slug': '1-21-10', 'apiVersion': ''}
[2026, 9, 28, 9, 26, 23] ;;; curseforge; {'id': 16126, 'gameVersionTypeID': 615, 'name': '1.21.10', 'slug': '1-21-10', 'apiVersion': ''}
[2026, 9, 28, 9, 26, 23] ;;; curseforge; {'id': 9638, 'gameVersionTypeID': 75208, 'name': 'Client', 'slug': 'client', 'apiVersion': ''}
[2026, 9, 28, 9, 26, 23] ;;; curseforge; {'id': 9639, 'gameVersionTypeID': 75208, 'name': 'Server', 'slug': 'server', 'apiVersion': ''}
[2026, 9, 28, 9, 26, 23] ;;; curseforge; {'id': 10150, 'gameVersionTypeID': 68441, 'name': 'NeoForge', 'slug': 'neoforge', 'apiVersion': ''}
[2026, 9, 28, 9, 26, 23] ;;; curseforge; {'id': 14406, 'gameVersionTypeID': 77784, 'name': '1.21.11', 'slug': '1-21-11', 'apiVersion': None}
[2026, 9, 28, 9, 26, 23] ;;; curseforge; {'id': 14417, 'gameVersionTypeID': 1, 'name': '1.21.11', 'slug': '1-21-11', 'apiVersion': ''}
[2026, 9, 28, 9, 26, 23] ;;; curseforge; {'id': 16127, 'gameVersionTypeID': 615, 'name': '1.21.11', 'slug': '1-21-11', 'apiVersion': ''}
[2026, 9, 28, 9, 26, 28] ;;; curseforge; {'id': 9638, 'gameVersionTypeID': 75208, 'name': 'Client', 'slug': 'client', 'apiVersion': ''}
[2026, 9, 28, 9, 26, 28] ;;; curseforge; {'id': 9639, 'gameVersionTypeID': 75208, 'name': 'Server', 'slug': 'server', 'apiVersion': ''}
[2026, 9, 28, 9, 26, 28] ;;; curseforge; {'id': 10150, 'gameVersionTypeID': 68441, 'name': 'NeoForge', 'slug': 'neoforge', 'apiVersion': ''}
[2026, 9, 28, 9, 26, 28] ;;; curseforge; {'id': 15933, 'gameVersionTypeID': 83806, 'name': '26.1', 'slug': '26-1', 'apiVersion': None}
[2026, 9, 28, 9, 26, 28] ;;; curseforge; {'id': 16083, 'gameVersionTypeID': 1, 'name': '26.1', 'slug': '26-1', 'apiVersion': ''}
[2026, 9, 28, 9, 26, 28] ;;; curseforge; {'id': 16128, 'gameVersionTypeID': 615, 'name': '26.1', 'slug': '26-1', 'apiVersion': ''}
[2026, 9, 28, 9, 26, 28] ;;; curseforge; {'id': 9638, 'gameVersionTypeID': 75208, 'name': 'Client', 'slug': 'client', 'apiVersion': ''}
[2026, 9, 28, 9, 26, 28] ;;; curseforge; {'id': 9639, 'gameVersionTypeID': 75208, 'name': 'Server', 'slug': 'server', 'apiVersion': ''}
[2026, 9, 28, 9, 26, 28] ;;; curseforge; {'id': 10150, 'gameVersionTypeID': 68441, 'name': 'NeoForge', 'slug': 'neoforge', 'apiVersion': ''}
[2026, 9, 28, 9, 26, 28] ;;; curseforge; {'id': 16021, 'gameVersionTypeID': 83806, 'name': '26.1.1', 'slug': '26-1-1', 'apiVersion': None}
[2026, 9, 28, 9, 26, 28] ;;; curseforge; {'id': 16084, 'gameVersionTypeID': 1, 'name': '26.1.1', 'slug': '26-1-1', 'apiVersion': ''}
[2026, 9, 28, 9, 26, 28] ;;; curseforge; {'id': 16129, 'gameVersionTypeID': 615, 'name': '26.1.1', 'slug': '26-1-1', 'apiVersion': ''}
[2026, 9, 28, 9, 26, 28] ;;; curseforge; {'id': 9638, 'gameVersionTypeID': 75208, 'name': 'Client', 'slug': 'client', 'apiVersion': ''}
[2026, 9, 28, 9, 26, 28] ;;; curseforge; {'id': 9639, 'gameVersionTypeID': 75208, 'name': 'Server', 'slug': 'server', 'apiVersion': ''}
[2026, 9, 28, 9, 26, 28] ;;; curseforge; {'id': 10150, 'gameVersionTypeID': 68441, 'name': 'NeoForge', 'slug': 'neoforge', 'apiVersion': ''}
[2026, 9, 28, 9, 26, 28] ;;; curseforge; {'id': 16082, 'gameVersionTypeID': 83806, 'name': '26.1.2', 'slug': '26-1-2', 'apiVersion': None}
[2026, 9, 28, 9, 26, 28] ;;; curseforge; {'id': 16085, 'gameVersionTypeID': 1, 'name': '26.1.2', 'slug': '26-1-2', 'apiVersion': ''}
[2026, 9, 28, 9, 26, 28] ;;; curseforge; {'id': 16130, 'gameVersionTypeID': 615, 'name': '26.1.2', 'slug': '26-1-2', 'apiVersion': ''}
[2026, 9, 28, 9, 26, 28] ;;; curseforge; {'file': ('dynamic_ecosystems-neoforge-26.1_1.61.0.jar', <_io.BufferedReader name='.\\releases\\1.61.0\\dynamic_ecosystems-neoforge-26.1_1.61.0.jar'>, 'application/jar'), 'metadata': (None, '{"changelog": "", "displayName": "dynamic_ecosystems neoforge 26.1 1.61.0", "gameVersions": [9638, 9639, 10150, 15933, 16021, 16082], "gameVersionNames": ["Client", "Server", "NeoForge", "26.1", "26.1.1", "26.1.2"], "releaseType": "release", "relations": {"projects": [{"slug": "gstools", "projectID": 1404020, "type": "requiredDependency"}]}}', 'application/json')}
[2026, 9, 28, 9, 26, 31] ;;; curseforge; Mod file uploaded successfully! Response: {'id': 8999452}
[2026, 9, 28, 9, 26, 32] ;;; curseforge; {'id': 9638, 'gameVersionTypeID': 75208, 'name': 'Client', 'slug': 'client', 'apiVersion': ''}
[2026, 9, 28, 9, 26, 32] ;;; curseforge; {'id': 9639, 'gameVersionTypeID': 75208, 'name': 'Server', 'slug': 'server', 'apiVersion': ''}
[2026, 9, 28, 9, 26, 32] ;;; curseforge; {'id': 10150, 'gameVersionTypeID': 68441, 'name': 'NeoForge', 'slug': 'neoforge', 'apiVersion': ''}
[2026, 9, 28, 9, 26, 32] ;;; curseforge; {'id': 15933, 'gameVersionTypeID': 83806, 'name': '26.1', 'slug': '26-1', 'apiVersion': None}
[2026, 9, 28, 9, 26, 32] ;;; curseforge; {'id': 16083, 'gameVersionTypeID': 1, 'name': '26.1', 'slug': '26-1', 'apiVersion': ''}
[2026, 9, 28, 9, 26, 32] ;;; curseforge; {'id': 16128, 'gameVersionTypeID': 615, 'name': '26.1', 'slug': '26-1', 'apiVersion': ''}
[2026, 9, 28, 9, 26, 32] ;;; curseforge; {'id': 9638, 'gameVersionTypeID': 75208, 'name': 'Client', 'slug': 'client', 'apiVersion': ''}
[2026, 9, 28, 9, 26, 32] ;;; curseforge; {'id': 9639, 'gameVersionTypeID': 75208, 'name': 'Server', 'slug': 'server', 'apiVersion': ''}
[2026, 9, 28, 9, 26, 32] ;;; curseforge; {'id': 10150, 'gameVersionTypeID': 68441, 'name': 'NeoForge', 'slug': 'neoforge', 'apiVersion': ''}
[2026, 9, 28, 9, 26, 32] ;;; curseforge; {'id': 16021, 'gameVersionTypeID': 83806, 'name': '26.1.1', 'slug': '26-1-1', 'apiVersion': None}
[2026, 9, 28, 9, 26, 32] ;;; curseforge; {'id': 16084, 'gameVersionTypeID': 1, 'name': '26.1.1', 'slug': '26-1-1', 'apiVersion': ''}
[2026, 9, 28, 9, 26, 32] ;;; curseforge; {'id': 16129, 'gameVersionTypeID': 615, 'name': '26.1.1', 'slug': '26-1-1', 'apiVersion': ''}
[2026, 9, 28, 9, 26, 32] ;;; curseforge; {'id': 9638, 'gameVersionTypeID': 75208, 'name': 'Client', 'slug': 'client', 'apiVersion': ''}
[2026, 9, 28, 9, 26, 32] ;;; curseforge; {'id': 9639, 'gameVersionTypeID': 75208, 'name': 'Server', 'slug': 'server', 'apiVersion': ''}
[2026, 9, 28, 9, 26, 32] ;;; curseforge; {'id': 10150, 'gameVersionTypeID': 68441, 'name': 'NeoForge', 'slug': 'neoforge', 'apiVersion': ''}
[2026, 9, 28, 9, 26, 32] ;;; curseforge; {'id': 16082, 'gameVersionTypeID': 83806, 'name': '26.1.2', 'slug': '26-1-2', 'apiVersion': None}
[2026, 9, 28, 9, 26, 32] ;;; curseforge; {'id': 16085, 'gameVersionTypeID': 1, 'name': '26.1.2', 'slug': '26-1-2', 'apiVersion': ''}
[2026, 9, 28, 9, 26, 32] ;;; curseforge; {'id': 16130, 'gameVersionTypeID': 615, 'name': '26.1.2', 'slug': '26-1-2', 'apiVersion': ''}
[2026, 9, 28, 9, 26, 36] ;;; curseforge; {'id': 7499, 'gameVersionTypeID': 68441, 'name': 'Fabric', 'slug': 'fabric', 'apiVersion': ''}
[2026, 9, 28, 9, 26, 36] ;;; curseforge; {'id': 9638, 'gameVersionTypeID': 75208, 'name': 'Client', 'slug': 'client', 'apiVersion': ''}
[2026, 9, 28, 9, 26, 36] ;;; curseforge; {'id': 9639, 'gameVersionTypeID': 75208, 'name': 'Server', 'slug': 'server', 'apiVersion': ''}
[2026, 9, 28, 9, 26, 36] ;;; curseforge; {'id': 13620, 'gameVersionTypeID': 77784, 'name': '1.21.8', 'slug': '1-21-8', 'apiVersion': None}
[2026, 9, 28, 9, 26, 36] ;;; curseforge; {'id': 13683, 'gameVersionTypeID': 1, 'name': '1.21.8', 'slug': '1-21-8', 'apiVersion': ''}
[2026, 9, 28, 9, 26, 36] ;;; curseforge; {'id': 16124, 'gameVersionTypeID': 615, 'name': '1.21.8', 'slug': '1-21-8', 'apiVersion': ''}
[2026, 9, 28, 9, 26, 36] ;;; curseforge; {'file': ('gothic_horror-fabric-1.21.8_1.61.0.jar', <_io.BufferedReader name='.\\releases\\1.61.0\\gothic_horror-fabric-1.21.8_1.61.0.jar'>, 'application/jar'), 'metadata': (None, '{"changelog": "", "displayName": "gothic_horror fabric 1.21.8 1.61.0", "gameVersions": [7499, 9638, 9639, 13620], "gameVersionNames": ["Fabric", "Client", "Server", "1.21.8"], "releaseType": "release", "relations": {"projects": [{"slug": "gstools", "projectID": 1404020, "type": "requiredDependency"}]}}', 'application/json')}
[2026, 9, 28, 9, 26, 44] ;;; curseforge; Mod file uploaded successfully! Response: {'id': 8999455}
[2026, 9, 28, 9, 26, 44] ;;; curseforge; {'id': 7499, 'gameVersionTypeID': 68441, 'name': 'Fabric', 'slug': 'fabric', 'apiVersion': ''}
[2026, 9, 28, 9, 26, 44] ;;; curseforge; {'id': 9638, 'gameVersionTypeID': 75208, 'name': 'Client', 'slug': 'client', 'apiVersion': ''}
[2026, 9, 28, 9, 26, 44] ;;; curseforge; {'id': 9639, 'gameVersionTypeID': 75208, 'name': 'Server', 'slug': 'server', 'apiVersion': ''}
[2026, 9, 28, 9, 26, 44] ;;; curseforge; {'id': 13620, 'gameVersionTypeID': 77784, 'name': '1.21.8', 'slug': '1-21-8', 'apiVersion': None}
[2026, 9, 28, 9, 26, 44] ;;; curseforge; {'id': 13683, 'gameVersionTypeID': 1, 'name': '1.21.8', 'slug': '1-21-8', 'apiVersion': ''}
[2026, 9, 28, 9, 26, 44] ;;; curseforge; {'id': 16124, 'gameVersionTypeID': 615, 'name': '1.21.8', 'slug': '1-21-8', 'apiVersion': ''}
[2026, 9, 28, 9, 26, 56] ;;; curseforge; {'id': 7499, 'gameVersionTypeID': 68441, 'name': 'Fabric', 'slug': 'fabric', 'apiVersion': ''}
[2026, 9, 28, 9, 26, 56] ;;; curseforge; {'id': 9638, 'gameVersionTypeID': 75208, 'name': 'Client', 'slug': 'client', 'apiVersion': ''}
[2026, 9, 28, 9, 26, 56] ;;; curseforge; {'id': 9639, 'gameVersionTypeID': 75208, 'name': 'Server', 'slug': 'server', 'apiVersion': ''}
[2026, 9, 28, 9, 26, 56] ;;; curseforge; {'id': 13927, 'gameVersionTypeID': 77784, 'name': '1.21.9', 'slug': '1-21-9', 'apiVersion': None}
[2026, 9, 28, 9, 26, 56] ;;; curseforge; {'id': 13933, 'gameVersionTypeID': 1, 'name': '1.21.9', 'slug': '1-21-9', 'apiVersion': ''}
[2026, 9, 28, 9, 26, 56] ;;; curseforge; {'id': 16125, 'gameVersionTypeID': 615, 'name': '1.21.9', 'slug': '1-21-9', 'apiVersion': ''}
[2026, 9, 28, 9, 26, 56] ;;; curseforge; {'id': 7499, 'gameVersionTypeID': 68441, 'name': 'Fabric', 'slug': 'fabric', 'apiVersion': ''}
[2026, 9, 28, 9, 26, 56] ;;; curseforge; {'id': 9638, 'gameVersionTypeID': 75208, 'name': 'Client', 'slug': 'client', 'apiVersion': ''}
[2026, 9, 28, 9, 26, 56] ;;; curseforge; {'id': 9639, 'gameVersionTypeID': 75208, 'name': 'Server', 'slug': 'server', 'apiVersion': ''}
[2026, 9, 28, 9, 26, 56] ;;; curseforge; {'id': 13964, 'gameVersionTypeID': 77784, 'name': '1.21.10', 'slug': '1-21-10', 'apiVersion': None}
[2026, 9, 28, 9, 26, 56] ;;; curseforge; {'id': 13966, 'gameVersionTypeID': 1, 'name': '1.21.10', 'slug': '1-21-10', 'apiVersion': ''}
[2026, 9, 28, 9, 26, 56] ;;; curseforge; {'id': 16126, 'gameVersionTypeID': 615, 'name': '1.21.10', 'slug': '1-21-10', 'apiVersion': ''}
[2026, 9, 28, 9, 26, 56] ;;; curseforge; {'id': 7499, 'gameVersionTypeID': 68441, 'name': 'Fabric', 'slug': 'fabric', 'apiVersion': ''}
[2026, 9, 28, 9, 26, 56] ;;; curseforge; {'id': 9638, 'gameVersionTypeID': 75208, 'name': 'Client', 'slug': 'client', 'apiVersion': ''}
[2026, 9, 28, 9, 26, 56] ;;; curseforge; {'id': 9639, 'gameVersionTypeID': 75208, 'name': 'Server', 'slug': 'server', 'apiVersion': ''}
[2026, 9, 28, 9, 26, 56] ;;; curseforge; {'id': 14406, 'gameVersionTypeID': 77784, 'name': '1.21.11', 'slug': '1-21-11', 'apiVersion': None}
[2026, 9, 28, 9, 26, 56] ;;; curseforge; {'id': 14417, 'gameVersionTypeID': 1, 'name': '1.21.11', 'slug': '1-21-11', 'apiVersion': ''}
[2026, 9, 28, 9, 26, 56] ;;; curseforge; {'id': 16127, 'gameVersionTypeID': 615, 'name': '1.21.11', 'slug': '1-21-11', 'apiVersion': ''}
[2026, 9, 28, 9, 26, 56] ;;; curseforge; {'file': ('gothic_horror-fabric-1.21.9_1.61.0.jar', <_io.BufferedReader name='.\\releases\\1.61.0\\gothic_horror-fabric-1.21.9_1.61.0.jar'>, 'application/jar'), 'metadata': (None, '{"changelog": "", "displayName": "gothic_horror fabric 1.21.9 1.61.0", "gameVersions": [7499, 9638, 9639, 13927, 13964, 14406], "gameVersionNames": ["Fabric", "Client", "Server", "1.21.9", "1.21.10", "1.21.11"], "releaseType": "release", "relations": {"projects": [{"slug": "gstools", "projectID": 1404020, "type": "requiredDependency"}]}}', 'application/json')}
[2026, 9, 28, 9, 27, 2] ;;; curseforge; Mod file uploaded successfully! Response: {'id': 8999459}
[2026, 9, 28, 9, 27, 3] ;;; curseforge; {'id': 7499, 'gameVersionTypeID': 68441, 'name': 'Fabric', 'slug': 'fabric', 'apiVersion': ''}
[2026, 9, 28, 9, 27, 3] ;;; curseforge; {'id': 9638, 'gameVersionTypeID': 75208, 'name': 'Client', 'slug': 'client', 'apiVersion': ''}
[2026, 9, 28, 9, 27, 3] ;;; curseforge; {'id': 9639, 'gameVersionTypeID': 75208, 'name': 'Server', 'slug': 'server', 'apiVersion': ''}
[2026, 9, 28, 9, 27, 3] ;;; curseforge; {'id': 13927, 'gameVersionTypeID': 77784, 'name': '1.21.9', 'slug': '1-21-9', 'apiVersion': None}
[2026, 9, 28, 9, 27, 3] ;;; curseforge; {'id': 13933, 'gameVersionTypeID': 1, 'name': '1.21.9', 'slug': '1-21-9', 'apiVersion': ''}
[2026, 9, 28, 9, 27, 3] ;;; curseforge; {'id': 16125, 'gameVersionTypeID': 615, 'name': '1.21.9', 'slug': '1-21-9', 'apiVersion': ''}
[2026, 9, 28, 9, 27, 3] ;;; curseforge; {'id': 7499, 'gameVersionTypeID': 68441, 'name': 'Fabric', 'slug': 'fabric', 'apiVersion': ''}
[2026, 9, 28, 9, 27, 3] ;;; curseforge; {'id': 9638, 'gameVersionTypeID': 75208, 'name': 'Client', 'slug': 'client', 'apiVersion': ''}
[2026, 9, 28, 9, 27, 3] ;;; curseforge; {'id': 9639, 'gameVersionTypeID': 75208, 'name': 'Server', 'slug': 'server', 'apiVersion': ''}
[2026, 9, 28, 9, 27, 3] ;;; curseforge; {'id': 13964, 'gameVersionTypeID': 77784, 'name': '1.21.10', 'slug': '1-21-10', 'apiVersion': None}
[2026, 9, 28, 9, 27, 3] ;;; curseforge; {'id': 13966, 'gameVersionTypeID': 1, 'name': '1.21.10', 'slug': '1-21-10', 'apiVersion': ''}
[2026, 9, 28, 9, 27, 3] ;;; curseforge; {'id': 16126, 'gameVersionTypeID': 615, 'name': '1.21.10', 'slug': '1-21-10', 'apiVersion': ''}
[2026, 9, 28, 9, 27, 3] ;;; curseforge; {'id': 7499, 'gameVersionTypeID': 68441, 'name': 'Fabric', 'slug': 'fabric', 'apiVersion': ''}
[2026, 9, 28, 9, 27, 3] ;;; curseforge; {'id': 9638, 'gameVersionTypeID': 75208, 'name': 'Client', 'slug': 'client', 'apiVersion': ''}
[2026, 9, 28, 9, 27, 3] ;;; curseforge; {'id': 9639, 'gameVersionTypeID': 75208, 'name': 'Server', 'slug': 'server', 'apiVersion': ''}
[2026, 9, 28, 9, 27, 3] ;;; curseforge; {'id': 14406, 'gameVersionTypeID': 77784, 'name': '1.21.11', 'slug': '1-21-11', 'apiVersion': None}
[2026, 9, 28, 9, 27, 3] ;;; curseforge; {'id': 14417, 'gameVersionTypeID': 1, 'name': '1.21.11', 'slug': '1-21-11', 'apiVersion': ''}
[2026, 9, 28, 9, 27, 3] ;;; curseforge; {'id': 16127, 'gameVersionTypeID': 615, 'name': '1.21.11', 'slug': '1-21-11', 'apiVersion': ''}
[2026, 9, 28, 9, 27, 14] ;;; curseforge; {'id': 7499, 'gameVersionTypeID': 68441, 'name': 'Fabric', 'slug': 'fabric', 'apiVersion': ''}
[2026, 9, 28, 9, 27, 14] ;;; curseforge; {'id': 9638, 'gameVersionTypeID': 75208, 'name': 'Client', 'slug': 'client', 'apiVersion': ''}
[2026, 9, 28, 9, 27, 14] ;;; curseforge; {'id': 9639, 'gameVersionTypeID': 75208, 'name': 'Server', 'slug': 'server', 'apiVersion': ''}
[2026, 9, 28, 9, 27, 14] ;;; curseforge; {'id': 15933, 'gameVersionTypeID': 83806, 'name': '26.1', 'slug': '26-1', 'apiVersion': None}
[2026, 9, 28, 9, 27, 14] ;;; curseforge; {'id': 16083, 'gameVersionTypeID': 1, 'name': '26.1', 'slug': '26-1', 'apiVersion': ''}
[2026, 9, 28, 9, 27, 14] ;;; curseforge; {'id': 16128, 'gameVersionTypeID': 615, 'name': '26.1', 'slug': '26-1', 'apiVersion': ''}
[2026, 9, 28, 9, 27, 14] ;;; curseforge; {'id': 7499, 'gameVersionTypeID': 68441, 'name': 'Fabric', 'slug': 'fabric', 'apiVersion': ''}
[2026, 9, 28, 9, 27, 14] ;;; curseforge; {'id': 9638, 'gameVersionTypeID': 75208, 'name': 'Client', 'slug': 'client', 'apiVersion': ''}
[2026, 9, 28, 9, 27, 14] ;;; curseforge; {'id': 9639, 'gameVersionTypeID': 75208, 'name': 'Server', 'slug': 'server', 'apiVersion': ''}
[2026, 9, 28, 9, 27, 14] ;;; curseforge; {'id': 16021, 'gameVersionTypeID': 83806, 'name': '26.1.1', 'slug': '26-1-1', 'apiVersion': None}
[2026, 9, 28, 9, 27, 14] ;;; curseforge; {'id': 16084, 'gameVersionTypeID': 1, 'name': '26.1.1', 'slug': '26-1-1', 'apiVersion': ''}
[2026, 9, 28, 9, 27, 14] ;;; curseforge; {'id': 16129, 'gameVersionTypeID': 615, 'name': '26.1.1', 'slug': '26-1-1', 'apiVersion': ''}
[2026, 9, 28, 9, 27, 14] ;;; curseforge; {'id': 7499, 'gameVersionTypeID': 68441, 'name': 'Fabric', 'slug': 'fabric', 'apiVersion': ''}
[2026, 9, 28, 9, 27, 14] ;;; curseforge; {'id': 9638, 'gameVersionTypeID': 75208, 'name': 'Client', 'slug': 'client', 'apiVersion': ''}
[2026, 9, 28, 9, 27, 14] ;;; curseforge; {'id': 9639, 'gameVersionTypeID': 75208, 'name': 'Server', 'slug': 'server', 'apiVersion': ''}
[2026, 9, 28, 9, 27, 14] ;;; curseforge; {'id': 16082, 'gameVersionTypeID': 83806, 'name': '26.1.2', 'slug': '26-1-2', 'apiVersion': None}
[2026, 9, 28, 9, 27, 14] ;;; curseforge; {'id': 16085, 'gameVersionTypeID': 1, 'name': '26.1.2', 'slug': '26-1-2', 'apiVersion': ''}
[2026, 9, 28, 9, 27, 14] ;;; curseforge; {'id': 16130, 'gameVersionTypeID': 615, 'name': '26.1.2', 'slug': '26-1-2', 'apiVersion': ''}
[2026, 9, 28, 9, 27, 14] ;;; curseforge; {'file': ('gothic_horror-fabric-26.1_1.61.0.jar', <_io.BufferedReader name='.\\releases\\1.61.0\\gothic_horror-fabric-26.1_1.61.0.jar'>, 'application/jar'), 'metadata': (None, '{"changelog": "", "displayName": "gothic_horror fabric 26.1 1.61.0", "gameVersions": [7499, 9638, 9639, 15933, 16021, 16082], "gameVersionNames": ["Fabric", "Client", "Server", "26.1", "26.1.1", "26.1.2"], "releaseType": "release", "relations": {"projects": [{"slug": "gstools", "projectID": 1404020, "type": "requiredDependency"}]}}', 'application/json')}
[2026, 9, 28, 9, 27, 21] ;;; curseforge; Mod file uploaded successfully! Response: {'id': 8999462}
[2026, 9, 28, 9, 27, 21] ;;; curseforge; {'id': 7499, 'gameVersionTypeID': 68441, 'name': 'Fabric', 'slug': 'fabric', 'apiVersion': ''}
[2026, 9, 28, 9, 27, 21] ;;; curseforge; {'id': 9638, 'gameVersionTypeID': 75208, 'name': 'Client', 'slug': 'client', 'apiVersion': ''}
[2026, 9, 28, 9, 27, 21] ;;; curseforge; {'id': 9639, 'gameVersionTypeID': 75208, 'name': 'Server', 'slug': 'server', 'apiVersion': ''}
[2026, 9, 28, 9, 27, 21] ;;; curseforge; {'id': 15933, 'gameVersionTypeID': 83806, 'name': '26.1', 'slug': '26-1', 'apiVersion': None}
[2026, 9, 28, 9, 27, 21] ;;; curseforge; {'id': 16083, 'gameVersionTypeID': 1, 'name': '26.1', 'slug': '26-1', 'apiVersion': ''}
[2026, 9, 28, 9, 27, 21] ;;; curseforge; {'id': 16128, 'gameVersionTypeID': 615, 'name': '26.1', 'slug': '26-1', 'apiVersion': ''}
[2026, 9, 28, 9, 27, 21] ;;; curseforge; {'id': 7499, 'gameVersionTypeID': 68441, 'name': 'Fabric', 'slug': 'fabric', 'apiVersion': ''}
[2026, 9, 28, 9, 27, 21] ;;; curseforge; {'id': 9638, 'gameVersionTypeID': 75208, 'name': 'Client', 'slug': 'client', 'apiVersion': ''}
[2026, 9, 28, 9, 27, 21] ;;; curseforge; {'id': 9639, 'gameVersionTypeID': 75208, 'name': 'Server', 'slug': 'server', 'apiVersion': ''}
[2026, 9, 28, 9, 27, 21] ;;; curseforge; {'id': 16021, 'gameVersionTypeID': 83806, 'name': '26.1.1', 'slug': '26-1-1', 'apiVersion': None}
[2026, 9, 28, 9, 27, 21] ;;; curseforge; {'id': 16084, 'gameVersionTypeID': 1, 'name': '26.1.1', 'slug': '26-1-1', 'apiVersion': ''}
[2026, 9, 28, 9, 27, 21] ;;; curseforge; {'id': 16129, 'gameVersionTypeID': 615, 'name': '26.1.1', 'slug': '26-1-1', 'apiVersion': ''}
[2026, 9, 28, 9, 27, 21] ;;; curseforge; {'id': 7499, 'gameVersionTypeID': 68441, 'name': 'Fabric', 'slug': 'fabric', 'apiVersion': ''}
[2026, 9, 28, 9, 27, 21] ;;; curseforge; {'id': 9638, 'gameVersionTypeID': 75208, 'name': 'Client', 'slug': 'client', 'apiVersion': ''}
[2026, 9, 28, 9, 27, 21] ;;; curseforge; {'id': 9639, 'gameVersionTypeID': 75208, 'name': 'Server', 'slug': 'server', 'apiVersion': ''}
[2026, 9, 28, 9, 27, 21] ;;; curseforge; {'id': 16082, 'gameVersionTypeID': 83806, 'name': '26.1.2', 'slug': '26-1-2', 'apiVersion': None}
[2026, 9, 28, 9, 27, 21] ;;; curseforge; {'id': 16085, 'gameVersionTypeID': 1, 'name': '26.1.2', 'slug': '26-1-2', 'apiVersion': ''}
[2026, 9, 28, 9, 27, 21] ;;; curseforge; {'id': 16130, 'gameVersionTypeID': 615, 'name': '26.1.2', 'slug': '26-1-2', 'apiVersion': ''}
[2026, 9, 28, 9, 27, 31] ;;; curseforge; {'id': 7499, 'gameVersionTypeID': 68441, 'name': 'Fabric', 'slug': 'fabric', 'apiVersion': ''}
[2026, 9, 28, 9, 27, 31] ;;; curseforge; {'id': 9638, 'gameVersionTypeID': 75208, 'name': 'Client', 'slug': 'client', 'apiVersion': ''}
[2026, 9, 28, 9, 27, 31] ;;; curseforge; {'id': 9639, 'gameVersionTypeID': 75208, 'name': 'Server', 'slug': 'server', 'apiVersion': ''}
[2026, 9, 28, 9, 27, 31] ;;; curseforge; {'id': 16498, 'gameVersionTypeID': 86297, 'name': '26.2', 'slug': '26-2', 'apiVersion': None}
[2026, 9, 28, 9, 27, 31] ;;; curseforge; {'id': 16500, 'gameVersionTypeID': 1, 'name': '26.2', 'slug': '26-2', 'apiVersion': ''}
[2026, 9, 28, 9, 27, 31] ;;; curseforge; {'file': ('gothic_horror-fabric-26.2_1.61.0.jar', <_io.BufferedReader name='.\\releases\\1.61.0\\gothic_horror-fabric-26.2_1.61.0.jar'>, 'application/jar'), 'metadata': (None, '{"changelog": "", "displayName": "gothic_horror fabric 26.2 1.61.0", "gameVersions": [7499, 9638, 9639, 16498], "gameVersionNames": ["Fabric", "Client", "Server", "26.2"], "releaseType": "release", "relations": {"projects": [{"slug": "gstools", "projectID": 1404020, "type": "requiredDependency"}]}}', 'application/json')}
[2026, 9, 28, 9, 27, 38] ;;; curseforge; Mod file uploaded successfully! Response: {'id': 8999463}
[2026, 9, 28, 9, 27, 38] ;;; curseforge; {'id': 7499, 'gameVersionTypeID': 68441, 'name': 'Fabric', 'slug': 'fabric', 'apiVersion': ''}
[2026, 9, 28, 9, 27, 38] ;;; curseforge; {'id': 9638, 'gameVersionTypeID': 75208, 'name': 'Client', 'slug': 'client', 'apiVersion': ''}
[2026, 9, 28, 9, 27, 38] ;;; curseforge; {'id': 9639, 'gameVersionTypeID': 75208, 'name': 'Server', 'slug': 'server', 'apiVersion': ''}
[2026, 9, 28, 9, 27, 38] ;;; curseforge; {'id': 16498, 'gameVersionTypeID': 86297, 'name': '26.2', 'slug': '26-2', 'apiVersion': None}
[2026, 9, 28, 9, 27, 38] ;;; curseforge; {'id': 16500, 'gameVersionTypeID': 1, 'name': '26.2', 'slug': '26-2', 'apiVersion': ''}
[2026, 9, 28, 9, 27, 51] ;;; curseforge; {'id': 7498, 'gameVersionTypeID': 68441, 'name': 'Forge', 'slug': 'forge', 'apiVersion': ''}
[2026, 9, 28, 9, 27, 51] ;;; curseforge; {'id': 9638, 'gameVersionTypeID': 75208, 'name': 'Client', 'slug': 'client', 'apiVersion': ''}
[2026, 9, 28, 9, 27, 51] ;;; curseforge; {'id': 9639, 'gameVersionTypeID': 75208, 'name': 'Server', 'slug': 'server', 'apiVersion': ''}
[2026, 9, 28, 9, 27, 51] ;;; curseforge; {'id': 9776, 'gameVersionTypeID': 73407, 'name': '1.19.4', 'slug': '1-19-4', 'apiVersion': ''}
[2026, 9, 28, 9, 27, 51] ;;; curseforge; {'id': 9792, 'gameVersionTypeID': 615, 'name': '1.19.4', 'slug': '1-19-4', 'apiVersion': ''}
[2026, 9, 28, 9, 27, 51] ;;; curseforge; {'id': 9973, 'gameVersionTypeID': 1, 'name': '1.19.4', 'slug': '1-19-4', 'apiVersion': ''}
[2026, 9, 28, 9, 27, 51] ;;; curseforge; {'file': ('gothic_horror-forge-1.19.4_1.61.0.jar', <_io.BufferedReader name='.\\releases\\1.61.0\\gothic_horror-forge-1.19.4_1.61.0.jar'>, 'application/jar'), 'metadata': (None, '{"changelog": "", "displayName": "gothic_horror forge 1.19.4 1.61.0", "gameVersions": [7498, 9638, 9639, 9776], "gameVersionNames": ["Forge", "Client", "Server", "1.19.4"], "releaseType": "release", "relations": {"projects": [{"slug": "gstools", "projectID": 1404020, "type": "requiredDependency"}]}}', 'application/json')}
[2026, 9, 28, 9, 27, 58] ;;; curseforge; Mod file uploaded successfully! Response: {'id': 8999466}
[2026, 9, 28, 9, 27, 58] ;;; curseforge; {'id': 7498, 'gameVersionTypeID': 68441, 'name': 'Forge', 'slug': 'forge', 'apiVersion': ''}
[2026, 9, 28, 9, 27, 58] ;;; curseforge; {'id': 9638, 'gameVersionTypeID': 75208, 'name': 'Client', 'slug': 'client', 'apiVersion': ''}
[2026, 9, 28, 9, 27, 58] ;;; curseforge; {'id': 9639, 'gameVersionTypeID': 75208, 'name': 'Server', 'slug': 'server', 'apiVersion': ''}
[2026, 9, 28, 9, 27, 58] ;;; curseforge; {'id': 9776, 'gameVersionTypeID': 73407, 'name': '1.19.4', 'slug': '1-19-4', 'apiVersion': ''}
[2026, 9, 28, 9, 27, 58] ;;; curseforge; {'id': 9792, 'gameVersionTypeID': 615, 'name': '1.19.4', 'slug': '1-19-4', 'apiVersion': ''}
[2026, 9, 28, 9, 27, 58] ;;; curseforge; {'id': 9973, 'gameVersionTypeID': 1, 'name': '1.19.4', 'slug': '1-19-4', 'apiVersion': ''}
[2026, 9, 28, 9, 28, 18] ;;; curseforge; {'id': 9638, 'gameVersionTypeID': 75208, 'name': 'Client', 'slug': 'client', 'apiVersion': ''}
[2026, 9, 28, 9, 28, 18] ;;; curseforge; {'id': 9639, 'gameVersionTypeID': 75208, 'name': 'Server', 'slug': 'server', 'apiVersion': ''}
[2026, 9, 28, 9, 28, 18] ;;; curseforge; {'id': 10150, 'gameVersionTypeID': 68441, 'name': 'NeoForge', 'slug': 'neoforge', 'apiVersion': ''}
[2026, 9, 28, 9, 28, 18] ;;; curseforge; {'id': 10407, 'gameVersionTypeID': 75125, 'name': '1.20.4', 'slug': '1-20-4', 'apiVersion': None}
[2026, 9, 28, 9, 28, 18] ;;; curseforge; {'id': 10742, 'gameVersionTypeID': 1, 'name': '1.20.4', 'slug': '1-20-4', 'apiVersion': ''}
[2026, 9, 28, 9, 28, 18] ;;; curseforge; {'id': 10866, 'gameVersionTypeID': 615, 'name': '1.20.4', 'slug': '1-20-4', 'apiVersion': ''}
[2026, 9, 28, 9, 28, 18] ;;; curseforge; {'file': ('gothic_horror-neoforge-1.20.4_1.61.0.jar', <_io.BufferedReader name='.\\releases\\1.61.0\\gothic_horror-neoforge-1.20.4_1.61.0.jar'>, 'application/jar'), 'metadata': (None, '{"changelog": "", "displayName": "gothic_horror neoforge 1.20.4 1.61.0", "gameVersions": [9638, 9639, 10150, 10407], "gameVersionNames": ["Client", "Server", "NeoForge", "1.20.4"], "releaseType": "release", "relations": {"projects": [{"slug": "gstools", "projectID": 1404020, "type": "requiredDependency"}]}}', 'application/json')}
[2026, 9, 28, 9, 28, 23] ;;; curseforge; Mod file uploaded successfully! Response: {'id': 8999468}
[2026, 9, 28, 9, 28, 23] ;;; curseforge; {'id': 9638, 'gameVersionTypeID': 75208, 'name': 'Client', 'slug': 'client', 'apiVersion': ''}
[2026, 9, 28, 9, 28, 23] ;;; curseforge; {'id': 9639, 'gameVersionTypeID': 75208, 'name': 'Server', 'slug': 'server', 'apiVersion': ''}
[2026, 9, 28, 9, 28, 23] ;;; curseforge; {'id': 10150, 'gameVersionTypeID': 68441, 'name': 'NeoForge', 'slug': 'neoforge', 'apiVersion': ''}
[2026, 9, 28, 9, 28, 23] ;;; curseforge; {'id': 10407, 'gameVersionTypeID': 75125, 'name': '1.20.4', 'slug': '1-20-4', 'apiVersion': None}
[2026, 9, 28, 9, 28, 23] ;;; curseforge; {'id': 10742, 'gameVersionTypeID': 1, 'name': '1.20.4', 'slug': '1-20-4', 'apiVersion': ''}
[2026, 9, 28, 9, 28, 23] ;;; curseforge; {'id': 10866, 'gameVersionTypeID': 615, 'name': '1.20.4', 'slug': '1-20-4', 'apiVersion': ''}
[2026, 9, 28, 9, 28, 39] ;;; curseforge; {'id': 9638, 'gameVersionTypeID': 75208, 'name': 'Client', 'slug': 'client', 'apiVersion': ''}
[2026, 9, 28, 9, 28, 39] ;;; curseforge; {'id': 9639, 'gameVersionTypeID': 75208, 'name': 'Server', 'slug': 'server', 'apiVersion': ''}
[2026, 9, 28, 9, 28, 39] ;;; curseforge; {'id': 10150, 'gameVersionTypeID': 68441, 'name': 'NeoForge', 'slug': 'neoforge', 'apiVersion': ''}
[2026, 9, 28, 9, 28, 39] ;;; curseforge; {'id': 11198, 'gameVersionTypeID': 75125, 'name': '1.20.6', 'slug': '1-20-6', 'apiVersion': None}
[2026, 9, 28, 9, 28, 39] ;;; curseforge; {'id': 11307, 'gameVersionTypeID': 1, 'name': '1.20.6', 'slug': '1-20-6', 'apiVersion': ''}
[2026, 9, 28, 9, 28, 39] ;;; curseforge; {'id': 11309, 'gameVersionTypeID': 615, 'name': '1.20.6', 'slug': '1-20-6', 'apiVersion': ''}
[2026, 9, 28, 9, 28, 39] ;;; curseforge; {'id': 9638, 'gameVersionTypeID': 75208, 'name': 'Client', 'slug': 'client', 'apiVersion': ''}
[2026, 9, 28, 9, 28, 39] ;;; curseforge; {'id': 9639, 'gameVersionTypeID': 75208, 'name': 'Server', 'slug': 'server', 'apiVersion': ''}
[2026, 9, 28, 9, 28, 39] ;;; curseforge; {'id': 10150, 'gameVersionTypeID': 68441, 'name': 'NeoForge', 'slug': 'neoforge', 'apiVersion': ''}
[2026, 9, 28, 9, 28, 39] ;;; curseforge; {'id': 11457, 'gameVersionTypeID': 77784, 'name': '1.21', 'slug': '1-21', 'apiVersion': ''}
[2026, 9, 28, 9, 28, 39] ;;; curseforge; {'id': 11458, 'gameVersionTypeID': 615, 'name': '1.21', 'slug': '1-21', 'apiVersion': ''}
[2026, 9, 28, 9, 28, 39] ;;; curseforge; {'id': 11515, 'gameVersionTypeID': 1, 'name': '1.21', 'slug': '1-21', 'apiVersion': ''}
[2026, 9, 28, 9, 28, 39] ;;; curseforge; {'file': ('gothic_horror-neoforge-1.20.6_1.61.0.jar', <_io.BufferedReader name='.\\releases\\1.61.0\\gothic_horror-neoforge-1.20.6_1.61.0.jar'>, 'application/jar'), 'metadata': (None, '{"changelog": "", "displayName": "gothic_horror neoforge 1.20.6 1.61.0", "gameVersions": [9638, 9639, 10150, 11198, 11457], "gameVersionNames": ["Client", "Server", "NeoForge", "1.20.6", "1.21"], "releaseType": "release", "relations": {"projects": [{"slug": "gstools", "projectID": 1404020, "type": "requiredDependency"}]}}', 'application/json')}
[2026, 9, 28, 9, 28, 54] ;;; curseforge; Mod file uploaded successfully! Response: {'id': 8999470}
[2026, 9, 28, 9, 28, 54] ;;; curseforge; {'id': 9638, 'gameVersionTypeID': 75208, 'name': 'Client', 'slug': 'client', 'apiVersion': ''}
[2026, 9, 28, 9, 28, 54] ;;; curseforge; {'id': 9639, 'gameVersionTypeID': 75208, 'name': 'Server', 'slug': 'server', 'apiVersion': ''}
[2026, 9, 28, 9, 28, 54] ;;; curseforge; {'id': 10150, 'gameVersionTypeID': 68441, 'name': 'NeoForge', 'slug': 'neoforge', 'apiVersion': ''}
[2026, 9, 28, 9, 28, 54] ;;; curseforge; {'id': 11198, 'gameVersionTypeID': 75125, 'name': '1.20.6', 'slug': '1-20-6', 'apiVersion': None}
[2026, 9, 28, 9, 28, 54] ;;; curseforge; {'id': 11307, 'gameVersionTypeID': 1, 'name': '1.20.6', 'slug': '1-20-6', 'apiVersion': ''}
[2026, 9, 28, 9, 28, 54] ;;; curseforge; {'id': 11309, 'gameVersionTypeID': 615, 'name': '1.20.6', 'slug': '1-20-6', 'apiVersion': ''}
[2026, 9, 28, 9, 28, 54] ;;; curseforge; {'id': 9638, 'gameVersionTypeID': 75208, 'name': 'Client', 'slug': 'client', 'apiVersion': ''}
[2026, 9, 28, 9, 28, 55] ;;; curseforge; {'id': 9639, 'gameVersionTypeID': 75208, 'name': 'Server', 'slug': 'server', 'apiVersion': ''}
[2026, 9, 28, 9, 28, 55] ;;; curseforge; {'id': 10150, 'gameVersionTypeID': 68441, 'name': 'NeoForge', 'slug': 'neoforge', 'apiVersion': ''}
[2026, 9, 28, 9, 28, 55] ;;; curseforge; {'id': 11457, 'gameVersionTypeID': 77784, 'name': '1.21', 'slug': '1-21', 'apiVersion': ''}
[2026, 9, 28, 9, 28, 55] ;;; curseforge; {'id': 11458, 'gameVersionTypeID': 615, 'name': '1.21', 'slug': '1-21', 'apiVersion': ''}
[2026, 9, 28, 9, 28, 55] ;;; curseforge; {'id': 11515, 'gameVersionTypeID': 1, 'name': '1.21', 'slug': '1-21', 'apiVersion': ''}
[2026, 9, 28, 9, 29, 15] ;;; curseforge; {'id': 9638, 'gameVersionTypeID': 75208, 'name': 'Client', 'slug': 'client', 'apiVersion': ''}
[2026, 9, 28, 9, 29, 15] ;;; curseforge; {'id': 9639, 'gameVersionTypeID': 75208, 'name': 'Server', 'slug': 'server', 'apiVersion': ''}
[2026, 9, 28, 9, 29, 15] ;;; curseforge; {'id': 10150, 'gameVersionTypeID': 68441, 'name': 'NeoForge', 'slug': 'neoforge', 'apiVersion': ''}
[2026, 9, 28, 9, 29, 15] ;;; curseforge; {'id': 11779, 'gameVersionTypeID': 77784, 'name': '1.21.1', 'slug': '1-21-1', 'apiVersion': None}
[2026, 9, 28, 9, 29, 15] ;;; curseforge; {'id': 12735, 'gameVersionTypeID': 1, 'name': '1.21.1', 'slug': '1-21-1', 'apiVersion': ''}
[2026, 9, 28, 9, 29, 15] ;;; curseforge; {'id': 16115, 'gameVersionTypeID': 615, 'name': '1.21.1', 'slug': '1-21-1', 'apiVersion': ''}
[2026, 9, 28, 9, 29, 15] ;;; curseforge; {'file': ('gothic_horror-neoforge-1.21.1_1.61.0.jar', <_io.BufferedReader name='.\\releases\\1.61.0\\gothic_horror-neoforge-1.21.1_1.61.0.jar'>, 'application/jar'), 'metadata': (None, '{"changelog": "", "displayName": "gothic_horror neoforge 1.21.1 1.61.0", "gameVersions": [9638, 9639, 10150, 11779], "gameVersionNames": ["Client", "Server", "NeoForge", "1.21.1"], "releaseType": "release", "relations": {"projects": [{"slug": "gstools", "projectID": 1404020, "type": "requiredDependency"}, {"slug": "gstools-weather2-compat", "projectID": 1710321, "type": "requiredDependency"}]}}', 'application/json')}
[2026, 9, 28, 9, 29, 21] ;;; curseforge; Mod file uploaded successfully! Response: {'id': 8999473}
[2026, 9, 28, 9, 29, 22] ;;; curseforge; {'id': 9638, 'gameVersionTypeID': 75208, 'name': 'Client', 'slug': 'client', 'apiVersion': ''}
[2026, 9, 28, 9, 29, 22] ;;; curseforge; {'id': 9639, 'gameVersionTypeID': 75208, 'name': 'Server', 'slug': 'server', 'apiVersion': ''}
[2026, 9, 28, 9, 29, 22] ;;; curseforge; {'id': 10150, 'gameVersionTypeID': 68441, 'name': 'NeoForge', 'slug': 'neoforge', 'apiVersion': ''}
[2026, 9, 28, 9, 29, 22] ;;; curseforge; {'id': 11779, 'gameVersionTypeID': 77784, 'name': '1.21.1', 'slug': '1-21-1', 'apiVersion': None}
[2026, 9, 28, 9, 29, 22] ;;; curseforge; {'id': 12735, 'gameVersionTypeID': 1, 'name': '1.21.1', 'slug': '1-21-1', 'apiVersion': ''}
[2026, 9, 28, 9, 29, 22] ;;; curseforge; {'id': 16115, 'gameVersionTypeID': 615, 'name': '1.21.1', 'slug': '1-21-1', 'apiVersion': ''}
[2026, 9, 28, 9, 29, 36] ;;; curseforge; {'id': 9638, 'gameVersionTypeID': 75208, 'name': 'Client', 'slug': 'client', 'apiVersion': ''}
[2026, 9, 28, 9, 29, 36] ;;; curseforge; {'id': 9639, 'gameVersionTypeID': 75208, 'name': 'Server', 'slug': 'server', 'apiVersion': ''}
[2026, 9, 28, 9, 29, 36] ;;; curseforge; {'id': 10150, 'gameVersionTypeID': 68441, 'name': 'NeoForge', 'slug': 'neoforge', 'apiVersion': ''}
[2026, 9, 28, 9, 29, 36] ;;; curseforge; {'id': 12079, 'gameVersionTypeID': 77784, 'name': '1.21.2', 'slug': '1-21-2', 'apiVersion': ''}
[2026, 9, 28, 9, 29, 36] ;;; curseforge; {'id': 12736, 'gameVersionTypeID': 1, 'name': '1.21.2', 'slug': '1-21-2', 'apiVersion': ''}
[2026, 9, 28, 9, 29, 36] ;;; curseforge; {'id': 16116, 'gameVersionTypeID': 615, 'name': '1.21.2', 'slug': '1-21-2', 'apiVersion': ''}
[2026, 9, 28, 9, 29, 36] ;;; curseforge; {'id': 9638, 'gameVersionTypeID': 75208, 'name': 'Client', 'slug': 'client', 'apiVersion': ''}
[2026, 9, 28, 9, 29, 36] ;;; curseforge; {'id': 9639, 'gameVersionTypeID': 75208, 'name': 'Server', 'slug': 'server', 'apiVersion': ''}
[2026, 9, 28, 9, 29, 36] ;;; curseforge; {'id': 10150, 'gameVersionTypeID': 68441, 'name': 'NeoForge', 'slug': 'neoforge', 'apiVersion': ''}
[2026, 9, 28, 9, 29, 36] ;;; curseforge; {'id': 12084, 'gameVersionTypeID': 77784, 'name': '1.21.3', 'slug': '1-21-3', 'apiVersion': None}
[2026, 9, 28, 9, 29, 36] ;;; curseforge; {'id': 12737, 'gameVersionTypeID': 1, 'name': '1.21.3', 'slug': '1-21-3', 'apiVersion': ''}
[2026, 9, 28, 9, 29, 36] ;;; curseforge; {'id': 16117, 'gameVersionTypeID': 615, 'name': '1.21.3', 'slug': '1-21-3', 'apiVersion': ''}
[2026, 9, 28, 9, 29, 36] ;;; curseforge; {'file': ('gothic_horror-neoforge-1.21.2_1.61.0.jar', <_io.BufferedReader name='.\\releases\\1.61.0\\gothic_horror-neoforge-1.21.2_1.61.0.jar'>, 'application/jar'), 'metadata': (None, '{"changelog": "", "displayName": "gothic_horror neoforge 1.21.2 1.61.0", "gameVersions": [9638, 9639, 10150, 12079, 12084], "gameVersionNames": ["Client", "Server", "NeoForge", "1.21.2", "1.21.3"], "releaseType": "release", "relations": {"projects": [{"slug": "gstools", "projectID": 1404020, "type": "requiredDependency"}]}}', 'application/json')}
[2026, 9, 28, 9, 29, 41] ;;; curseforge; Mod file uploaded successfully! Response: {'id': 8999475}
[2026, 9, 28, 9, 29, 41] ;;; curseforge; {'id': 9638, 'gameVersionTypeID': 75208, 'name': 'Client', 'slug': 'client', 'apiVersion': ''}
[2026, 9, 28, 9, 29, 41] ;;; curseforge; {'id': 9639, 'gameVersionTypeID': 75208, 'name': 'Server', 'slug': 'server', 'apiVersion': ''}
[2026, 9, 28, 9, 29, 41] ;;; curseforge; {'id': 10150, 'gameVersionTypeID': 68441, 'name': 'NeoForge', 'slug': 'neoforge', 'apiVersion': ''}
[2026, 9, 28, 9, 29, 41] ;;; curseforge; {'id': 12079, 'gameVersionTypeID': 77784, 'name': '1.21.2', 'slug': '1-21-2', 'apiVersion': ''}
[2026, 9, 28, 9, 29, 41] ;;; curseforge; {'id': 12736, 'gameVersionTypeID': 1, 'name': '1.21.2', 'slug': '1-21-2', 'apiVersion': ''}
[2026, 9, 28, 9, 29, 41] ;;; curseforge; {'id': 16116, 'gameVersionTypeID': 615, 'name': '1.21.2', 'slug': '1-21-2', 'apiVersion': ''}
[2026, 9, 28, 9, 29, 41] ;;; curseforge; {'id': 9638, 'gameVersionTypeID': 75208, 'name': 'Client', 'slug': 'client', 'apiVersion': ''}
[2026, 9, 28, 9, 29, 41] ;;; curseforge; {'id': 9639, 'gameVersionTypeID': 75208, 'name': 'Server', 'slug': 'server', 'apiVersion': ''}
[2026, 9, 28, 9, 29, 41] ;;; curseforge; {'id': 10150, 'gameVersionTypeID': 68441, 'name': 'NeoForge', 'slug': 'neoforge', 'apiVersion': ''}
[2026, 9, 28, 9, 29, 41] ;;; curseforge; {'id': 12084, 'gameVersionTypeID': 77784, 'name': '1.21.3', 'slug': '1-21-3', 'apiVersion': None}
[2026, 9, 28, 9, 29, 41] ;;; curseforge; {'id': 12737, 'gameVersionTypeID': 1, 'name': '1.21.3', 'slug': '1-21-3', 'apiVersion': ''}
[2026, 9, 28, 9, 29, 41] ;;; curseforge; {'id': 16117, 'gameVersionTypeID': 615, 'name': '1.21.3', 'slug': '1-21-3', 'apiVersion': ''}
[2026, 9, 28, 9, 29, 57] ;;; curseforge; {'id': 9638, 'gameVersionTypeID': 75208, 'name': 'Client', 'slug': 'client', 'apiVersion': ''}
[2026, 9, 28, 9, 29, 57] ;;; curseforge; {'id': 9639, 'gameVersionTypeID': 75208, 'name': 'Server', 'slug': 'server', 'apiVersion': ''}
[2026, 9, 28, 9, 29, 57] ;;; curseforge; {'id': 10150, 'gameVersionTypeID': 68441, 'name': 'NeoForge', 'slug': 'neoforge', 'apiVersion': ''}
[2026, 9, 28, 9, 29, 57] ;;; curseforge; {'id': 12281, 'gameVersionTypeID': 77784, 'name': '1.21.4', 'slug': '1-21-4', 'apiVersion': None}
[2026, 9, 28, 9, 29, 57] ;;; curseforge; {'id': 12738, 'gameVersionTypeID': 1, 'name': '1.21.4', 'slug': '1-21-4', 'apiVersion': ''}
[2026, 9, 28, 9, 29, 57] ;;; curseforge; {'id': 16118, 'gameVersionTypeID': 615, 'name': '1.21.4', 'slug': '1-21-4', 'apiVersion': ''}
[2026, 9, 28, 9, 29, 57] ;;; curseforge; {'file': ('gothic_horror-neoforge-1.21.4_1.61.0.jar', <_io.BufferedReader name='.\\releases\\1.61.0\\gothic_horror-neoforge-1.21.4_1.61.0.jar'>, 'application/jar'), 'metadata': (None, '{"changelog": "", "displayName": "gothic_horror neoforge 1.21.4 1.61.0", "gameVersions": [9638, 9639, 10150, 12281], "gameVersionNames": ["Client", "Server", "NeoForge", "1.21.4"], "releaseType": "release", "relations": {"projects": [{"slug": "gstools", "projectID": 1404020, "type": "requiredDependency"}]}}', 'application/json')}
[2026, 9, 28, 9, 30, 4] ;;; curseforge; Mod file uploaded successfully! Response: {'id': 8999477}
[2026, 9, 28, 9, 30, 5] ;;; curseforge; {'id': 9638, 'gameVersionTypeID': 75208, 'name': 'Client', 'slug': 'client', 'apiVersion': ''}
[2026, 9, 28, 9, 30, 5] ;;; curseforge; {'id': 9639, 'gameVersionTypeID': 75208, 'name': 'Server', 'slug': 'server', 'apiVersion': ''}
[2026, 9, 28, 9, 30, 5] ;;; curseforge; {'id': 10150, 'gameVersionTypeID': 68441, 'name': 'NeoForge', 'slug': 'neoforge', 'apiVersion': ''}
[2026, 9, 28, 9, 30, 5] ;;; curseforge; {'id': 12281, 'gameVersionTypeID': 77784, 'name': '1.21.4', 'slug': '1-21-4', 'apiVersion': None}
[2026, 9, 28, 9, 30, 5] ;;; curseforge; {'id': 12738, 'gameVersionTypeID': 1, 'name': '1.21.4', 'slug': '1-21-4', 'apiVersion': ''}
[2026, 9, 28, 9, 30, 5] ;;; curseforge; {'id': 16118, 'gameVersionTypeID': 615, 'name': '1.21.4', 'slug': '1-21-4', 'apiVersion': ''}
[2026, 9, 28, 9, 30, 30] ;;; curseforge; {'id': 9638, 'gameVersionTypeID': 75208, 'name': 'Client', 'slug': 'client', 'apiVersion': ''}
[2026, 9, 28, 9, 30, 30] ;;; curseforge; {'id': 9639, 'gameVersionTypeID': 75208, 'name': 'Server', 'slug': 'server', 'apiVersion': ''}
[2026, 9, 28, 9, 30, 30] ;;; curseforge; {'id': 10150, 'gameVersionTypeID': 68441, 'name': 'NeoForge', 'slug': 'neoforge', 'apiVersion': ''}
[2026, 9, 28, 9, 30, 30] ;;; curseforge; {'id': 12934, 'gameVersionTypeID': 77784, 'name': '1.21.5', 'slug': '1-21-5', 'apiVersion': None}
[2026, 9, 28, 9, 30, 30] ;;; curseforge; {'id': 12988, 'gameVersionTypeID': 1, 'name': '1.21.5', 'slug': '1-21-5', 'apiVersion': ''}
[2026, 9, 28, 9, 30, 30] ;;; curseforge; {'id': 16119, 'gameVersionTypeID': 615, 'name': '1.21.5', 'slug': '1-21-5', 'apiVersion': ''}
[2026, 9, 28, 9, 30, 30] ;;; curseforge; {'id': 9638, 'gameVersionTypeID': 75208, 'name': 'Client', 'slug': 'client', 'apiVersion': ''}
[2026, 9, 28, 9, 30, 30] ;;; curseforge; {'id': 9639, 'gameVersionTypeID': 75208, 'name': 'Server', 'slug': 'server', 'apiVersion': ''}
[2026, 9, 28, 9, 30, 30] ;;; curseforge; {'id': 10150, 'gameVersionTypeID': 68441, 'name': 'NeoForge', 'slug': 'neoforge', 'apiVersion': ''}
[2026, 9, 28, 9, 30, 30] ;;; curseforge; {'id': 13506, 'gameVersionTypeID': 77784, 'name': '1.21.7', 'slug': '1-21-7', 'apiVersion': None}
[2026, 9, 28, 9, 30, 30] ;;; curseforge; {'id': 13574, 'gameVersionTypeID': 1, 'name': '1.21.7', 'slug': '1-21-7', 'apiVersion': ''}
[2026, 9, 28, 9, 30, 30] ;;; curseforge; {'id': 16121, 'gameVersionTypeID': 615, 'name': '1.21.7', 'slug': '1-21-7', 'apiVersion': ''}
[2026, 9, 28, 9, 30, 30] ;;; curseforge; {'file': ('gothic_horror-neoforge-1.21.5_1.61.0.jar', <_io.BufferedReader name='.\\releases\\1.61.0\\gothic_horror-neoforge-1.21.5_1.61.0.jar'>, 'application/jar'), 'metadata': (None, '{"changelog": "", "displayName": "gothic_horror neoforge 1.21.5 1.61.0", "gameVersions": [9638, 9639, 10150, 12934, 13506], "gameVersionNames": ["Client", "Server", "NeoForge", "1.21.5", "1.21.7"], "releaseType": "release", "relations": {"projects": [{"slug": "gstools", "projectID": 1404020, "type": "requiredDependency"}]}}', 'application/json')}
[2026, 9, 28, 9, 30, 37] ;;; curseforge; Mod file uploaded successfully! Response: {'id': 8999479}
[2026, 9, 28, 9, 30, 37] ;;; curseforge; {'id': 9638, 'gameVersionTypeID': 75208, 'name': 'Client', 'slug': 'client', 'apiVersion': ''}
[2026, 9, 28, 9, 30, 37] ;;; curseforge; {'id': 9639, 'gameVersionTypeID': 75208, 'name': 'Server', 'slug': 'server', 'apiVersion': ''}
[2026, 9, 28, 9, 30, 37] ;;; curseforge; {'id': 10150, 'gameVersionTypeID': 68441, 'name': 'NeoForge', 'slug': 'neoforge', 'apiVersion': ''}
[2026, 9, 28, 9, 30, 37] ;;; curseforge; {'id': 12934, 'gameVersionTypeID': 77784, 'name': '1.21.5', 'slug': '1-21-5', 'apiVersion': None}
[2026, 9, 28, 9, 30, 37] ;;; curseforge; {'id': 12988, 'gameVersionTypeID': 1, 'name': '1.21.5', 'slug': '1-21-5', 'apiVersion': ''}
[2026, 9, 28, 9, 30, 38] ;;; curseforge; {'id': 16119, 'gameVersionTypeID': 615, 'name': '1.21.5', 'slug': '1-21-5', 'apiVersion': ''}
[2026, 9, 28, 9, 30, 38] ;;; curseforge; {'id': 9638, 'gameVersionTypeID': 75208, 'name': 'Client', 'slug': 'client', 'apiVersion': ''}
[2026, 9, 28, 9, 30, 38] ;;; curseforge; {'id': 9639, 'gameVersionTypeID': 75208, 'name': 'Server', 'slug': 'server', 'apiVersion': ''}
[2026, 9, 28, 9, 30, 38] ;;; curseforge; {'id': 10150, 'gameVersionTypeID': 68441, 'name': 'NeoForge', 'slug': 'neoforge', 'apiVersion': ''}
[2026, 9, 28, 9, 30, 38] ;;; curseforge; {'id': 13506, 'gameVersionTypeID': 77784, 'name': '1.21.7', 'slug': '1-21-7', 'apiVersion': None}
[2026, 9, 28, 9, 30, 38] ;;; curseforge; {'id': 13574, 'gameVersionTypeID': 1, 'name': '1.21.7', 'slug': '1-21-7', 'apiVersion': ''}
[2026, 9, 28, 9, 30, 38] ;;; curseforge; {'id': 16121, 'gameVersionTypeID': 615, 'name': '1.21.7', 'slug': '1-21-7', 'apiVersion': ''}
[2026, 9, 28, 9, 30, 57] ;;; curseforge; {'id': 9638, 'gameVersionTypeID': 75208, 'name': 'Client', 'slug': 'client', 'apiVersion': ''}
[2026, 9, 28, 9, 30, 57] ;;; curseforge; {'id': 9639, 'gameVersionTypeID': 75208, 'name': 'Server', 'slug': 'server', 'apiVersion': ''}
[2026, 9, 28, 9, 30, 57] ;;; curseforge; {'id': 10150, 'gameVersionTypeID': 68441, 'name': 'NeoForge', 'slug': 'neoforge', 'apiVersion': ''}
[2026, 9, 28, 9, 30, 57] ;;; curseforge; {'id': 13620, 'gameVersionTypeID': 77784, 'name': '1.21.8', 'slug': '1-21-8', 'apiVersion': None}
[2026, 9, 28, 9, 30, 57] ;;; curseforge; {'id': 13683, 'gameVersionTypeID': 1, 'name': '1.21.8', 'slug': '1-21-8', 'apiVersion': ''}
[2026, 9, 28, 9, 30, 57] ;;; curseforge; {'id': 16124, 'gameVersionTypeID': 615, 'name': '1.21.8', 'slug': '1-21-8', 'apiVersion': ''}
[2026, 9, 28, 9, 30, 57] ;;; curseforge; {'id': 9638, 'gameVersionTypeID': 75208, 'name': 'Client', 'slug': 'client', 'apiVersion': ''}
[2026, 9, 28, 9, 30, 57] ;;; curseforge; {'id': 9639, 'gameVersionTypeID': 75208, 'name': 'Server', 'slug': 'server', 'apiVersion': ''}
[2026, 9, 28, 9, 30, 57] ;;; curseforge; {'id': 10150, 'gameVersionTypeID': 68441, 'name': 'NeoForge', 'slug': 'neoforge', 'apiVersion': ''}
[2026, 9, 28, 9, 30, 57] ;;; curseforge; {'id': 13927, 'gameVersionTypeID': 77784, 'name': '1.21.9', 'slug': '1-21-9', 'apiVersion': None}
[2026, 9, 28, 9, 30, 57] ;;; curseforge; {'id': 13933, 'gameVersionTypeID': 1, 'name': '1.21.9', 'slug': '1-21-9', 'apiVersion': ''}
[2026, 9, 28, 9, 30, 57] ;;; curseforge; {'id': 16125, 'gameVersionTypeID': 615, 'name': '1.21.9', 'slug': '1-21-9', 'apiVersion': ''}
[2026, 9, 28, 9, 30, 57] ;;; curseforge; {'id': 9638, 'gameVersionTypeID': 75208, 'name': 'Client', 'slug': 'client', 'apiVersion': ''}
[2026, 9, 28, 9, 30, 57] ;;; curseforge; {'id': 9639, 'gameVersionTypeID': 75208, 'name': 'Server', 'slug': 'server', 'apiVersion': ''}
[2026, 9, 28, 9, 30, 57] ;;; curseforge; {'id': 10150, 'gameVersionTypeID': 68441, 'name': 'NeoForge', 'slug': 'neoforge', 'apiVersion': ''}
[2026, 9, 28, 9, 30, 57] ;;; curseforge; {'id': 13964, 'gameVersionTypeID': 77784, 'name': '1.21.10', 'slug': '1-21-10', 'apiVersion': None}
[2026, 9, 28, 9, 30, 57] ;;; curseforge; {'id': 13966, 'gameVersionTypeID': 1, 'name': '1.21.10', 'slug': '1-21-10', 'apiVersion': ''}
[2026, 9, 28, 9, 30, 57] ;;; curseforge; {'id': 16126, 'gameVersionTypeID': 615, 'name': '1.21.10', 'slug': '1-21-10', 'apiVersion': ''}
[2026, 9, 28, 9, 30, 57] ;;; curseforge; {'id': 9638, 'gameVersionTypeID': 75208, 'name': 'Client', 'slug': 'client', 'apiVersion': ''}
[2026, 9, 28, 9, 30, 57] ;;; curseforge; {'id': 9639, 'gameVersionTypeID': 75208, 'name': 'Server', 'slug': 'server', 'apiVersion': ''}
[2026, 9, 28, 9, 30, 57] ;;; curseforge; {'id': 10150, 'gameVersionTypeID': 68441, 'name': 'NeoForge', 'slug': 'neoforge', 'apiVersion': ''}
[2026, 9, 28, 9, 30, 57] ;;; curseforge; {'id': 14406, 'gameVersionTypeID': 77784, 'name': '1.21.11', 'slug': '1-21-11', 'apiVersion': None}
[2026, 9, 28, 9, 30, 57] ;;; curseforge; {'id': 14417, 'gameVersionTypeID': 1, 'name': '1.21.11', 'slug': '1-21-11', 'apiVersion': ''}
[2026, 9, 28, 9, 30, 57] ;;; curseforge; {'id': 16127, 'gameVersionTypeID': 615, 'name': '1.21.11', 'slug': '1-21-11', 'apiVersion': ''}
[2026, 9, 28, 9, 30, 57] ;;; curseforge; {'file': ('gothic_horror-neoforge-1.21.8_1.61.0.jar', <_io.BufferedReader name='.\\releases\\1.61.0\\gothic_horror-neoforge-1.21.8_1.61.0.jar'>, 'application/jar'), 'metadata': (None, '{"changelog": "", "displayName": "gothic_horror neoforge 1.21.8 1.61.0", "gameVersions": [9638, 9639, 10150, 13620, 13927, 13964, 14406], "gameVersionNames": ["Client", "Server", "NeoForge", "1.21.8", "1.21.9", "1.21.10", "1.21.11"], "releaseType": "release", "relations": {"projects": [{"slug": "gstools", "projectID": 1404020, "type": "requiredDependency"}]}}', 'application/json')}
[2026, 9, 28, 9, 31, 17] ;;; curseforge; Mod file uploaded successfully! Response: {'id': 8999481}
[2026, 9, 28, 9, 31, 17] ;;; curseforge; {'id': 9638, 'gameVersionTypeID': 75208, 'name': 'Client', 'slug': 'client', 'apiVersion': ''}
[2026, 9, 28, 9, 31, 17] ;;; curseforge; {'id': 9639, 'gameVersionTypeID': 75208, 'name': 'Server', 'slug': 'server', 'apiVersion': ''}
[2026, 9, 28, 9, 31, 17] ;;; curseforge; {'id': 10150, 'gameVersionTypeID': 68441, 'name': 'NeoForge', 'slug': 'neoforge', 'apiVersion': ''}
[2026, 9, 28, 9, 31, 17] ;;; curseforge; {'id': 13620, 'gameVersionTypeID': 77784, 'name': '1.21.8', 'slug': '1-21-8', 'apiVersion': None}
[2026, 9, 28, 9, 31, 17] ;;; curseforge; {'id': 13683, 'gameVersionTypeID': 1, 'name': '1.21.8', 'slug': '1-21-8', 'apiVersion': ''}
[2026, 9, 28, 9, 31, 17] ;;; curseforge; {'id': 16124, 'gameVersionTypeID': 615, 'name': '1.21.8', 'slug': '1-21-8', 'apiVersion': ''}
[2026, 9, 28, 9, 31, 17] ;;; curseforge; {'id': 9638, 'gameVersionTypeID': 75208, 'name': 'Client', 'slug': 'client', 'apiVersion': ''}
[2026, 9, 28, 9, 31, 17] ;;; curseforge; {'id': 9639, 'gameVersionTypeID': 75208, 'name': 'Server', 'slug': 'server', 'apiVersion': ''}
[2026, 9, 28, 9, 31, 17] ;;; curseforge; {'id': 10150, 'gameVersionTypeID': 68441, 'name': 'NeoForge', 'slug': 'neoforge', 'apiVersion': ''}
[2026, 9, 28, 9, 31, 17] ;;; curseforge; {'id': 13927, 'gameVersionTypeID': 77784, 'name': '1.21.9', 'slug': '1-21-9', 'apiVersion': None}
[2026, 9, 28, 9, 31, 17] ;;; curseforge; {'id': 13933, 'gameVersionTypeID': 1, 'name': '1.21.9', 'slug': '1-21-9', 'apiVersion': ''}
[2026, 9, 28, 9, 31, 17] ;;; curseforge; {'id': 16125, 'gameVersionTypeID': 615, 'name': '1.21.9', 'slug': '1-21-9', 'apiVersion': ''}
[2026, 9, 28, 9, 31, 17] ;;; curseforge; {'id': 9638, 'gameVersionTypeID': 75208, 'name': 'Client', 'slug': 'client', 'apiVersion': ''}
[2026, 9, 28, 9, 31, 17] ;;; curseforge; {'id': 9639, 'gameVersionTypeID': 75208, 'name': 'Server', 'slug': 'server', 'apiVersion': ''}
[2026, 9, 28, 9, 31, 17] ;;; curseforge; {'id': 10150, 'gameVersionTypeID': 68441, 'name': 'NeoForge', 'slug': 'neoforge', 'apiVersion': ''}
[2026, 9, 28, 9, 31, 17] ;;; curseforge; {'id': 13964, 'gameVersionTypeID': 77784, 'name': '1.21.10', 'slug': '1-21-10', 'apiVersion': None}
[2026, 9, 28, 9, 31, 17] ;;; curseforge; {'id': 13966, 'gameVersionTypeID': 1, 'name': '1.21.10', 'slug': '1-21-10', 'apiVersion': ''}
[2026, 9, 28, 9, 31, 17] ;;; curseforge; {'id': 16126, 'gameVersionTypeID': 615, 'name': '1.21.10', 'slug': '1-21-10', 'apiVersion': ''}
[2026, 9, 28, 9, 31, 17] ;;; curseforge; {'id': 9638, 'gameVersionTypeID': 75208, 'name': 'Client', 'slug': 'client', 'apiVersion': ''}
[2026, 9, 28, 9, 31, 17] ;;; curseforge; {'id': 9639, 'gameVersionTypeID': 75208, 'name': 'Server', 'slug': 'server', 'apiVersion': ''}
[2026, 9, 28, 9, 31, 17] ;;; curseforge; {'id': 10150, 'gameVersionTypeID': 68441, 'name': 'NeoForge', 'slug': 'neoforge', 'apiVersion': ''}
[2026, 9, 28, 9, 31, 17] ;;; curseforge; {'id': 14406, 'gameVersionTypeID': 77784, 'name': '1.21.11', 'slug': '1-21-11', 'apiVersion': None}
[2026, 9, 28, 9, 31, 17] ;;; curseforge; {'id': 14417, 'gameVersionTypeID': 1, 'name': '1.21.11', 'slug': '1-21-11', 'apiVersion': ''}
[2026, 9, 28, 9, 31, 17] ;;; curseforge; {'id': 16127, 'gameVersionTypeID': 615, 'name': '1.21.11', 'slug': '1-21-11', 'apiVersion': ''}
[2026, 9, 28, 9, 31, 32] ;;; curseforge; {'id': 9638, 'gameVersionTypeID': 75208, 'name': 'Client', 'slug': 'client', 'apiVersion': ''}
[2026, 9, 28, 9, 31, 32] ;;; curseforge; {'id': 9639, 'gameVersionTypeID': 75208, 'name': 'Server', 'slug': 'server', 'apiVersion': ''}
[2026, 9, 28, 9, 31, 32] ;;; curseforge; {'id': 10150, 'gameVersionTypeID': 68441, 'name': 'NeoForge', 'slug': 'neoforge', 'apiVersion': ''}
[2026, 9, 28, 9, 31, 32] ;;; curseforge; {'id': 15933, 'gameVersionTypeID': 83806, 'name': '26.1', 'slug': '26-1', 'apiVersion': None}
[2026, 9, 28, 9, 31, 32] ;;; curseforge; {'id': 16083, 'gameVersionTypeID': 1, 'name': '26.1', 'slug': '26-1', 'apiVersion': ''}
[2026, 9, 28, 9, 31, 32] ;;; curseforge; {'id': 16128, 'gameVersionTypeID': 615, 'name': '26.1', 'slug': '26-1', 'apiVersion': ''}
[2026, 9, 28, 9, 31, 32] ;;; curseforge; {'id': 9638, 'gameVersionTypeID': 75208, 'name': 'Client', 'slug': 'client', 'apiVersion': ''}
[2026, 9, 28, 9, 31, 32] ;;; curseforge; {'id': 9639, 'gameVersionTypeID': 75208, 'name': 'Server', 'slug': 'server', 'apiVersion': ''}
[2026, 9, 28, 9, 31, 32] ;;; curseforge; {'id': 10150, 'gameVersionTypeID': 68441, 'name': 'NeoForge', 'slug': 'neoforge', 'apiVersion': ''}
[2026, 9, 28, 9, 31, 32] ;;; curseforge; {'id': 16021, 'gameVersionTypeID': 83806, 'name': '26.1.1', 'slug': '26-1-1', 'apiVersion': None}
[2026, 9, 28, 9, 31, 32] ;;; curseforge; {'id': 16084, 'gameVersionTypeID': 1, 'name': '26.1.1', 'slug': '26-1-1', 'apiVersion': ''}
[2026, 9, 28, 9, 31, 32] ;;; curseforge; {'id': 16129, 'gameVersionTypeID': 615, 'name': '26.1.1', 'slug': '26-1-1', 'apiVersion': ''}
[2026, 9, 28, 9, 31, 32] ;;; curseforge; {'id': 9638, 'gameVersionTypeID': 75208, 'name': 'Client', 'slug': 'client', 'apiVersion': ''}
[2026, 9, 28, 9, 31, 32] ;;; curseforge; {'id': 9639, 'gameVersionTypeID': 75208, 'name': 'Server', 'slug': 'server', 'apiVersion': ''}
[2026, 9, 28, 9, 31, 32] ;;; curseforge; {'id': 10150, 'gameVersionTypeID': 68441, 'name': 'NeoForge', 'slug': 'neoforge', 'apiVersion': ''}
[2026, 9, 28, 9, 31, 32] ;;; curseforge; {'id': 16082, 'gameVersionTypeID': 83806, 'name': '26.1.2', 'slug': '26-1-2', 'apiVersion': None}
[2026, 9, 28, 9, 31, 32] ;;; curseforge; {'id': 16085, 'gameVersionTypeID': 1, 'name': '26.1.2', 'slug': '26-1-2', 'apiVersion': ''}
[2026, 9, 28, 9, 31, 32] ;;; curseforge; {'id': 16130, 'gameVersionTypeID': 615, 'name': '26.1.2', 'slug': '26-1-2', 'apiVersion': ''}
[2026, 9, 28, 9, 31, 32] ;;; curseforge; {'file': ('gothic_horror-neoforge-26.1_1.61.0.jar', <_io.BufferedReader name='.\\releases\\1.61.0\\gothic_horror-neoforge-26.1_1.61.0.jar'>, 'application/jar'), 'metadata': (None, '{"changelog": "", "displayName": "gothic_horror neoforge 26.1 1.61.0", "gameVersions": [9638, 9639, 10150, 15933, 16021, 16082], "gameVersionNames": ["Client", "Server", "NeoForge", "26.1", "26.1.1", "26.1.2"], "releaseType": "release", "relations": {"projects": [{"slug": "gstools", "projectID": 1404020, "type": "requiredDependency"}]}}', 'application/json')}
[2026, 9, 28, 9, 31, 38] ;;; curseforge; Mod file uploaded successfully! Response: {'id': 8999482}
[2026, 9, 28, 9, 31, 39] ;;; curseforge; {'id': 9638, 'gameVersionTypeID': 75208, 'name': 'Client', 'slug': 'client', 'apiVersion': ''}
[2026, 9, 28, 9, 31, 39] ;;; curseforge; {'id': 9639, 'gameVersionTypeID': 75208, 'name': 'Server', 'slug': 'server', 'apiVersion': ''}
[2026, 9, 28, 9, 31, 39] ;;; curseforge; {'id': 10150, 'gameVersionTypeID': 68441, 'name': 'NeoForge', 'slug': 'neoforge', 'apiVersion': ''}
[2026, 9, 28, 9, 31, 39] ;;; curseforge; {'id': 15933, 'gameVersionTypeID': 83806, 'name': '26.1', 'slug': '26-1', 'apiVersion': None}
[2026, 9, 28, 9, 31, 39] ;;; curseforge; {'id': 16083, 'gameVersionTypeID': 1, 'name': '26.1', 'slug': '26-1', 'apiVersion': ''}
[2026, 9, 28, 9, 31, 39] ;;; curseforge; {'id': 16128, 'gameVersionTypeID': 615, 'name': '26.1', 'slug': '26-1', 'apiVersion': ''}
[2026, 9, 28, 9, 31, 39] ;;; curseforge; {'id': 9638, 'gameVersionTypeID': 75208, 'name': 'Client', 'slug': 'client', 'apiVersion': ''}
[2026, 9, 28, 9, 31, 39] ;;; curseforge; {'id': 9639, 'gameVersionTypeID': 75208, 'name': 'Server', 'slug': 'server', 'apiVersion': ''}
[2026, 9, 28, 9, 31, 39] ;;; curseforge; {'id': 10150, 'gameVersionTypeID': 68441, 'name': 'NeoForge', 'slug': 'neoforge', 'apiVersion': ''}
[2026, 9, 28, 9, 31, 39] ;;; curseforge; {'id': 16021, 'gameVersionTypeID': 83806, 'name': '26.1.1', 'slug': '26-1-1', 'apiVersion': None}
[2026, 9, 28, 9, 31, 39] ;;; curseforge; {'id': 16084, 'gameVersionTypeID': 1, 'name': '26.1.1', 'slug': '26-1-1', 'apiVersion': ''}
[2026, 9, 28, 9, 31, 39] ;;; curseforge; {'id': 16129, 'gameVersionTypeID': 615, 'name': '26.1.1', 'slug': '26-1-1', 'apiVersion': ''}
[2026, 9, 28, 9, 31, 39] ;;; curseforge; {'id': 9638, 'gameVersionTypeID': 75208, 'name': 'Client', 'slug': 'client', 'apiVersion': ''}
[2026, 9, 28, 9, 31, 39] ;;; curseforge; {'id': 9639, 'gameVersionTypeID': 75208, 'name': 'Server', 'slug': 'server', 'apiVersion': ''}
[2026, 9, 28, 9, 31, 39] ;;; curseforge; {'id': 10150, 'gameVersionTypeID': 68441, 'name': 'NeoForge', 'slug': 'neoforge', 'apiVersion': ''}
[2026, 9, 28, 9, 31, 39] ;;; curseforge; {'id': 16082, 'gameVersionTypeID': 83806, 'name': '26.1.2', 'slug': '26-1-2', 'apiVersion': None}
[2026, 9, 28, 9, 31, 39] ;;; curseforge; {'id': 16085, 'gameVersionTypeID': 1, 'name': '26.1.2', 'slug': '26-1-2', 'apiVersion': ''}
[2026, 9, 28, 9, 31, 39] ;;; curseforge; {'id': 16130, 'gameVersionTypeID': 615, 'name': '26.1.2', 'slug': '26-1-2', 'apiVersion': ''}
[2026, 9, 28, 9, 31, 52] ;;; curseforge; {'id': 7499, 'gameVersionTypeID': 68441, 'name': 'Fabric', 'slug': 'fabric', 'apiVersion': ''}
[2026, 9, 28, 9, 31, 52] ;;; curseforge; {'id': 9638, 'gameVersionTypeID': 75208, 'name': 'Client', 'slug': 'client', 'apiVersion': ''}
[2026, 9, 28, 9, 31, 52] ;;; curseforge; {'id': 9639, 'gameVersionTypeID': 75208, 'name': 'Server', 'slug': 'server', 'apiVersion': ''}
[2026, 9, 28, 9, 31, 52] ;;; curseforge; {'id': 13620, 'gameVersionTypeID': 77784, 'name': '1.21.8', 'slug': '1-21-8', 'apiVersion': None}
[2026, 9, 28, 9, 31, 52] ;;; curseforge; {'id': 13683, 'gameVersionTypeID': 1, 'name': '1.21.8', 'slug': '1-21-8', 'apiVersion': ''}
[2026, 9, 28, 9, 31, 52] ;;; curseforge; {'id': 16124, 'gameVersionTypeID': 615, 'name': '1.21.8', 'slug': '1-21-8', 'apiVersion': ''}
[2026, 9, 28, 9, 31, 52] ;;; curseforge; {'file': ('undead_expanded-fabric-1.21.8_1.61.0.jar', <_io.BufferedReader name='.\\releases\\1.61.0\\undead_expanded-fabric-1.21.8_1.61.0.jar'>, 'application/jar'), 'metadata': (None, '{"changelog": "", "displayName": "undead_expanded fabric 1.21.8 1.61.0", "gameVersions": [7499, 9638, 9639, 13620], "gameVersionNames": ["Fabric", "Client", "Server", "1.21.8"], "releaseType": "release", "relations": {"projects": [{"slug": "gstools", "projectID": 1404020, "type": "requiredDependency"}]}}', 'application/json')}
[2026, 9, 28, 9, 31, 58] ;;; curseforge; Mod file uploaded successfully! Response: {'id': 8999485}
[2026, 9, 28, 9, 31, 59] ;;; curseforge; {'id': 7499, 'gameVersionTypeID': 68441, 'name': 'Fabric', 'slug': 'fabric', 'apiVersion': ''}
[2026, 9, 28, 9, 31, 59] ;;; curseforge; {'id': 9638, 'gameVersionTypeID': 75208, 'name': 'Client', 'slug': 'client', 'apiVersion': ''}
[2026, 9, 28, 9, 31, 59] ;;; curseforge; {'id': 9639, 'gameVersionTypeID': 75208, 'name': 'Server', 'slug': 'server', 'apiVersion': ''}
[2026, 9, 28, 9, 31, 59] ;;; curseforge; {'id': 13620, 'gameVersionTypeID': 77784, 'name': '1.21.8', 'slug': '1-21-8', 'apiVersion': None}
[2026, 9, 28, 9, 31, 59] ;;; curseforge; {'id': 13683, 'gameVersionTypeID': 1, 'name': '1.21.8', 'slug': '1-21-8', 'apiVersion': ''}
[2026, 9, 28, 9, 31, 59] ;;; curseforge; {'id': 16124, 'gameVersionTypeID': 615, 'name': '1.21.8', 'slug': '1-21-8', 'apiVersion': ''}
[2026, 9, 28, 9, 32, 21] ;;; curseforge; {'id': 7499, 'gameVersionTypeID': 68441, 'name': 'Fabric', 'slug': 'fabric', 'apiVersion': ''}
[2026, 9, 28, 9, 32, 21] ;;; curseforge; {'id': 9638, 'gameVersionTypeID': 75208, 'name': 'Client', 'slug': 'client', 'apiVersion': ''}
[2026, 9, 28, 9, 32, 21] ;;; curseforge; {'id': 9639, 'gameVersionTypeID': 75208, 'name': 'Server', 'slug': 'server', 'apiVersion': ''}
[2026, 9, 28, 9, 32, 21] ;;; curseforge; {'id': 13927, 'gameVersionTypeID': 77784, 'name': '1.21.9', 'slug': '1-21-9', 'apiVersion': None}
[2026, 9, 28, 9, 32, 21] ;;; curseforge; {'id': 13933, 'gameVersionTypeID': 1, 'name': '1.21.9', 'slug': '1-21-9', 'apiVersion': ''}
[2026, 9, 28, 9, 32, 21] ;;; curseforge; {'id': 16125, 'gameVersionTypeID': 615, 'name': '1.21.9', 'slug': '1-21-9', 'apiVersion': ''}
[2026, 9, 28, 9, 32, 21] ;;; curseforge; {'id': 7499, 'gameVersionTypeID': 68441, 'name': 'Fabric', 'slug': 'fabric', 'apiVersion': ''}
[2026, 9, 28, 9, 32, 21] ;;; curseforge; {'id': 9638, 'gameVersionTypeID': 75208, 'name': 'Client', 'slug': 'client', 'apiVersion': ''}
[2026, 9, 28, 9, 32, 21] ;;; curseforge; {'id': 9639, 'gameVersionTypeID': 75208, 'name': 'Server', 'slug': 'server', 'apiVersion': ''}
[2026, 9, 28, 9, 32, 21] ;;; curseforge; {'id': 13964, 'gameVersionTypeID': 77784, 'name': '1.21.10', 'slug': '1-21-10', 'apiVersion': None}
[2026, 9, 28, 9, 32, 21] ;;; curseforge; {'id': 13966, 'gameVersionTypeID': 1, 'name': '1.21.10', 'slug': '1-21-10', 'apiVersion': ''}
[2026, 9, 28, 9, 32, 21] ;;; curseforge; {'id': 16126, 'gameVersionTypeID': 615, 'name': '1.21.10', 'slug': '1-21-10', 'apiVersion': ''}
[2026, 9, 28, 9, 32, 21] ;;; curseforge; {'id': 7499, 'gameVersionTypeID': 68441, 'name': 'Fabric', 'slug': 'fabric', 'apiVersion': ''}
[2026, 9, 28, 9, 32, 21] ;;; curseforge; {'id': 9638, 'gameVersionTypeID': 75208, 'name': 'Client', 'slug': 'client', 'apiVersion': ''}
[2026, 9, 28, 9, 32, 21] ;;; curseforge; {'id': 9639, 'gameVersionTypeID': 75208, 'name': 'Server', 'slug': 'server', 'apiVersion': ''}
[2026, 9, 28, 9, 32, 21] ;;; curseforge; {'id': 14406, 'gameVersionTypeID': 77784, 'name': '1.21.11', 'slug': '1-21-11', 'apiVersion': None}
[2026, 9, 28, 9, 32, 21] ;;; curseforge; {'id': 14417, 'gameVersionTypeID': 1, 'name': '1.21.11', 'slug': '1-21-11', 'apiVersion': ''}
[2026, 9, 28, 9, 32, 21] ;;; curseforge; {'id': 16127, 'gameVersionTypeID': 615, 'name': '1.21.11', 'slug': '1-21-11', 'apiVersion': ''}
[2026, 9, 28, 9, 32, 21] ;;; curseforge; {'file': ('undead_expanded-fabric-1.21.9_1.61.0.jar', <_io.BufferedReader name='.\\releases\\1.61.0\\undead_expanded-fabric-1.21.9_1.61.0.jar'>, 'application/jar'), 'metadata': (None, '{"changelog": "", "displayName": "undead_expanded fabric 1.21.9 1.61.0", "gameVersions": [7499, 9638, 9639, 13927, 13964, 14406], "gameVersionNames": ["Fabric", "Client", "Server", "1.21.9", "1.21.10", "1.21.11"], "releaseType": "release", "relations": {"projects": [{"slug": "gstools", "projectID": 1404020, "type": "requiredDependency"}]}}', 'application/json')}
[2026, 9, 28, 9, 32, 31] ;;; curseforge; Mod file uploaded successfully! Response: {'id': 8999487}
[2026, 9, 28, 9, 32, 31] ;;; curseforge; {'id': 7499, 'gameVersionTypeID': 68441, 'name': 'Fabric', 'slug': 'fabric', 'apiVersion': ''}
[2026, 9, 28, 9, 32, 31] ;;; curseforge; {'id': 9638, 'gameVersionTypeID': 75208, 'name': 'Client', 'slug': 'client', 'apiVersion': ''}
[2026, 9, 28, 9, 32, 31] ;;; curseforge; {'id': 9639, 'gameVersionTypeID': 75208, 'name': 'Server', 'slug': 'server', 'apiVersion': ''}
[2026, 9, 28, 9, 32, 31] ;;; curseforge; {'id': 13927, 'gameVersionTypeID': 77784, 'name': '1.21.9', 'slug': '1-21-9', 'apiVersion': None}
[2026, 9, 28, 9, 32, 31] ;;; curseforge; {'id': 13933, 'gameVersionTypeID': 1, 'name': '1.21.9', 'slug': '1-21-9', 'apiVersion': ''}
[2026, 9, 28, 9, 32, 31] ;;; curseforge; {'id': 16125, 'gameVersionTypeID': 615, 'name': '1.21.9', 'slug': '1-21-9', 'apiVersion': ''}
[2026, 9, 28, 9, 32, 31] ;;; curseforge; {'id': 7499, 'gameVersionTypeID': 68441, 'name': 'Fabric', 'slug': 'fabric', 'apiVersion': ''}
[2026, 9, 28, 9, 32, 31] ;;; curseforge; {'id': 9638, 'gameVersionTypeID': 75208, 'name': 'Client', 'slug': 'client', 'apiVersion': ''}
[2026, 9, 28, 9, 32, 31] ;;; curseforge; {'id': 9639, 'gameVersionTypeID': 75208, 'name': 'Server', 'slug': 'server', 'apiVersion': ''}
[2026, 9, 28, 9, 32, 31] ;;; curseforge; {'id': 13964, 'gameVersionTypeID': 77784, 'name': '1.21.10', 'slug': '1-21-10', 'apiVersion': None}
[2026, 9, 28, 9, 32, 31] ;;; curseforge; {'id': 13966, 'gameVersionTypeID': 1, 'name': '1.21.10', 'slug': '1-21-10', 'apiVersion': ''}
[2026, 9, 28, 9, 32, 31] ;;; curseforge; {'id': 16126, 'gameVersionTypeID': 615, 'name': '1.21.10', 'slug': '1-21-10', 'apiVersion': ''}
[2026, 9, 28, 9, 32, 31] ;;; curseforge; {'id': 7499, 'gameVersionTypeID': 68441, 'name': 'Fabric', 'slug': 'fabric', 'apiVersion': ''}
[2026, 9, 28, 9, 32, 31] ;;; curseforge; {'id': 9638, 'gameVersionTypeID': 75208, 'name': 'Client', 'slug': 'client', 'apiVersion': ''}
[2026, 9, 28, 9, 32, 31] ;;; curseforge; {'id': 9639, 'gameVersionTypeID': 75208, 'name': 'Server', 'slug': 'server', 'apiVersion': ''}
[2026, 9, 28, 9, 32, 31] ;;; curseforge; {'id': 14406, 'gameVersionTypeID': 77784, 'name': '1.21.11', 'slug': '1-21-11', 'apiVersion': None}
[2026, 9, 28, 9, 32, 31] ;;; curseforge; {'id': 14417, 'gameVersionTypeID': 1, 'name': '1.21.11', 'slug': '1-21-11', 'apiVersion': ''}
[2026, 9, 28, 9, 32, 31] ;;; curseforge; {'id': 16127, 'gameVersionTypeID': 615, 'name': '1.21.11', 'slug': '1-21-11', 'apiVersion': ''}
[2026, 9, 28, 9, 33, 13] ;;; curseforge; {'id': 7499, 'gameVersionTypeID': 68441, 'name': 'Fabric', 'slug': 'fabric', 'apiVersion': ''}
[2026, 9, 28, 9, 33, 13] ;;; curseforge; {'id': 9638, 'gameVersionTypeID': 75208, 'name': 'Client', 'slug': 'client', 'apiVersion': ''}
[2026, 9, 28, 9, 33, 13] ;;; curseforge; {'id': 9639, 'gameVersionTypeID': 75208, 'name': 'Server', 'slug': 'server', 'apiVersion': ''}
[2026, 9, 28, 9, 33, 14] ;;; curseforge; {'id': 15933, 'gameVersionTypeID': 83806, 'name': '26.1', 'slug': '26-1', 'apiVersion': None}
[2026, 9, 28, 9, 33, 14] ;;; curseforge; {'id': 16083, 'gameVersionTypeID': 1, 'name': '26.1', 'slug': '26-1', 'apiVersion': ''}
[2026, 9, 28, 9, 33, 14] ;;; curseforge; {'id': 16128, 'gameVersionTypeID': 615, 'name': '26.1', 'slug': '26-1', 'apiVersion': ''}
[2026, 9, 28, 9, 33, 14] ;;; curseforge; {'id': 7499, 'gameVersionTypeID': 68441, 'name': 'Fabric', 'slug': 'fabric', 'apiVersion': ''}
[2026, 9, 28, 9, 33, 14] ;;; curseforge; {'id': 9638, 'gameVersionTypeID': 75208, 'name': 'Client', 'slug': 'client', 'apiVersion': ''}
[2026, 9, 28, 9, 33, 14] ;;; curseforge; {'id': 9639, 'gameVersionTypeID': 75208, 'name': 'Server', 'slug': 'server', 'apiVersion': ''}
[2026, 9, 28, 9, 33, 14] ;;; curseforge; {'id': 16021, 'gameVersionTypeID': 83806, 'name': '26.1.1', 'slug': '26-1-1', 'apiVersion': None}
[2026, 9, 28, 9, 33, 14] ;;; curseforge; {'id': 16084, 'gameVersionTypeID': 1, 'name': '26.1.1', 'slug': '26-1-1', 'apiVersion': ''}
[2026, 9, 28, 9, 33, 14] ;;; curseforge; {'id': 16129, 'gameVersionTypeID': 615, 'name': '26.1.1', 'slug': '26-1-1', 'apiVersion': ''}
[2026, 9, 28, 9, 33, 14] ;;; curseforge; {'id': 7499, 'gameVersionTypeID': 68441, 'name': 'Fabric', 'slug': 'fabric', 'apiVersion': ''}
[2026, 9, 28, 9, 33, 14] ;;; curseforge; {'id': 9638, 'gameVersionTypeID': 75208, 'name': 'Client', 'slug': 'client', 'apiVersion': ''}
[2026, 9, 28, 9, 33, 14] ;;; curseforge; {'id': 9639, 'gameVersionTypeID': 75208, 'name': 'Server', 'slug': 'server', 'apiVersion': ''}
[2026, 9, 28, 9, 33, 14] ;;; curseforge; {'id': 16082, 'gameVersionTypeID': 83806, 'name': '26.1.2', 'slug': '26-1-2', 'apiVersion': None}
[2026, 9, 28, 9, 33, 14] ;;; curseforge; {'id': 16085, 'gameVersionTypeID': 1, 'name': '26.1.2', 'slug': '26-1-2', 'apiVersion': ''}
[2026, 9, 28, 9, 33, 14] ;;; curseforge; {'id': 16130, 'gameVersionTypeID': 615, 'name': '26.1.2', 'slug': '26-1-2', 'apiVersion': ''}
[2026, 9, 28, 9, 33, 14] ;;; curseforge; {'file': ('undead_expanded-fabric-26.1_1.61.0.jar', <_io.BufferedReader name='.\\releases\\1.61.0\\undead_expanded-fabric-26.1_1.61.0.jar'>, 'application/jar'), 'metadata': (None, '{"changelog": "", "displayName": "undead_expanded fabric 26.1 1.61.0", "gameVersions": [7499, 9638, 9639, 15933, 16021, 16082], "gameVersionNames": ["Fabric", "Client", "Server", "26.1", "26.1.1", "26.1.2"], "releaseType": "release", "relations": {"projects": [{"slug": "gstools", "projectID": 1404020, "type": "requiredDependency"}]}}', 'application/json')}
[2026, 9, 28, 9, 33, 34] ;;; curseforge; Mod file uploaded successfully! Response: {'id': 8999494}
[2026, 9, 28, 9, 33, 35] ;;; curseforge; {'id': 7499, 'gameVersionTypeID': 68441, 'name': 'Fabric', 'slug': 'fabric', 'apiVersion': ''}
[2026, 9, 28, 9, 33, 35] ;;; curseforge; {'id': 9638, 'gameVersionTypeID': 75208, 'name': 'Client', 'slug': 'client', 'apiVersion': ''}
[2026, 9, 28, 9, 33, 35] ;;; curseforge; {'id': 9639, 'gameVersionTypeID': 75208, 'name': 'Server', 'slug': 'server', 'apiVersion': ''}
[2026, 9, 28, 9, 33, 35] ;;; curseforge; {'id': 15933, 'gameVersionTypeID': 83806, 'name': '26.1', 'slug': '26-1', 'apiVersion': None}
[2026, 9, 28, 9, 33, 35] ;;; curseforge; {'id': 16083, 'gameVersionTypeID': 1, 'name': '26.1', 'slug': '26-1', 'apiVersion': ''}
[2026, 9, 28, 9, 33, 35] ;;; curseforge; {'id': 16128, 'gameVersionTypeID': 615, 'name': '26.1', 'slug': '26-1', 'apiVersion': ''}
[2026, 9, 28, 9, 33, 35] ;;; curseforge; {'id': 7499, 'gameVersionTypeID': 68441, 'name': 'Fabric', 'slug': 'fabric', 'apiVersion': ''}
[2026, 9, 28, 9, 33, 35] ;;; curseforge; {'id': 9638, 'gameVersionTypeID': 75208, 'name': 'Client', 'slug': 'client', 'apiVersion': ''}
[2026, 9, 28, 9, 33, 35] ;;; curseforge; {'id': 9639, 'gameVersionTypeID': 75208, 'name': 'Server', 'slug': 'server', 'apiVersion': ''}
[2026, 9, 28, 9, 33, 35] ;;; curseforge; {'id': 16021, 'gameVersionTypeID': 83806, 'name': '26.1.1', 'slug': '26-1-1', 'apiVersion': None}
[2026, 9, 28, 9, 33, 35] ;;; curseforge; {'id': 16084, 'gameVersionTypeID': 1, 'name': '26.1.1', 'slug': '26-1-1', 'apiVersion': ''}
[2026, 9, 28, 9, 33, 35] ;;; curseforge; {'id': 16129, 'gameVersionTypeID': 615, 'name': '26.1.1', 'slug': '26-1-1', 'apiVersion': ''}
[2026, 9, 28, 9, 33, 35] ;;; curseforge; {'id': 7499, 'gameVersionTypeID': 68441, 'name': 'Fabric', 'slug': 'fabric', 'apiVersion': ''}
[2026, 9, 28, 9, 33, 35] ;;; curseforge; {'id': 9638, 'gameVersionTypeID': 75208, 'name': 'Client', 'slug': 'client', 'apiVersion': ''}
[2026, 9, 28, 9, 33, 35] ;;; curseforge; {'id': 9639, 'gameVersionTypeID': 75208, 'name': 'Server', 'slug': 'server', 'apiVersion': ''}
[2026, 9, 28, 9, 33, 35] ;;; curseforge; {'id': 16082, 'gameVersionTypeID': 83806, 'name': '26.1.2', 'slug': '26-1-2', 'apiVersion': None}
[2026, 9, 28, 9, 33, 35] ;;; curseforge; {'id': 16085, 'gameVersionTypeID': 1, 'name': '26.1.2', 'slug': '26-1-2', 'apiVersion': ''}
[2026, 9, 28, 9, 33, 35] ;;; curseforge; {'id': 16130, 'gameVersionTypeID': 615, 'name': '26.1.2', 'slug': '26-1-2', 'apiVersion': ''}
[2026, 9, 28, 9, 33, 47] ;;; curseforge; {'id': 7499, 'gameVersionTypeID': 68441, 'name': 'Fabric', 'slug': 'fabric', 'apiVersion': ''}
[2026, 9, 28, 9, 33, 47] ;;; curseforge; {'id': 9638, 'gameVersionTypeID': 75208, 'name': 'Client', 'slug': 'client', 'apiVersion': ''}
[2026, 9, 28, 9, 33, 47] ;;; curseforge; {'id': 9639, 'gameVersionTypeID': 75208, 'name': 'Server', 'slug': 'server', 'apiVersion': ''}
[2026, 9, 28, 9, 33, 47] ;;; curseforge; {'id': 16498, 'gameVersionTypeID': 86297, 'name': '26.2', 'slug': '26-2', 'apiVersion': None}
[2026, 9, 28, 9, 33, 47] ;;; curseforge; {'id': 16500, 'gameVersionTypeID': 1, 'name': '26.2', 'slug': '26-2', 'apiVersion': ''}
[2026, 9, 28, 9, 33, 47] ;;; curseforge; {'file': ('undead_expanded-fabric-26.2_1.61.0.jar', <_io.BufferedReader name='.\\releases\\1.61.0\\undead_expanded-fabric-26.2_1.61.0.jar'>, 'application/jar'), 'metadata': (None, '{"changelog": "", "displayName": "undead_expanded fabric 26.2 1.61.0", "gameVersions": [7499, 9638, 9639, 16498], "gameVersionNames": ["Fabric", "Client", "Server", "26.2"], "releaseType": "release", "relations": {"projects": [{"slug": "gstools", "projectID": 1404020, "type": "requiredDependency"}]}}', 'application/json')}
[2026, 9, 28, 9, 33, 53] ;;; curseforge; Mod file uploaded successfully! Response: {'id': 8999496}
[2026, 9, 28, 9, 33, 53] ;;; curseforge; {'id': 7499, 'gameVersionTypeID': 68441, 'name': 'Fabric', 'slug': 'fabric', 'apiVersion': ''}
[2026, 9, 28, 9, 33, 53] ;;; curseforge; {'id': 9638, 'gameVersionTypeID': 75208, 'name': 'Client', 'slug': 'client', 'apiVersion': ''}
[2026, 9, 28, 9, 33, 53] ;;; curseforge; {'id': 9639, 'gameVersionTypeID': 75208, 'name': 'Server', 'slug': 'server', 'apiVersion': ''}
[2026, 9, 28, 9, 33, 53] ;;; curseforge; {'id': 16498, 'gameVersionTypeID': 86297, 'name': '26.2', 'slug': '26-2', 'apiVersion': None}
[2026, 9, 28, 9, 33, 53] ;;; curseforge; {'id': 16500, 'gameVersionTypeID': 1, 'name': '26.2', 'slug': '26-2', 'apiVersion': ''}
[2026, 9, 28, 9, 34, 6] ;;; curseforge; {'id': 7498, 'gameVersionTypeID': 68441, 'name': 'Forge', 'slug': 'forge', 'apiVersion': ''}
[2026, 9, 28, 9, 34, 6] ;;; curseforge; {'id': 9638, 'gameVersionTypeID': 75208, 'name': 'Client', 'slug': 'client', 'apiVersion': ''}
[2026, 9, 28, 9, 34, 6] ;;; curseforge; {'id': 9639, 'gameVersionTypeID': 75208, 'name': 'Server', 'slug': 'server', 'apiVersion': ''}
[2026, 9, 28, 9, 34, 6] ;;; curseforge; {'id': 9776, 'gameVersionTypeID': 73407, 'name': '1.19.4', 'slug': '1-19-4', 'apiVersion': ''}
[2026, 9, 28, 9, 34, 6] ;;; curseforge; {'id': 9792, 'gameVersionTypeID': 615, 'name': '1.19.4', 'slug': '1-19-4', 'apiVersion': ''}
[2026, 9, 28, 9, 34, 6] ;;; curseforge; {'id': 9973, 'gameVersionTypeID': 1, 'name': '1.19.4', 'slug': '1-19-4', 'apiVersion': ''}
[2026, 9, 28, 9, 34, 6] ;;; curseforge; {'file': ('undead_expanded-forge-1.19.4_1.61.0.jar', <_io.BufferedReader name='.\\releases\\1.61.0\\undead_expanded-forge-1.19.4_1.61.0.jar'>, 'application/jar'), 'metadata': (None, '{"changelog": "", "displayName": "undead_expanded forge 1.19.4 1.61.0", "gameVersions": [7498, 9638, 9639, 9776], "gameVersionNames": ["Forge", "Client", "Server", "1.19.4"], "releaseType": "release", "relations": {"projects": [{"slug": "gstools", "projectID": 1404020, "type": "requiredDependency"}]}}', 'application/json')}
[2026, 9, 28, 9, 34, 13] ;;; curseforge; Mod file uploaded successfully! Response: {'id': 8999497}
[2026, 9, 28, 9, 34, 14] ;;; curseforge; {'id': 7498, 'gameVersionTypeID': 68441, 'name': 'Forge', 'slug': 'forge', 'apiVersion': ''}
[2026, 9, 28, 9, 34, 14] ;;; curseforge; {'id': 9638, 'gameVersionTypeID': 75208, 'name': 'Client', 'slug': 'client', 'apiVersion': ''}
[2026, 9, 28, 9, 34, 14] ;;; curseforge; {'id': 9639, 'gameVersionTypeID': 75208, 'name': 'Server', 'slug': 'server', 'apiVersion': ''}
[2026, 9, 28, 9, 34, 14] ;;; curseforge; {'id': 9776, 'gameVersionTypeID': 73407, 'name': '1.19.4', 'slug': '1-19-4', 'apiVersion': ''}
[2026, 9, 28, 9, 34, 14] ;;; curseforge; {'id': 9792, 'gameVersionTypeID': 615, 'name': '1.19.4', 'slug': '1-19-4', 'apiVersion': ''}
[2026, 9, 28, 9, 34, 14] ;;; curseforge; {'id': 9973, 'gameVersionTypeID': 1, 'name': '1.19.4', 'slug': '1-19-4', 'apiVersion': ''}
[2026, 9, 28, 9, 34, 27] ;;; curseforge; {'id': 9638, 'gameVersionTypeID': 75208, 'name': 'Client', 'slug': 'client', 'apiVersion': ''}
[2026, 9, 28, 9, 34, 27] ;;; curseforge; {'id': 9639, 'gameVersionTypeID': 75208, 'name': 'Server', 'slug': 'server', 'apiVersion': ''}
[2026, 9, 28, 9, 34, 27] ;;; curseforge; {'id': 10150, 'gameVersionTypeID': 68441, 'name': 'NeoForge', 'slug': 'neoforge', 'apiVersion': ''}
[2026, 9, 28, 9, 34, 27] ;;; curseforge; {'id': 10407, 'gameVersionTypeID': 75125, 'name': '1.20.4', 'slug': '1-20-4', 'apiVersion': None}
[2026, 9, 28, 9, 34, 27] ;;; curseforge; {'id': 10742, 'gameVersionTypeID': 1, 'name': '1.20.4', 'slug': '1-20-4', 'apiVersion': ''}
[2026, 9, 28, 9, 34, 27] ;;; curseforge; {'id': 10866, 'gameVersionTypeID': 615, 'name': '1.20.4', 'slug': '1-20-4', 'apiVersion': ''}
[2026, 9, 28, 9, 34, 27] ;;; curseforge; {'file': ('undead_expanded-neoforge-1.20.4_1.61.0.jar', <_io.BufferedReader name='.\\releases\\1.61.0\\undead_expanded-neoforge-1.20.4_1.61.0.jar'>, 'application/jar'), 'metadata': (None, '{"changelog": "", "displayName": "undead_expanded neoforge 1.20.4 1.61.0", "gameVersions": [9638, 9639, 10150, 10407], "gameVersionNames": ["Client", "Server", "NeoForge", "1.20.4"], "releaseType": "release", "relations": {"projects": [{"slug": "gstools", "projectID": 1404020, "type": "requiredDependency"}]}}', 'application/json')}
[2026, 9, 28, 9, 34, 34] ;;; curseforge; Mod file uploaded successfully! Response: {'id': 8999499}
[2026, 9, 28, 9, 34, 34] ;;; curseforge; {'id': 9638, 'gameVersionTypeID': 75208, 'name': 'Client', 'slug': 'client', 'apiVersion': ''}
[2026, 9, 28, 9, 34, 34] ;;; curseforge; {'id': 9639, 'gameVersionTypeID': 75208, 'name': 'Server', 'slug': 'server', 'apiVersion': ''}
[2026, 9, 28, 9, 34, 34] ;;; curseforge; {'id': 10150, 'gameVersionTypeID': 68441, 'name': 'NeoForge', 'slug': 'neoforge', 'apiVersion': ''}
[2026, 9, 28, 9, 34, 34] ;;; curseforge; {'id': 10407, 'gameVersionTypeID': 75125, 'name': '1.20.4', 'slug': '1-20-4', 'apiVersion': None}
[2026, 9, 28, 9, 34, 34] ;;; curseforge; {'id': 10742, 'gameVersionTypeID': 1, 'name': '1.20.4', 'slug': '1-20-4', 'apiVersion': ''}
[2026, 9, 28, 9, 34, 34] ;;; curseforge; {'id': 10866, 'gameVersionTypeID': 615, 'name': '1.20.4', 'slug': '1-20-4', 'apiVersion': ''}
[2026, 9, 28, 9, 34, 45] ;;; curseforge; {'id': 9638, 'gameVersionTypeID': 75208, 'name': 'Client', 'slug': 'client', 'apiVersion': ''}
[2026, 9, 28, 9, 34, 45] ;;; curseforge; {'id': 9639, 'gameVersionTypeID': 75208, 'name': 'Server', 'slug': 'server', 'apiVersion': ''}
[2026, 9, 28, 9, 34, 45] ;;; curseforge; {'id': 10150, 'gameVersionTypeID': 68441, 'name': 'NeoForge', 'slug': 'neoforge', 'apiVersion': ''}
[2026, 9, 28, 9, 34, 45] ;;; curseforge; {'id': 11198, 'gameVersionTypeID': 75125, 'name': '1.20.6', 'slug': '1-20-6', 'apiVersion': None}
[2026, 9, 28, 9, 34, 45] ;;; curseforge; {'id': 11307, 'gameVersionTypeID': 1, 'name': '1.20.6', 'slug': '1-20-6', 'apiVersion': ''}
[2026, 9, 28, 9, 34, 45] ;;; curseforge; {'id': 11309, 'gameVersionTypeID': 615, 'name': '1.20.6', 'slug': '1-20-6', 'apiVersion': ''}
[2026, 9, 28, 9, 34, 45] ;;; curseforge; {'id': 9638, 'gameVersionTypeID': 75208, 'name': 'Client', 'slug': 'client', 'apiVersion': ''}
[2026, 9, 28, 9, 34, 45] ;;; curseforge; {'id': 9639, 'gameVersionTypeID': 75208, 'name': 'Server', 'slug': 'server', 'apiVersion': ''}
[2026, 9, 28, 9, 34, 45] ;;; curseforge; {'id': 10150, 'gameVersionTypeID': 68441, 'name': 'NeoForge', 'slug': 'neoforge', 'apiVersion': ''}
[2026, 9, 28, 9, 34, 45] ;;; curseforge; {'id': 11457, 'gameVersionTypeID': 77784, 'name': '1.21', 'slug': '1-21', 'apiVersion': ''}
[2026, 9, 28, 9, 34, 45] ;;; curseforge; {'id': 11458, 'gameVersionTypeID': 615, 'name': '1.21', 'slug': '1-21', 'apiVersion': ''}
[2026, 9, 28, 9, 34, 45] ;;; curseforge; {'id': 11515, 'gameVersionTypeID': 1, 'name': '1.21', 'slug': '1-21', 'apiVersion': ''}
[2026, 9, 28, 9, 34, 45] ;;; curseforge; {'file': ('undead_expanded-neoforge-1.20.6_1.61.0.jar', <_io.BufferedReader name='.\\releases\\1.61.0\\undead_expanded-neoforge-1.20.6_1.61.0.jar'>, 'application/jar'), 'metadata': (None, '{"changelog": "", "displayName": "undead_expanded neoforge 1.20.6 1.61.0", "gameVersions": [9638, 9639, 10150, 11198, 11457], "gameVersionNames": ["Client", "Server", "NeoForge", "1.20.6", "1.21"], "releaseType": "release", "relations": {"projects": [{"slug": "gstools", "projectID": 1404020, "type": "requiredDependency"}]}}', 'application/json')}
[2026, 9, 28, 9, 35, 4] ;;; curseforge; Mod file uploaded successfully! Response: {'id': 8999502}
[2026, 9, 28, 9, 35, 4] ;;; curseforge; {'id': 9638, 'gameVersionTypeID': 75208, 'name': 'Client', 'slug': 'client', 'apiVersion': ''}
[2026, 9, 28, 9, 35, 4] ;;; curseforge; {'id': 9639, 'gameVersionTypeID': 75208, 'name': 'Server', 'slug': 'server', 'apiVersion': ''}
[2026, 9, 28, 9, 35, 4] ;;; curseforge; {'id': 10150, 'gameVersionTypeID': 68441, 'name': 'NeoForge', 'slug': 'neoforge', 'apiVersion': ''}
[2026, 9, 28, 9, 35, 4] ;;; curseforge; {'id': 11198, 'gameVersionTypeID': 75125, 'name': '1.20.6', 'slug': '1-20-6', 'apiVersion': None}
[2026, 9, 28, 9, 35, 4] ;;; curseforge; {'id': 11307, 'gameVersionTypeID': 1, 'name': '1.20.6', 'slug': '1-20-6', 'apiVersion': ''}
[2026, 9, 28, 9, 35, 4] ;;; curseforge; {'id': 11309, 'gameVersionTypeID': 615, 'name': '1.20.6', 'slug': '1-20-6', 'apiVersion': ''}
[2026, 9, 28, 9, 35, 4] ;;; curseforge; {'id': 9638, 'gameVersionTypeID': 75208, 'name': 'Client', 'slug': 'client', 'apiVersion': ''}
[2026, 9, 28, 9, 35, 4] ;;; curseforge; {'id': 9639, 'gameVersionTypeID': 75208, 'name': 'Server', 'slug': 'server', 'apiVersion': ''}
[2026, 9, 28, 9, 35, 4] ;;; curseforge; {'id': 10150, 'gameVersionTypeID': 68441, 'name': 'NeoForge', 'slug': 'neoforge', 'apiVersion': ''}
[2026, 9, 28, 9, 35, 4] ;;; curseforge; {'id': 11457, 'gameVersionTypeID': 77784, 'name': '1.21', 'slug': '1-21', 'apiVersion': ''}
[2026, 9, 28, 9, 35, 4] ;;; curseforge; {'id': 11458, 'gameVersionTypeID': 615, 'name': '1.21', 'slug': '1-21', 'apiVersion': ''}
[2026, 9, 28, 9, 35, 4] ;;; curseforge; {'id': 11515, 'gameVersionTypeID': 1, 'name': '1.21', 'slug': '1-21', 'apiVersion': ''}
[2026, 9, 28, 9, 35, 36] ;;; curseforge; {'id': 9638, 'gameVersionTypeID': 75208, 'name': 'Client', 'slug': 'client', 'apiVersion': ''}
[2026, 9, 28, 9, 35, 36] ;;; curseforge; {'id': 9639, 'gameVersionTypeID': 75208, 'name': 'Server', 'slug': 'server', 'apiVersion': ''}
[2026, 9, 28, 9, 35, 36] ;;; curseforge; {'id': 10150, 'gameVersionTypeID': 68441, 'name': 'NeoForge', 'slug': 'neoforge', 'apiVersion': ''}
[2026, 9, 28, 9, 35, 36] ;;; curseforge; {'id': 11779, 'gameVersionTypeID': 77784, 'name': '1.21.1', 'slug': '1-21-1', 'apiVersion': None}
[2026, 9, 28, 9, 35, 36] ;;; curseforge; {'id': 12735, 'gameVersionTypeID': 1, 'name': '1.21.1', 'slug': '1-21-1', 'apiVersion': ''}
[2026, 9, 28, 9, 35, 36] ;;; curseforge; {'id': 16115, 'gameVersionTypeID': 615, 'name': '1.21.1', 'slug': '1-21-1', 'apiVersion': ''}
[2026, 9, 28, 9, 35, 36] ;;; curseforge; {'file': ('undead_expanded-neoforge-1.21.1_1.61.0.jar', <_io.BufferedReader name='.\\releases\\1.61.0\\undead_expanded-neoforge-1.21.1_1.61.0.jar'>, 'application/jar'), 'metadata': (None, '{"changelog": "", "displayName": "undead_expanded neoforge 1.21.1 1.61.0", "gameVersions": [9638, 9639, 10150, 11779], "gameVersionNames": ["Client", "Server", "NeoForge", "1.21.1"], "releaseType": "release", "relations": {"projects": [{"slug": "gstools", "projectID": 1404020, "type": "requiredDependency"}, {"slug": "gstools-weather2-compat", "projectID": 1710321, "type": "requiredDependency"}]}}', 'application/json')}
[2026, 9, 28, 9, 35, 43] ;;; curseforge; Mod file uploaded successfully! Response: {'id': 8999514}
[2026, 9, 28, 9, 35, 43] ;;; curseforge; {'id': 9638, 'gameVersionTypeID': 75208, 'name': 'Client', 'slug': 'client', 'apiVersion': ''}
[2026, 9, 28, 9, 35, 43] ;;; curseforge; {'id': 9639, 'gameVersionTypeID': 75208, 'name': 'Server', 'slug': 'server', 'apiVersion': ''}
[2026, 9, 28, 9, 35, 43] ;;; curseforge; {'id': 10150, 'gameVersionTypeID': 68441, 'name': 'NeoForge', 'slug': 'neoforge', 'apiVersion': ''}
[2026, 9, 28, 9, 35, 43] ;;; curseforge; {'id': 11779, 'gameVersionTypeID': 77784, 'name': '1.21.1', 'slug': '1-21-1', 'apiVersion': None}
[2026, 9, 28, 9, 35, 43] ;;; curseforge; {'id': 12735, 'gameVersionTypeID': 1, 'name': '1.21.1', 'slug': '1-21-1', 'apiVersion': ''}
[2026, 9, 28, 9, 35, 43] ;;; curseforge; {'id': 16115, 'gameVersionTypeID': 615, 'name': '1.21.1', 'slug': '1-21-1', 'apiVersion': ''}
[2026, 9, 28, 9, 35, 57] ;;; curseforge; {'id': 9638, 'gameVersionTypeID': 75208, 'name': 'Client', 'slug': 'client', 'apiVersion': ''}
[2026, 9, 28, 9, 35, 57] ;;; curseforge; {'id': 9639, 'gameVersionTypeID': 75208, 'name': 'Server', 'slug': 'server', 'apiVersion': ''}
[2026, 9, 28, 9, 35, 57] ;;; curseforge; {'id': 10150, 'gameVersionTypeID': 68441, 'name': 'NeoForge', 'slug': 'neoforge', 'apiVersion': ''}
[2026, 9, 28, 9, 35, 57] ;;; curseforge; {'id': 12079, 'gameVersionTypeID': 77784, 'name': '1.21.2', 'slug': '1-21-2', 'apiVersion': ''}
[2026, 9, 28, 9, 35, 57] ;;; curseforge; {'id': 12736, 'gameVersionTypeID': 1, 'name': '1.21.2', 'slug': '1-21-2', 'apiVersion': ''}
[2026, 9, 28, 9, 35, 57] ;;; curseforge; {'id': 16116, 'gameVersionTypeID': 615, 'name': '1.21.2', 'slug': '1-21-2', 'apiVersion': ''}
[2026, 9, 28, 9, 35, 57] ;;; curseforge; {'id': 9638, 'gameVersionTypeID': 75208, 'name': 'Client', 'slug': 'client', 'apiVersion': ''}
[2026, 9, 28, 9, 35, 57] ;;; curseforge; {'id': 9639, 'gameVersionTypeID': 75208, 'name': 'Server', 'slug': 'server', 'apiVersion': ''}
[2026, 9, 28, 9, 35, 57] ;;; curseforge; {'id': 10150, 'gameVersionTypeID': 68441, 'name': 'NeoForge', 'slug': 'neoforge', 'apiVersion': ''}
[2026, 9, 28, 9, 35, 57] ;;; curseforge; {'id': 12084, 'gameVersionTypeID': 77784, 'name': '1.21.3', 'slug': '1-21-3', 'apiVersion': None}
[2026, 9, 28, 9, 35, 57] ;;; curseforge; {'id': 12737, 'gameVersionTypeID': 1, 'name': '1.21.3', 'slug': '1-21-3', 'apiVersion': ''}
[2026, 9, 28, 9, 35, 57] ;;; curseforge; {'id': 16117, 'gameVersionTypeID': 615, 'name': '1.21.3', 'slug': '1-21-3', 'apiVersion': ''}
[2026, 9, 28, 9, 35, 57] ;;; curseforge; {'file': ('undead_expanded-neoforge-1.21.2_1.61.0.jar', <_io.BufferedReader name='.\\releases\\1.61.0\\undead_expanded-neoforge-1.21.2_1.61.0.jar'>, 'application/jar'), 'metadata': (None, '{"changelog": "", "displayName": "undead_expanded neoforge 1.21.2 1.61.0", "gameVersions": [9638, 9639, 10150, 12079, 12084], "gameVersionNames": ["Client", "Server", "NeoForge", "1.21.2", "1.21.3"], "releaseType": "release", "relations": {"projects": [{"slug": "gstools", "projectID": 1404020, "type": "requiredDependency"}]}}', 'application/json')}
[2026, 9, 28, 9, 36, 2] ;;; curseforge; Mod file uploaded successfully! Response: {'id': 8999516}
[2026, 9, 28, 9, 36, 2] ;;; curseforge; {'id': 9638, 'gameVersionTypeID': 75208, 'name': 'Client', 'slug': 'client', 'apiVersion': ''}
[2026, 9, 28, 9, 36, 2] ;;; curseforge; {'id': 9639, 'gameVersionTypeID': 75208, 'name': 'Server', 'slug': 'server', 'apiVersion': ''}
[2026, 9, 28, 9, 36, 2] ;;; curseforge; {'id': 10150, 'gameVersionTypeID': 68441, 'name': 'NeoForge', 'slug': 'neoforge', 'apiVersion': ''}
[2026, 9, 28, 9, 36, 2] ;;; curseforge; {'id': 12079, 'gameVersionTypeID': 77784, 'name': '1.21.2', 'slug': '1-21-2', 'apiVersion': ''}
[2026, 9, 28, 9, 36, 2] ;;; curseforge; {'id': 12736, 'gameVersionTypeID': 1, 'name': '1.21.2', 'slug': '1-21-2', 'apiVersion': ''}
[2026, 9, 28, 9, 36, 2] ;;; curseforge; {'id': 16116, 'gameVersionTypeID': 615, 'name': '1.21.2', 'slug': '1-21-2', 'apiVersion': ''}
[2026, 9, 28, 9, 36, 2] ;;; curseforge; {'id': 9638, 'gameVersionTypeID': 75208, 'name': 'Client', 'slug': 'client', 'apiVersion': ''}
[2026, 9, 28, 9, 36, 2] ;;; curseforge; {'id': 9639, 'gameVersionTypeID': 75208, 'name': 'Server', 'slug': 'server', 'apiVersion': ''}
[2026, 9, 28, 9, 36, 2] ;;; curseforge; {'id': 10150, 'gameVersionTypeID': 68441, 'name': 'NeoForge', 'slug': 'neoforge', 'apiVersion': ''}
[2026, 9, 28, 9, 36, 2] ;;; curseforge; {'id': 12084, 'gameVersionTypeID': 77784, 'name': '1.21.3', 'slug': '1-21-3', 'apiVersion': None}
[2026, 9, 28, 9, 36, 2] ;;; curseforge; {'id': 12737, 'gameVersionTypeID': 1, 'name': '1.21.3', 'slug': '1-21-3', 'apiVersion': ''}
[2026, 9, 28, 9, 36, 2] ;;; curseforge; {'id': 16117, 'gameVersionTypeID': 615, 'name': '1.21.3', 'slug': '1-21-3', 'apiVersion': ''}
[2026, 9, 28, 9, 36, 18] ;;; curseforge; {'id': 9638, 'gameVersionTypeID': 75208, 'name': 'Client', 'slug': 'client', 'apiVersion': ''}
[2026, 9, 28, 9, 36, 18] ;;; curseforge; {'id': 9639, 'gameVersionTypeID': 75208, 'name': 'Server', 'slug': 'server', 'apiVersion': ''}
[2026, 9, 28, 9, 36, 18] ;;; curseforge; {'id': 10150, 'gameVersionTypeID': 68441, 'name': 'NeoForge', 'slug': 'neoforge', 'apiVersion': ''}
[2026, 9, 28, 9, 36, 18] ;;; curseforge; {'id': 12281, 'gameVersionTypeID': 77784, 'name': '1.21.4', 'slug': '1-21-4', 'apiVersion': None}
[2026, 9, 28, 9, 36, 18] ;;; curseforge; {'id': 12738, 'gameVersionTypeID': 1, 'name': '1.21.4', 'slug': '1-21-4', 'apiVersion': ''}
[2026, 9, 28, 9, 36, 18] ;;; curseforge; {'id': 16118, 'gameVersionTypeID': 615, 'name': '1.21.4', 'slug': '1-21-4', 'apiVersion': ''}
[2026, 9, 28, 9, 36, 18] ;;; curseforge; {'file': ('undead_expanded-neoforge-1.21.4_1.61.0.jar', <_io.BufferedReader name='.\\releases\\1.61.0\\undead_expanded-neoforge-1.21.4_1.61.0.jar'>, 'application/jar'), 'metadata': (None, '{"changelog": "", "displayName": "undead_expanded neoforge 1.21.4 1.61.0", "gameVersions": [9638, 9639, 10150, 12281], "gameVersionNames": ["Client", "Server", "NeoForge", "1.21.4"], "releaseType": "release", "relations": {"projects": [{"slug": "gstools", "projectID": 1404020, "type": "requiredDependency"}]}}', 'application/json')}
[2026, 9, 28, 9, 36, 25] ;;; curseforge; Mod file uploaded successfully! Response: {'id': 8999518}
[2026, 9, 28, 9, 36, 25] ;;; curseforge; {'id': 9638, 'gameVersionTypeID': 75208, 'name': 'Client', 'slug': 'client', 'apiVersion': ''}
[2026, 9, 28, 9, 36, 25] ;;; curseforge; {'id': 9639, 'gameVersionTypeID': 75208, 'name': 'Server', 'slug': 'server', 'apiVersion': ''}
[2026, 9, 28, 9, 36, 25] ;;; curseforge; {'id': 10150, 'gameVersionTypeID': 68441, 'name': 'NeoForge', 'slug': 'neoforge', 'apiVersion': ''}
[2026, 9, 28, 9, 36, 25] ;;; curseforge; {'id': 12281, 'gameVersionTypeID': 77784, 'name': '1.21.4', 'slug': '1-21-4', 'apiVersion': None}
[2026, 9, 28, 9, 36, 25] ;;; curseforge; {'id': 12738, 'gameVersionTypeID': 1, 'name': '1.21.4', 'slug': '1-21-4', 'apiVersion': ''}
[2026, 9, 28, 9, 36, 25] ;;; curseforge; {'id': 16118, 'gameVersionTypeID': 615, 'name': '1.21.4', 'slug': '1-21-4', 'apiVersion': ''}
[2026, 9, 28, 9, 36, 41] ;;; curseforge; {'id': 9638, 'gameVersionTypeID': 75208, 'name': 'Client', 'slug': 'client', 'apiVersion': ''}
[2026, 9, 28, 9, 36, 41] ;;; curseforge; {'id': 9639, 'gameVersionTypeID': 75208, 'name': 'Server', 'slug': 'server', 'apiVersion': ''}
[2026, 9, 28, 9, 36, 41] ;;; curseforge; {'id': 10150, 'gameVersionTypeID': 68441, 'name': 'NeoForge', 'slug': 'neoforge', 'apiVersion': ''}
[2026, 9, 28, 9, 36, 41] ;;; curseforge; {'id': 12934, 'gameVersionTypeID': 77784, 'name': '1.21.5', 'slug': '1-21-5', 'apiVersion': None}
[2026, 9, 28, 9, 36, 41] ;;; curseforge; {'id': 12988, 'gameVersionTypeID': 1, 'name': '1.21.5', 'slug': '1-21-5', 'apiVersion': ''}
[2026, 9, 28, 9, 36, 41] ;;; curseforge; {'id': 16119, 'gameVersionTypeID': 615, 'name': '1.21.5', 'slug': '1-21-5', 'apiVersion': ''}
[2026, 9, 28, 9, 36, 41] ;;; curseforge; {'id': 9638, 'gameVersionTypeID': 75208, 'name': 'Client', 'slug': 'client', 'apiVersion': ''}
[2026, 9, 28, 9, 36, 41] ;;; curseforge; {'id': 9639, 'gameVersionTypeID': 75208, 'name': 'Server', 'slug': 'server', 'apiVersion': ''}
[2026, 9, 28, 9, 36, 41] ;;; curseforge; {'id': 10150, 'gameVersionTypeID': 68441, 'name': 'NeoForge', 'slug': 'neoforge', 'apiVersion': ''}
[2026, 9, 28, 9, 36, 41] ;;; curseforge; {'id': 13506, 'gameVersionTypeID': 77784, 'name': '1.21.7', 'slug': '1-21-7', 'apiVersion': None}
[2026, 9, 28, 9, 36, 41] ;;; curseforge; {'id': 13574, 'gameVersionTypeID': 1, 'name': '1.21.7', 'slug': '1-21-7', 'apiVersion': ''}
[2026, 9, 28, 9, 36, 41] ;;; curseforge; {'id': 16121, 'gameVersionTypeID': 615, 'name': '1.21.7', 'slug': '1-21-7', 'apiVersion': ''}
[2026, 9, 28, 9, 36, 41] ;;; curseforge; {'file': ('undead_expanded-neoforge-1.21.5_1.61.0.jar', <_io.BufferedReader name='.\\releases\\1.61.0\\undead_expanded-neoforge-1.21.5_1.61.0.jar'>, 'application/jar'), 'metadata': (None, '{"changelog": "", "displayName": "undead_expanded neoforge 1.21.5 1.61.0", "gameVersions": [9638, 9639, 10150, 12934, 13506], "gameVersionNames": ["Client", "Server", "NeoForge", "1.21.5", "1.21.7"], "releaseType": "release", "relations": {"projects": [{"slug": "gstools", "projectID": 1404020, "type": "requiredDependency"}]}}', 'application/json')}
[2026, 9, 28, 9, 36, 48] ;;; curseforge; Mod file uploaded successfully! Response: {'id': 8999522}
[2026, 9, 28, 9, 36, 48] ;;; curseforge; {'id': 9638, 'gameVersionTypeID': 75208, 'name': 'Client', 'slug': 'client', 'apiVersion': ''}
[2026, 9, 28, 9, 36, 48] ;;; curseforge; {'id': 9639, 'gameVersionTypeID': 75208, 'name': 'Server', 'slug': 'server', 'apiVersion': ''}
[2026, 9, 28, 9, 36, 48] ;;; curseforge; {'id': 10150, 'gameVersionTypeID': 68441, 'name': 'NeoForge', 'slug': 'neoforge', 'apiVersion': ''}
[2026, 9, 28, 9, 36, 48] ;;; curseforge; {'id': 12934, 'gameVersionTypeID': 77784, 'name': '1.21.5', 'slug': '1-21-5', 'apiVersion': None}
[2026, 9, 28, 9, 36, 48] ;;; curseforge; {'id': 12988, 'gameVersionTypeID': 1, 'name': '1.21.5', 'slug': '1-21-5', 'apiVersion': ''}
[2026, 9, 28, 9, 36, 48] ;;; curseforge; {'id': 16119, 'gameVersionTypeID': 615, 'name': '1.21.5', 'slug': '1-21-5', 'apiVersion': ''}
[2026, 9, 28, 9, 36, 48] ;;; curseforge; {'id': 9638, 'gameVersionTypeID': 75208, 'name': 'Client', 'slug': 'client', 'apiVersion': ''}
[2026, 9, 28, 9, 36, 48] ;;; curseforge; {'id': 9639, 'gameVersionTypeID': 75208, 'name': 'Server', 'slug': 'server', 'apiVersion': ''}
[2026, 9, 28, 9, 36, 48] ;;; curseforge; {'id': 10150, 'gameVersionTypeID': 68441, 'name': 'NeoForge', 'slug': 'neoforge', 'apiVersion': ''}
[2026, 9, 28, 9, 36, 48] ;;; curseforge; {'id': 13506, 'gameVersionTypeID': 77784, 'name': '1.21.7', 'slug': '1-21-7', 'apiVersion': None}
[2026, 9, 28, 9, 36, 48] ;;; curseforge; {'id': 13574, 'gameVersionTypeID': 1, 'name': '1.21.7', 'slug': '1-21-7', 'apiVersion': ''}
[2026, 9, 28, 9, 36, 48] ;;; curseforge; {'id': 16121, 'gameVersionTypeID': 615, 'name': '1.21.7', 'slug': '1-21-7', 'apiVersion': ''}
[2026, 9, 28, 9, 37, 1] ;;; curseforge; {'id': 9638, 'gameVersionTypeID': 75208, 'name': 'Client', 'slug': 'client', 'apiVersion': ''}
[2026, 9, 28, 9, 37, 1] ;;; curseforge; {'id': 9639, 'gameVersionTypeID': 75208, 'name': 'Server', 'slug': 'server', 'apiVersion': ''}
[2026, 9, 28, 9, 37, 1] ;;; curseforge; {'id': 10150, 'gameVersionTypeID': 68441, 'name': 'NeoForge', 'slug': 'neoforge', 'apiVersion': ''}
[2026, 9, 28, 9, 37, 1] ;;; curseforge; {'id': 13620, 'gameVersionTypeID': 77784, 'name': '1.21.8', 'slug': '1-21-8', 'apiVersion': None}
[2026, 9, 28, 9, 37, 1] ;;; curseforge; {'id': 13683, 'gameVersionTypeID': 1, 'name': '1.21.8', 'slug': '1-21-8', 'apiVersion': ''}
[2026, 9, 28, 9, 37, 1] ;;; curseforge; {'id': 16124, 'gameVersionTypeID': 615, 'name': '1.21.8', 'slug': '1-21-8', 'apiVersion': ''}
[2026, 9, 28, 9, 37, 1] ;;; curseforge; {'id': 9638, 'gameVersionTypeID': 75208, 'name': 'Client', 'slug': 'client', 'apiVersion': ''}
[2026, 9, 28, 9, 37, 1] ;;; curseforge; {'id': 9639, 'gameVersionTypeID': 75208, 'name': 'Server', 'slug': 'server', 'apiVersion': ''}
[2026, 9, 28, 9, 37, 1] ;;; curseforge; {'id': 10150, 'gameVersionTypeID': 68441, 'name': 'NeoForge', 'slug': 'neoforge', 'apiVersion': ''}
[2026, 9, 28, 9, 37, 1] ;;; curseforge; {'id': 13927, 'gameVersionTypeID': 77784, 'name': '1.21.9', 'slug': '1-21-9', 'apiVersion': None}
[2026, 9, 28, 9, 37, 1] ;;; curseforge; {'id': 13933, 'gameVersionTypeID': 1, 'name': '1.21.9', 'slug': '1-21-9', 'apiVersion': ''}
[2026, 9, 28, 9, 37, 1] ;;; curseforge; {'id': 16125, 'gameVersionTypeID': 615, 'name': '1.21.9', 'slug': '1-21-9', 'apiVersion': ''}
[2026, 9, 28, 9, 37, 1] ;;; curseforge; {'id': 9638, 'gameVersionTypeID': 75208, 'name': 'Client', 'slug': 'client', 'apiVersion': ''}
[2026, 9, 28, 9, 37, 1] ;;; curseforge; {'id': 9639, 'gameVersionTypeID': 75208, 'name': 'Server', 'slug': 'server', 'apiVersion': ''}
[2026, 9, 28, 9, 37, 1] ;;; curseforge; {'id': 10150, 'gameVersionTypeID': 68441, 'name': 'NeoForge', 'slug': 'neoforge', 'apiVersion': ''}
[2026, 9, 28, 9, 37, 1] ;;; curseforge; {'id': 13964, 'gameVersionTypeID': 77784, 'name': '1.21.10', 'slug': '1-21-10', 'apiVersion': None}
[2026, 9, 28, 9, 37, 1] ;;; curseforge; {'id': 13966, 'gameVersionTypeID': 1, 'name': '1.21.10', 'slug': '1-21-10', 'apiVersion': ''}
[2026, 9, 28, 9, 37, 1] ;;; curseforge; {'id': 16126, 'gameVersionTypeID': 615, 'name': '1.21.10', 'slug': '1-21-10', 'apiVersion': ''}
[2026, 9, 28, 9, 37, 1] ;;; curseforge; {'id': 9638, 'gameVersionTypeID': 75208, 'name': 'Client', 'slug': 'client', 'apiVersion': ''}
[2026, 9, 28, 9, 37, 1] ;;; curseforge; {'id': 9639, 'gameVersionTypeID': 75208, 'name': 'Server', 'slug': 'server', 'apiVersion': ''}
[2026, 9, 28, 9, 37, 1] ;;; curseforge; {'id': 10150, 'gameVersionTypeID': 68441, 'name': 'NeoForge', 'slug': 'neoforge', 'apiVersion': ''}
[2026, 9, 28, 9, 37, 1] ;;; curseforge; {'id': 14406, 'gameVersionTypeID': 77784, 'name': '1.21.11', 'slug': '1-21-11', 'apiVersion': None}
[2026, 9, 28, 9, 37, 1] ;;; curseforge; {'id': 14417, 'gameVersionTypeID': 1, 'name': '1.21.11', 'slug': '1-21-11', 'apiVersion': ''}
[2026, 9, 28, 9, 37, 1] ;;; curseforge; {'id': 16127, 'gameVersionTypeID': 615, 'name': '1.21.11', 'slug': '1-21-11', 'apiVersion': ''}
[2026, 9, 28, 9, 37, 1] ;;; curseforge; {'file': ('undead_expanded-neoforge-1.21.8_1.61.0.jar', <_io.BufferedReader name='.\\releases\\1.61.0\\undead_expanded-neoforge-1.21.8_1.61.0.jar'>, 'application/jar'), 'metadata': (None, '{"changelog": "", "displayName": "undead_expanded neoforge 1.21.8 1.61.0", "gameVersions": [9638, 9639, 10150, 13620, 13927, 13964, 14406], "gameVersionNames": ["Client", "Server", "NeoForge", "1.21.8", "1.21.9", "1.21.10", "1.21.11"], "releaseType": "release", "relations": {"projects": [{"slug": "gstools", "projectID": 1404020, "type": "requiredDependency"}]}}', 'application/json')}
[2026, 9, 28, 9, 37, 16] ;;; curseforge; Mod file uploaded successfully! Response: {'id': 8999530}
[2026, 9, 28, 9, 37, 16] ;;; curseforge; {'id': 9638, 'gameVersionTypeID': 75208, 'name': 'Client', 'slug': 'client', 'apiVersion': ''}
[2026, 9, 28, 9, 37, 16] ;;; curseforge; {'id': 9639, 'gameVersionTypeID': 75208, 'name': 'Server', 'slug': 'server', 'apiVersion': ''}
[2026, 9, 28, 9, 37, 16] ;;; curseforge; {'id': 10150, 'gameVersionTypeID': 68441, 'name': 'NeoForge', 'slug': 'neoforge', 'apiVersion': ''}
[2026, 9, 28, 9, 37, 16] ;;; curseforge; {'id': 13620, 'gameVersionTypeID': 77784, 'name': '1.21.8', 'slug': '1-21-8', 'apiVersion': None}
[2026, 9, 28, 9, 37, 16] ;;; curseforge; {'id': 13683, 'gameVersionTypeID': 1, 'name': '1.21.8', 'slug': '1-21-8', 'apiVersion': ''}
[2026, 9, 28, 9, 37, 16] ;;; curseforge; {'id': 16124, 'gameVersionTypeID': 615, 'name': '1.21.8', 'slug': '1-21-8', 'apiVersion': ''}
[2026, 9, 28, 9, 37, 16] ;;; curseforge; {'id': 9638, 'gameVersionTypeID': 75208, 'name': 'Client', 'slug': 'client', 'apiVersion': ''}
[2026, 9, 28, 9, 37, 16] ;;; curseforge; {'id': 9639, 'gameVersionTypeID': 75208, 'name': 'Server', 'slug': 'server', 'apiVersion': ''}
[2026, 9, 28, 9, 37, 16] ;;; curseforge; {'id': 10150, 'gameVersionTypeID': 68441, 'name': 'NeoForge', 'slug': 'neoforge', 'apiVersion': ''}
[2026, 9, 28, 9, 37, 16] ;;; curseforge; {'id': 13927, 'gameVersionTypeID': 77784, 'name': '1.21.9', 'slug': '1-21-9', 'apiVersion': None}
[2026, 9, 28, 9, 37, 16] ;;; curseforge; {'id': 13933, 'gameVersionTypeID': 1, 'name': '1.21.9', 'slug': '1-21-9', 'apiVersion': ''}
[2026, 9, 28, 9, 37, 16] ;;; curseforge; {'id': 16125, 'gameVersionTypeID': 615, 'name': '1.21.9', 'slug': '1-21-9', 'apiVersion': ''}
[2026, 9, 28, 9, 37, 16] ;;; curseforge; {'id': 9638, 'gameVersionTypeID': 75208, 'name': 'Client', 'slug': 'client', 'apiVersion': ''}
[2026, 9, 28, 9, 37, 16] ;;; curseforge; {'id': 9639, 'gameVersionTypeID': 75208, 'name': 'Server', 'slug': 'server', 'apiVersion': ''}
[2026, 9, 28, 9, 37, 16] ;;; curseforge; {'id': 10150, 'gameVersionTypeID': 68441, 'name': 'NeoForge', 'slug': 'neoforge', 'apiVersion': ''}
[2026, 9, 28, 9, 37, 16] ;;; curseforge; {'id': 13964, 'gameVersionTypeID': 77784, 'name': '1.21.10', 'slug': '1-21-10', 'apiVersion': None}
[2026, 9, 28, 9, 37, 16] ;;; curseforge; {'id': 13966, 'gameVersionTypeID': 1, 'name': '1.21.10', 'slug': '1-21-10', 'apiVersion': ''}
[2026, 9, 28, 9, 37, 16] ;;; curseforge; {'id': 16126, 'gameVersionTypeID': 615, 'name': '1.21.10', 'slug': '1-21-10', 'apiVersion': ''}
[2026, 9, 28, 9, 37, 16] ;;; curseforge; {'id': 9638, 'gameVersionTypeID': 75208, 'name': 'Client', 'slug': 'client', 'apiVersion': ''}
[2026, 9, 28, 9, 37, 16] ;;; curseforge; {'id': 9639, 'gameVersionTypeID': 75208, 'name': 'Server', 'slug': 'server', 'apiVersion': ''}
[2026, 9, 28, 9, 37, 16] ;;; curseforge; {'id': 10150, 'gameVersionTypeID': 68441, 'name': 'NeoForge', 'slug': 'neoforge', 'apiVersion': ''}
[2026, 9, 28, 9, 37, 16] ;;; curseforge; {'id': 14406, 'gameVersionTypeID': 77784, 'name': '1.21.11', 'slug': '1-21-11', 'apiVersion': None}
[2026, 9, 28, 9, 37, 16] ;;; curseforge; {'id': 14417, 'gameVersionTypeID': 1, 'name': '1.21.11', 'slug': '1-21-11', 'apiVersion': ''}
[2026, 9, 28, 9, 37, 16] ;;; curseforge; {'id': 16127, 'gameVersionTypeID': 615, 'name': '1.21.11', 'slug': '1-21-11', 'apiVersion': ''}
[2026, 9, 28, 9, 37, 28] ;;; curseforge; {'id': 9638, 'gameVersionTypeID': 75208, 'name': 'Client', 'slug': 'client', 'apiVersion': ''}
[2026, 9, 28, 9, 37, 28] ;;; curseforge; {'id': 9639, 'gameVersionTypeID': 75208, 'name': 'Server', 'slug': 'server', 'apiVersion': ''}
[2026, 9, 28, 9, 37, 28] ;;; curseforge; {'id': 10150, 'gameVersionTypeID': 68441, 'name': 'NeoForge', 'slug': 'neoforge', 'apiVersion': ''}
[2026, 9, 28, 9, 37, 28] ;;; curseforge; {'id': 15933, 'gameVersionTypeID': 83806, 'name': '26.1', 'slug': '26-1', 'apiVersion': None}
[2026, 9, 28, 9, 37, 28] ;;; curseforge; {'id': 16083, 'gameVersionTypeID': 1, 'name': '26.1', 'slug': '26-1', 'apiVersion': ''}
[2026, 9, 28, 9, 37, 28] ;;; curseforge; {'id': 16128, 'gameVersionTypeID': 615, 'name': '26.1', 'slug': '26-1', 'apiVersion': ''}
[2026, 9, 28, 9, 37, 28] ;;; curseforge; {'id': 9638, 'gameVersionTypeID': 75208, 'name': 'Client', 'slug': 'client', 'apiVersion': ''}
[2026, 9, 28, 9, 37, 28] ;;; curseforge; {'id': 9639, 'gameVersionTypeID': 75208, 'name': 'Server', 'slug': 'server', 'apiVersion': ''}
[2026, 9, 28, 9, 37, 28] ;;; curseforge; {'id': 10150, 'gameVersionTypeID': 68441, 'name': 'NeoForge', 'slug': 'neoforge', 'apiVersion': ''}
[2026, 9, 28, 9, 37, 28] ;;; curseforge; {'id': 16021, 'gameVersionTypeID': 83806, 'name': '26.1.1', 'slug': '26-1-1', 'apiVersion': None}
[2026, 9, 28, 9, 37, 28] ;;; curseforge; {'id': 16084, 'gameVersionTypeID': 1, 'name': '26.1.1', 'slug': '26-1-1', 'apiVersion': ''}
[2026, 9, 28, 9, 37, 28] ;;; curseforge; {'id': 16129, 'gameVersionTypeID': 615, 'name': '26.1.1', 'slug': '26-1-1', 'apiVersion': ''}
[2026, 9, 28, 9, 37, 28] ;;; curseforge; {'id': 9638, 'gameVersionTypeID': 75208, 'name': 'Client', 'slug': 'client', 'apiVersion': ''}
[2026, 9, 28, 9, 37, 28] ;;; curseforge; {'id': 9639, 'gameVersionTypeID': 75208, 'name': 'Server', 'slug': 'server', 'apiVersion': ''}
[2026, 9, 28, 9, 37, 28] ;;; curseforge; {'id': 10150, 'gameVersionTypeID': 68441, 'name': 'NeoForge', 'slug': 'neoforge', 'apiVersion': ''}
[2026, 9, 28, 9, 37, 28] ;;; curseforge; {'id': 16082, 'gameVersionTypeID': 83806, 'name': '26.1.2', 'slug': '26-1-2', 'apiVersion': None}
[2026, 9, 28, 9, 37, 28] ;;; curseforge; {'id': 16085, 'gameVersionTypeID': 1, 'name': '26.1.2', 'slug': '26-1-2', 'apiVersion': ''}
[2026, 9, 28, 9, 37, 28] ;;; curseforge; {'id': 16130, 'gameVersionTypeID': 615, 'name': '26.1.2', 'slug': '26-1-2', 'apiVersion': ''}
[2026, 9, 28, 9, 37, 28] ;;; curseforge; {'file': ('undead_expanded-neoforge-26.1_1.61.0.jar', <_io.BufferedReader name='.\\releases\\1.61.0\\undead_expanded-neoforge-26.1_1.61.0.jar'>, 'application/jar'), 'metadata': (None, '{"changelog": "", "displayName": "undead_expanded neoforge 26.1 1.61.0", "gameVersions": [9638, 9639, 10150, 15933, 16021, 16082], "gameVersionNames": ["Client", "Server", "NeoForge", "26.1", "26.1.1", "26.1.2"], "releaseType": "release", "relations": {"projects": [{"slug": "gstools", "projectID": 1404020, "type": "requiredDependency"}]}}', 'application/json')}
[2026, 9, 28, 9, 37, 36] ;;; curseforge; Mod file uploaded successfully! Response: {'id': 8999532}
[2026, 9, 28, 9, 37, 37] ;;; curseforge; {'id': 9638, 'gameVersionTypeID': 75208, 'name': 'Client', 'slug': 'client', 'apiVersion': ''}
[2026, 9, 28, 9, 37, 37] ;;; curseforge; {'id': 9639, 'gameVersionTypeID': 75208, 'name': 'Server', 'slug': 'server', 'apiVersion': ''}
[2026, 9, 28, 9, 37, 37] ;;; curseforge; {'id': 10150, 'gameVersionTypeID': 68441, 'name': 'NeoForge', 'slug': 'neoforge', 'apiVersion': ''}
[2026, 9, 28, 9, 37, 37] ;;; curseforge; {'id': 15933, 'gameVersionTypeID': 83806, 'name': '26.1', 'slug': '26-1', 'apiVersion': None}
[2026, 9, 28, 9, 37, 37] ;;; curseforge; {'id': 16083, 'gameVersionTypeID': 1, 'name': '26.1', 'slug': '26-1', 'apiVersion': ''}
[2026, 9, 28, 9, 37, 37] ;;; curseforge; {'id': 16128, 'gameVersionTypeID': 615, 'name': '26.1', 'slug': '26-1', 'apiVersion': ''}
[2026, 9, 28, 9, 37, 37] ;;; curseforge; {'id': 9638, 'gameVersionTypeID': 75208, 'name': 'Client', 'slug': 'client', 'apiVersion': ''}
[2026, 9, 28, 9, 37, 37] ;;; curseforge; {'id': 9639, 'gameVersionTypeID': 75208, 'name': 'Server', 'slug': 'server', 'apiVersion': ''}
[2026, 9, 28, 9, 37, 37] ;;; curseforge; {'id': 10150, 'gameVersionTypeID': 68441, 'name': 'NeoForge', 'slug': 'neoforge', 'apiVersion': ''}
[2026, 9, 28, 9, 37, 37] ;;; curseforge; {'id': 16021, 'gameVersionTypeID': 83806, 'name': '26.1.1', 'slug': '26-1-1', 'apiVersion': None}
[2026, 9, 28, 9, 37, 37] ;;; curseforge; {'id': 16084, 'gameVersionTypeID': 1, 'name': '26.1.1', 'slug': '26-1-1', 'apiVersion': ''}
[2026, 9, 28, 9, 37, 37] ;;; curseforge; {'id': 16129, 'gameVersionTypeID': 615, 'name': '26.1.1', 'slug': '26-1-1', 'apiVersion': ''}
[2026, 9, 28, 9, 37, 37] ;;; curseforge; {'id': 9638, 'gameVersionTypeID': 75208, 'name': 'Client', 'slug': 'client', 'apiVersion': ''}
[2026, 9, 28, 9, 37, 37] ;;; curseforge; {'id': 9639, 'gameVersionTypeID': 75208, 'name': 'Server', 'slug': 'server', 'apiVersion': ''}
[2026, 9, 28, 9, 37, 37] ;;; curseforge; {'id': 10150, 'gameVersionTypeID': 68441, 'name': 'NeoForge', 'slug': 'neoforge', 'apiVersion': ''}
[2026, 9, 28, 9, 37, 37] ;;; curseforge; {'id': 16082, 'gameVersionTypeID': 83806, 'name': '26.1.2', 'slug': '26-1-2', 'apiVersion': None}
[2026, 9, 28, 9, 37, 37] ;;; curseforge; {'id': 16085, 'gameVersionTypeID': 1, 'name': '26.1.2', 'slug': '26-1-2', 'apiVersion': ''}
[2026, 9, 28, 9, 37, 37] ;;; curseforge; {'id': 16130, 'gameVersionTypeID': 615, 'name': '26.1.2', 'slug': '26-1-2', 'apiVersion': ''}
[2026, 9, 28, 9, 37, 59] ;;; curseforge; {'id': 7499, 'gameVersionTypeID': 68441, 'name': 'Fabric', 'slug': 'fabric', 'apiVersion': ''}
[2026, 9, 28, 9, 37, 59] ;;; curseforge; {'id': 9638, 'gameVersionTypeID': 75208, 'name': 'Client', 'slug': 'client', 'apiVersion': ''}
[2026, 9, 28, 9, 37, 59] ;;; curseforge; {'id': 9639, 'gameVersionTypeID': 75208, 'name': 'Server', 'slug': 'server', 'apiVersion': ''}
[2026, 9, 28, 9, 37, 59] ;;; curseforge; {'id': 13620, 'gameVersionTypeID': 77784, 'name': '1.21.8', 'slug': '1-21-8', 'apiVersion': None}
[2026, 9, 28, 9, 37, 59] ;;; curseforge; {'id': 13683, 'gameVersionTypeID': 1, 'name': '1.21.8', 'slug': '1-21-8', 'apiVersion': ''}
[2026, 9, 28, 9, 37, 59] ;;; curseforge; {'id': 16124, 'gameVersionTypeID': 615, 'name': '1.21.8', 'slug': '1-21-8', 'apiVersion': ''}
[2026, 9, 28, 9, 37, 59] ;;; curseforge; {'file': ('ghosts_and_ghouls-fabric-1.21.8_1.61.0.jar', <_io.BufferedReader name='.\\releases\\1.61.0\\ghosts_and_ghouls-fabric-1.21.8_1.61.0.jar'>, 'application/jar'), 'metadata': (None, '{"changelog": "", "displayName": "ghosts_and_ghouls fabric 1.21.8 1.61.0", "gameVersions": [7499, 9638, 9639, 13620], "gameVersionNames": ["Fabric", "Client", "Server", "1.21.8"], "releaseType": "release", "relations": {"projects": [{"slug": "gstools", "projectID": 1404020, "type": "requiredDependency"}]}}', 'application/json')}
[2026, 9, 28, 9, 38, 5] ;;; curseforge; Mod file uploaded successfully! Response: {'id': 8999534}
[2026, 9, 28, 9, 38, 5] ;;; curseforge; {'id': 7499, 'gameVersionTypeID': 68441, 'name': 'Fabric', 'slug': 'fabric', 'apiVersion': ''}
[2026, 9, 28, 9, 38, 5] ;;; curseforge; {'id': 9638, 'gameVersionTypeID': 75208, 'name': 'Client', 'slug': 'client', 'apiVersion': ''}
[2026, 9, 28, 9, 38, 5] ;;; curseforge; {'id': 9639, 'gameVersionTypeID': 75208, 'name': 'Server', 'slug': 'server', 'apiVersion': ''}
[2026, 9, 28, 9, 38, 5] ;;; curseforge; {'id': 13620, 'gameVersionTypeID': 77784, 'name': '1.21.8', 'slug': '1-21-8', 'apiVersion': None}
[2026, 9, 28, 9, 38, 5] ;;; curseforge; {'id': 13683, 'gameVersionTypeID': 1, 'name': '1.21.8', 'slug': '1-21-8', 'apiVersion': ''}
[2026, 9, 28, 9, 38, 5] ;;; curseforge; {'id': 16124, 'gameVersionTypeID': 615, 'name': '1.21.8', 'slug': '1-21-8', 'apiVersion': ''}
[2026, 9, 28, 9, 38, 27] ;;; curseforge; {'id': 7499, 'gameVersionTypeID': 68441, 'name': 'Fabric', 'slug': 'fabric', 'apiVersion': ''}
[2026, 9, 28, 9, 38, 27] ;;; curseforge; {'id': 9638, 'gameVersionTypeID': 75208, 'name': 'Client', 'slug': 'client', 'apiVersion': ''}
[2026, 9, 28, 9, 38, 27] ;;; curseforge; {'id': 9639, 'gameVersionTypeID': 75208, 'name': 'Server', 'slug': 'server', 'apiVersion': ''}
[2026, 9, 28, 9, 38, 27] ;;; curseforge; {'id': 13927, 'gameVersionTypeID': 77784, 'name': '1.21.9', 'slug': '1-21-9', 'apiVersion': None}
[2026, 9, 28, 9, 38, 27] ;;; curseforge; {'id': 13933, 'gameVersionTypeID': 1, 'name': '1.21.9', 'slug': '1-21-9', 'apiVersion': ''}
[2026, 9, 28, 9, 38, 27] ;;; curseforge; {'id': 16125, 'gameVersionTypeID': 615, 'name': '1.21.9', 'slug': '1-21-9', 'apiVersion': ''}
[2026, 9, 28, 9, 38, 27] ;;; curseforge; {'id': 7499, 'gameVersionTypeID': 68441, 'name': 'Fabric', 'slug': 'fabric', 'apiVersion': ''}
[2026, 9, 28, 9, 38, 27] ;;; curseforge; {'id': 9638, 'gameVersionTypeID': 75208, 'name': 'Client', 'slug': 'client', 'apiVersion': ''}
[2026, 9, 28, 9, 38, 27] ;;; curseforge; {'id': 9639, 'gameVersionTypeID': 75208, 'name': 'Server', 'slug': 'server', 'apiVersion': ''}
[2026, 9, 28, 9, 38, 27] ;;; curseforge; {'id': 13964, 'gameVersionTypeID': 77784, 'name': '1.21.10', 'slug': '1-21-10', 'apiVersion': None}
[2026, 9, 28, 9, 38, 27] ;;; curseforge; {'id': 13966, 'gameVersionTypeID': 1, 'name': '1.21.10', 'slug': '1-21-10', 'apiVersion': ''}
[2026, 9, 28, 9, 38, 27] ;;; curseforge; {'id': 16126, 'gameVersionTypeID': 615, 'name': '1.21.10', 'slug': '1-21-10', 'apiVersion': ''}
[2026, 9, 28, 9, 38, 27] ;;; curseforge; {'id': 7499, 'gameVersionTypeID': 68441, 'name': 'Fabric', 'slug': 'fabric', 'apiVersion': ''}
[2026, 9, 28, 9, 38, 27] ;;; curseforge; {'id': 9638, 'gameVersionTypeID': 75208, 'name': 'Client', 'slug': 'client', 'apiVersion': ''}
[2026, 9, 28, 9, 38, 27] ;;; curseforge; {'id': 9639, 'gameVersionTypeID': 75208, 'name': 'Server', 'slug': 'server', 'apiVersion': ''}
[2026, 9, 28, 9, 38, 27] ;;; curseforge; {'id': 14406, 'gameVersionTypeID': 77784, 'name': '1.21.11', 'slug': '1-21-11', 'apiVersion': None}
[2026, 9, 28, 9, 38, 27] ;;; curseforge; {'id': 14417, 'gameVersionTypeID': 1, 'name': '1.21.11', 'slug': '1-21-11', 'apiVersion': ''}
[2026, 9, 28, 9, 38, 27] ;;; curseforge; {'id': 16127, 'gameVersionTypeID': 615, 'name': '1.21.11', 'slug': '1-21-11', 'apiVersion': ''}
[2026, 9, 28, 9, 38, 27] ;;; curseforge; {'file': ('ghosts_and_ghouls-fabric-1.21.9_1.61.0.jar', <_io.BufferedReader name='.\\releases\\1.61.0\\ghosts_and_ghouls-fabric-1.21.9_1.61.0.jar'>, 'application/jar'), 'metadata': (None, '{"changelog": "", "displayName": "ghosts_and_ghouls fabric 1.21.9 1.61.0", "gameVersions": [7499, 9638, 9639, 13927, 13964, 14406], "gameVersionNames": ["Fabric", "Client", "Server", "1.21.9", "1.21.10", "1.21.11"], "releaseType": "release", "relations": {"projects": [{"slug": "gstools", "projectID": 1404020, "type": "requiredDependency"}]}}', 'application/json')}
[2026, 9, 28, 9, 38, 33] ;;; curseforge; Mod file uploaded successfully! Response: {'id': 8999537}
[2026, 9, 28, 9, 38, 34] ;;; curseforge; {'id': 7499, 'gameVersionTypeID': 68441, 'name': 'Fabric', 'slug': 'fabric', 'apiVersion': ''}
[2026, 9, 28, 9, 38, 34] ;;; curseforge; {'id': 9638, 'gameVersionTypeID': 75208, 'name': 'Client', 'slug': 'client', 'apiVersion': ''}
[2026, 9, 28, 9, 38, 34] ;;; curseforge; {'id': 9639, 'gameVersionTypeID': 75208, 'name': 'Server', 'slug': 'server', 'apiVersion': ''}
[2026, 9, 28, 9, 38, 34] ;;; curseforge; {'id': 13927, 'gameVersionTypeID': 77784, 'name': '1.21.9', 'slug': '1-21-9', 'apiVersion': None}
[2026, 9, 28, 9, 38, 34] ;;; curseforge; {'id': 13933, 'gameVersionTypeID': 1, 'name': '1.21.9', 'slug': '1-21-9', 'apiVersion': ''}
[2026, 9, 28, 9, 38, 34] ;;; curseforge; {'id': 16125, 'gameVersionTypeID': 615, 'name': '1.21.9', 'slug': '1-21-9', 'apiVersion': ''}
[2026, 9, 28, 9, 38, 34] ;;; curseforge; {'id': 7499, 'gameVersionTypeID': 68441, 'name': 'Fabric', 'slug': 'fabric', 'apiVersion': ''}
[2026, 9, 28, 9, 38, 34] ;;; curseforge; {'id': 9638, 'gameVersionTypeID': 75208, 'name': 'Client', 'slug': 'client', 'apiVersion': ''}
[2026, 9, 28, 9, 38, 34] ;;; curseforge; {'id': 9639, 'gameVersionTypeID': 75208, 'name': 'Server', 'slug': 'server', 'apiVersion': ''}
[2026, 9, 28, 9, 38, 34] ;;; curseforge; {'id': 13964, 'gameVersionTypeID': 77784, 'name': '1.21.10', 'slug': '1-21-10', 'apiVersion': None}
[2026, 9, 28, 9, 38, 34] ;;; curseforge; {'id': 13966, 'gameVersionTypeID': 1, 'name': '1.21.10', 'slug': '1-21-10', 'apiVersion': ''}
[2026, 9, 28, 9, 38, 34] ;;; curseforge; {'id': 16126, 'gameVersionTypeID': 615, 'name': '1.21.10', 'slug': '1-21-10', 'apiVersion': ''}
[2026, 9, 28, 9, 38, 34] ;;; curseforge; {'id': 7499, 'gameVersionTypeID': 68441, 'name': 'Fabric', 'slug': 'fabric', 'apiVersion': ''}
[2026, 9, 28, 9, 38, 34] ;;; curseforge; {'id': 9638, 'gameVersionTypeID': 75208, 'name': 'Client', 'slug': 'client', 'apiVersion': ''}
[2026, 9, 28, 9, 38, 34] ;;; curseforge; {'id': 9639, 'gameVersionTypeID': 75208, 'name': 'Server', 'slug': 'server', 'apiVersion': ''}
[2026, 9, 28, 9, 38, 34] ;;; curseforge; {'id': 14406, 'gameVersionTypeID': 77784, 'name': '1.21.11', 'slug': '1-21-11', 'apiVersion': None}
[2026, 9, 28, 9, 38, 34] ;;; curseforge; {'id': 14417, 'gameVersionTypeID': 1, 'name': '1.21.11', 'slug': '1-21-11', 'apiVersion': ''}
[2026, 9, 28, 9, 38, 34] ;;; curseforge; {'id': 16127, 'gameVersionTypeID': 615, 'name': '1.21.11', 'slug': '1-21-11', 'apiVersion': ''}
[2026, 9, 28, 9, 38, 42] ;;; curseforge; {'id': 7499, 'gameVersionTypeID': 68441, 'name': 'Fabric', 'slug': 'fabric', 'apiVersion': ''}
[2026, 9, 28, 9, 38, 42] ;;; curseforge; {'id': 9638, 'gameVersionTypeID': 75208, 'name': 'Client', 'slug': 'client', 'apiVersion': ''}
[2026, 9, 28, 9, 38, 42] ;;; curseforge; {'id': 9639, 'gameVersionTypeID': 75208, 'name': 'Server', 'slug': 'server', 'apiVersion': ''}
[2026, 9, 28, 9, 38, 42] ;;; curseforge; {'id': 15933, 'gameVersionTypeID': 83806, 'name': '26.1', 'slug': '26-1', 'apiVersion': None}
[2026, 9, 28, 9, 38, 42] ;;; curseforge; {'id': 16083, 'gameVersionTypeID': 1, 'name': '26.1', 'slug': '26-1', 'apiVersion': ''}
[2026, 9, 28, 9, 38, 42] ;;; curseforge; {'id': 16128, 'gameVersionTypeID': 615, 'name': '26.1', 'slug': '26-1', 'apiVersion': ''}
[2026, 9, 28, 9, 38, 42] ;;; curseforge; {'id': 7499, 'gameVersionTypeID': 68441, 'name': 'Fabric', 'slug': 'fabric', 'apiVersion': ''}
[2026, 9, 28, 9, 38, 42] ;;; curseforge; {'id': 9638, 'gameVersionTypeID': 75208, 'name': 'Client', 'slug': 'client', 'apiVersion': ''}
[2026, 9, 28, 9, 38, 42] ;;; curseforge; {'id': 9639, 'gameVersionTypeID': 75208, 'name': 'Server', 'slug': 'server', 'apiVersion': ''}
[2026, 9, 28, 9, 38, 42] ;;; curseforge; {'id': 16021, 'gameVersionTypeID': 83806, 'name': '26.1.1', 'slug': '26-1-1', 'apiVersion': None}
[2026, 9, 28, 9, 38, 42] ;;; curseforge; {'id': 16084, 'gameVersionTypeID': 1, 'name': '26.1.1', 'slug': '26-1-1', 'apiVersion': ''}
[2026, 9, 28, 9, 38, 42] ;;; curseforge; {'id': 16129, 'gameVersionTypeID': 615, 'name': '26.1.1', 'slug': '26-1-1', 'apiVersion': ''}
[2026, 9, 28, 9, 38, 42] ;;; curseforge; {'id': 7499, 'gameVersionTypeID': 68441, 'name': 'Fabric', 'slug': 'fabric', 'apiVersion': ''}
[2026, 9, 28, 9, 38, 42] ;;; curseforge; {'id': 9638, 'gameVersionTypeID': 75208, 'name': 'Client', 'slug': 'client', 'apiVersion': ''}
[2026, 9, 28, 9, 38, 42] ;;; curseforge; {'id': 9639, 'gameVersionTypeID': 75208, 'name': 'Server', 'slug': 'server', 'apiVersion': ''}
[2026, 9, 28, 9, 38, 42] ;;; curseforge; {'id': 16082, 'gameVersionTypeID': 83806, 'name': '26.1.2', 'slug': '26-1-2', 'apiVersion': None}
[2026, 9, 28, 9, 38, 42] ;;; curseforge; {'id': 16085, 'gameVersionTypeID': 1, 'name': '26.1.2', 'slug': '26-1-2', 'apiVersion': ''}
[2026, 9, 28, 9, 38, 42] ;;; curseforge; {'id': 16130, 'gameVersionTypeID': 615, 'name': '26.1.2', 'slug': '26-1-2', 'apiVersion': ''}
[2026, 9, 28, 9, 38, 42] ;;; curseforge; {'file': ('ghosts_and_ghouls-fabric-26.1_1.61.0.jar', <_io.BufferedReader name='.\\releases\\1.61.0\\ghosts_and_ghouls-fabric-26.1_1.61.0.jar'>, 'application/jar'), 'metadata': (None, '{"changelog": "", "displayName": "ghosts_and_ghouls fabric 26.1 1.61.0", "gameVersions": [7499, 9638, 9639, 15933, 16021, 16082], "gameVersionNames": ["Fabric", "Client", "Server", "26.1", "26.1.1", "26.1.2"], "releaseType": "release", "relations": {"projects": [{"slug": "gstools", "projectID": 1404020, "type": "requiredDependency"}]}}', 'application/json')}
[2026, 9, 28, 9, 38, 47] ;;; curseforge; Mod file uploaded successfully! Response: {'id': 8999539}
[2026, 9, 28, 9, 38, 48] ;;; curseforge; {'id': 7499, 'gameVersionTypeID': 68441, 'name': 'Fabric', 'slug': 'fabric', 'apiVersion': ''}
[2026, 9, 28, 9, 38, 48] ;;; curseforge; {'id': 9638, 'gameVersionTypeID': 75208, 'name': 'Client', 'slug': 'client', 'apiVersion': ''}
[2026, 9, 28, 9, 38, 48] ;;; curseforge; {'id': 9639, 'gameVersionTypeID': 75208, 'name': 'Server', 'slug': 'server', 'apiVersion': ''}
[2026, 9, 28, 9, 38, 48] ;;; curseforge; {'id': 15933, 'gameVersionTypeID': 83806, 'name': '26.1', 'slug': '26-1', 'apiVersion': None}
[2026, 9, 28, 9, 38, 48] ;;; curseforge; {'id': 16083, 'gameVersionTypeID': 1, 'name': '26.1', 'slug': '26-1', 'apiVersion': ''}
[2026, 9, 28, 9, 38, 48] ;;; curseforge; {'id': 16128, 'gameVersionTypeID': 615, 'name': '26.1', 'slug': '26-1', 'apiVersion': ''}
[2026, 9, 28, 9, 38, 48] ;;; curseforge; {'id': 7499, 'gameVersionTypeID': 68441, 'name': 'Fabric', 'slug': 'fabric', 'apiVersion': ''}
[2026, 9, 28, 9, 38, 48] ;;; curseforge; {'id': 9638, 'gameVersionTypeID': 75208, 'name': 'Client', 'slug': 'client', 'apiVersion': ''}
[2026, 9, 28, 9, 38, 48] ;;; curseforge; {'id': 9639, 'gameVersionTypeID': 75208, 'name': 'Server', 'slug': 'server', 'apiVersion': ''}
[2026, 9, 28, 9, 38, 48] ;;; curseforge; {'id': 16021, 'gameVersionTypeID': 83806, 'name': '26.1.1', 'slug': '26-1-1', 'apiVersion': None}
[2026, 9, 28, 9, 38, 48] ;;; curseforge; {'id': 16084, 'gameVersionTypeID': 1, 'name': '26.1.1', 'slug': '26-1-1', 'apiVersion': ''}
[2026, 9, 28, 9, 38, 48] ;;; curseforge; {'id': 16129, 'gameVersionTypeID': 615, 'name': '26.1.1', 'slug': '26-1-1', 'apiVersion': ''}
[2026, 9, 28, 9, 38, 48] ;;; curseforge; {'id': 7499, 'gameVersionTypeID': 68441, 'name': 'Fabric', 'slug': 'fabric', 'apiVersion': ''}
[2026, 9, 28, 9, 38, 48] ;;; curseforge; {'id': 9638, 'gameVersionTypeID': 75208, 'name': 'Client', 'slug': 'client', 'apiVersion': ''}
[2026, 9, 28, 9, 38, 48] ;;; curseforge; {'id': 9639, 'gameVersionTypeID': 75208, 'name': 'Server', 'slug': 'server', 'apiVersion': ''}
[2026, 9, 28, 9, 38, 48] ;;; curseforge; {'id': 16082, 'gameVersionTypeID': 83806, 'name': '26.1.2', 'slug': '26-1-2', 'apiVersion': None}
[2026, 9, 28, 9, 38, 48] ;;; curseforge; {'id': 16085, 'gameVersionTypeID': 1, 'name': '26.1.2', 'slug': '26-1-2', 'apiVersion': ''}
[2026, 9, 28, 9, 38, 48] ;;; curseforge; {'id': 16130, 'gameVersionTypeID': 615, 'name': '26.1.2', 'slug': '26-1-2', 'apiVersion': ''}
[2026, 9, 28, 9, 38, 57] ;;; curseforge; {'id': 7499, 'gameVersionTypeID': 68441, 'name': 'Fabric', 'slug': 'fabric', 'apiVersion': ''}
[2026, 9, 28, 9, 38, 57] ;;; curseforge; {'id': 9638, 'gameVersionTypeID': 75208, 'name': 'Client', 'slug': 'client', 'apiVersion': ''}
[2026, 9, 28, 9, 38, 57] ;;; curseforge; {'id': 9639, 'gameVersionTypeID': 75208, 'name': 'Server', 'slug': 'server', 'apiVersion': ''}
[2026, 9, 28, 9, 38, 57] ;;; curseforge; {'id': 16498, 'gameVersionTypeID': 86297, 'name': '26.2', 'slug': '26-2', 'apiVersion': None}
[2026, 9, 28, 9, 38, 57] ;;; curseforge; {'id': 16500, 'gameVersionTypeID': 1, 'name': '26.2', 'slug': '26-2', 'apiVersion': ''}
[2026, 9, 28, 9, 38, 57] ;;; curseforge; {'file': ('ghosts_and_ghouls-fabric-26.2_1.61.0.jar', <_io.BufferedReader name='.\\releases\\1.61.0\\ghosts_and_ghouls-fabric-26.2_1.61.0.jar'>, 'application/jar'), 'metadata': (None, '{"changelog": "", "displayName": "ghosts_and_ghouls fabric 26.2 1.61.0", "gameVersions": [7499, 9638, 9639, 16498], "gameVersionNames": ["Fabric", "Client", "Server", "26.2"], "releaseType": "release", "relations": {"projects": [{"slug": "gstools", "projectID": 1404020, "type": "requiredDependency"}]}}', 'application/json')}
[2026, 9, 28, 9, 39, 16] ;;; curseforge; Mod file uploaded successfully! Response: {'id': 8999544}
[2026, 9, 28, 9, 39, 17] ;;; curseforge; {'id': 7499, 'gameVersionTypeID': 68441, 'name': 'Fabric', 'slug': 'fabric', 'apiVersion': ''}
[2026, 9, 28, 9, 39, 17] ;;; curseforge; {'id': 9638, 'gameVersionTypeID': 75208, 'name': 'Client', 'slug': 'client', 'apiVersion': ''}
[2026, 9, 28, 9, 39, 17] ;;; curseforge; {'id': 9639, 'gameVersionTypeID': 75208, 'name': 'Server', 'slug': 'server', 'apiVersion': ''}
[2026, 9, 28, 9, 39, 17] ;;; curseforge; {'id': 16498, 'gameVersionTypeID': 86297, 'name': '26.2', 'slug': '26-2', 'apiVersion': None}
[2026, 9, 28, 9, 39, 17] ;;; curseforge; {'id': 16500, 'gameVersionTypeID': 1, 'name': '26.2', 'slug': '26-2', 'apiVersion': ''}
[2026, 9, 28, 9, 39, 30] ;;; curseforge; {'id': 7498, 'gameVersionTypeID': 68441, 'name': 'Forge', 'slug': 'forge', 'apiVersion': ''}
[2026, 9, 28, 9, 39, 30] ;;; curseforge; {'id': 9638, 'gameVersionTypeID': 75208, 'name': 'Client', 'slug': 'client', 'apiVersion': ''}
[2026, 9, 28, 9, 39, 30] ;;; curseforge; {'id': 9639, 'gameVersionTypeID': 75208, 'name': 'Server', 'slug': 'server', 'apiVersion': ''}
[2026, 9, 28, 9, 39, 30] ;;; curseforge; {'id': 9776, 'gameVersionTypeID': 73407, 'name': '1.19.4', 'slug': '1-19-4', 'apiVersion': ''}
[2026, 9, 28, 9, 39, 30] ;;; curseforge; {'id': 9792, 'gameVersionTypeID': 615, 'name': '1.19.4', 'slug': '1-19-4', 'apiVersion': ''}
[2026, 9, 28, 9, 39, 30] ;;; curseforge; {'id': 9973, 'gameVersionTypeID': 1, 'name': '1.19.4', 'slug': '1-19-4', 'apiVersion': ''}
[2026, 9, 28, 9, 39, 30] ;;; curseforge; {'file': ('ghosts_and_ghouls-forge-1.19.4_1.61.0.jar', <_io.BufferedReader name='.\\releases\\1.61.0\\ghosts_and_ghouls-forge-1.19.4_1.61.0.jar'>, 'application/jar'), 'metadata': (None, '{"changelog": "", "displayName": "ghosts_and_ghouls forge 1.19.4 1.61.0", "gameVersions": [7498, 9638, 9639, 9776], "gameVersionNames": ["Forge", "Client", "Server", "1.19.4"], "releaseType": "release", "relations": {"projects": [{"slug": "gstools", "projectID": 1404020, "type": "requiredDependency"}]}}', 'application/json')}
[2026, 9, 28, 9, 39, 38] ;;; curseforge; Mod file uploaded successfully! Response: {'id': 8999546}
[2026, 9, 28, 9, 39, 39] ;;; curseforge; {'id': 7498, 'gameVersionTypeID': 68441, 'name': 'Forge', 'slug': 'forge', 'apiVersion': ''}
[2026, 9, 28, 9, 39, 39] ;;; curseforge; {'id': 9638, 'gameVersionTypeID': 75208, 'name': 'Client', 'slug': 'client', 'apiVersion': ''}
[2026, 9, 28, 9, 39, 39] ;;; curseforge; {'id': 9639, 'gameVersionTypeID': 75208, 'name': 'Server', 'slug': 'server', 'apiVersion': ''}
[2026, 9, 28, 9, 39, 39] ;;; curseforge; {'id': 9776, 'gameVersionTypeID': 73407, 'name': '1.19.4', 'slug': '1-19-4', 'apiVersion': ''}
[2026, 9, 28, 9, 39, 39] ;;; curseforge; {'id': 9792, 'gameVersionTypeID': 615, 'name': '1.19.4', 'slug': '1-19-4', 'apiVersion': ''}
[2026, 9, 28, 9, 39, 39] ;;; curseforge; {'id': 9973, 'gameVersionTypeID': 1, 'name': '1.19.4', 'slug': '1-19-4', 'apiVersion': ''}
[2026, 9, 28, 9, 40, 2] ;;; curseforge; {'id': 9638, 'gameVersionTypeID': 75208, 'name': 'Client', 'slug': 'client', 'apiVersion': ''}
[2026, 9, 28, 9, 40, 2] ;;; curseforge; {'id': 9639, 'gameVersionTypeID': 75208, 'name': 'Server', 'slug': 'server', 'apiVersion': ''}
[2026, 9, 28, 9, 40, 2] ;;; curseforge; {'id': 10150, 'gameVersionTypeID': 68441, 'name': 'NeoForge', 'slug': 'neoforge', 'apiVersion': ''}
[2026, 9, 28, 9, 40, 2] ;;; curseforge; {'id': 10407, 'gameVersionTypeID': 75125, 'name': '1.20.4', 'slug': '1-20-4', 'apiVersion': None}
[2026, 9, 28, 9, 40, 2] ;;; curseforge; {'id': 10742, 'gameVersionTypeID': 1, 'name': '1.20.4', 'slug': '1-20-4', 'apiVersion': ''}
[2026, 9, 28, 9, 40, 2] ;;; curseforge; {'id': 10866, 'gameVersionTypeID': 615, 'name': '1.20.4', 'slug': '1-20-4', 'apiVersion': ''}
[2026, 9, 28, 9, 40, 2] ;;; curseforge; {'file': ('ghosts_and_ghouls-neoforge-1.20.4_1.61.0.jar', <_io.BufferedReader name='.\\releases\\1.61.0\\ghosts_and_ghouls-neoforge-1.20.4_1.61.0.jar'>, 'application/jar'), 'metadata': (None, '{"changelog": "", "displayName": "ghosts_and_ghouls neoforge 1.20.4 1.61.0", "gameVersions": [9638, 9639, 10150, 10407], "gameVersionNames": ["Client", "Server", "NeoForge", "1.20.4"], "releaseType": "release", "relations": {"projects": [{"slug": "gstools", "projectID": 1404020, "type": "requiredDependency"}]}}', 'application/json')}
[2026, 9, 28, 9, 40, 10] ;;; curseforge; Mod file uploaded successfully! Response: {'id': 8999548}
[2026, 9, 28, 9, 40, 10] ;;; curseforge; {'id': 9638, 'gameVersionTypeID': 75208, 'name': 'Client', 'slug': 'client', 'apiVersion': ''}
[2026, 9, 28, 9, 40, 10] ;;; curseforge; {'id': 9639, 'gameVersionTypeID': 75208, 'name': 'Server', 'slug': 'server', 'apiVersion': ''}
[2026, 9, 28, 9, 40, 10] ;;; curseforge; {'id': 10150, 'gameVersionTypeID': 68441, 'name': 'NeoForge', 'slug': 'neoforge', 'apiVersion': ''}
[2026, 9, 28, 9, 40, 10] ;;; curseforge; {'id': 10407, 'gameVersionTypeID': 75125, 'name': '1.20.4', 'slug': '1-20-4', 'apiVersion': None}
[2026, 9, 28, 9, 40, 10] ;;; curseforge; {'id': 10742, 'gameVersionTypeID': 1, 'name': '1.20.4', 'slug': '1-20-4', 'apiVersion': ''}
[2026, 9, 28, 9, 40, 10] ;;; curseforge; {'id': 10866, 'gameVersionTypeID': 615, 'name': '1.20.4', 'slug': '1-20-4', 'apiVersion': ''}
[2026, 9, 28, 9, 40, 24] ;;; curseforge; {'id': 9638, 'gameVersionTypeID': 75208, 'name': 'Client', 'slug': 'client', 'apiVersion': ''}
[2026, 9, 28, 9, 40, 24] ;;; curseforge; {'id': 9639, 'gameVersionTypeID': 75208, 'name': 'Server', 'slug': 'server', 'apiVersion': ''}
[2026, 9, 28, 9, 40, 24] ;;; curseforge; {'id': 10150, 'gameVersionTypeID': 68441, 'name': 'NeoForge', 'slug': 'neoforge', 'apiVersion': ''}
[2026, 9, 28, 9, 40, 24] ;;; curseforge; {'id': 11198, 'gameVersionTypeID': 75125, 'name': '1.20.6', 'slug': '1-20-6', 'apiVersion': None}
[2026, 9, 28, 9, 40, 24] ;;; curseforge; {'id': 11307, 'gameVersionTypeID': 1, 'name': '1.20.6', 'slug': '1-20-6', 'apiVersion': ''}
[2026, 9, 28, 9, 40, 24] ;;; curseforge; {'id': 11309, 'gameVersionTypeID': 615, 'name': '1.20.6', 'slug': '1-20-6', 'apiVersion': ''}
[2026, 9, 28, 9, 40, 24] ;;; curseforge; {'id': 9638, 'gameVersionTypeID': 75208, 'name': 'Client', 'slug': 'client', 'apiVersion': ''}
[2026, 9, 28, 9, 40, 24] ;;; curseforge; {'id': 9639, 'gameVersionTypeID': 75208, 'name': 'Server', 'slug': 'server', 'apiVersion': ''}
[2026, 9, 28, 9, 40, 24] ;;; curseforge; {'id': 10150, 'gameVersionTypeID': 68441, 'name': 'NeoForge', 'slug': 'neoforge', 'apiVersion': ''}
[2026, 9, 28, 9, 40, 24] ;;; curseforge; {'id': 11457, 'gameVersionTypeID': 77784, 'name': '1.21', 'slug': '1-21', 'apiVersion': ''}
[2026, 9, 28, 9, 40, 24] ;;; curseforge; {'id': 11458, 'gameVersionTypeID': 615, 'name': '1.21', 'slug': '1-21', 'apiVersion': ''}
[2026, 9, 28, 9, 40, 24] ;;; curseforge; {'id': 11515, 'gameVersionTypeID': 1, 'name': '1.21', 'slug': '1-21', 'apiVersion': ''}
[2026, 9, 28, 9, 40, 24] ;;; curseforge; {'file': ('ghosts_and_ghouls-neoforge-1.20.6_1.61.0.jar', <_io.BufferedReader name='.\\releases\\1.61.0\\ghosts_and_ghouls-neoforge-1.20.6_1.61.0.jar'>, 'application/jar'), 'metadata': (None, '{"changelog": "", "displayName": "ghosts_and_ghouls neoforge 1.20.6 1.61.0", "gameVersions": [9638, 9639, 10150, 11198, 11457], "gameVersionNames": ["Client", "Server", "NeoForge", "1.20.6", "1.21"], "releaseType": "release", "relations": {"projects": [{"slug": "gstools", "projectID": 1404020, "type": "requiredDependency"}]}}', 'application/json')}
[2026, 9, 28, 9, 40, 29] ;;; curseforge; Mod file uploaded successfully! Response: {'id': 8999550}
[2026, 9, 28, 9, 40, 30] ;;; curseforge; {'id': 9638, 'gameVersionTypeID': 75208, 'name': 'Client', 'slug': 'client', 'apiVersion': ''}
[2026, 9, 28, 9, 40, 30] ;;; curseforge; {'id': 9639, 'gameVersionTypeID': 75208, 'name': 'Server', 'slug': 'server', 'apiVersion': ''}
[2026, 9, 28, 9, 40, 30] ;;; curseforge; {'id': 10150, 'gameVersionTypeID': 68441, 'name': 'NeoForge', 'slug': 'neoforge', 'apiVersion': ''}
[2026, 9, 28, 9, 40, 30] ;;; curseforge; {'id': 11198, 'gameVersionTypeID': 75125, 'name': '1.20.6', 'slug': '1-20-6', 'apiVersion': None}
[2026, 9, 28, 9, 40, 30] ;;; curseforge; {'id': 11307, 'gameVersionTypeID': 1, 'name': '1.20.6', 'slug': '1-20-6', 'apiVersion': ''}
[2026, 9, 28, 9, 40, 30] ;;; curseforge; {'id': 11309, 'gameVersionTypeID': 615, 'name': '1.20.6', 'slug': '1-20-6', 'apiVersion': ''}
[2026, 9, 28, 9, 40, 30] ;;; curseforge; {'id': 9638, 'gameVersionTypeID': 75208, 'name': 'Client', 'slug': 'client', 'apiVersion': ''}
[2026, 9, 28, 9, 40, 30] ;;; curseforge; {'id': 9639, 'gameVersionTypeID': 75208, 'name': 'Server', 'slug': 'server', 'apiVersion': ''}
[2026, 9, 28, 9, 40, 30] ;;; curseforge; {'id': 10150, 'gameVersionTypeID': 68441, 'name': 'NeoForge', 'slug': 'neoforge', 'apiVersion': ''}
[2026, 9, 28, 9, 40, 30] ;;; curseforge; {'id': 11457, 'gameVersionTypeID': 77784, 'name': '1.21', 'slug': '1-21', 'apiVersion': ''}
[2026, 9, 28, 9, 40, 30] ;;; curseforge; {'id': 11458, 'gameVersionTypeID': 615, 'name': '1.21', 'slug': '1-21', 'apiVersion': ''}
[2026, 9, 28, 9, 40, 30] ;;; curseforge; {'id': 11515, 'gameVersionTypeID': 1, 'name': '1.21', 'slug': '1-21', 'apiVersion': ''}
[2026, 9, 28, 9, 40, 47] ;;; curseforge; {'id': 9638, 'gameVersionTypeID': 75208, 'name': 'Client', 'slug': 'client', 'apiVersion': ''}
[2026, 9, 28, 9, 40, 47] ;;; curseforge; {'id': 9639, 'gameVersionTypeID': 75208, 'name': 'Server', 'slug': 'server', 'apiVersion': ''}
[2026, 9, 28, 9, 40, 47] ;;; curseforge; {'id': 10150, 'gameVersionTypeID': 68441, 'name': 'NeoForge', 'slug': 'neoforge', 'apiVersion': ''}
[2026, 9, 28, 9, 40, 47] ;;; curseforge; {'id': 11779, 'gameVersionTypeID': 77784, 'name': '1.21.1', 'slug': '1-21-1', 'apiVersion': None}
[2026, 9, 28, 9, 40, 47] ;;; curseforge; {'id': 12735, 'gameVersionTypeID': 1, 'name': '1.21.1', 'slug': '1-21-1', 'apiVersion': ''}
[2026, 9, 28, 9, 40, 47] ;;; curseforge; {'id': 16115, 'gameVersionTypeID': 615, 'name': '1.21.1', 'slug': '1-21-1', 'apiVersion': ''}
[2026, 9, 28, 9, 40, 47] ;;; curseforge; {'file': ('ghosts_and_ghouls-neoforge-1.21.1_1.61.0.jar', <_io.BufferedReader name='.\\releases\\1.61.0\\ghosts_and_ghouls-neoforge-1.21.1_1.61.0.jar'>, 'application/jar'), 'metadata': (None, '{"changelog": "", "displayName": "ghosts_and_ghouls neoforge 1.21.1 1.61.0", "gameVersions": [9638, 9639, 10150, 11779], "gameVersionNames": ["Client", "Server", "NeoForge", "1.21.1"], "releaseType": "release", "relations": {"projects": [{"slug": "gstools", "projectID": 1404020, "type": "requiredDependency"}, {"slug": "gstools-weather2-compat", "projectID": 1710321, "type": "requiredDependency"}]}}', 'application/json')}
[2026, 9, 28, 9, 40, 54] ;;; curseforge; Mod file uploaded successfully! Response: {'id': 8999554}
[2026, 9, 28, 9, 40, 55] ;;; curseforge; {'id': 9638, 'gameVersionTypeID': 75208, 'name': 'Client', 'slug': 'client', 'apiVersion': ''}
[2026, 9, 28, 9, 40, 55] ;;; curseforge; {'id': 9639, 'gameVersionTypeID': 75208, 'name': 'Server', 'slug': 'server', 'apiVersion': ''}
[2026, 9, 28, 9, 40, 55] ;;; curseforge; {'id': 10150, 'gameVersionTypeID': 68441, 'name': 'NeoForge', 'slug': 'neoforge', 'apiVersion': ''}
[2026, 9, 28, 9, 40, 55] ;;; curseforge; {'id': 11779, 'gameVersionTypeID': 77784, 'name': '1.21.1', 'slug': '1-21-1', 'apiVersion': None}
[2026, 9, 28, 9, 40, 55] ;;; curseforge; {'id': 12735, 'gameVersionTypeID': 1, 'name': '1.21.1', 'slug': '1-21-1', 'apiVersion': ''}
[2026, 9, 28, 9, 40, 55] ;;; curseforge; {'id': 16115, 'gameVersionTypeID': 615, 'name': '1.21.1', 'slug': '1-21-1', 'apiVersion': ''}
[2026, 9, 28, 9, 41, 6] ;;; curseforge; {'id': 9638, 'gameVersionTypeID': 75208, 'name': 'Client', 'slug': 'client', 'apiVersion': ''}
[2026, 9, 28, 9, 41, 6] ;;; curseforge; {'id': 9639, 'gameVersionTypeID': 75208, 'name': 'Server', 'slug': 'server', 'apiVersion': ''}
[2026, 9, 28, 9, 41, 6] ;;; curseforge; {'id': 10150, 'gameVersionTypeID': 68441, 'name': 'NeoForge', 'slug': 'neoforge', 'apiVersion': ''}
[2026, 9, 28, 9, 41, 6] ;;; curseforge; {'id': 12079, 'gameVersionTypeID': 77784, 'name': '1.21.2', 'slug': '1-21-2', 'apiVersion': ''}
[2026, 9, 28, 9, 41, 6] ;;; curseforge; {'id': 12736, 'gameVersionTypeID': 1, 'name': '1.21.2', 'slug': '1-21-2', 'apiVersion': ''}
[2026, 9, 28, 9, 41, 6] ;;; curseforge; {'id': 16116, 'gameVersionTypeID': 615, 'name': '1.21.2', 'slug': '1-21-2', 'apiVersion': ''}
[2026, 9, 28, 9, 41, 6] ;;; curseforge; {'id': 9638, 'gameVersionTypeID': 75208, 'name': 'Client', 'slug': 'client', 'apiVersion': ''}
[2026, 9, 28, 9, 41, 6] ;;; curseforge; {'id': 9639, 'gameVersionTypeID': 75208, 'name': 'Server', 'slug': 'server', 'apiVersion': ''}
[2026, 9, 28, 9, 41, 6] ;;; curseforge; {'id': 10150, 'gameVersionTypeID': 68441, 'name': 'NeoForge', 'slug': 'neoforge', 'apiVersion': ''}
[2026, 9, 28, 9, 41, 6] ;;; curseforge; {'id': 12084, 'gameVersionTypeID': 77784, 'name': '1.21.3', 'slug': '1-21-3', 'apiVersion': None}
[2026, 9, 28, 9, 41, 6] ;;; curseforge; {'id': 12737, 'gameVersionTypeID': 1, 'name': '1.21.3', 'slug': '1-21-3', 'apiVersion': ''}
[2026, 9, 28, 9, 41, 6] ;;; curseforge; {'id': 16117, 'gameVersionTypeID': 615, 'name': '1.21.3', 'slug': '1-21-3', 'apiVersion': ''}
[2026, 9, 28, 9, 41, 6] ;;; curseforge; {'file': ('ghosts_and_ghouls-neoforge-1.21.2_1.61.0.jar', <_io.BufferedReader name='.\\releases\\1.61.0\\ghosts_and_ghouls-neoforge-1.21.2_1.61.0.jar'>, 'application/jar'), 'metadata': (None, '{"changelog": "", "displayName": "ghosts_and_ghouls neoforge 1.21.2 1.61.0", "gameVersions": [9638, 9639, 10150, 12079, 12084], "gameVersionNames": ["Client", "Server", "NeoForge", "1.21.2", "1.21.3"], "releaseType": "release", "relations": {"projects": [{"slug": "gstools", "projectID": 1404020, "type": "requiredDependency"}]}}', 'application/json')}
[2026, 9, 28, 9, 41, 13] ;;; curseforge; Mod file uploaded successfully! Response: {'id': 8999557}
[2026, 9, 28, 9, 41, 14] ;;; curseforge; {'id': 9638, 'gameVersionTypeID': 75208, 'name': 'Client', 'slug': 'client', 'apiVersion': ''}
[2026, 9, 28, 9, 41, 14] ;;; curseforge; {'id': 9639, 'gameVersionTypeID': 75208, 'name': 'Server', 'slug': 'server', 'apiVersion': ''}
[2026, 9, 28, 9, 41, 14] ;;; curseforge; {'id': 10150, 'gameVersionTypeID': 68441, 'name': 'NeoForge', 'slug': 'neoforge', 'apiVersion': ''}
[2026, 9, 28, 9, 41, 14] ;;; curseforge; {'id': 12079, 'gameVersionTypeID': 77784, 'name': '1.21.2', 'slug': '1-21-2', 'apiVersion': ''}
[2026, 9, 28, 9, 41, 14] ;;; curseforge; {'id': 12736, 'gameVersionTypeID': 1, 'name': '1.21.2', 'slug': '1-21-2', 'apiVersion': ''}
[2026, 9, 28, 9, 41, 14] ;;; curseforge; {'id': 16116, 'gameVersionTypeID': 615, 'name': '1.21.2', 'slug': '1-21-2', 'apiVersion': ''}
[2026, 9, 28, 9, 41, 14] ;;; curseforge; {'id': 9638, 'gameVersionTypeID': 75208, 'name': 'Client', 'slug': 'client', 'apiVersion': ''}
[2026, 9, 28, 9, 41, 14] ;;; curseforge; {'id': 9639, 'gameVersionTypeID': 75208, 'name': 'Server', 'slug': 'server', 'apiVersion': ''}
[2026, 9, 28, 9, 41, 14] ;;; curseforge; {'id': 10150, 'gameVersionTypeID': 68441, 'name': 'NeoForge', 'slug': 'neoforge', 'apiVersion': ''}
[2026, 9, 28, 9, 41, 14] ;;; curseforge; {'id': 12084, 'gameVersionTypeID': 77784, 'name': '1.21.3', 'slug': '1-21-3', 'apiVersion': None}
[2026, 9, 28, 9, 41, 14] ;;; curseforge; {'id': 12737, 'gameVersionTypeID': 1, 'name': '1.21.3', 'slug': '1-21-3', 'apiVersion': ''}
[2026, 9, 28, 9, 41, 14] ;;; curseforge; {'id': 16117, 'gameVersionTypeID': 615, 'name': '1.21.3', 'slug': '1-21-3', 'apiVersion': ''}
[2026, 9, 28, 9, 41, 23] ;;; curseforge; {'id': 9638, 'gameVersionTypeID': 75208, 'name': 'Client', 'slug': 'client', 'apiVersion': ''}
[2026, 9, 28, 9, 41, 23] ;;; curseforge; {'id': 9639, 'gameVersionTypeID': 75208, 'name': 'Server', 'slug': 'server', 'apiVersion': ''}
[2026, 9, 28, 9, 41, 23] ;;; curseforge; {'id': 10150, 'gameVersionTypeID': 68441, 'name': 'NeoForge', 'slug': 'neoforge', 'apiVersion': ''}
[2026, 9, 28, 9, 41, 23] ;;; curseforge; {'id': 12281, 'gameVersionTypeID': 77784, 'name': '1.21.4', 'slug': '1-21-4', 'apiVersion': None}
[2026, 9, 28, 9, 41, 23] ;;; curseforge; {'id': 12738, 'gameVersionTypeID': 1, 'name': '1.21.4', 'slug': '1-21-4', 'apiVersion': ''}
[2026, 9, 28, 9, 41, 23] ;;; curseforge; {'id': 16118, 'gameVersionTypeID': 615, 'name': '1.21.4', 'slug': '1-21-4', 'apiVersion': ''}
[2026, 9, 28, 9, 41, 23] ;;; curseforge; {'file': ('ghosts_and_ghouls-neoforge-1.21.4_1.61.0.jar', <_io.BufferedReader name='.\\releases\\1.61.0\\ghosts_and_ghouls-neoforge-1.21.4_1.61.0.jar'>, 'application/jar'), 'metadata': (None, '{"changelog": "", "displayName": "ghosts_and_ghouls neoforge 1.21.4 1.61.0", "gameVersions": [9638, 9639, 10150, 12281], "gameVersionNames": ["Client", "Server", "NeoForge", "1.21.4"], "releaseType": "release", "relations": {"projects": [{"slug": "gstools", "projectID": 1404020, "type": "requiredDependency"}]}}', 'application/json')}
[2026, 9, 28, 9, 41, 31] ;;; curseforge; Mod file uploaded successfully! Response: {'id': 8999561}
[2026, 9, 28, 9, 41, 31] ;;; curseforge; {'id': 9638, 'gameVersionTypeID': 75208, 'name': 'Client', 'slug': 'client', 'apiVersion': ''}
[2026, 9, 28, 9, 41, 31] ;;; curseforge; {'id': 9639, 'gameVersionTypeID': 75208, 'name': 'Server', 'slug': 'server', 'apiVersion': ''}
[2026, 9, 28, 9, 41, 31] ;;; curseforge; {'id': 10150, 'gameVersionTypeID': 68441, 'name': 'NeoForge', 'slug': 'neoforge', 'apiVersion': ''}
[2026, 9, 28, 9, 41, 31] ;;; curseforge; {'id': 12281, 'gameVersionTypeID': 77784, 'name': '1.21.4', 'slug': '1-21-4', 'apiVersion': None}
[2026, 9, 28, 9, 41, 31] ;;; curseforge; {'id': 12738, 'gameVersionTypeID': 1, 'name': '1.21.4', 'slug': '1-21-4', 'apiVersion': ''}
[2026, 9, 28, 9, 41, 31] ;;; curseforge; {'id': 16118, 'gameVersionTypeID': 615, 'name': '1.21.4', 'slug': '1-21-4', 'apiVersion': ''}
[2026, 9, 28, 9, 41, 49] ;;; curseforge; {'id': 9638, 'gameVersionTypeID': 75208, 'name': 'Client', 'slug': 'client', 'apiVersion': ''}
[2026, 9, 28, 9, 41, 49] ;;; curseforge; {'id': 9639, 'gameVersionTypeID': 75208, 'name': 'Server', 'slug': 'server', 'apiVersion': ''}
[2026, 9, 28, 9, 41, 49] ;;; curseforge; {'id': 10150, 'gameVersionTypeID': 68441, 'name': 'NeoForge', 'slug': 'neoforge', 'apiVersion': ''}
[2026, 9, 28, 9, 41, 49] ;;; curseforge; {'id': 12934, 'gameVersionTypeID': 77784, 'name': '1.21.5', 'slug': '1-21-5', 'apiVersion': None}
[2026, 9, 28, 9, 41, 49] ;;; curseforge; {'id': 12988, 'gameVersionTypeID': 1, 'name': '1.21.5', 'slug': '1-21-5', 'apiVersion': ''}
[2026, 9, 28, 9, 41, 49] ;;; curseforge; {'id': 16119, 'gameVersionTypeID': 615, 'name': '1.21.5', 'slug': '1-21-5', 'apiVersion': ''}
[2026, 9, 28, 9, 41, 49] ;;; curseforge; {'id': 9638, 'gameVersionTypeID': 75208, 'name': 'Client', 'slug': 'client', 'apiVersion': ''}
[2026, 9, 28, 9, 41, 49] ;;; curseforge; {'id': 9639, 'gameVersionTypeID': 75208, 'name': 'Server', 'slug': 'server', 'apiVersion': ''}
[2026, 9, 28, 9, 41, 49] ;;; curseforge; {'id': 10150, 'gameVersionTypeID': 68441, 'name': 'NeoForge', 'slug': 'neoforge', 'apiVersion': ''}
[2026, 9, 28, 9, 41, 49] ;;; curseforge; {'id': 13506, 'gameVersionTypeID': 77784, 'name': '1.21.7', 'slug': '1-21-7', 'apiVersion': None}
[2026, 9, 28, 9, 41, 49] ;;; curseforge; {'id': 13574, 'gameVersionTypeID': 1, 'name': '1.21.7', 'slug': '1-21-7', 'apiVersion': ''}
[2026, 9, 28, 9, 41, 49] ;;; curseforge; {'id': 16121, 'gameVersionTypeID': 615, 'name': '1.21.7', 'slug': '1-21-7', 'apiVersion': ''}
[2026, 9, 28, 9, 41, 49] ;;; curseforge; {'file': ('ghosts_and_ghouls-neoforge-1.21.5_1.61.0.jar', <_io.BufferedReader name='.\\releases\\1.61.0\\ghosts_and_ghouls-neoforge-1.21.5_1.61.0.jar'>, 'application/jar'), 'metadata': (None, '{"changelog": "", "displayName": "ghosts_and_ghouls neoforge 1.21.5 1.61.0", "gameVersions": [9638, 9639, 10150, 12934, 13506], "gameVersionNames": ["Client", "Server", "NeoForge", "1.21.5", "1.21.7"], "releaseType": "release", "relations": {"projects": [{"slug": "gstools", "projectID": 1404020, "type": "requiredDependency"}]}}', 'application/json')}
[2026, 9, 28, 9, 41, 56] ;;; curseforge; Mod file uploaded successfully! Response: {'id': 8999565}
[2026, 9, 28, 9, 41, 57] ;;; curseforge; {'id': 9638, 'gameVersionTypeID': 75208, 'name': 'Client', 'slug': 'client', 'apiVersion': ''}
[2026, 9, 28, 9, 41, 57] ;;; curseforge; {'id': 9639, 'gameVersionTypeID': 75208, 'name': 'Server', 'slug': 'server', 'apiVersion': ''}
[2026, 9, 28, 9, 41, 57] ;;; curseforge; {'id': 10150, 'gameVersionTypeID': 68441, 'name': 'NeoForge', 'slug': 'neoforge', 'apiVersion': ''}
[2026, 9, 28, 9, 41, 57] ;;; curseforge; {'id': 12934, 'gameVersionTypeID': 77784, 'name': '1.21.5', 'slug': '1-21-5', 'apiVersion': None}
[2026, 9, 28, 9, 41, 57] ;;; curseforge; {'id': 12988, 'gameVersionTypeID': 1, 'name': '1.21.5', 'slug': '1-21-5', 'apiVersion': ''}
[2026, 9, 28, 9, 41, 57] ;;; curseforge; {'id': 16119, 'gameVersionTypeID': 615, 'name': '1.21.5', 'slug': '1-21-5', 'apiVersion': ''}
[2026, 9, 28, 9, 41, 57] ;;; curseforge; {'id': 9638, 'gameVersionTypeID': 75208, 'name': 'Client', 'slug': 'client', 'apiVersion': ''}
[2026, 9, 28, 9, 41, 57] ;;; curseforge; {'id': 9639, 'gameVersionTypeID': 75208, 'name': 'Server', 'slug': 'server', 'apiVersion': ''}
[2026, 9, 28, 9, 41, 57] ;;; curseforge; {'id': 10150, 'gameVersionTypeID': 68441, 'name': 'NeoForge', 'slug': 'neoforge', 'apiVersion': ''}
[2026, 9, 28, 9, 41, 57] ;;; curseforge; {'id': 13506, 'gameVersionTypeID': 77784, 'name': '1.21.7', 'slug': '1-21-7', 'apiVersion': None}
[2026, 9, 28, 9, 41, 57] ;;; curseforge; {'id': 13574, 'gameVersionTypeID': 1, 'name': '1.21.7', 'slug': '1-21-7', 'apiVersion': ''}
[2026, 9, 28, 9, 41, 57] ;;; curseforge; {'id': 16121, 'gameVersionTypeID': 615, 'name': '1.21.7', 'slug': '1-21-7', 'apiVersion': ''}
[2026, 9, 28, 9, 42, 14] ;;; curseforge; {'id': 9638, 'gameVersionTypeID': 75208, 'name': 'Client', 'slug': 'client', 'apiVersion': ''}
[2026, 9, 28, 9, 42, 14] ;;; curseforge; {'id': 9639, 'gameVersionTypeID': 75208, 'name': 'Server', 'slug': 'server', 'apiVersion': ''}
[2026, 9, 28, 9, 42, 14] ;;; curseforge; {'id': 10150, 'gameVersionTypeID': 68441, 'name': 'NeoForge', 'slug': 'neoforge', 'apiVersion': ''}
[2026, 9, 28, 9, 42, 14] ;;; curseforge; {'id': 13620, 'gameVersionTypeID': 77784, 'name': '1.21.8', 'slug': '1-21-8', 'apiVersion': None}
[2026, 9, 28, 9, 42, 14] ;;; curseforge; {'id': 13683, 'gameVersionTypeID': 1, 'name': '1.21.8', 'slug': '1-21-8', 'apiVersion': ''}
[2026, 9, 28, 9, 42, 14] ;;; curseforge; {'id': 16124, 'gameVersionTypeID': 615, 'name': '1.21.8', 'slug': '1-21-8', 'apiVersion': ''}
[2026, 9, 28, 9, 42, 14] ;;; curseforge; {'id': 9638, 'gameVersionTypeID': 75208, 'name': 'Client', 'slug': 'client', 'apiVersion': ''}
[2026, 9, 28, 9, 42, 14] ;;; curseforge; {'id': 9639, 'gameVersionTypeID': 75208, 'name': 'Server', 'slug': 'server', 'apiVersion': ''}
[2026, 9, 28, 9, 42, 14] ;;; curseforge; {'id': 10150, 'gameVersionTypeID': 68441, 'name': 'NeoForge', 'slug': 'neoforge', 'apiVersion': ''}
[2026, 9, 28, 9, 42, 14] ;;; curseforge; {'id': 13927, 'gameVersionTypeID': 77784, 'name': '1.21.9', 'slug': '1-21-9', 'apiVersion': None}
[2026, 9, 28, 9, 42, 14] ;;; curseforge; {'id': 13933, 'gameVersionTypeID': 1, 'name': '1.21.9', 'slug': '1-21-9', 'apiVersion': ''}
[2026, 9, 28, 9, 42, 14] ;;; curseforge; {'id': 16125, 'gameVersionTypeID': 615, 'name': '1.21.9', 'slug': '1-21-9', 'apiVersion': ''}
[2026, 9, 28, 9, 42, 14] ;;; curseforge; {'id': 9638, 'gameVersionTypeID': 75208, 'name': 'Client', 'slug': 'client', 'apiVersion': ''}
[2026, 9, 28, 9, 42, 14] ;;; curseforge; {'id': 9639, 'gameVersionTypeID': 75208, 'name': 'Server', 'slug': 'server', 'apiVersion': ''}
[2026, 9, 28, 9, 42, 14] ;;; curseforge; {'id': 10150, 'gameVersionTypeID': 68441, 'name': 'NeoForge', 'slug': 'neoforge', 'apiVersion': ''}
[2026, 9, 28, 9, 42, 14] ;;; curseforge; {'id': 13964, 'gameVersionTypeID': 77784, 'name': '1.21.10', 'slug': '1-21-10', 'apiVersion': None}
[2026, 9, 28, 9, 42, 14] ;;; curseforge; {'id': 13966, 'gameVersionTypeID': 1, 'name': '1.21.10', 'slug': '1-21-10', 'apiVersion': ''}
[2026, 9, 28, 9, 42, 14] ;;; curseforge; {'id': 16126, 'gameVersionTypeID': 615, 'name': '1.21.10', 'slug': '1-21-10', 'apiVersion': ''}
[2026, 9, 28, 9, 42, 14] ;;; curseforge; {'id': 9638, 'gameVersionTypeID': 75208, 'name': 'Client', 'slug': 'client', 'apiVersion': ''}
[2026, 9, 28, 9, 42, 14] ;;; curseforge; {'id': 9639, 'gameVersionTypeID': 75208, 'name': 'Server', 'slug': 'server', 'apiVersion': ''}
[2026, 9, 28, 9, 42, 14] ;;; curseforge; {'id': 10150, 'gameVersionTypeID': 68441, 'name': 'NeoForge', 'slug': 'neoforge', 'apiVersion': ''}
[2026, 9, 28, 9, 42, 14] ;;; curseforge; {'id': 14406, 'gameVersionTypeID': 77784, 'name': '1.21.11', 'slug': '1-21-11', 'apiVersion': None}
[2026, 9, 28, 9, 42, 14] ;;; curseforge; {'id': 14417, 'gameVersionTypeID': 1, 'name': '1.21.11', 'slug': '1-21-11', 'apiVersion': ''}
[2026, 9, 28, 9, 42, 14] ;;; curseforge; {'id': 16127, 'gameVersionTypeID': 615, 'name': '1.21.11', 'slug': '1-21-11', 'apiVersion': ''}
[2026, 9, 28, 9, 42, 14] ;;; curseforge; {'file': ('ghosts_and_ghouls-neoforge-1.21.8_1.61.0.jar', <_io.BufferedReader name='.\\releases\\1.61.0\\ghosts_and_ghouls-neoforge-1.21.8_1.61.0.jar'>, 'application/jar'), 'metadata': (None, '{"changelog": "", "displayName": "ghosts_and_ghouls neoforge 1.21.8 1.61.0", "gameVersions": [9638, 9639, 10150, 13620, 13927, 13964, 14406], "gameVersionNames": ["Client", "Server", "NeoForge", "1.21.8", "1.21.9", "1.21.10", "1.21.11"], "releaseType": "release", "relations": {"projects": [{"slug": "gstools", "projectID": 1404020, "type": "requiredDependency"}]}}', 'application/json')}
[2026, 9, 28, 9, 42, 19] ;;; curseforge; Mod file uploaded successfully! Response: {'id': 8999566}
[2026, 9, 28, 9, 42, 20] ;;; curseforge; {'id': 9638, 'gameVersionTypeID': 75208, 'name': 'Client', 'slug': 'client', 'apiVersion': ''}
[2026, 9, 28, 9, 42, 20] ;;; curseforge; {'id': 9639, 'gameVersionTypeID': 75208, 'name': 'Server', 'slug': 'server', 'apiVersion': ''}
[2026, 9, 28, 9, 42, 20] ;;; curseforge; {'id': 10150, 'gameVersionTypeID': 68441, 'name': 'NeoForge', 'slug': 'neoforge', 'apiVersion': ''}
[2026, 9, 28, 9, 42, 20] ;;; curseforge; {'id': 13620, 'gameVersionTypeID': 77784, 'name': '1.21.8', 'slug': '1-21-8', 'apiVersion': None}
[2026, 9, 28, 9, 42, 20] ;;; curseforge; {'id': 13683, 'gameVersionTypeID': 1, 'name': '1.21.8', 'slug': '1-21-8', 'apiVersion': ''}
[2026, 9, 28, 9, 42, 20] ;;; curseforge; {'id': 16124, 'gameVersionTypeID': 615, 'name': '1.21.8', 'slug': '1-21-8', 'apiVersion': ''}
[2026, 9, 28, 9, 42, 20] ;;; curseforge; {'id': 9638, 'gameVersionTypeID': 75208, 'name': 'Client', 'slug': 'client', 'apiVersion': ''}
[2026, 9, 28, 9, 42, 20] ;;; curseforge; {'id': 9639, 'gameVersionTypeID': 75208, 'name': 'Server', 'slug': 'server', 'apiVersion': ''}
[2026, 9, 28, 9, 42, 20] ;;; curseforge; {'id': 10150, 'gameVersionTypeID': 68441, 'name': 'NeoForge', 'slug': 'neoforge', 'apiVersion': ''}
[2026, 9, 28, 9, 42, 20] ;;; curseforge; {'id': 13927, 'gameVersionTypeID': 77784, 'name': '1.21.9', 'slug': '1-21-9', 'apiVersion': None}
[2026, 9, 28, 9, 42, 20] ;;; curseforge; {'id': 13933, 'gameVersionTypeID': 1, 'name': '1.21.9', 'slug': '1-21-9', 'apiVersion': ''}
[2026, 9, 28, 9, 42, 20] ;;; curseforge; {'id': 16125, 'gameVersionTypeID': 615, 'name': '1.21.9', 'slug': '1-21-9', 'apiVersion': ''}
[2026, 9, 28, 9, 42, 20] ;;; curseforge; {'id': 9638, 'gameVersionTypeID': 75208, 'name': 'Client', 'slug': 'client', 'apiVersion': ''}
[2026, 9, 28, 9, 42, 20] ;;; curseforge; {'id': 9639, 'gameVersionTypeID': 75208, 'name': 'Server', 'slug': 'server', 'apiVersion': ''}
[2026, 9, 28, 9, 42, 20] ;;; curseforge; {'id': 10150, 'gameVersionTypeID': 68441, 'name': 'NeoForge', 'slug': 'neoforge', 'apiVersion': ''}
[2026, 9, 28, 9, 42, 20] ;;; curseforge; {'id': 13964, 'gameVersionTypeID': 77784, 'name': '1.21.10', 'slug': '1-21-10', 'apiVersion': None}
[2026, 9, 28, 9, 42, 20] ;;; curseforge; {'id': 13966, 'gameVersionTypeID': 1, 'name': '1.21.10', 'slug': '1-21-10', 'apiVersion': ''}
[2026, 9, 28, 9, 42, 20] ;;; curseforge; {'id': 16126, 'gameVersionTypeID': 615, 'name': '1.21.10', 'slug': '1-21-10', 'apiVersion': ''}
[2026, 9, 28, 9, 42, 20] ;;; curseforge; {'id': 9638, 'gameVersionTypeID': 75208, 'name': 'Client', 'slug': 'client', 'apiVersion': ''}
[2026, 9, 28, 9, 42, 20] ;;; curseforge; {'id': 9639, 'gameVersionTypeID': 75208, 'name': 'Server', 'slug': 'server', 'apiVersion': ''}
[2026, 9, 28, 9, 42, 20] ;;; curseforge; {'id': 10150, 'gameVersionTypeID': 68441, 'name': 'NeoForge', 'slug': 'neoforge', 'apiVersion': ''}
[2026, 9, 28, 9, 42, 20] ;;; curseforge; {'id': 14406, 'gameVersionTypeID': 77784, 'name': '1.21.11', 'slug': '1-21-11', 'apiVersion': None}
[2026, 9, 28, 9, 42, 20] ;;; curseforge; {'id': 14417, 'gameVersionTypeID': 1, 'name': '1.21.11', 'slug': '1-21-11', 'apiVersion': ''}
[2026, 9, 28, 9, 42, 20] ;;; curseforge; {'id': 16127, 'gameVersionTypeID': 615, 'name': '1.21.11', 'slug': '1-21-11', 'apiVersion': ''}
[2026, 9, 28, 9, 42, 41] ;;; curseforge; {'id': 9638, 'gameVersionTypeID': 75208, 'name': 'Client', 'slug': 'client', 'apiVersion': ''}
[2026, 9, 28, 9, 42, 41] ;;; curseforge; {'id': 9639, 'gameVersionTypeID': 75208, 'name': 'Server', 'slug': 'server', 'apiVersion': ''}
[2026, 9, 28, 9, 42, 41] ;;; curseforge; {'id': 10150, 'gameVersionTypeID': 68441, 'name': 'NeoForge', 'slug': 'neoforge', 'apiVersion': ''}
[2026, 9, 28, 9, 42, 41] ;;; curseforge; {'id': 15933, 'gameVersionTypeID': 83806, 'name': '26.1', 'slug': '26-1', 'apiVersion': None}
[2026, 9, 28, 9, 42, 41] ;;; curseforge; {'id': 16083, 'gameVersionTypeID': 1, 'name': '26.1', 'slug': '26-1', 'apiVersion': ''}
[2026, 9, 28, 9, 42, 41] ;;; curseforge; {'id': 16128, 'gameVersionTypeID': 615, 'name': '26.1', 'slug': '26-1', 'apiVersion': ''}
[2026, 9, 28, 9, 42, 41] ;;; curseforge; {'id': 9638, 'gameVersionTypeID': 75208, 'name': 'Client', 'slug': 'client', 'apiVersion': ''}
[2026, 9, 28, 9, 42, 41] ;;; curseforge; {'id': 9639, 'gameVersionTypeID': 75208, 'name': 'Server', 'slug': 'server', 'apiVersion': ''}
[2026, 9, 28, 9, 42, 41] ;;; curseforge; {'id': 10150, 'gameVersionTypeID': 68441, 'name': 'NeoForge', 'slug': 'neoforge', 'apiVersion': ''}
[2026, 9, 28, 9, 42, 41] ;;; curseforge; {'id': 16021, 'gameVersionTypeID': 83806, 'name': '26.1.1', 'slug': '26-1-1', 'apiVersion': None}
[2026, 9, 28, 9, 42, 41] ;;; curseforge; {'id': 16084, 'gameVersionTypeID': 1, 'name': '26.1.1', 'slug': '26-1-1', 'apiVersion': ''}
[2026, 9, 28, 9, 42, 41] ;;; curseforge; {'id': 16129, 'gameVersionTypeID': 615, 'name': '26.1.1', 'slug': '26-1-1', 'apiVersion': ''}
[2026, 9, 28, 9, 42, 41] ;;; curseforge; {'id': 9638, 'gameVersionTypeID': 75208, 'name': 'Client', 'slug': 'client', 'apiVersion': ''}
[2026, 9, 28, 9, 42, 41] ;;; curseforge; {'id': 9639, 'gameVersionTypeID': 75208, 'name': 'Server', 'slug': 'server', 'apiVersion': ''}
[2026, 9, 28, 9, 42, 41] ;;; curseforge; {'id': 10150, 'gameVersionTypeID': 68441, 'name': 'NeoForge', 'slug': 'neoforge', 'apiVersion': ''}
[2026, 9, 28, 9, 42, 41] ;;; curseforge; {'id': 16082, 'gameVersionTypeID': 83806, 'name': '26.1.2', 'slug': '26-1-2', 'apiVersion': None}
[2026, 9, 28, 9, 42, 41] ;;; curseforge; {'id': 16085, 'gameVersionTypeID': 1, 'name': '26.1.2', 'slug': '26-1-2', 'apiVersion': ''}
[2026, 9, 28, 9, 42, 41] ;;; curseforge; {'id': 16130, 'gameVersionTypeID': 615, 'name': '26.1.2', 'slug': '26-1-2', 'apiVersion': ''}
[2026, 9, 28, 9, 42, 41] ;;; curseforge; {'file': ('ghosts_and_ghouls-neoforge-26.1_1.61.0.jar', <_io.BufferedReader name='.\\releases\\1.61.0\\ghosts_and_ghouls-neoforge-26.1_1.61.0.jar'>, 'application/jar'), 'metadata': (None, '{"changelog": "", "displayName": "ghosts_and_ghouls neoforge 26.1 1.61.0", "gameVersions": [9638, 9639, 10150, 15933, 16021, 16082], "gameVersionNames": ["Client", "Server", "NeoForge", "26.1", "26.1.1", "26.1.2"], "releaseType": "release", "relations": {"projects": [{"slug": "gstools", "projectID": 1404020, "type": "requiredDependency"}]}}', 'application/json')}
[2026, 9, 28, 9, 42, 47] ;;; curseforge; Mod file uploaded successfully! Response: {'id': 8999570}
[2026, 9, 28, 9, 42, 48] ;;; curseforge; {'id': 9638, 'gameVersionTypeID': 75208, 'name': 'Client', 'slug': 'client', 'apiVersion': ''}
[2026, 9, 28, 9, 42, 48] ;;; curseforge; {'id': 9639, 'gameVersionTypeID': 75208, 'name': 'Server', 'slug': 'server', 'apiVersion': ''}
[2026, 9, 28, 9, 42, 48] ;;; curseforge; {'id': 10150, 'gameVersionTypeID': 68441, 'name': 'NeoForge', 'slug': 'neoforge', 'apiVersion': ''}
[2026, 9, 28, 9, 42, 48] ;;; curseforge; {'id': 15933, 'gameVersionTypeID': 83806, 'name': '26.1', 'slug': '26-1', 'apiVersion': None}
[2026, 9, 28, 9, 42, 48] ;;; curseforge; {'id': 16083, 'gameVersionTypeID': 1, 'name': '26.1', 'slug': '26-1', 'apiVersion': ''}
[2026, 9, 28, 9, 42, 48] ;;; curseforge; {'id': 16128, 'gameVersionTypeID': 615, 'name': '26.1', 'slug': '26-1', 'apiVersion': ''}
[2026, 9, 28, 9, 42, 48] ;;; curseforge; {'id': 9638, 'gameVersionTypeID': 75208, 'name': 'Client', 'slug': 'client', 'apiVersion': ''}
[2026, 9, 28, 9, 42, 48] ;;; curseforge; {'id': 9639, 'gameVersionTypeID': 75208, 'name': 'Server', 'slug': 'server', 'apiVersion': ''}
[2026, 9, 28, 9, 42, 48] ;;; curseforge; {'id': 10150, 'gameVersionTypeID': 68441, 'name': 'NeoForge', 'slug': 'neoforge', 'apiVersion': ''}
[2026, 9, 28, 9, 42, 48] ;;; curseforge; {'id': 16021, 'gameVersionTypeID': 83806, 'name': '26.1.1', 'slug': '26-1-1', 'apiVersion': None}
[2026, 9, 28, 9, 42, 48] ;;; curseforge; {'id': 16084, 'gameVersionTypeID': 1, 'name': '26.1.1', 'slug': '26-1-1', 'apiVersion': ''}
[2026, 9, 28, 9, 42, 48] ;;; curseforge; {'id': 16129, 'gameVersionTypeID': 615, 'name': '26.1.1', 'slug': '26-1-1', 'apiVersion': ''}
[2026, 9, 28, 9, 42, 48] ;;; curseforge; {'id': 9638, 'gameVersionTypeID': 75208, 'name': 'Client', 'slug': 'client', 'apiVersion': ''}
[2026, 9, 28, 9, 42, 48] ;;; curseforge; {'id': 9639, 'gameVersionTypeID': 75208, 'name': 'Server', 'slug': 'server', 'apiVersion': ''}
[2026, 9, 28, 9, 42, 48] ;;; curseforge; {'id': 10150, 'gameVersionTypeID': 68441, 'name': 'NeoForge', 'slug': 'neoforge', 'apiVersion': ''}
[2026, 9, 28, 9, 42, 48] ;;; curseforge; {'id': 16082, 'gameVersionTypeID': 83806, 'name': '26.1.2', 'slug': '26-1-2', 'apiVersion': None}
[2026, 9, 28, 9, 42, 48] ;;; curseforge; {'id': 16085, 'gameVersionTypeID': 1, 'name': '26.1.2', 'slug': '26-1-2', 'apiVersion': ''}
[2026, 9, 28, 9, 42, 48] ;;; curseforge; {'id': 16130, 'gameVersionTypeID': 615, 'name': '26.1.2', 'slug': '26-1-2', 'apiVersion': ''}