
[2026, 9, 27, 13, 34, 21] ;;; release; Releasing new mod version!
[2026, 9, 27, 14, 4, 47] ;;; release; block_decay-fabric-1.21.10_1.61.0.jar
[2026, 9, 27, 14, 4, 47] ;;; release; block_decay-fabric-1.21.11_1.61.0.jar
[2026, 9, 27, 14, 4, 47] ;;; release; block_decay-fabric-1.21.8_1.61.0.jar
[2026, 9, 27, 14, 4, 47] ;;; release; block_decay-fabric-1.21.9_1.61.0.jar
[2026, 9, 27, 14, 4, 47] ;;; release; block_decay-fabric-26.1_1.61.0.jar
[2026, 9, 27, 14, 4, 47] ;;; release; block_decay-fabric-26.2_1.61.0.jar
[2026, 9, 27, 14, 4, 47] ;;; release; block_decay-fabric-26.3_1.61.0.jar
[2026, 9, 27, 14, 4, 47] ;;; release; block_decay-forge-1.19.4_1.61.0.jar
[2026, 9, 27, 14, 4, 47] ;;; release; block_decay-forge-1.20.1_1.61.0.jar
[2026, 9, 27, 14, 4, 47] ;;; release; block_decay-neoforge-1.20.4_1.61.0.jar
[2026, 9, 27, 14, 4, 47] ;;; release; block_decay-neoforge-1.20.6_1.61.0.jar
[2026, 9, 27, 14, 4, 47] ;;; release; block_decay-neoforge-1.21.10_1.61.0.jar
[2026, 9, 27, 14, 4, 47] ;;; release; block_decay-neoforge-1.21.11_1.61.0.jar
[2026, 9, 27, 14, 4, 47] ;;; release; block_decay-neoforge-1.21.1_1.61.0.jar
[2026, 9, 27, 14, 4, 47] ;;; release; block_decay-neoforge-1.21.2_1.61.0.jar
[2026, 9, 27, 14, 4, 47] ;;; release; block_decay-neoforge-1.21.4_1.61.0.jar
[2026, 9, 27, 14, 4, 47] ;;; release; block_decay-neoforge-1.21.5_1.61.0.jar
[2026, 9, 27, 14, 4, 47] ;;; release; block_decay-neoforge-1.21.8_1.61.0.jar
[2026, 9, 27, 14, 4, 47] ;;; release; block_decay-neoforge-1.21.9_1.61.0.jar
[2026, 9, 27, 14, 4, 47] ;;; release; block_decay-neoforge-1.21_1.61.0.jar
[2026, 9, 27, 14, 4, 47] ;;; release; block_decay-neoforge-26.1_1.61.0.jar
[2026, 9, 27, 14, 4, 47] ;;; release; block_decay-neoforge-26.2_1.61.0.jar
[2026, 9, 27, 14, 4, 47] ;;; release; block_decay-neoforge-26.3_1.61.0.jar
[2026, 9, 27, 14, 4, 47] ;;; release; desire_paths-fabric-1.21.8_1.61.0.jar
[2026, 9, 27, 14, 4, 47] ;;; release; desire_paths-fabric-1.21.9_1.61.0.jar
[2026, 9, 27, 14, 4, 47] ;;; release; desire_paths-fabric-26.1_1.61.0.jar
[2026, 9, 27, 14, 4, 47] ;;; release; desire_paths-fabric-26.2_1.61.0.jar
[2026, 9, 27, 14, 4, 47] ;;; release; desire_paths-fabric-26.3_1.61.0.jar
[2026, 9, 27, 14, 4, 47] ;;; release; desire_paths-forge-1.19.4_1.61.0.jar
[2026, 9, 27, 14, 4, 47] ;;; release; desire_paths-forge-1.20.1_1.61.0.jar
[2026, 9, 27, 14, 4, 47] ;;; release; desire_paths-neoforge-1.20.4_1.61.0.jar
[2026, 9, 27, 14, 4, 47] ;;; release; desire_paths-neoforge-1.20.6_1.61.0.jar
[2026, 9, 27, 14, 4, 47] ;;; release; desire_paths-neoforge-1.21.1_1.61.0.jar
[2026, 9, 27, 14, 4, 47] ;;; release; desire_paths-neoforge-1.21.2_1.61.0.jar
[2026, 9, 27, 14, 4, 47] ;;; release; desire_paths-neoforge-1.21.4_1.61.0.jar
[2026, 9, 27, 14, 4, 47] ;;; release; desire_paths-neoforge-1.21.5_1.61.0.jar
[2026, 9, 27, 14, 4, 47] ;;; release; desire_paths-neoforge-1.21.8_1.61.0.jar
[2026, 9, 27, 14, 4, 47] ;;; release; desire_paths-neoforge-26.1_1.61.0.jar
[2026, 9, 27, 14, 4, 47] ;;; release; desire_paths-neoforge-26.2_1.61.0.jar
[2026, 9, 27, 14, 4, 47] ;;; release; desire_paths-neoforge-26.3_1.61.0.jar
[2026, 9, 27, 14, 4, 47] ;;; release; dynamic_dirt-fabric-1.21.8_1.61.0.jar
[2026, 9, 27, 14, 4, 47] ;;; release; dynamic_dirt-fabric-1.21.9_1.61.0.jar
[2026, 9, 27, 14, 4, 47] ;;; release; dynamic_dirt-fabric-26.1_1.61.0.jar
[2026, 9, 27, 14, 4, 47] ;;; release; dynamic_dirt-fabric-26.2_1.61.0.jar
[2026, 9, 27, 14, 4, 47] ;;; release; dynamic_dirt-fabric-26.3_1.61.0.jar
[2026, 9, 27, 14, 4, 47] ;;; release; dynamic_dirt-forge-1.19.4_1.61.0.jar
[2026, 9, 27, 14, 4, 47] ;;; release; dynamic_dirt-forge-1.20.1_1.61.0.jar
[2026, 9, 27, 14, 4, 47] ;;; release; dynamic_dirt-neoforge-1.20.4_1.61.0.jar
[2026, 9, 27, 14, 4, 47] ;;; release; dynamic_dirt-neoforge-1.20.6_1.61.0.jar
[2026, 9, 27, 14, 4, 47] ;;; release; dynamic_dirt-neoforge-1.21.1_1.61.0.jar
[2026, 9, 27, 14, 4, 47] ;;; release; dynamic_dirt-neoforge-1.21.2_1.61.0.jar
[2026, 9, 27, 14, 4, 47] ;;; release; dynamic_dirt-neoforge-1.21.4_1.61.0.jar
[2026, 9, 27, 14, 4, 47] ;;; release; dynamic_dirt-neoforge-1.21.5_1.61.0.jar
[2026, 9, 27, 14, 4, 47] ;;; release; dynamic_dirt-neoforge-1.21.8_1.61.0.jar
[2026, 9, 27, 14, 4, 47] ;;; release; dynamic_dirt-neoforge-26.1_1.61.0.jar
[2026, 9, 27, 14, 4, 47] ;;; release; dynamic_dirt-neoforge-26.2_1.61.0.jar
[2026, 9, 27, 14, 4, 47] ;;; release; dynamic_dirt-neoforge-26.3_1.61.0.jar
[2026, 9, 27, 14, 4, 47] ;;; release; dynamic_ecosystems-fabric-1.21.8_1.61.0.jar
[2026, 9, 27, 14, 4, 47] ;;; release; dynamic_ecosystems-fabric-1.21.9_1.61.0.jar
[2026, 9, 27, 14, 4, 47] ;;; release; dynamic_ecosystems-fabric-26.1_1.61.0.jar
[2026, 9, 27, 14, 4, 47] ;;; release; dynamic_ecosystems-fabric-26.2_1.61.0.jar
[2026, 9, 27, 14, 4, 47] ;;; release; dynamic_ecosystems-fabric-26.3_1.61.0.jar
[2026, 9, 27, 14, 4, 47] ;;; release; dynamic_ecosystems-forge-1.19.4_1.61.0.jar
[2026, 9, 27, 14, 4, 47] ;;; release; dynamic_ecosystems-forge-1.20.1_1.61.0.jar
[2026, 9, 27, 14, 4, 47] ;;; release; dynamic_ecosystems-neoforge-1.20.4_1.61.0.jar
[2026, 9, 27, 14, 4, 47] ;;; release; dynamic_ecosystems-neoforge-1.20.6_1.61.0.jar
[2026, 9, 27, 14, 4, 47] ;;; release; dynamic_ecosystems-neoforge-1.21.1_1.61.0.jar
[2026, 9, 27, 14, 4, 47] ;;; release; dynamic_ecosystems-neoforge-1.21.2_1.61.0.jar
[2026, 9, 27, 14, 4, 47] ;;; release; dynamic_ecosystems-neoforge-1.21.4_1.61.0.jar
[2026, 9, 27, 14, 4, 47] ;;; release; dynamic_ecosystems-neoforge-1.21.5_1.61.0.jar
[2026, 9, 27, 14, 4, 47] ;;; release; dynamic_ecosystems-neoforge-1.21.8_1.61.0.jar
[2026, 9, 27, 14, 4, 47] ;;; release; block_decay-fabric-1.21.10_1.61.0.jar
[2026, 9, 27, 14, 4, 47] ;;; release; block_decay-fabric-1.21.11_1.61.0.jar
[2026, 9, 27, 14, 4, 47] ;;; release; block_decay-fabric-1.21.8_1.61.0.jar
[2026, 9, 27, 14, 4, 47] ;;; release; block_decay-fabric-1.21.9_1.61.0.jar
[2026, 9, 27, 14, 4, 47] ;;; release; block_decay-fabric-26.1_1.61.0.jar
[2026, 9, 27, 14, 4, 47] ;;; release; block_decay-fabric-26.2_1.61.0.jar
[2026, 9, 27, 14, 4, 47] ;;; release; block_decay-fabric-26.3_1.61.0.jar
[2026, 9, 27, 14, 4, 47] ;;; release; block_decay-forge-1.19.4_1.61.0.jar
[2026, 9, 27, 14, 4, 47] ;;; release; block_decay-forge-1.20.1_1.61.0.jar
[2026, 9, 27, 14, 4, 47] ;;; release; block_decay-neoforge-1.20.4_1.61.0.jar
[2026, 9, 27, 14, 4, 47] ;;; release; block_decay-neoforge-1.20.6_1.61.0.jar
[2026, 9, 27, 14, 4, 47] ;;; release; block_decay-neoforge-1.21.10_1.61.0.jar
[2026, 9, 27, 14, 4, 47] ;;; release; block_decay-neoforge-1.21.11_1.61.0.jar
[2026, 9, 27, 14, 4, 47] ;;; release; block_decay-neoforge-1.21.1_1.61.0.jar
[2026, 9, 27, 14, 4, 47] ;;; release; block_decay-neoforge-1.21.2_1.61.0.jar
[2026, 9, 27, 14, 4, 47] ;;; release; block_decay-neoforge-1.21.4_1.61.0.jar
[2026, 9, 27, 14, 4, 47] ;;; release; block_decay-neoforge-1.21.5_1.61.0.jar
[2026, 9, 27, 14, 4, 47] ;;; release; block_decay-neoforge-1.21.8_1.61.0.jar
[2026, 9, 27, 14, 4, 47] ;;; release; block_decay-neoforge-1.21.9_1.61.0.jar
[2026, 9, 27, 14, 4, 47] ;;; release; block_decay-neoforge-1.21_1.61.0.jar
[2026, 9, 27, 14, 4, 47] ;;; release; block_decay-neoforge-26.1_1.61.0.jar
[2026, 9, 27, 14, 4, 47] ;;; release; block_decay-neoforge-26.2_1.61.0.jar
[2026, 9, 27, 14, 4, 47] ;;; release; block_decay-neoforge-26.3_1.61.0.jar
[2026, 9, 27, 14, 4, 47] ;;; release; desire_paths-fabric-1.21.8_1.61.0.jar
[2026, 9, 27, 14, 4, 47] ;;; release; desire_paths-fabric-1.21.9_1.61.0.jar
[2026, 9, 27, 14, 4, 47] ;;; release; desire_paths-fabric-26.1_1.61.0.jar
[2026, 9, 27, 14, 4, 47] ;;; release; desire_paths-fabric-26.2_1.61.0.jar
[2026, 9, 27, 14, 4, 47] ;;; release; desire_paths-fabric-26.3_1.61.0.jar
[2026, 9, 27, 14, 4, 47] ;;; release; desire_paths-forge-1.19.4_1.61.0.jar
[2026, 9, 27, 14, 4, 47] ;;; release; desire_paths-forge-1.20.1_1.61.0.jar
[2026, 9, 27, 14, 4, 47] ;;; release; desire_paths-neoforge-1.20.4_1.61.0.jar
[2026, 9, 27, 14, 4, 47] ;;; release; desire_paths-neoforge-1.20.6_1.61.0.jar
[2026, 9, 27, 14, 4, 47] ;;; release; desire_paths-neoforge-1.21.1_1.61.0.jar
[2026, 9, 27, 14, 4, 47] ;;; release; desire_paths-neoforge-1.21.2_1.61.0.jar
[2026, 9, 27, 14, 4, 47] ;;; release; desire_paths-neoforge-1.21.4_1.61.0.jar
[2026, 9, 27, 14, 4, 47] ;;; release; desire_paths-neoforge-1.21.5_1.61.0.jar
[2026, 9, 27, 14, 4, 47] ;;; release; desire_paths-neoforge-1.21.8_1.61.0.jar
[2026, 9, 27, 14, 4, 47] ;;; release; desire_paths-neoforge-26.1_1.61.0.jar
[2026, 9, 27, 14, 4, 47] ;;; release; desire_paths-neoforge-26.2_1.61.0.jar
[2026, 9, 27, 14, 4, 47] ;;; release; desire_paths-neoforge-26.3_1.61.0.jar
[2026, 9, 27, 14, 4, 47] ;;; release; dynamic_dirt-fabric-1.21.8_1.61.0.jar
[2026, 9, 27, 14, 4, 47] ;;; release; dynamic_dirt-fabric-1.21.9_1.61.0.jar
[2026, 9, 27, 14, 4, 47] ;;; release; dynamic_dirt-fabric-26.1_1.61.0.jar
[2026, 9, 27, 14, 4, 47] ;;; release; dynamic_dirt-fabric-26.2_1.61.0.jar
[2026, 9, 27, 14, 4, 47] ;;; release; dynamic_dirt-fabric-26.3_1.61.0.jar
[2026, 9, 27, 14, 4, 47] ;;; release; dynamic_dirt-forge-1.19.4_1.61.0.jar
[2026, 9, 27, 14, 4, 47] ;;; release; dynamic_dirt-forge-1.20.1_1.61.0.jar
[2026, 9, 27, 14, 4, 47] ;;; release; dynamic_dirt-neoforge-1.20.4_1.61.0.jar
[2026, 9, 27, 14, 4, 47] ;;; release; dynamic_dirt-neoforge-1.20.6_1.61.0.jar
[2026, 9, 27, 14, 4, 47] ;;; release; dynamic_dirt-neoforge-1.21.1_1.61.0.jar
[2026, 9, 27, 14, 4, 47] ;;; release; dynamic_dirt-neoforge-1.21.2_1.61.0.jar
[2026, 9, 27, 14, 4, 47] ;;; release; dynamic_dirt-neoforge-1.21.4_1.61.0.jar
[2026, 9, 27, 14, 4, 47] ;;; release; dynamic_dirt-neoforge-1.21.5_1.61.0.jar
[2026, 9, 27, 14, 4, 47] ;;; release; dynamic_dirt-neoforge-1.21.8_1.61.0.jar
[2026, 9, 27, 14, 4, 47] ;;; release; dynamic_dirt-neoforge-26.1_1.61.0.jar
[2026, 9, 27, 14, 4, 47] ;;; release; dynamic_dirt-neoforge-26.2_1.61.0.jar
[2026, 9, 27, 14, 4, 47] ;;; release; dynamic_dirt-neoforge-26.3_1.61.0.jar
[2026, 9, 27, 14, 4, 47] ;;; release; dynamic_ecosystems-fabric-1.21.8_1.61.0.jar
[2026, 9, 27, 14, 4, 47] ;;; release; dynamic_ecosystems-fabric-1.21.9_1.61.0.jar
[2026, 9, 27, 14, 4, 47] ;;; release; dynamic_ecosystems-fabric-26.1_1.61.0.jar
[2026, 9, 27, 14, 4, 47] ;;; release; dynamic_ecosystems-fabric-26.2_1.61.0.jar
[2026, 9, 27, 14, 4, 47] ;;; release; dynamic_ecosystems-fabric-26.3_1.61.0.jar
[2026, 9, 27, 14, 4, 47] ;;; release; dynamic_ecosystems-forge-1.19.4_1.61.0.jar
[2026, 9, 27, 14, 4, 47] ;;; release; dynamic_ecosystems-forge-1.20.1_1.61.0.jar
[2026, 9, 27, 14, 4, 47] ;;; release; dynamic_ecosystems-neoforge-1.20.4_1.61.0.jar
[2026, 9, 27, 14, 4, 47] ;;; release; dynamic_ecosystems-neoforge-1.20.6_1.61.0.jar
[2026, 9, 27, 14, 4, 47] ;;; release; dynamic_ecosystems-neoforge-1.21.1_1.61.0.jar
[2026, 9, 27, 14, 4, 47] ;;; release; dynamic_ecosystems-neoforge-1.21.2_1.61.0.jar
[2026, 9, 27, 14, 4, 47] ;;; release; dynamic_ecosystems-neoforge-1.21.4_1.61.0.jar
[2026, 9, 27, 14, 4, 47] ;;; release; dynamic_ecosystems-neoforge-1.21.5_1.61.0.jar
[2026, 9, 27, 14, 4, 47] ;;; release; dynamic_ecosystems-neoforge-1.21.8_1.61.0.jar
[2026, 9, 27, 14, 4, 47] ;;; release; block_decay-fabric-1.21.10_1.61.0.jar
[2026, 9, 27, 14, 4, 47] ;;; release; block_decay-fabric-1.21.11_1.61.0.jar
[2026, 9, 27, 14, 4, 47] ;;; release; block_decay-fabric-1.21.8_1.61.0.jar
[2026, 9, 27, 14, 4, 47] ;;; release; block_decay-fabric-1.21.9_1.61.0.jar
[2026, 9, 27, 14, 4, 47] ;;; release; block_decay-fabric-26.1_1.61.0.jar
[2026, 9, 27, 14, 4, 47] ;;; release; block_decay-fabric-26.2_1.61.0.jar
[2026, 9, 27, 14, 4, 47] ;;; release; block_decay-fabric-26.3_1.61.0.jar
[2026, 9, 27, 14, 4, 47] ;;; release; block_decay-forge-1.19.4_1.61.0.jar
[2026, 9, 27, 14, 4, 47] ;;; release; block_decay-forge-1.20.1_1.61.0.jar
[2026, 9, 27, 14, 4, 47] ;;; release; block_decay-neoforge-1.20.4_1.61.0.jar
[2026, 9, 27, 14, 4, 47] ;;; release; block_decay-neoforge-1.20.6_1.61.0.jar
[2026, 9, 27, 14, 4, 47] ;;; release; block_decay-neoforge-1.21.10_1.61.0.jar
[2026, 9, 27, 14, 4, 47] ;;; release; block_decay-neoforge-1.21.11_1.61.0.jar
[2026, 9, 27, 14, 4, 47] ;;; release; block_decay-neoforge-1.21.1_1.61.0.jar
[2026, 9, 27, 14, 4, 47] ;;; release; block_decay-neoforge-1.21.2_1.61.0.jar
[2026, 9, 27, 14, 4, 47] ;;; release; block_decay-neoforge-1.21.4_1.61.0.jar
[2026, 9, 27, 14, 4, 47] ;;; release; block_decay-neoforge-1.21.5_1.61.0.jar
[2026, 9, 27, 14, 4, 47] ;;; release; block_decay-neoforge-1.21.8_1.61.0.jar
[2026, 9, 27, 14, 4, 47] ;;; release; block_decay-neoforge-1.21.9_1.61.0.jar
[2026, 9, 27, 14, 4, 47] ;;; release; block_decay-neoforge-1.21_1.61.0.jar
[2026, 9, 27, 14, 4, 47] ;;; release; block_decay-neoforge-26.1_1.61.0.jar
[2026, 9, 27, 14, 4, 47] ;;; release; block_decay-neoforge-26.2_1.61.0.jar
[2026, 9, 27, 14, 4, 47] ;;; release; block_decay-neoforge-26.3_1.61.0.jar
[2026, 9, 27, 14, 4, 47] ;;; release; desire_paths-fabric-1.21.8_1.61.0.jar
[2026, 9, 27, 14, 4, 47] ;;; release; desire_paths-fabric-1.21.9_1.61.0.jar
[2026, 9, 27, 14, 4, 47] ;;; release; desire_paths-fabric-26.1_1.61.0.jar
[2026, 9, 27, 14, 4, 47] ;;; release; desire_paths-fabric-26.2_1.61.0.jar
[2026, 9, 27, 14, 4, 47] ;;; release; desire_paths-fabric-26.3_1.61.0.jar
[2026, 9, 27, 14, 4, 47] ;;; release; desire_paths-forge-1.19.4_1.61.0.jar
[2026, 9, 27, 14, 4, 47] ;;; release; desire_paths-forge-1.20.1_1.61.0.jar
[2026, 9, 27, 14, 4, 47] ;;; release; desire_paths-neoforge-1.20.4_1.61.0.jar
[2026, 9, 27, 14, 4, 47] ;;; release; desire_paths-neoforge-1.20.6_1.61.0.jar
[2026, 9, 27, 14, 4, 47] ;;; release; desire_paths-neoforge-1.21.1_1.61.0.jar
[2026, 9, 27, 14, 4, 47] ;;; release; desire_paths-neoforge-1.21.2_1.61.0.jar
[2026, 9, 27, 14, 4, 48] ;;; release; desire_paths-neoforge-1.21.4_1.61.0.jar
[2026, 9, 27, 14, 4, 48] ;;; release; desire_paths-neoforge-1.21.5_1.61.0.jar
[2026, 9, 27, 14, 4, 48] ;;; release; desire_paths-neoforge-1.21.8_1.61.0.jar
[2026, 9, 27, 14, 4, 48] ;;; release; desire_paths-neoforge-26.1_1.61.0.jar
[2026, 9, 27, 14, 4, 48] ;;; release; desire_paths-neoforge-26.2_1.61.0.jar
[2026, 9, 27, 14, 4, 48] ;;; release; desire_paths-neoforge-26.3_1.61.0.jar
[2026, 9, 27, 14, 4, 48] ;;; release; dynamic_dirt-fabric-1.21.8_1.61.0.jar
[2026, 9, 27, 14, 4, 48] ;;; release; dynamic_dirt-fabric-1.21.9_1.61.0.jar
[2026, 9, 27, 14, 4, 48] ;;; release; dynamic_dirt-fabric-26.1_1.61.0.jar
[2026, 9, 27, 14, 4, 48] ;;; release; dynamic_dirt-fabric-26.2_1.61.0.jar
[2026, 9, 27, 14, 4, 48] ;;; release; dynamic_dirt-fabric-26.3_1.61.0.jar
[2026, 9, 27, 14, 4, 48] ;;; release; dynamic_dirt-forge-1.19.4_1.61.0.jar
[2026, 9, 27, 14, 4, 48] ;;; release; dynamic_dirt-forge-1.20.1_1.61.0.jar
[2026, 9, 27, 14, 4, 48] ;;; release; dynamic_dirt-neoforge-1.20.4_1.61.0.jar
[2026, 9, 27, 14, 4, 48] ;;; release; dynamic_dirt-neoforge-1.20.6_1.61.0.jar
[2026, 9, 27, 14, 4, 48] ;;; release; dynamic_dirt-neoforge-1.21.1_1.61.0.jar
[2026, 9, 27, 14, 4, 48] ;;; release; dynamic_dirt-neoforge-1.21.2_1.61.0.jar
[2026, 9, 27, 14, 4, 48] ;;; release; dynamic_dirt-neoforge-1.21.4_1.61.0.jar
[2026, 9, 27, 14, 4, 48] ;;; release; dynamic_dirt-neoforge-1.21.5_1.61.0.jar
[2026, 9, 27, 14, 4, 48] ;;; release; dynamic_dirt-neoforge-1.21.8_1.61.0.jar
[2026, 9, 27, 14, 4, 48] ;;; release; dynamic_dirt-neoforge-26.1_1.61.0.jar
[2026, 9, 27, 14, 4, 48] ;;; release; dynamic_dirt-neoforge-26.2_1.61.0.jar
[2026, 9, 27, 14, 4, 48] ;;; release; dynamic_dirt-neoforge-26.3_1.61.0.jar
[2026, 9, 27, 14, 4, 48] ;;; release; dynamic_ecosystems-fabric-1.21.8_1.61.0.jar
[2026, 9, 27, 14, 4, 48] ;;; release; dynamic_ecosystems-fabric-1.21.9_1.61.0.jar
[2026, 9, 27, 14, 4, 48] ;;; release; dynamic_ecosystems-fabric-26.1_1.61.0.jar
[2026, 9, 27, 14, 4, 48] ;;; release; dynamic_ecosystems-fabric-26.2_1.61.0.jar
[2026, 9, 27, 14, 4, 48] ;;; release; dynamic_ecosystems-fabric-26.3_1.61.0.jar
[2026, 9, 27, 14, 4, 48] ;;; release; dynamic_ecosystems-forge-1.19.4_1.61.0.jar
[2026, 9, 27, 14, 4, 48] ;;; release; dynamic_ecosystems-forge-1.20.1_1.61.0.jar
[2026, 9, 27, 14, 4, 48] ;;; release; dynamic_ecosystems-neoforge-1.20.4_1.61.0.jar
[2026, 9, 27, 14, 4, 48] ;;; release; dynamic_ecosystems-neoforge-1.20.6_1.61.0.jar
[2026, 9, 27, 14, 4, 48] ;;; release; dynamic_ecosystems-neoforge-1.21.1_1.61.0.jar
[2026, 9, 27, 14, 4, 48] ;;; release; dynamic_ecosystems-neoforge-1.21.2_1.61.0.jar
[2026, 9, 27, 14, 4, 48] ;;; release; dynamic_ecosystems-neoforge-1.21.4_1.61.0.jar
[2026, 9, 27, 14, 4, 48] ;;; release; dynamic_ecosystems-neoforge-1.21.5_1.61.0.jar
[2026, 9, 27, 14, 4, 48] ;;; release; dynamic_ecosystems-neoforge-1.21.8_1.61.0.jar
[2026, 9, 27, 14, 4, 48] ;;; release; block_decay-fabric-1.21.10_1.61.0.jar
[2026, 9, 27, 14, 4, 48] ;;; release; block_decay-fabric-1.21.11_1.61.0.jar
[2026, 9, 27, 14, 4, 48] ;;; release; block_decay-fabric-1.21.8_1.61.0.jar
[2026, 9, 27, 14, 4, 48] ;;; release; block_decay-fabric-1.21.9_1.61.0.jar
[2026, 9, 27, 14, 4, 48] ;;; release; block_decay-fabric-26.1_1.61.0.jar
[2026, 9, 27, 14, 4, 48] ;;; release; block_decay-fabric-26.2_1.61.0.jar
[2026, 9, 27, 14, 4, 48] ;;; release; block_decay-fabric-26.3_1.61.0.jar
[2026, 9, 27, 14, 4, 48] ;;; release; block_decay-forge-1.19.4_1.61.0.jar
[2026, 9, 27, 14, 4, 48] ;;; release; block_decay-forge-1.20.1_1.61.0.jar
[2026, 9, 27, 14, 4, 48] ;;; release; block_decay-neoforge-1.20.4_1.61.0.jar
[2026, 9, 27, 14, 4, 48] ;;; release; block_decay-neoforge-1.20.6_1.61.0.jar
[2026, 9, 27, 14, 4, 48] ;;; release; block_decay-neoforge-1.21.10_1.61.0.jar
[2026, 9, 27, 14, 4, 48] ;;; release; block_decay-neoforge-1.21.11_1.61.0.jar
[2026, 9, 27, 14, 4, 48] ;;; release; block_decay-neoforge-1.21.1_1.61.0.jar
[2026, 9, 27, 14, 4, 48] ;;; release; block_decay-neoforge-1.21.2_1.61.0.jar
[2026, 9, 27, 14, 4, 48] ;;; release; block_decay-neoforge-1.21.4_1.61.0.jar
[2026, 9, 27, 14, 4, 48] ;;; release; block_decay-neoforge-1.21.5_1.61.0.jar
[2026, 9, 27, 14, 4, 48] ;;; release; block_decay-neoforge-1.21.8_1.61.0.jar
[2026, 9, 27, 14, 4, 48] ;;; release; block_decay-neoforge-1.21.9_1.61.0.jar
[2026, 9, 27, 14, 4, 48] ;;; release; block_decay-neoforge-1.21_1.61.0.jar
[2026, 9, 27, 14, 4, 48] ;;; release; block_decay-neoforge-26.1_1.61.0.jar
[2026, 9, 27, 14, 4, 48] ;;; release; block_decay-neoforge-26.2_1.61.0.jar
[2026, 9, 27, 14, 4, 48] ;;; release; block_decay-neoforge-26.3_1.61.0.jar
[2026, 9, 27, 14, 4, 48] ;;; release; desire_paths-fabric-1.21.8_1.61.0.jar
[2026, 9, 27, 14, 4, 48] ;;; release; desire_paths-fabric-1.21.9_1.61.0.jar
[2026, 9, 27, 14, 4, 48] ;;; release; desire_paths-fabric-26.1_1.61.0.jar
[2026, 9, 27, 14, 4, 48] ;;; release; desire_paths-fabric-26.2_1.61.0.jar
[2026, 9, 27, 14, 4, 48] ;;; release; desire_paths-fabric-26.3_1.61.0.jar
[2026, 9, 27, 14, 4, 48] ;;; release; desire_paths-forge-1.19.4_1.61.0.jar
[2026, 9, 27, 14, 4, 48] ;;; release; desire_paths-forge-1.20.1_1.61.0.jar
[2026, 9, 27, 14, 4, 48] ;;; release; desire_paths-neoforge-1.20.4_1.61.0.jar
[2026, 9, 27, 14, 4, 48] ;;; release; desire_paths-neoforge-1.20.6_1.61.0.jar
[2026, 9, 27, 14, 4, 48] ;;; release; desire_paths-neoforge-1.21.1_1.61.0.jar
[2026, 9, 27, 14, 4, 48] ;;; release; desire_paths-neoforge-1.21.2_1.61.0.jar
[2026, 9, 27, 14, 4, 48] ;;; release; desire_paths-neoforge-1.21.4_1.61.0.jar
[2026, 9, 27, 14, 4, 48] ;;; release; desire_paths-neoforge-1.21.5_1.61.0.jar
[2026, 9, 27, 14, 4, 48] ;;; release; desire_paths-neoforge-1.21.8_1.61.0.jar
[2026, 9, 27, 14, 4, 48] ;;; release; desire_paths-neoforge-26.1_1.61.0.jar
[2026, 9, 27, 14, 4, 48] ;;; release; desire_paths-neoforge-26.2_1.61.0.jar
[2026, 9, 27, 14, 4, 48] ;;; release; desire_paths-neoforge-26.3_1.61.0.jar
[2026, 9, 27, 14, 4, 48] ;;; release; dynamic_dirt-fabric-1.21.8_1.61.0.jar
[2026, 9, 27, 14, 4, 48] ;;; release; dynamic_dirt-fabric-1.21.9_1.61.0.jar
[2026, 9, 27, 14, 4, 48] ;;; release; dynamic_dirt-fabric-26.1_1.61.0.jar
[2026, 9, 27, 14, 4, 48] ;;; release; dynamic_dirt-fabric-26.2_1.61.0.jar
[2026, 9, 27, 14, 4, 48] ;;; release; dynamic_dirt-fabric-26.3_1.61.0.jar
[2026, 9, 27, 14, 4, 48] ;;; release; dynamic_dirt-forge-1.19.4_1.61.0.jar
[2026, 9, 27, 14, 4, 48] ;;; release; dynamic_dirt-forge-1.20.1_1.61.0.jar
[2026, 9, 27, 14, 4, 48] ;;; release; dynamic_dirt-neoforge-1.20.4_1.61.0.jar
[2026, 9, 27, 14, 4, 48] ;;; release; dynamic_dirt-neoforge-1.20.6_1.61.0.jar
[2026, 9, 27, 14, 4, 48] ;;; release; dynamic_dirt-neoforge-1.21.1_1.61.0.jar
[2026, 9, 27, 14, 4, 48] ;;; release; dynamic_dirt-neoforge-1.21.2_1.61.0.jar
[2026, 9, 27, 14, 4, 48] ;;; release; dynamic_dirt-neoforge-1.21.4_1.61.0.jar
[2026, 9, 27, 14, 4, 48] ;;; release; dynamic_dirt-neoforge-1.21.5_1.61.0.jar
[2026, 9, 27, 14, 4, 48] ;;; release; dynamic_dirt-neoforge-1.21.8_1.61.0.jar
[2026, 9, 27, 14, 4, 48] ;;; release; dynamic_dirt-neoforge-26.1_1.61.0.jar
[2026, 9, 27, 14, 4, 48] ;;; release; dynamic_dirt-neoforge-26.2_1.61.0.jar
[2026, 9, 27, 14, 4, 48] ;;; release; dynamic_dirt-neoforge-26.3_1.61.0.jar
[2026, 9, 27, 14, 4, 48] ;;; release; dynamic_ecosystems-fabric-1.21.8_1.61.0.jar
[2026, 9, 27, 14, 4, 48] ;;; release; dynamic_ecosystems-fabric-1.21.9_1.61.0.jar
[2026, 9, 27, 14, 4, 48] ;;; release; dynamic_ecosystems-fabric-26.1_1.61.0.jar
[2026, 9, 27, 14, 4, 48] ;;; release; dynamic_ecosystems-fabric-26.2_1.61.0.jar
[2026, 9, 27, 14, 4, 48] ;;; release; dynamic_ecosystems-fabric-26.3_1.61.0.jar
[2026, 9, 27, 14, 4, 48] ;;; release; dynamic_ecosystems-forge-1.19.4_1.61.0.jar
[2026, 9, 27, 14, 4, 48] ;;; release; dynamic_ecosystems-forge-1.20.1_1.61.0.jar
[2026, 9, 27, 14, 4, 48] ;;; release; dynamic_ecosystems-neoforge-1.20.4_1.61.0.jar
[2026, 9, 27, 14, 4, 48] ;;; release; dynamic_ecosystems-neoforge-1.20.6_1.61.0.jar
[2026, 9, 27, 14, 4, 48] ;;; release; dynamic_ecosystems-neoforge-1.21.1_1.61.0.jar
[2026, 9, 27, 14, 4, 48] ;;; release; dynamic_ecosystems-neoforge-1.21.2_1.61.0.jar
[2026, 9, 27, 14, 4, 48] ;;; release; dynamic_ecosystems-neoforge-1.21.4_1.61.0.jar
[2026, 9, 27, 14, 4, 48] ;;; release; dynamic_ecosystems-neoforge-1.21.5_1.61.0.jar
[2026, 9, 27, 14, 4, 48] ;;; release; dynamic_ecosystems-neoforge-1.21.8_1.61.0.jar
[2026, 9, 27, 14, 4, 48] ;;; release; block_decay-fabric-1.21.10_1.61.0.jar
[2026, 9, 27, 14, 4, 48] ;;; release; block_decay-fabric-1.21.11_1.61.0.jar
[2026, 9, 27, 14, 4, 48] ;;; release; block_decay-fabric-1.21.8_1.61.0.jar
[2026, 9, 27, 14, 4, 48] ;;; release; block_decay-fabric-1.21.9_1.61.0.jar
[2026, 9, 27, 14, 4, 48] ;;; release; block_decay-fabric-26.1_1.61.0.jar
[2026, 9, 27, 14, 4, 48] ;;; release; block_decay-fabric-26.2_1.61.0.jar
[2026, 9, 27, 14, 4, 48] ;;; release; block_decay-fabric-26.3_1.61.0.jar
[2026, 9, 27, 14, 4, 48] ;;; release; block_decay-forge-1.19.4_1.61.0.jar
[2026, 9, 27, 14, 4, 48] ;;; release; block_decay-forge-1.20.1_1.61.0.jar
[2026, 9, 27, 14, 4, 48] ;;; release; block_decay-neoforge-1.20.4_1.61.0.jar
[2026, 9, 27, 14, 4, 48] ;;; release; block_decay-neoforge-1.20.6_1.61.0.jar
[2026, 9, 27, 14, 4, 48] ;;; release; block_decay-neoforge-1.21.10_1.61.0.jar
[2026, 9, 27, 14, 4, 48] ;;; release; block_decay-neoforge-1.21.11_1.61.0.jar
[2026, 9, 27, 14, 4, 48] ;;; release; block_decay-neoforge-1.21.1_1.61.0.jar
[2026, 9, 27, 14, 4, 48] ;;; release; block_decay-neoforge-1.21.2_1.61.0.jar
[2026, 9, 27, 14, 4, 48] ;;; release; block_decay-neoforge-1.21.4_1.61.0.jar
[2026, 9, 27, 14, 4, 48] ;;; release; block_decay-neoforge-1.21.5_1.61.0.jar
[2026, 9, 27, 14, 4, 48] ;;; release; block_decay-neoforge-1.21.8_1.61.0.jar
[2026, 9, 27, 14, 4, 48] ;;; release; block_decay-neoforge-1.21.9_1.61.0.jar
[2026, 9, 27, 14, 4, 48] ;;; release; block_decay-neoforge-1.21_1.61.0.jar
[2026, 9, 27, 14, 4, 48] ;;; release; block_decay-neoforge-26.1_1.61.0.jar
[2026, 9, 27, 14, 4, 48] ;;; release; block_decay-neoforge-26.2_1.61.0.jar
[2026, 9, 27, 14, 4, 48] ;;; release; block_decay-neoforge-26.3_1.61.0.jar
[2026, 9, 27, 14, 4, 48] ;;; release; desire_paths-fabric-1.21.8_1.61.0.jar
[2026, 9, 27, 14, 4, 48] ;;; release; desire_paths-fabric-1.21.9_1.61.0.jar
[2026, 9, 27, 14, 4, 48] ;;; release; desire_paths-fabric-26.1_1.61.0.jar
[2026, 9, 27, 14, 4, 48] ;;; release; desire_paths-fabric-26.2_1.61.0.jar
[2026, 9, 27, 14, 4, 48] ;;; release; desire_paths-fabric-26.3_1.61.0.jar
[2026, 9, 27, 14, 4, 48] ;;; release; desire_paths-forge-1.19.4_1.61.0.jar
[2026, 9, 27, 14, 4, 48] ;;; release; desire_paths-forge-1.20.1_1.61.0.jar
[2026, 9, 27, 14, 4, 48] ;;; release; desire_paths-neoforge-1.20.4_1.61.0.jar
[2026, 9, 27, 14, 4, 48] ;;; release; desire_paths-neoforge-1.20.6_1.61.0.jar
[2026, 9, 27, 14, 4, 48] ;;; release; desire_paths-neoforge-1.21.1_1.61.0.jar
[2026, 9, 27, 14, 4, 48] ;;; release; desire_paths-neoforge-1.21.2_1.61.0.jar
[2026, 9, 27, 14, 4, 48] ;;; release; desire_paths-neoforge-1.21.4_1.61.0.jar
[2026, 9, 27, 14, 4, 48] ;;; release; desire_paths-neoforge-1.21.5_1.61.0.jar
[2026, 9, 27, 14, 4, 48] ;;; release; desire_paths-neoforge-1.21.8_1.61.0.jar
[2026, 9, 27, 14, 4, 48] ;;; release; desire_paths-neoforge-26.1_1.61.0.jar
[2026, 9, 27, 14, 4, 48] ;;; release; desire_paths-neoforge-26.2_1.61.0.jar
[2026, 9, 27, 14, 4, 48] ;;; release; desire_paths-neoforge-26.3_1.61.0.jar
[2026, 9, 27, 14, 4, 48] ;;; release; dynamic_dirt-fabric-1.21.8_1.61.0.jar
[2026, 9, 27, 14, 4, 48] ;;; release; dynamic_dirt-fabric-1.21.9_1.61.0.jar
[2026, 9, 27, 14, 4, 48] ;;; release; dynamic_dirt-fabric-26.1_1.61.0.jar
[2026, 9, 27, 14, 4, 48] ;;; release; dynamic_dirt-fabric-26.2_1.61.0.jar
[2026, 9, 27, 14, 4, 48] ;;; release; dynamic_dirt-fabric-26.3_1.61.0.jar
[2026, 9, 27, 14, 4, 48] ;;; release; dynamic_dirt-forge-1.19.4_1.61.0.jar
[2026, 9, 27, 14, 4, 48] ;;; release; dynamic_dirt-forge-1.20.1_1.61.0.jar
[2026, 9, 27, 14, 4, 48] ;;; release; dynamic_dirt-neoforge-1.20.4_1.61.0.jar
[2026, 9, 27, 14, 4, 48] ;;; release; dynamic_dirt-neoforge-1.20.6_1.61.0.jar
[2026, 9, 27, 14, 4, 48] ;;; release; dynamic_dirt-neoforge-1.21.1_1.61.0.jar
[2026, 9, 27, 14, 4, 48] ;;; release; dynamic_dirt-neoforge-1.21.2_1.61.0.jar
[2026, 9, 27, 14, 4, 48] ;;; release; dynamic_dirt-neoforge-1.21.4_1.61.0.jar
[2026, 9, 27, 14, 4, 48] ;;; release; dynamic_dirt-neoforge-1.21.5_1.61.0.jar
[2026, 9, 27, 14, 4, 48] ;;; release; dynamic_dirt-neoforge-1.21.8_1.61.0.jar
[2026, 9, 27, 14, 4, 48] ;;; release; dynamic_dirt-neoforge-26.1_1.61.0.jar
[2026, 9, 27, 14, 4, 48] ;;; release; dynamic_dirt-neoforge-26.2_1.61.0.jar
[2026, 9, 27, 14, 4, 48] ;;; release; dynamic_dirt-neoforge-26.3_1.61.0.jar
[2026, 9, 27, 14, 4, 48] ;;; release; dynamic_ecosystems-fabric-1.21.8_1.61.0.jar
[2026, 9, 27, 14, 4, 48] ;;; release; dynamic_ecosystems-fabric-1.21.9_1.61.0.jar
[2026, 9, 27, 14, 4, 48] ;;; release; dynamic_ecosystems-fabric-26.1_1.61.0.jar
[2026, 9, 27, 14, 4, 48] ;;; release; dynamic_ecosystems-fabric-26.2_1.61.0.jar
[2026, 9, 27, 14, 4, 48] ;;; release; dynamic_ecosystems-fabric-26.3_1.61.0.jar
[2026, 9, 27, 14, 4, 48] ;;; release; dynamic_ecosystems-forge-1.19.4_1.61.0.jar
[2026, 9, 27, 14, 4, 48] ;;; release; dynamic_ecosystems-forge-1.20.1_1.61.0.jar
[2026, 9, 27, 14, 4, 48] ;;; release; dynamic_ecosystems-neoforge-1.20.4_1.61.0.jar
[2026, 9, 27, 14, 4, 48] ;;; release; dynamic_ecosystems-neoforge-1.20.6_1.61.0.jar
[2026, 9, 27, 14, 4, 48] ;;; release; dynamic_ecosystems-neoforge-1.21.1_1.61.0.jar
[2026, 9, 27, 14, 4, 48] ;;; release; dynamic_ecosystems-neoforge-1.21.2_1.61.0.jar
[2026, 9, 27, 14, 4, 48] ;;; release; dynamic_ecosystems-neoforge-1.21.4_1.61.0.jar
[2026, 9, 27, 14, 4, 48] ;;; release; dynamic_ecosystems-neoforge-1.21.5_1.61.0.jar
[2026, 9, 27, 14, 4, 48] ;;; release; dynamic_ecosystems-neoforge-1.21.8_1.61.0.jar
[2026, 9, 27, 14, 4, 48] ;;; release; block_decay-fabric-1.21.10_1.61.0.jar
[2026, 9, 27, 14, 4, 48] ;;; release; block_decay-fabric-1.21.11_1.61.0.jar
[2026, 9, 27, 14, 4, 48] ;;; release; block_decay-fabric-1.21.8_1.61.0.jar
[2026, 9, 27, 14, 4, 48] ;;; release; block_decay-fabric-1.21.9_1.61.0.jar
[2026, 9, 27, 14, 4, 48] ;;; release; block_decay-fabric-26.1_1.61.0.jar
[2026, 9, 27, 14, 4, 48] ;;; release; block_decay-fabric-26.2_1.61.0.jar
[2026, 9, 27, 14, 4, 48] ;;; release; block_decay-fabric-26.3_1.61.0.jar
[2026, 9, 27, 14, 4, 48] ;;; release; block_decay-forge-1.19.4_1.61.0.jar
[2026, 9, 27, 14, 4, 48] ;;; release; block_decay-forge-1.20.1_1.61.0.jar
[2026, 9, 27, 14, 4, 48] ;;; release; block_decay-neoforge-1.20.4_1.61.0.jar
[2026, 9, 27, 14, 4, 48] ;;; release; block_decay-neoforge-1.20.6_1.61.0.jar
[2026, 9, 27, 14, 4, 48] ;;; release; block_decay-neoforge-1.21.10_1.61.0.jar
[2026, 9, 27, 14, 4, 48] ;;; release; block_decay-neoforge-1.21.11_1.61.0.jar
[2026, 9, 27, 14, 4, 48] ;;; release; block_decay-neoforge-1.21.1_1.61.0.jar
[2026, 9, 27, 14, 4, 48] ;;; release; block_decay-neoforge-1.21.2_1.61.0.jar
[2026, 9, 27, 14, 4, 48] ;;; release; block_decay-neoforge-1.21.4_1.61.0.jar
[2026, 9, 27, 14, 4, 48] ;;; release; block_decay-neoforge-1.21.5_1.61.0.jar
[2026, 9, 27, 14, 4, 48] ;;; release; block_decay-neoforge-1.21.8_1.61.0.jar
[2026, 9, 27, 14, 4, 48] ;;; release; block_decay-neoforge-1.21.9_1.61.0.jar
[2026, 9, 27, 14, 4, 48] ;;; release; block_decay-neoforge-1.21_1.61.0.jar
[2026, 9, 27, 14, 4, 48] ;;; release; block_decay-neoforge-26.1_1.61.0.jar
[2026, 9, 27, 14, 4, 48] ;;; release; block_decay-neoforge-26.2_1.61.0.jar
[2026, 9, 27, 14, 4, 48] ;;; release; block_decay-neoforge-26.3_1.61.0.jar
[2026, 9, 27, 14, 4, 48] ;;; release; desire_paths-fabric-1.21.8_1.61.0.jar
[2026, 9, 27, 14, 4, 48] ;;; release; desire_paths-fabric-1.21.9_1.61.0.jar
[2026, 9, 27, 14, 4, 48] ;;; release; desire_paths-fabric-26.1_1.61.0.jar
[2026, 9, 27, 14, 4, 48] ;;; release; desire_paths-fabric-26.2_1.61.0.jar
[2026, 9, 27, 14, 4, 48] ;;; release; desire_paths-fabric-26.3_1.61.0.jar
[2026, 9, 27, 14, 4, 48] ;;; release; desire_paths-forge-1.19.4_1.61.0.jar
[2026, 9, 27, 14, 4, 48] ;;; release; desire_paths-forge-1.20.1_1.61.0.jar
[2026, 9, 27, 14, 4, 48] ;;; release; desire_paths-neoforge-1.20.4_1.61.0.jar
[2026, 9, 27, 14, 4, 48] ;;; release; desire_paths-neoforge-1.20.6_1.61.0.jar
[2026, 9, 27, 14, 4, 48] ;;; release; desire_paths-neoforge-1.21.1_1.61.0.jar
[2026, 9, 27, 14, 4, 48] ;;; release; desire_paths-neoforge-1.21.2_1.61.0.jar
[2026, 9, 27, 14, 4, 48] ;;; release; desire_paths-neoforge-1.21.4_1.61.0.jar
[2026, 9, 27, 14, 4, 48] ;;; release; desire_paths-neoforge-1.21.5_1.61.0.jar
[2026, 9, 27, 14, 4, 48] ;;; release; desire_paths-neoforge-1.21.8_1.61.0.jar
[2026, 9, 27, 14, 4, 48] ;;; release; desire_paths-neoforge-26.1_1.61.0.jar
[2026, 9, 27, 14, 4, 48] ;;; release; desire_paths-neoforge-26.2_1.61.0.jar
[2026, 9, 27, 14, 4, 48] ;;; release; desire_paths-neoforge-26.3_1.61.0.jar
[2026, 9, 27, 14, 4, 48] ;;; release; dynamic_dirt-fabric-1.21.8_1.61.0.jar
[2026, 9, 27, 14, 4, 48] ;;; release; dynamic_dirt-fabric-1.21.9_1.61.0.jar
[2026, 9, 27, 14, 4, 48] ;;; release; dynamic_dirt-fabric-26.1_1.61.0.jar
[2026, 9, 27, 14, 4, 48] ;;; release; dynamic_dirt-fabric-26.2_1.61.0.jar
[2026, 9, 27, 14, 4, 48] ;;; release; dynamic_dirt-fabric-26.3_1.61.0.jar
[2026, 9, 27, 14, 4, 48] ;;; release; dynamic_dirt-forge-1.19.4_1.61.0.jar
[2026, 9, 27, 14, 4, 48] ;;; release; dynamic_dirt-forge-1.20.1_1.61.0.jar
[2026, 9, 27, 14, 4, 48] ;;; release; dynamic_dirt-neoforge-1.20.4_1.61.0.jar
[2026, 9, 27, 14, 4, 48] ;;; release; dynamic_dirt-neoforge-1.20.6_1.61.0.jar
[2026, 9, 27, 14, 4, 48] ;;; release; dynamic_dirt-neoforge-1.21.1_1.61.0.jar
[2026, 9, 27, 14, 4, 48] ;;; release; dynamic_dirt-neoforge-1.21.2_1.61.0.jar
[2026, 9, 27, 14, 4, 48] ;;; release; dynamic_dirt-neoforge-1.21.4_1.61.0.jar
[2026, 9, 27, 14, 4, 48] ;;; release; dynamic_dirt-neoforge-1.21.5_1.61.0.jar
[2026, 9, 27, 14, 4, 48] ;;; release; dynamic_dirt-neoforge-1.21.8_1.61.0.jar
[2026, 9, 27, 14, 4, 48] ;;; release; dynamic_dirt-neoforge-26.1_1.61.0.jar
[2026, 9, 27, 14, 4, 48] ;;; release; dynamic_dirt-neoforge-26.2_1.61.0.jar
[2026, 9, 27, 14, 4, 48] ;;; release; dynamic_dirt-neoforge-26.3_1.61.0.jar
[2026, 9, 27, 14, 4, 48] ;;; release; dynamic_ecosystems-fabric-1.21.8_1.61.0.jar
[2026, 9, 27, 14, 4, 48] ;;; release; dynamic_ecosystems-fabric-1.21.9_1.61.0.jar
[2026, 9, 27, 14, 4, 48] ;;; release; dynamic_ecosystems-fabric-26.1_1.61.0.jar
[2026, 9, 27, 14, 4, 48] ;;; release; dynamic_ecosystems-fabric-26.2_1.61.0.jar
[2026, 9, 27, 14, 4, 48] ;;; release; dynamic_ecosystems-fabric-26.3_1.61.0.jar
[2026, 9, 27, 14, 4, 48] ;;; release; dynamic_ecosystems-forge-1.19.4_1.61.0.jar
[2026, 9, 27, 14, 4, 48] ;;; release; dynamic_ecosystems-forge-1.20.1_1.61.0.jar
[2026, 9, 27, 14, 4, 48] ;;; release; dynamic_ecosystems-neoforge-1.20.4_1.61.0.jar
[2026, 9, 27, 14, 4, 48] ;;; release; dynamic_ecosystems-neoforge-1.20.6_1.61.0.jar
[2026, 9, 27, 14, 4, 48] ;;; release; dynamic_ecosystems-neoforge-1.21.1_1.61.0.jar
[2026, 9, 27, 14, 4, 48] ;;; release; dynamic_ecosystems-neoforge-1.21.2_1.61.0.jar
[2026, 9, 27, 14, 4, 48] ;;; release; dynamic_ecosystems-neoforge-1.21.4_1.61.0.jar
[2026, 9, 27, 14, 4, 48] ;;; release; dynamic_ecosystems-neoforge-1.21.5_1.61.0.jar
[2026, 9, 27, 14, 4, 48] ;;; release; dynamic_ecosystems-neoforge-1.21.8_1.61.0.jar
[2026, 9, 27, 14, 4, 48] ;;; release; block_decay-fabric-1.21.10_1.61.0.jar
[2026, 9, 27, 14, 4, 48] ;;; release; block_decay-fabric-1.21.11_1.61.0.jar
[2026, 9, 27, 14, 4, 48] ;;; release; block_decay-fabric-1.21.8_1.61.0.jar
[2026, 9, 27, 14, 4, 48] ;;; release; block_decay-fabric-1.21.9_1.61.0.jar
[2026, 9, 27, 14, 4, 48] ;;; release; block_decay-fabric-26.1_1.61.0.jar
[2026, 9, 27, 14, 4, 48] ;;; release; block_decay-fabric-26.2_1.61.0.jar
[2026, 9, 27, 14, 4, 48] ;;; release; block_decay-fabric-26.3_1.61.0.jar
[2026, 9, 27, 14, 4, 48] ;;; release; block_decay-forge-1.19.4_1.61.0.jar
[2026, 9, 27, 14, 4, 48] ;;; release; block_decay-forge-1.20.1_1.61.0.jar
[2026, 9, 27, 14, 4, 48] ;;; release; block_decay-neoforge-1.20.4_1.61.0.jar
[2026, 9, 27, 14, 4, 48] ;;; release; block_decay-neoforge-1.20.6_1.61.0.jar
[2026, 9, 27, 14, 4, 48] ;;; release; block_decay-neoforge-1.21.10_1.61.0.jar
[2026, 9, 27, 14, 4, 48] ;;; release; block_decay-neoforge-1.21.11_1.61.0.jar
[2026, 9, 27, 14, 4, 48] ;;; release; block_decay-neoforge-1.21.1_1.61.0.jar
[2026, 9, 27, 14, 4, 48] ;;; release; block_decay-neoforge-1.21.2_1.61.0.jar
[2026, 9, 27, 14, 4, 48] ;;; release; block_decay-neoforge-1.21.4_1.61.0.jar
[2026, 9, 27, 14, 4, 48] ;;; release; block_decay-neoforge-1.21.5_1.61.0.jar
[2026, 9, 27, 14, 4, 48] ;;; release; block_decay-neoforge-1.21.8_1.61.0.jar
[2026, 9, 27, 14, 4, 48] ;;; release; block_decay-neoforge-1.21.9_1.61.0.jar
[2026, 9, 27, 14, 4, 48] ;;; release; block_decay-neoforge-1.21_1.61.0.jar
[2026, 9, 27, 14, 4, 48] ;;; release; block_decay-neoforge-26.1_1.61.0.jar
[2026, 9, 27, 14, 4, 48] ;;; release; block_decay-neoforge-26.2_1.61.0.jar
[2026, 9, 27, 14, 4, 48] ;;; release; block_decay-neoforge-26.3_1.61.0.jar
[2026, 9, 27, 14, 4, 48] ;;; release; desire_paths-fabric-1.21.8_1.61.0.jar
[2026, 9, 27, 14, 4, 48] ;;; release; desire_paths-fabric-1.21.9_1.61.0.jar
[2026, 9, 27, 14, 4, 48] ;;; release; desire_paths-fabric-26.1_1.61.0.jar
[2026, 9, 27, 14, 4, 48] ;;; release; desire_paths-fabric-26.2_1.61.0.jar
[2026, 9, 27, 14, 4, 48] ;;; release; desire_paths-fabric-26.3_1.61.0.jar
[2026, 9, 27, 14, 4, 48] ;;; release; desire_paths-forge-1.19.4_1.61.0.jar
[2026, 9, 27, 14, 4, 48] ;;; release; desire_paths-forge-1.20.1_1.61.0.jar
[2026, 9, 27, 14, 4, 48] ;;; release; desire_paths-neoforge-1.20.4_1.61.0.jar
[2026, 9, 27, 14, 4, 48] ;;; release; desire_paths-neoforge-1.20.6_1.61.0.jar
[2026, 9, 27, 14, 4, 48] ;;; release; desire_paths-neoforge-1.21.1_1.61.0.jar
[2026, 9, 27, 14, 4, 48] ;;; release; desire_paths-neoforge-1.21.2_1.61.0.jar
[2026, 9, 27, 14, 4, 48] ;;; release; desire_paths-neoforge-1.21.4_1.61.0.jar
[2026, 9, 27, 14, 4, 48] ;;; release; desire_paths-neoforge-1.21.5_1.61.0.jar
[2026, 9, 27, 14, 4, 48] ;;; release; desire_paths-neoforge-1.21.8_1.61.0.jar
[2026, 9, 27, 14, 4, 48] ;;; release; desire_paths-neoforge-26.1_1.61.0.jar
[2026, 9, 27, 14, 4, 48] ;;; release; desire_paths-neoforge-26.2_1.61.0.jar
[2026, 9, 27, 14, 4, 48] ;;; release; desire_paths-neoforge-26.3_1.61.0.jar
[2026, 9, 27, 14, 4, 48] ;;; release; dynamic_dirt-fabric-1.21.8_1.61.0.jar
[2026, 9, 27, 14, 4, 48] ;;; release; dynamic_dirt-fabric-1.21.9_1.61.0.jar
[2026, 9, 27, 14, 4, 48] ;;; release; dynamic_dirt-fabric-26.1_1.61.0.jar
[2026, 9, 27, 14, 4, 48] ;;; release; dynamic_dirt-fabric-26.2_1.61.0.jar
[2026, 9, 27, 14, 4, 48] ;;; release; dynamic_dirt-fabric-26.3_1.61.0.jar
[2026, 9, 27, 14, 4, 48] ;;; release; dynamic_dirt-forge-1.19.4_1.61.0.jar
[2026, 9, 27, 14, 4, 48] ;;; release; dynamic_dirt-forge-1.20.1_1.61.0.jar
[2026, 9, 27, 14, 4, 48] ;;; release; dynamic_dirt-neoforge-1.20.4_1.61.0.jar
[2026, 9, 27, 14, 4, 48] ;;; release; dynamic_dirt-neoforge-1.20.6_1.61.0.jar
[2026, 9, 27, 14, 4, 48] ;;; release; dynamic_dirt-neoforge-1.21.1_1.61.0.jar
[2026, 9, 27, 14, 4, 48] ;;; release; dynamic_dirt-neoforge-1.21.2_1.61.0.jar
[2026, 9, 27, 14, 4, 48] ;;; release; dynamic_dirt-neoforge-1.21.4_1.61.0.jar
[2026, 9, 27, 14, 4, 48] ;;; release; dynamic_dirt-neoforge-1.21.5_1.61.0.jar
[2026, 9, 27, 14, 4, 48] ;;; release; dynamic_dirt-neoforge-1.21.8_1.61.0.jar
[2026, 9, 27, 14, 4, 48] ;;; release; dynamic_dirt-neoforge-26.1_1.61.0.jar
[2026, 9, 27, 14, 4, 48] ;;; release; dynamic_dirt-neoforge-26.2_1.61.0.jar
[2026, 9, 27, 14, 4, 48] ;;; release; dynamic_dirt-neoforge-26.3_1.61.0.jar
[2026, 9, 27, 14, 4, 48] ;;; release; dynamic_ecosystems-fabric-1.21.8_1.61.0.jar
[2026, 9, 27, 14, 4, 48] ;;; release; dynamic_ecosystems-fabric-1.21.9_1.61.0.jar
[2026, 9, 27, 14, 4, 48] ;;; release; dynamic_ecosystems-fabric-26.1_1.61.0.jar
[2026, 9, 27, 14, 4, 48] ;;; release; dynamic_ecosystems-fabric-26.2_1.61.0.jar
[2026, 9, 27, 14, 4, 48] ;;; release; dynamic_ecosystems-fabric-26.3_1.61.0.jar
[2026, 9, 27, 14, 4, 48] ;;; release; dynamic_ecosystems-forge-1.19.4_1.61.0.jar
[2026, 9, 27, 14, 4, 48] ;;; release; dynamic_ecosystems-forge-1.20.1_1.61.0.jar
[2026, 9, 27, 14, 4, 48] ;;; release; dynamic_ecosystems-neoforge-1.20.4_1.61.0.jar
[2026, 9, 27, 14, 4, 48] ;;; release; dynamic_ecosystems-neoforge-1.20.6_1.61.0.jar
[2026, 9, 27, 14, 4, 48] ;;; release; dynamic_ecosystems-neoforge-1.21.1_1.61.0.jar
[2026, 9, 27, 14, 4, 48] ;;; release; dynamic_ecosystems-neoforge-1.21.2_1.61.0.jar
[2026, 9, 27, 14, 4, 48] ;;; release; dynamic_ecosystems-neoforge-1.21.4_1.61.0.jar
[2026, 9, 27, 14, 4, 48] ;;; release; dynamic_ecosystems-neoforge-1.21.5_1.61.0.jar
[2026, 9, 27, 14, 4, 48] ;;; release; dynamic_ecosystems-neoforge-1.21.8_1.61.0.jar
[2026, 9, 27, 14, 4, 48] ;;; release; block_decay-fabric-1.21.10_1.61.0.jar
[2026, 9, 27, 14, 4, 48] ;;; release; block_decay-fabric-1.21.11_1.61.0.jar
[2026, 9, 27, 14, 4, 48] ;;; release; block_decay-fabric-1.21.8_1.61.0.jar
[2026, 9, 27, 14, 4, 48] ;;; release; block_decay-fabric-1.21.9_1.61.0.jar
[2026, 9, 27, 14, 4, 48] ;;; release; block_decay-fabric-26.1_1.61.0.jar
[2026, 9, 27, 14, 4, 48] ;;; release; block_decay-fabric-26.2_1.61.0.jar
[2026, 9, 27, 14, 4, 48] ;;; release; block_decay-fabric-26.3_1.61.0.jar
[2026, 9, 27, 14, 4, 48] ;;; release; block_decay-forge-1.19.4_1.61.0.jar
[2026, 9, 27, 14, 4, 48] ;;; release; block_decay-forge-1.20.1_1.61.0.jar
[2026, 9, 27, 14, 4, 48] ;;; release; block_decay-neoforge-1.20.4_1.61.0.jar
[2026, 9, 27, 14, 4, 48] ;;; release; block_decay-neoforge-1.20.6_1.61.0.jar
[2026, 9, 27, 14, 4, 48] ;;; release; block_decay-neoforge-1.21.10_1.61.0.jar
[2026, 9, 27, 14, 4, 48] ;;; release; block_decay-neoforge-1.21.11_1.61.0.jar
[2026, 9, 27, 14, 4, 48] ;;; release; block_decay-neoforge-1.21.1_1.61.0.jar
[2026, 9, 27, 14, 4, 48] ;;; release; block_decay-neoforge-1.21.2_1.61.0.jar
[2026, 9, 27, 14, 4, 48] ;;; release; block_decay-neoforge-1.21.4_1.61.0.jar
[2026, 9, 27, 14, 4, 48] ;;; release; block_decay-neoforge-1.21.5_1.61.0.jar
[2026, 9, 27, 14, 4, 48] ;;; release; block_decay-neoforge-1.21.8_1.61.0.jar
[2026, 9, 27, 14, 4, 48] ;;; release; block_decay-neoforge-1.21.9_1.61.0.jar
[2026, 9, 27, 14, 4, 48] ;;; release; block_decay-neoforge-1.21_1.61.0.jar
[2026, 9, 27, 14, 4, 48] ;;; release; block_decay-neoforge-26.1_1.61.0.jar
[2026, 9, 27, 14, 4, 48] ;;; release; block_decay-neoforge-26.2_1.61.0.jar
[2026, 9, 27, 14, 4, 48] ;;; release; block_decay-neoforge-26.3_1.61.0.jar
[2026, 9, 27, 14, 4, 48] ;;; release; desire_paths-fabric-1.21.8_1.61.0.jar
[2026, 9, 27, 14, 4, 48] ;;; release; desire_paths-fabric-1.21.9_1.61.0.jar
[2026, 9, 27, 14, 4, 48] ;;; release; desire_paths-fabric-26.1_1.61.0.jar
[2026, 9, 27, 14, 4, 48] ;;; release; desire_paths-fabric-26.2_1.61.0.jar
[2026, 9, 27, 14, 4, 48] ;;; release; desire_paths-fabric-26.3_1.61.0.jar
[2026, 9, 27, 14, 4, 48] ;;; release; desire_paths-forge-1.19.4_1.61.0.jar
[2026, 9, 27, 14, 4, 48] ;;; release; desire_paths-forge-1.20.1_1.61.0.jar
[2026, 9, 27, 14, 4, 48] ;;; release; desire_paths-neoforge-1.20.4_1.61.0.jar
[2026, 9, 27, 14, 4, 48] ;;; release; desire_paths-neoforge-1.20.6_1.61.0.jar
[2026, 9, 27, 14, 4, 48] ;;; release; desire_paths-neoforge-1.21.1_1.61.0.jar
[2026, 9, 27, 14, 4, 48] ;;; release; desire_paths-neoforge-1.21.2_1.61.0.jar
[2026, 9, 27, 14, 4, 48] ;;; release; desire_paths-neoforge-1.21.4_1.61.0.jar
[2026, 9, 27, 14, 4, 48] ;;; release; desire_paths-neoforge-1.21.5_1.61.0.jar
[2026, 9, 27, 14, 4, 48] ;;; release; desire_paths-neoforge-1.21.8_1.61.0.jar
[2026, 9, 27, 14, 4, 48] ;;; release; desire_paths-neoforge-26.1_1.61.0.jar
[2026, 9, 27, 14, 4, 48] ;;; release; desire_paths-neoforge-26.2_1.61.0.jar
[2026, 9, 27, 14, 4, 48] ;;; release; desire_paths-neoforge-26.3_1.61.0.jar
[2026, 9, 27, 14, 4, 48] ;;; release; dynamic_dirt-fabric-1.21.8_1.61.0.jar
[2026, 9, 27, 14, 4, 48] ;;; release; dynamic_dirt-fabric-1.21.9_1.61.0.jar
[2026, 9, 27, 14, 4, 48] ;;; release; dynamic_dirt-fabric-26.1_1.61.0.jar
[2026, 9, 27, 14, 4, 48] ;;; release; dynamic_dirt-fabric-26.2_1.61.0.jar
[2026, 9, 27, 14, 4, 48] ;;; release; dynamic_dirt-fabric-26.3_1.61.0.jar
[2026, 9, 27, 14, 4, 48] ;;; release; dynamic_dirt-forge-1.19.4_1.61.0.jar
[2026, 9, 27, 14, 4, 48] ;;; release; dynamic_dirt-forge-1.20.1_1.61.0.jar
[2026, 9, 27, 14, 4, 48] ;;; release; dynamic_dirt-neoforge-1.20.4_1.61.0.jar
[2026, 9, 27, 14, 4, 48] ;;; release; dynamic_dirt-neoforge-1.20.6_1.61.0.jar
[2026, 9, 27, 14, 4, 48] ;;; release; dynamic_dirt-neoforge-1.21.1_1.61.0.jar
[2026, 9, 27, 14, 4, 48] ;;; release; dynamic_dirt-neoforge-1.21.2_1.61.0.jar
[2026, 9, 27, 14, 4, 48] ;;; release; dynamic_dirt-neoforge-1.21.4_1.61.0.jar
[2026, 9, 27, 14, 4, 48] ;;; release; dynamic_dirt-neoforge-1.21.5_1.61.0.jar
[2026, 9, 27, 14, 4, 48] ;;; release; dynamic_dirt-neoforge-1.21.8_1.61.0.jar
[2026, 9, 27, 14, 4, 48] ;;; release; dynamic_dirt-neoforge-26.1_1.61.0.jar
[2026, 9, 27, 14, 4, 48] ;;; release; dynamic_dirt-neoforge-26.2_1.61.0.jar
[2026, 9, 27, 14, 4, 48] ;;; release; dynamic_dirt-neoforge-26.3_1.61.0.jar
[2026, 9, 27, 14, 4, 48] ;;; release; dynamic_ecosystems-fabric-1.21.8_1.61.0.jar
[2026, 9, 27, 14, 4, 48] ;;; release; dynamic_ecosystems-fabric-1.21.9_1.61.0.jar
[2026, 9, 27, 14, 4, 48] ;;; release; dynamic_ecosystems-fabric-26.1_1.61.0.jar
[2026, 9, 27, 14, 4, 48] ;;; release; dynamic_ecosystems-fabric-26.2_1.61.0.jar
[2026, 9, 27, 14, 4, 48] ;;; release; dynamic_ecosystems-fabric-26.3_1.61.0.jar
[2026, 9, 27, 14, 4, 48] ;;; release; dynamic_ecosystems-forge-1.19.4_1.61.0.jar
[2026, 9, 27, 14, 4, 48] ;;; release; dynamic_ecosystems-forge-1.20.1_1.61.0.jar
[2026, 9, 27, 14, 4, 48] ;;; release; dynamic_ecosystems-neoforge-1.20.4_1.61.0.jar
[2026, 9, 27, 14, 4, 48] ;;; release; dynamic_ecosystems-neoforge-1.20.6_1.61.0.jar
[2026, 9, 27, 14, 4, 48] ;;; release; dynamic_ecosystems-neoforge-1.21.1_1.61.0.jar
[2026, 9, 27, 14, 4, 48] ;;; release; dynamic_ecosystems-neoforge-1.21.2_1.61.0.jar
[2026, 9, 27, 14, 4, 48] ;;; release; dynamic_ecosystems-neoforge-1.21.4_1.61.0.jar
[2026, 9, 27, 14, 4, 48] ;;; release; dynamic_ecosystems-neoforge-1.21.5_1.61.0.jar
[2026, 9, 27, 14, 4, 48] ;;; release; dynamic_ecosystems-neoforge-1.21.8_1.61.0.jar
[2026, 9, 27, 14, 4, 48] ;;; release; block_decay-fabric-1.21.10_1.61.0.jar
[2026, 9, 27, 14, 4, 48] ;;; release; block_decay-fabric-1.21.11_1.61.0.jar
[2026, 9, 27, 14, 4, 48] ;;; release; block_decay-fabric-1.21.8_1.61.0.jar
[2026, 9, 27, 14, 4, 48] ;;; release; block_decay-fabric-1.21.9_1.61.0.jar
[2026, 9, 27, 14, 4, 48] ;;; release; block_decay-fabric-26.1_1.61.0.jar
[2026, 9, 27, 14, 4, 48] ;;; release; block_decay-fabric-26.2_1.61.0.jar
[2026, 9, 27, 14, 4, 48] ;;; release; block_decay-fabric-26.3_1.61.0.jar
[2026, 9, 27, 14, 4, 48] ;;; release; block_decay-forge-1.19.4_1.61.0.jar
[2026, 9, 27, 14, 4, 48] ;;; release; block_decay-forge-1.20.1_1.61.0.jar
[2026, 9, 27, 14, 4, 48] ;;; release; block_decay-neoforge-1.20.4_1.61.0.jar
[2026, 9, 27, 14, 4, 48] ;;; release; block_decay-neoforge-1.20.6_1.61.0.jar
[2026, 9, 27, 14, 4, 48] ;;; release; block_decay-neoforge-1.21.10_1.61.0.jar
[2026, 9, 27, 14, 4, 48] ;;; release; block_decay-neoforge-1.21.11_1.61.0.jar
[2026, 9, 27, 14, 4, 48] ;;; release; block_decay-neoforge-1.21.1_1.61.0.jar
[2026, 9, 27, 14, 4, 48] ;;; release; block_decay-neoforge-1.21.2_1.61.0.jar
[2026, 9, 27, 14, 4, 48] ;;; release; block_decay-neoforge-1.21.4_1.61.0.jar
[2026, 9, 27, 14, 4, 48] ;;; release; block_decay-neoforge-1.21.5_1.61.0.jar
[2026, 9, 27, 14, 4, 48] ;;; release; block_decay-neoforge-1.21.8_1.61.0.jar
[2026, 9, 27, 14, 4, 48] ;;; release; block_decay-neoforge-1.21.9_1.61.0.jar
[2026, 9, 27, 14, 4, 48] ;;; release; block_decay-neoforge-1.21_1.61.0.jar
[2026, 9, 27, 14, 4, 48] ;;; release; block_decay-neoforge-26.1_1.61.0.jar
[2026, 9, 27, 14, 4, 48] ;;; release; block_decay-neoforge-26.2_1.61.0.jar
[2026, 9, 27, 14, 4, 48] ;;; release; block_decay-neoforge-26.3_1.61.0.jar
[2026, 9, 27, 14, 4, 48] ;;; release; desire_paths-fabric-1.21.8_1.61.0.jar
[2026, 9, 27, 14, 4, 48] ;;; release; desire_paths-fabric-1.21.9_1.61.0.jar
[2026, 9, 27, 14, 4, 48] ;;; release; desire_paths-fabric-26.1_1.61.0.jar
[2026, 9, 27, 14, 4, 48] ;;; release; desire_paths-fabric-26.2_1.61.0.jar
[2026, 9, 27, 14, 4, 48] ;;; release; desire_paths-fabric-26.3_1.61.0.jar
[2026, 9, 27, 14, 4, 48] ;;; release; desire_paths-forge-1.19.4_1.61.0.jar
[2026, 9, 27, 14, 4, 48] ;;; release; desire_paths-forge-1.20.1_1.61.0.jar
[2026, 9, 27, 14, 4, 48] ;;; release; desire_paths-neoforge-1.20.4_1.61.0.jar
[2026, 9, 27, 14, 4, 48] ;;; release; desire_paths-neoforge-1.20.6_1.61.0.jar
[2026, 9, 27, 14, 4, 48] ;;; release; desire_paths-neoforge-1.21.1_1.61.0.jar
[2026, 9, 27, 14, 4, 48] ;;; release; desire_paths-neoforge-1.21.2_1.61.0.jar
[2026, 9, 27, 14, 4, 48] ;;; release; desire_paths-neoforge-1.21.4_1.61.0.jar
[2026, 9, 27, 14, 4, 48] ;;; release; desire_paths-neoforge-1.21.5_1.61.0.jar
[2026, 9, 27, 14, 4, 48] ;;; release; desire_paths-neoforge-1.21.8_1.61.0.jar
[2026, 9, 27, 14, 4, 48] ;;; release; desire_paths-neoforge-26.1_1.61.0.jar
[2026, 9, 27, 14, 4, 48] ;;; release; desire_paths-neoforge-26.2_1.61.0.jar
[2026, 9, 27, 14, 4, 48] ;;; release; desire_paths-neoforge-26.3_1.61.0.jar
[2026, 9, 27, 14, 4, 48] ;;; release; dynamic_dirt-fabric-1.21.8_1.61.0.jar
[2026, 9, 27, 14, 4, 48] ;;; release; dynamic_dirt-fabric-1.21.9_1.61.0.jar
[2026, 9, 27, 14, 4, 48] ;;; release; dynamic_dirt-fabric-26.1_1.61.0.jar
[2026, 9, 27, 14, 4, 48] ;;; release; dynamic_dirt-fabric-26.2_1.61.0.jar
[2026, 9, 27, 14, 4, 48] ;;; release; dynamic_dirt-fabric-26.3_1.61.0.jar
[2026, 9, 27, 14, 4, 48] ;;; release; dynamic_dirt-forge-1.19.4_1.61.0.jar
[2026, 9, 27, 14, 4, 48] ;;; release; dynamic_dirt-forge-1.20.1_1.61.0.jar
[2026, 9, 27, 14, 4, 48] ;;; release; dynamic_dirt-neoforge-1.20.4_1.61.0.jar
[2026, 9, 27, 14, 4, 48] ;;; release; dynamic_dirt-neoforge-1.20.6_1.61.0.jar
[2026, 9, 27, 14, 4, 48] ;;; release; dynamic_dirt-neoforge-1.21.1_1.61.0.jar
[2026, 9, 27, 14, 4, 48] ;;; release; dynamic_dirt-neoforge-1.21.2_1.61.0.jar
[2026, 9, 27, 14, 4, 48] ;;; release; dynamic_dirt-neoforge-1.21.4_1.61.0.jar
[2026, 9, 27, 14, 4, 48] ;;; release; dynamic_dirt-neoforge-1.21.5_1.61.0.jar
[2026, 9, 27, 14, 4, 48] ;;; release; dynamic_dirt-neoforge-1.21.8_1.61.0.jar
[2026, 9, 27, 14, 4, 48] ;;; release; dynamic_dirt-neoforge-26.1_1.61.0.jar
[2026, 9, 27, 14, 4, 48] ;;; release; dynamic_dirt-neoforge-26.2_1.61.0.jar
[2026, 9, 27, 14, 4, 48] ;;; release; dynamic_dirt-neoforge-26.3_1.61.0.jar
[2026, 9, 27, 14, 4, 48] ;;; release; dynamic_ecosystems-fabric-1.21.8_1.61.0.jar
[2026, 9, 27, 14, 4, 48] ;;; release; dynamic_ecosystems-fabric-1.21.9_1.61.0.jar
[2026, 9, 27, 14, 4, 48] ;;; release; dynamic_ecosystems-fabric-26.1_1.61.0.jar
[2026, 9, 27, 14, 4, 48] ;;; release; dynamic_ecosystems-fabric-26.2_1.61.0.jar
[2026, 9, 27, 14, 4, 48] ;;; release; dynamic_ecosystems-fabric-26.3_1.61.0.jar
[2026, 9, 27, 14, 4, 48] ;;; release; dynamic_ecosystems-forge-1.19.4_1.61.0.jar
[2026, 9, 27, 14, 4, 48] ;;; release; dynamic_ecosystems-forge-1.20.1_1.61.0.jar
[2026, 9, 27, 14, 4, 48] ;;; release; dynamic_ecosystems-neoforge-1.20.4_1.61.0.jar
[2026, 9, 27, 14, 4, 48] ;;; release; dynamic_ecosystems-neoforge-1.20.6_1.61.0.jar
[2026, 9, 27, 14, 4, 48] ;;; release; dynamic_ecosystems-neoforge-1.21.1_1.61.0.jar
[2026, 9, 27, 14, 4, 48] ;;; release; dynamic_ecosystems-neoforge-1.21.2_1.61.0.jar
[2026, 9, 27, 14, 4, 48] ;;; release; dynamic_ecosystems-neoforge-1.21.4_1.61.0.jar
[2026, 9, 27, 14, 4, 48] ;;; release; dynamic_ecosystems-neoforge-1.21.5_1.61.0.jar
[2026, 9, 27, 14, 4, 48] ;;; release; dynamic_ecosystems-neoforge-1.21.8_1.61.0.jar
[2026, 9, 27, 14, 4, 48] ;;; release; block_decay-fabric-1.21.10_1.61.0.jar
[2026, 9, 27, 14, 4, 48] ;;; release; block_decay-fabric-1.21.11_1.61.0.jar
[2026, 9, 27, 14, 4, 48] ;;; release; block_decay-fabric-1.21.8_1.61.0.jar
[2026, 9, 27, 14, 4, 48] ;;; release; block_decay-fabric-1.21.9_1.61.0.jar
[2026, 9, 27, 14, 4, 48] ;;; release; block_decay-fabric-26.1_1.61.0.jar
[2026, 9, 27, 14, 4, 48] ;;; release; block_decay-fabric-26.2_1.61.0.jar
[2026, 9, 27, 14, 4, 48] ;;; release; block_decay-fabric-26.3_1.61.0.jar
[2026, 9, 27, 14, 4, 48] ;;; release; block_decay-forge-1.19.4_1.61.0.jar
[2026, 9, 27, 14, 4, 48] ;;; release; block_decay-forge-1.20.1_1.61.0.jar
[2026, 9, 27, 14, 4, 48] ;;; release; block_decay-neoforge-1.20.4_1.61.0.jar
[2026, 9, 27, 14, 4, 48] ;;; release; block_decay-neoforge-1.20.6_1.61.0.jar
[2026, 9, 27, 14, 4, 48] ;;; release; block_decay-neoforge-1.21.10_1.61.0.jar
[2026, 9, 27, 14, 4, 48] ;;; release; block_decay-neoforge-1.21.11_1.61.0.jar
[2026, 9, 27, 14, 4, 48] ;;; release; block_decay-neoforge-1.21.1_1.61.0.jar
[2026, 9, 27, 14, 4, 48] ;;; release; block_decay-neoforge-1.21.2_1.61.0.jar
[2026, 9, 27, 14, 4, 48] ;;; release; block_decay-neoforge-1.21.4_1.61.0.jar
[2026, 9, 27, 14, 4, 48] ;;; release; block_decay-neoforge-1.21.5_1.61.0.jar
[2026, 9, 27, 14, 4, 48] ;;; release; block_decay-neoforge-1.21.8_1.61.0.jar
[2026, 9, 27, 14, 4, 48] ;;; release; block_decay-neoforge-1.21.9_1.61.0.jar
[2026, 9, 27, 14, 4, 48] ;;; release; block_decay-neoforge-1.21_1.61.0.jar
[2026, 9, 27, 14, 4, 48] ;;; release; block_decay-neoforge-26.1_1.61.0.jar
[2026, 9, 27, 14, 4, 48] ;;; release; block_decay-neoforge-26.2_1.61.0.jar
[2026, 9, 27, 14, 4, 48] ;;; release; block_decay-neoforge-26.3_1.61.0.jar
[2026, 9, 27, 14, 4, 48] ;;; release; desire_paths-fabric-1.21.8_1.61.0.jar
[2026, 9, 27, 14, 4, 48] ;;; release; desire_paths-fabric-1.21.9_1.61.0.jar
[2026, 9, 27, 14, 4, 48] ;;; release; desire_paths-fabric-26.1_1.61.0.jar
[2026, 9, 27, 14, 4, 48] ;;; release; desire_paths-fabric-26.2_1.61.0.jar
[2026, 9, 27, 14, 4, 48] ;;; release; desire_paths-fabric-26.3_1.61.0.jar
[2026, 9, 27, 14, 4, 48] ;;; release; desire_paths-forge-1.19.4_1.61.0.jar
[2026, 9, 27, 14, 4, 48] ;;; release; desire_paths-forge-1.20.1_1.61.0.jar
[2026, 9, 27, 14, 4, 48] ;;; release; desire_paths-neoforge-1.20.4_1.61.0.jar
[2026, 9, 27, 14, 4, 48] ;;; release; desire_paths-neoforge-1.20.6_1.61.0.jar
[2026, 9, 27, 14, 4, 48] ;;; release; desire_paths-neoforge-1.21.1_1.61.0.jar
[2026, 9, 27, 14, 4, 48] ;;; release; desire_paths-neoforge-1.21.2_1.61.0.jar
[2026, 9, 27, 14, 4, 48] ;;; release; desire_paths-neoforge-1.21.4_1.61.0.jar
[2026, 9, 27, 14, 4, 48] ;;; release; desire_paths-neoforge-1.21.5_1.61.0.jar
[2026, 9, 27, 14, 4, 48] ;;; release; desire_paths-neoforge-1.21.8_1.61.0.jar
[2026, 9, 27, 14, 4, 48] ;;; release; desire_paths-neoforge-26.1_1.61.0.jar
[2026, 9, 27, 14, 4, 48] ;;; release; desire_paths-neoforge-26.2_1.61.0.jar
[2026, 9, 27, 14, 4, 48] ;;; release; desire_paths-neoforge-26.3_1.61.0.jar
[2026, 9, 27, 14, 4, 48] ;;; release; dynamic_dirt-fabric-1.21.8_1.61.0.jar
[2026, 9, 27, 14, 4, 48] ;;; release; dynamic_dirt-fabric-1.21.9_1.61.0.jar
[2026, 9, 27, 14, 4, 48] ;;; release; dynamic_dirt-fabric-26.1_1.61.0.jar
[2026, 9, 27, 14, 4, 48] ;;; release; dynamic_dirt-fabric-26.2_1.61.0.jar
[2026, 9, 27, 14, 4, 48] ;;; release; dynamic_dirt-fabric-26.3_1.61.0.jar
[2026, 9, 27, 14, 4, 48] ;;; release; dynamic_dirt-forge-1.19.4_1.61.0.jar
[2026, 9, 27, 14, 4, 48] ;;; release; dynamic_dirt-forge-1.20.1_1.61.0.jar
[2026, 9, 27, 14, 4, 48] ;;; release; dynamic_dirt-neoforge-1.20.4_1.61.0.jar
[2026, 9, 27, 14, 4, 48] ;;; release; dynamic_dirt-neoforge-1.20.6_1.61.0.jar
[2026, 9, 27, 14, 4, 48] ;;; release; dynamic_dirt-neoforge-1.21.1_1.61.0.jar
[2026, 9, 27, 14, 4, 48] ;;; release; dynamic_dirt-neoforge-1.21.2_1.61.0.jar
[2026, 9, 27, 14, 4, 48] ;;; release; dynamic_dirt-neoforge-1.21.4_1.61.0.jar
[2026, 9, 27, 14, 4, 48] ;;; release; dynamic_dirt-neoforge-1.21.5_1.61.0.jar
[2026, 9, 27, 14, 4, 48] ;;; release; dynamic_dirt-neoforge-1.21.8_1.61.0.jar
[2026, 9, 27, 14, 4, 48] ;;; release; dynamic_dirt-neoforge-26.1_1.61.0.jar
[2026, 9, 27, 14, 4, 48] ;;; release; dynamic_dirt-neoforge-26.2_1.61.0.jar
[2026, 9, 27, 14, 4, 48] ;;; release; dynamic_dirt-neoforge-26.3_1.61.0.jar
[2026, 9, 27, 14, 4, 48] ;;; release; dynamic_ecosystems-fabric-1.21.8_1.61.0.jar
[2026, 9, 27, 14, 4, 48] ;;; release; dynamic_ecosystems-fabric-1.21.9_1.61.0.jar
[2026, 9, 27, 14, 4, 48] ;;; release; dynamic_ecosystems-fabric-26.1_1.61.0.jar
[2026, 9, 27, 14, 4, 48] ;;; release; dynamic_ecosystems-fabric-26.2_1.61.0.jar
[2026, 9, 27, 14, 4, 48] ;;; release; dynamic_ecosystems-fabric-26.3_1.61.0.jar
[2026, 9, 27, 14, 4, 48] ;;; release; dynamic_ecosystems-forge-1.19.4_1.61.0.jar
[2026, 9, 27, 14, 4, 48] ;;; release; dynamic_ecosystems-forge-1.20.1_1.61.0.jar
[2026, 9, 27, 14, 4, 48] ;;; release; dynamic_ecosystems-neoforge-1.20.4_1.61.0.jar
[2026, 9, 27, 14, 4, 48] ;;; release; dynamic_ecosystems-neoforge-1.20.6_1.61.0.jar
[2026, 9, 27, 14, 4, 48] ;;; release; dynamic_ecosystems-neoforge-1.21.1_1.61.0.jar
[2026, 9, 27, 14, 4, 48] ;;; release; dynamic_ecosystems-neoforge-1.21.2_1.61.0.jar
[2026, 9, 27, 14, 4, 48] ;;; release; dynamic_ecosystems-neoforge-1.21.4_1.61.0.jar
[2026, 9, 27, 14, 4, 48] ;;; release; dynamic_ecosystems-neoforge-1.21.5_1.61.0.jar
[2026, 9, 27, 14, 4, 48] ;;; release; dynamic_ecosystems-neoforge-1.21.8_1.61.0.jar
[2026, 9, 27, 14, 4, 48] ;;; release; block_decay-fabric-1.21.10_1.61.0.jar
[2026, 9, 27, 14, 4, 48] ;;; release; block_decay-fabric-1.21.11_1.61.0.jar
[2026, 9, 27, 14, 4, 48] ;;; release; block_decay-fabric-1.21.8_1.61.0.jar
[2026, 9, 27, 14, 4, 48] ;;; release; block_decay-fabric-1.21.9_1.61.0.jar
[2026, 9, 27, 14, 4, 48] ;;; release; block_decay-fabric-26.1_1.61.0.jar
[2026, 9, 27, 14, 4, 48] ;;; release; block_decay-fabric-26.2_1.61.0.jar
[2026, 9, 27, 14, 4, 48] ;;; release; block_decay-fabric-26.3_1.61.0.jar
[2026, 9, 27, 14, 4, 48] ;;; release; block_decay-forge-1.19.4_1.61.0.jar
[2026, 9, 27, 14, 4, 48] ;;; release; block_decay-forge-1.20.1_1.61.0.jar
[2026, 9, 27, 14, 4, 48] ;;; release; block_decay-neoforge-1.20.4_1.61.0.jar
[2026, 9, 27, 14, 4, 48] ;;; release; block_decay-neoforge-1.20.6_1.61.0.jar
[2026, 9, 27, 14, 4, 48] ;;; release; block_decay-neoforge-1.21.10_1.61.0.jar
[2026, 9, 27, 14, 4, 48] ;;; release; block_decay-neoforge-1.21.11_1.61.0.jar
[2026, 9, 27, 14, 4, 48] ;;; release; block_decay-neoforge-1.21.1_1.61.0.jar
[2026, 9, 27, 14, 4, 48] ;;; release; block_decay-neoforge-1.21.2_1.61.0.jar
[2026, 9, 27, 14, 4, 48] ;;; release; block_decay-neoforge-1.21.4_1.61.0.jar
[2026, 9, 27, 14, 4, 48] ;;; release; block_decay-neoforge-1.21.5_1.61.0.jar
[2026, 9, 27, 14, 4, 48] ;;; release; block_decay-neoforge-1.21.8_1.61.0.jar
[2026, 9, 27, 14, 4, 48] ;;; release; block_decay-neoforge-1.21.9_1.61.0.jar
[2026, 9, 27, 14, 4, 48] ;;; release; block_decay-neoforge-1.21_1.61.0.jar
[2026, 9, 27, 14, 4, 48] ;;; release; block_decay-neoforge-26.1_1.61.0.jar
[2026, 9, 27, 14, 4, 48] ;;; release; block_decay-neoforge-26.2_1.61.0.jar
[2026, 9, 27, 14, 4, 48] ;;; release; block_decay-neoforge-26.3_1.61.0.jar
[2026, 9, 27, 14, 4, 48] ;;; release; desire_paths-fabric-1.21.8_1.61.0.jar
[2026, 9, 27, 14, 4, 48] ;;; release; desire_paths-fabric-1.21.9_1.61.0.jar
[2026, 9, 27, 14, 4, 48] ;;; release; desire_paths-fabric-26.1_1.61.0.jar
[2026, 9, 27, 14, 4, 48] ;;; release; desire_paths-fabric-26.2_1.61.0.jar
[2026, 9, 27, 14, 4, 48] ;;; release; desire_paths-fabric-26.3_1.61.0.jar
[2026, 9, 27, 14, 4, 48] ;;; release; desire_paths-forge-1.19.4_1.61.0.jar
[2026, 9, 27, 14, 4, 48] ;;; release; desire_paths-forge-1.20.1_1.61.0.jar
[2026, 9, 27, 14, 4, 48] ;;; release; desire_paths-neoforge-1.20.4_1.61.0.jar
[2026, 9, 27, 14, 4, 48] ;;; release; desire_paths-neoforge-1.20.6_1.61.0.jar
[2026, 9, 27, 14, 4, 48] ;;; release; desire_paths-neoforge-1.21.1_1.61.0.jar
[2026, 9, 27, 14, 4, 48] ;;; release; desire_paths-neoforge-1.21.2_1.61.0.jar
[2026, 9, 27, 14, 4, 48] ;;; release; desire_paths-neoforge-1.21.4_1.61.0.jar
[2026, 9, 27, 14, 4, 48] ;;; release; desire_paths-neoforge-1.21.5_1.61.0.jar
[2026, 9, 27, 14, 4, 48] ;;; release; desire_paths-neoforge-1.21.8_1.61.0.jar
[2026, 9, 27, 14, 4, 48] ;;; release; desire_paths-neoforge-26.1_1.61.0.jar
[2026, 9, 27, 14, 4, 48] ;;; release; desire_paths-neoforge-26.2_1.61.0.jar
[2026, 9, 27, 14, 4, 48] ;;; release; desire_paths-neoforge-26.3_1.61.0.jar
[2026, 9, 27, 14, 4, 48] ;;; release; dynamic_dirt-fabric-1.21.8_1.61.0.jar
[2026, 9, 27, 14, 4, 48] ;;; release; dynamic_dirt-fabric-1.21.9_1.61.0.jar
[2026, 9, 27, 14, 4, 48] ;;; release; dynamic_dirt-fabric-26.1_1.61.0.jar
[2026, 9, 27, 14, 4, 48] ;;; release; dynamic_dirt-fabric-26.2_1.61.0.jar
[2026, 9, 27, 14, 4, 48] ;;; release; dynamic_dirt-fabric-26.3_1.61.0.jar
[2026, 9, 27, 14, 4, 48] ;;; release; dynamic_dirt-forge-1.19.4_1.61.0.jar
[2026, 9, 27, 14, 4, 48] ;;; release; dynamic_dirt-forge-1.20.1_1.61.0.jar
[2026, 9, 27, 14, 4, 48] ;;; release; dynamic_dirt-neoforge-1.20.4_1.61.0.jar
[2026, 9, 27, 14, 4, 48] ;;; release; dynamic_dirt-neoforge-1.20.6_1.61.0.jar
[2026, 9, 27, 14, 4, 48] ;;; release; dynamic_dirt-neoforge-1.21.1_1.61.0.jar
[2026, 9, 27, 14, 4, 48] ;;; release; dynamic_dirt-neoforge-1.21.2_1.61.0.jar
[2026, 9, 27, 14, 4, 48] ;;; release; dynamic_dirt-neoforge-1.21.4_1.61.0.jar
[2026, 9, 27, 14, 4, 48] ;;; release; dynamic_dirt-neoforge-1.21.5_1.61.0.jar
[2026, 9, 27, 14, 4, 48] ;;; release; dynamic_dirt-neoforge-1.21.8_1.61.0.jar
[2026, 9, 27, 14, 4, 48] ;;; release; dynamic_dirt-neoforge-26.1_1.61.0.jar
[2026, 9, 27, 14, 4, 48] ;;; release; dynamic_dirt-neoforge-26.2_1.61.0.jar
[2026, 9, 27, 14, 4, 48] ;;; release; dynamic_dirt-neoforge-26.3_1.61.0.jar
[2026, 9, 27, 14, 4, 48] ;;; release; dynamic_ecosystems-fabric-1.21.8_1.61.0.jar
[2026, 9, 27, 14, 4, 48] ;;; release; dynamic_ecosystems-fabric-1.21.9_1.61.0.jar
[2026, 9, 27, 14, 4, 48] ;;; release; dynamic_ecosystems-fabric-26.1_1.61.0.jar
[2026, 9, 27, 14, 4, 48] ;;; release; dynamic_ecosystems-fabric-26.2_1.61.0.jar
[2026, 9, 27, 14, 4, 48] ;;; release; dynamic_ecosystems-fabric-26.3_1.61.0.jar
[2026, 9, 27, 14, 4, 48] ;;; release; dynamic_ecosystems-forge-1.19.4_1.61.0.jar
[2026, 9, 27, 14, 4, 48] ;;; release; dynamic_ecosystems-forge-1.20.1_1.61.0.jar
[2026, 9, 27, 14, 4, 48] ;;; release; dynamic_ecosystems-neoforge-1.20.4_1.61.0.jar
[2026, 9, 27, 14, 4, 48] ;;; release; dynamic_ecosystems-neoforge-1.20.6_1.61.0.jar
[2026, 9, 27, 14, 4, 48] ;;; release; dynamic_ecosystems-neoforge-1.21.1_1.61.0.jar
[2026, 9, 27, 14, 4, 48] ;;; release; dynamic_ecosystems-neoforge-1.21.2_1.61.0.jar
[2026, 9, 27, 14, 4, 48] ;;; release; dynamic_ecosystems-neoforge-1.21.4_1.61.0.jar
[2026, 9, 27, 14, 4, 48] ;;; release; dynamic_ecosystems-neoforge-1.21.5_1.61.0.jar
[2026, 9, 27, 14, 4, 48] ;;; release; dynamic_ecosystems-neoforge-1.21.8_1.61.0.jar
[2026, 9, 27, 23, 21, 33] ;;; release; Releasing scheduled mod version!
[2026, 9, 27, 23, 24, 10] ;;; release; Releasing scheduled mod version!
[2026, 9, 27, 23, 43, 56] ;;; release; block_decay-fabric-1.21.10_1.61.0.jar
[2026, 9, 27, 23, 43, 56] ;;; release; block_decay-fabric-1.21.11_1.61.0.jar
[2026, 9, 27, 23, 43, 56] ;;; release; block_decay-fabric-1.21.8_1.61.0.jar
[2026, 9, 27, 23, 43, 56] ;;; release; block_decay-fabric-1.21.9_1.61.0.jar
[2026, 9, 27, 23, 43, 56] ;;; release; block_decay-fabric-26.1_1.61.0.jar
[2026, 9, 27, 23, 43, 56] ;;; release; block_decay-fabric-26.2_1.61.0.jar
[2026, 9, 27, 23, 43, 56] ;;; release; block_decay-fabric-26.3_1.61.0.jar
[2026, 9, 27, 23, 43, 56] ;;; release; block_decay-forge-1.19.4_1.61.0.jar
[2026, 9, 27, 23, 43, 56] ;;; release; block_decay-forge-1.20.1_1.61.0.jar
[2026, 9, 27, 23, 43, 56] ;;; release; block_decay-neoforge-1.20.4_1.61.0.jar
[2026, 9, 27, 23, 43, 56] ;;; release; block_decay-neoforge-1.20.6_1.61.0.jar
[2026, 9, 27, 23, 43, 56] ;;; release; block_decay-neoforge-1.21.10_1.61.0.jar
[2026, 9, 27, 23, 43, 56] ;;; release; block_decay-neoforge-1.21.11_1.61.0.jar
[2026, 9, 27, 23, 43, 57] ;;; release; block_decay-neoforge-1.21.1_1.61.0.jar
[2026, 9, 27, 23, 43, 57] ;;; release; block_decay-neoforge-1.21.2_1.61.0.jar
[2026, 9, 27, 23, 43, 57] ;;; release; block_decay-neoforge-1.21.4_1.61.0.jar
[2026, 9, 27, 23, 43, 57] ;;; release; block_decay-neoforge-1.21.5_1.61.0.jar
[2026, 9, 27, 23, 43, 57] ;;; release; block_decay-neoforge-1.21.8_1.61.0.jar
[2026, 9, 27, 23, 43, 57] ;;; release; block_decay-neoforge-1.21.9_1.61.0.jar
[2026, 9, 27, 23, 43, 57] ;;; release; block_decay-neoforge-1.21_1.61.0.jar
[2026, 9, 27, 23, 43, 57] ;;; release; block_decay-neoforge-26.1_1.61.0.jar
[2026, 9, 27, 23, 43, 57] ;;; release; block_decay-neoforge-26.2_1.61.0.jar
[2026, 9, 27, 23, 43, 57] ;;; release; block_decay-neoforge-26.3_1.61.0.jar
[2026, 9, 27, 23, 43, 57] ;;; release; desire_paths-fabric-1.21.8_1.61.0.jar
[2026, 9, 27, 23, 43, 57] ;;; release; desire_paths-fabric-1.21.9_1.61.0.jar
[2026, 9, 27, 23, 43, 57] ;;; release; desire_paths-fabric-26.1_1.61.0.jar
[2026, 9, 27, 23, 43, 57] ;;; release; desire_paths-fabric-26.2_1.61.0.jar
[2026, 9, 27, 23, 43, 57] ;;; release; desire_paths-fabric-26.3_1.61.0.jar
[2026, 9, 27, 23, 43, 57] ;;; release; desire_paths-forge-1.19.4_1.61.0.jar
[2026, 9, 27, 23, 43, 57] ;;; release; desire_paths-forge-1.20.1_1.61.0.jar
[2026, 9, 27, 23, 43, 57] ;;; release; desire_paths-neoforge-1.20.4_1.61.0.jar
[2026, 9, 27, 23, 43, 57] ;;; release; desire_paths-neoforge-1.20.6_1.61.0.jar
[2026, 9, 27, 23, 43, 57] ;;; release; desire_paths-neoforge-1.21.1_1.61.0.jar
[2026, 9, 27, 23, 43, 57] ;;; release; desire_paths-neoforge-1.21.2_1.61.0.jar
[2026, 9, 27, 23, 43, 57] ;;; release; desire_paths-neoforge-1.21.4_1.61.0.jar
[2026, 9, 27, 23, 43, 57] ;;; release; desire_paths-neoforge-1.21.5_1.61.0.jar
[2026, 9, 27, 23, 43, 57] ;;; release; desire_paths-neoforge-1.21.8_1.61.0.jar
[2026, 9, 27, 23, 43, 57] ;;; release; desire_paths-neoforge-26.1_1.61.0.jar
[2026, 9, 27, 23, 43, 57] ;;; release; desire_paths-neoforge-26.2_1.61.0.jar
[2026, 9, 27, 23, 43, 57] ;;; release; desire_paths-neoforge-26.3_1.61.0.jar
[2026, 9, 27, 23, 43, 57] ;;; release; dynamic_dirt-fabric-1.21.8_1.61.0.jar
[2026, 9, 27, 23, 43, 57] ;;; release; dynamic_dirt-fabric-1.21.9_1.61.0.jar
[2026, 9, 27, 23, 43, 57] ;;; release; dynamic_dirt-fabric-26.1_1.61.0.jar
[2026, 9, 27, 23, 43, 57] ;;; release; dynamic_dirt-fabric-26.2_1.61.0.jar
[2026, 9, 27, 23, 43, 57] ;;; release; dynamic_dirt-fabric-26.3_1.61.0.jar
[2026, 9, 27, 23, 43, 57] ;;; release; dynamic_dirt-forge-1.19.4_1.61.0.jar
[2026, 9, 27, 23, 43, 57] ;;; release; dynamic_dirt-forge-1.20.1_1.61.0.jar
[2026, 9, 27, 23, 43, 57] ;;; release; dynamic_dirt-neoforge-1.20.4_1.61.0.jar
[2026, 9, 27, 23, 43, 57] ;;; release; dynamic_dirt-neoforge-1.20.6_1.61.0.jar
[2026, 9, 27, 23, 43, 57] ;;; release; dynamic_dirt-neoforge-1.21.1_1.61.0.jar
[2026, 9, 27, 23, 43, 57] ;;; release; dynamic_dirt-neoforge-1.21.2_1.61.0.jar
[2026, 9, 27, 23, 43, 57] ;;; release; dynamic_dirt-neoforge-1.21.4_1.61.0.jar
[2026, 9, 27, 23, 43, 57] ;;; release; dynamic_dirt-neoforge-1.21.5_1.61.0.jar
[2026, 9, 27, 23, 43, 57] ;;; release; dynamic_dirt-neoforge-1.21.8_1.61.0.jar
[2026, 9, 27, 23, 43, 57] ;;; release; dynamic_dirt-neoforge-26.1_1.61.0.jar
[2026, 9, 27, 23, 43, 57] ;;; release; dynamic_dirt-neoforge-26.2_1.61.0.jar
[2026, 9, 27, 23, 43, 57] ;;; release; dynamic_dirt-neoforge-26.3_1.61.0.jar
[2026, 9, 27, 23, 43, 57] ;;; release; dynamic_ecosystems-fabric-1.21.8_1.61.0.jar
[2026, 9, 27, 23, 43, 57] ;;; release; dynamic_ecosystems-fabric-1.21.9_1.61.0.jar
[2026, 9, 27, 23, 43, 57] ;;; release; dynamic_ecosystems-fabric-26.1_1.61.0.jar
[2026, 9, 27, 23, 43, 57] ;;; release; dynamic_ecosystems-fabric-26.2_1.61.0.jar
[2026, 9, 27, 23, 43, 57] ;;; release; dynamic_ecosystems-fabric-26.3_1.61.0.jar
[2026, 9, 27, 23, 43, 57] ;;; release; dynamic_ecosystems-forge-1.19.4_1.61.0.jar
[2026, 9, 27, 23, 43, 57] ;;; release; dynamic_ecosystems-forge-1.20.1_1.61.0.jar
[2026, 9, 27, 23, 43, 57] ;;; release; dynamic_ecosystems-neoforge-1.20.4_1.61.0.jar
[2026, 9, 27, 23, 43, 57] ;;; release; dynamic_ecosystems-neoforge-1.20.6_1.61.0.jar
[2026, 9, 27, 23, 43, 57] ;;; release; dynamic_ecosystems-neoforge-1.21.1_1.61.0.jar
[2026, 9, 27, 23, 43, 57] ;;; release; dynamic_ecosystems-neoforge-1.21.2_1.61.0.jar
[2026, 9, 27, 23, 43, 57] ;;; release; dynamic_ecosystems-neoforge-1.21.4_1.61.0.jar
[2026, 9, 27, 23, 43, 57] ;;; release; dynamic_ecosystems-neoforge-1.21.5_1.61.0.jar
[2026, 9, 27, 23, 43, 57] ;;; release; dynamic_ecosystems-neoforge-1.21.8_1.61.0.jar
[2026, 9, 27, 23, 43, 57] ;;; release; dynamic_ecosystems-neoforge-26.1_1.61.0.jar
[2026, 9, 27, 23, 43, 57] ;;; release; dynamic_ecosystems-neoforge-26.2_1.61.0.jar
[2026, 9, 27, 23, 43, 57] ;;; release; dynamic_ecosystems-neoforge-26.3_1.61.0.jar
[2026, 9, 27, 23, 43, 57] ;;; release; dynamic_monsters-fabric-1.21.8_1.61.0.jar
[2026, 9, 27, 23, 43, 57] ;;; release; dynamic_monsters-fabric-1.21.9_1.61.0.jar
[2026, 9, 27, 23, 43, 57] ;;; release; dynamic_monsters-fabric-26.1_1.61.0.jar
[2026, 9, 27, 23, 43, 57] ;;; release; dynamic_monsters-fabric-26.2_1.61.0.jar
[2026, 9, 27, 23, 43, 57] ;;; release; dynamic_monsters-fabric-26.3_1.61.0.jar
[2026, 9, 27, 23, 43, 57] ;;; release; dynamic_monsters-forge-1.19.4_1.61.0.jar
[2026, 9, 27, 23, 43, 57] ;;; release; dynamic_monsters-forge-1.20.1_1.61.0.jar
[2026, 9, 27, 23, 43, 57] ;;; release; dynamic_monsters-neoforge-1.20.4_1.61.0.jar
[2026, 9, 27, 23, 43, 57] ;;; release; dynamic_monsters-neoforge-1.20.6_1.61.0.jar
[2026, 9, 27, 23, 43, 57] ;;; release; dynamic_monsters-neoforge-1.21.1_1.61.0.jar
[2026, 9, 27, 23, 43, 57] ;;; release; dynamic_monsters-neoforge-1.21.2_1.61.0.jar
[2026, 9, 27, 23, 43, 57] ;;; release; dynamic_monsters-neoforge-1.21.4_1.61.0.jar
[2026, 9, 27, 23, 43, 57] ;;; release; dynamic_monsters-neoforge-1.21.5_1.61.0.jar
[2026, 9, 27, 23, 43, 57] ;;; release; dynamic_monsters-neoforge-1.21.8_1.61.0.jar
[2026, 9, 27, 23, 43, 57] ;;; release; dynamic_monsters-neoforge-26.1_1.61.0.jar
[2026, 9, 27, 23, 43, 57] ;;; release; dynamic_monsters-neoforge-26.2_1.61.0.jar
[2026, 9, 27, 23, 43, 57] ;;; release; dynamic_monsters-neoforge-26.3_1.61.0.jar
[2026, 9, 27, 23, 43, 57] ;;; release; enhanced_survival-fabric-26.3_1.61.0.jar
[2026, 9, 27, 23, 43, 57] ;;; release; enhanced_survival-neoforge-26.3_1.61.0.jar
[2026, 9, 27, 23, 43, 57] ;;; release; ghosts_and_ghouls-fabric-1.21.8_1.61.0.jar
[2026, 9, 27, 23, 43, 57] ;;; release; ghosts_and_ghouls-fabric-1.21.9_1.61.0.jar
[2026, 9, 27, 23, 43, 57] ;;; release; ghosts_and_ghouls-fabric-26.1_1.61.0.jar
[2026, 9, 27, 23, 43, 57] ;;; release; ghosts_and_ghouls-fabric-26.2_1.61.0.jar
[2026, 9, 27, 23, 43, 57] ;;; release; ghosts_and_ghouls-fabric-26.3_1.61.0.jar
[2026, 9, 27, 23, 43, 57] ;;; release; ghosts_and_ghouls-forge-1.19.4_1.61.0.jar
[2026, 9, 27, 23, 43, 57] ;;; release; ghosts_and_ghouls-forge-1.20.1_1.61.0.jar
[2026, 9, 27, 23, 43, 57] ;;; release; ghosts_and_ghouls-neoforge-1.20.4_1.61.0.jar
[2026, 9, 27, 23, 43, 57] ;;; release; ghosts_and_ghouls-neoforge-1.20.6_1.61.0.jar
[2026, 9, 27, 23, 43, 57] ;;; release; ghosts_and_ghouls-neoforge-1.21.1_1.61.0.jar
[2026, 9, 27, 23, 43, 57] ;;; release; ghosts_and_ghouls-neoforge-1.21.2_1.61.0.jar
[2026, 9, 27, 23, 43, 57] ;;; release; ghosts_and_ghouls-neoforge-1.21.4_1.61.0.jar
[2026, 9, 27, 23, 43, 57] ;;; release; ghosts_and_ghouls-neoforge-1.21.5_1.61.0.jar
[2026, 9, 27, 23, 43, 57] ;;; release; ghosts_and_ghouls-neoforge-1.21.8_1.61.0.jar
[2026, 9, 27, 23, 43, 57] ;;; release; ghosts_and_ghouls-neoforge-26.1_1.61.0.jar
[2026, 9, 27, 23, 43, 57] ;;; release; ghosts_and_ghouls-neoforge-26.2_1.61.0.jar
[2026, 9, 27, 23, 43, 57] ;;; release; ghosts_and_ghouls-neoforge-26.3_1.61.0.jar
[2026, 9, 27, 23, 43, 57] ;;; release; gothic_horror-fabric-1.21.8_1.61.0.jar
[2026, 9, 27, 23, 43, 57] ;;; release; gothic_horror-fabric-1.21.9_1.61.0.jar
[2026, 9, 27, 23, 43, 57] ;;; release; gothic_horror-fabric-26.1_1.61.0.jar
[2026, 9, 27, 23, 43, 57] ;;; release; gothic_horror-fabric-26.2_1.61.0.jar
[2026, 9, 27, 23, 43, 57] ;;; release; gothic_horror-fabric-26.3_1.61.0.jar
[2026, 9, 27, 23, 43, 57] ;;; release; gothic_horror-forge-1.19.4_1.61.0.jar
[2026, 9, 27, 23, 43, 57] ;;; release; gothic_horror-forge-1.20.1_1.61.0.jar
[2026, 9, 27, 23, 43, 57] ;;; release; gothic_horror-neoforge-1.20.4_1.61.0.jar
[2026, 9, 27, 23, 43, 57] ;;; release; gothic_horror-neoforge-1.20.6_1.61.0.jar
[2026, 9, 27, 23, 43, 57] ;;; release; gothic_horror-neoforge-1.21.1_1.61.0.jar
[2026, 9, 27, 23, 43, 57] ;;; release; gothic_horror-neoforge-1.21.2_1.61.0.jar
[2026, 9, 27, 23, 43, 57] ;;; release; gothic_horror-neoforge-1.21.4_1.61.0.jar
[2026, 9, 27, 23, 43, 57] ;;; release; gothic_horror-neoforge-1.21.5_1.61.0.jar
[2026, 9, 27, 23, 43, 57] ;;; release; gothic_horror-neoforge-1.21.8_1.61.0.jar
[2026, 9, 27, 23, 43, 57] ;;; release; gothic_horror-neoforge-26.1_1.61.0.jar
[2026, 9, 27, 23, 43, 57] ;;; release; gothic_horror-neoforge-26.2_1.61.0.jar
[2026, 9, 27, 23, 43, 57] ;;; release; gothic_horror-neoforge-26.3_1.61.0.jar
[2026, 9, 27, 23, 43, 57] ;;; release; gstools-fabric-1.21.8_1.61.0.jar
[2026, 9, 27, 23, 43, 57] ;;; release; gstools-fabric-1.21.9_1.61.0.jar
[2026, 9, 27, 23, 43, 57] ;;; release; gstools-fabric-26.1_1.61.0.jar
[2026, 9, 27, 23, 43, 57] ;;; release; gstools-fabric-26.2_1.61.0.jar
[2026, 9, 27, 23, 43, 57] ;;; release; gstools-fabric-26.3_1.61.0.jar
[2026, 9, 27, 23, 43, 57] ;;; release; gstools-forge-1.19.4_1.61.0.jar
[2026, 9, 27, 23, 43, 57] ;;; release; gstools-forge-1.20.1_1.61.0.jar
[2026, 9, 27, 23, 43, 57] ;;; release; gstools-neoforge-1.20.4_1.61.0.jar
[2026, 9, 27, 23, 43, 57] ;;; release; gstools-neoforge-1.20.6_1.61.0.jar
[2026, 9, 27, 23, 43, 57] ;;; release; gstools-neoforge-1.21.1_1.61.0.jar
[2026, 9, 27, 23, 43, 57] ;;; release; gstools-neoforge-1.21.2_1.61.0.jar
[2026, 9, 27, 23, 43, 57] ;;; release; gstools-neoforge-1.21.4_1.61.0.jar
[2026, 9, 27, 23, 43, 57] ;;; release; gstools-neoforge-1.21.5_1.61.0.jar
[2026, 9, 27, 23, 43, 57] ;;; release; gstools-neoforge-1.21.8_1.61.0.jar
[2026, 9, 27, 23, 43, 57] ;;; release; gstools-neoforge-26.1_1.61.0.jar
[2026, 9, 27, 23, 43, 57] ;;; release; gstools-neoforge-26.2_1.61.0.jar
[2026, 9, 27, 23, 43, 57] ;;; release; gstools-neoforge-26.3_1.61.0.jar
[2026, 9, 27, 23, 43, 57] ;;; release; life_and_death-fabric-1.21.8_1.61.0.jar
[2026, 9, 27, 23, 43, 57] ;;; release; life_and_death-fabric-1.21.9_1.61.0.jar
[2026, 9, 27, 23, 43, 57] ;;; release; life_and_death-fabric-26.1_1.61.0.jar
[2026, 9, 27, 23, 43, 57] ;;; release; life_and_death-fabric-26.2_1.61.0.jar
[2026, 9, 27, 23, 43, 57] ;;; release; life_and_death-fabric-26.3_1.61.0.jar
[2026, 9, 27, 23, 43, 57] ;;; release; life_and_death-forge-1.19.4_1.61.0.jar
[2026, 9, 27, 23, 43, 57] ;;; release; life_and_death-forge-1.20.1_1.61.0.jar
[2026, 9, 27, 23, 43, 57] ;;; release; life_and_death-neoforge-1.20.4_1.61.0.jar
[2026, 9, 27, 23, 43, 57] ;;; release; life_and_death-neoforge-1.20.6_1.61.0.jar
[2026, 9, 27, 23, 43, 57] ;;; release; life_and_death-neoforge-1.21.1_1.61.0.jar
[2026, 9, 27, 23, 43, 57] ;;; release; life_and_death-neoforge-1.21.2_1.61.0.jar
[2026, 9, 27, 23, 43, 57] ;;; release; life_and_death-neoforge-1.21.4_1.61.0.jar
[2026, 9, 27, 23, 43, 57] ;;; release; life_and_death-neoforge-1.21.5_1.61.0.jar
[2026, 9, 27, 23, 43, 57] ;;; release; life_and_death-neoforge-1.21.8_1.61.0.jar
[2026, 9, 27, 23, 43, 57] ;;; release; life_and_death-neoforge-26.1_1.61.0.jar
[2026, 9, 27, 23, 43, 57] ;;; release; life_and_death-neoforge-26.2_1.61.0.jar
[2026, 9, 27, 23, 43, 57] ;;; release; life_and_death-neoforge-26.3_1.61.0.jar
[2026, 9, 27, 23, 43, 57] ;;; release; undead_expanded-fabric-1.21.8_1.61.0.jar
[2026, 9, 27, 23, 43, 57] ;;; release; undead_expanded-fabric-1.21.9_1.61.0.jar
[2026, 9, 27, 23, 43, 57] ;;; release; undead_expanded-fabric-26.1_1.61.0.jar
[2026, 9, 27, 23, 43, 57] ;;; release; undead_expanded-fabric-26.2_1.61.0.jar
[2026, 9, 27, 23, 43, 57] ;;; release; undead_expanded-fabric-26.3_1.61.0.jar
[2026, 9, 27, 23, 43, 57] ;;; release; undead_expanded-forge-1.19.4_1.61.0.jar
[2026, 9, 27, 23, 43, 57] ;;; release; undead_expanded-forge-1.20.1_1.61.0.jar
[2026, 9, 27, 23, 43, 57] ;;; release; undead_expanded-neoforge-1.20.4_1.61.0.jar
[2026, 9, 27, 23, 43, 57] ;;; release; undead_expanded-neoforge-1.20.6_1.61.0.jar
[2026, 9, 27, 23, 43, 57] ;;; release; undead_expanded-neoforge-1.21.1_1.61.0.jar
[2026, 9, 27, 23, 43, 57] ;;; release; undead_expanded-neoforge-1.21.2_1.61.0.jar
[2026, 9, 27, 23, 43, 57] ;;; release; undead_expanded-neoforge-1.21.4_1.61.0.jar
[2026, 9, 27, 23, 43, 57] ;;; release; undead_expanded-neoforge-1.21.5_1.61.0.jar
[2026, 9, 27, 23, 43, 57] ;;; release; undead_expanded-neoforge-1.21.8_1.61.0.jar
[2026, 9, 27, 23, 43, 57] ;;; release; undead_expanded-neoforge-26.1_1.61.0.jar
[2026, 9, 27, 23, 43, 57] ;;; release; undead_expanded-neoforge-26.2_1.61.0.jar
[2026, 9, 27, 23, 43, 57] ;;; release; undead_expanded-neoforge-26.3_1.61.0.jar
[2026, 9, 27, 23, 43, 57] ;;; release; block_decay-fabric-1.21.10_1.61.0.jar
[2026, 9, 27, 23, 43, 57] ;;; release; block_decay-fabric-1.21.11_1.61.0.jar
[2026, 9, 27, 23, 43, 57] ;;; release; block_decay-fabric-1.21.8_1.61.0.jar
[2026, 9, 27, 23, 43, 57] ;;; release; block_decay-fabric-1.21.9_1.61.0.jar
[2026, 9, 27, 23, 43, 57] ;;; release; block_decay-fabric-26.1_1.61.0.jar
[2026, 9, 27, 23, 43, 57] ;;; release; block_decay-fabric-26.2_1.61.0.jar
[2026, 9, 27, 23, 43, 57] ;;; release; block_decay-fabric-26.3_1.61.0.jar
[2026, 9, 27, 23, 43, 57] ;;; release; block_decay-forge-1.19.4_1.61.0.jar
[2026, 9, 27, 23, 43, 57] ;;; release; block_decay-forge-1.20.1_1.61.0.jar
[2026, 9, 27, 23, 43, 57] ;;; release; block_decay-neoforge-1.20.4_1.61.0.jar
[2026, 9, 27, 23, 43, 57] ;;; release; block_decay-neoforge-1.20.6_1.61.0.jar
[2026, 9, 27, 23, 43, 57] ;;; release; block_decay-neoforge-1.21.10_1.61.0.jar
[2026, 9, 27, 23, 43, 57] ;;; release; block_decay-neoforge-1.21.11_1.61.0.jar
[2026, 9, 27, 23, 43, 57] ;;; release; block_decay-neoforge-1.21.1_1.61.0.jar
[2026, 9, 27, 23, 43, 57] ;;; release; block_decay-neoforge-1.21.2_1.61.0.jar
[2026, 9, 27, 23, 43, 57] ;;; release; block_decay-neoforge-1.21.4_1.61.0.jar
[2026, 9, 27, 23, 43, 57] ;;; release; block_decay-neoforge-1.21.5_1.61.0.jar
[2026, 9, 27, 23, 43, 57] ;;; release; block_decay-neoforge-1.21.8_1.61.0.jar
[2026, 9, 27, 23, 43, 57] ;;; release; block_decay-neoforge-1.21.9_1.61.0.jar
[2026, 9, 27, 23, 43, 57] ;;; release; block_decay-neoforge-1.21_1.61.0.jar
[2026, 9, 27, 23, 43, 57] ;;; release; block_decay-neoforge-26.1_1.61.0.jar
[2026, 9, 27, 23, 43, 57] ;;; release; block_decay-neoforge-26.2_1.61.0.jar
[2026, 9, 27, 23, 43, 57] ;;; release; block_decay-neoforge-26.3_1.61.0.jar
[2026, 9, 27, 23, 43, 57] ;;; release; desire_paths-fabric-1.21.8_1.61.0.jar
[2026, 9, 27, 23, 43, 57] ;;; release; desire_paths-fabric-1.21.9_1.61.0.jar
[2026, 9, 27, 23, 43, 57] ;;; release; desire_paths-fabric-26.1_1.61.0.jar
[2026, 9, 27, 23, 43, 57] ;;; release; desire_paths-fabric-26.2_1.61.0.jar
[2026, 9, 27, 23, 43, 57] ;;; release; desire_paths-fabric-26.3_1.61.0.jar
[2026, 9, 27, 23, 43, 57] ;;; release; desire_paths-forge-1.19.4_1.61.0.jar
[2026, 9, 27, 23, 43, 57] ;;; release; desire_paths-forge-1.20.1_1.61.0.jar
[2026, 9, 27, 23, 43, 57] ;;; release; desire_paths-neoforge-1.20.4_1.61.0.jar
[2026, 9, 27, 23, 43, 57] ;;; release; desire_paths-neoforge-1.20.6_1.61.0.jar
[2026, 9, 27, 23, 43, 57] ;;; release; desire_paths-neoforge-1.21.1_1.61.0.jar
[2026, 9, 27, 23, 43, 57] ;;; release; desire_paths-neoforge-1.21.2_1.61.0.jar
[2026, 9, 27, 23, 43, 57] ;;; release; desire_paths-neoforge-1.21.4_1.61.0.jar
[2026, 9, 27, 23, 43, 57] ;;; release; desire_paths-neoforge-1.21.5_1.61.0.jar
[2026, 9, 27, 23, 43, 57] ;;; release; desire_paths-neoforge-1.21.8_1.61.0.jar
[2026, 9, 27, 23, 43, 57] ;;; release; desire_paths-neoforge-26.1_1.61.0.jar
[2026, 9, 27, 23, 43, 57] ;;; release; desire_paths-neoforge-26.2_1.61.0.jar
[2026, 9, 27, 23, 43, 57] ;;; release; desire_paths-neoforge-26.3_1.61.0.jar
[2026, 9, 27, 23, 43, 57] ;;; release; dynamic_dirt-fabric-1.21.8_1.61.0.jar
[2026, 9, 27, 23, 43, 57] ;;; release; dynamic_dirt-fabric-1.21.9_1.61.0.jar
[2026, 9, 27, 23, 43, 57] ;;; release; dynamic_dirt-fabric-26.1_1.61.0.jar
[2026, 9, 27, 23, 43, 57] ;;; release; dynamic_dirt-fabric-26.2_1.61.0.jar
[2026, 9, 27, 23, 43, 57] ;;; release; dynamic_dirt-fabric-26.3_1.61.0.jar
[2026, 9, 27, 23, 43, 57] ;;; release; dynamic_dirt-forge-1.19.4_1.61.0.jar
[2026, 9, 27, 23, 43, 57] ;;; release; dynamic_dirt-forge-1.20.1_1.61.0.jar
[2026, 9, 27, 23, 43, 57] ;;; release; dynamic_dirt-neoforge-1.20.4_1.61.0.jar
[2026, 9, 27, 23, 43, 57] ;;; release; dynamic_dirt-neoforge-1.20.6_1.61.0.jar
[2026, 9, 27, 23, 43, 57] ;;; release; dynamic_dirt-neoforge-1.21.1_1.61.0.jar
[2026, 9, 27, 23, 43, 57] ;;; release; dynamic_dirt-neoforge-1.21.2_1.61.0.jar
[2026, 9, 27, 23, 43, 57] ;;; release; dynamic_dirt-neoforge-1.21.4_1.61.0.jar
[2026, 9, 27, 23, 43, 57] ;;; release; dynamic_dirt-neoforge-1.21.5_1.61.0.jar
[2026, 9, 27, 23, 43, 57] ;;; release; dynamic_dirt-neoforge-1.21.8_1.61.0.jar
[2026, 9, 27, 23, 43, 57] ;;; release; dynamic_dirt-neoforge-26.1_1.61.0.jar
[2026, 9, 27, 23, 43, 57] ;;; release; dynamic_dirt-neoforge-26.2_1.61.0.jar
[2026, 9, 27, 23, 43, 57] ;;; release; dynamic_dirt-neoforge-26.3_1.61.0.jar
[2026, 9, 27, 23, 43, 57] ;;; release; dynamic_ecosystems-fabric-1.21.8_1.61.0.jar
[2026, 9, 27, 23, 43, 57] ;;; release; dynamic_ecosystems-fabric-1.21.9_1.61.0.jar
[2026, 9, 27, 23, 43, 57] ;;; release; dynamic_ecosystems-fabric-26.1_1.61.0.jar
[2026, 9, 27, 23, 43, 57] ;;; release; dynamic_ecosystems-fabric-26.2_1.61.0.jar
[2026, 9, 27, 23, 43, 57] ;;; release; dynamic_ecosystems-fabric-26.3_1.61.0.jar
[2026, 9, 27, 23, 43, 57] ;;; release; dynamic_ecosystems-forge-1.19.4_1.61.0.jar
[2026, 9, 27, 23, 43, 57] ;;; release; dynamic_ecosystems-forge-1.20.1_1.61.0.jar
[2026, 9, 27, 23, 43, 57] ;;; release; dynamic_ecosystems-neoforge-1.20.4_1.61.0.jar
[2026, 9, 27, 23, 43, 57] ;;; release; dynamic_ecosystems-neoforge-1.20.6_1.61.0.jar
[2026, 9, 27, 23, 43, 57] ;;; release; dynamic_ecosystems-neoforge-1.21.1_1.61.0.jar
[2026, 9, 27, 23, 43, 57] ;;; release; dynamic_ecosystems-neoforge-1.21.2_1.61.0.jar
[2026, 9, 27, 23, 43, 57] ;;; release; dynamic_ecosystems-neoforge-1.21.4_1.61.0.jar
[2026, 9, 27, 23, 43, 57] ;;; release; dynamic_ecosystems-neoforge-1.21.5_1.61.0.jar
[2026, 9, 27, 23, 43, 57] ;;; release; dynamic_ecosystems-neoforge-1.21.8_1.61.0.jar
[2026, 9, 27, 23, 43, 57] ;;; release; dynamic_ecosystems-neoforge-26.1_1.61.0.jar
[2026, 9, 27, 23, 43, 57] ;;; release; dynamic_ecosystems-neoforge-26.2_1.61.0.jar
[2026, 9, 27, 23, 43, 57] ;;; release; dynamic_ecosystems-neoforge-26.3_1.61.0.jar
[2026, 9, 27, 23, 43, 57] ;;; release; dynamic_monsters-fabric-1.21.8_1.61.0.jar
[2026, 9, 27, 23, 43, 57] ;;; release; dynamic_monsters-fabric-1.21.9_1.61.0.jar
[2026, 9, 27, 23, 43, 57] ;;; release; dynamic_monsters-fabric-26.1_1.61.0.jar
[2026, 9, 27, 23, 43, 57] ;;; release; dynamic_monsters-fabric-26.2_1.61.0.jar
[2026, 9, 27, 23, 43, 57] ;;; release; dynamic_monsters-fabric-26.3_1.61.0.jar
[2026, 9, 27, 23, 43, 57] ;;; release; dynamic_monsters-forge-1.19.4_1.61.0.jar
[2026, 9, 27, 23, 43, 57] ;;; release; dynamic_monsters-forge-1.20.1_1.61.0.jar
[2026, 9, 27, 23, 43, 57] ;;; release; dynamic_monsters-neoforge-1.20.4_1.61.0.jar
[2026, 9, 27, 23, 43, 57] ;;; release; dynamic_monsters-neoforge-1.20.6_1.61.0.jar
[2026, 9, 27, 23, 43, 57] ;;; release; dynamic_monsters-neoforge-1.21.1_1.61.0.jar
[2026, 9, 27, 23, 43, 57] ;;; release; dynamic_monsters-neoforge-1.21.2_1.61.0.jar
[2026, 9, 27, 23, 43, 57] ;;; release; dynamic_monsters-neoforge-1.21.4_1.61.0.jar
[2026, 9, 27, 23, 43, 57] ;;; release; dynamic_monsters-neoforge-1.21.5_1.61.0.jar
[2026, 9, 27, 23, 43, 57] ;;; release; dynamic_monsters-neoforge-1.21.8_1.61.0.jar
[2026, 9, 27, 23, 43, 57] ;;; release; dynamic_monsters-neoforge-26.1_1.61.0.jar
[2026, 9, 27, 23, 43, 57] ;;; release; dynamic_monsters-neoforge-26.2_1.61.0.jar
[2026, 9, 27, 23, 43, 57] ;;; release; dynamic_monsters-neoforge-26.3_1.61.0.jar
[2026, 9, 27, 23, 43, 57] ;;; release; enhanced_survival-fabric-26.3_1.61.0.jar
[2026, 9, 27, 23, 43, 57] ;;; release; enhanced_survival-neoforge-26.3_1.61.0.jar
[2026, 9, 27, 23, 43, 57] ;;; release; ghosts_and_ghouls-fabric-1.21.8_1.61.0.jar
[2026, 9, 27, 23, 43, 57] ;;; release; ghosts_and_ghouls-fabric-1.21.9_1.61.0.jar
[2026, 9, 27, 23, 43, 57] ;;; release; ghosts_and_ghouls-fabric-26.1_1.61.0.jar
[2026, 9, 27, 23, 43, 57] ;;; release; ghosts_and_ghouls-fabric-26.2_1.61.0.jar
[2026, 9, 27, 23, 43, 57] ;;; release; ghosts_and_ghouls-fabric-26.3_1.61.0.jar
[2026, 9, 27, 23, 43, 57] ;;; release; ghosts_and_ghouls-forge-1.19.4_1.61.0.jar
[2026, 9, 27, 23, 43, 57] ;;; release; ghosts_and_ghouls-forge-1.20.1_1.61.0.jar
[2026, 9, 27, 23, 43, 57] ;;; release; ghosts_and_ghouls-neoforge-1.20.4_1.61.0.jar
[2026, 9, 27, 23, 43, 57] ;;; release; ghosts_and_ghouls-neoforge-1.20.6_1.61.0.jar
[2026, 9, 27, 23, 43, 57] ;;; release; ghosts_and_ghouls-neoforge-1.21.1_1.61.0.jar
[2026, 9, 27, 23, 43, 57] ;;; release; ghosts_and_ghouls-neoforge-1.21.2_1.61.0.jar
[2026, 9, 27, 23, 43, 57] ;;; release; ghosts_and_ghouls-neoforge-1.21.4_1.61.0.jar
[2026, 9, 27, 23, 43, 57] ;;; release; ghosts_and_ghouls-neoforge-1.21.5_1.61.0.jar
[2026, 9, 27, 23, 43, 57] ;;; release; ghosts_and_ghouls-neoforge-1.21.8_1.61.0.jar
[2026, 9, 27, 23, 43, 57] ;;; release; ghosts_and_ghouls-neoforge-26.1_1.61.0.jar
[2026, 9, 27, 23, 43, 57] ;;; release; ghosts_and_ghouls-neoforge-26.2_1.61.0.jar
[2026, 9, 27, 23, 43, 57] ;;; release; ghosts_and_ghouls-neoforge-26.3_1.61.0.jar
[2026, 9, 27, 23, 43, 57] ;;; release; gothic_horror-fabric-1.21.8_1.61.0.jar
[2026, 9, 27, 23, 43, 57] ;;; release; gothic_horror-fabric-1.21.9_1.61.0.jar
[2026, 9, 27, 23, 43, 57] ;;; release; gothic_horror-fabric-26.1_1.61.0.jar
[2026, 9, 27, 23, 43, 57] ;;; release; gothic_horror-fabric-26.2_1.61.0.jar
[2026, 9, 27, 23, 43, 57] ;;; release; gothic_horror-fabric-26.3_1.61.0.jar
[2026, 9, 27, 23, 43, 57] ;;; release; gothic_horror-forge-1.19.4_1.61.0.jar
[2026, 9, 27, 23, 43, 57] ;;; release; gothic_horror-forge-1.20.1_1.61.0.jar
[2026, 9, 27, 23, 43, 57] ;;; release; gothic_horror-neoforge-1.20.4_1.61.0.jar
[2026, 9, 27, 23, 43, 57] ;;; release; gothic_horror-neoforge-1.20.6_1.61.0.jar
[2026, 9, 27, 23, 43, 57] ;;; release; gothic_horror-neoforge-1.21.1_1.61.0.jar
[2026, 9, 27, 23, 43, 57] ;;; release; gothic_horror-neoforge-1.21.2_1.61.0.jar
[2026, 9, 27, 23, 43, 57] ;;; release; gothic_horror-neoforge-1.21.4_1.61.0.jar
[2026, 9, 27, 23, 43, 57] ;;; release; gothic_horror-neoforge-1.21.5_1.61.0.jar
[2026, 9, 27, 23, 43, 57] ;;; release; gothic_horror-neoforge-1.21.8_1.61.0.jar
[2026, 9, 27, 23, 43, 57] ;;; release; gothic_horror-neoforge-26.1_1.61.0.jar
[2026, 9, 27, 23, 43, 57] ;;; release; gothic_horror-neoforge-26.2_1.61.0.jar
[2026, 9, 27, 23, 43, 57] ;;; release; gothic_horror-neoforge-26.3_1.61.0.jar
[2026, 9, 27, 23, 43, 57] ;;; release; gstools-fabric-1.21.8_1.61.0.jar
[2026, 9, 27, 23, 43, 57] ;;; release; gstools-fabric-1.21.9_1.61.0.jar
[2026, 9, 27, 23, 43, 57] ;;; release; gstools-fabric-26.1_1.61.0.jar
[2026, 9, 27, 23, 43, 57] ;;; release; gstools-fabric-26.2_1.61.0.jar
[2026, 9, 27, 23, 43, 57] ;;; release; gstools-fabric-26.3_1.61.0.jar
[2026, 9, 27, 23, 43, 57] ;;; release; gstools-forge-1.19.4_1.61.0.jar
[2026, 9, 27, 23, 43, 57] ;;; release; gstools-forge-1.20.1_1.61.0.jar
[2026, 9, 27, 23, 43, 57] ;;; release; gstools-neoforge-1.20.4_1.61.0.jar
[2026, 9, 27, 23, 43, 57] ;;; release; gstools-neoforge-1.20.6_1.61.0.jar
[2026, 9, 27, 23, 43, 57] ;;; release; gstools-neoforge-1.21.1_1.61.0.jar
[2026, 9, 27, 23, 43, 57] ;;; release; gstools-neoforge-1.21.2_1.61.0.jar
[2026, 9, 27, 23, 43, 57] ;;; release; gstools-neoforge-1.21.4_1.61.0.jar
[2026, 9, 27, 23, 43, 57] ;;; release; gstools-neoforge-1.21.5_1.61.0.jar
[2026, 9, 27, 23, 43, 57] ;;; release; gstools-neoforge-1.21.8_1.61.0.jar
[2026, 9, 27, 23, 43, 57] ;;; release; gstools-neoforge-26.1_1.61.0.jar
[2026, 9, 27, 23, 43, 57] ;;; release; gstools-neoforge-26.2_1.61.0.jar
[2026, 9, 27, 23, 43, 57] ;;; release; gstools-neoforge-26.3_1.61.0.jar
[2026, 9, 27, 23, 43, 57] ;;; release; life_and_death-fabric-1.21.8_1.61.0.jar
[2026, 9, 27, 23, 43, 57] ;;; release; life_and_death-fabric-1.21.9_1.61.0.jar
[2026, 9, 27, 23, 43, 57] ;;; release; life_and_death-fabric-26.1_1.61.0.jar
[2026, 9, 27, 23, 43, 57] ;;; release; life_and_death-fabric-26.2_1.61.0.jar
[2026, 9, 27, 23, 43, 57] ;;; release; life_and_death-fabric-26.3_1.61.0.jar
[2026, 9, 27, 23, 43, 57] ;;; release; life_and_death-forge-1.19.4_1.61.0.jar
[2026, 9, 27, 23, 43, 57] ;;; release; life_and_death-forge-1.20.1_1.61.0.jar
[2026, 9, 27, 23, 43, 57] ;;; release; life_and_death-neoforge-1.20.4_1.61.0.jar
[2026, 9, 27, 23, 43, 57] ;;; release; life_and_death-neoforge-1.20.6_1.61.0.jar
[2026, 9, 27, 23, 43, 57] ;;; release; life_and_death-neoforge-1.21.1_1.61.0.jar
[2026, 9, 27, 23, 43, 57] ;;; release; life_and_death-neoforge-1.21.2_1.61.0.jar
[2026, 9, 27, 23, 43, 57] ;;; release; life_and_death-neoforge-1.21.4_1.61.0.jar
[2026, 9, 27, 23, 43, 57] ;;; release; life_and_death-neoforge-1.21.5_1.61.0.jar
[2026, 9, 27, 23, 43, 57] ;;; release; life_and_death-neoforge-1.21.8_1.61.0.jar
[2026, 9, 27, 23, 43, 57] ;;; release; life_and_death-neoforge-26.1_1.61.0.jar
[2026, 9, 27, 23, 43, 57] ;;; release; life_and_death-neoforge-26.2_1.61.0.jar
[2026, 9, 27, 23, 43, 57] ;;; release; life_and_death-neoforge-26.3_1.61.0.jar
[2026, 9, 27, 23, 43, 57] ;;; release; undead_expanded-fabric-1.21.8_1.61.0.jar
[2026, 9, 27, 23, 43, 57] ;;; release; undead_expanded-fabric-1.21.9_1.61.0.jar
[2026, 9, 27, 23, 43, 57] ;;; release; undead_expanded-fabric-26.1_1.61.0.jar
[2026, 9, 27, 23, 43, 57] ;;; release; undead_expanded-fabric-26.2_1.61.0.jar
[2026, 9, 27, 23, 43, 57] ;;; release; undead_expanded-fabric-26.3_1.61.0.jar
[2026, 9, 27, 23, 43, 57] ;;; release; undead_expanded-forge-1.19.4_1.61.0.jar
[2026, 9, 27, 23, 43, 57] ;;; release; undead_expanded-forge-1.20.1_1.61.0.jar
[2026, 9, 27, 23, 43, 57] ;;; release; undead_expanded-neoforge-1.20.4_1.61.0.jar
[2026, 9, 27, 23, 43, 57] ;;; release; undead_expanded-neoforge-1.20.6_1.61.0.jar
[2026, 9, 27, 23, 43, 57] ;;; release; undead_expanded-neoforge-1.21.1_1.61.0.jar
[2026, 9, 27, 23, 43, 57] ;;; release; undead_expanded-neoforge-1.21.2_1.61.0.jar
[2026, 9, 27, 23, 43, 57] ;;; release; undead_expanded-neoforge-1.21.4_1.61.0.jar
[2026, 9, 27, 23, 43, 57] ;;; release; undead_expanded-neoforge-1.21.5_1.61.0.jar
[2026, 9, 27, 23, 43, 57] ;;; release; undead_expanded-neoforge-1.21.8_1.61.0.jar
[2026, 9, 27, 23, 43, 57] ;;; release; undead_expanded-neoforge-26.1_1.61.0.jar
[2026, 9, 27, 23, 43, 57] ;;; release; undead_expanded-neoforge-26.2_1.61.0.jar
[2026, 9, 27, 23, 43, 57] ;;; release; undead_expanded-neoforge-26.3_1.61.0.jar
[2026, 9, 27, 23, 43, 57] ;;; release; block_decay-fabric-1.21.10_1.61.0.jar
[2026, 9, 27, 23, 43, 57] ;;; release; block_decay-fabric-1.21.11_1.61.0.jar
[2026, 9, 27, 23, 43, 57] ;;; release; block_decay-fabric-1.21.8_1.61.0.jar
[2026, 9, 27, 23, 43, 57] ;;; release; block_decay-fabric-1.21.9_1.61.0.jar
[2026, 9, 27, 23, 43, 57] ;;; release; block_decay-fabric-26.1_1.61.0.jar
[2026, 9, 27, 23, 43, 57] ;;; release; block_decay-fabric-26.2_1.61.0.jar
[2026, 9, 27, 23, 43, 57] ;;; release; block_decay-fabric-26.3_1.61.0.jar
[2026, 9, 27, 23, 43, 57] ;;; release; block_decay-forge-1.19.4_1.61.0.jar
[2026, 9, 27, 23, 43, 57] ;;; release; block_decay-forge-1.20.1_1.61.0.jar
[2026, 9, 27, 23, 43, 57] ;;; release; block_decay-neoforge-1.20.4_1.61.0.jar
[2026, 9, 27, 23, 43, 57] ;;; release; block_decay-neoforge-1.20.6_1.61.0.jar
[2026, 9, 27, 23, 43, 57] ;;; release; block_decay-neoforge-1.21.10_1.61.0.jar
[2026, 9, 27, 23, 43, 57] ;;; release; block_decay-neoforge-1.21.11_1.61.0.jar
[2026, 9, 27, 23, 43, 57] ;;; release; block_decay-neoforge-1.21.1_1.61.0.jar
[2026, 9, 27, 23, 43, 57] ;;; release; block_decay-neoforge-1.21.2_1.61.0.jar
[2026, 9, 27, 23, 43, 57] ;;; release; block_decay-neoforge-1.21.4_1.61.0.jar
[2026, 9, 27, 23, 43, 57] ;;; release; block_decay-neoforge-1.21.5_1.61.0.jar
[2026, 9, 27, 23, 43, 57] ;;; release; block_decay-neoforge-1.21.8_1.61.0.jar
[2026, 9, 27, 23, 43, 57] ;;; release; block_decay-neoforge-1.21.9_1.61.0.jar
[2026, 9, 27, 23, 43, 57] ;;; release; block_decay-neoforge-1.21_1.61.0.jar
[2026, 9, 27, 23, 43, 57] ;;; release; block_decay-neoforge-26.1_1.61.0.jar
[2026, 9, 27, 23, 43, 57] ;;; release; block_decay-neoforge-26.2_1.61.0.jar
[2026, 9, 27, 23, 43, 57] ;;; release; block_decay-neoforge-26.3_1.61.0.jar
[2026, 9, 27, 23, 43, 57] ;;; release; desire_paths-fabric-1.21.8_1.61.0.jar
[2026, 9, 27, 23, 43, 57] ;;; release; desire_paths-fabric-1.21.9_1.61.0.jar
[2026, 9, 27, 23, 43, 57] ;;; release; desire_paths-fabric-26.1_1.61.0.jar
[2026, 9, 27, 23, 43, 57] ;;; release; desire_paths-fabric-26.2_1.61.0.jar
[2026, 9, 27, 23, 43, 57] ;;; release; desire_paths-fabric-26.3_1.61.0.jar
[2026, 9, 27, 23, 43, 57] ;;; release; desire_paths-forge-1.19.4_1.61.0.jar
[2026, 9, 27, 23, 43, 57] ;;; release; desire_paths-forge-1.20.1_1.61.0.jar
[2026, 9, 27, 23, 43, 57] ;;; release; desire_paths-neoforge-1.20.4_1.61.0.jar
[2026, 9, 27, 23, 43, 57] ;;; release; desire_paths-neoforge-1.20.6_1.61.0.jar
[2026, 9, 27, 23, 43, 57] ;;; release; desire_paths-neoforge-1.21.1_1.61.0.jar
[2026, 9, 27, 23, 43, 57] ;;; release; desire_paths-neoforge-1.21.2_1.61.0.jar
[2026, 9, 27, 23, 43, 57] ;;; release; desire_paths-neoforge-1.21.4_1.61.0.jar
[2026, 9, 27, 23, 43, 57] ;;; release; desire_paths-neoforge-1.21.5_1.61.0.jar
[2026, 9, 27, 23, 43, 57] ;;; release; desire_paths-neoforge-1.21.8_1.61.0.jar
[2026, 9, 27, 23, 43, 57] ;;; release; desire_paths-neoforge-26.1_1.61.0.jar
[2026, 9, 27, 23, 43, 57] ;;; release; desire_paths-neoforge-26.2_1.61.0.jar
[2026, 9, 27, 23, 43, 57] ;;; release; desire_paths-neoforge-26.3_1.61.0.jar
[2026, 9, 27, 23, 43, 57] ;;; release; dynamic_dirt-fabric-1.21.8_1.61.0.jar
[2026, 9, 27, 23, 43, 57] ;;; release; dynamic_dirt-fabric-1.21.9_1.61.0.jar
[2026, 9, 27, 23, 43, 57] ;;; release; dynamic_dirt-fabric-26.1_1.61.0.jar
[2026, 9, 27, 23, 43, 57] ;;; release; dynamic_dirt-fabric-26.2_1.61.0.jar
[2026, 9, 27, 23, 43, 57] ;;; release; dynamic_dirt-fabric-26.3_1.61.0.jar
[2026, 9, 27, 23, 43, 57] ;;; release; dynamic_dirt-forge-1.19.4_1.61.0.jar
[2026, 9, 27, 23, 43, 57] ;;; release; dynamic_dirt-forge-1.20.1_1.61.0.jar
[2026, 9, 27, 23, 43, 57] ;;; release; dynamic_dirt-neoforge-1.20.4_1.61.0.jar
[2026, 9, 27, 23, 43, 57] ;;; release; dynamic_dirt-neoforge-1.20.6_1.61.0.jar
[2026, 9, 27, 23, 43, 57] ;;; release; dynamic_dirt-neoforge-1.21.1_1.61.0.jar
[2026, 9, 27, 23, 43, 57] ;;; release; dynamic_dirt-neoforge-1.21.2_1.61.0.jar
[2026, 9, 27, 23, 43, 57] ;;; release; dynamic_dirt-neoforge-1.21.4_1.61.0.jar
[2026, 9, 27, 23, 43, 57] ;;; release; dynamic_dirt-neoforge-1.21.5_1.61.0.jar
[2026, 9, 27, 23, 43, 57] ;;; release; dynamic_dirt-neoforge-1.21.8_1.61.0.jar
[2026, 9, 27, 23, 43, 57] ;;; release; dynamic_dirt-neoforge-26.1_1.61.0.jar
[2026, 9, 27, 23, 43, 57] ;;; release; dynamic_dirt-neoforge-26.2_1.61.0.jar
[2026, 9, 27, 23, 43, 57] ;;; release; dynamic_dirt-neoforge-26.3_1.61.0.jar
[2026, 9, 27, 23, 43, 57] ;;; release; dynamic_ecosystems-fabric-1.21.8_1.61.0.jar
[2026, 9, 27, 23, 43, 57] ;;; release; dynamic_ecosystems-fabric-1.21.9_1.61.0.jar
[2026, 9, 27, 23, 43, 57] ;;; release; dynamic_ecosystems-fabric-26.1_1.61.0.jar
[2026, 9, 27, 23, 43, 57] ;;; release; dynamic_ecosystems-fabric-26.2_1.61.0.jar
[2026, 9, 27, 23, 43, 57] ;;; release; dynamic_ecosystems-fabric-26.3_1.61.0.jar
[2026, 9, 27, 23, 43, 57] ;;; release; dynamic_ecosystems-forge-1.19.4_1.61.0.jar
[2026, 9, 27, 23, 43, 57] ;;; release; dynamic_ecosystems-forge-1.20.1_1.61.0.jar
[2026, 9, 27, 23, 43, 57] ;;; release; dynamic_ecosystems-neoforge-1.20.4_1.61.0.jar
[2026, 9, 27, 23, 43, 57] ;;; release; dynamic_ecosystems-neoforge-1.20.6_1.61.0.jar
[2026, 9, 27, 23, 43, 57] ;;; release; dynamic_ecosystems-neoforge-1.21.1_1.61.0.jar
[2026, 9, 27, 23, 43, 57] ;;; release; dynamic_ecosystems-neoforge-1.21.2_1.61.0.jar
[2026, 9, 27, 23, 43, 57] ;;; release; dynamic_ecosystems-neoforge-1.21.4_1.61.0.jar
[2026, 9, 27, 23, 43, 57] ;;; release; dynamic_ecosystems-neoforge-1.21.5_1.61.0.jar
[2026, 9, 27, 23, 43, 57] ;;; release; dynamic_ecosystems-neoforge-1.21.8_1.61.0.jar
[2026, 9, 27, 23, 43, 57] ;;; release; dynamic_ecosystems-neoforge-26.1_1.61.0.jar
[2026, 9, 27, 23, 43, 57] ;;; release; dynamic_ecosystems-neoforge-26.2_1.61.0.jar
[2026, 9, 27, 23, 43, 57] ;;; release; dynamic_ecosystems-neoforge-26.3_1.61.0.jar
[2026, 9, 27, 23, 43, 57] ;;; release; dynamic_monsters-fabric-1.21.8_1.61.0.jar
[2026, 9, 27, 23, 43, 57] ;;; release; dynamic_monsters-fabric-1.21.9_1.61.0.jar
[2026, 9, 27, 23, 43, 57] ;;; release; dynamic_monsters-fabric-26.1_1.61.0.jar
[2026, 9, 27, 23, 43, 57] ;;; release; dynamic_monsters-fabric-26.2_1.61.0.jar
[2026, 9, 27, 23, 43, 57] ;;; release; dynamic_monsters-fabric-26.3_1.61.0.jar
[2026, 9, 27, 23, 43, 57] ;;; release; dynamic_monsters-forge-1.19.4_1.61.0.jar
[2026, 9, 27, 23, 43, 57] ;;; release; dynamic_monsters-forge-1.20.1_1.61.0.jar
[2026, 9, 27, 23, 43, 57] ;;; release; dynamic_monsters-neoforge-1.20.4_1.61.0.jar
[2026, 9, 27, 23, 43, 57] ;;; release; dynamic_monsters-neoforge-1.20.6_1.61.0.jar
[2026, 9, 27, 23, 43, 57] ;;; release; dynamic_monsters-neoforge-1.21.1_1.61.0.jar
[2026, 9, 27, 23, 43, 57] ;;; release; dynamic_monsters-neoforge-1.21.2_1.61.0.jar
[2026, 9, 27, 23, 43, 57] ;;; release; dynamic_monsters-neoforge-1.21.4_1.61.0.jar
[2026, 9, 27, 23, 43, 57] ;;; release; dynamic_monsters-neoforge-1.21.5_1.61.0.jar
[2026, 9, 27, 23, 43, 57] ;;; release; dynamic_monsters-neoforge-1.21.8_1.61.0.jar
[2026, 9, 27, 23, 43, 57] ;;; release; dynamic_monsters-neoforge-26.1_1.61.0.jar
[2026, 9, 27, 23, 43, 57] ;;; release; dynamic_monsters-neoforge-26.2_1.61.0.jar
[2026, 9, 27, 23, 43, 57] ;;; release; dynamic_monsters-neoforge-26.3_1.61.0.jar
[2026, 9, 27, 23, 43, 57] ;;; release; enhanced_survival-fabric-26.3_1.61.0.jar
[2026, 9, 27, 23, 43, 57] ;;; release; enhanced_survival-neoforge-26.3_1.61.0.jar
[2026, 9, 27, 23, 43, 57] ;;; release; ghosts_and_ghouls-fabric-1.21.8_1.61.0.jar
[2026, 9, 27, 23, 43, 57] ;;; release; ghosts_and_ghouls-fabric-1.21.9_1.61.0.jar
[2026, 9, 27, 23, 43, 57] ;;; release; ghosts_and_ghouls-fabric-26.1_1.61.0.jar
[2026, 9, 27, 23, 43, 57] ;;; release; ghosts_and_ghouls-fabric-26.2_1.61.0.jar
[2026, 9, 27, 23, 43, 57] ;;; release; ghosts_and_ghouls-fabric-26.3_1.61.0.jar
[2026, 9, 27, 23, 43, 57] ;;; release; ghosts_and_ghouls-forge-1.19.4_1.61.0.jar
[2026, 9, 27, 23, 43, 57] ;;; release; ghosts_and_ghouls-forge-1.20.1_1.61.0.jar
[2026, 9, 27, 23, 43, 57] ;;; release; ghosts_and_ghouls-neoforge-1.20.4_1.61.0.jar
[2026, 9, 27, 23, 43, 57] ;;; release; ghosts_and_ghouls-neoforge-1.20.6_1.61.0.jar
[2026, 9, 27, 23, 43, 57] ;;; release; ghosts_and_ghouls-neoforge-1.21.1_1.61.0.jar
[2026, 9, 27, 23, 43, 57] ;;; release; ghosts_and_ghouls-neoforge-1.21.2_1.61.0.jar
[2026, 9, 27, 23, 43, 57] ;;; release; ghosts_and_ghouls-neoforge-1.21.4_1.61.0.jar
[2026, 9, 27, 23, 43, 57] ;;; release; ghosts_and_ghouls-neoforge-1.21.5_1.61.0.jar
[2026, 9, 27, 23, 43, 57] ;;; release; ghosts_and_ghouls-neoforge-1.21.8_1.61.0.jar
[2026, 9, 27, 23, 43, 57] ;;; release; ghosts_and_ghouls-neoforge-26.1_1.61.0.jar
[2026, 9, 27, 23, 43, 57] ;;; release; ghosts_and_ghouls-neoforge-26.2_1.61.0.jar
[2026, 9, 27, 23, 43, 57] ;;; release; ghosts_and_ghouls-neoforge-26.3_1.61.0.jar
[2026, 9, 27, 23, 43, 57] ;;; release; gothic_horror-fabric-1.21.8_1.61.0.jar
[2026, 9, 27, 23, 43, 57] ;;; release; gothic_horror-fabric-1.21.9_1.61.0.jar
[2026, 9, 27, 23, 43, 57] ;;; release; gothic_horror-fabric-26.1_1.61.0.jar
[2026, 9, 27, 23, 43, 57] ;;; release; gothic_horror-fabric-26.2_1.61.0.jar
[2026, 9, 27, 23, 43, 57] ;;; release; gothic_horror-fabric-26.3_1.61.0.jar
[2026, 9, 27, 23, 43, 57] ;;; release; gothic_horror-forge-1.19.4_1.61.0.jar
[2026, 9, 27, 23, 43, 57] ;;; release; gothic_horror-forge-1.20.1_1.61.0.jar
[2026, 9, 27, 23, 43, 57] ;;; release; gothic_horror-neoforge-1.20.4_1.61.0.jar
[2026, 9, 27, 23, 43, 57] ;;; release; gothic_horror-neoforge-1.20.6_1.61.0.jar
[2026, 9, 27, 23, 43, 57] ;;; release; gothic_horror-neoforge-1.21.1_1.61.0.jar
[2026, 9, 27, 23, 43, 57] ;;; release; gothic_horror-neoforge-1.21.2_1.61.0.jar
[2026, 9, 27, 23, 43, 57] ;;; release; gothic_horror-neoforge-1.21.4_1.61.0.jar
[2026, 9, 27, 23, 43, 57] ;;; release; gothic_horror-neoforge-1.21.5_1.61.0.jar
[2026, 9, 27, 23, 43, 57] ;;; release; gothic_horror-neoforge-1.21.8_1.61.0.jar
[2026, 9, 27, 23, 43, 57] ;;; release; gothic_horror-neoforge-26.1_1.61.0.jar
[2026, 9, 27, 23, 43, 57] ;;; release; gothic_horror-neoforge-26.2_1.61.0.jar
[2026, 9, 27, 23, 43, 57] ;;; release; gothic_horror-neoforge-26.3_1.61.0.jar
[2026, 9, 27, 23, 43, 57] ;;; release; gstools-fabric-1.21.8_1.61.0.jar
[2026, 9, 27, 23, 43, 57] ;;; release; gstools-fabric-1.21.9_1.61.0.jar
[2026, 9, 27, 23, 43, 57] ;;; release; gstools-fabric-26.1_1.61.0.jar
[2026, 9, 27, 23, 43, 57] ;;; release; gstools-fabric-26.2_1.61.0.jar
[2026, 9, 27, 23, 43, 57] ;;; release; gstools-fabric-26.3_1.61.0.jar
[2026, 9, 27, 23, 43, 57] ;;; release; gstools-forge-1.19.4_1.61.0.jar
[2026, 9, 27, 23, 43, 57] ;;; release; gstools-forge-1.20.1_1.61.0.jar
[2026, 9, 27, 23, 43, 57] ;;; release; gstools-neoforge-1.20.4_1.61.0.jar
[2026, 9, 27, 23, 43, 57] ;;; release; gstools-neoforge-1.20.6_1.61.0.jar
[2026, 9, 27, 23, 43, 57] ;;; release; gstools-neoforge-1.21.1_1.61.0.jar
[2026, 9, 27, 23, 43, 57] ;;; release; gstools-neoforge-1.21.2_1.61.0.jar
[2026, 9, 27, 23, 43, 57] ;;; release; gstools-neoforge-1.21.4_1.61.0.jar
[2026, 9, 27, 23, 43, 57] ;;; release; gstools-neoforge-1.21.5_1.61.0.jar
[2026, 9, 27, 23, 43, 57] ;;; release; gstools-neoforge-1.21.8_1.61.0.jar
[2026, 9, 27, 23, 43, 57] ;;; release; gstools-neoforge-26.1_1.61.0.jar
[2026, 9, 27, 23, 43, 57] ;;; release; gstools-neoforge-26.2_1.61.0.jar
[2026, 9, 27, 23, 43, 57] ;;; release; gstools-neoforge-26.3_1.61.0.jar
[2026, 9, 27, 23, 43, 57] ;;; release; life_and_death-fabric-1.21.8_1.61.0.jar
[2026, 9, 27, 23, 43, 57] ;;; release; life_and_death-fabric-1.21.9_1.61.0.jar
[2026, 9, 27, 23, 43, 57] ;;; release; life_and_death-fabric-26.1_1.61.0.jar
[2026, 9, 27, 23, 43, 57] ;;; release; life_and_death-fabric-26.2_1.61.0.jar
[2026, 9, 27, 23, 43, 57] ;;; release; life_and_death-fabric-26.3_1.61.0.jar
[2026, 9, 27, 23, 43, 57] ;;; release; life_and_death-forge-1.19.4_1.61.0.jar
[2026, 9, 27, 23, 43, 57] ;;; release; life_and_death-forge-1.20.1_1.61.0.jar
[2026, 9, 27, 23, 43, 57] ;;; release; life_and_death-neoforge-1.20.4_1.61.0.jar
[2026, 9, 27, 23, 43, 57] ;;; release; life_and_death-neoforge-1.20.6_1.61.0.jar
[2026, 9, 27, 23, 43, 57] ;;; release; life_and_death-neoforge-1.21.1_1.61.0.jar
[2026, 9, 27, 23, 43, 57] ;;; release; life_and_death-neoforge-1.21.2_1.61.0.jar
[2026, 9, 27, 23, 43, 57] ;;; release; life_and_death-neoforge-1.21.4_1.61.0.jar
[2026, 9, 27, 23, 43, 57] ;;; release; life_and_death-neoforge-1.21.5_1.61.0.jar
[2026, 9, 27, 23, 43, 57] ;;; release; life_and_death-neoforge-1.21.8_1.61.0.jar
[2026, 9, 27, 23, 43, 57] ;;; release; life_and_death-neoforge-26.1_1.61.0.jar
[2026, 9, 27, 23, 43, 57] ;;; release; life_and_death-neoforge-26.2_1.61.0.jar
[2026, 9, 27, 23, 43, 57] ;;; release; life_and_death-neoforge-26.3_1.61.0.jar
[2026, 9, 27, 23, 43, 57] ;;; release; undead_expanded-fabric-1.21.8_1.61.0.jar
[2026, 9, 27, 23, 43, 57] ;;; release; undead_expanded-fabric-1.21.9_1.61.0.jar
[2026, 9, 27, 23, 43, 57] ;;; release; undead_expanded-fabric-26.1_1.61.0.jar
[2026, 9, 27, 23, 43, 57] ;;; release; undead_expanded-fabric-26.2_1.61.0.jar
[2026, 9, 27, 23, 43, 57] ;;; release; undead_expanded-fabric-26.3_1.61.0.jar
[2026, 9, 27, 23, 43, 57] ;;; release; undead_expanded-forge-1.19.4_1.61.0.jar
[2026, 9, 27, 23, 43, 57] ;;; release; undead_expanded-forge-1.20.1_1.61.0.jar
[2026, 9, 27, 23, 43, 57] ;;; release; undead_expanded-neoforge-1.20.4_1.61.0.jar
[2026, 9, 27, 23, 43, 57] ;;; release; undead_expanded-neoforge-1.20.6_1.61.0.jar
[2026, 9, 27, 23, 43, 57] ;;; release; undead_expanded-neoforge-1.21.1_1.61.0.jar
[2026, 9, 27, 23, 43, 57] ;;; release; undead_expanded-neoforge-1.21.2_1.61.0.jar
[2026, 9, 27, 23, 43, 57] ;;; release; undead_expanded-neoforge-1.21.4_1.61.0.jar
[2026, 9, 27, 23, 43, 57] ;;; release; undead_expanded-neoforge-1.21.5_1.61.0.jar
[2026, 9, 27, 23, 43, 57] ;;; release; undead_expanded-neoforge-1.21.8_1.61.0.jar
[2026, 9, 27, 23, 43, 57] ;;; release; undead_expanded-neoforge-26.1_1.61.0.jar
[2026, 9, 27, 23, 43, 57] ;;; release; undead_expanded-neoforge-26.2_1.61.0.jar
[2026, 9, 27, 23, 43, 57] ;;; release; undead_expanded-neoforge-26.3_1.61.0.jar
[2026, 9, 27, 23, 43, 57] ;;; release; block_decay-fabric-1.21.10_1.61.0.jar
[2026, 9, 27, 23, 43, 57] ;;; release; block_decay-fabric-1.21.11_1.61.0.jar
[2026, 9, 27, 23, 43, 57] ;;; release; block_decay-fabric-1.21.8_1.61.0.jar
[2026, 9, 27, 23, 43, 57] ;;; release; block_decay-fabric-1.21.9_1.61.0.jar
[2026, 9, 27, 23, 43, 57] ;;; release; block_decay-fabric-26.1_1.61.0.jar
[2026, 9, 27, 23, 43, 57] ;;; release; block_decay-fabric-26.2_1.61.0.jar
[2026, 9, 27, 23, 43, 57] ;;; release; block_decay-fabric-26.3_1.61.0.jar
[2026, 9, 27, 23, 43, 57] ;;; release; block_decay-forge-1.19.4_1.61.0.jar
[2026, 9, 27, 23, 43, 57] ;;; release; block_decay-forge-1.20.1_1.61.0.jar
[2026, 9, 27, 23, 43, 57] ;;; release; block_decay-neoforge-1.20.4_1.61.0.jar
[2026, 9, 27, 23, 43, 57] ;;; release; block_decay-neoforge-1.20.6_1.61.0.jar
[2026, 9, 27, 23, 43, 57] ;;; release; block_decay-neoforge-1.21.10_1.61.0.jar
[2026, 9, 27, 23, 43, 57] ;;; release; block_decay-neoforge-1.21.11_1.61.0.jar
[2026, 9, 27, 23, 43, 57] ;;; release; block_decay-neoforge-1.21.1_1.61.0.jar
[2026, 9, 27, 23, 43, 57] ;;; release; block_decay-neoforge-1.21.2_1.61.0.jar
[2026, 9, 27, 23, 43, 57] ;;; release; block_decay-neoforge-1.21.4_1.61.0.jar
[2026, 9, 27, 23, 43, 57] ;;; release; block_decay-neoforge-1.21.5_1.61.0.jar
[2026, 9, 27, 23, 43, 57] ;;; release; block_decay-neoforge-1.21.8_1.61.0.jar
[2026, 9, 27, 23, 43, 57] ;;; release; block_decay-neoforge-1.21.9_1.61.0.jar
[2026, 9, 27, 23, 43, 57] ;;; release; block_decay-neoforge-1.21_1.61.0.jar
[2026, 9, 27, 23, 43, 57] ;;; release; block_decay-neoforge-26.1_1.61.0.jar
[2026, 9, 27, 23, 43, 57] ;;; release; block_decay-neoforge-26.2_1.61.0.jar
[2026, 9, 27, 23, 43, 57] ;;; release; block_decay-neoforge-26.3_1.61.0.jar
[2026, 9, 27, 23, 43, 57] ;;; release; desire_paths-fabric-1.21.8_1.61.0.jar
[2026, 9, 27, 23, 43, 57] ;;; release; desire_paths-fabric-1.21.9_1.61.0.jar
[2026, 9, 27, 23, 43, 57] ;;; release; desire_paths-fabric-26.1_1.61.0.jar
[2026, 9, 27, 23, 43, 57] ;;; release; desire_paths-fabric-26.2_1.61.0.jar
[2026, 9, 27, 23, 43, 57] ;;; release; desire_paths-fabric-26.3_1.61.0.jar
[2026, 9, 27, 23, 43, 57] ;;; release; desire_paths-forge-1.19.4_1.61.0.jar
[2026, 9, 27, 23, 43, 57] ;;; release; desire_paths-forge-1.20.1_1.61.0.jar
[2026, 9, 27, 23, 43, 57] ;;; release; desire_paths-neoforge-1.20.4_1.61.0.jar
[2026, 9, 27, 23, 43, 57] ;;; release; desire_paths-neoforge-1.20.6_1.61.0.jar
[2026, 9, 27, 23, 43, 57] ;;; release; desire_paths-neoforge-1.21.1_1.61.0.jar
[2026, 9, 27, 23, 43, 57] ;;; release; desire_paths-neoforge-1.21.2_1.61.0.jar
[2026, 9, 27, 23, 43, 57] ;;; release; desire_paths-neoforge-1.21.4_1.61.0.jar
[2026, 9, 27, 23, 43, 57] ;;; release; desire_paths-neoforge-1.21.5_1.61.0.jar
[2026, 9, 27, 23, 43, 57] ;;; release; desire_paths-neoforge-1.21.8_1.61.0.jar
[2026, 9, 27, 23, 43, 57] ;;; release; desire_paths-neoforge-26.1_1.61.0.jar
[2026, 9, 27, 23, 43, 57] ;;; release; desire_paths-neoforge-26.2_1.61.0.jar
[2026, 9, 27, 23, 43, 57] ;;; release; desire_paths-neoforge-26.3_1.61.0.jar
[2026, 9, 27, 23, 43, 57] ;;; release; dynamic_dirt-fabric-1.21.8_1.61.0.jar
[2026, 9, 27, 23, 43, 57] ;;; release; dynamic_dirt-fabric-1.21.9_1.61.0.jar
[2026, 9, 27, 23, 43, 57] ;;; release; dynamic_dirt-fabric-26.1_1.61.0.jar
[2026, 9, 27, 23, 43, 57] ;;; release; dynamic_dirt-fabric-26.2_1.61.0.jar
[2026, 9, 27, 23, 43, 57] ;;; release; dynamic_dirt-fabric-26.3_1.61.0.jar
[2026, 9, 27, 23, 43, 57] ;;; release; dynamic_dirt-forge-1.19.4_1.61.0.jar
[2026, 9, 27, 23, 43, 57] ;;; release; dynamic_dirt-forge-1.20.1_1.61.0.jar
[2026, 9, 27, 23, 43, 57] ;;; release; dynamic_dirt-neoforge-1.20.4_1.61.0.jar
[2026, 9, 27, 23, 43, 57] ;;; release; dynamic_dirt-neoforge-1.20.6_1.61.0.jar
[2026, 9, 27, 23, 43, 57] ;;; release; dynamic_dirt-neoforge-1.21.1_1.61.0.jar
[2026, 9, 27, 23, 43, 57] ;;; release; dynamic_dirt-neoforge-1.21.2_1.61.0.jar
[2026, 9, 27, 23, 43, 57] ;;; release; dynamic_dirt-neoforge-1.21.4_1.61.0.jar
[2026, 9, 27, 23, 43, 57] ;;; release; dynamic_dirt-neoforge-1.21.5_1.61.0.jar
[2026, 9, 27, 23, 43, 57] ;;; release; dynamic_dirt-neoforge-1.21.8_1.61.0.jar
[2026, 9, 27, 23, 43, 57] ;;; release; dynamic_dirt-neoforge-26.1_1.61.0.jar
[2026, 9, 27, 23, 43, 57] ;;; release; dynamic_dirt-neoforge-26.2_1.61.0.jar
[2026, 9, 27, 23, 43, 57] ;;; release; dynamic_dirt-neoforge-26.3_1.61.0.jar
[2026, 9, 27, 23, 43, 57] ;;; release; dynamic_ecosystems-fabric-1.21.8_1.61.0.jar
[2026, 9, 27, 23, 43, 57] ;;; release; dynamic_ecosystems-fabric-1.21.9_1.61.0.jar
[2026, 9, 27, 23, 43, 57] ;;; release; dynamic_ecosystems-fabric-26.1_1.61.0.jar
[2026, 9, 27, 23, 43, 57] ;;; release; dynamic_ecosystems-fabric-26.2_1.61.0.jar
[2026, 9, 27, 23, 43, 57] ;;; release; dynamic_ecosystems-fabric-26.3_1.61.0.jar
[2026, 9, 27, 23, 43, 57] ;;; release; dynamic_ecosystems-forge-1.19.4_1.61.0.jar
[2026, 9, 27, 23, 43, 57] ;;; release; dynamic_ecosystems-forge-1.20.1_1.61.0.jar
[2026, 9, 27, 23, 43, 57] ;;; release; dynamic_ecosystems-neoforge-1.20.4_1.61.0.jar
[2026, 9, 27, 23, 43, 57] ;;; release; dynamic_ecosystems-neoforge-1.20.6_1.61.0.jar
[2026, 9, 27, 23, 43, 57] ;;; release; dynamic_ecosystems-neoforge-1.21.1_1.61.0.jar
[2026, 9, 27, 23, 43, 57] ;;; release; dynamic_ecosystems-neoforge-1.21.2_1.61.0.jar
[2026, 9, 27, 23, 43, 57] ;;; release; dynamic_ecosystems-neoforge-1.21.4_1.61.0.jar
[2026, 9, 27, 23, 43, 57] ;;; release; dynamic_ecosystems-neoforge-1.21.5_1.61.0.jar
[2026, 9, 27, 23, 43, 57] ;;; release; dynamic_ecosystems-neoforge-1.21.8_1.61.0.jar
[2026, 9, 27, 23, 43, 57] ;;; release; dynamic_ecosystems-neoforge-26.1_1.61.0.jar
[2026, 9, 27, 23, 43, 57] ;;; release; dynamic_ecosystems-neoforge-26.2_1.61.0.jar
[2026, 9, 27, 23, 43, 57] ;;; release; dynamic_ecosystems-neoforge-26.3_1.61.0.jar
[2026, 9, 27, 23, 43, 57] ;;; release; dynamic_monsters-fabric-1.21.8_1.61.0.jar
[2026, 9, 27, 23, 43, 57] ;;; release; dynamic_monsters-fabric-1.21.9_1.61.0.jar
[2026, 9, 27, 23, 43, 57] ;;; release; dynamic_monsters-fabric-26.1_1.61.0.jar
[2026, 9, 27, 23, 43, 57] ;;; release; dynamic_monsters-fabric-26.2_1.61.0.jar
[2026, 9, 27, 23, 43, 57] ;;; release; dynamic_monsters-fabric-26.3_1.61.0.jar
[2026, 9, 27, 23, 43, 57] ;;; release; dynamic_monsters-forge-1.19.4_1.61.0.jar
[2026, 9, 27, 23, 43, 57] ;;; release; dynamic_monsters-forge-1.20.1_1.61.0.jar
[2026, 9, 27, 23, 43, 57] ;;; release; dynamic_monsters-neoforge-1.20.4_1.61.0.jar
[2026, 9, 27, 23, 43, 57] ;;; release; dynamic_monsters-neoforge-1.20.6_1.61.0.jar
[2026, 9, 27, 23, 43, 57] ;;; release; dynamic_monsters-neoforge-1.21.1_1.61.0.jar
[2026, 9, 27, 23, 43, 57] ;;; release; dynamic_monsters-neoforge-1.21.2_1.61.0.jar
[2026, 9, 27, 23, 43, 57] ;;; release; dynamic_monsters-neoforge-1.21.4_1.61.0.jar
[2026, 9, 27, 23, 43, 57] ;;; release; dynamic_monsters-neoforge-1.21.5_1.61.0.jar
[2026, 9, 27, 23, 43, 57] ;;; release; dynamic_monsters-neoforge-1.21.8_1.61.0.jar
[2026, 9, 27, 23, 43, 57] ;;; release; dynamic_monsters-neoforge-26.1_1.61.0.jar
[2026, 9, 27, 23, 43, 57] ;;; release; dynamic_monsters-neoforge-26.2_1.61.0.jar
[2026, 9, 27, 23, 43, 57] ;;; release; dynamic_monsters-neoforge-26.3_1.61.0.jar
[2026, 9, 27, 23, 43, 57] ;;; release; enhanced_survival-fabric-26.3_1.61.0.jar
[2026, 9, 27, 23, 43, 57] ;;; release; enhanced_survival-neoforge-26.3_1.61.0.jar
[2026, 9, 27, 23, 43, 57] ;;; release; ghosts_and_ghouls-fabric-1.21.8_1.61.0.jar
[2026, 9, 27, 23, 43, 57] ;;; release; ghosts_and_ghouls-fabric-1.21.9_1.61.0.jar
[2026, 9, 27, 23, 43, 57] ;;; release; ghosts_and_ghouls-fabric-26.1_1.61.0.jar
[2026, 9, 27, 23, 43, 57] ;;; release; ghosts_and_ghouls-fabric-26.2_1.61.0.jar
[2026, 9, 27, 23, 43, 57] ;;; release; ghosts_and_ghouls-fabric-26.3_1.61.0.jar
[2026, 9, 27, 23, 43, 57] ;;; release; ghosts_and_ghouls-forge-1.19.4_1.61.0.jar
[2026, 9, 27, 23, 43, 57] ;;; release; ghosts_and_ghouls-forge-1.20.1_1.61.0.jar
[2026, 9, 27, 23, 43, 57] ;;; release; ghosts_and_ghouls-neoforge-1.20.4_1.61.0.jar
[2026, 9, 27, 23, 43, 57] ;;; release; ghosts_and_ghouls-neoforge-1.20.6_1.61.0.jar
[2026, 9, 27, 23, 43, 57] ;;; release; ghosts_and_ghouls-neoforge-1.21.1_1.61.0.jar
[2026, 9, 27, 23, 43, 57] ;;; release; ghosts_and_ghouls-neoforge-1.21.2_1.61.0.jar
[2026, 9, 27, 23, 43, 57] ;;; release; ghosts_and_ghouls-neoforge-1.21.4_1.61.0.jar
[2026, 9, 27, 23, 43, 57] ;;; release; ghosts_and_ghouls-neoforge-1.21.5_1.61.0.jar
[2026, 9, 27, 23, 43, 58] ;;; release; ghosts_and_ghouls-neoforge-1.21.8_1.61.0.jar
[2026, 9, 27, 23, 43, 58] ;;; release; ghosts_and_ghouls-neoforge-26.1_1.61.0.jar
[2026, 9, 27, 23, 43, 58] ;;; release; ghosts_and_ghouls-neoforge-26.2_1.61.0.jar
[2026, 9, 27, 23, 43, 58] ;;; release; ghosts_and_ghouls-neoforge-26.3_1.61.0.jar
[2026, 9, 27, 23, 43, 58] ;;; release; gothic_horror-fabric-1.21.8_1.61.0.jar
[2026, 9, 27, 23, 43, 58] ;;; release; gothic_horror-fabric-1.21.9_1.61.0.jar
[2026, 9, 27, 23, 43, 58] ;;; release; gothic_horror-fabric-26.1_1.61.0.jar
[2026, 9, 27, 23, 43, 58] ;;; release; gothic_horror-fabric-26.2_1.61.0.jar
[2026, 9, 27, 23, 43, 58] ;;; release; gothic_horror-fabric-26.3_1.61.0.jar
[2026, 9, 27, 23, 43, 58] ;;; release; gothic_horror-forge-1.19.4_1.61.0.jar
[2026, 9, 27, 23, 43, 58] ;;; release; gothic_horror-forge-1.20.1_1.61.0.jar
[2026, 9, 27, 23, 43, 58] ;;; release; gothic_horror-neoforge-1.20.4_1.61.0.jar
[2026, 9, 27, 23, 43, 58] ;;; release; gothic_horror-neoforge-1.20.6_1.61.0.jar
[2026, 9, 27, 23, 43, 58] ;;; release; gothic_horror-neoforge-1.21.1_1.61.0.jar
[2026, 9, 27, 23, 43, 58] ;;; release; gothic_horror-neoforge-1.21.2_1.61.0.jar
[2026, 9, 27, 23, 43, 58] ;;; release; gothic_horror-neoforge-1.21.4_1.61.0.jar
[2026, 9, 27, 23, 43, 58] ;;; release; gothic_horror-neoforge-1.21.5_1.61.0.jar
[2026, 9, 27, 23, 43, 58] ;;; release; gothic_horror-neoforge-1.21.8_1.61.0.jar
[2026, 9, 27, 23, 43, 58] ;;; release; gothic_horror-neoforge-26.1_1.61.0.jar
[2026, 9, 27, 23, 43, 58] ;;; release; gothic_horror-neoforge-26.2_1.61.0.jar
[2026, 9, 27, 23, 43, 58] ;;; release; gothic_horror-neoforge-26.3_1.61.0.jar
[2026, 9, 27, 23, 43, 58] ;;; release; gstools-fabric-1.21.8_1.61.0.jar
[2026, 9, 27, 23, 43, 58] ;;; release; gstools-fabric-1.21.9_1.61.0.jar
[2026, 9, 27, 23, 43, 58] ;;; release; gstools-fabric-26.1_1.61.0.jar
[2026, 9, 27, 23, 43, 58] ;;; release; gstools-fabric-26.2_1.61.0.jar
[2026, 9, 27, 23, 43, 58] ;;; release; gstools-fabric-26.3_1.61.0.jar
[2026, 9, 27, 23, 43, 58] ;;; release; gstools-forge-1.19.4_1.61.0.jar
[2026, 9, 27, 23, 43, 58] ;;; release; gstools-forge-1.20.1_1.61.0.jar
[2026, 9, 27, 23, 43, 58] ;;; release; gstools-neoforge-1.20.4_1.61.0.jar
[2026, 9, 27, 23, 43, 58] ;;; release; gstools-neoforge-1.20.6_1.61.0.jar
[2026, 9, 27, 23, 43, 58] ;;; release; gstools-neoforge-1.21.1_1.61.0.jar
[2026, 9, 27, 23, 43, 58] ;;; release; gstools-neoforge-1.21.2_1.61.0.jar
[2026, 9, 27, 23, 43, 58] ;;; release; gstools-neoforge-1.21.4_1.61.0.jar
[2026, 9, 27, 23, 43, 58] ;;; release; gstools-neoforge-1.21.5_1.61.0.jar
[2026, 9, 27, 23, 43, 58] ;;; release; gstools-neoforge-1.21.8_1.61.0.jar
[2026, 9, 27, 23, 43, 58] ;;; release; gstools-neoforge-26.1_1.61.0.jar
[2026, 9, 27, 23, 43, 58] ;;; release; gstools-neoforge-26.2_1.61.0.jar
[2026, 9, 27, 23, 43, 58] ;;; release; gstools-neoforge-26.3_1.61.0.jar
[2026, 9, 27, 23, 43, 58] ;;; release; life_and_death-fabric-1.21.8_1.61.0.jar
[2026, 9, 27, 23, 43, 58] ;;; release; life_and_death-fabric-1.21.9_1.61.0.jar
[2026, 9, 27, 23, 43, 58] ;;; release; life_and_death-fabric-26.1_1.61.0.jar
[2026, 9, 27, 23, 43, 58] ;;; release; life_and_death-fabric-26.2_1.61.0.jar
[2026, 9, 27, 23, 43, 58] ;;; release; life_and_death-fabric-26.3_1.61.0.jar
[2026, 9, 27, 23, 43, 58] ;;; release; life_and_death-forge-1.19.4_1.61.0.jar
[2026, 9, 27, 23, 43, 58] ;;; release; life_and_death-forge-1.20.1_1.61.0.jar
[2026, 9, 27, 23, 43, 58] ;;; release; life_and_death-neoforge-1.20.4_1.61.0.jar
[2026, 9, 27, 23, 43, 58] ;;; release; life_and_death-neoforge-1.20.6_1.61.0.jar
[2026, 9, 27, 23, 43, 58] ;;; release; life_and_death-neoforge-1.21.1_1.61.0.jar
[2026, 9, 27, 23, 43, 58] ;;; release; life_and_death-neoforge-1.21.2_1.61.0.jar
[2026, 9, 27, 23, 43, 58] ;;; release; life_and_death-neoforge-1.21.4_1.61.0.jar
[2026, 9, 27, 23, 43, 58] ;;; release; life_and_death-neoforge-1.21.5_1.61.0.jar
[2026, 9, 27, 23, 43, 58] ;;; release; life_and_death-neoforge-1.21.8_1.61.0.jar
[2026, 9, 27, 23, 43, 58] ;;; release; life_and_death-neoforge-26.1_1.61.0.jar
[2026, 9, 27, 23, 43, 58] ;;; release; life_and_death-neoforge-26.2_1.61.0.jar
[2026, 9, 27, 23, 43, 58] ;;; release; life_and_death-neoforge-26.3_1.61.0.jar
[2026, 9, 27, 23, 43, 58] ;;; release; undead_expanded-fabric-1.21.8_1.61.0.jar
[2026, 9, 27, 23, 43, 58] ;;; release; undead_expanded-fabric-1.21.9_1.61.0.jar
[2026, 9, 27, 23, 43, 58] ;;; release; undead_expanded-fabric-26.1_1.61.0.jar
[2026, 9, 27, 23, 43, 58] ;;; release; undead_expanded-fabric-26.2_1.61.0.jar
[2026, 9, 27, 23, 43, 58] ;;; release; undead_expanded-fabric-26.3_1.61.0.jar
[2026, 9, 27, 23, 43, 58] ;;; release; undead_expanded-forge-1.19.4_1.61.0.jar
[2026, 9, 27, 23, 43, 58] ;;; release; undead_expanded-forge-1.20.1_1.61.0.jar
[2026, 9, 27, 23, 43, 58] ;;; release; undead_expanded-neoforge-1.20.4_1.61.0.jar
[2026, 9, 27, 23, 43, 58] ;;; release; undead_expanded-neoforge-1.20.6_1.61.0.jar
[2026, 9, 27, 23, 43, 58] ;;; release; undead_expanded-neoforge-1.21.1_1.61.0.jar
[2026, 9, 27, 23, 43, 58] ;;; release; undead_expanded-neoforge-1.21.2_1.61.0.jar
[2026, 9, 27, 23, 43, 58] ;;; release; undead_expanded-neoforge-1.21.4_1.61.0.jar
[2026, 9, 27, 23, 43, 58] ;;; release; undead_expanded-neoforge-1.21.5_1.61.0.jar
[2026, 9, 27, 23, 43, 58] ;;; release; undead_expanded-neoforge-1.21.8_1.61.0.jar
[2026, 9, 27, 23, 43, 58] ;;; release; undead_expanded-neoforge-26.1_1.61.0.jar
[2026, 9, 27, 23, 43, 58] ;;; release; undead_expanded-neoforge-26.2_1.61.0.jar
[2026, 9, 27, 23, 43, 58] ;;; release; undead_expanded-neoforge-26.3_1.61.0.jar
[2026, 9, 27, 23, 43, 58] ;;; release; block_decay-fabric-1.21.10_1.61.0.jar
[2026, 9, 27, 23, 43, 58] ;;; release; block_decay-fabric-1.21.11_1.61.0.jar
[2026, 9, 27, 23, 43, 58] ;;; release; block_decay-fabric-1.21.8_1.61.0.jar
[2026, 9, 27, 23, 43, 58] ;;; release; block_decay-fabric-1.21.9_1.61.0.jar
[2026, 9, 27, 23, 43, 58] ;;; release; block_decay-fabric-26.1_1.61.0.jar
[2026, 9, 27, 23, 43, 58] ;;; release; block_decay-fabric-26.2_1.61.0.jar
[2026, 9, 27, 23, 43, 58] ;;; release; block_decay-fabric-26.3_1.61.0.jar
[2026, 9, 27, 23, 43, 58] ;;; release; block_decay-forge-1.19.4_1.61.0.jar
[2026, 9, 27, 23, 43, 58] ;;; release; block_decay-forge-1.20.1_1.61.0.jar
[2026, 9, 27, 23, 43, 58] ;;; release; block_decay-neoforge-1.20.4_1.61.0.jar
[2026, 9, 27, 23, 43, 58] ;;; release; block_decay-neoforge-1.20.6_1.61.0.jar
[2026, 9, 27, 23, 43, 58] ;;; release; block_decay-neoforge-1.21.10_1.61.0.jar
[2026, 9, 27, 23, 43, 58] ;;; release; block_decay-neoforge-1.21.11_1.61.0.jar
[2026, 9, 27, 23, 43, 58] ;;; release; block_decay-neoforge-1.21.1_1.61.0.jar
[2026, 9, 27, 23, 43, 58] ;;; release; block_decay-neoforge-1.21.2_1.61.0.jar
[2026, 9, 27, 23, 43, 58] ;;; release; block_decay-neoforge-1.21.4_1.61.0.jar
[2026, 9, 27, 23, 43, 58] ;;; release; block_decay-neoforge-1.21.5_1.61.0.jar
[2026, 9, 27, 23, 43, 58] ;;; release; block_decay-neoforge-1.21.8_1.61.0.jar
[2026, 9, 27, 23, 43, 58] ;;; release; block_decay-neoforge-1.21.9_1.61.0.jar
[2026, 9, 27, 23, 43, 58] ;;; release; block_decay-neoforge-1.21_1.61.0.jar
[2026, 9, 27, 23, 43, 58] ;;; release; block_decay-neoforge-26.1_1.61.0.jar
[2026, 9, 27, 23, 43, 58] ;;; release; block_decay-neoforge-26.2_1.61.0.jar
[2026, 9, 27, 23, 43, 58] ;;; release; block_decay-neoforge-26.3_1.61.0.jar
[2026, 9, 27, 23, 43, 58] ;;; release; desire_paths-fabric-1.21.8_1.61.0.jar
[2026, 9, 27, 23, 43, 58] ;;; release; desire_paths-fabric-1.21.9_1.61.0.jar
[2026, 9, 27, 23, 43, 58] ;;; release; desire_paths-fabric-26.1_1.61.0.jar
[2026, 9, 27, 23, 43, 58] ;;; release; desire_paths-fabric-26.2_1.61.0.jar
[2026, 9, 27, 23, 43, 58] ;;; release; desire_paths-fabric-26.3_1.61.0.jar
[2026, 9, 27, 23, 43, 58] ;;; release; desire_paths-forge-1.19.4_1.61.0.jar
[2026, 9, 27, 23, 43, 58] ;;; release; desire_paths-forge-1.20.1_1.61.0.jar
[2026, 9, 27, 23, 43, 58] ;;; release; desire_paths-neoforge-1.20.4_1.61.0.jar
[2026, 9, 27, 23, 43, 58] ;;; release; desire_paths-neoforge-1.20.6_1.61.0.jar
[2026, 9, 27, 23, 43, 58] ;;; release; desire_paths-neoforge-1.21.1_1.61.0.jar
[2026, 9, 27, 23, 43, 58] ;;; release; desire_paths-neoforge-1.21.2_1.61.0.jar
[2026, 9, 27, 23, 43, 58] ;;; release; desire_paths-neoforge-1.21.4_1.61.0.jar
[2026, 9, 27, 23, 43, 58] ;;; release; desire_paths-neoforge-1.21.5_1.61.0.jar
[2026, 9, 27, 23, 43, 58] ;;; release; desire_paths-neoforge-1.21.8_1.61.0.jar
[2026, 9, 27, 23, 43, 58] ;;; release; desire_paths-neoforge-26.1_1.61.0.jar
[2026, 9, 27, 23, 43, 58] ;;; release; desire_paths-neoforge-26.2_1.61.0.jar
[2026, 9, 27, 23, 43, 58] ;;; release; desire_paths-neoforge-26.3_1.61.0.jar
[2026, 9, 27, 23, 43, 58] ;;; release; dynamic_dirt-fabric-1.21.8_1.61.0.jar
[2026, 9, 27, 23, 43, 58] ;;; release; dynamic_dirt-fabric-1.21.9_1.61.0.jar
[2026, 9, 27, 23, 43, 58] ;;; release; dynamic_dirt-fabric-26.1_1.61.0.jar
[2026, 9, 27, 23, 43, 58] ;;; release; dynamic_dirt-fabric-26.2_1.61.0.jar
[2026, 9, 27, 23, 43, 58] ;;; release; dynamic_dirt-fabric-26.3_1.61.0.jar
[2026, 9, 27, 23, 43, 58] ;;; release; dynamic_dirt-forge-1.19.4_1.61.0.jar
[2026, 9, 27, 23, 43, 58] ;;; release; dynamic_dirt-forge-1.20.1_1.61.0.jar
[2026, 9, 27, 23, 43, 58] ;;; release; dynamic_dirt-neoforge-1.20.4_1.61.0.jar
[2026, 9, 27, 23, 43, 58] ;;; release; dynamic_dirt-neoforge-1.20.6_1.61.0.jar
[2026, 9, 27, 23, 43, 58] ;;; release; dynamic_dirt-neoforge-1.21.1_1.61.0.jar
[2026, 9, 27, 23, 43, 58] ;;; release; dynamic_dirt-neoforge-1.21.2_1.61.0.jar
[2026, 9, 27, 23, 43, 58] ;;; release; dynamic_dirt-neoforge-1.21.4_1.61.0.jar
[2026, 9, 27, 23, 43, 58] ;;; release; dynamic_dirt-neoforge-1.21.5_1.61.0.jar
[2026, 9, 27, 23, 43, 58] ;;; release; dynamic_dirt-neoforge-1.21.8_1.61.0.jar
[2026, 9, 27, 23, 43, 58] ;;; release; dynamic_dirt-neoforge-26.1_1.61.0.jar
[2026, 9, 27, 23, 43, 58] ;;; release; dynamic_dirt-neoforge-26.2_1.61.0.jar
[2026, 9, 27, 23, 43, 58] ;;; release; dynamic_dirt-neoforge-26.3_1.61.0.jar
[2026, 9, 27, 23, 43, 58] ;;; release; dynamic_ecosystems-fabric-1.21.8_1.61.0.jar
[2026, 9, 27, 23, 43, 58] ;;; release; dynamic_ecosystems-fabric-1.21.9_1.61.0.jar
[2026, 9, 27, 23, 43, 58] ;;; release; dynamic_ecosystems-fabric-26.1_1.61.0.jar
[2026, 9, 27, 23, 43, 58] ;;; release; dynamic_ecosystems-fabric-26.2_1.61.0.jar
[2026, 9, 27, 23, 43, 58] ;;; release; dynamic_ecosystems-fabric-26.3_1.61.0.jar
[2026, 9, 27, 23, 43, 58] ;;; release; dynamic_ecosystems-forge-1.19.4_1.61.0.jar
[2026, 9, 27, 23, 43, 58] ;;; release; dynamic_ecosystems-forge-1.20.1_1.61.0.jar
[2026, 9, 27, 23, 43, 58] ;;; release; dynamic_ecosystems-neoforge-1.20.4_1.61.0.jar
[2026, 9, 27, 23, 43, 58] ;;; release; dynamic_ecosystems-neoforge-1.20.6_1.61.0.jar
[2026, 9, 27, 23, 43, 58] ;;; release; dynamic_ecosystems-neoforge-1.21.1_1.61.0.jar
[2026, 9, 27, 23, 43, 58] ;;; release; dynamic_ecosystems-neoforge-1.21.2_1.61.0.jar
[2026, 9, 27, 23, 43, 58] ;;; release; dynamic_ecosystems-neoforge-1.21.4_1.61.0.jar
[2026, 9, 27, 23, 43, 58] ;;; release; dynamic_ecosystems-neoforge-1.21.5_1.61.0.jar
[2026, 9, 27, 23, 43, 58] ;;; release; dynamic_ecosystems-neoforge-1.21.8_1.61.0.jar
[2026, 9, 27, 23, 43, 58] ;;; release; dynamic_ecosystems-neoforge-26.1_1.61.0.jar
[2026, 9, 27, 23, 43, 58] ;;; release; dynamic_ecosystems-neoforge-26.2_1.61.0.jar
[2026, 9, 27, 23, 43, 58] ;;; release; dynamic_ecosystems-neoforge-26.3_1.61.0.jar
[2026, 9, 27, 23, 43, 58] ;;; release; dynamic_monsters-fabric-1.21.8_1.61.0.jar
[2026, 9, 27, 23, 43, 58] ;;; release; dynamic_monsters-fabric-1.21.9_1.61.0.jar
[2026, 9, 27, 23, 43, 58] ;;; release; dynamic_monsters-fabric-26.1_1.61.0.jar
[2026, 9, 27, 23, 43, 58] ;;; release; dynamic_monsters-fabric-26.2_1.61.0.jar
[2026, 9, 27, 23, 43, 58] ;;; release; dynamic_monsters-fabric-26.3_1.61.0.jar
[2026, 9, 27, 23, 43, 58] ;;; release; dynamic_monsters-forge-1.19.4_1.61.0.jar
[2026, 9, 27, 23, 43, 58] ;;; release; dynamic_monsters-forge-1.20.1_1.61.0.jar
[2026, 9, 27, 23, 43, 58] ;;; release; dynamic_monsters-neoforge-1.20.4_1.61.0.jar
[2026, 9, 27, 23, 43, 58] ;;; release; dynamic_monsters-neoforge-1.20.6_1.61.0.jar
[2026, 9, 27, 23, 43, 58] ;;; release; dynamic_monsters-neoforge-1.21.1_1.61.0.jar
[2026, 9, 27, 23, 43, 58] ;;; release; dynamic_monsters-neoforge-1.21.2_1.61.0.jar
[2026, 9, 27, 23, 43, 58] ;;; release; dynamic_monsters-neoforge-1.21.4_1.61.0.jar
[2026, 9, 27, 23, 43, 58] ;;; release; dynamic_monsters-neoforge-1.21.5_1.61.0.jar
[2026, 9, 27, 23, 43, 58] ;;; release; dynamic_monsters-neoforge-1.21.8_1.61.0.jar
[2026, 9, 27, 23, 43, 58] ;;; release; dynamic_monsters-neoforge-26.1_1.61.0.jar
[2026, 9, 27, 23, 43, 58] ;;; release; dynamic_monsters-neoforge-26.2_1.61.0.jar
[2026, 9, 27, 23, 43, 58] ;;; release; dynamic_monsters-neoforge-26.3_1.61.0.jar
[2026, 9, 27, 23, 43, 58] ;;; release; enhanced_survival-fabric-26.3_1.61.0.jar
[2026, 9, 27, 23, 43, 58] ;;; release; enhanced_survival-neoforge-26.3_1.61.0.jar
[2026, 9, 27, 23, 43, 58] ;;; release; ghosts_and_ghouls-fabric-1.21.8_1.61.0.jar
[2026, 9, 27, 23, 43, 58] ;;; release; ghosts_and_ghouls-fabric-1.21.9_1.61.0.jar
[2026, 9, 27, 23, 43, 58] ;;; release; ghosts_and_ghouls-fabric-26.1_1.61.0.jar
[2026, 9, 27, 23, 43, 58] ;;; release; ghosts_and_ghouls-fabric-26.2_1.61.0.jar
[2026, 9, 27, 23, 43, 58] ;;; release; ghosts_and_ghouls-fabric-26.3_1.61.0.jar
[2026, 9, 27, 23, 43, 58] ;;; release; ghosts_and_ghouls-forge-1.19.4_1.61.0.jar
[2026, 9, 27, 23, 43, 58] ;;; release; ghosts_and_ghouls-forge-1.20.1_1.61.0.jar
[2026, 9, 27, 23, 43, 58] ;;; release; ghosts_and_ghouls-neoforge-1.20.4_1.61.0.jar
[2026, 9, 27, 23, 43, 58] ;;; release; ghosts_and_ghouls-neoforge-1.20.6_1.61.0.jar
[2026, 9, 27, 23, 43, 58] ;;; release; ghosts_and_ghouls-neoforge-1.21.1_1.61.0.jar
[2026, 9, 27, 23, 43, 58] ;;; release; ghosts_and_ghouls-neoforge-1.21.2_1.61.0.jar
[2026, 9, 27, 23, 43, 58] ;;; release; ghosts_and_ghouls-neoforge-1.21.4_1.61.0.jar
[2026, 9, 27, 23, 43, 58] ;;; release; ghosts_and_ghouls-neoforge-1.21.5_1.61.0.jar
[2026, 9, 27, 23, 43, 58] ;;; release; ghosts_and_ghouls-neoforge-1.21.8_1.61.0.jar
[2026, 9, 27, 23, 43, 58] ;;; release; ghosts_and_ghouls-neoforge-26.1_1.61.0.jar
[2026, 9, 27, 23, 43, 58] ;;; release; ghosts_and_ghouls-neoforge-26.2_1.61.0.jar
[2026, 9, 27, 23, 43, 58] ;;; release; ghosts_and_ghouls-neoforge-26.3_1.61.0.jar
[2026, 9, 27, 23, 43, 58] ;;; release; gothic_horror-fabric-1.21.8_1.61.0.jar
[2026, 9, 27, 23, 43, 58] ;;; release; gothic_horror-fabric-1.21.9_1.61.0.jar
[2026, 9, 27, 23, 43, 58] ;;; release; gothic_horror-fabric-26.1_1.61.0.jar
[2026, 9, 27, 23, 43, 58] ;;; release; gothic_horror-fabric-26.2_1.61.0.jar
[2026, 9, 27, 23, 43, 58] ;;; release; gothic_horror-fabric-26.3_1.61.0.jar
[2026, 9, 27, 23, 43, 58] ;;; release; gothic_horror-forge-1.19.4_1.61.0.jar
[2026, 9, 27, 23, 43, 58] ;;; release; gothic_horror-forge-1.20.1_1.61.0.jar
[2026, 9, 27, 23, 43, 58] ;;; release; gothic_horror-neoforge-1.20.4_1.61.0.jar
[2026, 9, 27, 23, 43, 58] ;;; release; gothic_horror-neoforge-1.20.6_1.61.0.jar
[2026, 9, 27, 23, 43, 58] ;;; release; gothic_horror-neoforge-1.21.1_1.61.0.jar
[2026, 9, 27, 23, 43, 58] ;;; release; gothic_horror-neoforge-1.21.2_1.61.0.jar
[2026, 9, 27, 23, 43, 58] ;;; release; gothic_horror-neoforge-1.21.4_1.61.0.jar
[2026, 9, 27, 23, 43, 58] ;;; release; gothic_horror-neoforge-1.21.5_1.61.0.jar
[2026, 9, 27, 23, 43, 58] ;;; release; gothic_horror-neoforge-1.21.8_1.61.0.jar
[2026, 9, 27, 23, 43, 58] ;;; release; gothic_horror-neoforge-26.1_1.61.0.jar
[2026, 9, 27, 23, 43, 58] ;;; release; gothic_horror-neoforge-26.2_1.61.0.jar
[2026, 9, 27, 23, 43, 58] ;;; release; gothic_horror-neoforge-26.3_1.61.0.jar
[2026, 9, 27, 23, 43, 58] ;;; release; gstools-fabric-1.21.8_1.61.0.jar
[2026, 9, 27, 23, 43, 58] ;;; release; gstools-fabric-1.21.9_1.61.0.jar
[2026, 9, 27, 23, 43, 58] ;;; release; gstools-fabric-26.1_1.61.0.jar
[2026, 9, 27, 23, 43, 58] ;;; release; gstools-fabric-26.2_1.61.0.jar
[2026, 9, 27, 23, 43, 58] ;;; release; gstools-fabric-26.3_1.61.0.jar
[2026, 9, 27, 23, 43, 58] ;;; release; gstools-forge-1.19.4_1.61.0.jar
[2026, 9, 27, 23, 43, 58] ;;; release; gstools-forge-1.20.1_1.61.0.jar
[2026, 9, 27, 23, 43, 58] ;;; release; gstools-neoforge-1.20.4_1.61.0.jar
[2026, 9, 27, 23, 43, 58] ;;; release; gstools-neoforge-1.20.6_1.61.0.jar
[2026, 9, 27, 23, 43, 58] ;;; release; gstools-neoforge-1.21.1_1.61.0.jar
[2026, 9, 27, 23, 43, 58] ;;; release; gstools-neoforge-1.21.2_1.61.0.jar
[2026, 9, 27, 23, 43, 58] ;;; release; gstools-neoforge-1.21.4_1.61.0.jar
[2026, 9, 27, 23, 43, 58] ;;; release; gstools-neoforge-1.21.5_1.61.0.jar
[2026, 9, 27, 23, 43, 58] ;;; release; gstools-neoforge-1.21.8_1.61.0.jar
[2026, 9, 27, 23, 43, 58] ;;; release; gstools-neoforge-26.1_1.61.0.jar
[2026, 9, 27, 23, 43, 58] ;;; release; gstools-neoforge-26.2_1.61.0.jar
[2026, 9, 27, 23, 43, 58] ;;; release; gstools-neoforge-26.3_1.61.0.jar
[2026, 9, 27, 23, 43, 58] ;;; release; life_and_death-fabric-1.21.8_1.61.0.jar
[2026, 9, 27, 23, 43, 58] ;;; release; life_and_death-fabric-1.21.9_1.61.0.jar
[2026, 9, 27, 23, 43, 58] ;;; release; life_and_death-fabric-26.1_1.61.0.jar
[2026, 9, 27, 23, 43, 58] ;;; release; life_and_death-fabric-26.2_1.61.0.jar
[2026, 9, 27, 23, 43, 58] ;;; release; life_and_death-fabric-26.3_1.61.0.jar
[2026, 9, 27, 23, 43, 58] ;;; release; life_and_death-forge-1.19.4_1.61.0.jar
[2026, 9, 27, 23, 43, 58] ;;; release; life_and_death-forge-1.20.1_1.61.0.jar
[2026, 9, 27, 23, 43, 58] ;;; release; life_and_death-neoforge-1.20.4_1.61.0.jar
[2026, 9, 27, 23, 43, 58] ;;; release; life_and_death-neoforge-1.20.6_1.61.0.jar
[2026, 9, 27, 23, 43, 58] ;;; release; life_and_death-neoforge-1.21.1_1.61.0.jar
[2026, 9, 27, 23, 43, 58] ;;; release; life_and_death-neoforge-1.21.2_1.61.0.jar
[2026, 9, 27, 23, 43, 58] ;;; release; life_and_death-neoforge-1.21.4_1.61.0.jar
[2026, 9, 27, 23, 43, 58] ;;; release; life_and_death-neoforge-1.21.5_1.61.0.jar
[2026, 9, 27, 23, 43, 58] ;;; release; life_and_death-neoforge-1.21.8_1.61.0.jar
[2026, 9, 27, 23, 43, 58] ;;; release; life_and_death-neoforge-26.1_1.61.0.jar
[2026, 9, 27, 23, 43, 58] ;;; release; life_and_death-neoforge-26.2_1.61.0.jar
[2026, 9, 27, 23, 43, 58] ;;; release; life_and_death-neoforge-26.3_1.61.0.jar
[2026, 9, 27, 23, 43, 58] ;;; release; undead_expanded-fabric-1.21.8_1.61.0.jar
[2026, 9, 27, 23, 43, 58] ;;; release; undead_expanded-fabric-1.21.9_1.61.0.jar
[2026, 9, 27, 23, 43, 58] ;;; release; undead_expanded-fabric-26.1_1.61.0.jar
[2026, 9, 27, 23, 43, 58] ;;; release; undead_expanded-fabric-26.2_1.61.0.jar
[2026, 9, 27, 23, 43, 58] ;;; release; undead_expanded-fabric-26.3_1.61.0.jar
[2026, 9, 27, 23, 43, 58] ;;; release; undead_expanded-forge-1.19.4_1.61.0.jar
[2026, 9, 27, 23, 43, 58] ;;; release; undead_expanded-forge-1.20.1_1.61.0.jar
[2026, 9, 27, 23, 43, 58] ;;; release; undead_expanded-neoforge-1.20.4_1.61.0.jar
[2026, 9, 27, 23, 43, 58] ;;; release; undead_expanded-neoforge-1.20.6_1.61.0.jar
[2026, 9, 27, 23, 43, 58] ;;; release; undead_expanded-neoforge-1.21.1_1.61.0.jar
[2026, 9, 27, 23, 43, 58] ;;; release; undead_expanded-neoforge-1.21.2_1.61.0.jar
[2026, 9, 27, 23, 43, 58] ;;; release; undead_expanded-neoforge-1.21.4_1.61.0.jar
[2026, 9, 27, 23, 43, 58] ;;; release; undead_expanded-neoforge-1.21.5_1.61.0.jar
[2026, 9, 27, 23, 43, 58] ;;; release; undead_expanded-neoforge-1.21.8_1.61.0.jar
[2026, 9, 27, 23, 43, 58] ;;; release; undead_expanded-neoforge-26.1_1.61.0.jar
[2026, 9, 27, 23, 43, 58] ;;; release; undead_expanded-neoforge-26.2_1.61.0.jar
[2026, 9, 27, 23, 43, 58] ;;; release; undead_expanded-neoforge-26.3_1.61.0.jar
[2026, 9, 27, 23, 43, 58] ;;; release; block_decay-fabric-1.21.10_1.61.0.jar
[2026, 9, 27, 23, 43, 58] ;;; release; block_decay-fabric-1.21.11_1.61.0.jar
[2026, 9, 27, 23, 43, 58] ;;; release; block_decay-fabric-1.21.8_1.61.0.jar
[2026, 9, 27, 23, 43, 58] ;;; release; block_decay-fabric-1.21.9_1.61.0.jar
[2026, 9, 27, 23, 43, 58] ;;; release; block_decay-fabric-26.1_1.61.0.jar
[2026, 9, 27, 23, 43, 58] ;;; release; block_decay-fabric-26.2_1.61.0.jar
[2026, 9, 27, 23, 43, 58] ;;; release; block_decay-fabric-26.3_1.61.0.jar
[2026, 9, 27, 23, 43, 58] ;;; release; block_decay-forge-1.19.4_1.61.0.jar
[2026, 9, 27, 23, 43, 58] ;;; release; block_decay-forge-1.20.1_1.61.0.jar
[2026, 9, 27, 23, 43, 58] ;;; release; block_decay-neoforge-1.20.4_1.61.0.jar
[2026, 9, 27, 23, 43, 58] ;;; release; block_decay-neoforge-1.20.6_1.61.0.jar
[2026, 9, 27, 23, 43, 58] ;;; release; block_decay-neoforge-1.21.10_1.61.0.jar
[2026, 9, 27, 23, 43, 58] ;;; release; block_decay-neoforge-1.21.11_1.61.0.jar
[2026, 9, 27, 23, 43, 58] ;;; release; block_decay-neoforge-1.21.1_1.61.0.jar
[2026, 9, 27, 23, 43, 58] ;;; release; block_decay-neoforge-1.21.2_1.61.0.jar
[2026, 9, 27, 23, 43, 58] ;;; release; block_decay-neoforge-1.21.4_1.61.0.jar
[2026, 9, 27, 23, 43, 58] ;;; release; block_decay-neoforge-1.21.5_1.61.0.jar
[2026, 9, 27, 23, 43, 58] ;;; release; block_decay-neoforge-1.21.8_1.61.0.jar
[2026, 9, 27, 23, 43, 58] ;;; release; block_decay-neoforge-1.21.9_1.61.0.jar
[2026, 9, 27, 23, 43, 58] ;;; release; block_decay-neoforge-1.21_1.61.0.jar
[2026, 9, 27, 23, 43, 58] ;;; release; block_decay-neoforge-26.1_1.61.0.jar
[2026, 9, 27, 23, 43, 58] ;;; release; block_decay-neoforge-26.2_1.61.0.jar
[2026, 9, 27, 23, 43, 58] ;;; release; block_decay-neoforge-26.3_1.61.0.jar
[2026, 9, 27, 23, 43, 58] ;;; release; desire_paths-fabric-1.21.8_1.61.0.jar
[2026, 9, 27, 23, 43, 58] ;;; release; desire_paths-fabric-1.21.9_1.61.0.jar
[2026, 9, 27, 23, 43, 58] ;;; release; desire_paths-fabric-26.1_1.61.0.jar
[2026, 9, 27, 23, 43, 58] ;;; release; desire_paths-fabric-26.2_1.61.0.jar
[2026, 9, 27, 23, 43, 58] ;;; release; desire_paths-fabric-26.3_1.61.0.jar
[2026, 9, 27, 23, 43, 58] ;;; release; desire_paths-forge-1.19.4_1.61.0.jar
[2026, 9, 27, 23, 43, 58] ;;; release; desire_paths-forge-1.20.1_1.61.0.jar
[2026, 9, 27, 23, 43, 58] ;;; release; desire_paths-neoforge-1.20.4_1.61.0.jar
[2026, 9, 27, 23, 43, 58] ;;; release; desire_paths-neoforge-1.20.6_1.61.0.jar
[2026, 9, 27, 23, 43, 58] ;;; release; desire_paths-neoforge-1.21.1_1.61.0.jar
[2026, 9, 27, 23, 43, 58] ;;; release; desire_paths-neoforge-1.21.2_1.61.0.jar
[2026, 9, 27, 23, 43, 58] ;;; release; desire_paths-neoforge-1.21.4_1.61.0.jar
[2026, 9, 27, 23, 43, 58] ;;; release; desire_paths-neoforge-1.21.5_1.61.0.jar
[2026, 9, 27, 23, 43, 58] ;;; release; desire_paths-neoforge-1.21.8_1.61.0.jar
[2026, 9, 27, 23, 43, 58] ;;; release; desire_paths-neoforge-26.1_1.61.0.jar
[2026, 9, 27, 23, 43, 58] ;;; release; desire_paths-neoforge-26.2_1.61.0.jar
[2026, 9, 27, 23, 43, 58] ;;; release; desire_paths-neoforge-26.3_1.61.0.jar
[2026, 9, 27, 23, 43, 58] ;;; release; dynamic_dirt-fabric-1.21.8_1.61.0.jar
[2026, 9, 27, 23, 43, 58] ;;; release; dynamic_dirt-fabric-1.21.9_1.61.0.jar
[2026, 9, 27, 23, 43, 58] ;;; release; dynamic_dirt-fabric-26.1_1.61.0.jar
[2026, 9, 27, 23, 43, 58] ;;; release; dynamic_dirt-fabric-26.2_1.61.0.jar
[2026, 9, 27, 23, 43, 58] ;;; release; dynamic_dirt-fabric-26.3_1.61.0.jar
[2026, 9, 27, 23, 43, 58] ;;; release; dynamic_dirt-forge-1.19.4_1.61.0.jar
[2026, 9, 27, 23, 43, 58] ;;; release; dynamic_dirt-forge-1.20.1_1.61.0.jar
[2026, 9, 27, 23, 43, 58] ;;; release; dynamic_dirt-neoforge-1.20.4_1.61.0.jar
[2026, 9, 27, 23, 43, 58] ;;; release; dynamic_dirt-neoforge-1.20.6_1.61.0.jar
[2026, 9, 27, 23, 43, 58] ;;; release; dynamic_dirt-neoforge-1.21.1_1.61.0.jar
[2026, 9, 27, 23, 43, 58] ;;; release; dynamic_dirt-neoforge-1.21.2_1.61.0.jar
[2026, 9, 27, 23, 43, 58] ;;; release; dynamic_dirt-neoforge-1.21.4_1.61.0.jar
[2026, 9, 27, 23, 43, 58] ;;; release; dynamic_dirt-neoforge-1.21.5_1.61.0.jar
[2026, 9, 27, 23, 43, 58] ;;; release; dynamic_dirt-neoforge-1.21.8_1.61.0.jar
[2026, 9, 27, 23, 43, 58] ;;; release; dynamic_dirt-neoforge-26.1_1.61.0.jar
[2026, 9, 27, 23, 43, 58] ;;; release; dynamic_dirt-neoforge-26.2_1.61.0.jar
[2026, 9, 27, 23, 43, 58] ;;; release; dynamic_dirt-neoforge-26.3_1.61.0.jar
[2026, 9, 27, 23, 43, 58] ;;; release; dynamic_ecosystems-fabric-1.21.8_1.61.0.jar
[2026, 9, 27, 23, 43, 58] ;;; release; dynamic_ecosystems-fabric-1.21.9_1.61.0.jar
[2026, 9, 27, 23, 43, 58] ;;; release; dynamic_ecosystems-fabric-26.1_1.61.0.jar
[2026, 9, 27, 23, 43, 58] ;;; release; dynamic_ecosystems-fabric-26.2_1.61.0.jar
[2026, 9, 27, 23, 43, 58] ;;; release; dynamic_ecosystems-fabric-26.3_1.61.0.jar
[2026, 9, 27, 23, 43, 58] ;;; release; dynamic_ecosystems-forge-1.19.4_1.61.0.jar
[2026, 9, 27, 23, 43, 58] ;;; release; dynamic_ecosystems-forge-1.20.1_1.61.0.jar
[2026, 9, 27, 23, 43, 58] ;;; release; dynamic_ecosystems-neoforge-1.20.4_1.61.0.jar
[2026, 9, 27, 23, 43, 58] ;;; release; dynamic_ecosystems-neoforge-1.20.6_1.61.0.jar
[2026, 9, 27, 23, 43, 58] ;;; release; dynamic_ecosystems-neoforge-1.21.1_1.61.0.jar
[2026, 9, 27, 23, 43, 58] ;;; release; dynamic_ecosystems-neoforge-1.21.2_1.61.0.jar
[2026, 9, 27, 23, 43, 58] ;;; release; dynamic_ecosystems-neoforge-1.21.4_1.61.0.jar
[2026, 9, 27, 23, 43, 58] ;;; release; dynamic_ecosystems-neoforge-1.21.5_1.61.0.jar
[2026, 9, 27, 23, 43, 58] ;;; release; dynamic_ecosystems-neoforge-1.21.8_1.61.0.jar
[2026, 9, 27, 23, 43, 58] ;;; release; dynamic_ecosystems-neoforge-26.1_1.61.0.jar
[2026, 9, 27, 23, 43, 58] ;;; release; dynamic_ecosystems-neoforge-26.2_1.61.0.jar
[2026, 9, 27, 23, 43, 58] ;;; release; dynamic_ecosystems-neoforge-26.3_1.61.0.jar
[2026, 9, 27, 23, 43, 58] ;;; release; dynamic_monsters-fabric-1.21.8_1.61.0.jar
[2026, 9, 27, 23, 43, 58] ;;; release; dynamic_monsters-fabric-1.21.9_1.61.0.jar
[2026, 9, 27, 23, 43, 58] ;;; release; dynamic_monsters-fabric-26.1_1.61.0.jar
[2026, 9, 27, 23, 43, 58] ;;; release; dynamic_monsters-fabric-26.2_1.61.0.jar
[2026, 9, 27, 23, 43, 58] ;;; release; dynamic_monsters-fabric-26.3_1.61.0.jar
[2026, 9, 27, 23, 43, 58] ;;; release; dynamic_monsters-forge-1.19.4_1.61.0.jar
[2026, 9, 27, 23, 43, 58] ;;; release; dynamic_monsters-forge-1.20.1_1.61.0.jar
[2026, 9, 27, 23, 43, 58] ;;; release; dynamic_monsters-neoforge-1.20.4_1.61.0.jar
[2026, 9, 27, 23, 43, 58] ;;; release; dynamic_monsters-neoforge-1.20.6_1.61.0.jar
[2026, 9, 27, 23, 43, 58] ;;; release; dynamic_monsters-neoforge-1.21.1_1.61.0.jar
[2026, 9, 27, 23, 43, 58] ;;; release; dynamic_monsters-neoforge-1.21.2_1.61.0.jar
[2026, 9, 27, 23, 43, 58] ;;; release; dynamic_monsters-neoforge-1.21.4_1.61.0.jar
[2026, 9, 27, 23, 43, 58] ;;; release; dynamic_monsters-neoforge-1.21.5_1.61.0.jar
[2026, 9, 27, 23, 43, 58] ;;; release; dynamic_monsters-neoforge-1.21.8_1.61.0.jar
[2026, 9, 27, 23, 43, 58] ;;; release; dynamic_monsters-neoforge-26.1_1.61.0.jar
[2026, 9, 27, 23, 43, 58] ;;; release; dynamic_monsters-neoforge-26.2_1.61.0.jar
[2026, 9, 27, 23, 43, 58] ;;; release; dynamic_monsters-neoforge-26.3_1.61.0.jar
[2026, 9, 27, 23, 43, 58] ;;; release; enhanced_survival-fabric-26.3_1.61.0.jar
[2026, 9, 27, 23, 43, 58] ;;; release; enhanced_survival-neoforge-26.3_1.61.0.jar
[2026, 9, 27, 23, 43, 58] ;;; release; ghosts_and_ghouls-fabric-1.21.8_1.61.0.jar
[2026, 9, 27, 23, 43, 58] ;;; release; ghosts_and_ghouls-fabric-1.21.9_1.61.0.jar
[2026, 9, 27, 23, 43, 58] ;;; release; ghosts_and_ghouls-fabric-26.1_1.61.0.jar
[2026, 9, 27, 23, 43, 58] ;;; release; ghosts_and_ghouls-fabric-26.2_1.61.0.jar
[2026, 9, 27, 23, 43, 58] ;;; release; ghosts_and_ghouls-fabric-26.3_1.61.0.jar
[2026, 9, 27, 23, 43, 58] ;;; release; ghosts_and_ghouls-forge-1.19.4_1.61.0.jar
[2026, 9, 27, 23, 43, 58] ;;; release; ghosts_and_ghouls-forge-1.20.1_1.61.0.jar
[2026, 9, 27, 23, 43, 58] ;;; release; ghosts_and_ghouls-neoforge-1.20.4_1.61.0.jar
[2026, 9, 27, 23, 43, 58] ;;; release; ghosts_and_ghouls-neoforge-1.20.6_1.61.0.jar
[2026, 9, 27, 23, 43, 58] ;;; release; ghosts_and_ghouls-neoforge-1.21.1_1.61.0.jar
[2026, 9, 27, 23, 43, 58] ;;; release; ghosts_and_ghouls-neoforge-1.21.2_1.61.0.jar
[2026, 9, 27, 23, 43, 58] ;;; release; ghosts_and_ghouls-neoforge-1.21.4_1.61.0.jar
[2026, 9, 27, 23, 43, 58] ;;; release; ghosts_and_ghouls-neoforge-1.21.5_1.61.0.jar
[2026, 9, 27, 23, 43, 58] ;;; release; ghosts_and_ghouls-neoforge-1.21.8_1.61.0.jar
[2026, 9, 27, 23, 43, 58] ;;; release; ghosts_and_ghouls-neoforge-26.1_1.61.0.jar
[2026, 9, 27, 23, 43, 58] ;;; release; ghosts_and_ghouls-neoforge-26.2_1.61.0.jar
[2026, 9, 27, 23, 43, 58] ;;; release; ghosts_and_ghouls-neoforge-26.3_1.61.0.jar
[2026, 9, 27, 23, 43, 58] ;;; release; gothic_horror-fabric-1.21.8_1.61.0.jar
[2026, 9, 27, 23, 43, 58] ;;; release; gothic_horror-fabric-1.21.9_1.61.0.jar
[2026, 9, 27, 23, 43, 58] ;;; release; gothic_horror-fabric-26.1_1.61.0.jar
[2026, 9, 27, 23, 43, 58] ;;; release; gothic_horror-fabric-26.2_1.61.0.jar
[2026, 9, 27, 23, 43, 58] ;;; release; gothic_horror-fabric-26.3_1.61.0.jar
[2026, 9, 27, 23, 43, 58] ;;; release; gothic_horror-forge-1.19.4_1.61.0.jar
[2026, 9, 27, 23, 43, 58] ;;; release; gothic_horror-forge-1.20.1_1.61.0.jar
[2026, 9, 27, 23, 43, 58] ;;; release; gothic_horror-neoforge-1.20.4_1.61.0.jar
[2026, 9, 27, 23, 43, 58] ;;; release; gothic_horror-neoforge-1.20.6_1.61.0.jar
[2026, 9, 27, 23, 43, 58] ;;; release; gothic_horror-neoforge-1.21.1_1.61.0.jar
[2026, 9, 27, 23, 43, 58] ;;; release; gothic_horror-neoforge-1.21.2_1.61.0.jar
[2026, 9, 27, 23, 43, 58] ;;; release; gothic_horror-neoforge-1.21.4_1.61.0.jar
[2026, 9, 27, 23, 43, 58] ;;; release; gothic_horror-neoforge-1.21.5_1.61.0.jar
[2026, 9, 27, 23, 43, 58] ;;; release; gothic_horror-neoforge-1.21.8_1.61.0.jar
[2026, 9, 27, 23, 43, 58] ;;; release; gothic_horror-neoforge-26.1_1.61.0.jar
[2026, 9, 27, 23, 43, 58] ;;; release; gothic_horror-neoforge-26.2_1.61.0.jar
[2026, 9, 27, 23, 43, 58] ;;; release; gothic_horror-neoforge-26.3_1.61.0.jar
[2026, 9, 27, 23, 43, 58] ;;; release; gstools-fabric-1.21.8_1.61.0.jar
[2026, 9, 27, 23, 43, 58] ;;; release; gstools-fabric-1.21.9_1.61.0.jar
[2026, 9, 27, 23, 43, 58] ;;; release; gstools-fabric-26.1_1.61.0.jar
[2026, 9, 27, 23, 43, 58] ;;; release; gstools-fabric-26.2_1.61.0.jar
[2026, 9, 27, 23, 43, 58] ;;; release; gstools-fabric-26.3_1.61.0.jar
[2026, 9, 27, 23, 43, 58] ;;; release; gstools-forge-1.19.4_1.61.0.jar
[2026, 9, 27, 23, 43, 58] ;;; release; gstools-forge-1.20.1_1.61.0.jar
[2026, 9, 27, 23, 43, 58] ;;; release; gstools-neoforge-1.20.4_1.61.0.jar
[2026, 9, 27, 23, 43, 58] ;;; release; gstools-neoforge-1.20.6_1.61.0.jar
[2026, 9, 27, 23, 43, 58] ;;; release; gstools-neoforge-1.21.1_1.61.0.jar
[2026, 9, 27, 23, 43, 58] ;;; release; gstools-neoforge-1.21.2_1.61.0.jar
[2026, 9, 27, 23, 43, 58] ;;; release; gstools-neoforge-1.21.4_1.61.0.jar
[2026, 9, 27, 23, 43, 58] ;;; release; gstools-neoforge-1.21.5_1.61.0.jar
[2026, 9, 27, 23, 43, 58] ;;; release; gstools-neoforge-1.21.8_1.61.0.jar
[2026, 9, 27, 23, 43, 58] ;;; release; gstools-neoforge-26.1_1.61.0.jar
[2026, 9, 27, 23, 43, 58] ;;; release; gstools-neoforge-26.2_1.61.0.jar
[2026, 9, 27, 23, 43, 58] ;;; release; gstools-neoforge-26.3_1.61.0.jar
[2026, 9, 27, 23, 43, 58] ;;; release; life_and_death-fabric-1.21.8_1.61.0.jar
[2026, 9, 27, 23, 43, 58] ;;; release; life_and_death-fabric-1.21.9_1.61.0.jar
[2026, 9, 27, 23, 43, 58] ;;; release; life_and_death-fabric-26.1_1.61.0.jar
[2026, 9, 27, 23, 43, 58] ;;; release; life_and_death-fabric-26.2_1.61.0.jar
[2026, 9, 27, 23, 43, 58] ;;; release; life_and_death-fabric-26.3_1.61.0.jar
[2026, 9, 27, 23, 43, 58] ;;; release; life_and_death-forge-1.19.4_1.61.0.jar
[2026, 9, 27, 23, 43, 58] ;;; release; life_and_death-forge-1.20.1_1.61.0.jar
[2026, 9, 27, 23, 43, 58] ;;; release; life_and_death-neoforge-1.20.4_1.61.0.jar
[2026, 9, 27, 23, 43, 58] ;;; release; life_and_death-neoforge-1.20.6_1.61.0.jar
[2026, 9, 27, 23, 43, 58] ;;; release; life_and_death-neoforge-1.21.1_1.61.0.jar
[2026, 9, 27, 23, 43, 58] ;;; release; life_and_death-neoforge-1.21.2_1.61.0.jar
[2026, 9, 27, 23, 43, 58] ;;; release; life_and_death-neoforge-1.21.4_1.61.0.jar
[2026, 9, 27, 23, 43, 58] ;;; release; life_and_death-neoforge-1.21.5_1.61.0.jar
[2026, 9, 27, 23, 43, 58] ;;; release; life_and_death-neoforge-1.21.8_1.61.0.jar
[2026, 9, 27, 23, 43, 58] ;;; release; life_and_death-neoforge-26.1_1.61.0.jar
[2026, 9, 27, 23, 43, 58] ;;; release; life_and_death-neoforge-26.2_1.61.0.jar
[2026, 9, 27, 23, 43, 58] ;;; release; life_and_death-neoforge-26.3_1.61.0.jar
[2026, 9, 27, 23, 43, 58] ;;; release; undead_expanded-fabric-1.21.8_1.61.0.jar
[2026, 9, 27, 23, 43, 58] ;;; release; undead_expanded-fabric-1.21.9_1.61.0.jar
[2026, 9, 27, 23, 43, 58] ;;; release; undead_expanded-fabric-26.1_1.61.0.jar
[2026, 9, 27, 23, 43, 58] ;;; release; undead_expanded-fabric-26.2_1.61.0.jar
[2026, 9, 27, 23, 43, 58] ;;; release; undead_expanded-fabric-26.3_1.61.0.jar
[2026, 9, 27, 23, 43, 58] ;;; release; undead_expanded-forge-1.19.4_1.61.0.jar
[2026, 9, 27, 23, 43, 58] ;;; release; undead_expanded-forge-1.20.1_1.61.0.jar
[2026, 9, 27, 23, 43, 58] ;;; release; undead_expanded-neoforge-1.20.4_1.61.0.jar
[2026, 9, 27, 23, 43, 58] ;;; release; undead_expanded-neoforge-1.20.6_1.61.0.jar
[2026, 9, 27, 23, 43, 58] ;;; release; undead_expanded-neoforge-1.21.1_1.61.0.jar
[2026, 9, 27, 23, 43, 58] ;;; release; undead_expanded-neoforge-1.21.2_1.61.0.jar
[2026, 9, 27, 23, 43, 58] ;;; release; undead_expanded-neoforge-1.21.4_1.61.0.jar
[2026, 9, 27, 23, 43, 58] ;;; release; undead_expanded-neoforge-1.21.5_1.61.0.jar
[2026, 9, 27, 23, 43, 58] ;;; release; undead_expanded-neoforge-1.21.8_1.61.0.jar
[2026, 9, 27, 23, 43, 58] ;;; release; undead_expanded-neoforge-26.1_1.61.0.jar
[2026, 9, 27, 23, 43, 58] ;;; release; undead_expanded-neoforge-26.2_1.61.0.jar
[2026, 9, 27, 23, 43, 58] ;;; release; undead_expanded-neoforge-26.3_1.61.0.jar
[2026, 9, 27, 23, 43, 58] ;;; release; block_decay-fabric-1.21.10_1.61.0.jar
[2026, 9, 27, 23, 43, 58] ;;; release; block_decay-fabric-1.21.11_1.61.0.jar
[2026, 9, 27, 23, 43, 58] ;;; release; block_decay-fabric-1.21.8_1.61.0.jar
[2026, 9, 27, 23, 43, 58] ;;; release; block_decay-fabric-1.21.9_1.61.0.jar
[2026, 9, 27, 23, 43, 58] ;;; release; block_decay-fabric-26.1_1.61.0.jar
[2026, 9, 27, 23, 43, 58] ;;; release; block_decay-fabric-26.2_1.61.0.jar
[2026, 9, 27, 23, 43, 58] ;;; release; block_decay-fabric-26.3_1.61.0.jar
[2026, 9, 27, 23, 43, 58] ;;; release; block_decay-forge-1.19.4_1.61.0.jar
[2026, 9, 27, 23, 43, 58] ;;; release; block_decay-forge-1.20.1_1.61.0.jar
[2026, 9, 27, 23, 43, 58] ;;; release; block_decay-neoforge-1.20.4_1.61.0.jar
[2026, 9, 27, 23, 43, 58] ;;; release; block_decay-neoforge-1.20.6_1.61.0.jar
[2026, 9, 27, 23, 43, 58] ;;; release; block_decay-neoforge-1.21.10_1.61.0.jar
[2026, 9, 27, 23, 43, 58] ;;; release; block_decay-neoforge-1.21.11_1.61.0.jar
[2026, 9, 27, 23, 43, 58] ;;; release; block_decay-neoforge-1.21.1_1.61.0.jar
[2026, 9, 27, 23, 43, 58] ;;; release; block_decay-neoforge-1.21.2_1.61.0.jar
[2026, 9, 27, 23, 43, 58] ;;; release; block_decay-neoforge-1.21.4_1.61.0.jar
[2026, 9, 27, 23, 43, 58] ;;; release; block_decay-neoforge-1.21.5_1.61.0.jar
[2026, 9, 27, 23, 43, 58] ;;; release; block_decay-neoforge-1.21.8_1.61.0.jar
[2026, 9, 27, 23, 43, 58] ;;; release; block_decay-neoforge-1.21.9_1.61.0.jar
[2026, 9, 27, 23, 43, 58] ;;; release; block_decay-neoforge-1.21_1.61.0.jar
[2026, 9, 27, 23, 43, 58] ;;; release; block_decay-neoforge-26.1_1.61.0.jar
[2026, 9, 27, 23, 43, 58] ;;; release; block_decay-neoforge-26.2_1.61.0.jar
[2026, 9, 27, 23, 43, 58] ;;; release; block_decay-neoforge-26.3_1.61.0.jar
[2026, 9, 27, 23, 43, 58] ;;; release; desire_paths-fabric-1.21.8_1.61.0.jar
[2026, 9, 27, 23, 43, 58] ;;; release; desire_paths-fabric-1.21.9_1.61.0.jar
[2026, 9, 27, 23, 43, 58] ;;; release; desire_paths-fabric-26.1_1.61.0.jar
[2026, 9, 27, 23, 43, 58] ;;; release; desire_paths-fabric-26.2_1.61.0.jar
[2026, 9, 27, 23, 43, 58] ;;; release; desire_paths-fabric-26.3_1.61.0.jar
[2026, 9, 27, 23, 43, 58] ;;; release; desire_paths-forge-1.19.4_1.61.0.jar
[2026, 9, 27, 23, 43, 58] ;;; release; desire_paths-forge-1.20.1_1.61.0.jar
[2026, 9, 27, 23, 43, 58] ;;; release; desire_paths-neoforge-1.20.4_1.61.0.jar
[2026, 9, 27, 23, 43, 58] ;;; release; desire_paths-neoforge-1.20.6_1.61.0.jar
[2026, 9, 27, 23, 43, 58] ;;; release; desire_paths-neoforge-1.21.1_1.61.0.jar
[2026, 9, 27, 23, 43, 58] ;;; release; desire_paths-neoforge-1.21.2_1.61.0.jar
[2026, 9, 27, 23, 43, 58] ;;; release; desire_paths-neoforge-1.21.4_1.61.0.jar
[2026, 9, 27, 23, 43, 58] ;;; release; desire_paths-neoforge-1.21.5_1.61.0.jar
[2026, 9, 27, 23, 43, 58] ;;; release; desire_paths-neoforge-1.21.8_1.61.0.jar
[2026, 9, 27, 23, 43, 58] ;;; release; desire_paths-neoforge-26.1_1.61.0.jar
[2026, 9, 27, 23, 43, 58] ;;; release; desire_paths-neoforge-26.2_1.61.0.jar
[2026, 9, 27, 23, 43, 58] ;;; release; desire_paths-neoforge-26.3_1.61.0.jar
[2026, 9, 27, 23, 43, 58] ;;; release; dynamic_dirt-fabric-1.21.8_1.61.0.jar
[2026, 9, 27, 23, 43, 58] ;;; release; dynamic_dirt-fabric-1.21.9_1.61.0.jar
[2026, 9, 27, 23, 43, 58] ;;; release; dynamic_dirt-fabric-26.1_1.61.0.jar
[2026, 9, 27, 23, 43, 58] ;;; release; dynamic_dirt-fabric-26.2_1.61.0.jar
[2026, 9, 27, 23, 43, 58] ;;; release; dynamic_dirt-fabric-26.3_1.61.0.jar
[2026, 9, 27, 23, 43, 58] ;;; release; dynamic_dirt-forge-1.19.4_1.61.0.jar
[2026, 9, 27, 23, 43, 58] ;;; release; dynamic_dirt-forge-1.20.1_1.61.0.jar
[2026, 9, 27, 23, 43, 58] ;;; release; dynamic_dirt-neoforge-1.20.4_1.61.0.jar
[2026, 9, 27, 23, 43, 58] ;;; release; dynamic_dirt-neoforge-1.20.6_1.61.0.jar
[2026, 9, 27, 23, 43, 58] ;;; release; dynamic_dirt-neoforge-1.21.1_1.61.0.jar
[2026, 9, 27, 23, 43, 58] ;;; release; dynamic_dirt-neoforge-1.21.2_1.61.0.jar
[2026, 9, 27, 23, 43, 58] ;;; release; dynamic_dirt-neoforge-1.21.4_1.61.0.jar
[2026, 9, 27, 23, 43, 58] ;;; release; dynamic_dirt-neoforge-1.21.5_1.61.0.jar
[2026, 9, 27, 23, 43, 58] ;;; release; dynamic_dirt-neoforge-1.21.8_1.61.0.jar
[2026, 9, 27, 23, 43, 58] ;;; release; dynamic_dirt-neoforge-26.1_1.61.0.jar
[2026, 9, 27, 23, 43, 58] ;;; release; dynamic_dirt-neoforge-26.2_1.61.0.jar
[2026, 9, 27, 23, 43, 58] ;;; release; dynamic_dirt-neoforge-26.3_1.61.0.jar
[2026, 9, 27, 23, 43, 58] ;;; release; dynamic_ecosystems-fabric-1.21.8_1.61.0.jar
[2026, 9, 27, 23, 43, 58] ;;; release; dynamic_ecosystems-fabric-1.21.9_1.61.0.jar
[2026, 9, 27, 23, 43, 58] ;;; release; dynamic_ecosystems-fabric-26.1_1.61.0.jar
[2026, 9, 27, 23, 43, 58] ;;; release; dynamic_ecosystems-fabric-26.2_1.61.0.jar
[2026, 9, 27, 23, 43, 58] ;;; release; dynamic_ecosystems-fabric-26.3_1.61.0.jar
[2026, 9, 27, 23, 43, 58] ;;; release; dynamic_ecosystems-forge-1.19.4_1.61.0.jar
[2026, 9, 27, 23, 43, 58] ;;; release; dynamic_ecosystems-forge-1.20.1_1.61.0.jar
[2026, 9, 27, 23, 43, 58] ;;; release; dynamic_ecosystems-neoforge-1.20.4_1.61.0.jar
[2026, 9, 27, 23, 43, 58] ;;; release; dynamic_ecosystems-neoforge-1.20.6_1.61.0.jar
[2026, 9, 27, 23, 43, 58] ;;; release; dynamic_ecosystems-neoforge-1.21.1_1.61.0.jar
[2026, 9, 27, 23, 43, 58] ;;; release; dynamic_ecosystems-neoforge-1.21.2_1.61.0.jar
[2026, 9, 27, 23, 43, 58] ;;; release; dynamic_ecosystems-neoforge-1.21.4_1.61.0.jar
[2026, 9, 27, 23, 43, 58] ;;; release; dynamic_ecosystems-neoforge-1.21.5_1.61.0.jar
[2026, 9, 27, 23, 43, 58] ;;; release; dynamic_ecosystems-neoforge-1.21.8_1.61.0.jar
[2026, 9, 27, 23, 43, 58] ;;; release; dynamic_ecosystems-neoforge-26.1_1.61.0.jar
[2026, 9, 27, 23, 43, 58] ;;; release; dynamic_ecosystems-neoforge-26.2_1.61.0.jar
[2026, 9, 27, 23, 43, 58] ;;; release; dynamic_ecosystems-neoforge-26.3_1.61.0.jar
[2026, 9, 27, 23, 43, 58] ;;; release; dynamic_monsters-fabric-1.21.8_1.61.0.jar
[2026, 9, 27, 23, 43, 58] ;;; release; dynamic_monsters-fabric-1.21.9_1.61.0.jar
[2026, 9, 27, 23, 43, 58] ;;; release; dynamic_monsters-fabric-26.1_1.61.0.jar
[2026, 9, 27, 23, 43, 58] ;;; release; dynamic_monsters-fabric-26.2_1.61.0.jar
[2026, 9, 27, 23, 43, 58] ;;; release; dynamic_monsters-fabric-26.3_1.61.0.jar
[2026, 9, 27, 23, 43, 58] ;;; release; dynamic_monsters-forge-1.19.4_1.61.0.jar
[2026, 9, 27, 23, 43, 58] ;;; release; dynamic_monsters-forge-1.20.1_1.61.0.jar
[2026, 9, 27, 23, 43, 58] ;;; release; dynamic_monsters-neoforge-1.20.4_1.61.0.jar
[2026, 9, 27, 23, 43, 58] ;;; release; dynamic_monsters-neoforge-1.20.6_1.61.0.jar
[2026, 9, 27, 23, 43, 58] ;;; release; dynamic_monsters-neoforge-1.21.1_1.61.0.jar
[2026, 9, 27, 23, 43, 58] ;;; release; dynamic_monsters-neoforge-1.21.2_1.61.0.jar
[2026, 9, 27, 23, 43, 58] ;;; release; dynamic_monsters-neoforge-1.21.4_1.61.0.jar
[2026, 9, 27, 23, 43, 58] ;;; release; dynamic_monsters-neoforge-1.21.5_1.61.0.jar
[2026, 9, 27, 23, 43, 58] ;;; release; dynamic_monsters-neoforge-1.21.8_1.61.0.jar
[2026, 9, 27, 23, 43, 58] ;;; release; dynamic_monsters-neoforge-26.1_1.61.0.jar
[2026, 9, 27, 23, 43, 58] ;;; release; dynamic_monsters-neoforge-26.2_1.61.0.jar
[2026, 9, 27, 23, 43, 58] ;;; release; dynamic_monsters-neoforge-26.3_1.61.0.jar
[2026, 9, 27, 23, 43, 58] ;;; release; enhanced_survival-fabric-26.3_1.61.0.jar
[2026, 9, 27, 23, 43, 58] ;;; release; enhanced_survival-neoforge-26.3_1.61.0.jar
[2026, 9, 27, 23, 43, 58] ;;; release; ghosts_and_ghouls-fabric-1.21.8_1.61.0.jar
[2026, 9, 27, 23, 43, 58] ;;; release; ghosts_and_ghouls-fabric-1.21.9_1.61.0.jar
[2026, 9, 27, 23, 43, 58] ;;; release; ghosts_and_ghouls-fabric-26.1_1.61.0.jar
[2026, 9, 27, 23, 43, 58] ;;; release; ghosts_and_ghouls-fabric-26.2_1.61.0.jar
[2026, 9, 27, 23, 43, 58] ;;; release; ghosts_and_ghouls-fabric-26.3_1.61.0.jar
[2026, 9, 27, 23, 43, 58] ;;; release; ghosts_and_ghouls-forge-1.19.4_1.61.0.jar
[2026, 9, 27, 23, 43, 58] ;;; release; ghosts_and_ghouls-forge-1.20.1_1.61.0.jar
[2026, 9, 27, 23, 43, 58] ;;; release; ghosts_and_ghouls-neoforge-1.20.4_1.61.0.jar
[2026, 9, 27, 23, 43, 58] ;;; release; ghosts_and_ghouls-neoforge-1.20.6_1.61.0.jar
[2026, 9, 27, 23, 43, 58] ;;; release; ghosts_and_ghouls-neoforge-1.21.1_1.61.0.jar
[2026, 9, 27, 23, 43, 58] ;;; release; ghosts_and_ghouls-neoforge-1.21.2_1.61.0.jar
[2026, 9, 27, 23, 43, 58] ;;; release; ghosts_and_ghouls-neoforge-1.21.4_1.61.0.jar
[2026, 9, 27, 23, 43, 58] ;;; release; ghosts_and_ghouls-neoforge-1.21.5_1.61.0.jar
[2026, 9, 27, 23, 43, 58] ;;; release; ghosts_and_ghouls-neoforge-1.21.8_1.61.0.jar
[2026, 9, 27, 23, 43, 58] ;;; release; ghosts_and_ghouls-neoforge-26.1_1.61.0.jar
[2026, 9, 27, 23, 43, 58] ;;; release; ghosts_and_ghouls-neoforge-26.2_1.61.0.jar
[2026, 9, 27, 23, 43, 58] ;;; release; ghosts_and_ghouls-neoforge-26.3_1.61.0.jar
[2026, 9, 27, 23, 43, 58] ;;; release; gothic_horror-fabric-1.21.8_1.61.0.jar
[2026, 9, 27, 23, 43, 58] ;;; release; gothic_horror-fabric-1.21.9_1.61.0.jar
[2026, 9, 27, 23, 43, 58] ;;; release; gothic_horror-fabric-26.1_1.61.0.jar
[2026, 9, 27, 23, 43, 58] ;;; release; gothic_horror-fabric-26.2_1.61.0.jar
[2026, 9, 27, 23, 43, 58] ;;; release; gothic_horror-fabric-26.3_1.61.0.jar
[2026, 9, 27, 23, 43, 58] ;;; release; gothic_horror-forge-1.19.4_1.61.0.jar
[2026, 9, 27, 23, 43, 58] ;;; release; gothic_horror-forge-1.20.1_1.61.0.jar
[2026, 9, 27, 23, 43, 58] ;;; release; gothic_horror-neoforge-1.20.4_1.61.0.jar
[2026, 9, 27, 23, 43, 58] ;;; release; gothic_horror-neoforge-1.20.6_1.61.0.jar
[2026, 9, 27, 23, 43, 58] ;;; release; gothic_horror-neoforge-1.21.1_1.61.0.jar
[2026, 9, 27, 23, 43, 58] ;;; release; gothic_horror-neoforge-1.21.2_1.61.0.jar
[2026, 9, 27, 23, 43, 58] ;;; release; gothic_horror-neoforge-1.21.4_1.61.0.jar
[2026, 9, 27, 23, 43, 58] ;;; release; gothic_horror-neoforge-1.21.5_1.61.0.jar
[2026, 9, 27, 23, 43, 58] ;;; release; gothic_horror-neoforge-1.21.8_1.61.0.jar
[2026, 9, 27, 23, 43, 58] ;;; release; gothic_horror-neoforge-26.1_1.61.0.jar
[2026, 9, 27, 23, 43, 58] ;;; release; gothic_horror-neoforge-26.2_1.61.0.jar
[2026, 9, 27, 23, 43, 58] ;;; release; gothic_horror-neoforge-26.3_1.61.0.jar
[2026, 9, 27, 23, 43, 58] ;;; release; gstools-fabric-1.21.8_1.61.0.jar
[2026, 9, 27, 23, 43, 58] ;;; release; gstools-fabric-1.21.9_1.61.0.jar
[2026, 9, 27, 23, 43, 58] ;;; release; gstools-fabric-26.1_1.61.0.jar
[2026, 9, 27, 23, 43, 58] ;;; release; gstools-fabric-26.2_1.61.0.jar
[2026, 9, 27, 23, 43, 58] ;;; release; gstools-fabric-26.3_1.61.0.jar
[2026, 9, 27, 23, 43, 58] ;;; release; gstools-forge-1.19.4_1.61.0.jar
[2026, 9, 27, 23, 43, 58] ;;; release; gstools-forge-1.20.1_1.61.0.jar
[2026, 9, 27, 23, 43, 58] ;;; release; gstools-neoforge-1.20.4_1.61.0.jar
[2026, 9, 27, 23, 43, 58] ;;; release; gstools-neoforge-1.20.6_1.61.0.jar
[2026, 9, 27, 23, 43, 58] ;;; release; gstools-neoforge-1.21.1_1.61.0.jar
[2026, 9, 27, 23, 43, 58] ;;; release; gstools-neoforge-1.21.2_1.61.0.jar
[2026, 9, 27, 23, 43, 58] ;;; release; gstools-neoforge-1.21.4_1.61.0.jar
[2026, 9, 27, 23, 43, 58] ;;; release; gstools-neoforge-1.21.5_1.61.0.jar
[2026, 9, 27, 23, 43, 58] ;;; release; gstools-neoforge-1.21.8_1.61.0.jar
[2026, 9, 27, 23, 43, 58] ;;; release; gstools-neoforge-26.1_1.61.0.jar
[2026, 9, 27, 23, 43, 58] ;;; release; gstools-neoforge-26.2_1.61.0.jar
[2026, 9, 27, 23, 43, 58] ;;; release; gstools-neoforge-26.3_1.61.0.jar
[2026, 9, 27, 23, 43, 58] ;;; release; life_and_death-fabric-1.21.8_1.61.0.jar
[2026, 9, 27, 23, 43, 58] ;;; release; life_and_death-fabric-1.21.9_1.61.0.jar
[2026, 9, 27, 23, 43, 58] ;;; release; life_and_death-fabric-26.1_1.61.0.jar
[2026, 9, 27, 23, 43, 58] ;;; release; life_and_death-fabric-26.2_1.61.0.jar
[2026, 9, 27, 23, 43, 58] ;;; release; life_and_death-fabric-26.3_1.61.0.jar
[2026, 9, 27, 23, 43, 58] ;;; release; life_and_death-forge-1.19.4_1.61.0.jar
[2026, 9, 27, 23, 43, 58] ;;; release; life_and_death-forge-1.20.1_1.61.0.jar
[2026, 9, 27, 23, 43, 58] ;;; release; life_and_death-neoforge-1.20.4_1.61.0.jar
[2026, 9, 27, 23, 43, 58] ;;; release; life_and_death-neoforge-1.20.6_1.61.0.jar
[2026, 9, 27, 23, 43, 58] ;;; release; life_and_death-neoforge-1.21.1_1.61.0.jar
[2026, 9, 27, 23, 43, 58] ;;; release; life_and_death-neoforge-1.21.2_1.61.0.jar
[2026, 9, 27, 23, 43, 58] ;;; release; life_and_death-neoforge-1.21.4_1.61.0.jar
[2026, 9, 27, 23, 43, 58] ;;; release; life_and_death-neoforge-1.21.5_1.61.0.jar
[2026, 9, 27, 23, 43, 58] ;;; release; life_and_death-neoforge-1.21.8_1.61.0.jar
[2026, 9, 27, 23, 43, 58] ;;; release; life_and_death-neoforge-26.1_1.61.0.jar
[2026, 9, 27, 23, 43, 58] ;;; release; life_and_death-neoforge-26.2_1.61.0.jar
[2026, 9, 27, 23, 43, 58] ;;; release; life_and_death-neoforge-26.3_1.61.0.jar
[2026, 9, 27, 23, 43, 58] ;;; release; undead_expanded-fabric-1.21.8_1.61.0.jar
[2026, 9, 27, 23, 43, 58] ;;; release; undead_expanded-fabric-1.21.9_1.61.0.jar
[2026, 9, 27, 23, 43, 58] ;;; release; undead_expanded-fabric-26.1_1.61.0.jar
[2026, 9, 27, 23, 43, 58] ;;; release; undead_expanded-fabric-26.2_1.61.0.jar
[2026, 9, 27, 23, 43, 58] ;;; release; undead_expanded-fabric-26.3_1.61.0.jar
[2026, 9, 27, 23, 43, 58] ;;; release; undead_expanded-forge-1.19.4_1.61.0.jar
[2026, 9, 27, 23, 43, 58] ;;; release; undead_expanded-forge-1.20.1_1.61.0.jar
[2026, 9, 27, 23, 43, 58] ;;; release; undead_expanded-neoforge-1.20.4_1.61.0.jar
[2026, 9, 27, 23, 43, 58] ;;; release; undead_expanded-neoforge-1.20.6_1.61.0.jar
[2026, 9, 27, 23, 43, 58] ;;; release; undead_expanded-neoforge-1.21.1_1.61.0.jar
[2026, 9, 27, 23, 43, 58] ;;; release; undead_expanded-neoforge-1.21.2_1.61.0.jar
[2026, 9, 27, 23, 43, 58] ;;; release; undead_expanded-neoforge-1.21.4_1.61.0.jar
[2026, 9, 27, 23, 43, 58] ;;; release; undead_expanded-neoforge-1.21.5_1.61.0.jar
[2026, 9, 27, 23, 43, 58] ;;; release; undead_expanded-neoforge-1.21.8_1.61.0.jar
[2026, 9, 27, 23, 43, 58] ;;; release; undead_expanded-neoforge-26.1_1.61.0.jar
[2026, 9, 27, 23, 43, 58] ;;; release; undead_expanded-neoforge-26.2_1.61.0.jar
[2026, 9, 27, 23, 43, 58] ;;; release; undead_expanded-neoforge-26.3_1.61.0.jar
[2026, 9, 27, 23, 43, 58] ;;; release; block_decay-fabric-1.21.10_1.61.0.jar
[2026, 9, 27, 23, 43, 58] ;;; release; block_decay-fabric-1.21.11_1.61.0.jar
[2026, 9, 27, 23, 43, 58] ;;; release; block_decay-fabric-1.21.8_1.61.0.jar
[2026, 9, 27, 23, 43, 58] ;;; release; block_decay-fabric-1.21.9_1.61.0.jar
[2026, 9, 27, 23, 43, 58] ;;; release; block_decay-fabric-26.1_1.61.0.jar
[2026, 9, 27, 23, 43, 58] ;;; release; block_decay-fabric-26.2_1.61.0.jar
[2026, 9, 27, 23, 43, 58] ;;; release; block_decay-fabric-26.3_1.61.0.jar
[2026, 9, 27, 23, 43, 58] ;;; release; block_decay-forge-1.19.4_1.61.0.jar
[2026, 9, 27, 23, 43, 58] ;;; release; block_decay-forge-1.20.1_1.61.0.jar
[2026, 9, 27, 23, 43, 58] ;;; release; block_decay-neoforge-1.20.4_1.61.0.jar
[2026, 9, 27, 23, 43, 58] ;;; release; block_decay-neoforge-1.20.6_1.61.0.jar
[2026, 9, 27, 23, 43, 58] ;;; release; block_decay-neoforge-1.21.10_1.61.0.jar
[2026, 9, 27, 23, 43, 58] ;;; release; block_decay-neoforge-1.21.11_1.61.0.jar
[2026, 9, 27, 23, 43, 58] ;;; release; block_decay-neoforge-1.21.1_1.61.0.jar
[2026, 9, 27, 23, 43, 58] ;;; release; block_decay-neoforge-1.21.2_1.61.0.jar
[2026, 9, 27, 23, 43, 58] ;;; release; block_decay-neoforge-1.21.4_1.61.0.jar
[2026, 9, 27, 23, 43, 58] ;;; release; block_decay-neoforge-1.21.5_1.61.0.jar
[2026, 9, 27, 23, 43, 58] ;;; release; block_decay-neoforge-1.21.8_1.61.0.jar
[2026, 9, 27, 23, 43, 58] ;;; release; block_decay-neoforge-1.21.9_1.61.0.jar
[2026, 9, 27, 23, 43, 58] ;;; release; block_decay-neoforge-1.21_1.61.0.jar
[2026, 9, 27, 23, 43, 58] ;;; release; block_decay-neoforge-26.1_1.61.0.jar
[2026, 9, 27, 23, 43, 58] ;;; release; block_decay-neoforge-26.2_1.61.0.jar
[2026, 9, 27, 23, 43, 58] ;;; release; block_decay-neoforge-26.3_1.61.0.jar
[2026, 9, 27, 23, 43, 58] ;;; release; desire_paths-fabric-1.21.8_1.61.0.jar
[2026, 9, 27, 23, 43, 58] ;;; release; desire_paths-fabric-1.21.9_1.61.0.jar
[2026, 9, 27, 23, 43, 58] ;;; release; desire_paths-fabric-26.1_1.61.0.jar
[2026, 9, 27, 23, 43, 58] ;;; release; desire_paths-fabric-26.2_1.61.0.jar
[2026, 9, 27, 23, 43, 58] ;;; release; desire_paths-fabric-26.3_1.61.0.jar
[2026, 9, 27, 23, 43, 58] ;;; release; desire_paths-forge-1.19.4_1.61.0.jar
[2026, 9, 27, 23, 43, 58] ;;; release; desire_paths-forge-1.20.1_1.61.0.jar
[2026, 9, 27, 23, 43, 58] ;;; release; desire_paths-neoforge-1.20.4_1.61.0.jar
[2026, 9, 27, 23, 43, 58] ;;; release; desire_paths-neoforge-1.20.6_1.61.0.jar
[2026, 9, 27, 23, 43, 58] ;;; release; desire_paths-neoforge-1.21.1_1.61.0.jar
[2026, 9, 27, 23, 43, 58] ;;; release; desire_paths-neoforge-1.21.2_1.61.0.jar
[2026, 9, 27, 23, 43, 58] ;;; release; desire_paths-neoforge-1.21.4_1.61.0.jar
[2026, 9, 27, 23, 43, 58] ;;; release; desire_paths-neoforge-1.21.5_1.61.0.jar
[2026, 9, 27, 23, 43, 58] ;;; release; desire_paths-neoforge-1.21.8_1.61.0.jar
[2026, 9, 27, 23, 43, 58] ;;; release; desire_paths-neoforge-26.1_1.61.0.jar
[2026, 9, 27, 23, 43, 58] ;;; release; desire_paths-neoforge-26.2_1.61.0.jar
[2026, 9, 27, 23, 43, 58] ;;; release; desire_paths-neoforge-26.3_1.61.0.jar
[2026, 9, 27, 23, 43, 58] ;;; release; dynamic_dirt-fabric-1.21.8_1.61.0.jar
[2026, 9, 27, 23, 43, 58] ;;; release; dynamic_dirt-fabric-1.21.9_1.61.0.jar
[2026, 9, 27, 23, 43, 58] ;;; release; dynamic_dirt-fabric-26.1_1.61.0.jar
[2026, 9, 27, 23, 43, 58] ;;; release; dynamic_dirt-fabric-26.2_1.61.0.jar
[2026, 9, 27, 23, 43, 58] ;;; release; dynamic_dirt-fabric-26.3_1.61.0.jar
[2026, 9, 27, 23, 43, 58] ;;; release; dynamic_dirt-forge-1.19.4_1.61.0.jar
[2026, 9, 27, 23, 43, 58] ;;; release; dynamic_dirt-forge-1.20.1_1.61.0.jar
[2026, 9, 27, 23, 43, 58] ;;; release; dynamic_dirt-neoforge-1.20.4_1.61.0.jar
[2026, 9, 27, 23, 43, 58] ;;; release; dynamic_dirt-neoforge-1.20.6_1.61.0.jar
[2026, 9, 27, 23, 43, 58] ;;; release; dynamic_dirt-neoforge-1.21.1_1.61.0.jar
[2026, 9, 27, 23, 43, 58] ;;; release; dynamic_dirt-neoforge-1.21.2_1.61.0.jar
[2026, 9, 27, 23, 43, 58] ;;; release; dynamic_dirt-neoforge-1.21.4_1.61.0.jar
[2026, 9, 27, 23, 43, 58] ;;; release; dynamic_dirt-neoforge-1.21.5_1.61.0.jar
[2026, 9, 27, 23, 43, 58] ;;; release; dynamic_dirt-neoforge-1.21.8_1.61.0.jar
[2026, 9, 27, 23, 43, 59] ;;; release; dynamic_dirt-neoforge-26.1_1.61.0.jar
[2026, 9, 27, 23, 43, 59] ;;; release; dynamic_dirt-neoforge-26.2_1.61.0.jar
[2026, 9, 27, 23, 43, 59] ;;; release; dynamic_dirt-neoforge-26.3_1.61.0.jar
[2026, 9, 27, 23, 43, 59] ;;; release; dynamic_ecosystems-fabric-1.21.8_1.61.0.jar
[2026, 9, 27, 23, 43, 59] ;;; release; dynamic_ecosystems-fabric-1.21.9_1.61.0.jar
[2026, 9, 27, 23, 43, 59] ;;; release; dynamic_ecosystems-fabric-26.1_1.61.0.jar
[2026, 9, 27, 23, 43, 59] ;;; release; dynamic_ecosystems-fabric-26.2_1.61.0.jar
[2026, 9, 27, 23, 43, 59] ;;; release; dynamic_ecosystems-fabric-26.3_1.61.0.jar
[2026, 9, 27, 23, 43, 59] ;;; release; dynamic_ecosystems-forge-1.19.4_1.61.0.jar
[2026, 9, 27, 23, 43, 59] ;;; release; dynamic_ecosystems-forge-1.20.1_1.61.0.jar
[2026, 9, 27, 23, 43, 59] ;;; release; dynamic_ecosystems-neoforge-1.20.4_1.61.0.jar
[2026, 9, 27, 23, 43, 59] ;;; release; dynamic_ecosystems-neoforge-1.20.6_1.61.0.jar
[2026, 9, 27, 23, 43, 59] ;;; release; dynamic_ecosystems-neoforge-1.21.1_1.61.0.jar
[2026, 9, 27, 23, 43, 59] ;;; release; dynamic_ecosystems-neoforge-1.21.2_1.61.0.jar
[2026, 9, 27, 23, 43, 59] ;;; release; dynamic_ecosystems-neoforge-1.21.4_1.61.0.jar
[2026, 9, 27, 23, 43, 59] ;;; release; dynamic_ecosystems-neoforge-1.21.5_1.61.0.jar
[2026, 9, 27, 23, 43, 59] ;;; release; dynamic_ecosystems-neoforge-1.21.8_1.61.0.jar
[2026, 9, 27, 23, 43, 59] ;;; release; dynamic_ecosystems-neoforge-26.1_1.61.0.jar
[2026, 9, 27, 23, 43, 59] ;;; release; dynamic_ecosystems-neoforge-26.2_1.61.0.jar
[2026, 9, 27, 23, 43, 59] ;;; release; dynamic_ecosystems-neoforge-26.3_1.61.0.jar
[2026, 9, 27, 23, 43, 59] ;;; release; dynamic_monsters-fabric-1.21.8_1.61.0.jar
[2026, 9, 27, 23, 43, 59] ;;; release; dynamic_monsters-fabric-1.21.9_1.61.0.jar
[2026, 9, 27, 23, 43, 59] ;;; release; dynamic_monsters-fabric-26.1_1.61.0.jar
[2026, 9, 27, 23, 43, 59] ;;; release; dynamic_monsters-fabric-26.2_1.61.0.jar
[2026, 9, 27, 23, 43, 59] ;;; release; dynamic_monsters-fabric-26.3_1.61.0.jar
[2026, 9, 27, 23, 43, 59] ;;; release; dynamic_monsters-forge-1.19.4_1.61.0.jar
[2026, 9, 27, 23, 43, 59] ;;; release; dynamic_monsters-forge-1.20.1_1.61.0.jar
[2026, 9, 27, 23, 43, 59] ;;; release; dynamic_monsters-neoforge-1.20.4_1.61.0.jar
[2026, 9, 27, 23, 43, 59] ;;; release; dynamic_monsters-neoforge-1.20.6_1.61.0.jar
[2026, 9, 27, 23, 43, 59] ;;; release; dynamic_monsters-neoforge-1.21.1_1.61.0.jar
[2026, 9, 27, 23, 43, 59] ;;; release; dynamic_monsters-neoforge-1.21.2_1.61.0.jar
[2026, 9, 27, 23, 43, 59] ;;; release; dynamic_monsters-neoforge-1.21.4_1.61.0.jar
[2026, 9, 27, 23, 43, 59] ;;; release; dynamic_monsters-neoforge-1.21.5_1.61.0.jar
[2026, 9, 27, 23, 43, 59] ;;; release; dynamic_monsters-neoforge-1.21.8_1.61.0.jar
[2026, 9, 27, 23, 43, 59] ;;; release; dynamic_monsters-neoforge-26.1_1.61.0.jar
[2026, 9, 27, 23, 43, 59] ;;; release; dynamic_monsters-neoforge-26.2_1.61.0.jar
[2026, 9, 27, 23, 43, 59] ;;; release; dynamic_monsters-neoforge-26.3_1.61.0.jar
[2026, 9, 27, 23, 43, 59] ;;; release; enhanced_survival-fabric-26.3_1.61.0.jar
[2026, 9, 27, 23, 43, 59] ;;; release; enhanced_survival-neoforge-26.3_1.61.0.jar
[2026, 9, 27, 23, 43, 59] ;;; release; ghosts_and_ghouls-fabric-1.21.8_1.61.0.jar
[2026, 9, 27, 23, 43, 59] ;;; release; ghosts_and_ghouls-fabric-1.21.9_1.61.0.jar
[2026, 9, 27, 23, 43, 59] ;;; release; ghosts_and_ghouls-fabric-26.1_1.61.0.jar
[2026, 9, 27, 23, 43, 59] ;;; release; ghosts_and_ghouls-fabric-26.2_1.61.0.jar
[2026, 9, 27, 23, 43, 59] ;;; release; ghosts_and_ghouls-fabric-26.3_1.61.0.jar
[2026, 9, 27, 23, 43, 59] ;;; release; ghosts_and_ghouls-forge-1.19.4_1.61.0.jar
[2026, 9, 27, 23, 43, 59] ;;; release; ghosts_and_ghouls-forge-1.20.1_1.61.0.jar
[2026, 9, 27, 23, 43, 59] ;;; release; ghosts_and_ghouls-neoforge-1.20.4_1.61.0.jar
[2026, 9, 27, 23, 43, 59] ;;; release; ghosts_and_ghouls-neoforge-1.20.6_1.61.0.jar
[2026, 9, 27, 23, 43, 59] ;;; release; ghosts_and_ghouls-neoforge-1.21.1_1.61.0.jar
[2026, 9, 27, 23, 43, 59] ;;; release; ghosts_and_ghouls-neoforge-1.21.2_1.61.0.jar
[2026, 9, 27, 23, 43, 59] ;;; release; ghosts_and_ghouls-neoforge-1.21.4_1.61.0.jar
[2026, 9, 27, 23, 43, 59] ;;; release; ghosts_and_ghouls-neoforge-1.21.5_1.61.0.jar
[2026, 9, 27, 23, 43, 59] ;;; release; ghosts_and_ghouls-neoforge-1.21.8_1.61.0.jar
[2026, 9, 27, 23, 43, 59] ;;; release; ghosts_and_ghouls-neoforge-26.1_1.61.0.jar
[2026, 9, 27, 23, 43, 59] ;;; release; ghosts_and_ghouls-neoforge-26.2_1.61.0.jar
[2026, 9, 27, 23, 43, 59] ;;; release; ghosts_and_ghouls-neoforge-26.3_1.61.0.jar
[2026, 9, 27, 23, 43, 59] ;;; release; gothic_horror-fabric-1.21.8_1.61.0.jar
[2026, 9, 27, 23, 43, 59] ;;; release; gothic_horror-fabric-1.21.9_1.61.0.jar
[2026, 9, 27, 23, 43, 59] ;;; release; gothic_horror-fabric-26.1_1.61.0.jar
[2026, 9, 27, 23, 43, 59] ;;; release; gothic_horror-fabric-26.2_1.61.0.jar
[2026, 9, 27, 23, 43, 59] ;;; release; gothic_horror-fabric-26.3_1.61.0.jar
[2026, 9, 27, 23, 43, 59] ;;; release; gothic_horror-forge-1.19.4_1.61.0.jar
[2026, 9, 27, 23, 43, 59] ;;; release; gothic_horror-forge-1.20.1_1.61.0.jar
[2026, 9, 27, 23, 43, 59] ;;; release; gothic_horror-neoforge-1.20.4_1.61.0.jar
[2026, 9, 27, 23, 43, 59] ;;; release; gothic_horror-neoforge-1.20.6_1.61.0.jar
[2026, 9, 27, 23, 43, 59] ;;; release; gothic_horror-neoforge-1.21.1_1.61.0.jar
[2026, 9, 27, 23, 43, 59] ;;; release; gothic_horror-neoforge-1.21.2_1.61.0.jar
[2026, 9, 27, 23, 43, 59] ;;; release; gothic_horror-neoforge-1.21.4_1.61.0.jar
[2026, 9, 27, 23, 43, 59] ;;; release; gothic_horror-neoforge-1.21.5_1.61.0.jar
[2026, 9, 27, 23, 43, 59] ;;; release; gothic_horror-neoforge-1.21.8_1.61.0.jar
[2026, 9, 27, 23, 43, 59] ;;; release; gothic_horror-neoforge-26.1_1.61.0.jar
[2026, 9, 27, 23, 43, 59] ;;; release; gothic_horror-neoforge-26.2_1.61.0.jar
[2026, 9, 27, 23, 43, 59] ;;; release; gothic_horror-neoforge-26.3_1.61.0.jar
[2026, 9, 27, 23, 43, 59] ;;; release; gstools-fabric-1.21.8_1.61.0.jar
[2026, 9, 27, 23, 43, 59] ;;; release; gstools-fabric-1.21.9_1.61.0.jar
[2026, 9, 27, 23, 43, 59] ;;; release; gstools-fabric-26.1_1.61.0.jar
[2026, 9, 27, 23, 43, 59] ;;; release; gstools-fabric-26.2_1.61.0.jar
[2026, 9, 27, 23, 43, 59] ;;; release; gstools-fabric-26.3_1.61.0.jar
[2026, 9, 27, 23, 43, 59] ;;; release; gstools-forge-1.19.4_1.61.0.jar
[2026, 9, 27, 23, 43, 59] ;;; release; gstools-forge-1.20.1_1.61.0.jar
[2026, 9, 27, 23, 43, 59] ;;; release; gstools-neoforge-1.20.4_1.61.0.jar
[2026, 9, 27, 23, 43, 59] ;;; release; gstools-neoforge-1.20.6_1.61.0.jar
[2026, 9, 27, 23, 43, 59] ;;; release; gstools-neoforge-1.21.1_1.61.0.jar
[2026, 9, 27, 23, 43, 59] ;;; release; gstools-neoforge-1.21.2_1.61.0.jar
[2026, 9, 27, 23, 43, 59] ;;; release; gstools-neoforge-1.21.4_1.61.0.jar
[2026, 9, 27, 23, 43, 59] ;;; release; gstools-neoforge-1.21.5_1.61.0.jar
[2026, 9, 27, 23, 43, 59] ;;; release; gstools-neoforge-1.21.8_1.61.0.jar
[2026, 9, 27, 23, 43, 59] ;;; release; gstools-neoforge-26.1_1.61.0.jar
[2026, 9, 27, 23, 43, 59] ;;; release; gstools-neoforge-26.2_1.61.0.jar
[2026, 9, 27, 23, 43, 59] ;;; release; gstools-neoforge-26.3_1.61.0.jar
[2026, 9, 27, 23, 43, 59] ;;; release; life_and_death-fabric-1.21.8_1.61.0.jar
[2026, 9, 27, 23, 43, 59] ;;; release; life_and_death-fabric-1.21.9_1.61.0.jar
[2026, 9, 27, 23, 43, 59] ;;; release; life_and_death-fabric-26.1_1.61.0.jar
[2026, 9, 27, 23, 43, 59] ;;; release; life_and_death-fabric-26.2_1.61.0.jar
[2026, 9, 27, 23, 43, 59] ;;; release; life_and_death-fabric-26.3_1.61.0.jar
[2026, 9, 27, 23, 43, 59] ;;; release; life_and_death-forge-1.19.4_1.61.0.jar
[2026, 9, 27, 23, 43, 59] ;;; release; life_and_death-forge-1.20.1_1.61.0.jar
[2026, 9, 27, 23, 43, 59] ;;; release; life_and_death-neoforge-1.20.4_1.61.0.jar
[2026, 9, 27, 23, 43, 59] ;;; release; life_and_death-neoforge-1.20.6_1.61.0.jar
[2026, 9, 27, 23, 43, 59] ;;; release; life_and_death-neoforge-1.21.1_1.61.0.jar
[2026, 9, 27, 23, 43, 59] ;;; release; life_and_death-neoforge-1.21.2_1.61.0.jar
[2026, 9, 27, 23, 43, 59] ;;; release; life_and_death-neoforge-1.21.4_1.61.0.jar
[2026, 9, 27, 23, 43, 59] ;;; release; life_and_death-neoforge-1.21.5_1.61.0.jar
[2026, 9, 27, 23, 43, 59] ;;; release; life_and_death-neoforge-1.21.8_1.61.0.jar
[2026, 9, 27, 23, 43, 59] ;;; release; life_and_death-neoforge-26.1_1.61.0.jar
[2026, 9, 27, 23, 43, 59] ;;; release; life_and_death-neoforge-26.2_1.61.0.jar
[2026, 9, 27, 23, 43, 59] ;;; release; life_and_death-neoforge-26.3_1.61.0.jar
[2026, 9, 27, 23, 43, 59] ;;; release; undead_expanded-fabric-1.21.8_1.61.0.jar
[2026, 9, 27, 23, 43, 59] ;;; release; undead_expanded-fabric-1.21.9_1.61.0.jar
[2026, 9, 27, 23, 43, 59] ;;; release; undead_expanded-fabric-26.1_1.61.0.jar
[2026, 9, 27, 23, 43, 59] ;;; release; undead_expanded-fabric-26.2_1.61.0.jar
[2026, 9, 27, 23, 43, 59] ;;; release; undead_expanded-fabric-26.3_1.61.0.jar
[2026, 9, 27, 23, 43, 59] ;;; release; undead_expanded-forge-1.19.4_1.61.0.jar
[2026, 9, 27, 23, 43, 59] ;;; release; undead_expanded-forge-1.20.1_1.61.0.jar
[2026, 9, 27, 23, 43, 59] ;;; release; undead_expanded-neoforge-1.20.4_1.61.0.jar
[2026, 9, 27, 23, 43, 59] ;;; release; undead_expanded-neoforge-1.20.6_1.61.0.jar
[2026, 9, 27, 23, 43, 59] ;;; release; undead_expanded-neoforge-1.21.1_1.61.0.jar
[2026, 9, 27, 23, 43, 59] ;;; release; undead_expanded-neoforge-1.21.2_1.61.0.jar
[2026, 9, 27, 23, 43, 59] ;;; release; undead_expanded-neoforge-1.21.4_1.61.0.jar
[2026, 9, 27, 23, 43, 59] ;;; release; undead_expanded-neoforge-1.21.5_1.61.0.jar
[2026, 9, 27, 23, 43, 59] ;;; release; undead_expanded-neoforge-1.21.8_1.61.0.jar
[2026, 9, 27, 23, 43, 59] ;;; release; undead_expanded-neoforge-26.1_1.61.0.jar
[2026, 9, 27, 23, 43, 59] ;;; release; undead_expanded-neoforge-26.2_1.61.0.jar
[2026, 9, 27, 23, 43, 59] ;;; release; undead_expanded-neoforge-26.3_1.61.0.jar
[2026, 9, 27, 23, 43, 59] ;;; release; block_decay-fabric-1.21.10_1.61.0.jar
[2026, 9, 27, 23, 43, 59] ;;; release; block_decay-fabric-1.21.11_1.61.0.jar
[2026, 9, 27, 23, 43, 59] ;;; release; block_decay-fabric-1.21.8_1.61.0.jar
[2026, 9, 27, 23, 43, 59] ;;; release; block_decay-fabric-1.21.9_1.61.0.jar
[2026, 9, 27, 23, 43, 59] ;;; release; block_decay-fabric-26.1_1.61.0.jar
[2026, 9, 27, 23, 43, 59] ;;; release; block_decay-fabric-26.2_1.61.0.jar
[2026, 9, 27, 23, 43, 59] ;;; release; block_decay-fabric-26.3_1.61.0.jar
[2026, 9, 27, 23, 43, 59] ;;; release; block_decay-forge-1.19.4_1.61.0.jar
[2026, 9, 27, 23, 43, 59] ;;; release; block_decay-forge-1.20.1_1.61.0.jar
[2026, 9, 27, 23, 43, 59] ;;; release; block_decay-neoforge-1.20.4_1.61.0.jar
[2026, 9, 27, 23, 43, 59] ;;; release; block_decay-neoforge-1.20.6_1.61.0.jar
[2026, 9, 27, 23, 43, 59] ;;; release; block_decay-neoforge-1.21.10_1.61.0.jar
[2026, 9, 27, 23, 43, 59] ;;; release; block_decay-neoforge-1.21.11_1.61.0.jar
[2026, 9, 27, 23, 43, 59] ;;; release; block_decay-neoforge-1.21.1_1.61.0.jar
[2026, 9, 27, 23, 43, 59] ;;; release; block_decay-neoforge-1.21.2_1.61.0.jar
[2026, 9, 27, 23, 43, 59] ;;; release; block_decay-neoforge-1.21.4_1.61.0.jar
[2026, 9, 27, 23, 43, 59] ;;; release; block_decay-neoforge-1.21.5_1.61.0.jar
[2026, 9, 27, 23, 43, 59] ;;; release; block_decay-neoforge-1.21.8_1.61.0.jar
[2026, 9, 27, 23, 43, 59] ;;; release; block_decay-neoforge-1.21.9_1.61.0.jar
[2026, 9, 27, 23, 43, 59] ;;; release; block_decay-neoforge-1.21_1.61.0.jar
[2026, 9, 27, 23, 43, 59] ;;; release; block_decay-neoforge-26.1_1.61.0.jar
[2026, 9, 27, 23, 43, 59] ;;; release; block_decay-neoforge-26.2_1.61.0.jar
[2026, 9, 27, 23, 43, 59] ;;; release; block_decay-neoforge-26.3_1.61.0.jar
[2026, 9, 27, 23, 43, 59] ;;; release; desire_paths-fabric-1.21.8_1.61.0.jar
[2026, 9, 27, 23, 43, 59] ;;; release; desire_paths-fabric-1.21.9_1.61.0.jar
[2026, 9, 27, 23, 43, 59] ;;; release; desire_paths-fabric-26.1_1.61.0.jar
[2026, 9, 27, 23, 43, 59] ;;; release; desire_paths-fabric-26.2_1.61.0.jar
[2026, 9, 27, 23, 43, 59] ;;; release; desire_paths-fabric-26.3_1.61.0.jar
[2026, 9, 27, 23, 43, 59] ;;; release; desire_paths-forge-1.19.4_1.61.0.jar
[2026, 9, 27, 23, 43, 59] ;;; release; desire_paths-forge-1.20.1_1.61.0.jar
[2026, 9, 27, 23, 43, 59] ;;; release; desire_paths-neoforge-1.20.4_1.61.0.jar
[2026, 9, 27, 23, 43, 59] ;;; release; desire_paths-neoforge-1.20.6_1.61.0.jar
[2026, 9, 27, 23, 43, 59] ;;; release; desire_paths-neoforge-1.21.1_1.61.0.jar
[2026, 9, 27, 23, 43, 59] ;;; release; desire_paths-neoforge-1.21.2_1.61.0.jar
[2026, 9, 27, 23, 43, 59] ;;; release; desire_paths-neoforge-1.21.4_1.61.0.jar
[2026, 9, 27, 23, 43, 59] ;;; release; desire_paths-neoforge-1.21.5_1.61.0.jar
[2026, 9, 27, 23, 43, 59] ;;; release; desire_paths-neoforge-1.21.8_1.61.0.jar
[2026, 9, 27, 23, 43, 59] ;;; release; desire_paths-neoforge-26.1_1.61.0.jar
[2026, 9, 27, 23, 43, 59] ;;; release; desire_paths-neoforge-26.2_1.61.0.jar
[2026, 9, 27, 23, 43, 59] ;;; release; desire_paths-neoforge-26.3_1.61.0.jar
[2026, 9, 27, 23, 43, 59] ;;; release; dynamic_dirt-fabric-1.21.8_1.61.0.jar
[2026, 9, 27, 23, 43, 59] ;;; release; dynamic_dirt-fabric-1.21.9_1.61.0.jar
[2026, 9, 27, 23, 43, 59] ;;; release; dynamic_dirt-fabric-26.1_1.61.0.jar
[2026, 9, 27, 23, 43, 59] ;;; release; dynamic_dirt-fabric-26.2_1.61.0.jar
[2026, 9, 27, 23, 43, 59] ;;; release; dynamic_dirt-fabric-26.3_1.61.0.jar
[2026, 9, 27, 23, 43, 59] ;;; release; dynamic_dirt-forge-1.19.4_1.61.0.jar
[2026, 9, 27, 23, 43, 59] ;;; release; dynamic_dirt-forge-1.20.1_1.61.0.jar
[2026, 9, 27, 23, 43, 59] ;;; release; dynamic_dirt-neoforge-1.20.4_1.61.0.jar
[2026, 9, 27, 23, 43, 59] ;;; release; dynamic_dirt-neoforge-1.20.6_1.61.0.jar
[2026, 9, 27, 23, 43, 59] ;;; release; dynamic_dirt-neoforge-1.21.1_1.61.0.jar
[2026, 9, 27, 23, 43, 59] ;;; release; dynamic_dirt-neoforge-1.21.2_1.61.0.jar
[2026, 9, 27, 23, 43, 59] ;;; release; dynamic_dirt-neoforge-1.21.4_1.61.0.jar
[2026, 9, 27, 23, 43, 59] ;;; release; dynamic_dirt-neoforge-1.21.5_1.61.0.jar
[2026, 9, 27, 23, 43, 59] ;;; release; dynamic_dirt-neoforge-1.21.8_1.61.0.jar
[2026, 9, 27, 23, 43, 59] ;;; release; dynamic_dirt-neoforge-26.1_1.61.0.jar
[2026, 9, 27, 23, 43, 59] ;;; release; dynamic_dirt-neoforge-26.2_1.61.0.jar
[2026, 9, 27, 23, 43, 59] ;;; release; dynamic_dirt-neoforge-26.3_1.61.0.jar
[2026, 9, 27, 23, 43, 59] ;;; release; dynamic_ecosystems-fabric-1.21.8_1.61.0.jar
[2026, 9, 27, 23, 43, 59] ;;; release; dynamic_ecosystems-fabric-1.21.9_1.61.0.jar
[2026, 9, 27, 23, 43, 59] ;;; release; dynamic_ecosystems-fabric-26.1_1.61.0.jar
[2026, 9, 27, 23, 43, 59] ;;; release; dynamic_ecosystems-fabric-26.2_1.61.0.jar
[2026, 9, 27, 23, 43, 59] ;;; release; dynamic_ecosystems-fabric-26.3_1.61.0.jar
[2026, 9, 27, 23, 43, 59] ;;; release; dynamic_ecosystems-forge-1.19.4_1.61.0.jar
[2026, 9, 27, 23, 43, 59] ;;; release; dynamic_ecosystems-forge-1.20.1_1.61.0.jar
[2026, 9, 27, 23, 43, 59] ;;; release; dynamic_ecosystems-neoforge-1.20.4_1.61.0.jar
[2026, 9, 27, 23, 43, 59] ;;; release; dynamic_ecosystems-neoforge-1.20.6_1.61.0.jar
[2026, 9, 27, 23, 43, 59] ;;; release; dynamic_ecosystems-neoforge-1.21.1_1.61.0.jar
[2026, 9, 27, 23, 43, 59] ;;; release; dynamic_ecosystems-neoforge-1.21.2_1.61.0.jar
[2026, 9, 27, 23, 43, 59] ;;; release; dynamic_ecosystems-neoforge-1.21.4_1.61.0.jar
[2026, 9, 27, 23, 43, 59] ;;; release; dynamic_ecosystems-neoforge-1.21.5_1.61.0.jar
[2026, 9, 27, 23, 43, 59] ;;; release; dynamic_ecosystems-neoforge-1.21.8_1.61.0.jar
[2026, 9, 27, 23, 43, 59] ;;; release; dynamic_ecosystems-neoforge-26.1_1.61.0.jar
[2026, 9, 27, 23, 43, 59] ;;; release; dynamic_ecosystems-neoforge-26.2_1.61.0.jar
[2026, 9, 27, 23, 43, 59] ;;; release; dynamic_ecosystems-neoforge-26.3_1.61.0.jar
[2026, 9, 27, 23, 43, 59] ;;; release; dynamic_monsters-fabric-1.21.8_1.61.0.jar
[2026, 9, 27, 23, 43, 59] ;;; release; dynamic_monsters-fabric-1.21.9_1.61.0.jar
[2026, 9, 27, 23, 43, 59] ;;; release; dynamic_monsters-fabric-26.1_1.61.0.jar
[2026, 9, 27, 23, 43, 59] ;;; release; dynamic_monsters-fabric-26.2_1.61.0.jar
[2026, 9, 27, 23, 43, 59] ;;; release; dynamic_monsters-fabric-26.3_1.61.0.jar
[2026, 9, 27, 23, 43, 59] ;;; release; dynamic_monsters-forge-1.19.4_1.61.0.jar
[2026, 9, 27, 23, 43, 59] ;;; release; dynamic_monsters-forge-1.20.1_1.61.0.jar
[2026, 9, 27, 23, 43, 59] ;;; release; dynamic_monsters-neoforge-1.20.4_1.61.0.jar
[2026, 9, 27, 23, 43, 59] ;;; release; dynamic_monsters-neoforge-1.20.6_1.61.0.jar
[2026, 9, 27, 23, 43, 59] ;;; release; dynamic_monsters-neoforge-1.21.1_1.61.0.jar
[2026, 9, 27, 23, 43, 59] ;;; release; dynamic_monsters-neoforge-1.21.2_1.61.0.jar
[2026, 9, 27, 23, 43, 59] ;;; release; dynamic_monsters-neoforge-1.21.4_1.61.0.jar
[2026, 9, 27, 23, 43, 59] ;;; release; dynamic_monsters-neoforge-1.21.5_1.61.0.jar
[2026, 9, 27, 23, 43, 59] ;;; release; dynamic_monsters-neoforge-1.21.8_1.61.0.jar
[2026, 9, 27, 23, 43, 59] ;;; release; dynamic_monsters-neoforge-26.1_1.61.0.jar
[2026, 9, 27, 23, 43, 59] ;;; release; dynamic_monsters-neoforge-26.2_1.61.0.jar
[2026, 9, 27, 23, 43, 59] ;;; release; dynamic_monsters-neoforge-26.3_1.61.0.jar
[2026, 9, 27, 23, 43, 59] ;;; release; enhanced_survival-fabric-26.3_1.61.0.jar
[2026, 9, 27, 23, 43, 59] ;;; release; enhanced_survival-neoforge-26.3_1.61.0.jar
[2026, 9, 27, 23, 43, 59] ;;; release; ghosts_and_ghouls-fabric-1.21.8_1.61.0.jar
[2026, 9, 27, 23, 43, 59] ;;; release; ghosts_and_ghouls-fabric-1.21.9_1.61.0.jar
[2026, 9, 27, 23, 43, 59] ;;; release; ghosts_and_ghouls-fabric-26.1_1.61.0.jar
[2026, 9, 27, 23, 43, 59] ;;; release; ghosts_and_ghouls-fabric-26.2_1.61.0.jar
[2026, 9, 27, 23, 43, 59] ;;; release; ghosts_and_ghouls-fabric-26.3_1.61.0.jar
[2026, 9, 27, 23, 43, 59] ;;; release; ghosts_and_ghouls-forge-1.19.4_1.61.0.jar
[2026, 9, 27, 23, 43, 59] ;;; release; ghosts_and_ghouls-forge-1.20.1_1.61.0.jar
[2026, 9, 27, 23, 43, 59] ;;; release; ghosts_and_ghouls-neoforge-1.20.4_1.61.0.jar
[2026, 9, 27, 23, 43, 59] ;;; release; ghosts_and_ghouls-neoforge-1.20.6_1.61.0.jar
[2026, 9, 27, 23, 43, 59] ;;; release; ghosts_and_ghouls-neoforge-1.21.1_1.61.0.jar
[2026, 9, 27, 23, 43, 59] ;;; release; ghosts_and_ghouls-neoforge-1.21.2_1.61.0.jar
[2026, 9, 27, 23, 43, 59] ;;; release; ghosts_and_ghouls-neoforge-1.21.4_1.61.0.jar
[2026, 9, 27, 23, 43, 59] ;;; release; ghosts_and_ghouls-neoforge-1.21.5_1.61.0.jar
[2026, 9, 27, 23, 43, 59] ;;; release; ghosts_and_ghouls-neoforge-1.21.8_1.61.0.jar
[2026, 9, 27, 23, 43, 59] ;;; release; ghosts_and_ghouls-neoforge-26.1_1.61.0.jar
[2026, 9, 27, 23, 43, 59] ;;; release; ghosts_and_ghouls-neoforge-26.2_1.61.0.jar
[2026, 9, 27, 23, 43, 59] ;;; release; ghosts_and_ghouls-neoforge-26.3_1.61.0.jar
[2026, 9, 27, 23, 43, 59] ;;; release; gothic_horror-fabric-1.21.8_1.61.0.jar
[2026, 9, 27, 23, 43, 59] ;;; release; gothic_horror-fabric-1.21.9_1.61.0.jar
[2026, 9, 27, 23, 43, 59] ;;; release; gothic_horror-fabric-26.1_1.61.0.jar
[2026, 9, 27, 23, 43, 59] ;;; release; gothic_horror-fabric-26.2_1.61.0.jar
[2026, 9, 27, 23, 43, 59] ;;; release; gothic_horror-fabric-26.3_1.61.0.jar
[2026, 9, 27, 23, 43, 59] ;;; release; gothic_horror-forge-1.19.4_1.61.0.jar
[2026, 9, 27, 23, 43, 59] ;;; release; gothic_horror-forge-1.20.1_1.61.0.jar
[2026, 9, 27, 23, 43, 59] ;;; release; gothic_horror-neoforge-1.20.4_1.61.0.jar
[2026, 9, 27, 23, 43, 59] ;;; release; gothic_horror-neoforge-1.20.6_1.61.0.jar
[2026, 9, 27, 23, 43, 59] ;;; release; gothic_horror-neoforge-1.21.1_1.61.0.jar
[2026, 9, 27, 23, 43, 59] ;;; release; gothic_horror-neoforge-1.21.2_1.61.0.jar
[2026, 9, 27, 23, 43, 59] ;;; release; gothic_horror-neoforge-1.21.4_1.61.0.jar
[2026, 9, 27, 23, 43, 59] ;;; release; gothic_horror-neoforge-1.21.5_1.61.0.jar
[2026, 9, 27, 23, 43, 59] ;;; release; gothic_horror-neoforge-1.21.8_1.61.0.jar
[2026, 9, 27, 23, 43, 59] ;;; release; gothic_horror-neoforge-26.1_1.61.0.jar
[2026, 9, 27, 23, 43, 59] ;;; release; gothic_horror-neoforge-26.2_1.61.0.jar
[2026, 9, 27, 23, 43, 59] ;;; release; gothic_horror-neoforge-26.3_1.61.0.jar
[2026, 9, 27, 23, 43, 59] ;;; release; gstools-fabric-1.21.8_1.61.0.jar
[2026, 9, 27, 23, 43, 59] ;;; release; gstools-fabric-1.21.9_1.61.0.jar
[2026, 9, 27, 23, 43, 59] ;;; release; gstools-fabric-26.1_1.61.0.jar
[2026, 9, 27, 23, 43, 59] ;;; release; gstools-fabric-26.2_1.61.0.jar
[2026, 9, 27, 23, 43, 59] ;;; release; gstools-fabric-26.3_1.61.0.jar
[2026, 9, 27, 23, 43, 59] ;;; release; gstools-forge-1.19.4_1.61.0.jar
[2026, 9, 27, 23, 43, 59] ;;; release; gstools-forge-1.20.1_1.61.0.jar
[2026, 9, 27, 23, 43, 59] ;;; release; gstools-neoforge-1.20.4_1.61.0.jar
[2026, 9, 27, 23, 43, 59] ;;; release; gstools-neoforge-1.20.6_1.61.0.jar
[2026, 9, 27, 23, 43, 59] ;;; release; gstools-neoforge-1.21.1_1.61.0.jar
[2026, 9, 27, 23, 43, 59] ;;; release; gstools-neoforge-1.21.2_1.61.0.jar
[2026, 9, 27, 23, 43, 59] ;;; release; gstools-neoforge-1.21.4_1.61.0.jar
[2026, 9, 27, 23, 43, 59] ;;; release; gstools-neoforge-1.21.5_1.61.0.jar
[2026, 9, 27, 23, 43, 59] ;;; release; gstools-neoforge-1.21.8_1.61.0.jar
[2026, 9, 27, 23, 43, 59] ;;; release; gstools-neoforge-26.1_1.61.0.jar
[2026, 9, 27, 23, 43, 59] ;;; release; gstools-neoforge-26.2_1.61.0.jar
[2026, 9, 27, 23, 43, 59] ;;; release; gstools-neoforge-26.3_1.61.0.jar
[2026, 9, 27, 23, 43, 59] ;;; release; life_and_death-fabric-1.21.8_1.61.0.jar
[2026, 9, 27, 23, 43, 59] ;;; release; life_and_death-fabric-1.21.9_1.61.0.jar
[2026, 9, 27, 23, 43, 59] ;;; release; life_and_death-fabric-26.1_1.61.0.jar
[2026, 9, 27, 23, 43, 59] ;;; release; life_and_death-fabric-26.2_1.61.0.jar
[2026, 9, 27, 23, 43, 59] ;;; release; life_and_death-fabric-26.3_1.61.0.jar
[2026, 9, 27, 23, 43, 59] ;;; release; life_and_death-forge-1.19.4_1.61.0.jar
[2026, 9, 27, 23, 43, 59] ;;; release; life_and_death-forge-1.20.1_1.61.0.jar
[2026, 9, 27, 23, 43, 59] ;;; release; life_and_death-neoforge-1.20.4_1.61.0.jar
[2026, 9, 27, 23, 43, 59] ;;; release; life_and_death-neoforge-1.20.6_1.61.0.jar
[2026, 9, 27, 23, 43, 59] ;;; release; life_and_death-neoforge-1.21.1_1.61.0.jar
[2026, 9, 27, 23, 43, 59] ;;; release; life_and_death-neoforge-1.21.2_1.61.0.jar
[2026, 9, 27, 23, 43, 59] ;;; release; life_and_death-neoforge-1.21.4_1.61.0.jar
[2026, 9, 27, 23, 43, 59] ;;; release; life_and_death-neoforge-1.21.5_1.61.0.jar
[2026, 9, 27, 23, 43, 59] ;;; release; life_and_death-neoforge-1.21.8_1.61.0.jar
[2026, 9, 27, 23, 43, 59] ;;; release; life_and_death-neoforge-26.1_1.61.0.jar
[2026, 9, 27, 23, 43, 59] ;;; release; life_and_death-neoforge-26.2_1.61.0.jar
[2026, 9, 27, 23, 43, 59] ;;; release; life_and_death-neoforge-26.3_1.61.0.jar
[2026, 9, 27, 23, 43, 59] ;;; release; undead_expanded-fabric-1.21.8_1.61.0.jar
[2026, 9, 27, 23, 43, 59] ;;; release; undead_expanded-fabric-1.21.9_1.61.0.jar
[2026, 9, 27, 23, 43, 59] ;;; release; undead_expanded-fabric-26.1_1.61.0.jar
[2026, 9, 27, 23, 43, 59] ;;; release; undead_expanded-fabric-26.2_1.61.0.jar
[2026, 9, 27, 23, 43, 59] ;;; release; undead_expanded-fabric-26.3_1.61.0.jar
[2026, 9, 27, 23, 43, 59] ;;; release; undead_expanded-forge-1.19.4_1.61.0.jar
[2026, 9, 27, 23, 43, 59] ;;; release; undead_expanded-forge-1.20.1_1.61.0.jar
[2026, 9, 27, 23, 43, 59] ;;; release; undead_expanded-neoforge-1.20.4_1.61.0.jar
[2026, 9, 27, 23, 43, 59] ;;; release; undead_expanded-neoforge-1.20.6_1.61.0.jar
[2026, 9, 27, 23, 43, 59] ;;; release; undead_expanded-neoforge-1.21.1_1.61.0.jar
[2026, 9, 27, 23, 43, 59] ;;; release; undead_expanded-neoforge-1.21.2_1.61.0.jar
[2026, 9, 27, 23, 43, 59] ;;; release; undead_expanded-neoforge-1.21.4_1.61.0.jar
[2026, 9, 27, 23, 43, 59] ;;; release; undead_expanded-neoforge-1.21.5_1.61.0.jar
[2026, 9, 27, 23, 43, 59] ;;; release; undead_expanded-neoforge-1.21.8_1.61.0.jar
[2026, 9, 27, 23, 43, 59] ;;; release; undead_expanded-neoforge-26.1_1.61.0.jar
[2026, 9, 27, 23, 43, 59] ;;; release; undead_expanded-neoforge-26.2_1.61.0.jar
[2026, 9, 27, 23, 43, 59] ;;; release; undead_expanded-neoforge-26.3_1.61.0.jar
[2026, 9, 27, 23, 43, 59] ;;; release; block_decay-fabric-1.21.10_1.61.0.jar
[2026, 9, 27, 23, 43, 59] ;;; release; block_decay-fabric-1.21.11_1.61.0.jar
[2026, 9, 27, 23, 43, 59] ;;; release; block_decay-fabric-1.21.8_1.61.0.jar
[2026, 9, 27, 23, 43, 59] ;;; release; block_decay-fabric-1.21.9_1.61.0.jar
[2026, 9, 27, 23, 43, 59] ;;; release; block_decay-fabric-26.1_1.61.0.jar
[2026, 9, 27, 23, 43, 59] ;;; release; block_decay-fabric-26.2_1.61.0.jar
[2026, 9, 27, 23, 43, 59] ;;; release; block_decay-fabric-26.3_1.61.0.jar
[2026, 9, 27, 23, 43, 59] ;;; release; block_decay-forge-1.19.4_1.61.0.jar
[2026, 9, 27, 23, 43, 59] ;;; release; block_decay-forge-1.20.1_1.61.0.jar
[2026, 9, 27, 23, 43, 59] ;;; release; block_decay-neoforge-1.20.4_1.61.0.jar
[2026, 9, 27, 23, 43, 59] ;;; release; block_decay-neoforge-1.20.6_1.61.0.jar
[2026, 9, 27, 23, 43, 59] ;;; release; block_decay-neoforge-1.21.10_1.61.0.jar
[2026, 9, 27, 23, 43, 59] ;;; release; block_decay-neoforge-1.21.11_1.61.0.jar
[2026, 9, 27, 23, 43, 59] ;;; release; block_decay-neoforge-1.21.1_1.61.0.jar
[2026, 9, 27, 23, 43, 59] ;;; release; block_decay-neoforge-1.21.2_1.61.0.jar
[2026, 9, 27, 23, 43, 59] ;;; release; block_decay-neoforge-1.21.4_1.61.0.jar
[2026, 9, 27, 23, 43, 59] ;;; release; block_decay-neoforge-1.21.5_1.61.0.jar
[2026, 9, 27, 23, 43, 59] ;;; release; block_decay-neoforge-1.21.8_1.61.0.jar
[2026, 9, 27, 23, 43, 59] ;;; release; block_decay-neoforge-1.21.9_1.61.0.jar
[2026, 9, 27, 23, 43, 59] ;;; release; block_decay-neoforge-1.21_1.61.0.jar
[2026, 9, 27, 23, 43, 59] ;;; release; block_decay-neoforge-26.1_1.61.0.jar
[2026, 9, 27, 23, 43, 59] ;;; release; block_decay-neoforge-26.2_1.61.0.jar
[2026, 9, 27, 23, 43, 59] ;;; release; block_decay-neoforge-26.3_1.61.0.jar
[2026, 9, 27, 23, 43, 59] ;;; release; desire_paths-fabric-1.21.8_1.61.0.jar
[2026, 9, 27, 23, 43, 59] ;;; release; desire_paths-fabric-1.21.9_1.61.0.jar
[2026, 9, 27, 23, 43, 59] ;;; release; desire_paths-fabric-26.1_1.61.0.jar
[2026, 9, 27, 23, 43, 59] ;;; release; desire_paths-fabric-26.2_1.61.0.jar
[2026, 9, 27, 23, 43, 59] ;;; release; desire_paths-fabric-26.3_1.61.0.jar
[2026, 9, 27, 23, 43, 59] ;;; release; desire_paths-forge-1.19.4_1.61.0.jar
[2026, 9, 27, 23, 43, 59] ;;; release; desire_paths-forge-1.20.1_1.61.0.jar
[2026, 9, 27, 23, 43, 59] ;;; release; desire_paths-neoforge-1.20.4_1.61.0.jar
[2026, 9, 27, 23, 43, 59] ;;; release; desire_paths-neoforge-1.20.6_1.61.0.jar
[2026, 9, 27, 23, 43, 59] ;;; release; desire_paths-neoforge-1.21.1_1.61.0.jar
[2026, 9, 27, 23, 43, 59] ;;; release; desire_paths-neoforge-1.21.2_1.61.0.jar
[2026, 9, 27, 23, 43, 59] ;;; release; desire_paths-neoforge-1.21.4_1.61.0.jar
[2026, 9, 27, 23, 43, 59] ;;; release; desire_paths-neoforge-1.21.5_1.61.0.jar
[2026, 9, 27, 23, 43, 59] ;;; release; desire_paths-neoforge-1.21.8_1.61.0.jar
[2026, 9, 27, 23, 43, 59] ;;; release; desire_paths-neoforge-26.1_1.61.0.jar
[2026, 9, 27, 23, 43, 59] ;;; release; desire_paths-neoforge-26.2_1.61.0.jar
[2026, 9, 27, 23, 43, 59] ;;; release; desire_paths-neoforge-26.3_1.61.0.jar
[2026, 9, 27, 23, 43, 59] ;;; release; dynamic_dirt-fabric-1.21.8_1.61.0.jar
[2026, 9, 27, 23, 43, 59] ;;; release; dynamic_dirt-fabric-1.21.9_1.61.0.jar
[2026, 9, 27, 23, 43, 59] ;;; release; dynamic_dirt-fabric-26.1_1.61.0.jar
[2026, 9, 27, 23, 43, 59] ;;; release; dynamic_dirt-fabric-26.2_1.61.0.jar
[2026, 9, 27, 23, 43, 59] ;;; release; dynamic_dirt-fabric-26.3_1.61.0.jar
[2026, 9, 27, 23, 43, 59] ;;; release; dynamic_dirt-forge-1.19.4_1.61.0.jar
[2026, 9, 27, 23, 43, 59] ;;; release; dynamic_dirt-forge-1.20.1_1.61.0.jar
[2026, 9, 27, 23, 43, 59] ;;; release; dynamic_dirt-neoforge-1.20.4_1.61.0.jar
[2026, 9, 27, 23, 43, 59] ;;; release; dynamic_dirt-neoforge-1.20.6_1.61.0.jar
[2026, 9, 27, 23, 43, 59] ;;; release; dynamic_dirt-neoforge-1.21.1_1.61.0.jar
[2026, 9, 27, 23, 43, 59] ;;; release; dynamic_dirt-neoforge-1.21.2_1.61.0.jar
[2026, 9, 27, 23, 43, 59] ;;; release; dynamic_dirt-neoforge-1.21.4_1.61.0.jar
[2026, 9, 27, 23, 43, 59] ;;; release; dynamic_dirt-neoforge-1.21.5_1.61.0.jar
[2026, 9, 27, 23, 43, 59] ;;; release; dynamic_dirt-neoforge-1.21.8_1.61.0.jar
[2026, 9, 27, 23, 43, 59] ;;; release; dynamic_dirt-neoforge-26.1_1.61.0.jar
[2026, 9, 27, 23, 43, 59] ;;; release; dynamic_dirt-neoforge-26.2_1.61.0.jar
[2026, 9, 27, 23, 43, 59] ;;; release; dynamic_dirt-neoforge-26.3_1.61.0.jar
[2026, 9, 27, 23, 43, 59] ;;; release; dynamic_ecosystems-fabric-1.21.8_1.61.0.jar
[2026, 9, 27, 23, 43, 59] ;;; release; dynamic_ecosystems-fabric-1.21.9_1.61.0.jar
[2026, 9, 27, 23, 43, 59] ;;; release; dynamic_ecosystems-fabric-26.1_1.61.0.jar
[2026, 9, 27, 23, 43, 59] ;;; release; dynamic_ecosystems-fabric-26.2_1.61.0.jar
[2026, 9, 27, 23, 43, 59] ;;; release; dynamic_ecosystems-fabric-26.3_1.61.0.jar
[2026, 9, 27, 23, 43, 59] ;;; release; dynamic_ecosystems-forge-1.19.4_1.61.0.jar
[2026, 9, 27, 23, 43, 59] ;;; release; dynamic_ecosystems-forge-1.20.1_1.61.0.jar
[2026, 9, 27, 23, 43, 59] ;;; release; dynamic_ecosystems-neoforge-1.20.4_1.61.0.jar
[2026, 9, 27, 23, 43, 59] ;;; release; dynamic_ecosystems-neoforge-1.20.6_1.61.0.jar
[2026, 9, 27, 23, 43, 59] ;;; release; dynamic_ecosystems-neoforge-1.21.1_1.61.0.jar
[2026, 9, 27, 23, 43, 59] ;;; release; dynamic_ecosystems-neoforge-1.21.2_1.61.0.jar
[2026, 9, 27, 23, 43, 59] ;;; release; dynamic_ecosystems-neoforge-1.21.4_1.61.0.jar
[2026, 9, 27, 23, 43, 59] ;;; release; dynamic_ecosystems-neoforge-1.21.5_1.61.0.jar
[2026, 9, 27, 23, 43, 59] ;;; release; dynamic_ecosystems-neoforge-1.21.8_1.61.0.jar
[2026, 9, 27, 23, 43, 59] ;;; release; dynamic_ecosystems-neoforge-26.1_1.61.0.jar
[2026, 9, 27, 23, 43, 59] ;;; release; dynamic_ecosystems-neoforge-26.2_1.61.0.jar
[2026, 9, 27, 23, 43, 59] ;;; release; dynamic_ecosystems-neoforge-26.3_1.61.0.jar
[2026, 9, 27, 23, 43, 59] ;;; release; dynamic_monsters-fabric-1.21.8_1.61.0.jar
[2026, 9, 27, 23, 43, 59] ;;; release; dynamic_monsters-fabric-1.21.9_1.61.0.jar
[2026, 9, 27, 23, 43, 59] ;;; release; dynamic_monsters-fabric-26.1_1.61.0.jar
[2026, 9, 27, 23, 43, 59] ;;; release; dynamic_monsters-fabric-26.2_1.61.0.jar
[2026, 9, 27, 23, 43, 59] ;;; release; dynamic_monsters-fabric-26.3_1.61.0.jar
[2026, 9, 27, 23, 43, 59] ;;; release; dynamic_monsters-forge-1.19.4_1.61.0.jar
[2026, 9, 27, 23, 43, 59] ;;; release; dynamic_monsters-forge-1.20.1_1.61.0.jar
[2026, 9, 27, 23, 43, 59] ;;; release; dynamic_monsters-neoforge-1.20.4_1.61.0.jar
[2026, 9, 27, 23, 43, 59] ;;; release; dynamic_monsters-neoforge-1.20.6_1.61.0.jar
[2026, 9, 27, 23, 43, 59] ;;; release; dynamic_monsters-neoforge-1.21.1_1.61.0.jar
[2026, 9, 27, 23, 43, 59] ;;; release; dynamic_monsters-neoforge-1.21.2_1.61.0.jar
[2026, 9, 27, 23, 43, 59] ;;; release; dynamic_monsters-neoforge-1.21.4_1.61.0.jar
[2026, 9, 27, 23, 43, 59] ;;; release; dynamic_monsters-neoforge-1.21.5_1.61.0.jar
[2026, 9, 27, 23, 43, 59] ;;; release; dynamic_monsters-neoforge-1.21.8_1.61.0.jar
[2026, 9, 27, 23, 43, 59] ;;; release; dynamic_monsters-neoforge-26.1_1.61.0.jar
[2026, 9, 27, 23, 43, 59] ;;; release; dynamic_monsters-neoforge-26.2_1.61.0.jar
[2026, 9, 27, 23, 43, 59] ;;; release; dynamic_monsters-neoforge-26.3_1.61.0.jar
[2026, 9, 27, 23, 43, 59] ;;; release; enhanced_survival-fabric-26.3_1.61.0.jar
[2026, 9, 27, 23, 43, 59] ;;; release; enhanced_survival-neoforge-26.3_1.61.0.jar
[2026, 9, 27, 23, 43, 59] ;;; release; ghosts_and_ghouls-fabric-1.21.8_1.61.0.jar
[2026, 9, 27, 23, 43, 59] ;;; release; ghosts_and_ghouls-fabric-1.21.9_1.61.0.jar
[2026, 9, 27, 23, 43, 59] ;;; release; ghosts_and_ghouls-fabric-26.1_1.61.0.jar
[2026, 9, 27, 23, 43, 59] ;;; release; ghosts_and_ghouls-fabric-26.2_1.61.0.jar
[2026, 9, 27, 23, 43, 59] ;;; release; ghosts_and_ghouls-fabric-26.3_1.61.0.jar
[2026, 9, 27, 23, 43, 59] ;;; release; ghosts_and_ghouls-forge-1.19.4_1.61.0.jar
[2026, 9, 27, 23, 43, 59] ;;; release; ghosts_and_ghouls-forge-1.20.1_1.61.0.jar
[2026, 9, 27, 23, 43, 59] ;;; release; ghosts_and_ghouls-neoforge-1.20.4_1.61.0.jar
[2026, 9, 27, 23, 43, 59] ;;; release; ghosts_and_ghouls-neoforge-1.20.6_1.61.0.jar
[2026, 9, 27, 23, 43, 59] ;;; release; ghosts_and_ghouls-neoforge-1.21.1_1.61.0.jar
[2026, 9, 27, 23, 43, 59] ;;; release; ghosts_and_ghouls-neoforge-1.21.2_1.61.0.jar
[2026, 9, 27, 23, 43, 59] ;;; release; ghosts_and_ghouls-neoforge-1.21.4_1.61.0.jar
[2026, 9, 27, 23, 43, 59] ;;; release; ghosts_and_ghouls-neoforge-1.21.5_1.61.0.jar
[2026, 9, 27, 23, 43, 59] ;;; release; ghosts_and_ghouls-neoforge-1.21.8_1.61.0.jar
[2026, 9, 27, 23, 43, 59] ;;; release; ghosts_and_ghouls-neoforge-26.1_1.61.0.jar
[2026, 9, 27, 23, 43, 59] ;;; release; ghosts_and_ghouls-neoforge-26.2_1.61.0.jar
[2026, 9, 27, 23, 43, 59] ;;; release; ghosts_and_ghouls-neoforge-26.3_1.61.0.jar
[2026, 9, 27, 23, 43, 59] ;;; release; gothic_horror-fabric-1.21.8_1.61.0.jar
[2026, 9, 27, 23, 43, 59] ;;; release; gothic_horror-fabric-1.21.9_1.61.0.jar
[2026, 9, 27, 23, 43, 59] ;;; release; gothic_horror-fabric-26.1_1.61.0.jar
[2026, 9, 27, 23, 43, 59] ;;; release; gothic_horror-fabric-26.2_1.61.0.jar
[2026, 9, 27, 23, 43, 59] ;;; release; gothic_horror-fabric-26.3_1.61.0.jar
[2026, 9, 27, 23, 43, 59] ;;; release; gothic_horror-forge-1.19.4_1.61.0.jar
[2026, 9, 27, 23, 43, 59] ;;; release; gothic_horror-forge-1.20.1_1.61.0.jar
[2026, 9, 27, 23, 43, 59] ;;; release; gothic_horror-neoforge-1.20.4_1.61.0.jar
[2026, 9, 27, 23, 43, 59] ;;; release; gothic_horror-neoforge-1.20.6_1.61.0.jar
[2026, 9, 27, 23, 43, 59] ;;; release; gothic_horror-neoforge-1.21.1_1.61.0.jar
[2026, 9, 27, 23, 43, 59] ;;; release; gothic_horror-neoforge-1.21.2_1.61.0.jar
[2026, 9, 27, 23, 43, 59] ;;; release; gothic_horror-neoforge-1.21.4_1.61.0.jar
[2026, 9, 27, 23, 43, 59] ;;; release; gothic_horror-neoforge-1.21.5_1.61.0.jar
[2026, 9, 27, 23, 43, 59] ;;; release; gothic_horror-neoforge-1.21.8_1.61.0.jar
[2026, 9, 27, 23, 43, 59] ;;; release; gothic_horror-neoforge-26.1_1.61.0.jar
[2026, 9, 27, 23, 43, 59] ;;; release; gothic_horror-neoforge-26.2_1.61.0.jar
[2026, 9, 27, 23, 43, 59] ;;; release; gothic_horror-neoforge-26.3_1.61.0.jar
[2026, 9, 27, 23, 43, 59] ;;; release; gstools-fabric-1.21.8_1.61.0.jar
[2026, 9, 27, 23, 43, 59] ;;; release; gstools-fabric-1.21.9_1.61.0.jar
[2026, 9, 27, 23, 43, 59] ;;; release; gstools-fabric-26.1_1.61.0.jar
[2026, 9, 27, 23, 43, 59] ;;; release; gstools-fabric-26.2_1.61.0.jar
[2026, 9, 27, 23, 43, 59] ;;; release; gstools-fabric-26.3_1.61.0.jar
[2026, 9, 27, 23, 43, 59] ;;; release; gstools-forge-1.19.4_1.61.0.jar
[2026, 9, 27, 23, 43, 59] ;;; release; gstools-forge-1.20.1_1.61.0.jar
[2026, 9, 27, 23, 43, 59] ;;; release; gstools-neoforge-1.20.4_1.61.0.jar
[2026, 9, 27, 23, 43, 59] ;;; release; gstools-neoforge-1.20.6_1.61.0.jar
[2026, 9, 27, 23, 43, 59] ;;; release; gstools-neoforge-1.21.1_1.61.0.jar
[2026, 9, 27, 23, 43, 59] ;;; release; gstools-neoforge-1.21.2_1.61.0.jar
[2026, 9, 27, 23, 43, 59] ;;; release; gstools-neoforge-1.21.4_1.61.0.jar
[2026, 9, 27, 23, 43, 59] ;;; release; gstools-neoforge-1.21.5_1.61.0.jar
[2026, 9, 27, 23, 43, 59] ;;; release; gstools-neoforge-1.21.8_1.61.0.jar
[2026, 9, 27, 23, 43, 59] ;;; release; gstools-neoforge-26.1_1.61.0.jar
[2026, 9, 27, 23, 43, 59] ;;; release; gstools-neoforge-26.2_1.61.0.jar
[2026, 9, 27, 23, 43, 59] ;;; release; gstools-neoforge-26.3_1.61.0.jar
[2026, 9, 27, 23, 43, 59] ;;; release; life_and_death-fabric-1.21.8_1.61.0.jar
[2026, 9, 27, 23, 43, 59] ;;; release; life_and_death-fabric-1.21.9_1.61.0.jar
[2026, 9, 27, 23, 43, 59] ;;; release; life_and_death-fabric-26.1_1.61.0.jar
[2026, 9, 27, 23, 43, 59] ;;; release; life_and_death-fabric-26.2_1.61.0.jar
[2026, 9, 27, 23, 43, 59] ;;; release; life_and_death-fabric-26.3_1.61.0.jar
[2026, 9, 27, 23, 43, 59] ;;; release; life_and_death-forge-1.19.4_1.61.0.jar
[2026, 9, 27, 23, 43, 59] ;;; release; life_and_death-forge-1.20.1_1.61.0.jar
[2026, 9, 27, 23, 43, 59] ;;; release; life_and_death-neoforge-1.20.4_1.61.0.jar
[2026, 9, 27, 23, 43, 59] ;;; release; life_and_death-neoforge-1.20.6_1.61.0.jar
[2026, 9, 27, 23, 43, 59] ;;; release; life_and_death-neoforge-1.21.1_1.61.0.jar
[2026, 9, 27, 23, 43, 59] ;;; release; life_and_death-neoforge-1.21.2_1.61.0.jar
[2026, 9, 27, 23, 43, 59] ;;; release; life_and_death-neoforge-1.21.4_1.61.0.jar
[2026, 9, 27, 23, 43, 59] ;;; release; life_and_death-neoforge-1.21.5_1.61.0.jar
[2026, 9, 27, 23, 43, 59] ;;; release; life_and_death-neoforge-1.21.8_1.61.0.jar
[2026, 9, 27, 23, 43, 59] ;;; release; life_and_death-neoforge-26.1_1.61.0.jar
[2026, 9, 27, 23, 43, 59] ;;; release; life_and_death-neoforge-26.2_1.61.0.jar
[2026, 9, 27, 23, 43, 59] ;;; release; life_and_death-neoforge-26.3_1.61.0.jar
[2026, 9, 27, 23, 43, 59] ;;; release; undead_expanded-fabric-1.21.8_1.61.0.jar
[2026, 9, 27, 23, 43, 59] ;;; release; undead_expanded-fabric-1.21.9_1.61.0.jar
[2026, 9, 27, 23, 43, 59] ;;; release; undead_expanded-fabric-26.1_1.61.0.jar
[2026, 9, 27, 23, 43, 59] ;;; release; undead_expanded-fabric-26.2_1.61.0.jar
[2026, 9, 27, 23, 43, 59] ;;; release; undead_expanded-fabric-26.3_1.61.0.jar
[2026, 9, 27, 23, 43, 59] ;;; release; undead_expanded-forge-1.19.4_1.61.0.jar
[2026, 9, 27, 23, 43, 59] ;;; release; undead_expanded-forge-1.20.1_1.61.0.jar
[2026, 9, 27, 23, 43, 59] ;;; release; undead_expanded-neoforge-1.20.4_1.61.0.jar
[2026, 9, 27, 23, 43, 59] ;;; release; undead_expanded-neoforge-1.20.6_1.61.0.jar
[2026, 9, 27, 23, 43, 59] ;;; release; undead_expanded-neoforge-1.21.1_1.61.0.jar
[2026, 9, 27, 23, 43, 59] ;;; release; undead_expanded-neoforge-1.21.2_1.61.0.jar
[2026, 9, 27, 23, 43, 59] ;;; release; undead_expanded-neoforge-1.21.4_1.61.0.jar
[2026, 9, 27, 23, 43, 59] ;;; release; undead_expanded-neoforge-1.21.5_1.61.0.jar
[2026, 9, 27, 23, 43, 59] ;;; release; undead_expanded-neoforge-1.21.8_1.61.0.jar
[2026, 9, 27, 23, 43, 59] ;;; release; undead_expanded-neoforge-26.1_1.61.0.jar
[2026, 9, 27, 23, 43, 59] ;;; release; undead_expanded-neoforge-26.2_1.61.0.jar
[2026, 9, 27, 23, 43, 59] ;;; release; undead_expanded-neoforge-26.3_1.61.0.jar
[2026, 9, 27, 23, 43, 59] ;;; release; block_decay-fabric-1.21.10_1.61.0.jar
[2026, 9, 27, 23, 43, 59] ;;; release; block_decay-fabric-1.21.11_1.61.0.jar
[2026, 9, 27, 23, 43, 59] ;;; release; block_decay-fabric-1.21.8_1.61.0.jar
[2026, 9, 27, 23, 43, 59] ;;; release; block_decay-fabric-1.21.9_1.61.0.jar
[2026, 9, 27, 23, 43, 59] ;;; release; block_decay-fabric-26.1_1.61.0.jar
[2026, 9, 27, 23, 43, 59] ;;; release; block_decay-fabric-26.2_1.61.0.jar
[2026, 9, 27, 23, 43, 59] ;;; release; block_decay-fabric-26.3_1.61.0.jar
[2026, 9, 27, 23, 43, 59] ;;; release; block_decay-forge-1.19.4_1.61.0.jar
[2026, 9, 27, 23, 43, 59] ;;; release; block_decay-forge-1.20.1_1.61.0.jar
[2026, 9, 27, 23, 43, 59] ;;; release; block_decay-neoforge-1.20.4_1.61.0.jar
[2026, 9, 27, 23, 43, 59] ;;; release; block_decay-neoforge-1.20.6_1.61.0.jar
[2026, 9, 27, 23, 43, 59] ;;; release; block_decay-neoforge-1.21.10_1.61.0.jar
[2026, 9, 27, 23, 43, 59] ;;; release; block_decay-neoforge-1.21.11_1.61.0.jar
[2026, 9, 27, 23, 43, 59] ;;; release; block_decay-neoforge-1.21.1_1.61.0.jar
[2026, 9, 27, 23, 43, 59] ;;; release; block_decay-neoforge-1.21.2_1.61.0.jar
[2026, 9, 27, 23, 43, 59] ;;; release; block_decay-neoforge-1.21.4_1.61.0.jar
[2026, 9, 27, 23, 43, 59] ;;; release; block_decay-neoforge-1.21.5_1.61.0.jar
[2026, 9, 27, 23, 43, 59] ;;; release; block_decay-neoforge-1.21.8_1.61.0.jar
[2026, 9, 27, 23, 43, 59] ;;; release; block_decay-neoforge-1.21.9_1.61.0.jar
[2026, 9, 27, 23, 43, 59] ;;; release; block_decay-neoforge-1.21_1.61.0.jar
[2026, 9, 27, 23, 43, 59] ;;; release; block_decay-neoforge-26.1_1.61.0.jar
[2026, 9, 27, 23, 43, 59] ;;; release; block_decay-neoforge-26.2_1.61.0.jar
[2026, 9, 27, 23, 43, 59] ;;; release; block_decay-neoforge-26.3_1.61.0.jar
[2026, 9, 27, 23, 43, 59] ;;; release; desire_paths-fabric-1.21.8_1.61.0.jar
[2026, 9, 27, 23, 43, 59] ;;; release; desire_paths-fabric-1.21.9_1.61.0.jar
[2026, 9, 27, 23, 43, 59] ;;; release; desire_paths-fabric-26.1_1.61.0.jar
[2026, 9, 27, 23, 43, 59] ;;; release; desire_paths-fabric-26.2_1.61.0.jar
[2026, 9, 27, 23, 43, 59] ;;; release; desire_paths-fabric-26.3_1.61.0.jar
[2026, 9, 27, 23, 43, 59] ;;; release; desire_paths-forge-1.19.4_1.61.0.jar
[2026, 9, 27, 23, 43, 59] ;;; release; desire_paths-forge-1.20.1_1.61.0.jar
[2026, 9, 27, 23, 43, 59] ;;; release; desire_paths-neoforge-1.20.4_1.61.0.jar
[2026, 9, 27, 23, 43, 59] ;;; release; desire_paths-neoforge-1.20.6_1.61.0.jar
[2026, 9, 27, 23, 43, 59] ;;; release; desire_paths-neoforge-1.21.1_1.61.0.jar
[2026, 9, 27, 23, 43, 59] ;;; release; desire_paths-neoforge-1.21.2_1.61.0.jar
[2026, 9, 27, 23, 43, 59] ;;; release; desire_paths-neoforge-1.21.4_1.61.0.jar
[2026, 9, 27, 23, 43, 59] ;;; release; desire_paths-neoforge-1.21.5_1.61.0.jar
[2026, 9, 27, 23, 43, 59] ;;; release; desire_paths-neoforge-1.21.8_1.61.0.jar
[2026, 9, 27, 23, 43, 59] ;;; release; desire_paths-neoforge-26.1_1.61.0.jar
[2026, 9, 27, 23, 43, 59] ;;; release; desire_paths-neoforge-26.2_1.61.0.jar
[2026, 9, 27, 23, 43, 59] ;;; release; desire_paths-neoforge-26.3_1.61.0.jar
[2026, 9, 27, 23, 43, 59] ;;; release; dynamic_dirt-fabric-1.21.8_1.61.0.jar
[2026, 9, 27, 23, 43, 59] ;;; release; dynamic_dirt-fabric-1.21.9_1.61.0.jar
[2026, 9, 27, 23, 43, 59] ;;; release; dynamic_dirt-fabric-26.1_1.61.0.jar
[2026, 9, 27, 23, 43, 59] ;;; release; dynamic_dirt-fabric-26.2_1.61.0.jar
[2026, 9, 27, 23, 43, 59] ;;; release; dynamic_dirt-fabric-26.3_1.61.0.jar
[2026, 9, 27, 23, 43, 59] ;;; release; dynamic_dirt-forge-1.19.4_1.61.0.jar
[2026, 9, 27, 23, 43, 59] ;;; release; dynamic_dirt-forge-1.20.1_1.61.0.jar
[2026, 9, 27, 23, 43, 59] ;;; release; dynamic_dirt-neoforge-1.20.4_1.61.0.jar
[2026, 9, 27, 23, 43, 59] ;;; release; dynamic_dirt-neoforge-1.20.6_1.61.0.jar
[2026, 9, 27, 23, 43, 59] ;;; release; dynamic_dirt-neoforge-1.21.1_1.61.0.jar
[2026, 9, 27, 23, 43, 59] ;;; release; dynamic_dirt-neoforge-1.21.2_1.61.0.jar
[2026, 9, 27, 23, 43, 59] ;;; release; dynamic_dirt-neoforge-1.21.4_1.61.0.jar
[2026, 9, 27, 23, 43, 59] ;;; release; dynamic_dirt-neoforge-1.21.5_1.61.0.jar
[2026, 9, 27, 23, 43, 59] ;;; release; dynamic_dirt-neoforge-1.21.8_1.61.0.jar
[2026, 9, 27, 23, 43, 59] ;;; release; dynamic_dirt-neoforge-26.1_1.61.0.jar
[2026, 9, 27, 23, 43, 59] ;;; release; dynamic_dirt-neoforge-26.2_1.61.0.jar
[2026, 9, 27, 23, 43, 59] ;;; release; dynamic_dirt-neoforge-26.3_1.61.0.jar
[2026, 9, 27, 23, 43, 59] ;;; release; dynamic_ecosystems-fabric-1.21.8_1.61.0.jar
[2026, 9, 27, 23, 43, 59] ;;; release; dynamic_ecosystems-fabric-1.21.9_1.61.0.jar
[2026, 9, 27, 23, 43, 59] ;;; release; dynamic_ecosystems-fabric-26.1_1.61.0.jar
[2026, 9, 27, 23, 43, 59] ;;; release; dynamic_ecosystems-fabric-26.2_1.61.0.jar
[2026, 9, 27, 23, 43, 59] ;;; release; dynamic_ecosystems-fabric-26.3_1.61.0.jar
[2026, 9, 27, 23, 43, 59] ;;; release; dynamic_ecosystems-forge-1.19.4_1.61.0.jar
[2026, 9, 27, 23, 43, 59] ;;; release; dynamic_ecosystems-forge-1.20.1_1.61.0.jar
[2026, 9, 27, 23, 43, 59] ;;; release; dynamic_ecosystems-neoforge-1.20.4_1.61.0.jar
[2026, 9, 27, 23, 43, 59] ;;; release; dynamic_ecosystems-neoforge-1.20.6_1.61.0.jar
[2026, 9, 27, 23, 43, 59] ;;; release; dynamic_ecosystems-neoforge-1.21.1_1.61.0.jar
[2026, 9, 27, 23, 43, 59] ;;; release; dynamic_ecosystems-neoforge-1.21.2_1.61.0.jar
[2026, 9, 27, 23, 43, 59] ;;; release; dynamic_ecosystems-neoforge-1.21.4_1.61.0.jar
[2026, 9, 27, 23, 43, 59] ;;; release; dynamic_ecosystems-neoforge-1.21.5_1.61.0.jar
[2026, 9, 27, 23, 43, 59] ;;; release; dynamic_ecosystems-neoforge-1.21.8_1.61.0.jar
[2026, 9, 27, 23, 43, 59] ;;; release; dynamic_ecosystems-neoforge-26.1_1.61.0.jar
[2026, 9, 27, 23, 43, 59] ;;; release; dynamic_ecosystems-neoforge-26.2_1.61.0.jar
[2026, 9, 27, 23, 43, 59] ;;; release; dynamic_ecosystems-neoforge-26.3_1.61.0.jar
[2026, 9, 27, 23, 43, 59] ;;; release; dynamic_monsters-fabric-1.21.8_1.61.0.jar
[2026, 9, 27, 23, 43, 59] ;;; release; dynamic_monsters-fabric-1.21.9_1.61.0.jar
[2026, 9, 27, 23, 43, 59] ;;; release; dynamic_monsters-fabric-26.1_1.61.0.jar
[2026, 9, 27, 23, 43, 59] ;;; release; dynamic_monsters-fabric-26.2_1.61.0.jar
[2026, 9, 27, 23, 43, 59] ;;; release; dynamic_monsters-fabric-26.3_1.61.0.jar
[2026, 9, 27, 23, 43, 59] ;;; release; dynamic_monsters-forge-1.19.4_1.61.0.jar
[2026, 9, 27, 23, 43, 59] ;;; release; dynamic_monsters-forge-1.20.1_1.61.0.jar
[2026, 9, 27, 23, 43, 59] ;;; release; dynamic_monsters-neoforge-1.20.4_1.61.0.jar
[2026, 9, 27, 23, 43, 59] ;;; release; dynamic_monsters-neoforge-1.20.6_1.61.0.jar
[2026, 9, 27, 23, 43, 59] ;;; release; dynamic_monsters-neoforge-1.21.1_1.61.0.jar
[2026, 9, 27, 23, 43, 59] ;;; release; dynamic_monsters-neoforge-1.21.2_1.61.0.jar
[2026, 9, 27, 23, 43, 59] ;;; release; dynamic_monsters-neoforge-1.21.4_1.61.0.jar
[2026, 9, 27, 23, 43, 59] ;;; release; dynamic_monsters-neoforge-1.21.5_1.61.0.jar
[2026, 9, 27, 23, 43, 59] ;;; release; dynamic_monsters-neoforge-1.21.8_1.61.0.jar
[2026, 9, 27, 23, 43, 59] ;;; release; dynamic_monsters-neoforge-26.1_1.61.0.jar
[2026, 9, 27, 23, 43, 59] ;;; release; dynamic_monsters-neoforge-26.2_1.61.0.jar
[2026, 9, 27, 23, 43, 59] ;;; release; dynamic_monsters-neoforge-26.3_1.61.0.jar
[2026, 9, 27, 23, 43, 59] ;;; release; enhanced_survival-fabric-26.3_1.61.0.jar
[2026, 9, 27, 23, 43, 59] ;;; release; enhanced_survival-neoforge-26.3_1.61.0.jar
[2026, 9, 27, 23, 43, 59] ;;; release; ghosts_and_ghouls-fabric-1.21.8_1.61.0.jar
[2026, 9, 27, 23, 43, 59] ;;; release; ghosts_and_ghouls-fabric-1.21.9_1.61.0.jar
[2026, 9, 27, 23, 43, 59] ;;; release; ghosts_and_ghouls-fabric-26.1_1.61.0.jar
[2026, 9, 27, 23, 43, 59] ;;; release; ghosts_and_ghouls-fabric-26.2_1.61.0.jar
[2026, 9, 27, 23, 43, 59] ;;; release; ghosts_and_ghouls-fabric-26.3_1.61.0.jar
[2026, 9, 27, 23, 43, 59] ;;; release; ghosts_and_ghouls-forge-1.19.4_1.61.0.jar
[2026, 9, 27, 23, 43, 59] ;;; release; ghosts_and_ghouls-forge-1.20.1_1.61.0.jar
[2026, 9, 27, 23, 43, 59] ;;; release; ghosts_and_ghouls-neoforge-1.20.4_1.61.0.jar
[2026, 9, 27, 23, 43, 59] ;;; release; ghosts_and_ghouls-neoforge-1.20.6_1.61.0.jar
[2026, 9, 27, 23, 43, 59] ;;; release; ghosts_and_ghouls-neoforge-1.21.1_1.61.0.jar
[2026, 9, 27, 23, 43, 59] ;;; release; ghosts_and_ghouls-neoforge-1.21.2_1.61.0.jar
[2026, 9, 27, 23, 43, 59] ;;; release; ghosts_and_ghouls-neoforge-1.21.4_1.61.0.jar
[2026, 9, 27, 23, 43, 59] ;;; release; ghosts_and_ghouls-neoforge-1.21.5_1.61.0.jar
[2026, 9, 27, 23, 43, 59] ;;; release; ghosts_and_ghouls-neoforge-1.21.8_1.61.0.jar
[2026, 9, 27, 23, 43, 59] ;;; release; ghosts_and_ghouls-neoforge-26.1_1.61.0.jar
[2026, 9, 27, 23, 43, 59] ;;; release; ghosts_and_ghouls-neoforge-26.2_1.61.0.jar
[2026, 9, 27, 23, 43, 59] ;;; release; ghosts_and_ghouls-neoforge-26.3_1.61.0.jar
[2026, 9, 27, 23, 43, 59] ;;; release; gothic_horror-fabric-1.21.8_1.61.0.jar
[2026, 9, 27, 23, 43, 59] ;;; release; gothic_horror-fabric-1.21.9_1.61.0.jar
[2026, 9, 27, 23, 43, 59] ;;; release; gothic_horror-fabric-26.1_1.61.0.jar
[2026, 9, 27, 23, 43, 59] ;;; release; gothic_horror-fabric-26.2_1.61.0.jar
[2026, 9, 27, 23, 43, 59] ;;; release; gothic_horror-fabric-26.3_1.61.0.jar
[2026, 9, 27, 23, 43, 59] ;;; release; gothic_horror-forge-1.19.4_1.61.0.jar
[2026, 9, 27, 23, 43, 59] ;;; release; gothic_horror-forge-1.20.1_1.61.0.jar
[2026, 9, 27, 23, 43, 59] ;;; release; gothic_horror-neoforge-1.20.4_1.61.0.jar
[2026, 9, 27, 23, 43, 59] ;;; release; gothic_horror-neoforge-1.20.6_1.61.0.jar
[2026, 9, 27, 23, 43, 59] ;;; release; gothic_horror-neoforge-1.21.1_1.61.0.jar
[2026, 9, 27, 23, 43, 59] ;;; release; gothic_horror-neoforge-1.21.2_1.61.0.jar
[2026, 9, 27, 23, 43, 59] ;;; release; gothic_horror-neoforge-1.21.4_1.61.0.jar
[2026, 9, 27, 23, 43, 59] ;;; release; gothic_horror-neoforge-1.21.5_1.61.0.jar
[2026, 9, 27, 23, 43, 59] ;;; release; gothic_horror-neoforge-1.21.8_1.61.0.jar
[2026, 9, 27, 23, 43, 59] ;;; release; gothic_horror-neoforge-26.1_1.61.0.jar
[2026, 9, 27, 23, 43, 59] ;;; release; gothic_horror-neoforge-26.2_1.61.0.jar
[2026, 9, 27, 23, 43, 59] ;;; release; gothic_horror-neoforge-26.3_1.61.0.jar
[2026, 9, 27, 23, 43, 59] ;;; release; gstools-fabric-1.21.8_1.61.0.jar
[2026, 9, 27, 23, 43, 59] ;;; release; gstools-fabric-1.21.9_1.61.0.jar
[2026, 9, 27, 23, 43, 59] ;;; release; gstools-fabric-26.1_1.61.0.jar
[2026, 9, 27, 23, 43, 59] ;;; release; gstools-fabric-26.2_1.61.0.jar
[2026, 9, 27, 23, 43, 59] ;;; release; gstools-fabric-26.3_1.61.0.jar
[2026, 9, 27, 23, 43, 59] ;;; release; gstools-forge-1.19.4_1.61.0.jar
[2026, 9, 27, 23, 43, 59] ;;; release; gstools-forge-1.20.1_1.61.0.jar
[2026, 9, 27, 23, 43, 59] ;;; release; gstools-neoforge-1.20.4_1.61.0.jar
[2026, 9, 27, 23, 43, 59] ;;; release; gstools-neoforge-1.20.6_1.61.0.jar
[2026, 9, 27, 23, 43, 59] ;;; release; gstools-neoforge-1.21.1_1.61.0.jar
[2026, 9, 27, 23, 43, 59] ;;; release; gstools-neoforge-1.21.2_1.61.0.jar
[2026, 9, 27, 23, 43, 59] ;;; release; gstools-neoforge-1.21.4_1.61.0.jar
[2026, 9, 27, 23, 43, 59] ;;; release; gstools-neoforge-1.21.5_1.61.0.jar
[2026, 9, 27, 23, 43, 59] ;;; release; gstools-neoforge-1.21.8_1.61.0.jar
[2026, 9, 27, 23, 43, 59] ;;; release; gstools-neoforge-26.1_1.61.0.jar
[2026, 9, 27, 23, 43, 59] ;;; release; gstools-neoforge-26.2_1.61.0.jar
[2026, 9, 27, 23, 43, 59] ;;; release; gstools-neoforge-26.3_1.61.0.jar
[2026, 9, 27, 23, 43, 59] ;;; release; life_and_death-fabric-1.21.8_1.61.0.jar
[2026, 9, 27, 23, 43, 59] ;;; release; life_and_death-fabric-1.21.9_1.61.0.jar
[2026, 9, 27, 23, 43, 59] ;;; release; life_and_death-fabric-26.1_1.61.0.jar
[2026, 9, 27, 23, 43, 59] ;;; release; life_and_death-fabric-26.2_1.61.0.jar
[2026, 9, 27, 23, 43, 59] ;;; release; life_and_death-fabric-26.3_1.61.0.jar
[2026, 9, 27, 23, 43, 59] ;;; release; life_and_death-forge-1.19.4_1.61.0.jar
[2026, 9, 27, 23, 43, 59] ;;; release; life_and_death-forge-1.20.1_1.61.0.jar
[2026, 9, 27, 23, 43, 59] ;;; release; life_and_death-neoforge-1.20.4_1.61.0.jar
[2026, 9, 27, 23, 43, 59] ;;; release; life_and_death-neoforge-1.20.6_1.61.0.jar
[2026, 9, 27, 23, 43, 59] ;;; release; life_and_death-neoforge-1.21.1_1.61.0.jar
[2026, 9, 27, 23, 43, 59] ;;; release; life_and_death-neoforge-1.21.2_1.61.0.jar
[2026, 9, 27, 23, 43, 59] ;;; release; life_and_death-neoforge-1.21.4_1.61.0.jar
[2026, 9, 27, 23, 43, 59] ;;; release; life_and_death-neoforge-1.21.5_1.61.0.jar
[2026, 9, 27, 23, 43, 59] ;;; release; life_and_death-neoforge-1.21.8_1.61.0.jar
[2026, 9, 27, 23, 43, 59] ;;; release; life_and_death-neoforge-26.1_1.61.0.jar
[2026, 9, 27, 23, 43, 59] ;;; release; life_and_death-neoforge-26.2_1.61.0.jar
[2026, 9, 27, 23, 43, 59] ;;; release; life_and_death-neoforge-26.3_1.61.0.jar
[2026, 9, 27, 23, 43, 59] ;;; release; undead_expanded-fabric-1.21.8_1.61.0.jar
[2026, 9, 27, 23, 44, 0] ;;; release; undead_expanded-fabric-1.21.9_1.61.0.jar
[2026, 9, 27, 23, 44, 0] ;;; release; undead_expanded-fabric-26.1_1.61.0.jar
[2026, 9, 27, 23, 44, 0] ;;; release; undead_expanded-fabric-26.2_1.61.0.jar
[2026, 9, 27, 23, 44, 0] ;;; release; undead_expanded-fabric-26.3_1.61.0.jar
[2026, 9, 27, 23, 44, 0] ;;; release; undead_expanded-forge-1.19.4_1.61.0.jar
[2026, 9, 27, 23, 44, 0] ;;; release; undead_expanded-forge-1.20.1_1.61.0.jar
[2026, 9, 27, 23, 44, 0] ;;; release; undead_expanded-neoforge-1.20.4_1.61.0.jar
[2026, 9, 27, 23, 44, 0] ;;; release; undead_expanded-neoforge-1.20.6_1.61.0.jar
[2026, 9, 27, 23, 44, 0] ;;; release; undead_expanded-neoforge-1.21.1_1.61.0.jar
[2026, 9, 27, 23, 44, 0] ;;; release; undead_expanded-neoforge-1.21.2_1.61.0.jar
[2026, 9, 27, 23, 44, 0] ;;; release; undead_expanded-neoforge-1.21.4_1.61.0.jar
[2026, 9, 27, 23, 44, 0] ;;; release; undead_expanded-neoforge-1.21.5_1.61.0.jar
[2026, 9, 27, 23, 44, 0] ;;; release; undead_expanded-neoforge-1.21.8_1.61.0.jar
[2026, 9, 27, 23, 44, 0] ;;; release; undead_expanded-neoforge-26.1_1.61.0.jar
[2026, 9, 27, 23, 44, 0] ;;; release; undead_expanded-neoforge-26.2_1.61.0.jar
[2026, 9, 27, 23, 44, 0] ;;; release; undead_expanded-neoforge-26.3_1.61.0.jar
[2026, 9, 27, 23, 54, 1] ;;; release; Nothing to release.