
[2026, 9, 28, 0, 4, 2] ;;; release; Nothing to release.
[2026, 9, 28, 0, 14, 3] ;;; release; Nothing to release.
[2026, 9, 28, 0, 24, 4] ;;; release; Nothing to release.
[2026, 9, 28, 0, 34, 5] ;;; release; Nothing to release.
[2026, 9, 28, 0, 44, 6] ;;; release; Nothing to release.
[2026, 9, 28, 0, 54, 7] ;;; release; Nothing to release.
[2026, 9, 28, 1, 4, 8] ;;; release; Nothing to release.
[2026, 9, 28, 1, 14, 9] ;;; release; Nothing to release.
[2026, 9, 28, 1, 24, 10] ;;; release; Nothing to release.
[2026, 9, 28, 1, 34, 11] ;;; release; Nothing to release.
[2026, 9, 28, 1, 44, 12] ;;; release; Nothing to release.
[2026, 9, 28, 1, 54, 13] ;;; release; Nothing to release.
[2026, 9, 28, 2, 4, 14] ;;; release; Nothing to release.
[2026, 9, 28, 2, 14, 15] ;;; release; Nothing to release.
[2026, 9, 28, 2, 24, 19] ;;; release; Nothing to release.
[2026, 9, 28, 2, 34, 23] ;;; release; Nothing to release.
[2026, 9, 28, 2, 44, 24] ;;; release; Nothing to release.
[2026, 9, 28, 2, 54, 25] ;;; release; Nothing to release.
[2026, 9, 28, 3, 4, 26] ;;; release; Nothing to release.
[2026, 9, 28, 3, 14, 30] ;;; release; Nothing to release.
[2026, 9, 28, 3, 24, 34] ;;; release; Nothing to release.
[2026, 9, 28, 3, 34, 36] ;;; release; Nothing to release.
[2026, 9, 28, 3, 44, 37] ;;; release; Nothing to release.
[2026, 9, 28, 3, 54, 38] ;;; release; Nothing to release.
[2026, 9, 28, 4, 4, 39] ;;; release; Nothing to release.
[2026, 9, 28, 4, 14, 43] ;;; release; Nothing to release.
[2026, 9, 28, 4, 24, 44] ;;; release; Nothing to release.
[2026, 9, 28, 4, 34, 45] ;;; release; Nothing to release.
[2026, 9, 28, 4, 44, 46] ;;; release; Nothing to release.
[2026, 9, 28, 4, 54, 48] ;;; release; Nothing to release.
[2026, 9, 28, 5, 4, 49] ;;; release; Nothing to release.
[2026, 9, 28, 5, 14, 50] ;;; release; Nothing to release.
[2026, 9, 28, 5, 24, 51] ;;; release; Nothing to release.
[2026, 9, 28, 5, 34, 52] ;;; release; Nothing to release.
[2026, 9, 28, 5, 44, 53] ;;; release; Nothing to release.
[2026, 9, 28, 5, 54, 54] ;;; release; Nothing to release.
[2026, 9, 28, 6, 4, 55] ;;; release; Nothing to release.
[2026, 9, 28, 6, 14, 56] ;;; release; Nothing to release.
[2026, 9, 28, 6, 24, 57] ;;; release; Nothing to release.
[2026, 9, 28, 6, 34, 58] ;;; release; Nothing to release.
[2026, 9, 28, 6, 44, 59] ;;; release; Nothing to release.
[2026, 9, 28, 6, 55, 0] ;;; release; Nothing to release.
[2026, 9, 28, 7, 5, 1] ;;; release; Nothing to release.
[2026, 9, 28, 7, 15, 2] ;;; release; Nothing to release.
[2026, 9, 28, 7, 25, 6] ;;; release; Nothing to release.
[2026, 9, 28, 7, 35, 10] ;;; release; Nothing to release.
[2026, 9, 28, 7, 45, 11] ;;; release; Nothing to release.
[2026, 9, 28, 7, 55, 12] ;;; release; Nothing to release.
[2026, 9, 28, 8, 5, 13] ;;; release; Nothing to release.
[2026, 9, 28, 8, 15, 14] ;;; release; Nothing to release.
[2026, 9, 28, 8, 53, 44] ;;; release; Releasing scheduled mod version!
[2026, 9, 28, 9, 13, 54] ;;; release; block_decay-fabric-1.21.10_1.61.0.jar
[2026, 9, 28, 9, 13, 54] ;;; release; block_decay-fabric-1.21.11_1.61.0.jar
[2026, 9, 28, 9, 13, 54] ;;; release; block_decay-fabric-1.21.8_1.61.0.jar
[2026, 9, 28, 9, 13, 54] ;;; release; block_decay-fabric-1.21.9_1.61.0.jar
[2026, 9, 28, 9, 13, 54] ;;; release; block_decay-fabric-26.1_1.61.0.jar
[2026, 9, 28, 9, 13, 54] ;;; release; block_decay-fabric-26.2_1.61.0.jar
[2026, 9, 28, 9, 13, 54] ;;; release; block_decay-fabric-26.3_1.61.0.jar
[2026, 9, 28, 9, 13, 54] ;;; release; block_decay-forge-1.19.4_1.61.0.jar
[2026, 9, 28, 9, 13, 54] ;;; release; block_decay-forge-1.20.1_1.61.0.jar
[2026, 9, 28, 9, 13, 54] ;;; release; block_decay-neoforge-1.20.4_1.61.0.jar
[2026, 9, 28, 9, 13, 54] ;;; release; block_decay-neoforge-1.20.6_1.61.0.jar
[2026, 9, 28, 9, 13, 54] ;;; release; block_decay-neoforge-1.21.10_1.61.0.jar
[2026, 9, 28, 9, 13, 54] ;;; release; block_decay-neoforge-1.21.11_1.61.0.jar
[2026, 9, 28, 9, 13, 54] ;;; release; block_decay-neoforge-1.21.1_1.61.0.jar
[2026, 9, 28, 9, 13, 54] ;;; release; block_decay-neoforge-1.21.2_1.61.0.jar
[2026, 9, 28, 9, 13, 54] ;;; release; block_decay-neoforge-1.21.4_1.61.0.jar
[2026, 9, 28, 9, 13, 54] ;;; release; block_decay-neoforge-1.21.5_1.61.0.jar
[2026, 9, 28, 9, 13, 54] ;;; release; block_decay-neoforge-1.21.8_1.61.0.jar
[2026, 9, 28, 9, 13, 54] ;;; release; block_decay-neoforge-1.21.9_1.61.0.jar
[2026, 9, 28, 9, 13, 54] ;;; release; block_decay-neoforge-1.21_1.61.0.jar
[2026, 9, 28, 9, 13, 54] ;;; release; block_decay-neoforge-26.1_1.61.0.jar
[2026, 9, 28, 9, 13, 54] ;;; release; block_decay-neoforge-26.2_1.61.0.jar
[2026, 9, 28, 9, 13, 54] ;;; release; block_decay-neoforge-26.3_1.61.0.jar
[2026, 9, 28, 9, 13, 54] ;;; release; desire_paths-fabric-1.21.8_1.61.0.jar
[2026, 9, 28, 9, 13, 54] ;;; release; desire_paths-fabric-1.21.9_1.61.0.jar
[2026, 9, 28, 9, 13, 54] ;;; release; desire_paths-fabric-26.1_1.61.0.jar
[2026, 9, 28, 9, 13, 54] ;;; release; desire_paths-fabric-26.2_1.61.0.jar
[2026, 9, 28, 9, 13, 54] ;;; release; desire_paths-fabric-26.3_1.61.0.jar
[2026, 9, 28, 9, 13, 54] ;;; release; desire_paths-forge-1.19.4_1.61.0.jar
[2026, 9, 28, 9, 13, 54] ;;; release; desire_paths-forge-1.20.1_1.61.0.jar
[2026, 9, 28, 9, 13, 54] ;;; release; desire_paths-neoforge-1.20.4_1.61.0.jar
[2026, 9, 28, 9, 13, 54] ;;; release; desire_paths-neoforge-1.20.6_1.61.0.jar
[2026, 9, 28, 9, 13, 54] ;;; release; desire_paths-neoforge-1.21.1_1.61.0.jar
[2026, 9, 28, 9, 13, 54] ;;; release; desire_paths-neoforge-1.21.2_1.61.0.jar
[2026, 9, 28, 9, 13, 54] ;;; release; desire_paths-neoforge-1.21.4_1.61.0.jar
[2026, 9, 28, 9, 13, 54] ;;; release; desire_paths-neoforge-1.21.5_1.61.0.jar
[2026, 9, 28, 9, 13, 54] ;;; release; desire_paths-neoforge-1.21.8_1.61.0.jar
[2026, 9, 28, 9, 13, 54] ;;; release; desire_paths-neoforge-26.1_1.61.0.jar
[2026, 9, 28, 9, 13, 54] ;;; release; desire_paths-neoforge-26.2_1.61.0.jar
[2026, 9, 28, 9, 13, 54] ;;; release; desire_paths-neoforge-26.3_1.61.0.jar
[2026, 9, 28, 9, 13, 54] ;;; release; dynamic_dirt-fabric-1.21.8_1.61.0.jar
[2026, 9, 28, 9, 13, 54] ;;; release; dynamic_dirt-fabric-1.21.9_1.61.0.jar
[2026, 9, 28, 9, 13, 54] ;;; release; dynamic_dirt-fabric-26.1_1.61.0.jar
[2026, 9, 28, 9, 13, 54] ;;; release; dynamic_dirt-fabric-26.2_1.61.0.jar
[2026, 9, 28, 9, 13, 54] ;;; release; dynamic_dirt-fabric-26.3_1.61.0.jar
[2026, 9, 28, 9, 13, 54] ;;; release; dynamic_dirt-forge-1.19.4_1.61.0.jar
[2026, 9, 28, 9, 13, 54] ;;; release; dynamic_dirt-forge-1.20.1_1.61.0.jar
[2026, 9, 28, 9, 13, 54] ;;; release; dynamic_dirt-neoforge-1.20.4_1.61.0.jar
[2026, 9, 28, 9, 13, 54] ;;; release; dynamic_dirt-neoforge-1.20.6_1.61.0.jar
[2026, 9, 28, 9, 13, 54] ;;; release; dynamic_dirt-neoforge-1.21.1_1.61.0.jar
[2026, 9, 28, 9, 13, 54] ;;; release; dynamic_dirt-neoforge-1.21.2_1.61.0.jar
[2026, 9, 28, 9, 13, 54] ;;; release; dynamic_dirt-neoforge-1.21.4_1.61.0.jar
[2026, 9, 28, 9, 13, 54] ;;; release; dynamic_dirt-neoforge-1.21.5_1.61.0.jar
[2026, 9, 28, 9, 13, 54] ;;; release; dynamic_dirt-neoforge-1.21.8_1.61.0.jar
[2026, 9, 28, 9, 13, 54] ;;; release; dynamic_dirt-neoforge-26.1_1.61.0.jar
[2026, 9, 28, 9, 13, 54] ;;; release; dynamic_dirt-neoforge-26.2_1.61.0.jar
[2026, 9, 28, 9, 13, 54] ;;; release; dynamic_dirt-neoforge-26.3_1.61.0.jar
[2026, 9, 28, 9, 13, 54] ;;; release; dynamic_ecosystems-fabric-1.21.8_1.61.0.jar
[2026, 9, 28, 9, 13, 54] ;;; release; dynamic_ecosystems-fabric-1.21.9_1.61.0.jar
[2026, 9, 28, 9, 13, 54] ;;; release; dynamic_ecosystems-fabric-26.1_1.61.0.jar
[2026, 9, 28, 9, 13, 54] ;;; release; dynamic_ecosystems-fabric-26.2_1.61.0.jar
[2026, 9, 28, 9, 13, 54] ;;; release; dynamic_ecosystems-fabric-26.3_1.61.0.jar
[2026, 9, 28, 9, 13, 54] ;;; release; dynamic_ecosystems-forge-1.19.4_1.61.0.jar
[2026, 9, 28, 9, 13, 55] ;;; release; dynamic_ecosystems-forge-1.20.1_1.61.0.jar
[2026, 9, 28, 9, 13, 55] ;;; release; dynamic_ecosystems-neoforge-1.20.4_1.61.0.jar
[2026, 9, 28, 9, 13, 55] ;;; release; dynamic_ecosystems-neoforge-1.20.6_1.61.0.jar
[2026, 9, 28, 9, 13, 55] ;;; release; dynamic_ecosystems-neoforge-1.21.1_1.61.0.jar
[2026, 9, 28, 9, 13, 55] ;;; release; dynamic_ecosystems-neoforge-1.21.2_1.61.0.jar
[2026, 9, 28, 9, 13, 55] ;;; release; dynamic_ecosystems-neoforge-1.21.4_1.61.0.jar
[2026, 9, 28, 9, 13, 55] ;;; release; dynamic_ecosystems-neoforge-1.21.5_1.61.0.jar
[2026, 9, 28, 9, 13, 55] ;;; release; dynamic_ecosystems-neoforge-1.21.8_1.61.0.jar
[2026, 9, 28, 9, 13, 55] ;;; release; dynamic_ecosystems-neoforge-26.1_1.61.0.jar
[2026, 9, 28, 9, 13, 55] ;;; release; dynamic_ecosystems-neoforge-26.2_1.61.0.jar
[2026, 9, 28, 9, 13, 55] ;;; release; dynamic_ecosystems-neoforge-26.3_1.61.0.jar
[2026, 9, 28, 9, 13, 55] ;;; release; dynamic_monsters-fabric-1.21.8_1.61.0.jar
[2026, 9, 28, 9, 13, 55] ;;; release; dynamic_monsters-fabric-1.21.9_1.61.0.jar
[2026, 9, 28, 9, 13, 55] ;;; release; dynamic_monsters-fabric-26.1_1.61.0.jar
[2026, 9, 28, 9, 13, 55] ;;; release; dynamic_monsters-fabric-26.2_1.61.0.jar
[2026, 9, 28, 9, 13, 55] ;;; release; dynamic_monsters-fabric-26.3_1.61.0.jar
[2026, 9, 28, 9, 13, 55] ;;; release; dynamic_monsters-forge-1.19.4_1.61.0.jar
[2026, 9, 28, 9, 13, 55] ;;; release; dynamic_monsters-forge-1.20.1_1.61.0.jar
[2026, 9, 28, 9, 13, 55] ;;; release; dynamic_monsters-neoforge-1.20.4_1.61.0.jar
[2026, 9, 28, 9, 13, 55] ;;; release; dynamic_monsters-neoforge-1.20.6_1.61.0.jar
[2026, 9, 28, 9, 13, 55] ;;; release; dynamic_monsters-neoforge-1.21.1_1.61.0.jar
[2026, 9, 28, 9, 13, 55] ;;; release; dynamic_monsters-neoforge-1.21.2_1.61.0.jar
[2026, 9, 28, 9, 13, 55] ;;; release; dynamic_monsters-neoforge-1.21.4_1.61.0.jar
[2026, 9, 28, 9, 13, 55] ;;; release; dynamic_monsters-neoforge-1.21.5_1.61.0.jar
[2026, 9, 28, 9, 13, 55] ;;; release; dynamic_monsters-neoforge-1.21.8_1.61.0.jar
[2026, 9, 28, 9, 13, 55] ;;; release; dynamic_monsters-neoforge-26.1_1.61.0.jar
[2026, 9, 28, 9, 13, 55] ;;; release; dynamic_monsters-neoforge-26.2_1.61.0.jar
[2026, 9, 28, 9, 13, 55] ;;; release; dynamic_monsters-neoforge-26.3_1.61.0.jar
[2026, 9, 28, 9, 13, 55] ;;; release; enhanced_survival-fabric-1.21.8_1.61.0.jar
[2026, 9, 28, 9, 13, 55] ;;; release; enhanced_survival-fabric-1.21.9_1.61.0.jar
[2026, 9, 28, 9, 13, 55] ;;; release; enhanced_survival-fabric-26.1_1.61.0.jar
[2026, 9, 28, 9, 13, 55] ;;; release; enhanced_survival-fabric-26.2_1.61.0.jar
[2026, 9, 28, 9, 13, 55] ;;; release; enhanced_survival-fabric-26.3_1.61.0.jar
[2026, 9, 28, 9, 13, 55] ;;; release; enhanced_survival-forge-1.19.4_1.61.0.jar
[2026, 9, 28, 9, 13, 55] ;;; release; enhanced_survival-forge-1.20.1_1.61.0.jar
[2026, 9, 28, 9, 13, 55] ;;; release; enhanced_survival-neoforge-1.20.4_1.61.0.jar
[2026, 9, 28, 9, 13, 55] ;;; release; enhanced_survival-neoforge-1.20.6_1.61.0.jar
[2026, 9, 28, 9, 13, 55] ;;; release; enhanced_survival-neoforge-1.21.1_1.61.0.jar
[2026, 9, 28, 9, 13, 55] ;;; release; enhanced_survival-neoforge-1.21.2_1.61.0.jar
[2026, 9, 28, 9, 13, 55] ;;; release; enhanced_survival-neoforge-1.21.4_1.61.0.jar
[2026, 9, 28, 9, 13, 55] ;;; release; enhanced_survival-neoforge-1.21.5_1.61.0.jar
[2026, 9, 28, 9, 13, 55] ;;; release; enhanced_survival-neoforge-1.21.8_1.61.0.jar
[2026, 9, 28, 9, 13, 55] ;;; release; enhanced_survival-neoforge-26.1_1.61.0.jar
[2026, 9, 28, 9, 13, 55] ;;; release; enhanced_survival-neoforge-26.2_1.61.0.jar
[2026, 9, 28, 9, 13, 55] ;;; release; enhanced_survival-neoforge-26.3_1.61.0.jar
[2026, 9, 28, 9, 13, 55] ;;; release; ghosts_and_ghouls-fabric-1.21.8_1.61.0.jar
[2026, 9, 28, 9, 13, 55] ;;; release; ghosts_and_ghouls-fabric-1.21.9_1.61.0.jar
[2026, 9, 28, 9, 13, 55] ;;; release; ghosts_and_ghouls-fabric-26.1_1.61.0.jar
[2026, 9, 28, 9, 13, 55] ;;; release; ghosts_and_ghouls-fabric-26.2_1.61.0.jar
[2026, 9, 28, 9, 13, 55] ;;; release; ghosts_and_ghouls-fabric-26.3_1.61.0.jar
[2026, 9, 28, 9, 13, 55] ;;; release; ghosts_and_ghouls-forge-1.19.4_1.61.0.jar
[2026, 9, 28, 9, 13, 55] ;;; release; ghosts_and_ghouls-forge-1.20.1_1.61.0.jar
[2026, 9, 28, 9, 13, 55] ;;; release; ghosts_and_ghouls-neoforge-1.20.4_1.61.0.jar
[2026, 9, 28, 9, 13, 55] ;;; release; ghosts_and_ghouls-neoforge-1.20.6_1.61.0.jar
[2026, 9, 28, 9, 13, 55] ;;; release; ghosts_and_ghouls-neoforge-1.21.1_1.61.0.jar
[2026, 9, 28, 9, 13, 55] ;;; release; ghosts_and_ghouls-neoforge-1.21.2_1.61.0.jar
[2026, 9, 28, 9, 13, 55] ;;; release; ghosts_and_ghouls-neoforge-1.21.4_1.61.0.jar
[2026, 9, 28, 9, 13, 55] ;;; release; ghosts_and_ghouls-neoforge-1.21.5_1.61.0.jar
[2026, 9, 28, 9, 13, 55] ;;; release; ghosts_and_ghouls-neoforge-1.21.8_1.61.0.jar
[2026, 9, 28, 9, 13, 55] ;;; release; ghosts_and_ghouls-neoforge-26.1_1.61.0.jar
[2026, 9, 28, 9, 13, 55] ;;; release; ghosts_and_ghouls-neoforge-26.2_1.61.0.jar
[2026, 9, 28, 9, 13, 55] ;;; release; ghosts_and_ghouls-neoforge-26.3_1.61.0.jar
[2026, 9, 28, 9, 13, 55] ;;; release; gothic_horror-fabric-1.21.8_1.61.0.jar
[2026, 9, 28, 9, 13, 55] ;;; release; gothic_horror-fabric-1.21.9_1.61.0.jar
[2026, 9, 28, 9, 13, 55] ;;; release; gothic_horror-fabric-26.1_1.61.0.jar
[2026, 9, 28, 9, 13, 55] ;;; release; gothic_horror-fabric-26.2_1.61.0.jar
[2026, 9, 28, 9, 13, 55] ;;; release; gothic_horror-fabric-26.3_1.61.0.jar
[2026, 9, 28, 9, 13, 55] ;;; release; gothic_horror-forge-1.19.4_1.61.0.jar
[2026, 9, 28, 9, 13, 55] ;;; release; gothic_horror-forge-1.20.1_1.61.0.jar
[2026, 9, 28, 9, 13, 55] ;;; release; gothic_horror-neoforge-1.20.4_1.61.0.jar
[2026, 9, 28, 9, 13, 55] ;;; release; gothic_horror-neoforge-1.20.6_1.61.0.jar
[2026, 9, 28, 9, 13, 55] ;;; release; gothic_horror-neoforge-1.21.1_1.61.0.jar
[2026, 9, 28, 9, 13, 55] ;;; release; gothic_horror-neoforge-1.21.2_1.61.0.jar
[2026, 9, 28, 9, 13, 55] ;;; release; gothic_horror-neoforge-1.21.4_1.61.0.jar
[2026, 9, 28, 9, 13, 55] ;;; release; gothic_horror-neoforge-1.21.5_1.61.0.jar
[2026, 9, 28, 9, 13, 55] ;;; release; gothic_horror-neoforge-1.21.8_1.61.0.jar
[2026, 9, 28, 9, 13, 55] ;;; release; gothic_horror-neoforge-26.1_1.61.0.jar
[2026, 9, 28, 9, 13, 55] ;;; release; gothic_horror-neoforge-26.2_1.61.0.jar
[2026, 9, 28, 9, 13, 55] ;;; release; gothic_horror-neoforge-26.3_1.61.0.jar
[2026, 9, 28, 9, 13, 55] ;;; release; gstools-fabric-1.21.8_1.61.0.jar
[2026, 9, 28, 9, 13, 55] ;;; release; .\releases\1.61.0\gstools-fabric-1.21.8_1.61.0.jargstoolsfabric1.21.8gstools fabric 1.21.8 1.61.0
[2026, 9, 28, 9, 14, 4] ;;; release; gstools-fabric-1.21.9_1.61.0.jar
[2026, 9, 28, 9, 14, 4] ;;; release; .\releases\1.61.0\gstools-fabric-1.21.9_1.61.0.jargstoolsfabric1.21.9gstools fabric 1.21.9 1.61.0
[2026, 9, 28, 9, 14, 13] ;;; release; gstools-fabric-26.1_1.61.0.jar
[2026, 9, 28, 9, 14, 13] ;;; release; .\releases\1.61.0\gstools-fabric-26.1_1.61.0.jargstoolsfabric26.1gstools fabric 26.1 1.61.0
[2026, 9, 28, 9, 14, 20] ;;; release; gstools-fabric-26.2_1.61.0.jar
[2026, 9, 28, 9, 14, 20] ;;; release; .\releases\1.61.0\gstools-fabric-26.2_1.61.0.jargstoolsfabric26.2gstools fabric 26.2 1.61.0
[2026, 9, 28, 9, 14, 28] ;;; release; gstools-fabric-26.3_1.61.0.jar
[2026, 9, 28, 9, 14, 28] ;;; release; gstools-forge-1.19.4_1.61.0.jar
[2026, 9, 28, 9, 14, 28] ;;; release; .\releases\1.61.0\gstools-forge-1.19.4_1.61.0.jargstoolsforge1.19.4gstools forge 1.19.4 1.61.0
[2026, 9, 28, 9, 14, 48] ;;; release; gstools-forge-1.20.1_1.61.0.jar
[2026, 9, 28, 9, 14, 48] ;;; release; gstools-neoforge-1.20.4_1.61.0.jar
[2026, 9, 28, 9, 14, 48] ;;; release; .\releases\1.61.0\gstools-neoforge-1.20.4_1.61.0.jargstoolsneoforge1.20.4gstools neoforge 1.20.4 1.61.0
[2026, 9, 28, 9, 14, 55] ;;; release; gstools-neoforge-1.20.6_1.61.0.jar
[2026, 9, 28, 9, 14, 55] ;;; release; .\releases\1.61.0\gstools-neoforge-1.20.6_1.61.0.jargstoolsneoforge1.20.6gstools neoforge 1.20.6 1.61.0
[2026, 9, 28, 9, 15, 4] ;;; release; gstools-neoforge-1.21.1_1.61.0.jar
[2026, 9, 28, 9, 15, 4] ;;; release; .\releases\1.61.0\gstools-neoforge-1.21.1_1.61.0.jargstoolsneoforge1.21.1gstools neoforge 1.21.1 1.61.0
[2026, 9, 28, 9, 15, 13] ;;; release; gstools-neoforge-1.21.2_1.61.0.jar
[2026, 9, 28, 9, 15, 13] ;;; release; .\releases\1.61.0\gstools-neoforge-1.21.2_1.61.0.jargstoolsneoforge1.21.2gstools neoforge 1.21.2 1.61.0
[2026, 9, 28, 9, 15, 22] ;;; release; gstools-neoforge-1.21.4_1.61.0.jar
[2026, 9, 28, 9, 15, 22] ;;; release; .\releases\1.61.0\gstools-neoforge-1.21.4_1.61.0.jargstoolsneoforge1.21.4gstools neoforge 1.21.4 1.61.0
[2026, 9, 28, 9, 15, 34] ;;; release; gstools-neoforge-1.21.5_1.61.0.jar
[2026, 9, 28, 9, 15, 34] ;;; release; .\releases\1.61.0\gstools-neoforge-1.21.5_1.61.0.jargstoolsneoforge1.21.5gstools neoforge 1.21.5 1.61.0
[2026, 9, 28, 9, 15, 41] ;;; release; gstools-neoforge-1.21.8_1.61.0.jar
[2026, 9, 28, 9, 15, 41] ;;; release; .\releases\1.61.0\gstools-neoforge-1.21.8_1.61.0.jargstoolsneoforge1.21.8gstools neoforge 1.21.8 1.61.0
[2026, 9, 28, 9, 15, 54] ;;; release; gstools-neoforge-26.1_1.61.0.jar
[2026, 9, 28, 9, 15, 54] ;;; release; .\releases\1.61.0\gstools-neoforge-26.1_1.61.0.jargstoolsneoforge26.1gstools neoforge 26.1 1.61.0
[2026, 9, 28, 9, 16, 7] ;;; release; gstools-neoforge-26.2_1.61.0.jar
[2026, 9, 28, 9, 16, 7] ;;; release; gstools-neoforge-26.3_1.61.0.jar
[2026, 9, 28, 9, 16, 7] ;;; release; life_and_death-fabric-1.21.8_1.61.0.jar
[2026, 9, 28, 9, 16, 7] ;;; release; life_and_death-fabric-1.21.9_1.61.0.jar
[2026, 9, 28, 9, 16, 7] ;;; release; life_and_death-fabric-26.1_1.61.0.jar
[2026, 9, 28, 9, 16, 7] ;;; release; life_and_death-fabric-26.2_1.61.0.jar
[2026, 9, 28, 9, 16, 7] ;;; release; life_and_death-fabric-26.3_1.61.0.jar
[2026, 9, 28, 9, 16, 7] ;;; release; life_and_death-forge-1.19.4_1.61.0.jar
[2026, 9, 28, 9, 16, 7] ;;; release; life_and_death-forge-1.20.1_1.61.0.jar
[2026, 9, 28, 9, 16, 7] ;;; release; life_and_death-neoforge-1.20.4_1.61.0.jar
[2026, 9, 28, 9, 16, 7] ;;; release; life_and_death-neoforge-1.20.6_1.61.0.jar
[2026, 9, 28, 9, 16, 7] ;;; release; life_and_death-neoforge-1.21.1_1.61.0.jar
[2026, 9, 28, 9, 16, 7] ;;; release; life_and_death-neoforge-1.21.2_1.61.0.jar
[2026, 9, 28, 9, 16, 7] ;;; release; life_and_death-neoforge-1.21.4_1.61.0.jar
[2026, 9, 28, 9, 16, 7] ;;; release; life_and_death-neoforge-1.21.5_1.61.0.jar
[2026, 9, 28, 9, 16, 7] ;;; release; life_and_death-neoforge-1.21.8_1.61.0.jar
[2026, 9, 28, 9, 16, 7] ;;; release; life_and_death-neoforge-26.1_1.61.0.jar
[2026, 9, 28, 9, 16, 7] ;;; release; life_and_death-neoforge-26.2_1.61.0.jar
[2026, 9, 28, 9, 16, 7] ;;; release; life_and_death-neoforge-26.3_1.61.0.jar
[2026, 9, 28, 9, 16, 7] ;;; release; undead_expanded-fabric-1.21.8_1.61.0.jar
[2026, 9, 28, 9, 16, 7] ;;; release; undead_expanded-fabric-1.21.9_1.61.0.jar
[2026, 9, 28, 9, 16, 7] ;;; release; undead_expanded-fabric-26.1_1.61.0.jar
[2026, 9, 28, 9, 16, 7] ;;; release; undead_expanded-fabric-26.2_1.61.0.jar
[2026, 9, 28, 9, 16, 7] ;;; release; undead_expanded-fabric-26.3_1.61.0.jar
[2026, 9, 28, 9, 16, 7] ;;; release; undead_expanded-forge-1.19.4_1.61.0.jar
[2026, 9, 28, 9, 16, 7] ;;; release; undead_expanded-forge-1.20.1_1.61.0.jar
[2026, 9, 28, 9, 16, 7] ;;; release; undead_expanded-neoforge-1.20.4_1.61.0.jar
[2026, 9, 28, 9, 16, 7] ;;; release; undead_expanded-neoforge-1.20.6_1.61.0.jar
[2026, 9, 28, 9, 16, 7] ;;; release; undead_expanded-neoforge-1.21.1_1.61.0.jar
[2026, 9, 28, 9, 16, 7] ;;; release; undead_expanded-neoforge-1.21.2_1.61.0.jar
[2026, 9, 28, 9, 16, 7] ;;; release; undead_expanded-neoforge-1.21.4_1.61.0.jar
[2026, 9, 28, 9, 16, 7] ;;; release; undead_expanded-neoforge-1.21.5_1.61.0.jar
[2026, 9, 28, 9, 16, 7] ;;; release; undead_expanded-neoforge-1.21.8_1.61.0.jar
[2026, 9, 28, 9, 16, 7] ;;; release; undead_expanded-neoforge-26.1_1.61.0.jar
[2026, 9, 28, 9, 16, 7] ;;; release; undead_expanded-neoforge-26.2_1.61.0.jar
[2026, 9, 28, 9, 16, 7] ;;; release; undead_expanded-neoforge-26.3_1.61.0.jar
[2026, 9, 28, 9, 16, 7] ;;; release; block_decay-fabric-1.21.10_1.61.0.jar
[2026, 9, 28, 9, 16, 7] ;;; release; block_decay-fabric-1.21.11_1.61.0.jar
[2026, 9, 28, 9, 16, 7] ;;; release; block_decay-fabric-1.21.8_1.61.0.jar
[2026, 9, 28, 9, 16, 7] ;;; release; block_decay-fabric-1.21.9_1.61.0.jar
[2026, 9, 28, 9, 16, 7] ;;; release; block_decay-fabric-26.1_1.61.0.jar
[2026, 9, 28, 9, 16, 7] ;;; release; block_decay-fabric-26.2_1.61.0.jar
[2026, 9, 28, 9, 16, 7] ;;; release; block_decay-fabric-26.3_1.61.0.jar
[2026, 9, 28, 9, 16, 7] ;;; release; block_decay-forge-1.19.4_1.61.0.jar
[2026, 9, 28, 9, 16, 7] ;;; release; block_decay-forge-1.20.1_1.61.0.jar
[2026, 9, 28, 9, 16, 7] ;;; release; block_decay-neoforge-1.20.4_1.61.0.jar
[2026, 9, 28, 9, 16, 7] ;;; release; block_decay-neoforge-1.20.6_1.61.0.jar
[2026, 9, 28, 9, 16, 7] ;;; release; block_decay-neoforge-1.21.10_1.61.0.jar
[2026, 9, 28, 9, 16, 7] ;;; release; block_decay-neoforge-1.21.11_1.61.0.jar
[2026, 9, 28, 9, 16, 7] ;;; release; block_decay-neoforge-1.21.1_1.61.0.jar
[2026, 9, 28, 9, 16, 7] ;;; release; block_decay-neoforge-1.21.2_1.61.0.jar
[2026, 9, 28, 9, 16, 7] ;;; release; block_decay-neoforge-1.21.4_1.61.0.jar
[2026, 9, 28, 9, 16, 7] ;;; release; block_decay-neoforge-1.21.5_1.61.0.jar
[2026, 9, 28, 9, 16, 7] ;;; release; block_decay-neoforge-1.21.8_1.61.0.jar
[2026, 9, 28, 9, 16, 7] ;;; release; block_decay-neoforge-1.21.9_1.61.0.jar
[2026, 9, 28, 9, 16, 7] ;;; release; block_decay-neoforge-1.21_1.61.0.jar
[2026, 9, 28, 9, 16, 7] ;;; release; block_decay-neoforge-26.1_1.61.0.jar
[2026, 9, 28, 9, 16, 7] ;;; release; block_decay-neoforge-26.2_1.61.0.jar
[2026, 9, 28, 9, 16, 7] ;;; release; block_decay-neoforge-26.3_1.61.0.jar
[2026, 9, 28, 9, 16, 7] ;;; release; desire_paths-fabric-1.21.8_1.61.0.jar
[2026, 9, 28, 9, 16, 7] ;;; release; .\releases\1.61.0\desire_paths-fabric-1.21.8_1.61.0.jardesire_pathsfabric1.21.8desire_paths fabric 1.21.8 1.61.0
[2026, 9, 28, 9, 16, 14] ;;; release; desire_paths-fabric-1.21.9_1.61.0.jar
[2026, 9, 28, 9, 16, 14] ;;; release; .\releases\1.61.0\desire_paths-fabric-1.21.9_1.61.0.jardesire_pathsfabric1.21.9desire_paths fabric 1.21.9 1.61.0
[2026, 9, 28, 9, 16, 22] ;;; release; desire_paths-fabric-26.1_1.61.0.jar
[2026, 9, 28, 9, 16, 22] ;;; release; .\releases\1.61.0\desire_paths-fabric-26.1_1.61.0.jardesire_pathsfabric26.1desire_paths fabric 26.1 1.61.0
[2026, 9, 28, 9, 16, 28] ;;; release; desire_paths-fabric-26.2_1.61.0.jar
[2026, 9, 28, 9, 16, 28] ;;; release; .\releases\1.61.0\desire_paths-fabric-26.2_1.61.0.jardesire_pathsfabric26.2desire_paths fabric 26.2 1.61.0
[2026, 9, 28, 9, 16, 36] ;;; release; desire_paths-fabric-26.3_1.61.0.jar
[2026, 9, 28, 9, 16, 36] ;;; release; desire_paths-forge-1.19.4_1.61.0.jar
[2026, 9, 28, 9, 16, 36] ;;; release; .\releases\1.61.0\desire_paths-forge-1.19.4_1.61.0.jardesire_pathsforge1.19.4desire_paths forge 1.19.4 1.61.0
[2026, 9, 28, 9, 16, 42] ;;; release; desire_paths-forge-1.20.1_1.61.0.jar
[2026, 9, 28, 9, 16, 42] ;;; release; desire_paths-neoforge-1.20.4_1.61.0.jar
[2026, 9, 28, 9, 16, 42] ;;; release; .\releases\1.61.0\desire_paths-neoforge-1.20.4_1.61.0.jardesire_pathsneoforge1.20.4desire_paths neoforge 1.20.4 1.61.0
[2026, 9, 28, 9, 16, 49] ;;; release; desire_paths-neoforge-1.20.6_1.61.0.jar
[2026, 9, 28, 9, 16, 49] ;;; release; .\releases\1.61.0\desire_paths-neoforge-1.20.6_1.61.0.jardesire_pathsneoforge1.20.6desire_paths neoforge 1.20.6 1.61.0
[2026, 9, 28, 9, 16, 57] ;;; release; desire_paths-neoforge-1.21.1_1.61.0.jar
[2026, 9, 28, 9, 16, 57] ;;; release; .\releases\1.61.0\desire_paths-neoforge-1.21.1_1.61.0.jardesire_pathsneoforge1.21.1desire_paths neoforge 1.21.1 1.61.0
[2026, 9, 28, 9, 17, 5] ;;; release; desire_paths-neoforge-1.21.2_1.61.0.jar
[2026, 9, 28, 9, 17, 5] ;;; release; .\releases\1.61.0\desire_paths-neoforge-1.21.2_1.61.0.jardesire_pathsneoforge1.21.2desire_paths neoforge 1.21.2 1.61.0
[2026, 9, 28, 9, 17, 13] ;;; release; desire_paths-neoforge-1.21.4_1.61.0.jar
[2026, 9, 28, 9, 17, 13] ;;; release; .\releases\1.61.0\desire_paths-neoforge-1.21.4_1.61.0.jardesire_pathsneoforge1.21.4desire_paths neoforge 1.21.4 1.61.0
[2026, 9, 28, 9, 17, 21] ;;; release; desire_paths-neoforge-1.21.5_1.61.0.jar
[2026, 9, 28, 9, 17, 21] ;;; release; .\releases\1.61.0\desire_paths-neoforge-1.21.5_1.61.0.jardesire_pathsneoforge1.21.5desire_paths neoforge 1.21.5 1.61.0
[2026, 9, 28, 9, 17, 28] ;;; release; desire_paths-neoforge-1.21.8_1.61.0.jar
[2026, 9, 28, 9, 17, 28] ;;; release; .\releases\1.61.0\desire_paths-neoforge-1.21.8_1.61.0.jardesire_pathsneoforge1.21.8desire_paths neoforge 1.21.8 1.61.0
[2026, 9, 28, 9, 17, 41] ;;; release; desire_paths-neoforge-26.1_1.61.0.jar
[2026, 9, 28, 9, 17, 41] ;;; release; .\releases\1.61.0\desire_paths-neoforge-26.1_1.61.0.jardesire_pathsneoforge26.1desire_paths neoforge 26.1 1.61.0
[2026, 9, 28, 9, 17, 49] ;;; release; desire_paths-neoforge-26.2_1.61.0.jar
[2026, 9, 28, 9, 17, 49] ;;; release; desire_paths-neoforge-26.3_1.61.0.jar
[2026, 9, 28, 9, 17, 49] ;;; release; dynamic_dirt-fabric-1.21.8_1.61.0.jar
[2026, 9, 28, 9, 17, 49] ;;; release; dynamic_dirt-fabric-1.21.9_1.61.0.jar
[2026, 9, 28, 9, 17, 49] ;;; release; dynamic_dirt-fabric-26.1_1.61.0.jar
[2026, 9, 28, 9, 17, 49] ;;; release; dynamic_dirt-fabric-26.2_1.61.0.jar
[2026, 9, 28, 9, 17, 49] ;;; release; dynamic_dirt-fabric-26.3_1.61.0.jar
[2026, 9, 28, 9, 17, 49] ;;; release; dynamic_dirt-forge-1.19.4_1.61.0.jar
[2026, 9, 28, 9, 17, 49] ;;; release; dynamic_dirt-forge-1.20.1_1.61.0.jar
[2026, 9, 28, 9, 17, 49] ;;; release; dynamic_dirt-neoforge-1.20.4_1.61.0.jar
[2026, 9, 28, 9, 17, 49] ;;; release; dynamic_dirt-neoforge-1.20.6_1.61.0.jar
[2026, 9, 28, 9, 17, 49] ;;; release; dynamic_dirt-neoforge-1.21.1_1.61.0.jar
[2026, 9, 28, 9, 17, 49] ;;; release; dynamic_dirt-neoforge-1.21.2_1.61.0.jar
[2026, 9, 28, 9, 17, 49] ;;; release; dynamic_dirt-neoforge-1.21.4_1.61.0.jar
[2026, 9, 28, 9, 17, 49] ;;; release; dynamic_dirt-neoforge-1.21.5_1.61.0.jar
[2026, 9, 28, 9, 17, 49] ;;; release; dynamic_dirt-neoforge-1.21.8_1.61.0.jar
[2026, 9, 28, 9, 17, 49] ;;; release; dynamic_dirt-neoforge-26.1_1.61.0.jar
[2026, 9, 28, 9, 17, 49] ;;; release; dynamic_dirt-neoforge-26.2_1.61.0.jar
[2026, 9, 28, 9, 17, 49] ;;; release; dynamic_dirt-neoforge-26.3_1.61.0.jar
[2026, 9, 28, 9, 17, 49] ;;; release; dynamic_ecosystems-fabric-1.21.8_1.61.0.jar
[2026, 9, 28, 9, 17, 49] ;;; release; dynamic_ecosystems-fabric-1.21.9_1.61.0.jar
[2026, 9, 28, 9, 17, 49] ;;; release; dynamic_ecosystems-fabric-26.1_1.61.0.jar
[2026, 9, 28, 9, 17, 49] ;;; release; dynamic_ecosystems-fabric-26.2_1.61.0.jar
[2026, 9, 28, 9, 17, 49] ;;; release; dynamic_ecosystems-fabric-26.3_1.61.0.jar
[2026, 9, 28, 9, 17, 49] ;;; release; dynamic_ecosystems-forge-1.19.4_1.61.0.jar
[2026, 9, 28, 9, 17, 49] ;;; release; dynamic_ecosystems-forge-1.20.1_1.61.0.jar
[2026, 9, 28, 9, 17, 49] ;;; release; dynamic_ecosystems-neoforge-1.20.4_1.61.0.jar
[2026, 9, 28, 9, 17, 49] ;;; release; dynamic_ecosystems-neoforge-1.20.6_1.61.0.jar
[2026, 9, 28, 9, 17, 49] ;;; release; dynamic_ecosystems-neoforge-1.21.1_1.61.0.jar
[2026, 9, 28, 9, 17, 49] ;;; release; dynamic_ecosystems-neoforge-1.21.2_1.61.0.jar
[2026, 9, 28, 9, 17, 49] ;;; release; dynamic_ecosystems-neoforge-1.21.4_1.61.0.jar
[2026, 9, 28, 9, 17, 49] ;;; release; dynamic_ecosystems-neoforge-1.21.5_1.61.0.jar
[2026, 9, 28, 9, 17, 49] ;;; release; dynamic_ecosystems-neoforge-1.21.8_1.61.0.jar
[2026, 9, 28, 9, 17, 49] ;;; release; dynamic_ecosystems-neoforge-26.1_1.61.0.jar
[2026, 9, 28, 9, 17, 49] ;;; release; dynamic_ecosystems-neoforge-26.2_1.61.0.jar
[2026, 9, 28, 9, 17, 49] ;;; release; dynamic_ecosystems-neoforge-26.3_1.61.0.jar
[2026, 9, 28, 9, 17, 49] ;;; release; dynamic_monsters-fabric-1.21.8_1.61.0.jar
[2026, 9, 28, 9, 17, 49] ;;; release; dynamic_monsters-fabric-1.21.9_1.61.0.jar
[2026, 9, 28, 9, 17, 49] ;;; release; dynamic_monsters-fabric-26.1_1.61.0.jar
[2026, 9, 28, 9, 17, 49] ;;; release; dynamic_monsters-fabric-26.2_1.61.0.jar
[2026, 9, 28, 9, 17, 49] ;;; release; dynamic_monsters-fabric-26.3_1.61.0.jar
[2026, 9, 28, 9, 17, 49] ;;; release; dynamic_monsters-forge-1.19.4_1.61.0.jar
[2026, 9, 28, 9, 17, 49] ;;; release; dynamic_monsters-forge-1.20.1_1.61.0.jar
[2026, 9, 28, 9, 17, 49] ;;; release; dynamic_monsters-neoforge-1.20.4_1.61.0.jar
[2026, 9, 28, 9, 17, 49] ;;; release; dynamic_monsters-neoforge-1.20.6_1.61.0.jar
[2026, 9, 28, 9, 17, 49] ;;; release; dynamic_monsters-neoforge-1.21.1_1.61.0.jar
[2026, 9, 28, 9, 17, 49] ;;; release; dynamic_monsters-neoforge-1.21.2_1.61.0.jar
[2026, 9, 28, 9, 17, 49] ;;; release; dynamic_monsters-neoforge-1.21.4_1.61.0.jar
[2026, 9, 28, 9, 17, 49] ;;; release; dynamic_monsters-neoforge-1.21.5_1.61.0.jar
[2026, 9, 28, 9, 17, 49] ;;; release; dynamic_monsters-neoforge-1.21.8_1.61.0.jar
[2026, 9, 28, 9, 17, 49] ;;; release; dynamic_monsters-neoforge-26.1_1.61.0.jar
[2026, 9, 28, 9, 17, 49] ;;; release; dynamic_monsters-neoforge-26.2_1.61.0.jar
[2026, 9, 28, 9, 17, 49] ;;; release; dynamic_monsters-neoforge-26.3_1.61.0.jar
[2026, 9, 28, 9, 17, 49] ;;; release; enhanced_survival-fabric-1.21.8_1.61.0.jar
[2026, 9, 28, 9, 17, 49] ;;; release; enhanced_survival-fabric-1.21.9_1.61.0.jar
[2026, 9, 28, 9, 17, 49] ;;; release; enhanced_survival-fabric-26.1_1.61.0.jar
[2026, 9, 28, 9, 17, 49] ;;; release; enhanced_survival-fabric-26.2_1.61.0.jar
[2026, 9, 28, 9, 17, 49] ;;; release; enhanced_survival-fabric-26.3_1.61.0.jar
[2026, 9, 28, 9, 17, 49] ;;; release; enhanced_survival-forge-1.19.4_1.61.0.jar
[2026, 9, 28, 9, 17, 49] ;;; release; enhanced_survival-forge-1.20.1_1.61.0.jar
[2026, 9, 28, 9, 17, 49] ;;; release; enhanced_survival-neoforge-1.20.4_1.61.0.jar
[2026, 9, 28, 9, 17, 49] ;;; release; enhanced_survival-neoforge-1.20.6_1.61.0.jar
[2026, 9, 28, 9, 17, 49] ;;; release; enhanced_survival-neoforge-1.21.1_1.61.0.jar
[2026, 9, 28, 9, 17, 49] ;;; release; enhanced_survival-neoforge-1.21.2_1.61.0.jar
[2026, 9, 28, 9, 17, 49] ;;; release; enhanced_survival-neoforge-1.21.4_1.61.0.jar
[2026, 9, 28, 9, 17, 49] ;;; release; enhanced_survival-neoforge-1.21.5_1.61.0.jar
[2026, 9, 28, 9, 17, 49] ;;; release; enhanced_survival-neoforge-1.21.8_1.61.0.jar
[2026, 9, 28, 9, 17, 49] ;;; release; enhanced_survival-neoforge-26.1_1.61.0.jar
[2026, 9, 28, 9, 17, 49] ;;; release; enhanced_survival-neoforge-26.2_1.61.0.jar
[2026, 9, 28, 9, 17, 49] ;;; release; enhanced_survival-neoforge-26.3_1.61.0.jar
[2026, 9, 28, 9, 17, 49] ;;; release; ghosts_and_ghouls-fabric-1.21.8_1.61.0.jar
[2026, 9, 28, 9, 17, 49] ;;; release; ghosts_and_ghouls-fabric-1.21.9_1.61.0.jar
[2026, 9, 28, 9, 17, 49] ;;; release; ghosts_and_ghouls-fabric-26.1_1.61.0.jar
[2026, 9, 28, 9, 17, 49] ;;; release; ghosts_and_ghouls-fabric-26.2_1.61.0.jar
[2026, 9, 28, 9, 17, 49] ;;; release; ghosts_and_ghouls-fabric-26.3_1.61.0.jar
[2026, 9, 28, 9, 17, 49] ;;; release; ghosts_and_ghouls-forge-1.19.4_1.61.0.jar
[2026, 9, 28, 9, 17, 49] ;;; release; ghosts_and_ghouls-forge-1.20.1_1.61.0.jar
[2026, 9, 28, 9, 17, 49] ;;; release; ghosts_and_ghouls-neoforge-1.20.4_1.61.0.jar
[2026, 9, 28, 9, 17, 49] ;;; release; ghosts_and_ghouls-neoforge-1.20.6_1.61.0.jar
[2026, 9, 28, 9, 17, 49] ;;; release; ghosts_and_ghouls-neoforge-1.21.1_1.61.0.jar
[2026, 9, 28, 9, 17, 49] ;;; release; ghosts_and_ghouls-neoforge-1.21.2_1.61.0.jar
[2026, 9, 28, 9, 17, 49] ;;; release; ghosts_and_ghouls-neoforge-1.21.4_1.61.0.jar
[2026, 9, 28, 9, 17, 49] ;;; release; ghosts_and_ghouls-neoforge-1.21.5_1.61.0.jar
[2026, 9, 28, 9, 17, 49] ;;; release; ghosts_and_ghouls-neoforge-1.21.8_1.61.0.jar
[2026, 9, 28, 9, 17, 49] ;;; release; ghosts_and_ghouls-neoforge-26.1_1.61.0.jar
[2026, 9, 28, 9, 17, 49] ;;; release; ghosts_and_ghouls-neoforge-26.2_1.61.0.jar
[2026, 9, 28, 9, 17, 49] ;;; release; ghosts_and_ghouls-neoforge-26.3_1.61.0.jar
[2026, 9, 28, 9, 17, 49] ;;; release; gothic_horror-fabric-1.21.8_1.61.0.jar
[2026, 9, 28, 9, 17, 49] ;;; release; gothic_horror-fabric-1.21.9_1.61.0.jar
[2026, 9, 28, 9, 17, 49] ;;; release; gothic_horror-fabric-26.1_1.61.0.jar
[2026, 9, 28, 9, 17, 49] ;;; release; gothic_horror-fabric-26.2_1.61.0.jar
[2026, 9, 28, 9, 17, 49] ;;; release; gothic_horror-fabric-26.3_1.61.0.jar
[2026, 9, 28, 9, 17, 49] ;;; release; gothic_horror-forge-1.19.4_1.61.0.jar
[2026, 9, 28, 9, 17, 49] ;;; release; gothic_horror-forge-1.20.1_1.61.0.jar
[2026, 9, 28, 9, 17, 49] ;;; release; gothic_horror-neoforge-1.20.4_1.61.0.jar
[2026, 9, 28, 9, 17, 49] ;;; release; gothic_horror-neoforge-1.20.6_1.61.0.jar
[2026, 9, 28, 9, 17, 49] ;;; release; gothic_horror-neoforge-1.21.1_1.61.0.jar
[2026, 9, 28, 9, 17, 49] ;;; release; gothic_horror-neoforge-1.21.2_1.61.0.jar
[2026, 9, 28, 9, 17, 49] ;;; release; gothic_horror-neoforge-1.21.4_1.61.0.jar
[2026, 9, 28, 9, 17, 49] ;;; release; gothic_horror-neoforge-1.21.5_1.61.0.jar
[2026, 9, 28, 9, 17, 49] ;;; release; gothic_horror-neoforge-1.21.8_1.61.0.jar
[2026, 9, 28, 9, 17, 49] ;;; release; gothic_horror-neoforge-26.1_1.61.0.jar
[2026, 9, 28, 9, 17, 49] ;;; release; gothic_horror-neoforge-26.2_1.61.0.jar
[2026, 9, 28, 9, 17, 49] ;;; release; gothic_horror-neoforge-26.3_1.61.0.jar
[2026, 9, 28, 9, 17, 49] ;;; release; gstools-fabric-1.21.8_1.61.0.jar
[2026, 9, 28, 9, 17, 49] ;;; release; gstools-fabric-1.21.9_1.61.0.jar
[2026, 9, 28, 9, 17, 49] ;;; release; gstools-fabric-26.1_1.61.0.jar
[2026, 9, 28, 9, 17, 49] ;;; release; gstools-fabric-26.2_1.61.0.jar
[2026, 9, 28, 9, 17, 49] ;;; release; gstools-fabric-26.3_1.61.0.jar
[2026, 9, 28, 9, 17, 49] ;;; release; gstools-forge-1.19.4_1.61.0.jar
[2026, 9, 28, 9, 17, 49] ;;; release; gstools-forge-1.20.1_1.61.0.jar
[2026, 9, 28, 9, 17, 49] ;;; release; gstools-neoforge-1.20.4_1.61.0.jar
[2026, 9, 28, 9, 17, 49] ;;; release; gstools-neoforge-1.20.6_1.61.0.jar
[2026, 9, 28, 9, 17, 49] ;;; release; gstools-neoforge-1.21.1_1.61.0.jar
[2026, 9, 28, 9, 17, 49] ;;; release; gstools-neoforge-1.21.2_1.61.0.jar
[2026, 9, 28, 9, 17, 49] ;;; release; gstools-neoforge-1.21.4_1.61.0.jar
[2026, 9, 28, 9, 17, 49] ;;; release; gstools-neoforge-1.21.5_1.61.0.jar
[2026, 9, 28, 9, 17, 49] ;;; release; gstools-neoforge-1.21.8_1.61.0.jar
[2026, 9, 28, 9, 17, 49] ;;; release; gstools-neoforge-26.1_1.61.0.jar
[2026, 9, 28, 9, 17, 49] ;;; release; gstools-neoforge-26.2_1.61.0.jar
[2026, 9, 28, 9, 17, 49] ;;; release; gstools-neoforge-26.3_1.61.0.jar
[2026, 9, 28, 9, 17, 49] ;;; release; life_and_death-fabric-1.21.8_1.61.0.jar
[2026, 9, 28, 9, 17, 49] ;;; release; life_and_death-fabric-1.21.9_1.61.0.jar
[2026, 9, 28, 9, 17, 49] ;;; release; life_and_death-fabric-26.1_1.61.0.jar
[2026, 9, 28, 9, 17, 49] ;;; release; life_and_death-fabric-26.2_1.61.0.jar
[2026, 9, 28, 9, 17, 49] ;;; release; life_and_death-fabric-26.3_1.61.0.jar
[2026, 9, 28, 9, 17, 49] ;;; release; life_and_death-forge-1.19.4_1.61.0.jar
[2026, 9, 28, 9, 17, 49] ;;; release; life_and_death-forge-1.20.1_1.61.0.jar
[2026, 9, 28, 9, 17, 49] ;;; release; life_and_death-neoforge-1.20.4_1.61.0.jar
[2026, 9, 28, 9, 17, 49] ;;; release; life_and_death-neoforge-1.20.6_1.61.0.jar
[2026, 9, 28, 9, 17, 49] ;;; release; life_and_death-neoforge-1.21.1_1.61.0.jar
[2026, 9, 28, 9, 17, 49] ;;; release; life_and_death-neoforge-1.21.2_1.61.0.jar
[2026, 9, 28, 9, 17, 49] ;;; release; life_and_death-neoforge-1.21.4_1.61.0.jar
[2026, 9, 28, 9, 17, 49] ;;; release; life_and_death-neoforge-1.21.5_1.61.0.jar
[2026, 9, 28, 9, 17, 49] ;;; release; life_and_death-neoforge-1.21.8_1.61.0.jar
[2026, 9, 28, 9, 17, 49] ;;; release; life_and_death-neoforge-26.1_1.61.0.jar
[2026, 9, 28, 9, 17, 49] ;;; release; life_and_death-neoforge-26.2_1.61.0.jar
[2026, 9, 28, 9, 17, 49] ;;; release; life_and_death-neoforge-26.3_1.61.0.jar
[2026, 9, 28, 9, 17, 49] ;;; release; undead_expanded-fabric-1.21.8_1.61.0.jar
[2026, 9, 28, 9, 17, 49] ;;; release; undead_expanded-fabric-1.21.9_1.61.0.jar
[2026, 9, 28, 9, 17, 49] ;;; release; undead_expanded-fabric-26.1_1.61.0.jar
[2026, 9, 28, 9, 17, 49] ;;; release; undead_expanded-fabric-26.2_1.61.0.jar
[2026, 9, 28, 9, 17, 49] ;;; release; undead_expanded-fabric-26.3_1.61.0.jar
[2026, 9, 28, 9, 17, 49] ;;; release; undead_expanded-forge-1.19.4_1.61.0.jar
[2026, 9, 28, 9, 17, 49] ;;; release; undead_expanded-forge-1.20.1_1.61.0.jar
[2026, 9, 28, 9, 17, 49] ;;; release; undead_expanded-neoforge-1.20.4_1.61.0.jar
[2026, 9, 28, 9, 17, 49] ;;; release; undead_expanded-neoforge-1.20.6_1.61.0.jar
[2026, 9, 28, 9, 17, 49] ;;; release; undead_expanded-neoforge-1.21.1_1.61.0.jar
[2026, 9, 28, 9, 17, 49] ;;; release; undead_expanded-neoforge-1.21.2_1.61.0.jar
[2026, 9, 28, 9, 17, 49] ;;; release; undead_expanded-neoforge-1.21.4_1.61.0.jar
[2026, 9, 28, 9, 17, 49] ;;; release; undead_expanded-neoforge-1.21.5_1.61.0.jar
[2026, 9, 28, 9, 17, 49] ;;; release; undead_expanded-neoforge-1.21.8_1.61.0.jar
[2026, 9, 28, 9, 17, 49] ;;; release; undead_expanded-neoforge-26.1_1.61.0.jar
[2026, 9, 28, 9, 17, 49] ;;; release; undead_expanded-neoforge-26.2_1.61.0.jar
[2026, 9, 28, 9, 17, 49] ;;; release; undead_expanded-neoforge-26.3_1.61.0.jar
[2026, 9, 28, 9, 17, 49] ;;; release; block_decay-fabric-1.21.10_1.61.0.jar
[2026, 9, 28, 9, 17, 49] ;;; release; block_decay-fabric-1.21.11_1.61.0.jar
[2026, 9, 28, 9, 17, 49] ;;; release; block_decay-fabric-1.21.8_1.61.0.jar
[2026, 9, 28, 9, 17, 49] ;;; release; block_decay-fabric-1.21.9_1.61.0.jar
[2026, 9, 28, 9, 17, 49] ;;; release; block_decay-fabric-26.1_1.61.0.jar
[2026, 9, 28, 9, 17, 49] ;;; release; block_decay-fabric-26.2_1.61.0.jar
[2026, 9, 28, 9, 17, 49] ;;; release; block_decay-fabric-26.3_1.61.0.jar
[2026, 9, 28, 9, 17, 49] ;;; release; block_decay-forge-1.19.4_1.61.0.jar
[2026, 9, 28, 9, 17, 49] ;;; release; block_decay-forge-1.20.1_1.61.0.jar
[2026, 9, 28, 9, 17, 49] ;;; release; block_decay-neoforge-1.20.4_1.61.0.jar
[2026, 9, 28, 9, 17, 49] ;;; release; block_decay-neoforge-1.20.6_1.61.0.jar
[2026, 9, 28, 9, 17, 49] ;;; release; block_decay-neoforge-1.21.10_1.61.0.jar
[2026, 9, 28, 9, 17, 49] ;;; release; block_decay-neoforge-1.21.11_1.61.0.jar
[2026, 9, 28, 9, 17, 49] ;;; release; block_decay-neoforge-1.21.1_1.61.0.jar
[2026, 9, 28, 9, 17, 49] ;;; release; block_decay-neoforge-1.21.2_1.61.0.jar
[2026, 9, 28, 9, 17, 49] ;;; release; block_decay-neoforge-1.21.4_1.61.0.jar
[2026, 9, 28, 9, 17, 49] ;;; release; block_decay-neoforge-1.21.5_1.61.0.jar
[2026, 9, 28, 9, 17, 49] ;;; release; block_decay-neoforge-1.21.8_1.61.0.jar
[2026, 9, 28, 9, 17, 49] ;;; release; block_decay-neoforge-1.21.9_1.61.0.jar
[2026, 9, 28, 9, 17, 49] ;;; release; block_decay-neoforge-1.21_1.61.0.jar
[2026, 9, 28, 9, 17, 49] ;;; release; block_decay-neoforge-26.1_1.61.0.jar
[2026, 9, 28, 9, 17, 49] ;;; release; block_decay-neoforge-26.2_1.61.0.jar
[2026, 9, 28, 9, 17, 49] ;;; release; block_decay-neoforge-26.3_1.61.0.jar
[2026, 9, 28, 9, 17, 49] ;;; release; desire_paths-fabric-1.21.8_1.61.0.jar
[2026, 9, 28, 9, 17, 49] ;;; release; desire_paths-fabric-1.21.9_1.61.0.jar
[2026, 9, 28, 9, 17, 49] ;;; release; desire_paths-fabric-26.1_1.61.0.jar
[2026, 9, 28, 9, 17, 49] ;;; release; desire_paths-fabric-26.2_1.61.0.jar
[2026, 9, 28, 9, 17, 49] ;;; release; desire_paths-fabric-26.3_1.61.0.jar
[2026, 9, 28, 9, 17, 49] ;;; release; desire_paths-forge-1.19.4_1.61.0.jar
[2026, 9, 28, 9, 17, 49] ;;; release; desire_paths-forge-1.20.1_1.61.0.jar
[2026, 9, 28, 9, 17, 49] ;;; release; desire_paths-neoforge-1.20.4_1.61.0.jar
[2026, 9, 28, 9, 17, 49] ;;; release; desire_paths-neoforge-1.20.6_1.61.0.jar
[2026, 9, 28, 9, 17, 49] ;;; release; desire_paths-neoforge-1.21.1_1.61.0.jar
[2026, 9, 28, 9, 17, 49] ;;; release; desire_paths-neoforge-1.21.2_1.61.0.jar
[2026, 9, 28, 9, 17, 49] ;;; release; desire_paths-neoforge-1.21.4_1.61.0.jar
[2026, 9, 28, 9, 17, 49] ;;; release; desire_paths-neoforge-1.21.5_1.61.0.jar
[2026, 9, 28, 9, 17, 49] ;;; release; desire_paths-neoforge-1.21.8_1.61.0.jar
[2026, 9, 28, 9, 17, 49] ;;; release; desire_paths-neoforge-26.1_1.61.0.jar
[2026, 9, 28, 9, 17, 49] ;;; release; desire_paths-neoforge-26.2_1.61.0.jar
[2026, 9, 28, 9, 17, 49] ;;; release; desire_paths-neoforge-26.3_1.61.0.jar
[2026, 9, 28, 9, 17, 49] ;;; release; dynamic_dirt-fabric-1.21.8_1.61.0.jar
[2026, 9, 28, 9, 17, 49] ;;; release; .\releases\1.61.0\dynamic_dirt-fabric-1.21.8_1.61.0.jardynamic_dirtfabric1.21.8dynamic_dirt fabric 1.21.8 1.61.0
[2026, 9, 28, 9, 17, 53] ;;; release; dynamic_dirt-fabric-1.21.9_1.61.0.jar
[2026, 9, 28, 9, 17, 53] ;;; release; .\releases\1.61.0\dynamic_dirt-fabric-1.21.9_1.61.0.jardynamic_dirtfabric1.21.9dynamic_dirt fabric 1.21.9 1.61.0
[2026, 9, 28, 9, 17, 57] ;;; release; dynamic_dirt-fabric-26.1_1.61.0.jar
[2026, 9, 28, 9, 17, 57] ;;; release; .\releases\1.61.0\dynamic_dirt-fabric-26.1_1.61.0.jardynamic_dirtfabric26.1dynamic_dirt fabric 26.1 1.61.0
[2026, 9, 28, 9, 18, 1] ;;; release; dynamic_dirt-fabric-26.2_1.61.0.jar
[2026, 9, 28, 9, 18, 1] ;;; release; .\releases\1.61.0\dynamic_dirt-fabric-26.2_1.61.0.jardynamic_dirtfabric26.2dynamic_dirt fabric 26.2 1.61.0
[2026, 9, 28, 9, 18, 5] ;;; release; dynamic_dirt-fabric-26.3_1.61.0.jar
[2026, 9, 28, 9, 18, 5] ;;; release; dynamic_dirt-forge-1.19.4_1.61.0.jar
[2026, 9, 28, 9, 18, 5] ;;; release; .\releases\1.61.0\dynamic_dirt-forge-1.19.4_1.61.0.jardynamic_dirtforge1.19.4dynamic_dirt forge 1.19.4 1.61.0
[2026, 9, 28, 9, 18, 9] ;;; release; dynamic_dirt-forge-1.20.1_1.61.0.jar
[2026, 9, 28, 9, 18, 9] ;;; release; dynamic_dirt-neoforge-1.20.4_1.61.0.jar
[2026, 9, 28, 9, 18, 9] ;;; release; .\releases\1.61.0\dynamic_dirt-neoforge-1.20.4_1.61.0.jardynamic_dirtneoforge1.20.4dynamic_dirt neoforge 1.20.4 1.61.0
[2026, 9, 28, 9, 18, 12] ;;; release; dynamic_dirt-neoforge-1.20.6_1.61.0.jar
[2026, 9, 28, 9, 18, 12] ;;; release; .\releases\1.61.0\dynamic_dirt-neoforge-1.20.6_1.61.0.jardynamic_dirtneoforge1.20.6dynamic_dirt neoforge 1.20.6 1.61.0
[2026, 9, 28, 9, 18, 15] ;;; release; dynamic_dirt-neoforge-1.21.1_1.61.0.jar
[2026, 9, 28, 9, 18, 15] ;;; release; .\releases\1.61.0\dynamic_dirt-neoforge-1.21.1_1.61.0.jardynamic_dirtneoforge1.21.1dynamic_dirt neoforge 1.21.1 1.61.0
[2026, 9, 28, 9, 18, 19] ;;; release; dynamic_dirt-neoforge-1.21.2_1.61.0.jar
[2026, 9, 28, 9, 18, 19] ;;; release; .\releases\1.61.0\dynamic_dirt-neoforge-1.21.2_1.61.0.jardynamic_dirtneoforge1.21.2dynamic_dirt neoforge 1.21.2 1.61.0
[2026, 9, 28, 9, 18, 22] ;;; release; dynamic_dirt-neoforge-1.21.4_1.61.0.jar
[2026, 9, 28, 9, 18, 22] ;;; release; .\releases\1.61.0\dynamic_dirt-neoforge-1.21.4_1.61.0.jardynamic_dirtneoforge1.21.4dynamic_dirt neoforge 1.21.4 1.61.0
[2026, 9, 28, 9, 18, 26] ;;; release; dynamic_dirt-neoforge-1.21.5_1.61.0.jar
[2026, 9, 28, 9, 18, 26] ;;; release; .\releases\1.61.0\dynamic_dirt-neoforge-1.21.5_1.61.0.jardynamic_dirtneoforge1.21.5dynamic_dirt neoforge 1.21.5 1.61.0
[2026, 9, 28, 9, 18, 29] ;;; release; dynamic_dirt-neoforge-1.21.8_1.61.0.jar
[2026, 9, 28, 9, 18, 29] ;;; release; .\releases\1.61.0\dynamic_dirt-neoforge-1.21.8_1.61.0.jardynamic_dirtneoforge1.21.8dynamic_dirt neoforge 1.21.8 1.61.0
[2026, 9, 28, 9, 18, 33] ;;; release; dynamic_dirt-neoforge-26.1_1.61.0.jar
[2026, 9, 28, 9, 18, 33] ;;; release; .\releases\1.61.0\dynamic_dirt-neoforge-26.1_1.61.0.jardynamic_dirtneoforge26.1dynamic_dirt neoforge 26.1 1.61.0
[2026, 9, 28, 9, 18, 36] ;;; release; dynamic_dirt-neoforge-26.2_1.61.0.jar
[2026, 9, 28, 9, 18, 36] ;;; release; dynamic_dirt-neoforge-26.3_1.61.0.jar
[2026, 9, 28, 9, 18, 36] ;;; release; dynamic_ecosystems-fabric-1.21.8_1.61.0.jar
[2026, 9, 28, 9, 18, 36] ;;; release; dynamic_ecosystems-fabric-1.21.9_1.61.0.jar
[2026, 9, 28, 9, 18, 36] ;;; release; dynamic_ecosystems-fabric-26.1_1.61.0.jar
[2026, 9, 28, 9, 18, 36] ;;; release; dynamic_ecosystems-fabric-26.2_1.61.0.jar
[2026, 9, 28, 9, 18, 36] ;;; release; dynamic_ecosystems-fabric-26.3_1.61.0.jar
[2026, 9, 28, 9, 18, 36] ;;; release; dynamic_ecosystems-forge-1.19.4_1.61.0.jar
[2026, 9, 28, 9, 18, 36] ;;; release; dynamic_ecosystems-forge-1.20.1_1.61.0.jar
[2026, 9, 28, 9, 18, 36] ;;; release; dynamic_ecosystems-neoforge-1.20.4_1.61.0.jar
[2026, 9, 28, 9, 18, 36] ;;; release; dynamic_ecosystems-neoforge-1.20.6_1.61.0.jar
[2026, 9, 28, 9, 18, 36] ;;; release; dynamic_ecosystems-neoforge-1.21.1_1.61.0.jar
[2026, 9, 28, 9, 18, 36] ;;; release; dynamic_ecosystems-neoforge-1.21.2_1.61.0.jar
[2026, 9, 28, 9, 18, 36] ;;; release; dynamic_ecosystems-neoforge-1.21.4_1.61.0.jar
[2026, 9, 28, 9, 18, 36] ;;; release; dynamic_ecosystems-neoforge-1.21.5_1.61.0.jar
[2026, 9, 28, 9, 18, 36] ;;; release; dynamic_ecosystems-neoforge-1.21.8_1.61.0.jar
[2026, 9, 28, 9, 18, 36] ;;; release; dynamic_ecosystems-neoforge-26.1_1.61.0.jar
[2026, 9, 28, 9, 18, 36] ;;; release; dynamic_ecosystems-neoforge-26.2_1.61.0.jar
[2026, 9, 28, 9, 18, 36] ;;; release; dynamic_ecosystems-neoforge-26.3_1.61.0.jar
[2026, 9, 28, 9, 18, 36] ;;; release; dynamic_monsters-fabric-1.21.8_1.61.0.jar
[2026, 9, 28, 9, 18, 36] ;;; release; dynamic_monsters-fabric-1.21.9_1.61.0.jar
[2026, 9, 28, 9, 18, 36] ;;; release; dynamic_monsters-fabric-26.1_1.61.0.jar
[2026, 9, 28, 9, 18, 36] ;;; release; dynamic_monsters-fabric-26.2_1.61.0.jar
[2026, 9, 28, 9, 18, 36] ;;; release; dynamic_monsters-fabric-26.3_1.61.0.jar
[2026, 9, 28, 9, 18, 36] ;;; release; dynamic_monsters-forge-1.19.4_1.61.0.jar
[2026, 9, 28, 9, 18, 36] ;;; release; dynamic_monsters-forge-1.20.1_1.61.0.jar
[2026, 9, 28, 9, 18, 36] ;;; release; dynamic_monsters-neoforge-1.20.4_1.61.0.jar
[2026, 9, 28, 9, 18, 36] ;;; release; dynamic_monsters-neoforge-1.20.6_1.61.0.jar
[2026, 9, 28, 9, 18, 36] ;;; release; dynamic_monsters-neoforge-1.21.1_1.61.0.jar
[2026, 9, 28, 9, 18, 36] ;;; release; dynamic_monsters-neoforge-1.21.2_1.61.0.jar
[2026, 9, 28, 9, 18, 36] ;;; release; dynamic_monsters-neoforge-1.21.4_1.61.0.jar
[2026, 9, 28, 9, 18, 36] ;;; release; dynamic_monsters-neoforge-1.21.5_1.61.0.jar
[2026, 9, 28, 9, 18, 36] ;;; release; dynamic_monsters-neoforge-1.21.8_1.61.0.jar
[2026, 9, 28, 9, 18, 36] ;;; release; dynamic_monsters-neoforge-26.1_1.61.0.jar
[2026, 9, 28, 9, 18, 36] ;;; release; dynamic_monsters-neoforge-26.2_1.61.0.jar
[2026, 9, 28, 9, 18, 36] ;;; release; dynamic_monsters-neoforge-26.3_1.61.0.jar
[2026, 9, 28, 9, 18, 36] ;;; release; enhanced_survival-fabric-1.21.8_1.61.0.jar
[2026, 9, 28, 9, 18, 36] ;;; release; enhanced_survival-fabric-1.21.9_1.61.0.jar
[2026, 9, 28, 9, 18, 36] ;;; release; enhanced_survival-fabric-26.1_1.61.0.jar
[2026, 9, 28, 9, 18, 36] ;;; release; enhanced_survival-fabric-26.2_1.61.0.jar
[2026, 9, 28, 9, 18, 36] ;;; release; enhanced_survival-fabric-26.3_1.61.0.jar
[2026, 9, 28, 9, 18, 36] ;;; release; enhanced_survival-forge-1.19.4_1.61.0.jar
[2026, 9, 28, 9, 18, 36] ;;; release; enhanced_survival-forge-1.20.1_1.61.0.jar
[2026, 9, 28, 9, 18, 36] ;;; release; enhanced_survival-neoforge-1.20.4_1.61.0.jar
[2026, 9, 28, 9, 18, 36] ;;; release; enhanced_survival-neoforge-1.20.6_1.61.0.jar
[2026, 9, 28, 9, 18, 36] ;;; release; enhanced_survival-neoforge-1.21.1_1.61.0.jar
[2026, 9, 28, 9, 18, 36] ;;; release; enhanced_survival-neoforge-1.21.2_1.61.0.jar
[2026, 9, 28, 9, 18, 36] ;;; release; enhanced_survival-neoforge-1.21.4_1.61.0.jar
[2026, 9, 28, 9, 18, 36] ;;; release; enhanced_survival-neoforge-1.21.5_1.61.0.jar
[2026, 9, 28, 9, 18, 36] ;;; release; enhanced_survival-neoforge-1.21.8_1.61.0.jar
[2026, 9, 28, 9, 18, 36] ;;; release; enhanced_survival-neoforge-26.1_1.61.0.jar
[2026, 9, 28, 9, 18, 36] ;;; release; enhanced_survival-neoforge-26.2_1.61.0.jar
[2026, 9, 28, 9, 18, 36] ;;; release; enhanced_survival-neoforge-26.3_1.61.0.jar
[2026, 9, 28, 9, 18, 36] ;;; release; ghosts_and_ghouls-fabric-1.21.8_1.61.0.jar
[2026, 9, 28, 9, 18, 36] ;;; release; ghosts_and_ghouls-fabric-1.21.9_1.61.0.jar
[2026, 9, 28, 9, 18, 36] ;;; release; ghosts_and_ghouls-fabric-26.1_1.61.0.jar
[2026, 9, 28, 9, 18, 36] ;;; release; ghosts_and_ghouls-fabric-26.2_1.61.0.jar
[2026, 9, 28, 9, 18, 36] ;;; release; ghosts_and_ghouls-fabric-26.3_1.61.0.jar
[2026, 9, 28, 9, 18, 36] ;;; release; ghosts_and_ghouls-forge-1.19.4_1.61.0.jar
[2026, 9, 28, 9, 18, 36] ;;; release; ghosts_and_ghouls-forge-1.20.1_1.61.0.jar
[2026, 9, 28, 9, 18, 36] ;;; release; ghosts_and_ghouls-neoforge-1.20.4_1.61.0.jar
[2026, 9, 28, 9, 18, 36] ;;; release; ghosts_and_ghouls-neoforge-1.20.6_1.61.0.jar
[2026, 9, 28, 9, 18, 36] ;;; release; ghosts_and_ghouls-neoforge-1.21.1_1.61.0.jar
[2026, 9, 28, 9, 18, 36] ;;; release; ghosts_and_ghouls-neoforge-1.21.2_1.61.0.jar
[2026, 9, 28, 9, 18, 36] ;;; release; ghosts_and_ghouls-neoforge-1.21.4_1.61.0.jar
[2026, 9, 28, 9, 18, 36] ;;; release; ghosts_and_ghouls-neoforge-1.21.5_1.61.0.jar
[2026, 9, 28, 9, 18, 36] ;;; release; ghosts_and_ghouls-neoforge-1.21.8_1.61.0.jar
[2026, 9, 28, 9, 18, 36] ;;; release; ghosts_and_ghouls-neoforge-26.1_1.61.0.jar
[2026, 9, 28, 9, 18, 36] ;;; release; ghosts_and_ghouls-neoforge-26.2_1.61.0.jar
[2026, 9, 28, 9, 18, 36] ;;; release; ghosts_and_ghouls-neoforge-26.3_1.61.0.jar
[2026, 9, 28, 9, 18, 36] ;;; release; gothic_horror-fabric-1.21.8_1.61.0.jar
[2026, 9, 28, 9, 18, 36] ;;; release; gothic_horror-fabric-1.21.9_1.61.0.jar
[2026, 9, 28, 9, 18, 36] ;;; release; gothic_horror-fabric-26.1_1.61.0.jar
[2026, 9, 28, 9, 18, 36] ;;; release; gothic_horror-fabric-26.2_1.61.0.jar
[2026, 9, 28, 9, 18, 36] ;;; release; gothic_horror-fabric-26.3_1.61.0.jar
[2026, 9, 28, 9, 18, 36] ;;; release; gothic_horror-forge-1.19.4_1.61.0.jar
[2026, 9, 28, 9, 18, 36] ;;; release; gothic_horror-forge-1.20.1_1.61.0.jar
[2026, 9, 28, 9, 18, 36] ;;; release; gothic_horror-neoforge-1.20.4_1.61.0.jar
[2026, 9, 28, 9, 18, 37] ;;; release; gothic_horror-neoforge-1.20.6_1.61.0.jar
[2026, 9, 28, 9, 18, 37] ;;; release; gothic_horror-neoforge-1.21.1_1.61.0.jar
[2026, 9, 28, 9, 18, 37] ;;; release; gothic_horror-neoforge-1.21.2_1.61.0.jar
[2026, 9, 28, 9, 18, 37] ;;; release; gothic_horror-neoforge-1.21.4_1.61.0.jar
[2026, 9, 28, 9, 18, 37] ;;; release; gothic_horror-neoforge-1.21.5_1.61.0.jar
[2026, 9, 28, 9, 18, 37] ;;; release; gothic_horror-neoforge-1.21.8_1.61.0.jar
[2026, 9, 28, 9, 18, 37] ;;; release; gothic_horror-neoforge-26.1_1.61.0.jar
[2026, 9, 28, 9, 18, 37] ;;; release; gothic_horror-neoforge-26.2_1.61.0.jar
[2026, 9, 28, 9, 18, 37] ;;; release; gothic_horror-neoforge-26.3_1.61.0.jar
[2026, 9, 28, 9, 18, 37] ;;; release; gstools-fabric-1.21.8_1.61.0.jar
[2026, 9, 28, 9, 18, 37] ;;; release; gstools-fabric-1.21.9_1.61.0.jar
[2026, 9, 28, 9, 18, 37] ;;; release; gstools-fabric-26.1_1.61.0.jar
[2026, 9, 28, 9, 18, 37] ;;; release; gstools-fabric-26.2_1.61.0.jar
[2026, 9, 28, 9, 18, 37] ;;; release; gstools-fabric-26.3_1.61.0.jar
[2026, 9, 28, 9, 18, 37] ;;; release; gstools-forge-1.19.4_1.61.0.jar
[2026, 9, 28, 9, 18, 37] ;;; release; gstools-forge-1.20.1_1.61.0.jar
[2026, 9, 28, 9, 18, 37] ;;; release; gstools-neoforge-1.20.4_1.61.0.jar
[2026, 9, 28, 9, 18, 37] ;;; release; gstools-neoforge-1.20.6_1.61.0.jar
[2026, 9, 28, 9, 18, 37] ;;; release; gstools-neoforge-1.21.1_1.61.0.jar
[2026, 9, 28, 9, 18, 37] ;;; release; gstools-neoforge-1.21.2_1.61.0.jar
[2026, 9, 28, 9, 18, 37] ;;; release; gstools-neoforge-1.21.4_1.61.0.jar
[2026, 9, 28, 9, 18, 37] ;;; release; gstools-neoforge-1.21.5_1.61.0.jar
[2026, 9, 28, 9, 18, 37] ;;; release; gstools-neoforge-1.21.8_1.61.0.jar
[2026, 9, 28, 9, 18, 37] ;;; release; gstools-neoforge-26.1_1.61.0.jar
[2026, 9, 28, 9, 18, 37] ;;; release; gstools-neoforge-26.2_1.61.0.jar
[2026, 9, 28, 9, 18, 37] ;;; release; gstools-neoforge-26.3_1.61.0.jar
[2026, 9, 28, 9, 18, 37] ;;; release; life_and_death-fabric-1.21.8_1.61.0.jar
[2026, 9, 28, 9, 18, 37] ;;; release; life_and_death-fabric-1.21.9_1.61.0.jar
[2026, 9, 28, 9, 18, 37] ;;; release; life_and_death-fabric-26.1_1.61.0.jar
[2026, 9, 28, 9, 18, 37] ;;; release; life_and_death-fabric-26.2_1.61.0.jar
[2026, 9, 28, 9, 18, 37] ;;; release; life_and_death-fabric-26.3_1.61.0.jar
[2026, 9, 28, 9, 18, 37] ;;; release; life_and_death-forge-1.19.4_1.61.0.jar
[2026, 9, 28, 9, 18, 37] ;;; release; life_and_death-forge-1.20.1_1.61.0.jar
[2026, 9, 28, 9, 18, 37] ;;; release; life_and_death-neoforge-1.20.4_1.61.0.jar
[2026, 9, 28, 9, 18, 37] ;;; release; life_and_death-neoforge-1.20.6_1.61.0.jar
[2026, 9, 28, 9, 18, 37] ;;; release; life_and_death-neoforge-1.21.1_1.61.0.jar
[2026, 9, 28, 9, 18, 37] ;;; release; life_and_death-neoforge-1.21.2_1.61.0.jar
[2026, 9, 28, 9, 18, 37] ;;; release; life_and_death-neoforge-1.21.4_1.61.0.jar
[2026, 9, 28, 9, 18, 37] ;;; release; life_and_death-neoforge-1.21.5_1.61.0.jar
[2026, 9, 28, 9, 18, 37] ;;; release; life_and_death-neoforge-1.21.8_1.61.0.jar
[2026, 9, 28, 9, 18, 37] ;;; release; life_and_death-neoforge-26.1_1.61.0.jar
[2026, 9, 28, 9, 18, 37] ;;; release; life_and_death-neoforge-26.2_1.61.0.jar
[2026, 9, 28, 9, 18, 37] ;;; release; life_and_death-neoforge-26.3_1.61.0.jar
[2026, 9, 28, 9, 18, 37] ;;; release; undead_expanded-fabric-1.21.8_1.61.0.jar
[2026, 9, 28, 9, 18, 37] ;;; release; undead_expanded-fabric-1.21.9_1.61.0.jar
[2026, 9, 28, 9, 18, 37] ;;; release; undead_expanded-fabric-26.1_1.61.0.jar
[2026, 9, 28, 9, 18, 37] ;;; release; undead_expanded-fabric-26.2_1.61.0.jar
[2026, 9, 28, 9, 18, 37] ;;; release; undead_expanded-fabric-26.3_1.61.0.jar
[2026, 9, 28, 9, 18, 37] ;;; release; undead_expanded-forge-1.19.4_1.61.0.jar
[2026, 9, 28, 9, 18, 37] ;;; release; undead_expanded-forge-1.20.1_1.61.0.jar
[2026, 9, 28, 9, 18, 37] ;;; release; undead_expanded-neoforge-1.20.4_1.61.0.jar
[2026, 9, 28, 9, 18, 37] ;;; release; undead_expanded-neoforge-1.20.6_1.61.0.jar
[2026, 9, 28, 9, 18, 37] ;;; release; undead_expanded-neoforge-1.21.1_1.61.0.jar
[2026, 9, 28, 9, 18, 37] ;;; release; undead_expanded-neoforge-1.21.2_1.61.0.jar
[2026, 9, 28, 9, 18, 37] ;;; release; undead_expanded-neoforge-1.21.4_1.61.0.jar
[2026, 9, 28, 9, 18, 37] ;;; release; undead_expanded-neoforge-1.21.5_1.61.0.jar
[2026, 9, 28, 9, 18, 37] ;;; release; undead_expanded-neoforge-1.21.8_1.61.0.jar
[2026, 9, 28, 9, 18, 37] ;;; release; undead_expanded-neoforge-26.1_1.61.0.jar
[2026, 9, 28, 9, 18, 37] ;;; release; undead_expanded-neoforge-26.2_1.61.0.jar
[2026, 9, 28, 9, 18, 37] ;;; release; undead_expanded-neoforge-26.3_1.61.0.jar
[2026, 9, 28, 9, 18, 37] ;;; release; block_decay-fabric-1.21.10_1.61.0.jar
[2026, 9, 28, 9, 18, 37] ;;; release; block_decay-fabric-1.21.11_1.61.0.jar
[2026, 9, 28, 9, 18, 37] ;;; release; block_decay-fabric-1.21.8_1.61.0.jar
[2026, 9, 28, 9, 18, 37] ;;; release; block_decay-fabric-1.21.9_1.61.0.jar
[2026, 9, 28, 9, 18, 37] ;;; release; block_decay-fabric-26.1_1.61.0.jar
[2026, 9, 28, 9, 18, 37] ;;; release; block_decay-fabric-26.2_1.61.0.jar
[2026, 9, 28, 9, 18, 37] ;;; release; block_decay-fabric-26.3_1.61.0.jar
[2026, 9, 28, 9, 18, 37] ;;; release; block_decay-forge-1.19.4_1.61.0.jar
[2026, 9, 28, 9, 18, 37] ;;; release; block_decay-forge-1.20.1_1.61.0.jar
[2026, 9, 28, 9, 18, 37] ;;; release; block_decay-neoforge-1.20.4_1.61.0.jar
[2026, 9, 28, 9, 18, 37] ;;; release; block_decay-neoforge-1.20.6_1.61.0.jar
[2026, 9, 28, 9, 18, 37] ;;; release; block_decay-neoforge-1.21.10_1.61.0.jar
[2026, 9, 28, 9, 18, 37] ;;; release; block_decay-neoforge-1.21.11_1.61.0.jar
[2026, 9, 28, 9, 18, 37] ;;; release; block_decay-neoforge-1.21.1_1.61.0.jar
[2026, 9, 28, 9, 18, 37] ;;; release; block_decay-neoforge-1.21.2_1.61.0.jar
[2026, 9, 28, 9, 18, 37] ;;; release; block_decay-neoforge-1.21.4_1.61.0.jar
[2026, 9, 28, 9, 18, 37] ;;; release; block_decay-neoforge-1.21.5_1.61.0.jar
[2026, 9, 28, 9, 18, 37] ;;; release; block_decay-neoforge-1.21.8_1.61.0.jar
[2026, 9, 28, 9, 18, 37] ;;; release; block_decay-neoforge-1.21.9_1.61.0.jar
[2026, 9, 28, 9, 18, 37] ;;; release; block_decay-neoforge-1.21_1.61.0.jar
[2026, 9, 28, 9, 18, 37] ;;; release; block_decay-neoforge-26.1_1.61.0.jar
[2026, 9, 28, 9, 18, 37] ;;; release; block_decay-neoforge-26.2_1.61.0.jar
[2026, 9, 28, 9, 18, 37] ;;; release; block_decay-neoforge-26.3_1.61.0.jar
[2026, 9, 28, 9, 18, 37] ;;; release; desire_paths-fabric-1.21.8_1.61.0.jar
[2026, 9, 28, 9, 18, 37] ;;; release; desire_paths-fabric-1.21.9_1.61.0.jar
[2026, 9, 28, 9, 18, 37] ;;; release; desire_paths-fabric-26.1_1.61.0.jar
[2026, 9, 28, 9, 18, 37] ;;; release; desire_paths-fabric-26.2_1.61.0.jar
[2026, 9, 28, 9, 18, 37] ;;; release; desire_paths-fabric-26.3_1.61.0.jar
[2026, 9, 28, 9, 18, 37] ;;; release; desire_paths-forge-1.19.4_1.61.0.jar
[2026, 9, 28, 9, 18, 37] ;;; release; desire_paths-forge-1.20.1_1.61.0.jar
[2026, 9, 28, 9, 18, 37] ;;; release; desire_paths-neoforge-1.20.4_1.61.0.jar
[2026, 9, 28, 9, 18, 37] ;;; release; desire_paths-neoforge-1.20.6_1.61.0.jar
[2026, 9, 28, 9, 18, 37] ;;; release; desire_paths-neoforge-1.21.1_1.61.0.jar
[2026, 9, 28, 9, 18, 37] ;;; release; desire_paths-neoforge-1.21.2_1.61.0.jar
[2026, 9, 28, 9, 18, 37] ;;; release; desire_paths-neoforge-1.21.4_1.61.0.jar
[2026, 9, 28, 9, 18, 37] ;;; release; desire_paths-neoforge-1.21.5_1.61.0.jar
[2026, 9, 28, 9, 18, 37] ;;; release; desire_paths-neoforge-1.21.8_1.61.0.jar
[2026, 9, 28, 9, 18, 37] ;;; release; desire_paths-neoforge-26.1_1.61.0.jar
[2026, 9, 28, 9, 18, 37] ;;; release; desire_paths-neoforge-26.2_1.61.0.jar
[2026, 9, 28, 9, 18, 37] ;;; release; desire_paths-neoforge-26.3_1.61.0.jar
[2026, 9, 28, 9, 18, 37] ;;; release; dynamic_dirt-fabric-1.21.8_1.61.0.jar
[2026, 9, 28, 9, 18, 37] ;;; release; dynamic_dirt-fabric-1.21.9_1.61.0.jar
[2026, 9, 28, 9, 18, 37] ;;; release; dynamic_dirt-fabric-26.1_1.61.0.jar
[2026, 9, 28, 9, 18, 37] ;;; release; dynamic_dirt-fabric-26.2_1.61.0.jar
[2026, 9, 28, 9, 18, 37] ;;; release; dynamic_dirt-fabric-26.3_1.61.0.jar
[2026, 9, 28, 9, 18, 37] ;;; release; dynamic_dirt-forge-1.19.4_1.61.0.jar
[2026, 9, 28, 9, 18, 37] ;;; release; dynamic_dirt-forge-1.20.1_1.61.0.jar
[2026, 9, 28, 9, 18, 37] ;;; release; dynamic_dirt-neoforge-1.20.4_1.61.0.jar
[2026, 9, 28, 9, 18, 37] ;;; release; dynamic_dirt-neoforge-1.20.6_1.61.0.jar
[2026, 9, 28, 9, 18, 37] ;;; release; dynamic_dirt-neoforge-1.21.1_1.61.0.jar
[2026, 9, 28, 9, 18, 37] ;;; release; dynamic_dirt-neoforge-1.21.2_1.61.0.jar
[2026, 9, 28, 9, 18, 37] ;;; release; dynamic_dirt-neoforge-1.21.4_1.61.0.jar
[2026, 9, 28, 9, 18, 37] ;;; release; dynamic_dirt-neoforge-1.21.5_1.61.0.jar
[2026, 9, 28, 9, 18, 37] ;;; release; dynamic_dirt-neoforge-1.21.8_1.61.0.jar
[2026, 9, 28, 9, 18, 37] ;;; release; dynamic_dirt-neoforge-26.1_1.61.0.jar
[2026, 9, 28, 9, 18, 37] ;;; release; dynamic_dirt-neoforge-26.2_1.61.0.jar
[2026, 9, 28, 9, 18, 37] ;;; release; dynamic_dirt-neoforge-26.3_1.61.0.jar
[2026, 9, 28, 9, 18, 37] ;;; release; dynamic_ecosystems-fabric-1.21.8_1.61.0.jar
[2026, 9, 28, 9, 18, 37] ;;; release; dynamic_ecosystems-fabric-1.21.9_1.61.0.jar
[2026, 9, 28, 9, 18, 37] ;;; release; dynamic_ecosystems-fabric-26.1_1.61.0.jar
[2026, 9, 28, 9, 18, 37] ;;; release; dynamic_ecosystems-fabric-26.2_1.61.0.jar
[2026, 9, 28, 9, 18, 37] ;;; release; dynamic_ecosystems-fabric-26.3_1.61.0.jar
[2026, 9, 28, 9, 18, 37] ;;; release; dynamic_ecosystems-forge-1.19.4_1.61.0.jar
[2026, 9, 28, 9, 18, 37] ;;; release; dynamic_ecosystems-forge-1.20.1_1.61.0.jar
[2026, 9, 28, 9, 18, 37] ;;; release; dynamic_ecosystems-neoforge-1.20.4_1.61.0.jar
[2026, 9, 28, 9, 18, 37] ;;; release; dynamic_ecosystems-neoforge-1.20.6_1.61.0.jar
[2026, 9, 28, 9, 18, 37] ;;; release; dynamic_ecosystems-neoforge-1.21.1_1.61.0.jar
[2026, 9, 28, 9, 18, 37] ;;; release; dynamic_ecosystems-neoforge-1.21.2_1.61.0.jar
[2026, 9, 28, 9, 18, 37] ;;; release; dynamic_ecosystems-neoforge-1.21.4_1.61.0.jar
[2026, 9, 28, 9, 18, 37] ;;; release; dynamic_ecosystems-neoforge-1.21.5_1.61.0.jar
[2026, 9, 28, 9, 18, 37] ;;; release; dynamic_ecosystems-neoforge-1.21.8_1.61.0.jar
[2026, 9, 28, 9, 18, 37] ;;; release; dynamic_ecosystems-neoforge-26.1_1.61.0.jar
[2026, 9, 28, 9, 18, 37] ;;; release; dynamic_ecosystems-neoforge-26.2_1.61.0.jar
[2026, 9, 28, 9, 18, 37] ;;; release; dynamic_ecosystems-neoforge-26.3_1.61.0.jar
[2026, 9, 28, 9, 18, 37] ;;; release; dynamic_monsters-fabric-1.21.8_1.61.0.jar
[2026, 9, 28, 9, 18, 37] ;;; release; .\releases\1.61.0\dynamic_monsters-fabric-1.21.8_1.61.0.jardynamic_monstersfabric1.21.8dynamic_monsters fabric 1.21.8 1.61.0
[2026, 9, 28, 9, 18, 43] ;;; release; dynamic_monsters-fabric-1.21.9_1.61.0.jar
[2026, 9, 28, 9, 18, 43] ;;; release; .\releases\1.61.0\dynamic_monsters-fabric-1.21.9_1.61.0.jardynamic_monstersfabric1.21.9dynamic_monsters fabric 1.21.9 1.61.0
[2026, 9, 28, 9, 18, 51] ;;; release; dynamic_monsters-fabric-26.1_1.61.0.jar
[2026, 9, 28, 9, 18, 51] ;;; release; .\releases\1.61.0\dynamic_monsters-fabric-26.1_1.61.0.jardynamic_monstersfabric26.1dynamic_monsters fabric 26.1 1.61.0
[2026, 9, 28, 9, 18, 57] ;;; release; dynamic_monsters-fabric-26.2_1.61.0.jar
[2026, 9, 28, 9, 18, 57] ;;; release; .\releases\1.61.0\dynamic_monsters-fabric-26.2_1.61.0.jardynamic_monstersfabric26.2dynamic_monsters fabric 26.2 1.61.0
[2026, 9, 28, 9, 19, 3] ;;; release; dynamic_monsters-fabric-26.3_1.61.0.jar
[2026, 9, 28, 9, 19, 3] ;;; release; dynamic_monsters-forge-1.19.4_1.61.0.jar
[2026, 9, 28, 9, 19, 3] ;;; release; .\releases\1.61.0\dynamic_monsters-forge-1.19.4_1.61.0.jardynamic_monstersforge1.19.4dynamic_monsters forge 1.19.4 1.61.0
[2026, 9, 28, 9, 19, 11] ;;; release; dynamic_monsters-forge-1.20.1_1.61.0.jar
[2026, 9, 28, 9, 19, 11] ;;; release; dynamic_monsters-neoforge-1.20.4_1.61.0.jar
[2026, 9, 28, 9, 19, 11] ;;; release; .\releases\1.61.0\dynamic_monsters-neoforge-1.20.4_1.61.0.jardynamic_monstersneoforge1.20.4dynamic_monsters neoforge 1.20.4 1.61.0
[2026, 9, 28, 9, 19, 19] ;;; release; dynamic_monsters-neoforge-1.20.6_1.61.0.jar
[2026, 9, 28, 9, 19, 19] ;;; release; .\releases\1.61.0\dynamic_monsters-neoforge-1.20.6_1.61.0.jardynamic_monstersneoforge1.20.6dynamic_monsters neoforge 1.20.6 1.61.0
[2026, 9, 28, 9, 19, 28] ;;; release; dynamic_monsters-neoforge-1.21.1_1.61.0.jar
[2026, 9, 28, 9, 19, 28] ;;; release; .\releases\1.61.0\dynamic_monsters-neoforge-1.21.1_1.61.0.jardynamic_monstersneoforge1.21.1dynamic_monsters neoforge 1.21.1 1.61.0
[2026, 9, 28, 9, 19, 34] ;;; release; dynamic_monsters-neoforge-1.21.2_1.61.0.jar
[2026, 9, 28, 9, 19, 34] ;;; release; .\releases\1.61.0\dynamic_monsters-neoforge-1.21.2_1.61.0.jardynamic_monstersneoforge1.21.2dynamic_monsters neoforge 1.21.2 1.61.0
[2026, 9, 28, 9, 19, 42] ;;; release; dynamic_monsters-neoforge-1.21.4_1.61.0.jar
[2026, 9, 28, 9, 19, 42] ;;; release; .\releases\1.61.0\dynamic_monsters-neoforge-1.21.4_1.61.0.jardynamic_monstersneoforge1.21.4dynamic_monsters neoforge 1.21.4 1.61.0
[2026, 9, 28, 9, 19, 50] ;;; release; dynamic_monsters-neoforge-1.21.5_1.61.0.jar
[2026, 9, 28, 9, 19, 50] ;;; release; .\releases\1.61.0\dynamic_monsters-neoforge-1.21.5_1.61.0.jardynamic_monstersneoforge1.21.5dynamic_monsters neoforge 1.21.5 1.61.0
[2026, 9, 28, 9, 19, 59] ;;; release; dynamic_monsters-neoforge-1.21.8_1.61.0.jar
[2026, 9, 28, 9, 19, 59] ;;; release; .\releases\1.61.0\dynamic_monsters-neoforge-1.21.8_1.61.0.jardynamic_monstersneoforge1.21.8dynamic_monsters neoforge 1.21.8 1.61.0
[2026, 9, 28, 9, 20, 10] ;;; release; dynamic_monsters-neoforge-26.1_1.61.0.jar
[2026, 9, 28, 9, 20, 10] ;;; release; .\releases\1.61.0\dynamic_monsters-neoforge-26.1_1.61.0.jardynamic_monstersneoforge26.1dynamic_monsters neoforge 26.1 1.61.0
[2026, 9, 28, 9, 20, 18] ;;; release; dynamic_monsters-neoforge-26.2_1.61.0.jar
[2026, 9, 28, 9, 20, 18] ;;; release; dynamic_monsters-neoforge-26.3_1.61.0.jar
[2026, 9, 28, 9, 20, 18] ;;; release; enhanced_survival-fabric-1.21.8_1.61.0.jar
[2026, 9, 28, 9, 20, 18] ;;; release; enhanced_survival-fabric-1.21.9_1.61.0.jar
[2026, 9, 28, 9, 20, 18] ;;; release; enhanced_survival-fabric-26.1_1.61.0.jar
[2026, 9, 28, 9, 20, 18] ;;; release; enhanced_survival-fabric-26.2_1.61.0.jar
[2026, 9, 28, 9, 20, 18] ;;; release; enhanced_survival-fabric-26.3_1.61.0.jar
[2026, 9, 28, 9, 20, 18] ;;; release; enhanced_survival-forge-1.19.4_1.61.0.jar
[2026, 9, 28, 9, 20, 18] ;;; release; enhanced_survival-forge-1.20.1_1.61.0.jar
[2026, 9, 28, 9, 20, 18] ;;; release; enhanced_survival-neoforge-1.20.4_1.61.0.jar
[2026, 9, 28, 9, 20, 18] ;;; release; enhanced_survival-neoforge-1.20.6_1.61.0.jar
[2026, 9, 28, 9, 20, 18] ;;; release; enhanced_survival-neoforge-1.21.1_1.61.0.jar
[2026, 9, 28, 9, 20, 18] ;;; release; enhanced_survival-neoforge-1.21.2_1.61.0.jar
[2026, 9, 28, 9, 20, 18] ;;; release; enhanced_survival-neoforge-1.21.4_1.61.0.jar
[2026, 9, 28, 9, 20, 18] ;;; release; enhanced_survival-neoforge-1.21.5_1.61.0.jar
[2026, 9, 28, 9, 20, 18] ;;; release; enhanced_survival-neoforge-1.21.8_1.61.0.jar
[2026, 9, 28, 9, 20, 18] ;;; release; enhanced_survival-neoforge-26.1_1.61.0.jar
[2026, 9, 28, 9, 20, 18] ;;; release; enhanced_survival-neoforge-26.2_1.61.0.jar
[2026, 9, 28, 9, 20, 18] ;;; release; enhanced_survival-neoforge-26.3_1.61.0.jar
[2026, 9, 28, 9, 20, 18] ;;; release; ghosts_and_ghouls-fabric-1.21.8_1.61.0.jar
[2026, 9, 28, 9, 20, 18] ;;; release; ghosts_and_ghouls-fabric-1.21.9_1.61.0.jar
[2026, 9, 28, 9, 20, 18] ;;; release; ghosts_and_ghouls-fabric-26.1_1.61.0.jar
[2026, 9, 28, 9, 20, 18] ;;; release; ghosts_and_ghouls-fabric-26.2_1.61.0.jar
[2026, 9, 28, 9, 20, 18] ;;; release; ghosts_and_ghouls-fabric-26.3_1.61.0.jar
[2026, 9, 28, 9, 20, 18] ;;; release; ghosts_and_ghouls-forge-1.19.4_1.61.0.jar
[2026, 9, 28, 9, 20, 18] ;;; release; ghosts_and_ghouls-forge-1.20.1_1.61.0.jar
[2026, 9, 28, 9, 20, 18] ;;; release; ghosts_and_ghouls-neoforge-1.20.4_1.61.0.jar
[2026, 9, 28, 9, 20, 18] ;;; release; ghosts_and_ghouls-neoforge-1.20.6_1.61.0.jar
[2026, 9, 28, 9, 20, 18] ;;; release; ghosts_and_ghouls-neoforge-1.21.1_1.61.0.jar
[2026, 9, 28, 9, 20, 18] ;;; release; ghosts_and_ghouls-neoforge-1.21.2_1.61.0.jar
[2026, 9, 28, 9, 20, 18] ;;; release; ghosts_and_ghouls-neoforge-1.21.4_1.61.0.jar
[2026, 9, 28, 9, 20, 18] ;;; release; ghosts_and_ghouls-neoforge-1.21.5_1.61.0.jar
[2026, 9, 28, 9, 20, 18] ;;; release; ghosts_and_ghouls-neoforge-1.21.8_1.61.0.jar
[2026, 9, 28, 9, 20, 18] ;;; release; ghosts_and_ghouls-neoforge-26.1_1.61.0.jar
[2026, 9, 28, 9, 20, 18] ;;; release; ghosts_and_ghouls-neoforge-26.2_1.61.0.jar
[2026, 9, 28, 9, 20, 18] ;;; release; ghosts_and_ghouls-neoforge-26.3_1.61.0.jar
[2026, 9, 28, 9, 20, 18] ;;; release; gothic_horror-fabric-1.21.8_1.61.0.jar
[2026, 9, 28, 9, 20, 18] ;;; release; gothic_horror-fabric-1.21.9_1.61.0.jar
[2026, 9, 28, 9, 20, 18] ;;; release; gothic_horror-fabric-26.1_1.61.0.jar
[2026, 9, 28, 9, 20, 18] ;;; release; gothic_horror-fabric-26.2_1.61.0.jar
[2026, 9, 28, 9, 20, 18] ;;; release; gothic_horror-fabric-26.3_1.61.0.jar
[2026, 9, 28, 9, 20, 18] ;;; release; gothic_horror-forge-1.19.4_1.61.0.jar
[2026, 9, 28, 9, 20, 18] ;;; release; gothic_horror-forge-1.20.1_1.61.0.jar
[2026, 9, 28, 9, 20, 18] ;;; release; gothic_horror-neoforge-1.20.4_1.61.0.jar
[2026, 9, 28, 9, 20, 18] ;;; release; gothic_horror-neoforge-1.20.6_1.61.0.jar
[2026, 9, 28, 9, 20, 18] ;;; release; gothic_horror-neoforge-1.21.1_1.61.0.jar
[2026, 9, 28, 9, 20, 18] ;;; release; gothic_horror-neoforge-1.21.2_1.61.0.jar
[2026, 9, 28, 9, 20, 18] ;;; release; gothic_horror-neoforge-1.21.4_1.61.0.jar
[2026, 9, 28, 9, 20, 18] ;;; release; gothic_horror-neoforge-1.21.5_1.61.0.jar
[2026, 9, 28, 9, 20, 18] ;;; release; gothic_horror-neoforge-1.21.8_1.61.0.jar
[2026, 9, 28, 9, 20, 18] ;;; release; gothic_horror-neoforge-26.1_1.61.0.jar
[2026, 9, 28, 9, 20, 18] ;;; release; gothic_horror-neoforge-26.2_1.61.0.jar
[2026, 9, 28, 9, 20, 18] ;;; release; gothic_horror-neoforge-26.3_1.61.0.jar
[2026, 9, 28, 9, 20, 18] ;;; release; gstools-fabric-1.21.8_1.61.0.jar
[2026, 9, 28, 9, 20, 18] ;;; release; gstools-fabric-1.21.9_1.61.0.jar
[2026, 9, 28, 9, 20, 18] ;;; release; gstools-fabric-26.1_1.61.0.jar
[2026, 9, 28, 9, 20, 18] ;;; release; gstools-fabric-26.2_1.61.0.jar
[2026, 9, 28, 9, 20, 18] ;;; release; gstools-fabric-26.3_1.61.0.jar
[2026, 9, 28, 9, 20, 18] ;;; release; gstools-forge-1.19.4_1.61.0.jar
[2026, 9, 28, 9, 20, 18] ;;; release; gstools-forge-1.20.1_1.61.0.jar
[2026, 9, 28, 9, 20, 18] ;;; release; gstools-neoforge-1.20.4_1.61.0.jar
[2026, 9, 28, 9, 20, 18] ;;; release; gstools-neoforge-1.20.6_1.61.0.jar
[2026, 9, 28, 9, 20, 18] ;;; release; gstools-neoforge-1.21.1_1.61.0.jar
[2026, 9, 28, 9, 20, 18] ;;; release; gstools-neoforge-1.21.2_1.61.0.jar
[2026, 9, 28, 9, 20, 18] ;;; release; gstools-neoforge-1.21.4_1.61.0.jar
[2026, 9, 28, 9, 20, 18] ;;; release; gstools-neoforge-1.21.5_1.61.0.jar
[2026, 9, 28, 9, 20, 18] ;;; release; gstools-neoforge-1.21.8_1.61.0.jar
[2026, 9, 28, 9, 20, 18] ;;; release; gstools-neoforge-26.1_1.61.0.jar
[2026, 9, 28, 9, 20, 18] ;;; release; gstools-neoforge-26.2_1.61.0.jar
[2026, 9, 28, 9, 20, 18] ;;; release; gstools-neoforge-26.3_1.61.0.jar
[2026, 9, 28, 9, 20, 18] ;;; release; life_and_death-fabric-1.21.8_1.61.0.jar
[2026, 9, 28, 9, 20, 18] ;;; release; life_and_death-fabric-1.21.9_1.61.0.jar
[2026, 9, 28, 9, 20, 18] ;;; release; life_and_death-fabric-26.1_1.61.0.jar
[2026, 9, 28, 9, 20, 18] ;;; release; life_and_death-fabric-26.2_1.61.0.jar
[2026, 9, 28, 9, 20, 18] ;;; release; life_and_death-fabric-26.3_1.61.0.jar
[2026, 9, 28, 9, 20, 18] ;;; release; life_and_death-forge-1.19.4_1.61.0.jar
[2026, 9, 28, 9, 20, 18] ;;; release; life_and_death-forge-1.20.1_1.61.0.jar
[2026, 9, 28, 9, 20, 18] ;;; release; life_and_death-neoforge-1.20.4_1.61.0.jar
[2026, 9, 28, 9, 20, 18] ;;; release; life_and_death-neoforge-1.20.6_1.61.0.jar
[2026, 9, 28, 9, 20, 18] ;;; release; life_and_death-neoforge-1.21.1_1.61.0.jar
[2026, 9, 28, 9, 20, 18] ;;; release; life_and_death-neoforge-1.21.2_1.61.0.jar
[2026, 9, 28, 9, 20, 18] ;;; release; life_and_death-neoforge-1.21.4_1.61.0.jar
[2026, 9, 28, 9, 20, 18] ;;; release; life_and_death-neoforge-1.21.5_1.61.0.jar
[2026, 9, 28, 9, 20, 18] ;;; release; life_and_death-neoforge-1.21.8_1.61.0.jar
[2026, 9, 28, 9, 20, 18] ;;; release; life_and_death-neoforge-26.1_1.61.0.jar
[2026, 9, 28, 9, 20, 18] ;;; release; life_and_death-neoforge-26.2_1.61.0.jar
[2026, 9, 28, 9, 20, 18] ;;; release; life_and_death-neoforge-26.3_1.61.0.jar
[2026, 9, 28, 9, 20, 18] ;;; release; undead_expanded-fabric-1.21.8_1.61.0.jar
[2026, 9, 28, 9, 20, 18] ;;; release; undead_expanded-fabric-1.21.9_1.61.0.jar
[2026, 9, 28, 9, 20, 18] ;;; release; undead_expanded-fabric-26.1_1.61.0.jar
[2026, 9, 28, 9, 20, 18] ;;; release; undead_expanded-fabric-26.2_1.61.0.jar
[2026, 9, 28, 9, 20, 18] ;;; release; undead_expanded-fabric-26.3_1.61.0.jar
[2026, 9, 28, 9, 20, 18] ;;; release; undead_expanded-forge-1.19.4_1.61.0.jar
[2026, 9, 28, 9, 20, 18] ;;; release; undead_expanded-forge-1.20.1_1.61.0.jar
[2026, 9, 28, 9, 20, 18] ;;; release; undead_expanded-neoforge-1.20.4_1.61.0.jar
[2026, 9, 28, 9, 20, 18] ;;; release; undead_expanded-neoforge-1.20.6_1.61.0.jar
[2026, 9, 28, 9, 20, 18] ;;; release; undead_expanded-neoforge-1.21.1_1.61.0.jar
[2026, 9, 28, 9, 20, 18] ;;; release; undead_expanded-neoforge-1.21.2_1.61.0.jar
[2026, 9, 28, 9, 20, 18] ;;; release; undead_expanded-neoforge-1.21.4_1.61.0.jar
[2026, 9, 28, 9, 20, 18] ;;; release; undead_expanded-neoforge-1.21.5_1.61.0.jar
[2026, 9, 28, 9, 20, 18] ;;; release; undead_expanded-neoforge-1.21.8_1.61.0.jar
[2026, 9, 28, 9, 20, 18] ;;; release; undead_expanded-neoforge-26.1_1.61.0.jar
[2026, 9, 28, 9, 20, 18] ;;; release; undead_expanded-neoforge-26.2_1.61.0.jar
[2026, 9, 28, 9, 20, 18] ;;; release; undead_expanded-neoforge-26.3_1.61.0.jar
[2026, 9, 28, 9, 20, 18] ;;; release; block_decay-fabric-1.21.10_1.61.0.jar
[2026, 9, 28, 9, 20, 18] ;;; release; block_decay-fabric-1.21.11_1.61.0.jar
[2026, 9, 28, 9, 20, 18] ;;; release; block_decay-fabric-1.21.8_1.61.0.jar
[2026, 9, 28, 9, 20, 18] ;;; release; block_decay-fabric-1.21.9_1.61.0.jar
[2026, 9, 28, 9, 20, 18] ;;; release; block_decay-fabric-26.1_1.61.0.jar
[2026, 9, 28, 9, 20, 18] ;;; release; block_decay-fabric-26.2_1.61.0.jar
[2026, 9, 28, 9, 20, 18] ;;; release; block_decay-fabric-26.3_1.61.0.jar
[2026, 9, 28, 9, 20, 18] ;;; release; block_decay-forge-1.19.4_1.61.0.jar
[2026, 9, 28, 9, 20, 18] ;;; release; block_decay-forge-1.20.1_1.61.0.jar
[2026, 9, 28, 9, 20, 18] ;;; release; block_decay-neoforge-1.20.4_1.61.0.jar
[2026, 9, 28, 9, 20, 18] ;;; release; block_decay-neoforge-1.20.6_1.61.0.jar
[2026, 9, 28, 9, 20, 18] ;;; release; block_decay-neoforge-1.21.10_1.61.0.jar
[2026, 9, 28, 9, 20, 18] ;;; release; block_decay-neoforge-1.21.11_1.61.0.jar
[2026, 9, 28, 9, 20, 18] ;;; release; block_decay-neoforge-1.21.1_1.61.0.jar
[2026, 9, 28, 9, 20, 18] ;;; release; block_decay-neoforge-1.21.2_1.61.0.jar
[2026, 9, 28, 9, 20, 18] ;;; release; block_decay-neoforge-1.21.4_1.61.0.jar
[2026, 9, 28, 9, 20, 18] ;;; release; block_decay-neoforge-1.21.5_1.61.0.jar
[2026, 9, 28, 9, 20, 18] ;;; release; block_decay-neoforge-1.21.8_1.61.0.jar
[2026, 9, 28, 9, 20, 18] ;;; release; block_decay-neoforge-1.21.9_1.61.0.jar
[2026, 9, 28, 9, 20, 18] ;;; release; block_decay-neoforge-1.21_1.61.0.jar
[2026, 9, 28, 9, 20, 18] ;;; release; block_decay-neoforge-26.1_1.61.0.jar
[2026, 9, 28, 9, 20, 18] ;;; release; block_decay-neoforge-26.2_1.61.0.jar
[2026, 9, 28, 9, 20, 18] ;;; release; block_decay-neoforge-26.3_1.61.0.jar
[2026, 9, 28, 9, 20, 18] ;;; release; desire_paths-fabric-1.21.8_1.61.0.jar
[2026, 9, 28, 9, 20, 18] ;;; release; desire_paths-fabric-1.21.9_1.61.0.jar
[2026, 9, 28, 9, 20, 18] ;;; release; desire_paths-fabric-26.1_1.61.0.jar
[2026, 9, 28, 9, 20, 18] ;;; release; desire_paths-fabric-26.2_1.61.0.jar
[2026, 9, 28, 9, 20, 18] ;;; release; desire_paths-fabric-26.3_1.61.0.jar
[2026, 9, 28, 9, 20, 18] ;;; release; desire_paths-forge-1.19.4_1.61.0.jar
[2026, 9, 28, 9, 20, 18] ;;; release; desire_paths-forge-1.20.1_1.61.0.jar
[2026, 9, 28, 9, 20, 18] ;;; release; desire_paths-neoforge-1.20.4_1.61.0.jar
[2026, 9, 28, 9, 20, 18] ;;; release; desire_paths-neoforge-1.20.6_1.61.0.jar
[2026, 9, 28, 9, 20, 18] ;;; release; desire_paths-neoforge-1.21.1_1.61.0.jar
[2026, 9, 28, 9, 20, 18] ;;; release; desire_paths-neoforge-1.21.2_1.61.0.jar
[2026, 9, 28, 9, 20, 18] ;;; release; desire_paths-neoforge-1.21.4_1.61.0.jar
[2026, 9, 28, 9, 20, 18] ;;; release; desire_paths-neoforge-1.21.5_1.61.0.jar
[2026, 9, 28, 9, 20, 18] ;;; release; desire_paths-neoforge-1.21.8_1.61.0.jar
[2026, 9, 28, 9, 20, 18] ;;; release; desire_paths-neoforge-26.1_1.61.0.jar
[2026, 9, 28, 9, 20, 18] ;;; release; desire_paths-neoforge-26.2_1.61.0.jar
[2026, 9, 28, 9, 20, 18] ;;; release; desire_paths-neoforge-26.3_1.61.0.jar
[2026, 9, 28, 9, 20, 18] ;;; release; dynamic_dirt-fabric-1.21.8_1.61.0.jar
[2026, 9, 28, 9, 20, 18] ;;; release; dynamic_dirt-fabric-1.21.9_1.61.0.jar
[2026, 9, 28, 9, 20, 18] ;;; release; dynamic_dirt-fabric-26.1_1.61.0.jar
[2026, 9, 28, 9, 20, 18] ;;; release; dynamic_dirt-fabric-26.2_1.61.0.jar
[2026, 9, 28, 9, 20, 18] ;;; release; dynamic_dirt-fabric-26.3_1.61.0.jar
[2026, 9, 28, 9, 20, 18] ;;; release; dynamic_dirt-forge-1.19.4_1.61.0.jar
[2026, 9, 28, 9, 20, 18] ;;; release; dynamic_dirt-forge-1.20.1_1.61.0.jar
[2026, 9, 28, 9, 20, 18] ;;; release; dynamic_dirt-neoforge-1.20.4_1.61.0.jar
[2026, 9, 28, 9, 20, 18] ;;; release; dynamic_dirt-neoforge-1.20.6_1.61.0.jar
[2026, 9, 28, 9, 20, 18] ;;; release; dynamic_dirt-neoforge-1.21.1_1.61.0.jar
[2026, 9, 28, 9, 20, 18] ;;; release; dynamic_dirt-neoforge-1.21.2_1.61.0.jar
[2026, 9, 28, 9, 20, 18] ;;; release; dynamic_dirt-neoforge-1.21.4_1.61.0.jar
[2026, 9, 28, 9, 20, 18] ;;; release; dynamic_dirt-neoforge-1.21.5_1.61.0.jar
[2026, 9, 28, 9, 20, 18] ;;; release; dynamic_dirt-neoforge-1.21.8_1.61.0.jar
[2026, 9, 28, 9, 20, 18] ;;; release; dynamic_dirt-neoforge-26.1_1.61.0.jar
[2026, 9, 28, 9, 20, 18] ;;; release; dynamic_dirt-neoforge-26.2_1.61.0.jar
[2026, 9, 28, 9, 20, 18] ;;; release; dynamic_dirt-neoforge-26.3_1.61.0.jar
[2026, 9, 28, 9, 20, 18] ;;; release; dynamic_ecosystems-fabric-1.21.8_1.61.0.jar
[2026, 9, 28, 9, 20, 18] ;;; release; dynamic_ecosystems-fabric-1.21.9_1.61.0.jar
[2026, 9, 28, 9, 20, 18] ;;; release; dynamic_ecosystems-fabric-26.1_1.61.0.jar
[2026, 9, 28, 9, 20, 18] ;;; release; dynamic_ecosystems-fabric-26.2_1.61.0.jar
[2026, 9, 28, 9, 20, 18] ;;; release; dynamic_ecosystems-fabric-26.3_1.61.0.jar
[2026, 9, 28, 9, 20, 18] ;;; release; dynamic_ecosystems-forge-1.19.4_1.61.0.jar
[2026, 9, 28, 9, 20, 18] ;;; release; dynamic_ecosystems-forge-1.20.1_1.61.0.jar
[2026, 9, 28, 9, 20, 18] ;;; release; dynamic_ecosystems-neoforge-1.20.4_1.61.0.jar
[2026, 9, 28, 9, 20, 18] ;;; release; dynamic_ecosystems-neoforge-1.20.6_1.61.0.jar
[2026, 9, 28, 9, 20, 18] ;;; release; dynamic_ecosystems-neoforge-1.21.1_1.61.0.jar
[2026, 9, 28, 9, 20, 18] ;;; release; dynamic_ecosystems-neoforge-1.21.2_1.61.0.jar
[2026, 9, 28, 9, 20, 18] ;;; release; dynamic_ecosystems-neoforge-1.21.4_1.61.0.jar
[2026, 9, 28, 9, 20, 18] ;;; release; dynamic_ecosystems-neoforge-1.21.5_1.61.0.jar
[2026, 9, 28, 9, 20, 18] ;;; release; dynamic_ecosystems-neoforge-1.21.8_1.61.0.jar
[2026, 9, 28, 9, 20, 18] ;;; release; dynamic_ecosystems-neoforge-26.1_1.61.0.jar
[2026, 9, 28, 9, 20, 18] ;;; release; dynamic_ecosystems-neoforge-26.2_1.61.0.jar
[2026, 9, 28, 9, 20, 18] ;;; release; dynamic_ecosystems-neoforge-26.3_1.61.0.jar
[2026, 9, 28, 9, 20, 18] ;;; release; dynamic_monsters-fabric-1.21.8_1.61.0.jar
[2026, 9, 28, 9, 20, 18] ;;; release; dynamic_monsters-fabric-1.21.9_1.61.0.jar
[2026, 9, 28, 9, 20, 18] ;;; release; dynamic_monsters-fabric-26.1_1.61.0.jar
[2026, 9, 28, 9, 20, 18] ;;; release; dynamic_monsters-fabric-26.2_1.61.0.jar
[2026, 9, 28, 9, 20, 18] ;;; release; dynamic_monsters-fabric-26.3_1.61.0.jar
[2026, 9, 28, 9, 20, 18] ;;; release; dynamic_monsters-forge-1.19.4_1.61.0.jar
[2026, 9, 28, 9, 20, 18] ;;; release; dynamic_monsters-forge-1.20.1_1.61.0.jar
[2026, 9, 28, 9, 20, 18] ;;; release; dynamic_monsters-neoforge-1.20.4_1.61.0.jar
[2026, 9, 28, 9, 20, 18] ;;; release; dynamic_monsters-neoforge-1.20.6_1.61.0.jar
[2026, 9, 28, 9, 20, 18] ;;; release; dynamic_monsters-neoforge-1.21.1_1.61.0.jar
[2026, 9, 28, 9, 20, 18] ;;; release; dynamic_monsters-neoforge-1.21.2_1.61.0.jar
[2026, 9, 28, 9, 20, 18] ;;; release; dynamic_monsters-neoforge-1.21.4_1.61.0.jar
[2026, 9, 28, 9, 20, 18] ;;; release; dynamic_monsters-neoforge-1.21.5_1.61.0.jar
[2026, 9, 28, 9, 20, 18] ;;; release; dynamic_monsters-neoforge-1.21.8_1.61.0.jar
[2026, 9, 28, 9, 20, 18] ;;; release; dynamic_monsters-neoforge-26.1_1.61.0.jar
[2026, 9, 28, 9, 20, 18] ;;; release; dynamic_monsters-neoforge-26.2_1.61.0.jar
[2026, 9, 28, 9, 20, 18] ;;; release; dynamic_monsters-neoforge-26.3_1.61.0.jar
[2026, 9, 28, 9, 20, 18] ;;; release; enhanced_survival-fabric-1.21.8_1.61.0.jar
[2026, 9, 28, 9, 20, 18] ;;; release; .\releases\1.61.0\enhanced_survival-fabric-1.21.8_1.61.0.jarenhanced_survivalfabric1.21.8enhanced_survival fabric 1.21.8 1.61.0
[2026, 9, 28, 9, 20, 23] ;;; release; enhanced_survival-fabric-1.21.9_1.61.0.jar
[2026, 9, 28, 9, 20, 23] ;;; release; .\releases\1.61.0\enhanced_survival-fabric-1.21.9_1.61.0.jarenhanced_survivalfabric1.21.9enhanced_survival fabric 1.21.9 1.61.0
[2026, 9, 28, 9, 20, 27] ;;; release; enhanced_survival-fabric-26.1_1.61.0.jar
[2026, 9, 28, 9, 20, 27] ;;; release; .\releases\1.61.0\enhanced_survival-fabric-26.1_1.61.0.jarenhanced_survivalfabric26.1enhanced_survival fabric 26.1 1.61.0
[2026, 9, 28, 9, 20, 31] ;;; release; enhanced_survival-fabric-26.2_1.61.0.jar
[2026, 9, 28, 9, 20, 31] ;;; release; .\releases\1.61.0\enhanced_survival-fabric-26.2_1.61.0.jarenhanced_survivalfabric26.2enhanced_survival fabric 26.2 1.61.0
[2026, 9, 28, 9, 20, 34] ;;; release; enhanced_survival-fabric-26.3_1.61.0.jar
[2026, 9, 28, 9, 20, 34] ;;; release; enhanced_survival-forge-1.19.4_1.61.0.jar
[2026, 9, 28, 9, 20, 34] ;;; release; .\releases\1.61.0\enhanced_survival-forge-1.19.4_1.61.0.jarenhanced_survivalforge1.19.4enhanced_survival forge 1.19.4 1.61.0
[2026, 9, 28, 9, 20, 38] ;;; release; enhanced_survival-forge-1.20.1_1.61.0.jar
[2026, 9, 28, 9, 20, 38] ;;; release; enhanced_survival-neoforge-1.20.4_1.61.0.jar
[2026, 9, 28, 9, 20, 38] ;;; release; .\releases\1.61.0\enhanced_survival-neoforge-1.20.4_1.61.0.jarenhanced_survivalneoforge1.20.4enhanced_survival neoforge 1.20.4 1.61.0
[2026, 9, 28, 9, 20, 42] ;;; release; enhanced_survival-neoforge-1.20.6_1.61.0.jar
[2026, 9, 28, 9, 20, 42] ;;; release; .\releases\1.61.0\enhanced_survival-neoforge-1.20.6_1.61.0.jarenhanced_survivalneoforge1.20.6enhanced_survival neoforge 1.20.6 1.61.0
[2026, 9, 28, 9, 20, 46] ;;; release; enhanced_survival-neoforge-1.21.1_1.61.0.jar
[2026, 9, 28, 9, 20, 46] ;;; release; .\releases\1.61.0\enhanced_survival-neoforge-1.21.1_1.61.0.jarenhanced_survivalneoforge1.21.1enhanced_survival neoforge 1.21.1 1.61.0
[2026, 9, 28, 9, 20, 49] ;;; release; enhanced_survival-neoforge-1.21.2_1.61.0.jar
[2026, 9, 28, 9, 20, 49] ;;; release; .\releases\1.61.0\enhanced_survival-neoforge-1.21.2_1.61.0.jarenhanced_survivalneoforge1.21.2enhanced_survival neoforge 1.21.2 1.61.0
[2026, 9, 28, 9, 20, 53] ;;; release; enhanced_survival-neoforge-1.21.4_1.61.0.jar
[2026, 9, 28, 9, 20, 53] ;;; release; .\releases\1.61.0\enhanced_survival-neoforge-1.21.4_1.61.0.jarenhanced_survivalneoforge1.21.4enhanced_survival neoforge 1.21.4 1.61.0
[2026, 9, 28, 9, 20, 57] ;;; release; enhanced_survival-neoforge-1.21.5_1.61.0.jar
[2026, 9, 28, 9, 20, 57] ;;; release; .\releases\1.61.0\enhanced_survival-neoforge-1.21.5_1.61.0.jarenhanced_survivalneoforge1.21.5enhanced_survival neoforge 1.21.5 1.61.0
[2026, 9, 28, 9, 21, 1] ;;; release; enhanced_survival-neoforge-1.21.8_1.61.0.jar
[2026, 9, 28, 9, 21, 1] ;;; release; .\releases\1.61.0\enhanced_survival-neoforge-1.21.8_1.61.0.jarenhanced_survivalneoforge1.21.8enhanced_survival neoforge 1.21.8 1.61.0
[2026, 9, 28, 9, 21, 5] ;;; release; enhanced_survival-neoforge-26.1_1.61.0.jar
[2026, 9, 28, 9, 21, 5] ;;; release; .\releases\1.61.0\enhanced_survival-neoforge-26.1_1.61.0.jarenhanced_survivalneoforge26.1enhanced_survival neoforge 26.1 1.61.0
[2026, 9, 28, 9, 21, 9] ;;; release; enhanced_survival-neoforge-26.2_1.61.0.jar
[2026, 9, 28, 9, 21, 9] ;;; release; enhanced_survival-neoforge-26.3_1.61.0.jar
[2026, 9, 28, 9, 21, 9] ;;; release; ghosts_and_ghouls-fabric-1.21.8_1.61.0.jar
[2026, 9, 28, 9, 21, 9] ;;; release; ghosts_and_ghouls-fabric-1.21.9_1.61.0.jar
[2026, 9, 28, 9, 21, 9] ;;; release; ghosts_and_ghouls-fabric-26.1_1.61.0.jar
[2026, 9, 28, 9, 21, 9] ;;; release; ghosts_and_ghouls-fabric-26.2_1.61.0.jar
[2026, 9, 28, 9, 21, 9] ;;; release; ghosts_and_ghouls-fabric-26.3_1.61.0.jar
[2026, 9, 28, 9, 21, 9] ;;; release; ghosts_and_ghouls-forge-1.19.4_1.61.0.jar
[2026, 9, 28, 9, 21, 9] ;;; release; ghosts_and_ghouls-forge-1.20.1_1.61.0.jar
[2026, 9, 28, 9, 21, 9] ;;; release; ghosts_and_ghouls-neoforge-1.20.4_1.61.0.jar
[2026, 9, 28, 9, 21, 9] ;;; release; ghosts_and_ghouls-neoforge-1.20.6_1.61.0.jar
[2026, 9, 28, 9, 21, 9] ;;; release; ghosts_and_ghouls-neoforge-1.21.1_1.61.0.jar
[2026, 9, 28, 9, 21, 9] ;;; release; ghosts_and_ghouls-neoforge-1.21.2_1.61.0.jar
[2026, 9, 28, 9, 21, 9] ;;; release; ghosts_and_ghouls-neoforge-1.21.4_1.61.0.jar
[2026, 9, 28, 9, 21, 9] ;;; release; ghosts_and_ghouls-neoforge-1.21.5_1.61.0.jar
[2026, 9, 28, 9, 21, 9] ;;; release; ghosts_and_ghouls-neoforge-1.21.8_1.61.0.jar
[2026, 9, 28, 9, 21, 9] ;;; release; ghosts_and_ghouls-neoforge-26.1_1.61.0.jar
[2026, 9, 28, 9, 21, 9] ;;; release; ghosts_and_ghouls-neoforge-26.2_1.61.0.jar
[2026, 9, 28, 9, 21, 9] ;;; release; ghosts_and_ghouls-neoforge-26.3_1.61.0.jar
[2026, 9, 28, 9, 21, 9] ;;; release; gothic_horror-fabric-1.21.8_1.61.0.jar
[2026, 9, 28, 9, 21, 9] ;;; release; gothic_horror-fabric-1.21.9_1.61.0.jar
[2026, 9, 28, 9, 21, 9] ;;; release; gothic_horror-fabric-26.1_1.61.0.jar
[2026, 9, 28, 9, 21, 9] ;;; release; gothic_horror-fabric-26.2_1.61.0.jar
[2026, 9, 28, 9, 21, 9] ;;; release; gothic_horror-fabric-26.3_1.61.0.jar
[2026, 9, 28, 9, 21, 9] ;;; release; gothic_horror-forge-1.19.4_1.61.0.jar
[2026, 9, 28, 9, 21, 9] ;;; release; gothic_horror-forge-1.20.1_1.61.0.jar
[2026, 9, 28, 9, 21, 9] ;;; release; gothic_horror-neoforge-1.20.4_1.61.0.jar
[2026, 9, 28, 9, 21, 9] ;;; release; gothic_horror-neoforge-1.20.6_1.61.0.jar
[2026, 9, 28, 9, 21, 9] ;;; release; gothic_horror-neoforge-1.21.1_1.61.0.jar
[2026, 9, 28, 9, 21, 9] ;;; release; gothic_horror-neoforge-1.21.2_1.61.0.jar
[2026, 9, 28, 9, 21, 9] ;;; release; gothic_horror-neoforge-1.21.4_1.61.0.jar
[2026, 9, 28, 9, 21, 9] ;;; release; gothic_horror-neoforge-1.21.5_1.61.0.jar
[2026, 9, 28, 9, 21, 9] ;;; release; gothic_horror-neoforge-1.21.8_1.61.0.jar
[2026, 9, 28, 9, 21, 9] ;;; release; gothic_horror-neoforge-26.1_1.61.0.jar
[2026, 9, 28, 9, 21, 9] ;;; release; gothic_horror-neoforge-26.2_1.61.0.jar
[2026, 9, 28, 9, 21, 9] ;;; release; gothic_horror-neoforge-26.3_1.61.0.jar
[2026, 9, 28, 9, 21, 9] ;;; release; gstools-fabric-1.21.8_1.61.0.jar
[2026, 9, 28, 9, 21, 9] ;;; release; gstools-fabric-1.21.9_1.61.0.jar
[2026, 9, 28, 9, 21, 9] ;;; release; gstools-fabric-26.1_1.61.0.jar
[2026, 9, 28, 9, 21, 9] ;;; release; gstools-fabric-26.2_1.61.0.jar
[2026, 9, 28, 9, 21, 9] ;;; release; gstools-fabric-26.3_1.61.0.jar
[2026, 9, 28, 9, 21, 9] ;;; release; gstools-forge-1.19.4_1.61.0.jar
[2026, 9, 28, 9, 21, 9] ;;; release; gstools-forge-1.20.1_1.61.0.jar
[2026, 9, 28, 9, 21, 9] ;;; release; gstools-neoforge-1.20.4_1.61.0.jar
[2026, 9, 28, 9, 21, 9] ;;; release; gstools-neoforge-1.20.6_1.61.0.jar
[2026, 9, 28, 9, 21, 9] ;;; release; gstools-neoforge-1.21.1_1.61.0.jar
[2026, 9, 28, 9, 21, 9] ;;; release; gstools-neoforge-1.21.2_1.61.0.jar
[2026, 9, 28, 9, 21, 9] ;;; release; gstools-neoforge-1.21.4_1.61.0.jar
[2026, 9, 28, 9, 21, 9] ;;; release; gstools-neoforge-1.21.5_1.61.0.jar
[2026, 9, 28, 9, 21, 9] ;;; release; gstools-neoforge-1.21.8_1.61.0.jar
[2026, 9, 28, 9, 21, 9] ;;; release; gstools-neoforge-26.1_1.61.0.jar
[2026, 9, 28, 9, 21, 9] ;;; release; gstools-neoforge-26.2_1.61.0.jar
[2026, 9, 28, 9, 21, 9] ;;; release; gstools-neoforge-26.3_1.61.0.jar
[2026, 9, 28, 9, 21, 9] ;;; release; life_and_death-fabric-1.21.8_1.61.0.jar
[2026, 9, 28, 9, 21, 9] ;;; release; life_and_death-fabric-1.21.9_1.61.0.jar
[2026, 9, 28, 9, 21, 9] ;;; release; life_and_death-fabric-26.1_1.61.0.jar
[2026, 9, 28, 9, 21, 9] ;;; release; life_and_death-fabric-26.2_1.61.0.jar
[2026, 9, 28, 9, 21, 9] ;;; release; life_and_death-fabric-26.3_1.61.0.jar
[2026, 9, 28, 9, 21, 9] ;;; release; life_and_death-forge-1.19.4_1.61.0.jar
[2026, 9, 28, 9, 21, 9] ;;; release; life_and_death-forge-1.20.1_1.61.0.jar
[2026, 9, 28, 9, 21, 9] ;;; release; life_and_death-neoforge-1.20.4_1.61.0.jar
[2026, 9, 28, 9, 21, 9] ;;; release; life_and_death-neoforge-1.20.6_1.61.0.jar
[2026, 9, 28, 9, 21, 9] ;;; release; life_and_death-neoforge-1.21.1_1.61.0.jar
[2026, 9, 28, 9, 21, 9] ;;; release; life_and_death-neoforge-1.21.2_1.61.0.jar
[2026, 9, 28, 9, 21, 9] ;;; release; life_and_death-neoforge-1.21.4_1.61.0.jar
[2026, 9, 28, 9, 21, 9] ;;; release; life_and_death-neoforge-1.21.5_1.61.0.jar
[2026, 9, 28, 9, 21, 9] ;;; release; life_and_death-neoforge-1.21.8_1.61.0.jar
[2026, 9, 28, 9, 21, 9] ;;; release; life_and_death-neoforge-26.1_1.61.0.jar
[2026, 9, 28, 9, 21, 9] ;;; release; life_and_death-neoforge-26.2_1.61.0.jar
[2026, 9, 28, 9, 21, 9] ;;; release; life_and_death-neoforge-26.3_1.61.0.jar
[2026, 9, 28, 9, 21, 9] ;;; release; undead_expanded-fabric-1.21.8_1.61.0.jar
[2026, 9, 28, 9, 21, 9] ;;; release; undead_expanded-fabric-1.21.9_1.61.0.jar
[2026, 9, 28, 9, 21, 9] ;;; release; undead_expanded-fabric-26.1_1.61.0.jar
[2026, 9, 28, 9, 21, 9] ;;; release; undead_expanded-fabric-26.2_1.61.0.jar
[2026, 9, 28, 9, 21, 9] ;;; release; undead_expanded-fabric-26.3_1.61.0.jar
[2026, 9, 28, 9, 21, 9] ;;; release; undead_expanded-forge-1.19.4_1.61.0.jar
[2026, 9, 28, 9, 21, 9] ;;; release; undead_expanded-forge-1.20.1_1.61.0.jar
[2026, 9, 28, 9, 21, 9] ;;; release; undead_expanded-neoforge-1.20.4_1.61.0.jar
[2026, 9, 28, 9, 21, 9] ;;; release; undead_expanded-neoforge-1.20.6_1.61.0.jar
[2026, 9, 28, 9, 21, 9] ;;; release; undead_expanded-neoforge-1.21.1_1.61.0.jar
[2026, 9, 28, 9, 21, 9] ;;; release; undead_expanded-neoforge-1.21.2_1.61.0.jar
[2026, 9, 28, 9, 21, 9] ;;; release; undead_expanded-neoforge-1.21.4_1.61.0.jar
[2026, 9, 28, 9, 21, 9] ;;; release; undead_expanded-neoforge-1.21.5_1.61.0.jar
[2026, 9, 28, 9, 21, 9] ;;; release; undead_expanded-neoforge-1.21.8_1.61.0.jar
[2026, 9, 28, 9, 21, 9] ;;; release; undead_expanded-neoforge-26.1_1.61.0.jar
[2026, 9, 28, 9, 21, 9] ;;; release; undead_expanded-neoforge-26.2_1.61.0.jar
[2026, 9, 28, 9, 21, 9] ;;; release; undead_expanded-neoforge-26.3_1.61.0.jar
[2026, 9, 28, 9, 21, 9] ;;; release; block_decay-fabric-1.21.10_1.61.0.jar
[2026, 9, 28, 9, 21, 9] ;;; release; block_decay-fabric-1.21.11_1.61.0.jar
[2026, 9, 28, 9, 21, 9] ;;; release; block_decay-fabric-1.21.8_1.61.0.jar
[2026, 9, 28, 9, 21, 9] ;;; release; block_decay-fabric-1.21.9_1.61.0.jar
[2026, 9, 28, 9, 21, 9] ;;; release; block_decay-fabric-26.1_1.61.0.jar
[2026, 9, 28, 9, 21, 9] ;;; release; block_decay-fabric-26.2_1.61.0.jar
[2026, 9, 28, 9, 21, 9] ;;; release; block_decay-fabric-26.3_1.61.0.jar
[2026, 9, 28, 9, 21, 9] ;;; release; block_decay-forge-1.19.4_1.61.0.jar
[2026, 9, 28, 9, 21, 9] ;;; release; block_decay-forge-1.20.1_1.61.0.jar
[2026, 9, 28, 9, 21, 9] ;;; release; block_decay-neoforge-1.20.4_1.61.0.jar
[2026, 9, 28, 9, 21, 9] ;;; release; block_decay-neoforge-1.20.6_1.61.0.jar
[2026, 9, 28, 9, 21, 9] ;;; release; block_decay-neoforge-1.21.10_1.61.0.jar
[2026, 9, 28, 9, 21, 9] ;;; release; block_decay-neoforge-1.21.11_1.61.0.jar
[2026, 9, 28, 9, 21, 9] ;;; release; block_decay-neoforge-1.21.1_1.61.0.jar
[2026, 9, 28, 9, 21, 9] ;;; release; block_decay-neoforge-1.21.2_1.61.0.jar
[2026, 9, 28, 9, 21, 9] ;;; release; block_decay-neoforge-1.21.4_1.61.0.jar
[2026, 9, 28, 9, 21, 9] ;;; release; block_decay-neoforge-1.21.5_1.61.0.jar
[2026, 9, 28, 9, 21, 9] ;;; release; block_decay-neoforge-1.21.8_1.61.0.jar
[2026, 9, 28, 9, 21, 9] ;;; release; block_decay-neoforge-1.21.9_1.61.0.jar
[2026, 9, 28, 9, 21, 9] ;;; release; block_decay-neoforge-1.21_1.61.0.jar
[2026, 9, 28, 9, 21, 9] ;;; release; block_decay-neoforge-26.1_1.61.0.jar
[2026, 9, 28, 9, 21, 9] ;;; release; block_decay-neoforge-26.2_1.61.0.jar
[2026, 9, 28, 9, 21, 9] ;;; release; block_decay-neoforge-26.3_1.61.0.jar
[2026, 9, 28, 9, 21, 9] ;;; release; desire_paths-fabric-1.21.8_1.61.0.jar
[2026, 9, 28, 9, 21, 9] ;;; release; desire_paths-fabric-1.21.9_1.61.0.jar
[2026, 9, 28, 9, 21, 9] ;;; release; desire_paths-fabric-26.1_1.61.0.jar
[2026, 9, 28, 9, 21, 9] ;;; release; desire_paths-fabric-26.2_1.61.0.jar
[2026, 9, 28, 9, 21, 9] ;;; release; desire_paths-fabric-26.3_1.61.0.jar
[2026, 9, 28, 9, 21, 9] ;;; release; desire_paths-forge-1.19.4_1.61.0.jar
[2026, 9, 28, 9, 21, 9] ;;; release; desire_paths-forge-1.20.1_1.61.0.jar
[2026, 9, 28, 9, 21, 9] ;;; release; desire_paths-neoforge-1.20.4_1.61.0.jar
[2026, 9, 28, 9, 21, 9] ;;; release; desire_paths-neoforge-1.20.6_1.61.0.jar
[2026, 9, 28, 9, 21, 9] ;;; release; desire_paths-neoforge-1.21.1_1.61.0.jar
[2026, 9, 28, 9, 21, 9] ;;; release; desire_paths-neoforge-1.21.2_1.61.0.jar
[2026, 9, 28, 9, 21, 9] ;;; release; desire_paths-neoforge-1.21.4_1.61.0.jar
[2026, 9, 28, 9, 21, 9] ;;; release; desire_paths-neoforge-1.21.5_1.61.0.jar
[2026, 9, 28, 9, 21, 9] ;;; release; desire_paths-neoforge-1.21.8_1.61.0.jar
[2026, 9, 28, 9, 21, 9] ;;; release; desire_paths-neoforge-26.1_1.61.0.jar
[2026, 9, 28, 9, 21, 9] ;;; release; desire_paths-neoforge-26.2_1.61.0.jar
[2026, 9, 28, 9, 21, 9] ;;; release; desire_paths-neoforge-26.3_1.61.0.jar
[2026, 9, 28, 9, 21, 9] ;;; release; dynamic_dirt-fabric-1.21.8_1.61.0.jar
[2026, 9, 28, 9, 21, 9] ;;; release; dynamic_dirt-fabric-1.21.9_1.61.0.jar
[2026, 9, 28, 9, 21, 9] ;;; release; dynamic_dirt-fabric-26.1_1.61.0.jar
[2026, 9, 28, 9, 21, 9] ;;; release; dynamic_dirt-fabric-26.2_1.61.0.jar
[2026, 9, 28, 9, 21, 9] ;;; release; dynamic_dirt-fabric-26.3_1.61.0.jar
[2026, 9, 28, 9, 21, 9] ;;; release; dynamic_dirt-forge-1.19.4_1.61.0.jar
[2026, 9, 28, 9, 21, 9] ;;; release; dynamic_dirt-forge-1.20.1_1.61.0.jar
[2026, 9, 28, 9, 21, 9] ;;; release; dynamic_dirt-neoforge-1.20.4_1.61.0.jar
[2026, 9, 28, 9, 21, 9] ;;; release; dynamic_dirt-neoforge-1.20.6_1.61.0.jar
[2026, 9, 28, 9, 21, 9] ;;; release; dynamic_dirt-neoforge-1.21.1_1.61.0.jar
[2026, 9, 28, 9, 21, 9] ;;; release; dynamic_dirt-neoforge-1.21.2_1.61.0.jar
[2026, 9, 28, 9, 21, 9] ;;; release; dynamic_dirt-neoforge-1.21.4_1.61.0.jar
[2026, 9, 28, 9, 21, 9] ;;; release; dynamic_dirt-neoforge-1.21.5_1.61.0.jar
[2026, 9, 28, 9, 21, 9] ;;; release; dynamic_dirt-neoforge-1.21.8_1.61.0.jar
[2026, 9, 28, 9, 21, 9] ;;; release; dynamic_dirt-neoforge-26.1_1.61.0.jar
[2026, 9, 28, 9, 21, 9] ;;; release; dynamic_dirt-neoforge-26.2_1.61.0.jar
[2026, 9, 28, 9, 21, 9] ;;; release; dynamic_dirt-neoforge-26.3_1.61.0.jar
[2026, 9, 28, 9, 21, 9] ;;; release; dynamic_ecosystems-fabric-1.21.8_1.61.0.jar
[2026, 9, 28, 9, 21, 9] ;;; release; dynamic_ecosystems-fabric-1.21.9_1.61.0.jar
[2026, 9, 28, 9, 21, 9] ;;; release; dynamic_ecosystems-fabric-26.1_1.61.0.jar
[2026, 9, 28, 9, 21, 9] ;;; release; dynamic_ecosystems-fabric-26.2_1.61.0.jar
[2026, 9, 28, 9, 21, 9] ;;; release; dynamic_ecosystems-fabric-26.3_1.61.0.jar
[2026, 9, 28, 9, 21, 9] ;;; release; dynamic_ecosystems-forge-1.19.4_1.61.0.jar
[2026, 9, 28, 9, 21, 9] ;;; release; dynamic_ecosystems-forge-1.20.1_1.61.0.jar
[2026, 9, 28, 9, 21, 9] ;;; release; dynamic_ecosystems-neoforge-1.20.4_1.61.0.jar
[2026, 9, 28, 9, 21, 9] ;;; release; dynamic_ecosystems-neoforge-1.20.6_1.61.0.jar
[2026, 9, 28, 9, 21, 9] ;;; release; dynamic_ecosystems-neoforge-1.21.1_1.61.0.jar
[2026, 9, 28, 9, 21, 9] ;;; release; dynamic_ecosystems-neoforge-1.21.2_1.61.0.jar
[2026, 9, 28, 9, 21, 9] ;;; release; dynamic_ecosystems-neoforge-1.21.4_1.61.0.jar
[2026, 9, 28, 9, 21, 9] ;;; release; dynamic_ecosystems-neoforge-1.21.5_1.61.0.jar
[2026, 9, 28, 9, 21, 9] ;;; release; dynamic_ecosystems-neoforge-1.21.8_1.61.0.jar
[2026, 9, 28, 9, 21, 9] ;;; release; dynamic_ecosystems-neoforge-26.1_1.61.0.jar
[2026, 9, 28, 9, 21, 9] ;;; release; dynamic_ecosystems-neoforge-26.2_1.61.0.jar
[2026, 9, 28, 9, 21, 9] ;;; release; dynamic_ecosystems-neoforge-26.3_1.61.0.jar
[2026, 9, 28, 9, 21, 9] ;;; release; dynamic_monsters-fabric-1.21.8_1.61.0.jar
[2026, 9, 28, 9, 21, 9] ;;; release; dynamic_monsters-fabric-1.21.9_1.61.0.jar
[2026, 9, 28, 9, 21, 9] ;;; release; dynamic_monsters-fabric-26.1_1.61.0.jar
[2026, 9, 28, 9, 21, 9] ;;; release; dynamic_monsters-fabric-26.2_1.61.0.jar
[2026, 9, 28, 9, 21, 9] ;;; release; dynamic_monsters-fabric-26.3_1.61.0.jar
[2026, 9, 28, 9, 21, 9] ;;; release; dynamic_monsters-forge-1.19.4_1.61.0.jar
[2026, 9, 28, 9, 21, 9] ;;; release; dynamic_monsters-forge-1.20.1_1.61.0.jar
[2026, 9, 28, 9, 21, 9] ;;; release; dynamic_monsters-neoforge-1.20.4_1.61.0.jar
[2026, 9, 28, 9, 21, 9] ;;; release; dynamic_monsters-neoforge-1.20.6_1.61.0.jar
[2026, 9, 28, 9, 21, 9] ;;; release; dynamic_monsters-neoforge-1.21.1_1.61.0.jar
[2026, 9, 28, 9, 21, 9] ;;; release; dynamic_monsters-neoforge-1.21.2_1.61.0.jar
[2026, 9, 28, 9, 21, 9] ;;; release; dynamic_monsters-neoforge-1.21.4_1.61.0.jar
[2026, 9, 28, 9, 21, 9] ;;; release; dynamic_monsters-neoforge-1.21.5_1.61.0.jar
[2026, 9, 28, 9, 21, 9] ;;; release; dynamic_monsters-neoforge-1.21.8_1.61.0.jar
[2026, 9, 28, 9, 21, 9] ;;; release; dynamic_monsters-neoforge-26.1_1.61.0.jar
[2026, 9, 28, 9, 21, 9] ;;; release; dynamic_monsters-neoforge-26.2_1.61.0.jar
[2026, 9, 28, 9, 21, 9] ;;; release; dynamic_monsters-neoforge-26.3_1.61.0.jar
[2026, 9, 28, 9, 21, 9] ;;; release; enhanced_survival-fabric-1.21.8_1.61.0.jar
[2026, 9, 28, 9, 21, 9] ;;; release; enhanced_survival-fabric-1.21.9_1.61.0.jar
[2026, 9, 28, 9, 21, 9] ;;; release; enhanced_survival-fabric-26.1_1.61.0.jar
[2026, 9, 28, 9, 21, 9] ;;; release; enhanced_survival-fabric-26.2_1.61.0.jar
[2026, 9, 28, 9, 21, 9] ;;; release; enhanced_survival-fabric-26.3_1.61.0.jar
[2026, 9, 28, 9, 21, 9] ;;; release; enhanced_survival-forge-1.19.4_1.61.0.jar
[2026, 9, 28, 9, 21, 9] ;;; release; enhanced_survival-forge-1.20.1_1.61.0.jar
[2026, 9, 28, 9, 21, 9] ;;; release; enhanced_survival-neoforge-1.20.4_1.61.0.jar
[2026, 9, 28, 9, 21, 9] ;;; release; enhanced_survival-neoforge-1.20.6_1.61.0.jar
[2026, 9, 28, 9, 21, 9] ;;; release; enhanced_survival-neoforge-1.21.1_1.61.0.jar
[2026, 9, 28, 9, 21, 9] ;;; release; enhanced_survival-neoforge-1.21.2_1.61.0.jar
[2026, 9, 28, 9, 21, 9] ;;; release; enhanced_survival-neoforge-1.21.4_1.61.0.jar
[2026, 9, 28, 9, 21, 9] ;;; release; enhanced_survival-neoforge-1.21.5_1.61.0.jar
[2026, 9, 28, 9, 21, 9] ;;; release; enhanced_survival-neoforge-1.21.8_1.61.0.jar
[2026, 9, 28, 9, 21, 9] ;;; release; enhanced_survival-neoforge-26.1_1.61.0.jar
[2026, 9, 28, 9, 21, 9] ;;; release; enhanced_survival-neoforge-26.2_1.61.0.jar
[2026, 9, 28, 9, 21, 9] ;;; release; enhanced_survival-neoforge-26.3_1.61.0.jar
[2026, 9, 28, 9, 21, 9] ;;; release; ghosts_and_ghouls-fabric-1.21.8_1.61.0.jar
[2026, 9, 28, 9, 21, 9] ;;; release; ghosts_and_ghouls-fabric-1.21.9_1.61.0.jar
[2026, 9, 28, 9, 21, 9] ;;; release; ghosts_and_ghouls-fabric-26.1_1.61.0.jar
[2026, 9, 28, 9, 21, 9] ;;; release; ghosts_and_ghouls-fabric-26.2_1.61.0.jar
[2026, 9, 28, 9, 21, 9] ;;; release; ghosts_and_ghouls-fabric-26.3_1.61.0.jar
[2026, 9, 28, 9, 21, 9] ;;; release; ghosts_and_ghouls-forge-1.19.4_1.61.0.jar
[2026, 9, 28, 9, 21, 9] ;;; release; ghosts_and_ghouls-forge-1.20.1_1.61.0.jar
[2026, 9, 28, 9, 21, 9] ;;; release; ghosts_and_ghouls-neoforge-1.20.4_1.61.0.jar
[2026, 9, 28, 9, 21, 9] ;;; release; ghosts_and_ghouls-neoforge-1.20.6_1.61.0.jar
[2026, 9, 28, 9, 21, 9] ;;; release; ghosts_and_ghouls-neoforge-1.21.1_1.61.0.jar
[2026, 9, 28, 9, 21, 9] ;;; release; ghosts_and_ghouls-neoforge-1.21.2_1.61.0.jar
[2026, 9, 28, 9, 21, 9] ;;; release; ghosts_and_ghouls-neoforge-1.21.4_1.61.0.jar
[2026, 9, 28, 9, 21, 9] ;;; release; ghosts_and_ghouls-neoforge-1.21.5_1.61.0.jar
[2026, 9, 28, 9, 21, 9] ;;; release; ghosts_and_ghouls-neoforge-1.21.8_1.61.0.jar
[2026, 9, 28, 9, 21, 9] ;;; release; ghosts_and_ghouls-neoforge-26.1_1.61.0.jar
[2026, 9, 28, 9, 21, 9] ;;; release; ghosts_and_ghouls-neoforge-26.2_1.61.0.jar
[2026, 9, 28, 9, 21, 9] ;;; release; ghosts_and_ghouls-neoforge-26.3_1.61.0.jar
[2026, 9, 28, 9, 21, 9] ;;; release; gothic_horror-fabric-1.21.8_1.61.0.jar
[2026, 9, 28, 9, 21, 9] ;;; release; gothic_horror-fabric-1.21.9_1.61.0.jar
[2026, 9, 28, 9, 21, 9] ;;; release; gothic_horror-fabric-26.1_1.61.0.jar
[2026, 9, 28, 9, 21, 9] ;;; release; gothic_horror-fabric-26.2_1.61.0.jar
[2026, 9, 28, 9, 21, 9] ;;; release; gothic_horror-fabric-26.3_1.61.0.jar
[2026, 9, 28, 9, 21, 9] ;;; release; gothic_horror-forge-1.19.4_1.61.0.jar
[2026, 9, 28, 9, 21, 9] ;;; release; gothic_horror-forge-1.20.1_1.61.0.jar
[2026, 9, 28, 9, 21, 9] ;;; release; gothic_horror-neoforge-1.20.4_1.61.0.jar
[2026, 9, 28, 9, 21, 9] ;;; release; gothic_horror-neoforge-1.20.6_1.61.0.jar
[2026, 9, 28, 9, 21, 9] ;;; release; gothic_horror-neoforge-1.21.1_1.61.0.jar
[2026, 9, 28, 9, 21, 9] ;;; release; gothic_horror-neoforge-1.21.2_1.61.0.jar
[2026, 9, 28, 9, 21, 9] ;;; release; gothic_horror-neoforge-1.21.4_1.61.0.jar
[2026, 9, 28, 9, 21, 9] ;;; release; gothic_horror-neoforge-1.21.5_1.61.0.jar
[2026, 9, 28, 9, 21, 9] ;;; release; gothic_horror-neoforge-1.21.8_1.61.0.jar
[2026, 9, 28, 9, 21, 9] ;;; release; gothic_horror-neoforge-26.1_1.61.0.jar
[2026, 9, 28, 9, 21, 9] ;;; release; gothic_horror-neoforge-26.2_1.61.0.jar
[2026, 9, 28, 9, 21, 9] ;;; release; gothic_horror-neoforge-26.3_1.61.0.jar
[2026, 9, 28, 9, 21, 9] ;;; release; gstools-fabric-1.21.8_1.61.0.jar
[2026, 9, 28, 9, 21, 9] ;;; release; gstools-fabric-1.21.9_1.61.0.jar
[2026, 9, 28, 9, 21, 9] ;;; release; gstools-fabric-26.1_1.61.0.jar
[2026, 9, 28, 9, 21, 9] ;;; release; gstools-fabric-26.2_1.61.0.jar
[2026, 9, 28, 9, 21, 9] ;;; release; gstools-fabric-26.3_1.61.0.jar
[2026, 9, 28, 9, 21, 9] ;;; release; gstools-forge-1.19.4_1.61.0.jar
[2026, 9, 28, 9, 21, 9] ;;; release; gstools-forge-1.20.1_1.61.0.jar
[2026, 9, 28, 9, 21, 9] ;;; release; gstools-neoforge-1.20.4_1.61.0.jar
[2026, 9, 28, 9, 21, 9] ;;; release; gstools-neoforge-1.20.6_1.61.0.jar
[2026, 9, 28, 9, 21, 9] ;;; release; gstools-neoforge-1.21.1_1.61.0.jar
[2026, 9, 28, 9, 21, 9] ;;; release; gstools-neoforge-1.21.2_1.61.0.jar
[2026, 9, 28, 9, 21, 9] ;;; release; gstools-neoforge-1.21.4_1.61.0.jar
[2026, 9, 28, 9, 21, 9] ;;; release; gstools-neoforge-1.21.5_1.61.0.jar
[2026, 9, 28, 9, 21, 9] ;;; release; gstools-neoforge-1.21.8_1.61.0.jar
[2026, 9, 28, 9, 21, 9] ;;; release; gstools-neoforge-26.1_1.61.0.jar
[2026, 9, 28, 9, 21, 9] ;;; release; gstools-neoforge-26.2_1.61.0.jar
[2026, 9, 28, 9, 21, 9] ;;; release; gstools-neoforge-26.3_1.61.0.jar
[2026, 9, 28, 9, 21, 9] ;;; release; life_and_death-fabric-1.21.8_1.61.0.jar
[2026, 9, 28, 9, 21, 9] ;;; release; .\releases\1.61.0\life_and_death-fabric-1.21.8_1.61.0.jarlife_and_deathfabric1.21.8life_and_death fabric 1.21.8 1.61.0
[2026, 9, 28, 9, 21, 14] ;;; release; life_and_death-fabric-1.21.9_1.61.0.jar
[2026, 9, 28, 9, 21, 14] ;;; release; .\releases\1.61.0\life_and_death-fabric-1.21.9_1.61.0.jarlife_and_deathfabric1.21.9life_and_death fabric 1.21.9 1.61.0
[2026, 9, 28, 9, 21, 18] ;;; release; life_and_death-fabric-26.1_1.61.0.jar
[2026, 9, 28, 9, 21, 18] ;;; release; .\releases\1.61.0\life_and_death-fabric-26.1_1.61.0.jarlife_and_deathfabric26.1life_and_death fabric 26.1 1.61.0
[2026, 9, 28, 9, 21, 22] ;;; release; life_and_death-fabric-26.2_1.61.0.jar
[2026, 9, 28, 9, 21, 22] ;;; release; .\releases\1.61.0\life_and_death-fabric-26.2_1.61.0.jarlife_and_deathfabric26.2life_and_death fabric 26.2 1.61.0
[2026, 9, 28, 9, 21, 26] ;;; release; life_and_death-fabric-26.3_1.61.0.jar
[2026, 9, 28, 9, 21, 26] ;;; release; life_and_death-forge-1.19.4_1.61.0.jar
[2026, 9, 28, 9, 21, 26] ;;; release; .\releases\1.61.0\life_and_death-forge-1.19.4_1.61.0.jarlife_and_deathforge1.19.4life_and_death forge 1.19.4 1.61.0
[2026, 9, 28, 9, 21, 31] ;;; release; life_and_death-forge-1.20.1_1.61.0.jar
[2026, 9, 28, 9, 21, 31] ;;; release; life_and_death-neoforge-1.20.4_1.61.0.jar
[2026, 9, 28, 9, 21, 31] ;;; release; .\releases\1.61.0\life_and_death-neoforge-1.20.4_1.61.0.jarlife_and_deathneoforge1.20.4life_and_death neoforge 1.20.4 1.61.0
[2026, 9, 28, 9, 21, 35] ;;; release; life_and_death-neoforge-1.20.6_1.61.0.jar
[2026, 9, 28, 9, 21, 35] ;;; release; .\releases\1.61.0\life_and_death-neoforge-1.20.6_1.61.0.jarlife_and_deathneoforge1.20.6life_and_death neoforge 1.20.6 1.61.0
[2026, 9, 28, 9, 21, 38] ;;; release; life_and_death-neoforge-1.21.1_1.61.0.jar
[2026, 9, 28, 9, 21, 38] ;;; release; .\releases\1.61.0\life_and_death-neoforge-1.21.1_1.61.0.jarlife_and_deathneoforge1.21.1life_and_death neoforge 1.21.1 1.61.0
[2026, 9, 28, 9, 21, 43] ;;; release; life_and_death-neoforge-1.21.2_1.61.0.jar
[2026, 9, 28, 9, 21, 43] ;;; release; .\releases\1.61.0\life_and_death-neoforge-1.21.2_1.61.0.jarlife_and_deathneoforge1.21.2life_and_death neoforge 1.21.2 1.61.0
[2026, 9, 28, 9, 21, 47] ;;; release; life_and_death-neoforge-1.21.4_1.61.0.jar
[2026, 9, 28, 9, 21, 47] ;;; release; .\releases\1.61.0\life_and_death-neoforge-1.21.4_1.61.0.jarlife_and_deathneoforge1.21.4life_and_death neoforge 1.21.4 1.61.0
[2026, 9, 28, 9, 21, 51] ;;; release; life_and_death-neoforge-1.21.5_1.61.0.jar
[2026, 9, 28, 9, 21, 51] ;;; release; .\releases\1.61.0\life_and_death-neoforge-1.21.5_1.61.0.jarlife_and_deathneoforge1.21.5life_and_death neoforge 1.21.5 1.61.0
[2026, 9, 28, 9, 21, 55] ;;; release; life_and_death-neoforge-1.21.8_1.61.0.jar
[2026, 9, 28, 9, 21, 55] ;;; release; .\releases\1.61.0\life_and_death-neoforge-1.21.8_1.61.0.jarlife_and_deathneoforge1.21.8life_and_death neoforge 1.21.8 1.61.0
[2026, 9, 28, 9, 21, 59] ;;; release; life_and_death-neoforge-26.1_1.61.0.jar
[2026, 9, 28, 9, 21, 59] ;;; release; .\releases\1.61.0\life_and_death-neoforge-26.1_1.61.0.jarlife_and_deathneoforge26.1life_and_death neoforge 26.1 1.61.0
[2026, 9, 28, 9, 22, 5] ;;; release; life_and_death-neoforge-26.2_1.61.0.jar
[2026, 9, 28, 9, 22, 5] ;;; release; life_and_death-neoforge-26.3_1.61.0.jar
[2026, 9, 28, 9, 22, 5] ;;; release; undead_expanded-fabric-1.21.8_1.61.0.jar
[2026, 9, 28, 9, 22, 5] ;;; release; undead_expanded-fabric-1.21.9_1.61.0.jar
[2026, 9, 28, 9, 22, 5] ;;; release; undead_expanded-fabric-26.1_1.61.0.jar
[2026, 9, 28, 9, 22, 5] ;;; release; undead_expanded-fabric-26.2_1.61.0.jar
[2026, 9, 28, 9, 22, 5] ;;; release; undead_expanded-fabric-26.3_1.61.0.jar
[2026, 9, 28, 9, 22, 5] ;;; release; undead_expanded-forge-1.19.4_1.61.0.jar
[2026, 9, 28, 9, 22, 5] ;;; release; undead_expanded-forge-1.20.1_1.61.0.jar
[2026, 9, 28, 9, 22, 5] ;;; release; undead_expanded-neoforge-1.20.4_1.61.0.jar
[2026, 9, 28, 9, 22, 5] ;;; release; undead_expanded-neoforge-1.20.6_1.61.0.jar
[2026, 9, 28, 9, 22, 5] ;;; release; undead_expanded-neoforge-1.21.1_1.61.0.jar
[2026, 9, 28, 9, 22, 5] ;;; release; undead_expanded-neoforge-1.21.2_1.61.0.jar
[2026, 9, 28, 9, 22, 5] ;;; release; undead_expanded-neoforge-1.21.4_1.61.0.jar
[2026, 9, 28, 9, 22, 5] ;;; release; undead_expanded-neoforge-1.21.5_1.61.0.jar
[2026, 9, 28, 9, 22, 5] ;;; release; undead_expanded-neoforge-1.21.8_1.61.0.jar
[2026, 9, 28, 9, 22, 5] ;;; release; undead_expanded-neoforge-26.1_1.61.0.jar
[2026, 9, 28, 9, 22, 5] ;;; release; undead_expanded-neoforge-26.2_1.61.0.jar
[2026, 9, 28, 9, 22, 5] ;;; release; undead_expanded-neoforge-26.3_1.61.0.jar
[2026, 9, 28, 9, 22, 5] ;;; release; block_decay-fabric-1.21.10_1.61.0.jar
[2026, 9, 28, 9, 22, 5] ;;; release; .\releases\1.61.0\block_decay-fabric-1.21.10_1.61.0.jarblock_decayfabric1.21.10block_decay fabric 1.21.10 1.61.0
[2026, 9, 28, 9, 22, 12] ;;; release; block_decay-fabric-1.21.11_1.61.0.jar
[2026, 9, 28, 9, 22, 12] ;;; release; block_decay-fabric-1.21.8_1.61.0.jar
[2026, 9, 28, 9, 22, 12] ;;; release; .\releases\1.61.0\block_decay-fabric-1.21.8_1.61.0.jarblock_decayfabric1.21.8block_decay fabric 1.21.8 1.61.0
[2026, 9, 28, 9, 22, 22] ;;; release; block_decay-fabric-1.21.9_1.61.0.jar
[2026, 9, 28, 9, 22, 22] ;;; release; .\releases\1.61.0\block_decay-fabric-1.21.9_1.61.0.jarblock_decayfabric1.21.9block_decay fabric 1.21.9 1.61.0
[2026, 9, 28, 9, 22, 33] ;;; release; block_decay-fabric-26.1_1.61.0.jar
[2026, 9, 28, 9, 22, 33] ;;; release; .\releases\1.61.0\block_decay-fabric-26.1_1.61.0.jarblock_decayfabric26.1block_decay fabric 26.1 1.61.0
[2026, 9, 28, 9, 22, 41] ;;; release; block_decay-fabric-26.2_1.61.0.jar
[2026, 9, 28, 9, 22, 41] ;;; release; .\releases\1.61.0\block_decay-fabric-26.2_1.61.0.jarblock_decayfabric26.2block_decay fabric 26.2 1.61.0
[2026, 9, 28, 9, 22, 49] ;;; release; block_decay-fabric-26.3_1.61.0.jar
[2026, 9, 28, 9, 22, 49] ;;; release; block_decay-forge-1.19.4_1.61.0.jar
[2026, 9, 28, 9, 22, 49] ;;; release; .\releases\1.61.0\block_decay-forge-1.19.4_1.61.0.jarblock_decayforge1.19.4block_decay forge 1.19.4 1.61.0
[2026, 9, 28, 9, 22, 56] ;;; release; block_decay-forge-1.20.1_1.61.0.jar
[2026, 9, 28, 9, 22, 56] ;;; release; block_decay-neoforge-1.20.4_1.61.0.jar
[2026, 9, 28, 9, 22, 56] ;;; release; .\releases\1.61.0\block_decay-neoforge-1.20.4_1.61.0.jarblock_decayneoforge1.20.4block_decay neoforge 1.20.4 1.61.0
[2026, 9, 28, 9, 23, 4] ;;; release; block_decay-neoforge-1.20.6_1.61.0.jar
[2026, 9, 28, 9, 23, 4] ;;; release; .\releases\1.61.0\block_decay-neoforge-1.20.6_1.61.0.jarblock_decayneoforge1.20.6block_decay neoforge 1.20.6 1.61.0
[2026, 9, 28, 9, 23, 12] ;;; release; block_decay-neoforge-1.21.10_1.61.0.jar
[2026, 9, 28, 9, 23, 12] ;;; release; .\releases\1.61.0\block_decay-neoforge-1.21.10_1.61.0.jarblock_decayneoforge1.21.10block_decay neoforge 1.21.10 1.61.0
[2026, 9, 28, 9, 23, 18] ;;; release; block_decay-neoforge-1.21.11_1.61.0.jar
[2026, 9, 28, 9, 23, 18] ;;; release; .\releases\1.61.0\block_decay-neoforge-1.21.11_1.61.0.jarblock_decayneoforge1.21.11block_decay neoforge 1.21.11 1.61.0
[2026, 9, 28, 9, 23, 27] ;;; release; block_decay-neoforge-1.21.1_1.61.0.jar
[2026, 9, 28, 9, 23, 27] ;;; release; .\releases\1.61.0\block_decay-neoforge-1.21.1_1.61.0.jarblock_decayneoforge1.21.1block_decay neoforge 1.21.1 1.61.0
[2026, 9, 28, 9, 23, 35] ;;; release; block_decay-neoforge-1.21.2_1.61.0.jar
[2026, 9, 28, 9, 23, 35] ;;; release; .\releases\1.61.0\block_decay-neoforge-1.21.2_1.61.0.jarblock_decayneoforge1.21.2block_decay neoforge 1.21.2 1.61.0
[2026, 9, 28, 9, 23, 42] ;;; release; block_decay-neoforge-1.21.4_1.61.0.jar
[2026, 9, 28, 9, 23, 42] ;;; release; .\releases\1.61.0\block_decay-neoforge-1.21.4_1.61.0.jarblock_decayneoforge1.21.4block_decay neoforge 1.21.4 1.61.0
[2026, 9, 28, 9, 23, 51] ;;; release; block_decay-neoforge-1.21.5_1.61.0.jar
[2026, 9, 28, 9, 23, 51] ;;; release; .\releases\1.61.0\block_decay-neoforge-1.21.5_1.61.0.jarblock_decayneoforge1.21.5block_decay neoforge 1.21.5 1.61.0
[2026, 9, 28, 9, 24, 2] ;;; release; block_decay-neoforge-1.21.8_1.61.0.jar
[2026, 9, 28, 9, 24, 2] ;;; release; .\releases\1.61.0\block_decay-neoforge-1.21.8_1.61.0.jarblock_decayneoforge1.21.8block_decay neoforge 1.21.8 1.61.0
[2026, 9, 28, 9, 24, 14] ;;; release; block_decay-neoforge-1.21.9_1.61.0.jar
[2026, 9, 28, 9, 24, 14] ;;; release; .\releases\1.61.0\block_decay-neoforge-1.21.9_1.61.0.jarblock_decayneoforge1.21.9block_decay neoforge 1.21.9 1.61.0
[2026, 9, 28, 9, 24, 23] ;;; release; block_decay-neoforge-1.21_1.61.0.jar
[2026, 9, 28, 9, 24, 23] ;;; release; .\releases\1.61.0\block_decay-neoforge-1.21_1.61.0.jarblock_decayneoforge1.21block_decay neoforge 1.21 1.61.0
[2026, 9, 28, 9, 24, 36] ;;; release; block_decay-neoforge-26.1_1.61.0.jar
[2026, 9, 28, 9, 24, 36] ;;; release; .\releases\1.61.0\block_decay-neoforge-26.1_1.61.0.jarblock_decayneoforge26.1block_decay neoforge 26.1 1.61.0
[2026, 9, 28, 9, 24, 47] ;;; release; block_decay-neoforge-26.2_1.61.0.jar
[2026, 9, 28, 9, 24, 47] ;;; release; block_decay-neoforge-26.3_1.61.0.jar
[2026, 9, 28, 9, 24, 47] ;;; release; desire_paths-fabric-1.21.8_1.61.0.jar
[2026, 9, 28, 9, 24, 47] ;;; release; desire_paths-fabric-1.21.9_1.61.0.jar
[2026, 9, 28, 9, 24, 47] ;;; release; desire_paths-fabric-26.1_1.61.0.jar
[2026, 9, 28, 9, 24, 47] ;;; release; desire_paths-fabric-26.2_1.61.0.jar
[2026, 9, 28, 9, 24, 47] ;;; release; desire_paths-fabric-26.3_1.61.0.jar
[2026, 9, 28, 9, 24, 47] ;;; release; desire_paths-forge-1.19.4_1.61.0.jar
[2026, 9, 28, 9, 24, 47] ;;; release; desire_paths-forge-1.20.1_1.61.0.jar
[2026, 9, 28, 9, 24, 47] ;;; release; desire_paths-neoforge-1.20.4_1.61.0.jar
[2026, 9, 28, 9, 24, 47] ;;; release; desire_paths-neoforge-1.20.6_1.61.0.jar
[2026, 9, 28, 9, 24, 47] ;;; release; desire_paths-neoforge-1.21.1_1.61.0.jar
[2026, 9, 28, 9, 24, 47] ;;; release; desire_paths-neoforge-1.21.2_1.61.0.jar
[2026, 9, 28, 9, 24, 47] ;;; release; desire_paths-neoforge-1.21.4_1.61.0.jar
[2026, 9, 28, 9, 24, 47] ;;; release; desire_paths-neoforge-1.21.5_1.61.0.jar
[2026, 9, 28, 9, 24, 47] ;;; release; desire_paths-neoforge-1.21.8_1.61.0.jar
[2026, 9, 28, 9, 24, 47] ;;; release; desire_paths-neoforge-26.1_1.61.0.jar
[2026, 9, 28, 9, 24, 47] ;;; release; desire_paths-neoforge-26.2_1.61.0.jar
[2026, 9, 28, 9, 24, 47] ;;; release; desire_paths-neoforge-26.3_1.61.0.jar
[2026, 9, 28, 9, 24, 47] ;;; release; dynamic_dirt-fabric-1.21.8_1.61.0.jar
[2026, 9, 28, 9, 24, 47] ;;; release; dynamic_dirt-fabric-1.21.9_1.61.0.jar
[2026, 9, 28, 9, 24, 47] ;;; release; dynamic_dirt-fabric-26.1_1.61.0.jar
[2026, 9, 28, 9, 24, 47] ;;; release; dynamic_dirt-fabric-26.2_1.61.0.jar
[2026, 9, 28, 9, 24, 47] ;;; release; dynamic_dirt-fabric-26.3_1.61.0.jar
[2026, 9, 28, 9, 24, 47] ;;; release; dynamic_dirt-forge-1.19.4_1.61.0.jar
[2026, 9, 28, 9, 24, 47] ;;; release; dynamic_dirt-forge-1.20.1_1.61.0.jar
[2026, 9, 28, 9, 24, 47] ;;; release; dynamic_dirt-neoforge-1.20.4_1.61.0.jar
[2026, 9, 28, 9, 24, 47] ;;; release; dynamic_dirt-neoforge-1.20.6_1.61.0.jar
[2026, 9, 28, 9, 24, 47] ;;; release; dynamic_dirt-neoforge-1.21.1_1.61.0.jar
[2026, 9, 28, 9, 24, 47] ;;; release; dynamic_dirt-neoforge-1.21.2_1.61.0.jar
[2026, 9, 28, 9, 24, 47] ;;; release; dynamic_dirt-neoforge-1.21.4_1.61.0.jar
[2026, 9, 28, 9, 24, 47] ;;; release; dynamic_dirt-neoforge-1.21.5_1.61.0.jar
[2026, 9, 28, 9, 24, 47] ;;; release; dynamic_dirt-neoforge-1.21.8_1.61.0.jar
[2026, 9, 28, 9, 24, 47] ;;; release; dynamic_dirt-neoforge-26.1_1.61.0.jar
[2026, 9, 28, 9, 24, 47] ;;; release; dynamic_dirt-neoforge-26.2_1.61.0.jar
[2026, 9, 28, 9, 24, 47] ;;; release; dynamic_dirt-neoforge-26.3_1.61.0.jar
[2026, 9, 28, 9, 24, 47] ;;; release; dynamic_ecosystems-fabric-1.21.8_1.61.0.jar
[2026, 9, 28, 9, 24, 47] ;;; release; dynamic_ecosystems-fabric-1.21.9_1.61.0.jar
[2026, 9, 28, 9, 24, 47] ;;; release; dynamic_ecosystems-fabric-26.1_1.61.0.jar
[2026, 9, 28, 9, 24, 47] ;;; release; dynamic_ecosystems-fabric-26.2_1.61.0.jar
[2026, 9, 28, 9, 24, 47] ;;; release; dynamic_ecosystems-fabric-26.3_1.61.0.jar
[2026, 9, 28, 9, 24, 47] ;;; release; dynamic_ecosystems-forge-1.19.4_1.61.0.jar
[2026, 9, 28, 9, 24, 47] ;;; release; dynamic_ecosystems-forge-1.20.1_1.61.0.jar
[2026, 9, 28, 9, 24, 47] ;;; release; dynamic_ecosystems-neoforge-1.20.4_1.61.0.jar
[2026, 9, 28, 9, 24, 47] ;;; release; dynamic_ecosystems-neoforge-1.20.6_1.61.0.jar
[2026, 9, 28, 9, 24, 47] ;;; release; dynamic_ecosystems-neoforge-1.21.1_1.61.0.jar
[2026, 9, 28, 9, 24, 47] ;;; release; dynamic_ecosystems-neoforge-1.21.2_1.61.0.jar
[2026, 9, 28, 9, 24, 47] ;;; release; dynamic_ecosystems-neoforge-1.21.4_1.61.0.jar
[2026, 9, 28, 9, 24, 47] ;;; release; dynamic_ecosystems-neoforge-1.21.5_1.61.0.jar
[2026, 9, 28, 9, 24, 47] ;;; release; dynamic_ecosystems-neoforge-1.21.8_1.61.0.jar
[2026, 9, 28, 9, 24, 47] ;;; release; dynamic_ecosystems-neoforge-26.1_1.61.0.jar
[2026, 9, 28, 9, 24, 47] ;;; release; dynamic_ecosystems-neoforge-26.2_1.61.0.jar
[2026, 9, 28, 9, 24, 47] ;;; release; dynamic_ecosystems-neoforge-26.3_1.61.0.jar
[2026, 9, 28, 9, 24, 47] ;;; release; dynamic_monsters-fabric-1.21.8_1.61.0.jar
[2026, 9, 28, 9, 24, 47] ;;; release; dynamic_monsters-fabric-1.21.9_1.61.0.jar
[2026, 9, 28, 9, 24, 47] ;;; release; dynamic_monsters-fabric-26.1_1.61.0.jar
[2026, 9, 28, 9, 24, 47] ;;; release; dynamic_monsters-fabric-26.2_1.61.0.jar
[2026, 9, 28, 9, 24, 47] ;;; release; dynamic_monsters-fabric-26.3_1.61.0.jar
[2026, 9, 28, 9, 24, 47] ;;; release; dynamic_monsters-forge-1.19.4_1.61.0.jar
[2026, 9, 28, 9, 24, 47] ;;; release; dynamic_monsters-forge-1.20.1_1.61.0.jar
[2026, 9, 28, 9, 24, 47] ;;; release; dynamic_monsters-neoforge-1.20.4_1.61.0.jar
[2026, 9, 28, 9, 24, 47] ;;; release; dynamic_monsters-neoforge-1.20.6_1.61.0.jar
[2026, 9, 28, 9, 24, 47] ;;; release; dynamic_monsters-neoforge-1.21.1_1.61.0.jar
[2026, 9, 28, 9, 24, 47] ;;; release; dynamic_monsters-neoforge-1.21.2_1.61.0.jar
[2026, 9, 28, 9, 24, 47] ;;; release; dynamic_monsters-neoforge-1.21.4_1.61.0.jar
[2026, 9, 28, 9, 24, 47] ;;; release; dynamic_monsters-neoforge-1.21.5_1.61.0.jar
[2026, 9, 28, 9, 24, 47] ;;; release; dynamic_monsters-neoforge-1.21.8_1.61.0.jar
[2026, 9, 28, 9, 24, 47] ;;; release; dynamic_monsters-neoforge-26.1_1.61.0.jar
[2026, 9, 28, 9, 24, 47] ;;; release; dynamic_monsters-neoforge-26.2_1.61.0.jar
[2026, 9, 28, 9, 24, 47] ;;; release; dynamic_monsters-neoforge-26.3_1.61.0.jar
[2026, 9, 28, 9, 24, 47] ;;; release; enhanced_survival-fabric-1.21.8_1.61.0.jar
[2026, 9, 28, 9, 24, 47] ;;; release; enhanced_survival-fabric-1.21.9_1.61.0.jar
[2026, 9, 28, 9, 24, 47] ;;; release; enhanced_survival-fabric-26.1_1.61.0.jar
[2026, 9, 28, 9, 24, 47] ;;; release; enhanced_survival-fabric-26.2_1.61.0.jar
[2026, 9, 28, 9, 24, 47] ;;; release; enhanced_survival-fabric-26.3_1.61.0.jar
[2026, 9, 28, 9, 24, 47] ;;; release; enhanced_survival-forge-1.19.4_1.61.0.jar
[2026, 9, 28, 9, 24, 47] ;;; release; enhanced_survival-forge-1.20.1_1.61.0.jar
[2026, 9, 28, 9, 24, 47] ;;; release; enhanced_survival-neoforge-1.20.4_1.61.0.jar
[2026, 9, 28, 9, 24, 47] ;;; release; enhanced_survival-neoforge-1.20.6_1.61.0.jar
[2026, 9, 28, 9, 24, 47] ;;; release; enhanced_survival-neoforge-1.21.1_1.61.0.jar
[2026, 9, 28, 9, 24, 47] ;;; release; enhanced_survival-neoforge-1.21.2_1.61.0.jar
[2026, 9, 28, 9, 24, 47] ;;; release; enhanced_survival-neoforge-1.21.4_1.61.0.jar
[2026, 9, 28, 9, 24, 47] ;;; release; enhanced_survival-neoforge-1.21.5_1.61.0.jar
[2026, 9, 28, 9, 24, 47] ;;; release; enhanced_survival-neoforge-1.21.8_1.61.0.jar
[2026, 9, 28, 9, 24, 47] ;;; release; enhanced_survival-neoforge-26.1_1.61.0.jar
[2026, 9, 28, 9, 24, 47] ;;; release; enhanced_survival-neoforge-26.2_1.61.0.jar
[2026, 9, 28, 9, 24, 47] ;;; release; enhanced_survival-neoforge-26.3_1.61.0.jar
[2026, 9, 28, 9, 24, 47] ;;; release; ghosts_and_ghouls-fabric-1.21.8_1.61.0.jar
[2026, 9, 28, 9, 24, 47] ;;; release; ghosts_and_ghouls-fabric-1.21.9_1.61.0.jar
[2026, 9, 28, 9, 24, 47] ;;; release; ghosts_and_ghouls-fabric-26.1_1.61.0.jar
[2026, 9, 28, 9, 24, 47] ;;; release; ghosts_and_ghouls-fabric-26.2_1.61.0.jar
[2026, 9, 28, 9, 24, 47] ;;; release; ghosts_and_ghouls-fabric-26.3_1.61.0.jar
[2026, 9, 28, 9, 24, 47] ;;; release; ghosts_and_ghouls-forge-1.19.4_1.61.0.jar
[2026, 9, 28, 9, 24, 47] ;;; release; ghosts_and_ghouls-forge-1.20.1_1.61.0.jar
[2026, 9, 28, 9, 24, 47] ;;; release; ghosts_and_ghouls-neoforge-1.20.4_1.61.0.jar
[2026, 9, 28, 9, 24, 47] ;;; release; ghosts_and_ghouls-neoforge-1.20.6_1.61.0.jar
[2026, 9, 28, 9, 24, 47] ;;; release; ghosts_and_ghouls-neoforge-1.21.1_1.61.0.jar
[2026, 9, 28, 9, 24, 47] ;;; release; ghosts_and_ghouls-neoforge-1.21.2_1.61.0.jar
[2026, 9, 28, 9, 24, 47] ;;; release; ghosts_and_ghouls-neoforge-1.21.4_1.61.0.jar
[2026, 9, 28, 9, 24, 47] ;;; release; ghosts_and_ghouls-neoforge-1.21.5_1.61.0.jar
[2026, 9, 28, 9, 24, 47] ;;; release; ghosts_and_ghouls-neoforge-1.21.8_1.61.0.jar
[2026, 9, 28, 9, 24, 47] ;;; release; ghosts_and_ghouls-neoforge-26.1_1.61.0.jar
[2026, 9, 28, 9, 24, 47] ;;; release; ghosts_and_ghouls-neoforge-26.2_1.61.0.jar
[2026, 9, 28, 9, 24, 47] ;;; release; ghosts_and_ghouls-neoforge-26.3_1.61.0.jar
[2026, 9, 28, 9, 24, 47] ;;; release; gothic_horror-fabric-1.21.8_1.61.0.jar
[2026, 9, 28, 9, 24, 47] ;;; release; gothic_horror-fabric-1.21.9_1.61.0.jar
[2026, 9, 28, 9, 24, 47] ;;; release; gothic_horror-fabric-26.1_1.61.0.jar
[2026, 9, 28, 9, 24, 47] ;;; release; gothic_horror-fabric-26.2_1.61.0.jar
[2026, 9, 28, 9, 24, 47] ;;; release; gothic_horror-fabric-26.3_1.61.0.jar
[2026, 9, 28, 9, 24, 47] ;;; release; gothic_horror-forge-1.19.4_1.61.0.jar
[2026, 9, 28, 9, 24, 47] ;;; release; gothic_horror-forge-1.20.1_1.61.0.jar
[2026, 9, 28, 9, 24, 47] ;;; release; gothic_horror-neoforge-1.20.4_1.61.0.jar
[2026, 9, 28, 9, 24, 47] ;;; release; gothic_horror-neoforge-1.20.6_1.61.0.jar
[2026, 9, 28, 9, 24, 47] ;;; release; gothic_horror-neoforge-1.21.1_1.61.0.jar
[2026, 9, 28, 9, 24, 47] ;;; release; gothic_horror-neoforge-1.21.2_1.61.0.jar
[2026, 9, 28, 9, 24, 47] ;;; release; gothic_horror-neoforge-1.21.4_1.61.0.jar
[2026, 9, 28, 9, 24, 47] ;;; release; gothic_horror-neoforge-1.21.5_1.61.0.jar
[2026, 9, 28, 9, 24, 47] ;;; release; gothic_horror-neoforge-1.21.8_1.61.0.jar
[2026, 9, 28, 9, 24, 47] ;;; release; gothic_horror-neoforge-26.1_1.61.0.jar
[2026, 9, 28, 9, 24, 47] ;;; release; gothic_horror-neoforge-26.2_1.61.0.jar
[2026, 9, 28, 9, 24, 47] ;;; release; gothic_horror-neoforge-26.3_1.61.0.jar
[2026, 9, 28, 9, 24, 47] ;;; release; gstools-fabric-1.21.8_1.61.0.jar
[2026, 9, 28, 9, 24, 47] ;;; release; gstools-fabric-1.21.9_1.61.0.jar
[2026, 9, 28, 9, 24, 47] ;;; release; gstools-fabric-26.1_1.61.0.jar
[2026, 9, 28, 9, 24, 47] ;;; release; gstools-fabric-26.2_1.61.0.jar
[2026, 9, 28, 9, 24, 47] ;;; release; gstools-fabric-26.3_1.61.0.jar
[2026, 9, 28, 9, 24, 47] ;;; release; gstools-forge-1.19.4_1.61.0.jar
[2026, 9, 28, 9, 24, 47] ;;; release; gstools-forge-1.20.1_1.61.0.jar
[2026, 9, 28, 9, 24, 47] ;;; release; gstools-neoforge-1.20.4_1.61.0.jar
[2026, 9, 28, 9, 24, 47] ;;; release; gstools-neoforge-1.20.6_1.61.0.jar
[2026, 9, 28, 9, 24, 47] ;;; release; gstools-neoforge-1.21.1_1.61.0.jar
[2026, 9, 28, 9, 24, 47] ;;; release; gstools-neoforge-1.21.2_1.61.0.jar
[2026, 9, 28, 9, 24, 47] ;;; release; gstools-neoforge-1.21.4_1.61.0.jar
[2026, 9, 28, 9, 24, 47] ;;; release; gstools-neoforge-1.21.5_1.61.0.jar
[2026, 9, 28, 9, 24, 47] ;;; release; gstools-neoforge-1.21.8_1.61.0.jar
[2026, 9, 28, 9, 24, 47] ;;; release; gstools-neoforge-26.1_1.61.0.jar
[2026, 9, 28, 9, 24, 47] ;;; release; gstools-neoforge-26.2_1.61.0.jar
[2026, 9, 28, 9, 24, 47] ;;; release; gstools-neoforge-26.3_1.61.0.jar
[2026, 9, 28, 9, 24, 47] ;;; release; life_and_death-fabric-1.21.8_1.61.0.jar
[2026, 9, 28, 9, 24, 47] ;;; release; life_and_death-fabric-1.21.9_1.61.0.jar
[2026, 9, 28, 9, 24, 47] ;;; release; life_and_death-fabric-26.1_1.61.0.jar
[2026, 9, 28, 9, 24, 47] ;;; release; life_and_death-fabric-26.2_1.61.0.jar
[2026, 9, 28, 9, 24, 47] ;;; release; life_and_death-fabric-26.3_1.61.0.jar
[2026, 9, 28, 9, 24, 47] ;;; release; life_and_death-forge-1.19.4_1.61.0.jar
[2026, 9, 28, 9, 24, 47] ;;; release; life_and_death-forge-1.20.1_1.61.0.jar
[2026, 9, 28, 9, 24, 47] ;;; release; life_and_death-neoforge-1.20.4_1.61.0.jar
[2026, 9, 28, 9, 24, 47] ;;; release; life_and_death-neoforge-1.20.6_1.61.0.jar
[2026, 9, 28, 9, 24, 47] ;;; release; life_and_death-neoforge-1.21.1_1.61.0.jar
[2026, 9, 28, 9, 24, 47] ;;; release; life_and_death-neoforge-1.21.2_1.61.0.jar
[2026, 9, 28, 9, 24, 47] ;;; release; life_and_death-neoforge-1.21.4_1.61.0.jar
[2026, 9, 28, 9, 24, 47] ;;; release; life_and_death-neoforge-1.21.5_1.61.0.jar
[2026, 9, 28, 9, 24, 47] ;;; release; life_and_death-neoforge-1.21.8_1.61.0.jar
[2026, 9, 28, 9, 24, 47] ;;; release; life_and_death-neoforge-26.1_1.61.0.jar
[2026, 9, 28, 9, 24, 47] ;;; release; life_and_death-neoforge-26.2_1.61.0.jar
[2026, 9, 28, 9, 24, 47] ;;; release; life_and_death-neoforge-26.3_1.61.0.jar
[2026, 9, 28, 9, 24, 47] ;;; release; undead_expanded-fabric-1.21.8_1.61.0.jar
[2026, 9, 28, 9, 24, 47] ;;; release; undead_expanded-fabric-1.21.9_1.61.0.jar
[2026, 9, 28, 9, 24, 47] ;;; release; undead_expanded-fabric-26.1_1.61.0.jar
[2026, 9, 28, 9, 24, 47] ;;; release; undead_expanded-fabric-26.2_1.61.0.jar
[2026, 9, 28, 9, 24, 47] ;;; release; undead_expanded-fabric-26.3_1.61.0.jar
[2026, 9, 28, 9, 24, 47] ;;; release; undead_expanded-forge-1.19.4_1.61.0.jar
[2026, 9, 28, 9, 24, 47] ;;; release; undead_expanded-forge-1.20.1_1.61.0.jar
[2026, 9, 28, 9, 24, 47] ;;; release; undead_expanded-neoforge-1.20.4_1.61.0.jar
[2026, 9, 28, 9, 24, 47] ;;; release; undead_expanded-neoforge-1.20.6_1.61.0.jar
[2026, 9, 28, 9, 24, 47] ;;; release; undead_expanded-neoforge-1.21.1_1.61.0.jar
[2026, 9, 28, 9, 24, 47] ;;; release; undead_expanded-neoforge-1.21.2_1.61.0.jar
[2026, 9, 28, 9, 24, 47] ;;; release; undead_expanded-neoforge-1.21.4_1.61.0.jar
[2026, 9, 28, 9, 24, 47] ;;; release; undead_expanded-neoforge-1.21.5_1.61.0.jar
[2026, 9, 28, 9, 24, 47] ;;; release; undead_expanded-neoforge-1.21.8_1.61.0.jar
[2026, 9, 28, 9, 24, 47] ;;; release; undead_expanded-neoforge-26.1_1.61.0.jar
[2026, 9, 28, 9, 24, 47] ;;; release; undead_expanded-neoforge-26.2_1.61.0.jar
[2026, 9, 28, 9, 24, 47] ;;; release; undead_expanded-neoforge-26.3_1.61.0.jar
[2026, 9, 28, 9, 24, 47] ;;; release; block_decay-fabric-1.21.10_1.61.0.jar
[2026, 9, 28, 9, 24, 47] ;;; release; block_decay-fabric-1.21.11_1.61.0.jar
[2026, 9, 28, 9, 24, 47] ;;; release; block_decay-fabric-1.21.8_1.61.0.jar
[2026, 9, 28, 9, 24, 47] ;;; release; block_decay-fabric-1.21.9_1.61.0.jar
[2026, 9, 28, 9, 24, 47] ;;; release; block_decay-fabric-26.1_1.61.0.jar
[2026, 9, 28, 9, 24, 47] ;;; release; block_decay-fabric-26.2_1.61.0.jar
[2026, 9, 28, 9, 24, 47] ;;; release; block_decay-fabric-26.3_1.61.0.jar
[2026, 9, 28, 9, 24, 47] ;;; release; block_decay-forge-1.19.4_1.61.0.jar
[2026, 9, 28, 9, 24, 47] ;;; release; block_decay-forge-1.20.1_1.61.0.jar
[2026, 9, 28, 9, 24, 47] ;;; release; block_decay-neoforge-1.20.4_1.61.0.jar
[2026, 9, 28, 9, 24, 47] ;;; release; block_decay-neoforge-1.20.6_1.61.0.jar
[2026, 9, 28, 9, 24, 47] ;;; release; block_decay-neoforge-1.21.10_1.61.0.jar
[2026, 9, 28, 9, 24, 47] ;;; release; block_decay-neoforge-1.21.11_1.61.0.jar
[2026, 9, 28, 9, 24, 47] ;;; release; block_decay-neoforge-1.21.1_1.61.0.jar
[2026, 9, 28, 9, 24, 47] ;;; release; block_decay-neoforge-1.21.2_1.61.0.jar
[2026, 9, 28, 9, 24, 47] ;;; release; block_decay-neoforge-1.21.4_1.61.0.jar
[2026, 9, 28, 9, 24, 47] ;;; release; block_decay-neoforge-1.21.5_1.61.0.jar
[2026, 9, 28, 9, 24, 47] ;;; release; block_decay-neoforge-1.21.8_1.61.0.jar
[2026, 9, 28, 9, 24, 47] ;;; release; block_decay-neoforge-1.21.9_1.61.0.jar
[2026, 9, 28, 9, 24, 47] ;;; release; block_decay-neoforge-1.21_1.61.0.jar
[2026, 9, 28, 9, 24, 47] ;;; release; block_decay-neoforge-26.1_1.61.0.jar
[2026, 9, 28, 9, 24, 47] ;;; release; block_decay-neoforge-26.2_1.61.0.jar
[2026, 9, 28, 9, 24, 47] ;;; release; block_decay-neoforge-26.3_1.61.0.jar
[2026, 9, 28, 9, 24, 47] ;;; release; desire_paths-fabric-1.21.8_1.61.0.jar
[2026, 9, 28, 9, 24, 47] ;;; release; desire_paths-fabric-1.21.9_1.61.0.jar
[2026, 9, 28, 9, 24, 47] ;;; release; desire_paths-fabric-26.1_1.61.0.jar
[2026, 9, 28, 9, 24, 47] ;;; release; desire_paths-fabric-26.2_1.61.0.jar
[2026, 9, 28, 9, 24, 47] ;;; release; desire_paths-fabric-26.3_1.61.0.jar
[2026, 9, 28, 9, 24, 47] ;;; release; desire_paths-forge-1.19.4_1.61.0.jar
[2026, 9, 28, 9, 24, 47] ;;; release; desire_paths-forge-1.20.1_1.61.0.jar
[2026, 9, 28, 9, 24, 47] ;;; release; desire_paths-neoforge-1.20.4_1.61.0.jar
[2026, 9, 28, 9, 24, 47] ;;; release; desire_paths-neoforge-1.20.6_1.61.0.jar
[2026, 9, 28, 9, 24, 47] ;;; release; desire_paths-neoforge-1.21.1_1.61.0.jar
[2026, 9, 28, 9, 24, 47] ;;; release; desire_paths-neoforge-1.21.2_1.61.0.jar
[2026, 9, 28, 9, 24, 47] ;;; release; desire_paths-neoforge-1.21.4_1.61.0.jar
[2026, 9, 28, 9, 24, 47] ;;; release; desire_paths-neoforge-1.21.5_1.61.0.jar
[2026, 9, 28, 9, 24, 47] ;;; release; desire_paths-neoforge-1.21.8_1.61.0.jar
[2026, 9, 28, 9, 24, 47] ;;; release; desire_paths-neoforge-26.1_1.61.0.jar
[2026, 9, 28, 9, 24, 47] ;;; release; desire_paths-neoforge-26.2_1.61.0.jar
[2026, 9, 28, 9, 24, 47] ;;; release; desire_paths-neoforge-26.3_1.61.0.jar
[2026, 9, 28, 9, 24, 47] ;;; release; dynamic_dirt-fabric-1.21.8_1.61.0.jar
[2026, 9, 28, 9, 24, 47] ;;; release; dynamic_dirt-fabric-1.21.9_1.61.0.jar
[2026, 9, 28, 9, 24, 47] ;;; release; dynamic_dirt-fabric-26.1_1.61.0.jar
[2026, 9, 28, 9, 24, 47] ;;; release; dynamic_dirt-fabric-26.2_1.61.0.jar
[2026, 9, 28, 9, 24, 47] ;;; release; dynamic_dirt-fabric-26.3_1.61.0.jar
[2026, 9, 28, 9, 24, 47] ;;; release; dynamic_dirt-forge-1.19.4_1.61.0.jar
[2026, 9, 28, 9, 24, 47] ;;; release; dynamic_dirt-forge-1.20.1_1.61.0.jar
[2026, 9, 28, 9, 24, 47] ;;; release; dynamic_dirt-neoforge-1.20.4_1.61.0.jar
[2026, 9, 28, 9, 24, 47] ;;; release; dynamic_dirt-neoforge-1.20.6_1.61.0.jar
[2026, 9, 28, 9, 24, 47] ;;; release; dynamic_dirt-neoforge-1.21.1_1.61.0.jar
[2026, 9, 28, 9, 24, 47] ;;; release; dynamic_dirt-neoforge-1.21.2_1.61.0.jar
[2026, 9, 28, 9, 24, 47] ;;; release; dynamic_dirt-neoforge-1.21.4_1.61.0.jar
[2026, 9, 28, 9, 24, 47] ;;; release; dynamic_dirt-neoforge-1.21.5_1.61.0.jar
[2026, 9, 28, 9, 24, 47] ;;; release; dynamic_dirt-neoforge-1.21.8_1.61.0.jar
[2026, 9, 28, 9, 24, 47] ;;; release; dynamic_dirt-neoforge-26.1_1.61.0.jar
[2026, 9, 28, 9, 24, 47] ;;; release; dynamic_dirt-neoforge-26.2_1.61.0.jar
[2026, 9, 28, 9, 24, 47] ;;; release; dynamic_dirt-neoforge-26.3_1.61.0.jar
[2026, 9, 28, 9, 24, 47] ;;; release; dynamic_ecosystems-fabric-1.21.8_1.61.0.jar
[2026, 9, 28, 9, 24, 47] ;;; release; .\releases\1.61.0\dynamic_ecosystems-fabric-1.21.8_1.61.0.jardynamic_ecosystemsfabric1.21.8dynamic_ecosystems fabric 1.21.8 1.61.0
[2026, 9, 28, 9, 24, 54] ;;; release; dynamic_ecosystems-fabric-1.21.9_1.61.0.jar
[2026, 9, 28, 9, 24, 54] ;;; release; .\releases\1.61.0\dynamic_ecosystems-fabric-1.21.9_1.61.0.jardynamic_ecosystemsfabric1.21.9dynamic_ecosystems fabric 1.21.9 1.61.0
[2026, 9, 28, 9, 25, 2] ;;; release; dynamic_ecosystems-fabric-26.1_1.61.0.jar
[2026, 9, 28, 9, 25, 2] ;;; release; .\releases\1.61.0\dynamic_ecosystems-fabric-26.1_1.61.0.jardynamic_ecosystemsfabric26.1dynamic_ecosystems fabric 26.1 1.61.0
[2026, 9, 28, 9, 25, 9] ;;; release; dynamic_ecosystems-fabric-26.2_1.61.0.jar
[2026, 9, 28, 9, 25, 9] ;;; release; .\releases\1.61.0\dynamic_ecosystems-fabric-26.2_1.61.0.jardynamic_ecosystemsfabric26.2dynamic_ecosystems fabric 26.2 1.61.0
[2026, 9, 28, 9, 25, 16] ;;; release; dynamic_ecosystems-fabric-26.3_1.61.0.jar
[2026, 9, 28, 9, 25, 16] ;;; release; dynamic_ecosystems-forge-1.19.4_1.61.0.jar
[2026, 9, 28, 9, 25, 16] ;;; release; .\releases\1.61.0\dynamic_ecosystems-forge-1.19.4_1.61.0.jardynamic_ecosystemsforge1.19.4dynamic_ecosystems forge 1.19.4 1.61.0
[2026, 9, 28, 9, 25, 24] ;;; release; dynamic_ecosystems-forge-1.20.1_1.61.0.jar
[2026, 9, 28, 9, 25, 24] ;;; release; dynamic_ecosystems-neoforge-1.20.4_1.61.0.jar
[2026, 9, 28, 9, 25, 24] ;;; release; .\releases\1.61.0\dynamic_ecosystems-neoforge-1.20.4_1.61.0.jardynamic_ecosystemsneoforge1.20.4dynamic_ecosystems neoforge 1.20.4 1.61.0
[2026, 9, 28, 9, 25, 38] ;;; release; dynamic_ecosystems-neoforge-1.20.6_1.61.0.jar
[2026, 9, 28, 9, 25, 38] ;;; release; .\releases\1.61.0\dynamic_ecosystems-neoforge-1.20.6_1.61.0.jardynamic_ecosystemsneoforge1.20.6dynamic_ecosystems neoforge 1.20.6 1.61.0
[2026, 9, 28, 9, 25, 46] ;;; release; dynamic_ecosystems-neoforge-1.21.1_1.61.0.jar
[2026, 9, 28, 9, 25, 46] ;;; release; .\releases\1.61.0\dynamic_ecosystems-neoforge-1.21.1_1.61.0.jardynamic_ecosystemsneoforge1.21.1dynamic_ecosystems neoforge 1.21.1 1.61.0
[2026, 9, 28, 9, 25, 54] ;;; release; dynamic_ecosystems-neoforge-1.21.2_1.61.0.jar
[2026, 9, 28, 9, 25, 54] ;;; release; .\releases\1.61.0\dynamic_ecosystems-neoforge-1.21.2_1.61.0.jardynamic_ecosystemsneoforge1.21.2dynamic_ecosystems neoforge 1.21.2 1.61.0
[2026, 9, 28, 9, 26, 4] ;;; release; dynamic_ecosystems-neoforge-1.21.4_1.61.0.jar
[2026, 9, 28, 9, 26, 4] ;;; release; .\releases\1.61.0\dynamic_ecosystems-neoforge-1.21.4_1.61.0.jardynamic_ecosystemsneoforge1.21.4dynamic_ecosystems neoforge 1.21.4 1.61.0
[2026, 9, 28, 9, 26, 13] ;;; release; dynamic_ecosystems-neoforge-1.21.5_1.61.0.jar
[2026, 9, 28, 9, 26, 13] ;;; release; .\releases\1.61.0\dynamic_ecosystems-neoforge-1.21.5_1.61.0.jardynamic_ecosystemsneoforge1.21.5dynamic_ecosystems neoforge 1.21.5 1.61.0
[2026, 9, 28, 9, 26, 19] ;;; release; dynamic_ecosystems-neoforge-1.21.8_1.61.0.jar
[2026, 9, 28, 9, 26, 19] ;;; release; .\releases\1.61.0\dynamic_ecosystems-neoforge-1.21.8_1.61.0.jardynamic_ecosystemsneoforge1.21.8dynamic_ecosystems neoforge 1.21.8 1.61.0
[2026, 9, 28, 9, 26, 27] ;;; release; dynamic_ecosystems-neoforge-26.1_1.61.0.jar
[2026, 9, 28, 9, 26, 27] ;;; release; .\releases\1.61.0\dynamic_ecosystems-neoforge-26.1_1.61.0.jardynamic_ecosystemsneoforge26.1dynamic_ecosystems neoforge 26.1 1.61.0
[2026, 9, 28, 9, 26, 35] ;;; release; dynamic_ecosystems-neoforge-26.2_1.61.0.jar
[2026, 9, 28, 9, 26, 35] ;;; release; dynamic_ecosystems-neoforge-26.3_1.61.0.jar
[2026, 9, 28, 9, 26, 35] ;;; release; dynamic_monsters-fabric-1.21.8_1.61.0.jar
[2026, 9, 28, 9, 26, 35] ;;; release; dynamic_monsters-fabric-1.21.9_1.61.0.jar
[2026, 9, 28, 9, 26, 35] ;;; release; dynamic_monsters-fabric-26.1_1.61.0.jar
[2026, 9, 28, 9, 26, 35] ;;; release; dynamic_monsters-fabric-26.2_1.61.0.jar
[2026, 9, 28, 9, 26, 35] ;;; release; dynamic_monsters-fabric-26.3_1.61.0.jar
[2026, 9, 28, 9, 26, 35] ;;; release; dynamic_monsters-forge-1.19.4_1.61.0.jar
[2026, 9, 28, 9, 26, 35] ;;; release; dynamic_monsters-forge-1.20.1_1.61.0.jar
[2026, 9, 28, 9, 26, 35] ;;; release; dynamic_monsters-neoforge-1.20.4_1.61.0.jar
[2026, 9, 28, 9, 26, 35] ;;; release; dynamic_monsters-neoforge-1.20.6_1.61.0.jar
[2026, 9, 28, 9, 26, 35] ;;; release; dynamic_monsters-neoforge-1.21.1_1.61.0.jar
[2026, 9, 28, 9, 26, 35] ;;; release; dynamic_monsters-neoforge-1.21.2_1.61.0.jar
[2026, 9, 28, 9, 26, 35] ;;; release; dynamic_monsters-neoforge-1.21.4_1.61.0.jar
[2026, 9, 28, 9, 26, 35] ;;; release; dynamic_monsters-neoforge-1.21.5_1.61.0.jar
[2026, 9, 28, 9, 26, 35] ;;; release; dynamic_monsters-neoforge-1.21.8_1.61.0.jar
[2026, 9, 28, 9, 26, 35] ;;; release; dynamic_monsters-neoforge-26.1_1.61.0.jar
[2026, 9, 28, 9, 26, 35] ;;; release; dynamic_monsters-neoforge-26.2_1.61.0.jar
[2026, 9, 28, 9, 26, 35] ;;; release; dynamic_monsters-neoforge-26.3_1.61.0.jar
[2026, 9, 28, 9, 26, 35] ;;; release; enhanced_survival-fabric-1.21.8_1.61.0.jar
[2026, 9, 28, 9, 26, 35] ;;; release; enhanced_survival-fabric-1.21.9_1.61.0.jar
[2026, 9, 28, 9, 26, 35] ;;; release; enhanced_survival-fabric-26.1_1.61.0.jar
[2026, 9, 28, 9, 26, 35] ;;; release; enhanced_survival-fabric-26.2_1.61.0.jar
[2026, 9, 28, 9, 26, 35] ;;; release; enhanced_survival-fabric-26.3_1.61.0.jar
[2026, 9, 28, 9, 26, 35] ;;; release; enhanced_survival-forge-1.19.4_1.61.0.jar
[2026, 9, 28, 9, 26, 35] ;;; release; enhanced_survival-forge-1.20.1_1.61.0.jar
[2026, 9, 28, 9, 26, 35] ;;; release; enhanced_survival-neoforge-1.20.4_1.61.0.jar
[2026, 9, 28, 9, 26, 35] ;;; release; enhanced_survival-neoforge-1.20.6_1.61.0.jar
[2026, 9, 28, 9, 26, 35] ;;; release; enhanced_survival-neoforge-1.21.1_1.61.0.jar
[2026, 9, 28, 9, 26, 35] ;;; release; enhanced_survival-neoforge-1.21.2_1.61.0.jar
[2026, 9, 28, 9, 26, 35] ;;; release; enhanced_survival-neoforge-1.21.4_1.61.0.jar
[2026, 9, 28, 9, 26, 35] ;;; release; enhanced_survival-neoforge-1.21.5_1.61.0.jar
[2026, 9, 28, 9, 26, 35] ;;; release; enhanced_survival-neoforge-1.21.8_1.61.0.jar
[2026, 9, 28, 9, 26, 35] ;;; release; enhanced_survival-neoforge-26.1_1.61.0.jar
[2026, 9, 28, 9, 26, 35] ;;; release; enhanced_survival-neoforge-26.2_1.61.0.jar
[2026, 9, 28, 9, 26, 35] ;;; release; enhanced_survival-neoforge-26.3_1.61.0.jar
[2026, 9, 28, 9, 26, 35] ;;; release; ghosts_and_ghouls-fabric-1.21.8_1.61.0.jar
[2026, 9, 28, 9, 26, 35] ;;; release; ghosts_and_ghouls-fabric-1.21.9_1.61.0.jar
[2026, 9, 28, 9, 26, 35] ;;; release; ghosts_and_ghouls-fabric-26.1_1.61.0.jar
[2026, 9, 28, 9, 26, 35] ;;; release; ghosts_and_ghouls-fabric-26.2_1.61.0.jar
[2026, 9, 28, 9, 26, 35] ;;; release; ghosts_and_ghouls-fabric-26.3_1.61.0.jar
[2026, 9, 28, 9, 26, 35] ;;; release; ghosts_and_ghouls-forge-1.19.4_1.61.0.jar
[2026, 9, 28, 9, 26, 35] ;;; release; ghosts_and_ghouls-forge-1.20.1_1.61.0.jar
[2026, 9, 28, 9, 26, 35] ;;; release; ghosts_and_ghouls-neoforge-1.20.4_1.61.0.jar
[2026, 9, 28, 9, 26, 35] ;;; release; ghosts_and_ghouls-neoforge-1.20.6_1.61.0.jar
[2026, 9, 28, 9, 26, 35] ;;; release; ghosts_and_ghouls-neoforge-1.21.1_1.61.0.jar
[2026, 9, 28, 9, 26, 35] ;;; release; ghosts_and_ghouls-neoforge-1.21.2_1.61.0.jar
[2026, 9, 28, 9, 26, 35] ;;; release; ghosts_and_ghouls-neoforge-1.21.4_1.61.0.jar
[2026, 9, 28, 9, 26, 35] ;;; release; ghosts_and_ghouls-neoforge-1.21.5_1.61.0.jar
[2026, 9, 28, 9, 26, 35] ;;; release; ghosts_and_ghouls-neoforge-1.21.8_1.61.0.jar
[2026, 9, 28, 9, 26, 35] ;;; release; ghosts_and_ghouls-neoforge-26.1_1.61.0.jar
[2026, 9, 28, 9, 26, 35] ;;; release; ghosts_and_ghouls-neoforge-26.2_1.61.0.jar
[2026, 9, 28, 9, 26, 35] ;;; release; ghosts_and_ghouls-neoforge-26.3_1.61.0.jar
[2026, 9, 28, 9, 26, 35] ;;; release; gothic_horror-fabric-1.21.8_1.61.0.jar
[2026, 9, 28, 9, 26, 35] ;;; release; gothic_horror-fabric-1.21.9_1.61.0.jar
[2026, 9, 28, 9, 26, 35] ;;; release; gothic_horror-fabric-26.1_1.61.0.jar
[2026, 9, 28, 9, 26, 35] ;;; release; gothic_horror-fabric-26.2_1.61.0.jar
[2026, 9, 28, 9, 26, 35] ;;; release; gothic_horror-fabric-26.3_1.61.0.jar
[2026, 9, 28, 9, 26, 35] ;;; release; gothic_horror-forge-1.19.4_1.61.0.jar
[2026, 9, 28, 9, 26, 35] ;;; release; gothic_horror-forge-1.20.1_1.61.0.jar
[2026, 9, 28, 9, 26, 35] ;;; release; gothic_horror-neoforge-1.20.4_1.61.0.jar
[2026, 9, 28, 9, 26, 35] ;;; release; gothic_horror-neoforge-1.20.6_1.61.0.jar
[2026, 9, 28, 9, 26, 35] ;;; release; gothic_horror-neoforge-1.21.1_1.61.0.jar
[2026, 9, 28, 9, 26, 35] ;;; release; gothic_horror-neoforge-1.21.2_1.61.0.jar
[2026, 9, 28, 9, 26, 35] ;;; release; gothic_horror-neoforge-1.21.4_1.61.0.jar
[2026, 9, 28, 9, 26, 35] ;;; release; gothic_horror-neoforge-1.21.5_1.61.0.jar
[2026, 9, 28, 9, 26, 35] ;;; release; gothic_horror-neoforge-1.21.8_1.61.0.jar
[2026, 9, 28, 9, 26, 35] ;;; release; gothic_horror-neoforge-26.1_1.61.0.jar
[2026, 9, 28, 9, 26, 35] ;;; release; gothic_horror-neoforge-26.2_1.61.0.jar
[2026, 9, 28, 9, 26, 35] ;;; release; gothic_horror-neoforge-26.3_1.61.0.jar
[2026, 9, 28, 9, 26, 35] ;;; release; gstools-fabric-1.21.8_1.61.0.jar
[2026, 9, 28, 9, 26, 35] ;;; release; gstools-fabric-1.21.9_1.61.0.jar
[2026, 9, 28, 9, 26, 35] ;;; release; gstools-fabric-26.1_1.61.0.jar
[2026, 9, 28, 9, 26, 35] ;;; release; gstools-fabric-26.2_1.61.0.jar
[2026, 9, 28, 9, 26, 35] ;;; release; gstools-fabric-26.3_1.61.0.jar
[2026, 9, 28, 9, 26, 35] ;;; release; gstools-forge-1.19.4_1.61.0.jar
[2026, 9, 28, 9, 26, 35] ;;; release; gstools-forge-1.20.1_1.61.0.jar
[2026, 9, 28, 9, 26, 35] ;;; release; gstools-neoforge-1.20.4_1.61.0.jar
[2026, 9, 28, 9, 26, 35] ;;; release; gstools-neoforge-1.20.6_1.61.0.jar
[2026, 9, 28, 9, 26, 35] ;;; release; gstools-neoforge-1.21.1_1.61.0.jar
[2026, 9, 28, 9, 26, 35] ;;; release; gstools-neoforge-1.21.2_1.61.0.jar
[2026, 9, 28, 9, 26, 35] ;;; release; gstools-neoforge-1.21.4_1.61.0.jar
[2026, 9, 28, 9, 26, 35] ;;; release; gstools-neoforge-1.21.5_1.61.0.jar
[2026, 9, 28, 9, 26, 35] ;;; release; gstools-neoforge-1.21.8_1.61.0.jar
[2026, 9, 28, 9, 26, 35] ;;; release; gstools-neoforge-26.1_1.61.0.jar
[2026, 9, 28, 9, 26, 35] ;;; release; gstools-neoforge-26.2_1.61.0.jar
[2026, 9, 28, 9, 26, 35] ;;; release; gstools-neoforge-26.3_1.61.0.jar
[2026, 9, 28, 9, 26, 35] ;;; release; life_and_death-fabric-1.21.8_1.61.0.jar
[2026, 9, 28, 9, 26, 35] ;;; release; life_and_death-fabric-1.21.9_1.61.0.jar
[2026, 9, 28, 9, 26, 35] ;;; release; life_and_death-fabric-26.1_1.61.0.jar
[2026, 9, 28, 9, 26, 35] ;;; release; life_and_death-fabric-26.2_1.61.0.jar
[2026, 9, 28, 9, 26, 35] ;;; release; life_and_death-fabric-26.3_1.61.0.jar
[2026, 9, 28, 9, 26, 35] ;;; release; life_and_death-forge-1.19.4_1.61.0.jar
[2026, 9, 28, 9, 26, 35] ;;; release; life_and_death-forge-1.20.1_1.61.0.jar
[2026, 9, 28, 9, 26, 35] ;;; release; life_and_death-neoforge-1.20.4_1.61.0.jar
[2026, 9, 28, 9, 26, 35] ;;; release; life_and_death-neoforge-1.20.6_1.61.0.jar
[2026, 9, 28, 9, 26, 35] ;;; release; life_and_death-neoforge-1.21.1_1.61.0.jar
[2026, 9, 28, 9, 26, 35] ;;; release; life_and_death-neoforge-1.21.2_1.61.0.jar
[2026, 9, 28, 9, 26, 35] ;;; release; life_and_death-neoforge-1.21.4_1.61.0.jar
[2026, 9, 28, 9, 26, 35] ;;; release; life_and_death-neoforge-1.21.5_1.61.0.jar
[2026, 9, 28, 9, 26, 35] ;;; release; life_and_death-neoforge-1.21.8_1.61.0.jar
[2026, 9, 28, 9, 26, 35] ;;; release; life_and_death-neoforge-26.1_1.61.0.jar
[2026, 9, 28, 9, 26, 35] ;;; release; life_and_death-neoforge-26.2_1.61.0.jar
[2026, 9, 28, 9, 26, 35] ;;; release; life_and_death-neoforge-26.3_1.61.0.jar
[2026, 9, 28, 9, 26, 35] ;;; release; undead_expanded-fabric-1.21.8_1.61.0.jar
[2026, 9, 28, 9, 26, 35] ;;; release; undead_expanded-fabric-1.21.9_1.61.0.jar
[2026, 9, 28, 9, 26, 35] ;;; release; undead_expanded-fabric-26.1_1.61.0.jar
[2026, 9, 28, 9, 26, 35] ;;; release; undead_expanded-fabric-26.2_1.61.0.jar
[2026, 9, 28, 9, 26, 35] ;;; release; undead_expanded-fabric-26.3_1.61.0.jar
[2026, 9, 28, 9, 26, 35] ;;; release; undead_expanded-forge-1.19.4_1.61.0.jar
[2026, 9, 28, 9, 26, 35] ;;; release; undead_expanded-forge-1.20.1_1.61.0.jar
[2026, 9, 28, 9, 26, 35] ;;; release; undead_expanded-neoforge-1.20.4_1.61.0.jar
[2026, 9, 28, 9, 26, 35] ;;; release; undead_expanded-neoforge-1.20.6_1.61.0.jar
[2026, 9, 28, 9, 26, 35] ;;; release; undead_expanded-neoforge-1.21.1_1.61.0.jar
[2026, 9, 28, 9, 26, 35] ;;; release; undead_expanded-neoforge-1.21.2_1.61.0.jar
[2026, 9, 28, 9, 26, 35] ;;; release; undead_expanded-neoforge-1.21.4_1.61.0.jar
[2026, 9, 28, 9, 26, 35] ;;; release; undead_expanded-neoforge-1.21.5_1.61.0.jar
[2026, 9, 28, 9, 26, 35] ;;; release; undead_expanded-neoforge-1.21.8_1.61.0.jar
[2026, 9, 28, 9, 26, 35] ;;; release; undead_expanded-neoforge-26.1_1.61.0.jar
[2026, 9, 28, 9, 26, 35] ;;; release; undead_expanded-neoforge-26.2_1.61.0.jar
[2026, 9, 28, 9, 26, 35] ;;; release; undead_expanded-neoforge-26.3_1.61.0.jar
[2026, 9, 28, 9, 26, 35] ;;; release; block_decay-fabric-1.21.10_1.61.0.jar
[2026, 9, 28, 9, 26, 35] ;;; release; block_decay-fabric-1.21.11_1.61.0.jar
[2026, 9, 28, 9, 26, 35] ;;; release; block_decay-fabric-1.21.8_1.61.0.jar
[2026, 9, 28, 9, 26, 35] ;;; release; block_decay-fabric-1.21.9_1.61.0.jar
[2026, 9, 28, 9, 26, 35] ;;; release; block_decay-fabric-26.1_1.61.0.jar
[2026, 9, 28, 9, 26, 35] ;;; release; block_decay-fabric-26.2_1.61.0.jar
[2026, 9, 28, 9, 26, 35] ;;; release; block_decay-fabric-26.3_1.61.0.jar
[2026, 9, 28, 9, 26, 35] ;;; release; block_decay-forge-1.19.4_1.61.0.jar
[2026, 9, 28, 9, 26, 35] ;;; release; block_decay-forge-1.20.1_1.61.0.jar
[2026, 9, 28, 9, 26, 35] ;;; release; block_decay-neoforge-1.20.4_1.61.0.jar
[2026, 9, 28, 9, 26, 35] ;;; release; block_decay-neoforge-1.20.6_1.61.0.jar
[2026, 9, 28, 9, 26, 35] ;;; release; block_decay-neoforge-1.21.10_1.61.0.jar
[2026, 9, 28, 9, 26, 35] ;;; release; block_decay-neoforge-1.21.11_1.61.0.jar
[2026, 9, 28, 9, 26, 35] ;;; release; block_decay-neoforge-1.21.1_1.61.0.jar
[2026, 9, 28, 9, 26, 35] ;;; release; block_decay-neoforge-1.21.2_1.61.0.jar
[2026, 9, 28, 9, 26, 35] ;;; release; block_decay-neoforge-1.21.4_1.61.0.jar
[2026, 9, 28, 9, 26, 35] ;;; release; block_decay-neoforge-1.21.5_1.61.0.jar
[2026, 9, 28, 9, 26, 35] ;;; release; block_decay-neoforge-1.21.8_1.61.0.jar
[2026, 9, 28, 9, 26, 35] ;;; release; block_decay-neoforge-1.21.9_1.61.0.jar
[2026, 9, 28, 9, 26, 35] ;;; release; block_decay-neoforge-1.21_1.61.0.jar
[2026, 9, 28, 9, 26, 35] ;;; release; block_decay-neoforge-26.1_1.61.0.jar
[2026, 9, 28, 9, 26, 35] ;;; release; block_decay-neoforge-26.2_1.61.0.jar
[2026, 9, 28, 9, 26, 35] ;;; release; block_decay-neoforge-26.3_1.61.0.jar
[2026, 9, 28, 9, 26, 35] ;;; release; desire_paths-fabric-1.21.8_1.61.0.jar
[2026, 9, 28, 9, 26, 35] ;;; release; desire_paths-fabric-1.21.9_1.61.0.jar
[2026, 9, 28, 9, 26, 35] ;;; release; desire_paths-fabric-26.1_1.61.0.jar
[2026, 9, 28, 9, 26, 35] ;;; release; desire_paths-fabric-26.2_1.61.0.jar
[2026, 9, 28, 9, 26, 35] ;;; release; desire_paths-fabric-26.3_1.61.0.jar
[2026, 9, 28, 9, 26, 35] ;;; release; desire_paths-forge-1.19.4_1.61.0.jar
[2026, 9, 28, 9, 26, 35] ;;; release; desire_paths-forge-1.20.1_1.61.0.jar
[2026, 9, 28, 9, 26, 35] ;;; release; desire_paths-neoforge-1.20.4_1.61.0.jar
[2026, 9, 28, 9, 26, 35] ;;; release; desire_paths-neoforge-1.20.6_1.61.0.jar
[2026, 9, 28, 9, 26, 35] ;;; release; desire_paths-neoforge-1.21.1_1.61.0.jar
[2026, 9, 28, 9, 26, 35] ;;; release; desire_paths-neoforge-1.21.2_1.61.0.jar
[2026, 9, 28, 9, 26, 35] ;;; release; desire_paths-neoforge-1.21.4_1.61.0.jar
[2026, 9, 28, 9, 26, 35] ;;; release; desire_paths-neoforge-1.21.5_1.61.0.jar
[2026, 9, 28, 9, 26, 35] ;;; release; desire_paths-neoforge-1.21.8_1.61.0.jar
[2026, 9, 28, 9, 26, 35] ;;; release; desire_paths-neoforge-26.1_1.61.0.jar
[2026, 9, 28, 9, 26, 35] ;;; release; desire_paths-neoforge-26.2_1.61.0.jar
[2026, 9, 28, 9, 26, 35] ;;; release; desire_paths-neoforge-26.3_1.61.0.jar
[2026, 9, 28, 9, 26, 35] ;;; release; dynamic_dirt-fabric-1.21.8_1.61.0.jar
[2026, 9, 28, 9, 26, 35] ;;; release; dynamic_dirt-fabric-1.21.9_1.61.0.jar
[2026, 9, 28, 9, 26, 35] ;;; release; dynamic_dirt-fabric-26.1_1.61.0.jar
[2026, 9, 28, 9, 26, 35] ;;; release; dynamic_dirt-fabric-26.2_1.61.0.jar
[2026, 9, 28, 9, 26, 35] ;;; release; dynamic_dirt-fabric-26.3_1.61.0.jar
[2026, 9, 28, 9, 26, 35] ;;; release; dynamic_dirt-forge-1.19.4_1.61.0.jar
[2026, 9, 28, 9, 26, 35] ;;; release; dynamic_dirt-forge-1.20.1_1.61.0.jar
[2026, 9, 28, 9, 26, 35] ;;; release; dynamic_dirt-neoforge-1.20.4_1.61.0.jar
[2026, 9, 28, 9, 26, 35] ;;; release; dynamic_dirt-neoforge-1.20.6_1.61.0.jar
[2026, 9, 28, 9, 26, 35] ;;; release; dynamic_dirt-neoforge-1.21.1_1.61.0.jar
[2026, 9, 28, 9, 26, 35] ;;; release; dynamic_dirt-neoforge-1.21.2_1.61.0.jar
[2026, 9, 28, 9, 26, 35] ;;; release; dynamic_dirt-neoforge-1.21.4_1.61.0.jar
[2026, 9, 28, 9, 26, 35] ;;; release; dynamic_dirt-neoforge-1.21.5_1.61.0.jar
[2026, 9, 28, 9, 26, 35] ;;; release; dynamic_dirt-neoforge-1.21.8_1.61.0.jar
[2026, 9, 28, 9, 26, 35] ;;; release; dynamic_dirt-neoforge-26.1_1.61.0.jar
[2026, 9, 28, 9, 26, 35] ;;; release; dynamic_dirt-neoforge-26.2_1.61.0.jar
[2026, 9, 28, 9, 26, 35] ;;; release; dynamic_dirt-neoforge-26.3_1.61.0.jar
[2026, 9, 28, 9, 26, 35] ;;; release; dynamic_ecosystems-fabric-1.21.8_1.61.0.jar
[2026, 9, 28, 9, 26, 35] ;;; release; dynamic_ecosystems-fabric-1.21.9_1.61.0.jar
[2026, 9, 28, 9, 26, 35] ;;; release; dynamic_ecosystems-fabric-26.1_1.61.0.jar
[2026, 9, 28, 9, 26, 35] ;;; release; dynamic_ecosystems-fabric-26.2_1.61.0.jar
[2026, 9, 28, 9, 26, 35] ;;; release; dynamic_ecosystems-fabric-26.3_1.61.0.jar
[2026, 9, 28, 9, 26, 35] ;;; release; dynamic_ecosystems-forge-1.19.4_1.61.0.jar
[2026, 9, 28, 9, 26, 35] ;;; release; dynamic_ecosystems-forge-1.20.1_1.61.0.jar
[2026, 9, 28, 9, 26, 35] ;;; release; dynamic_ecosystems-neoforge-1.20.4_1.61.0.jar
[2026, 9, 28, 9, 26, 35] ;;; release; dynamic_ecosystems-neoforge-1.20.6_1.61.0.jar
[2026, 9, 28, 9, 26, 35] ;;; release; dynamic_ecosystems-neoforge-1.21.1_1.61.0.jar
[2026, 9, 28, 9, 26, 35] ;;; release; dynamic_ecosystems-neoforge-1.21.2_1.61.0.jar
[2026, 9, 28, 9, 26, 35] ;;; release; dynamic_ecosystems-neoforge-1.21.4_1.61.0.jar
[2026, 9, 28, 9, 26, 35] ;;; release; dynamic_ecosystems-neoforge-1.21.5_1.61.0.jar
[2026, 9, 28, 9, 26, 35] ;;; release; dynamic_ecosystems-neoforge-1.21.8_1.61.0.jar
[2026, 9, 28, 9, 26, 35] ;;; release; dynamic_ecosystems-neoforge-26.1_1.61.0.jar
[2026, 9, 28, 9, 26, 35] ;;; release; dynamic_ecosystems-neoforge-26.2_1.61.0.jar
[2026, 9, 28, 9, 26, 35] ;;; release; dynamic_ecosystems-neoforge-26.3_1.61.0.jar
[2026, 9, 28, 9, 26, 35] ;;; release; dynamic_monsters-fabric-1.21.8_1.61.0.jar
[2026, 9, 28, 9, 26, 35] ;;; release; dynamic_monsters-fabric-1.21.9_1.61.0.jar
[2026, 9, 28, 9, 26, 35] ;;; release; dynamic_monsters-fabric-26.1_1.61.0.jar
[2026, 9, 28, 9, 26, 35] ;;; release; dynamic_monsters-fabric-26.2_1.61.0.jar
[2026, 9, 28, 9, 26, 35] ;;; release; dynamic_monsters-fabric-26.3_1.61.0.jar
[2026, 9, 28, 9, 26, 35] ;;; release; dynamic_monsters-forge-1.19.4_1.61.0.jar
[2026, 9, 28, 9, 26, 35] ;;; release; dynamic_monsters-forge-1.20.1_1.61.0.jar
[2026, 9, 28, 9, 26, 35] ;;; release; dynamic_monsters-neoforge-1.20.4_1.61.0.jar
[2026, 9, 28, 9, 26, 35] ;;; release; dynamic_monsters-neoforge-1.20.6_1.61.0.jar
[2026, 9, 28, 9, 26, 35] ;;; release; dynamic_monsters-neoforge-1.21.1_1.61.0.jar
[2026, 9, 28, 9, 26, 35] ;;; release; dynamic_monsters-neoforge-1.21.2_1.61.0.jar
[2026, 9, 28, 9, 26, 35] ;;; release; dynamic_monsters-neoforge-1.21.4_1.61.0.jar
[2026, 9, 28, 9, 26, 35] ;;; release; dynamic_monsters-neoforge-1.21.5_1.61.0.jar
[2026, 9, 28, 9, 26, 35] ;;; release; dynamic_monsters-neoforge-1.21.8_1.61.0.jar
[2026, 9, 28, 9, 26, 35] ;;; release; dynamic_monsters-neoforge-26.1_1.61.0.jar
[2026, 9, 28, 9, 26, 35] ;;; release; dynamic_monsters-neoforge-26.2_1.61.0.jar
[2026, 9, 28, 9, 26, 35] ;;; release; dynamic_monsters-neoforge-26.3_1.61.0.jar
[2026, 9, 28, 9, 26, 35] ;;; release; enhanced_survival-fabric-1.21.8_1.61.0.jar
[2026, 9, 28, 9, 26, 35] ;;; release; enhanced_survival-fabric-1.21.9_1.61.0.jar
[2026, 9, 28, 9, 26, 35] ;;; release; enhanced_survival-fabric-26.1_1.61.0.jar
[2026, 9, 28, 9, 26, 35] ;;; release; enhanced_survival-fabric-26.2_1.61.0.jar
[2026, 9, 28, 9, 26, 35] ;;; release; enhanced_survival-fabric-26.3_1.61.0.jar
[2026, 9, 28, 9, 26, 35] ;;; release; enhanced_survival-forge-1.19.4_1.61.0.jar
[2026, 9, 28, 9, 26, 35] ;;; release; enhanced_survival-forge-1.20.1_1.61.0.jar
[2026, 9, 28, 9, 26, 35] ;;; release; enhanced_survival-neoforge-1.20.4_1.61.0.jar
[2026, 9, 28, 9, 26, 35] ;;; release; enhanced_survival-neoforge-1.20.6_1.61.0.jar
[2026, 9, 28, 9, 26, 35] ;;; release; enhanced_survival-neoforge-1.21.1_1.61.0.jar
[2026, 9, 28, 9, 26, 35] ;;; release; enhanced_survival-neoforge-1.21.2_1.61.0.jar
[2026, 9, 28, 9, 26, 35] ;;; release; enhanced_survival-neoforge-1.21.4_1.61.0.jar
[2026, 9, 28, 9, 26, 35] ;;; release; enhanced_survival-neoforge-1.21.5_1.61.0.jar
[2026, 9, 28, 9, 26, 35] ;;; release; enhanced_survival-neoforge-1.21.8_1.61.0.jar
[2026, 9, 28, 9, 26, 35] ;;; release; enhanced_survival-neoforge-26.1_1.61.0.jar
[2026, 9, 28, 9, 26, 35] ;;; release; enhanced_survival-neoforge-26.2_1.61.0.jar
[2026, 9, 28, 9, 26, 35] ;;; release; enhanced_survival-neoforge-26.3_1.61.0.jar
[2026, 9, 28, 9, 26, 35] ;;; release; ghosts_and_ghouls-fabric-1.21.8_1.61.0.jar
[2026, 9, 28, 9, 26, 35] ;;; release; ghosts_and_ghouls-fabric-1.21.9_1.61.0.jar
[2026, 9, 28, 9, 26, 35] ;;; release; ghosts_and_ghouls-fabric-26.1_1.61.0.jar
[2026, 9, 28, 9, 26, 35] ;;; release; ghosts_and_ghouls-fabric-26.2_1.61.0.jar
[2026, 9, 28, 9, 26, 35] ;;; release; ghosts_and_ghouls-fabric-26.3_1.61.0.jar
[2026, 9, 28, 9, 26, 35] ;;; release; ghosts_and_ghouls-forge-1.19.4_1.61.0.jar
[2026, 9, 28, 9, 26, 35] ;;; release; ghosts_and_ghouls-forge-1.20.1_1.61.0.jar
[2026, 9, 28, 9, 26, 35] ;;; release; ghosts_and_ghouls-neoforge-1.20.4_1.61.0.jar
[2026, 9, 28, 9, 26, 35] ;;; release; ghosts_and_ghouls-neoforge-1.20.6_1.61.0.jar
[2026, 9, 28, 9, 26, 35] ;;; release; ghosts_and_ghouls-neoforge-1.21.1_1.61.0.jar
[2026, 9, 28, 9, 26, 35] ;;; release; ghosts_and_ghouls-neoforge-1.21.2_1.61.0.jar
[2026, 9, 28, 9, 26, 35] ;;; release; ghosts_and_ghouls-neoforge-1.21.4_1.61.0.jar
[2026, 9, 28, 9, 26, 35] ;;; release; ghosts_and_ghouls-neoforge-1.21.5_1.61.0.jar
[2026, 9, 28, 9, 26, 35] ;;; release; ghosts_and_ghouls-neoforge-1.21.8_1.61.0.jar
[2026, 9, 28, 9, 26, 35] ;;; release; ghosts_and_ghouls-neoforge-26.1_1.61.0.jar
[2026, 9, 28, 9, 26, 35] ;;; release; ghosts_and_ghouls-neoforge-26.2_1.61.0.jar
[2026, 9, 28, 9, 26, 35] ;;; release; ghosts_and_ghouls-neoforge-26.3_1.61.0.jar
[2026, 9, 28, 9, 26, 35] ;;; release; gothic_horror-fabric-1.21.8_1.61.0.jar
[2026, 9, 28, 9, 26, 35] ;;; release; .\releases\1.61.0\gothic_horror-fabric-1.21.8_1.61.0.jargothic_horrorfabric1.21.8gothic_horror fabric 1.21.8 1.61.0
[2026, 9, 28, 9, 26, 56] ;;; release; gothic_horror-fabric-1.21.9_1.61.0.jar
[2026, 9, 28, 9, 26, 56] ;;; release; .\releases\1.61.0\gothic_horror-fabric-1.21.9_1.61.0.jargothic_horrorfabric1.21.9gothic_horror fabric 1.21.9 1.61.0
[2026, 9, 28, 9, 27, 13] ;;; release; gothic_horror-fabric-26.1_1.61.0.jar
[2026, 9, 28, 9, 27, 13] ;;; release; .\releases\1.61.0\gothic_horror-fabric-26.1_1.61.0.jargothic_horrorfabric26.1gothic_horror fabric 26.1 1.61.0
[2026, 9, 28, 9, 27, 31] ;;; release; gothic_horror-fabric-26.2_1.61.0.jar
[2026, 9, 28, 9, 27, 31] ;;; release; .\releases\1.61.0\gothic_horror-fabric-26.2_1.61.0.jargothic_horrorfabric26.2gothic_horror fabric 26.2 1.61.0
[2026, 9, 28, 9, 27, 51] ;;; release; gothic_horror-fabric-26.3_1.61.0.jar
[2026, 9, 28, 9, 27, 51] ;;; release; gothic_horror-forge-1.19.4_1.61.0.jar
[2026, 9, 28, 9, 27, 51] ;;; release; .\releases\1.61.0\gothic_horror-forge-1.19.4_1.61.0.jargothic_horrorforge1.19.4gothic_horror forge 1.19.4 1.61.0
[2026, 9, 28, 9, 28, 17] ;;; release; gothic_horror-forge-1.20.1_1.61.0.jar
[2026, 9, 28, 9, 28, 17] ;;; release; gothic_horror-neoforge-1.20.4_1.61.0.jar
[2026, 9, 28, 9, 28, 17] ;;; release; .\releases\1.61.0\gothic_horror-neoforge-1.20.4_1.61.0.jargothic_horrorneoforge1.20.4gothic_horror neoforge 1.20.4 1.61.0
[2026, 9, 28, 9, 28, 39] ;;; release; gothic_horror-neoforge-1.20.6_1.61.0.jar
[2026, 9, 28, 9, 28, 39] ;;; release; .\releases\1.61.0\gothic_horror-neoforge-1.20.6_1.61.0.jargothic_horrorneoforge1.20.6gothic_horror neoforge 1.20.6 1.61.0
[2026, 9, 28, 9, 29, 15] ;;; release; gothic_horror-neoforge-1.21.1_1.61.0.jar
[2026, 9, 28, 9, 29, 15] ;;; release; .\releases\1.61.0\gothic_horror-neoforge-1.21.1_1.61.0.jargothic_horrorneoforge1.21.1gothic_horror neoforge 1.21.1 1.61.0
[2026, 9, 28, 9, 29, 35] ;;; release; gothic_horror-neoforge-1.21.2_1.61.0.jar
[2026, 9, 28, 9, 29, 35] ;;; release; .\releases\1.61.0\gothic_horror-neoforge-1.21.2_1.61.0.jargothic_horrorneoforge1.21.2gothic_horror neoforge 1.21.2 1.61.0
[2026, 9, 28, 9, 29, 56] ;;; release; gothic_horror-neoforge-1.21.4_1.61.0.jar
[2026, 9, 28, 9, 29, 56] ;;; release; .\releases\1.61.0\gothic_horror-neoforge-1.21.4_1.61.0.jargothic_horrorneoforge1.21.4gothic_horror neoforge 1.21.4 1.61.0
[2026, 9, 28, 9, 30, 29] ;;; release; gothic_horror-neoforge-1.21.5_1.61.0.jar
[2026, 9, 28, 9, 30, 29] ;;; release; .\releases\1.61.0\gothic_horror-neoforge-1.21.5_1.61.0.jargothic_horrorneoforge1.21.5gothic_horror neoforge 1.21.5 1.61.0
[2026, 9, 28, 9, 30, 56] ;;; release; gothic_horror-neoforge-1.21.8_1.61.0.jar
[2026, 9, 28, 9, 30, 56] ;;; release; .\releases\1.61.0\gothic_horror-neoforge-1.21.8_1.61.0.jargothic_horrorneoforge1.21.8gothic_horror neoforge 1.21.8 1.61.0
[2026, 9, 28, 9, 31, 32] ;;; release; gothic_horror-neoforge-26.1_1.61.0.jar
[2026, 9, 28, 9, 31, 32] ;;; release; .\releases\1.61.0\gothic_horror-neoforge-26.1_1.61.0.jargothic_horrorneoforge26.1gothic_horror neoforge 26.1 1.61.0
[2026, 9, 28, 9, 31, 52] ;;; release; gothic_horror-neoforge-26.2_1.61.0.jar
[2026, 9, 28, 9, 31, 52] ;;; release; gothic_horror-neoforge-26.3_1.61.0.jar
[2026, 9, 28, 9, 31, 52] ;;; release; gstools-fabric-1.21.8_1.61.0.jar
[2026, 9, 28, 9, 31, 52] ;;; release; gstools-fabric-1.21.9_1.61.0.jar
[2026, 9, 28, 9, 31, 52] ;;; release; gstools-fabric-26.1_1.61.0.jar
[2026, 9, 28, 9, 31, 52] ;;; release; gstools-fabric-26.2_1.61.0.jar
[2026, 9, 28, 9, 31, 52] ;;; release; gstools-fabric-26.3_1.61.0.jar
[2026, 9, 28, 9, 31, 52] ;;; release; gstools-forge-1.19.4_1.61.0.jar
[2026, 9, 28, 9, 31, 52] ;;; release; gstools-forge-1.20.1_1.61.0.jar
[2026, 9, 28, 9, 31, 52] ;;; release; gstools-neoforge-1.20.4_1.61.0.jar
[2026, 9, 28, 9, 31, 52] ;;; release; gstools-neoforge-1.20.6_1.61.0.jar
[2026, 9, 28, 9, 31, 52] ;;; release; gstools-neoforge-1.21.1_1.61.0.jar
[2026, 9, 28, 9, 31, 52] ;;; release; gstools-neoforge-1.21.2_1.61.0.jar
[2026, 9, 28, 9, 31, 52] ;;; release; gstools-neoforge-1.21.4_1.61.0.jar
[2026, 9, 28, 9, 31, 52] ;;; release; gstools-neoforge-1.21.5_1.61.0.jar
[2026, 9, 28, 9, 31, 52] ;;; release; gstools-neoforge-1.21.8_1.61.0.jar
[2026, 9, 28, 9, 31, 52] ;;; release; gstools-neoforge-26.1_1.61.0.jar
[2026, 9, 28, 9, 31, 52] ;;; release; gstools-neoforge-26.2_1.61.0.jar
[2026, 9, 28, 9, 31, 52] ;;; release; gstools-neoforge-26.3_1.61.0.jar
[2026, 9, 28, 9, 31, 52] ;;; release; life_and_death-fabric-1.21.8_1.61.0.jar
[2026, 9, 28, 9, 31, 52] ;;; release; life_and_death-fabric-1.21.9_1.61.0.jar
[2026, 9, 28, 9, 31, 52] ;;; release; life_and_death-fabric-26.1_1.61.0.jar
[2026, 9, 28, 9, 31, 52] ;;; release; life_and_death-fabric-26.2_1.61.0.jar
[2026, 9, 28, 9, 31, 52] ;;; release; life_and_death-fabric-26.3_1.61.0.jar
[2026, 9, 28, 9, 31, 52] ;;; release; life_and_death-forge-1.19.4_1.61.0.jar
[2026, 9, 28, 9, 31, 52] ;;; release; life_and_death-forge-1.20.1_1.61.0.jar
[2026, 9, 28, 9, 31, 52] ;;; release; life_and_death-neoforge-1.20.4_1.61.0.jar
[2026, 9, 28, 9, 31, 52] ;;; release; life_and_death-neoforge-1.20.6_1.61.0.jar
[2026, 9, 28, 9, 31, 52] ;;; release; life_and_death-neoforge-1.21.1_1.61.0.jar
[2026, 9, 28, 9, 31, 52] ;;; release; life_and_death-neoforge-1.21.2_1.61.0.jar
[2026, 9, 28, 9, 31, 52] ;;; release; life_and_death-neoforge-1.21.4_1.61.0.jar
[2026, 9, 28, 9, 31, 52] ;;; release; life_and_death-neoforge-1.21.5_1.61.0.jar
[2026, 9, 28, 9, 31, 52] ;;; release; life_and_death-neoforge-1.21.8_1.61.0.jar
[2026, 9, 28, 9, 31, 52] ;;; release; life_and_death-neoforge-26.1_1.61.0.jar
[2026, 9, 28, 9, 31, 52] ;;; release; life_and_death-neoforge-26.2_1.61.0.jar
[2026, 9, 28, 9, 31, 52] ;;; release; life_and_death-neoforge-26.3_1.61.0.jar
[2026, 9, 28, 9, 31, 52] ;;; release; undead_expanded-fabric-1.21.8_1.61.0.jar
[2026, 9, 28, 9, 31, 52] ;;; release; undead_expanded-fabric-1.21.9_1.61.0.jar
[2026, 9, 28, 9, 31, 52] ;;; release; undead_expanded-fabric-26.1_1.61.0.jar
[2026, 9, 28, 9, 31, 52] ;;; release; undead_expanded-fabric-26.2_1.61.0.jar
[2026, 9, 28, 9, 31, 52] ;;; release; undead_expanded-fabric-26.3_1.61.0.jar
[2026, 9, 28, 9, 31, 52] ;;; release; undead_expanded-forge-1.19.4_1.61.0.jar
[2026, 9, 28, 9, 31, 52] ;;; release; undead_expanded-forge-1.20.1_1.61.0.jar
[2026, 9, 28, 9, 31, 52] ;;; release; undead_expanded-neoforge-1.20.4_1.61.0.jar
[2026, 9, 28, 9, 31, 52] ;;; release; undead_expanded-neoforge-1.20.6_1.61.0.jar
[2026, 9, 28, 9, 31, 52] ;;; release; undead_expanded-neoforge-1.21.1_1.61.0.jar
[2026, 9, 28, 9, 31, 52] ;;; release; undead_expanded-neoforge-1.21.2_1.61.0.jar
[2026, 9, 28, 9, 31, 52] ;;; release; undead_expanded-neoforge-1.21.4_1.61.0.jar
[2026, 9, 28, 9, 31, 52] ;;; release; undead_expanded-neoforge-1.21.5_1.61.0.jar
[2026, 9, 28, 9, 31, 52] ;;; release; undead_expanded-neoforge-1.21.8_1.61.0.jar
[2026, 9, 28, 9, 31, 52] ;;; release; undead_expanded-neoforge-26.1_1.61.0.jar
[2026, 9, 28, 9, 31, 52] ;;; release; undead_expanded-neoforge-26.2_1.61.0.jar
[2026, 9, 28, 9, 31, 52] ;;; release; undead_expanded-neoforge-26.3_1.61.0.jar
[2026, 9, 28, 9, 31, 52] ;;; release; block_decay-fabric-1.21.10_1.61.0.jar
[2026, 9, 28, 9, 31, 52] ;;; release; block_decay-fabric-1.21.11_1.61.0.jar
[2026, 9, 28, 9, 31, 52] ;;; release; block_decay-fabric-1.21.8_1.61.0.jar
[2026, 9, 28, 9, 31, 52] ;;; release; block_decay-fabric-1.21.9_1.61.0.jar
[2026, 9, 28, 9, 31, 52] ;;; release; block_decay-fabric-26.1_1.61.0.jar
[2026, 9, 28, 9, 31, 52] ;;; release; block_decay-fabric-26.2_1.61.0.jar
[2026, 9, 28, 9, 31, 52] ;;; release; block_decay-fabric-26.3_1.61.0.jar
[2026, 9, 28, 9, 31, 52] ;;; release; block_decay-forge-1.19.4_1.61.0.jar
[2026, 9, 28, 9, 31, 52] ;;; release; block_decay-forge-1.20.1_1.61.0.jar
[2026, 9, 28, 9, 31, 52] ;;; release; block_decay-neoforge-1.20.4_1.61.0.jar
[2026, 9, 28, 9, 31, 52] ;;; release; block_decay-neoforge-1.20.6_1.61.0.jar
[2026, 9, 28, 9, 31, 52] ;;; release; block_decay-neoforge-1.21.10_1.61.0.jar
[2026, 9, 28, 9, 31, 52] ;;; release; block_decay-neoforge-1.21.11_1.61.0.jar
[2026, 9, 28, 9, 31, 52] ;;; release; block_decay-neoforge-1.21.1_1.61.0.jar
[2026, 9, 28, 9, 31, 52] ;;; release; block_decay-neoforge-1.21.2_1.61.0.jar
[2026, 9, 28, 9, 31, 52] ;;; release; block_decay-neoforge-1.21.4_1.61.0.jar
[2026, 9, 28, 9, 31, 52] ;;; release; block_decay-neoforge-1.21.5_1.61.0.jar
[2026, 9, 28, 9, 31, 52] ;;; release; block_decay-neoforge-1.21.8_1.61.0.jar
[2026, 9, 28, 9, 31, 52] ;;; release; block_decay-neoforge-1.21.9_1.61.0.jar
[2026, 9, 28, 9, 31, 52] ;;; release; block_decay-neoforge-1.21_1.61.0.jar
[2026, 9, 28, 9, 31, 52] ;;; release; block_decay-neoforge-26.1_1.61.0.jar
[2026, 9, 28, 9, 31, 52] ;;; release; block_decay-neoforge-26.2_1.61.0.jar
[2026, 9, 28, 9, 31, 52] ;;; release; block_decay-neoforge-26.3_1.61.0.jar
[2026, 9, 28, 9, 31, 52] ;;; release; desire_paths-fabric-1.21.8_1.61.0.jar
[2026, 9, 28, 9, 31, 52] ;;; release; desire_paths-fabric-1.21.9_1.61.0.jar
[2026, 9, 28, 9, 31, 52] ;;; release; desire_paths-fabric-26.1_1.61.0.jar
[2026, 9, 28, 9, 31, 52] ;;; release; desire_paths-fabric-26.2_1.61.0.jar
[2026, 9, 28, 9, 31, 52] ;;; release; desire_paths-fabric-26.3_1.61.0.jar
[2026, 9, 28, 9, 31, 52] ;;; release; desire_paths-forge-1.19.4_1.61.0.jar
[2026, 9, 28, 9, 31, 52] ;;; release; desire_paths-forge-1.20.1_1.61.0.jar
[2026, 9, 28, 9, 31, 52] ;;; release; desire_paths-neoforge-1.20.4_1.61.0.jar
[2026, 9, 28, 9, 31, 52] ;;; release; desire_paths-neoforge-1.20.6_1.61.0.jar
[2026, 9, 28, 9, 31, 52] ;;; release; desire_paths-neoforge-1.21.1_1.61.0.jar
[2026, 9, 28, 9, 31, 52] ;;; release; desire_paths-neoforge-1.21.2_1.61.0.jar
[2026, 9, 28, 9, 31, 52] ;;; release; desire_paths-neoforge-1.21.4_1.61.0.jar
[2026, 9, 28, 9, 31, 52] ;;; release; desire_paths-neoforge-1.21.5_1.61.0.jar
[2026, 9, 28, 9, 31, 52] ;;; release; desire_paths-neoforge-1.21.8_1.61.0.jar
[2026, 9, 28, 9, 31, 52] ;;; release; desire_paths-neoforge-26.1_1.61.0.jar
[2026, 9, 28, 9, 31, 52] ;;; release; desire_paths-neoforge-26.2_1.61.0.jar
[2026, 9, 28, 9, 31, 52] ;;; release; desire_paths-neoforge-26.3_1.61.0.jar
[2026, 9, 28, 9, 31, 52] ;;; release; dynamic_dirt-fabric-1.21.8_1.61.0.jar
[2026, 9, 28, 9, 31, 52] ;;; release; dynamic_dirt-fabric-1.21.9_1.61.0.jar
[2026, 9, 28, 9, 31, 52] ;;; release; dynamic_dirt-fabric-26.1_1.61.0.jar
[2026, 9, 28, 9, 31, 52] ;;; release; dynamic_dirt-fabric-26.2_1.61.0.jar
[2026, 9, 28, 9, 31, 52] ;;; release; dynamic_dirt-fabric-26.3_1.61.0.jar
[2026, 9, 28, 9, 31, 52] ;;; release; dynamic_dirt-forge-1.19.4_1.61.0.jar
[2026, 9, 28, 9, 31, 52] ;;; release; dynamic_dirt-forge-1.20.1_1.61.0.jar
[2026, 9, 28, 9, 31, 52] ;;; release; dynamic_dirt-neoforge-1.20.4_1.61.0.jar
[2026, 9, 28, 9, 31, 52] ;;; release; dynamic_dirt-neoforge-1.20.6_1.61.0.jar
[2026, 9, 28, 9, 31, 52] ;;; release; dynamic_dirt-neoforge-1.21.1_1.61.0.jar
[2026, 9, 28, 9, 31, 52] ;;; release; dynamic_dirt-neoforge-1.21.2_1.61.0.jar
[2026, 9, 28, 9, 31, 52] ;;; release; dynamic_dirt-neoforge-1.21.4_1.61.0.jar
[2026, 9, 28, 9, 31, 52] ;;; release; dynamic_dirt-neoforge-1.21.5_1.61.0.jar
[2026, 9, 28, 9, 31, 52] ;;; release; dynamic_dirt-neoforge-1.21.8_1.61.0.jar
[2026, 9, 28, 9, 31, 52] ;;; release; dynamic_dirt-neoforge-26.1_1.61.0.jar
[2026, 9, 28, 9, 31, 52] ;;; release; dynamic_dirt-neoforge-26.2_1.61.0.jar
[2026, 9, 28, 9, 31, 52] ;;; release; dynamic_dirt-neoforge-26.3_1.61.0.jar
[2026, 9, 28, 9, 31, 52] ;;; release; dynamic_ecosystems-fabric-1.21.8_1.61.0.jar
[2026, 9, 28, 9, 31, 52] ;;; release; dynamic_ecosystems-fabric-1.21.9_1.61.0.jar
[2026, 9, 28, 9, 31, 52] ;;; release; dynamic_ecosystems-fabric-26.1_1.61.0.jar
[2026, 9, 28, 9, 31, 52] ;;; release; dynamic_ecosystems-fabric-26.2_1.61.0.jar
[2026, 9, 28, 9, 31, 52] ;;; release; dynamic_ecosystems-fabric-26.3_1.61.0.jar
[2026, 9, 28, 9, 31, 52] ;;; release; dynamic_ecosystems-forge-1.19.4_1.61.0.jar
[2026, 9, 28, 9, 31, 52] ;;; release; dynamic_ecosystems-forge-1.20.1_1.61.0.jar
[2026, 9, 28, 9, 31, 52] ;;; release; dynamic_ecosystems-neoforge-1.20.4_1.61.0.jar
[2026, 9, 28, 9, 31, 52] ;;; release; dynamic_ecosystems-neoforge-1.20.6_1.61.0.jar
[2026, 9, 28, 9, 31, 52] ;;; release; dynamic_ecosystems-neoforge-1.21.1_1.61.0.jar
[2026, 9, 28, 9, 31, 52] ;;; release; dynamic_ecosystems-neoforge-1.21.2_1.61.0.jar
[2026, 9, 28, 9, 31, 52] ;;; release; dynamic_ecosystems-neoforge-1.21.4_1.61.0.jar
[2026, 9, 28, 9, 31, 52] ;;; release; dynamic_ecosystems-neoforge-1.21.5_1.61.0.jar
[2026, 9, 28, 9, 31, 52] ;;; release; dynamic_ecosystems-neoforge-1.21.8_1.61.0.jar
[2026, 9, 28, 9, 31, 52] ;;; release; dynamic_ecosystems-neoforge-26.1_1.61.0.jar
[2026, 9, 28, 9, 31, 52] ;;; release; dynamic_ecosystems-neoforge-26.2_1.61.0.jar
[2026, 9, 28, 9, 31, 52] ;;; release; dynamic_ecosystems-neoforge-26.3_1.61.0.jar
[2026, 9, 28, 9, 31, 52] ;;; release; dynamic_monsters-fabric-1.21.8_1.61.0.jar
[2026, 9, 28, 9, 31, 52] ;;; release; dynamic_monsters-fabric-1.21.9_1.61.0.jar
[2026, 9, 28, 9, 31, 52] ;;; release; dynamic_monsters-fabric-26.1_1.61.0.jar
[2026, 9, 28, 9, 31, 52] ;;; release; dynamic_monsters-fabric-26.2_1.61.0.jar
[2026, 9, 28, 9, 31, 52] ;;; release; dynamic_monsters-fabric-26.3_1.61.0.jar
[2026, 9, 28, 9, 31, 52] ;;; release; dynamic_monsters-forge-1.19.4_1.61.0.jar
[2026, 9, 28, 9, 31, 52] ;;; release; dynamic_monsters-forge-1.20.1_1.61.0.jar
[2026, 9, 28, 9, 31, 52] ;;; release; dynamic_monsters-neoforge-1.20.4_1.61.0.jar
[2026, 9, 28, 9, 31, 52] ;;; release; dynamic_monsters-neoforge-1.20.6_1.61.0.jar
[2026, 9, 28, 9, 31, 52] ;;; release; dynamic_monsters-neoforge-1.21.1_1.61.0.jar
[2026, 9, 28, 9, 31, 52] ;;; release; dynamic_monsters-neoforge-1.21.2_1.61.0.jar
[2026, 9, 28, 9, 31, 52] ;;; release; dynamic_monsters-neoforge-1.21.4_1.61.0.jar
[2026, 9, 28, 9, 31, 52] ;;; release; dynamic_monsters-neoforge-1.21.5_1.61.0.jar
[2026, 9, 28, 9, 31, 52] ;;; release; dynamic_monsters-neoforge-1.21.8_1.61.0.jar
[2026, 9, 28, 9, 31, 52] ;;; release; dynamic_monsters-neoforge-26.1_1.61.0.jar
[2026, 9, 28, 9, 31, 52] ;;; release; dynamic_monsters-neoforge-26.2_1.61.0.jar
[2026, 9, 28, 9, 31, 52] ;;; release; dynamic_monsters-neoforge-26.3_1.61.0.jar
[2026, 9, 28, 9, 31, 52] ;;; release; enhanced_survival-fabric-1.21.8_1.61.0.jar
[2026, 9, 28, 9, 31, 52] ;;; release; enhanced_survival-fabric-1.21.9_1.61.0.jar
[2026, 9, 28, 9, 31, 52] ;;; release; enhanced_survival-fabric-26.1_1.61.0.jar
[2026, 9, 28, 9, 31, 52] ;;; release; enhanced_survival-fabric-26.2_1.61.0.jar
[2026, 9, 28, 9, 31, 52] ;;; release; enhanced_survival-fabric-26.3_1.61.0.jar
[2026, 9, 28, 9, 31, 52] ;;; release; enhanced_survival-forge-1.19.4_1.61.0.jar
[2026, 9, 28, 9, 31, 52] ;;; release; enhanced_survival-forge-1.20.1_1.61.0.jar
[2026, 9, 28, 9, 31, 52] ;;; release; enhanced_survival-neoforge-1.20.4_1.61.0.jar
[2026, 9, 28, 9, 31, 52] ;;; release; enhanced_survival-neoforge-1.20.6_1.61.0.jar
[2026, 9, 28, 9, 31, 52] ;;; release; enhanced_survival-neoforge-1.21.1_1.61.0.jar
[2026, 9, 28, 9, 31, 52] ;;; release; enhanced_survival-neoforge-1.21.2_1.61.0.jar
[2026, 9, 28, 9, 31, 52] ;;; release; enhanced_survival-neoforge-1.21.4_1.61.0.jar
[2026, 9, 28, 9, 31, 52] ;;; release; enhanced_survival-neoforge-1.21.5_1.61.0.jar
[2026, 9, 28, 9, 31, 52] ;;; release; enhanced_survival-neoforge-1.21.8_1.61.0.jar
[2026, 9, 28, 9, 31, 52] ;;; release; enhanced_survival-neoforge-26.1_1.61.0.jar
[2026, 9, 28, 9, 31, 52] ;;; release; enhanced_survival-neoforge-26.2_1.61.0.jar
[2026, 9, 28, 9, 31, 52] ;;; release; enhanced_survival-neoforge-26.3_1.61.0.jar
[2026, 9, 28, 9, 31, 52] ;;; release; ghosts_and_ghouls-fabric-1.21.8_1.61.0.jar
[2026, 9, 28, 9, 31, 52] ;;; release; ghosts_and_ghouls-fabric-1.21.9_1.61.0.jar
[2026, 9, 28, 9, 31, 52] ;;; release; ghosts_and_ghouls-fabric-26.1_1.61.0.jar
[2026, 9, 28, 9, 31, 52] ;;; release; ghosts_and_ghouls-fabric-26.2_1.61.0.jar
[2026, 9, 28, 9, 31, 52] ;;; release; ghosts_and_ghouls-fabric-26.3_1.61.0.jar
[2026, 9, 28, 9, 31, 52] ;;; release; ghosts_and_ghouls-forge-1.19.4_1.61.0.jar
[2026, 9, 28, 9, 31, 52] ;;; release; ghosts_and_ghouls-forge-1.20.1_1.61.0.jar
[2026, 9, 28, 9, 31, 52] ;;; release; ghosts_and_ghouls-neoforge-1.20.4_1.61.0.jar
[2026, 9, 28, 9, 31, 52] ;;; release; ghosts_and_ghouls-neoforge-1.20.6_1.61.0.jar
[2026, 9, 28, 9, 31, 52] ;;; release; ghosts_and_ghouls-neoforge-1.21.1_1.61.0.jar
[2026, 9, 28, 9, 31, 52] ;;; release; ghosts_and_ghouls-neoforge-1.21.2_1.61.0.jar
[2026, 9, 28, 9, 31, 52] ;;; release; ghosts_and_ghouls-neoforge-1.21.4_1.61.0.jar
[2026, 9, 28, 9, 31, 52] ;;; release; ghosts_and_ghouls-neoforge-1.21.5_1.61.0.jar
[2026, 9, 28, 9, 31, 52] ;;; release; ghosts_and_ghouls-neoforge-1.21.8_1.61.0.jar
[2026, 9, 28, 9, 31, 52] ;;; release; ghosts_and_ghouls-neoforge-26.1_1.61.0.jar
[2026, 9, 28, 9, 31, 52] ;;; release; ghosts_and_ghouls-neoforge-26.2_1.61.0.jar
[2026, 9, 28, 9, 31, 52] ;;; release; ghosts_and_ghouls-neoforge-26.3_1.61.0.jar
[2026, 9, 28, 9, 31, 52] ;;; release; gothic_horror-fabric-1.21.8_1.61.0.jar
[2026, 9, 28, 9, 31, 52] ;;; release; gothic_horror-fabric-1.21.9_1.61.0.jar
[2026, 9, 28, 9, 31, 52] ;;; release; gothic_horror-fabric-26.1_1.61.0.jar
[2026, 9, 28, 9, 31, 52] ;;; release; gothic_horror-fabric-26.2_1.61.0.jar
[2026, 9, 28, 9, 31, 52] ;;; release; gothic_horror-fabric-26.3_1.61.0.jar
[2026, 9, 28, 9, 31, 52] ;;; release; gothic_horror-forge-1.19.4_1.61.0.jar
[2026, 9, 28, 9, 31, 52] ;;; release; gothic_horror-forge-1.20.1_1.61.0.jar
[2026, 9, 28, 9, 31, 52] ;;; release; gothic_horror-neoforge-1.20.4_1.61.0.jar
[2026, 9, 28, 9, 31, 52] ;;; release; gothic_horror-neoforge-1.20.6_1.61.0.jar
[2026, 9, 28, 9, 31, 52] ;;; release; gothic_horror-neoforge-1.21.1_1.61.0.jar
[2026, 9, 28, 9, 31, 52] ;;; release; gothic_horror-neoforge-1.21.2_1.61.0.jar
[2026, 9, 28, 9, 31, 52] ;;; release; gothic_horror-neoforge-1.21.4_1.61.0.jar
[2026, 9, 28, 9, 31, 52] ;;; release; gothic_horror-neoforge-1.21.5_1.61.0.jar
[2026, 9, 28, 9, 31, 52] ;;; release; gothic_horror-neoforge-1.21.8_1.61.0.jar
[2026, 9, 28, 9, 31, 52] ;;; release; gothic_horror-neoforge-26.1_1.61.0.jar
[2026, 9, 28, 9, 31, 52] ;;; release; gothic_horror-neoforge-26.2_1.61.0.jar
[2026, 9, 28, 9, 31, 52] ;;; release; gothic_horror-neoforge-26.3_1.61.0.jar
[2026, 9, 28, 9, 31, 52] ;;; release; gstools-fabric-1.21.8_1.61.0.jar
[2026, 9, 28, 9, 31, 52] ;;; release; gstools-fabric-1.21.9_1.61.0.jar
[2026, 9, 28, 9, 31, 52] ;;; release; gstools-fabric-26.1_1.61.0.jar
[2026, 9, 28, 9, 31, 52] ;;; release; gstools-fabric-26.2_1.61.0.jar
[2026, 9, 28, 9, 31, 52] ;;; release; gstools-fabric-26.3_1.61.0.jar
[2026, 9, 28, 9, 31, 52] ;;; release; gstools-forge-1.19.4_1.61.0.jar
[2026, 9, 28, 9, 31, 52] ;;; release; gstools-forge-1.20.1_1.61.0.jar
[2026, 9, 28, 9, 31, 52] ;;; release; gstools-neoforge-1.20.4_1.61.0.jar
[2026, 9, 28, 9, 31, 52] ;;; release; gstools-neoforge-1.20.6_1.61.0.jar
[2026, 9, 28, 9, 31, 52] ;;; release; gstools-neoforge-1.21.1_1.61.0.jar
[2026, 9, 28, 9, 31, 52] ;;; release; gstools-neoforge-1.21.2_1.61.0.jar
[2026, 9, 28, 9, 31, 52] ;;; release; gstools-neoforge-1.21.4_1.61.0.jar
[2026, 9, 28, 9, 31, 52] ;;; release; gstools-neoforge-1.21.5_1.61.0.jar
[2026, 9, 28, 9, 31, 52] ;;; release; gstools-neoforge-1.21.8_1.61.0.jar
[2026, 9, 28, 9, 31, 52] ;;; release; gstools-neoforge-26.1_1.61.0.jar
[2026, 9, 28, 9, 31, 52] ;;; release; gstools-neoforge-26.2_1.61.0.jar
[2026, 9, 28, 9, 31, 52] ;;; release; gstools-neoforge-26.3_1.61.0.jar
[2026, 9, 28, 9, 31, 52] ;;; release; life_and_death-fabric-1.21.8_1.61.0.jar
[2026, 9, 28, 9, 31, 52] ;;; release; life_and_death-fabric-1.21.9_1.61.0.jar
[2026, 9, 28, 9, 31, 52] ;;; release; life_and_death-fabric-26.1_1.61.0.jar
[2026, 9, 28, 9, 31, 52] ;;; release; life_and_death-fabric-26.2_1.61.0.jar
[2026, 9, 28, 9, 31, 52] ;;; release; life_and_death-fabric-26.3_1.61.0.jar
[2026, 9, 28, 9, 31, 52] ;;; release; life_and_death-forge-1.19.4_1.61.0.jar
[2026, 9, 28, 9, 31, 52] ;;; release; life_and_death-forge-1.20.1_1.61.0.jar
[2026, 9, 28, 9, 31, 52] ;;; release; life_and_death-neoforge-1.20.4_1.61.0.jar
[2026, 9, 28, 9, 31, 52] ;;; release; life_and_death-neoforge-1.20.6_1.61.0.jar
[2026, 9, 28, 9, 31, 52] ;;; release; life_and_death-neoforge-1.21.1_1.61.0.jar
[2026, 9, 28, 9, 31, 52] ;;; release; life_and_death-neoforge-1.21.2_1.61.0.jar
[2026, 9, 28, 9, 31, 52] ;;; release; life_and_death-neoforge-1.21.4_1.61.0.jar
[2026, 9, 28, 9, 31, 52] ;;; release; life_and_death-neoforge-1.21.5_1.61.0.jar
[2026, 9, 28, 9, 31, 52] ;;; release; life_and_death-neoforge-1.21.8_1.61.0.jar
[2026, 9, 28, 9, 31, 52] ;;; release; life_and_death-neoforge-26.1_1.61.0.jar
[2026, 9, 28, 9, 31, 52] ;;; release; life_and_death-neoforge-26.2_1.61.0.jar
[2026, 9, 28, 9, 31, 52] ;;; release; life_and_death-neoforge-26.3_1.61.0.jar
[2026, 9, 28, 9, 31, 52] ;;; release; undead_expanded-fabric-1.21.8_1.61.0.jar
[2026, 9, 28, 9, 31, 52] ;;; release; .\releases\1.61.0\undead_expanded-fabric-1.21.8_1.61.0.jarundead_expandedfabric1.21.8undead_expanded fabric 1.21.8 1.61.0
[2026, 9, 28, 9, 32, 20] ;;; release; undead_expanded-fabric-1.21.9_1.61.0.jar
[2026, 9, 28, 9, 32, 20] ;;; release; .\releases\1.61.0\undead_expanded-fabric-1.21.9_1.61.0.jarundead_expandedfabric1.21.9undead_expanded fabric 1.21.9 1.61.0
[2026, 9, 28, 9, 33, 13] ;;; release; undead_expanded-fabric-26.1_1.61.0.jar
[2026, 9, 28, 9, 33, 13] ;;; release; .\releases\1.61.0\undead_expanded-fabric-26.1_1.61.0.jarundead_expandedfabric26.1undead_expanded fabric 26.1 1.61.0
[2026, 9, 28, 9, 33, 47] ;;; release; undead_expanded-fabric-26.2_1.61.0.jar
[2026, 9, 28, 9, 33, 47] ;;; release; .\releases\1.61.0\undead_expanded-fabric-26.2_1.61.0.jarundead_expandedfabric26.2undead_expanded fabric 26.2 1.61.0
[2026, 9, 28, 9, 34, 6] ;;; release; undead_expanded-fabric-26.3_1.61.0.jar
[2026, 9, 28, 9, 34, 6] ;;; release; undead_expanded-forge-1.19.4_1.61.0.jar
[2026, 9, 28, 9, 34, 6] ;;; release; .\releases\1.61.0\undead_expanded-forge-1.19.4_1.61.0.jarundead_expandedforge1.19.4undead_expanded forge 1.19.4 1.61.0
[2026, 9, 28, 9, 34, 27] ;;; release; undead_expanded-forge-1.20.1_1.61.0.jar
[2026, 9, 28, 9, 34, 27] ;;; release; undead_expanded-neoforge-1.20.4_1.61.0.jar
[2026, 9, 28, 9, 34, 27] ;;; release; .\releases\1.61.0\undead_expanded-neoforge-1.20.4_1.61.0.jarundead_expandedneoforge1.20.4undead_expanded neoforge 1.20.4 1.61.0
[2026, 9, 28, 9, 34, 44] ;;; release; undead_expanded-neoforge-1.20.6_1.61.0.jar
[2026, 9, 28, 9, 34, 44] ;;; release; .\releases\1.61.0\undead_expanded-neoforge-1.20.6_1.61.0.jarundead_expandedneoforge1.20.6undead_expanded neoforge 1.20.6 1.61.0
[2026, 9, 28, 9, 35, 36] ;;; release; undead_expanded-neoforge-1.21.1_1.61.0.jar
[2026, 9, 28, 9, 35, 36] ;;; release; .\releases\1.61.0\undead_expanded-neoforge-1.21.1_1.61.0.jarundead_expandedneoforge1.21.1undead_expanded neoforge 1.21.1 1.61.0
[2026, 9, 28, 9, 35, 56] ;;; release; undead_expanded-neoforge-1.21.2_1.61.0.jar
[2026, 9, 28, 9, 35, 56] ;;; release; .\releases\1.61.0\undead_expanded-neoforge-1.21.2_1.61.0.jarundead_expandedneoforge1.21.2undead_expanded neoforge 1.21.2 1.61.0
[2026, 9, 28, 9, 36, 18] ;;; release; undead_expanded-neoforge-1.21.4_1.61.0.jar
[2026, 9, 28, 9, 36, 18] ;;; release; .\releases\1.61.0\undead_expanded-neoforge-1.21.4_1.61.0.jarundead_expandedneoforge1.21.4undead_expanded neoforge 1.21.4 1.61.0
[2026, 9, 28, 9, 36, 40] ;;; release; undead_expanded-neoforge-1.21.5_1.61.0.jar
[2026, 9, 28, 9, 36, 40] ;;; release; .\releases\1.61.0\undead_expanded-neoforge-1.21.5_1.61.0.jarundead_expandedneoforge1.21.5undead_expanded neoforge 1.21.5 1.61.0
[2026, 9, 28, 9, 37, 1] ;;; release; undead_expanded-neoforge-1.21.8_1.61.0.jar
[2026, 9, 28, 9, 37, 1] ;;; release; .\releases\1.61.0\undead_expanded-neoforge-1.21.8_1.61.0.jarundead_expandedneoforge1.21.8undead_expanded neoforge 1.21.8 1.61.0
[2026, 9, 28, 9, 37, 27] ;;; release; undead_expanded-neoforge-26.1_1.61.0.jar
[2026, 9, 28, 9, 37, 27] ;;; release; .\releases\1.61.0\undead_expanded-neoforge-26.1_1.61.0.jarundead_expandedneoforge26.1undead_expanded neoforge 26.1 1.61.0
[2026, 9, 28, 9, 37, 59] ;;; release; undead_expanded-neoforge-26.2_1.61.0.jar
[2026, 9, 28, 9, 37, 59] ;;; release; undead_expanded-neoforge-26.3_1.61.0.jar
[2026, 9, 28, 9, 37, 59] ;;; release; block_decay-fabric-1.21.10_1.61.0.jar
[2026, 9, 28, 9, 37, 59] ;;; release; block_decay-fabric-1.21.11_1.61.0.jar
[2026, 9, 28, 9, 37, 59] ;;; release; block_decay-fabric-1.21.8_1.61.0.jar
[2026, 9, 28, 9, 37, 59] ;;; release; block_decay-fabric-1.21.9_1.61.0.jar
[2026, 9, 28, 9, 37, 59] ;;; release; block_decay-fabric-26.1_1.61.0.jar
[2026, 9, 28, 9, 37, 59] ;;; release; block_decay-fabric-26.2_1.61.0.jar
[2026, 9, 28, 9, 37, 59] ;;; release; block_decay-fabric-26.3_1.61.0.jar
[2026, 9, 28, 9, 37, 59] ;;; release; block_decay-forge-1.19.4_1.61.0.jar
[2026, 9, 28, 9, 37, 59] ;;; release; block_decay-forge-1.20.1_1.61.0.jar
[2026, 9, 28, 9, 37, 59] ;;; release; block_decay-neoforge-1.20.4_1.61.0.jar
[2026, 9, 28, 9, 37, 59] ;;; release; block_decay-neoforge-1.20.6_1.61.0.jar
[2026, 9, 28, 9, 37, 59] ;;; release; block_decay-neoforge-1.21.10_1.61.0.jar
[2026, 9, 28, 9, 37, 59] ;;; release; block_decay-neoforge-1.21.11_1.61.0.jar
[2026, 9, 28, 9, 37, 59] ;;; release; block_decay-neoforge-1.21.1_1.61.0.jar
[2026, 9, 28, 9, 37, 59] ;;; release; block_decay-neoforge-1.21.2_1.61.0.jar
[2026, 9, 28, 9, 37, 59] ;;; release; block_decay-neoforge-1.21.4_1.61.0.jar
[2026, 9, 28, 9, 37, 59] ;;; release; block_decay-neoforge-1.21.5_1.61.0.jar
[2026, 9, 28, 9, 37, 59] ;;; release; block_decay-neoforge-1.21.8_1.61.0.jar
[2026, 9, 28, 9, 37, 59] ;;; release; block_decay-neoforge-1.21.9_1.61.0.jar
[2026, 9, 28, 9, 37, 59] ;;; release; block_decay-neoforge-1.21_1.61.0.jar
[2026, 9, 28, 9, 37, 59] ;;; release; block_decay-neoforge-26.1_1.61.0.jar
[2026, 9, 28, 9, 37, 59] ;;; release; block_decay-neoforge-26.2_1.61.0.jar
[2026, 9, 28, 9, 37, 59] ;;; release; block_decay-neoforge-26.3_1.61.0.jar
[2026, 9, 28, 9, 37, 59] ;;; release; desire_paths-fabric-1.21.8_1.61.0.jar
[2026, 9, 28, 9, 37, 59] ;;; release; desire_paths-fabric-1.21.9_1.61.0.jar
[2026, 9, 28, 9, 37, 59] ;;; release; desire_paths-fabric-26.1_1.61.0.jar
[2026, 9, 28, 9, 37, 59] ;;; release; desire_paths-fabric-26.2_1.61.0.jar
[2026, 9, 28, 9, 37, 59] ;;; release; desire_paths-fabric-26.3_1.61.0.jar
[2026, 9, 28, 9, 37, 59] ;;; release; desire_paths-forge-1.19.4_1.61.0.jar
[2026, 9, 28, 9, 37, 59] ;;; release; desire_paths-forge-1.20.1_1.61.0.jar
[2026, 9, 28, 9, 37, 59] ;;; release; desire_paths-neoforge-1.20.4_1.61.0.jar
[2026, 9, 28, 9, 37, 59] ;;; release; desire_paths-neoforge-1.20.6_1.61.0.jar
[2026, 9, 28, 9, 37, 59] ;;; release; desire_paths-neoforge-1.21.1_1.61.0.jar
[2026, 9, 28, 9, 37, 59] ;;; release; desire_paths-neoforge-1.21.2_1.61.0.jar
[2026, 9, 28, 9, 37, 59] ;;; release; desire_paths-neoforge-1.21.4_1.61.0.jar
[2026, 9, 28, 9, 37, 59] ;;; release; desire_paths-neoforge-1.21.5_1.61.0.jar
[2026, 9, 28, 9, 37, 59] ;;; release; desire_paths-neoforge-1.21.8_1.61.0.jar
[2026, 9, 28, 9, 37, 59] ;;; release; desire_paths-neoforge-26.1_1.61.0.jar
[2026, 9, 28, 9, 37, 59] ;;; release; desire_paths-neoforge-26.2_1.61.0.jar
[2026, 9, 28, 9, 37, 59] ;;; release; desire_paths-neoforge-26.3_1.61.0.jar
[2026, 9, 28, 9, 37, 59] ;;; release; dynamic_dirt-fabric-1.21.8_1.61.0.jar
[2026, 9, 28, 9, 37, 59] ;;; release; dynamic_dirt-fabric-1.21.9_1.61.0.jar
[2026, 9, 28, 9, 37, 59] ;;; release; dynamic_dirt-fabric-26.1_1.61.0.jar
[2026, 9, 28, 9, 37, 59] ;;; release; dynamic_dirt-fabric-26.2_1.61.0.jar
[2026, 9, 28, 9, 37, 59] ;;; release; dynamic_dirt-fabric-26.3_1.61.0.jar
[2026, 9, 28, 9, 37, 59] ;;; release; dynamic_dirt-forge-1.19.4_1.61.0.jar
[2026, 9, 28, 9, 37, 59] ;;; release; dynamic_dirt-forge-1.20.1_1.61.0.jar
[2026, 9, 28, 9, 37, 59] ;;; release; dynamic_dirt-neoforge-1.20.4_1.61.0.jar
[2026, 9, 28, 9, 37, 59] ;;; release; dynamic_dirt-neoforge-1.20.6_1.61.0.jar
[2026, 9, 28, 9, 37, 59] ;;; release; dynamic_dirt-neoforge-1.21.1_1.61.0.jar
[2026, 9, 28, 9, 37, 59] ;;; release; dynamic_dirt-neoforge-1.21.2_1.61.0.jar
[2026, 9, 28, 9, 37, 59] ;;; release; dynamic_dirt-neoforge-1.21.4_1.61.0.jar
[2026, 9, 28, 9, 37, 59] ;;; release; dynamic_dirt-neoforge-1.21.5_1.61.0.jar
[2026, 9, 28, 9, 37, 59] ;;; release; dynamic_dirt-neoforge-1.21.8_1.61.0.jar
[2026, 9, 28, 9, 37, 59] ;;; release; dynamic_dirt-neoforge-26.1_1.61.0.jar
[2026, 9, 28, 9, 37, 59] ;;; release; dynamic_dirt-neoforge-26.2_1.61.0.jar
[2026, 9, 28, 9, 37, 59] ;;; release; dynamic_dirt-neoforge-26.3_1.61.0.jar
[2026, 9, 28, 9, 37, 59] ;;; release; dynamic_ecosystems-fabric-1.21.8_1.61.0.jar
[2026, 9, 28, 9, 37, 59] ;;; release; dynamic_ecosystems-fabric-1.21.9_1.61.0.jar
[2026, 9, 28, 9, 37, 59] ;;; release; dynamic_ecosystems-fabric-26.1_1.61.0.jar
[2026, 9, 28, 9, 37, 59] ;;; release; dynamic_ecosystems-fabric-26.2_1.61.0.jar
[2026, 9, 28, 9, 37, 59] ;;; release; dynamic_ecosystems-fabric-26.3_1.61.0.jar
[2026, 9, 28, 9, 37, 59] ;;; release; dynamic_ecosystems-forge-1.19.4_1.61.0.jar
[2026, 9, 28, 9, 37, 59] ;;; release; dynamic_ecosystems-forge-1.20.1_1.61.0.jar
[2026, 9, 28, 9, 37, 59] ;;; release; dynamic_ecosystems-neoforge-1.20.4_1.61.0.jar
[2026, 9, 28, 9, 37, 59] ;;; release; dynamic_ecosystems-neoforge-1.20.6_1.61.0.jar
[2026, 9, 28, 9, 37, 59] ;;; release; dynamic_ecosystems-neoforge-1.21.1_1.61.0.jar
[2026, 9, 28, 9, 37, 59] ;;; release; dynamic_ecosystems-neoforge-1.21.2_1.61.0.jar
[2026, 9, 28, 9, 37, 59] ;;; release; dynamic_ecosystems-neoforge-1.21.4_1.61.0.jar
[2026, 9, 28, 9, 37, 59] ;;; release; dynamic_ecosystems-neoforge-1.21.5_1.61.0.jar
[2026, 9, 28, 9, 37, 59] ;;; release; dynamic_ecosystems-neoforge-1.21.8_1.61.0.jar
[2026, 9, 28, 9, 37, 59] ;;; release; dynamic_ecosystems-neoforge-26.1_1.61.0.jar
[2026, 9, 28, 9, 37, 59] ;;; release; dynamic_ecosystems-neoforge-26.2_1.61.0.jar
[2026, 9, 28, 9, 37, 59] ;;; release; dynamic_ecosystems-neoforge-26.3_1.61.0.jar
[2026, 9, 28, 9, 37, 59] ;;; release; dynamic_monsters-fabric-1.21.8_1.61.0.jar
[2026, 9, 28, 9, 37, 59] ;;; release; dynamic_monsters-fabric-1.21.9_1.61.0.jar
[2026, 9, 28, 9, 37, 59] ;;; release; dynamic_monsters-fabric-26.1_1.61.0.jar
[2026, 9, 28, 9, 37, 59] ;;; release; dynamic_monsters-fabric-26.2_1.61.0.jar
[2026, 9, 28, 9, 37, 59] ;;; release; dynamic_monsters-fabric-26.3_1.61.0.jar
[2026, 9, 28, 9, 37, 59] ;;; release; dynamic_monsters-forge-1.19.4_1.61.0.jar
[2026, 9, 28, 9, 37, 59] ;;; release; dynamic_monsters-forge-1.20.1_1.61.0.jar
[2026, 9, 28, 9, 37, 59] ;;; release; dynamic_monsters-neoforge-1.20.4_1.61.0.jar
[2026, 9, 28, 9, 37, 59] ;;; release; dynamic_monsters-neoforge-1.20.6_1.61.0.jar
[2026, 9, 28, 9, 37, 59] ;;; release; dynamic_monsters-neoforge-1.21.1_1.61.0.jar
[2026, 9, 28, 9, 37, 59] ;;; release; dynamic_monsters-neoforge-1.21.2_1.61.0.jar
[2026, 9, 28, 9, 37, 59] ;;; release; dynamic_monsters-neoforge-1.21.4_1.61.0.jar
[2026, 9, 28, 9, 37, 59] ;;; release; dynamic_monsters-neoforge-1.21.5_1.61.0.jar
[2026, 9, 28, 9, 37, 59] ;;; release; dynamic_monsters-neoforge-1.21.8_1.61.0.jar
[2026, 9, 28, 9, 37, 59] ;;; release; dynamic_monsters-neoforge-26.1_1.61.0.jar
[2026, 9, 28, 9, 37, 59] ;;; release; dynamic_monsters-neoforge-26.2_1.61.0.jar
[2026, 9, 28, 9, 37, 59] ;;; release; dynamic_monsters-neoforge-26.3_1.61.0.jar
[2026, 9, 28, 9, 37, 59] ;;; release; enhanced_survival-fabric-1.21.8_1.61.0.jar
[2026, 9, 28, 9, 37, 59] ;;; release; enhanced_survival-fabric-1.21.9_1.61.0.jar
[2026, 9, 28, 9, 37, 59] ;;; release; enhanced_survival-fabric-26.1_1.61.0.jar
[2026, 9, 28, 9, 37, 59] ;;; release; enhanced_survival-fabric-26.2_1.61.0.jar
[2026, 9, 28, 9, 37, 59] ;;; release; enhanced_survival-fabric-26.3_1.61.0.jar
[2026, 9, 28, 9, 37, 59] ;;; release; enhanced_survival-forge-1.19.4_1.61.0.jar
[2026, 9, 28, 9, 37, 59] ;;; release; enhanced_survival-forge-1.20.1_1.61.0.jar
[2026, 9, 28, 9, 37, 59] ;;; release; enhanced_survival-neoforge-1.20.4_1.61.0.jar
[2026, 9, 28, 9, 37, 59] ;;; release; enhanced_survival-neoforge-1.20.6_1.61.0.jar
[2026, 9, 28, 9, 37, 59] ;;; release; enhanced_survival-neoforge-1.21.1_1.61.0.jar
[2026, 9, 28, 9, 37, 59] ;;; release; enhanced_survival-neoforge-1.21.2_1.61.0.jar
[2026, 9, 28, 9, 37, 59] ;;; release; enhanced_survival-neoforge-1.21.4_1.61.0.jar
[2026, 9, 28, 9, 37, 59] ;;; release; enhanced_survival-neoforge-1.21.5_1.61.0.jar
[2026, 9, 28, 9, 37, 59] ;;; release; enhanced_survival-neoforge-1.21.8_1.61.0.jar
[2026, 9, 28, 9, 37, 59] ;;; release; enhanced_survival-neoforge-26.1_1.61.0.jar
[2026, 9, 28, 9, 37, 59] ;;; release; enhanced_survival-neoforge-26.2_1.61.0.jar
[2026, 9, 28, 9, 37, 59] ;;; release; enhanced_survival-neoforge-26.3_1.61.0.jar
[2026, 9, 28, 9, 37, 59] ;;; release; ghosts_and_ghouls-fabric-1.21.8_1.61.0.jar
[2026, 9, 28, 9, 37, 59] ;;; release; .\releases\1.61.0\ghosts_and_ghouls-fabric-1.21.8_1.61.0.jarghosts_and_ghoulsfabric1.21.8ghosts_and_ghouls fabric 1.21.8 1.61.0
[2026, 9, 28, 9, 38, 26] ;;; release; ghosts_and_ghouls-fabric-1.21.9_1.61.0.jar
[2026, 9, 28, 9, 38, 26] ;;; release; .\releases\1.61.0\ghosts_and_ghouls-fabric-1.21.9_1.61.0.jarghosts_and_ghoulsfabric1.21.9ghosts_and_ghouls fabric 1.21.9 1.61.0
[2026, 9, 28, 9, 38, 41] ;;; release; ghosts_and_ghouls-fabric-26.1_1.61.0.jar
[2026, 9, 28, 9, 38, 41] ;;; release; .\releases\1.61.0\ghosts_and_ghouls-fabric-26.1_1.61.0.jarghosts_and_ghoulsfabric26.1ghosts_and_ghouls fabric 26.1 1.61.0
[2026, 9, 28, 9, 38, 57] ;;; release; ghosts_and_ghouls-fabric-26.2_1.61.0.jar
[2026, 9, 28, 9, 38, 57] ;;; release; .\releases\1.61.0\ghosts_and_ghouls-fabric-26.2_1.61.0.jarghosts_and_ghoulsfabric26.2ghosts_and_ghouls fabric 26.2 1.61.0
[2026, 9, 28, 9, 39, 30] ;;; release; ghosts_and_ghouls-fabric-26.3_1.61.0.jar
[2026, 9, 28, 9, 39, 30] ;;; release; ghosts_and_ghouls-forge-1.19.4_1.61.0.jar
[2026, 9, 28, 9, 39, 30] ;;; release; .\releases\1.61.0\ghosts_and_ghouls-forge-1.19.4_1.61.0.jarghosts_and_ghoulsforge1.19.4ghosts_and_ghouls forge 1.19.4 1.61.0
[2026, 9, 28, 9, 40, 2] ;;; release; ghosts_and_ghouls-forge-1.20.1_1.61.0.jar
[2026, 9, 28, 9, 40, 2] ;;; release; ghosts_and_ghouls-neoforge-1.20.4_1.61.0.jar
[2026, 9, 28, 9, 40, 2] ;;; release; .\releases\1.61.0\ghosts_and_ghouls-neoforge-1.20.4_1.61.0.jarghosts_and_ghoulsneoforge1.20.4ghosts_and_ghouls neoforge 1.20.4 1.61.0
[2026, 9, 28, 9, 40, 24] ;;; release; ghosts_and_ghouls-neoforge-1.20.6_1.61.0.jar
[2026, 9, 28, 9, 40, 24] ;;; release; .\releases\1.61.0\ghosts_and_ghouls-neoforge-1.20.6_1.61.0.jarghosts_and_ghoulsneoforge1.20.6ghosts_and_ghouls neoforge 1.20.6 1.61.0
[2026, 9, 28, 9, 40, 47] ;;; release; ghosts_and_ghouls-neoforge-1.21.1_1.61.0.jar
[2026, 9, 28, 9, 40, 47] ;;; release; .\releases\1.61.0\ghosts_and_ghouls-neoforge-1.21.1_1.61.0.jarghosts_and_ghoulsneoforge1.21.1ghosts_and_ghouls neoforge 1.21.1 1.61.0
[2026, 9, 28, 9, 41, 6] ;;; release; ghosts_and_ghouls-neoforge-1.21.2_1.61.0.jar
[2026, 9, 28, 9, 41, 6] ;;; release; .\releases\1.61.0\ghosts_and_ghouls-neoforge-1.21.2_1.61.0.jarghosts_and_ghoulsneoforge1.21.2ghosts_and_ghouls neoforge 1.21.2 1.61.0
[2026, 9, 28, 9, 41, 23] ;;; release; ghosts_and_ghouls-neoforge-1.21.4_1.61.0.jar
[2026, 9, 28, 9, 41, 23] ;;; release; .\releases\1.61.0\ghosts_and_ghouls-neoforge-1.21.4_1.61.0.jarghosts_and_ghoulsneoforge1.21.4ghosts_and_ghouls neoforge 1.21.4 1.61.0
[2026, 9, 28, 9, 41, 49] ;;; release; ghosts_and_ghouls-neoforge-1.21.5_1.61.0.jar
[2026, 9, 28, 9, 41, 49] ;;; release; .\releases\1.61.0\ghosts_and_ghouls-neoforge-1.21.5_1.61.0.jarghosts_and_ghoulsneoforge1.21.5ghosts_and_ghouls neoforge 1.21.5 1.61.0
[2026, 9, 28, 9, 42, 14] ;;; release; ghosts_and_ghouls-neoforge-1.21.8_1.61.0.jar
[2026, 9, 28, 9, 42, 14] ;;; release; .\releases\1.61.0\ghosts_and_ghouls-neoforge-1.21.8_1.61.0.jarghosts_and_ghoulsneoforge1.21.8ghosts_and_ghouls neoforge 1.21.8 1.61.0
[2026, 9, 28, 9, 42, 41] ;;; release; ghosts_and_ghouls-neoforge-26.1_1.61.0.jar
[2026, 9, 28, 9, 42, 41] ;;; release; .\releases\1.61.0\ghosts_and_ghouls-neoforge-26.1_1.61.0.jarghosts_and_ghoulsneoforge26.1ghosts_and_ghouls neoforge 26.1 1.61.0
[2026, 9, 28, 9, 43, 2] ;;; release; ghosts_and_ghouls-neoforge-26.2_1.61.0.jar
[2026, 9, 28, 9, 43, 2] ;;; release; ghosts_and_ghouls-neoforge-26.3_1.61.0.jar
[2026, 9, 28, 9, 43, 2] ;;; release; gothic_horror-fabric-1.21.8_1.61.0.jar
[2026, 9, 28, 9, 43, 2] ;;; release; gothic_horror-fabric-1.21.9_1.61.0.jar
[2026, 9, 28, 9, 43, 2] ;;; release; gothic_horror-fabric-26.1_1.61.0.jar
[2026, 9, 28, 9, 43, 2] ;;; release; gothic_horror-fabric-26.2_1.61.0.jar
[2026, 9, 28, 9, 43, 2] ;;; release; gothic_horror-fabric-26.3_1.61.0.jar
[2026, 9, 28, 9, 43, 2] ;;; release; gothic_horror-forge-1.19.4_1.61.0.jar
[2026, 9, 28, 9, 43, 2] ;;; release; gothic_horror-forge-1.20.1_1.61.0.jar
[2026, 9, 28, 9, 43, 2] ;;; release; gothic_horror-neoforge-1.20.4_1.61.0.jar
[2026, 9, 28, 9, 43, 2] ;;; release; gothic_horror-neoforge-1.20.6_1.61.0.jar
[2026, 9, 28, 9, 43, 2] ;;; release; gothic_horror-neoforge-1.21.1_1.61.0.jar
[2026, 9, 28, 9, 43, 2] ;;; release; gothic_horror-neoforge-1.21.2_1.61.0.jar
[2026, 9, 28, 9, 43, 2] ;;; release; gothic_horror-neoforge-1.21.4_1.61.0.jar
[2026, 9, 28, 9, 43, 2] ;;; release; gothic_horror-neoforge-1.21.5_1.61.0.jar
[2026, 9, 28, 9, 43, 2] ;;; release; gothic_horror-neoforge-1.21.8_1.61.0.jar
[2026, 9, 28, 9, 43, 2] ;;; release; gothic_horror-neoforge-26.1_1.61.0.jar
[2026, 9, 28, 9, 43, 2] ;;; release; gothic_horror-neoforge-26.2_1.61.0.jar
[2026, 9, 28, 9, 43, 2] ;;; release; gothic_horror-neoforge-26.3_1.61.0.jar
[2026, 9, 28, 9, 43, 2] ;;; release; gstools-fabric-1.21.8_1.61.0.jar
[2026, 9, 28, 9, 43, 2] ;;; release; gstools-fabric-1.21.9_1.61.0.jar
[2026, 9, 28, 9, 43, 2] ;;; release; gstools-fabric-26.1_1.61.0.jar
[2026, 9, 28, 9, 43, 2] ;;; release; gstools-fabric-26.2_1.61.0.jar
[2026, 9, 28, 9, 43, 2] ;;; release; gstools-fabric-26.3_1.61.0.jar
[2026, 9, 28, 9, 43, 2] ;;; release; gstools-forge-1.19.4_1.61.0.jar
[2026, 9, 28, 9, 43, 2] ;;; release; gstools-forge-1.20.1_1.61.0.jar
[2026, 9, 28, 9, 43, 2] ;;; release; gstools-neoforge-1.20.4_1.61.0.jar
[2026, 9, 28, 9, 43, 2] ;;; release; gstools-neoforge-1.20.6_1.61.0.jar
[2026, 9, 28, 9, 43, 2] ;;; release; gstools-neoforge-1.21.1_1.61.0.jar
[2026, 9, 28, 9, 43, 2] ;;; release; gstools-neoforge-1.21.2_1.61.0.jar
[2026, 9, 28, 9, 43, 2] ;;; release; gstools-neoforge-1.21.4_1.61.0.jar
[2026, 9, 28, 9, 43, 2] ;;; release; gstools-neoforge-1.21.5_1.61.0.jar
[2026, 9, 28, 9, 43, 2] ;;; release; gstools-neoforge-1.21.8_1.61.0.jar
[2026, 9, 28, 9, 43, 2] ;;; release; gstools-neoforge-26.1_1.61.0.jar
[2026, 9, 28, 9, 43, 2] ;;; release; gstools-neoforge-26.2_1.61.0.jar
[2026, 9, 28, 9, 43, 2] ;;; release; gstools-neoforge-26.3_1.61.0.jar
[2026, 9, 28, 9, 43, 2] ;;; release; life_and_death-fabric-1.21.8_1.61.0.jar
[2026, 9, 28, 9, 43, 2] ;;; release; life_and_death-fabric-1.21.9_1.61.0.jar
[2026, 9, 28, 9, 43, 2] ;;; release; life_and_death-fabric-26.1_1.61.0.jar
[2026, 9, 28, 9, 43, 2] ;;; release; life_and_death-fabric-26.2_1.61.0.jar
[2026, 9, 28, 9, 43, 2] ;;; release; life_and_death-fabric-26.3_1.61.0.jar
[2026, 9, 28, 9, 43, 2] ;;; release; life_and_death-forge-1.19.4_1.61.0.jar
[2026, 9, 28, 9, 43, 2] ;;; release; life_and_death-forge-1.20.1_1.61.0.jar
[2026, 9, 28, 9, 43, 2] ;;; release; life_and_death-neoforge-1.20.4_1.61.0.jar
[2026, 9, 28, 9, 43, 2] ;;; release; life_and_death-neoforge-1.20.6_1.61.0.jar
[2026, 9, 28, 9, 43, 2] ;;; release; life_and_death-neoforge-1.21.1_1.61.0.jar
[2026, 9, 28, 9, 43, 2] ;;; release; life_and_death-neoforge-1.21.2_1.61.0.jar
[2026, 9, 28, 9, 43, 2] ;;; release; life_and_death-neoforge-1.21.4_1.61.0.jar
[2026, 9, 28, 9, 43, 2] ;;; release; life_and_death-neoforge-1.21.5_1.61.0.jar
[2026, 9, 28, 9, 43, 2] ;;; release; life_and_death-neoforge-1.21.8_1.61.0.jar
[2026, 9, 28, 9, 43, 2] ;;; release; life_and_death-neoforge-26.1_1.61.0.jar
[2026, 9, 28, 9, 43, 2] ;;; release; life_and_death-neoforge-26.2_1.61.0.jar
[2026, 9, 28, 9, 43, 2] ;;; release; life_and_death-neoforge-26.3_1.61.0.jar
[2026, 9, 28, 9, 43, 2] ;;; release; undead_expanded-fabric-1.21.8_1.61.0.jar
[2026, 9, 28, 9, 43, 2] ;;; release; undead_expanded-fabric-1.21.9_1.61.0.jar
[2026, 9, 28, 9, 43, 2] ;;; release; undead_expanded-fabric-26.1_1.61.0.jar
[2026, 9, 28, 9, 43, 2] ;;; release; undead_expanded-fabric-26.2_1.61.0.jar
[2026, 9, 28, 9, 43, 2] ;;; release; undead_expanded-fabric-26.3_1.61.0.jar
[2026, 9, 28, 9, 43, 2] ;;; release; undead_expanded-forge-1.19.4_1.61.0.jar
[2026, 9, 28, 9, 43, 2] ;;; release; undead_expanded-forge-1.20.1_1.61.0.jar
[2026, 9, 28, 9, 43, 2] ;;; release; undead_expanded-neoforge-1.20.4_1.61.0.jar
[2026, 9, 28, 9, 43, 2] ;;; release; undead_expanded-neoforge-1.20.6_1.61.0.jar
[2026, 9, 28, 9, 43, 2] ;;; release; undead_expanded-neoforge-1.21.1_1.61.0.jar
[2026, 9, 28, 9, 43, 2] ;;; release; undead_expanded-neoforge-1.21.2_1.61.0.jar
[2026, 9, 28, 9, 43, 2] ;;; release; undead_expanded-neoforge-1.21.4_1.61.0.jar
[2026, 9, 28, 9, 43, 2] ;;; release; undead_expanded-neoforge-1.21.5_1.61.0.jar
[2026, 9, 28, 9, 43, 2] ;;; release; undead_expanded-neoforge-1.21.8_1.61.0.jar
[2026, 9, 28, 9, 43, 2] ;;; release; undead_expanded-neoforge-26.1_1.61.0.jar
[2026, 9, 28, 9, 43, 2] ;;; release; undead_expanded-neoforge-26.2_1.61.0.jar
[2026, 9, 28, 9, 43, 2] ;;; release; undead_expanded-neoforge-26.3_1.61.0.jar
[2026, 9, 28, 9, 53, 3] ;;; release; Nothing to release.
[2026, 9, 28, 10, 3, 4] ;;; release; Nothing to release.
[2026, 9, 28, 10, 13, 6] ;;; release; Nothing to release.
[2026, 9, 28, 10, 23, 7] ;;; release; Nothing to release.
[2026, 9, 28, 10, 33, 8] ;;; release; Nothing to release.
[2026, 9, 28, 10, 43, 9] ;;; release; Nothing to release.
[2026, 9, 28, 10, 53, 12] ;;; release; Nothing to release.
[2026, 9, 28, 11, 3, 14] ;;; release; Nothing to release.
[2026, 9, 28, 11, 13, 15] ;;; release; Nothing to release.
[2026, 9, 28, 11, 23, 16] ;;; release; Nothing to release.
[2026, 9, 28, 11, 33, 17] ;;; release; Nothing to release.
[2026, 9, 28, 11, 43, 18] ;;; release; Nothing to release.
[2026, 9, 28, 11, 53, 20] ;;; release; Nothing to release.
[2026, 9, 28, 12, 3, 22] ;;; release; Nothing to release.
[2026, 9, 28, 12, 13, 23] ;;; release; Nothing to release.
[2026, 9, 28, 12, 23, 27] ;;; release; Nothing to release.
[2026, 9, 28, 12, 33, 31] ;;; release; Nothing to release.
[2026, 9, 28, 12, 43, 32] ;;; release; Nothing to release.
[2026, 9, 28, 12, 53, 33] ;;; release; Nothing to release.
[2026, 9, 28, 13, 3, 34] ;;; release; Nothing to release.
[2026, 9, 28, 13, 13, 35] ;;; release; Nothing to release.
[2026, 9, 28, 13, 23, 36] ;;; release; Nothing to release.
[2026, 9, 28, 13, 33, 37] ;;; release; Nothing to release.
[2026, 9, 28, 13, 43, 39] ;;; release; Nothing to release.
[2026, 9, 28, 13, 53, 40] ;;; release; Nothing to release.
[2026, 9, 28, 14, 3, 41] ;;; release; Nothing to release.
[2026, 9, 28, 14, 13, 42] ;;; release; Nothing to release.
[2026, 9, 28, 14, 23, 43] ;;; release; Nothing to release.
[2026, 9, 28, 14, 33, 44] ;;; release; Nothing to release.
[2026, 9, 28, 14, 43, 45] ;;; release; Nothing to release.
[2026, 9, 28, 14, 53, 46] ;;; release; Nothing to release.
[2026, 9, 28, 15, 3, 47] ;;; release; Nothing to release.
[2026, 9, 28, 15, 13, 48] ;;; release; Nothing to release.
[2026, 9, 28, 15, 23, 49] ;;; release; Nothing to release.
[2026, 9, 28, 15, 33, 51] ;;; release; Nothing to release.
[2026, 9, 28, 15, 43, 52] ;;; release; Nothing to release.
[2026, 9, 28, 15, 53, 54] ;;; release; Nothing to release.
[2026, 9, 28, 16, 3, 55] ;;; release; Nothing to release.
[2026, 9, 28, 16, 13, 56] ;;; release; Nothing to release.
[2026, 9, 28, 16, 23, 57] ;;; release; Nothing to release.
[2026, 9, 28, 16, 33, 58] ;;; release; Nothing to release.
[2026, 9, 28, 16, 44, 0] ;;; release; Nothing to release.
[2026, 9, 28, 16, 54, 1] ;;; release; Nothing to release.
[2026, 9, 28, 17, 4, 2] ;;; release; Nothing to release.
[2026, 9, 28, 17, 14, 3] ;;; release; Nothing to release.
[2026, 9, 28, 17, 24, 4] ;;; release; Nothing to release.
[2026, 9, 28, 17, 34, 6] ;;; release; Nothing to release.
[2026, 9, 28, 17, 44, 9] ;;; release; Nothing to release.
[2026, 9, 28, 17, 54, 10] ;;; release; Nothing to release.
[2026, 9, 28, 18, 4, 11] ;;; release; Nothing to release.
[2026, 9, 28, 18, 14, 12] ;;; release; Nothing to release.
[2026, 9, 28, 18, 24, 14] ;;; release; Nothing to release.
[2026, 9, 28, 18, 34, 16] ;;; release; Nothing to release.
[2026, 9, 28, 18, 44, 17] ;;; release; Nothing to release.
[2026, 9, 28, 18, 54, 18] ;;; release; Nothing to release.
[2026, 9, 28, 19, 4, 19] ;;; release; Nothing to release.
[2026, 9, 28, 19, 14, 20] ;;; release; Nothing to release.
[2026, 9, 28, 19, 24, 21] ;;; release; Nothing to release.
[2026, 9, 28, 19, 34, 22] ;;; release; Nothing to release.
[2026, 9, 28, 19, 44, 23] ;;; release; Nothing to release.
[2026, 9, 28, 19, 54, 24] ;;; release; Nothing to release.
[2026, 9, 28, 20, 4, 25] ;;; release; Nothing to release.
[2026, 9, 28, 20, 14, 26] ;;; release; Nothing to release.
[2026, 9, 28, 20, 24, 27] ;;; release; Nothing to release.
[2026, 9, 28, 20, 34, 28] ;;; release; Nothing to release.
[2026, 9, 28, 20, 44, 29] ;;; release; Nothing to release.
[2026, 9, 28, 20, 54, 30] ;;; release; Nothing to release.
[2026, 9, 28, 21, 4, 31] ;;; release; Nothing to release.
[2026, 9, 28, 21, 14, 34] ;;; release; Nothing to release.
[2026, 9, 28, 21, 24, 38] ;;; release; Nothing to release.
[2026, 9, 28, 21, 34, 41] ;;; release; Nothing to release.
[2026, 9, 28, 21, 44, 42] ;;; release; Nothing to release.
[2026, 9, 28, 21, 54, 43] ;;; release; Nothing to release.
[2026, 9, 28, 22, 4, 44] ;;; release; Nothing to release.
[2026, 9, 28, 22, 14, 45] ;;; release; Nothing to release.
[2026, 9, 28, 22, 24, 46] ;;; release; Nothing to release.
[2026, 9, 28, 22, 34, 49] ;;; release; Nothing to release.
[2026, 9, 28, 22, 44, 50] ;;; release; Nothing to release.
[2026, 9, 28, 22, 54, 51] ;;; release; Nothing to release.
[2026, 9, 28, 23, 4, 52] ;;; release; Nothing to release.
[2026, 9, 28, 23, 14, 53] ;;; release; Nothing to release.
[2026, 9, 28, 23, 24, 54] ;;; release; Nothing to release.
[2026, 9, 28, 23, 34, 55] ;;; release; Nothing to release.
[2026, 9, 28, 23, 44, 56] ;;; release; Nothing to release.
[2026, 9, 28, 23, 54, 57] ;;; release; Nothing to release.