
[2026, 9, 25, 12, 56, 30] ;;; release; Releasing new mod version!
[2026, 9, 25, 13, 31, 21] ;;; release; block_decay-fabric-1.21.10_1.59.0.jar
[2026, 9, 25, 13, 31, 21] ;;; release; block_decay-fabric-1.21.11_1.59.0.jar
[2026, 9, 25, 13, 31, 21] ;;; release; block_decay-fabric-1.21.8_1.59.0.jar
[2026, 9, 25, 13, 31, 21] ;;; release; block_decay-fabric-1.21.9_1.59.0.jar
[2026, 9, 25, 13, 31, 21] ;;; release; block_decay-fabric-26.1_1.59.0.jar
[2026, 9, 25, 13, 31, 21] ;;; release; block_decay-fabric-26.2_1.59.0.jar
[2026, 9, 25, 13, 31, 21] ;;; release; block_decay-fabric-26.3_1.59.0.jar
[2026, 9, 25, 13, 31, 21] ;;; release; block_decay-forge-1.19.4_1.59.0.jar
[2026, 9, 25, 13, 31, 21] ;;; release; block_decay-forge-1.20.1_1.59.0.jar
[2026, 9, 25, 13, 31, 21] ;;; release; block_decay-neoforge-1.20.4_1.59.0.jar
[2026, 9, 25, 13, 31, 21] ;;; release; block_decay-neoforge-1.20.6_1.59.0.jar
[2026, 9, 25, 13, 31, 21] ;;; release; block_decay-neoforge-1.21.10_1.59.0.jar
[2026, 9, 25, 13, 31, 21] ;;; release; block_decay-neoforge-1.21.11_1.59.0.jar
[2026, 9, 25, 13, 31, 21] ;;; release; block_decay-neoforge-1.21.1_1.59.0.jar
[2026, 9, 25, 13, 31, 21] ;;; release; block_decay-neoforge-1.21.2_1.59.0.jar
[2026, 9, 25, 13, 31, 21] ;;; release; block_decay-neoforge-1.21.4_1.59.0.jar
[2026, 9, 25, 13, 31, 21] ;;; release; block_decay-neoforge-1.21.5_1.59.0.jar
[2026, 9, 25, 13, 31, 21] ;;; release; block_decay-neoforge-1.21.8_1.59.0.jar
[2026, 9, 25, 13, 31, 21] ;;; release; block_decay-neoforge-1.21.9_1.59.0.jar
[2026, 9, 25, 13, 31, 21] ;;; release; block_decay-neoforge-1.21_1.59.0.jar
[2026, 9, 25, 13, 31, 21] ;;; release; block_decay-neoforge-26.1_1.59.0.jar
[2026, 9, 25, 13, 31, 21] ;;; release; block_decay-neoforge-26.2_1.59.0.jar
[2026, 9, 25, 13, 31, 21] ;;; release; block_decay-neoforge-26.3_1.59.0.jar
[2026, 9, 25, 13, 31, 21] ;;; release; desire_paths-fabric-1.21.8_1.59.0.jar
[2026, 9, 25, 13, 31, 21] ;;; release; desire_paths-fabric-1.21.9_1.59.0.jar
[2026, 9, 25, 13, 31, 21] ;;; release; desire_paths-fabric-26.1_1.59.0.jar
[2026, 9, 25, 13, 31, 21] ;;; release; desire_paths-fabric-26.2_1.59.0.jar
[2026, 9, 25, 13, 31, 21] ;;; release; desire_paths-fabric-26.3_1.59.0.jar
[2026, 9, 25, 13, 31, 21] ;;; release; desire_paths-forge-1.19.4_1.59.0.jar
[2026, 9, 25, 13, 31, 21] ;;; release; desire_paths-forge-1.20.1_1.59.0.jar
[2026, 9, 25, 13, 31, 21] ;;; release; desire_paths-neoforge-1.20.4_1.59.0.jar
[2026, 9, 25, 13, 31, 21] ;;; release; desire_paths-neoforge-1.20.6_1.59.0.jar
[2026, 9, 25, 13, 31, 21] ;;; release; desire_paths-neoforge-1.21.1_1.59.0.jar
[2026, 9, 25, 13, 31, 21] ;;; release; desire_paths-neoforge-1.21.2_1.59.0.jar
[2026, 9, 25, 13, 31, 21] ;;; release; desire_paths-neoforge-1.21.4_1.59.0.jar
[2026, 9, 25, 13, 31, 21] ;;; release; desire_paths-neoforge-1.21.5_1.59.0.jar
[2026, 9, 25, 13, 31, 21] ;;; release; desire_paths-neoforge-1.21.8_1.59.0.jar
[2026, 9, 25, 13, 31, 21] ;;; release; desire_paths-neoforge-26.1_1.59.0.jar
[2026, 9, 25, 13, 31, 21] ;;; release; desire_paths-neoforge-26.2_1.59.0.jar
[2026, 9, 25, 13, 31, 21] ;;; release; desire_paths-neoforge-26.3_1.59.0.jar
[2026, 9, 25, 13, 31, 21] ;;; release; dynamic_dirt-fabric-1.21.8_1.59.0.jar
[2026, 9, 25, 13, 31, 21] ;;; release; dynamic_dirt-fabric-1.21.9_1.59.0.jar
[2026, 9, 25, 13, 31, 21] ;;; release; dynamic_dirt-fabric-26.1_1.59.0.jar
[2026, 9, 25, 13, 31, 21] ;;; release; dynamic_dirt-fabric-26.2_1.59.0.jar
[2026, 9, 25, 13, 31, 21] ;;; release; dynamic_dirt-fabric-26.3_1.59.0.jar
[2026, 9, 25, 13, 31, 21] ;;; release; dynamic_dirt-forge-1.19.4_1.59.0.jar
[2026, 9, 25, 13, 31, 21] ;;; release; dynamic_dirt-forge-1.20.1_1.59.0.jar
[2026, 9, 25, 13, 31, 21] ;;; release; dynamic_dirt-neoforge-1.20.4_1.59.0.jar
[2026, 9, 25, 13, 31, 21] ;;; release; dynamic_dirt-neoforge-1.20.6_1.59.0.jar
[2026, 9, 25, 13, 31, 21] ;;; release; dynamic_dirt-neoforge-1.21.1_1.59.0.jar
[2026, 9, 25, 13, 31, 21] ;;; release; dynamic_dirt-neoforge-1.21.2_1.59.0.jar
[2026, 9, 25, 13, 31, 21] ;;; release; dynamic_dirt-neoforge-1.21.4_1.59.0.jar
[2026, 9, 25, 13, 31, 21] ;;; release; dynamic_dirt-neoforge-1.21.5_1.59.0.jar
[2026, 9, 25, 13, 31, 21] ;;; release; dynamic_dirt-neoforge-1.21.8_1.59.0.jar
[2026, 9, 25, 13, 31, 21] ;;; release; dynamic_dirt-neoforge-26.1_1.59.0.jar
[2026, 9, 25, 13, 31, 21] ;;; release; dynamic_dirt-neoforge-26.2_1.59.0.jar
[2026, 9, 25, 13, 31, 21] ;;; release; dynamic_dirt-neoforge-26.3_1.59.0.jar
[2026, 9, 25, 13, 31, 21] ;;; release; dynamic_ecosystems-fabric-1.21.8_1.59.0.jar
[2026, 9, 25, 13, 31, 21] ;;; release; dynamic_ecosystems-fabric-1.21.9_1.59.0.jar
[2026, 9, 25, 13, 31, 21] ;;; release; dynamic_ecosystems-fabric-26.1_1.59.0.jar
[2026, 9, 25, 13, 31, 21] ;;; release; dynamic_ecosystems-fabric-26.2_1.59.0.jar
[2026, 9, 25, 13, 31, 21] ;;; release; dynamic_ecosystems-fabric-26.3_1.59.0.jar
[2026, 9, 25, 13, 31, 21] ;;; release; dynamic_ecosystems-forge-1.19.4_1.59.0.jar
[2026, 9, 25, 13, 31, 21] ;;; release; dynamic_ecosystems-forge-1.20.1_1.59.0.jar
[2026, 9, 25, 13, 31, 21] ;;; release; dynamic_ecosystems-neoforge-1.20.4_1.59.0.jar
[2026, 9, 25, 13, 31, 21] ;;; release; dynamic_ecosystems-neoforge-1.20.6_1.59.0.jar
[2026, 9, 25, 13, 31, 21] ;;; release; dynamic_ecosystems-neoforge-1.21.1_1.59.0.jar
[2026, 9, 25, 13, 31, 21] ;;; release; dynamic_ecosystems-neoforge-1.21.2_1.59.0.jar
[2026, 9, 25, 13, 31, 21] ;;; release; dynamic_ecosystems-neoforge-1.21.4_1.59.0.jar
[2026, 9, 25, 13, 31, 21] ;;; release; dynamic_ecosystems-neoforge-1.21.5_1.59.0.jar
[2026, 9, 25, 13, 31, 21] ;;; release; dynamic_ecosystems-neoforge-1.21.8_1.59.0.jar
[2026, 9, 25, 13, 31, 21] ;;; release; dynamic_ecosystems-neoforge-26.1_1.59.0.jar
[2026, 9, 25, 13, 31, 21] ;;; release; dynamic_ecosystems-neoforge-26.2_1.59.0.jar
[2026, 9, 25, 13, 31, 21] ;;; release; dynamic_ecosystems-neoforge-26.3_1.59.0.jar
[2026, 9, 25, 13, 31, 21] ;;; release; dynamic_monsters-fabric-1.21.8_1.59.0.jar
[2026, 9, 25, 13, 31, 21] ;;; release; dynamic_monsters-fabric-1.21.9_1.59.0.jar
[2026, 9, 25, 13, 31, 21] ;;; release; dynamic_monsters-fabric-26.1_1.59.0.jar
[2026, 9, 25, 13, 31, 21] ;;; release; dynamic_monsters-fabric-26.2_1.59.0.jar
[2026, 9, 25, 13, 31, 21] ;;; release; dynamic_monsters-fabric-26.3_1.59.0.jar
[2026, 9, 25, 13, 31, 21] ;;; release; dynamic_monsters-forge-1.19.4_1.59.0.jar
[2026, 9, 25, 13, 31, 21] ;;; release; dynamic_monsters-forge-1.20.1_1.59.0.jar
[2026, 9, 25, 13, 31, 21] ;;; release; dynamic_monsters-neoforge-1.20.4_1.59.0.jar
[2026, 9, 25, 13, 31, 21] ;;; release; dynamic_monsters-neoforge-1.20.6_1.59.0.jar
[2026, 9, 25, 13, 31, 21] ;;; release; dynamic_monsters-neoforge-1.21.1_1.59.0.jar
[2026, 9, 25, 13, 31, 21] ;;; release; dynamic_monsters-neoforge-1.21.2_1.59.0.jar
[2026, 9, 25, 13, 31, 21] ;;; release; dynamic_monsters-neoforge-1.21.4_1.59.0.jar
[2026, 9, 25, 13, 31, 21] ;;; release; dynamic_monsters-neoforge-1.21.5_1.59.0.jar
[2026, 9, 25, 13, 31, 21] ;;; release; dynamic_monsters-neoforge-1.21.8_1.59.0.jar
[2026, 9, 25, 13, 31, 21] ;;; release; dynamic_monsters-neoforge-26.1_1.59.0.jar
[2026, 9, 25, 13, 31, 21] ;;; release; dynamic_monsters-neoforge-26.2_1.59.0.jar
[2026, 9, 25, 13, 31, 21] ;;; release; dynamic_monsters-neoforge-26.3_1.59.0.jar
[2026, 9, 25, 13, 31, 21] ;;; release; enhanced_survival-fabric-1.21.8_1.59.0.jar
[2026, 9, 25, 13, 31, 21] ;;; release; enhanced_survival-fabric-1.21.9_1.59.0.jar
[2026, 9, 25, 13, 31, 21] ;;; release; enhanced_survival-fabric-26.1_1.59.0.jar
[2026, 9, 25, 13, 31, 21] ;;; release; enhanced_survival-fabric-26.2_1.59.0.jar
[2026, 9, 25, 13, 31, 21] ;;; release; enhanced_survival-fabric-26.3_1.59.0.jar
[2026, 9, 25, 13, 31, 21] ;;; release; enhanced_survival-forge-1.19.4_1.59.0.jar
[2026, 9, 25, 13, 31, 21] ;;; release; enhanced_survival-forge-1.20.1_1.59.0.jar
[2026, 9, 25, 13, 31, 21] ;;; release; enhanced_survival-neoforge-1.20.4_1.59.0.jar
[2026, 9, 25, 13, 31, 21] ;;; release; enhanced_survival-neoforge-1.20.6_1.59.0.jar
[2026, 9, 25, 13, 31, 21] ;;; release; enhanced_survival-neoforge-1.21.1_1.59.0.jar
[2026, 9, 25, 13, 31, 21] ;;; release; enhanced_survival-neoforge-1.21.2_1.59.0.jar
[2026, 9, 25, 13, 31, 21] ;;; release; enhanced_survival-neoforge-1.21.4_1.59.0.jar
[2026, 9, 25, 13, 31, 21] ;;; release; enhanced_survival-neoforge-1.21.5_1.59.0.jar
[2026, 9, 25, 13, 31, 21] ;;; release; enhanced_survival-neoforge-1.21.8_1.59.0.jar
[2026, 9, 25, 13, 31, 21] ;;; release; enhanced_survival-neoforge-26.1_1.59.0.jar
[2026, 9, 25, 13, 31, 21] ;;; release; enhanced_survival-neoforge-26.2_1.59.0.jar
[2026, 9, 25, 13, 31, 21] ;;; release; enhanced_survival-neoforge-26.3_1.59.0.jar
[2026, 9, 25, 13, 31, 21] ;;; release; ghosts_and_ghouls-fabric-1.21.8_1.59.0.jar
[2026, 9, 25, 13, 31, 21] ;;; release; ghosts_and_ghouls-fabric-1.21.9_1.59.0.jar
[2026, 9, 25, 13, 31, 21] ;;; release; ghosts_and_ghouls-fabric-26.1_1.59.0.jar
[2026, 9, 25, 13, 31, 21] ;;; release; ghosts_and_ghouls-fabric-26.2_1.59.0.jar
[2026, 9, 25, 13, 31, 21] ;;; release; ghosts_and_ghouls-fabric-26.3_1.59.0.jar
[2026, 9, 25, 13, 31, 21] ;;; release; ghosts_and_ghouls-forge-1.19.4_1.59.0.jar
[2026, 9, 25, 13, 31, 21] ;;; release; ghosts_and_ghouls-forge-1.20.1_1.59.0.jar
[2026, 9, 25, 13, 31, 21] ;;; release; ghosts_and_ghouls-neoforge-1.20.4_1.59.0.jar
[2026, 9, 25, 13, 31, 21] ;;; release; ghosts_and_ghouls-neoforge-1.20.6_1.59.0.jar
[2026, 9, 25, 13, 31, 21] ;;; release; ghosts_and_ghouls-neoforge-1.21.1_1.59.0.jar
[2026, 9, 25, 13, 31, 21] ;;; release; ghosts_and_ghouls-neoforge-1.21.2_1.59.0.jar
[2026, 9, 25, 13, 31, 21] ;;; release; ghosts_and_ghouls-neoforge-1.21.4_1.59.0.jar
[2026, 9, 25, 13, 31, 21] ;;; release; ghosts_and_ghouls-neoforge-1.21.5_1.59.0.jar
[2026, 9, 25, 13, 31, 21] ;;; release; ghosts_and_ghouls-neoforge-1.21.8_1.59.0.jar
[2026, 9, 25, 13, 31, 21] ;;; release; ghosts_and_ghouls-neoforge-26.1_1.59.0.jar
[2026, 9, 25, 13, 31, 21] ;;; release; ghosts_and_ghouls-neoforge-26.2_1.59.0.jar
[2026, 9, 25, 13, 31, 21] ;;; release; ghosts_and_ghouls-neoforge-26.3_1.59.0.jar
[2026, 9, 25, 13, 31, 21] ;;; release; gothic_horror-fabric-1.21.8_1.59.0.jar
[2026, 9, 25, 13, 31, 21] ;;; release; gothic_horror-fabric-1.21.9_1.59.0.jar
[2026, 9, 25, 13, 31, 21] ;;; release; gothic_horror-fabric-26.1_1.59.0.jar
[2026, 9, 25, 13, 31, 21] ;;; release; gothic_horror-fabric-26.2_1.59.0.jar
[2026, 9, 25, 13, 31, 21] ;;; release; gothic_horror-fabric-26.3_1.59.0.jar
[2026, 9, 25, 13, 31, 21] ;;; release; gothic_horror-forge-1.19.4_1.59.0.jar
[2026, 9, 25, 13, 31, 21] ;;; release; gothic_horror-forge-1.20.1_1.59.0.jar
[2026, 9, 25, 13, 31, 21] ;;; release; gothic_horror-neoforge-1.20.4_1.59.0.jar
[2026, 9, 25, 13, 31, 21] ;;; release; gothic_horror-neoforge-1.20.6_1.59.0.jar
[2026, 9, 25, 13, 31, 21] ;;; release; gothic_horror-neoforge-1.21.1_1.59.0.jar
[2026, 9, 25, 13, 31, 21] ;;; release; gothic_horror-neoforge-1.21.2_1.59.0.jar
[2026, 9, 25, 13, 31, 21] ;;; release; gothic_horror-neoforge-1.21.4_1.59.0.jar
[2026, 9, 25, 13, 31, 21] ;;; release; gothic_horror-neoforge-1.21.5_1.59.0.jar
[2026, 9, 25, 13, 31, 21] ;;; release; gothic_horror-neoforge-1.21.8_1.59.0.jar
[2026, 9, 25, 13, 31, 21] ;;; release; gothic_horror-neoforge-26.1_1.59.0.jar
[2026, 9, 25, 13, 31, 21] ;;; release; gothic_horror-neoforge-26.2_1.59.0.jar
[2026, 9, 25, 13, 31, 21] ;;; release; gothic_horror-neoforge-26.3_1.59.0.jar
[2026, 9, 25, 13, 31, 21] ;;; release; gstools-fabric-1.21.8_1.59.0.jar
[2026, 9, 25, 13, 31, 21] ;;; release; gstools-fabric-1.21.9_1.59.0.jar
[2026, 9, 25, 13, 31, 21] ;;; release; gstools-fabric-26.1_1.59.0.jar
[2026, 9, 25, 13, 31, 21] ;;; release; gstools-fabric-26.2_1.59.0.jar
[2026, 9, 25, 13, 31, 21] ;;; release; gstools-fabric-26.3_1.59.0.jar
[2026, 9, 25, 13, 31, 21] ;;; release; gstools-forge-1.19.4_1.59.0.jar
[2026, 9, 25, 13, 31, 21] ;;; release; gstools-forge-1.20.1_1.59.0.jar
[2026, 9, 25, 13, 31, 21] ;;; release; gstools-neoforge-1.20.4_1.59.0.jar
[2026, 9, 25, 13, 31, 21] ;;; release; gstools-neoforge-1.20.6_1.59.0.jar
[2026, 9, 25, 13, 31, 21] ;;; release; gstools-neoforge-1.21.1_1.59.0.jar
[2026, 9, 25, 13, 31, 21] ;;; release; gstools-neoforge-1.21.2_1.59.0.jar
[2026, 9, 25, 13, 31, 21] ;;; release; gstools-neoforge-1.21.4_1.59.0.jar
[2026, 9, 25, 13, 31, 21] ;;; release; gstools-neoforge-1.21.5_1.59.0.jar
[2026, 9, 25, 13, 31, 21] ;;; release; gstools-neoforge-1.21.8_1.59.0.jar
[2026, 9, 25, 13, 31, 21] ;;; release; gstools-neoforge-26.1_1.59.0.jar
[2026, 9, 25, 13, 31, 21] ;;; release; gstools-neoforge-26.2_1.59.0.jar
[2026, 9, 25, 13, 31, 21] ;;; release; gstools-neoforge-26.3_1.59.0.jar
[2026, 9, 25, 13, 31, 21] ;;; release; life_and_death-fabric-1.21.8_1.59.0.jar
[2026, 9, 25, 13, 31, 21] ;;; release; life_and_death-fabric-1.21.9_1.59.0.jar
[2026, 9, 25, 13, 31, 21] ;;; release; life_and_death-fabric-26.1_1.59.0.jar
[2026, 9, 25, 13, 31, 21] ;;; release; life_and_death-fabric-26.2_1.59.0.jar
[2026, 9, 25, 13, 31, 21] ;;; release; life_and_death-fabric-26.3_1.59.0.jar
[2026, 9, 25, 13, 31, 21] ;;; release; life_and_death-forge-1.19.4_1.59.0.jar
[2026, 9, 25, 13, 31, 21] ;;; release; life_and_death-forge-1.20.1_1.59.0.jar
[2026, 9, 25, 13, 31, 21] ;;; release; life_and_death-neoforge-1.20.4_1.59.0.jar
[2026, 9, 25, 13, 31, 21] ;;; release; life_and_death-neoforge-1.20.6_1.59.0.jar
[2026, 9, 25, 13, 31, 21] ;;; release; life_and_death-neoforge-1.21.1_1.59.0.jar
[2026, 9, 25, 13, 31, 21] ;;; release; life_and_death-neoforge-1.21.2_1.59.0.jar
[2026, 9, 25, 13, 31, 21] ;;; release; life_and_death-neoforge-1.21.4_1.59.0.jar
[2026, 9, 25, 13, 31, 21] ;;; release; life_and_death-neoforge-1.21.5_1.59.0.jar
[2026, 9, 25, 13, 31, 21] ;;; release; life_and_death-neoforge-1.21.8_1.59.0.jar
[2026, 9, 25, 13, 31, 21] ;;; release; life_and_death-neoforge-26.1_1.59.0.jar
[2026, 9, 25, 13, 31, 21] ;;; release; life_and_death-neoforge-26.2_1.59.0.jar
[2026, 9, 25, 13, 31, 21] ;;; release; life_and_death-neoforge-26.3_1.59.0.jar
[2026, 9, 25, 13, 31, 21] ;;; release; undead_expanded-fabric-1.21.8_1.59.0.jar
[2026, 9, 25, 13, 31, 21] ;;; release; undead_expanded-fabric-1.21.9_1.59.0.jar
[2026, 9, 25, 13, 31, 21] ;;; release; undead_expanded-fabric-26.1_1.59.0.jar
[2026, 9, 25, 13, 31, 21] ;;; release; undead_expanded-fabric-26.2_1.59.0.jar
[2026, 9, 25, 13, 31, 21] ;;; release; undead_expanded-fabric-26.3_1.59.0.jar
[2026, 9, 25, 13, 31, 21] ;;; release; undead_expanded-forge-1.19.4_1.59.0.jar
[2026, 9, 25, 13, 31, 21] ;;; release; undead_expanded-forge-1.20.1_1.59.0.jar
[2026, 9, 25, 13, 31, 21] ;;; release; undead_expanded-neoforge-1.20.4_1.59.0.jar
[2026, 9, 25, 13, 31, 21] ;;; release; undead_expanded-neoforge-1.20.6_1.59.0.jar
[2026, 9, 25, 13, 31, 21] ;;; release; undead_expanded-neoforge-1.21.1_1.59.0.jar
[2026, 9, 25, 13, 31, 21] ;;; release; undead_expanded-neoforge-1.21.2_1.59.0.jar
[2026, 9, 25, 13, 31, 21] ;;; release; undead_expanded-neoforge-1.21.4_1.59.0.jar
[2026, 9, 25, 13, 31, 21] ;;; release; undead_expanded-neoforge-1.21.5_1.59.0.jar
[2026, 9, 25, 13, 31, 21] ;;; release; undead_expanded-neoforge-1.21.8_1.59.0.jar
[2026, 9, 25, 13, 31, 21] ;;; release; undead_expanded-neoforge-26.1_1.59.0.jar
[2026, 9, 25, 13, 31, 21] ;;; release; undead_expanded-neoforge-26.2_1.59.0.jar
[2026, 9, 25, 13, 31, 21] ;;; release; undead_expanded-neoforge-26.3_1.59.0.jar
[2026, 9, 25, 13, 31, 21] ;;; release; block_decay-fabric-1.21.10_1.59.0.jar
[2026, 9, 25, 13, 31, 21] ;;; release; block_decay-fabric-1.21.11_1.59.0.jar
[2026, 9, 25, 13, 31, 21] ;;; release; block_decay-fabric-1.21.8_1.59.0.jar
[2026, 9, 25, 13, 31, 21] ;;; release; block_decay-fabric-1.21.9_1.59.0.jar
[2026, 9, 25, 13, 31, 21] ;;; release; block_decay-fabric-26.1_1.59.0.jar
[2026, 9, 25, 13, 31, 21] ;;; release; block_decay-fabric-26.2_1.59.0.jar
[2026, 9, 25, 13, 31, 21] ;;; release; block_decay-fabric-26.3_1.59.0.jar
[2026, 9, 25, 13, 31, 21] ;;; release; block_decay-forge-1.19.4_1.59.0.jar
[2026, 9, 25, 13, 31, 21] ;;; release; block_decay-forge-1.20.1_1.59.0.jar
[2026, 9, 25, 13, 31, 21] ;;; release; block_decay-neoforge-1.20.4_1.59.0.jar
[2026, 9, 25, 13, 31, 21] ;;; release; block_decay-neoforge-1.20.6_1.59.0.jar
[2026, 9, 25, 13, 31, 21] ;;; release; block_decay-neoforge-1.21.10_1.59.0.jar
[2026, 9, 25, 13, 31, 21] ;;; release; block_decay-neoforge-1.21.11_1.59.0.jar
[2026, 9, 25, 13, 31, 21] ;;; release; block_decay-neoforge-1.21.1_1.59.0.jar
[2026, 9, 25, 13, 31, 21] ;;; release; block_decay-neoforge-1.21.2_1.59.0.jar
[2026, 9, 25, 13, 31, 21] ;;; release; block_decay-neoforge-1.21.4_1.59.0.jar
[2026, 9, 25, 13, 31, 21] ;;; release; block_decay-neoforge-1.21.5_1.59.0.jar
[2026, 9, 25, 13, 31, 21] ;;; release; block_decay-neoforge-1.21.8_1.59.0.jar
[2026, 9, 25, 13, 31, 21] ;;; release; block_decay-neoforge-1.21.9_1.59.0.jar
[2026, 9, 25, 13, 31, 21] ;;; release; block_decay-neoforge-1.21_1.59.0.jar
[2026, 9, 25, 13, 31, 21] ;;; release; block_decay-neoforge-26.1_1.59.0.jar
[2026, 9, 25, 13, 31, 21] ;;; release; block_decay-neoforge-26.2_1.59.0.jar
[2026, 9, 25, 13, 31, 21] ;;; release; block_decay-neoforge-26.3_1.59.0.jar
[2026, 9, 25, 13, 31, 21] ;;; release; desire_paths-fabric-1.21.8_1.59.0.jar
[2026, 9, 25, 13, 31, 21] ;;; release; desire_paths-fabric-1.21.9_1.59.0.jar
[2026, 9, 25, 13, 31, 21] ;;; release; desire_paths-fabric-26.1_1.59.0.jar
[2026, 9, 25, 13, 31, 21] ;;; release; desire_paths-fabric-26.2_1.59.0.jar
[2026, 9, 25, 13, 31, 21] ;;; release; desire_paths-fabric-26.3_1.59.0.jar
[2026, 9, 25, 13, 31, 21] ;;; release; desire_paths-forge-1.19.4_1.59.0.jar
[2026, 9, 25, 13, 31, 21] ;;; release; desire_paths-forge-1.20.1_1.59.0.jar
[2026, 9, 25, 13, 31, 21] ;;; release; desire_paths-neoforge-1.20.4_1.59.0.jar
[2026, 9, 25, 13, 31, 21] ;;; release; desire_paths-neoforge-1.20.6_1.59.0.jar
[2026, 9, 25, 13, 31, 21] ;;; release; desire_paths-neoforge-1.21.1_1.59.0.jar
[2026, 9, 25, 13, 31, 21] ;;; release; desire_paths-neoforge-1.21.2_1.59.0.jar
[2026, 9, 25, 13, 31, 21] ;;; release; desire_paths-neoforge-1.21.4_1.59.0.jar
[2026, 9, 25, 13, 31, 21] ;;; release; desire_paths-neoforge-1.21.5_1.59.0.jar
[2026, 9, 25, 13, 31, 21] ;;; release; desire_paths-neoforge-1.21.8_1.59.0.jar
[2026, 9, 25, 13, 31, 21] ;;; release; desire_paths-neoforge-26.1_1.59.0.jar
[2026, 9, 25, 13, 31, 21] ;;; release; desire_paths-neoforge-26.2_1.59.0.jar
[2026, 9, 25, 13, 31, 21] ;;; release; desire_paths-neoforge-26.3_1.59.0.jar
[2026, 9, 25, 13, 31, 21] ;;; release; dynamic_dirt-fabric-1.21.8_1.59.0.jar
[2026, 9, 25, 13, 31, 21] ;;; release; dynamic_dirt-fabric-1.21.9_1.59.0.jar
[2026, 9, 25, 13, 31, 21] ;;; release; dynamic_dirt-fabric-26.1_1.59.0.jar
[2026, 9, 25, 13, 31, 21] ;;; release; dynamic_dirt-fabric-26.2_1.59.0.jar
[2026, 9, 25, 13, 31, 21] ;;; release; dynamic_dirt-fabric-26.3_1.59.0.jar
[2026, 9, 25, 13, 31, 21] ;;; release; dynamic_dirt-forge-1.19.4_1.59.0.jar
[2026, 9, 25, 13, 31, 21] ;;; release; dynamic_dirt-forge-1.20.1_1.59.0.jar
[2026, 9, 25, 13, 31, 21] ;;; release; dynamic_dirt-neoforge-1.20.4_1.59.0.jar
[2026, 9, 25, 13, 31, 21] ;;; release; dynamic_dirt-neoforge-1.20.6_1.59.0.jar
[2026, 9, 25, 13, 31, 21] ;;; release; dynamic_dirt-neoforge-1.21.1_1.59.0.jar
[2026, 9, 25, 13, 31, 21] ;;; release; dynamic_dirt-neoforge-1.21.2_1.59.0.jar
[2026, 9, 25, 13, 31, 21] ;;; release; dynamic_dirt-neoforge-1.21.4_1.59.0.jar
[2026, 9, 25, 13, 31, 21] ;;; release; dynamic_dirt-neoforge-1.21.5_1.59.0.jar
[2026, 9, 25, 13, 31, 21] ;;; release; dynamic_dirt-neoforge-1.21.8_1.59.0.jar
[2026, 9, 25, 13, 31, 21] ;;; release; dynamic_dirt-neoforge-26.1_1.59.0.jar
[2026, 9, 25, 13, 31, 21] ;;; release; dynamic_dirt-neoforge-26.2_1.59.0.jar
[2026, 9, 25, 13, 31, 21] ;;; release; dynamic_dirt-neoforge-26.3_1.59.0.jar
[2026, 9, 25, 13, 31, 21] ;;; release; dynamic_ecosystems-fabric-1.21.8_1.59.0.jar
[2026, 9, 25, 13, 31, 21] ;;; release; dynamic_ecosystems-fabric-1.21.9_1.59.0.jar
[2026, 9, 25, 13, 31, 21] ;;; release; dynamic_ecosystems-fabric-26.1_1.59.0.jar
[2026, 9, 25, 13, 31, 21] ;;; release; dynamic_ecosystems-fabric-26.2_1.59.0.jar
[2026, 9, 25, 13, 31, 21] ;;; release; dynamic_ecosystems-fabric-26.3_1.59.0.jar
[2026, 9, 25, 13, 31, 21] ;;; release; dynamic_ecosystems-forge-1.19.4_1.59.0.jar
[2026, 9, 25, 13, 31, 21] ;;; release; dynamic_ecosystems-forge-1.20.1_1.59.0.jar
[2026, 9, 25, 13, 31, 21] ;;; release; dynamic_ecosystems-neoforge-1.20.4_1.59.0.jar
[2026, 9, 25, 13, 31, 21] ;;; release; dynamic_ecosystems-neoforge-1.20.6_1.59.0.jar
[2026, 9, 25, 13, 31, 21] ;;; release; dynamic_ecosystems-neoforge-1.21.1_1.59.0.jar
[2026, 9, 25, 13, 31, 21] ;;; release; dynamic_ecosystems-neoforge-1.21.2_1.59.0.jar
[2026, 9, 25, 13, 31, 21] ;;; release; dynamic_ecosystems-neoforge-1.21.4_1.59.0.jar
[2026, 9, 25, 13, 31, 21] ;;; release; dynamic_ecosystems-neoforge-1.21.5_1.59.0.jar
[2026, 9, 25, 13, 31, 21] ;;; release; dynamic_ecosystems-neoforge-1.21.8_1.59.0.jar
[2026, 9, 25, 13, 31, 21] ;;; release; dynamic_ecosystems-neoforge-26.1_1.59.0.jar
[2026, 9, 25, 13, 31, 21] ;;; release; dynamic_ecosystems-neoforge-26.2_1.59.0.jar
[2026, 9, 25, 13, 31, 21] ;;; release; dynamic_ecosystems-neoforge-26.3_1.59.0.jar
[2026, 9, 25, 13, 31, 21] ;;; release; dynamic_monsters-fabric-1.21.8_1.59.0.jar
[2026, 9, 25, 13, 31, 21] ;;; release; dynamic_monsters-fabric-1.21.9_1.59.0.jar
[2026, 9, 25, 13, 31, 21] ;;; release; dynamic_monsters-fabric-26.1_1.59.0.jar
[2026, 9, 25, 13, 31, 21] ;;; release; dynamic_monsters-fabric-26.2_1.59.0.jar
[2026, 9, 25, 13, 31, 21] ;;; release; dynamic_monsters-fabric-26.3_1.59.0.jar
[2026, 9, 25, 13, 31, 21] ;;; release; dynamic_monsters-forge-1.19.4_1.59.0.jar
[2026, 9, 25, 13, 31, 21] ;;; release; dynamic_monsters-forge-1.20.1_1.59.0.jar
[2026, 9, 25, 13, 31, 21] ;;; release; dynamic_monsters-neoforge-1.20.4_1.59.0.jar
[2026, 9, 25, 13, 31, 21] ;;; release; dynamic_monsters-neoforge-1.20.6_1.59.0.jar
[2026, 9, 25, 13, 31, 21] ;;; release; dynamic_monsters-neoforge-1.21.1_1.59.0.jar
[2026, 9, 25, 13, 31, 21] ;;; release; dynamic_monsters-neoforge-1.21.2_1.59.0.jar
[2026, 9, 25, 13, 31, 21] ;;; release; dynamic_monsters-neoforge-1.21.4_1.59.0.jar
[2026, 9, 25, 13, 31, 21] ;;; release; dynamic_monsters-neoforge-1.21.5_1.59.0.jar
[2026, 9, 25, 13, 31, 21] ;;; release; dynamic_monsters-neoforge-1.21.8_1.59.0.jar
[2026, 9, 25, 13, 31, 21] ;;; release; dynamic_monsters-neoforge-26.1_1.59.0.jar
[2026, 9, 25, 13, 31, 21] ;;; release; dynamic_monsters-neoforge-26.2_1.59.0.jar
[2026, 9, 25, 13, 31, 21] ;;; release; dynamic_monsters-neoforge-26.3_1.59.0.jar
[2026, 9, 25, 13, 31, 21] ;;; release; enhanced_survival-fabric-1.21.8_1.59.0.jar
[2026, 9, 25, 13, 31, 21] ;;; release; enhanced_survival-fabric-1.21.9_1.59.0.jar
[2026, 9, 25, 13, 31, 21] ;;; release; enhanced_survival-fabric-26.1_1.59.0.jar
[2026, 9, 25, 13, 31, 21] ;;; release; enhanced_survival-fabric-26.2_1.59.0.jar
[2026, 9, 25, 13, 31, 21] ;;; release; enhanced_survival-fabric-26.3_1.59.0.jar
[2026, 9, 25, 13, 31, 21] ;;; release; enhanced_survival-forge-1.19.4_1.59.0.jar
[2026, 9, 25, 13, 31, 21] ;;; release; enhanced_survival-forge-1.20.1_1.59.0.jar
[2026, 9, 25, 13, 31, 21] ;;; release; enhanced_survival-neoforge-1.20.4_1.59.0.jar
[2026, 9, 25, 13, 31, 21] ;;; release; enhanced_survival-neoforge-1.20.6_1.59.0.jar
[2026, 9, 25, 13, 31, 21] ;;; release; enhanced_survival-neoforge-1.21.1_1.59.0.jar
[2026, 9, 25, 13, 31, 21] ;;; release; enhanced_survival-neoforge-1.21.2_1.59.0.jar
[2026, 9, 25, 13, 31, 21] ;;; release; enhanced_survival-neoforge-1.21.4_1.59.0.jar
[2026, 9, 25, 13, 31, 21] ;;; release; enhanced_survival-neoforge-1.21.5_1.59.0.jar
[2026, 9, 25, 13, 31, 21] ;;; release; enhanced_survival-neoforge-1.21.8_1.59.0.jar
[2026, 9, 25, 13, 31, 21] ;;; release; enhanced_survival-neoforge-26.1_1.59.0.jar
[2026, 9, 25, 13, 31, 21] ;;; release; enhanced_survival-neoforge-26.2_1.59.0.jar
[2026, 9, 25, 13, 31, 21] ;;; release; enhanced_survival-neoforge-26.3_1.59.0.jar
[2026, 9, 25, 13, 31, 21] ;;; release; ghosts_and_ghouls-fabric-1.21.8_1.59.0.jar
[2026, 9, 25, 13, 31, 21] ;;; release; ghosts_and_ghouls-fabric-1.21.9_1.59.0.jar
[2026, 9, 25, 13, 31, 21] ;;; release; ghosts_and_ghouls-fabric-26.1_1.59.0.jar
[2026, 9, 25, 13, 31, 21] ;;; release; ghosts_and_ghouls-fabric-26.2_1.59.0.jar
[2026, 9, 25, 13, 31, 22] ;;; release; ghosts_and_ghouls-fabric-26.3_1.59.0.jar
[2026, 9, 25, 13, 31, 22] ;;; release; ghosts_and_ghouls-forge-1.19.4_1.59.0.jar
[2026, 9, 25, 13, 31, 22] ;;; release; ghosts_and_ghouls-forge-1.20.1_1.59.0.jar
[2026, 9, 25, 13, 31, 22] ;;; release; ghosts_and_ghouls-neoforge-1.20.4_1.59.0.jar
[2026, 9, 25, 13, 31, 22] ;;; release; ghosts_and_ghouls-neoforge-1.20.6_1.59.0.jar
[2026, 9, 25, 13, 31, 22] ;;; release; ghosts_and_ghouls-neoforge-1.21.1_1.59.0.jar
[2026, 9, 25, 13, 31, 22] ;;; release; ghosts_and_ghouls-neoforge-1.21.2_1.59.0.jar
[2026, 9, 25, 13, 31, 22] ;;; release; ghosts_and_ghouls-neoforge-1.21.4_1.59.0.jar
[2026, 9, 25, 13, 31, 22] ;;; release; ghosts_and_ghouls-neoforge-1.21.5_1.59.0.jar
[2026, 9, 25, 13, 31, 22] ;;; release; ghosts_and_ghouls-neoforge-1.21.8_1.59.0.jar
[2026, 9, 25, 13, 31, 22] ;;; release; ghosts_and_ghouls-neoforge-26.1_1.59.0.jar
[2026, 9, 25, 13, 31, 22] ;;; release; ghosts_and_ghouls-neoforge-26.2_1.59.0.jar
[2026, 9, 25, 13, 31, 22] ;;; release; ghosts_and_ghouls-neoforge-26.3_1.59.0.jar
[2026, 9, 25, 13, 31, 22] ;;; release; gothic_horror-fabric-1.21.8_1.59.0.jar
[2026, 9, 25, 13, 31, 22] ;;; release; gothic_horror-fabric-1.21.9_1.59.0.jar
[2026, 9, 25, 13, 31, 22] ;;; release; gothic_horror-fabric-26.1_1.59.0.jar
[2026, 9, 25, 13, 31, 22] ;;; release; gothic_horror-fabric-26.2_1.59.0.jar
[2026, 9, 25, 13, 31, 22] ;;; release; gothic_horror-fabric-26.3_1.59.0.jar
[2026, 9, 25, 13, 31, 22] ;;; release; gothic_horror-forge-1.19.4_1.59.0.jar
[2026, 9, 25, 13, 31, 22] ;;; release; gothic_horror-forge-1.20.1_1.59.0.jar
[2026, 9, 25, 13, 31, 22] ;;; release; gothic_horror-neoforge-1.20.4_1.59.0.jar
[2026, 9, 25, 13, 31, 22] ;;; release; gothic_horror-neoforge-1.20.6_1.59.0.jar
[2026, 9, 25, 13, 31, 22] ;;; release; gothic_horror-neoforge-1.21.1_1.59.0.jar
[2026, 9, 25, 13, 31, 22] ;;; release; gothic_horror-neoforge-1.21.2_1.59.0.jar
[2026, 9, 25, 13, 31, 22] ;;; release; gothic_horror-neoforge-1.21.4_1.59.0.jar
[2026, 9, 25, 13, 31, 22] ;;; release; gothic_horror-neoforge-1.21.5_1.59.0.jar
[2026, 9, 25, 13, 31, 22] ;;; release; gothic_horror-neoforge-1.21.8_1.59.0.jar
[2026, 9, 25, 13, 31, 22] ;;; release; gothic_horror-neoforge-26.1_1.59.0.jar
[2026, 9, 25, 13, 31, 22] ;;; release; gothic_horror-neoforge-26.2_1.59.0.jar
[2026, 9, 25, 13, 31, 22] ;;; release; gothic_horror-neoforge-26.3_1.59.0.jar
[2026, 9, 25, 13, 31, 22] ;;; release; gstools-fabric-1.21.8_1.59.0.jar
[2026, 9, 25, 13, 31, 22] ;;; release; gstools-fabric-1.21.9_1.59.0.jar
[2026, 9, 25, 13, 31, 22] ;;; release; gstools-fabric-26.1_1.59.0.jar
[2026, 9, 25, 13, 31, 22] ;;; release; gstools-fabric-26.2_1.59.0.jar
[2026, 9, 25, 13, 31, 22] ;;; release; gstools-fabric-26.3_1.59.0.jar
[2026, 9, 25, 13, 31, 22] ;;; release; gstools-forge-1.19.4_1.59.0.jar
[2026, 9, 25, 13, 31, 22] ;;; release; gstools-forge-1.20.1_1.59.0.jar
[2026, 9, 25, 13, 31, 22] ;;; release; gstools-neoforge-1.20.4_1.59.0.jar
[2026, 9, 25, 13, 31, 22] ;;; release; gstools-neoforge-1.20.6_1.59.0.jar
[2026, 9, 25, 13, 31, 22] ;;; release; gstools-neoforge-1.21.1_1.59.0.jar
[2026, 9, 25, 13, 31, 22] ;;; release; gstools-neoforge-1.21.2_1.59.0.jar
[2026, 9, 25, 13, 31, 22] ;;; release; gstools-neoforge-1.21.4_1.59.0.jar
[2026, 9, 25, 13, 31, 22] ;;; release; gstools-neoforge-1.21.5_1.59.0.jar
[2026, 9, 25, 13, 31, 22] ;;; release; gstools-neoforge-1.21.8_1.59.0.jar
[2026, 9, 25, 13, 31, 22] ;;; release; gstools-neoforge-26.1_1.59.0.jar
[2026, 9, 25, 13, 31, 22] ;;; release; gstools-neoforge-26.2_1.59.0.jar
[2026, 9, 25, 13, 31, 22] ;;; release; gstools-neoforge-26.3_1.59.0.jar
[2026, 9, 25, 13, 31, 22] ;;; release; life_and_death-fabric-1.21.8_1.59.0.jar
[2026, 9, 25, 13, 31, 22] ;;; release; life_and_death-fabric-1.21.9_1.59.0.jar
[2026, 9, 25, 13, 31, 22] ;;; release; life_and_death-fabric-26.1_1.59.0.jar
[2026, 9, 25, 13, 31, 22] ;;; release; life_and_death-fabric-26.2_1.59.0.jar
[2026, 9, 25, 13, 31, 22] ;;; release; life_and_death-fabric-26.3_1.59.0.jar
[2026, 9, 25, 13, 31, 22] ;;; release; life_and_death-forge-1.19.4_1.59.0.jar
[2026, 9, 25, 13, 31, 22] ;;; release; life_and_death-forge-1.20.1_1.59.0.jar
[2026, 9, 25, 13, 31, 22] ;;; release; life_and_death-neoforge-1.20.4_1.59.0.jar
[2026, 9, 25, 13, 31, 22] ;;; release; life_and_death-neoforge-1.20.6_1.59.0.jar
[2026, 9, 25, 13, 31, 22] ;;; release; life_and_death-neoforge-1.21.1_1.59.0.jar
[2026, 9, 25, 13, 31, 22] ;;; release; life_and_death-neoforge-1.21.2_1.59.0.jar
[2026, 9, 25, 13, 31, 22] ;;; release; life_and_death-neoforge-1.21.4_1.59.0.jar
[2026, 9, 25, 13, 31, 22] ;;; release; life_and_death-neoforge-1.21.5_1.59.0.jar
[2026, 9, 25, 13, 31, 22] ;;; release; life_and_death-neoforge-1.21.8_1.59.0.jar
[2026, 9, 25, 13, 31, 22] ;;; release; life_and_death-neoforge-26.1_1.59.0.jar
[2026, 9, 25, 13, 31, 22] ;;; release; life_and_death-neoforge-26.2_1.59.0.jar
[2026, 9, 25, 13, 31, 22] ;;; release; life_and_death-neoforge-26.3_1.59.0.jar
[2026, 9, 25, 13, 31, 22] ;;; release; undead_expanded-fabric-1.21.8_1.59.0.jar
[2026, 9, 25, 13, 31, 22] ;;; release; undead_expanded-fabric-1.21.9_1.59.0.jar
[2026, 9, 25, 13, 31, 22] ;;; release; undead_expanded-fabric-26.1_1.59.0.jar
[2026, 9, 25, 13, 31, 22] ;;; release; undead_expanded-fabric-26.2_1.59.0.jar
[2026, 9, 25, 13, 31, 22] ;;; release; undead_expanded-fabric-26.3_1.59.0.jar
[2026, 9, 25, 13, 31, 22] ;;; release; undead_expanded-forge-1.19.4_1.59.0.jar
[2026, 9, 25, 13, 31, 22] ;;; release; undead_expanded-forge-1.20.1_1.59.0.jar
[2026, 9, 25, 13, 31, 22] ;;; release; undead_expanded-neoforge-1.20.4_1.59.0.jar
[2026, 9, 25, 13, 31, 22] ;;; release; undead_expanded-neoforge-1.20.6_1.59.0.jar
[2026, 9, 25, 13, 31, 22] ;;; release; undead_expanded-neoforge-1.21.1_1.59.0.jar
[2026, 9, 25, 13, 31, 22] ;;; release; undead_expanded-neoforge-1.21.2_1.59.0.jar
[2026, 9, 25, 13, 31, 22] ;;; release; undead_expanded-neoforge-1.21.4_1.59.0.jar
[2026, 9, 25, 13, 31, 22] ;;; release; undead_expanded-neoforge-1.21.5_1.59.0.jar
[2026, 9, 25, 13, 31, 22] ;;; release; undead_expanded-neoforge-1.21.8_1.59.0.jar
[2026, 9, 25, 13, 31, 22] ;;; release; undead_expanded-neoforge-26.1_1.59.0.jar
[2026, 9, 25, 13, 31, 22] ;;; release; undead_expanded-neoforge-26.2_1.59.0.jar
[2026, 9, 25, 13, 31, 22] ;;; release; undead_expanded-neoforge-26.3_1.59.0.jar
[2026, 9, 25, 13, 31, 22] ;;; release; block_decay-fabric-1.21.10_1.59.0.jar
[2026, 9, 25, 13, 31, 22] ;;; release; block_decay-fabric-1.21.11_1.59.0.jar
[2026, 9, 25, 13, 31, 22] ;;; release; block_decay-fabric-1.21.8_1.59.0.jar
[2026, 9, 25, 13, 31, 22] ;;; release; block_decay-fabric-1.21.9_1.59.0.jar
[2026, 9, 25, 13, 31, 22] ;;; release; block_decay-fabric-26.1_1.59.0.jar
[2026, 9, 25, 13, 31, 22] ;;; release; block_decay-fabric-26.2_1.59.0.jar
[2026, 9, 25, 13, 31, 22] ;;; release; block_decay-fabric-26.3_1.59.0.jar
[2026, 9, 25, 13, 31, 22] ;;; release; block_decay-forge-1.19.4_1.59.0.jar
[2026, 9, 25, 13, 31, 22] ;;; release; block_decay-forge-1.20.1_1.59.0.jar
[2026, 9, 25, 13, 31, 22] ;;; release; block_decay-neoforge-1.20.4_1.59.0.jar
[2026, 9, 25, 13, 31, 22] ;;; release; block_decay-neoforge-1.20.6_1.59.0.jar
[2026, 9, 25, 13, 31, 22] ;;; release; block_decay-neoforge-1.21.10_1.59.0.jar
[2026, 9, 25, 13, 31, 22] ;;; release; block_decay-neoforge-1.21.11_1.59.0.jar
[2026, 9, 25, 13, 31, 22] ;;; release; block_decay-neoforge-1.21.1_1.59.0.jar
[2026, 9, 25, 13, 31, 22] ;;; release; block_decay-neoforge-1.21.2_1.59.0.jar
[2026, 9, 25, 13, 31, 22] ;;; release; block_decay-neoforge-1.21.4_1.59.0.jar
[2026, 9, 25, 13, 31, 22] ;;; release; block_decay-neoforge-1.21.5_1.59.0.jar
[2026, 9, 25, 13, 31, 22] ;;; release; block_decay-neoforge-1.21.8_1.59.0.jar
[2026, 9, 25, 13, 31, 22] ;;; release; block_decay-neoforge-1.21.9_1.59.0.jar
[2026, 9, 25, 13, 31, 22] ;;; release; block_decay-neoforge-1.21_1.59.0.jar
[2026, 9, 25, 13, 31, 22] ;;; release; block_decay-neoforge-26.1_1.59.0.jar
[2026, 9, 25, 13, 31, 22] ;;; release; block_decay-neoforge-26.2_1.59.0.jar
[2026, 9, 25, 13, 31, 22] ;;; release; block_decay-neoforge-26.3_1.59.0.jar
[2026, 9, 25, 13, 31, 22] ;;; release; desire_paths-fabric-1.21.8_1.59.0.jar
[2026, 9, 25, 13, 31, 22] ;;; release; desire_paths-fabric-1.21.9_1.59.0.jar
[2026, 9, 25, 13, 31, 22] ;;; release; desire_paths-fabric-26.1_1.59.0.jar
[2026, 9, 25, 13, 31, 22] ;;; release; desire_paths-fabric-26.2_1.59.0.jar
[2026, 9, 25, 13, 31, 22] ;;; release; desire_paths-fabric-26.3_1.59.0.jar
[2026, 9, 25, 13, 31, 22] ;;; release; desire_paths-forge-1.19.4_1.59.0.jar
[2026, 9, 25, 13, 31, 22] ;;; release; desire_paths-forge-1.20.1_1.59.0.jar
[2026, 9, 25, 13, 31, 22] ;;; release; desire_paths-neoforge-1.20.4_1.59.0.jar
[2026, 9, 25, 13, 31, 22] ;;; release; desire_paths-neoforge-1.20.6_1.59.0.jar
[2026, 9, 25, 13, 31, 22] ;;; release; desire_paths-neoforge-1.21.1_1.59.0.jar
[2026, 9, 25, 13, 31, 22] ;;; release; desire_paths-neoforge-1.21.2_1.59.0.jar
[2026, 9, 25, 13, 31, 22] ;;; release; desire_paths-neoforge-1.21.4_1.59.0.jar
[2026, 9, 25, 13, 31, 22] ;;; release; desire_paths-neoforge-1.21.5_1.59.0.jar
[2026, 9, 25, 13, 31, 22] ;;; release; desire_paths-neoforge-1.21.8_1.59.0.jar
[2026, 9, 25, 13, 31, 22] ;;; release; desire_paths-neoforge-26.1_1.59.0.jar
[2026, 9, 25, 13, 31, 22] ;;; release; desire_paths-neoforge-26.2_1.59.0.jar
[2026, 9, 25, 13, 31, 22] ;;; release; desire_paths-neoforge-26.3_1.59.0.jar
[2026, 9, 25, 13, 31, 22] ;;; release; dynamic_dirt-fabric-1.21.8_1.59.0.jar
[2026, 9, 25, 13, 31, 22] ;;; release; dynamic_dirt-fabric-1.21.9_1.59.0.jar
[2026, 9, 25, 13, 31, 22] ;;; release; dynamic_dirt-fabric-26.1_1.59.0.jar
[2026, 9, 25, 13, 31, 22] ;;; release; dynamic_dirt-fabric-26.2_1.59.0.jar
[2026, 9, 25, 13, 31, 22] ;;; release; dynamic_dirt-fabric-26.3_1.59.0.jar
[2026, 9, 25, 13, 31, 22] ;;; release; dynamic_dirt-forge-1.19.4_1.59.0.jar
[2026, 9, 25, 13, 31, 22] ;;; release; dynamic_dirt-forge-1.20.1_1.59.0.jar
[2026, 9, 25, 13, 31, 22] ;;; release; dynamic_dirt-neoforge-1.20.4_1.59.0.jar
[2026, 9, 25, 13, 31, 22] ;;; release; dynamic_dirt-neoforge-1.20.6_1.59.0.jar
[2026, 9, 25, 13, 31, 22] ;;; release; dynamic_dirt-neoforge-1.21.1_1.59.0.jar
[2026, 9, 25, 13, 31, 22] ;;; release; dynamic_dirt-neoforge-1.21.2_1.59.0.jar
[2026, 9, 25, 13, 31, 22] ;;; release; dynamic_dirt-neoforge-1.21.4_1.59.0.jar
[2026, 9, 25, 13, 31, 22] ;;; release; dynamic_dirt-neoforge-1.21.5_1.59.0.jar
[2026, 9, 25, 13, 31, 22] ;;; release; dynamic_dirt-neoforge-1.21.8_1.59.0.jar
[2026, 9, 25, 13, 31, 22] ;;; release; dynamic_dirt-neoforge-26.1_1.59.0.jar
[2026, 9, 25, 13, 31, 22] ;;; release; dynamic_dirt-neoforge-26.2_1.59.0.jar
[2026, 9, 25, 13, 31, 22] ;;; release; dynamic_dirt-neoforge-26.3_1.59.0.jar
[2026, 9, 25, 13, 31, 22] ;;; release; dynamic_ecosystems-fabric-1.21.8_1.59.0.jar
[2026, 9, 25, 13, 31, 22] ;;; release; dynamic_ecosystems-fabric-1.21.9_1.59.0.jar
[2026, 9, 25, 13, 31, 22] ;;; release; dynamic_ecosystems-fabric-26.1_1.59.0.jar
[2026, 9, 25, 13, 31, 22] ;;; release; dynamic_ecosystems-fabric-26.2_1.59.0.jar
[2026, 9, 25, 13, 31, 22] ;;; release; dynamic_ecosystems-fabric-26.3_1.59.0.jar
[2026, 9, 25, 13, 31, 22] ;;; release; dynamic_ecosystems-forge-1.19.4_1.59.0.jar
[2026, 9, 25, 13, 31, 22] ;;; release; dynamic_ecosystems-forge-1.20.1_1.59.0.jar
[2026, 9, 25, 13, 31, 22] ;;; release; dynamic_ecosystems-neoforge-1.20.4_1.59.0.jar
[2026, 9, 25, 13, 31, 22] ;;; release; dynamic_ecosystems-neoforge-1.20.6_1.59.0.jar
[2026, 9, 25, 13, 31, 22] ;;; release; dynamic_ecosystems-neoforge-1.21.1_1.59.0.jar
[2026, 9, 25, 13, 31, 22] ;;; release; dynamic_ecosystems-neoforge-1.21.2_1.59.0.jar
[2026, 9, 25, 13, 31, 22] ;;; release; dynamic_ecosystems-neoforge-1.21.4_1.59.0.jar
[2026, 9, 25, 13, 31, 22] ;;; release; dynamic_ecosystems-neoforge-1.21.5_1.59.0.jar
[2026, 9, 25, 13, 31, 22] ;;; release; dynamic_ecosystems-neoforge-1.21.8_1.59.0.jar
[2026, 9, 25, 13, 31, 22] ;;; release; dynamic_ecosystems-neoforge-26.1_1.59.0.jar
[2026, 9, 25, 13, 31, 22] ;;; release; dynamic_ecosystems-neoforge-26.2_1.59.0.jar
[2026, 9, 25, 13, 31, 22] ;;; release; dynamic_ecosystems-neoforge-26.3_1.59.0.jar
[2026, 9, 25, 13, 31, 22] ;;; release; dynamic_monsters-fabric-1.21.8_1.59.0.jar
[2026, 9, 25, 13, 31, 22] ;;; release; dynamic_monsters-fabric-1.21.9_1.59.0.jar
[2026, 9, 25, 13, 31, 22] ;;; release; dynamic_monsters-fabric-26.1_1.59.0.jar
[2026, 9, 25, 13, 31, 22] ;;; release; dynamic_monsters-fabric-26.2_1.59.0.jar
[2026, 9, 25, 13, 31, 22] ;;; release; dynamic_monsters-fabric-26.3_1.59.0.jar
[2026, 9, 25, 13, 31, 22] ;;; release; dynamic_monsters-forge-1.19.4_1.59.0.jar
[2026, 9, 25, 13, 31, 22] ;;; release; dynamic_monsters-forge-1.20.1_1.59.0.jar
[2026, 9, 25, 13, 31, 22] ;;; release; dynamic_monsters-neoforge-1.20.4_1.59.0.jar
[2026, 9, 25, 13, 31, 22] ;;; release; dynamic_monsters-neoforge-1.20.6_1.59.0.jar
[2026, 9, 25, 13, 31, 22] ;;; release; dynamic_monsters-neoforge-1.21.1_1.59.0.jar
[2026, 9, 25, 13, 31, 22] ;;; release; dynamic_monsters-neoforge-1.21.2_1.59.0.jar
[2026, 9, 25, 13, 31, 22] ;;; release; dynamic_monsters-neoforge-1.21.4_1.59.0.jar
[2026, 9, 25, 13, 31, 22] ;;; release; dynamic_monsters-neoforge-1.21.5_1.59.0.jar
[2026, 9, 25, 13, 31, 22] ;;; release; dynamic_monsters-neoforge-1.21.8_1.59.0.jar
[2026, 9, 25, 13, 31, 22] ;;; release; dynamic_monsters-neoforge-26.1_1.59.0.jar
[2026, 9, 25, 13, 31, 22] ;;; release; dynamic_monsters-neoforge-26.2_1.59.0.jar
[2026, 9, 25, 13, 31, 22] ;;; release; dynamic_monsters-neoforge-26.3_1.59.0.jar
[2026, 9, 25, 13, 31, 22] ;;; release; enhanced_survival-fabric-1.21.8_1.59.0.jar
[2026, 9, 25, 13, 31, 22] ;;; release; enhanced_survival-fabric-1.21.9_1.59.0.jar
[2026, 9, 25, 13, 31, 22] ;;; release; enhanced_survival-fabric-26.1_1.59.0.jar
[2026, 9, 25, 13, 31, 22] ;;; release; enhanced_survival-fabric-26.2_1.59.0.jar
[2026, 9, 25, 13, 31, 22] ;;; release; enhanced_survival-fabric-26.3_1.59.0.jar
[2026, 9, 25, 13, 31, 22] ;;; release; enhanced_survival-forge-1.19.4_1.59.0.jar
[2026, 9, 25, 13, 31, 22] ;;; release; enhanced_survival-forge-1.20.1_1.59.0.jar
[2026, 9, 25, 13, 31, 22] ;;; release; enhanced_survival-neoforge-1.20.4_1.59.0.jar
[2026, 9, 25, 13, 31, 22] ;;; release; enhanced_survival-neoforge-1.20.6_1.59.0.jar
[2026, 9, 25, 13, 31, 22] ;;; release; enhanced_survival-neoforge-1.21.1_1.59.0.jar
[2026, 9, 25, 13, 31, 22] ;;; release; enhanced_survival-neoforge-1.21.2_1.59.0.jar
[2026, 9, 25, 13, 31, 22] ;;; release; enhanced_survival-neoforge-1.21.4_1.59.0.jar
[2026, 9, 25, 13, 31, 22] ;;; release; enhanced_survival-neoforge-1.21.5_1.59.0.jar
[2026, 9, 25, 13, 31, 22] ;;; release; enhanced_survival-neoforge-1.21.8_1.59.0.jar
[2026, 9, 25, 13, 31, 22] ;;; release; enhanced_survival-neoforge-26.1_1.59.0.jar
[2026, 9, 25, 13, 31, 22] ;;; release; enhanced_survival-neoforge-26.2_1.59.0.jar
[2026, 9, 25, 13, 31, 22] ;;; release; enhanced_survival-neoforge-26.3_1.59.0.jar
[2026, 9, 25, 13, 31, 22] ;;; release; ghosts_and_ghouls-fabric-1.21.8_1.59.0.jar
[2026, 9, 25, 13, 31, 22] ;;; release; ghosts_and_ghouls-fabric-1.21.9_1.59.0.jar
[2026, 9, 25, 13, 31, 22] ;;; release; ghosts_and_ghouls-fabric-26.1_1.59.0.jar
[2026, 9, 25, 13, 31, 22] ;;; release; ghosts_and_ghouls-fabric-26.2_1.59.0.jar
[2026, 9, 25, 13, 31, 22] ;;; release; ghosts_and_ghouls-fabric-26.3_1.59.0.jar
[2026, 9, 25, 13, 31, 22] ;;; release; ghosts_and_ghouls-forge-1.19.4_1.59.0.jar
[2026, 9, 25, 13, 31, 22] ;;; release; ghosts_and_ghouls-forge-1.20.1_1.59.0.jar
[2026, 9, 25, 13, 31, 22] ;;; release; ghosts_and_ghouls-neoforge-1.20.4_1.59.0.jar
[2026, 9, 25, 13, 31, 22] ;;; release; ghosts_and_ghouls-neoforge-1.20.6_1.59.0.jar
[2026, 9, 25, 13, 31, 22] ;;; release; ghosts_and_ghouls-neoforge-1.21.1_1.59.0.jar
[2026, 9, 25, 13, 31, 22] ;;; release; ghosts_and_ghouls-neoforge-1.21.2_1.59.0.jar
[2026, 9, 25, 13, 31, 22] ;;; release; ghosts_and_ghouls-neoforge-1.21.4_1.59.0.jar
[2026, 9, 25, 13, 31, 22] ;;; release; ghosts_and_ghouls-neoforge-1.21.5_1.59.0.jar
[2026, 9, 25, 13, 31, 22] ;;; release; ghosts_and_ghouls-neoforge-1.21.8_1.59.0.jar
[2026, 9, 25, 13, 31, 22] ;;; release; ghosts_and_ghouls-neoforge-26.1_1.59.0.jar
[2026, 9, 25, 13, 31, 22] ;;; release; ghosts_and_ghouls-neoforge-26.2_1.59.0.jar
[2026, 9, 25, 13, 31, 22] ;;; release; ghosts_and_ghouls-neoforge-26.3_1.59.0.jar
[2026, 9, 25, 13, 31, 22] ;;; release; gothic_horror-fabric-1.21.8_1.59.0.jar
[2026, 9, 25, 13, 31, 22] ;;; release; gothic_horror-fabric-1.21.9_1.59.0.jar
[2026, 9, 25, 13, 31, 22] ;;; release; gothic_horror-fabric-26.1_1.59.0.jar
[2026, 9, 25, 13, 31, 22] ;;; release; gothic_horror-fabric-26.2_1.59.0.jar
[2026, 9, 25, 13, 31, 22] ;;; release; gothic_horror-fabric-26.3_1.59.0.jar
[2026, 9, 25, 13, 31, 22] ;;; release; gothic_horror-forge-1.19.4_1.59.0.jar
[2026, 9, 25, 13, 31, 22] ;;; release; gothic_horror-forge-1.20.1_1.59.0.jar
[2026, 9, 25, 13, 31, 22] ;;; release; gothic_horror-neoforge-1.20.4_1.59.0.jar
[2026, 9, 25, 13, 31, 22] ;;; release; gothic_horror-neoforge-1.20.6_1.59.0.jar
[2026, 9, 25, 13, 31, 22] ;;; release; gothic_horror-neoforge-1.21.1_1.59.0.jar
[2026, 9, 25, 13, 31, 22] ;;; release; gothic_horror-neoforge-1.21.2_1.59.0.jar
[2026, 9, 25, 13, 31, 22] ;;; release; gothic_horror-neoforge-1.21.4_1.59.0.jar
[2026, 9, 25, 13, 31, 22] ;;; release; gothic_horror-neoforge-1.21.5_1.59.0.jar
[2026, 9, 25, 13, 31, 22] ;;; release; gothic_horror-neoforge-1.21.8_1.59.0.jar
[2026, 9, 25, 13, 31, 22] ;;; release; gothic_horror-neoforge-26.1_1.59.0.jar
[2026, 9, 25, 13, 31, 22] ;;; release; gothic_horror-neoforge-26.2_1.59.0.jar
[2026, 9, 25, 13, 31, 22] ;;; release; gothic_horror-neoforge-26.3_1.59.0.jar
[2026, 9, 25, 13, 31, 22] ;;; release; gstools-fabric-1.21.8_1.59.0.jar
[2026, 9, 25, 13, 31, 22] ;;; release; gstools-fabric-1.21.9_1.59.0.jar
[2026, 9, 25, 13, 31, 22] ;;; release; gstools-fabric-26.1_1.59.0.jar
[2026, 9, 25, 13, 31, 22] ;;; release; gstools-fabric-26.2_1.59.0.jar
[2026, 9, 25, 13, 31, 22] ;;; release; gstools-fabric-26.3_1.59.0.jar
[2026, 9, 25, 13, 31, 22] ;;; release; gstools-forge-1.19.4_1.59.0.jar
[2026, 9, 25, 13, 31, 22] ;;; release; gstools-forge-1.20.1_1.59.0.jar
[2026, 9, 25, 13, 31, 22] ;;; release; gstools-neoforge-1.20.4_1.59.0.jar
[2026, 9, 25, 13, 31, 22] ;;; release; gstools-neoforge-1.20.6_1.59.0.jar
[2026, 9, 25, 13, 31, 22] ;;; release; gstools-neoforge-1.21.1_1.59.0.jar
[2026, 9, 25, 13, 31, 22] ;;; release; gstools-neoforge-1.21.2_1.59.0.jar
[2026, 9, 25, 13, 31, 22] ;;; release; gstools-neoforge-1.21.4_1.59.0.jar
[2026, 9, 25, 13, 31, 22] ;;; release; gstools-neoforge-1.21.5_1.59.0.jar
[2026, 9, 25, 13, 31, 22] ;;; release; gstools-neoforge-1.21.8_1.59.0.jar
[2026, 9, 25, 13, 31, 22] ;;; release; gstools-neoforge-26.1_1.59.0.jar
[2026, 9, 25, 13, 31, 22] ;;; release; gstools-neoforge-26.2_1.59.0.jar
[2026, 9, 25, 13, 31, 22] ;;; release; gstools-neoforge-26.3_1.59.0.jar
[2026, 9, 25, 13, 31, 22] ;;; release; life_and_death-fabric-1.21.8_1.59.0.jar
[2026, 9, 25, 13, 31, 22] ;;; release; life_and_death-fabric-1.21.9_1.59.0.jar
[2026, 9, 25, 13, 31, 22] ;;; release; life_and_death-fabric-26.1_1.59.0.jar
[2026, 9, 25, 13, 31, 22] ;;; release; life_and_death-fabric-26.2_1.59.0.jar
[2026, 9, 25, 13, 31, 22] ;;; release; life_and_death-fabric-26.3_1.59.0.jar
[2026, 9, 25, 13, 31, 22] ;;; release; life_and_death-forge-1.19.4_1.59.0.jar
[2026, 9, 25, 13, 31, 22] ;;; release; life_and_death-forge-1.20.1_1.59.0.jar
[2026, 9, 25, 13, 31, 22] ;;; release; life_and_death-neoforge-1.20.4_1.59.0.jar
[2026, 9, 25, 13, 31, 22] ;;; release; life_and_death-neoforge-1.20.6_1.59.0.jar
[2026, 9, 25, 13, 31, 22] ;;; release; life_and_death-neoforge-1.21.1_1.59.0.jar
[2026, 9, 25, 13, 31, 22] ;;; release; life_and_death-neoforge-1.21.2_1.59.0.jar
[2026, 9, 25, 13, 31, 22] ;;; release; life_and_death-neoforge-1.21.4_1.59.0.jar
[2026, 9, 25, 13, 31, 22] ;;; release; life_and_death-neoforge-1.21.5_1.59.0.jar
[2026, 9, 25, 13, 31, 22] ;;; release; life_and_death-neoforge-1.21.8_1.59.0.jar
[2026, 9, 25, 13, 31, 22] ;;; release; life_and_death-neoforge-26.1_1.59.0.jar
[2026, 9, 25, 13, 31, 22] ;;; release; life_and_death-neoforge-26.2_1.59.0.jar
[2026, 9, 25, 13, 31, 22] ;;; release; life_and_death-neoforge-26.3_1.59.0.jar
[2026, 9, 25, 13, 31, 22] ;;; release; undead_expanded-fabric-1.21.8_1.59.0.jar
[2026, 9, 25, 13, 31, 22] ;;; release; undead_expanded-fabric-1.21.9_1.59.0.jar
[2026, 9, 25, 13, 31, 22] ;;; release; undead_expanded-fabric-26.1_1.59.0.jar
[2026, 9, 25, 13, 31, 22] ;;; release; undead_expanded-fabric-26.2_1.59.0.jar
[2026, 9, 25, 13, 31, 22] ;;; release; undead_expanded-fabric-26.3_1.59.0.jar
[2026, 9, 25, 13, 31, 22] ;;; release; undead_expanded-forge-1.19.4_1.59.0.jar
[2026, 9, 25, 13, 31, 22] ;;; release; undead_expanded-forge-1.20.1_1.59.0.jar
[2026, 9, 25, 13, 31, 22] ;;; release; undead_expanded-neoforge-1.20.4_1.59.0.jar
[2026, 9, 25, 13, 31, 22] ;;; release; undead_expanded-neoforge-1.20.6_1.59.0.jar
[2026, 9, 25, 13, 31, 22] ;;; release; undead_expanded-neoforge-1.21.1_1.59.0.jar
[2026, 9, 25, 13, 31, 22] ;;; release; undead_expanded-neoforge-1.21.2_1.59.0.jar
[2026, 9, 25, 13, 31, 22] ;;; release; undead_expanded-neoforge-1.21.4_1.59.0.jar
[2026, 9, 25, 13, 31, 22] ;;; release; undead_expanded-neoforge-1.21.5_1.59.0.jar
[2026, 9, 25, 13, 31, 22] ;;; release; undead_expanded-neoforge-1.21.8_1.59.0.jar
[2026, 9, 25, 13, 31, 22] ;;; release; undead_expanded-neoforge-26.1_1.59.0.jar
[2026, 9, 25, 13, 31, 22] ;;; release; undead_expanded-neoforge-26.2_1.59.0.jar
[2026, 9, 25, 13, 31, 22] ;;; release; undead_expanded-neoforge-26.3_1.59.0.jar
[2026, 9, 25, 13, 31, 22] ;;; release; block_decay-fabric-1.21.10_1.59.0.jar
[2026, 9, 25, 13, 31, 22] ;;; release; block_decay-fabric-1.21.11_1.59.0.jar
[2026, 9, 25, 13, 31, 22] ;;; release; block_decay-fabric-1.21.8_1.59.0.jar
[2026, 9, 25, 13, 31, 22] ;;; release; block_decay-fabric-1.21.9_1.59.0.jar
[2026, 9, 25, 13, 31, 22] ;;; release; block_decay-fabric-26.1_1.59.0.jar
[2026, 9, 25, 13, 31, 22] ;;; release; block_decay-fabric-26.2_1.59.0.jar
[2026, 9, 25, 13, 31, 22] ;;; release; block_decay-fabric-26.3_1.59.0.jar
[2026, 9, 25, 13, 31, 22] ;;; release; block_decay-forge-1.19.4_1.59.0.jar
[2026, 9, 25, 13, 31, 22] ;;; release; block_decay-forge-1.20.1_1.59.0.jar
[2026, 9, 25, 13, 31, 22] ;;; release; block_decay-neoforge-1.20.4_1.59.0.jar
[2026, 9, 25, 13, 31, 22] ;;; release; block_decay-neoforge-1.20.6_1.59.0.jar
[2026, 9, 25, 13, 31, 22] ;;; release; block_decay-neoforge-1.21.10_1.59.0.jar
[2026, 9, 25, 13, 31, 22] ;;; release; block_decay-neoforge-1.21.11_1.59.0.jar
[2026, 9, 25, 13, 31, 22] ;;; release; block_decay-neoforge-1.21.1_1.59.0.jar
[2026, 9, 25, 13, 31, 22] ;;; release; block_decay-neoforge-1.21.2_1.59.0.jar
[2026, 9, 25, 13, 31, 22] ;;; release; block_decay-neoforge-1.21.4_1.59.0.jar
[2026, 9, 25, 13, 31, 22] ;;; release; block_decay-neoforge-1.21.5_1.59.0.jar
[2026, 9, 25, 13, 31, 22] ;;; release; block_decay-neoforge-1.21.8_1.59.0.jar
[2026, 9, 25, 13, 31, 22] ;;; release; block_decay-neoforge-1.21.9_1.59.0.jar
[2026, 9, 25, 13, 31, 22] ;;; release; block_decay-neoforge-1.21_1.59.0.jar
[2026, 9, 25, 13, 31, 22] ;;; release; block_decay-neoforge-26.1_1.59.0.jar
[2026, 9, 25, 13, 31, 22] ;;; release; block_decay-neoforge-26.2_1.59.0.jar
[2026, 9, 25, 13, 31, 22] ;;; release; block_decay-neoforge-26.3_1.59.0.jar
[2026, 9, 25, 13, 31, 22] ;;; release; desire_paths-fabric-1.21.8_1.59.0.jar
[2026, 9, 25, 13, 31, 22] ;;; release; desire_paths-fabric-1.21.9_1.59.0.jar
[2026, 9, 25, 13, 31, 22] ;;; release; desire_paths-fabric-26.1_1.59.0.jar
[2026, 9, 25, 13, 31, 22] ;;; release; desire_paths-fabric-26.2_1.59.0.jar
[2026, 9, 25, 13, 31, 22] ;;; release; desire_paths-fabric-26.3_1.59.0.jar
[2026, 9, 25, 13, 31, 22] ;;; release; desire_paths-forge-1.19.4_1.59.0.jar
[2026, 9, 25, 13, 31, 22] ;;; release; desire_paths-forge-1.20.1_1.59.0.jar
[2026, 9, 25, 13, 31, 22] ;;; release; desire_paths-neoforge-1.20.4_1.59.0.jar
[2026, 9, 25, 13, 31, 22] ;;; release; desire_paths-neoforge-1.20.6_1.59.0.jar
[2026, 9, 25, 13, 31, 22] ;;; release; desire_paths-neoforge-1.21.1_1.59.0.jar
[2026, 9, 25, 13, 31, 22] ;;; release; desire_paths-neoforge-1.21.2_1.59.0.jar
[2026, 9, 25, 13, 31, 22] ;;; release; desire_paths-neoforge-1.21.4_1.59.0.jar
[2026, 9, 25, 13, 31, 22] ;;; release; desire_paths-neoforge-1.21.5_1.59.0.jar
[2026, 9, 25, 13, 31, 22] ;;; release; desire_paths-neoforge-1.21.8_1.59.0.jar
[2026, 9, 25, 13, 31, 22] ;;; release; desire_paths-neoforge-26.1_1.59.0.jar
[2026, 9, 25, 13, 31, 22] ;;; release; desire_paths-neoforge-26.2_1.59.0.jar
[2026, 9, 25, 13, 31, 22] ;;; release; desire_paths-neoforge-26.3_1.59.0.jar
[2026, 9, 25, 13, 31, 22] ;;; release; dynamic_dirt-fabric-1.21.8_1.59.0.jar
[2026, 9, 25, 13, 31, 22] ;;; release; dynamic_dirt-fabric-1.21.9_1.59.0.jar
[2026, 9, 25, 13, 31, 22] ;;; release; dynamic_dirt-fabric-26.1_1.59.0.jar
[2026, 9, 25, 13, 31, 22] ;;; release; dynamic_dirt-fabric-26.2_1.59.0.jar
[2026, 9, 25, 13, 31, 22] ;;; release; dynamic_dirt-fabric-26.3_1.59.0.jar
[2026, 9, 25, 13, 31, 22] ;;; release; dynamic_dirt-forge-1.19.4_1.59.0.jar
[2026, 9, 25, 13, 31, 22] ;;; release; dynamic_dirt-forge-1.20.1_1.59.0.jar
[2026, 9, 25, 13, 31, 22] ;;; release; dynamic_dirt-neoforge-1.20.4_1.59.0.jar
[2026, 9, 25, 13, 31, 22] ;;; release; dynamic_dirt-neoforge-1.20.6_1.59.0.jar
[2026, 9, 25, 13, 31, 22] ;;; release; dynamic_dirt-neoforge-1.21.1_1.59.0.jar
[2026, 9, 25, 13, 31, 22] ;;; release; dynamic_dirt-neoforge-1.21.2_1.59.0.jar
[2026, 9, 25, 13, 31, 22] ;;; release; dynamic_dirt-neoforge-1.21.4_1.59.0.jar
[2026, 9, 25, 13, 31, 22] ;;; release; dynamic_dirt-neoforge-1.21.5_1.59.0.jar
[2026, 9, 25, 13, 31, 22] ;;; release; dynamic_dirt-neoforge-1.21.8_1.59.0.jar
[2026, 9, 25, 13, 31, 22] ;;; release; dynamic_dirt-neoforge-26.1_1.59.0.jar
[2026, 9, 25, 13, 31, 22] ;;; release; dynamic_dirt-neoforge-26.2_1.59.0.jar
[2026, 9, 25, 13, 31, 22] ;;; release; dynamic_dirt-neoforge-26.3_1.59.0.jar
[2026, 9, 25, 13, 31, 22] ;;; release; dynamic_ecosystems-fabric-1.21.8_1.59.0.jar
[2026, 9, 25, 13, 31, 22] ;;; release; dynamic_ecosystems-fabric-1.21.9_1.59.0.jar
[2026, 9, 25, 13, 31, 22] ;;; release; dynamic_ecosystems-fabric-26.1_1.59.0.jar
[2026, 9, 25, 13, 31, 22] ;;; release; dynamic_ecosystems-fabric-26.2_1.59.0.jar
[2026, 9, 25, 13, 31, 22] ;;; release; dynamic_ecosystems-fabric-26.3_1.59.0.jar
[2026, 9, 25, 13, 31, 22] ;;; release; dynamic_ecosystems-forge-1.19.4_1.59.0.jar
[2026, 9, 25, 13, 31, 22] ;;; release; dynamic_ecosystems-forge-1.20.1_1.59.0.jar
[2026, 9, 25, 13, 31, 22] ;;; release; dynamic_ecosystems-neoforge-1.20.4_1.59.0.jar
[2026, 9, 25, 13, 31, 22] ;;; release; dynamic_ecosystems-neoforge-1.20.6_1.59.0.jar
[2026, 9, 25, 13, 31, 22] ;;; release; dynamic_ecosystems-neoforge-1.21.1_1.59.0.jar
[2026, 9, 25, 13, 31, 22] ;;; release; dynamic_ecosystems-neoforge-1.21.2_1.59.0.jar
[2026, 9, 25, 13, 31, 22] ;;; release; dynamic_ecosystems-neoforge-1.21.4_1.59.0.jar
[2026, 9, 25, 13, 31, 22] ;;; release; dynamic_ecosystems-neoforge-1.21.5_1.59.0.jar
[2026, 9, 25, 13, 31, 22] ;;; release; dynamic_ecosystems-neoforge-1.21.8_1.59.0.jar
[2026, 9, 25, 13, 31, 22] ;;; release; dynamic_ecosystems-neoforge-26.1_1.59.0.jar
[2026, 9, 25, 13, 31, 22] ;;; release; dynamic_ecosystems-neoforge-26.2_1.59.0.jar
[2026, 9, 25, 13, 31, 22] ;;; release; dynamic_ecosystems-neoforge-26.3_1.59.0.jar
[2026, 9, 25, 13, 31, 22] ;;; release; dynamic_monsters-fabric-1.21.8_1.59.0.jar
[2026, 9, 25, 13, 31, 22] ;;; release; dynamic_monsters-fabric-1.21.9_1.59.0.jar
[2026, 9, 25, 13, 31, 22] ;;; release; dynamic_monsters-fabric-26.1_1.59.0.jar
[2026, 9, 25, 13, 31, 22] ;;; release; dynamic_monsters-fabric-26.2_1.59.0.jar
[2026, 9, 25, 13, 31, 22] ;;; release; dynamic_monsters-fabric-26.3_1.59.0.jar
[2026, 9, 25, 13, 31, 22] ;;; release; dynamic_monsters-forge-1.19.4_1.59.0.jar
[2026, 9, 25, 13, 31, 22] ;;; release; dynamic_monsters-forge-1.20.1_1.59.0.jar
[2026, 9, 25, 13, 31, 22] ;;; release; dynamic_monsters-neoforge-1.20.4_1.59.0.jar
[2026, 9, 25, 13, 31, 22] ;;; release; dynamic_monsters-neoforge-1.20.6_1.59.0.jar
[2026, 9, 25, 13, 31, 22] ;;; release; dynamic_monsters-neoforge-1.21.1_1.59.0.jar
[2026, 9, 25, 13, 31, 22] ;;; release; dynamic_monsters-neoforge-1.21.2_1.59.0.jar
[2026, 9, 25, 13, 31, 22] ;;; release; dynamic_monsters-neoforge-1.21.4_1.59.0.jar
[2026, 9, 25, 13, 31, 22] ;;; release; dynamic_monsters-neoforge-1.21.5_1.59.0.jar
[2026, 9, 25, 13, 31, 22] ;;; release; dynamic_monsters-neoforge-1.21.8_1.59.0.jar
[2026, 9, 25, 13, 31, 22] ;;; release; dynamic_monsters-neoforge-26.1_1.59.0.jar
[2026, 9, 25, 13, 31, 22] ;;; release; dynamic_monsters-neoforge-26.2_1.59.0.jar
[2026, 9, 25, 13, 31, 22] ;;; release; dynamic_monsters-neoforge-26.3_1.59.0.jar
[2026, 9, 25, 13, 31, 22] ;;; release; enhanced_survival-fabric-1.21.8_1.59.0.jar
[2026, 9, 25, 13, 31, 22] ;;; release; enhanced_survival-fabric-1.21.9_1.59.0.jar
[2026, 9, 25, 13, 31, 22] ;;; release; enhanced_survival-fabric-26.1_1.59.0.jar
[2026, 9, 25, 13, 31, 22] ;;; release; enhanced_survival-fabric-26.2_1.59.0.jar
[2026, 9, 25, 13, 31, 22] ;;; release; enhanced_survival-fabric-26.3_1.59.0.jar
[2026, 9, 25, 13, 31, 22] ;;; release; enhanced_survival-forge-1.19.4_1.59.0.jar
[2026, 9, 25, 13, 31, 22] ;;; release; enhanced_survival-forge-1.20.1_1.59.0.jar
[2026, 9, 25, 13, 31, 22] ;;; release; enhanced_survival-neoforge-1.20.4_1.59.0.jar
[2026, 9, 25, 13, 31, 22] ;;; release; enhanced_survival-neoforge-1.20.6_1.59.0.jar
[2026, 9, 25, 13, 31, 22] ;;; release; enhanced_survival-neoforge-1.21.1_1.59.0.jar
[2026, 9, 25, 13, 31, 22] ;;; release; enhanced_survival-neoforge-1.21.2_1.59.0.jar
[2026, 9, 25, 13, 31, 22] ;;; release; enhanced_survival-neoforge-1.21.4_1.59.0.jar
[2026, 9, 25, 13, 31, 22] ;;; release; enhanced_survival-neoforge-1.21.5_1.59.0.jar
[2026, 9, 25, 13, 31, 22] ;;; release; enhanced_survival-neoforge-1.21.8_1.59.0.jar
[2026, 9, 25, 13, 31, 22] ;;; release; enhanced_survival-neoforge-26.1_1.59.0.jar
[2026, 9, 25, 13, 31, 22] ;;; release; enhanced_survival-neoforge-26.2_1.59.0.jar
[2026, 9, 25, 13, 31, 22] ;;; release; enhanced_survival-neoforge-26.3_1.59.0.jar
[2026, 9, 25, 13, 31, 22] ;;; release; ghosts_and_ghouls-fabric-1.21.8_1.59.0.jar
[2026, 9, 25, 13, 31, 22] ;;; release; ghosts_and_ghouls-fabric-1.21.9_1.59.0.jar
[2026, 9, 25, 13, 31, 22] ;;; release; ghosts_and_ghouls-fabric-26.1_1.59.0.jar
[2026, 9, 25, 13, 31, 22] ;;; release; ghosts_and_ghouls-fabric-26.2_1.59.0.jar
[2026, 9, 25, 13, 31, 22] ;;; release; ghosts_and_ghouls-fabric-26.3_1.59.0.jar
[2026, 9, 25, 13, 31, 22] ;;; release; ghosts_and_ghouls-forge-1.19.4_1.59.0.jar
[2026, 9, 25, 13, 31, 22] ;;; release; ghosts_and_ghouls-forge-1.20.1_1.59.0.jar
[2026, 9, 25, 13, 31, 22] ;;; release; ghosts_and_ghouls-neoforge-1.20.4_1.59.0.jar
[2026, 9, 25, 13, 31, 22] ;;; release; ghosts_and_ghouls-neoforge-1.20.6_1.59.0.jar
[2026, 9, 25, 13, 31, 22] ;;; release; ghosts_and_ghouls-neoforge-1.21.1_1.59.0.jar
[2026, 9, 25, 13, 31, 22] ;;; release; ghosts_and_ghouls-neoforge-1.21.2_1.59.0.jar
[2026, 9, 25, 13, 31, 22] ;;; release; ghosts_and_ghouls-neoforge-1.21.4_1.59.0.jar
[2026, 9, 25, 13, 31, 22] ;;; release; ghosts_and_ghouls-neoforge-1.21.5_1.59.0.jar
[2026, 9, 25, 13, 31, 22] ;;; release; ghosts_and_ghouls-neoforge-1.21.8_1.59.0.jar
[2026, 9, 25, 13, 31, 22] ;;; release; ghosts_and_ghouls-neoforge-26.1_1.59.0.jar
[2026, 9, 25, 13, 31, 22] ;;; release; ghosts_and_ghouls-neoforge-26.2_1.59.0.jar
[2026, 9, 25, 13, 31, 22] ;;; release; ghosts_and_ghouls-neoforge-26.3_1.59.0.jar
[2026, 9, 25, 13, 31, 22] ;;; release; gothic_horror-fabric-1.21.8_1.59.0.jar
[2026, 9, 25, 13, 31, 22] ;;; release; gothic_horror-fabric-1.21.9_1.59.0.jar
[2026, 9, 25, 13, 31, 22] ;;; release; gothic_horror-fabric-26.1_1.59.0.jar
[2026, 9, 25, 13, 31, 22] ;;; release; gothic_horror-fabric-26.2_1.59.0.jar
[2026, 9, 25, 13, 31, 22] ;;; release; gothic_horror-fabric-26.3_1.59.0.jar
[2026, 9, 25, 13, 31, 22] ;;; release; gothic_horror-forge-1.19.4_1.59.0.jar
[2026, 9, 25, 13, 31, 22] ;;; release; gothic_horror-forge-1.20.1_1.59.0.jar
[2026, 9, 25, 13, 31, 22] ;;; release; gothic_horror-neoforge-1.20.4_1.59.0.jar
[2026, 9, 25, 13, 31, 22] ;;; release; gothic_horror-neoforge-1.20.6_1.59.0.jar
[2026, 9, 25, 13, 31, 22] ;;; release; gothic_horror-neoforge-1.21.1_1.59.0.jar
[2026, 9, 25, 13, 31, 22] ;;; release; gothic_horror-neoforge-1.21.2_1.59.0.jar
[2026, 9, 25, 13, 31, 22] ;;; release; gothic_horror-neoforge-1.21.4_1.59.0.jar
[2026, 9, 25, 13, 31, 22] ;;; release; gothic_horror-neoforge-1.21.5_1.59.0.jar
[2026, 9, 25, 13, 31, 22] ;;; release; gothic_horror-neoforge-1.21.8_1.59.0.jar
[2026, 9, 25, 13, 31, 22] ;;; release; gothic_horror-neoforge-26.1_1.59.0.jar
[2026, 9, 25, 13, 31, 22] ;;; release; gothic_horror-neoforge-26.2_1.59.0.jar
[2026, 9, 25, 13, 31, 22] ;;; release; gothic_horror-neoforge-26.3_1.59.0.jar
[2026, 9, 25, 13, 31, 22] ;;; release; gstools-fabric-1.21.8_1.59.0.jar
[2026, 9, 25, 13, 31, 22] ;;; release; gstools-fabric-1.21.9_1.59.0.jar
[2026, 9, 25, 13, 31, 22] ;;; release; gstools-fabric-26.1_1.59.0.jar
[2026, 9, 25, 13, 31, 22] ;;; release; gstools-fabric-26.2_1.59.0.jar
[2026, 9, 25, 13, 31, 22] ;;; release; gstools-fabric-26.3_1.59.0.jar
[2026, 9, 25, 13, 31, 22] ;;; release; gstools-forge-1.19.4_1.59.0.jar
[2026, 9, 25, 13, 31, 22] ;;; release; gstools-forge-1.20.1_1.59.0.jar
[2026, 9, 25, 13, 31, 22] ;;; release; gstools-neoforge-1.20.4_1.59.0.jar
[2026, 9, 25, 13, 31, 22] ;;; release; gstools-neoforge-1.20.6_1.59.0.jar
[2026, 9, 25, 13, 31, 22] ;;; release; gstools-neoforge-1.21.1_1.59.0.jar
[2026, 9, 25, 13, 31, 22] ;;; release; gstools-neoforge-1.21.2_1.59.0.jar
[2026, 9, 25, 13, 31, 22] ;;; release; gstools-neoforge-1.21.4_1.59.0.jar
[2026, 9, 25, 13, 31, 22] ;;; release; gstools-neoforge-1.21.5_1.59.0.jar
[2026, 9, 25, 13, 31, 22] ;;; release; gstools-neoforge-1.21.8_1.59.0.jar
[2026, 9, 25, 13, 31, 22] ;;; release; gstools-neoforge-26.1_1.59.0.jar
[2026, 9, 25, 13, 31, 22] ;;; release; gstools-neoforge-26.2_1.59.0.jar
[2026, 9, 25, 13, 31, 22] ;;; release; gstools-neoforge-26.3_1.59.0.jar
[2026, 9, 25, 13, 31, 22] ;;; release; life_and_death-fabric-1.21.8_1.59.0.jar
[2026, 9, 25, 13, 31, 22] ;;; release; life_and_death-fabric-1.21.9_1.59.0.jar
[2026, 9, 25, 13, 31, 22] ;;; release; life_and_death-fabric-26.1_1.59.0.jar
[2026, 9, 25, 13, 31, 22] ;;; release; life_and_death-fabric-26.2_1.59.0.jar
[2026, 9, 25, 13, 31, 22] ;;; release; life_and_death-fabric-26.3_1.59.0.jar
[2026, 9, 25, 13, 31, 22] ;;; release; life_and_death-forge-1.19.4_1.59.0.jar
[2026, 9, 25, 13, 31, 22] ;;; release; life_and_death-forge-1.20.1_1.59.0.jar
[2026, 9, 25, 13, 31, 22] ;;; release; life_and_death-neoforge-1.20.4_1.59.0.jar
[2026, 9, 25, 13, 31, 22] ;;; release; life_and_death-neoforge-1.20.6_1.59.0.jar
[2026, 9, 25, 13, 31, 22] ;;; release; life_and_death-neoforge-1.21.1_1.59.0.jar
[2026, 9, 25, 13, 31, 22] ;;; release; life_and_death-neoforge-1.21.2_1.59.0.jar
[2026, 9, 25, 13, 31, 22] ;;; release; life_and_death-neoforge-1.21.4_1.59.0.jar
[2026, 9, 25, 13, 31, 22] ;;; release; life_and_death-neoforge-1.21.5_1.59.0.jar
[2026, 9, 25, 13, 31, 22] ;;; release; life_and_death-neoforge-1.21.8_1.59.0.jar
[2026, 9, 25, 13, 31, 22] ;;; release; life_and_death-neoforge-26.1_1.59.0.jar
[2026, 9, 25, 13, 31, 22] ;;; release; life_and_death-neoforge-26.2_1.59.0.jar
[2026, 9, 25, 13, 31, 22] ;;; release; life_and_death-neoforge-26.3_1.59.0.jar
[2026, 9, 25, 13, 31, 22] ;;; release; undead_expanded-fabric-1.21.8_1.59.0.jar
[2026, 9, 25, 13, 31, 22] ;;; release; undead_expanded-fabric-1.21.9_1.59.0.jar
[2026, 9, 25, 13, 31, 22] ;;; release; undead_expanded-fabric-26.1_1.59.0.jar
[2026, 9, 25, 13, 31, 22] ;;; release; undead_expanded-fabric-26.2_1.59.0.jar
[2026, 9, 25, 13, 31, 22] ;;; release; undead_expanded-fabric-26.3_1.59.0.jar
[2026, 9, 25, 13, 31, 22] ;;; release; undead_expanded-forge-1.19.4_1.59.0.jar
[2026, 9, 25, 13, 31, 22] ;;; release; undead_expanded-forge-1.20.1_1.59.0.jar
[2026, 9, 25, 13, 31, 22] ;;; release; undead_expanded-neoforge-1.20.4_1.59.0.jar
[2026, 9, 25, 13, 31, 22] ;;; release; undead_expanded-neoforge-1.20.6_1.59.0.jar
[2026, 9, 25, 13, 31, 22] ;;; release; undead_expanded-neoforge-1.21.1_1.59.0.jar
[2026, 9, 25, 13, 31, 22] ;;; release; undead_expanded-neoforge-1.21.2_1.59.0.jar
[2026, 9, 25, 13, 31, 22] ;;; release; undead_expanded-neoforge-1.21.4_1.59.0.jar
[2026, 9, 25, 13, 31, 22] ;;; release; undead_expanded-neoforge-1.21.5_1.59.0.jar
[2026, 9, 25, 13, 31, 22] ;;; release; undead_expanded-neoforge-1.21.8_1.59.0.jar
[2026, 9, 25, 13, 31, 22] ;;; release; undead_expanded-neoforge-26.1_1.59.0.jar
[2026, 9, 25, 13, 31, 22] ;;; release; undead_expanded-neoforge-26.2_1.59.0.jar
[2026, 9, 25, 13, 31, 22] ;;; release; undead_expanded-neoforge-26.3_1.59.0.jar
[2026, 9, 25, 13, 31, 22] ;;; release; block_decay-fabric-1.21.10_1.59.0.jar
[2026, 9, 25, 13, 31, 22] ;;; release; block_decay-fabric-1.21.11_1.59.0.jar
[2026, 9, 25, 13, 31, 22] ;;; release; block_decay-fabric-1.21.8_1.59.0.jar
[2026, 9, 25, 13, 31, 22] ;;; release; block_decay-fabric-1.21.9_1.59.0.jar
[2026, 9, 25, 13, 31, 22] ;;; release; block_decay-fabric-26.1_1.59.0.jar
[2026, 9, 25, 13, 31, 22] ;;; release; block_decay-fabric-26.2_1.59.0.jar
[2026, 9, 25, 13, 31, 22] ;;; release; block_decay-fabric-26.3_1.59.0.jar
[2026, 9, 25, 13, 31, 22] ;;; release; block_decay-forge-1.19.4_1.59.0.jar
[2026, 9, 25, 13, 31, 22] ;;; release; block_decay-forge-1.20.1_1.59.0.jar
[2026, 9, 25, 13, 31, 22] ;;; release; block_decay-neoforge-1.20.4_1.59.0.jar
[2026, 9, 25, 13, 31, 22] ;;; release; block_decay-neoforge-1.20.6_1.59.0.jar
[2026, 9, 25, 13, 31, 22] ;;; release; block_decay-neoforge-1.21.10_1.59.0.jar
[2026, 9, 25, 13, 31, 22] ;;; release; block_decay-neoforge-1.21.11_1.59.0.jar
[2026, 9, 25, 13, 31, 22] ;;; release; block_decay-neoforge-1.21.1_1.59.0.jar
[2026, 9, 25, 13, 31, 22] ;;; release; block_decay-neoforge-1.21.2_1.59.0.jar
[2026, 9, 25, 13, 31, 22] ;;; release; block_decay-neoforge-1.21.4_1.59.0.jar
[2026, 9, 25, 13, 31, 22] ;;; release; block_decay-neoforge-1.21.5_1.59.0.jar
[2026, 9, 25, 13, 31, 22] ;;; release; block_decay-neoforge-1.21.8_1.59.0.jar
[2026, 9, 25, 13, 31, 22] ;;; release; block_decay-neoforge-1.21.9_1.59.0.jar
[2026, 9, 25, 13, 31, 22] ;;; release; block_decay-neoforge-1.21_1.59.0.jar
[2026, 9, 25, 13, 31, 22] ;;; release; block_decay-neoforge-26.1_1.59.0.jar
[2026, 9, 25, 13, 31, 22] ;;; release; block_decay-neoforge-26.2_1.59.0.jar
[2026, 9, 25, 13, 31, 22] ;;; release; block_decay-neoforge-26.3_1.59.0.jar
[2026, 9, 25, 13, 31, 22] ;;; release; desire_paths-fabric-1.21.8_1.59.0.jar
[2026, 9, 25, 13, 31, 22] ;;; release; desire_paths-fabric-1.21.9_1.59.0.jar
[2026, 9, 25, 13, 31, 22] ;;; release; desire_paths-fabric-26.1_1.59.0.jar
[2026, 9, 25, 13, 31, 22] ;;; release; desire_paths-fabric-26.2_1.59.0.jar
[2026, 9, 25, 13, 31, 22] ;;; release; desire_paths-fabric-26.3_1.59.0.jar
[2026, 9, 25, 13, 31, 22] ;;; release; desire_paths-forge-1.19.4_1.59.0.jar
[2026, 9, 25, 13, 31, 22] ;;; release; desire_paths-forge-1.20.1_1.59.0.jar
[2026, 9, 25, 13, 31, 22] ;;; release; desire_paths-neoforge-1.20.4_1.59.0.jar
[2026, 9, 25, 13, 31, 22] ;;; release; desire_paths-neoforge-1.20.6_1.59.0.jar
[2026, 9, 25, 13, 31, 22] ;;; release; desire_paths-neoforge-1.21.1_1.59.0.jar
[2026, 9, 25, 13, 31, 22] ;;; release; desire_paths-neoforge-1.21.2_1.59.0.jar
[2026, 9, 25, 13, 31, 22] ;;; release; desire_paths-neoforge-1.21.4_1.59.0.jar
[2026, 9, 25, 13, 31, 22] ;;; release; desire_paths-neoforge-1.21.5_1.59.0.jar
[2026, 9, 25, 13, 31, 22] ;;; release; desire_paths-neoforge-1.21.8_1.59.0.jar
[2026, 9, 25, 13, 31, 22] ;;; release; desire_paths-neoforge-26.1_1.59.0.jar
[2026, 9, 25, 13, 31, 22] ;;; release; desire_paths-neoforge-26.2_1.59.0.jar
[2026, 9, 25, 13, 31, 22] ;;; release; desire_paths-neoforge-26.3_1.59.0.jar
[2026, 9, 25, 13, 31, 22] ;;; release; dynamic_dirt-fabric-1.21.8_1.59.0.jar
[2026, 9, 25, 13, 31, 22] ;;; release; dynamic_dirt-fabric-1.21.9_1.59.0.jar
[2026, 9, 25, 13, 31, 22] ;;; release; dynamic_dirt-fabric-26.1_1.59.0.jar
[2026, 9, 25, 13, 31, 22] ;;; release; dynamic_dirt-fabric-26.2_1.59.0.jar
[2026, 9, 25, 13, 31, 22] ;;; release; dynamic_dirt-fabric-26.3_1.59.0.jar
[2026, 9, 25, 13, 31, 22] ;;; release; dynamic_dirt-forge-1.19.4_1.59.0.jar
[2026, 9, 25, 13, 31, 22] ;;; release; dynamic_dirt-forge-1.20.1_1.59.0.jar
[2026, 9, 25, 13, 31, 22] ;;; release; dynamic_dirt-neoforge-1.20.4_1.59.0.jar
[2026, 9, 25, 13, 31, 22] ;;; release; dynamic_dirt-neoforge-1.20.6_1.59.0.jar
[2026, 9, 25, 13, 31, 22] ;;; release; dynamic_dirt-neoforge-1.21.1_1.59.0.jar
[2026, 9, 25, 13, 31, 22] ;;; release; dynamic_dirt-neoforge-1.21.2_1.59.0.jar
[2026, 9, 25, 13, 31, 22] ;;; release; dynamic_dirt-neoforge-1.21.4_1.59.0.jar
[2026, 9, 25, 13, 31, 22] ;;; release; dynamic_dirt-neoforge-1.21.5_1.59.0.jar
[2026, 9, 25, 13, 31, 22] ;;; release; dynamic_dirt-neoforge-1.21.8_1.59.0.jar
[2026, 9, 25, 13, 31, 22] ;;; release; dynamic_dirt-neoforge-26.1_1.59.0.jar
[2026, 9, 25, 13, 31, 22] ;;; release; dynamic_dirt-neoforge-26.2_1.59.0.jar
[2026, 9, 25, 13, 31, 22] ;;; release; dynamic_dirt-neoforge-26.3_1.59.0.jar
[2026, 9, 25, 13, 31, 22] ;;; release; dynamic_ecosystems-fabric-1.21.8_1.59.0.jar
[2026, 9, 25, 13, 31, 22] ;;; release; dynamic_ecosystems-fabric-1.21.9_1.59.0.jar
[2026, 9, 25, 13, 31, 22] ;;; release; dynamic_ecosystems-fabric-26.1_1.59.0.jar
[2026, 9, 25, 13, 31, 22] ;;; release; dynamic_ecosystems-fabric-26.2_1.59.0.jar
[2026, 9, 25, 13, 31, 22] ;;; release; dynamic_ecosystems-fabric-26.3_1.59.0.jar
[2026, 9, 25, 13, 31, 22] ;;; release; dynamic_ecosystems-forge-1.19.4_1.59.0.jar
[2026, 9, 25, 13, 31, 22] ;;; release; dynamic_ecosystems-forge-1.20.1_1.59.0.jar
[2026, 9, 25, 13, 31, 22] ;;; release; dynamic_ecosystems-neoforge-1.20.4_1.59.0.jar
[2026, 9, 25, 13, 31, 22] ;;; release; dynamic_ecosystems-neoforge-1.20.6_1.59.0.jar
[2026, 9, 25, 13, 31, 22] ;;; release; dynamic_ecosystems-neoforge-1.21.1_1.59.0.jar
[2026, 9, 25, 13, 31, 22] ;;; release; dynamic_ecosystems-neoforge-1.21.2_1.59.0.jar
[2026, 9, 25, 13, 31, 22] ;;; release; dynamic_ecosystems-neoforge-1.21.4_1.59.0.jar
[2026, 9, 25, 13, 31, 22] ;;; release; dynamic_ecosystems-neoforge-1.21.5_1.59.0.jar
[2026, 9, 25, 13, 31, 22] ;;; release; dynamic_ecosystems-neoforge-1.21.8_1.59.0.jar
[2026, 9, 25, 13, 31, 22] ;;; release; dynamic_ecosystems-neoforge-26.1_1.59.0.jar
[2026, 9, 25, 13, 31, 22] ;;; release; dynamic_ecosystems-neoforge-26.2_1.59.0.jar
[2026, 9, 25, 13, 31, 22] ;;; release; dynamic_ecosystems-neoforge-26.3_1.59.0.jar
[2026, 9, 25, 13, 31, 22] ;;; release; dynamic_monsters-fabric-1.21.8_1.59.0.jar
[2026, 9, 25, 13, 31, 22] ;;; release; dynamic_monsters-fabric-1.21.9_1.59.0.jar
[2026, 9, 25, 13, 31, 22] ;;; release; dynamic_monsters-fabric-26.1_1.59.0.jar
[2026, 9, 25, 13, 31, 22] ;;; release; dynamic_monsters-fabric-26.2_1.59.0.jar
[2026, 9, 25, 13, 31, 22] ;;; release; dynamic_monsters-fabric-26.3_1.59.0.jar
[2026, 9, 25, 13, 31, 22] ;;; release; dynamic_monsters-forge-1.19.4_1.59.0.jar
[2026, 9, 25, 13, 31, 22] ;;; release; dynamic_monsters-forge-1.20.1_1.59.0.jar
[2026, 9, 25, 13, 31, 22] ;;; release; dynamic_monsters-neoforge-1.20.4_1.59.0.jar
[2026, 9, 25, 13, 31, 22] ;;; release; dynamic_monsters-neoforge-1.20.6_1.59.0.jar
[2026, 9, 25, 13, 31, 22] ;;; release; dynamic_monsters-neoforge-1.21.1_1.59.0.jar
[2026, 9, 25, 13, 31, 22] ;;; release; dynamic_monsters-neoforge-1.21.2_1.59.0.jar
[2026, 9, 25, 13, 31, 22] ;;; release; dynamic_monsters-neoforge-1.21.4_1.59.0.jar
[2026, 9, 25, 13, 31, 22] ;;; release; dynamic_monsters-neoforge-1.21.5_1.59.0.jar
[2026, 9, 25, 13, 31, 22] ;;; release; dynamic_monsters-neoforge-1.21.8_1.59.0.jar
[2026, 9, 25, 13, 31, 22] ;;; release; dynamic_monsters-neoforge-26.1_1.59.0.jar
[2026, 9, 25, 13, 31, 22] ;;; release; dynamic_monsters-neoforge-26.2_1.59.0.jar
[2026, 9, 25, 13, 31, 22] ;;; release; dynamic_monsters-neoforge-26.3_1.59.0.jar
[2026, 9, 25, 13, 31, 22] ;;; release; enhanced_survival-fabric-1.21.8_1.59.0.jar
[2026, 9, 25, 13, 31, 22] ;;; release; enhanced_survival-fabric-1.21.9_1.59.0.jar
[2026, 9, 25, 13, 31, 22] ;;; release; enhanced_survival-fabric-26.1_1.59.0.jar
[2026, 9, 25, 13, 31, 22] ;;; release; enhanced_survival-fabric-26.2_1.59.0.jar
[2026, 9, 25, 13, 31, 22] ;;; release; enhanced_survival-fabric-26.3_1.59.0.jar
[2026, 9, 25, 13, 31, 22] ;;; release; enhanced_survival-forge-1.19.4_1.59.0.jar
[2026, 9, 25, 13, 31, 22] ;;; release; enhanced_survival-forge-1.20.1_1.59.0.jar
[2026, 9, 25, 13, 31, 22] ;;; release; enhanced_survival-neoforge-1.20.4_1.59.0.jar
[2026, 9, 25, 13, 31, 22] ;;; release; enhanced_survival-neoforge-1.20.6_1.59.0.jar
[2026, 9, 25, 13, 31, 22] ;;; release; enhanced_survival-neoforge-1.21.1_1.59.0.jar
[2026, 9, 25, 13, 31, 22] ;;; release; enhanced_survival-neoforge-1.21.2_1.59.0.jar
[2026, 9, 25, 13, 31, 22] ;;; release; enhanced_survival-neoforge-1.21.4_1.59.0.jar
[2026, 9, 25, 13, 31, 22] ;;; release; enhanced_survival-neoforge-1.21.5_1.59.0.jar
[2026, 9, 25, 13, 31, 22] ;;; release; enhanced_survival-neoforge-1.21.8_1.59.0.jar
[2026, 9, 25, 13, 31, 22] ;;; release; enhanced_survival-neoforge-26.1_1.59.0.jar
[2026, 9, 25, 13, 31, 22] ;;; release; enhanced_survival-neoforge-26.2_1.59.0.jar
[2026, 9, 25, 13, 31, 22] ;;; release; enhanced_survival-neoforge-26.3_1.59.0.jar
[2026, 9, 25, 13, 31, 22] ;;; release; ghosts_and_ghouls-fabric-1.21.8_1.59.0.jar
[2026, 9, 25, 13, 31, 22] ;;; release; ghosts_and_ghouls-fabric-1.21.9_1.59.0.jar
[2026, 9, 25, 13, 31, 22] ;;; release; ghosts_and_ghouls-fabric-26.1_1.59.0.jar
[2026, 9, 25, 13, 31, 22] ;;; release; ghosts_and_ghouls-fabric-26.2_1.59.0.jar
[2026, 9, 25, 13, 31, 22] ;;; release; ghosts_and_ghouls-fabric-26.3_1.59.0.jar
[2026, 9, 25, 13, 31, 22] ;;; release; ghosts_and_ghouls-forge-1.19.4_1.59.0.jar
[2026, 9, 25, 13, 31, 22] ;;; release; ghosts_and_ghouls-forge-1.20.1_1.59.0.jar
[2026, 9, 25, 13, 31, 22] ;;; release; ghosts_and_ghouls-neoforge-1.20.4_1.59.0.jar
[2026, 9, 25, 13, 31, 22] ;;; release; ghosts_and_ghouls-neoforge-1.20.6_1.59.0.jar
[2026, 9, 25, 13, 31, 22] ;;; release; ghosts_and_ghouls-neoforge-1.21.1_1.59.0.jar
[2026, 9, 25, 13, 31, 22] ;;; release; ghosts_and_ghouls-neoforge-1.21.2_1.59.0.jar
[2026, 9, 25, 13, 31, 22] ;;; release; ghosts_and_ghouls-neoforge-1.21.4_1.59.0.jar
[2026, 9, 25, 13, 31, 22] ;;; release; ghosts_and_ghouls-neoforge-1.21.5_1.59.0.jar
[2026, 9, 25, 13, 31, 22] ;;; release; ghosts_and_ghouls-neoforge-1.21.8_1.59.0.jar
[2026, 9, 25, 13, 31, 22] ;;; release; ghosts_and_ghouls-neoforge-26.1_1.59.0.jar
[2026, 9, 25, 13, 31, 22] ;;; release; ghosts_and_ghouls-neoforge-26.2_1.59.0.jar
[2026, 9, 25, 13, 31, 22] ;;; release; ghosts_and_ghouls-neoforge-26.3_1.59.0.jar
[2026, 9, 25, 13, 31, 22] ;;; release; gothic_horror-fabric-1.21.8_1.59.0.jar
[2026, 9, 25, 13, 31, 22] ;;; release; gothic_horror-fabric-1.21.9_1.59.0.jar
[2026, 9, 25, 13, 31, 22] ;;; release; gothic_horror-fabric-26.1_1.59.0.jar
[2026, 9, 25, 13, 31, 22] ;;; release; gothic_horror-fabric-26.2_1.59.0.jar
[2026, 9, 25, 13, 31, 22] ;;; release; gothic_horror-fabric-26.3_1.59.0.jar
[2026, 9, 25, 13, 31, 22] ;;; release; gothic_horror-forge-1.19.4_1.59.0.jar
[2026, 9, 25, 13, 31, 22] ;;; release; gothic_horror-forge-1.20.1_1.59.0.jar
[2026, 9, 25, 13, 31, 22] ;;; release; gothic_horror-neoforge-1.20.4_1.59.0.jar
[2026, 9, 25, 13, 31, 22] ;;; release; gothic_horror-neoforge-1.20.6_1.59.0.jar
[2026, 9, 25, 13, 31, 22] ;;; release; gothic_horror-neoforge-1.21.1_1.59.0.jar
[2026, 9, 25, 13, 31, 22] ;;; release; gothic_horror-neoforge-1.21.2_1.59.0.jar
[2026, 9, 25, 13, 31, 22] ;;; release; gothic_horror-neoforge-1.21.4_1.59.0.jar
[2026, 9, 25, 13, 31, 22] ;;; release; gothic_horror-neoforge-1.21.5_1.59.0.jar
[2026, 9, 25, 13, 31, 22] ;;; release; gothic_horror-neoforge-1.21.8_1.59.0.jar
[2026, 9, 25, 13, 31, 22] ;;; release; gothic_horror-neoforge-26.1_1.59.0.jar
[2026, 9, 25, 13, 31, 22] ;;; release; gothic_horror-neoforge-26.2_1.59.0.jar
[2026, 9, 25, 13, 31, 22] ;;; release; gothic_horror-neoforge-26.3_1.59.0.jar
[2026, 9, 25, 13, 31, 22] ;;; release; gstools-fabric-1.21.8_1.59.0.jar
[2026, 9, 25, 13, 31, 22] ;;; release; gstools-fabric-1.21.9_1.59.0.jar
[2026, 9, 25, 13, 31, 22] ;;; release; gstools-fabric-26.1_1.59.0.jar
[2026, 9, 25, 13, 31, 22] ;;; release; gstools-fabric-26.2_1.59.0.jar
[2026, 9, 25, 13, 31, 22] ;;; release; gstools-fabric-26.3_1.59.0.jar
[2026, 9, 25, 13, 31, 22] ;;; release; gstools-forge-1.19.4_1.59.0.jar
[2026, 9, 25, 13, 31, 22] ;;; release; gstools-forge-1.20.1_1.59.0.jar
[2026, 9, 25, 13, 31, 22] ;;; release; gstools-neoforge-1.20.4_1.59.0.jar
[2026, 9, 25, 13, 31, 22] ;;; release; gstools-neoforge-1.20.6_1.59.0.jar
[2026, 9, 25, 13, 31, 22] ;;; release; gstools-neoforge-1.21.1_1.59.0.jar
[2026, 9, 25, 13, 31, 22] ;;; release; gstools-neoforge-1.21.2_1.59.0.jar
[2026, 9, 25, 13, 31, 22] ;;; release; gstools-neoforge-1.21.4_1.59.0.jar
[2026, 9, 25, 13, 31, 22] ;;; release; gstools-neoforge-1.21.5_1.59.0.jar
[2026, 9, 25, 13, 31, 22] ;;; release; gstools-neoforge-1.21.8_1.59.0.jar
[2026, 9, 25, 13, 31, 22] ;;; release; gstools-neoforge-26.1_1.59.0.jar
[2026, 9, 25, 13, 31, 22] ;;; release; gstools-neoforge-26.2_1.59.0.jar
[2026, 9, 25, 13, 31, 22] ;;; release; gstools-neoforge-26.3_1.59.0.jar
[2026, 9, 25, 13, 31, 22] ;;; release; life_and_death-fabric-1.21.8_1.59.0.jar
[2026, 9, 25, 13, 31, 22] ;;; release; life_and_death-fabric-1.21.9_1.59.0.jar
[2026, 9, 25, 13, 31, 22] ;;; release; life_and_death-fabric-26.1_1.59.0.jar
[2026, 9, 25, 13, 31, 22] ;;; release; life_and_death-fabric-26.2_1.59.0.jar
[2026, 9, 25, 13, 31, 22] ;;; release; life_and_death-fabric-26.3_1.59.0.jar
[2026, 9, 25, 13, 31, 22] ;;; release; life_and_death-forge-1.19.4_1.59.0.jar
[2026, 9, 25, 13, 31, 22] ;;; release; life_and_death-forge-1.20.1_1.59.0.jar
[2026, 9, 25, 13, 31, 22] ;;; release; life_and_death-neoforge-1.20.4_1.59.0.jar
[2026, 9, 25, 13, 31, 22] ;;; release; life_and_death-neoforge-1.20.6_1.59.0.jar
[2026, 9, 25, 13, 31, 22] ;;; release; life_and_death-neoforge-1.21.1_1.59.0.jar
[2026, 9, 25, 13, 31, 22] ;;; release; life_and_death-neoforge-1.21.2_1.59.0.jar
[2026, 9, 25, 13, 31, 22] ;;; release; life_and_death-neoforge-1.21.4_1.59.0.jar
[2026, 9, 25, 13, 31, 22] ;;; release; life_and_death-neoforge-1.21.5_1.59.0.jar
[2026, 9, 25, 13, 31, 22] ;;; release; life_and_death-neoforge-1.21.8_1.59.0.jar
[2026, 9, 25, 13, 31, 22] ;;; release; life_and_death-neoforge-26.1_1.59.0.jar
[2026, 9, 25, 13, 31, 22] ;;; release; life_and_death-neoforge-26.2_1.59.0.jar
[2026, 9, 25, 13, 31, 22] ;;; release; life_and_death-neoforge-26.3_1.59.0.jar
[2026, 9, 25, 13, 31, 22] ;;; release; undead_expanded-fabric-1.21.8_1.59.0.jar
[2026, 9, 25, 13, 31, 22] ;;; release; undead_expanded-fabric-1.21.9_1.59.0.jar
[2026, 9, 25, 13, 31, 22] ;;; release; undead_expanded-fabric-26.1_1.59.0.jar
[2026, 9, 25, 13, 31, 22] ;;; release; undead_expanded-fabric-26.2_1.59.0.jar
[2026, 9, 25, 13, 31, 22] ;;; release; undead_expanded-fabric-26.3_1.59.0.jar
[2026, 9, 25, 13, 31, 22] ;;; release; undead_expanded-forge-1.19.4_1.59.0.jar
[2026, 9, 25, 13, 31, 22] ;;; release; undead_expanded-forge-1.20.1_1.59.0.jar
[2026, 9, 25, 13, 31, 22] ;;; release; undead_expanded-neoforge-1.20.4_1.59.0.jar
[2026, 9, 25, 13, 31, 22] ;;; release; undead_expanded-neoforge-1.20.6_1.59.0.jar
[2026, 9, 25, 13, 31, 22] ;;; release; undead_expanded-neoforge-1.21.1_1.59.0.jar
[2026, 9, 25, 13, 31, 22] ;;; release; undead_expanded-neoforge-1.21.2_1.59.0.jar
[2026, 9, 25, 13, 31, 22] ;;; release; undead_expanded-neoforge-1.21.4_1.59.0.jar
[2026, 9, 25, 13, 31, 22] ;;; release; undead_expanded-neoforge-1.21.5_1.59.0.jar
[2026, 9, 25, 13, 31, 22] ;;; release; undead_expanded-neoforge-1.21.8_1.59.0.jar
[2026, 9, 25, 13, 31, 22] ;;; release; undead_expanded-neoforge-26.1_1.59.0.jar
[2026, 9, 25, 13, 31, 22] ;;; release; undead_expanded-neoforge-26.2_1.59.0.jar
[2026, 9, 25, 13, 31, 22] ;;; release; undead_expanded-neoforge-26.3_1.59.0.jar
[2026, 9, 25, 13, 31, 22] ;;; release; block_decay-fabric-1.21.10_1.59.0.jar
[2026, 9, 25, 13, 31, 22] ;;; release; block_decay-fabric-1.21.11_1.59.0.jar
[2026, 9, 25, 13, 31, 22] ;;; release; block_decay-fabric-1.21.8_1.59.0.jar
[2026, 9, 25, 13, 31, 22] ;;; release; block_decay-fabric-1.21.9_1.59.0.jar
[2026, 9, 25, 13, 31, 22] ;;; release; block_decay-fabric-26.1_1.59.0.jar
[2026, 9, 25, 13, 31, 22] ;;; release; block_decay-fabric-26.2_1.59.0.jar
[2026, 9, 25, 13, 31, 22] ;;; release; block_decay-fabric-26.3_1.59.0.jar
[2026, 9, 25, 13, 31, 22] ;;; release; block_decay-forge-1.19.4_1.59.0.jar
[2026, 9, 25, 13, 31, 22] ;;; release; block_decay-forge-1.20.1_1.59.0.jar
[2026, 9, 25, 13, 31, 22] ;;; release; block_decay-neoforge-1.20.4_1.59.0.jar
[2026, 9, 25, 13, 31, 22] ;;; release; block_decay-neoforge-1.20.6_1.59.0.jar
[2026, 9, 25, 13, 31, 22] ;;; release; block_decay-neoforge-1.21.10_1.59.0.jar
[2026, 9, 25, 13, 31, 22] ;;; release; block_decay-neoforge-1.21.11_1.59.0.jar
[2026, 9, 25, 13, 31, 22] ;;; release; block_decay-neoforge-1.21.1_1.59.0.jar
[2026, 9, 25, 13, 31, 22] ;;; release; block_decay-neoforge-1.21.2_1.59.0.jar
[2026, 9, 25, 13, 31, 22] ;;; release; block_decay-neoforge-1.21.4_1.59.0.jar
[2026, 9, 25, 13, 31, 22] ;;; release; block_decay-neoforge-1.21.5_1.59.0.jar
[2026, 9, 25, 13, 31, 22] ;;; release; block_decay-neoforge-1.21.8_1.59.0.jar
[2026, 9, 25, 13, 31, 22] ;;; release; block_decay-neoforge-1.21.9_1.59.0.jar
[2026, 9, 25, 13, 31, 22] ;;; release; block_decay-neoforge-1.21_1.59.0.jar
[2026, 9, 25, 13, 31, 22] ;;; release; block_decay-neoforge-26.1_1.59.0.jar
[2026, 9, 25, 13, 31, 22] ;;; release; block_decay-neoforge-26.2_1.59.0.jar
[2026, 9, 25, 13, 31, 22] ;;; release; block_decay-neoforge-26.3_1.59.0.jar
[2026, 9, 25, 13, 31, 22] ;;; release; desire_paths-fabric-1.21.8_1.59.0.jar
[2026, 9, 25, 13, 31, 22] ;;; release; desire_paths-fabric-1.21.9_1.59.0.jar
[2026, 9, 25, 13, 31, 22] ;;; release; desire_paths-fabric-26.1_1.59.0.jar
[2026, 9, 25, 13, 31, 22] ;;; release; desire_paths-fabric-26.2_1.59.0.jar
[2026, 9, 25, 13, 31, 22] ;;; release; desire_paths-fabric-26.3_1.59.0.jar
[2026, 9, 25, 13, 31, 22] ;;; release; desire_paths-forge-1.19.4_1.59.0.jar
[2026, 9, 25, 13, 31, 22] ;;; release; desire_paths-forge-1.20.1_1.59.0.jar
[2026, 9, 25, 13, 31, 22] ;;; release; desire_paths-neoforge-1.20.4_1.59.0.jar
[2026, 9, 25, 13, 31, 22] ;;; release; desire_paths-neoforge-1.20.6_1.59.0.jar
[2026, 9, 25, 13, 31, 22] ;;; release; desire_paths-neoforge-1.21.1_1.59.0.jar
[2026, 9, 25, 13, 31, 22] ;;; release; desire_paths-neoforge-1.21.2_1.59.0.jar
[2026, 9, 25, 13, 31, 22] ;;; release; desire_paths-neoforge-1.21.4_1.59.0.jar
[2026, 9, 25, 13, 31, 22] ;;; release; desire_paths-neoforge-1.21.5_1.59.0.jar
[2026, 9, 25, 13, 31, 22] ;;; release; desire_paths-neoforge-1.21.8_1.59.0.jar
[2026, 9, 25, 13, 31, 22] ;;; release; desire_paths-neoforge-26.1_1.59.0.jar
[2026, 9, 25, 13, 31, 22] ;;; release; desire_paths-neoforge-26.2_1.59.0.jar
[2026, 9, 25, 13, 31, 22] ;;; release; desire_paths-neoforge-26.3_1.59.0.jar
[2026, 9, 25, 13, 31, 22] ;;; release; dynamic_dirt-fabric-1.21.8_1.59.0.jar
[2026, 9, 25, 13, 31, 22] ;;; release; dynamic_dirt-fabric-1.21.9_1.59.0.jar
[2026, 9, 25, 13, 31, 22] ;;; release; dynamic_dirt-fabric-26.1_1.59.0.jar
[2026, 9, 25, 13, 31, 22] ;;; release; dynamic_dirt-fabric-26.2_1.59.0.jar
[2026, 9, 25, 13, 31, 22] ;;; release; dynamic_dirt-fabric-26.3_1.59.0.jar
[2026, 9, 25, 13, 31, 22] ;;; release; dynamic_dirt-forge-1.19.4_1.59.0.jar
[2026, 9, 25, 13, 31, 22] ;;; release; dynamic_dirt-forge-1.20.1_1.59.0.jar
[2026, 9, 25, 13, 31, 22] ;;; release; dynamic_dirt-neoforge-1.20.4_1.59.0.jar
[2026, 9, 25, 13, 31, 22] ;;; release; dynamic_dirt-neoforge-1.20.6_1.59.0.jar
[2026, 9, 25, 13, 31, 22] ;;; release; dynamic_dirt-neoforge-1.21.1_1.59.0.jar
[2026, 9, 25, 13, 31, 22] ;;; release; dynamic_dirt-neoforge-1.21.2_1.59.0.jar
[2026, 9, 25, 13, 31, 22] ;;; release; dynamic_dirt-neoforge-1.21.4_1.59.0.jar
[2026, 9, 25, 13, 31, 22] ;;; release; dynamic_dirt-neoforge-1.21.5_1.59.0.jar
[2026, 9, 25, 13, 31, 22] ;;; release; dynamic_dirt-neoforge-1.21.8_1.59.0.jar
[2026, 9, 25, 13, 31, 22] ;;; release; dynamic_dirt-neoforge-26.1_1.59.0.jar
[2026, 9, 25, 13, 31, 22] ;;; release; dynamic_dirt-neoforge-26.2_1.59.0.jar
[2026, 9, 25, 13, 31, 22] ;;; release; dynamic_dirt-neoforge-26.3_1.59.0.jar
[2026, 9, 25, 13, 31, 22] ;;; release; dynamic_ecosystems-fabric-1.21.8_1.59.0.jar
[2026, 9, 25, 13, 31, 22] ;;; release; dynamic_ecosystems-fabric-1.21.9_1.59.0.jar
[2026, 9, 25, 13, 31, 22] ;;; release; dynamic_ecosystems-fabric-26.1_1.59.0.jar
[2026, 9, 25, 13, 31, 22] ;;; release; dynamic_ecosystems-fabric-26.2_1.59.0.jar
[2026, 9, 25, 13, 31, 22] ;;; release; dynamic_ecosystems-fabric-26.3_1.59.0.jar
[2026, 9, 25, 13, 31, 22] ;;; release; dynamic_ecosystems-forge-1.19.4_1.59.0.jar
[2026, 9, 25, 13, 31, 22] ;;; release; dynamic_ecosystems-forge-1.20.1_1.59.0.jar
[2026, 9, 25, 13, 31, 22] ;;; release; dynamic_ecosystems-neoforge-1.20.4_1.59.0.jar
[2026, 9, 25, 13, 31, 22] ;;; release; dynamic_ecosystems-neoforge-1.20.6_1.59.0.jar
[2026, 9, 25, 13, 31, 22] ;;; release; dynamic_ecosystems-neoforge-1.21.1_1.59.0.jar
[2026, 9, 25, 13, 31, 22] ;;; release; dynamic_ecosystems-neoforge-1.21.2_1.59.0.jar
[2026, 9, 25, 13, 31, 22] ;;; release; dynamic_ecosystems-neoforge-1.21.4_1.59.0.jar
[2026, 9, 25, 13, 31, 22] ;;; release; dynamic_ecosystems-neoforge-1.21.5_1.59.0.jar
[2026, 9, 25, 13, 31, 22] ;;; release; dynamic_ecosystems-neoforge-1.21.8_1.59.0.jar
[2026, 9, 25, 13, 31, 22] ;;; release; dynamic_ecosystems-neoforge-26.1_1.59.0.jar
[2026, 9, 25, 13, 31, 22] ;;; release; dynamic_ecosystems-neoforge-26.2_1.59.0.jar
[2026, 9, 25, 13, 31, 22] ;;; release; dynamic_ecosystems-neoforge-26.3_1.59.0.jar
[2026, 9, 25, 13, 31, 22] ;;; release; dynamic_monsters-fabric-1.21.8_1.59.0.jar
[2026, 9, 25, 13, 31, 22] ;;; release; dynamic_monsters-fabric-1.21.9_1.59.0.jar
[2026, 9, 25, 13, 31, 22] ;;; release; dynamic_monsters-fabric-26.1_1.59.0.jar
[2026, 9, 25, 13, 31, 22] ;;; release; dynamic_monsters-fabric-26.2_1.59.0.jar
[2026, 9, 25, 13, 31, 22] ;;; release; dynamic_monsters-fabric-26.3_1.59.0.jar
[2026, 9, 25, 13, 31, 22] ;;; release; dynamic_monsters-forge-1.19.4_1.59.0.jar
[2026, 9, 25, 13, 31, 22] ;;; release; dynamic_monsters-forge-1.20.1_1.59.0.jar
[2026, 9, 25, 13, 31, 22] ;;; release; dynamic_monsters-neoforge-1.20.4_1.59.0.jar
[2026, 9, 25, 13, 31, 22] ;;; release; dynamic_monsters-neoforge-1.20.6_1.59.0.jar
[2026, 9, 25, 13, 31, 22] ;;; release; dynamic_monsters-neoforge-1.21.1_1.59.0.jar
[2026, 9, 25, 13, 31, 22] ;;; release; dynamic_monsters-neoforge-1.21.2_1.59.0.jar
[2026, 9, 25, 13, 31, 22] ;;; release; dynamic_monsters-neoforge-1.21.4_1.59.0.jar
[2026, 9, 25, 13, 31, 22] ;;; release; dynamic_monsters-neoforge-1.21.5_1.59.0.jar
[2026, 9, 25, 13, 31, 22] ;;; release; dynamic_monsters-neoforge-1.21.8_1.59.0.jar
[2026, 9, 25, 13, 31, 22] ;;; release; dynamic_monsters-neoforge-26.1_1.59.0.jar
[2026, 9, 25, 13, 31, 22] ;;; release; dynamic_monsters-neoforge-26.2_1.59.0.jar
[2026, 9, 25, 13, 31, 22] ;;; release; dynamic_monsters-neoforge-26.3_1.59.0.jar
[2026, 9, 25, 13, 31, 22] ;;; release; enhanced_survival-fabric-1.21.8_1.59.0.jar
[2026, 9, 25, 13, 31, 22] ;;; release; enhanced_survival-fabric-1.21.9_1.59.0.jar
[2026, 9, 25, 13, 31, 22] ;;; release; enhanced_survival-fabric-26.1_1.59.0.jar
[2026, 9, 25, 13, 31, 22] ;;; release; enhanced_survival-fabric-26.2_1.59.0.jar
[2026, 9, 25, 13, 31, 22] ;;; release; enhanced_survival-fabric-26.3_1.59.0.jar
[2026, 9, 25, 13, 31, 22] ;;; release; enhanced_survival-forge-1.19.4_1.59.0.jar
[2026, 9, 25, 13, 31, 22] ;;; release; enhanced_survival-forge-1.20.1_1.59.0.jar
[2026, 9, 25, 13, 31, 22] ;;; release; enhanced_survival-neoforge-1.20.4_1.59.0.jar
[2026, 9, 25, 13, 31, 22] ;;; release; enhanced_survival-neoforge-1.20.6_1.59.0.jar
[2026, 9, 25, 13, 31, 22] ;;; release; enhanced_survival-neoforge-1.21.1_1.59.0.jar
[2026, 9, 25, 13, 31, 22] ;;; release; enhanced_survival-neoforge-1.21.2_1.59.0.jar
[2026, 9, 25, 13, 31, 22] ;;; release; enhanced_survival-neoforge-1.21.4_1.59.0.jar
[2026, 9, 25, 13, 31, 22] ;;; release; enhanced_survival-neoforge-1.21.5_1.59.0.jar
[2026, 9, 25, 13, 31, 22] ;;; release; enhanced_survival-neoforge-1.21.8_1.59.0.jar
[2026, 9, 25, 13, 31, 22] ;;; release; enhanced_survival-neoforge-26.1_1.59.0.jar
[2026, 9, 25, 13, 31, 22] ;;; release; enhanced_survival-neoforge-26.2_1.59.0.jar
[2026, 9, 25, 13, 31, 22] ;;; release; enhanced_survival-neoforge-26.3_1.59.0.jar
[2026, 9, 25, 13, 31, 22] ;;; release; ghosts_and_ghouls-fabric-1.21.8_1.59.0.jar
[2026, 9, 25, 13, 31, 22] ;;; release; ghosts_and_ghouls-fabric-1.21.9_1.59.0.jar
[2026, 9, 25, 13, 31, 22] ;;; release; ghosts_and_ghouls-fabric-26.1_1.59.0.jar
[2026, 9, 25, 13, 31, 22] ;;; release; ghosts_and_ghouls-fabric-26.2_1.59.0.jar
[2026, 9, 25, 13, 31, 22] ;;; release; ghosts_and_ghouls-fabric-26.3_1.59.0.jar
[2026, 9, 25, 13, 31, 22] ;;; release; ghosts_and_ghouls-forge-1.19.4_1.59.0.jar
[2026, 9, 25, 13, 31, 22] ;;; release; ghosts_and_ghouls-forge-1.20.1_1.59.0.jar
[2026, 9, 25, 13, 31, 22] ;;; release; ghosts_and_ghouls-neoforge-1.20.4_1.59.0.jar
[2026, 9, 25, 13, 31, 22] ;;; release; ghosts_and_ghouls-neoforge-1.20.6_1.59.0.jar
[2026, 9, 25, 13, 31, 22] ;;; release; ghosts_and_ghouls-neoforge-1.21.1_1.59.0.jar
[2026, 9, 25, 13, 31, 22] ;;; release; ghosts_and_ghouls-neoforge-1.21.2_1.59.0.jar
[2026, 9, 25, 13, 31, 22] ;;; release; ghosts_and_ghouls-neoforge-1.21.4_1.59.0.jar
[2026, 9, 25, 13, 31, 22] ;;; release; ghosts_and_ghouls-neoforge-1.21.5_1.59.0.jar
[2026, 9, 25, 13, 31, 22] ;;; release; ghosts_and_ghouls-neoforge-1.21.8_1.59.0.jar
[2026, 9, 25, 13, 31, 22] ;;; release; ghosts_and_ghouls-neoforge-26.1_1.59.0.jar
[2026, 9, 25, 13, 31, 22] ;;; release; ghosts_and_ghouls-neoforge-26.2_1.59.0.jar
[2026, 9, 25, 13, 31, 22] ;;; release; ghosts_and_ghouls-neoforge-26.3_1.59.0.jar
[2026, 9, 25, 13, 31, 22] ;;; release; gothic_horror-fabric-1.21.8_1.59.0.jar
[2026, 9, 25, 13, 31, 22] ;;; release; gothic_horror-fabric-1.21.9_1.59.0.jar
[2026, 9, 25, 13, 31, 22] ;;; release; gothic_horror-fabric-26.1_1.59.0.jar
[2026, 9, 25, 13, 31, 22] ;;; release; gothic_horror-fabric-26.2_1.59.0.jar
[2026, 9, 25, 13, 31, 22] ;;; release; gothic_horror-fabric-26.3_1.59.0.jar
[2026, 9, 25, 13, 31, 22] ;;; release; gothic_horror-forge-1.19.4_1.59.0.jar
[2026, 9, 25, 13, 31, 22] ;;; release; gothic_horror-forge-1.20.1_1.59.0.jar
[2026, 9, 25, 13, 31, 22] ;;; release; gothic_horror-neoforge-1.20.4_1.59.0.jar
[2026, 9, 25, 13, 31, 22] ;;; release; gothic_horror-neoforge-1.20.6_1.59.0.jar
[2026, 9, 25, 13, 31, 22] ;;; release; gothic_horror-neoforge-1.21.1_1.59.0.jar
[2026, 9, 25, 13, 31, 22] ;;; release; gothic_horror-neoforge-1.21.2_1.59.0.jar
[2026, 9, 25, 13, 31, 22] ;;; release; gothic_horror-neoforge-1.21.4_1.59.0.jar
[2026, 9, 25, 13, 31, 22] ;;; release; gothic_horror-neoforge-1.21.5_1.59.0.jar
[2026, 9, 25, 13, 31, 22] ;;; release; gothic_horror-neoforge-1.21.8_1.59.0.jar
[2026, 9, 25, 13, 31, 22] ;;; release; gothic_horror-neoforge-26.1_1.59.0.jar
[2026, 9, 25, 13, 31, 22] ;;; release; gothic_horror-neoforge-26.2_1.59.0.jar
[2026, 9, 25, 13, 31, 22] ;;; release; gothic_horror-neoforge-26.3_1.59.0.jar
[2026, 9, 25, 13, 31, 22] ;;; release; gstools-fabric-1.21.8_1.59.0.jar
[2026, 9, 25, 13, 31, 22] ;;; release; gstools-fabric-1.21.9_1.59.0.jar
[2026, 9, 25, 13, 31, 22] ;;; release; gstools-fabric-26.1_1.59.0.jar
[2026, 9, 25, 13, 31, 22] ;;; release; gstools-fabric-26.2_1.59.0.jar
[2026, 9, 25, 13, 31, 22] ;;; release; gstools-fabric-26.3_1.59.0.jar
[2026, 9, 25, 13, 31, 22] ;;; release; gstools-forge-1.19.4_1.59.0.jar
[2026, 9, 25, 13, 31, 22] ;;; release; gstools-forge-1.20.1_1.59.0.jar
[2026, 9, 25, 13, 31, 22] ;;; release; gstools-neoforge-1.20.4_1.59.0.jar
[2026, 9, 25, 13, 31, 22] ;;; release; gstools-neoforge-1.20.6_1.59.0.jar
[2026, 9, 25, 13, 31, 22] ;;; release; gstools-neoforge-1.21.1_1.59.0.jar
[2026, 9, 25, 13, 31, 22] ;;; release; gstools-neoforge-1.21.2_1.59.0.jar
[2026, 9, 25, 13, 31, 22] ;;; release; gstools-neoforge-1.21.4_1.59.0.jar
[2026, 9, 25, 13, 31, 22] ;;; release; gstools-neoforge-1.21.5_1.59.0.jar
[2026, 9, 25, 13, 31, 22] ;;; release; gstools-neoforge-1.21.8_1.59.0.jar
[2026, 9, 25, 13, 31, 22] ;;; release; gstools-neoforge-26.1_1.59.0.jar
[2026, 9, 25, 13, 31, 22] ;;; release; gstools-neoforge-26.2_1.59.0.jar
[2026, 9, 25, 13, 31, 22] ;;; release; gstools-neoforge-26.3_1.59.0.jar
[2026, 9, 25, 13, 31, 22] ;;; release; life_and_death-fabric-1.21.8_1.59.0.jar
[2026, 9, 25, 13, 31, 22] ;;; release; life_and_death-fabric-1.21.9_1.59.0.jar
[2026, 9, 25, 13, 31, 22] ;;; release; life_and_death-fabric-26.1_1.59.0.jar
[2026, 9, 25, 13, 31, 22] ;;; release; life_and_death-fabric-26.2_1.59.0.jar
[2026, 9, 25, 13, 31, 22] ;;; release; life_and_death-fabric-26.3_1.59.0.jar
[2026, 9, 25, 13, 31, 22] ;;; release; life_and_death-forge-1.19.4_1.59.0.jar
[2026, 9, 25, 13, 31, 22] ;;; release; life_and_death-forge-1.20.1_1.59.0.jar
[2026, 9, 25, 13, 31, 22] ;;; release; life_and_death-neoforge-1.20.4_1.59.0.jar
[2026, 9, 25, 13, 31, 22] ;;; release; life_and_death-neoforge-1.20.6_1.59.0.jar
[2026, 9, 25, 13, 31, 22] ;;; release; life_and_death-neoforge-1.21.1_1.59.0.jar
[2026, 9, 25, 13, 31, 22] ;;; release; life_and_death-neoforge-1.21.2_1.59.0.jar
[2026, 9, 25, 13, 31, 22] ;;; release; life_and_death-neoforge-1.21.4_1.59.0.jar
[2026, 9, 25, 13, 31, 22] ;;; release; life_and_death-neoforge-1.21.5_1.59.0.jar
[2026, 9, 25, 13, 31, 22] ;;; release; life_and_death-neoforge-1.21.8_1.59.0.jar
[2026, 9, 25, 13, 31, 22] ;;; release; life_and_death-neoforge-26.1_1.59.0.jar
[2026, 9, 25, 13, 31, 22] ;;; release; life_and_death-neoforge-26.2_1.59.0.jar
[2026, 9, 25, 13, 31, 22] ;;; release; life_and_death-neoforge-26.3_1.59.0.jar
[2026, 9, 25, 13, 31, 22] ;;; release; undead_expanded-fabric-1.21.8_1.59.0.jar
[2026, 9, 25, 13, 31, 22] ;;; release; undead_expanded-fabric-1.21.9_1.59.0.jar
[2026, 9, 25, 13, 31, 22] ;;; release; undead_expanded-fabric-26.1_1.59.0.jar
[2026, 9, 25, 13, 31, 22] ;;; release; undead_expanded-fabric-26.2_1.59.0.jar
[2026, 9, 25, 13, 31, 22] ;;; release; undead_expanded-fabric-26.3_1.59.0.jar
[2026, 9, 25, 13, 31, 22] ;;; release; undead_expanded-forge-1.19.4_1.59.0.jar
[2026, 9, 25, 13, 31, 22] ;;; release; undead_expanded-forge-1.20.1_1.59.0.jar
[2026, 9, 25, 13, 31, 22] ;;; release; undead_expanded-neoforge-1.20.4_1.59.0.jar
[2026, 9, 25, 13, 31, 22] ;;; release; undead_expanded-neoforge-1.20.6_1.59.0.jar
[2026, 9, 25, 13, 31, 22] ;;; release; undead_expanded-neoforge-1.21.1_1.59.0.jar
[2026, 9, 25, 13, 31, 22] ;;; release; undead_expanded-neoforge-1.21.2_1.59.0.jar
[2026, 9, 25, 13, 31, 22] ;;; release; undead_expanded-neoforge-1.21.4_1.59.0.jar
[2026, 9, 25, 13, 31, 22] ;;; release; undead_expanded-neoforge-1.21.5_1.59.0.jar
[2026, 9, 25, 13, 31, 22] ;;; release; undead_expanded-neoforge-1.21.8_1.59.0.jar
[2026, 9, 25, 13, 31, 22] ;;; release; undead_expanded-neoforge-26.1_1.59.0.jar
[2026, 9, 25, 13, 31, 22] ;;; release; undead_expanded-neoforge-26.2_1.59.0.jar
[2026, 9, 25, 13, 31, 22] ;;; release; undead_expanded-neoforge-26.3_1.59.0.jar
[2026, 9, 25, 13, 31, 22] ;;; release; block_decay-fabric-1.21.10_1.59.0.jar
[2026, 9, 25, 13, 31, 22] ;;; release; block_decay-fabric-1.21.11_1.59.0.jar
[2026, 9, 25, 13, 31, 22] ;;; release; block_decay-fabric-1.21.8_1.59.0.jar
[2026, 9, 25, 13, 31, 22] ;;; release; block_decay-fabric-1.21.9_1.59.0.jar
[2026, 9, 25, 13, 31, 22] ;;; release; block_decay-fabric-26.1_1.59.0.jar
[2026, 9, 25, 13, 31, 22] ;;; release; block_decay-fabric-26.2_1.59.0.jar
[2026, 9, 25, 13, 31, 22] ;;; release; block_decay-fabric-26.3_1.59.0.jar
[2026, 9, 25, 13, 31, 22] ;;; release; block_decay-forge-1.19.4_1.59.0.jar
[2026, 9, 25, 13, 31, 22] ;;; release; block_decay-forge-1.20.1_1.59.0.jar
[2026, 9, 25, 13, 31, 22] ;;; release; block_decay-neoforge-1.20.4_1.59.0.jar
[2026, 9, 25, 13, 31, 22] ;;; release; block_decay-neoforge-1.20.6_1.59.0.jar
[2026, 9, 25, 13, 31, 23] ;;; release; block_decay-neoforge-1.21.10_1.59.0.jar
[2026, 9, 25, 13, 31, 23] ;;; release; block_decay-neoforge-1.21.11_1.59.0.jar
[2026, 9, 25, 13, 31, 23] ;;; release; block_decay-neoforge-1.21.1_1.59.0.jar
[2026, 9, 25, 13, 31, 23] ;;; release; block_decay-neoforge-1.21.2_1.59.0.jar
[2026, 9, 25, 13, 31, 23] ;;; release; block_decay-neoforge-1.21.4_1.59.0.jar
[2026, 9, 25, 13, 31, 23] ;;; release; block_decay-neoforge-1.21.5_1.59.0.jar
[2026, 9, 25, 13, 31, 23] ;;; release; block_decay-neoforge-1.21.8_1.59.0.jar
[2026, 9, 25, 13, 31, 23] ;;; release; block_decay-neoforge-1.21.9_1.59.0.jar
[2026, 9, 25, 13, 31, 23] ;;; release; block_decay-neoforge-1.21_1.59.0.jar
[2026, 9, 25, 13, 31, 23] ;;; release; block_decay-neoforge-26.1_1.59.0.jar
[2026, 9, 25, 13, 31, 23] ;;; release; block_decay-neoforge-26.2_1.59.0.jar
[2026, 9, 25, 13, 31, 23] ;;; release; block_decay-neoforge-26.3_1.59.0.jar
[2026, 9, 25, 13, 31, 23] ;;; release; desire_paths-fabric-1.21.8_1.59.0.jar
[2026, 9, 25, 13, 31, 23] ;;; release; desire_paths-fabric-1.21.9_1.59.0.jar
[2026, 9, 25, 13, 31, 23] ;;; release; desire_paths-fabric-26.1_1.59.0.jar
[2026, 9, 25, 13, 31, 23] ;;; release; desire_paths-fabric-26.2_1.59.0.jar
[2026, 9, 25, 13, 31, 23] ;;; release; desire_paths-fabric-26.3_1.59.0.jar
[2026, 9, 25, 13, 31, 23] ;;; release; desire_paths-forge-1.19.4_1.59.0.jar
[2026, 9, 25, 13, 31, 23] ;;; release; desire_paths-forge-1.20.1_1.59.0.jar
[2026, 9, 25, 13, 31, 23] ;;; release; desire_paths-neoforge-1.20.4_1.59.0.jar
[2026, 9, 25, 13, 31, 23] ;;; release; desire_paths-neoforge-1.20.6_1.59.0.jar
[2026, 9, 25, 13, 31, 23] ;;; release; desire_paths-neoforge-1.21.1_1.59.0.jar
[2026, 9, 25, 13, 31, 23] ;;; release; desire_paths-neoforge-1.21.2_1.59.0.jar
[2026, 9, 25, 13, 31, 23] ;;; release; desire_paths-neoforge-1.21.4_1.59.0.jar
[2026, 9, 25, 13, 31, 23] ;;; release; desire_paths-neoforge-1.21.5_1.59.0.jar
[2026, 9, 25, 13, 31, 23] ;;; release; desire_paths-neoforge-1.21.8_1.59.0.jar
[2026, 9, 25, 13, 31, 23] ;;; release; desire_paths-neoforge-26.1_1.59.0.jar
[2026, 9, 25, 13, 31, 23] ;;; release; desire_paths-neoforge-26.2_1.59.0.jar
[2026, 9, 25, 13, 31, 23] ;;; release; desire_paths-neoforge-26.3_1.59.0.jar
[2026, 9, 25, 13, 31, 23] ;;; release; dynamic_dirt-fabric-1.21.8_1.59.0.jar
[2026, 9, 25, 13, 31, 23] ;;; release; dynamic_dirt-fabric-1.21.9_1.59.0.jar
[2026, 9, 25, 13, 31, 23] ;;; release; dynamic_dirt-fabric-26.1_1.59.0.jar
[2026, 9, 25, 13, 31, 23] ;;; release; dynamic_dirt-fabric-26.2_1.59.0.jar
[2026, 9, 25, 13, 31, 23] ;;; release; dynamic_dirt-fabric-26.3_1.59.0.jar
[2026, 9, 25, 13, 31, 23] ;;; release; dynamic_dirt-forge-1.19.4_1.59.0.jar
[2026, 9, 25, 13, 31, 23] ;;; release; dynamic_dirt-forge-1.20.1_1.59.0.jar
[2026, 9, 25, 13, 31, 23] ;;; release; dynamic_dirt-neoforge-1.20.4_1.59.0.jar
[2026, 9, 25, 13, 31, 23] ;;; release; dynamic_dirt-neoforge-1.20.6_1.59.0.jar
[2026, 9, 25, 13, 31, 23] ;;; release; dynamic_dirt-neoforge-1.21.1_1.59.0.jar
[2026, 9, 25, 13, 31, 23] ;;; release; dynamic_dirt-neoforge-1.21.2_1.59.0.jar
[2026, 9, 25, 13, 31, 23] ;;; release; dynamic_dirt-neoforge-1.21.4_1.59.0.jar
[2026, 9, 25, 13, 31, 23] ;;; release; dynamic_dirt-neoforge-1.21.5_1.59.0.jar
[2026, 9, 25, 13, 31, 23] ;;; release; dynamic_dirt-neoforge-1.21.8_1.59.0.jar
[2026, 9, 25, 13, 31, 23] ;;; release; dynamic_dirt-neoforge-26.1_1.59.0.jar
[2026, 9, 25, 13, 31, 23] ;;; release; dynamic_dirt-neoforge-26.2_1.59.0.jar
[2026, 9, 25, 13, 31, 23] ;;; release; dynamic_dirt-neoforge-26.3_1.59.0.jar
[2026, 9, 25, 13, 31, 23] ;;; release; dynamic_ecosystems-fabric-1.21.8_1.59.0.jar
[2026, 9, 25, 13, 31, 23] ;;; release; dynamic_ecosystems-fabric-1.21.9_1.59.0.jar
[2026, 9, 25, 13, 31, 23] ;;; release; dynamic_ecosystems-fabric-26.1_1.59.0.jar
[2026, 9, 25, 13, 31, 23] ;;; release; dynamic_ecosystems-fabric-26.2_1.59.0.jar
[2026, 9, 25, 13, 31, 23] ;;; release; dynamic_ecosystems-fabric-26.3_1.59.0.jar
[2026, 9, 25, 13, 31, 23] ;;; release; dynamic_ecosystems-forge-1.19.4_1.59.0.jar
[2026, 9, 25, 13, 31, 23] ;;; release; dynamic_ecosystems-forge-1.20.1_1.59.0.jar
[2026, 9, 25, 13, 31, 23] ;;; release; dynamic_ecosystems-neoforge-1.20.4_1.59.0.jar
[2026, 9, 25, 13, 31, 23] ;;; release; dynamic_ecosystems-neoforge-1.20.6_1.59.0.jar
[2026, 9, 25, 13, 31, 23] ;;; release; dynamic_ecosystems-neoforge-1.21.1_1.59.0.jar
[2026, 9, 25, 13, 31, 23] ;;; release; dynamic_ecosystems-neoforge-1.21.2_1.59.0.jar
[2026, 9, 25, 13, 31, 23] ;;; release; dynamic_ecosystems-neoforge-1.21.4_1.59.0.jar
[2026, 9, 25, 13, 31, 23] ;;; release; dynamic_ecosystems-neoforge-1.21.5_1.59.0.jar
[2026, 9, 25, 13, 31, 23] ;;; release; dynamic_ecosystems-neoforge-1.21.8_1.59.0.jar
[2026, 9, 25, 13, 31, 23] ;;; release; dynamic_ecosystems-neoforge-26.1_1.59.0.jar
[2026, 9, 25, 13, 31, 23] ;;; release; dynamic_ecosystems-neoforge-26.2_1.59.0.jar
[2026, 9, 25, 13, 31, 23] ;;; release; dynamic_ecosystems-neoforge-26.3_1.59.0.jar
[2026, 9, 25, 13, 31, 23] ;;; release; dynamic_monsters-fabric-1.21.8_1.59.0.jar
[2026, 9, 25, 13, 31, 23] ;;; release; dynamic_monsters-fabric-1.21.9_1.59.0.jar
[2026, 9, 25, 13, 31, 23] ;;; release; dynamic_monsters-fabric-26.1_1.59.0.jar
[2026, 9, 25, 13, 31, 23] ;;; release; dynamic_monsters-fabric-26.2_1.59.0.jar
[2026, 9, 25, 13, 31, 23] ;;; release; dynamic_monsters-fabric-26.3_1.59.0.jar
[2026, 9, 25, 13, 31, 23] ;;; release; dynamic_monsters-forge-1.19.4_1.59.0.jar
[2026, 9, 25, 13, 31, 23] ;;; release; dynamic_monsters-forge-1.20.1_1.59.0.jar
[2026, 9, 25, 13, 31, 23] ;;; release; dynamic_monsters-neoforge-1.20.4_1.59.0.jar
[2026, 9, 25, 13, 31, 23] ;;; release; dynamic_monsters-neoforge-1.20.6_1.59.0.jar
[2026, 9, 25, 13, 31, 23] ;;; release; dynamic_monsters-neoforge-1.21.1_1.59.0.jar
[2026, 9, 25, 13, 31, 23] ;;; release; dynamic_monsters-neoforge-1.21.2_1.59.0.jar
[2026, 9, 25, 13, 31, 23] ;;; release; dynamic_monsters-neoforge-1.21.4_1.59.0.jar
[2026, 9, 25, 13, 31, 23] ;;; release; dynamic_monsters-neoforge-1.21.5_1.59.0.jar
[2026, 9, 25, 13, 31, 23] ;;; release; dynamic_monsters-neoforge-1.21.8_1.59.0.jar
[2026, 9, 25, 13, 31, 23] ;;; release; dynamic_monsters-neoforge-26.1_1.59.0.jar
[2026, 9, 25, 13, 31, 23] ;;; release; dynamic_monsters-neoforge-26.2_1.59.0.jar
[2026, 9, 25, 13, 31, 23] ;;; release; dynamic_monsters-neoforge-26.3_1.59.0.jar
[2026, 9, 25, 13, 31, 23] ;;; release; enhanced_survival-fabric-1.21.8_1.59.0.jar
[2026, 9, 25, 13, 31, 23] ;;; release; enhanced_survival-fabric-1.21.9_1.59.0.jar
[2026, 9, 25, 13, 31, 23] ;;; release; enhanced_survival-fabric-26.1_1.59.0.jar
[2026, 9, 25, 13, 31, 23] ;;; release; enhanced_survival-fabric-26.2_1.59.0.jar
[2026, 9, 25, 13, 31, 23] ;;; release; enhanced_survival-fabric-26.3_1.59.0.jar
[2026, 9, 25, 13, 31, 23] ;;; release; enhanced_survival-forge-1.19.4_1.59.0.jar
[2026, 9, 25, 13, 31, 23] ;;; release; enhanced_survival-forge-1.20.1_1.59.0.jar
[2026, 9, 25, 13, 31, 23] ;;; release; enhanced_survival-neoforge-1.20.4_1.59.0.jar
[2026, 9, 25, 13, 31, 23] ;;; release; enhanced_survival-neoforge-1.20.6_1.59.0.jar
[2026, 9, 25, 13, 31, 23] ;;; release; enhanced_survival-neoforge-1.21.1_1.59.0.jar
[2026, 9, 25, 13, 31, 23] ;;; release; enhanced_survival-neoforge-1.21.2_1.59.0.jar
[2026, 9, 25, 13, 31, 23] ;;; release; enhanced_survival-neoforge-1.21.4_1.59.0.jar
[2026, 9, 25, 13, 31, 23] ;;; release; enhanced_survival-neoforge-1.21.5_1.59.0.jar
[2026, 9, 25, 13, 31, 23] ;;; release; enhanced_survival-neoforge-1.21.8_1.59.0.jar
[2026, 9, 25, 13, 31, 23] ;;; release; enhanced_survival-neoforge-26.1_1.59.0.jar
[2026, 9, 25, 13, 31, 23] ;;; release; enhanced_survival-neoforge-26.2_1.59.0.jar
[2026, 9, 25, 13, 31, 23] ;;; release; enhanced_survival-neoforge-26.3_1.59.0.jar
[2026, 9, 25, 13, 31, 23] ;;; release; ghosts_and_ghouls-fabric-1.21.8_1.59.0.jar
[2026, 9, 25, 13, 31, 23] ;;; release; ghosts_and_ghouls-fabric-1.21.9_1.59.0.jar
[2026, 9, 25, 13, 31, 23] ;;; release; ghosts_and_ghouls-fabric-26.1_1.59.0.jar
[2026, 9, 25, 13, 31, 23] ;;; release; ghosts_and_ghouls-fabric-26.2_1.59.0.jar
[2026, 9, 25, 13, 31, 23] ;;; release; ghosts_and_ghouls-fabric-26.3_1.59.0.jar
[2026, 9, 25, 13, 31, 23] ;;; release; ghosts_and_ghouls-forge-1.19.4_1.59.0.jar
[2026, 9, 25, 13, 31, 23] ;;; release; ghosts_and_ghouls-forge-1.20.1_1.59.0.jar
[2026, 9, 25, 13, 31, 23] ;;; release; ghosts_and_ghouls-neoforge-1.20.4_1.59.0.jar
[2026, 9, 25, 13, 31, 23] ;;; release; ghosts_and_ghouls-neoforge-1.20.6_1.59.0.jar
[2026, 9, 25, 13, 31, 23] ;;; release; ghosts_and_ghouls-neoforge-1.21.1_1.59.0.jar
[2026, 9, 25, 13, 31, 23] ;;; release; ghosts_and_ghouls-neoforge-1.21.2_1.59.0.jar
[2026, 9, 25, 13, 31, 23] ;;; release; ghosts_and_ghouls-neoforge-1.21.4_1.59.0.jar
[2026, 9, 25, 13, 31, 23] ;;; release; ghosts_and_ghouls-neoforge-1.21.5_1.59.0.jar
[2026, 9, 25, 13, 31, 23] ;;; release; ghosts_and_ghouls-neoforge-1.21.8_1.59.0.jar
[2026, 9, 25, 13, 31, 23] ;;; release; ghosts_and_ghouls-neoforge-26.1_1.59.0.jar
[2026, 9, 25, 13, 31, 23] ;;; release; ghosts_and_ghouls-neoforge-26.2_1.59.0.jar
[2026, 9, 25, 13, 31, 23] ;;; release; ghosts_and_ghouls-neoforge-26.3_1.59.0.jar
[2026, 9, 25, 13, 31, 23] ;;; release; gothic_horror-fabric-1.21.8_1.59.0.jar
[2026, 9, 25, 13, 31, 23] ;;; release; gothic_horror-fabric-1.21.9_1.59.0.jar
[2026, 9, 25, 13, 31, 23] ;;; release; gothic_horror-fabric-26.1_1.59.0.jar
[2026, 9, 25, 13, 31, 23] ;;; release; gothic_horror-fabric-26.2_1.59.0.jar
[2026, 9, 25, 13, 31, 23] ;;; release; gothic_horror-fabric-26.3_1.59.0.jar
[2026, 9, 25, 13, 31, 23] ;;; release; gothic_horror-forge-1.19.4_1.59.0.jar
[2026, 9, 25, 13, 31, 23] ;;; release; gothic_horror-forge-1.20.1_1.59.0.jar
[2026, 9, 25, 13, 31, 23] ;;; release; gothic_horror-neoforge-1.20.4_1.59.0.jar
[2026, 9, 25, 13, 31, 23] ;;; release; gothic_horror-neoforge-1.20.6_1.59.0.jar
[2026, 9, 25, 13, 31, 23] ;;; release; gothic_horror-neoforge-1.21.1_1.59.0.jar
[2026, 9, 25, 13, 31, 23] ;;; release; gothic_horror-neoforge-1.21.2_1.59.0.jar
[2026, 9, 25, 13, 31, 23] ;;; release; gothic_horror-neoforge-1.21.4_1.59.0.jar
[2026, 9, 25, 13, 31, 23] ;;; release; gothic_horror-neoforge-1.21.5_1.59.0.jar
[2026, 9, 25, 13, 31, 23] ;;; release; gothic_horror-neoforge-1.21.8_1.59.0.jar
[2026, 9, 25, 13, 31, 23] ;;; release; gothic_horror-neoforge-26.1_1.59.0.jar
[2026, 9, 25, 13, 31, 23] ;;; release; gothic_horror-neoforge-26.2_1.59.0.jar
[2026, 9, 25, 13, 31, 23] ;;; release; gothic_horror-neoforge-26.3_1.59.0.jar
[2026, 9, 25, 13, 31, 23] ;;; release; gstools-fabric-1.21.8_1.59.0.jar
[2026, 9, 25, 13, 31, 23] ;;; release; gstools-fabric-1.21.9_1.59.0.jar
[2026, 9, 25, 13, 31, 23] ;;; release; gstools-fabric-26.1_1.59.0.jar
[2026, 9, 25, 13, 31, 23] ;;; release; gstools-fabric-26.2_1.59.0.jar
[2026, 9, 25, 13, 31, 23] ;;; release; gstools-fabric-26.3_1.59.0.jar
[2026, 9, 25, 13, 31, 23] ;;; release; gstools-forge-1.19.4_1.59.0.jar
[2026, 9, 25, 13, 31, 23] ;;; release; gstools-forge-1.20.1_1.59.0.jar
[2026, 9, 25, 13, 31, 23] ;;; release; gstools-neoforge-1.20.4_1.59.0.jar
[2026, 9, 25, 13, 31, 23] ;;; release; gstools-neoforge-1.20.6_1.59.0.jar
[2026, 9, 25, 13, 31, 23] ;;; release; gstools-neoforge-1.21.1_1.59.0.jar
[2026, 9, 25, 13, 31, 23] ;;; release; gstools-neoforge-1.21.2_1.59.0.jar
[2026, 9, 25, 13, 31, 23] ;;; release; gstools-neoforge-1.21.4_1.59.0.jar
[2026, 9, 25, 13, 31, 23] ;;; release; gstools-neoforge-1.21.5_1.59.0.jar
[2026, 9, 25, 13, 31, 23] ;;; release; gstools-neoforge-1.21.8_1.59.0.jar
[2026, 9, 25, 13, 31, 23] ;;; release; gstools-neoforge-26.1_1.59.0.jar
[2026, 9, 25, 13, 31, 23] ;;; release; gstools-neoforge-26.2_1.59.0.jar
[2026, 9, 25, 13, 31, 23] ;;; release; gstools-neoforge-26.3_1.59.0.jar
[2026, 9, 25, 13, 31, 23] ;;; release; life_and_death-fabric-1.21.8_1.59.0.jar
[2026, 9, 25, 13, 31, 23] ;;; release; life_and_death-fabric-1.21.9_1.59.0.jar
[2026, 9, 25, 13, 31, 23] ;;; release; life_and_death-fabric-26.1_1.59.0.jar
[2026, 9, 25, 13, 31, 23] ;;; release; life_and_death-fabric-26.2_1.59.0.jar
[2026, 9, 25, 13, 31, 23] ;;; release; life_and_death-fabric-26.3_1.59.0.jar
[2026, 9, 25, 13, 31, 23] ;;; release; life_and_death-forge-1.19.4_1.59.0.jar
[2026, 9, 25, 13, 31, 23] ;;; release; life_and_death-forge-1.20.1_1.59.0.jar
[2026, 9, 25, 13, 31, 23] ;;; release; life_and_death-neoforge-1.20.4_1.59.0.jar
[2026, 9, 25, 13, 31, 23] ;;; release; life_and_death-neoforge-1.20.6_1.59.0.jar
[2026, 9, 25, 13, 31, 23] ;;; release; life_and_death-neoforge-1.21.1_1.59.0.jar
[2026, 9, 25, 13, 31, 23] ;;; release; life_and_death-neoforge-1.21.2_1.59.0.jar
[2026, 9, 25, 13, 31, 23] ;;; release; life_and_death-neoforge-1.21.4_1.59.0.jar
[2026, 9, 25, 13, 31, 23] ;;; release; life_and_death-neoforge-1.21.5_1.59.0.jar
[2026, 9, 25, 13, 31, 23] ;;; release; life_and_death-neoforge-1.21.8_1.59.0.jar
[2026, 9, 25, 13, 31, 23] ;;; release; life_and_death-neoforge-26.1_1.59.0.jar
[2026, 9, 25, 13, 31, 23] ;;; release; life_and_death-neoforge-26.2_1.59.0.jar
[2026, 9, 25, 13, 31, 23] ;;; release; life_and_death-neoforge-26.3_1.59.0.jar
[2026, 9, 25, 13, 31, 23] ;;; release; undead_expanded-fabric-1.21.8_1.59.0.jar
[2026, 9, 25, 13, 31, 23] ;;; release; undead_expanded-fabric-1.21.9_1.59.0.jar
[2026, 9, 25, 13, 31, 23] ;;; release; undead_expanded-fabric-26.1_1.59.0.jar
[2026, 9, 25, 13, 31, 23] ;;; release; undead_expanded-fabric-26.2_1.59.0.jar
[2026, 9, 25, 13, 31, 23] ;;; release; undead_expanded-fabric-26.3_1.59.0.jar
[2026, 9, 25, 13, 31, 23] ;;; release; undead_expanded-forge-1.19.4_1.59.0.jar
[2026, 9, 25, 13, 31, 23] ;;; release; undead_expanded-forge-1.20.1_1.59.0.jar
[2026, 9, 25, 13, 31, 23] ;;; release; undead_expanded-neoforge-1.20.4_1.59.0.jar
[2026, 9, 25, 13, 31, 23] ;;; release; undead_expanded-neoforge-1.20.6_1.59.0.jar
[2026, 9, 25, 13, 31, 23] ;;; release; undead_expanded-neoforge-1.21.1_1.59.0.jar
[2026, 9, 25, 13, 31, 23] ;;; release; undead_expanded-neoforge-1.21.2_1.59.0.jar
[2026, 9, 25, 13, 31, 23] ;;; release; undead_expanded-neoforge-1.21.4_1.59.0.jar
[2026, 9, 25, 13, 31, 23] ;;; release; undead_expanded-neoforge-1.21.5_1.59.0.jar
[2026, 9, 25, 13, 31, 23] ;;; release; undead_expanded-neoforge-1.21.8_1.59.0.jar
[2026, 9, 25, 13, 31, 23] ;;; release; undead_expanded-neoforge-26.1_1.59.0.jar
[2026, 9, 25, 13, 31, 23] ;;; release; undead_expanded-neoforge-26.2_1.59.0.jar
[2026, 9, 25, 13, 31, 23] ;;; release; undead_expanded-neoforge-26.3_1.59.0.jar
[2026, 9, 25, 13, 31, 23] ;;; release; block_decay-fabric-1.21.10_1.59.0.jar
[2026, 9, 25, 13, 31, 23] ;;; release; block_decay-fabric-1.21.11_1.59.0.jar
[2026, 9, 25, 13, 31, 23] ;;; release; block_decay-fabric-1.21.8_1.59.0.jar
[2026, 9, 25, 13, 31, 23] ;;; release; block_decay-fabric-1.21.9_1.59.0.jar
[2026, 9, 25, 13, 31, 23] ;;; release; block_decay-fabric-26.1_1.59.0.jar
[2026, 9, 25, 13, 31, 23] ;;; release; block_decay-fabric-26.2_1.59.0.jar
[2026, 9, 25, 13, 31, 23] ;;; release; block_decay-fabric-26.3_1.59.0.jar
[2026, 9, 25, 13, 31, 23] ;;; release; block_decay-forge-1.19.4_1.59.0.jar
[2026, 9, 25, 13, 31, 23] ;;; release; block_decay-forge-1.20.1_1.59.0.jar
[2026, 9, 25, 13, 31, 23] ;;; release; block_decay-neoforge-1.20.4_1.59.0.jar
[2026, 9, 25, 13, 31, 23] ;;; release; block_decay-neoforge-1.20.6_1.59.0.jar
[2026, 9, 25, 13, 31, 23] ;;; release; block_decay-neoforge-1.21.10_1.59.0.jar
[2026, 9, 25, 13, 31, 23] ;;; release; block_decay-neoforge-1.21.11_1.59.0.jar
[2026, 9, 25, 13, 31, 23] ;;; release; block_decay-neoforge-1.21.1_1.59.0.jar
[2026, 9, 25, 13, 31, 23] ;;; release; block_decay-neoforge-1.21.2_1.59.0.jar
[2026, 9, 25, 13, 31, 23] ;;; release; block_decay-neoforge-1.21.4_1.59.0.jar
[2026, 9, 25, 13, 31, 23] ;;; release; block_decay-neoforge-1.21.5_1.59.0.jar
[2026, 9, 25, 13, 31, 23] ;;; release; block_decay-neoforge-1.21.8_1.59.0.jar
[2026, 9, 25, 13, 31, 23] ;;; release; block_decay-neoforge-1.21.9_1.59.0.jar
[2026, 9, 25, 13, 31, 23] ;;; release; block_decay-neoforge-1.21_1.59.0.jar
[2026, 9, 25, 13, 31, 23] ;;; release; block_decay-neoforge-26.1_1.59.0.jar
[2026, 9, 25, 13, 31, 23] ;;; release; block_decay-neoforge-26.2_1.59.0.jar
[2026, 9, 25, 13, 31, 23] ;;; release; block_decay-neoforge-26.3_1.59.0.jar
[2026, 9, 25, 13, 31, 23] ;;; release; desire_paths-fabric-1.21.8_1.59.0.jar
[2026, 9, 25, 13, 31, 23] ;;; release; desire_paths-fabric-1.21.9_1.59.0.jar
[2026, 9, 25, 13, 31, 23] ;;; release; desire_paths-fabric-26.1_1.59.0.jar
[2026, 9, 25, 13, 31, 23] ;;; release; desire_paths-fabric-26.2_1.59.0.jar
[2026, 9, 25, 13, 31, 23] ;;; release; desire_paths-fabric-26.3_1.59.0.jar
[2026, 9, 25, 13, 31, 23] ;;; release; desire_paths-forge-1.19.4_1.59.0.jar
[2026, 9, 25, 13, 31, 23] ;;; release; desire_paths-forge-1.20.1_1.59.0.jar
[2026, 9, 25, 13, 31, 23] ;;; release; desire_paths-neoforge-1.20.4_1.59.0.jar
[2026, 9, 25, 13, 31, 23] ;;; release; desire_paths-neoforge-1.20.6_1.59.0.jar
[2026, 9, 25, 13, 31, 23] ;;; release; desire_paths-neoforge-1.21.1_1.59.0.jar
[2026, 9, 25, 13, 31, 23] ;;; release; desire_paths-neoforge-1.21.2_1.59.0.jar
[2026, 9, 25, 13, 31, 23] ;;; release; desire_paths-neoforge-1.21.4_1.59.0.jar
[2026, 9, 25, 13, 31, 23] ;;; release; desire_paths-neoforge-1.21.5_1.59.0.jar
[2026, 9, 25, 13, 31, 23] ;;; release; desire_paths-neoforge-1.21.8_1.59.0.jar
[2026, 9, 25, 13, 31, 23] ;;; release; desire_paths-neoforge-26.1_1.59.0.jar
[2026, 9, 25, 13, 31, 23] ;;; release; desire_paths-neoforge-26.2_1.59.0.jar
[2026, 9, 25, 13, 31, 23] ;;; release; desire_paths-neoforge-26.3_1.59.0.jar
[2026, 9, 25, 13, 31, 23] ;;; release; dynamic_dirt-fabric-1.21.8_1.59.0.jar
[2026, 9, 25, 13, 31, 23] ;;; release; dynamic_dirt-fabric-1.21.9_1.59.0.jar
[2026, 9, 25, 13, 31, 23] ;;; release; dynamic_dirt-fabric-26.1_1.59.0.jar
[2026, 9, 25, 13, 31, 23] ;;; release; dynamic_dirt-fabric-26.2_1.59.0.jar
[2026, 9, 25, 13, 31, 23] ;;; release; dynamic_dirt-fabric-26.3_1.59.0.jar
[2026, 9, 25, 13, 31, 23] ;;; release; dynamic_dirt-forge-1.19.4_1.59.0.jar
[2026, 9, 25, 13, 31, 23] ;;; release; dynamic_dirt-forge-1.20.1_1.59.0.jar
[2026, 9, 25, 13, 31, 23] ;;; release; dynamic_dirt-neoforge-1.20.4_1.59.0.jar
[2026, 9, 25, 13, 31, 23] ;;; release; dynamic_dirt-neoforge-1.20.6_1.59.0.jar
[2026, 9, 25, 13, 31, 23] ;;; release; dynamic_dirt-neoforge-1.21.1_1.59.0.jar
[2026, 9, 25, 13, 31, 23] ;;; release; dynamic_dirt-neoforge-1.21.2_1.59.0.jar
[2026, 9, 25, 13, 31, 23] ;;; release; dynamic_dirt-neoforge-1.21.4_1.59.0.jar
[2026, 9, 25, 13, 31, 23] ;;; release; dynamic_dirt-neoforge-1.21.5_1.59.0.jar
[2026, 9, 25, 13, 31, 23] ;;; release; dynamic_dirt-neoforge-1.21.8_1.59.0.jar
[2026, 9, 25, 13, 31, 23] ;;; release; dynamic_dirt-neoforge-26.1_1.59.0.jar
[2026, 9, 25, 13, 31, 23] ;;; release; dynamic_dirt-neoforge-26.2_1.59.0.jar
[2026, 9, 25, 13, 31, 23] ;;; release; dynamic_dirt-neoforge-26.3_1.59.0.jar
[2026, 9, 25, 13, 31, 23] ;;; release; dynamic_ecosystems-fabric-1.21.8_1.59.0.jar
[2026, 9, 25, 13, 31, 23] ;;; release; dynamic_ecosystems-fabric-1.21.9_1.59.0.jar
[2026, 9, 25, 13, 31, 23] ;;; release; dynamic_ecosystems-fabric-26.1_1.59.0.jar
[2026, 9, 25, 13, 31, 23] ;;; release; dynamic_ecosystems-fabric-26.2_1.59.0.jar
[2026, 9, 25, 13, 31, 23] ;;; release; dynamic_ecosystems-fabric-26.3_1.59.0.jar
[2026, 9, 25, 13, 31, 23] ;;; release; dynamic_ecosystems-forge-1.19.4_1.59.0.jar
[2026, 9, 25, 13, 31, 23] ;;; release; dynamic_ecosystems-forge-1.20.1_1.59.0.jar
[2026, 9, 25, 13, 31, 23] ;;; release; dynamic_ecosystems-neoforge-1.20.4_1.59.0.jar
[2026, 9, 25, 13, 31, 23] ;;; release; dynamic_ecosystems-neoforge-1.20.6_1.59.0.jar
[2026, 9, 25, 13, 31, 23] ;;; release; dynamic_ecosystems-neoforge-1.21.1_1.59.0.jar
[2026, 9, 25, 13, 31, 23] ;;; release; dynamic_ecosystems-neoforge-1.21.2_1.59.0.jar
[2026, 9, 25, 13, 31, 23] ;;; release; dynamic_ecosystems-neoforge-1.21.4_1.59.0.jar
[2026, 9, 25, 13, 31, 23] ;;; release; dynamic_ecosystems-neoforge-1.21.5_1.59.0.jar
[2026, 9, 25, 13, 31, 23] ;;; release; dynamic_ecosystems-neoforge-1.21.8_1.59.0.jar
[2026, 9, 25, 13, 31, 23] ;;; release; dynamic_ecosystems-neoforge-26.1_1.59.0.jar
[2026, 9, 25, 13, 31, 23] ;;; release; dynamic_ecosystems-neoforge-26.2_1.59.0.jar
[2026, 9, 25, 13, 31, 23] ;;; release; dynamic_ecosystems-neoforge-26.3_1.59.0.jar
[2026, 9, 25, 13, 31, 23] ;;; release; dynamic_monsters-fabric-1.21.8_1.59.0.jar
[2026, 9, 25, 13, 31, 23] ;;; release; dynamic_monsters-fabric-1.21.9_1.59.0.jar
[2026, 9, 25, 13, 31, 23] ;;; release; dynamic_monsters-fabric-26.1_1.59.0.jar
[2026, 9, 25, 13, 31, 23] ;;; release; dynamic_monsters-fabric-26.2_1.59.0.jar
[2026, 9, 25, 13, 31, 23] ;;; release; dynamic_monsters-fabric-26.3_1.59.0.jar
[2026, 9, 25, 13, 31, 23] ;;; release; dynamic_monsters-forge-1.19.4_1.59.0.jar
[2026, 9, 25, 13, 31, 23] ;;; release; dynamic_monsters-forge-1.20.1_1.59.0.jar
[2026, 9, 25, 13, 31, 23] ;;; release; dynamic_monsters-neoforge-1.20.4_1.59.0.jar
[2026, 9, 25, 13, 31, 23] ;;; release; dynamic_monsters-neoforge-1.20.6_1.59.0.jar
[2026, 9, 25, 13, 31, 23] ;;; release; dynamic_monsters-neoforge-1.21.1_1.59.0.jar
[2026, 9, 25, 13, 31, 23] ;;; release; dynamic_monsters-neoforge-1.21.2_1.59.0.jar
[2026, 9, 25, 13, 31, 23] ;;; release; dynamic_monsters-neoforge-1.21.4_1.59.0.jar
[2026, 9, 25, 13, 31, 23] ;;; release; dynamic_monsters-neoforge-1.21.5_1.59.0.jar
[2026, 9, 25, 13, 31, 23] ;;; release; dynamic_monsters-neoforge-1.21.8_1.59.0.jar
[2026, 9, 25, 13, 31, 23] ;;; release; dynamic_monsters-neoforge-26.1_1.59.0.jar
[2026, 9, 25, 13, 31, 23] ;;; release; dynamic_monsters-neoforge-26.2_1.59.0.jar
[2026, 9, 25, 13, 31, 23] ;;; release; dynamic_monsters-neoforge-26.3_1.59.0.jar
[2026, 9, 25, 13, 31, 23] ;;; release; enhanced_survival-fabric-1.21.8_1.59.0.jar
[2026, 9, 25, 13, 31, 23] ;;; release; enhanced_survival-fabric-1.21.9_1.59.0.jar
[2026, 9, 25, 13, 31, 23] ;;; release; enhanced_survival-fabric-26.1_1.59.0.jar
[2026, 9, 25, 13, 31, 23] ;;; release; enhanced_survival-fabric-26.2_1.59.0.jar
[2026, 9, 25, 13, 31, 23] ;;; release; enhanced_survival-fabric-26.3_1.59.0.jar
[2026, 9, 25, 13, 31, 23] ;;; release; enhanced_survival-forge-1.19.4_1.59.0.jar
[2026, 9, 25, 13, 31, 23] ;;; release; enhanced_survival-forge-1.20.1_1.59.0.jar
[2026, 9, 25, 13, 31, 23] ;;; release; enhanced_survival-neoforge-1.20.4_1.59.0.jar
[2026, 9, 25, 13, 31, 23] ;;; release; enhanced_survival-neoforge-1.20.6_1.59.0.jar
[2026, 9, 25, 13, 31, 23] ;;; release; enhanced_survival-neoforge-1.21.1_1.59.0.jar
[2026, 9, 25, 13, 31, 23] ;;; release; enhanced_survival-neoforge-1.21.2_1.59.0.jar
[2026, 9, 25, 13, 31, 23] ;;; release; enhanced_survival-neoforge-1.21.4_1.59.0.jar
[2026, 9, 25, 13, 31, 23] ;;; release; enhanced_survival-neoforge-1.21.5_1.59.0.jar
[2026, 9, 25, 13, 31, 23] ;;; release; enhanced_survival-neoforge-1.21.8_1.59.0.jar
[2026, 9, 25, 13, 31, 23] ;;; release; enhanced_survival-neoforge-26.1_1.59.0.jar
[2026, 9, 25, 13, 31, 23] ;;; release; enhanced_survival-neoforge-26.2_1.59.0.jar
[2026, 9, 25, 13, 31, 23] ;;; release; enhanced_survival-neoforge-26.3_1.59.0.jar
[2026, 9, 25, 13, 31, 23] ;;; release; ghosts_and_ghouls-fabric-1.21.8_1.59.0.jar
[2026, 9, 25, 13, 31, 23] ;;; release; ghosts_and_ghouls-fabric-1.21.9_1.59.0.jar
[2026, 9, 25, 13, 31, 23] ;;; release; ghosts_and_ghouls-fabric-26.1_1.59.0.jar
[2026, 9, 25, 13, 31, 23] ;;; release; ghosts_and_ghouls-fabric-26.2_1.59.0.jar
[2026, 9, 25, 13, 31, 23] ;;; release; ghosts_and_ghouls-fabric-26.3_1.59.0.jar
[2026, 9, 25, 13, 31, 23] ;;; release; ghosts_and_ghouls-forge-1.19.4_1.59.0.jar
[2026, 9, 25, 13, 31, 23] ;;; release; ghosts_and_ghouls-forge-1.20.1_1.59.0.jar
[2026, 9, 25, 13, 31, 23] ;;; release; ghosts_and_ghouls-neoforge-1.20.4_1.59.0.jar
[2026, 9, 25, 13, 31, 23] ;;; release; ghosts_and_ghouls-neoforge-1.20.6_1.59.0.jar
[2026, 9, 25, 13, 31, 23] ;;; release; ghosts_and_ghouls-neoforge-1.21.1_1.59.0.jar
[2026, 9, 25, 13, 31, 23] ;;; release; ghosts_and_ghouls-neoforge-1.21.2_1.59.0.jar
[2026, 9, 25, 13, 31, 23] ;;; release; ghosts_and_ghouls-neoforge-1.21.4_1.59.0.jar
[2026, 9, 25, 13, 31, 23] ;;; release; ghosts_and_ghouls-neoforge-1.21.5_1.59.0.jar
[2026, 9, 25, 13, 31, 23] ;;; release; ghosts_and_ghouls-neoforge-1.21.8_1.59.0.jar
[2026, 9, 25, 13, 31, 23] ;;; release; ghosts_and_ghouls-neoforge-26.1_1.59.0.jar
[2026, 9, 25, 13, 31, 23] ;;; release; ghosts_and_ghouls-neoforge-26.2_1.59.0.jar
[2026, 9, 25, 13, 31, 23] ;;; release; ghosts_and_ghouls-neoforge-26.3_1.59.0.jar
[2026, 9, 25, 13, 31, 23] ;;; release; gothic_horror-fabric-1.21.8_1.59.0.jar
[2026, 9, 25, 13, 31, 23] ;;; release; gothic_horror-fabric-1.21.9_1.59.0.jar
[2026, 9, 25, 13, 31, 23] ;;; release; gothic_horror-fabric-26.1_1.59.0.jar
[2026, 9, 25, 13, 31, 23] ;;; release; gothic_horror-fabric-26.2_1.59.0.jar
[2026, 9, 25, 13, 31, 23] ;;; release; gothic_horror-fabric-26.3_1.59.0.jar
[2026, 9, 25, 13, 31, 23] ;;; release; gothic_horror-forge-1.19.4_1.59.0.jar
[2026, 9, 25, 13, 31, 23] ;;; release; gothic_horror-forge-1.20.1_1.59.0.jar
[2026, 9, 25, 13, 31, 23] ;;; release; gothic_horror-neoforge-1.20.4_1.59.0.jar
[2026, 9, 25, 13, 31, 23] ;;; release; gothic_horror-neoforge-1.20.6_1.59.0.jar
[2026, 9, 25, 13, 31, 23] ;;; release; gothic_horror-neoforge-1.21.1_1.59.0.jar
[2026, 9, 25, 13, 31, 23] ;;; release; gothic_horror-neoforge-1.21.2_1.59.0.jar
[2026, 9, 25, 13, 31, 23] ;;; release; gothic_horror-neoforge-1.21.4_1.59.0.jar
[2026, 9, 25, 13, 31, 23] ;;; release; gothic_horror-neoforge-1.21.5_1.59.0.jar
[2026, 9, 25, 13, 31, 23] ;;; release; gothic_horror-neoforge-1.21.8_1.59.0.jar
[2026, 9, 25, 13, 31, 23] ;;; release; gothic_horror-neoforge-26.1_1.59.0.jar
[2026, 9, 25, 13, 31, 23] ;;; release; gothic_horror-neoforge-26.2_1.59.0.jar
[2026, 9, 25, 13, 31, 23] ;;; release; gothic_horror-neoforge-26.3_1.59.0.jar
[2026, 9, 25, 13, 31, 23] ;;; release; gstools-fabric-1.21.8_1.59.0.jar
[2026, 9, 25, 13, 31, 23] ;;; release; gstools-fabric-1.21.9_1.59.0.jar
[2026, 9, 25, 13, 31, 23] ;;; release; gstools-fabric-26.1_1.59.0.jar
[2026, 9, 25, 13, 31, 23] ;;; release; gstools-fabric-26.2_1.59.0.jar
[2026, 9, 25, 13, 31, 23] ;;; release; gstools-fabric-26.3_1.59.0.jar
[2026, 9, 25, 13, 31, 23] ;;; release; gstools-forge-1.19.4_1.59.0.jar
[2026, 9, 25, 13, 31, 23] ;;; release; gstools-forge-1.20.1_1.59.0.jar
[2026, 9, 25, 13, 31, 23] ;;; release; gstools-neoforge-1.20.4_1.59.0.jar
[2026, 9, 25, 13, 31, 23] ;;; release; gstools-neoforge-1.20.6_1.59.0.jar
[2026, 9, 25, 13, 31, 23] ;;; release; gstools-neoforge-1.21.1_1.59.0.jar
[2026, 9, 25, 13, 31, 23] ;;; release; gstools-neoforge-1.21.2_1.59.0.jar
[2026, 9, 25, 13, 31, 23] ;;; release; gstools-neoforge-1.21.4_1.59.0.jar
[2026, 9, 25, 13, 31, 23] ;;; release; gstools-neoforge-1.21.5_1.59.0.jar
[2026, 9, 25, 13, 31, 23] ;;; release; gstools-neoforge-1.21.8_1.59.0.jar
[2026, 9, 25, 13, 31, 23] ;;; release; gstools-neoforge-26.1_1.59.0.jar
[2026, 9, 25, 13, 31, 23] ;;; release; gstools-neoforge-26.2_1.59.0.jar
[2026, 9, 25, 13, 31, 23] ;;; release; gstools-neoforge-26.3_1.59.0.jar
[2026, 9, 25, 13, 31, 23] ;;; release; life_and_death-fabric-1.21.8_1.59.0.jar
[2026, 9, 25, 13, 31, 23] ;;; release; life_and_death-fabric-1.21.9_1.59.0.jar
[2026, 9, 25, 13, 31, 23] ;;; release; life_and_death-fabric-26.1_1.59.0.jar
[2026, 9, 25, 13, 31, 23] ;;; release; life_and_death-fabric-26.2_1.59.0.jar
[2026, 9, 25, 13, 31, 23] ;;; release; life_and_death-fabric-26.3_1.59.0.jar
[2026, 9, 25, 13, 31, 23] ;;; release; life_and_death-forge-1.19.4_1.59.0.jar
[2026, 9, 25, 13, 31, 23] ;;; release; life_and_death-forge-1.20.1_1.59.0.jar
[2026, 9, 25, 13, 31, 23] ;;; release; life_and_death-neoforge-1.20.4_1.59.0.jar
[2026, 9, 25, 13, 31, 23] ;;; release; life_and_death-neoforge-1.20.6_1.59.0.jar
[2026, 9, 25, 13, 31, 23] ;;; release; life_and_death-neoforge-1.21.1_1.59.0.jar
[2026, 9, 25, 13, 31, 23] ;;; release; life_and_death-neoforge-1.21.2_1.59.0.jar
[2026, 9, 25, 13, 31, 23] ;;; release; life_and_death-neoforge-1.21.4_1.59.0.jar
[2026, 9, 25, 13, 31, 23] ;;; release; life_and_death-neoforge-1.21.5_1.59.0.jar
[2026, 9, 25, 13, 31, 23] ;;; release; life_and_death-neoforge-1.21.8_1.59.0.jar
[2026, 9, 25, 13, 31, 23] ;;; release; life_and_death-neoforge-26.1_1.59.0.jar
[2026, 9, 25, 13, 31, 23] ;;; release; life_and_death-neoforge-26.2_1.59.0.jar
[2026, 9, 25, 13, 31, 23] ;;; release; life_and_death-neoforge-26.3_1.59.0.jar
[2026, 9, 25, 13, 31, 23] ;;; release; undead_expanded-fabric-1.21.8_1.59.0.jar
[2026, 9, 25, 13, 31, 23] ;;; release; undead_expanded-fabric-1.21.9_1.59.0.jar
[2026, 9, 25, 13, 31, 23] ;;; release; undead_expanded-fabric-26.1_1.59.0.jar
[2026, 9, 25, 13, 31, 23] ;;; release; undead_expanded-fabric-26.2_1.59.0.jar
[2026, 9, 25, 13, 31, 23] ;;; release; undead_expanded-fabric-26.3_1.59.0.jar
[2026, 9, 25, 13, 31, 23] ;;; release; undead_expanded-forge-1.19.4_1.59.0.jar
[2026, 9, 25, 13, 31, 23] ;;; release; undead_expanded-forge-1.20.1_1.59.0.jar
[2026, 9, 25, 13, 31, 23] ;;; release; undead_expanded-neoforge-1.20.4_1.59.0.jar
[2026, 9, 25, 13, 31, 23] ;;; release; undead_expanded-neoforge-1.20.6_1.59.0.jar
[2026, 9, 25, 13, 31, 23] ;;; release; undead_expanded-neoforge-1.21.1_1.59.0.jar
[2026, 9, 25, 13, 31, 23] ;;; release; undead_expanded-neoforge-1.21.2_1.59.0.jar
[2026, 9, 25, 13, 31, 23] ;;; release; undead_expanded-neoforge-1.21.4_1.59.0.jar
[2026, 9, 25, 13, 31, 23] ;;; release; undead_expanded-neoforge-1.21.5_1.59.0.jar
[2026, 9, 25, 13, 31, 23] ;;; release; undead_expanded-neoforge-1.21.8_1.59.0.jar
[2026, 9, 25, 13, 31, 23] ;;; release; undead_expanded-neoforge-26.1_1.59.0.jar
[2026, 9, 25, 13, 31, 23] ;;; release; undead_expanded-neoforge-26.2_1.59.0.jar
[2026, 9, 25, 13, 31, 23] ;;; release; undead_expanded-neoforge-26.3_1.59.0.jar
[2026, 9, 25, 13, 31, 23] ;;; release; block_decay-fabric-1.21.10_1.59.0.jar
[2026, 9, 25, 13, 31, 23] ;;; release; block_decay-fabric-1.21.11_1.59.0.jar
[2026, 9, 25, 13, 31, 23] ;;; release; block_decay-fabric-1.21.8_1.59.0.jar
[2026, 9, 25, 13, 31, 23] ;;; release; block_decay-fabric-1.21.9_1.59.0.jar
[2026, 9, 25, 13, 31, 23] ;;; release; block_decay-fabric-26.1_1.59.0.jar
[2026, 9, 25, 13, 31, 23] ;;; release; block_decay-fabric-26.2_1.59.0.jar
[2026, 9, 25, 13, 31, 23] ;;; release; block_decay-fabric-26.3_1.59.0.jar
[2026, 9, 25, 13, 31, 23] ;;; release; block_decay-forge-1.19.4_1.59.0.jar
[2026, 9, 25, 13, 31, 23] ;;; release; block_decay-forge-1.20.1_1.59.0.jar
[2026, 9, 25, 13, 31, 23] ;;; release; block_decay-neoforge-1.20.4_1.59.0.jar
[2026, 9, 25, 13, 31, 23] ;;; release; block_decay-neoforge-1.20.6_1.59.0.jar
[2026, 9, 25, 13, 31, 23] ;;; release; block_decay-neoforge-1.21.10_1.59.0.jar
[2026, 9, 25, 13, 31, 23] ;;; release; block_decay-neoforge-1.21.11_1.59.0.jar
[2026, 9, 25, 13, 31, 23] ;;; release; block_decay-neoforge-1.21.1_1.59.0.jar
[2026, 9, 25, 13, 31, 23] ;;; release; block_decay-neoforge-1.21.2_1.59.0.jar
[2026, 9, 25, 13, 31, 23] ;;; release; block_decay-neoforge-1.21.4_1.59.0.jar
[2026, 9, 25, 13, 31, 23] ;;; release; block_decay-neoforge-1.21.5_1.59.0.jar
[2026, 9, 25, 13, 31, 23] ;;; release; block_decay-neoforge-1.21.8_1.59.0.jar
[2026, 9, 25, 13, 31, 23] ;;; release; block_decay-neoforge-1.21.9_1.59.0.jar
[2026, 9, 25, 13, 31, 23] ;;; release; block_decay-neoforge-1.21_1.59.0.jar
[2026, 9, 25, 13, 31, 23] ;;; release; block_decay-neoforge-26.1_1.59.0.jar
[2026, 9, 25, 13, 31, 23] ;;; release; block_decay-neoforge-26.2_1.59.0.jar
[2026, 9, 25, 13, 31, 23] ;;; release; block_decay-neoforge-26.3_1.59.0.jar
[2026, 9, 25, 13, 31, 23] ;;; release; desire_paths-fabric-1.21.8_1.59.0.jar
[2026, 9, 25, 13, 31, 23] ;;; release; desire_paths-fabric-1.21.9_1.59.0.jar
[2026, 9, 25, 13, 31, 23] ;;; release; desire_paths-fabric-26.1_1.59.0.jar
[2026, 9, 25, 13, 31, 23] ;;; release; desire_paths-fabric-26.2_1.59.0.jar
[2026, 9, 25, 13, 31, 23] ;;; release; desire_paths-fabric-26.3_1.59.0.jar
[2026, 9, 25, 13, 31, 23] ;;; release; desire_paths-forge-1.19.4_1.59.0.jar
[2026, 9, 25, 13, 31, 23] ;;; release; desire_paths-forge-1.20.1_1.59.0.jar
[2026, 9, 25, 13, 31, 23] ;;; release; desire_paths-neoforge-1.20.4_1.59.0.jar
[2026, 9, 25, 13, 31, 23] ;;; release; desire_paths-neoforge-1.20.6_1.59.0.jar
[2026, 9, 25, 13, 31, 23] ;;; release; desire_paths-neoforge-1.21.1_1.59.0.jar
[2026, 9, 25, 13, 31, 23] ;;; release; desire_paths-neoforge-1.21.2_1.59.0.jar
[2026, 9, 25, 13, 31, 23] ;;; release; desire_paths-neoforge-1.21.4_1.59.0.jar
[2026, 9, 25, 13, 31, 23] ;;; release; desire_paths-neoforge-1.21.5_1.59.0.jar
[2026, 9, 25, 13, 31, 23] ;;; release; desire_paths-neoforge-1.21.8_1.59.0.jar
[2026, 9, 25, 13, 31, 23] ;;; release; desire_paths-neoforge-26.1_1.59.0.jar
[2026, 9, 25, 13, 31, 23] ;;; release; desire_paths-neoforge-26.2_1.59.0.jar
[2026, 9, 25, 13, 31, 23] ;;; release; desire_paths-neoforge-26.3_1.59.0.jar
[2026, 9, 25, 13, 31, 23] ;;; release; dynamic_dirt-fabric-1.21.8_1.59.0.jar
[2026, 9, 25, 13, 31, 23] ;;; release; dynamic_dirt-fabric-1.21.9_1.59.0.jar
[2026, 9, 25, 13, 31, 23] ;;; release; dynamic_dirt-fabric-26.1_1.59.0.jar
[2026, 9, 25, 13, 31, 23] ;;; release; dynamic_dirt-fabric-26.2_1.59.0.jar
[2026, 9, 25, 13, 31, 23] ;;; release; dynamic_dirt-fabric-26.3_1.59.0.jar
[2026, 9, 25, 13, 31, 23] ;;; release; dynamic_dirt-forge-1.19.4_1.59.0.jar
[2026, 9, 25, 13, 31, 23] ;;; release; dynamic_dirt-forge-1.20.1_1.59.0.jar
[2026, 9, 25, 13, 31, 23] ;;; release; dynamic_dirt-neoforge-1.20.4_1.59.0.jar
[2026, 9, 25, 13, 31, 23] ;;; release; dynamic_dirt-neoforge-1.20.6_1.59.0.jar
[2026, 9, 25, 13, 31, 23] ;;; release; dynamic_dirt-neoforge-1.21.1_1.59.0.jar
[2026, 9, 25, 13, 31, 23] ;;; release; dynamic_dirt-neoforge-1.21.2_1.59.0.jar
[2026, 9, 25, 13, 31, 23] ;;; release; dynamic_dirt-neoforge-1.21.4_1.59.0.jar
[2026, 9, 25, 13, 31, 23] ;;; release; dynamic_dirt-neoforge-1.21.5_1.59.0.jar
[2026, 9, 25, 13, 31, 23] ;;; release; dynamic_dirt-neoforge-1.21.8_1.59.0.jar
[2026, 9, 25, 13, 31, 23] ;;; release; dynamic_dirt-neoforge-26.1_1.59.0.jar
[2026, 9, 25, 13, 31, 23] ;;; release; dynamic_dirt-neoforge-26.2_1.59.0.jar
[2026, 9, 25, 13, 31, 23] ;;; release; dynamic_dirt-neoforge-26.3_1.59.0.jar
[2026, 9, 25, 13, 31, 23] ;;; release; dynamic_ecosystems-fabric-1.21.8_1.59.0.jar
[2026, 9, 25, 13, 31, 23] ;;; release; dynamic_ecosystems-fabric-1.21.9_1.59.0.jar
[2026, 9, 25, 13, 31, 23] ;;; release; dynamic_ecosystems-fabric-26.1_1.59.0.jar
[2026, 9, 25, 13, 31, 23] ;;; release; dynamic_ecosystems-fabric-26.2_1.59.0.jar
[2026, 9, 25, 13, 31, 23] ;;; release; dynamic_ecosystems-fabric-26.3_1.59.0.jar
[2026, 9, 25, 13, 31, 23] ;;; release; dynamic_ecosystems-forge-1.19.4_1.59.0.jar
[2026, 9, 25, 13, 31, 23] ;;; release; dynamic_ecosystems-forge-1.20.1_1.59.0.jar
[2026, 9, 25, 13, 31, 23] ;;; release; dynamic_ecosystems-neoforge-1.20.4_1.59.0.jar
[2026, 9, 25, 13, 31, 23] ;;; release; dynamic_ecosystems-neoforge-1.20.6_1.59.0.jar
[2026, 9, 25, 13, 31, 23] ;;; release; dynamic_ecosystems-neoforge-1.21.1_1.59.0.jar
[2026, 9, 25, 13, 31, 23] ;;; release; dynamic_ecosystems-neoforge-1.21.2_1.59.0.jar
[2026, 9, 25, 13, 31, 23] ;;; release; dynamic_ecosystems-neoforge-1.21.4_1.59.0.jar
[2026, 9, 25, 13, 31, 23] ;;; release; dynamic_ecosystems-neoforge-1.21.5_1.59.0.jar
[2026, 9, 25, 13, 31, 23] ;;; release; dynamic_ecosystems-neoforge-1.21.8_1.59.0.jar
[2026, 9, 25, 13, 31, 23] ;;; release; dynamic_ecosystems-neoforge-26.1_1.59.0.jar
[2026, 9, 25, 13, 31, 23] ;;; release; dynamic_ecosystems-neoforge-26.2_1.59.0.jar
[2026, 9, 25, 13, 31, 23] ;;; release; dynamic_ecosystems-neoforge-26.3_1.59.0.jar
[2026, 9, 25, 13, 31, 23] ;;; release; dynamic_monsters-fabric-1.21.8_1.59.0.jar
[2026, 9, 25, 13, 31, 23] ;;; release; dynamic_monsters-fabric-1.21.9_1.59.0.jar
[2026, 9, 25, 13, 31, 23] ;;; release; dynamic_monsters-fabric-26.1_1.59.0.jar
[2026, 9, 25, 13, 31, 23] ;;; release; dynamic_monsters-fabric-26.2_1.59.0.jar
[2026, 9, 25, 13, 31, 23] ;;; release; dynamic_monsters-fabric-26.3_1.59.0.jar
[2026, 9, 25, 13, 31, 23] ;;; release; dynamic_monsters-forge-1.19.4_1.59.0.jar
[2026, 9, 25, 13, 31, 23] ;;; release; dynamic_monsters-forge-1.20.1_1.59.0.jar
[2026, 9, 25, 13, 31, 23] ;;; release; dynamic_monsters-neoforge-1.20.4_1.59.0.jar
[2026, 9, 25, 13, 31, 23] ;;; release; dynamic_monsters-neoforge-1.20.6_1.59.0.jar
[2026, 9, 25, 13, 31, 23] ;;; release; dynamic_monsters-neoforge-1.21.1_1.59.0.jar
[2026, 9, 25, 13, 31, 23] ;;; release; dynamic_monsters-neoforge-1.21.2_1.59.0.jar
[2026, 9, 25, 13, 31, 23] ;;; release; dynamic_monsters-neoforge-1.21.4_1.59.0.jar
[2026, 9, 25, 13, 31, 23] ;;; release; dynamic_monsters-neoforge-1.21.5_1.59.0.jar
[2026, 9, 25, 13, 31, 23] ;;; release; dynamic_monsters-neoforge-1.21.8_1.59.0.jar
[2026, 9, 25, 13, 31, 23] ;;; release; dynamic_monsters-neoforge-26.1_1.59.0.jar
[2026, 9, 25, 13, 31, 23] ;;; release; dynamic_monsters-neoforge-26.2_1.59.0.jar
[2026, 9, 25, 13, 31, 23] ;;; release; dynamic_monsters-neoforge-26.3_1.59.0.jar
[2026, 9, 25, 13, 31, 23] ;;; release; enhanced_survival-fabric-1.21.8_1.59.0.jar
[2026, 9, 25, 13, 31, 23] ;;; release; enhanced_survival-fabric-1.21.9_1.59.0.jar
[2026, 9, 25, 13, 31, 23] ;;; release; enhanced_survival-fabric-26.1_1.59.0.jar
[2026, 9, 25, 13, 31, 23] ;;; release; enhanced_survival-fabric-26.2_1.59.0.jar
[2026, 9, 25, 13, 31, 23] ;;; release; enhanced_survival-fabric-26.3_1.59.0.jar
[2026, 9, 25, 13, 31, 23] ;;; release; enhanced_survival-forge-1.19.4_1.59.0.jar
[2026, 9, 25, 13, 31, 23] ;;; release; enhanced_survival-forge-1.20.1_1.59.0.jar
[2026, 9, 25, 13, 31, 23] ;;; release; enhanced_survival-neoforge-1.20.4_1.59.0.jar
[2026, 9, 25, 13, 31, 23] ;;; release; enhanced_survival-neoforge-1.20.6_1.59.0.jar
[2026, 9, 25, 13, 31, 23] ;;; release; enhanced_survival-neoforge-1.21.1_1.59.0.jar
[2026, 9, 25, 13, 31, 23] ;;; release; enhanced_survival-neoforge-1.21.2_1.59.0.jar
[2026, 9, 25, 13, 31, 23] ;;; release; enhanced_survival-neoforge-1.21.4_1.59.0.jar
[2026, 9, 25, 13, 31, 23] ;;; release; enhanced_survival-neoforge-1.21.5_1.59.0.jar
[2026, 9, 25, 13, 31, 23] ;;; release; enhanced_survival-neoforge-1.21.8_1.59.0.jar
[2026, 9, 25, 13, 31, 23] ;;; release; enhanced_survival-neoforge-26.1_1.59.0.jar
[2026, 9, 25, 13, 31, 23] ;;; release; enhanced_survival-neoforge-26.2_1.59.0.jar
[2026, 9, 25, 13, 31, 23] ;;; release; enhanced_survival-neoforge-26.3_1.59.0.jar
[2026, 9, 25, 13, 31, 23] ;;; release; ghosts_and_ghouls-fabric-1.21.8_1.59.0.jar
[2026, 9, 25, 13, 31, 23] ;;; release; ghosts_and_ghouls-fabric-1.21.9_1.59.0.jar
[2026, 9, 25, 13, 31, 23] ;;; release; ghosts_and_ghouls-fabric-26.1_1.59.0.jar
[2026, 9, 25, 13, 31, 23] ;;; release; ghosts_and_ghouls-fabric-26.2_1.59.0.jar
[2026, 9, 25, 13, 31, 23] ;;; release; ghosts_and_ghouls-fabric-26.3_1.59.0.jar
[2026, 9, 25, 13, 31, 23] ;;; release; ghosts_and_ghouls-forge-1.19.4_1.59.0.jar
[2026, 9, 25, 13, 31, 23] ;;; release; ghosts_and_ghouls-forge-1.20.1_1.59.0.jar
[2026, 9, 25, 13, 31, 23] ;;; release; ghosts_and_ghouls-neoforge-1.20.4_1.59.0.jar
[2026, 9, 25, 13, 31, 23] ;;; release; ghosts_and_ghouls-neoforge-1.20.6_1.59.0.jar
[2026, 9, 25, 13, 31, 23] ;;; release; ghosts_and_ghouls-neoforge-1.21.1_1.59.0.jar
[2026, 9, 25, 13, 31, 23] ;;; release; ghosts_and_ghouls-neoforge-1.21.2_1.59.0.jar
[2026, 9, 25, 13, 31, 23] ;;; release; ghosts_and_ghouls-neoforge-1.21.4_1.59.0.jar
[2026, 9, 25, 13, 31, 23] ;;; release; ghosts_and_ghouls-neoforge-1.21.5_1.59.0.jar
[2026, 9, 25, 13, 31, 23] ;;; release; ghosts_and_ghouls-neoforge-1.21.8_1.59.0.jar
[2026, 9, 25, 13, 31, 23] ;;; release; ghosts_and_ghouls-neoforge-26.1_1.59.0.jar
[2026, 9, 25, 13, 31, 23] ;;; release; ghosts_and_ghouls-neoforge-26.2_1.59.0.jar
[2026, 9, 25, 13, 31, 23] ;;; release; ghosts_and_ghouls-neoforge-26.3_1.59.0.jar
[2026, 9, 25, 13, 31, 23] ;;; release; gothic_horror-fabric-1.21.8_1.59.0.jar
[2026, 9, 25, 13, 31, 23] ;;; release; gothic_horror-fabric-1.21.9_1.59.0.jar
[2026, 9, 25, 13, 31, 23] ;;; release; gothic_horror-fabric-26.1_1.59.0.jar
[2026, 9, 25, 13, 31, 23] ;;; release; gothic_horror-fabric-26.2_1.59.0.jar
[2026, 9, 25, 13, 31, 23] ;;; release; gothic_horror-fabric-26.3_1.59.0.jar
[2026, 9, 25, 13, 31, 23] ;;; release; gothic_horror-forge-1.19.4_1.59.0.jar
[2026, 9, 25, 13, 31, 23] ;;; release; gothic_horror-forge-1.20.1_1.59.0.jar
[2026, 9, 25, 13, 31, 23] ;;; release; gothic_horror-neoforge-1.20.4_1.59.0.jar
[2026, 9, 25, 13, 31, 23] ;;; release; gothic_horror-neoforge-1.20.6_1.59.0.jar
[2026, 9, 25, 13, 31, 23] ;;; release; gothic_horror-neoforge-1.21.1_1.59.0.jar
[2026, 9, 25, 13, 31, 23] ;;; release; gothic_horror-neoforge-1.21.2_1.59.0.jar
[2026, 9, 25, 13, 31, 23] ;;; release; gothic_horror-neoforge-1.21.4_1.59.0.jar
[2026, 9, 25, 13, 31, 23] ;;; release; gothic_horror-neoforge-1.21.5_1.59.0.jar
[2026, 9, 25, 13, 31, 23] ;;; release; gothic_horror-neoforge-1.21.8_1.59.0.jar
[2026, 9, 25, 13, 31, 23] ;;; release; gothic_horror-neoforge-26.1_1.59.0.jar
[2026, 9, 25, 13, 31, 23] ;;; release; gothic_horror-neoforge-26.2_1.59.0.jar
[2026, 9, 25, 13, 31, 23] ;;; release; gothic_horror-neoforge-26.3_1.59.0.jar
[2026, 9, 25, 13, 31, 23] ;;; release; gstools-fabric-1.21.8_1.59.0.jar
[2026, 9, 25, 13, 31, 23] ;;; release; gstools-fabric-1.21.9_1.59.0.jar
[2026, 9, 25, 13, 31, 23] ;;; release; gstools-fabric-26.1_1.59.0.jar
[2026, 9, 25, 13, 31, 23] ;;; release; gstools-fabric-26.2_1.59.0.jar
[2026, 9, 25, 13, 31, 23] ;;; release; gstools-fabric-26.3_1.59.0.jar
[2026, 9, 25, 13, 31, 23] ;;; release; gstools-forge-1.19.4_1.59.0.jar
[2026, 9, 25, 13, 31, 23] ;;; release; gstools-forge-1.20.1_1.59.0.jar
[2026, 9, 25, 13, 31, 23] ;;; release; gstools-neoforge-1.20.4_1.59.0.jar
[2026, 9, 25, 13, 31, 23] ;;; release; gstools-neoforge-1.20.6_1.59.0.jar
[2026, 9, 25, 13, 31, 23] ;;; release; gstools-neoforge-1.21.1_1.59.0.jar
[2026, 9, 25, 13, 31, 23] ;;; release; gstools-neoforge-1.21.2_1.59.0.jar
[2026, 9, 25, 13, 31, 23] ;;; release; gstools-neoforge-1.21.4_1.59.0.jar
[2026, 9, 25, 13, 31, 23] ;;; release; gstools-neoforge-1.21.5_1.59.0.jar
[2026, 9, 25, 13, 31, 23] ;;; release; gstools-neoforge-1.21.8_1.59.0.jar
[2026, 9, 25, 13, 31, 23] ;;; release; gstools-neoforge-26.1_1.59.0.jar
[2026, 9, 25, 13, 31, 23] ;;; release; gstools-neoforge-26.2_1.59.0.jar
[2026, 9, 25, 13, 31, 23] ;;; release; gstools-neoforge-26.3_1.59.0.jar
[2026, 9, 25, 13, 31, 23] ;;; release; life_and_death-fabric-1.21.8_1.59.0.jar
[2026, 9, 25, 13, 31, 23] ;;; release; life_and_death-fabric-1.21.9_1.59.0.jar
[2026, 9, 25, 13, 31, 23] ;;; release; life_and_death-fabric-26.1_1.59.0.jar
[2026, 9, 25, 13, 31, 23] ;;; release; life_and_death-fabric-26.2_1.59.0.jar
[2026, 9, 25, 13, 31, 23] ;;; release; life_and_death-fabric-26.3_1.59.0.jar
[2026, 9, 25, 13, 31, 23] ;;; release; life_and_death-forge-1.19.4_1.59.0.jar
[2026, 9, 25, 13, 31, 23] ;;; release; life_and_death-forge-1.20.1_1.59.0.jar
[2026, 9, 25, 13, 31, 23] ;;; release; life_and_death-neoforge-1.20.4_1.59.0.jar
[2026, 9, 25, 13, 31, 23] ;;; release; life_and_death-neoforge-1.20.6_1.59.0.jar
[2026, 9, 25, 13, 31, 23] ;;; release; life_and_death-neoforge-1.21.1_1.59.0.jar
[2026, 9, 25, 13, 31, 23] ;;; release; life_and_death-neoforge-1.21.2_1.59.0.jar
[2026, 9, 25, 13, 31, 23] ;;; release; life_and_death-neoforge-1.21.4_1.59.0.jar
[2026, 9, 25, 13, 31, 23] ;;; release; life_and_death-neoforge-1.21.5_1.59.0.jar
[2026, 9, 25, 13, 31, 23] ;;; release; life_and_death-neoforge-1.21.8_1.59.0.jar
[2026, 9, 25, 13, 31, 23] ;;; release; life_and_death-neoforge-26.1_1.59.0.jar
[2026, 9, 25, 13, 31, 23] ;;; release; life_and_death-neoforge-26.2_1.59.0.jar
[2026, 9, 25, 13, 31, 23] ;;; release; life_and_death-neoforge-26.3_1.59.0.jar
[2026, 9, 25, 13, 31, 23] ;;; release; undead_expanded-fabric-1.21.8_1.59.0.jar
[2026, 9, 25, 13, 31, 23] ;;; release; undead_expanded-fabric-1.21.9_1.59.0.jar
[2026, 9, 25, 13, 31, 23] ;;; release; undead_expanded-fabric-26.1_1.59.0.jar
[2026, 9, 25, 13, 31, 23] ;;; release; undead_expanded-fabric-26.2_1.59.0.jar
[2026, 9, 25, 13, 31, 23] ;;; release; undead_expanded-fabric-26.3_1.59.0.jar
[2026, 9, 25, 13, 31, 23] ;;; release; undead_expanded-forge-1.19.4_1.59.0.jar
[2026, 9, 25, 13, 31, 23] ;;; release; undead_expanded-forge-1.20.1_1.59.0.jar
[2026, 9, 25, 13, 31, 23] ;;; release; undead_expanded-neoforge-1.20.4_1.59.0.jar
[2026, 9, 25, 13, 31, 23] ;;; release; undead_expanded-neoforge-1.20.6_1.59.0.jar
[2026, 9, 25, 13, 31, 23] ;;; release; undead_expanded-neoforge-1.21.1_1.59.0.jar
[2026, 9, 25, 13, 31, 23] ;;; release; undead_expanded-neoforge-1.21.2_1.59.0.jar
[2026, 9, 25, 13, 31, 23] ;;; release; undead_expanded-neoforge-1.21.4_1.59.0.jar
[2026, 9, 25, 13, 31, 23] ;;; release; undead_expanded-neoforge-1.21.5_1.59.0.jar
[2026, 9, 25, 13, 31, 23] ;;; release; undead_expanded-neoforge-1.21.8_1.59.0.jar
[2026, 9, 25, 13, 31, 23] ;;; release; undead_expanded-neoforge-26.1_1.59.0.jar
[2026, 9, 25, 13, 31, 23] ;;; release; undead_expanded-neoforge-26.2_1.59.0.jar
[2026, 9, 25, 13, 31, 23] ;;; release; undead_expanded-neoforge-26.3_1.59.0.jar
[2026, 9, 25, 13, 31, 23] ;;; release; block_decay-fabric-1.21.10_1.59.0.jar
[2026, 9, 25, 13, 31, 23] ;;; release; block_decay-fabric-1.21.11_1.59.0.jar
[2026, 9, 25, 13, 31, 23] ;;; release; block_decay-fabric-1.21.8_1.59.0.jar
[2026, 9, 25, 13, 31, 23] ;;; release; block_decay-fabric-1.21.9_1.59.0.jar
[2026, 9, 25, 13, 31, 23] ;;; release; block_decay-fabric-26.1_1.59.0.jar
[2026, 9, 25, 13, 31, 23] ;;; release; block_decay-fabric-26.2_1.59.0.jar
[2026, 9, 25, 13, 31, 23] ;;; release; block_decay-fabric-26.3_1.59.0.jar
[2026, 9, 25, 13, 31, 23] ;;; release; block_decay-forge-1.19.4_1.59.0.jar
[2026, 9, 25, 13, 31, 23] ;;; release; block_decay-forge-1.20.1_1.59.0.jar
[2026, 9, 25, 13, 31, 23] ;;; release; block_decay-neoforge-1.20.4_1.59.0.jar
[2026, 9, 25, 13, 31, 23] ;;; release; block_decay-neoforge-1.20.6_1.59.0.jar
[2026, 9, 25, 13, 31, 23] ;;; release; block_decay-neoforge-1.21.10_1.59.0.jar
[2026, 9, 25, 13, 31, 23] ;;; release; block_decay-neoforge-1.21.11_1.59.0.jar
[2026, 9, 25, 13, 31, 23] ;;; release; block_decay-neoforge-1.21.1_1.59.0.jar
[2026, 9, 25, 13, 31, 23] ;;; release; block_decay-neoforge-1.21.2_1.59.0.jar
[2026, 9, 25, 13, 31, 23] ;;; release; block_decay-neoforge-1.21.4_1.59.0.jar
[2026, 9, 25, 13, 31, 23] ;;; release; block_decay-neoforge-1.21.5_1.59.0.jar
[2026, 9, 25, 13, 31, 23] ;;; release; block_decay-neoforge-1.21.8_1.59.0.jar
[2026, 9, 25, 13, 31, 23] ;;; release; block_decay-neoforge-1.21.9_1.59.0.jar
[2026, 9, 25, 13, 31, 23] ;;; release; block_decay-neoforge-1.21_1.59.0.jar
[2026, 9, 25, 13, 31, 23] ;;; release; block_decay-neoforge-26.1_1.59.0.jar
[2026, 9, 25, 13, 31, 23] ;;; release; block_decay-neoforge-26.2_1.59.0.jar
[2026, 9, 25, 13, 31, 23] ;;; release; block_decay-neoforge-26.3_1.59.0.jar
[2026, 9, 25, 13, 31, 23] ;;; release; desire_paths-fabric-1.21.8_1.59.0.jar
[2026, 9, 25, 13, 31, 23] ;;; release; desire_paths-fabric-1.21.9_1.59.0.jar
[2026, 9, 25, 13, 31, 23] ;;; release; desire_paths-fabric-26.1_1.59.0.jar
[2026, 9, 25, 13, 31, 23] ;;; release; desire_paths-fabric-26.2_1.59.0.jar
[2026, 9, 25, 13, 31, 23] ;;; release; desire_paths-fabric-26.3_1.59.0.jar
[2026, 9, 25, 13, 31, 23] ;;; release; desire_paths-forge-1.19.4_1.59.0.jar
[2026, 9, 25, 13, 31, 23] ;;; release; desire_paths-forge-1.20.1_1.59.0.jar
[2026, 9, 25, 13, 31, 23] ;;; release; desire_paths-neoforge-1.20.4_1.59.0.jar
[2026, 9, 25, 13, 31, 23] ;;; release; desire_paths-neoforge-1.20.6_1.59.0.jar
[2026, 9, 25, 13, 31, 23] ;;; release; desire_paths-neoforge-1.21.1_1.59.0.jar
[2026, 9, 25, 13, 31, 23] ;;; release; desire_paths-neoforge-1.21.2_1.59.0.jar
[2026, 9, 25, 13, 31, 23] ;;; release; desire_paths-neoforge-1.21.4_1.59.0.jar
[2026, 9, 25, 13, 31, 23] ;;; release; desire_paths-neoforge-1.21.5_1.59.0.jar
[2026, 9, 25, 13, 31, 23] ;;; release; desire_paths-neoforge-1.21.8_1.59.0.jar
[2026, 9, 25, 13, 31, 23] ;;; release; desire_paths-neoforge-26.1_1.59.0.jar
[2026, 9, 25, 13, 31, 23] ;;; release; desire_paths-neoforge-26.2_1.59.0.jar
[2026, 9, 25, 13, 31, 23] ;;; release; desire_paths-neoforge-26.3_1.59.0.jar
[2026, 9, 25, 13, 31, 23] ;;; release; dynamic_dirt-fabric-1.21.8_1.59.0.jar
[2026, 9, 25, 13, 31, 23] ;;; release; dynamic_dirt-fabric-1.21.9_1.59.0.jar
[2026, 9, 25, 13, 31, 23] ;;; release; dynamic_dirt-fabric-26.1_1.59.0.jar
[2026, 9, 25, 13, 31, 23] ;;; release; dynamic_dirt-fabric-26.2_1.59.0.jar
[2026, 9, 25, 13, 31, 23] ;;; release; dynamic_dirt-fabric-26.3_1.59.0.jar
[2026, 9, 25, 13, 31, 23] ;;; release; dynamic_dirt-forge-1.19.4_1.59.0.jar
[2026, 9, 25, 13, 31, 23] ;;; release; dynamic_dirt-forge-1.20.1_1.59.0.jar
[2026, 9, 25, 13, 31, 23] ;;; release; dynamic_dirt-neoforge-1.20.4_1.59.0.jar
[2026, 9, 25, 13, 31, 23] ;;; release; dynamic_dirt-neoforge-1.20.6_1.59.0.jar
[2026, 9, 25, 13, 31, 23] ;;; release; dynamic_dirt-neoforge-1.21.1_1.59.0.jar
[2026, 9, 25, 13, 31, 23] ;;; release; dynamic_dirt-neoforge-1.21.2_1.59.0.jar
[2026, 9, 25, 13, 31, 23] ;;; release; dynamic_dirt-neoforge-1.21.4_1.59.0.jar
[2026, 9, 25, 13, 31, 23] ;;; release; dynamic_dirt-neoforge-1.21.5_1.59.0.jar
[2026, 9, 25, 13, 31, 23] ;;; release; dynamic_dirt-neoforge-1.21.8_1.59.0.jar
[2026, 9, 25, 13, 31, 23] ;;; release; dynamic_dirt-neoforge-26.1_1.59.0.jar
[2026, 9, 25, 13, 31, 23] ;;; release; dynamic_dirt-neoforge-26.2_1.59.0.jar
[2026, 9, 25, 13, 31, 23] ;;; release; dynamic_dirt-neoforge-26.3_1.59.0.jar
[2026, 9, 25, 13, 31, 23] ;;; release; dynamic_ecosystems-fabric-1.21.8_1.59.0.jar
[2026, 9, 25, 13, 31, 23] ;;; release; dynamic_ecosystems-fabric-1.21.9_1.59.0.jar
[2026, 9, 25, 13, 31, 23] ;;; release; dynamic_ecosystems-fabric-26.1_1.59.0.jar
[2026, 9, 25, 13, 31, 23] ;;; release; dynamic_ecosystems-fabric-26.2_1.59.0.jar
[2026, 9, 25, 13, 31, 23] ;;; release; dynamic_ecosystems-fabric-26.3_1.59.0.jar
[2026, 9, 25, 13, 31, 23] ;;; release; dynamic_ecosystems-forge-1.19.4_1.59.0.jar
[2026, 9, 25, 13, 31, 23] ;;; release; dynamic_ecosystems-forge-1.20.1_1.59.0.jar
[2026, 9, 25, 13, 31, 23] ;;; release; dynamic_ecosystems-neoforge-1.20.4_1.59.0.jar
[2026, 9, 25, 13, 31, 23] ;;; release; dynamic_ecosystems-neoforge-1.20.6_1.59.0.jar
[2026, 9, 25, 13, 31, 23] ;;; release; dynamic_ecosystems-neoforge-1.21.1_1.59.0.jar
[2026, 9, 25, 13, 31, 23] ;;; release; dynamic_ecosystems-neoforge-1.21.2_1.59.0.jar
[2026, 9, 25, 13, 31, 23] ;;; release; dynamic_ecosystems-neoforge-1.21.4_1.59.0.jar
[2026, 9, 25, 13, 31, 23] ;;; release; dynamic_ecosystems-neoforge-1.21.5_1.59.0.jar
[2026, 9, 25, 13, 31, 23] ;;; release; dynamic_ecosystems-neoforge-1.21.8_1.59.0.jar
[2026, 9, 25, 13, 31, 23] ;;; release; dynamic_ecosystems-neoforge-26.1_1.59.0.jar
[2026, 9, 25, 13, 31, 23] ;;; release; dynamic_ecosystems-neoforge-26.2_1.59.0.jar
[2026, 9, 25, 13, 31, 23] ;;; release; dynamic_ecosystems-neoforge-26.3_1.59.0.jar
[2026, 9, 25, 13, 31, 23] ;;; release; dynamic_monsters-fabric-1.21.8_1.59.0.jar
[2026, 9, 25, 13, 31, 23] ;;; release; dynamic_monsters-fabric-1.21.9_1.59.0.jar
[2026, 9, 25, 13, 31, 23] ;;; release; dynamic_monsters-fabric-26.1_1.59.0.jar
[2026, 9, 25, 13, 31, 23] ;;; release; dynamic_monsters-fabric-26.2_1.59.0.jar
[2026, 9, 25, 13, 31, 23] ;;; release; dynamic_monsters-fabric-26.3_1.59.0.jar
[2026, 9, 25, 13, 31, 23] ;;; release; dynamic_monsters-forge-1.19.4_1.59.0.jar
[2026, 9, 25, 13, 31, 23] ;;; release; dynamic_monsters-forge-1.20.1_1.59.0.jar
[2026, 9, 25, 13, 31, 23] ;;; release; dynamic_monsters-neoforge-1.20.4_1.59.0.jar
[2026, 9, 25, 13, 31, 23] ;;; release; dynamic_monsters-neoforge-1.20.6_1.59.0.jar
[2026, 9, 25, 13, 31, 23] ;;; release; dynamic_monsters-neoforge-1.21.1_1.59.0.jar
[2026, 9, 25, 13, 31, 23] ;;; release; dynamic_monsters-neoforge-1.21.2_1.59.0.jar
[2026, 9, 25, 13, 31, 23] ;;; release; dynamic_monsters-neoforge-1.21.4_1.59.0.jar
[2026, 9, 25, 13, 31, 23] ;;; release; dynamic_monsters-neoforge-1.21.5_1.59.0.jar
[2026, 9, 25, 13, 31, 23] ;;; release; dynamic_monsters-neoforge-1.21.8_1.59.0.jar
[2026, 9, 25, 13, 31, 23] ;;; release; dynamic_monsters-neoforge-26.1_1.59.0.jar
[2026, 9, 25, 13, 31, 23] ;;; release; dynamic_monsters-neoforge-26.2_1.59.0.jar
[2026, 9, 25, 13, 31, 23] ;;; release; dynamic_monsters-neoforge-26.3_1.59.0.jar
[2026, 9, 25, 13, 31, 23] ;;; release; enhanced_survival-fabric-1.21.8_1.59.0.jar
[2026, 9, 25, 13, 31, 23] ;;; release; enhanced_survival-fabric-1.21.9_1.59.0.jar
[2026, 9, 25, 13, 31, 23] ;;; release; enhanced_survival-fabric-26.1_1.59.0.jar
[2026, 9, 25, 13, 31, 23] ;;; release; enhanced_survival-fabric-26.2_1.59.0.jar
[2026, 9, 25, 13, 31, 23] ;;; release; enhanced_survival-fabric-26.3_1.59.0.jar
[2026, 9, 25, 13, 31, 23] ;;; release; enhanced_survival-forge-1.19.4_1.59.0.jar
[2026, 9, 25, 13, 31, 23] ;;; release; enhanced_survival-forge-1.20.1_1.59.0.jar
[2026, 9, 25, 13, 31, 23] ;;; release; enhanced_survival-neoforge-1.20.4_1.59.0.jar
[2026, 9, 25, 13, 31, 23] ;;; release; enhanced_survival-neoforge-1.20.6_1.59.0.jar
[2026, 9, 25, 13, 31, 23] ;;; release; enhanced_survival-neoforge-1.21.1_1.59.0.jar
[2026, 9, 25, 13, 31, 23] ;;; release; enhanced_survival-neoforge-1.21.2_1.59.0.jar
[2026, 9, 25, 13, 31, 23] ;;; release; enhanced_survival-neoforge-1.21.4_1.59.0.jar
[2026, 9, 25, 13, 31, 23] ;;; release; enhanced_survival-neoforge-1.21.5_1.59.0.jar
[2026, 9, 25, 13, 31, 23] ;;; release; enhanced_survival-neoforge-1.21.8_1.59.0.jar
[2026, 9, 25, 13, 31, 23] ;;; release; enhanced_survival-neoforge-26.1_1.59.0.jar
[2026, 9, 25, 13, 31, 23] ;;; release; enhanced_survival-neoforge-26.2_1.59.0.jar
[2026, 9, 25, 13, 31, 23] ;;; release; enhanced_survival-neoforge-26.3_1.59.0.jar
[2026, 9, 25, 13, 31, 23] ;;; release; ghosts_and_ghouls-fabric-1.21.8_1.59.0.jar
[2026, 9, 25, 13, 31, 23] ;;; release; ghosts_and_ghouls-fabric-1.21.9_1.59.0.jar
[2026, 9, 25, 13, 31, 23] ;;; release; ghosts_and_ghouls-fabric-26.1_1.59.0.jar
[2026, 9, 25, 13, 31, 23] ;;; release; ghosts_and_ghouls-fabric-26.2_1.59.0.jar
[2026, 9, 25, 13, 31, 23] ;;; release; ghosts_and_ghouls-fabric-26.3_1.59.0.jar
[2026, 9, 25, 13, 31, 23] ;;; release; ghosts_and_ghouls-forge-1.19.4_1.59.0.jar
[2026, 9, 25, 13, 31, 23] ;;; release; ghosts_and_ghouls-forge-1.20.1_1.59.0.jar
[2026, 9, 25, 13, 31, 23] ;;; release; ghosts_and_ghouls-neoforge-1.20.4_1.59.0.jar
[2026, 9, 25, 13, 31, 23] ;;; release; ghosts_and_ghouls-neoforge-1.20.6_1.59.0.jar
[2026, 9, 25, 13, 31, 23] ;;; release; ghosts_and_ghouls-neoforge-1.21.1_1.59.0.jar
[2026, 9, 25, 13, 31, 23] ;;; release; ghosts_and_ghouls-neoforge-1.21.2_1.59.0.jar
[2026, 9, 25, 13, 31, 23] ;;; release; ghosts_and_ghouls-neoforge-1.21.4_1.59.0.jar
[2026, 9, 25, 13, 31, 23] ;;; release; ghosts_and_ghouls-neoforge-1.21.5_1.59.0.jar
[2026, 9, 25, 13, 31, 23] ;;; release; ghosts_and_ghouls-neoforge-1.21.8_1.59.0.jar
[2026, 9, 25, 13, 31, 23] ;;; release; ghosts_and_ghouls-neoforge-26.1_1.59.0.jar
[2026, 9, 25, 13, 31, 23] ;;; release; ghosts_and_ghouls-neoforge-26.2_1.59.0.jar
[2026, 9, 25, 13, 31, 23] ;;; release; ghosts_and_ghouls-neoforge-26.3_1.59.0.jar
[2026, 9, 25, 13, 31, 23] ;;; release; gothic_horror-fabric-1.21.8_1.59.0.jar
[2026, 9, 25, 13, 31, 23] ;;; release; gothic_horror-fabric-1.21.9_1.59.0.jar
[2026, 9, 25, 13, 31, 23] ;;; release; gothic_horror-fabric-26.1_1.59.0.jar
[2026, 9, 25, 13, 31, 23] ;;; release; gothic_horror-fabric-26.2_1.59.0.jar
[2026, 9, 25, 13, 31, 23] ;;; release; gothic_horror-fabric-26.3_1.59.0.jar
[2026, 9, 25, 13, 31, 23] ;;; release; gothic_horror-forge-1.19.4_1.59.0.jar
[2026, 9, 25, 13, 31, 23] ;;; release; gothic_horror-forge-1.20.1_1.59.0.jar
[2026, 9, 25, 13, 31, 23] ;;; release; gothic_horror-neoforge-1.20.4_1.59.0.jar
[2026, 9, 25, 13, 31, 23] ;;; release; gothic_horror-neoforge-1.20.6_1.59.0.jar
[2026, 9, 25, 13, 31, 23] ;;; release; gothic_horror-neoforge-1.21.1_1.59.0.jar
[2026, 9, 25, 13, 31, 23] ;;; release; gothic_horror-neoforge-1.21.2_1.59.0.jar
[2026, 9, 25, 13, 31, 23] ;;; release; gothic_horror-neoforge-1.21.4_1.59.0.jar
[2026, 9, 25, 13, 31, 23] ;;; release; gothic_horror-neoforge-1.21.5_1.59.0.jar
[2026, 9, 25, 13, 31, 23] ;;; release; gothic_horror-neoforge-1.21.8_1.59.0.jar
[2026, 9, 25, 13, 31, 23] ;;; release; gothic_horror-neoforge-26.1_1.59.0.jar
[2026, 9, 25, 13, 31, 23] ;;; release; gothic_horror-neoforge-26.2_1.59.0.jar
[2026, 9, 25, 13, 31, 23] ;;; release; gothic_horror-neoforge-26.3_1.59.0.jar
[2026, 9, 25, 13, 31, 23] ;;; release; gstools-fabric-1.21.8_1.59.0.jar
[2026, 9, 25, 13, 31, 23] ;;; release; gstools-fabric-1.21.9_1.59.0.jar
[2026, 9, 25, 13, 31, 23] ;;; release; gstools-fabric-26.1_1.59.0.jar
[2026, 9, 25, 13, 31, 23] ;;; release; gstools-fabric-26.2_1.59.0.jar
[2026, 9, 25, 13, 31, 23] ;;; release; gstools-fabric-26.3_1.59.0.jar
[2026, 9, 25, 13, 31, 23] ;;; release; gstools-forge-1.19.4_1.59.0.jar
[2026, 9, 25, 13, 31, 23] ;;; release; gstools-forge-1.20.1_1.59.0.jar
[2026, 9, 25, 13, 31, 23] ;;; release; gstools-neoforge-1.20.4_1.59.0.jar
[2026, 9, 25, 13, 31, 23] ;;; release; gstools-neoforge-1.20.6_1.59.0.jar
[2026, 9, 25, 13, 31, 23] ;;; release; gstools-neoforge-1.21.1_1.59.0.jar
[2026, 9, 25, 13, 31, 23] ;;; release; gstools-neoforge-1.21.2_1.59.0.jar
[2026, 9, 25, 13, 31, 23] ;;; release; gstools-neoforge-1.21.4_1.59.0.jar
[2026, 9, 25, 13, 31, 23] ;;; release; gstools-neoforge-1.21.5_1.59.0.jar
[2026, 9, 25, 13, 31, 23] ;;; release; gstools-neoforge-1.21.8_1.59.0.jar
[2026, 9, 25, 13, 31, 23] ;;; release; gstools-neoforge-26.1_1.59.0.jar
[2026, 9, 25, 13, 31, 23] ;;; release; gstools-neoforge-26.2_1.59.0.jar
[2026, 9, 25, 13, 31, 23] ;;; release; gstools-neoforge-26.3_1.59.0.jar
[2026, 9, 25, 13, 31, 23] ;;; release; life_and_death-fabric-1.21.8_1.59.0.jar
[2026, 9, 25, 13, 31, 23] ;;; release; life_and_death-fabric-1.21.9_1.59.0.jar
[2026, 9, 25, 13, 31, 23] ;;; release; life_and_death-fabric-26.1_1.59.0.jar
[2026, 9, 25, 13, 31, 23] ;;; release; life_and_death-fabric-26.2_1.59.0.jar
[2026, 9, 25, 13, 31, 23] ;;; release; life_and_death-fabric-26.3_1.59.0.jar
[2026, 9, 25, 13, 31, 23] ;;; release; life_and_death-forge-1.19.4_1.59.0.jar
[2026, 9, 25, 13, 31, 23] ;;; release; life_and_death-forge-1.20.1_1.59.0.jar
[2026, 9, 25, 13, 31, 23] ;;; release; life_and_death-neoforge-1.20.4_1.59.0.jar
[2026, 9, 25, 13, 31, 23] ;;; release; life_and_death-neoforge-1.20.6_1.59.0.jar
[2026, 9, 25, 13, 31, 23] ;;; release; life_and_death-neoforge-1.21.1_1.59.0.jar
[2026, 9, 25, 13, 31, 23] ;;; release; life_and_death-neoforge-1.21.2_1.59.0.jar
[2026, 9, 25, 13, 31, 23] ;;; release; life_and_death-neoforge-1.21.4_1.59.0.jar
[2026, 9, 25, 13, 31, 23] ;;; release; life_and_death-neoforge-1.21.5_1.59.0.jar
[2026, 9, 25, 13, 31, 23] ;;; release; life_and_death-neoforge-1.21.8_1.59.0.jar
[2026, 9, 25, 13, 31, 23] ;;; release; life_and_death-neoforge-26.1_1.59.0.jar
[2026, 9, 25, 13, 31, 23] ;;; release; life_and_death-neoforge-26.2_1.59.0.jar
[2026, 9, 25, 13, 31, 23] ;;; release; life_and_death-neoforge-26.3_1.59.0.jar
[2026, 9, 25, 13, 31, 23] ;;; release; undead_expanded-fabric-1.21.8_1.59.0.jar
[2026, 9, 25, 13, 31, 23] ;;; release; undead_expanded-fabric-1.21.9_1.59.0.jar
[2026, 9, 25, 13, 31, 23] ;;; release; undead_expanded-fabric-26.1_1.59.0.jar
[2026, 9, 25, 13, 31, 23] ;;; release; undead_expanded-fabric-26.2_1.59.0.jar
[2026, 9, 25, 13, 31, 23] ;;; release; undead_expanded-fabric-26.3_1.59.0.jar
[2026, 9, 25, 13, 31, 23] ;;; release; undead_expanded-forge-1.19.4_1.59.0.jar
[2026, 9, 25, 13, 31, 23] ;;; release; undead_expanded-forge-1.20.1_1.59.0.jar
[2026, 9, 25, 13, 31, 23] ;;; release; undead_expanded-neoforge-1.20.4_1.59.0.jar
[2026, 9, 25, 13, 31, 23] ;;; release; undead_expanded-neoforge-1.20.6_1.59.0.jar
[2026, 9, 25, 13, 31, 23] ;;; release; undead_expanded-neoforge-1.21.1_1.59.0.jar
[2026, 9, 25, 13, 31, 23] ;;; release; undead_expanded-neoforge-1.21.2_1.59.0.jar
[2026, 9, 25, 13, 31, 23] ;;; release; undead_expanded-neoforge-1.21.4_1.59.0.jar
[2026, 9, 25, 13, 31, 23] ;;; release; undead_expanded-neoforge-1.21.5_1.59.0.jar
[2026, 9, 25, 13, 31, 23] ;;; release; undead_expanded-neoforge-1.21.8_1.59.0.jar
[2026, 9, 25, 13, 31, 23] ;;; release; undead_expanded-neoforge-26.1_1.59.0.jar
[2026, 9, 25, 13, 31, 23] ;;; release; undead_expanded-neoforge-26.2_1.59.0.jar
[2026, 9, 25, 13, 31, 23] ;;; release; undead_expanded-neoforge-26.3_1.59.0.jar
[2026, 9, 25, 13, 31, 23] ;;; release; block_decay-fabric-1.21.10_1.59.0.jar
[2026, 9, 25, 13, 31, 23] ;;; release; block_decay-fabric-1.21.11_1.59.0.jar
[2026, 9, 25, 13, 31, 23] ;;; release; block_decay-fabric-1.21.8_1.59.0.jar
[2026, 9, 25, 13, 31, 23] ;;; release; block_decay-fabric-1.21.9_1.59.0.jar
[2026, 9, 25, 13, 31, 23] ;;; release; block_decay-fabric-26.1_1.59.0.jar
[2026, 9, 25, 13, 31, 23] ;;; release; block_decay-fabric-26.2_1.59.0.jar
[2026, 9, 25, 13, 31, 23] ;;; release; block_decay-fabric-26.3_1.59.0.jar
[2026, 9, 25, 13, 31, 23] ;;; release; block_decay-forge-1.19.4_1.59.0.jar
[2026, 9, 25, 13, 31, 23] ;;; release; block_decay-forge-1.20.1_1.59.0.jar
[2026, 9, 25, 13, 31, 23] ;;; release; block_decay-neoforge-1.20.4_1.59.0.jar
[2026, 9, 25, 13, 31, 23] ;;; release; block_decay-neoforge-1.20.6_1.59.0.jar
[2026, 9, 25, 13, 31, 23] ;;; release; block_decay-neoforge-1.21.10_1.59.0.jar
[2026, 9, 25, 13, 31, 23] ;;; release; block_decay-neoforge-1.21.11_1.59.0.jar
[2026, 9, 25, 13, 31, 23] ;;; release; block_decay-neoforge-1.21.1_1.59.0.jar
[2026, 9, 25, 13, 31, 23] ;;; release; block_decay-neoforge-1.21.2_1.59.0.jar
[2026, 9, 25, 13, 31, 23] ;;; release; block_decay-neoforge-1.21.4_1.59.0.jar
[2026, 9, 25, 13, 31, 23] ;;; release; block_decay-neoforge-1.21.5_1.59.0.jar
[2026, 9, 25, 13, 31, 23] ;;; release; block_decay-neoforge-1.21.8_1.59.0.jar
[2026, 9, 25, 13, 31, 23] ;;; release; block_decay-neoforge-1.21.9_1.59.0.jar
[2026, 9, 25, 13, 31, 23] ;;; release; block_decay-neoforge-1.21_1.59.0.jar
[2026, 9, 25, 13, 31, 23] ;;; release; block_decay-neoforge-26.1_1.59.0.jar
[2026, 9, 25, 13, 31, 23] ;;; release; block_decay-neoforge-26.2_1.59.0.jar
[2026, 9, 25, 13, 31, 23] ;;; release; block_decay-neoforge-26.3_1.59.0.jar
[2026, 9, 25, 13, 31, 23] ;;; release; desire_paths-fabric-1.21.8_1.59.0.jar
[2026, 9, 25, 13, 31, 23] ;;; release; desire_paths-fabric-1.21.9_1.59.0.jar
[2026, 9, 25, 13, 31, 23] ;;; release; desire_paths-fabric-26.1_1.59.0.jar
[2026, 9, 25, 13, 31, 23] ;;; release; desire_paths-fabric-26.2_1.59.0.jar
[2026, 9, 25, 13, 31, 23] ;;; release; desire_paths-fabric-26.3_1.59.0.jar
[2026, 9, 25, 13, 31, 23] ;;; release; desire_paths-forge-1.19.4_1.59.0.jar
[2026, 9, 25, 13, 31, 23] ;;; release; desire_paths-forge-1.20.1_1.59.0.jar
[2026, 9, 25, 13, 31, 23] ;;; release; desire_paths-neoforge-1.20.4_1.59.0.jar
[2026, 9, 25, 13, 31, 23] ;;; release; desire_paths-neoforge-1.20.6_1.59.0.jar
[2026, 9, 25, 13, 31, 23] ;;; release; desire_paths-neoforge-1.21.1_1.59.0.jar
[2026, 9, 25, 13, 31, 23] ;;; release; desire_paths-neoforge-1.21.2_1.59.0.jar
[2026, 9, 25, 13, 31, 23] ;;; release; desire_paths-neoforge-1.21.4_1.59.0.jar
[2026, 9, 25, 13, 31, 23] ;;; release; desire_paths-neoforge-1.21.5_1.59.0.jar
[2026, 9, 25, 13, 31, 23] ;;; release; desire_paths-neoforge-1.21.8_1.59.0.jar
[2026, 9, 25, 13, 31, 23] ;;; release; desire_paths-neoforge-26.1_1.59.0.jar
[2026, 9, 25, 13, 31, 23] ;;; release; desire_paths-neoforge-26.2_1.59.0.jar
[2026, 9, 25, 13, 31, 23] ;;; release; desire_paths-neoforge-26.3_1.59.0.jar
[2026, 9, 25, 13, 31, 23] ;;; release; dynamic_dirt-fabric-1.21.8_1.59.0.jar
[2026, 9, 25, 13, 31, 23] ;;; release; dynamic_dirt-fabric-1.21.9_1.59.0.jar
[2026, 9, 25, 13, 31, 23] ;;; release; dynamic_dirt-fabric-26.1_1.59.0.jar
[2026, 9, 25, 13, 31, 23] ;;; release; dynamic_dirt-fabric-26.2_1.59.0.jar
[2026, 9, 25, 13, 31, 23] ;;; release; dynamic_dirt-fabric-26.3_1.59.0.jar
[2026, 9, 25, 13, 31, 23] ;;; release; dynamic_dirt-forge-1.19.4_1.59.0.jar
[2026, 9, 25, 13, 31, 23] ;;; release; dynamic_dirt-forge-1.20.1_1.59.0.jar
[2026, 9, 25, 13, 31, 23] ;;; release; dynamic_dirt-neoforge-1.20.4_1.59.0.jar
[2026, 9, 25, 13, 31, 23] ;;; release; dynamic_dirt-neoforge-1.20.6_1.59.0.jar
[2026, 9, 25, 13, 31, 23] ;;; release; dynamic_dirt-neoforge-1.21.1_1.59.0.jar
[2026, 9, 25, 13, 31, 23] ;;; release; dynamic_dirt-neoforge-1.21.2_1.59.0.jar
[2026, 9, 25, 13, 31, 23] ;;; release; dynamic_dirt-neoforge-1.21.4_1.59.0.jar
[2026, 9, 25, 13, 31, 23] ;;; release; dynamic_dirt-neoforge-1.21.5_1.59.0.jar
[2026, 9, 25, 13, 31, 23] ;;; release; dynamic_dirt-neoforge-1.21.8_1.59.0.jar
[2026, 9, 25, 13, 31, 23] ;;; release; dynamic_dirt-neoforge-26.1_1.59.0.jar
[2026, 9, 25, 13, 31, 23] ;;; release; dynamic_dirt-neoforge-26.2_1.59.0.jar
[2026, 9, 25, 13, 31, 23] ;;; release; dynamic_dirt-neoforge-26.3_1.59.0.jar
[2026, 9, 25, 13, 31, 23] ;;; release; dynamic_ecosystems-fabric-1.21.8_1.59.0.jar
[2026, 9, 25, 13, 31, 23] ;;; release; dynamic_ecosystems-fabric-1.21.9_1.59.0.jar
[2026, 9, 25, 13, 31, 23] ;;; release; dynamic_ecosystems-fabric-26.1_1.59.0.jar
[2026, 9, 25, 13, 31, 23] ;;; release; dynamic_ecosystems-fabric-26.2_1.59.0.jar
[2026, 9, 25, 13, 31, 23] ;;; release; dynamic_ecosystems-fabric-26.3_1.59.0.jar
[2026, 9, 25, 13, 31, 23] ;;; release; dynamic_ecosystems-forge-1.19.4_1.59.0.jar
[2026, 9, 25, 13, 31, 23] ;;; release; dynamic_ecosystems-forge-1.20.1_1.59.0.jar
[2026, 9, 25, 13, 31, 23] ;;; release; dynamic_ecosystems-neoforge-1.20.4_1.59.0.jar
[2026, 9, 25, 13, 31, 23] ;;; release; dynamic_ecosystems-neoforge-1.20.6_1.59.0.jar
[2026, 9, 25, 13, 31, 23] ;;; release; dynamic_ecosystems-neoforge-1.21.1_1.59.0.jar
[2026, 9, 25, 13, 31, 23] ;;; release; dynamic_ecosystems-neoforge-1.21.2_1.59.0.jar
[2026, 9, 25, 13, 31, 23] ;;; release; dynamic_ecosystems-neoforge-1.21.4_1.59.0.jar
[2026, 9, 25, 13, 31, 23] ;;; release; dynamic_ecosystems-neoforge-1.21.5_1.59.0.jar
[2026, 9, 25, 13, 31, 23] ;;; release; dynamic_ecosystems-neoforge-1.21.8_1.59.0.jar
[2026, 9, 25, 13, 31, 23] ;;; release; dynamic_ecosystems-neoforge-26.1_1.59.0.jar
[2026, 9, 25, 13, 31, 23] ;;; release; dynamic_ecosystems-neoforge-26.2_1.59.0.jar
[2026, 9, 25, 13, 31, 23] ;;; release; dynamic_ecosystems-neoforge-26.3_1.59.0.jar
[2026, 9, 25, 13, 31, 23] ;;; release; dynamic_monsters-fabric-1.21.8_1.59.0.jar
[2026, 9, 25, 13, 31, 23] ;;; release; dynamic_monsters-fabric-1.21.9_1.59.0.jar
[2026, 9, 25, 13, 31, 23] ;;; release; dynamic_monsters-fabric-26.1_1.59.0.jar
[2026, 9, 25, 13, 31, 23] ;;; release; dynamic_monsters-fabric-26.2_1.59.0.jar
[2026, 9, 25, 13, 31, 23] ;;; release; dynamic_monsters-fabric-26.3_1.59.0.jar
[2026, 9, 25, 13, 31, 23] ;;; release; dynamic_monsters-forge-1.19.4_1.59.0.jar
[2026, 9, 25, 13, 31, 23] ;;; release; dynamic_monsters-forge-1.20.1_1.59.0.jar
[2026, 9, 25, 13, 31, 23] ;;; release; dynamic_monsters-neoforge-1.20.4_1.59.0.jar
[2026, 9, 25, 13, 31, 23] ;;; release; dynamic_monsters-neoforge-1.20.6_1.59.0.jar
[2026, 9, 25, 13, 31, 23] ;;; release; dynamic_monsters-neoforge-1.21.1_1.59.0.jar
[2026, 9, 25, 13, 31, 23] ;;; release; dynamic_monsters-neoforge-1.21.2_1.59.0.jar
[2026, 9, 25, 13, 31, 23] ;;; release; dynamic_monsters-neoforge-1.21.4_1.59.0.jar
[2026, 9, 25, 13, 31, 23] ;;; release; dynamic_monsters-neoforge-1.21.5_1.59.0.jar
[2026, 9, 25, 13, 31, 23] ;;; release; dynamic_monsters-neoforge-1.21.8_1.59.0.jar
[2026, 9, 25, 13, 31, 23] ;;; release; dynamic_monsters-neoforge-26.1_1.59.0.jar
[2026, 9, 25, 13, 31, 23] ;;; release; dynamic_monsters-neoforge-26.2_1.59.0.jar
[2026, 9, 25, 13, 31, 23] ;;; release; dynamic_monsters-neoforge-26.3_1.59.0.jar
[2026, 9, 25, 13, 31, 23] ;;; release; enhanced_survival-fabric-1.21.8_1.59.0.jar
[2026, 9, 25, 13, 31, 23] ;;; release; enhanced_survival-fabric-1.21.9_1.59.0.jar
[2026, 9, 25, 13, 31, 23] ;;; release; enhanced_survival-fabric-26.1_1.59.0.jar
[2026, 9, 25, 13, 31, 23] ;;; release; enhanced_survival-fabric-26.2_1.59.0.jar
[2026, 9, 25, 13, 31, 23] ;;; release; enhanced_survival-fabric-26.3_1.59.0.jar
[2026, 9, 25, 13, 31, 23] ;;; release; enhanced_survival-forge-1.19.4_1.59.0.jar
[2026, 9, 25, 13, 31, 23] ;;; release; enhanced_survival-forge-1.20.1_1.59.0.jar
[2026, 9, 25, 13, 31, 23] ;;; release; enhanced_survival-neoforge-1.20.4_1.59.0.jar
[2026, 9, 25, 13, 31, 23] ;;; release; enhanced_survival-neoforge-1.20.6_1.59.0.jar
[2026, 9, 25, 13, 31, 23] ;;; release; enhanced_survival-neoforge-1.21.1_1.59.0.jar
[2026, 9, 25, 13, 31, 23] ;;; release; enhanced_survival-neoforge-1.21.2_1.59.0.jar
[2026, 9, 25, 13, 31, 23] ;;; release; enhanced_survival-neoforge-1.21.4_1.59.0.jar
[2026, 9, 25, 13, 31, 23] ;;; release; enhanced_survival-neoforge-1.21.5_1.59.0.jar
[2026, 9, 25, 13, 31, 23] ;;; release; enhanced_survival-neoforge-1.21.8_1.59.0.jar
[2026, 9, 25, 13, 31, 23] ;;; release; enhanced_survival-neoforge-26.1_1.59.0.jar
[2026, 9, 25, 13, 31, 23] ;;; release; enhanced_survival-neoforge-26.2_1.59.0.jar
[2026, 9, 25, 13, 31, 23] ;;; release; enhanced_survival-neoforge-26.3_1.59.0.jar
[2026, 9, 25, 13, 31, 23] ;;; release; ghosts_and_ghouls-fabric-1.21.8_1.59.0.jar
[2026, 9, 25, 13, 31, 23] ;;; release; ghosts_and_ghouls-fabric-1.21.9_1.59.0.jar
[2026, 9, 25, 13, 31, 23] ;;; release; ghosts_and_ghouls-fabric-26.1_1.59.0.jar
[2026, 9, 25, 13, 31, 23] ;;; release; ghosts_and_ghouls-fabric-26.2_1.59.0.jar
[2026, 9, 25, 13, 31, 23] ;;; release; ghosts_and_ghouls-fabric-26.3_1.59.0.jar
[2026, 9, 25, 13, 31, 23] ;;; release; ghosts_and_ghouls-forge-1.19.4_1.59.0.jar
[2026, 9, 25, 13, 31, 23] ;;; release; ghosts_and_ghouls-forge-1.20.1_1.59.0.jar
[2026, 9, 25, 13, 31, 23] ;;; release; ghosts_and_ghouls-neoforge-1.20.4_1.59.0.jar
[2026, 9, 25, 13, 31, 23] ;;; release; ghosts_and_ghouls-neoforge-1.20.6_1.59.0.jar
[2026, 9, 25, 13, 31, 23] ;;; release; ghosts_and_ghouls-neoforge-1.21.1_1.59.0.jar
[2026, 9, 25, 13, 31, 23] ;;; release; ghosts_and_ghouls-neoforge-1.21.2_1.59.0.jar
[2026, 9, 25, 13, 31, 23] ;;; release; ghosts_and_ghouls-neoforge-1.21.4_1.59.0.jar
[2026, 9, 25, 13, 31, 23] ;;; release; ghosts_and_ghouls-neoforge-1.21.5_1.59.0.jar
[2026, 9, 25, 13, 31, 23] ;;; release; ghosts_and_ghouls-neoforge-1.21.8_1.59.0.jar
[2026, 9, 25, 13, 31, 23] ;;; release; ghosts_and_ghouls-neoforge-26.1_1.59.0.jar
[2026, 9, 25, 13, 31, 23] ;;; release; ghosts_and_ghouls-neoforge-26.2_1.59.0.jar
[2026, 9, 25, 13, 31, 23] ;;; release; ghosts_and_ghouls-neoforge-26.3_1.59.0.jar
[2026, 9, 25, 13, 31, 23] ;;; release; gothic_horror-fabric-1.21.8_1.59.0.jar
[2026, 9, 25, 13, 31, 23] ;;; release; gothic_horror-fabric-1.21.9_1.59.0.jar
[2026, 9, 25, 13, 31, 23] ;;; release; gothic_horror-fabric-26.1_1.59.0.jar
[2026, 9, 25, 13, 31, 23] ;;; release; gothic_horror-fabric-26.2_1.59.0.jar
[2026, 9, 25, 13, 31, 23] ;;; release; gothic_horror-fabric-26.3_1.59.0.jar
[2026, 9, 25, 13, 31, 23] ;;; release; gothic_horror-forge-1.19.4_1.59.0.jar
[2026, 9, 25, 13, 31, 23] ;;; release; gothic_horror-forge-1.20.1_1.59.0.jar
[2026, 9, 25, 13, 31, 23] ;;; release; gothic_horror-neoforge-1.20.4_1.59.0.jar
[2026, 9, 25, 13, 31, 23] ;;; release; gothic_horror-neoforge-1.20.6_1.59.0.jar
[2026, 9, 25, 13, 31, 23] ;;; release; gothic_horror-neoforge-1.21.1_1.59.0.jar
[2026, 9, 25, 13, 31, 23] ;;; release; gothic_horror-neoforge-1.21.2_1.59.0.jar
[2026, 9, 25, 13, 31, 23] ;;; release; gothic_horror-neoforge-1.21.4_1.59.0.jar
[2026, 9, 25, 13, 31, 23] ;;; release; gothic_horror-neoforge-1.21.5_1.59.0.jar
[2026, 9, 25, 13, 31, 23] ;;; release; gothic_horror-neoforge-1.21.8_1.59.0.jar
[2026, 9, 25, 13, 31, 23] ;;; release; gothic_horror-neoforge-26.1_1.59.0.jar
[2026, 9, 25, 13, 31, 23] ;;; release; gothic_horror-neoforge-26.2_1.59.0.jar
[2026, 9, 25, 13, 31, 23] ;;; release; gothic_horror-neoforge-26.3_1.59.0.jar
[2026, 9, 25, 13, 31, 23] ;;; release; gstools-fabric-1.21.8_1.59.0.jar
[2026, 9, 25, 13, 31, 23] ;;; release; gstools-fabric-1.21.9_1.59.0.jar
[2026, 9, 25, 13, 31, 23] ;;; release; gstools-fabric-26.1_1.59.0.jar
[2026, 9, 25, 13, 31, 23] ;;; release; gstools-fabric-26.2_1.59.0.jar
[2026, 9, 25, 13, 31, 23] ;;; release; gstools-fabric-26.3_1.59.0.jar
[2026, 9, 25, 13, 31, 23] ;;; release; gstools-forge-1.19.4_1.59.0.jar
[2026, 9, 25, 13, 31, 23] ;;; release; gstools-forge-1.20.1_1.59.0.jar
[2026, 9, 25, 13, 31, 23] ;;; release; gstools-neoforge-1.20.4_1.59.0.jar
[2026, 9, 25, 13, 31, 23] ;;; release; gstools-neoforge-1.20.6_1.59.0.jar
[2026, 9, 25, 13, 31, 23] ;;; release; gstools-neoforge-1.21.1_1.59.0.jar
[2026, 9, 25, 13, 31, 23] ;;; release; gstools-neoforge-1.21.2_1.59.0.jar
[2026, 9, 25, 13, 31, 23] ;;; release; gstools-neoforge-1.21.4_1.59.0.jar
[2026, 9, 25, 13, 31, 23] ;;; release; gstools-neoforge-1.21.5_1.59.0.jar
[2026, 9, 25, 13, 31, 23] ;;; release; gstools-neoforge-1.21.8_1.59.0.jar
[2026, 9, 25, 13, 31, 23] ;;; release; gstools-neoforge-26.1_1.59.0.jar
[2026, 9, 25, 13, 31, 23] ;;; release; gstools-neoforge-26.2_1.59.0.jar
[2026, 9, 25, 13, 31, 23] ;;; release; gstools-neoforge-26.3_1.59.0.jar
[2026, 9, 25, 13, 31, 23] ;;; release; life_and_death-fabric-1.21.8_1.59.0.jar
[2026, 9, 25, 13, 31, 23] ;;; release; life_and_death-fabric-1.21.9_1.59.0.jar
[2026, 9, 25, 13, 31, 23] ;;; release; life_and_death-fabric-26.1_1.59.0.jar
[2026, 9, 25, 13, 31, 23] ;;; release; life_and_death-fabric-26.2_1.59.0.jar
[2026, 9, 25, 13, 31, 23] ;;; release; life_and_death-fabric-26.3_1.59.0.jar
[2026, 9, 25, 13, 31, 23] ;;; release; life_and_death-forge-1.19.4_1.59.0.jar
[2026, 9, 25, 13, 31, 23] ;;; release; life_and_death-forge-1.20.1_1.59.0.jar
[2026, 9, 25, 13, 31, 23] ;;; release; life_and_death-neoforge-1.20.4_1.59.0.jar
[2026, 9, 25, 13, 31, 23] ;;; release; life_and_death-neoforge-1.20.6_1.59.0.jar
[2026, 9, 25, 13, 31, 23] ;;; release; life_and_death-neoforge-1.21.1_1.59.0.jar
[2026, 9, 25, 13, 31, 23] ;;; release; life_and_death-neoforge-1.21.2_1.59.0.jar
[2026, 9, 25, 13, 31, 23] ;;; release; life_and_death-neoforge-1.21.4_1.59.0.jar
[2026, 9, 25, 13, 31, 23] ;;; release; life_and_death-neoforge-1.21.5_1.59.0.jar
[2026, 9, 25, 13, 31, 23] ;;; release; life_and_death-neoforge-1.21.8_1.59.0.jar
[2026, 9, 25, 13, 31, 23] ;;; release; life_and_death-neoforge-26.1_1.59.0.jar
[2026, 9, 25, 13, 31, 23] ;;; release; life_and_death-neoforge-26.2_1.59.0.jar
[2026, 9, 25, 13, 31, 23] ;;; release; life_and_death-neoforge-26.3_1.59.0.jar
[2026, 9, 25, 13, 31, 23] ;;; release; undead_expanded-fabric-1.21.8_1.59.0.jar
[2026, 9, 25, 13, 31, 23] ;;; release; undead_expanded-fabric-1.21.9_1.59.0.jar
[2026, 9, 25, 13, 31, 23] ;;; release; undead_expanded-fabric-26.1_1.59.0.jar
[2026, 9, 25, 13, 31, 23] ;;; release; undead_expanded-fabric-26.2_1.59.0.jar
[2026, 9, 25, 13, 31, 23] ;;; release; undead_expanded-fabric-26.3_1.59.0.jar
[2026, 9, 25, 13, 31, 23] ;;; release; undead_expanded-forge-1.19.4_1.59.0.jar
[2026, 9, 25, 13, 31, 23] ;;; release; undead_expanded-forge-1.20.1_1.59.0.jar
[2026, 9, 25, 13, 31, 23] ;;; release; undead_expanded-neoforge-1.20.4_1.59.0.jar
[2026, 9, 25, 13, 31, 23] ;;; release; undead_expanded-neoforge-1.20.6_1.59.0.jar
[2026, 9, 25, 13, 31, 24] ;;; release; undead_expanded-neoforge-1.21.1_1.59.0.jar
[2026, 9, 25, 13, 31, 24] ;;; release; undead_expanded-neoforge-1.21.2_1.59.0.jar
[2026, 9, 25, 13, 31, 24] ;;; release; undead_expanded-neoforge-1.21.4_1.59.0.jar
[2026, 9, 25, 13, 31, 24] ;;; release; undead_expanded-neoforge-1.21.5_1.59.0.jar
[2026, 9, 25, 13, 31, 24] ;;; release; undead_expanded-neoforge-1.21.8_1.59.0.jar
[2026, 9, 25, 13, 31, 24] ;;; release; undead_expanded-neoforge-26.1_1.59.0.jar
[2026, 9, 25, 13, 31, 24] ;;; release; undead_expanded-neoforge-26.2_1.59.0.jar
[2026, 9, 25, 13, 31, 24] ;;; release; undead_expanded-neoforge-26.3_1.59.0.jar
[2026, 9, 25, 15, 10, 39] ;;; release; Release already made today. Waiting for later...
[2026, 9, 25, 15, 10, 39] ;;; release; {'list': [{'version': '1.0.0', 'releaseDate': [0, 1, 1, 0, 0, 0], 'isReleased': True}, {'version': '1.14.0', 'releaseDate': [2025, 12, 26, 15, 0, 0], 'isReleased': True}, {'version': '1.15.0', 'releaseDate': [2025, 12, 26, 15, 0, 0], 'isReleased': True}, {'version': '1.16.0', 'releaseDate': [2025, 12, 26, 17, 28, 32], 'isReleased': True}, {'version': '1.17.0', 'releaseDate': [2025, 12, 27, 17, 28, 32], 'isReleased': True}, {'version': '1.18.0', 'releaseDate': [2025, 12, 28, 17, 28, 32], 'isReleased': True}, {'version': '1.19.0', 'releaseDate': [2025, 12, 29, 17, 28, 32], 'isReleased': True}, {'version': '1.20.1', 'releaseDate': [2025, 12, 31, 12, 34, 47], 'isReleased': True}, {'version': '1.21.0', 'releaseDate': [2026, 1, 1, 12, 34, 47], 'isReleased': True}, {'version': '1.22.0', 'releaseDate': [2026, 1, 2, 12, 34, 47], 'isReleased': True}, {'version': '1.23.0', 'releaseDate': [2026, 1, 3, 12, 34, 47], 'isReleased': True}, {'version': '1.24.0', 'releaseDate': [2026, 1, 4, 12, 34, 47], 'isReleased': True}, {'version': '1.25.0', 'releaseDate': [2026, 1, 5, 12, 34, 47], 'isReleased': True}, {'version': '1.26.0', 'releaseDate': [2026, 1, 6, 12, 34, 47], 'isReleased': True}, {'version': '1.28.0', 'releaseDate': [2026, 1, 9, 19, 43, 52], 'isReleased': True}, {'version': '1.29.0', 'releaseDate': [2026, 1, 14, 19, 43, 52], 'isReleased': True}, {'version': '1.30.0', 'releaseDate': [2026, 1, 16, 13, 33, 52], 'isReleased': True}, {'version': '1.31.0', 'releaseDate': [2026, 1, 19, 18, 10, 58], 'isReleased': True}, {'version': '1.32.0', 'releaseDate': [2026, 2, 6, 16, 26, 14], 'isReleased': True}, {'version': '1.33.0', 'releaseDate': [2026, 2, 7, 12, 26, 14], 'isReleased': True}, {'version': '1.34.0', 'releaseDate': [2026, 2, 8, 16, 47, 11], 'isReleased': True}, {'version': '1.35.0', 'releaseDate': [2026, 3, 1, 17, 41, 18], 'isReleased': True}, {'version': '1.36.0', 'releaseDate': [2026, 3, 6, 19, 18, 20], 'isReleased': True}, {'version': '1.37.0', 'releaseDate': [2026, 3, 9, 10, 39, 5], 'isReleased': True}, {'version': '1.39.0', 'releaseDate': [2026, 3, 20, 19, 37, 55], 'isReleased': True}, {'version': '1.41.0', 'releaseDate': [2026, 4, 9, 16, 10, 55], 'isReleased': True}, {'version': '1.42.0', 'releaseDate': [2026, 7, 19, 15, 10, 55], 'isReleased': True}, {'version': '1.43.0', 'releaseDate': [2026, 7, 19, 15, 10, 55], 'isReleased': True}, {'version': '1.44.0', 'releaseDate': [2026, 7, 26, 14, 0, 30], 'isReleased': True}, {'version': '1.45.0', 'releaseDate': [2026, 7, 27, 14, 0, 30], 'isReleased': True}, {'version': '1.46.0', 'releaseDate': [2026, 8, 5, 12, 21, 57], 'isReleased': True}, {'version': '1.49.0', 'releaseDate': [2026, 8, 7, 14, 47, 35], 'isReleased': True}, {'version': '1.50.0', 'releaseDate': [2026, 8, 7, 14, 47, 35], 'isReleased': True}, {'version': '1.51.0', 'releaseDate': [2026, 8, 16, 18, 4, 21], 'isReleased': True}, {'version': '1.52.0', 'releaseDate': [2026, 8, 26, 18, 4, 21], 'isReleased': True}, {'version': '1.53.0', 'releaseDate': [2026, 8, 29, 16, 22, 50], 'isReleased': True}, {'version': '1.55.0', 'releaseDate': [2026, 8, 30, 21, 3, 17], 'isReleased': True}, {'version': '1.56.0', 'releaseDate': [2026, 8, 31, 21, 3, 17], 'isReleased': True}, {'version': '1.57.0', 'releaseDate': [2026, 9, 3, 15, 51, 54], 'isReleased': True}, {'version': '1.58.0', 'releaseDate': [2026, 9, 23, 15, 51, 54], 'isReleased': True}, {'version': '1.59.0', 'releaseDate': [2026, 9, 25, 1, 38, 19], 'isReleased': False}, {'version': '1.59.0', 'releaseDate': [2026, 9, 25, 13, 31, 24], 'isReleased': True}, {'version': '1.60.0', 'releaseDate': [2026, 9, 26, 13, 31, 24], 'isReleased': False}]}
[2026, 9, 25, 15, 26, 8] ;;; release; Releasing scheduled mod version!
[2026, 9, 25, 15, 28, 27] ;;; release; Releasing scheduled mod version!
[2026, 9, 25, 15, 29, 10] ;;; release; Releasing scheduled mod version!
[2026, 9, 25, 15, 29, 51] ;;; release; Release already made today. Waiting for tomorrow...
[2026, 9, 25, 15, 30, 49] ;;; release; Releasing scheduled mod version!
[2026, 9, 25, 15, 49, 56] ;;; release; Releasing scheduled mod version!
[2026, 9, 25, 16, 25, 13] ;;; release; block_decay-fabric-1.21.10_1.60.0.jar
[2026, 9, 25, 16, 25, 13] ;;; release; block_decay-fabric-1.21.11_1.60.0.jar
[2026, 9, 25, 16, 25, 13] ;;; release; block_decay-fabric-1.21.8_1.60.0.jar
[2026, 9, 25, 16, 25, 13] ;;; release; block_decay-fabric-1.21.9_1.60.0.jar
[2026, 9, 25, 16, 25, 13] ;;; release; block_decay-fabric-26.1_1.60.0.jar
[2026, 9, 25, 16, 25, 13] ;;; release; block_decay-fabric-26.2_1.60.0.jar
[2026, 9, 25, 16, 25, 13] ;;; release; block_decay-fabric-26.3_1.60.0.jar
[2026, 9, 25, 16, 25, 13] ;;; release; block_decay-forge-1.19.4_1.60.0.jar
[2026, 9, 25, 16, 25, 13] ;;; release; block_decay-forge-1.20.1_1.60.0.jar
[2026, 9, 25, 16, 25, 13] ;;; release; block_decay-neoforge-1.20.4_1.60.0.jar
[2026, 9, 25, 16, 25, 13] ;;; release; block_decay-neoforge-1.20.6_1.60.0.jar
[2026, 9, 25, 16, 25, 13] ;;; release; block_decay-neoforge-1.21.10_1.60.0.jar
[2026, 9, 25, 16, 25, 13] ;;; release; block_decay-neoforge-1.21.11_1.60.0.jar
[2026, 9, 25, 16, 25, 13] ;;; release; block_decay-neoforge-1.21.1_1.60.0.jar
[2026, 9, 25, 16, 25, 13] ;;; release; block_decay-neoforge-1.21.2_1.60.0.jar
[2026, 9, 25, 16, 25, 13] ;;; release; block_decay-neoforge-1.21.4_1.60.0.jar
[2026, 9, 25, 16, 25, 13] ;;; release; block_decay-neoforge-1.21.5_1.60.0.jar
[2026, 9, 25, 16, 25, 13] ;;; release; block_decay-neoforge-1.21.8_1.60.0.jar
[2026, 9, 25, 16, 25, 13] ;;; release; block_decay-neoforge-1.21.9_1.60.0.jar
[2026, 9, 25, 16, 25, 13] ;;; release; block_decay-neoforge-1.21_1.60.0.jar
[2026, 9, 25, 16, 25, 13] ;;; release; block_decay-neoforge-26.1_1.60.0.jar
[2026, 9, 25, 16, 25, 13] ;;; release; block_decay-neoforge-26.2_1.60.0.jar
[2026, 9, 25, 16, 25, 13] ;;; release; block_decay-neoforge-26.3_1.60.0.jar
[2026, 9, 25, 16, 25, 13] ;;; release; desire_paths-fabric-1.21.8_1.60.0.jar
[2026, 9, 25, 16, 25, 13] ;;; release; desire_paths-fabric-1.21.9_1.60.0.jar
[2026, 9, 25, 16, 25, 13] ;;; release; desire_paths-fabric-26.1_1.60.0.jar
[2026, 9, 25, 16, 25, 13] ;;; release; desire_paths-fabric-26.2_1.60.0.jar
[2026, 9, 25, 16, 25, 13] ;;; release; desire_paths-fabric-26.3_1.60.0.jar
[2026, 9, 25, 16, 25, 13] ;;; release; desire_paths-forge-1.19.4_1.60.0.jar
[2026, 9, 25, 16, 25, 13] ;;; release; desire_paths-forge-1.20.1_1.60.0.jar
[2026, 9, 25, 16, 25, 13] ;;; release; desire_paths-neoforge-1.20.4_1.60.0.jar
[2026, 9, 25, 16, 25, 13] ;;; release; desire_paths-neoforge-1.20.6_1.60.0.jar
[2026, 9, 25, 16, 25, 13] ;;; release; desire_paths-neoforge-1.21.1_1.60.0.jar
[2026, 9, 25, 16, 25, 13] ;;; release; desire_paths-neoforge-1.21.2_1.60.0.jar
[2026, 9, 25, 16, 25, 13] ;;; release; desire_paths-neoforge-1.21.4_1.60.0.jar
[2026, 9, 25, 16, 25, 13] ;;; release; desire_paths-neoforge-1.21.5_1.60.0.jar
[2026, 9, 25, 16, 25, 13] ;;; release; desire_paths-neoforge-1.21.8_1.60.0.jar
[2026, 9, 25, 16, 25, 13] ;;; release; desire_paths-neoforge-26.1_1.60.0.jar
[2026, 9, 25, 16, 25, 13] ;;; release; desire_paths-neoforge-26.2_1.60.0.jar
[2026, 9, 25, 16, 25, 13] ;;; release; desire_paths-neoforge-26.3_1.60.0.jar
[2026, 9, 25, 16, 25, 13] ;;; release; dynamic_dirt-fabric-1.21.8_1.60.0.jar
[2026, 9, 25, 16, 25, 13] ;;; release; dynamic_dirt-fabric-1.21.9_1.60.0.jar
[2026, 9, 25, 16, 25, 13] ;;; release; dynamic_dirt-fabric-26.1_1.60.0.jar
[2026, 9, 25, 16, 25, 13] ;;; release; dynamic_dirt-fabric-26.2_1.60.0.jar
[2026, 9, 25, 16, 25, 13] ;;; release; dynamic_dirt-fabric-26.3_1.60.0.jar
[2026, 9, 25, 16, 25, 13] ;;; release; dynamic_dirt-forge-1.19.4_1.60.0.jar
[2026, 9, 25, 16, 25, 13] ;;; release; dynamic_dirt-forge-1.20.1_1.60.0.jar
[2026, 9, 25, 16, 25, 13] ;;; release; dynamic_dirt-neoforge-1.20.4_1.60.0.jar
[2026, 9, 25, 16, 25, 13] ;;; release; dynamic_dirt-neoforge-1.20.6_1.60.0.jar
[2026, 9, 25, 16, 25, 13] ;;; release; dynamic_dirt-neoforge-1.21.1_1.60.0.jar
[2026, 9, 25, 16, 25, 13] ;;; release; dynamic_dirt-neoforge-1.21.2_1.60.0.jar
[2026, 9, 25, 16, 25, 13] ;;; release; dynamic_dirt-neoforge-1.21.4_1.60.0.jar
[2026, 9, 25, 16, 25, 13] ;;; release; dynamic_dirt-neoforge-1.21.5_1.60.0.jar
[2026, 9, 25, 16, 25, 13] ;;; release; dynamic_dirt-neoforge-1.21.8_1.60.0.jar
[2026, 9, 25, 16, 25, 13] ;;; release; dynamic_dirt-neoforge-26.1_1.60.0.jar
[2026, 9, 25, 16, 25, 13] ;;; release; dynamic_dirt-neoforge-26.2_1.60.0.jar
[2026, 9, 25, 16, 25, 13] ;;; release; dynamic_dirt-neoforge-26.3_1.60.0.jar
[2026, 9, 25, 16, 25, 13] ;;; release; dynamic_ecosystems-fabric-1.21.8_1.60.0.jar
[2026, 9, 25, 16, 25, 13] ;;; release; dynamic_ecosystems-fabric-1.21.9_1.60.0.jar
[2026, 9, 25, 16, 25, 13] ;;; release; dynamic_ecosystems-fabric-26.1_1.60.0.jar
[2026, 9, 25, 16, 25, 13] ;;; release; dynamic_ecosystems-fabric-26.2_1.60.0.jar
[2026, 9, 25, 16, 25, 13] ;;; release; dynamic_ecosystems-fabric-26.3_1.60.0.jar
[2026, 9, 25, 16, 25, 13] ;;; release; dynamic_ecosystems-forge-1.19.4_1.60.0.jar
[2026, 9, 25, 16, 25, 13] ;;; release; dynamic_ecosystems-forge-1.20.1_1.60.0.jar
[2026, 9, 25, 16, 25, 13] ;;; release; dynamic_ecosystems-neoforge-1.20.4_1.60.0.jar
[2026, 9, 25, 16, 25, 13] ;;; release; dynamic_ecosystems-neoforge-1.20.6_1.60.0.jar
[2026, 9, 25, 16, 25, 13] ;;; release; dynamic_ecosystems-neoforge-1.21.1_1.60.0.jar
[2026, 9, 25, 16, 25, 13] ;;; release; dynamic_ecosystems-neoforge-1.21.2_1.60.0.jar
[2026, 9, 25, 16, 25, 13] ;;; release; dynamic_ecosystems-neoforge-1.21.4_1.60.0.jar
[2026, 9, 25, 16, 25, 13] ;;; release; dynamic_ecosystems-neoforge-1.21.5_1.60.0.jar
[2026, 9, 25, 16, 25, 13] ;;; release; dynamic_ecosystems-neoforge-1.21.8_1.60.0.jar
[2026, 9, 25, 16, 25, 13] ;;; release; dynamic_ecosystems-neoforge-26.1_1.60.0.jar
[2026, 9, 25, 16, 25, 13] ;;; release; dynamic_ecosystems-neoforge-26.2_1.60.0.jar
[2026, 9, 25, 16, 25, 13] ;;; release; dynamic_ecosystems-neoforge-26.3_1.60.0.jar
[2026, 9, 25, 16, 25, 13] ;;; release; dynamic_monsters-fabric-1.21.8_1.60.0.jar
[2026, 9, 25, 16, 25, 13] ;;; release; dynamic_monsters-fabric-1.21.9_1.60.0.jar
[2026, 9, 25, 16, 25, 13] ;;; release; dynamic_monsters-fabric-26.1_1.60.0.jar
[2026, 9, 25, 16, 25, 13] ;;; release; dynamic_monsters-fabric-26.2_1.60.0.jar
[2026, 9, 25, 16, 25, 13] ;;; release; dynamic_monsters-fabric-26.3_1.60.0.jar
[2026, 9, 25, 16, 25, 13] ;;; release; dynamic_monsters-forge-1.19.4_1.60.0.jar
[2026, 9, 25, 16, 25, 13] ;;; release; dynamic_monsters-forge-1.20.1_1.60.0.jar
[2026, 9, 25, 16, 25, 13] ;;; release; dynamic_monsters-neoforge-1.20.4_1.60.0.jar
[2026, 9, 25, 16, 25, 13] ;;; release; dynamic_monsters-neoforge-1.20.6_1.60.0.jar
[2026, 9, 25, 16, 25, 13] ;;; release; dynamic_monsters-neoforge-1.21.1_1.60.0.jar
[2026, 9, 25, 16, 25, 13] ;;; release; dynamic_monsters-neoforge-1.21.2_1.60.0.jar
[2026, 9, 25, 16, 25, 13] ;;; release; dynamic_monsters-neoforge-1.21.4_1.60.0.jar
[2026, 9, 25, 16, 25, 13] ;;; release; dynamic_monsters-neoforge-1.21.5_1.60.0.jar
[2026, 9, 25, 16, 25, 13] ;;; release; dynamic_monsters-neoforge-1.21.8_1.60.0.jar
[2026, 9, 25, 16, 25, 13] ;;; release; dynamic_monsters-neoforge-26.1_1.60.0.jar
[2026, 9, 25, 16, 25, 13] ;;; release; dynamic_monsters-neoforge-26.2_1.60.0.jar
[2026, 9, 25, 16, 25, 13] ;;; release; dynamic_monsters-neoforge-26.3_1.60.0.jar
[2026, 9, 25, 16, 25, 13] ;;; release; enhanced_survival-fabric-1.21.8_1.60.0.jar
[2026, 9, 25, 16, 25, 13] ;;; release; enhanced_survival-fabric-1.21.9_1.60.0.jar
[2026, 9, 25, 16, 25, 13] ;;; release; enhanced_survival-fabric-26.1_1.60.0.jar
[2026, 9, 25, 16, 25, 13] ;;; release; enhanced_survival-fabric-26.2_1.60.0.jar
[2026, 9, 25, 16, 25, 13] ;;; release; enhanced_survival-fabric-26.3_1.60.0.jar
[2026, 9, 25, 16, 25, 13] ;;; release; enhanced_survival-forge-1.19.4_1.60.0.jar
[2026, 9, 25, 16, 25, 13] ;;; release; enhanced_survival-forge-1.20.1_1.60.0.jar
[2026, 9, 25, 16, 25, 13] ;;; release; enhanced_survival-neoforge-1.20.4_1.60.0.jar
[2026, 9, 25, 16, 25, 13] ;;; release; enhanced_survival-neoforge-1.20.6_1.60.0.jar
[2026, 9, 25, 16, 25, 13] ;;; release; enhanced_survival-neoforge-1.21.1_1.60.0.jar
[2026, 9, 25, 16, 25, 13] ;;; release; enhanced_survival-neoforge-1.21.2_1.60.0.jar
[2026, 9, 25, 16, 25, 13] ;;; release; enhanced_survival-neoforge-1.21.4_1.60.0.jar
[2026, 9, 25, 16, 25, 13] ;;; release; enhanced_survival-neoforge-1.21.5_1.60.0.jar
[2026, 9, 25, 16, 25, 13] ;;; release; enhanced_survival-neoforge-1.21.8_1.60.0.jar
[2026, 9, 25, 16, 25, 13] ;;; release; enhanced_survival-neoforge-26.1_1.60.0.jar
[2026, 9, 25, 16, 25, 13] ;;; release; enhanced_survival-neoforge-26.2_1.60.0.jar
[2026, 9, 25, 16, 25, 13] ;;; release; enhanced_survival-neoforge-26.3_1.60.0.jar
[2026, 9, 25, 16, 25, 13] ;;; release; ghosts_and_ghouls-fabric-1.21.8_1.60.0.jar
[2026, 9, 25, 16, 25, 13] ;;; release; ghosts_and_ghouls-fabric-1.21.9_1.60.0.jar
[2026, 9, 25, 16, 25, 13] ;;; release; ghosts_and_ghouls-fabric-26.1_1.60.0.jar
[2026, 9, 25, 16, 25, 13] ;;; release; ghosts_and_ghouls-fabric-26.2_1.60.0.jar
[2026, 9, 25, 16, 25, 13] ;;; release; ghosts_and_ghouls-fabric-26.3_1.60.0.jar
[2026, 9, 25, 16, 25, 13] ;;; release; ghosts_and_ghouls-forge-1.19.4_1.60.0.jar
[2026, 9, 25, 16, 25, 13] ;;; release; ghosts_and_ghouls-forge-1.20.1_1.60.0.jar
[2026, 9, 25, 16, 25, 13] ;;; release; ghosts_and_ghouls-neoforge-1.20.4_1.60.0.jar
[2026, 9, 25, 16, 25, 13] ;;; release; ghosts_and_ghouls-neoforge-1.20.6_1.60.0.jar
[2026, 9, 25, 16, 25, 13] ;;; release; ghosts_and_ghouls-neoforge-1.21.1_1.60.0.jar
[2026, 9, 25, 16, 25, 13] ;;; release; ghosts_and_ghouls-neoforge-1.21.2_1.60.0.jar
[2026, 9, 25, 16, 25, 13] ;;; release; ghosts_and_ghouls-neoforge-1.21.4_1.60.0.jar
[2026, 9, 25, 16, 25, 13] ;;; release; ghosts_and_ghouls-neoforge-1.21.5_1.60.0.jar
[2026, 9, 25, 16, 25, 13] ;;; release; ghosts_and_ghouls-neoforge-1.21.8_1.60.0.jar
[2026, 9, 25, 16, 25, 13] ;;; release; ghosts_and_ghouls-neoforge-26.1_1.60.0.jar
[2026, 9, 25, 16, 25, 13] ;;; release; ghosts_and_ghouls-neoforge-26.2_1.60.0.jar
[2026, 9, 25, 16, 25, 13] ;;; release; ghosts_and_ghouls-neoforge-26.3_1.60.0.jar
[2026, 9, 25, 16, 25, 13] ;;; release; gothic_horror-fabric-1.21.8_1.60.0.jar
[2026, 9, 25, 16, 25, 13] ;;; release; gothic_horror-fabric-1.21.9_1.60.0.jar
[2026, 9, 25, 16, 25, 13] ;;; release; gothic_horror-fabric-26.1_1.60.0.jar
[2026, 9, 25, 16, 25, 13] ;;; release; gothic_horror-fabric-26.2_1.60.0.jar
[2026, 9, 25, 16, 25, 13] ;;; release; gothic_horror-fabric-26.3_1.60.0.jar
[2026, 9, 25, 16, 25, 13] ;;; release; gothic_horror-forge-1.19.4_1.60.0.jar
[2026, 9, 25, 16, 25, 13] ;;; release; gothic_horror-forge-1.20.1_1.60.0.jar
[2026, 9, 25, 16, 25, 13] ;;; release; gothic_horror-neoforge-1.20.4_1.60.0.jar
[2026, 9, 25, 16, 25, 13] ;;; release; gothic_horror-neoforge-1.20.6_1.60.0.jar
[2026, 9, 25, 16, 25, 13] ;;; release; gothic_horror-neoforge-1.21.1_1.60.0.jar
[2026, 9, 25, 16, 25, 13] ;;; release; gothic_horror-neoforge-1.21.2_1.60.0.jar
[2026, 9, 25, 16, 25, 13] ;;; release; gothic_horror-neoforge-1.21.4_1.60.0.jar
[2026, 9, 25, 16, 25, 13] ;;; release; gothic_horror-neoforge-1.21.5_1.60.0.jar
[2026, 9, 25, 16, 25, 13] ;;; release; gothic_horror-neoforge-1.21.8_1.60.0.jar
[2026, 9, 25, 16, 25, 13] ;;; release; gothic_horror-neoforge-26.1_1.60.0.jar
[2026, 9, 25, 16, 25, 13] ;;; release; gothic_horror-neoforge-26.2_1.60.0.jar
[2026, 9, 25, 16, 25, 13] ;;; release; gothic_horror-neoforge-26.3_1.60.0.jar
[2026, 9, 25, 16, 25, 13] ;;; release; gstools-fabric-1.21.8_1.60.0.jar
[2026, 9, 25, 16, 25, 13] ;;; release; .\releases\1.60.0\gstools-fabric-1.21.8_1.60.0.jargstoolsfabric1.21.8gstools fabric 1.21.8 1.60.0
[2026, 9, 25, 16, 25, 23] ;;; release; gstools-fabric-1.21.9_1.60.0.jar
[2026, 9, 25, 16, 25, 23] ;;; release; gstools-fabric-26.1_1.60.0.jar
[2026, 9, 25, 16, 25, 23] ;;; release; .\releases\1.60.0\gstools-fabric-26.1_1.60.0.jargstoolsfabric26.1gstools fabric 26.1 1.60.0
[2026, 9, 25, 16, 25, 31] ;;; release; gstools-fabric-26.2_1.60.0.jar
[2026, 9, 25, 16, 25, 31] ;;; release; .\releases\1.60.0\gstools-fabric-26.2_1.60.0.jargstoolsfabric26.2gstools fabric 26.2 1.60.0
[2026, 9, 25, 16, 25, 45] ;;; release; gstools-fabric-26.3_1.60.0.jar
[2026, 9, 25, 16, 25, 45] ;;; release; gstools-forge-1.19.4_1.60.0.jar
[2026, 9, 25, 16, 25, 45] ;;; release; .\releases\1.60.0\gstools-forge-1.19.4_1.60.0.jargstoolsforge1.19.4gstools forge 1.19.4 1.60.0
[2026, 9, 25, 16, 25, 56] ;;; release; gstools-forge-1.20.1_1.60.0.jar
[2026, 9, 25, 16, 25, 56] ;;; release; .\releases\1.60.0\gstools-forge-1.20.1_1.60.0.jargstoolsforge1.20.1gstools forge 1.20.1 1.60.0
[2026, 9, 25, 16, 26, 6] ;;; release; gstools-neoforge-1.20.4_1.60.0.jar
[2026, 9, 25, 16, 26, 6] ;;; release; .\releases\1.60.0\gstools-neoforge-1.20.4_1.60.0.jargstoolsneoforge1.20.4gstools neoforge 1.20.4 1.60.0
[2026, 9, 25, 16, 26, 14] ;;; release; gstools-neoforge-1.20.6_1.60.0.jar
[2026, 9, 25, 16, 26, 14] ;;; release; gstools-neoforge-1.21.1_1.60.0.jar
[2026, 9, 25, 16, 26, 14] ;;; release; .\releases\1.60.0\gstools-neoforge-1.21.1_1.60.0.jargstoolsneoforge1.21.1gstools neoforge 1.21.1 1.60.0
[2026, 9, 25, 16, 37, 32] ;;; release; Releasing scheduled mod version!
[2026, 9, 25, 16, 38, 42] ;;; release; Releasing scheduled mod version!
[2026, 9, 25, 17, 10, 14] ;;; release; Releasing scheduled mod version!
[2026, 9, 25, 17, 11, 1] ;;; release; Releasing scheduled mod version!
[2026, 9, 25, 17, 19, 40] ;;; release; Releasing scheduled mod version!
[2026, 9, 25, 17, 20, 53] ;;; release; Releasing scheduled mod version!
[2026, 9, 25, 17, 28, 35] ;;; release; Releasing scheduled mod version!
[2026, 9, 25, 17, 29, 39] ;;; release; Releasing scheduled mod version!
[2026, 9, 25, 17, 30, 56] ;;; release; Releasing scheduled mod version!
[2026, 9, 25, 17, 31, 35] ;;; release; Releasing scheduled mod version!
[2026, 9, 25, 17, 33, 31] ;;; release; Releasing scheduled mod version!
[2026, 9, 25, 17, 34, 30] ;;; release; Releasing scheduled mod version!
[2026, 9, 25, 17, 38, 10] ;;; release; Releasing scheduled mod version!
[2026, 9, 25, 17, 39, 53] ;;; release; Releasing scheduled mod version!
[2026, 9, 25, 17, 41, 4] ;;; release; Releasing scheduled mod version!
[2026, 9, 25, 17, 44, 2] ;;; release; Releasing scheduled mod version!
[2026, 9, 25, 17, 49, 30] ;;; release; Releasing scheduled mod version!
[2026, 9, 25, 17, 55, 41] ;;; release; Releasing scheduled mod version!
[2026, 9, 25, 17, 59, 26] ;;; release; Releasing scheduled mod version!
[2026, 9, 25, 18, 20, 22] ;;; release; block_decay-fabric-1.21.10_1.60.0.jar
[2026, 9, 25, 18, 20, 22] ;;; release; block_decay-fabric-1.21.11_1.60.0.jar
[2026, 9, 25, 18, 20, 22] ;;; release; block_decay-fabric-1.21.8_1.60.0.jar
[2026, 9, 25, 18, 20, 22] ;;; release; block_decay-fabric-1.21.9_1.60.0.jar
[2026, 9, 25, 18, 20, 22] ;;; release; block_decay-fabric-26.1_1.60.0.jar
[2026, 9, 25, 18, 20, 22] ;;; release; block_decay-fabric-26.2_1.60.0.jar
[2026, 9, 25, 18, 20, 22] ;;; release; block_decay-fabric-26.3_1.60.0.jar
[2026, 9, 25, 18, 20, 22] ;;; release; block_decay-forge-1.19.4_1.60.0.jar
[2026, 9, 25, 18, 20, 22] ;;; release; block_decay-forge-1.20.1_1.60.0.jar
[2026, 9, 25, 18, 20, 22] ;;; release; block_decay-neoforge-1.20.4_1.60.0.jar
[2026, 9, 25, 18, 20, 22] ;;; release; block_decay-neoforge-1.20.6_1.60.0.jar
[2026, 9, 25, 18, 20, 22] ;;; release; block_decay-neoforge-1.21.10_1.60.0.jar
[2026, 9, 25, 18, 20, 22] ;;; release; block_decay-neoforge-1.21.11_1.60.0.jar
[2026, 9, 25, 18, 20, 22] ;;; release; block_decay-neoforge-1.21.1_1.60.0.jar
[2026, 9, 25, 18, 20, 22] ;;; release; block_decay-neoforge-1.21.2_1.60.0.jar
[2026, 9, 25, 18, 20, 22] ;;; release; block_decay-neoforge-1.21.4_1.60.0.jar
[2026, 9, 25, 18, 20, 22] ;;; release; block_decay-neoforge-1.21.5_1.60.0.jar
[2026, 9, 25, 18, 20, 22] ;;; release; block_decay-neoforge-1.21.8_1.60.0.jar
[2026, 9, 25, 18, 20, 22] ;;; release; block_decay-neoforge-1.21.9_1.60.0.jar
[2026, 9, 25, 18, 20, 22] ;;; release; block_decay-neoforge-1.21_1.60.0.jar
[2026, 9, 25, 18, 20, 22] ;;; release; block_decay-neoforge-26.1_1.60.0.jar
[2026, 9, 25, 18, 20, 22] ;;; release; block_decay-neoforge-26.2_1.60.0.jar
[2026, 9, 25, 18, 20, 22] ;;; release; block_decay-neoforge-26.3_1.60.0.jar
[2026, 9, 25, 18, 20, 22] ;;; release; desire_paths-fabric-1.21.8_1.60.0.jar
[2026, 9, 25, 18, 20, 22] ;;; release; desire_paths-fabric-1.21.9_1.60.0.jar
[2026, 9, 25, 18, 20, 22] ;;; release; desire_paths-fabric-26.1_1.60.0.jar
[2026, 9, 25, 18, 20, 22] ;;; release; desire_paths-fabric-26.2_1.60.0.jar
[2026, 9, 25, 18, 20, 22] ;;; release; desire_paths-fabric-26.3_1.60.0.jar
[2026, 9, 25, 18, 20, 22] ;;; release; desire_paths-forge-1.19.4_1.60.0.jar
[2026, 9, 25, 18, 20, 22] ;;; release; desire_paths-forge-1.20.1_1.60.0.jar
[2026, 9, 25, 18, 20, 22] ;;; release; desire_paths-neoforge-1.20.4_1.60.0.jar
[2026, 9, 25, 18, 20, 22] ;;; release; desire_paths-neoforge-1.20.6_1.60.0.jar
[2026, 9, 25, 18, 20, 22] ;;; release; desire_paths-neoforge-1.21.1_1.60.0.jar
[2026, 9, 25, 18, 20, 22] ;;; release; desire_paths-neoforge-1.21.2_1.60.0.jar
[2026, 9, 25, 18, 20, 22] ;;; release; desire_paths-neoforge-1.21.4_1.60.0.jar
[2026, 9, 25, 18, 20, 22] ;;; release; desire_paths-neoforge-1.21.5_1.60.0.jar
[2026, 9, 25, 18, 20, 22] ;;; release; desire_paths-neoforge-1.21.8_1.60.0.jar
[2026, 9, 25, 18, 20, 22] ;;; release; desire_paths-neoforge-26.1_1.60.0.jar
[2026, 9, 25, 18, 20, 22] ;;; release; desire_paths-neoforge-26.2_1.60.0.jar
[2026, 9, 25, 18, 20, 22] ;;; release; desire_paths-neoforge-26.3_1.60.0.jar
[2026, 9, 25, 18, 20, 22] ;;; release; dynamic_dirt-fabric-1.21.8_1.60.0.jar
[2026, 9, 25, 18, 20, 22] ;;; release; dynamic_dirt-fabric-1.21.9_1.60.0.jar
[2026, 9, 25, 18, 20, 22] ;;; release; dynamic_dirt-fabric-26.1_1.60.0.jar
[2026, 9, 25, 18, 20, 22] ;;; release; dynamic_dirt-fabric-26.2_1.60.0.jar
[2026, 9, 25, 18, 20, 22] ;;; release; dynamic_dirt-fabric-26.3_1.60.0.jar
[2026, 9, 25, 18, 20, 22] ;;; release; dynamic_dirt-forge-1.19.4_1.60.0.jar
[2026, 9, 25, 18, 20, 22] ;;; release; dynamic_dirt-forge-1.20.1_1.60.0.jar
[2026, 9, 25, 18, 20, 22] ;;; release; dynamic_dirt-neoforge-1.20.4_1.60.0.jar
[2026, 9, 25, 18, 20, 22] ;;; release; dynamic_dirt-neoforge-1.20.6_1.60.0.jar
[2026, 9, 25, 18, 20, 22] ;;; release; dynamic_dirt-neoforge-1.21.1_1.60.0.jar
[2026, 9, 25, 18, 20, 22] ;;; release; dynamic_dirt-neoforge-1.21.2_1.60.0.jar
[2026, 9, 25, 18, 20, 22] ;;; release; dynamic_dirt-neoforge-1.21.4_1.60.0.jar
[2026, 9, 25, 18, 20, 22] ;;; release; dynamic_dirt-neoforge-1.21.5_1.60.0.jar
[2026, 9, 25, 18, 20, 22] ;;; release; dynamic_dirt-neoforge-1.21.8_1.60.0.jar
[2026, 9, 25, 18, 20, 22] ;;; release; dynamic_dirt-neoforge-26.1_1.60.0.jar
[2026, 9, 25, 18, 20, 22] ;;; release; dynamic_dirt-neoforge-26.2_1.60.0.jar
[2026, 9, 25, 18, 20, 22] ;;; release; dynamic_dirt-neoforge-26.3_1.60.0.jar
[2026, 9, 25, 18, 20, 22] ;;; release; dynamic_ecosystems-fabric-1.21.8_1.60.0.jar
[2026, 9, 25, 18, 20, 22] ;;; release; dynamic_ecosystems-fabric-1.21.9_1.60.0.jar
[2026, 9, 25, 18, 20, 22] ;;; release; dynamic_ecosystems-fabric-26.1_1.60.0.jar
[2026, 9, 25, 18, 20, 22] ;;; release; dynamic_ecosystems-fabric-26.2_1.60.0.jar
[2026, 9, 25, 18, 20, 22] ;;; release; dynamic_ecosystems-fabric-26.3_1.60.0.jar
[2026, 9, 25, 18, 20, 22] ;;; release; dynamic_ecosystems-forge-1.19.4_1.60.0.jar
[2026, 9, 25, 18, 20, 22] ;;; release; dynamic_ecosystems-forge-1.20.1_1.60.0.jar
[2026, 9, 25, 18, 20, 22] ;;; release; dynamic_ecosystems-neoforge-1.20.4_1.60.0.jar
[2026, 9, 25, 18, 20, 22] ;;; release; dynamic_ecosystems-neoforge-1.20.6_1.60.0.jar
[2026, 9, 25, 18, 20, 22] ;;; release; dynamic_ecosystems-neoforge-1.21.1_1.60.0.jar
[2026, 9, 25, 18, 20, 22] ;;; release; dynamic_ecosystems-neoforge-1.21.2_1.60.0.jar
[2026, 9, 25, 18, 20, 22] ;;; release; dynamic_ecosystems-neoforge-1.21.4_1.60.0.jar
[2026, 9, 25, 18, 20, 22] ;;; release; dynamic_ecosystems-neoforge-1.21.5_1.60.0.jar
[2026, 9, 25, 18, 20, 22] ;;; release; dynamic_ecosystems-neoforge-1.21.8_1.60.0.jar
[2026, 9, 25, 18, 20, 22] ;;; release; dynamic_ecosystems-neoforge-26.1_1.60.0.jar
[2026, 9, 25, 18, 20, 22] ;;; release; dynamic_ecosystems-neoforge-26.2_1.60.0.jar
[2026, 9, 25, 18, 20, 22] ;;; release; dynamic_ecosystems-neoforge-26.3_1.60.0.jar
[2026, 9, 25, 18, 20, 22] ;;; release; dynamic_monsters-fabric-1.21.8_1.60.0.jar
[2026, 9, 25, 18, 20, 22] ;;; release; dynamic_monsters-fabric-1.21.9_1.60.0.jar
[2026, 9, 25, 18, 20, 22] ;;; release; dynamic_monsters-fabric-26.1_1.60.0.jar
[2026, 9, 25, 18, 20, 22] ;;; release; dynamic_monsters-fabric-26.2_1.60.0.jar
[2026, 9, 25, 18, 20, 22] ;;; release; dynamic_monsters-fabric-26.3_1.60.0.jar
[2026, 9, 25, 18, 20, 22] ;;; release; dynamic_monsters-forge-1.19.4_1.60.0.jar
[2026, 9, 25, 18, 20, 22] ;;; release; dynamic_monsters-forge-1.20.1_1.60.0.jar
[2026, 9, 25, 18, 20, 22] ;;; release; dynamic_monsters-neoforge-1.20.4_1.60.0.jar
[2026, 9, 25, 18, 20, 22] ;;; release; dynamic_monsters-neoforge-1.20.6_1.60.0.jar
[2026, 9, 25, 18, 20, 22] ;;; release; dynamic_monsters-neoforge-1.21.1_1.60.0.jar
[2026, 9, 25, 18, 20, 22] ;;; release; dynamic_monsters-neoforge-1.21.2_1.60.0.jar
[2026, 9, 25, 18, 20, 22] ;;; release; dynamic_monsters-neoforge-1.21.4_1.60.0.jar
[2026, 9, 25, 18, 20, 22] ;;; release; dynamic_monsters-neoforge-1.21.5_1.60.0.jar
[2026, 9, 25, 18, 20, 22] ;;; release; dynamic_monsters-neoforge-1.21.8_1.60.0.jar
[2026, 9, 25, 18, 20, 22] ;;; release; dynamic_monsters-neoforge-26.1_1.60.0.jar
[2026, 9, 25, 18, 20, 22] ;;; release; dynamic_monsters-neoforge-26.2_1.60.0.jar
[2026, 9, 25, 18, 20, 22] ;;; release; dynamic_monsters-neoforge-26.3_1.60.0.jar
[2026, 9, 25, 18, 20, 22] ;;; release; enhanced_survival-fabric-1.21.8_1.60.0.jar
[2026, 9, 25, 18, 20, 22] ;;; release; enhanced_survival-fabric-1.21.9_1.60.0.jar
[2026, 9, 25, 18, 20, 22] ;;; release; enhanced_survival-fabric-26.1_1.60.0.jar
[2026, 9, 25, 18, 20, 22] ;;; release; enhanced_survival-fabric-26.2_1.60.0.jar
[2026, 9, 25, 18, 20, 22] ;;; release; enhanced_survival-fabric-26.3_1.60.0.jar
[2026, 9, 25, 18, 20, 22] ;;; release; enhanced_survival-forge-1.19.4_1.60.0.jar
[2026, 9, 25, 18, 20, 22] ;;; release; enhanced_survival-forge-1.20.1_1.60.0.jar
[2026, 9, 25, 18, 20, 22] ;;; release; enhanced_survival-neoforge-1.20.4_1.60.0.jar
[2026, 9, 25, 18, 20, 22] ;;; release; enhanced_survival-neoforge-1.20.6_1.60.0.jar
[2026, 9, 25, 18, 20, 22] ;;; release; enhanced_survival-neoforge-1.21.1_1.60.0.jar
[2026, 9, 25, 18, 20, 22] ;;; release; enhanced_survival-neoforge-1.21.2_1.60.0.jar
[2026, 9, 25, 18, 20, 22] ;;; release; enhanced_survival-neoforge-1.21.4_1.60.0.jar
[2026, 9, 25, 18, 20, 22] ;;; release; enhanced_survival-neoforge-1.21.5_1.60.0.jar
[2026, 9, 25, 18, 20, 22] ;;; release; enhanced_survival-neoforge-1.21.8_1.60.0.jar
[2026, 9, 25, 18, 20, 22] ;;; release; enhanced_survival-neoforge-26.1_1.60.0.jar
[2026, 9, 25, 18, 20, 22] ;;; release; enhanced_survival-neoforge-26.2_1.60.0.jar
[2026, 9, 25, 18, 20, 22] ;;; release; enhanced_survival-neoforge-26.3_1.60.0.jar
[2026, 9, 25, 18, 20, 22] ;;; release; ghosts_and_ghouls-fabric-1.21.8_1.60.0.jar
[2026, 9, 25, 18, 20, 22] ;;; release; ghosts_and_ghouls-fabric-1.21.9_1.60.0.jar
[2026, 9, 25, 18, 20, 22] ;;; release; ghosts_and_ghouls-fabric-26.1_1.60.0.jar
[2026, 9, 25, 18, 20, 22] ;;; release; ghosts_and_ghouls-fabric-26.2_1.60.0.jar
[2026, 9, 25, 18, 20, 22] ;;; release; ghosts_and_ghouls-fabric-26.3_1.60.0.jar
[2026, 9, 25, 18, 20, 22] ;;; release; ghosts_and_ghouls-forge-1.19.4_1.60.0.jar
[2026, 9, 25, 18, 20, 22] ;;; release; ghosts_and_ghouls-forge-1.20.1_1.60.0.jar
[2026, 9, 25, 18, 20, 22] ;;; release; ghosts_and_ghouls-neoforge-1.20.4_1.60.0.jar
[2026, 9, 25, 18, 20, 22] ;;; release; ghosts_and_ghouls-neoforge-1.20.6_1.60.0.jar
[2026, 9, 25, 18, 20, 22] ;;; release; ghosts_and_ghouls-neoforge-1.21.1_1.60.0.jar
[2026, 9, 25, 18, 20, 22] ;;; release; ghosts_and_ghouls-neoforge-1.21.2_1.60.0.jar
[2026, 9, 25, 18, 20, 22] ;;; release; ghosts_and_ghouls-neoforge-1.21.4_1.60.0.jar
[2026, 9, 25, 18, 20, 22] ;;; release; ghosts_and_ghouls-neoforge-1.21.5_1.60.0.jar
[2026, 9, 25, 18, 20, 22] ;;; release; ghosts_and_ghouls-neoforge-1.21.8_1.60.0.jar
[2026, 9, 25, 18, 20, 22] ;;; release; ghosts_and_ghouls-neoforge-26.1_1.60.0.jar
[2026, 9, 25, 18, 20, 22] ;;; release; ghosts_and_ghouls-neoforge-26.2_1.60.0.jar
[2026, 9, 25, 18, 20, 22] ;;; release; ghosts_and_ghouls-neoforge-26.3_1.60.0.jar
[2026, 9, 25, 18, 20, 22] ;;; release; gothic_horror-fabric-1.21.8_1.60.0.jar
[2026, 9, 25, 18, 20, 22] ;;; release; gothic_horror-fabric-1.21.9_1.60.0.jar
[2026, 9, 25, 18, 20, 22] ;;; release; gothic_horror-fabric-26.1_1.60.0.jar
[2026, 9, 25, 18, 20, 22] ;;; release; gothic_horror-fabric-26.2_1.60.0.jar
[2026, 9, 25, 18, 20, 22] ;;; release; gothic_horror-fabric-26.3_1.60.0.jar
[2026, 9, 25, 18, 20, 22] ;;; release; gothic_horror-forge-1.19.4_1.60.0.jar
[2026, 9, 25, 18, 20, 22] ;;; release; gothic_horror-forge-1.20.1_1.60.0.jar
[2026, 9, 25, 18, 20, 22] ;;; release; gothic_horror-neoforge-1.20.4_1.60.0.jar
[2026, 9, 25, 18, 20, 22] ;;; release; gothic_horror-neoforge-1.20.6_1.60.0.jar
[2026, 9, 25, 18, 20, 22] ;;; release; gothic_horror-neoforge-1.21.1_1.60.0.jar
[2026, 9, 25, 18, 20, 22] ;;; release; gothic_horror-neoforge-1.21.2_1.60.0.jar
[2026, 9, 25, 18, 20, 22] ;;; release; gothic_horror-neoforge-1.21.4_1.60.0.jar
[2026, 9, 25, 18, 20, 22] ;;; release; gothic_horror-neoforge-1.21.5_1.60.0.jar
[2026, 9, 25, 18, 20, 22] ;;; release; gothic_horror-neoforge-1.21.8_1.60.0.jar
[2026, 9, 25, 18, 20, 22] ;;; release; gothic_horror-neoforge-26.1_1.60.0.jar
[2026, 9, 25, 18, 20, 22] ;;; release; gothic_horror-neoforge-26.2_1.60.0.jar
[2026, 9, 25, 18, 20, 22] ;;; release; gothic_horror-neoforge-26.3_1.60.0.jar
[2026, 9, 25, 18, 20, 22] ;;; release; gstools-fabric-1.21.8_1.60.0.jar
[2026, 9, 25, 18, 20, 22] ;;; release; gstools-fabric-1.21.9_1.60.0.jar
[2026, 9, 25, 18, 20, 22] ;;; release; .\releases\1.60.0\gstools-fabric-1.21.9_1.60.0.jargstoolsfabric1.21.9gstools fabric 1.21.9 1.60.0
[2026, 9, 25, 18, 20, 31] ;;; release; gstools-fabric-26.1_1.60.0.jar
[2026, 9, 25, 18, 20, 31] ;;; release; .\releases\1.60.0\gstools-fabric-26.1_1.60.0.jargstoolsfabric26.1gstools fabric 26.1 1.60.0
[2026, 9, 25, 18, 20, 40] ;;; release; gstools-fabric-26.2_1.60.0.jar
[2026, 9, 25, 18, 20, 40] ;;; release; .\releases\1.60.0\gstools-fabric-26.2_1.60.0.jargstoolsfabric26.2gstools fabric 26.2 1.60.0
[2026, 9, 25, 18, 20, 47] ;;; release; gstools-fabric-26.3_1.60.0.jar
[2026, 9, 25, 18, 20, 47] ;;; release; gstools-forge-1.19.4_1.60.0.jar
[2026, 9, 25, 18, 20, 47] ;;; release; .\releases\1.60.0\gstools-forge-1.19.4_1.60.0.jargstoolsforge1.19.4gstools forge 1.19.4 1.60.0
[2026, 9, 25, 18, 21, 6] ;;; release; gstools-forge-1.20.1_1.60.0.jar
[2026, 9, 25, 18, 21, 6] ;;; release; .\releases\1.60.0\gstools-forge-1.20.1_1.60.0.jargstoolsforge1.20.1gstools forge 1.20.1 1.60.0
[2026, 9, 25, 18, 21, 18] ;;; release; gstools-neoforge-1.20.4_1.60.0.jar
[2026, 9, 25, 18, 21, 18] ;;; release; .\releases\1.60.0\gstools-neoforge-1.20.4_1.60.0.jargstoolsneoforge1.20.4gstools neoforge 1.20.4 1.60.0
[2026, 9, 25, 18, 21, 28] ;;; release; gstools-neoforge-1.20.6_1.60.0.jar
[2026, 9, 25, 18, 21, 28] ;;; release; gstools-neoforge-1.21.1_1.60.0.jar
[2026, 9, 25, 18, 21, 28] ;;; release; .\releases\1.60.0\gstools-neoforge-1.21.1_1.60.0.jargstoolsneoforge1.21.1gstools neoforge 1.21.1 1.60.0
[2026, 9, 25, 18, 21, 37] ;;; release; gstools-neoforge-1.21.2_1.60.0.jar
[2026, 9, 25, 18, 21, 37] ;;; release; .\releases\1.60.0\gstools-neoforge-1.21.2_1.60.0.jargstoolsneoforge1.21.2gstools neoforge 1.21.2 1.60.0
[2026, 9, 25, 18, 21, 47] ;;; release; gstools-neoforge-1.21.4_1.60.0.jar
[2026, 9, 25, 18, 21, 47] ;;; release; .\releases\1.60.0\gstools-neoforge-1.21.4_1.60.0.jargstoolsneoforge1.21.4gstools neoforge 1.21.4 1.60.0
[2026, 9, 25, 18, 21, 56] ;;; release; gstools-neoforge-1.21.5_1.60.0.jar
[2026, 9, 25, 18, 21, 56] ;;; release; .\releases\1.60.0\gstools-neoforge-1.21.5_1.60.0.jargstoolsneoforge1.21.5gstools neoforge 1.21.5 1.60.0
[2026, 9, 25, 18, 22, 10] ;;; release; gstools-neoforge-1.21.8_1.60.0.jar
[2026, 9, 25, 18, 22, 10] ;;; release; .\releases\1.60.0\gstools-neoforge-1.21.8_1.60.0.jargstoolsneoforge1.21.8gstools neoforge 1.21.8 1.60.0
[2026, 9, 25, 18, 22, 19] ;;; release; gstools-neoforge-26.1_1.60.0.jar
[2026, 9, 25, 18, 22, 19] ;;; release; .\releases\1.60.0\gstools-neoforge-26.1_1.60.0.jargstoolsneoforge26.1gstools neoforge 26.1 1.60.0
[2026, 9, 25, 18, 22, 27] ;;; release; gstools-neoforge-26.2_1.60.0.jar
[2026, 9, 25, 18, 22, 27] ;;; release; .\releases\1.60.0\gstools-neoforge-26.2_1.60.0.jargstoolsneoforge26.2gstools neoforge 26.2 1.60.0
[2026, 9, 25, 18, 22, 36] ;;; release; gstools-neoforge-26.3_1.60.0.jar
[2026, 9, 25, 18, 22, 36] ;;; release; life_and_death-fabric-1.21.8_1.60.0.jar
[2026, 9, 25, 18, 22, 36] ;;; release; life_and_death-fabric-1.21.9_1.60.0.jar
[2026, 9, 25, 18, 22, 36] ;;; release; life_and_death-fabric-26.1_1.60.0.jar
[2026, 9, 25, 18, 22, 36] ;;; release; life_and_death-fabric-26.2_1.60.0.jar
[2026, 9, 25, 18, 22, 36] ;;; release; life_and_death-fabric-26.3_1.60.0.jar
[2026, 9, 25, 18, 22, 36] ;;; release; life_and_death-forge-1.19.4_1.60.0.jar
[2026, 9, 25, 18, 22, 36] ;;; release; life_and_death-forge-1.20.1_1.60.0.jar
[2026, 9, 25, 18, 22, 36] ;;; release; life_and_death-neoforge-1.20.4_1.60.0.jar
[2026, 9, 25, 18, 22, 36] ;;; release; life_and_death-neoforge-1.20.6_1.60.0.jar
[2026, 9, 25, 18, 22, 36] ;;; release; life_and_death-neoforge-1.21.1_1.60.0.jar
[2026, 9, 25, 18, 22, 36] ;;; release; life_and_death-neoforge-1.21.2_1.60.0.jar
[2026, 9, 25, 18, 22, 36] ;;; release; life_and_death-neoforge-1.21.4_1.60.0.jar
[2026, 9, 25, 18, 22, 36] ;;; release; life_and_death-neoforge-1.21.5_1.60.0.jar
[2026, 9, 25, 18, 22, 36] ;;; release; life_and_death-neoforge-1.21.8_1.60.0.jar
[2026, 9, 25, 18, 22, 36] ;;; release; life_and_death-neoforge-26.1_1.60.0.jar
[2026, 9, 25, 18, 22, 36] ;;; release; life_and_death-neoforge-26.2_1.60.0.jar
[2026, 9, 25, 18, 22, 36] ;;; release; life_and_death-neoforge-26.3_1.60.0.jar
[2026, 9, 25, 18, 22, 36] ;;; release; undead_expanded-fabric-1.21.8_1.60.0.jar
[2026, 9, 25, 18, 22, 36] ;;; release; undead_expanded-fabric-1.21.9_1.60.0.jar
[2026, 9, 25, 18, 22, 36] ;;; release; undead_expanded-fabric-26.1_1.60.0.jar
[2026, 9, 25, 18, 22, 36] ;;; release; undead_expanded-fabric-26.2_1.60.0.jar
[2026, 9, 25, 18, 22, 36] ;;; release; undead_expanded-fabric-26.3_1.60.0.jar
[2026, 9, 25, 18, 22, 36] ;;; release; undead_expanded-forge-1.19.4_1.60.0.jar
[2026, 9, 25, 18, 22, 36] ;;; release; undead_expanded-forge-1.20.1_1.60.0.jar
[2026, 9, 25, 18, 22, 36] ;;; release; undead_expanded-neoforge-1.20.4_1.60.0.jar
[2026, 9, 25, 18, 22, 36] ;;; release; undead_expanded-neoforge-1.20.6_1.60.0.jar
[2026, 9, 25, 18, 22, 36] ;;; release; undead_expanded-neoforge-1.21.1_1.60.0.jar
[2026, 9, 25, 18, 22, 36] ;;; release; undead_expanded-neoforge-1.21.2_1.60.0.jar
[2026, 9, 25, 18, 22, 36] ;;; release; undead_expanded-neoforge-1.21.4_1.60.0.jar
[2026, 9, 25, 18, 22, 36] ;;; release; undead_expanded-neoforge-1.21.5_1.60.0.jar
[2026, 9, 25, 18, 22, 36] ;;; release; undead_expanded-neoforge-1.21.8_1.60.0.jar
[2026, 9, 25, 18, 22, 36] ;;; release; undead_expanded-neoforge-26.1_1.60.0.jar
[2026, 9, 25, 18, 22, 36] ;;; release; undead_expanded-neoforge-26.2_1.60.0.jar
[2026, 9, 25, 18, 22, 36] ;;; release; undead_expanded-neoforge-26.3_1.60.0.jar
[2026, 9, 25, 18, 22, 36] ;;; release; block_decay-fabric-1.21.10_1.60.0.jar
[2026, 9, 25, 18, 22, 36] ;;; release; block_decay-fabric-1.21.11_1.60.0.jar
[2026, 9, 25, 18, 22, 36] ;;; release; block_decay-fabric-1.21.8_1.60.0.jar
[2026, 9, 25, 18, 22, 36] ;;; release; block_decay-fabric-1.21.9_1.60.0.jar
[2026, 9, 25, 18, 22, 36] ;;; release; block_decay-fabric-26.1_1.60.0.jar
[2026, 9, 25, 18, 22, 36] ;;; release; block_decay-fabric-26.2_1.60.0.jar
[2026, 9, 25, 18, 22, 36] ;;; release; block_decay-fabric-26.3_1.60.0.jar
[2026, 9, 25, 18, 22, 36] ;;; release; block_decay-forge-1.19.4_1.60.0.jar
[2026, 9, 25, 18, 22, 36] ;;; release; block_decay-forge-1.20.1_1.60.0.jar
[2026, 9, 25, 18, 22, 36] ;;; release; block_decay-neoforge-1.20.4_1.60.0.jar
[2026, 9, 25, 18, 22, 36] ;;; release; block_decay-neoforge-1.20.6_1.60.0.jar
[2026, 9, 25, 18, 22, 36] ;;; release; block_decay-neoforge-1.21.10_1.60.0.jar
[2026, 9, 25, 18, 22, 36] ;;; release; block_decay-neoforge-1.21.11_1.60.0.jar
[2026, 9, 25, 18, 22, 36] ;;; release; block_decay-neoforge-1.21.1_1.60.0.jar
[2026, 9, 25, 18, 22, 36] ;;; release; block_decay-neoforge-1.21.2_1.60.0.jar
[2026, 9, 25, 18, 22, 36] ;;; release; block_decay-neoforge-1.21.4_1.60.0.jar
[2026, 9, 25, 18, 22, 36] ;;; release; block_decay-neoforge-1.21.5_1.60.0.jar
[2026, 9, 25, 18, 22, 36] ;;; release; block_decay-neoforge-1.21.8_1.60.0.jar
[2026, 9, 25, 18, 22, 36] ;;; release; block_decay-neoforge-1.21.9_1.60.0.jar
[2026, 9, 25, 18, 22, 36] ;;; release; block_decay-neoforge-1.21_1.60.0.jar
[2026, 9, 25, 18, 22, 36] ;;; release; block_decay-neoforge-26.1_1.60.0.jar
[2026, 9, 25, 18, 22, 36] ;;; release; block_decay-neoforge-26.2_1.60.0.jar
[2026, 9, 25, 18, 22, 36] ;;; release; block_decay-neoforge-26.3_1.60.0.jar
[2026, 9, 25, 18, 22, 36] ;;; release; desire_paths-fabric-1.21.8_1.60.0.jar
[2026, 9, 25, 18, 22, 36] ;;; release; desire_paths-fabric-1.21.9_1.60.0.jar
[2026, 9, 25, 18, 22, 36] ;;; release; .\releases\1.60.0\desire_paths-fabric-1.21.9_1.60.0.jardesire_pathsfabric1.21.9desire_paths fabric 1.21.9 1.60.0
[2026, 9, 25, 18, 22, 43] ;;; release; desire_paths-fabric-26.1_1.60.0.jar
[2026, 9, 25, 18, 22, 43] ;;; release; .\releases\1.60.0\desire_paths-fabric-26.1_1.60.0.jardesire_pathsfabric26.1desire_paths fabric 26.1 1.60.0
[2026, 9, 25, 18, 22, 55] ;;; release; desire_paths-fabric-26.2_1.60.0.jar
[2026, 9, 25, 18, 22, 55] ;;; release; .\releases\1.60.0\desire_paths-fabric-26.2_1.60.0.jardesire_pathsfabric26.2desire_paths fabric 26.2 1.60.0
[2026, 9, 25, 18, 23, 3] ;;; release; desire_paths-fabric-26.3_1.60.0.jar
[2026, 9, 25, 18, 23, 3] ;;; release; desire_paths-forge-1.19.4_1.60.0.jar
[2026, 9, 25, 18, 23, 3] ;;; release; .\releases\1.60.0\desire_paths-forge-1.19.4_1.60.0.jardesire_pathsforge1.19.4desire_paths forge 1.19.4 1.60.0
[2026, 9, 25, 18, 23, 14] ;;; release; desire_paths-forge-1.20.1_1.60.0.jar
[2026, 9, 25, 18, 23, 14] ;;; release; .\releases\1.60.0\desire_paths-forge-1.20.1_1.60.0.jardesire_pathsforge1.20.1desire_paths forge 1.20.1 1.60.0
[2026, 9, 25, 18, 23, 22] ;;; release; desire_paths-neoforge-1.20.4_1.60.0.jar
[2026, 9, 25, 18, 23, 22] ;;; release; .\releases\1.60.0\desire_paths-neoforge-1.20.4_1.60.0.jardesire_pathsneoforge1.20.4desire_paths neoforge 1.20.4 1.60.0
[2026, 9, 25, 18, 23, 35] ;;; release; desire_paths-neoforge-1.20.6_1.60.0.jar
[2026, 9, 25, 18, 23, 35] ;;; release; desire_paths-neoforge-1.21.1_1.60.0.jar
[2026, 9, 25, 18, 23, 35] ;;; release; .\releases\1.60.0\desire_paths-neoforge-1.21.1_1.60.0.jardesire_pathsneoforge1.21.1desire_paths neoforge 1.21.1 1.60.0
[2026, 9, 25, 18, 23, 44] ;;; release; desire_paths-neoforge-1.21.2_1.60.0.jar
[2026, 9, 25, 18, 23, 44] ;;; release; .\releases\1.60.0\desire_paths-neoforge-1.21.2_1.60.0.jardesire_pathsneoforge1.21.2desire_paths neoforge 1.21.2 1.60.0
[2026, 9, 25, 18, 23, 51] ;;; release; desire_paths-neoforge-1.21.4_1.60.0.jar
[2026, 9, 25, 18, 23, 51] ;;; release; .\releases\1.60.0\desire_paths-neoforge-1.21.4_1.60.0.jardesire_pathsneoforge1.21.4desire_paths neoforge 1.21.4 1.60.0
[2026, 9, 25, 18, 24, 3] ;;; release; desire_paths-neoforge-1.21.5_1.60.0.jar
[2026, 9, 25, 18, 24, 3] ;;; release; .\releases\1.60.0\desire_paths-neoforge-1.21.5_1.60.0.jardesire_pathsneoforge1.21.5desire_paths neoforge 1.21.5 1.60.0
[2026, 9, 25, 18, 24, 11] ;;; release; desire_paths-neoforge-1.21.8_1.60.0.jar
[2026, 9, 25, 18, 24, 11] ;;; release; .\releases\1.60.0\desire_paths-neoforge-1.21.8_1.60.0.jardesire_pathsneoforge1.21.8desire_paths neoforge 1.21.8 1.60.0
[2026, 9, 25, 18, 24, 19] ;;; release; desire_paths-neoforge-26.1_1.60.0.jar
[2026, 9, 25, 18, 24, 19] ;;; release; .\releases\1.60.0\desire_paths-neoforge-26.1_1.60.0.jardesire_pathsneoforge26.1desire_paths neoforge 26.1 1.60.0
[2026, 9, 25, 18, 24, 25] ;;; release; desire_paths-neoforge-26.2_1.60.0.jar
[2026, 9, 25, 18, 24, 25] ;;; release; .\releases\1.60.0\desire_paths-neoforge-26.2_1.60.0.jardesire_pathsneoforge26.2desire_paths neoforge 26.2 1.60.0
[2026, 9, 25, 18, 24, 29] ;;; release; desire_paths-neoforge-26.3_1.60.0.jar
[2026, 9, 25, 18, 24, 29] ;;; release; dynamic_dirt-fabric-1.21.8_1.60.0.jar
[2026, 9, 25, 18, 24, 29] ;;; release; dynamic_dirt-fabric-1.21.9_1.60.0.jar
[2026, 9, 25, 18, 24, 29] ;;; release; dynamic_dirt-fabric-26.1_1.60.0.jar
[2026, 9, 25, 18, 24, 29] ;;; release; dynamic_dirt-fabric-26.2_1.60.0.jar
[2026, 9, 25, 18, 24, 29] ;;; release; dynamic_dirt-fabric-26.3_1.60.0.jar
[2026, 9, 25, 18, 24, 29] ;;; release; dynamic_dirt-forge-1.19.4_1.60.0.jar
[2026, 9, 25, 18, 24, 29] ;;; release; dynamic_dirt-forge-1.20.1_1.60.0.jar
[2026, 9, 25, 18, 24, 29] ;;; release; dynamic_dirt-neoforge-1.20.4_1.60.0.jar
[2026, 9, 25, 18, 24, 29] ;;; release; dynamic_dirt-neoforge-1.20.6_1.60.0.jar
[2026, 9, 25, 18, 24, 29] ;;; release; dynamic_dirt-neoforge-1.21.1_1.60.0.jar
[2026, 9, 25, 18, 24, 29] ;;; release; dynamic_dirt-neoforge-1.21.2_1.60.0.jar
[2026, 9, 25, 18, 24, 29] ;;; release; dynamic_dirt-neoforge-1.21.4_1.60.0.jar
[2026, 9, 25, 18, 24, 29] ;;; release; dynamic_dirt-neoforge-1.21.5_1.60.0.jar
[2026, 9, 25, 18, 24, 29] ;;; release; dynamic_dirt-neoforge-1.21.8_1.60.0.jar
[2026, 9, 25, 18, 24, 29] ;;; release; dynamic_dirt-neoforge-26.1_1.60.0.jar
[2026, 9, 25, 18, 24, 29] ;;; release; dynamic_dirt-neoforge-26.2_1.60.0.jar
[2026, 9, 25, 18, 24, 29] ;;; release; dynamic_dirt-neoforge-26.3_1.60.0.jar
[2026, 9, 25, 18, 24, 29] ;;; release; dynamic_ecosystems-fabric-1.21.8_1.60.0.jar
[2026, 9, 25, 18, 24, 29] ;;; release; dynamic_ecosystems-fabric-1.21.9_1.60.0.jar
[2026, 9, 25, 18, 24, 29] ;;; release; dynamic_ecosystems-fabric-26.1_1.60.0.jar
[2026, 9, 25, 18, 24, 29] ;;; release; dynamic_ecosystems-fabric-26.2_1.60.0.jar
[2026, 9, 25, 18, 24, 29] ;;; release; dynamic_ecosystems-fabric-26.3_1.60.0.jar
[2026, 9, 25, 18, 24, 29] ;;; release; dynamic_ecosystems-forge-1.19.4_1.60.0.jar
[2026, 9, 25, 18, 24, 29] ;;; release; dynamic_ecosystems-forge-1.20.1_1.60.0.jar
[2026, 9, 25, 18, 24, 29] ;;; release; dynamic_ecosystems-neoforge-1.20.4_1.60.0.jar
[2026, 9, 25, 18, 24, 29] ;;; release; dynamic_ecosystems-neoforge-1.20.6_1.60.0.jar
[2026, 9, 25, 18, 24, 29] ;;; release; dynamic_ecosystems-neoforge-1.21.1_1.60.0.jar
[2026, 9, 25, 18, 24, 29] ;;; release; dynamic_ecosystems-neoforge-1.21.2_1.60.0.jar
[2026, 9, 25, 18, 24, 29] ;;; release; dynamic_ecosystems-neoforge-1.21.4_1.60.0.jar
[2026, 9, 25, 18, 24, 29] ;;; release; dynamic_ecosystems-neoforge-1.21.5_1.60.0.jar
[2026, 9, 25, 18, 24, 29] ;;; release; dynamic_ecosystems-neoforge-1.21.8_1.60.0.jar
[2026, 9, 25, 18, 24, 29] ;;; release; dynamic_ecosystems-neoforge-26.1_1.60.0.jar
[2026, 9, 25, 18, 24, 29] ;;; release; dynamic_ecosystems-neoforge-26.2_1.60.0.jar
[2026, 9, 25, 18, 24, 29] ;;; release; dynamic_ecosystems-neoforge-26.3_1.60.0.jar
[2026, 9, 25, 18, 24, 29] ;;; release; dynamic_monsters-fabric-1.21.8_1.60.0.jar
[2026, 9, 25, 18, 24, 29] ;;; release; dynamic_monsters-fabric-1.21.9_1.60.0.jar
[2026, 9, 25, 18, 24, 29] ;;; release; dynamic_monsters-fabric-26.1_1.60.0.jar
[2026, 9, 25, 18, 24, 29] ;;; release; dynamic_monsters-fabric-26.2_1.60.0.jar
[2026, 9, 25, 18, 24, 29] ;;; release; dynamic_monsters-fabric-26.3_1.60.0.jar
[2026, 9, 25, 18, 24, 29] ;;; release; dynamic_monsters-forge-1.19.4_1.60.0.jar
[2026, 9, 25, 18, 24, 29] ;;; release; dynamic_monsters-forge-1.20.1_1.60.0.jar
[2026, 9, 25, 18, 24, 29] ;;; release; dynamic_monsters-neoforge-1.20.4_1.60.0.jar
[2026, 9, 25, 18, 24, 29] ;;; release; dynamic_monsters-neoforge-1.20.6_1.60.0.jar
[2026, 9, 25, 18, 24, 29] ;;; release; dynamic_monsters-neoforge-1.21.1_1.60.0.jar
[2026, 9, 25, 18, 24, 29] ;;; release; dynamic_monsters-neoforge-1.21.2_1.60.0.jar
[2026, 9, 25, 18, 24, 29] ;;; release; dynamic_monsters-neoforge-1.21.4_1.60.0.jar
[2026, 9, 25, 18, 24, 29] ;;; release; dynamic_monsters-neoforge-1.21.5_1.60.0.jar
[2026, 9, 25, 18, 24, 29] ;;; release; dynamic_monsters-neoforge-1.21.8_1.60.0.jar
[2026, 9, 25, 18, 24, 29] ;;; release; dynamic_monsters-neoforge-26.1_1.60.0.jar
[2026, 9, 25, 18, 24, 30] ;;; release; dynamic_monsters-neoforge-26.2_1.60.0.jar
[2026, 9, 25, 18, 24, 30] ;;; release; dynamic_monsters-neoforge-26.3_1.60.0.jar
[2026, 9, 25, 18, 24, 30] ;;; release; enhanced_survival-fabric-1.21.8_1.60.0.jar
[2026, 9, 25, 18, 24, 30] ;;; release; enhanced_survival-fabric-1.21.9_1.60.0.jar
[2026, 9, 25, 18, 24, 30] ;;; release; enhanced_survival-fabric-26.1_1.60.0.jar
[2026, 9, 25, 18, 24, 30] ;;; release; enhanced_survival-fabric-26.2_1.60.0.jar
[2026, 9, 25, 18, 24, 30] ;;; release; enhanced_survival-fabric-26.3_1.60.0.jar
[2026, 9, 25, 18, 24, 30] ;;; release; enhanced_survival-forge-1.19.4_1.60.0.jar
[2026, 9, 25, 18, 24, 30] ;;; release; enhanced_survival-forge-1.20.1_1.60.0.jar
[2026, 9, 25, 18, 24, 30] ;;; release; enhanced_survival-neoforge-1.20.4_1.60.0.jar
[2026, 9, 25, 18, 24, 30] ;;; release; enhanced_survival-neoforge-1.20.6_1.60.0.jar
[2026, 9, 25, 18, 24, 30] ;;; release; enhanced_survival-neoforge-1.21.1_1.60.0.jar
[2026, 9, 25, 18, 24, 30] ;;; release; enhanced_survival-neoforge-1.21.2_1.60.0.jar
[2026, 9, 25, 18, 24, 30] ;;; release; enhanced_survival-neoforge-1.21.4_1.60.0.jar
[2026, 9, 25, 18, 24, 30] ;;; release; enhanced_survival-neoforge-1.21.5_1.60.0.jar
[2026, 9, 25, 18, 24, 30] ;;; release; enhanced_survival-neoforge-1.21.8_1.60.0.jar
[2026, 9, 25, 18, 24, 30] ;;; release; enhanced_survival-neoforge-26.1_1.60.0.jar
[2026, 9, 25, 18, 24, 30] ;;; release; enhanced_survival-neoforge-26.2_1.60.0.jar
[2026, 9, 25, 18, 24, 30] ;;; release; enhanced_survival-neoforge-26.3_1.60.0.jar
[2026, 9, 25, 18, 24, 30] ;;; release; ghosts_and_ghouls-fabric-1.21.8_1.60.0.jar
[2026, 9, 25, 18, 24, 30] ;;; release; ghosts_and_ghouls-fabric-1.21.9_1.60.0.jar
[2026, 9, 25, 18, 24, 30] ;;; release; ghosts_and_ghouls-fabric-26.1_1.60.0.jar
[2026, 9, 25, 18, 24, 30] ;;; release; ghosts_and_ghouls-fabric-26.2_1.60.0.jar
[2026, 9, 25, 18, 24, 30] ;;; release; ghosts_and_ghouls-fabric-26.3_1.60.0.jar
[2026, 9, 25, 18, 24, 30] ;;; release; ghosts_and_ghouls-forge-1.19.4_1.60.0.jar
[2026, 9, 25, 18, 24, 30] ;;; release; ghosts_and_ghouls-forge-1.20.1_1.60.0.jar
[2026, 9, 25, 18, 24, 30] ;;; release; ghosts_and_ghouls-neoforge-1.20.4_1.60.0.jar
[2026, 9, 25, 18, 24, 30] ;;; release; ghosts_and_ghouls-neoforge-1.20.6_1.60.0.jar
[2026, 9, 25, 18, 24, 30] ;;; release; ghosts_and_ghouls-neoforge-1.21.1_1.60.0.jar
[2026, 9, 25, 18, 24, 30] ;;; release; ghosts_and_ghouls-neoforge-1.21.2_1.60.0.jar
[2026, 9, 25, 18, 24, 30] ;;; release; ghosts_and_ghouls-neoforge-1.21.4_1.60.0.jar
[2026, 9, 25, 18, 24, 30] ;;; release; ghosts_and_ghouls-neoforge-1.21.5_1.60.0.jar
[2026, 9, 25, 18, 24, 30] ;;; release; ghosts_and_ghouls-neoforge-1.21.8_1.60.0.jar
[2026, 9, 25, 18, 24, 30] ;;; release; ghosts_and_ghouls-neoforge-26.1_1.60.0.jar
[2026, 9, 25, 18, 24, 30] ;;; release; ghosts_and_ghouls-neoforge-26.2_1.60.0.jar
[2026, 9, 25, 18, 24, 30] ;;; release; ghosts_and_ghouls-neoforge-26.3_1.60.0.jar
[2026, 9, 25, 18, 24, 30] ;;; release; gothic_horror-fabric-1.21.8_1.60.0.jar
[2026, 9, 25, 18, 24, 30] ;;; release; gothic_horror-fabric-1.21.9_1.60.0.jar
[2026, 9, 25, 18, 24, 30] ;;; release; gothic_horror-fabric-26.1_1.60.0.jar
[2026, 9, 25, 18, 24, 30] ;;; release; gothic_horror-fabric-26.2_1.60.0.jar
[2026, 9, 25, 18, 24, 30] ;;; release; gothic_horror-fabric-26.3_1.60.0.jar
[2026, 9, 25, 18, 24, 30] ;;; release; gothic_horror-forge-1.19.4_1.60.0.jar
[2026, 9, 25, 18, 24, 30] ;;; release; gothic_horror-forge-1.20.1_1.60.0.jar
[2026, 9, 25, 18, 24, 30] ;;; release; gothic_horror-neoforge-1.20.4_1.60.0.jar
[2026, 9, 25, 18, 24, 30] ;;; release; gothic_horror-neoforge-1.20.6_1.60.0.jar
[2026, 9, 25, 18, 24, 30] ;;; release; gothic_horror-neoforge-1.21.1_1.60.0.jar
[2026, 9, 25, 18, 24, 30] ;;; release; gothic_horror-neoforge-1.21.2_1.60.0.jar
[2026, 9, 25, 18, 24, 30] ;;; release; gothic_horror-neoforge-1.21.4_1.60.0.jar
[2026, 9, 25, 18, 24, 30] ;;; release; gothic_horror-neoforge-1.21.5_1.60.0.jar
[2026, 9, 25, 18, 24, 30] ;;; release; gothic_horror-neoforge-1.21.8_1.60.0.jar
[2026, 9, 25, 18, 24, 30] ;;; release; gothic_horror-neoforge-26.1_1.60.0.jar
[2026, 9, 25, 18, 24, 30] ;;; release; gothic_horror-neoforge-26.2_1.60.0.jar
[2026, 9, 25, 18, 24, 30] ;;; release; gothic_horror-neoforge-26.3_1.60.0.jar
[2026, 9, 25, 18, 24, 30] ;;; release; gstools-fabric-1.21.8_1.60.0.jar
[2026, 9, 25, 18, 24, 30] ;;; release; gstools-fabric-1.21.9_1.60.0.jar
[2026, 9, 25, 18, 24, 30] ;;; release; gstools-fabric-26.1_1.60.0.jar
[2026, 9, 25, 18, 24, 30] ;;; release; gstools-fabric-26.2_1.60.0.jar
[2026, 9, 25, 18, 24, 30] ;;; release; gstools-fabric-26.3_1.60.0.jar
[2026, 9, 25, 18, 24, 30] ;;; release; gstools-forge-1.19.4_1.60.0.jar
[2026, 9, 25, 18, 24, 30] ;;; release; gstools-forge-1.20.1_1.60.0.jar
[2026, 9, 25, 18, 24, 30] ;;; release; gstools-neoforge-1.20.4_1.60.0.jar
[2026, 9, 25, 18, 24, 30] ;;; release; gstools-neoforge-1.20.6_1.60.0.jar
[2026, 9, 25, 18, 24, 30] ;;; release; gstools-neoforge-1.21.1_1.60.0.jar
[2026, 9, 25, 18, 24, 30] ;;; release; gstools-neoforge-1.21.2_1.60.0.jar
[2026, 9, 25, 18, 24, 30] ;;; release; gstools-neoforge-1.21.4_1.60.0.jar
[2026, 9, 25, 18, 24, 30] ;;; release; gstools-neoforge-1.21.5_1.60.0.jar
[2026, 9, 25, 18, 24, 30] ;;; release; gstools-neoforge-1.21.8_1.60.0.jar
[2026, 9, 25, 18, 24, 30] ;;; release; gstools-neoforge-26.1_1.60.0.jar
[2026, 9, 25, 18, 24, 30] ;;; release; gstools-neoforge-26.2_1.60.0.jar
[2026, 9, 25, 18, 24, 30] ;;; release; gstools-neoforge-26.3_1.60.0.jar
[2026, 9, 25, 18, 24, 30] ;;; release; life_and_death-fabric-1.21.8_1.60.0.jar
[2026, 9, 25, 18, 24, 30] ;;; release; life_and_death-fabric-1.21.9_1.60.0.jar
[2026, 9, 25, 18, 24, 30] ;;; release; life_and_death-fabric-26.1_1.60.0.jar
[2026, 9, 25, 18, 24, 30] ;;; release; life_and_death-fabric-26.2_1.60.0.jar
[2026, 9, 25, 18, 24, 30] ;;; release; life_and_death-fabric-26.3_1.60.0.jar
[2026, 9, 25, 18, 24, 30] ;;; release; life_and_death-forge-1.19.4_1.60.0.jar
[2026, 9, 25, 18, 24, 30] ;;; release; life_and_death-forge-1.20.1_1.60.0.jar
[2026, 9, 25, 18, 24, 30] ;;; release; life_and_death-neoforge-1.20.4_1.60.0.jar
[2026, 9, 25, 18, 24, 30] ;;; release; life_and_death-neoforge-1.20.6_1.60.0.jar
[2026, 9, 25, 18, 24, 30] ;;; release; life_and_death-neoforge-1.21.1_1.60.0.jar
[2026, 9, 25, 18, 24, 30] ;;; release; life_and_death-neoforge-1.21.2_1.60.0.jar
[2026, 9, 25, 18, 24, 30] ;;; release; life_and_death-neoforge-1.21.4_1.60.0.jar
[2026, 9, 25, 18, 24, 30] ;;; release; life_and_death-neoforge-1.21.5_1.60.0.jar
[2026, 9, 25, 18, 24, 30] ;;; release; life_and_death-neoforge-1.21.8_1.60.0.jar
[2026, 9, 25, 18, 24, 30] ;;; release; life_and_death-neoforge-26.1_1.60.0.jar
[2026, 9, 25, 18, 24, 30] ;;; release; life_and_death-neoforge-26.2_1.60.0.jar
[2026, 9, 25, 18, 24, 30] ;;; release; life_and_death-neoforge-26.3_1.60.0.jar
[2026, 9, 25, 18, 24, 30] ;;; release; undead_expanded-fabric-1.21.8_1.60.0.jar
[2026, 9, 25, 18, 24, 30] ;;; release; undead_expanded-fabric-1.21.9_1.60.0.jar
[2026, 9, 25, 18, 24, 30] ;;; release; undead_expanded-fabric-26.1_1.60.0.jar
[2026, 9, 25, 18, 24, 30] ;;; release; undead_expanded-fabric-26.2_1.60.0.jar
[2026, 9, 25, 18, 24, 30] ;;; release; undead_expanded-fabric-26.3_1.60.0.jar
[2026, 9, 25, 18, 24, 30] ;;; release; undead_expanded-forge-1.19.4_1.60.0.jar
[2026, 9, 25, 18, 24, 30] ;;; release; undead_expanded-forge-1.20.1_1.60.0.jar
[2026, 9, 25, 18, 24, 30] ;;; release; undead_expanded-neoforge-1.20.4_1.60.0.jar
[2026, 9, 25, 18, 24, 30] ;;; release; undead_expanded-neoforge-1.20.6_1.60.0.jar
[2026, 9, 25, 18, 24, 30] ;;; release; undead_expanded-neoforge-1.21.1_1.60.0.jar
[2026, 9, 25, 18, 24, 30] ;;; release; undead_expanded-neoforge-1.21.2_1.60.0.jar
[2026, 9, 25, 18, 24, 30] ;;; release; undead_expanded-neoforge-1.21.4_1.60.0.jar
[2026, 9, 25, 18, 24, 30] ;;; release; undead_expanded-neoforge-1.21.5_1.60.0.jar
[2026, 9, 25, 18, 24, 30] ;;; release; undead_expanded-neoforge-1.21.8_1.60.0.jar
[2026, 9, 25, 18, 24, 30] ;;; release; undead_expanded-neoforge-26.1_1.60.0.jar
[2026, 9, 25, 18, 24, 30] ;;; release; undead_expanded-neoforge-26.2_1.60.0.jar
[2026, 9, 25, 18, 24, 30] ;;; release; undead_expanded-neoforge-26.3_1.60.0.jar
[2026, 9, 25, 18, 24, 30] ;;; release; block_decay-fabric-1.21.10_1.60.0.jar
[2026, 9, 25, 18, 24, 30] ;;; release; block_decay-fabric-1.21.11_1.60.0.jar
[2026, 9, 25, 18, 24, 30] ;;; release; block_decay-fabric-1.21.8_1.60.0.jar
[2026, 9, 25, 18, 24, 30] ;;; release; block_decay-fabric-1.21.9_1.60.0.jar
[2026, 9, 25, 18, 24, 30] ;;; release; block_decay-fabric-26.1_1.60.0.jar
[2026, 9, 25, 18, 24, 30] ;;; release; block_decay-fabric-26.2_1.60.0.jar
[2026, 9, 25, 18, 24, 30] ;;; release; block_decay-fabric-26.3_1.60.0.jar
[2026, 9, 25, 18, 24, 30] ;;; release; block_decay-forge-1.19.4_1.60.0.jar
[2026, 9, 25, 18, 24, 30] ;;; release; block_decay-forge-1.20.1_1.60.0.jar
[2026, 9, 25, 18, 24, 30] ;;; release; block_decay-neoforge-1.20.4_1.60.0.jar
[2026, 9, 25, 18, 24, 30] ;;; release; block_decay-neoforge-1.20.6_1.60.0.jar
[2026, 9, 25, 18, 24, 30] ;;; release; block_decay-neoforge-1.21.10_1.60.0.jar
[2026, 9, 25, 18, 24, 30] ;;; release; block_decay-neoforge-1.21.11_1.60.0.jar
[2026, 9, 25, 18, 24, 30] ;;; release; block_decay-neoforge-1.21.1_1.60.0.jar
[2026, 9, 25, 18, 24, 30] ;;; release; block_decay-neoforge-1.21.2_1.60.0.jar
[2026, 9, 25, 18, 24, 30] ;;; release; block_decay-neoforge-1.21.4_1.60.0.jar
[2026, 9, 25, 18, 24, 30] ;;; release; block_decay-neoforge-1.21.5_1.60.0.jar
[2026, 9, 25, 18, 24, 30] ;;; release; block_decay-neoforge-1.21.8_1.60.0.jar
[2026, 9, 25, 18, 24, 30] ;;; release; block_decay-neoforge-1.21.9_1.60.0.jar
[2026, 9, 25, 18, 24, 30] ;;; release; block_decay-neoforge-1.21_1.60.0.jar
[2026, 9, 25, 18, 24, 30] ;;; release; block_decay-neoforge-26.1_1.60.0.jar
[2026, 9, 25, 18, 24, 30] ;;; release; block_decay-neoforge-26.2_1.60.0.jar
[2026, 9, 25, 18, 24, 30] ;;; release; block_decay-neoforge-26.3_1.60.0.jar
[2026, 9, 25, 18, 24, 30] ;;; release; desire_paths-fabric-1.21.8_1.60.0.jar
[2026, 9, 25, 18, 24, 30] ;;; release; desire_paths-fabric-1.21.9_1.60.0.jar
[2026, 9, 25, 18, 24, 30] ;;; release; desire_paths-fabric-26.1_1.60.0.jar
[2026, 9, 25, 18, 24, 30] ;;; release; desire_paths-fabric-26.2_1.60.0.jar
[2026, 9, 25, 18, 24, 30] ;;; release; desire_paths-fabric-26.3_1.60.0.jar
[2026, 9, 25, 18, 24, 30] ;;; release; desire_paths-forge-1.19.4_1.60.0.jar
[2026, 9, 25, 18, 24, 30] ;;; release; desire_paths-forge-1.20.1_1.60.0.jar
[2026, 9, 25, 18, 24, 30] ;;; release; desire_paths-neoforge-1.20.4_1.60.0.jar
[2026, 9, 25, 18, 24, 30] ;;; release; desire_paths-neoforge-1.20.6_1.60.0.jar
[2026, 9, 25, 18, 24, 30] ;;; release; desire_paths-neoforge-1.21.1_1.60.0.jar
[2026, 9, 25, 18, 24, 30] ;;; release; desire_paths-neoforge-1.21.2_1.60.0.jar
[2026, 9, 25, 18, 24, 30] ;;; release; desire_paths-neoforge-1.21.4_1.60.0.jar
[2026, 9, 25, 18, 24, 30] ;;; release; desire_paths-neoforge-1.21.5_1.60.0.jar
[2026, 9, 25, 18, 24, 30] ;;; release; desire_paths-neoforge-1.21.8_1.60.0.jar
[2026, 9, 25, 18, 24, 30] ;;; release; desire_paths-neoforge-26.1_1.60.0.jar
[2026, 9, 25, 18, 24, 30] ;;; release; desire_paths-neoforge-26.2_1.60.0.jar
[2026, 9, 25, 18, 24, 30] ;;; release; desire_paths-neoforge-26.3_1.60.0.jar
[2026, 9, 25, 18, 24, 30] ;;; release; dynamic_dirt-fabric-1.21.8_1.60.0.jar
[2026, 9, 25, 18, 24, 30] ;;; release; dynamic_dirt-fabric-1.21.9_1.60.0.jar
[2026, 9, 25, 18, 24, 30] ;;; release; .\releases\1.60.0\dynamic_dirt-fabric-1.21.9_1.60.0.jardynamic_dirtfabric1.21.9dynamic_dirt fabric 1.21.9 1.60.0
[2026, 9, 25, 18, 24, 35] ;;; release; dynamic_dirt-fabric-26.1_1.60.0.jar
[2026, 9, 25, 18, 24, 35] ;;; release; .\releases\1.60.0\dynamic_dirt-fabric-26.1_1.60.0.jardynamic_dirtfabric26.1dynamic_dirt fabric 26.1 1.60.0
[2026, 9, 25, 18, 24, 40] ;;; release; dynamic_dirt-fabric-26.2_1.60.0.jar
[2026, 9, 25, 18, 24, 40] ;;; release; .\releases\1.60.0\dynamic_dirt-fabric-26.2_1.60.0.jardynamic_dirtfabric26.2dynamic_dirt fabric 26.2 1.60.0
[2026, 9, 25, 18, 24, 44] ;;; release; dynamic_dirt-fabric-26.3_1.60.0.jar
[2026, 9, 25, 18, 24, 44] ;;; release; dynamic_dirt-forge-1.19.4_1.60.0.jar
[2026, 9, 25, 18, 24, 44] ;;; release; .\releases\1.60.0\dynamic_dirt-forge-1.19.4_1.60.0.jardynamic_dirtforge1.19.4dynamic_dirt forge 1.19.4 1.60.0
[2026, 9, 25, 18, 24, 48] ;;; release; dynamic_dirt-forge-1.20.1_1.60.0.jar
[2026, 9, 25, 18, 24, 48] ;;; release; .\releases\1.60.0\dynamic_dirt-forge-1.20.1_1.60.0.jardynamic_dirtforge1.20.1dynamic_dirt forge 1.20.1 1.60.0
[2026, 9, 25, 18, 24, 53] ;;; release; dynamic_dirt-neoforge-1.20.4_1.60.0.jar
[2026, 9, 25, 18, 24, 53] ;;; release; .\releases\1.60.0\dynamic_dirt-neoforge-1.20.4_1.60.0.jardynamic_dirtneoforge1.20.4dynamic_dirt neoforge 1.20.4 1.60.0
[2026, 9, 25, 18, 24, 58] ;;; release; dynamic_dirt-neoforge-1.20.6_1.60.0.jar
[2026, 9, 25, 18, 24, 58] ;;; release; dynamic_dirt-neoforge-1.21.1_1.60.0.jar
[2026, 9, 25, 18, 24, 58] ;;; release; .\releases\1.60.0\dynamic_dirt-neoforge-1.21.1_1.60.0.jardynamic_dirtneoforge1.21.1dynamic_dirt neoforge 1.21.1 1.60.0
[2026, 9, 25, 18, 25, 2] ;;; release; dynamic_dirt-neoforge-1.21.2_1.60.0.jar
[2026, 9, 25, 18, 25, 2] ;;; release; .\releases\1.60.0\dynamic_dirt-neoforge-1.21.2_1.60.0.jardynamic_dirtneoforge1.21.2dynamic_dirt neoforge 1.21.2 1.60.0
[2026, 9, 25, 18, 25, 6] ;;; release; dynamic_dirt-neoforge-1.21.4_1.60.0.jar
[2026, 9, 25, 18, 25, 6] ;;; release; .\releases\1.60.0\dynamic_dirt-neoforge-1.21.4_1.60.0.jardynamic_dirtneoforge1.21.4dynamic_dirt neoforge 1.21.4 1.60.0
[2026, 9, 25, 18, 25, 10] ;;; release; dynamic_dirt-neoforge-1.21.5_1.60.0.jar
[2026, 9, 25, 18, 25, 10] ;;; release; .\releases\1.60.0\dynamic_dirt-neoforge-1.21.5_1.60.0.jardynamic_dirtneoforge1.21.5dynamic_dirt neoforge 1.21.5 1.60.0
[2026, 9, 25, 18, 25, 15] ;;; release; dynamic_dirt-neoforge-1.21.8_1.60.0.jar
[2026, 9, 25, 18, 25, 15] ;;; release; .\releases\1.60.0\dynamic_dirt-neoforge-1.21.8_1.60.0.jardynamic_dirtneoforge1.21.8dynamic_dirt neoforge 1.21.8 1.60.0
[2026, 9, 25, 18, 25, 20] ;;; release; dynamic_dirt-neoforge-26.1_1.60.0.jar
[2026, 9, 25, 18, 25, 20] ;;; release; .\releases\1.60.0\dynamic_dirt-neoforge-26.1_1.60.0.jardynamic_dirtneoforge26.1dynamic_dirt neoforge 26.1 1.60.0
[2026, 9, 25, 18, 25, 24] ;;; release; dynamic_dirt-neoforge-26.2_1.60.0.jar
[2026, 9, 25, 18, 25, 24] ;;; release; .\releases\1.60.0\dynamic_dirt-neoforge-26.2_1.60.0.jardynamic_dirtneoforge26.2dynamic_dirt neoforge 26.2 1.60.0
[2026, 9, 25, 18, 25, 33] ;;; release; dynamic_dirt-neoforge-26.3_1.60.0.jar
[2026, 9, 25, 18, 25, 33] ;;; release; dynamic_ecosystems-fabric-1.21.8_1.60.0.jar
[2026, 9, 25, 18, 25, 33] ;;; release; dynamic_ecosystems-fabric-1.21.9_1.60.0.jar
[2026, 9, 25, 18, 25, 33] ;;; release; dynamic_ecosystems-fabric-26.1_1.60.0.jar
[2026, 9, 25, 18, 25, 33] ;;; release; dynamic_ecosystems-fabric-26.2_1.60.0.jar
[2026, 9, 25, 18, 25, 33] ;;; release; dynamic_ecosystems-fabric-26.3_1.60.0.jar
[2026, 9, 25, 18, 25, 33] ;;; release; dynamic_ecosystems-forge-1.19.4_1.60.0.jar
[2026, 9, 25, 18, 25, 33] ;;; release; dynamic_ecosystems-forge-1.20.1_1.60.0.jar
[2026, 9, 25, 18, 25, 33] ;;; release; dynamic_ecosystems-neoforge-1.20.4_1.60.0.jar
[2026, 9, 25, 18, 25, 33] ;;; release; dynamic_ecosystems-neoforge-1.20.6_1.60.0.jar
[2026, 9, 25, 18, 25, 33] ;;; release; dynamic_ecosystems-neoforge-1.21.1_1.60.0.jar
[2026, 9, 25, 18, 25, 33] ;;; release; dynamic_ecosystems-neoforge-1.21.2_1.60.0.jar
[2026, 9, 25, 18, 25, 33] ;;; release; dynamic_ecosystems-neoforge-1.21.4_1.60.0.jar
[2026, 9, 25, 18, 25, 33] ;;; release; dynamic_ecosystems-neoforge-1.21.5_1.60.0.jar
[2026, 9, 25, 18, 25, 33] ;;; release; dynamic_ecosystems-neoforge-1.21.8_1.60.0.jar
[2026, 9, 25, 18, 25, 33] ;;; release; dynamic_ecosystems-neoforge-26.1_1.60.0.jar
[2026, 9, 25, 18, 25, 33] ;;; release; dynamic_ecosystems-neoforge-26.2_1.60.0.jar
[2026, 9, 25, 18, 25, 33] ;;; release; dynamic_ecosystems-neoforge-26.3_1.60.0.jar
[2026, 9, 25, 18, 25, 33] ;;; release; dynamic_monsters-fabric-1.21.8_1.60.0.jar
[2026, 9, 25, 18, 25, 33] ;;; release; dynamic_monsters-fabric-1.21.9_1.60.0.jar
[2026, 9, 25, 18, 25, 33] ;;; release; dynamic_monsters-fabric-26.1_1.60.0.jar
[2026, 9, 25, 18, 25, 33] ;;; release; dynamic_monsters-fabric-26.2_1.60.0.jar
[2026, 9, 25, 18, 25, 33] ;;; release; dynamic_monsters-fabric-26.3_1.60.0.jar
[2026, 9, 25, 18, 25, 33] ;;; release; dynamic_monsters-forge-1.19.4_1.60.0.jar
[2026, 9, 25, 18, 25, 33] ;;; release; dynamic_monsters-forge-1.20.1_1.60.0.jar
[2026, 9, 25, 18, 25, 33] ;;; release; dynamic_monsters-neoforge-1.20.4_1.60.0.jar
[2026, 9, 25, 18, 25, 33] ;;; release; dynamic_monsters-neoforge-1.20.6_1.60.0.jar
[2026, 9, 25, 18, 25, 33] ;;; release; dynamic_monsters-neoforge-1.21.1_1.60.0.jar
[2026, 9, 25, 18, 25, 33] ;;; release; dynamic_monsters-neoforge-1.21.2_1.60.0.jar
[2026, 9, 25, 18, 25, 33] ;;; release; dynamic_monsters-neoforge-1.21.4_1.60.0.jar
[2026, 9, 25, 18, 25, 33] ;;; release; dynamic_monsters-neoforge-1.21.5_1.60.0.jar
[2026, 9, 25, 18, 25, 33] ;;; release; dynamic_monsters-neoforge-1.21.8_1.60.0.jar
[2026, 9, 25, 18, 25, 33] ;;; release; dynamic_monsters-neoforge-26.1_1.60.0.jar
[2026, 9, 25, 18, 25, 33] ;;; release; dynamic_monsters-neoforge-26.2_1.60.0.jar
[2026, 9, 25, 18, 25, 33] ;;; release; dynamic_monsters-neoforge-26.3_1.60.0.jar
[2026, 9, 25, 18, 25, 33] ;;; release; enhanced_survival-fabric-1.21.8_1.60.0.jar
[2026, 9, 25, 18, 25, 33] ;;; release; enhanced_survival-fabric-1.21.9_1.60.0.jar
[2026, 9, 25, 18, 25, 33] ;;; release; enhanced_survival-fabric-26.1_1.60.0.jar
[2026, 9, 25, 18, 25, 33] ;;; release; enhanced_survival-fabric-26.2_1.60.0.jar
[2026, 9, 25, 18, 25, 33] ;;; release; enhanced_survival-fabric-26.3_1.60.0.jar
[2026, 9, 25, 18, 25, 33] ;;; release; enhanced_survival-forge-1.19.4_1.60.0.jar
[2026, 9, 25, 18, 25, 33] ;;; release; enhanced_survival-forge-1.20.1_1.60.0.jar
[2026, 9, 25, 18, 25, 33] ;;; release; enhanced_survival-neoforge-1.20.4_1.60.0.jar
[2026, 9, 25, 18, 25, 33] ;;; release; enhanced_survival-neoforge-1.20.6_1.60.0.jar
[2026, 9, 25, 18, 25, 33] ;;; release; enhanced_survival-neoforge-1.21.1_1.60.0.jar
[2026, 9, 25, 18, 25, 33] ;;; release; enhanced_survival-neoforge-1.21.2_1.60.0.jar
[2026, 9, 25, 18, 25, 33] ;;; release; enhanced_survival-neoforge-1.21.4_1.60.0.jar
[2026, 9, 25, 18, 25, 33] ;;; release; enhanced_survival-neoforge-1.21.5_1.60.0.jar
[2026, 9, 25, 18, 25, 33] ;;; release; enhanced_survival-neoforge-1.21.8_1.60.0.jar
[2026, 9, 25, 18, 25, 33] ;;; release; enhanced_survival-neoforge-26.1_1.60.0.jar
[2026, 9, 25, 18, 25, 33] ;;; release; enhanced_survival-neoforge-26.2_1.60.0.jar
[2026, 9, 25, 18, 25, 33] ;;; release; enhanced_survival-neoforge-26.3_1.60.0.jar
[2026, 9, 25, 18, 25, 33] ;;; release; ghosts_and_ghouls-fabric-1.21.8_1.60.0.jar
[2026, 9, 25, 18, 25, 33] ;;; release; ghosts_and_ghouls-fabric-1.21.9_1.60.0.jar
[2026, 9, 25, 18, 25, 33] ;;; release; ghosts_and_ghouls-fabric-26.1_1.60.0.jar
[2026, 9, 25, 18, 25, 33] ;;; release; ghosts_and_ghouls-fabric-26.2_1.60.0.jar
[2026, 9, 25, 18, 25, 33] ;;; release; ghosts_and_ghouls-fabric-26.3_1.60.0.jar
[2026, 9, 25, 18, 25, 33] ;;; release; ghosts_and_ghouls-forge-1.19.4_1.60.0.jar
[2026, 9, 25, 18, 25, 33] ;;; release; ghosts_and_ghouls-forge-1.20.1_1.60.0.jar
[2026, 9, 25, 18, 25, 33] ;;; release; ghosts_and_ghouls-neoforge-1.20.4_1.60.0.jar
[2026, 9, 25, 18, 25, 33] ;;; release; ghosts_and_ghouls-neoforge-1.20.6_1.60.0.jar
[2026, 9, 25, 18, 25, 33] ;;; release; ghosts_and_ghouls-neoforge-1.21.1_1.60.0.jar
[2026, 9, 25, 18, 25, 33] ;;; release; ghosts_and_ghouls-neoforge-1.21.2_1.60.0.jar
[2026, 9, 25, 18, 25, 33] ;;; release; ghosts_and_ghouls-neoforge-1.21.4_1.60.0.jar
[2026, 9, 25, 18, 25, 33] ;;; release; ghosts_and_ghouls-neoforge-1.21.5_1.60.0.jar
[2026, 9, 25, 18, 25, 33] ;;; release; ghosts_and_ghouls-neoforge-1.21.8_1.60.0.jar
[2026, 9, 25, 18, 25, 33] ;;; release; ghosts_and_ghouls-neoforge-26.1_1.60.0.jar
[2026, 9, 25, 18, 25, 33] ;;; release; ghosts_and_ghouls-neoforge-26.2_1.60.0.jar
[2026, 9, 25, 18, 25, 33] ;;; release; ghosts_and_ghouls-neoforge-26.3_1.60.0.jar
[2026, 9, 25, 18, 25, 33] ;;; release; gothic_horror-fabric-1.21.8_1.60.0.jar
[2026, 9, 25, 18, 25, 33] ;;; release; gothic_horror-fabric-1.21.9_1.60.0.jar
[2026, 9, 25, 18, 25, 33] ;;; release; gothic_horror-fabric-26.1_1.60.0.jar
[2026, 9, 25, 18, 25, 33] ;;; release; gothic_horror-fabric-26.2_1.60.0.jar
[2026, 9, 25, 18, 25, 33] ;;; release; gothic_horror-fabric-26.3_1.60.0.jar
[2026, 9, 25, 18, 25, 33] ;;; release; gothic_horror-forge-1.19.4_1.60.0.jar
[2026, 9, 25, 18, 25, 33] ;;; release; gothic_horror-forge-1.20.1_1.60.0.jar
[2026, 9, 25, 18, 25, 33] ;;; release; gothic_horror-neoforge-1.20.4_1.60.0.jar
[2026, 9, 25, 18, 25, 33] ;;; release; gothic_horror-neoforge-1.20.6_1.60.0.jar
[2026, 9, 25, 18, 25, 33] ;;; release; gothic_horror-neoforge-1.21.1_1.60.0.jar
[2026, 9, 25, 18, 25, 33] ;;; release; gothic_horror-neoforge-1.21.2_1.60.0.jar
[2026, 9, 25, 18, 25, 33] ;;; release; gothic_horror-neoforge-1.21.4_1.60.0.jar
[2026, 9, 25, 18, 25, 33] ;;; release; gothic_horror-neoforge-1.21.5_1.60.0.jar
[2026, 9, 25, 18, 25, 33] ;;; release; gothic_horror-neoforge-1.21.8_1.60.0.jar
[2026, 9, 25, 18, 25, 33] ;;; release; gothic_horror-neoforge-26.1_1.60.0.jar
[2026, 9, 25, 18, 25, 33] ;;; release; gothic_horror-neoforge-26.2_1.60.0.jar
[2026, 9, 25, 18, 25, 33] ;;; release; gothic_horror-neoforge-26.3_1.60.0.jar
[2026, 9, 25, 18, 25, 33] ;;; release; gstools-fabric-1.21.8_1.60.0.jar
[2026, 9, 25, 18, 25, 33] ;;; release; gstools-fabric-1.21.9_1.60.0.jar
[2026, 9, 25, 18, 25, 33] ;;; release; gstools-fabric-26.1_1.60.0.jar
[2026, 9, 25, 18, 25, 33] ;;; release; gstools-fabric-26.2_1.60.0.jar
[2026, 9, 25, 18, 25, 33] ;;; release; gstools-fabric-26.3_1.60.0.jar
[2026, 9, 25, 18, 25, 33] ;;; release; gstools-forge-1.19.4_1.60.0.jar
[2026, 9, 25, 18, 25, 33] ;;; release; gstools-forge-1.20.1_1.60.0.jar
[2026, 9, 25, 18, 25, 33] ;;; release; gstools-neoforge-1.20.4_1.60.0.jar
[2026, 9, 25, 18, 25, 33] ;;; release; gstools-neoforge-1.20.6_1.60.0.jar
[2026, 9, 25, 18, 25, 33] ;;; release; gstools-neoforge-1.21.1_1.60.0.jar
[2026, 9, 25, 18, 25, 33] ;;; release; gstools-neoforge-1.21.2_1.60.0.jar
[2026, 9, 25, 18, 25, 33] ;;; release; gstools-neoforge-1.21.4_1.60.0.jar
[2026, 9, 25, 18, 25, 33] ;;; release; gstools-neoforge-1.21.5_1.60.0.jar
[2026, 9, 25, 18, 25, 33] ;;; release; gstools-neoforge-1.21.8_1.60.0.jar
[2026, 9, 25, 18, 25, 33] ;;; release; gstools-neoforge-26.1_1.60.0.jar
[2026, 9, 25, 18, 25, 33] ;;; release; gstools-neoforge-26.2_1.60.0.jar
[2026, 9, 25, 18, 25, 33] ;;; release; gstools-neoforge-26.3_1.60.0.jar
[2026, 9, 25, 18, 25, 33] ;;; release; life_and_death-fabric-1.21.8_1.60.0.jar
[2026, 9, 25, 18, 25, 33] ;;; release; life_and_death-fabric-1.21.9_1.60.0.jar
[2026, 9, 25, 18, 25, 33] ;;; release; life_and_death-fabric-26.1_1.60.0.jar
[2026, 9, 25, 18, 25, 33] ;;; release; life_and_death-fabric-26.2_1.60.0.jar
[2026, 9, 25, 18, 25, 33] ;;; release; life_and_death-fabric-26.3_1.60.0.jar
[2026, 9, 25, 18, 25, 33] ;;; release; life_and_death-forge-1.19.4_1.60.0.jar
[2026, 9, 25, 18, 25, 33] ;;; release; life_and_death-forge-1.20.1_1.60.0.jar
[2026, 9, 25, 18, 25, 33] ;;; release; life_and_death-neoforge-1.20.4_1.60.0.jar
[2026, 9, 25, 18, 25, 33] ;;; release; life_and_death-neoforge-1.20.6_1.60.0.jar
[2026, 9, 25, 18, 25, 33] ;;; release; life_and_death-neoforge-1.21.1_1.60.0.jar
[2026, 9, 25, 18, 25, 33] ;;; release; life_and_death-neoforge-1.21.2_1.60.0.jar
[2026, 9, 25, 18, 25, 33] ;;; release; life_and_death-neoforge-1.21.4_1.60.0.jar
[2026, 9, 25, 18, 25, 33] ;;; release; life_and_death-neoforge-1.21.5_1.60.0.jar
[2026, 9, 25, 18, 25, 33] ;;; release; life_and_death-neoforge-1.21.8_1.60.0.jar
[2026, 9, 25, 18, 25, 33] ;;; release; life_and_death-neoforge-26.1_1.60.0.jar
[2026, 9, 25, 18, 25, 33] ;;; release; life_and_death-neoforge-26.2_1.60.0.jar
[2026, 9, 25, 18, 25, 33] ;;; release; life_and_death-neoforge-26.3_1.60.0.jar
[2026, 9, 25, 18, 25, 33] ;;; release; undead_expanded-fabric-1.21.8_1.60.0.jar
[2026, 9, 25, 18, 25, 33] ;;; release; undead_expanded-fabric-1.21.9_1.60.0.jar
[2026, 9, 25, 18, 25, 33] ;;; release; undead_expanded-fabric-26.1_1.60.0.jar
[2026, 9, 25, 18, 25, 33] ;;; release; undead_expanded-fabric-26.2_1.60.0.jar
[2026, 9, 25, 18, 25, 33] ;;; release; undead_expanded-fabric-26.3_1.60.0.jar
[2026, 9, 25, 18, 25, 33] ;;; release; undead_expanded-forge-1.19.4_1.60.0.jar
[2026, 9, 25, 18, 25, 33] ;;; release; undead_expanded-forge-1.20.1_1.60.0.jar
[2026, 9, 25, 18, 25, 33] ;;; release; undead_expanded-neoforge-1.20.4_1.60.0.jar
[2026, 9, 25, 18, 25, 33] ;;; release; undead_expanded-neoforge-1.20.6_1.60.0.jar
[2026, 9, 25, 18, 25, 33] ;;; release; undead_expanded-neoforge-1.21.1_1.60.0.jar
[2026, 9, 25, 18, 25, 33] ;;; release; undead_expanded-neoforge-1.21.2_1.60.0.jar
[2026, 9, 25, 18, 25, 33] ;;; release; undead_expanded-neoforge-1.21.4_1.60.0.jar
[2026, 9, 25, 18, 25, 33] ;;; release; undead_expanded-neoforge-1.21.5_1.60.0.jar
[2026, 9, 25, 18, 25, 33] ;;; release; undead_expanded-neoforge-1.21.8_1.60.0.jar
[2026, 9, 25, 18, 25, 33] ;;; release; undead_expanded-neoforge-26.1_1.60.0.jar
[2026, 9, 25, 18, 25, 33] ;;; release; undead_expanded-neoforge-26.2_1.60.0.jar
[2026, 9, 25, 18, 25, 33] ;;; release; undead_expanded-neoforge-26.3_1.60.0.jar
[2026, 9, 25, 18, 25, 33] ;;; release; block_decay-fabric-1.21.10_1.60.0.jar
[2026, 9, 25, 18, 25, 33] ;;; release; block_decay-fabric-1.21.11_1.60.0.jar
[2026, 9, 25, 18, 25, 33] ;;; release; block_decay-fabric-1.21.8_1.60.0.jar
[2026, 9, 25, 18, 25, 33] ;;; release; block_decay-fabric-1.21.9_1.60.0.jar
[2026, 9, 25, 18, 25, 33] ;;; release; block_decay-fabric-26.1_1.60.0.jar
[2026, 9, 25, 18, 25, 33] ;;; release; block_decay-fabric-26.2_1.60.0.jar
[2026, 9, 25, 18, 25, 33] ;;; release; block_decay-fabric-26.3_1.60.0.jar
[2026, 9, 25, 18, 25, 33] ;;; release; block_decay-forge-1.19.4_1.60.0.jar
[2026, 9, 25, 18, 25, 33] ;;; release; block_decay-forge-1.20.1_1.60.0.jar
[2026, 9, 25, 18, 25, 33] ;;; release; block_decay-neoforge-1.20.4_1.60.0.jar
[2026, 9, 25, 18, 25, 33] ;;; release; block_decay-neoforge-1.20.6_1.60.0.jar
[2026, 9, 25, 18, 25, 33] ;;; release; block_decay-neoforge-1.21.10_1.60.0.jar
[2026, 9, 25, 18, 25, 33] ;;; release; block_decay-neoforge-1.21.11_1.60.0.jar
[2026, 9, 25, 18, 25, 33] ;;; release; block_decay-neoforge-1.21.1_1.60.0.jar
[2026, 9, 25, 18, 25, 33] ;;; release; block_decay-neoforge-1.21.2_1.60.0.jar
[2026, 9, 25, 18, 25, 33] ;;; release; block_decay-neoforge-1.21.4_1.60.0.jar
[2026, 9, 25, 18, 25, 33] ;;; release; block_decay-neoforge-1.21.5_1.60.0.jar
[2026, 9, 25, 18, 25, 33] ;;; release; block_decay-neoforge-1.21.8_1.60.0.jar
[2026, 9, 25, 18, 25, 33] ;;; release; block_decay-neoforge-1.21.9_1.60.0.jar
[2026, 9, 25, 18, 25, 33] ;;; release; block_decay-neoforge-1.21_1.60.0.jar
[2026, 9, 25, 18, 25, 33] ;;; release; block_decay-neoforge-26.1_1.60.0.jar
[2026, 9, 25, 18, 25, 33] ;;; release; block_decay-neoforge-26.2_1.60.0.jar
[2026, 9, 25, 18, 25, 33] ;;; release; block_decay-neoforge-26.3_1.60.0.jar
[2026, 9, 25, 18, 25, 33] ;;; release; desire_paths-fabric-1.21.8_1.60.0.jar
[2026, 9, 25, 18, 25, 33] ;;; release; desire_paths-fabric-1.21.9_1.60.0.jar
[2026, 9, 25, 18, 25, 33] ;;; release; desire_paths-fabric-26.1_1.60.0.jar
[2026, 9, 25, 18, 25, 33] ;;; release; desire_paths-fabric-26.2_1.60.0.jar
[2026, 9, 25, 18, 25, 33] ;;; release; desire_paths-fabric-26.3_1.60.0.jar
[2026, 9, 25, 18, 25, 33] ;;; release; desire_paths-forge-1.19.4_1.60.0.jar
[2026, 9, 25, 18, 25, 33] ;;; release; desire_paths-forge-1.20.1_1.60.0.jar
[2026, 9, 25, 18, 25, 33] ;;; release; desire_paths-neoforge-1.20.4_1.60.0.jar
[2026, 9, 25, 18, 25, 33] ;;; release; desire_paths-neoforge-1.20.6_1.60.0.jar
[2026, 9, 25, 18, 25, 33] ;;; release; desire_paths-neoforge-1.21.1_1.60.0.jar
[2026, 9, 25, 18, 25, 33] ;;; release; desire_paths-neoforge-1.21.2_1.60.0.jar
[2026, 9, 25, 18, 25, 33] ;;; release; desire_paths-neoforge-1.21.4_1.60.0.jar
[2026, 9, 25, 18, 25, 33] ;;; release; desire_paths-neoforge-1.21.5_1.60.0.jar
[2026, 9, 25, 18, 25, 33] ;;; release; desire_paths-neoforge-1.21.8_1.60.0.jar
[2026, 9, 25, 18, 25, 33] ;;; release; desire_paths-neoforge-26.1_1.60.0.jar
[2026, 9, 25, 18, 25, 33] ;;; release; desire_paths-neoforge-26.2_1.60.0.jar
[2026, 9, 25, 18, 25, 33] ;;; release; desire_paths-neoforge-26.3_1.60.0.jar
[2026, 9, 25, 18, 25, 33] ;;; release; dynamic_dirt-fabric-1.21.8_1.60.0.jar
[2026, 9, 25, 18, 25, 33] ;;; release; dynamic_dirt-fabric-1.21.9_1.60.0.jar
[2026, 9, 25, 18, 25, 33] ;;; release; dynamic_dirt-fabric-26.1_1.60.0.jar
[2026, 9, 25, 18, 25, 33] ;;; release; dynamic_dirt-fabric-26.2_1.60.0.jar
[2026, 9, 25, 18, 25, 33] ;;; release; dynamic_dirt-fabric-26.3_1.60.0.jar
[2026, 9, 25, 18, 25, 33] ;;; release; dynamic_dirt-forge-1.19.4_1.60.0.jar
[2026, 9, 25, 18, 25, 33] ;;; release; dynamic_dirt-forge-1.20.1_1.60.0.jar
[2026, 9, 25, 18, 25, 33] ;;; release; dynamic_dirt-neoforge-1.20.4_1.60.0.jar
[2026, 9, 25, 18, 25, 33] ;;; release; dynamic_dirt-neoforge-1.20.6_1.60.0.jar
[2026, 9, 25, 18, 25, 33] ;;; release; dynamic_dirt-neoforge-1.21.1_1.60.0.jar
[2026, 9, 25, 18, 25, 33] ;;; release; dynamic_dirt-neoforge-1.21.2_1.60.0.jar
[2026, 9, 25, 18, 25, 33] ;;; release; dynamic_dirt-neoforge-1.21.4_1.60.0.jar
[2026, 9, 25, 18, 25, 33] ;;; release; dynamic_dirt-neoforge-1.21.5_1.60.0.jar
[2026, 9, 25, 18, 25, 33] ;;; release; dynamic_dirt-neoforge-1.21.8_1.60.0.jar
[2026, 9, 25, 18, 25, 33] ;;; release; dynamic_dirt-neoforge-26.1_1.60.0.jar
[2026, 9, 25, 18, 25, 33] ;;; release; dynamic_dirt-neoforge-26.2_1.60.0.jar
[2026, 9, 25, 18, 25, 33] ;;; release; dynamic_dirt-neoforge-26.3_1.60.0.jar
[2026, 9, 25, 18, 25, 33] ;;; release; dynamic_ecosystems-fabric-1.21.8_1.60.0.jar
[2026, 9, 25, 18, 25, 33] ;;; release; dynamic_ecosystems-fabric-1.21.9_1.60.0.jar
[2026, 9, 25, 18, 25, 33] ;;; release; dynamic_ecosystems-fabric-26.1_1.60.0.jar
[2026, 9, 25, 18, 25, 33] ;;; release; dynamic_ecosystems-fabric-26.2_1.60.0.jar
[2026, 9, 25, 18, 25, 33] ;;; release; dynamic_ecosystems-fabric-26.3_1.60.0.jar
[2026, 9, 25, 18, 25, 33] ;;; release; dynamic_ecosystems-forge-1.19.4_1.60.0.jar
[2026, 9, 25, 18, 25, 33] ;;; release; dynamic_ecosystems-forge-1.20.1_1.60.0.jar
[2026, 9, 25, 18, 25, 33] ;;; release; dynamic_ecosystems-neoforge-1.20.4_1.60.0.jar
[2026, 9, 25, 18, 25, 33] ;;; release; dynamic_ecosystems-neoforge-1.20.6_1.60.0.jar
[2026, 9, 25, 18, 25, 33] ;;; release; dynamic_ecosystems-neoforge-1.21.1_1.60.0.jar
[2026, 9, 25, 18, 25, 33] ;;; release; dynamic_ecosystems-neoforge-1.21.2_1.60.0.jar
[2026, 9, 25, 18, 25, 33] ;;; release; dynamic_ecosystems-neoforge-1.21.4_1.60.0.jar
[2026, 9, 25, 18, 25, 33] ;;; release; dynamic_ecosystems-neoforge-1.21.5_1.60.0.jar
[2026, 9, 25, 18, 25, 33] ;;; release; dynamic_ecosystems-neoforge-1.21.8_1.60.0.jar
[2026, 9, 25, 18, 25, 33] ;;; release; dynamic_ecosystems-neoforge-26.1_1.60.0.jar
[2026, 9, 25, 18, 25, 33] ;;; release; dynamic_ecosystems-neoforge-26.2_1.60.0.jar
[2026, 9, 25, 18, 25, 33] ;;; release; dynamic_ecosystems-neoforge-26.3_1.60.0.jar
[2026, 9, 25, 18, 25, 33] ;;; release; dynamic_monsters-fabric-1.21.8_1.60.0.jar
[2026, 9, 25, 18, 25, 33] ;;; release; dynamic_monsters-fabric-1.21.9_1.60.0.jar
[2026, 9, 25, 18, 25, 33] ;;; release; .\releases\1.60.0\dynamic_monsters-fabric-1.21.9_1.60.0.jardynamic_monstersfabric1.21.9dynamic_monsters fabric 1.21.9 1.60.0
[2026, 9, 25, 18, 25, 42] ;;; release; dynamic_monsters-fabric-26.1_1.60.0.jar
[2026, 9, 25, 18, 25, 42] ;;; release; .\releases\1.60.0\dynamic_monsters-fabric-26.1_1.60.0.jardynamic_monstersfabric26.1dynamic_monsters fabric 26.1 1.60.0
[2026, 9, 25, 18, 25, 54] ;;; release; dynamic_monsters-fabric-26.2_1.60.0.jar
[2026, 9, 25, 18, 25, 54] ;;; release; .\releases\1.60.0\dynamic_monsters-fabric-26.2_1.60.0.jardynamic_monstersfabric26.2dynamic_monsters fabric 26.2 1.60.0
[2026, 9, 25, 18, 26, 1] ;;; release; dynamic_monsters-fabric-26.3_1.60.0.jar
[2026, 9, 25, 18, 26, 1] ;;; release; dynamic_monsters-forge-1.19.4_1.60.0.jar
[2026, 9, 25, 18, 26, 1] ;;; release; .\releases\1.60.0\dynamic_monsters-forge-1.19.4_1.60.0.jardynamic_monstersforge1.19.4dynamic_monsters forge 1.19.4 1.60.0
[2026, 9, 25, 18, 26, 8] ;;; release; dynamic_monsters-forge-1.20.1_1.60.0.jar
[2026, 9, 25, 18, 26, 8] ;;; release; .\releases\1.60.0\dynamic_monsters-forge-1.20.1_1.60.0.jardynamic_monstersforge1.20.1dynamic_monsters forge 1.20.1 1.60.0
[2026, 9, 25, 18, 26, 15] ;;; release; dynamic_monsters-neoforge-1.20.4_1.60.0.jar
[2026, 9, 25, 18, 26, 15] ;;; release; .\releases\1.60.0\dynamic_monsters-neoforge-1.20.4_1.60.0.jardynamic_monstersneoforge1.20.4dynamic_monsters neoforge 1.20.4 1.60.0
[2026, 9, 25, 18, 26, 22] ;;; release; dynamic_monsters-neoforge-1.20.6_1.60.0.jar
[2026, 9, 25, 18, 26, 22] ;;; release; dynamic_monsters-neoforge-1.21.1_1.60.0.jar
[2026, 9, 25, 18, 26, 22] ;;; release; .\releases\1.60.0\dynamic_monsters-neoforge-1.21.1_1.60.0.jardynamic_monstersneoforge1.21.1dynamic_monsters neoforge 1.21.1 1.60.0
[2026, 9, 25, 18, 26, 32] ;;; release; dynamic_monsters-neoforge-1.21.2_1.60.0.jar
[2026, 9, 25, 18, 26, 32] ;;; release; .\releases\1.60.0\dynamic_monsters-neoforge-1.21.2_1.60.0.jardynamic_monstersneoforge1.21.2dynamic_monsters neoforge 1.21.2 1.60.0
[2026, 9, 25, 18, 26, 40] ;;; release; dynamic_monsters-neoforge-1.21.4_1.60.0.jar
[2026, 9, 25, 18, 26, 40] ;;; release; .\releases\1.60.0\dynamic_monsters-neoforge-1.21.4_1.60.0.jardynamic_monstersneoforge1.21.4dynamic_monsters neoforge 1.21.4 1.60.0
[2026, 9, 25, 18, 26, 52] ;;; release; dynamic_monsters-neoforge-1.21.5_1.60.0.jar
[2026, 9, 25, 18, 26, 52] ;;; release; .\releases\1.60.0\dynamic_monsters-neoforge-1.21.5_1.60.0.jardynamic_monstersneoforge1.21.5dynamic_monsters neoforge 1.21.5 1.60.0
[2026, 9, 25, 18, 27, 2] ;;; release; dynamic_monsters-neoforge-1.21.8_1.60.0.jar
[2026, 9, 25, 18, 27, 2] ;;; release; .\releases\1.60.0\dynamic_monsters-neoforge-1.21.8_1.60.0.jardynamic_monstersneoforge1.21.8dynamic_monsters neoforge 1.21.8 1.60.0
[2026, 9, 25, 18, 27, 10] ;;; release; dynamic_monsters-neoforge-26.1_1.60.0.jar
[2026, 9, 25, 18, 27, 10] ;;; release; .\releases\1.60.0\dynamic_monsters-neoforge-26.1_1.60.0.jardynamic_monstersneoforge26.1dynamic_monsters neoforge 26.1 1.60.0
[2026, 9, 25, 18, 27, 19] ;;; release; dynamic_monsters-neoforge-26.2_1.60.0.jar
[2026, 9, 25, 18, 27, 19] ;;; release; .\releases\1.60.0\dynamic_monsters-neoforge-26.2_1.60.0.jardynamic_monstersneoforge26.2dynamic_monsters neoforge 26.2 1.60.0
[2026, 9, 25, 18, 27, 23] ;;; release; dynamic_monsters-neoforge-26.3_1.60.0.jar
[2026, 9, 25, 18, 27, 23] ;;; release; enhanced_survival-fabric-1.21.8_1.60.0.jar
[2026, 9, 25, 18, 27, 23] ;;; release; enhanced_survival-fabric-1.21.9_1.60.0.jar
[2026, 9, 25, 18, 27, 23] ;;; release; enhanced_survival-fabric-26.1_1.60.0.jar
[2026, 9, 25, 18, 27, 23] ;;; release; enhanced_survival-fabric-26.2_1.60.0.jar
[2026, 9, 25, 18, 27, 23] ;;; release; enhanced_survival-fabric-26.3_1.60.0.jar
[2026, 9, 25, 18, 27, 23] ;;; release; enhanced_survival-forge-1.19.4_1.60.0.jar
[2026, 9, 25, 18, 27, 23] ;;; release; enhanced_survival-forge-1.20.1_1.60.0.jar
[2026, 9, 25, 18, 27, 23] ;;; release; enhanced_survival-neoforge-1.20.4_1.60.0.jar
[2026, 9, 25, 18, 27, 23] ;;; release; enhanced_survival-neoforge-1.20.6_1.60.0.jar
[2026, 9, 25, 18, 27, 23] ;;; release; enhanced_survival-neoforge-1.21.1_1.60.0.jar
[2026, 9, 25, 18, 27, 23] ;;; release; enhanced_survival-neoforge-1.21.2_1.60.0.jar
[2026, 9, 25, 18, 27, 23] ;;; release; enhanced_survival-neoforge-1.21.4_1.60.0.jar
[2026, 9, 25, 18, 27, 23] ;;; release; enhanced_survival-neoforge-1.21.5_1.60.0.jar
[2026, 9, 25, 18, 27, 23] ;;; release; enhanced_survival-neoforge-1.21.8_1.60.0.jar
[2026, 9, 25, 18, 27, 23] ;;; release; enhanced_survival-neoforge-26.1_1.60.0.jar
[2026, 9, 25, 18, 27, 23] ;;; release; enhanced_survival-neoforge-26.2_1.60.0.jar
[2026, 9, 25, 18, 27, 23] ;;; release; enhanced_survival-neoforge-26.3_1.60.0.jar
[2026, 9, 25, 18, 27, 23] ;;; release; ghosts_and_ghouls-fabric-1.21.8_1.60.0.jar
[2026, 9, 25, 18, 27, 23] ;;; release; ghosts_and_ghouls-fabric-1.21.9_1.60.0.jar
[2026, 9, 25, 18, 27, 23] ;;; release; ghosts_and_ghouls-fabric-26.1_1.60.0.jar
[2026, 9, 25, 18, 27, 23] ;;; release; ghosts_and_ghouls-fabric-26.2_1.60.0.jar
[2026, 9, 25, 18, 27, 23] ;;; release; ghosts_and_ghouls-fabric-26.3_1.60.0.jar
[2026, 9, 25, 18, 27, 23] ;;; release; ghosts_and_ghouls-forge-1.19.4_1.60.0.jar
[2026, 9, 25, 18, 27, 23] ;;; release; ghosts_and_ghouls-forge-1.20.1_1.60.0.jar
[2026, 9, 25, 18, 27, 23] ;;; release; ghosts_and_ghouls-neoforge-1.20.4_1.60.0.jar
[2026, 9, 25, 18, 27, 23] ;;; release; ghosts_and_ghouls-neoforge-1.20.6_1.60.0.jar
[2026, 9, 25, 18, 27, 23] ;;; release; ghosts_and_ghouls-neoforge-1.21.1_1.60.0.jar
[2026, 9, 25, 18, 27, 23] ;;; release; ghosts_and_ghouls-neoforge-1.21.2_1.60.0.jar
[2026, 9, 25, 18, 27, 23] ;;; release; ghosts_and_ghouls-neoforge-1.21.4_1.60.0.jar
[2026, 9, 25, 18, 27, 23] ;;; release; ghosts_and_ghouls-neoforge-1.21.5_1.60.0.jar
[2026, 9, 25, 18, 27, 23] ;;; release; ghosts_and_ghouls-neoforge-1.21.8_1.60.0.jar
[2026, 9, 25, 18, 27, 23] ;;; release; ghosts_and_ghouls-neoforge-26.1_1.60.0.jar
[2026, 9, 25, 18, 27, 23] ;;; release; ghosts_and_ghouls-neoforge-26.2_1.60.0.jar
[2026, 9, 25, 18, 27, 23] ;;; release; ghosts_and_ghouls-neoforge-26.3_1.60.0.jar
[2026, 9, 25, 18, 27, 23] ;;; release; gothic_horror-fabric-1.21.8_1.60.0.jar
[2026, 9, 25, 18, 27, 23] ;;; release; gothic_horror-fabric-1.21.9_1.60.0.jar
[2026, 9, 25, 18, 27, 23] ;;; release; gothic_horror-fabric-26.1_1.60.0.jar
[2026, 9, 25, 18, 27, 23] ;;; release; gothic_horror-fabric-26.2_1.60.0.jar
[2026, 9, 25, 18, 27, 23] ;;; release; gothic_horror-fabric-26.3_1.60.0.jar
[2026, 9, 25, 18, 27, 23] ;;; release; gothic_horror-forge-1.19.4_1.60.0.jar
[2026, 9, 25, 18, 27, 23] ;;; release; gothic_horror-forge-1.20.1_1.60.0.jar
[2026, 9, 25, 18, 27, 23] ;;; release; gothic_horror-neoforge-1.20.4_1.60.0.jar
[2026, 9, 25, 18, 27, 23] ;;; release; gothic_horror-neoforge-1.20.6_1.60.0.jar
[2026, 9, 25, 18, 27, 23] ;;; release; gothic_horror-neoforge-1.21.1_1.60.0.jar
[2026, 9, 25, 18, 27, 23] ;;; release; gothic_horror-neoforge-1.21.2_1.60.0.jar
[2026, 9, 25, 18, 27, 23] ;;; release; gothic_horror-neoforge-1.21.4_1.60.0.jar
[2026, 9, 25, 18, 27, 23] ;;; release; gothic_horror-neoforge-1.21.5_1.60.0.jar
[2026, 9, 25, 18, 27, 23] ;;; release; gothic_horror-neoforge-1.21.8_1.60.0.jar
[2026, 9, 25, 18, 27, 23] ;;; release; gothic_horror-neoforge-26.1_1.60.0.jar
[2026, 9, 25, 18, 27, 23] ;;; release; gothic_horror-neoforge-26.2_1.60.0.jar
[2026, 9, 25, 18, 27, 23] ;;; release; gothic_horror-neoforge-26.3_1.60.0.jar
[2026, 9, 25, 18, 27, 23] ;;; release; gstools-fabric-1.21.8_1.60.0.jar
[2026, 9, 25, 18, 27, 23] ;;; release; gstools-fabric-1.21.9_1.60.0.jar
[2026, 9, 25, 18, 27, 23] ;;; release; gstools-fabric-26.1_1.60.0.jar
[2026, 9, 25, 18, 27, 23] ;;; release; gstools-fabric-26.2_1.60.0.jar
[2026, 9, 25, 18, 27, 23] ;;; release; gstools-fabric-26.3_1.60.0.jar
[2026, 9, 25, 18, 27, 23] ;;; release; gstools-forge-1.19.4_1.60.0.jar
[2026, 9, 25, 18, 27, 23] ;;; release; gstools-forge-1.20.1_1.60.0.jar
[2026, 9, 25, 18, 27, 23] ;;; release; gstools-neoforge-1.20.4_1.60.0.jar
[2026, 9, 25, 18, 27, 23] ;;; release; gstools-neoforge-1.20.6_1.60.0.jar
[2026, 9, 25, 18, 27, 23] ;;; release; gstools-neoforge-1.21.1_1.60.0.jar
[2026, 9, 25, 18, 27, 23] ;;; release; gstools-neoforge-1.21.2_1.60.0.jar
[2026, 9, 25, 18, 27, 23] ;;; release; gstools-neoforge-1.21.4_1.60.0.jar
[2026, 9, 25, 18, 27, 23] ;;; release; gstools-neoforge-1.21.5_1.60.0.jar
[2026, 9, 25, 18, 27, 23] ;;; release; gstools-neoforge-1.21.8_1.60.0.jar
[2026, 9, 25, 18, 27, 23] ;;; release; gstools-neoforge-26.1_1.60.0.jar
[2026, 9, 25, 18, 27, 23] ;;; release; gstools-neoforge-26.2_1.60.0.jar
[2026, 9, 25, 18, 27, 23] ;;; release; gstools-neoforge-26.3_1.60.0.jar
[2026, 9, 25, 18, 27, 23] ;;; release; life_and_death-fabric-1.21.8_1.60.0.jar
[2026, 9, 25, 18, 27, 23] ;;; release; life_and_death-fabric-1.21.9_1.60.0.jar
[2026, 9, 25, 18, 27, 23] ;;; release; life_and_death-fabric-26.1_1.60.0.jar
[2026, 9, 25, 18, 27, 23] ;;; release; life_and_death-fabric-26.2_1.60.0.jar
[2026, 9, 25, 18, 27, 23] ;;; release; life_and_death-fabric-26.3_1.60.0.jar
[2026, 9, 25, 18, 27, 23] ;;; release; life_and_death-forge-1.19.4_1.60.0.jar
[2026, 9, 25, 18, 27, 23] ;;; release; life_and_death-forge-1.20.1_1.60.0.jar
[2026, 9, 25, 18, 27, 23] ;;; release; life_and_death-neoforge-1.20.4_1.60.0.jar
[2026, 9, 25, 18, 27, 23] ;;; release; life_and_death-neoforge-1.20.6_1.60.0.jar
[2026, 9, 25, 18, 27, 23] ;;; release; life_and_death-neoforge-1.21.1_1.60.0.jar
[2026, 9, 25, 18, 27, 23] ;;; release; life_and_death-neoforge-1.21.2_1.60.0.jar
[2026, 9, 25, 18, 27, 23] ;;; release; life_and_death-neoforge-1.21.4_1.60.0.jar
[2026, 9, 25, 18, 27, 23] ;;; release; life_and_death-neoforge-1.21.5_1.60.0.jar
[2026, 9, 25, 18, 27, 23] ;;; release; life_and_death-neoforge-1.21.8_1.60.0.jar
[2026, 9, 25, 18, 27, 23] ;;; release; life_and_death-neoforge-26.1_1.60.0.jar
[2026, 9, 25, 18, 27, 23] ;;; release; life_and_death-neoforge-26.2_1.60.0.jar
[2026, 9, 25, 18, 27, 23] ;;; release; life_and_death-neoforge-26.3_1.60.0.jar
[2026, 9, 25, 18, 27, 23] ;;; release; undead_expanded-fabric-1.21.8_1.60.0.jar
[2026, 9, 25, 18, 27, 23] ;;; release; undead_expanded-fabric-1.21.9_1.60.0.jar
[2026, 9, 25, 18, 27, 23] ;;; release; undead_expanded-fabric-26.1_1.60.0.jar
[2026, 9, 25, 18, 27, 23] ;;; release; undead_expanded-fabric-26.2_1.60.0.jar
[2026, 9, 25, 18, 27, 23] ;;; release; undead_expanded-fabric-26.3_1.60.0.jar
[2026, 9, 25, 18, 27, 23] ;;; release; undead_expanded-forge-1.19.4_1.60.0.jar
[2026, 9, 25, 18, 27, 23] ;;; release; undead_expanded-forge-1.20.1_1.60.0.jar
[2026, 9, 25, 18, 27, 23] ;;; release; undead_expanded-neoforge-1.20.4_1.60.0.jar
[2026, 9, 25, 18, 27, 23] ;;; release; undead_expanded-neoforge-1.20.6_1.60.0.jar
[2026, 9, 25, 18, 27, 23] ;;; release; undead_expanded-neoforge-1.21.1_1.60.0.jar
[2026, 9, 25, 18, 27, 23] ;;; release; undead_expanded-neoforge-1.21.2_1.60.0.jar
[2026, 9, 25, 18, 27, 23] ;;; release; undead_expanded-neoforge-1.21.4_1.60.0.jar
[2026, 9, 25, 18, 27, 23] ;;; release; undead_expanded-neoforge-1.21.5_1.60.0.jar
[2026, 9, 25, 18, 27, 23] ;;; release; undead_expanded-neoforge-1.21.8_1.60.0.jar
[2026, 9, 25, 18, 27, 23] ;;; release; undead_expanded-neoforge-26.1_1.60.0.jar
[2026, 9, 25, 18, 27, 23] ;;; release; undead_expanded-neoforge-26.2_1.60.0.jar
[2026, 9, 25, 18, 27, 23] ;;; release; undead_expanded-neoforge-26.3_1.60.0.jar
[2026, 9, 25, 18, 27, 23] ;;; release; block_decay-fabric-1.21.10_1.60.0.jar
[2026, 9, 25, 18, 27, 23] ;;; release; block_decay-fabric-1.21.11_1.60.0.jar
[2026, 9, 25, 18, 27, 23] ;;; release; block_decay-fabric-1.21.8_1.60.0.jar
[2026, 9, 25, 18, 27, 23] ;;; release; block_decay-fabric-1.21.9_1.60.0.jar
[2026, 9, 25, 18, 27, 23] ;;; release; block_decay-fabric-26.1_1.60.0.jar
[2026, 9, 25, 18, 27, 23] ;;; release; block_decay-fabric-26.2_1.60.0.jar
[2026, 9, 25, 18, 27, 23] ;;; release; block_decay-fabric-26.3_1.60.0.jar
[2026, 9, 25, 18, 27, 23] ;;; release; block_decay-forge-1.19.4_1.60.0.jar
[2026, 9, 25, 18, 27, 23] ;;; release; block_decay-forge-1.20.1_1.60.0.jar
[2026, 9, 25, 18, 27, 23] ;;; release; block_decay-neoforge-1.20.4_1.60.0.jar
[2026, 9, 25, 18, 27, 23] ;;; release; block_decay-neoforge-1.20.6_1.60.0.jar
[2026, 9, 25, 18, 27, 23] ;;; release; block_decay-neoforge-1.21.10_1.60.0.jar
[2026, 9, 25, 18, 27, 23] ;;; release; block_decay-neoforge-1.21.11_1.60.0.jar
[2026, 9, 25, 18, 27, 23] ;;; release; block_decay-neoforge-1.21.1_1.60.0.jar
[2026, 9, 25, 18, 27, 23] ;;; release; block_decay-neoforge-1.21.2_1.60.0.jar
[2026, 9, 25, 18, 27, 23] ;;; release; block_decay-neoforge-1.21.4_1.60.0.jar
[2026, 9, 25, 18, 27, 23] ;;; release; block_decay-neoforge-1.21.5_1.60.0.jar
[2026, 9, 25, 18, 27, 23] ;;; release; block_decay-neoforge-1.21.8_1.60.0.jar
[2026, 9, 25, 18, 27, 23] ;;; release; block_decay-neoforge-1.21.9_1.60.0.jar
[2026, 9, 25, 18, 27, 23] ;;; release; block_decay-neoforge-1.21_1.60.0.jar
[2026, 9, 25, 18, 27, 23] ;;; release; block_decay-neoforge-26.1_1.60.0.jar
[2026, 9, 25, 18, 27, 23] ;;; release; block_decay-neoforge-26.2_1.60.0.jar
[2026, 9, 25, 18, 27, 23] ;;; release; block_decay-neoforge-26.3_1.60.0.jar
[2026, 9, 25, 18, 27, 23] ;;; release; desire_paths-fabric-1.21.8_1.60.0.jar
[2026, 9, 25, 18, 27, 23] ;;; release; desire_paths-fabric-1.21.9_1.60.0.jar
[2026, 9, 25, 18, 27, 23] ;;; release; desire_paths-fabric-26.1_1.60.0.jar
[2026, 9, 25, 18, 27, 23] ;;; release; desire_paths-fabric-26.2_1.60.0.jar
[2026, 9, 25, 18, 27, 23] ;;; release; desire_paths-fabric-26.3_1.60.0.jar
[2026, 9, 25, 18, 27, 23] ;;; release; desire_paths-forge-1.19.4_1.60.0.jar
[2026, 9, 25, 18, 27, 23] ;;; release; desire_paths-forge-1.20.1_1.60.0.jar
[2026, 9, 25, 18, 27, 23] ;;; release; desire_paths-neoforge-1.20.4_1.60.0.jar
[2026, 9, 25, 18, 27, 23] ;;; release; desire_paths-neoforge-1.20.6_1.60.0.jar
[2026, 9, 25, 18, 27, 23] ;;; release; desire_paths-neoforge-1.21.1_1.60.0.jar
[2026, 9, 25, 18, 27, 23] ;;; release; desire_paths-neoforge-1.21.2_1.60.0.jar
[2026, 9, 25, 18, 27, 23] ;;; release; desire_paths-neoforge-1.21.4_1.60.0.jar
[2026, 9, 25, 18, 27, 23] ;;; release; desire_paths-neoforge-1.21.5_1.60.0.jar
[2026, 9, 25, 18, 27, 23] ;;; release; desire_paths-neoforge-1.21.8_1.60.0.jar
[2026, 9, 25, 18, 27, 23] ;;; release; desire_paths-neoforge-26.1_1.60.0.jar
[2026, 9, 25, 18, 27, 23] ;;; release; desire_paths-neoforge-26.2_1.60.0.jar
[2026, 9, 25, 18, 27, 23] ;;; release; desire_paths-neoforge-26.3_1.60.0.jar
[2026, 9, 25, 18, 27, 23] ;;; release; dynamic_dirt-fabric-1.21.8_1.60.0.jar
[2026, 9, 25, 18, 27, 23] ;;; release; dynamic_dirt-fabric-1.21.9_1.60.0.jar
[2026, 9, 25, 18, 27, 23] ;;; release; dynamic_dirt-fabric-26.1_1.60.0.jar
[2026, 9, 25, 18, 27, 23] ;;; release; dynamic_dirt-fabric-26.2_1.60.0.jar
[2026, 9, 25, 18, 27, 23] ;;; release; dynamic_dirt-fabric-26.3_1.60.0.jar
[2026, 9, 25, 18, 27, 23] ;;; release; dynamic_dirt-forge-1.19.4_1.60.0.jar
[2026, 9, 25, 18, 27, 23] ;;; release; dynamic_dirt-forge-1.20.1_1.60.0.jar
[2026, 9, 25, 18, 27, 23] ;;; release; dynamic_dirt-neoforge-1.20.4_1.60.0.jar
[2026, 9, 25, 18, 27, 23] ;;; release; dynamic_dirt-neoforge-1.20.6_1.60.0.jar
[2026, 9, 25, 18, 27, 23] ;;; release; dynamic_dirt-neoforge-1.21.1_1.60.0.jar
[2026, 9, 25, 18, 27, 23] ;;; release; dynamic_dirt-neoforge-1.21.2_1.60.0.jar
[2026, 9, 25, 18, 27, 23] ;;; release; dynamic_dirt-neoforge-1.21.4_1.60.0.jar
[2026, 9, 25, 18, 27, 23] ;;; release; dynamic_dirt-neoforge-1.21.5_1.60.0.jar
[2026, 9, 25, 18, 27, 23] ;;; release; dynamic_dirt-neoforge-1.21.8_1.60.0.jar
[2026, 9, 25, 18, 27, 23] ;;; release; dynamic_dirt-neoforge-26.1_1.60.0.jar
[2026, 9, 25, 18, 27, 23] ;;; release; dynamic_dirt-neoforge-26.2_1.60.0.jar
[2026, 9, 25, 18, 27, 23] ;;; release; dynamic_dirt-neoforge-26.3_1.60.0.jar
[2026, 9, 25, 18, 27, 23] ;;; release; dynamic_ecosystems-fabric-1.21.8_1.60.0.jar
[2026, 9, 25, 18, 27, 23] ;;; release; dynamic_ecosystems-fabric-1.21.9_1.60.0.jar
[2026, 9, 25, 18, 27, 23] ;;; release; dynamic_ecosystems-fabric-26.1_1.60.0.jar
[2026, 9, 25, 18, 27, 23] ;;; release; dynamic_ecosystems-fabric-26.2_1.60.0.jar
[2026, 9, 25, 18, 27, 23] ;;; release; dynamic_ecosystems-fabric-26.3_1.60.0.jar
[2026, 9, 25, 18, 27, 23] ;;; release; dynamic_ecosystems-forge-1.19.4_1.60.0.jar
[2026, 9, 25, 18, 27, 23] ;;; release; dynamic_ecosystems-forge-1.20.1_1.60.0.jar
[2026, 9, 25, 18, 27, 23] ;;; release; dynamic_ecosystems-neoforge-1.20.4_1.60.0.jar
[2026, 9, 25, 18, 27, 23] ;;; release; dynamic_ecosystems-neoforge-1.20.6_1.60.0.jar
[2026, 9, 25, 18, 27, 23] ;;; release; dynamic_ecosystems-neoforge-1.21.1_1.60.0.jar
[2026, 9, 25, 18, 27, 23] ;;; release; dynamic_ecosystems-neoforge-1.21.2_1.60.0.jar
[2026, 9, 25, 18, 27, 23] ;;; release; dynamic_ecosystems-neoforge-1.21.4_1.60.0.jar
[2026, 9, 25, 18, 27, 23] ;;; release; dynamic_ecosystems-neoforge-1.21.5_1.60.0.jar
[2026, 9, 25, 18, 27, 23] ;;; release; dynamic_ecosystems-neoforge-1.21.8_1.60.0.jar
[2026, 9, 25, 18, 27, 23] ;;; release; dynamic_ecosystems-neoforge-26.1_1.60.0.jar
[2026, 9, 25, 18, 27, 23] ;;; release; dynamic_ecosystems-neoforge-26.2_1.60.0.jar
[2026, 9, 25, 18, 27, 23] ;;; release; dynamic_ecosystems-neoforge-26.3_1.60.0.jar
[2026, 9, 25, 18, 27, 23] ;;; release; dynamic_monsters-fabric-1.21.8_1.60.0.jar
[2026, 9, 25, 18, 27, 23] ;;; release; dynamic_monsters-fabric-1.21.9_1.60.0.jar
[2026, 9, 25, 18, 27, 23] ;;; release; dynamic_monsters-fabric-26.1_1.60.0.jar
[2026, 9, 25, 18, 27, 23] ;;; release; dynamic_monsters-fabric-26.2_1.60.0.jar
[2026, 9, 25, 18, 27, 23] ;;; release; dynamic_monsters-fabric-26.3_1.60.0.jar
[2026, 9, 25, 18, 27, 23] ;;; release; dynamic_monsters-forge-1.19.4_1.60.0.jar
[2026, 9, 25, 18, 27, 23] ;;; release; dynamic_monsters-forge-1.20.1_1.60.0.jar
[2026, 9, 25, 18, 27, 23] ;;; release; dynamic_monsters-neoforge-1.20.4_1.60.0.jar
[2026, 9, 25, 18, 27, 23] ;;; release; dynamic_monsters-neoforge-1.20.6_1.60.0.jar
[2026, 9, 25, 18, 27, 23] ;;; release; dynamic_monsters-neoforge-1.21.1_1.60.0.jar
[2026, 9, 25, 18, 27, 23] ;;; release; dynamic_monsters-neoforge-1.21.2_1.60.0.jar
[2026, 9, 25, 18, 27, 23] ;;; release; dynamic_monsters-neoforge-1.21.4_1.60.0.jar
[2026, 9, 25, 18, 27, 23] ;;; release; dynamic_monsters-neoforge-1.21.5_1.60.0.jar
[2026, 9, 25, 18, 27, 23] ;;; release; dynamic_monsters-neoforge-1.21.8_1.60.0.jar
[2026, 9, 25, 18, 27, 23] ;;; release; dynamic_monsters-neoforge-26.1_1.60.0.jar
[2026, 9, 25, 18, 27, 23] ;;; release; dynamic_monsters-neoforge-26.2_1.60.0.jar
[2026, 9, 25, 18, 27, 23] ;;; release; dynamic_monsters-neoforge-26.3_1.60.0.jar
[2026, 9, 25, 18, 27, 23] ;;; release; enhanced_survival-fabric-1.21.8_1.60.0.jar
[2026, 9, 25, 18, 27, 23] ;;; release; enhanced_survival-fabric-1.21.9_1.60.0.jar
[2026, 9, 25, 18, 27, 23] ;;; release; .\releases\1.60.0\enhanced_survival-fabric-1.21.9_1.60.0.jarenhanced_survivalfabric1.21.9enhanced_survival fabric 1.21.9 1.60.0
[2026, 9, 25, 18, 27, 28] ;;; release; enhanced_survival-fabric-26.1_1.60.0.jar
[2026, 9, 25, 18, 27, 28] ;;; release; .\releases\1.60.0\enhanced_survival-fabric-26.1_1.60.0.jarenhanced_survivalfabric26.1enhanced_survival fabric 26.1 1.60.0
[2026, 9, 25, 18, 27, 34] ;;; release; enhanced_survival-fabric-26.2_1.60.0.jar
[2026, 9, 25, 18, 27, 34] ;;; release; .\releases\1.60.0\enhanced_survival-fabric-26.2_1.60.0.jarenhanced_survivalfabric26.2enhanced_survival fabric 26.2 1.60.0
[2026, 9, 25, 18, 27, 39] ;;; release; enhanced_survival-fabric-26.3_1.60.0.jar
[2026, 9, 25, 18, 27, 39] ;;; release; enhanced_survival-forge-1.19.4_1.60.0.jar
[2026, 9, 25, 18, 27, 39] ;;; release; .\releases\1.60.0\enhanced_survival-forge-1.19.4_1.60.0.jarenhanced_survivalforge1.19.4enhanced_survival forge 1.19.4 1.60.0
[2026, 9, 25, 18, 27, 45] ;;; release; enhanced_survival-forge-1.20.1_1.60.0.jar
[2026, 9, 25, 18, 27, 45] ;;; release; .\releases\1.60.0\enhanced_survival-forge-1.20.1_1.60.0.jarenhanced_survivalforge1.20.1enhanced_survival forge 1.20.1 1.60.0
[2026, 9, 25, 18, 27, 51] ;;; release; enhanced_survival-neoforge-1.20.4_1.60.0.jar
[2026, 9, 25, 18, 27, 51] ;;; release; .\releases\1.60.0\enhanced_survival-neoforge-1.20.4_1.60.0.jarenhanced_survivalneoforge1.20.4enhanced_survival neoforge 1.20.4 1.60.0
[2026, 9, 25, 18, 27, 55] ;;; release; enhanced_survival-neoforge-1.20.6_1.60.0.jar
[2026, 9, 25, 18, 27, 55] ;;; release; enhanced_survival-neoforge-1.21.1_1.60.0.jar
[2026, 9, 25, 18, 27, 55] ;;; release; .\releases\1.60.0\enhanced_survival-neoforge-1.21.1_1.60.0.jarenhanced_survivalneoforge1.21.1enhanced_survival neoforge 1.21.1 1.60.0
[2026, 9, 25, 18, 28, 0] ;;; release; enhanced_survival-neoforge-1.21.2_1.60.0.jar
[2026, 9, 25, 18, 28, 0] ;;; release; .\releases\1.60.0\enhanced_survival-neoforge-1.21.2_1.60.0.jarenhanced_survivalneoforge1.21.2enhanced_survival neoforge 1.21.2 1.60.0
[2026, 9, 25, 18, 28, 4] ;;; release; enhanced_survival-neoforge-1.21.4_1.60.0.jar
[2026, 9, 25, 18, 28, 4] ;;; release; .\releases\1.60.0\enhanced_survival-neoforge-1.21.4_1.60.0.jarenhanced_survivalneoforge1.21.4enhanced_survival neoforge 1.21.4 1.60.0
[2026, 9, 25, 18, 28, 9] ;;; release; enhanced_survival-neoforge-1.21.5_1.60.0.jar
[2026, 9, 25, 18, 28, 9] ;;; release; .\releases\1.60.0\enhanced_survival-neoforge-1.21.5_1.60.0.jarenhanced_survivalneoforge1.21.5enhanced_survival neoforge 1.21.5 1.60.0
[2026, 9, 25, 18, 28, 13] ;;; release; enhanced_survival-neoforge-1.21.8_1.60.0.jar
[2026, 9, 25, 18, 28, 13] ;;; release; .\releases\1.60.0\enhanced_survival-neoforge-1.21.8_1.60.0.jarenhanced_survivalneoforge1.21.8enhanced_survival neoforge 1.21.8 1.60.0
[2026, 9, 25, 18, 28, 19] ;;; release; enhanced_survival-neoforge-26.1_1.60.0.jar
[2026, 9, 25, 18, 28, 19] ;;; release; .\releases\1.60.0\enhanced_survival-neoforge-26.1_1.60.0.jarenhanced_survivalneoforge26.1enhanced_survival neoforge 26.1 1.60.0
[2026, 9, 25, 18, 28, 23] ;;; release; enhanced_survival-neoforge-26.2_1.60.0.jar
[2026, 9, 25, 18, 28, 23] ;;; release; .\releases\1.60.0\enhanced_survival-neoforge-26.2_1.60.0.jarenhanced_survivalneoforge26.2enhanced_survival neoforge 26.2 1.60.0
[2026, 9, 25, 18, 28, 28] ;;; release; enhanced_survival-neoforge-26.3_1.60.0.jar
[2026, 9, 25, 18, 28, 28] ;;; release; ghosts_and_ghouls-fabric-1.21.8_1.60.0.jar
[2026, 9, 25, 18, 28, 28] ;;; release; ghosts_and_ghouls-fabric-1.21.9_1.60.0.jar
[2026, 9, 25, 18, 28, 28] ;;; release; ghosts_and_ghouls-fabric-26.1_1.60.0.jar
[2026, 9, 25, 18, 28, 28] ;;; release; ghosts_and_ghouls-fabric-26.2_1.60.0.jar
[2026, 9, 25, 18, 28, 28] ;;; release; ghosts_and_ghouls-fabric-26.3_1.60.0.jar
[2026, 9, 25, 18, 28, 28] ;;; release; ghosts_and_ghouls-forge-1.19.4_1.60.0.jar
[2026, 9, 25, 18, 28, 28] ;;; release; ghosts_and_ghouls-forge-1.20.1_1.60.0.jar
[2026, 9, 25, 18, 28, 28] ;;; release; ghosts_and_ghouls-neoforge-1.20.4_1.60.0.jar
[2026, 9, 25, 18, 28, 28] ;;; release; ghosts_and_ghouls-neoforge-1.20.6_1.60.0.jar
[2026, 9, 25, 18, 28, 28] ;;; release; ghosts_and_ghouls-neoforge-1.21.1_1.60.0.jar
[2026, 9, 25, 18, 28, 28] ;;; release; ghosts_and_ghouls-neoforge-1.21.2_1.60.0.jar
[2026, 9, 25, 18, 28, 28] ;;; release; ghosts_and_ghouls-neoforge-1.21.4_1.60.0.jar
[2026, 9, 25, 18, 28, 28] ;;; release; ghosts_and_ghouls-neoforge-1.21.5_1.60.0.jar
[2026, 9, 25, 18, 28, 28] ;;; release; ghosts_and_ghouls-neoforge-1.21.8_1.60.0.jar
[2026, 9, 25, 18, 28, 28] ;;; release; ghosts_and_ghouls-neoforge-26.1_1.60.0.jar
[2026, 9, 25, 18, 28, 28] ;;; release; ghosts_and_ghouls-neoforge-26.2_1.60.0.jar
[2026, 9, 25, 18, 28, 28] ;;; release; ghosts_and_ghouls-neoforge-26.3_1.60.0.jar
[2026, 9, 25, 18, 28, 28] ;;; release; gothic_horror-fabric-1.21.8_1.60.0.jar
[2026, 9, 25, 18, 28, 28] ;;; release; gothic_horror-fabric-1.21.9_1.60.0.jar
[2026, 9, 25, 18, 28, 28] ;;; release; gothic_horror-fabric-26.1_1.60.0.jar
[2026, 9, 25, 18, 28, 28] ;;; release; gothic_horror-fabric-26.2_1.60.0.jar
[2026, 9, 25, 18, 28, 28] ;;; release; gothic_horror-fabric-26.3_1.60.0.jar
[2026, 9, 25, 18, 28, 28] ;;; release; gothic_horror-forge-1.19.4_1.60.0.jar
[2026, 9, 25, 18, 28, 28] ;;; release; gothic_horror-forge-1.20.1_1.60.0.jar
[2026, 9, 25, 18, 28, 28] ;;; release; gothic_horror-neoforge-1.20.4_1.60.0.jar
[2026, 9, 25, 18, 28, 28] ;;; release; gothic_horror-neoforge-1.20.6_1.60.0.jar
[2026, 9, 25, 18, 28, 28] ;;; release; gothic_horror-neoforge-1.21.1_1.60.0.jar
[2026, 9, 25, 18, 28, 28] ;;; release; gothic_horror-neoforge-1.21.2_1.60.0.jar
[2026, 9, 25, 18, 28, 28] ;;; release; gothic_horror-neoforge-1.21.4_1.60.0.jar
[2026, 9, 25, 18, 28, 28] ;;; release; gothic_horror-neoforge-1.21.5_1.60.0.jar
[2026, 9, 25, 18, 28, 28] ;;; release; gothic_horror-neoforge-1.21.8_1.60.0.jar
[2026, 9, 25, 18, 28, 28] ;;; release; gothic_horror-neoforge-26.1_1.60.0.jar
[2026, 9, 25, 18, 28, 28] ;;; release; gothic_horror-neoforge-26.2_1.60.0.jar
[2026, 9, 25, 18, 28, 28] ;;; release; gothic_horror-neoforge-26.3_1.60.0.jar
[2026, 9, 25, 18, 28, 28] ;;; release; gstools-fabric-1.21.8_1.60.0.jar
[2026, 9, 25, 18, 28, 28] ;;; release; gstools-fabric-1.21.9_1.60.0.jar
[2026, 9, 25, 18, 28, 28] ;;; release; gstools-fabric-26.1_1.60.0.jar
[2026, 9, 25, 18, 28, 28] ;;; release; gstools-fabric-26.2_1.60.0.jar
[2026, 9, 25, 18, 28, 28] ;;; release; gstools-fabric-26.3_1.60.0.jar
[2026, 9, 25, 18, 28, 28] ;;; release; gstools-forge-1.19.4_1.60.0.jar
[2026, 9, 25, 18, 28, 28] ;;; release; gstools-forge-1.20.1_1.60.0.jar
[2026, 9, 25, 18, 28, 28] ;;; release; gstools-neoforge-1.20.4_1.60.0.jar
[2026, 9, 25, 18, 28, 28] ;;; release; gstools-neoforge-1.20.6_1.60.0.jar
[2026, 9, 25, 18, 28, 28] ;;; release; gstools-neoforge-1.21.1_1.60.0.jar
[2026, 9, 25, 18, 28, 28] ;;; release; gstools-neoforge-1.21.2_1.60.0.jar
[2026, 9, 25, 18, 28, 28] ;;; release; gstools-neoforge-1.21.4_1.60.0.jar
[2026, 9, 25, 18, 28, 28] ;;; release; gstools-neoforge-1.21.5_1.60.0.jar
[2026, 9, 25, 18, 28, 28] ;;; release; gstools-neoforge-1.21.8_1.60.0.jar
[2026, 9, 25, 18, 28, 28] ;;; release; gstools-neoforge-26.1_1.60.0.jar
[2026, 9, 25, 18, 28, 28] ;;; release; gstools-neoforge-26.2_1.60.0.jar
[2026, 9, 25, 18, 28, 28] ;;; release; gstools-neoforge-26.3_1.60.0.jar
[2026, 9, 25, 18, 28, 28] ;;; release; life_and_death-fabric-1.21.8_1.60.0.jar
[2026, 9, 25, 18, 28, 28] ;;; release; life_and_death-fabric-1.21.9_1.60.0.jar
[2026, 9, 25, 18, 28, 28] ;;; release; life_and_death-fabric-26.1_1.60.0.jar
[2026, 9, 25, 18, 28, 28] ;;; release; life_and_death-fabric-26.2_1.60.0.jar
[2026, 9, 25, 18, 28, 28] ;;; release; life_and_death-fabric-26.3_1.60.0.jar
[2026, 9, 25, 18, 28, 28] ;;; release; life_and_death-forge-1.19.4_1.60.0.jar
[2026, 9, 25, 18, 28, 28] ;;; release; life_and_death-forge-1.20.1_1.60.0.jar
[2026, 9, 25, 18, 28, 28] ;;; release; life_and_death-neoforge-1.20.4_1.60.0.jar
[2026, 9, 25, 18, 28, 28] ;;; release; life_and_death-neoforge-1.20.6_1.60.0.jar
[2026, 9, 25, 18, 28, 28] ;;; release; life_and_death-neoforge-1.21.1_1.60.0.jar
[2026, 9, 25, 18, 28, 28] ;;; release; life_and_death-neoforge-1.21.2_1.60.0.jar
[2026, 9, 25, 18, 28, 28] ;;; release; life_and_death-neoforge-1.21.4_1.60.0.jar
[2026, 9, 25, 18, 28, 28] ;;; release; life_and_death-neoforge-1.21.5_1.60.0.jar
[2026, 9, 25, 18, 28, 28] ;;; release; life_and_death-neoforge-1.21.8_1.60.0.jar
[2026, 9, 25, 18, 28, 28] ;;; release; life_and_death-neoforge-26.1_1.60.0.jar
[2026, 9, 25, 18, 28, 28] ;;; release; life_and_death-neoforge-26.2_1.60.0.jar
[2026, 9, 25, 18, 28, 28] ;;; release; life_and_death-neoforge-26.3_1.60.0.jar
[2026, 9, 25, 18, 28, 28] ;;; release; undead_expanded-fabric-1.21.8_1.60.0.jar
[2026, 9, 25, 18, 28, 28] ;;; release; undead_expanded-fabric-1.21.9_1.60.0.jar
[2026, 9, 25, 18, 28, 28] ;;; release; undead_expanded-fabric-26.1_1.60.0.jar
[2026, 9, 25, 18, 28, 28] ;;; release; undead_expanded-fabric-26.2_1.60.0.jar
[2026, 9, 25, 18, 28, 28] ;;; release; undead_expanded-fabric-26.3_1.60.0.jar
[2026, 9, 25, 18, 28, 28] ;;; release; undead_expanded-forge-1.19.4_1.60.0.jar
[2026, 9, 25, 18, 28, 28] ;;; release; undead_expanded-forge-1.20.1_1.60.0.jar
[2026, 9, 25, 18, 28, 28] ;;; release; undead_expanded-neoforge-1.20.4_1.60.0.jar
[2026, 9, 25, 18, 28, 28] ;;; release; undead_expanded-neoforge-1.20.6_1.60.0.jar
[2026, 9, 25, 18, 28, 28] ;;; release; undead_expanded-neoforge-1.21.1_1.60.0.jar
[2026, 9, 25, 18, 28, 28] ;;; release; undead_expanded-neoforge-1.21.2_1.60.0.jar
[2026, 9, 25, 18, 28, 28] ;;; release; undead_expanded-neoforge-1.21.4_1.60.0.jar
[2026, 9, 25, 18, 28, 28] ;;; release; undead_expanded-neoforge-1.21.5_1.60.0.jar
[2026, 9, 25, 18, 28, 28] ;;; release; undead_expanded-neoforge-1.21.8_1.60.0.jar
[2026, 9, 25, 18, 28, 28] ;;; release; undead_expanded-neoforge-26.1_1.60.0.jar
[2026, 9, 25, 18, 28, 28] ;;; release; undead_expanded-neoforge-26.2_1.60.0.jar
[2026, 9, 25, 18, 28, 28] ;;; release; undead_expanded-neoforge-26.3_1.60.0.jar
[2026, 9, 25, 18, 28, 28] ;;; release; block_decay-fabric-1.21.10_1.60.0.jar
[2026, 9, 25, 18, 28, 28] ;;; release; block_decay-fabric-1.21.11_1.60.0.jar
[2026, 9, 25, 18, 28, 28] ;;; release; block_decay-fabric-1.21.8_1.60.0.jar
[2026, 9, 25, 18, 28, 28] ;;; release; block_decay-fabric-1.21.9_1.60.0.jar
[2026, 9, 25, 18, 28, 28] ;;; release; block_decay-fabric-26.1_1.60.0.jar
[2026, 9, 25, 18, 28, 28] ;;; release; block_decay-fabric-26.2_1.60.0.jar
[2026, 9, 25, 18, 28, 28] ;;; release; block_decay-fabric-26.3_1.60.0.jar
[2026, 9, 25, 18, 28, 28] ;;; release; block_decay-forge-1.19.4_1.60.0.jar
[2026, 9, 25, 18, 28, 28] ;;; release; block_decay-forge-1.20.1_1.60.0.jar
[2026, 9, 25, 18, 28, 28] ;;; release; block_decay-neoforge-1.20.4_1.60.0.jar
[2026, 9, 25, 18, 28, 28] ;;; release; block_decay-neoforge-1.20.6_1.60.0.jar
[2026, 9, 25, 18, 28, 28] ;;; release; block_decay-neoforge-1.21.10_1.60.0.jar
[2026, 9, 25, 18, 28, 28] ;;; release; block_decay-neoforge-1.21.11_1.60.0.jar
[2026, 9, 25, 18, 28, 28] ;;; release; block_decay-neoforge-1.21.1_1.60.0.jar
[2026, 9, 25, 18, 28, 28] ;;; release; block_decay-neoforge-1.21.2_1.60.0.jar
[2026, 9, 25, 18, 28, 28] ;;; release; block_decay-neoforge-1.21.4_1.60.0.jar
[2026, 9, 25, 18, 28, 28] ;;; release; block_decay-neoforge-1.21.5_1.60.0.jar
[2026, 9, 25, 18, 28, 28] ;;; release; block_decay-neoforge-1.21.8_1.60.0.jar
[2026, 9, 25, 18, 28, 28] ;;; release; block_decay-neoforge-1.21.9_1.60.0.jar
[2026, 9, 25, 18, 28, 28] ;;; release; block_decay-neoforge-1.21_1.60.0.jar
[2026, 9, 25, 18, 28, 28] ;;; release; block_decay-neoforge-26.1_1.60.0.jar
[2026, 9, 25, 18, 28, 28] ;;; release; block_decay-neoforge-26.2_1.60.0.jar
[2026, 9, 25, 18, 28, 28] ;;; release; block_decay-neoforge-26.3_1.60.0.jar
[2026, 9, 25, 18, 28, 28] ;;; release; desire_paths-fabric-1.21.8_1.60.0.jar
[2026, 9, 25, 18, 28, 28] ;;; release; desire_paths-fabric-1.21.9_1.60.0.jar
[2026, 9, 25, 18, 28, 28] ;;; release; desire_paths-fabric-26.1_1.60.0.jar
[2026, 9, 25, 18, 28, 28] ;;; release; desire_paths-fabric-26.2_1.60.0.jar
[2026, 9, 25, 18, 28, 28] ;;; release; desire_paths-fabric-26.3_1.60.0.jar
[2026, 9, 25, 18, 28, 28] ;;; release; desire_paths-forge-1.19.4_1.60.0.jar
[2026, 9, 25, 18, 28, 28] ;;; release; desire_paths-forge-1.20.1_1.60.0.jar
[2026, 9, 25, 18, 28, 28] ;;; release; desire_paths-neoforge-1.20.4_1.60.0.jar
[2026, 9, 25, 18, 28, 28] ;;; release; desire_paths-neoforge-1.20.6_1.60.0.jar
[2026, 9, 25, 18, 28, 28] ;;; release; desire_paths-neoforge-1.21.1_1.60.0.jar
[2026, 9, 25, 18, 28, 28] ;;; release; desire_paths-neoforge-1.21.2_1.60.0.jar
[2026, 9, 25, 18, 28, 28] ;;; release; desire_paths-neoforge-1.21.4_1.60.0.jar
[2026, 9, 25, 18, 28, 28] ;;; release; desire_paths-neoforge-1.21.5_1.60.0.jar
[2026, 9, 25, 18, 28, 28] ;;; release; desire_paths-neoforge-1.21.8_1.60.0.jar
[2026, 9, 25, 18, 28, 28] ;;; release; desire_paths-neoforge-26.1_1.60.0.jar
[2026, 9, 25, 18, 28, 28] ;;; release; desire_paths-neoforge-26.2_1.60.0.jar
[2026, 9, 25, 18, 28, 28] ;;; release; desire_paths-neoforge-26.3_1.60.0.jar
[2026, 9, 25, 18, 28, 28] ;;; release; dynamic_dirt-fabric-1.21.8_1.60.0.jar
[2026, 9, 25, 18, 28, 28] ;;; release; dynamic_dirt-fabric-1.21.9_1.60.0.jar
[2026, 9, 25, 18, 28, 28] ;;; release; dynamic_dirt-fabric-26.1_1.60.0.jar
[2026, 9, 25, 18, 28, 28] ;;; release; dynamic_dirt-fabric-26.2_1.60.0.jar
[2026, 9, 25, 18, 28, 28] ;;; release; dynamic_dirt-fabric-26.3_1.60.0.jar
[2026, 9, 25, 18, 28, 28] ;;; release; dynamic_dirt-forge-1.19.4_1.60.0.jar
[2026, 9, 25, 18, 28, 28] ;;; release; dynamic_dirt-forge-1.20.1_1.60.0.jar
[2026, 9, 25, 18, 28, 28] ;;; release; dynamic_dirt-neoforge-1.20.4_1.60.0.jar
[2026, 9, 25, 18, 28, 28] ;;; release; dynamic_dirt-neoforge-1.20.6_1.60.0.jar
[2026, 9, 25, 18, 28, 28] ;;; release; dynamic_dirt-neoforge-1.21.1_1.60.0.jar
[2026, 9, 25, 18, 28, 28] ;;; release; dynamic_dirt-neoforge-1.21.2_1.60.0.jar
[2026, 9, 25, 18, 28, 28] ;;; release; dynamic_dirt-neoforge-1.21.4_1.60.0.jar
[2026, 9, 25, 18, 28, 28] ;;; release; dynamic_dirt-neoforge-1.21.5_1.60.0.jar
[2026, 9, 25, 18, 28, 28] ;;; release; dynamic_dirt-neoforge-1.21.8_1.60.0.jar
[2026, 9, 25, 18, 28, 28] ;;; release; dynamic_dirt-neoforge-26.1_1.60.0.jar
[2026, 9, 25, 18, 28, 28] ;;; release; dynamic_dirt-neoforge-26.2_1.60.0.jar
[2026, 9, 25, 18, 28, 28] ;;; release; dynamic_dirt-neoforge-26.3_1.60.0.jar
[2026, 9, 25, 18, 28, 28] ;;; release; dynamic_ecosystems-fabric-1.21.8_1.60.0.jar
[2026, 9, 25, 18, 28, 28] ;;; release; dynamic_ecosystems-fabric-1.21.9_1.60.0.jar
[2026, 9, 25, 18, 28, 28] ;;; release; dynamic_ecosystems-fabric-26.1_1.60.0.jar
[2026, 9, 25, 18, 28, 28] ;;; release; dynamic_ecosystems-fabric-26.2_1.60.0.jar
[2026, 9, 25, 18, 28, 28] ;;; release; dynamic_ecosystems-fabric-26.3_1.60.0.jar
[2026, 9, 25, 18, 28, 28] ;;; release; dynamic_ecosystems-forge-1.19.4_1.60.0.jar
[2026, 9, 25, 18, 28, 28] ;;; release; dynamic_ecosystems-forge-1.20.1_1.60.0.jar
[2026, 9, 25, 18, 28, 28] ;;; release; dynamic_ecosystems-neoforge-1.20.4_1.60.0.jar
[2026, 9, 25, 18, 28, 28] ;;; release; dynamic_ecosystems-neoforge-1.20.6_1.60.0.jar
[2026, 9, 25, 18, 28, 28] ;;; release; dynamic_ecosystems-neoforge-1.21.1_1.60.0.jar
[2026, 9, 25, 18, 28, 28] ;;; release; dynamic_ecosystems-neoforge-1.21.2_1.60.0.jar
[2026, 9, 25, 18, 28, 28] ;;; release; dynamic_ecosystems-neoforge-1.21.4_1.60.0.jar
[2026, 9, 25, 18, 28, 28] ;;; release; dynamic_ecosystems-neoforge-1.21.5_1.60.0.jar
[2026, 9, 25, 18, 28, 28] ;;; release; dynamic_ecosystems-neoforge-1.21.8_1.60.0.jar
[2026, 9, 25, 18, 28, 28] ;;; release; dynamic_ecosystems-neoforge-26.1_1.60.0.jar
[2026, 9, 25, 18, 28, 28] ;;; release; dynamic_ecosystems-neoforge-26.2_1.60.0.jar
[2026, 9, 25, 18, 28, 28] ;;; release; dynamic_ecosystems-neoforge-26.3_1.60.0.jar
[2026, 9, 25, 18, 28, 28] ;;; release; dynamic_monsters-fabric-1.21.8_1.60.0.jar
[2026, 9, 25, 18, 28, 28] ;;; release; dynamic_monsters-fabric-1.21.9_1.60.0.jar
[2026, 9, 25, 18, 28, 28] ;;; release; dynamic_monsters-fabric-26.1_1.60.0.jar
[2026, 9, 25, 18, 28, 28] ;;; release; dynamic_monsters-fabric-26.2_1.60.0.jar
[2026, 9, 25, 18, 28, 28] ;;; release; dynamic_monsters-fabric-26.3_1.60.0.jar
[2026, 9, 25, 18, 28, 28] ;;; release; dynamic_monsters-forge-1.19.4_1.60.0.jar
[2026, 9, 25, 18, 28, 28] ;;; release; dynamic_monsters-forge-1.20.1_1.60.0.jar
[2026, 9, 25, 18, 28, 28] ;;; release; dynamic_monsters-neoforge-1.20.4_1.60.0.jar
[2026, 9, 25, 18, 28, 28] ;;; release; dynamic_monsters-neoforge-1.20.6_1.60.0.jar
[2026, 9, 25, 18, 28, 28] ;;; release; dynamic_monsters-neoforge-1.21.1_1.60.0.jar
[2026, 9, 25, 18, 28, 28] ;;; release; dynamic_monsters-neoforge-1.21.2_1.60.0.jar
[2026, 9, 25, 18, 28, 28] ;;; release; dynamic_monsters-neoforge-1.21.4_1.60.0.jar
[2026, 9, 25, 18, 28, 28] ;;; release; dynamic_monsters-neoforge-1.21.5_1.60.0.jar
[2026, 9, 25, 18, 28, 28] ;;; release; dynamic_monsters-neoforge-1.21.8_1.60.0.jar
[2026, 9, 25, 18, 28, 28] ;;; release; dynamic_monsters-neoforge-26.1_1.60.0.jar
[2026, 9, 25, 18, 28, 28] ;;; release; dynamic_monsters-neoforge-26.2_1.60.0.jar
[2026, 9, 25, 18, 28, 28] ;;; release; dynamic_monsters-neoforge-26.3_1.60.0.jar
[2026, 9, 25, 18, 28, 28] ;;; release; enhanced_survival-fabric-1.21.8_1.60.0.jar
[2026, 9, 25, 18, 28, 28] ;;; release; enhanced_survival-fabric-1.21.9_1.60.0.jar
[2026, 9, 25, 18, 28, 28] ;;; release; enhanced_survival-fabric-26.1_1.60.0.jar
[2026, 9, 25, 18, 28, 28] ;;; release; enhanced_survival-fabric-26.2_1.60.0.jar
[2026, 9, 25, 18, 28, 28] ;;; release; enhanced_survival-fabric-26.3_1.60.0.jar
[2026, 9, 25, 18, 28, 28] ;;; release; enhanced_survival-forge-1.19.4_1.60.0.jar
[2026, 9, 25, 18, 28, 28] ;;; release; enhanced_survival-forge-1.20.1_1.60.0.jar
[2026, 9, 25, 18, 28, 28] ;;; release; enhanced_survival-neoforge-1.20.4_1.60.0.jar
[2026, 9, 25, 18, 28, 28] ;;; release; enhanced_survival-neoforge-1.20.6_1.60.0.jar
[2026, 9, 25, 18, 28, 28] ;;; release; enhanced_survival-neoforge-1.21.1_1.60.0.jar
[2026, 9, 25, 18, 28, 28] ;;; release; enhanced_survival-neoforge-1.21.2_1.60.0.jar
[2026, 9, 25, 18, 28, 28] ;;; release; enhanced_survival-neoforge-1.21.4_1.60.0.jar
[2026, 9, 25, 18, 28, 28] ;;; release; enhanced_survival-neoforge-1.21.5_1.60.0.jar
[2026, 9, 25, 18, 28, 28] ;;; release; enhanced_survival-neoforge-1.21.8_1.60.0.jar
[2026, 9, 25, 18, 28, 28] ;;; release; enhanced_survival-neoforge-26.1_1.60.0.jar
[2026, 9, 25, 18, 28, 28] ;;; release; enhanced_survival-neoforge-26.2_1.60.0.jar
[2026, 9, 25, 18, 28, 28] ;;; release; enhanced_survival-neoforge-26.3_1.60.0.jar
[2026, 9, 25, 18, 28, 28] ;;; release; ghosts_and_ghouls-fabric-1.21.8_1.60.0.jar
[2026, 9, 25, 18, 28, 28] ;;; release; ghosts_and_ghouls-fabric-1.21.9_1.60.0.jar
[2026, 9, 25, 18, 28, 28] ;;; release; ghosts_and_ghouls-fabric-26.1_1.60.0.jar
[2026, 9, 25, 18, 28, 28] ;;; release; ghosts_and_ghouls-fabric-26.2_1.60.0.jar
[2026, 9, 25, 18, 28, 28] ;;; release; ghosts_and_ghouls-fabric-26.3_1.60.0.jar
[2026, 9, 25, 18, 28, 28] ;;; release; ghosts_and_ghouls-forge-1.19.4_1.60.0.jar
[2026, 9, 25, 18, 28, 28] ;;; release; ghosts_and_ghouls-forge-1.20.1_1.60.0.jar
[2026, 9, 25, 18, 28, 28] ;;; release; ghosts_and_ghouls-neoforge-1.20.4_1.60.0.jar
[2026, 9, 25, 18, 28, 28] ;;; release; ghosts_and_ghouls-neoforge-1.20.6_1.60.0.jar
[2026, 9, 25, 18, 28, 28] ;;; release; ghosts_and_ghouls-neoforge-1.21.1_1.60.0.jar
[2026, 9, 25, 18, 28, 28] ;;; release; ghosts_and_ghouls-neoforge-1.21.2_1.60.0.jar
[2026, 9, 25, 18, 28, 28] ;;; release; ghosts_and_ghouls-neoforge-1.21.4_1.60.0.jar
[2026, 9, 25, 18, 28, 28] ;;; release; ghosts_and_ghouls-neoforge-1.21.5_1.60.0.jar
[2026, 9, 25, 18, 28, 28] ;;; release; ghosts_and_ghouls-neoforge-1.21.8_1.60.0.jar
[2026, 9, 25, 18, 28, 28] ;;; release; ghosts_and_ghouls-neoforge-26.1_1.60.0.jar
[2026, 9, 25, 18, 28, 28] ;;; release; ghosts_and_ghouls-neoforge-26.2_1.60.0.jar
[2026, 9, 25, 18, 28, 28] ;;; release; ghosts_and_ghouls-neoforge-26.3_1.60.0.jar
[2026, 9, 25, 18, 28, 28] ;;; release; gothic_horror-fabric-1.21.8_1.60.0.jar
[2026, 9, 25, 18, 28, 28] ;;; release; gothic_horror-fabric-1.21.9_1.60.0.jar
[2026, 9, 25, 18, 28, 28] ;;; release; gothic_horror-fabric-26.1_1.60.0.jar
[2026, 9, 25, 18, 28, 28] ;;; release; gothic_horror-fabric-26.2_1.60.0.jar
[2026, 9, 25, 18, 28, 28] ;;; release; gothic_horror-fabric-26.3_1.60.0.jar
[2026, 9, 25, 18, 28, 28] ;;; release; gothic_horror-forge-1.19.4_1.60.0.jar
[2026, 9, 25, 18, 28, 28] ;;; release; gothic_horror-forge-1.20.1_1.60.0.jar
[2026, 9, 25, 18, 28, 28] ;;; release; gothic_horror-neoforge-1.20.4_1.60.0.jar
[2026, 9, 25, 18, 28, 28] ;;; release; gothic_horror-neoforge-1.20.6_1.60.0.jar
[2026, 9, 25, 18, 28, 28] ;;; release; gothic_horror-neoforge-1.21.1_1.60.0.jar
[2026, 9, 25, 18, 28, 28] ;;; release; gothic_horror-neoforge-1.21.2_1.60.0.jar
[2026, 9, 25, 18, 28, 28] ;;; release; gothic_horror-neoforge-1.21.4_1.60.0.jar
[2026, 9, 25, 18, 28, 28] ;;; release; gothic_horror-neoforge-1.21.5_1.60.0.jar
[2026, 9, 25, 18, 28, 28] ;;; release; gothic_horror-neoforge-1.21.8_1.60.0.jar
[2026, 9, 25, 18, 28, 28] ;;; release; gothic_horror-neoforge-26.1_1.60.0.jar
[2026, 9, 25, 18, 28, 28] ;;; release; gothic_horror-neoforge-26.2_1.60.0.jar
[2026, 9, 25, 18, 28, 28] ;;; release; gothic_horror-neoforge-26.3_1.60.0.jar
[2026, 9, 25, 18, 28, 28] ;;; release; gstools-fabric-1.21.8_1.60.0.jar
[2026, 9, 25, 18, 28, 28] ;;; release; gstools-fabric-1.21.9_1.60.0.jar
[2026, 9, 25, 18, 28, 28] ;;; release; gstools-fabric-26.1_1.60.0.jar
[2026, 9, 25, 18, 28, 28] ;;; release; gstools-fabric-26.2_1.60.0.jar
[2026, 9, 25, 18, 28, 28] ;;; release; gstools-fabric-26.3_1.60.0.jar
[2026, 9, 25, 18, 28, 28] ;;; release; gstools-forge-1.19.4_1.60.0.jar
[2026, 9, 25, 18, 28, 28] ;;; release; gstools-forge-1.20.1_1.60.0.jar
[2026, 9, 25, 18, 28, 28] ;;; release; gstools-neoforge-1.20.4_1.60.0.jar
[2026, 9, 25, 18, 28, 28] ;;; release; gstools-neoforge-1.20.6_1.60.0.jar
[2026, 9, 25, 18, 28, 28] ;;; release; gstools-neoforge-1.21.1_1.60.0.jar
[2026, 9, 25, 18, 28, 28] ;;; release; gstools-neoforge-1.21.2_1.60.0.jar
[2026, 9, 25, 18, 28, 28] ;;; release; gstools-neoforge-1.21.4_1.60.0.jar
[2026, 9, 25, 18, 28, 28] ;;; release; gstools-neoforge-1.21.5_1.60.0.jar
[2026, 9, 25, 18, 28, 28] ;;; release; gstools-neoforge-1.21.8_1.60.0.jar
[2026, 9, 25, 18, 28, 28] ;;; release; gstools-neoforge-26.1_1.60.0.jar
[2026, 9, 25, 18, 28, 28] ;;; release; gstools-neoforge-26.2_1.60.0.jar
[2026, 9, 25, 18, 28, 28] ;;; release; gstools-neoforge-26.3_1.60.0.jar
[2026, 9, 25, 18, 28, 28] ;;; release; life_and_death-fabric-1.21.8_1.60.0.jar
[2026, 9, 25, 18, 28, 28] ;;; release; life_and_death-fabric-1.21.9_1.60.0.jar
[2026, 9, 25, 18, 28, 28] ;;; release; .\releases\1.60.0\life_and_death-fabric-1.21.9_1.60.0.jarlife_and_deathfabric1.21.9life_and_death fabric 1.21.9 1.60.0
[2026, 9, 25, 18, 28, 32] ;;; release; life_and_death-fabric-26.1_1.60.0.jar
[2026, 9, 25, 18, 28, 32] ;;; release; .\releases\1.60.0\life_and_death-fabric-26.1_1.60.0.jarlife_and_deathfabric26.1life_and_death fabric 26.1 1.60.0
[2026, 9, 25, 18, 28, 37] ;;; release; life_and_death-fabric-26.2_1.60.0.jar
[2026, 9, 25, 18, 28, 37] ;;; release; .\releases\1.60.0\life_and_death-fabric-26.2_1.60.0.jarlife_and_deathfabric26.2life_and_death fabric 26.2 1.60.0
[2026, 9, 25, 18, 28, 41] ;;; release; life_and_death-fabric-26.3_1.60.0.jar
[2026, 9, 25, 18, 28, 41] ;;; release; life_and_death-forge-1.19.4_1.60.0.jar
[2026, 9, 25, 18, 28, 41] ;;; release; .\releases\1.60.0\life_and_death-forge-1.19.4_1.60.0.jarlife_and_deathforge1.19.4life_and_death forge 1.19.4 1.60.0
[2026, 9, 25, 18, 28, 47] ;;; release; life_and_death-forge-1.20.1_1.60.0.jar
[2026, 9, 25, 18, 28, 47] ;;; release; .\releases\1.60.0\life_and_death-forge-1.20.1_1.60.0.jarlife_and_deathforge1.20.1life_and_death forge 1.20.1 1.60.0
[2026, 9, 25, 18, 28, 52] ;;; release; life_and_death-neoforge-1.20.4_1.60.0.jar
[2026, 9, 25, 18, 28, 52] ;;; release; .\releases\1.60.0\life_and_death-neoforge-1.20.4_1.60.0.jarlife_and_deathneoforge1.20.4life_and_death neoforge 1.20.4 1.60.0
[2026, 9, 25, 18, 28, 56] ;;; release; life_and_death-neoforge-1.20.6_1.60.0.jar
[2026, 9, 25, 18, 28, 56] ;;; release; life_and_death-neoforge-1.21.1_1.60.0.jar
[2026, 9, 25, 18, 28, 56] ;;; release; .\releases\1.60.0\life_and_death-neoforge-1.21.1_1.60.0.jarlife_and_deathneoforge1.21.1life_and_death neoforge 1.21.1 1.60.0
[2026, 9, 25, 18, 29, 2] ;;; release; life_and_death-neoforge-1.21.2_1.60.0.jar
[2026, 9, 25, 18, 29, 2] ;;; release; .\releases\1.60.0\life_and_death-neoforge-1.21.2_1.60.0.jarlife_and_deathneoforge1.21.2life_and_death neoforge 1.21.2 1.60.0
[2026, 9, 25, 18, 29, 6] ;;; release; life_and_death-neoforge-1.21.4_1.60.0.jar
[2026, 9, 25, 18, 29, 6] ;;; release; .\releases\1.60.0\life_and_death-neoforge-1.21.4_1.60.0.jarlife_and_deathneoforge1.21.4life_and_death neoforge 1.21.4 1.60.0
[2026, 9, 25, 18, 29, 10] ;;; release; life_and_death-neoforge-1.21.5_1.60.0.jar
[2026, 9, 25, 18, 29, 10] ;;; release; .\releases\1.60.0\life_and_death-neoforge-1.21.5_1.60.0.jarlife_and_deathneoforge1.21.5life_and_death neoforge 1.21.5 1.60.0
[2026, 9, 25, 18, 29, 15] ;;; release; life_and_death-neoforge-1.21.8_1.60.0.jar
[2026, 9, 25, 18, 29, 15] ;;; release; .\releases\1.60.0\life_and_death-neoforge-1.21.8_1.60.0.jarlife_and_deathneoforge1.21.8life_and_death neoforge 1.21.8 1.60.0
[2026, 9, 25, 18, 29, 20] ;;; release; life_and_death-neoforge-26.1_1.60.0.jar
[2026, 9, 25, 18, 29, 20] ;;; release; .\releases\1.60.0\life_and_death-neoforge-26.1_1.60.0.jarlife_and_deathneoforge26.1life_and_death neoforge 26.1 1.60.0
[2026, 9, 25, 18, 29, 25] ;;; release; life_and_death-neoforge-26.2_1.60.0.jar
[2026, 9, 25, 18, 29, 25] ;;; release; .\releases\1.60.0\life_and_death-neoforge-26.2_1.60.0.jarlife_and_deathneoforge26.2life_and_death neoforge 26.2 1.60.0
[2026, 9, 25, 18, 29, 30] ;;; release; life_and_death-neoforge-26.3_1.60.0.jar
[2026, 9, 25, 18, 29, 30] ;;; release; undead_expanded-fabric-1.21.8_1.60.0.jar
[2026, 9, 25, 18, 29, 30] ;;; release; undead_expanded-fabric-1.21.9_1.60.0.jar
[2026, 9, 25, 18, 29, 30] ;;; release; undead_expanded-fabric-26.1_1.60.0.jar
[2026, 9, 25, 18, 29, 30] ;;; release; undead_expanded-fabric-26.2_1.60.0.jar
[2026, 9, 25, 18, 29, 30] ;;; release; undead_expanded-fabric-26.3_1.60.0.jar
[2026, 9, 25, 18, 29, 30] ;;; release; undead_expanded-forge-1.19.4_1.60.0.jar
[2026, 9, 25, 18, 29, 30] ;;; release; undead_expanded-forge-1.20.1_1.60.0.jar
[2026, 9, 25, 18, 29, 30] ;;; release; undead_expanded-neoforge-1.20.4_1.60.0.jar
[2026, 9, 25, 18, 29, 30] ;;; release; undead_expanded-neoforge-1.20.6_1.60.0.jar
[2026, 9, 25, 18, 29, 30] ;;; release; undead_expanded-neoforge-1.21.1_1.60.0.jar
[2026, 9, 25, 18, 29, 30] ;;; release; undead_expanded-neoforge-1.21.2_1.60.0.jar
[2026, 9, 25, 18, 29, 30] ;;; release; undead_expanded-neoforge-1.21.4_1.60.0.jar
[2026, 9, 25, 18, 29, 30] ;;; release; undead_expanded-neoforge-1.21.5_1.60.0.jar
[2026, 9, 25, 18, 29, 30] ;;; release; undead_expanded-neoforge-1.21.8_1.60.0.jar
[2026, 9, 25, 18, 29, 30] ;;; release; undead_expanded-neoforge-26.1_1.60.0.jar
[2026, 9, 25, 18, 29, 30] ;;; release; undead_expanded-neoforge-26.2_1.60.0.jar
[2026, 9, 25, 18, 29, 30] ;;; release; undead_expanded-neoforge-26.3_1.60.0.jar
[2026, 9, 25, 18, 29, 30] ;;; release; block_decay-fabric-1.21.10_1.60.0.jar
[2026, 9, 25, 18, 29, 30] ;;; release; .\releases\1.60.0\block_decay-fabric-1.21.10_1.60.0.jarblock_decayfabric1.21.10block_decay fabric 1.21.10 1.60.0
[2026, 9, 25, 18, 29, 39] ;;; release; block_decay-fabric-1.21.11_1.60.0.jar
[2026, 9, 25, 18, 29, 39] ;;; release; .\releases\1.60.0\block_decay-fabric-1.21.11_1.60.0.jarblock_decayfabric1.21.11block_decay fabric 1.21.11 1.60.0
[2026, 9, 25, 18, 29, 46] ;;; release; block_decay-fabric-1.21.8_1.60.0.jar
[2026, 9, 25, 18, 29, 46] ;;; release; block_decay-fabric-1.21.9_1.60.0.jar
[2026, 9, 25, 18, 29, 46] ;;; release; .\releases\1.60.0\block_decay-fabric-1.21.9_1.60.0.jarblock_decayfabric1.21.9block_decay fabric 1.21.9 1.60.0
[2026, 9, 25, 18, 29, 58] ;;; release; block_decay-fabric-26.1_1.60.0.jar
[2026, 9, 25, 18, 29, 58] ;;; release; .\releases\1.60.0\block_decay-fabric-26.1_1.60.0.jarblock_decayfabric26.1block_decay fabric 26.1 1.60.0
[2026, 9, 25, 18, 30, 11] ;;; release; block_decay-fabric-26.2_1.60.0.jar
[2026, 9, 25, 18, 30, 11] ;;; release; .\releases\1.60.0\block_decay-fabric-26.2_1.60.0.jarblock_decayfabric26.2block_decay fabric 26.2 1.60.0
[2026, 9, 25, 18, 30, 20] ;;; release; block_decay-fabric-26.3_1.60.0.jar
[2026, 9, 25, 18, 30, 20] ;;; release; block_decay-forge-1.19.4_1.60.0.jar
[2026, 9, 25, 18, 30, 20] ;;; release; .\releases\1.60.0\block_decay-forge-1.19.4_1.60.0.jarblock_decayforge1.19.4block_decay forge 1.19.4 1.60.0
[2026, 9, 25, 18, 30, 30] ;;; release; block_decay-forge-1.20.1_1.60.0.jar
[2026, 9, 25, 18, 30, 30] ;;; release; .\releases\1.60.0\block_decay-forge-1.20.1_1.60.0.jarblock_decayforge1.20.1block_decay forge 1.20.1 1.60.0
[2026, 9, 25, 18, 30, 40] ;;; release; block_decay-neoforge-1.20.4_1.60.0.jar
[2026, 9, 25, 18, 30, 40] ;;; release; .\releases\1.60.0\block_decay-neoforge-1.20.4_1.60.0.jarblock_decayneoforge1.20.4block_decay neoforge 1.20.4 1.60.0
[2026, 9, 25, 18, 30, 48] ;;; release; block_decay-neoforge-1.20.6_1.60.0.jar
[2026, 9, 25, 18, 30, 48] ;;; release; block_decay-neoforge-1.21.10_1.60.0.jar
[2026, 9, 25, 18, 30, 48] ;;; release; .\releases\1.60.0\block_decay-neoforge-1.21.10_1.60.0.jarblock_decayneoforge1.21.10block_decay neoforge 1.21.10 1.60.0
[2026, 9, 25, 18, 30, 56] ;;; release; block_decay-neoforge-1.21.11_1.60.0.jar
[2026, 9, 25, 18, 30, 56] ;;; release; .\releases\1.60.0\block_decay-neoforge-1.21.11_1.60.0.jarblock_decayneoforge1.21.11block_decay neoforge 1.21.11 1.60.0
[2026, 9, 25, 18, 31, 15] ;;; release; block_decay-neoforge-1.21.1_1.60.0.jar
[2026, 9, 25, 18, 31, 15] ;;; release; .\releases\1.60.0\block_decay-neoforge-1.21.1_1.60.0.jarblock_decayneoforge1.21.1block_decay neoforge 1.21.1 1.60.0
[2026, 9, 25, 18, 31, 26] ;;; release; block_decay-neoforge-1.21.2_1.60.0.jar
[2026, 9, 25, 18, 31, 26] ;;; release; .\releases\1.60.0\block_decay-neoforge-1.21.2_1.60.0.jarblock_decayneoforge1.21.2block_decay neoforge 1.21.2 1.60.0
[2026, 9, 25, 18, 31, 36] ;;; release; block_decay-neoforge-1.21.4_1.60.0.jar
[2026, 9, 25, 18, 31, 36] ;;; release; .\releases\1.60.0\block_decay-neoforge-1.21.4_1.60.0.jarblock_decayneoforge1.21.4block_decay neoforge 1.21.4 1.60.0
[2026, 9, 25, 18, 31, 44] ;;; release; block_decay-neoforge-1.21.5_1.60.0.jar
[2026, 9, 25, 18, 31, 44] ;;; release; .\releases\1.60.0\block_decay-neoforge-1.21.5_1.60.0.jarblock_decayneoforge1.21.5block_decay neoforge 1.21.5 1.60.0
[2026, 9, 25, 18, 31, 53] ;;; release; block_decay-neoforge-1.21.8_1.60.0.jar
[2026, 9, 25, 18, 31, 53] ;;; release; .\releases\1.60.0\block_decay-neoforge-1.21.8_1.60.0.jarblock_decayneoforge1.21.8block_decay neoforge 1.21.8 1.60.0
[2026, 9, 25, 18, 32, 1] ;;; release; block_decay-neoforge-1.21.9_1.60.0.jar
[2026, 9, 25, 18, 32, 1] ;;; release; .\releases\1.60.0\block_decay-neoforge-1.21.9_1.60.0.jarblock_decayneoforge1.21.9block_decay neoforge 1.21.9 1.60.0
[2026, 9, 25, 18, 32, 8] ;;; release; block_decay-neoforge-1.21_1.60.0.jar
[2026, 9, 25, 18, 32, 8] ;;; release; block_decay-neoforge-26.1_1.60.0.jar
[2026, 9, 25, 18, 32, 8] ;;; release; .\releases\1.60.0\block_decay-neoforge-26.1_1.60.0.jarblock_decayneoforge26.1block_decay neoforge 26.1 1.60.0
[2026, 9, 25, 18, 32, 24] ;;; release; block_decay-neoforge-26.2_1.60.0.jar
[2026, 9, 25, 18, 32, 24] ;;; release; .\releases\1.60.0\block_decay-neoforge-26.2_1.60.0.jarblock_decayneoforge26.2block_decay neoforge 26.2 1.60.0
[2026, 9, 25, 18, 32, 30] ;;; release; block_decay-neoforge-26.3_1.60.0.jar
[2026, 9, 25, 18, 32, 30] ;;; release; desire_paths-fabric-1.21.8_1.60.0.jar
[2026, 9, 25, 18, 32, 30] ;;; release; desire_paths-fabric-1.21.9_1.60.0.jar
[2026, 9, 25, 18, 32, 30] ;;; release; desire_paths-fabric-26.1_1.60.0.jar
[2026, 9, 25, 18, 32, 30] ;;; release; desire_paths-fabric-26.2_1.60.0.jar
[2026, 9, 25, 18, 32, 30] ;;; release; desire_paths-fabric-26.3_1.60.0.jar
[2026, 9, 25, 18, 32, 30] ;;; release; desire_paths-forge-1.19.4_1.60.0.jar
[2026, 9, 25, 18, 32, 30] ;;; release; desire_paths-forge-1.20.1_1.60.0.jar
[2026, 9, 25, 18, 32, 30] ;;; release; desire_paths-neoforge-1.20.4_1.60.0.jar
[2026, 9, 25, 18, 32, 30] ;;; release; desire_paths-neoforge-1.20.6_1.60.0.jar
[2026, 9, 25, 18, 32, 30] ;;; release; desire_paths-neoforge-1.21.1_1.60.0.jar
[2026, 9, 25, 18, 32, 30] ;;; release; desire_paths-neoforge-1.21.2_1.60.0.jar
[2026, 9, 25, 18, 32, 30] ;;; release; desire_paths-neoforge-1.21.4_1.60.0.jar
[2026, 9, 25, 18, 32, 30] ;;; release; desire_paths-neoforge-1.21.5_1.60.0.jar
[2026, 9, 25, 18, 32, 30] ;;; release; desire_paths-neoforge-1.21.8_1.60.0.jar
[2026, 9, 25, 18, 32, 30] ;;; release; desire_paths-neoforge-26.1_1.60.0.jar
[2026, 9, 25, 18, 32, 30] ;;; release; desire_paths-neoforge-26.2_1.60.0.jar
[2026, 9, 25, 18, 32, 30] ;;; release; desire_paths-neoforge-26.3_1.60.0.jar
[2026, 9, 25, 18, 32, 30] ;;; release; dynamic_dirt-fabric-1.21.8_1.60.0.jar
[2026, 9, 25, 18, 32, 30] ;;; release; dynamic_dirt-fabric-1.21.9_1.60.0.jar
[2026, 9, 25, 18, 32, 30] ;;; release; dynamic_dirt-fabric-26.1_1.60.0.jar
[2026, 9, 25, 18, 32, 30] ;;; release; dynamic_dirt-fabric-26.2_1.60.0.jar
[2026, 9, 25, 18, 32, 30] ;;; release; dynamic_dirt-fabric-26.3_1.60.0.jar
[2026, 9, 25, 18, 32, 30] ;;; release; dynamic_dirt-forge-1.19.4_1.60.0.jar
[2026, 9, 25, 18, 32, 30] ;;; release; dynamic_dirt-forge-1.20.1_1.60.0.jar
[2026, 9, 25, 18, 32, 30] ;;; release; dynamic_dirt-neoforge-1.20.4_1.60.0.jar
[2026, 9, 25, 18, 32, 30] ;;; release; dynamic_dirt-neoforge-1.20.6_1.60.0.jar
[2026, 9, 25, 18, 32, 30] ;;; release; dynamic_dirt-neoforge-1.21.1_1.60.0.jar
[2026, 9, 25, 18, 32, 30] ;;; release; dynamic_dirt-neoforge-1.21.2_1.60.0.jar
[2026, 9, 25, 18, 32, 30] ;;; release; dynamic_dirt-neoforge-1.21.4_1.60.0.jar
[2026, 9, 25, 18, 32, 30] ;;; release; dynamic_dirt-neoforge-1.21.5_1.60.0.jar
[2026, 9, 25, 18, 32, 30] ;;; release; dynamic_dirt-neoforge-1.21.8_1.60.0.jar
[2026, 9, 25, 18, 32, 30] ;;; release; dynamic_dirt-neoforge-26.1_1.60.0.jar
[2026, 9, 25, 18, 32, 30] ;;; release; dynamic_dirt-neoforge-26.2_1.60.0.jar
[2026, 9, 25, 18, 32, 30] ;;; release; dynamic_dirt-neoforge-26.3_1.60.0.jar
[2026, 9, 25, 18, 32, 30] ;;; release; dynamic_ecosystems-fabric-1.21.8_1.60.0.jar
[2026, 9, 25, 18, 32, 30] ;;; release; dynamic_ecosystems-fabric-1.21.9_1.60.0.jar
[2026, 9, 25, 18, 32, 30] ;;; release; dynamic_ecosystems-fabric-26.1_1.60.0.jar
[2026, 9, 25, 18, 32, 30] ;;; release; dynamic_ecosystems-fabric-26.2_1.60.0.jar
[2026, 9, 25, 18, 32, 30] ;;; release; dynamic_ecosystems-fabric-26.3_1.60.0.jar
[2026, 9, 25, 18, 32, 30] ;;; release; dynamic_ecosystems-forge-1.19.4_1.60.0.jar
[2026, 9, 25, 18, 32, 30] ;;; release; dynamic_ecosystems-forge-1.20.1_1.60.0.jar
[2026, 9, 25, 18, 32, 30] ;;; release; dynamic_ecosystems-neoforge-1.20.4_1.60.0.jar
[2026, 9, 25, 18, 32, 30] ;;; release; dynamic_ecosystems-neoforge-1.20.6_1.60.0.jar
[2026, 9, 25, 18, 32, 30] ;;; release; dynamic_ecosystems-neoforge-1.21.1_1.60.0.jar
[2026, 9, 25, 18, 32, 30] ;;; release; dynamic_ecosystems-neoforge-1.21.2_1.60.0.jar
[2026, 9, 25, 18, 32, 30] ;;; release; dynamic_ecosystems-neoforge-1.21.4_1.60.0.jar
[2026, 9, 25, 18, 32, 30] ;;; release; dynamic_ecosystems-neoforge-1.21.5_1.60.0.jar
[2026, 9, 25, 18, 32, 30] ;;; release; dynamic_ecosystems-neoforge-1.21.8_1.60.0.jar
[2026, 9, 25, 18, 32, 30] ;;; release; dynamic_ecosystems-neoforge-26.1_1.60.0.jar
[2026, 9, 25, 18, 32, 30] ;;; release; dynamic_ecosystems-neoforge-26.2_1.60.0.jar
[2026, 9, 25, 18, 32, 30] ;;; release; dynamic_ecosystems-neoforge-26.3_1.60.0.jar
[2026, 9, 25, 18, 32, 30] ;;; release; dynamic_monsters-fabric-1.21.8_1.60.0.jar
[2026, 9, 25, 18, 32, 30] ;;; release; dynamic_monsters-fabric-1.21.9_1.60.0.jar
[2026, 9, 25, 18, 32, 30] ;;; release; dynamic_monsters-fabric-26.1_1.60.0.jar
[2026, 9, 25, 18, 32, 30] ;;; release; dynamic_monsters-fabric-26.2_1.60.0.jar
[2026, 9, 25, 18, 32, 30] ;;; release; dynamic_monsters-fabric-26.3_1.60.0.jar
[2026, 9, 25, 18, 32, 30] ;;; release; dynamic_monsters-forge-1.19.4_1.60.0.jar
[2026, 9, 25, 18, 32, 30] ;;; release; dynamic_monsters-forge-1.20.1_1.60.0.jar
[2026, 9, 25, 18, 32, 30] ;;; release; dynamic_monsters-neoforge-1.20.4_1.60.0.jar
[2026, 9, 25, 18, 32, 30] ;;; release; dynamic_monsters-neoforge-1.20.6_1.60.0.jar
[2026, 9, 25, 18, 32, 30] ;;; release; dynamic_monsters-neoforge-1.21.1_1.60.0.jar
[2026, 9, 25, 18, 32, 30] ;;; release; dynamic_monsters-neoforge-1.21.2_1.60.0.jar
[2026, 9, 25, 18, 32, 30] ;;; release; dynamic_monsters-neoforge-1.21.4_1.60.0.jar
[2026, 9, 25, 18, 32, 30] ;;; release; dynamic_monsters-neoforge-1.21.5_1.60.0.jar
[2026, 9, 25, 18, 32, 30] ;;; release; dynamic_monsters-neoforge-1.21.8_1.60.0.jar
[2026, 9, 25, 18, 32, 30] ;;; release; dynamic_monsters-neoforge-26.1_1.60.0.jar
[2026, 9, 25, 18, 32, 30] ;;; release; dynamic_monsters-neoforge-26.2_1.60.0.jar
[2026, 9, 25, 18, 32, 30] ;;; release; dynamic_monsters-neoforge-26.3_1.60.0.jar
[2026, 9, 25, 18, 32, 30] ;;; release; enhanced_survival-fabric-1.21.8_1.60.0.jar
[2026, 9, 25, 18, 32, 30] ;;; release; enhanced_survival-fabric-1.21.9_1.60.0.jar
[2026, 9, 25, 18, 32, 30] ;;; release; enhanced_survival-fabric-26.1_1.60.0.jar
[2026, 9, 25, 18, 32, 30] ;;; release; enhanced_survival-fabric-26.2_1.60.0.jar
[2026, 9, 25, 18, 32, 30] ;;; release; enhanced_survival-fabric-26.3_1.60.0.jar
[2026, 9, 25, 18, 32, 30] ;;; release; enhanced_survival-forge-1.19.4_1.60.0.jar
[2026, 9, 25, 18, 32, 30] ;;; release; enhanced_survival-forge-1.20.1_1.60.0.jar
[2026, 9, 25, 18, 32, 30] ;;; release; enhanced_survival-neoforge-1.20.4_1.60.0.jar
[2026, 9, 25, 18, 32, 30] ;;; release; enhanced_survival-neoforge-1.20.6_1.60.0.jar
[2026, 9, 25, 18, 32, 30] ;;; release; enhanced_survival-neoforge-1.21.1_1.60.0.jar
[2026, 9, 25, 18, 32, 30] ;;; release; enhanced_survival-neoforge-1.21.2_1.60.0.jar
[2026, 9, 25, 18, 32, 30] ;;; release; enhanced_survival-neoforge-1.21.4_1.60.0.jar
[2026, 9, 25, 18, 32, 30] ;;; release; enhanced_survival-neoforge-1.21.5_1.60.0.jar
[2026, 9, 25, 18, 32, 30] ;;; release; enhanced_survival-neoforge-1.21.8_1.60.0.jar
[2026, 9, 25, 18, 32, 30] ;;; release; enhanced_survival-neoforge-26.1_1.60.0.jar
[2026, 9, 25, 18, 32, 30] ;;; release; enhanced_survival-neoforge-26.2_1.60.0.jar
[2026, 9, 25, 18, 32, 30] ;;; release; enhanced_survival-neoforge-26.3_1.60.0.jar
[2026, 9, 25, 18, 32, 30] ;;; release; ghosts_and_ghouls-fabric-1.21.8_1.60.0.jar
[2026, 9, 25, 18, 32, 30] ;;; release; ghosts_and_ghouls-fabric-1.21.9_1.60.0.jar
[2026, 9, 25, 18, 32, 30] ;;; release; ghosts_and_ghouls-fabric-26.1_1.60.0.jar
[2026, 9, 25, 18, 32, 30] ;;; release; ghosts_and_ghouls-fabric-26.2_1.60.0.jar
[2026, 9, 25, 18, 32, 30] ;;; release; ghosts_and_ghouls-fabric-26.3_1.60.0.jar
[2026, 9, 25, 18, 32, 30] ;;; release; ghosts_and_ghouls-forge-1.19.4_1.60.0.jar
[2026, 9, 25, 18, 32, 30] ;;; release; ghosts_and_ghouls-forge-1.20.1_1.60.0.jar
[2026, 9, 25, 18, 32, 30] ;;; release; ghosts_and_ghouls-neoforge-1.20.4_1.60.0.jar
[2026, 9, 25, 18, 32, 30] ;;; release; ghosts_and_ghouls-neoforge-1.20.6_1.60.0.jar
[2026, 9, 25, 18, 32, 30] ;;; release; ghosts_and_ghouls-neoforge-1.21.1_1.60.0.jar
[2026, 9, 25, 18, 32, 30] ;;; release; ghosts_and_ghouls-neoforge-1.21.2_1.60.0.jar
[2026, 9, 25, 18, 32, 30] ;;; release; ghosts_and_ghouls-neoforge-1.21.4_1.60.0.jar
[2026, 9, 25, 18, 32, 30] ;;; release; ghosts_and_ghouls-neoforge-1.21.5_1.60.0.jar
[2026, 9, 25, 18, 32, 30] ;;; release; ghosts_and_ghouls-neoforge-1.21.8_1.60.0.jar
[2026, 9, 25, 18, 32, 30] ;;; release; ghosts_and_ghouls-neoforge-26.1_1.60.0.jar
[2026, 9, 25, 18, 32, 30] ;;; release; ghosts_and_ghouls-neoforge-26.2_1.60.0.jar
[2026, 9, 25, 18, 32, 30] ;;; release; ghosts_and_ghouls-neoforge-26.3_1.60.0.jar
[2026, 9, 25, 18, 32, 30] ;;; release; gothic_horror-fabric-1.21.8_1.60.0.jar
[2026, 9, 25, 18, 32, 30] ;;; release; gothic_horror-fabric-1.21.9_1.60.0.jar
[2026, 9, 25, 18, 32, 30] ;;; release; gothic_horror-fabric-26.1_1.60.0.jar
[2026, 9, 25, 18, 32, 30] ;;; release; gothic_horror-fabric-26.2_1.60.0.jar
[2026, 9, 25, 18, 32, 30] ;;; release; gothic_horror-fabric-26.3_1.60.0.jar
[2026, 9, 25, 18, 32, 30] ;;; release; gothic_horror-forge-1.19.4_1.60.0.jar
[2026, 9, 25, 18, 32, 30] ;;; release; gothic_horror-forge-1.20.1_1.60.0.jar
[2026, 9, 25, 18, 32, 30] ;;; release; gothic_horror-neoforge-1.20.4_1.60.0.jar
[2026, 9, 25, 18, 32, 30] ;;; release; gothic_horror-neoforge-1.20.6_1.60.0.jar
[2026, 9, 25, 18, 32, 30] ;;; release; gothic_horror-neoforge-1.21.1_1.60.0.jar
[2026, 9, 25, 18, 32, 30] ;;; release; gothic_horror-neoforge-1.21.2_1.60.0.jar
[2026, 9, 25, 18, 32, 30] ;;; release; gothic_horror-neoforge-1.21.4_1.60.0.jar
[2026, 9, 25, 18, 32, 30] ;;; release; gothic_horror-neoforge-1.21.5_1.60.0.jar
[2026, 9, 25, 18, 32, 30] ;;; release; gothic_horror-neoforge-1.21.8_1.60.0.jar
[2026, 9, 25, 18, 32, 30] ;;; release; gothic_horror-neoforge-26.1_1.60.0.jar
[2026, 9, 25, 18, 32, 30] ;;; release; gothic_horror-neoforge-26.2_1.60.0.jar
[2026, 9, 25, 18, 32, 30] ;;; release; gothic_horror-neoforge-26.3_1.60.0.jar
[2026, 9, 25, 18, 32, 30] ;;; release; gstools-fabric-1.21.8_1.60.0.jar
[2026, 9, 25, 18, 32, 30] ;;; release; gstools-fabric-1.21.9_1.60.0.jar
[2026, 9, 25, 18, 32, 30] ;;; release; gstools-fabric-26.1_1.60.0.jar
[2026, 9, 25, 18, 32, 30] ;;; release; gstools-fabric-26.2_1.60.0.jar
[2026, 9, 25, 18, 32, 30] ;;; release; gstools-fabric-26.3_1.60.0.jar
[2026, 9, 25, 18, 32, 30] ;;; release; gstools-forge-1.19.4_1.60.0.jar
[2026, 9, 25, 18, 32, 30] ;;; release; gstools-forge-1.20.1_1.60.0.jar
[2026, 9, 25, 18, 32, 30] ;;; release; gstools-neoforge-1.20.4_1.60.0.jar
[2026, 9, 25, 18, 32, 30] ;;; release; gstools-neoforge-1.20.6_1.60.0.jar
[2026, 9, 25, 18, 32, 30] ;;; release; gstools-neoforge-1.21.1_1.60.0.jar
[2026, 9, 25, 18, 32, 30] ;;; release; gstools-neoforge-1.21.2_1.60.0.jar
[2026, 9, 25, 18, 32, 30] ;;; release; gstools-neoforge-1.21.4_1.60.0.jar
[2026, 9, 25, 18, 32, 30] ;;; release; gstools-neoforge-1.21.5_1.60.0.jar
[2026, 9, 25, 18, 32, 30] ;;; release; gstools-neoforge-1.21.8_1.60.0.jar
[2026, 9, 25, 18, 32, 30] ;;; release; gstools-neoforge-26.1_1.60.0.jar
[2026, 9, 25, 18, 32, 30] ;;; release; gstools-neoforge-26.2_1.60.0.jar
[2026, 9, 25, 18, 32, 30] ;;; release; gstools-neoforge-26.3_1.60.0.jar
[2026, 9, 25, 18, 32, 30] ;;; release; life_and_death-fabric-1.21.8_1.60.0.jar
[2026, 9, 25, 18, 32, 30] ;;; release; life_and_death-fabric-1.21.9_1.60.0.jar
[2026, 9, 25, 18, 32, 30] ;;; release; life_and_death-fabric-26.1_1.60.0.jar
[2026, 9, 25, 18, 32, 30] ;;; release; life_and_death-fabric-26.2_1.60.0.jar
[2026, 9, 25, 18, 32, 30] ;;; release; life_and_death-fabric-26.3_1.60.0.jar
[2026, 9, 25, 18, 32, 30] ;;; release; life_and_death-forge-1.19.4_1.60.0.jar
[2026, 9, 25, 18, 32, 30] ;;; release; life_and_death-forge-1.20.1_1.60.0.jar
[2026, 9, 25, 18, 32, 30] ;;; release; life_and_death-neoforge-1.20.4_1.60.0.jar
[2026, 9, 25, 18, 32, 30] ;;; release; life_and_death-neoforge-1.20.6_1.60.0.jar
[2026, 9, 25, 18, 32, 30] ;;; release; life_and_death-neoforge-1.21.1_1.60.0.jar
[2026, 9, 25, 18, 32, 30] ;;; release; life_and_death-neoforge-1.21.2_1.60.0.jar
[2026, 9, 25, 18, 32, 30] ;;; release; life_and_death-neoforge-1.21.4_1.60.0.jar
[2026, 9, 25, 18, 32, 30] ;;; release; life_and_death-neoforge-1.21.5_1.60.0.jar
[2026, 9, 25, 18, 32, 30] ;;; release; life_and_death-neoforge-1.21.8_1.60.0.jar
[2026, 9, 25, 18, 32, 30] ;;; release; life_and_death-neoforge-26.1_1.60.0.jar
[2026, 9, 25, 18, 32, 30] ;;; release; life_and_death-neoforge-26.2_1.60.0.jar
[2026, 9, 25, 18, 32, 30] ;;; release; life_and_death-neoforge-26.3_1.60.0.jar
[2026, 9, 25, 18, 32, 30] ;;; release; undead_expanded-fabric-1.21.8_1.60.0.jar
[2026, 9, 25, 18, 32, 30] ;;; release; undead_expanded-fabric-1.21.9_1.60.0.jar
[2026, 9, 25, 18, 32, 30] ;;; release; undead_expanded-fabric-26.1_1.60.0.jar
[2026, 9, 25, 18, 32, 30] ;;; release; undead_expanded-fabric-26.2_1.60.0.jar
[2026, 9, 25, 18, 32, 30] ;;; release; undead_expanded-fabric-26.3_1.60.0.jar
[2026, 9, 25, 18, 32, 30] ;;; release; undead_expanded-forge-1.19.4_1.60.0.jar
[2026, 9, 25, 18, 32, 30] ;;; release; undead_expanded-forge-1.20.1_1.60.0.jar
[2026, 9, 25, 18, 32, 30] ;;; release; undead_expanded-neoforge-1.20.4_1.60.0.jar
[2026, 9, 25, 18, 32, 30] ;;; release; undead_expanded-neoforge-1.20.6_1.60.0.jar
[2026, 9, 25, 18, 32, 30] ;;; release; undead_expanded-neoforge-1.21.1_1.60.0.jar
[2026, 9, 25, 18, 32, 30] ;;; release; undead_expanded-neoforge-1.21.2_1.60.0.jar
[2026, 9, 25, 18, 32, 30] ;;; release; undead_expanded-neoforge-1.21.4_1.60.0.jar
[2026, 9, 25, 18, 32, 30] ;;; release; undead_expanded-neoforge-1.21.5_1.60.0.jar
[2026, 9, 25, 18, 32, 30] ;;; release; undead_expanded-neoforge-1.21.8_1.60.0.jar
[2026, 9, 25, 18, 32, 30] ;;; release; undead_expanded-neoforge-26.1_1.60.0.jar
[2026, 9, 25, 18, 32, 30] ;;; release; undead_expanded-neoforge-26.2_1.60.0.jar
[2026, 9, 25, 18, 32, 31] ;;; release; undead_expanded-neoforge-26.3_1.60.0.jar
[2026, 9, 25, 18, 32, 31] ;;; release; block_decay-fabric-1.21.10_1.60.0.jar
[2026, 9, 25, 18, 32, 31] ;;; release; block_decay-fabric-1.21.11_1.60.0.jar
[2026, 9, 25, 18, 32, 31] ;;; release; block_decay-fabric-1.21.8_1.60.0.jar
[2026, 9, 25, 18, 32, 31] ;;; release; block_decay-fabric-1.21.9_1.60.0.jar
[2026, 9, 25, 18, 32, 31] ;;; release; block_decay-fabric-26.1_1.60.0.jar
[2026, 9, 25, 18, 32, 31] ;;; release; block_decay-fabric-26.2_1.60.0.jar
[2026, 9, 25, 18, 32, 31] ;;; release; block_decay-fabric-26.3_1.60.0.jar
[2026, 9, 25, 18, 32, 31] ;;; release; block_decay-forge-1.19.4_1.60.0.jar
[2026, 9, 25, 18, 32, 31] ;;; release; block_decay-forge-1.20.1_1.60.0.jar
[2026, 9, 25, 18, 32, 31] ;;; release; block_decay-neoforge-1.20.4_1.60.0.jar
[2026, 9, 25, 18, 32, 31] ;;; release; block_decay-neoforge-1.20.6_1.60.0.jar
[2026, 9, 25, 18, 32, 31] ;;; release; block_decay-neoforge-1.21.10_1.60.0.jar
[2026, 9, 25, 18, 32, 31] ;;; release; block_decay-neoforge-1.21.11_1.60.0.jar
[2026, 9, 25, 18, 32, 31] ;;; release; block_decay-neoforge-1.21.1_1.60.0.jar
[2026, 9, 25, 18, 32, 31] ;;; release; block_decay-neoforge-1.21.2_1.60.0.jar
[2026, 9, 25, 18, 32, 31] ;;; release; block_decay-neoforge-1.21.4_1.60.0.jar
[2026, 9, 25, 18, 32, 31] ;;; release; block_decay-neoforge-1.21.5_1.60.0.jar
[2026, 9, 25, 18, 32, 31] ;;; release; block_decay-neoforge-1.21.8_1.60.0.jar
[2026, 9, 25, 18, 32, 31] ;;; release; block_decay-neoforge-1.21.9_1.60.0.jar
[2026, 9, 25, 18, 32, 31] ;;; release; block_decay-neoforge-1.21_1.60.0.jar
[2026, 9, 25, 18, 32, 31] ;;; release; block_decay-neoforge-26.1_1.60.0.jar
[2026, 9, 25, 18, 32, 31] ;;; release; block_decay-neoforge-26.2_1.60.0.jar
[2026, 9, 25, 18, 32, 31] ;;; release; block_decay-neoforge-26.3_1.60.0.jar
[2026, 9, 25, 18, 32, 31] ;;; release; desire_paths-fabric-1.21.8_1.60.0.jar
[2026, 9, 25, 18, 32, 31] ;;; release; desire_paths-fabric-1.21.9_1.60.0.jar
[2026, 9, 25, 18, 32, 31] ;;; release; desire_paths-fabric-26.1_1.60.0.jar
[2026, 9, 25, 18, 32, 31] ;;; release; desire_paths-fabric-26.2_1.60.0.jar
[2026, 9, 25, 18, 32, 31] ;;; release; desire_paths-fabric-26.3_1.60.0.jar
[2026, 9, 25, 18, 32, 31] ;;; release; desire_paths-forge-1.19.4_1.60.0.jar
[2026, 9, 25, 18, 32, 31] ;;; release; desire_paths-forge-1.20.1_1.60.0.jar
[2026, 9, 25, 18, 32, 31] ;;; release; desire_paths-neoforge-1.20.4_1.60.0.jar
[2026, 9, 25, 18, 32, 31] ;;; release; desire_paths-neoforge-1.20.6_1.60.0.jar
[2026, 9, 25, 18, 32, 31] ;;; release; desire_paths-neoforge-1.21.1_1.60.0.jar
[2026, 9, 25, 18, 32, 31] ;;; release; desire_paths-neoforge-1.21.2_1.60.0.jar
[2026, 9, 25, 18, 32, 31] ;;; release; desire_paths-neoforge-1.21.4_1.60.0.jar
[2026, 9, 25, 18, 32, 31] ;;; release; desire_paths-neoforge-1.21.5_1.60.0.jar
[2026, 9, 25, 18, 32, 31] ;;; release; desire_paths-neoforge-1.21.8_1.60.0.jar
[2026, 9, 25, 18, 32, 31] ;;; release; desire_paths-neoforge-26.1_1.60.0.jar
[2026, 9, 25, 18, 32, 31] ;;; release; desire_paths-neoforge-26.2_1.60.0.jar
[2026, 9, 25, 18, 32, 31] ;;; release; desire_paths-neoforge-26.3_1.60.0.jar
[2026, 9, 25, 18, 32, 31] ;;; release; dynamic_dirt-fabric-1.21.8_1.60.0.jar
[2026, 9, 25, 18, 32, 31] ;;; release; dynamic_dirt-fabric-1.21.9_1.60.0.jar
[2026, 9, 25, 18, 32, 31] ;;; release; dynamic_dirt-fabric-26.1_1.60.0.jar
[2026, 9, 25, 18, 32, 31] ;;; release; dynamic_dirt-fabric-26.2_1.60.0.jar
[2026, 9, 25, 18, 32, 31] ;;; release; dynamic_dirt-fabric-26.3_1.60.0.jar
[2026, 9, 25, 18, 32, 31] ;;; release; dynamic_dirt-forge-1.19.4_1.60.0.jar
[2026, 9, 25, 18, 32, 31] ;;; release; dynamic_dirt-forge-1.20.1_1.60.0.jar
[2026, 9, 25, 18, 32, 31] ;;; release; dynamic_dirt-neoforge-1.20.4_1.60.0.jar
[2026, 9, 25, 18, 32, 31] ;;; release; dynamic_dirt-neoforge-1.20.6_1.60.0.jar
[2026, 9, 25, 18, 32, 31] ;;; release; dynamic_dirt-neoforge-1.21.1_1.60.0.jar
[2026, 9, 25, 18, 32, 31] ;;; release; dynamic_dirt-neoforge-1.21.2_1.60.0.jar
[2026, 9, 25, 18, 32, 31] ;;; release; dynamic_dirt-neoforge-1.21.4_1.60.0.jar
[2026, 9, 25, 18, 32, 31] ;;; release; dynamic_dirt-neoforge-1.21.5_1.60.0.jar
[2026, 9, 25, 18, 32, 31] ;;; release; dynamic_dirt-neoforge-1.21.8_1.60.0.jar
[2026, 9, 25, 18, 32, 31] ;;; release; dynamic_dirt-neoforge-26.1_1.60.0.jar
[2026, 9, 25, 18, 32, 31] ;;; release; dynamic_dirt-neoforge-26.2_1.60.0.jar
[2026, 9, 25, 18, 32, 31] ;;; release; dynamic_dirt-neoforge-26.3_1.60.0.jar
[2026, 9, 25, 18, 32, 31] ;;; release; dynamic_ecosystems-fabric-1.21.8_1.60.0.jar
[2026, 9, 25, 18, 32, 31] ;;; release; dynamic_ecosystems-fabric-1.21.9_1.60.0.jar
[2026, 9, 25, 18, 32, 31] ;;; release; .\releases\1.60.0\dynamic_ecosystems-fabric-1.21.9_1.60.0.jardynamic_ecosystemsfabric1.21.9dynamic_ecosystems fabric 1.21.9 1.60.0
[2026, 9, 25, 18, 32, 40] ;;; release; dynamic_ecosystems-fabric-26.1_1.60.0.jar
[2026, 9, 25, 18, 32, 40] ;;; release; .\releases\1.60.0\dynamic_ecosystems-fabric-26.1_1.60.0.jardynamic_ecosystemsfabric26.1dynamic_ecosystems fabric 26.1 1.60.0
[2026, 9, 25, 18, 32, 52] ;;; release; dynamic_ecosystems-fabric-26.2_1.60.0.jar
[2026, 9, 25, 18, 32, 52] ;;; release; .\releases\1.60.0\dynamic_ecosystems-fabric-26.2_1.60.0.jardynamic_ecosystemsfabric26.2dynamic_ecosystems fabric 26.2 1.60.0
[2026, 9, 25, 18, 32, 59] ;;; release; dynamic_ecosystems-fabric-26.3_1.60.0.jar
[2026, 9, 25, 18, 32, 59] ;;; release; dynamic_ecosystems-forge-1.19.4_1.60.0.jar
[2026, 9, 25, 18, 32, 59] ;;; release; .\releases\1.60.0\dynamic_ecosystems-forge-1.19.4_1.60.0.jardynamic_ecosystemsforge1.19.4dynamic_ecosystems forge 1.19.4 1.60.0
[2026, 9, 25, 18, 33, 10] ;;; release; dynamic_ecosystems-forge-1.20.1_1.60.0.jar
[2026, 9, 25, 18, 33, 10] ;;; release; .\releases\1.60.0\dynamic_ecosystems-forge-1.20.1_1.60.0.jardynamic_ecosystemsforge1.20.1dynamic_ecosystems forge 1.20.1 1.60.0
[2026, 9, 25, 18, 33, 17] ;;; release; dynamic_ecosystems-neoforge-1.20.4_1.60.0.jar
[2026, 9, 25, 18, 33, 17] ;;; release; .\releases\1.60.0\dynamic_ecosystems-neoforge-1.20.4_1.60.0.jardynamic_ecosystemsneoforge1.20.4dynamic_ecosystems neoforge 1.20.4 1.60.0
[2026, 9, 25, 18, 33, 29] ;;; release; dynamic_ecosystems-neoforge-1.20.6_1.60.0.jar
[2026, 9, 25, 18, 33, 29] ;;; release; dynamic_ecosystems-neoforge-1.21.1_1.60.0.jar
[2026, 9, 25, 18, 33, 29] ;;; release; .\releases\1.60.0\dynamic_ecosystems-neoforge-1.21.1_1.60.0.jardynamic_ecosystemsneoforge1.21.1dynamic_ecosystems neoforge 1.21.1 1.60.0
[2026, 9, 25, 18, 33, 41] ;;; release; dynamic_ecosystems-neoforge-1.21.2_1.60.0.jar
[2026, 9, 25, 18, 33, 41] ;;; release; .\releases\1.60.0\dynamic_ecosystems-neoforge-1.21.2_1.60.0.jardynamic_ecosystemsneoforge1.21.2dynamic_ecosystems neoforge 1.21.2 1.60.0
[2026, 9, 25, 18, 33, 52] ;;; release; dynamic_ecosystems-neoforge-1.21.4_1.60.0.jar
[2026, 9, 25, 18, 33, 52] ;;; release; .\releases\1.60.0\dynamic_ecosystems-neoforge-1.21.4_1.60.0.jardynamic_ecosystemsneoforge1.21.4dynamic_ecosystems neoforge 1.21.4 1.60.0
[2026, 9, 25, 18, 34, 2] ;;; release; dynamic_ecosystems-neoforge-1.21.5_1.60.0.jar
[2026, 9, 25, 18, 34, 2] ;;; release; .\releases\1.60.0\dynamic_ecosystems-neoforge-1.21.5_1.60.0.jardynamic_ecosystemsneoforge1.21.5dynamic_ecosystems neoforge 1.21.5 1.60.0
[2026, 9, 25, 18, 34, 11] ;;; release; dynamic_ecosystems-neoforge-1.21.8_1.60.0.jar
[2026, 9, 25, 18, 34, 11] ;;; release; .\releases\1.60.0\dynamic_ecosystems-neoforge-1.21.8_1.60.0.jardynamic_ecosystemsneoforge1.21.8dynamic_ecosystems neoforge 1.21.8 1.60.0
[2026, 9, 25, 18, 34, 18] ;;; release; dynamic_ecosystems-neoforge-26.1_1.60.0.jar
[2026, 9, 25, 18, 34, 18] ;;; release; .\releases\1.60.0\dynamic_ecosystems-neoforge-26.1_1.60.0.jardynamic_ecosystemsneoforge26.1dynamic_ecosystems neoforge 26.1 1.60.0
[2026, 9, 25, 18, 34, 25] ;;; release; dynamic_ecosystems-neoforge-26.2_1.60.0.jar
[2026, 9, 25, 18, 34, 25] ;;; release; .\releases\1.60.0\dynamic_ecosystems-neoforge-26.2_1.60.0.jardynamic_ecosystemsneoforge26.2dynamic_ecosystems neoforge 26.2 1.60.0
[2026, 9, 25, 18, 34, 30] ;;; release; dynamic_ecosystems-neoforge-26.3_1.60.0.jar
[2026, 9, 25, 18, 34, 30] ;;; release; dynamic_monsters-fabric-1.21.8_1.60.0.jar
[2026, 9, 25, 18, 34, 30] ;;; release; dynamic_monsters-fabric-1.21.9_1.60.0.jar
[2026, 9, 25, 18, 34, 30] ;;; release; dynamic_monsters-fabric-26.1_1.60.0.jar
[2026, 9, 25, 18, 34, 30] ;;; release; dynamic_monsters-fabric-26.2_1.60.0.jar
[2026, 9, 25, 18, 34, 30] ;;; release; dynamic_monsters-fabric-26.3_1.60.0.jar
[2026, 9, 25, 18, 34, 30] ;;; release; dynamic_monsters-forge-1.19.4_1.60.0.jar
[2026, 9, 25, 18, 34, 30] ;;; release; dynamic_monsters-forge-1.20.1_1.60.0.jar
[2026, 9, 25, 18, 34, 30] ;;; release; dynamic_monsters-neoforge-1.20.4_1.60.0.jar
[2026, 9, 25, 18, 34, 30] ;;; release; dynamic_monsters-neoforge-1.20.6_1.60.0.jar
[2026, 9, 25, 18, 34, 30] ;;; release; dynamic_monsters-neoforge-1.21.1_1.60.0.jar
[2026, 9, 25, 18, 34, 30] ;;; release; dynamic_monsters-neoforge-1.21.2_1.60.0.jar
[2026, 9, 25, 18, 34, 30] ;;; release; dynamic_monsters-neoforge-1.21.4_1.60.0.jar
[2026, 9, 25, 18, 34, 30] ;;; release; dynamic_monsters-neoforge-1.21.5_1.60.0.jar
[2026, 9, 25, 18, 34, 30] ;;; release; dynamic_monsters-neoforge-1.21.8_1.60.0.jar
[2026, 9, 25, 18, 34, 30] ;;; release; dynamic_monsters-neoforge-26.1_1.60.0.jar
[2026, 9, 25, 18, 34, 30] ;;; release; dynamic_monsters-neoforge-26.2_1.60.0.jar
[2026, 9, 25, 18, 34, 30] ;;; release; dynamic_monsters-neoforge-26.3_1.60.0.jar
[2026, 9, 25, 18, 34, 30] ;;; release; enhanced_survival-fabric-1.21.8_1.60.0.jar
[2026, 9, 25, 18, 34, 30] ;;; release; enhanced_survival-fabric-1.21.9_1.60.0.jar
[2026, 9, 25, 18, 34, 30] ;;; release; enhanced_survival-fabric-26.1_1.60.0.jar
[2026, 9, 25, 18, 34, 30] ;;; release; enhanced_survival-fabric-26.2_1.60.0.jar
[2026, 9, 25, 18, 34, 30] ;;; release; enhanced_survival-fabric-26.3_1.60.0.jar
[2026, 9, 25, 18, 34, 30] ;;; release; enhanced_survival-forge-1.19.4_1.60.0.jar
[2026, 9, 25, 18, 34, 30] ;;; release; enhanced_survival-forge-1.20.1_1.60.0.jar
[2026, 9, 25, 18, 34, 30] ;;; release; enhanced_survival-neoforge-1.20.4_1.60.0.jar
[2026, 9, 25, 18, 34, 30] ;;; release; enhanced_survival-neoforge-1.20.6_1.60.0.jar
[2026, 9, 25, 18, 34, 30] ;;; release; enhanced_survival-neoforge-1.21.1_1.60.0.jar
[2026, 9, 25, 18, 34, 30] ;;; release; enhanced_survival-neoforge-1.21.2_1.60.0.jar
[2026, 9, 25, 18, 34, 30] ;;; release; enhanced_survival-neoforge-1.21.4_1.60.0.jar
[2026, 9, 25, 18, 34, 30] ;;; release; enhanced_survival-neoforge-1.21.5_1.60.0.jar
[2026, 9, 25, 18, 34, 30] ;;; release; enhanced_survival-neoforge-1.21.8_1.60.0.jar
[2026, 9, 25, 18, 34, 30] ;;; release; enhanced_survival-neoforge-26.1_1.60.0.jar
[2026, 9, 25, 18, 34, 30] ;;; release; enhanced_survival-neoforge-26.2_1.60.0.jar
[2026, 9, 25, 18, 34, 30] ;;; release; enhanced_survival-neoforge-26.3_1.60.0.jar
[2026, 9, 25, 18, 34, 30] ;;; release; ghosts_and_ghouls-fabric-1.21.8_1.60.0.jar
[2026, 9, 25, 18, 34, 30] ;;; release; ghosts_and_ghouls-fabric-1.21.9_1.60.0.jar
[2026, 9, 25, 18, 34, 30] ;;; release; ghosts_and_ghouls-fabric-26.1_1.60.0.jar
[2026, 9, 25, 18, 34, 30] ;;; release; ghosts_and_ghouls-fabric-26.2_1.60.0.jar
[2026, 9, 25, 18, 34, 30] ;;; release; ghosts_and_ghouls-fabric-26.3_1.60.0.jar
[2026, 9, 25, 18, 34, 30] ;;; release; ghosts_and_ghouls-forge-1.19.4_1.60.0.jar
[2026, 9, 25, 18, 34, 30] ;;; release; ghosts_and_ghouls-forge-1.20.1_1.60.0.jar
[2026, 9, 25, 18, 34, 30] ;;; release; ghosts_and_ghouls-neoforge-1.20.4_1.60.0.jar
[2026, 9, 25, 18, 34, 30] ;;; release; ghosts_and_ghouls-neoforge-1.20.6_1.60.0.jar
[2026, 9, 25, 18, 34, 30] ;;; release; ghosts_and_ghouls-neoforge-1.21.1_1.60.0.jar
[2026, 9, 25, 18, 34, 30] ;;; release; ghosts_and_ghouls-neoforge-1.21.2_1.60.0.jar
[2026, 9, 25, 18, 34, 30] ;;; release; ghosts_and_ghouls-neoforge-1.21.4_1.60.0.jar
[2026, 9, 25, 18, 34, 30] ;;; release; ghosts_and_ghouls-neoforge-1.21.5_1.60.0.jar
[2026, 9, 25, 18, 34, 30] ;;; release; ghosts_and_ghouls-neoforge-1.21.8_1.60.0.jar
[2026, 9, 25, 18, 34, 30] ;;; release; ghosts_and_ghouls-neoforge-26.1_1.60.0.jar
[2026, 9, 25, 18, 34, 30] ;;; release; ghosts_and_ghouls-neoforge-26.2_1.60.0.jar
[2026, 9, 25, 18, 34, 30] ;;; release; ghosts_and_ghouls-neoforge-26.3_1.60.0.jar
[2026, 9, 25, 18, 34, 30] ;;; release; gothic_horror-fabric-1.21.8_1.60.0.jar
[2026, 9, 25, 18, 34, 30] ;;; release; gothic_horror-fabric-1.21.9_1.60.0.jar
[2026, 9, 25, 18, 34, 30] ;;; release; gothic_horror-fabric-26.1_1.60.0.jar
[2026, 9, 25, 18, 34, 30] ;;; release; gothic_horror-fabric-26.2_1.60.0.jar
[2026, 9, 25, 18, 34, 30] ;;; release; gothic_horror-fabric-26.3_1.60.0.jar
[2026, 9, 25, 18, 34, 30] ;;; release; gothic_horror-forge-1.19.4_1.60.0.jar
[2026, 9, 25, 18, 34, 30] ;;; release; gothic_horror-forge-1.20.1_1.60.0.jar
[2026, 9, 25, 18, 34, 30] ;;; release; gothic_horror-neoforge-1.20.4_1.60.0.jar
[2026, 9, 25, 18, 34, 30] ;;; release; gothic_horror-neoforge-1.20.6_1.60.0.jar
[2026, 9, 25, 18, 34, 30] ;;; release; gothic_horror-neoforge-1.21.1_1.60.0.jar
[2026, 9, 25, 18, 34, 30] ;;; release; gothic_horror-neoforge-1.21.2_1.60.0.jar
[2026, 9, 25, 18, 34, 30] ;;; release; gothic_horror-neoforge-1.21.4_1.60.0.jar
[2026, 9, 25, 18, 34, 30] ;;; release; gothic_horror-neoforge-1.21.5_1.60.0.jar
[2026, 9, 25, 18, 34, 30] ;;; release; gothic_horror-neoforge-1.21.8_1.60.0.jar
[2026, 9, 25, 18, 34, 30] ;;; release; gothic_horror-neoforge-26.1_1.60.0.jar
[2026, 9, 25, 18, 34, 30] ;;; release; gothic_horror-neoforge-26.2_1.60.0.jar
[2026, 9, 25, 18, 34, 30] ;;; release; gothic_horror-neoforge-26.3_1.60.0.jar
[2026, 9, 25, 18, 34, 30] ;;; release; gstools-fabric-1.21.8_1.60.0.jar
[2026, 9, 25, 18, 34, 30] ;;; release; gstools-fabric-1.21.9_1.60.0.jar
[2026, 9, 25, 18, 34, 30] ;;; release; gstools-fabric-26.1_1.60.0.jar
[2026, 9, 25, 18, 34, 30] ;;; release; gstools-fabric-26.2_1.60.0.jar
[2026, 9, 25, 18, 34, 30] ;;; release; gstools-fabric-26.3_1.60.0.jar
[2026, 9, 25, 18, 34, 30] ;;; release; gstools-forge-1.19.4_1.60.0.jar
[2026, 9, 25, 18, 34, 30] ;;; release; gstools-forge-1.20.1_1.60.0.jar
[2026, 9, 25, 18, 34, 30] ;;; release; gstools-neoforge-1.20.4_1.60.0.jar
[2026, 9, 25, 18, 34, 30] ;;; release; gstools-neoforge-1.20.6_1.60.0.jar
[2026, 9, 25, 18, 34, 30] ;;; release; gstools-neoforge-1.21.1_1.60.0.jar
[2026, 9, 25, 18, 34, 30] ;;; release; gstools-neoforge-1.21.2_1.60.0.jar
[2026, 9, 25, 18, 34, 30] ;;; release; gstools-neoforge-1.21.4_1.60.0.jar
[2026, 9, 25, 18, 34, 30] ;;; release; gstools-neoforge-1.21.5_1.60.0.jar
[2026, 9, 25, 18, 34, 30] ;;; release; gstools-neoforge-1.21.8_1.60.0.jar
[2026, 9, 25, 18, 34, 30] ;;; release; gstools-neoforge-26.1_1.60.0.jar
[2026, 9, 25, 18, 34, 30] ;;; release; gstools-neoforge-26.2_1.60.0.jar
[2026, 9, 25, 18, 34, 30] ;;; release; gstools-neoforge-26.3_1.60.0.jar
[2026, 9, 25, 18, 34, 30] ;;; release; life_and_death-fabric-1.21.8_1.60.0.jar
[2026, 9, 25, 18, 34, 30] ;;; release; life_and_death-fabric-1.21.9_1.60.0.jar
[2026, 9, 25, 18, 34, 30] ;;; release; life_and_death-fabric-26.1_1.60.0.jar
[2026, 9, 25, 18, 34, 30] ;;; release; life_and_death-fabric-26.2_1.60.0.jar
[2026, 9, 25, 18, 34, 30] ;;; release; life_and_death-fabric-26.3_1.60.0.jar
[2026, 9, 25, 18, 34, 30] ;;; release; life_and_death-forge-1.19.4_1.60.0.jar
[2026, 9, 25, 18, 34, 30] ;;; release; life_and_death-forge-1.20.1_1.60.0.jar
[2026, 9, 25, 18, 34, 30] ;;; release; life_and_death-neoforge-1.20.4_1.60.0.jar
[2026, 9, 25, 18, 34, 30] ;;; release; life_and_death-neoforge-1.20.6_1.60.0.jar
[2026, 9, 25, 18, 34, 30] ;;; release; life_and_death-neoforge-1.21.1_1.60.0.jar
[2026, 9, 25, 18, 34, 30] ;;; release; life_and_death-neoforge-1.21.2_1.60.0.jar
[2026, 9, 25, 18, 34, 30] ;;; release; life_and_death-neoforge-1.21.4_1.60.0.jar
[2026, 9, 25, 18, 34, 30] ;;; release; life_and_death-neoforge-1.21.5_1.60.0.jar
[2026, 9, 25, 18, 34, 30] ;;; release; life_and_death-neoforge-1.21.8_1.60.0.jar
[2026, 9, 25, 18, 34, 30] ;;; release; life_and_death-neoforge-26.1_1.60.0.jar
[2026, 9, 25, 18, 34, 30] ;;; release; life_and_death-neoforge-26.2_1.60.0.jar
[2026, 9, 25, 18, 34, 30] ;;; release; life_and_death-neoforge-26.3_1.60.0.jar
[2026, 9, 25, 18, 34, 30] ;;; release; undead_expanded-fabric-1.21.8_1.60.0.jar
[2026, 9, 25, 18, 34, 30] ;;; release; undead_expanded-fabric-1.21.9_1.60.0.jar
[2026, 9, 25, 18, 34, 30] ;;; release; undead_expanded-fabric-26.1_1.60.0.jar
[2026, 9, 25, 18, 34, 30] ;;; release; undead_expanded-fabric-26.2_1.60.0.jar
[2026, 9, 25, 18, 34, 30] ;;; release; undead_expanded-fabric-26.3_1.60.0.jar
[2026, 9, 25, 18, 34, 30] ;;; release; undead_expanded-forge-1.19.4_1.60.0.jar
[2026, 9, 25, 18, 34, 30] ;;; release; undead_expanded-forge-1.20.1_1.60.0.jar
[2026, 9, 25, 18, 34, 30] ;;; release; undead_expanded-neoforge-1.20.4_1.60.0.jar
[2026, 9, 25, 18, 34, 30] ;;; release; undead_expanded-neoforge-1.20.6_1.60.0.jar
[2026, 9, 25, 18, 34, 30] ;;; release; undead_expanded-neoforge-1.21.1_1.60.0.jar
[2026, 9, 25, 18, 34, 30] ;;; release; undead_expanded-neoforge-1.21.2_1.60.0.jar
[2026, 9, 25, 18, 34, 30] ;;; release; undead_expanded-neoforge-1.21.4_1.60.0.jar
[2026, 9, 25, 18, 34, 30] ;;; release; undead_expanded-neoforge-1.21.5_1.60.0.jar
[2026, 9, 25, 18, 34, 30] ;;; release; undead_expanded-neoforge-1.21.8_1.60.0.jar
[2026, 9, 25, 18, 34, 30] ;;; release; undead_expanded-neoforge-26.1_1.60.0.jar
[2026, 9, 25, 18, 34, 30] ;;; release; undead_expanded-neoforge-26.2_1.60.0.jar
[2026, 9, 25, 18, 34, 30] ;;; release; undead_expanded-neoforge-26.3_1.60.0.jar
[2026, 9, 25, 18, 34, 30] ;;; release; block_decay-fabric-1.21.10_1.60.0.jar
[2026, 9, 25, 18, 34, 30] ;;; release; block_decay-fabric-1.21.11_1.60.0.jar
[2026, 9, 25, 18, 34, 30] ;;; release; block_decay-fabric-1.21.8_1.60.0.jar
[2026, 9, 25, 18, 34, 30] ;;; release; block_decay-fabric-1.21.9_1.60.0.jar
[2026, 9, 25, 18, 34, 30] ;;; release; block_decay-fabric-26.1_1.60.0.jar
[2026, 9, 25, 18, 34, 30] ;;; release; block_decay-fabric-26.2_1.60.0.jar
[2026, 9, 25, 18, 34, 30] ;;; release; block_decay-fabric-26.3_1.60.0.jar
[2026, 9, 25, 18, 34, 30] ;;; release; block_decay-forge-1.19.4_1.60.0.jar
[2026, 9, 25, 18, 34, 30] ;;; release; block_decay-forge-1.20.1_1.60.0.jar
[2026, 9, 25, 18, 34, 30] ;;; release; block_decay-neoforge-1.20.4_1.60.0.jar
[2026, 9, 25, 18, 34, 30] ;;; release; block_decay-neoforge-1.20.6_1.60.0.jar
[2026, 9, 25, 18, 34, 30] ;;; release; block_decay-neoforge-1.21.10_1.60.0.jar
[2026, 9, 25, 18, 34, 30] ;;; release; block_decay-neoforge-1.21.11_1.60.0.jar
[2026, 9, 25, 18, 34, 30] ;;; release; block_decay-neoforge-1.21.1_1.60.0.jar
[2026, 9, 25, 18, 34, 30] ;;; release; block_decay-neoforge-1.21.2_1.60.0.jar
[2026, 9, 25, 18, 34, 30] ;;; release; block_decay-neoforge-1.21.4_1.60.0.jar
[2026, 9, 25, 18, 34, 30] ;;; release; block_decay-neoforge-1.21.5_1.60.0.jar
[2026, 9, 25, 18, 34, 30] ;;; release; block_decay-neoforge-1.21.8_1.60.0.jar
[2026, 9, 25, 18, 34, 30] ;;; release; block_decay-neoforge-1.21.9_1.60.0.jar
[2026, 9, 25, 18, 34, 30] ;;; release; block_decay-neoforge-1.21_1.60.0.jar
[2026, 9, 25, 18, 34, 30] ;;; release; block_decay-neoforge-26.1_1.60.0.jar
[2026, 9, 25, 18, 34, 30] ;;; release; block_decay-neoforge-26.2_1.60.0.jar
[2026, 9, 25, 18, 34, 30] ;;; release; block_decay-neoforge-26.3_1.60.0.jar
[2026, 9, 25, 18, 34, 30] ;;; release; desire_paths-fabric-1.21.8_1.60.0.jar
[2026, 9, 25, 18, 34, 30] ;;; release; desire_paths-fabric-1.21.9_1.60.0.jar
[2026, 9, 25, 18, 34, 30] ;;; release; desire_paths-fabric-26.1_1.60.0.jar
[2026, 9, 25, 18, 34, 30] ;;; release; desire_paths-fabric-26.2_1.60.0.jar
[2026, 9, 25, 18, 34, 30] ;;; release; desire_paths-fabric-26.3_1.60.0.jar
[2026, 9, 25, 18, 34, 30] ;;; release; desire_paths-forge-1.19.4_1.60.0.jar
[2026, 9, 25, 18, 34, 30] ;;; release; desire_paths-forge-1.20.1_1.60.0.jar
[2026, 9, 25, 18, 34, 30] ;;; release; desire_paths-neoforge-1.20.4_1.60.0.jar
[2026, 9, 25, 18, 34, 30] ;;; release; desire_paths-neoforge-1.20.6_1.60.0.jar
[2026, 9, 25, 18, 34, 30] ;;; release; desire_paths-neoforge-1.21.1_1.60.0.jar
[2026, 9, 25, 18, 34, 30] ;;; release; desire_paths-neoforge-1.21.2_1.60.0.jar
[2026, 9, 25, 18, 34, 30] ;;; release; desire_paths-neoforge-1.21.4_1.60.0.jar
[2026, 9, 25, 18, 34, 30] ;;; release; desire_paths-neoforge-1.21.5_1.60.0.jar
[2026, 9, 25, 18, 34, 30] ;;; release; desire_paths-neoforge-1.21.8_1.60.0.jar
[2026, 9, 25, 18, 34, 30] ;;; release; desire_paths-neoforge-26.1_1.60.0.jar
[2026, 9, 25, 18, 34, 30] ;;; release; desire_paths-neoforge-26.2_1.60.0.jar
[2026, 9, 25, 18, 34, 30] ;;; release; desire_paths-neoforge-26.3_1.60.0.jar
[2026, 9, 25, 18, 34, 30] ;;; release; dynamic_dirt-fabric-1.21.8_1.60.0.jar
[2026, 9, 25, 18, 34, 30] ;;; release; dynamic_dirt-fabric-1.21.9_1.60.0.jar
[2026, 9, 25, 18, 34, 30] ;;; release; dynamic_dirt-fabric-26.1_1.60.0.jar
[2026, 9, 25, 18, 34, 30] ;;; release; dynamic_dirt-fabric-26.2_1.60.0.jar
[2026, 9, 25, 18, 34, 30] ;;; release; dynamic_dirt-fabric-26.3_1.60.0.jar
[2026, 9, 25, 18, 34, 30] ;;; release; dynamic_dirt-forge-1.19.4_1.60.0.jar
[2026, 9, 25, 18, 34, 30] ;;; release; dynamic_dirt-forge-1.20.1_1.60.0.jar
[2026, 9, 25, 18, 34, 30] ;;; release; dynamic_dirt-neoforge-1.20.4_1.60.0.jar
[2026, 9, 25, 18, 34, 30] ;;; release; dynamic_dirt-neoforge-1.20.6_1.60.0.jar
[2026, 9, 25, 18, 34, 30] ;;; release; dynamic_dirt-neoforge-1.21.1_1.60.0.jar
[2026, 9, 25, 18, 34, 30] ;;; release; dynamic_dirt-neoforge-1.21.2_1.60.0.jar
[2026, 9, 25, 18, 34, 30] ;;; release; dynamic_dirt-neoforge-1.21.4_1.60.0.jar
[2026, 9, 25, 18, 34, 30] ;;; release; dynamic_dirt-neoforge-1.21.5_1.60.0.jar
[2026, 9, 25, 18, 34, 30] ;;; release; dynamic_dirt-neoforge-1.21.8_1.60.0.jar
[2026, 9, 25, 18, 34, 30] ;;; release; dynamic_dirt-neoforge-26.1_1.60.0.jar
[2026, 9, 25, 18, 34, 30] ;;; release; dynamic_dirt-neoforge-26.2_1.60.0.jar
[2026, 9, 25, 18, 34, 30] ;;; release; dynamic_dirt-neoforge-26.3_1.60.0.jar
[2026, 9, 25, 18, 34, 30] ;;; release; dynamic_ecosystems-fabric-1.21.8_1.60.0.jar
[2026, 9, 25, 18, 34, 30] ;;; release; dynamic_ecosystems-fabric-1.21.9_1.60.0.jar
[2026, 9, 25, 18, 34, 30] ;;; release; dynamic_ecosystems-fabric-26.1_1.60.0.jar
[2026, 9, 25, 18, 34, 30] ;;; release; dynamic_ecosystems-fabric-26.2_1.60.0.jar
[2026, 9, 25, 18, 34, 30] ;;; release; dynamic_ecosystems-fabric-26.3_1.60.0.jar
[2026, 9, 25, 18, 34, 30] ;;; release; dynamic_ecosystems-forge-1.19.4_1.60.0.jar
[2026, 9, 25, 18, 34, 30] ;;; release; dynamic_ecosystems-forge-1.20.1_1.60.0.jar
[2026, 9, 25, 18, 34, 30] ;;; release; dynamic_ecosystems-neoforge-1.20.4_1.60.0.jar
[2026, 9, 25, 18, 34, 30] ;;; release; dynamic_ecosystems-neoforge-1.20.6_1.60.0.jar
[2026, 9, 25, 18, 34, 30] ;;; release; dynamic_ecosystems-neoforge-1.21.1_1.60.0.jar
[2026, 9, 25, 18, 34, 30] ;;; release; dynamic_ecosystems-neoforge-1.21.2_1.60.0.jar
[2026, 9, 25, 18, 34, 30] ;;; release; dynamic_ecosystems-neoforge-1.21.4_1.60.0.jar
[2026, 9, 25, 18, 34, 30] ;;; release; dynamic_ecosystems-neoforge-1.21.5_1.60.0.jar
[2026, 9, 25, 18, 34, 30] ;;; release; dynamic_ecosystems-neoforge-1.21.8_1.60.0.jar
[2026, 9, 25, 18, 34, 30] ;;; release; dynamic_ecosystems-neoforge-26.1_1.60.0.jar
[2026, 9, 25, 18, 34, 30] ;;; release; dynamic_ecosystems-neoforge-26.2_1.60.0.jar
[2026, 9, 25, 18, 34, 30] ;;; release; dynamic_ecosystems-neoforge-26.3_1.60.0.jar
[2026, 9, 25, 18, 34, 30] ;;; release; dynamic_monsters-fabric-1.21.8_1.60.0.jar
[2026, 9, 25, 18, 34, 30] ;;; release; dynamic_monsters-fabric-1.21.9_1.60.0.jar
[2026, 9, 25, 18, 34, 30] ;;; release; dynamic_monsters-fabric-26.1_1.60.0.jar
[2026, 9, 25, 18, 34, 30] ;;; release; dynamic_monsters-fabric-26.2_1.60.0.jar
[2026, 9, 25, 18, 34, 30] ;;; release; dynamic_monsters-fabric-26.3_1.60.0.jar
[2026, 9, 25, 18, 34, 30] ;;; release; dynamic_monsters-forge-1.19.4_1.60.0.jar
[2026, 9, 25, 18, 34, 30] ;;; release; dynamic_monsters-forge-1.20.1_1.60.0.jar
[2026, 9, 25, 18, 34, 30] ;;; release; dynamic_monsters-neoforge-1.20.4_1.60.0.jar
[2026, 9, 25, 18, 34, 30] ;;; release; dynamic_monsters-neoforge-1.20.6_1.60.0.jar
[2026, 9, 25, 18, 34, 30] ;;; release; dynamic_monsters-neoforge-1.21.1_1.60.0.jar
[2026, 9, 25, 18, 34, 30] ;;; release; dynamic_monsters-neoforge-1.21.2_1.60.0.jar
[2026, 9, 25, 18, 34, 30] ;;; release; dynamic_monsters-neoforge-1.21.4_1.60.0.jar
[2026, 9, 25, 18, 34, 30] ;;; release; dynamic_monsters-neoforge-1.21.5_1.60.0.jar
[2026, 9, 25, 18, 34, 30] ;;; release; dynamic_monsters-neoforge-1.21.8_1.60.0.jar
[2026, 9, 25, 18, 34, 30] ;;; release; dynamic_monsters-neoforge-26.1_1.60.0.jar
[2026, 9, 25, 18, 34, 30] ;;; release; dynamic_monsters-neoforge-26.2_1.60.0.jar
[2026, 9, 25, 18, 34, 30] ;;; release; dynamic_monsters-neoforge-26.3_1.60.0.jar
[2026, 9, 25, 18, 34, 30] ;;; release; enhanced_survival-fabric-1.21.8_1.60.0.jar
[2026, 9, 25, 18, 34, 30] ;;; release; enhanced_survival-fabric-1.21.9_1.60.0.jar
[2026, 9, 25, 18, 34, 30] ;;; release; enhanced_survival-fabric-26.1_1.60.0.jar
[2026, 9, 25, 18, 34, 30] ;;; release; enhanced_survival-fabric-26.2_1.60.0.jar
[2026, 9, 25, 18, 34, 30] ;;; release; enhanced_survival-fabric-26.3_1.60.0.jar
[2026, 9, 25, 18, 34, 30] ;;; release; enhanced_survival-forge-1.19.4_1.60.0.jar
[2026, 9, 25, 18, 34, 30] ;;; release; enhanced_survival-forge-1.20.1_1.60.0.jar
[2026, 9, 25, 18, 34, 30] ;;; release; enhanced_survival-neoforge-1.20.4_1.60.0.jar
[2026, 9, 25, 18, 34, 30] ;;; release; enhanced_survival-neoforge-1.20.6_1.60.0.jar
[2026, 9, 25, 18, 34, 30] ;;; release; enhanced_survival-neoforge-1.21.1_1.60.0.jar
[2026, 9, 25, 18, 34, 30] ;;; release; enhanced_survival-neoforge-1.21.2_1.60.0.jar
[2026, 9, 25, 18, 34, 30] ;;; release; enhanced_survival-neoforge-1.21.4_1.60.0.jar
[2026, 9, 25, 18, 34, 30] ;;; release; enhanced_survival-neoforge-1.21.5_1.60.0.jar
[2026, 9, 25, 18, 34, 30] ;;; release; enhanced_survival-neoforge-1.21.8_1.60.0.jar
[2026, 9, 25, 18, 34, 30] ;;; release; enhanced_survival-neoforge-26.1_1.60.0.jar
[2026, 9, 25, 18, 34, 30] ;;; release; enhanced_survival-neoforge-26.2_1.60.0.jar
[2026, 9, 25, 18, 34, 30] ;;; release; enhanced_survival-neoforge-26.3_1.60.0.jar
[2026, 9, 25, 18, 34, 30] ;;; release; ghosts_and_ghouls-fabric-1.21.8_1.60.0.jar
[2026, 9, 25, 18, 34, 30] ;;; release; ghosts_and_ghouls-fabric-1.21.9_1.60.0.jar
[2026, 9, 25, 18, 34, 30] ;;; release; ghosts_and_ghouls-fabric-26.1_1.60.0.jar
[2026, 9, 25, 18, 34, 30] ;;; release; ghosts_and_ghouls-fabric-26.2_1.60.0.jar
[2026, 9, 25, 18, 34, 30] ;;; release; ghosts_and_ghouls-fabric-26.3_1.60.0.jar
[2026, 9, 25, 18, 34, 30] ;;; release; ghosts_and_ghouls-forge-1.19.4_1.60.0.jar
[2026, 9, 25, 18, 34, 30] ;;; release; ghosts_and_ghouls-forge-1.20.1_1.60.0.jar
[2026, 9, 25, 18, 34, 30] ;;; release; ghosts_and_ghouls-neoforge-1.20.4_1.60.0.jar
[2026, 9, 25, 18, 34, 30] ;;; release; ghosts_and_ghouls-neoforge-1.20.6_1.60.0.jar
[2026, 9, 25, 18, 34, 30] ;;; release; ghosts_and_ghouls-neoforge-1.21.1_1.60.0.jar
[2026, 9, 25, 18, 34, 30] ;;; release; ghosts_and_ghouls-neoforge-1.21.2_1.60.0.jar
[2026, 9, 25, 18, 34, 30] ;;; release; ghosts_and_ghouls-neoforge-1.21.4_1.60.0.jar
[2026, 9, 25, 18, 34, 30] ;;; release; ghosts_and_ghouls-neoforge-1.21.5_1.60.0.jar
[2026, 9, 25, 18, 34, 30] ;;; release; ghosts_and_ghouls-neoforge-1.21.8_1.60.0.jar
[2026, 9, 25, 18, 34, 30] ;;; release; ghosts_and_ghouls-neoforge-26.1_1.60.0.jar
[2026, 9, 25, 18, 34, 30] ;;; release; ghosts_and_ghouls-neoforge-26.2_1.60.0.jar
[2026, 9, 25, 18, 34, 30] ;;; release; ghosts_and_ghouls-neoforge-26.3_1.60.0.jar
[2026, 9, 25, 18, 34, 30] ;;; release; gothic_horror-fabric-1.21.8_1.60.0.jar
[2026, 9, 25, 18, 34, 30] ;;; release; gothic_horror-fabric-1.21.9_1.60.0.jar
[2026, 9, 25, 18, 34, 30] ;;; release; .\releases\1.60.0\gothic_horror-fabric-1.21.9_1.60.0.jargothic_horrorfabric1.21.9gothic_horror fabric 1.21.9 1.60.0
[2026, 9, 25, 18, 34, 48] ;;; release; gothic_horror-fabric-26.1_1.60.0.jar
[2026, 9, 25, 18, 34, 48] ;;; release; .\releases\1.60.0\gothic_horror-fabric-26.1_1.60.0.jargothic_horrorfabric26.1gothic_horror fabric 26.1 1.60.0
[2026, 9, 25, 18, 35, 19] ;;; release; gothic_horror-fabric-26.2_1.60.0.jar
[2026, 9, 25, 18, 35, 19] ;;; release; .\releases\1.60.0\gothic_horror-fabric-26.2_1.60.0.jargothic_horrorfabric26.2gothic_horror fabric 26.2 1.60.0
[2026, 9, 25, 18, 35, 45] ;;; release; gothic_horror-fabric-26.3_1.60.0.jar
[2026, 9, 25, 18, 35, 45] ;;; release; gothic_horror-forge-1.19.4_1.60.0.jar
[2026, 9, 25, 18, 35, 45] ;;; release; .\releases\1.60.0\gothic_horror-forge-1.19.4_1.60.0.jargothic_horrorforge1.19.4gothic_horror forge 1.19.4 1.60.0
[2026, 9, 25, 18, 36, 32] ;;; release; gothic_horror-forge-1.20.1_1.60.0.jar
[2026, 9, 25, 18, 36, 32] ;;; release; .\releases\1.60.0\gothic_horror-forge-1.20.1_1.60.0.jargothic_horrorforge1.20.1gothic_horror forge 1.20.1 1.60.0
[2026, 9, 25, 18, 37, 20] ;;; release; gothic_horror-neoforge-1.20.4_1.60.0.jar
[2026, 9, 25, 18, 37, 20] ;;; release; .\releases\1.60.0\gothic_horror-neoforge-1.20.4_1.60.0.jargothic_horrorneoforge1.20.4gothic_horror neoforge 1.20.4 1.60.0
[2026, 9, 25, 18, 37, 42] ;;; release; gothic_horror-neoforge-1.20.6_1.60.0.jar
[2026, 9, 25, 18, 37, 42] ;;; release; gothic_horror-neoforge-1.21.1_1.60.0.jar
[2026, 9, 25, 18, 37, 42] ;;; release; .\releases\1.60.0\gothic_horror-neoforge-1.21.1_1.60.0.jargothic_horrorneoforge1.21.1gothic_horror neoforge 1.21.1 1.60.0
[2026, 9, 25, 18, 38, 16] ;;; release; gothic_horror-neoforge-1.21.2_1.60.0.jar
[2026, 9, 25, 18, 38, 16] ;;; release; .\releases\1.60.0\gothic_horror-neoforge-1.21.2_1.60.0.jargothic_horrorneoforge1.21.2gothic_horror neoforge 1.21.2 1.60.0
[2026, 9, 25, 18, 38, 41] ;;; release; gothic_horror-neoforge-1.21.4_1.60.0.jar
[2026, 9, 25, 18, 38, 41] ;;; release; .\releases\1.60.0\gothic_horror-neoforge-1.21.4_1.60.0.jargothic_horrorneoforge1.21.4gothic_horror neoforge 1.21.4 1.60.0
[2026, 9, 25, 18, 39, 7] ;;; release; gothic_horror-neoforge-1.21.5_1.60.0.jar
[2026, 9, 25, 18, 39, 7] ;;; release; .\releases\1.60.0\gothic_horror-neoforge-1.21.5_1.60.0.jargothic_horrorneoforge1.21.5gothic_horror neoforge 1.21.5 1.60.0
[2026, 9, 25, 18, 39, 42] ;;; release; gothic_horror-neoforge-1.21.8_1.60.0.jar
[2026, 9, 25, 18, 39, 42] ;;; release; .\releases\1.60.0\gothic_horror-neoforge-1.21.8_1.60.0.jargothic_horrorneoforge1.21.8gothic_horror neoforge 1.21.8 1.60.0
[2026, 9, 25, 18, 40, 16] ;;; release; gothic_horror-neoforge-26.1_1.60.0.jar
[2026, 9, 25, 18, 40, 16] ;;; release; .\releases\1.60.0\gothic_horror-neoforge-26.1_1.60.0.jargothic_horrorneoforge26.1gothic_horror neoforge 26.1 1.60.0
[2026, 9, 25, 18, 40, 36] ;;; release; gothic_horror-neoforge-26.2_1.60.0.jar
[2026, 9, 25, 18, 40, 36] ;;; release; .\releases\1.60.0\gothic_horror-neoforge-26.2_1.60.0.jargothic_horrorneoforge26.2gothic_horror neoforge 26.2 1.60.0
[2026, 9, 25, 18, 40, 58] ;;; release; gothic_horror-neoforge-26.3_1.60.0.jar
[2026, 9, 25, 18, 40, 58] ;;; release; gstools-fabric-1.21.8_1.60.0.jar
[2026, 9, 25, 18, 40, 58] ;;; release; gstools-fabric-1.21.9_1.60.0.jar
[2026, 9, 25, 18, 40, 58] ;;; release; gstools-fabric-26.1_1.60.0.jar
[2026, 9, 25, 18, 40, 58] ;;; release; gstools-fabric-26.2_1.60.0.jar
[2026, 9, 25, 18, 40, 58] ;;; release; gstools-fabric-26.3_1.60.0.jar
[2026, 9, 25, 18, 40, 58] ;;; release; gstools-forge-1.19.4_1.60.0.jar
[2026, 9, 25, 18, 40, 58] ;;; release; gstools-forge-1.20.1_1.60.0.jar
[2026, 9, 25, 18, 40, 58] ;;; release; gstools-neoforge-1.20.4_1.60.0.jar
[2026, 9, 25, 18, 40, 58] ;;; release; gstools-neoforge-1.20.6_1.60.0.jar
[2026, 9, 25, 18, 40, 58] ;;; release; gstools-neoforge-1.21.1_1.60.0.jar
[2026, 9, 25, 18, 40, 58] ;;; release; gstools-neoforge-1.21.2_1.60.0.jar
[2026, 9, 25, 18, 40, 58] ;;; release; gstools-neoforge-1.21.4_1.60.0.jar
[2026, 9, 25, 18, 40, 58] ;;; release; gstools-neoforge-1.21.5_1.60.0.jar
[2026, 9, 25, 18, 40, 58] ;;; release; gstools-neoforge-1.21.8_1.60.0.jar
[2026, 9, 25, 18, 40, 58] ;;; release; gstools-neoforge-26.1_1.60.0.jar
[2026, 9, 25, 18, 40, 58] ;;; release; gstools-neoforge-26.2_1.60.0.jar
[2026, 9, 25, 18, 40, 58] ;;; release; gstools-neoforge-26.3_1.60.0.jar
[2026, 9, 25, 18, 40, 58] ;;; release; life_and_death-fabric-1.21.8_1.60.0.jar
[2026, 9, 25, 18, 40, 58] ;;; release; life_and_death-fabric-1.21.9_1.60.0.jar
[2026, 9, 25, 18, 40, 58] ;;; release; life_and_death-fabric-26.1_1.60.0.jar
[2026, 9, 25, 18, 40, 58] ;;; release; life_and_death-fabric-26.2_1.60.0.jar
[2026, 9, 25, 18, 40, 58] ;;; release; life_and_death-fabric-26.3_1.60.0.jar
[2026, 9, 25, 18, 40, 58] ;;; release; life_and_death-forge-1.19.4_1.60.0.jar
[2026, 9, 25, 18, 40, 58] ;;; release; life_and_death-forge-1.20.1_1.60.0.jar
[2026, 9, 25, 18, 40, 58] ;;; release; life_and_death-neoforge-1.20.4_1.60.0.jar
[2026, 9, 25, 18, 40, 58] ;;; release; life_and_death-neoforge-1.20.6_1.60.0.jar
[2026, 9, 25, 18, 40, 58] ;;; release; life_and_death-neoforge-1.21.1_1.60.0.jar
[2026, 9, 25, 18, 40, 58] ;;; release; life_and_death-neoforge-1.21.2_1.60.0.jar
[2026, 9, 25, 18, 40, 58] ;;; release; life_and_death-neoforge-1.21.4_1.60.0.jar
[2026, 9, 25, 18, 40, 58] ;;; release; life_and_death-neoforge-1.21.5_1.60.0.jar
[2026, 9, 25, 18, 40, 58] ;;; release; life_and_death-neoforge-1.21.8_1.60.0.jar
[2026, 9, 25, 18, 40, 58] ;;; release; life_and_death-neoforge-26.1_1.60.0.jar
[2026, 9, 25, 18, 40, 58] ;;; release; life_and_death-neoforge-26.2_1.60.0.jar
[2026, 9, 25, 18, 40, 58] ;;; release; life_and_death-neoforge-26.3_1.60.0.jar
[2026, 9, 25, 18, 40, 58] ;;; release; undead_expanded-fabric-1.21.8_1.60.0.jar
[2026, 9, 25, 18, 40, 58] ;;; release; undead_expanded-fabric-1.21.9_1.60.0.jar
[2026, 9, 25, 18, 40, 58] ;;; release; undead_expanded-fabric-26.1_1.60.0.jar
[2026, 9, 25, 18, 40, 59] ;;; release; undead_expanded-fabric-26.2_1.60.0.jar
[2026, 9, 25, 18, 40, 59] ;;; release; undead_expanded-fabric-26.3_1.60.0.jar
[2026, 9, 25, 18, 40, 59] ;;; release; undead_expanded-forge-1.19.4_1.60.0.jar
[2026, 9, 25, 18, 40, 59] ;;; release; undead_expanded-forge-1.20.1_1.60.0.jar
[2026, 9, 25, 18, 40, 59] ;;; release; undead_expanded-neoforge-1.20.4_1.60.0.jar
[2026, 9, 25, 18, 40, 59] ;;; release; undead_expanded-neoforge-1.20.6_1.60.0.jar
[2026, 9, 25, 18, 40, 59] ;;; release; undead_expanded-neoforge-1.21.1_1.60.0.jar
[2026, 9, 25, 18, 40, 59] ;;; release; undead_expanded-neoforge-1.21.2_1.60.0.jar
[2026, 9, 25, 18, 40, 59] ;;; release; undead_expanded-neoforge-1.21.4_1.60.0.jar
[2026, 9, 25, 18, 40, 59] ;;; release; undead_expanded-neoforge-1.21.5_1.60.0.jar
[2026, 9, 25, 18, 40, 59] ;;; release; undead_expanded-neoforge-1.21.8_1.60.0.jar
[2026, 9, 25, 18, 40, 59] ;;; release; undead_expanded-neoforge-26.1_1.60.0.jar
[2026, 9, 25, 18, 40, 59] ;;; release; undead_expanded-neoforge-26.2_1.60.0.jar
[2026, 9, 25, 18, 40, 59] ;;; release; undead_expanded-neoforge-26.3_1.60.0.jar
[2026, 9, 25, 18, 40, 59] ;;; release; block_decay-fabric-1.21.10_1.60.0.jar
[2026, 9, 25, 18, 40, 59] ;;; release; block_decay-fabric-1.21.11_1.60.0.jar
[2026, 9, 25, 18, 40, 59] ;;; release; block_decay-fabric-1.21.8_1.60.0.jar
[2026, 9, 25, 18, 40, 59] ;;; release; block_decay-fabric-1.21.9_1.60.0.jar
[2026, 9, 25, 18, 40, 59] ;;; release; block_decay-fabric-26.1_1.60.0.jar
[2026, 9, 25, 18, 40, 59] ;;; release; block_decay-fabric-26.2_1.60.0.jar
[2026, 9, 25, 18, 40, 59] ;;; release; block_decay-fabric-26.3_1.60.0.jar
[2026, 9, 25, 18, 40, 59] ;;; release; block_decay-forge-1.19.4_1.60.0.jar
[2026, 9, 25, 18, 40, 59] ;;; release; block_decay-forge-1.20.1_1.60.0.jar
[2026, 9, 25, 18, 40, 59] ;;; release; block_decay-neoforge-1.20.4_1.60.0.jar
[2026, 9, 25, 18, 40, 59] ;;; release; block_decay-neoforge-1.20.6_1.60.0.jar
[2026, 9, 25, 18, 40, 59] ;;; release; block_decay-neoforge-1.21.10_1.60.0.jar
[2026, 9, 25, 18, 40, 59] ;;; release; block_decay-neoforge-1.21.11_1.60.0.jar
[2026, 9, 25, 18, 40, 59] ;;; release; block_decay-neoforge-1.21.1_1.60.0.jar
[2026, 9, 25, 18, 40, 59] ;;; release; block_decay-neoforge-1.21.2_1.60.0.jar
[2026, 9, 25, 18, 40, 59] ;;; release; block_decay-neoforge-1.21.4_1.60.0.jar
[2026, 9, 25, 18, 40, 59] ;;; release; block_decay-neoforge-1.21.5_1.60.0.jar
[2026, 9, 25, 18, 40, 59] ;;; release; block_decay-neoforge-1.21.8_1.60.0.jar
[2026, 9, 25, 18, 40, 59] ;;; release; block_decay-neoforge-1.21.9_1.60.0.jar
[2026, 9, 25, 18, 40, 59] ;;; release; block_decay-neoforge-1.21_1.60.0.jar
[2026, 9, 25, 18, 40, 59] ;;; release; block_decay-neoforge-26.1_1.60.0.jar
[2026, 9, 25, 18, 40, 59] ;;; release; block_decay-neoforge-26.2_1.60.0.jar
[2026, 9, 25, 18, 40, 59] ;;; release; block_decay-neoforge-26.3_1.60.0.jar
[2026, 9, 25, 18, 40, 59] ;;; release; desire_paths-fabric-1.21.8_1.60.0.jar
[2026, 9, 25, 18, 40, 59] ;;; release; desire_paths-fabric-1.21.9_1.60.0.jar
[2026, 9, 25, 18, 40, 59] ;;; release; desire_paths-fabric-26.1_1.60.0.jar
[2026, 9, 25, 18, 40, 59] ;;; release; desire_paths-fabric-26.2_1.60.0.jar
[2026, 9, 25, 18, 40, 59] ;;; release; desire_paths-fabric-26.3_1.60.0.jar
[2026, 9, 25, 18, 40, 59] ;;; release; desire_paths-forge-1.19.4_1.60.0.jar
[2026, 9, 25, 18, 40, 59] ;;; release; desire_paths-forge-1.20.1_1.60.0.jar
[2026, 9, 25, 18, 40, 59] ;;; release; desire_paths-neoforge-1.20.4_1.60.0.jar
[2026, 9, 25, 18, 40, 59] ;;; release; desire_paths-neoforge-1.20.6_1.60.0.jar
[2026, 9, 25, 18, 40, 59] ;;; release; desire_paths-neoforge-1.21.1_1.60.0.jar
[2026, 9, 25, 18, 40, 59] ;;; release; desire_paths-neoforge-1.21.2_1.60.0.jar
[2026, 9, 25, 18, 40, 59] ;;; release; desire_paths-neoforge-1.21.4_1.60.0.jar
[2026, 9, 25, 18, 40, 59] ;;; release; desire_paths-neoforge-1.21.5_1.60.0.jar
[2026, 9, 25, 18, 40, 59] ;;; release; desire_paths-neoforge-1.21.8_1.60.0.jar
[2026, 9, 25, 18, 40, 59] ;;; release; desire_paths-neoforge-26.1_1.60.0.jar
[2026, 9, 25, 18, 40, 59] ;;; release; desire_paths-neoforge-26.2_1.60.0.jar
[2026, 9, 25, 18, 40, 59] ;;; release; desire_paths-neoforge-26.3_1.60.0.jar
[2026, 9, 25, 18, 40, 59] ;;; release; dynamic_dirt-fabric-1.21.8_1.60.0.jar
[2026, 9, 25, 18, 40, 59] ;;; release; dynamic_dirt-fabric-1.21.9_1.60.0.jar
[2026, 9, 25, 18, 40, 59] ;;; release; dynamic_dirt-fabric-26.1_1.60.0.jar
[2026, 9, 25, 18, 40, 59] ;;; release; dynamic_dirt-fabric-26.2_1.60.0.jar
[2026, 9, 25, 18, 40, 59] ;;; release; dynamic_dirt-fabric-26.3_1.60.0.jar
[2026, 9, 25, 18, 40, 59] ;;; release; dynamic_dirt-forge-1.19.4_1.60.0.jar
[2026, 9, 25, 18, 40, 59] ;;; release; dynamic_dirt-forge-1.20.1_1.60.0.jar
[2026, 9, 25, 18, 40, 59] ;;; release; dynamic_dirt-neoforge-1.20.4_1.60.0.jar
[2026, 9, 25, 18, 40, 59] ;;; release; dynamic_dirt-neoforge-1.20.6_1.60.0.jar
[2026, 9, 25, 18, 40, 59] ;;; release; dynamic_dirt-neoforge-1.21.1_1.60.0.jar
[2026, 9, 25, 18, 40, 59] ;;; release; dynamic_dirt-neoforge-1.21.2_1.60.0.jar
[2026, 9, 25, 18, 40, 59] ;;; release; dynamic_dirt-neoforge-1.21.4_1.60.0.jar
[2026, 9, 25, 18, 40, 59] ;;; release; dynamic_dirt-neoforge-1.21.5_1.60.0.jar
[2026, 9, 25, 18, 40, 59] ;;; release; dynamic_dirt-neoforge-1.21.8_1.60.0.jar
[2026, 9, 25, 18, 40, 59] ;;; release; dynamic_dirt-neoforge-26.1_1.60.0.jar
[2026, 9, 25, 18, 40, 59] ;;; release; dynamic_dirt-neoforge-26.2_1.60.0.jar
[2026, 9, 25, 18, 40, 59] ;;; release; dynamic_dirt-neoforge-26.3_1.60.0.jar
[2026, 9, 25, 18, 40, 59] ;;; release; dynamic_ecosystems-fabric-1.21.8_1.60.0.jar
[2026, 9, 25, 18, 40, 59] ;;; release; dynamic_ecosystems-fabric-1.21.9_1.60.0.jar
[2026, 9, 25, 18, 40, 59] ;;; release; dynamic_ecosystems-fabric-26.1_1.60.0.jar
[2026, 9, 25, 18, 40, 59] ;;; release; dynamic_ecosystems-fabric-26.2_1.60.0.jar
[2026, 9, 25, 18, 40, 59] ;;; release; dynamic_ecosystems-fabric-26.3_1.60.0.jar
[2026, 9, 25, 18, 40, 59] ;;; release; dynamic_ecosystems-forge-1.19.4_1.60.0.jar
[2026, 9, 25, 18, 40, 59] ;;; release; dynamic_ecosystems-forge-1.20.1_1.60.0.jar
[2026, 9, 25, 18, 40, 59] ;;; release; dynamic_ecosystems-neoforge-1.20.4_1.60.0.jar
[2026, 9, 25, 18, 40, 59] ;;; release; dynamic_ecosystems-neoforge-1.20.6_1.60.0.jar
[2026, 9, 25, 18, 40, 59] ;;; release; dynamic_ecosystems-neoforge-1.21.1_1.60.0.jar
[2026, 9, 25, 18, 40, 59] ;;; release; dynamic_ecosystems-neoforge-1.21.2_1.60.0.jar
[2026, 9, 25, 18, 40, 59] ;;; release; dynamic_ecosystems-neoforge-1.21.4_1.60.0.jar
[2026, 9, 25, 18, 40, 59] ;;; release; dynamic_ecosystems-neoforge-1.21.5_1.60.0.jar
[2026, 9, 25, 18, 40, 59] ;;; release; dynamic_ecosystems-neoforge-1.21.8_1.60.0.jar
[2026, 9, 25, 18, 40, 59] ;;; release; dynamic_ecosystems-neoforge-26.1_1.60.0.jar
[2026, 9, 25, 18, 40, 59] ;;; release; dynamic_ecosystems-neoforge-26.2_1.60.0.jar
[2026, 9, 25, 18, 40, 59] ;;; release; dynamic_ecosystems-neoforge-26.3_1.60.0.jar
[2026, 9, 25, 18, 40, 59] ;;; release; dynamic_monsters-fabric-1.21.8_1.60.0.jar
[2026, 9, 25, 18, 40, 59] ;;; release; dynamic_monsters-fabric-1.21.9_1.60.0.jar
[2026, 9, 25, 18, 40, 59] ;;; release; dynamic_monsters-fabric-26.1_1.60.0.jar
[2026, 9, 25, 18, 40, 59] ;;; release; dynamic_monsters-fabric-26.2_1.60.0.jar
[2026, 9, 25, 18, 40, 59] ;;; release; dynamic_monsters-fabric-26.3_1.60.0.jar
[2026, 9, 25, 18, 40, 59] ;;; release; dynamic_monsters-forge-1.19.4_1.60.0.jar
[2026, 9, 25, 18, 40, 59] ;;; release; dynamic_monsters-forge-1.20.1_1.60.0.jar
[2026, 9, 25, 18, 40, 59] ;;; release; dynamic_monsters-neoforge-1.20.4_1.60.0.jar
[2026, 9, 25, 18, 40, 59] ;;; release; dynamic_monsters-neoforge-1.20.6_1.60.0.jar
[2026, 9, 25, 18, 40, 59] ;;; release; dynamic_monsters-neoforge-1.21.1_1.60.0.jar
[2026, 9, 25, 18, 40, 59] ;;; release; dynamic_monsters-neoforge-1.21.2_1.60.0.jar
[2026, 9, 25, 18, 40, 59] ;;; release; dynamic_monsters-neoforge-1.21.4_1.60.0.jar
[2026, 9, 25, 18, 40, 59] ;;; release; dynamic_monsters-neoforge-1.21.5_1.60.0.jar
[2026, 9, 25, 18, 40, 59] ;;; release; dynamic_monsters-neoforge-1.21.8_1.60.0.jar
[2026, 9, 25, 18, 40, 59] ;;; release; dynamic_monsters-neoforge-26.1_1.60.0.jar
[2026, 9, 25, 18, 40, 59] ;;; release; dynamic_monsters-neoforge-26.2_1.60.0.jar
[2026, 9, 25, 18, 40, 59] ;;; release; dynamic_monsters-neoforge-26.3_1.60.0.jar
[2026, 9, 25, 18, 40, 59] ;;; release; enhanced_survival-fabric-1.21.8_1.60.0.jar
[2026, 9, 25, 18, 40, 59] ;;; release; enhanced_survival-fabric-1.21.9_1.60.0.jar
[2026, 9, 25, 18, 40, 59] ;;; release; enhanced_survival-fabric-26.1_1.60.0.jar
[2026, 9, 25, 18, 40, 59] ;;; release; enhanced_survival-fabric-26.2_1.60.0.jar
[2026, 9, 25, 18, 40, 59] ;;; release; enhanced_survival-fabric-26.3_1.60.0.jar
[2026, 9, 25, 18, 40, 59] ;;; release; enhanced_survival-forge-1.19.4_1.60.0.jar
[2026, 9, 25, 18, 40, 59] ;;; release; enhanced_survival-forge-1.20.1_1.60.0.jar
[2026, 9, 25, 18, 40, 59] ;;; release; enhanced_survival-neoforge-1.20.4_1.60.0.jar
[2026, 9, 25, 18, 40, 59] ;;; release; enhanced_survival-neoforge-1.20.6_1.60.0.jar
[2026, 9, 25, 18, 40, 59] ;;; release; enhanced_survival-neoforge-1.21.1_1.60.0.jar
[2026, 9, 25, 18, 40, 59] ;;; release; enhanced_survival-neoforge-1.21.2_1.60.0.jar
[2026, 9, 25, 18, 40, 59] ;;; release; enhanced_survival-neoforge-1.21.4_1.60.0.jar
[2026, 9, 25, 18, 40, 59] ;;; release; enhanced_survival-neoforge-1.21.5_1.60.0.jar
[2026, 9, 25, 18, 40, 59] ;;; release; enhanced_survival-neoforge-1.21.8_1.60.0.jar
[2026, 9, 25, 18, 40, 59] ;;; release; enhanced_survival-neoforge-26.1_1.60.0.jar
[2026, 9, 25, 18, 40, 59] ;;; release; enhanced_survival-neoforge-26.2_1.60.0.jar
[2026, 9, 25, 18, 40, 59] ;;; release; enhanced_survival-neoforge-26.3_1.60.0.jar
[2026, 9, 25, 18, 40, 59] ;;; release; ghosts_and_ghouls-fabric-1.21.8_1.60.0.jar
[2026, 9, 25, 18, 40, 59] ;;; release; ghosts_and_ghouls-fabric-1.21.9_1.60.0.jar
[2026, 9, 25, 18, 40, 59] ;;; release; ghosts_and_ghouls-fabric-26.1_1.60.0.jar
[2026, 9, 25, 18, 40, 59] ;;; release; ghosts_and_ghouls-fabric-26.2_1.60.0.jar
[2026, 9, 25, 18, 40, 59] ;;; release; ghosts_and_ghouls-fabric-26.3_1.60.0.jar
[2026, 9, 25, 18, 40, 59] ;;; release; ghosts_and_ghouls-forge-1.19.4_1.60.0.jar
[2026, 9, 25, 18, 40, 59] ;;; release; ghosts_and_ghouls-forge-1.20.1_1.60.0.jar
[2026, 9, 25, 18, 40, 59] ;;; release; ghosts_and_ghouls-neoforge-1.20.4_1.60.0.jar
[2026, 9, 25, 18, 40, 59] ;;; release; ghosts_and_ghouls-neoforge-1.20.6_1.60.0.jar
[2026, 9, 25, 18, 40, 59] ;;; release; ghosts_and_ghouls-neoforge-1.21.1_1.60.0.jar
[2026, 9, 25, 18, 40, 59] ;;; release; ghosts_and_ghouls-neoforge-1.21.2_1.60.0.jar
[2026, 9, 25, 18, 40, 59] ;;; release; ghosts_and_ghouls-neoforge-1.21.4_1.60.0.jar
[2026, 9, 25, 18, 40, 59] ;;; release; ghosts_and_ghouls-neoforge-1.21.5_1.60.0.jar
[2026, 9, 25, 18, 40, 59] ;;; release; ghosts_and_ghouls-neoforge-1.21.8_1.60.0.jar
[2026, 9, 25, 18, 40, 59] ;;; release; ghosts_and_ghouls-neoforge-26.1_1.60.0.jar
[2026, 9, 25, 18, 40, 59] ;;; release; ghosts_and_ghouls-neoforge-26.2_1.60.0.jar
[2026, 9, 25, 18, 40, 59] ;;; release; ghosts_and_ghouls-neoforge-26.3_1.60.0.jar
[2026, 9, 25, 18, 40, 59] ;;; release; gothic_horror-fabric-1.21.8_1.60.0.jar
[2026, 9, 25, 18, 40, 59] ;;; release; gothic_horror-fabric-1.21.9_1.60.0.jar
[2026, 9, 25, 18, 40, 59] ;;; release; gothic_horror-fabric-26.1_1.60.0.jar
[2026, 9, 25, 18, 40, 59] ;;; release; gothic_horror-fabric-26.2_1.60.0.jar
[2026, 9, 25, 18, 40, 59] ;;; release; gothic_horror-fabric-26.3_1.60.0.jar
[2026, 9, 25, 18, 40, 59] ;;; release; gothic_horror-forge-1.19.4_1.60.0.jar
[2026, 9, 25, 18, 40, 59] ;;; release; gothic_horror-forge-1.20.1_1.60.0.jar
[2026, 9, 25, 18, 40, 59] ;;; release; gothic_horror-neoforge-1.20.4_1.60.0.jar
[2026, 9, 25, 18, 40, 59] ;;; release; gothic_horror-neoforge-1.20.6_1.60.0.jar
[2026, 9, 25, 18, 40, 59] ;;; release; gothic_horror-neoforge-1.21.1_1.60.0.jar
[2026, 9, 25, 18, 40, 59] ;;; release; gothic_horror-neoforge-1.21.2_1.60.0.jar
[2026, 9, 25, 18, 40, 59] ;;; release; gothic_horror-neoforge-1.21.4_1.60.0.jar
[2026, 9, 25, 18, 40, 59] ;;; release; gothic_horror-neoforge-1.21.5_1.60.0.jar
[2026, 9, 25, 18, 40, 59] ;;; release; gothic_horror-neoforge-1.21.8_1.60.0.jar
[2026, 9, 25, 18, 40, 59] ;;; release; gothic_horror-neoforge-26.1_1.60.0.jar
[2026, 9, 25, 18, 40, 59] ;;; release; gothic_horror-neoforge-26.2_1.60.0.jar
[2026, 9, 25, 18, 40, 59] ;;; release; gothic_horror-neoforge-26.3_1.60.0.jar
[2026, 9, 25, 18, 40, 59] ;;; release; gstools-fabric-1.21.8_1.60.0.jar
[2026, 9, 25, 18, 40, 59] ;;; release; gstools-fabric-1.21.9_1.60.0.jar
[2026, 9, 25, 18, 40, 59] ;;; release; gstools-fabric-26.1_1.60.0.jar
[2026, 9, 25, 18, 40, 59] ;;; release; gstools-fabric-26.2_1.60.0.jar
[2026, 9, 25, 18, 40, 59] ;;; release; gstools-fabric-26.3_1.60.0.jar
[2026, 9, 25, 18, 40, 59] ;;; release; gstools-forge-1.19.4_1.60.0.jar
[2026, 9, 25, 18, 40, 59] ;;; release; gstools-forge-1.20.1_1.60.0.jar
[2026, 9, 25, 18, 40, 59] ;;; release; gstools-neoforge-1.20.4_1.60.0.jar
[2026, 9, 25, 18, 40, 59] ;;; release; gstools-neoforge-1.20.6_1.60.0.jar
[2026, 9, 25, 18, 40, 59] ;;; release; gstools-neoforge-1.21.1_1.60.0.jar
[2026, 9, 25, 18, 40, 59] ;;; release; gstools-neoforge-1.21.2_1.60.0.jar
[2026, 9, 25, 18, 40, 59] ;;; release; gstools-neoforge-1.21.4_1.60.0.jar
[2026, 9, 25, 18, 40, 59] ;;; release; gstools-neoforge-1.21.5_1.60.0.jar
[2026, 9, 25, 18, 40, 59] ;;; release; gstools-neoforge-1.21.8_1.60.0.jar
[2026, 9, 25, 18, 40, 59] ;;; release; gstools-neoforge-26.1_1.60.0.jar
[2026, 9, 25, 18, 40, 59] ;;; release; gstools-neoforge-26.2_1.60.0.jar
[2026, 9, 25, 18, 40, 59] ;;; release; gstools-neoforge-26.3_1.60.0.jar
[2026, 9, 25, 18, 40, 59] ;;; release; life_and_death-fabric-1.21.8_1.60.0.jar
[2026, 9, 25, 18, 40, 59] ;;; release; life_and_death-fabric-1.21.9_1.60.0.jar
[2026, 9, 25, 18, 40, 59] ;;; release; life_and_death-fabric-26.1_1.60.0.jar
[2026, 9, 25, 18, 40, 59] ;;; release; life_and_death-fabric-26.2_1.60.0.jar
[2026, 9, 25, 18, 40, 59] ;;; release; life_and_death-fabric-26.3_1.60.0.jar
[2026, 9, 25, 18, 40, 59] ;;; release; life_and_death-forge-1.19.4_1.60.0.jar
[2026, 9, 25, 18, 40, 59] ;;; release; life_and_death-forge-1.20.1_1.60.0.jar
[2026, 9, 25, 18, 40, 59] ;;; release; life_and_death-neoforge-1.20.4_1.60.0.jar
[2026, 9, 25, 18, 40, 59] ;;; release; life_and_death-neoforge-1.20.6_1.60.0.jar
[2026, 9, 25, 18, 40, 59] ;;; release; life_and_death-neoforge-1.21.1_1.60.0.jar
[2026, 9, 25, 18, 40, 59] ;;; release; life_and_death-neoforge-1.21.2_1.60.0.jar
[2026, 9, 25, 18, 40, 59] ;;; release; life_and_death-neoforge-1.21.4_1.60.0.jar
[2026, 9, 25, 18, 40, 59] ;;; release; life_and_death-neoforge-1.21.5_1.60.0.jar
[2026, 9, 25, 18, 40, 59] ;;; release; life_and_death-neoforge-1.21.8_1.60.0.jar
[2026, 9, 25, 18, 40, 59] ;;; release; life_and_death-neoforge-26.1_1.60.0.jar
[2026, 9, 25, 18, 40, 59] ;;; release; life_and_death-neoforge-26.2_1.60.0.jar
[2026, 9, 25, 18, 40, 59] ;;; release; life_and_death-neoforge-26.3_1.60.0.jar
[2026, 9, 25, 18, 40, 59] ;;; release; undead_expanded-fabric-1.21.8_1.60.0.jar
[2026, 9, 25, 18, 40, 59] ;;; release; undead_expanded-fabric-1.21.9_1.60.0.jar
[2026, 9, 25, 18, 40, 59] ;;; release; .\releases\1.60.0\undead_expanded-fabric-1.21.9_1.60.0.jarundead_expandedfabric1.21.9undead_expanded fabric 1.21.9 1.60.0
[2026, 9, 25, 18, 41, 21] ;;; release; undead_expanded-fabric-26.1_1.60.0.jar
[2026, 9, 25, 18, 41, 21] ;;; release; .\releases\1.60.0\undead_expanded-fabric-26.1_1.60.0.jarundead_expandedfabric26.1undead_expanded fabric 26.1 1.60.0
[2026, 9, 25, 18, 41, 53] ;;; release; undead_expanded-fabric-26.2_1.60.0.jar
[2026, 9, 25, 18, 41, 53] ;;; release; .\releases\1.60.0\undead_expanded-fabric-26.2_1.60.0.jarundead_expandedfabric26.2undead_expanded fabric 26.2 1.60.0
[2026, 9, 25, 18, 42, 13] ;;; release; undead_expanded-fabric-26.3_1.60.0.jar
[2026, 9, 25, 18, 42, 13] ;;; release; undead_expanded-forge-1.19.4_1.60.0.jar
[2026, 9, 25, 18, 42, 13] ;;; release; .\releases\1.60.0\undead_expanded-forge-1.19.4_1.60.0.jarundead_expandedforge1.19.4undead_expanded forge 1.19.4 1.60.0
[2026, 9, 25, 18, 42, 32] ;;; release; undead_expanded-forge-1.20.1_1.60.0.jar
[2026, 9, 25, 18, 42, 32] ;;; release; .\releases\1.60.0\undead_expanded-forge-1.20.1_1.60.0.jarundead_expandedforge1.20.1undead_expanded forge 1.20.1 1.60.0
[2026, 9, 25, 18, 42, 51] ;;; release; undead_expanded-neoforge-1.20.4_1.60.0.jar
[2026, 9, 25, 18, 42, 51] ;;; release; .\releases\1.60.0\undead_expanded-neoforge-1.20.4_1.60.0.jarundead_expandedneoforge1.20.4undead_expanded neoforge 1.20.4 1.60.0
[2026, 9, 25, 18, 43, 23] ;;; release; undead_expanded-neoforge-1.20.6_1.60.0.jar
[2026, 9, 25, 18, 43, 23] ;;; release; undead_expanded-neoforge-1.21.1_1.60.0.jar
[2026, 9, 25, 18, 43, 23] ;;; release; .\releases\1.60.0\undead_expanded-neoforge-1.21.1_1.60.0.jarundead_expandedneoforge1.21.1undead_expanded neoforge 1.21.1 1.60.0
[2026, 9, 25, 18, 43, 51] ;;; release; undead_expanded-neoforge-1.21.2_1.60.0.jar
[2026, 9, 25, 18, 43, 51] ;;; release; .\releases\1.60.0\undead_expanded-neoforge-1.21.2_1.60.0.jarundead_expandedneoforge1.21.2undead_expanded neoforge 1.21.2 1.60.0
[2026, 9, 25, 18, 44, 12] ;;; release; undead_expanded-neoforge-1.21.4_1.60.0.jar
[2026, 9, 25, 18, 44, 12] ;;; release; .\releases\1.60.0\undead_expanded-neoforge-1.21.4_1.60.0.jarundead_expandedneoforge1.21.4undead_expanded neoforge 1.21.4 1.60.0
[2026, 9, 25, 18, 44, 49] ;;; release; undead_expanded-neoforge-1.21.5_1.60.0.jar
[2026, 9, 25, 18, 44, 49] ;;; release; .\releases\1.60.0\undead_expanded-neoforge-1.21.5_1.60.0.jarundead_expandedneoforge1.21.5undead_expanded neoforge 1.21.5 1.60.0
[2026, 9, 25, 18, 45, 10] ;;; release; undead_expanded-neoforge-1.21.8_1.60.0.jar
[2026, 9, 25, 18, 45, 10] ;;; release; .\releases\1.60.0\undead_expanded-neoforge-1.21.8_1.60.0.jarundead_expandedneoforge1.21.8undead_expanded neoforge 1.21.8 1.60.0
[2026, 9, 25, 18, 45, 34] ;;; release; undead_expanded-neoforge-26.1_1.60.0.jar
[2026, 9, 25, 18, 45, 34] ;;; release; .\releases\1.60.0\undead_expanded-neoforge-26.1_1.60.0.jarundead_expandedneoforge26.1undead_expanded neoforge 26.1 1.60.0
[2026, 9, 25, 18, 47, 0] ;;; release; undead_expanded-neoforge-26.2_1.60.0.jar
[2026, 9, 25, 18, 47, 0] ;;; release; .\releases\1.60.0\undead_expanded-neoforge-26.2_1.60.0.jarundead_expandedneoforge26.2undead_expanded neoforge 26.2 1.60.0
[2026, 9, 25, 18, 47, 20] ;;; release; undead_expanded-neoforge-26.3_1.60.0.jar
[2026, 9, 25, 18, 47, 20] ;;; release; block_decay-fabric-1.21.10_1.60.0.jar
[2026, 9, 25, 18, 47, 20] ;;; release; block_decay-fabric-1.21.11_1.60.0.jar
[2026, 9, 25, 18, 47, 20] ;;; release; block_decay-fabric-1.21.8_1.60.0.jar
[2026, 9, 25, 18, 47, 20] ;;; release; block_decay-fabric-1.21.9_1.60.0.jar
[2026, 9, 25, 18, 47, 20] ;;; release; block_decay-fabric-26.1_1.60.0.jar
[2026, 9, 25, 18, 47, 20] ;;; release; block_decay-fabric-26.2_1.60.0.jar
[2026, 9, 25, 18, 47, 20] ;;; release; block_decay-fabric-26.3_1.60.0.jar
[2026, 9, 25, 18, 47, 20] ;;; release; block_decay-forge-1.19.4_1.60.0.jar
[2026, 9, 25, 18, 47, 20] ;;; release; block_decay-forge-1.20.1_1.60.0.jar
[2026, 9, 25, 18, 47, 20] ;;; release; block_decay-neoforge-1.20.4_1.60.0.jar
[2026, 9, 25, 18, 47, 20] ;;; release; block_decay-neoforge-1.20.6_1.60.0.jar
[2026, 9, 25, 18, 47, 20] ;;; release; block_decay-neoforge-1.21.10_1.60.0.jar
[2026, 9, 25, 18, 47, 20] ;;; release; block_decay-neoforge-1.21.11_1.60.0.jar
[2026, 9, 25, 18, 47, 20] ;;; release; block_decay-neoforge-1.21.1_1.60.0.jar
[2026, 9, 25, 18, 47, 20] ;;; release; block_decay-neoforge-1.21.2_1.60.0.jar
[2026, 9, 25, 18, 47, 20] ;;; release; block_decay-neoforge-1.21.4_1.60.0.jar
[2026, 9, 25, 18, 47, 20] ;;; release; block_decay-neoforge-1.21.5_1.60.0.jar
[2026, 9, 25, 18, 47, 20] ;;; release; block_decay-neoforge-1.21.8_1.60.0.jar
[2026, 9, 25, 18, 47, 20] ;;; release; block_decay-neoforge-1.21.9_1.60.0.jar
[2026, 9, 25, 18, 47, 20] ;;; release; block_decay-neoforge-1.21_1.60.0.jar
[2026, 9, 25, 18, 47, 20] ;;; release; block_decay-neoforge-26.1_1.60.0.jar
[2026, 9, 25, 18, 47, 20] ;;; release; block_decay-neoforge-26.2_1.60.0.jar
[2026, 9, 25, 18, 47, 20] ;;; release; block_decay-neoforge-26.3_1.60.0.jar
[2026, 9, 25, 18, 47, 20] ;;; release; desire_paths-fabric-1.21.8_1.60.0.jar
[2026, 9, 25, 18, 47, 20] ;;; release; desire_paths-fabric-1.21.9_1.60.0.jar
[2026, 9, 25, 18, 47, 20] ;;; release; desire_paths-fabric-26.1_1.60.0.jar
[2026, 9, 25, 18, 47, 20] ;;; release; desire_paths-fabric-26.2_1.60.0.jar
[2026, 9, 25, 18, 47, 20] ;;; release; desire_paths-fabric-26.3_1.60.0.jar
[2026, 9, 25, 18, 47, 20] ;;; release; desire_paths-forge-1.19.4_1.60.0.jar
[2026, 9, 25, 18, 47, 20] ;;; release; desire_paths-forge-1.20.1_1.60.0.jar
[2026, 9, 25, 18, 47, 20] ;;; release; desire_paths-neoforge-1.20.4_1.60.0.jar
[2026, 9, 25, 18, 47, 20] ;;; release; desire_paths-neoforge-1.20.6_1.60.0.jar
[2026, 9, 25, 18, 47, 20] ;;; release; desire_paths-neoforge-1.21.1_1.60.0.jar
[2026, 9, 25, 18, 47, 20] ;;; release; desire_paths-neoforge-1.21.2_1.60.0.jar
[2026, 9, 25, 18, 47, 20] ;;; release; desire_paths-neoforge-1.21.4_1.60.0.jar
[2026, 9, 25, 18, 47, 20] ;;; release; desire_paths-neoforge-1.21.5_1.60.0.jar
[2026, 9, 25, 18, 47, 20] ;;; release; desire_paths-neoforge-1.21.8_1.60.0.jar
[2026, 9, 25, 18, 47, 20] ;;; release; desire_paths-neoforge-26.1_1.60.0.jar
[2026, 9, 25, 18, 47, 20] ;;; release; desire_paths-neoforge-26.2_1.60.0.jar
[2026, 9, 25, 18, 47, 20] ;;; release; desire_paths-neoforge-26.3_1.60.0.jar
[2026, 9, 25, 18, 47, 20] ;;; release; dynamic_dirt-fabric-1.21.8_1.60.0.jar
[2026, 9, 25, 18, 47, 20] ;;; release; dynamic_dirt-fabric-1.21.9_1.60.0.jar
[2026, 9, 25, 18, 47, 20] ;;; release; dynamic_dirt-fabric-26.1_1.60.0.jar
[2026, 9, 25, 18, 47, 20] ;;; release; dynamic_dirt-fabric-26.2_1.60.0.jar
[2026, 9, 25, 18, 47, 20] ;;; release; dynamic_dirt-fabric-26.3_1.60.0.jar
[2026, 9, 25, 18, 47, 20] ;;; release; dynamic_dirt-forge-1.19.4_1.60.0.jar
[2026, 9, 25, 18, 47, 20] ;;; release; dynamic_dirt-forge-1.20.1_1.60.0.jar
[2026, 9, 25, 18, 47, 20] ;;; release; dynamic_dirt-neoforge-1.20.4_1.60.0.jar
[2026, 9, 25, 18, 47, 20] ;;; release; dynamic_dirt-neoforge-1.20.6_1.60.0.jar
[2026, 9, 25, 18, 47, 20] ;;; release; dynamic_dirt-neoforge-1.21.1_1.60.0.jar
[2026, 9, 25, 18, 47, 20] ;;; release; dynamic_dirt-neoforge-1.21.2_1.60.0.jar
[2026, 9, 25, 18, 47, 20] ;;; release; dynamic_dirt-neoforge-1.21.4_1.60.0.jar
[2026, 9, 25, 18, 47, 20] ;;; release; dynamic_dirt-neoforge-1.21.5_1.60.0.jar
[2026, 9, 25, 18, 47, 20] ;;; release; dynamic_dirt-neoforge-1.21.8_1.60.0.jar
[2026, 9, 25, 18, 47, 20] ;;; release; dynamic_dirt-neoforge-26.1_1.60.0.jar
[2026, 9, 25, 18, 47, 20] ;;; release; dynamic_dirt-neoforge-26.2_1.60.0.jar
[2026, 9, 25, 18, 47, 20] ;;; release; dynamic_dirt-neoforge-26.3_1.60.0.jar
[2026, 9, 25, 18, 47, 20] ;;; release; dynamic_ecosystems-fabric-1.21.8_1.60.0.jar
[2026, 9, 25, 18, 47, 20] ;;; release; dynamic_ecosystems-fabric-1.21.9_1.60.0.jar
[2026, 9, 25, 18, 47, 20] ;;; release; dynamic_ecosystems-fabric-26.1_1.60.0.jar
[2026, 9, 25, 18, 47, 20] ;;; release; dynamic_ecosystems-fabric-26.2_1.60.0.jar
[2026, 9, 25, 18, 47, 20] ;;; release; dynamic_ecosystems-fabric-26.3_1.60.0.jar
[2026, 9, 25, 18, 47, 20] ;;; release; dynamic_ecosystems-forge-1.19.4_1.60.0.jar
[2026, 9, 25, 18, 47, 20] ;;; release; dynamic_ecosystems-forge-1.20.1_1.60.0.jar
[2026, 9, 25, 18, 47, 20] ;;; release; dynamic_ecosystems-neoforge-1.20.4_1.60.0.jar
[2026, 9, 25, 18, 47, 20] ;;; release; dynamic_ecosystems-neoforge-1.20.6_1.60.0.jar
[2026, 9, 25, 18, 47, 20] ;;; release; dynamic_ecosystems-neoforge-1.21.1_1.60.0.jar
[2026, 9, 25, 18, 47, 20] ;;; release; dynamic_ecosystems-neoforge-1.21.2_1.60.0.jar
[2026, 9, 25, 18, 47, 20] ;;; release; dynamic_ecosystems-neoforge-1.21.4_1.60.0.jar
[2026, 9, 25, 18, 47, 20] ;;; release; dynamic_ecosystems-neoforge-1.21.5_1.60.0.jar
[2026, 9, 25, 18, 47, 20] ;;; release; dynamic_ecosystems-neoforge-1.21.8_1.60.0.jar
[2026, 9, 25, 18, 47, 20] ;;; release; dynamic_ecosystems-neoforge-26.1_1.60.0.jar
[2026, 9, 25, 18, 47, 20] ;;; release; dynamic_ecosystems-neoforge-26.2_1.60.0.jar
[2026, 9, 25, 18, 47, 20] ;;; release; dynamic_ecosystems-neoforge-26.3_1.60.0.jar
[2026, 9, 25, 18, 47, 20] ;;; release; dynamic_monsters-fabric-1.21.8_1.60.0.jar
[2026, 9, 25, 18, 47, 20] ;;; release; dynamic_monsters-fabric-1.21.9_1.60.0.jar
[2026, 9, 25, 18, 47, 20] ;;; release; dynamic_monsters-fabric-26.1_1.60.0.jar
[2026, 9, 25, 18, 47, 20] ;;; release; dynamic_monsters-fabric-26.2_1.60.0.jar
[2026, 9, 25, 18, 47, 20] ;;; release; dynamic_monsters-fabric-26.3_1.60.0.jar
[2026, 9, 25, 18, 47, 20] ;;; release; dynamic_monsters-forge-1.19.4_1.60.0.jar
[2026, 9, 25, 18, 47, 20] ;;; release; dynamic_monsters-forge-1.20.1_1.60.0.jar
[2026, 9, 25, 18, 47, 20] ;;; release; dynamic_monsters-neoforge-1.20.4_1.60.0.jar
[2026, 9, 25, 18, 47, 20] ;;; release; dynamic_monsters-neoforge-1.20.6_1.60.0.jar
[2026, 9, 25, 18, 47, 20] ;;; release; dynamic_monsters-neoforge-1.21.1_1.60.0.jar
[2026, 9, 25, 18, 47, 20] ;;; release; dynamic_monsters-neoforge-1.21.2_1.60.0.jar
[2026, 9, 25, 18, 47, 20] ;;; release; dynamic_monsters-neoforge-1.21.4_1.60.0.jar
[2026, 9, 25, 18, 47, 20] ;;; release; dynamic_monsters-neoforge-1.21.5_1.60.0.jar
[2026, 9, 25, 18, 47, 20] ;;; release; dynamic_monsters-neoforge-1.21.8_1.60.0.jar
[2026, 9, 25, 18, 47, 20] ;;; release; dynamic_monsters-neoforge-26.1_1.60.0.jar
[2026, 9, 25, 18, 47, 20] ;;; release; dynamic_monsters-neoforge-26.2_1.60.0.jar
[2026, 9, 25, 18, 47, 20] ;;; release; dynamic_monsters-neoforge-26.3_1.60.0.jar
[2026, 9, 25, 18, 47, 20] ;;; release; enhanced_survival-fabric-1.21.8_1.60.0.jar
[2026, 9, 25, 18, 47, 20] ;;; release; enhanced_survival-fabric-1.21.9_1.60.0.jar
[2026, 9, 25, 18, 47, 20] ;;; release; enhanced_survival-fabric-26.1_1.60.0.jar
[2026, 9, 25, 18, 47, 20] ;;; release; enhanced_survival-fabric-26.2_1.60.0.jar
[2026, 9, 25, 18, 47, 20] ;;; release; enhanced_survival-fabric-26.3_1.60.0.jar
[2026, 9, 25, 18, 47, 20] ;;; release; enhanced_survival-forge-1.19.4_1.60.0.jar
[2026, 9, 25, 18, 47, 20] ;;; release; enhanced_survival-forge-1.20.1_1.60.0.jar
[2026, 9, 25, 18, 47, 20] ;;; release; enhanced_survival-neoforge-1.20.4_1.60.0.jar
[2026, 9, 25, 18, 47, 20] ;;; release; enhanced_survival-neoforge-1.20.6_1.60.0.jar
[2026, 9, 25, 18, 47, 20] ;;; release; enhanced_survival-neoforge-1.21.1_1.60.0.jar
[2026, 9, 25, 18, 47, 20] ;;; release; enhanced_survival-neoforge-1.21.2_1.60.0.jar
[2026, 9, 25, 18, 47, 20] ;;; release; enhanced_survival-neoforge-1.21.4_1.60.0.jar
[2026, 9, 25, 18, 47, 20] ;;; release; enhanced_survival-neoforge-1.21.5_1.60.0.jar
[2026, 9, 25, 18, 47, 20] ;;; release; enhanced_survival-neoforge-1.21.8_1.60.0.jar
[2026, 9, 25, 18, 47, 20] ;;; release; enhanced_survival-neoforge-26.1_1.60.0.jar
[2026, 9, 25, 18, 47, 20] ;;; release; enhanced_survival-neoforge-26.2_1.60.0.jar
[2026, 9, 25, 18, 47, 20] ;;; release; enhanced_survival-neoforge-26.3_1.60.0.jar
[2026, 9, 25, 18, 47, 20] ;;; release; ghosts_and_ghouls-fabric-1.21.8_1.60.0.jar
[2026, 9, 25, 18, 47, 20] ;;; release; ghosts_and_ghouls-fabric-1.21.9_1.60.0.jar
[2026, 9, 25, 18, 47, 20] ;;; release; .\releases\1.60.0\ghosts_and_ghouls-fabric-1.21.9_1.60.0.jarghosts_and_ghoulsfabric1.21.9ghosts_and_ghouls fabric 1.21.9 1.60.0
[2026, 9, 25, 18, 47, 39] ;;; release; ghosts_and_ghouls-fabric-26.1_1.60.0.jar
[2026, 9, 25, 18, 47, 39] ;;; release; .\releases\1.60.0\ghosts_and_ghouls-fabric-26.1_1.60.0.jarghosts_and_ghoulsfabric26.1ghosts_and_ghouls fabric 26.1 1.60.0
[2026, 9, 25, 18, 48, 15] ;;; release; ghosts_and_ghouls-fabric-26.2_1.60.0.jar
[2026, 9, 25, 18, 48, 15] ;;; release; .\releases\1.60.0\ghosts_and_ghouls-fabric-26.2_1.60.0.jarghosts_and_ghoulsfabric26.2ghosts_and_ghouls fabric 26.2 1.60.0
[2026, 9, 25, 18, 48, 42] ;;; release; ghosts_and_ghouls-fabric-26.3_1.60.0.jar
[2026, 9, 25, 18, 48, 42] ;;; release; ghosts_and_ghouls-forge-1.19.4_1.60.0.jar
[2026, 9, 25, 18, 48, 42] ;;; release; .\releases\1.60.0\ghosts_and_ghouls-forge-1.19.4_1.60.0.jarghosts_and_ghoulsforge1.19.4ghosts_and_ghouls forge 1.19.4 1.60.0
[2026, 9, 25, 18, 49, 4] ;;; release; ghosts_and_ghouls-forge-1.20.1_1.60.0.jar
[2026, 9, 25, 18, 49, 4] ;;; release; .\releases\1.60.0\ghosts_and_ghouls-forge-1.20.1_1.60.0.jarghosts_and_ghoulsforge1.20.1ghosts_and_ghouls forge 1.20.1 1.60.0
[2026, 9, 25, 18, 49, 24] ;;; release; ghosts_and_ghouls-neoforge-1.20.4_1.60.0.jar
[2026, 9, 25, 18, 49, 24] ;;; release; .\releases\1.60.0\ghosts_and_ghouls-neoforge-1.20.4_1.60.0.jarghosts_and_ghoulsneoforge1.20.4ghosts_and_ghouls neoforge 1.20.4 1.60.0
[2026, 9, 25, 18, 49, 49] ;;; release; ghosts_and_ghouls-neoforge-1.20.6_1.60.0.jar
[2026, 9, 25, 18, 49, 49] ;;; release; ghosts_and_ghouls-neoforge-1.21.1_1.60.0.jar
[2026, 9, 25, 18, 49, 49] ;;; release; .\releases\1.60.0\ghosts_and_ghouls-neoforge-1.21.1_1.60.0.jarghosts_and_ghoulsneoforge1.21.1ghosts_and_ghouls neoforge 1.21.1 1.60.0
[2026, 9, 25, 18, 50, 24] ;;; release; ghosts_and_ghouls-neoforge-1.21.2_1.60.0.jar
[2026, 9, 25, 18, 50, 24] ;;; release; .\releases\1.60.0\ghosts_and_ghouls-neoforge-1.21.2_1.60.0.jarghosts_and_ghoulsneoforge1.21.2ghosts_and_ghouls neoforge 1.21.2 1.60.0
[2026, 9, 25, 18, 50, 41] ;;; release; ghosts_and_ghouls-neoforge-1.21.4_1.60.0.jar
[2026, 9, 25, 18, 50, 41] ;;; release; .\releases\1.60.0\ghosts_and_ghouls-neoforge-1.21.4_1.60.0.jarghosts_and_ghoulsneoforge1.21.4ghosts_and_ghouls neoforge 1.21.4 1.60.0
[2026, 9, 25, 18, 51, 17] ;;; release; ghosts_and_ghouls-neoforge-1.21.5_1.60.0.jar
[2026, 9, 25, 18, 51, 17] ;;; release; .\releases\1.60.0\ghosts_and_ghouls-neoforge-1.21.5_1.60.0.jarghosts_and_ghoulsneoforge1.21.5ghosts_and_ghouls neoforge 1.21.5 1.60.0
[2026, 9, 25, 19, 1, 31] ;;; release; Releasing scheduled mod version!
[2026, 9, 25, 19, 22, 37] ;;; release; block_decay-fabric-1.21.10_1.60.0.jar
[2026, 9, 25, 19, 22, 37] ;;; release; block_decay-fabric-1.21.11_1.60.0.jar
[2026, 9, 25, 19, 22, 37] ;;; release; block_decay-fabric-1.21.8_1.60.0.jar
[2026, 9, 25, 19, 22, 37] ;;; release; block_decay-fabric-1.21.9_1.60.0.jar
[2026, 9, 25, 19, 22, 37] ;;; release; block_decay-fabric-26.1_1.60.0.jar
[2026, 9, 25, 19, 22, 37] ;;; release; block_decay-fabric-26.2_1.60.0.jar
[2026, 9, 25, 19, 22, 37] ;;; release; block_decay-fabric-26.3_1.60.0.jar
[2026, 9, 25, 19, 22, 37] ;;; release; block_decay-forge-1.19.4_1.60.0.jar
[2026, 9, 25, 19, 22, 37] ;;; release; block_decay-forge-1.20.1_1.60.0.jar
[2026, 9, 25, 19, 22, 37] ;;; release; block_decay-neoforge-1.20.4_1.60.0.jar
[2026, 9, 25, 19, 22, 37] ;;; release; block_decay-neoforge-1.20.6_1.60.0.jar
[2026, 9, 25, 19, 22, 37] ;;; release; block_decay-neoforge-1.21.10_1.60.0.jar
[2026, 9, 25, 19, 22, 37] ;;; release; block_decay-neoforge-1.21.11_1.60.0.jar
[2026, 9, 25, 19, 22, 37] ;;; release; block_decay-neoforge-1.21.1_1.60.0.jar
[2026, 9, 25, 19, 22, 37] ;;; release; block_decay-neoforge-1.21.2_1.60.0.jar
[2026, 9, 25, 19, 22, 37] ;;; release; block_decay-neoforge-1.21.4_1.60.0.jar
[2026, 9, 25, 19, 22, 37] ;;; release; block_decay-neoforge-1.21.5_1.60.0.jar
[2026, 9, 25, 19, 22, 37] ;;; release; block_decay-neoforge-1.21.8_1.60.0.jar
[2026, 9, 25, 19, 22, 37] ;;; release; block_decay-neoforge-1.21.9_1.60.0.jar
[2026, 9, 25, 19, 22, 37] ;;; release; block_decay-neoforge-1.21_1.60.0.jar
[2026, 9, 25, 19, 22, 37] ;;; release; block_decay-neoforge-26.1_1.60.0.jar
[2026, 9, 25, 19, 22, 37] ;;; release; block_decay-neoforge-26.2_1.60.0.jar
[2026, 9, 25, 19, 22, 37] ;;; release; block_decay-neoforge-26.3_1.60.0.jar
[2026, 9, 25, 19, 22, 37] ;;; release; desire_paths-fabric-1.21.8_1.60.0.jar
[2026, 9, 25, 19, 22, 37] ;;; release; desire_paths-fabric-1.21.9_1.60.0.jar
[2026, 9, 25, 19, 22, 37] ;;; release; desire_paths-fabric-26.1_1.60.0.jar
[2026, 9, 25, 19, 22, 37] ;;; release; desire_paths-fabric-26.2_1.60.0.jar
[2026, 9, 25, 19, 22, 37] ;;; release; desire_paths-fabric-26.3_1.60.0.jar
[2026, 9, 25, 19, 22, 37] ;;; release; desire_paths-forge-1.19.4_1.60.0.jar
[2026, 9, 25, 19, 22, 37] ;;; release; desire_paths-forge-1.20.1_1.60.0.jar
[2026, 9, 25, 19, 22, 37] ;;; release; desire_paths-neoforge-1.20.4_1.60.0.jar
[2026, 9, 25, 19, 22, 37] ;;; release; desire_paths-neoforge-1.20.6_1.60.0.jar
[2026, 9, 25, 19, 22, 37] ;;; release; desire_paths-neoforge-1.21.1_1.60.0.jar
[2026, 9, 25, 19, 22, 37] ;;; release; desire_paths-neoforge-1.21.2_1.60.0.jar
[2026, 9, 25, 19, 22, 37] ;;; release; desire_paths-neoforge-1.21.4_1.60.0.jar
[2026, 9, 25, 19, 22, 37] ;;; release; desire_paths-neoforge-1.21.5_1.60.0.jar
[2026, 9, 25, 19, 22, 37] ;;; release; desire_paths-neoforge-1.21.8_1.60.0.jar
[2026, 9, 25, 19, 22, 37] ;;; release; desire_paths-neoforge-26.1_1.60.0.jar
[2026, 9, 25, 19, 22, 37] ;;; release; desire_paths-neoforge-26.2_1.60.0.jar
[2026, 9, 25, 19, 22, 37] ;;; release; desire_paths-neoforge-26.3_1.60.0.jar
[2026, 9, 25, 19, 22, 37] ;;; release; dynamic_dirt-fabric-1.21.8_1.60.0.jar
[2026, 9, 25, 19, 22, 37] ;;; release; dynamic_dirt-fabric-1.21.9_1.60.0.jar
[2026, 9, 25, 19, 22, 37] ;;; release; dynamic_dirt-fabric-26.1_1.60.0.jar
[2026, 9, 25, 19, 22, 37] ;;; release; dynamic_dirt-fabric-26.2_1.60.0.jar
[2026, 9, 25, 19, 22, 37] ;;; release; dynamic_dirt-fabric-26.3_1.60.0.jar
[2026, 9, 25, 19, 22, 37] ;;; release; dynamic_dirt-forge-1.19.4_1.60.0.jar
[2026, 9, 25, 19, 22, 37] ;;; release; dynamic_dirt-forge-1.20.1_1.60.0.jar
[2026, 9, 25, 19, 22, 37] ;;; release; dynamic_dirt-neoforge-1.20.4_1.60.0.jar
[2026, 9, 25, 19, 22, 37] ;;; release; dynamic_dirt-neoforge-1.20.6_1.60.0.jar
[2026, 9, 25, 19, 22, 37] ;;; release; dynamic_dirt-neoforge-1.21.1_1.60.0.jar
[2026, 9, 25, 19, 22, 37] ;;; release; dynamic_dirt-neoforge-1.21.2_1.60.0.jar
[2026, 9, 25, 19, 22, 37] ;;; release; dynamic_dirt-neoforge-1.21.4_1.60.0.jar
[2026, 9, 25, 19, 22, 37] ;;; release; dynamic_dirt-neoforge-1.21.5_1.60.0.jar
[2026, 9, 25, 19, 22, 37] ;;; release; dynamic_dirt-neoforge-1.21.8_1.60.0.jar
[2026, 9, 25, 19, 22, 37] ;;; release; dynamic_dirt-neoforge-26.1_1.60.0.jar
[2026, 9, 25, 19, 22, 37] ;;; release; dynamic_dirt-neoforge-26.2_1.60.0.jar
[2026, 9, 25, 19, 22, 37] ;;; release; dynamic_dirt-neoforge-26.3_1.60.0.jar
[2026, 9, 25, 19, 22, 37] ;;; release; dynamic_ecosystems-fabric-1.21.8_1.60.0.jar
[2026, 9, 25, 19, 22, 37] ;;; release; dynamic_ecosystems-fabric-1.21.9_1.60.0.jar
[2026, 9, 25, 19, 22, 37] ;;; release; dynamic_ecosystems-fabric-26.1_1.60.0.jar
[2026, 9, 25, 19, 22, 37] ;;; release; dynamic_ecosystems-fabric-26.2_1.60.0.jar
[2026, 9, 25, 19, 22, 37] ;;; release; dynamic_ecosystems-fabric-26.3_1.60.0.jar
[2026, 9, 25, 19, 22, 37] ;;; release; dynamic_ecosystems-forge-1.19.4_1.60.0.jar
[2026, 9, 25, 19, 22, 37] ;;; release; dynamic_ecosystems-forge-1.20.1_1.60.0.jar
[2026, 9, 25, 19, 22, 37] ;;; release; dynamic_ecosystems-neoforge-1.20.4_1.60.0.jar
[2026, 9, 25, 19, 22, 37] ;;; release; dynamic_ecosystems-neoforge-1.20.6_1.60.0.jar
[2026, 9, 25, 19, 22, 37] ;;; release; dynamic_ecosystems-neoforge-1.21.1_1.60.0.jar
[2026, 9, 25, 19, 22, 37] ;;; release; dynamic_ecosystems-neoforge-1.21.2_1.60.0.jar
[2026, 9, 25, 19, 22, 37] ;;; release; dynamic_ecosystems-neoforge-1.21.4_1.60.0.jar
[2026, 9, 25, 19, 22, 37] ;;; release; dynamic_ecosystems-neoforge-1.21.5_1.60.0.jar
[2026, 9, 25, 19, 22, 37] ;;; release; dynamic_ecosystems-neoforge-1.21.8_1.60.0.jar
[2026, 9, 25, 19, 22, 37] ;;; release; dynamic_ecosystems-neoforge-26.1_1.60.0.jar
[2026, 9, 25, 19, 22, 37] ;;; release; dynamic_ecosystems-neoforge-26.2_1.60.0.jar
[2026, 9, 25, 19, 22, 37] ;;; release; dynamic_ecosystems-neoforge-26.3_1.60.0.jar
[2026, 9, 25, 19, 22, 37] ;;; release; dynamic_monsters-fabric-1.21.8_1.60.0.jar
[2026, 9, 25, 19, 22, 37] ;;; release; dynamic_monsters-fabric-1.21.9_1.60.0.jar
[2026, 9, 25, 19, 22, 37] ;;; release; dynamic_monsters-fabric-26.1_1.60.0.jar
[2026, 9, 25, 19, 22, 37] ;;; release; dynamic_monsters-fabric-26.2_1.60.0.jar
[2026, 9, 25, 19, 22, 37] ;;; release; dynamic_monsters-fabric-26.3_1.60.0.jar
[2026, 9, 25, 19, 22, 37] ;;; release; dynamic_monsters-forge-1.19.4_1.60.0.jar
[2026, 9, 25, 19, 22, 37] ;;; release; dynamic_monsters-forge-1.20.1_1.60.0.jar
[2026, 9, 25, 19, 22, 37] ;;; release; dynamic_monsters-neoforge-1.20.4_1.60.0.jar
[2026, 9, 25, 19, 22, 37] ;;; release; dynamic_monsters-neoforge-1.20.6_1.60.0.jar
[2026, 9, 25, 19, 22, 37] ;;; release; dynamic_monsters-neoforge-1.21.1_1.60.0.jar
[2026, 9, 25, 19, 22, 37] ;;; release; dynamic_monsters-neoforge-1.21.2_1.60.0.jar
[2026, 9, 25, 19, 22, 37] ;;; release; dynamic_monsters-neoforge-1.21.4_1.60.0.jar
[2026, 9, 25, 19, 22, 37] ;;; release; dynamic_monsters-neoforge-1.21.5_1.60.0.jar
[2026, 9, 25, 19, 22, 37] ;;; release; dynamic_monsters-neoforge-1.21.8_1.60.0.jar
[2026, 9, 25, 19, 22, 37] ;;; release; dynamic_monsters-neoforge-26.1_1.60.0.jar
[2026, 9, 25, 19, 22, 37] ;;; release; dynamic_monsters-neoforge-26.2_1.60.0.jar
[2026, 9, 25, 19, 22, 37] ;;; release; dynamic_monsters-neoforge-26.3_1.60.0.jar
[2026, 9, 25, 19, 22, 37] ;;; release; enhanced_survival-fabric-1.21.8_1.60.0.jar
[2026, 9, 25, 19, 22, 37] ;;; release; enhanced_survival-fabric-1.21.9_1.60.0.jar
[2026, 9, 25, 19, 22, 37] ;;; release; enhanced_survival-fabric-26.1_1.60.0.jar
[2026, 9, 25, 19, 22, 37] ;;; release; enhanced_survival-fabric-26.2_1.60.0.jar
[2026, 9, 25, 19, 22, 37] ;;; release; enhanced_survival-fabric-26.3_1.60.0.jar
[2026, 9, 25, 19, 22, 37] ;;; release; enhanced_survival-forge-1.19.4_1.60.0.jar
[2026, 9, 25, 19, 22, 37] ;;; release; enhanced_survival-forge-1.20.1_1.60.0.jar
[2026, 9, 25, 19, 22, 37] ;;; release; enhanced_survival-neoforge-1.20.4_1.60.0.jar
[2026, 9, 25, 19, 22, 37] ;;; release; enhanced_survival-neoforge-1.20.6_1.60.0.jar
[2026, 9, 25, 19, 22, 37] ;;; release; enhanced_survival-neoforge-1.21.1_1.60.0.jar
[2026, 9, 25, 19, 22, 37] ;;; release; enhanced_survival-neoforge-1.21.2_1.60.0.jar
[2026, 9, 25, 19, 22, 37] ;;; release; enhanced_survival-neoforge-1.21.4_1.60.0.jar
[2026, 9, 25, 19, 22, 37] ;;; release; enhanced_survival-neoforge-1.21.5_1.60.0.jar
[2026, 9, 25, 19, 22, 37] ;;; release; enhanced_survival-neoforge-1.21.8_1.60.0.jar
[2026, 9, 25, 19, 22, 37] ;;; release; enhanced_survival-neoforge-26.1_1.60.0.jar
[2026, 9, 25, 19, 22, 37] ;;; release; enhanced_survival-neoforge-26.2_1.60.0.jar
[2026, 9, 25, 19, 22, 37] ;;; release; enhanced_survival-neoforge-26.3_1.60.0.jar
[2026, 9, 25, 19, 22, 37] ;;; release; ghosts_and_ghouls-fabric-1.21.8_1.60.0.jar
[2026, 9, 25, 19, 22, 37] ;;; release; ghosts_and_ghouls-fabric-1.21.9_1.60.0.jar
[2026, 9, 25, 19, 22, 37] ;;; release; ghosts_and_ghouls-fabric-26.1_1.60.0.jar
[2026, 9, 25, 19, 22, 37] ;;; release; ghosts_and_ghouls-fabric-26.2_1.60.0.jar
[2026, 9, 25, 19, 22, 37] ;;; release; ghosts_and_ghouls-fabric-26.3_1.60.0.jar
[2026, 9, 25, 19, 22, 37] ;;; release; ghosts_and_ghouls-forge-1.19.4_1.60.0.jar
[2026, 9, 25, 19, 22, 37] ;;; release; ghosts_and_ghouls-forge-1.20.1_1.60.0.jar
[2026, 9, 25, 19, 22, 37] ;;; release; ghosts_and_ghouls-neoforge-1.20.4_1.60.0.jar
[2026, 9, 25, 19, 22, 37] ;;; release; ghosts_and_ghouls-neoforge-1.20.6_1.60.0.jar
[2026, 9, 25, 19, 22, 37] ;;; release; ghosts_and_ghouls-neoforge-1.21.1_1.60.0.jar
[2026, 9, 25, 19, 22, 37] ;;; release; ghosts_and_ghouls-neoforge-1.21.2_1.60.0.jar
[2026, 9, 25, 19, 22, 37] ;;; release; ghosts_and_ghouls-neoforge-1.21.4_1.60.0.jar
[2026, 9, 25, 19, 22, 37] ;;; release; ghosts_and_ghouls-neoforge-1.21.5_1.60.0.jar
[2026, 9, 25, 19, 22, 37] ;;; release; ghosts_and_ghouls-neoforge-1.21.8_1.60.0.jar
[2026, 9, 25, 19, 22, 37] ;;; release; ghosts_and_ghouls-neoforge-26.1_1.60.0.jar
[2026, 9, 25, 19, 22, 37] ;;; release; ghosts_and_ghouls-neoforge-26.2_1.60.0.jar
[2026, 9, 25, 19, 22, 37] ;;; release; ghosts_and_ghouls-neoforge-26.3_1.60.0.jar
[2026, 9, 25, 19, 22, 37] ;;; release; gothic_horror-fabric-1.21.8_1.60.0.jar
[2026, 9, 25, 19, 22, 37] ;;; release; gothic_horror-fabric-1.21.9_1.60.0.jar
[2026, 9, 25, 19, 22, 37] ;;; release; gothic_horror-fabric-26.1_1.60.0.jar
[2026, 9, 25, 19, 22, 37] ;;; release; gothic_horror-fabric-26.2_1.60.0.jar
[2026, 9, 25, 19, 22, 37] ;;; release; gothic_horror-fabric-26.3_1.60.0.jar
[2026, 9, 25, 19, 22, 37] ;;; release; gothic_horror-forge-1.19.4_1.60.0.jar
[2026, 9, 25, 19, 22, 37] ;;; release; gothic_horror-forge-1.20.1_1.60.0.jar
[2026, 9, 25, 19, 22, 37] ;;; release; gothic_horror-neoforge-1.20.4_1.60.0.jar
[2026, 9, 25, 19, 22, 37] ;;; release; gothic_horror-neoforge-1.20.6_1.60.0.jar
[2026, 9, 25, 19, 22, 37] ;;; release; gothic_horror-neoforge-1.21.1_1.60.0.jar
[2026, 9, 25, 19, 22, 37] ;;; release; gothic_horror-neoforge-1.21.2_1.60.0.jar
[2026, 9, 25, 19, 22, 37] ;;; release; gothic_horror-neoforge-1.21.4_1.60.0.jar
[2026, 9, 25, 19, 22, 37] ;;; release; gothic_horror-neoforge-1.21.5_1.60.0.jar
[2026, 9, 25, 19, 22, 37] ;;; release; gothic_horror-neoforge-1.21.8_1.60.0.jar
[2026, 9, 25, 19, 22, 37] ;;; release; gothic_horror-neoforge-26.1_1.60.0.jar
[2026, 9, 25, 19, 22, 37] ;;; release; gothic_horror-neoforge-26.2_1.60.0.jar
[2026, 9, 25, 19, 22, 37] ;;; release; gothic_horror-neoforge-26.3_1.60.0.jar
[2026, 9, 25, 19, 22, 37] ;;; release; gstools-fabric-1.21.8_1.60.0.jar
[2026, 9, 25, 19, 22, 37] ;;; release; .\releases\1.60.0\gstools-fabric-1.21.8_1.60.0.jargstoolsfabric1.21.8gstools fabric 1.21.8 1.60.0
[2026, 9, 25, 19, 32, 45] ;;; release; Releasing scheduled mod version!
[2026, 9, 25, 19, 53, 10] ;;; release; block_decay-fabric-1.21.10_1.60.0.jar
[2026, 9, 25, 19, 53, 10] ;;; release; block_decay-fabric-1.21.11_1.60.0.jar
[2026, 9, 25, 19, 53, 10] ;;; release; block_decay-fabric-1.21.8_1.60.0.jar
[2026, 9, 25, 19, 53, 10] ;;; release; block_decay-fabric-1.21.9_1.60.0.jar
[2026, 9, 25, 19, 53, 10] ;;; release; block_decay-fabric-26.1_1.60.0.jar
[2026, 9, 25, 19, 53, 10] ;;; release; block_decay-fabric-26.2_1.60.0.jar
[2026, 9, 25, 19, 53, 10] ;;; release; block_decay-fabric-26.3_1.60.0.jar
[2026, 9, 25, 19, 53, 10] ;;; release; block_decay-forge-1.19.4_1.60.0.jar
[2026, 9, 25, 19, 53, 10] ;;; release; block_decay-forge-1.20.1_1.60.0.jar
[2026, 9, 25, 19, 53, 10] ;;; release; block_decay-neoforge-1.20.4_1.60.0.jar
[2026, 9, 25, 19, 53, 10] ;;; release; block_decay-neoforge-1.20.6_1.60.0.jar
[2026, 9, 25, 19, 53, 10] ;;; release; block_decay-neoforge-1.21.10_1.60.0.jar
[2026, 9, 25, 19, 53, 10] ;;; release; block_decay-neoforge-1.21.11_1.60.0.jar
[2026, 9, 25, 19, 53, 10] ;;; release; block_decay-neoforge-1.21.1_1.60.0.jar
[2026, 9, 25, 19, 53, 10] ;;; release; block_decay-neoforge-1.21.2_1.60.0.jar
[2026, 9, 25, 19, 53, 10] ;;; release; block_decay-neoforge-1.21.4_1.60.0.jar
[2026, 9, 25, 19, 53, 10] ;;; release; block_decay-neoforge-1.21.5_1.60.0.jar
[2026, 9, 25, 19, 53, 10] ;;; release; block_decay-neoforge-1.21.8_1.60.0.jar
[2026, 9, 25, 19, 53, 10] ;;; release; block_decay-neoforge-1.21.9_1.60.0.jar
[2026, 9, 25, 19, 53, 10] ;;; release; block_decay-neoforge-1.21_1.60.0.jar
[2026, 9, 25, 19, 53, 10] ;;; release; block_decay-neoforge-26.1_1.60.0.jar
[2026, 9, 25, 19, 53, 10] ;;; release; block_decay-neoforge-26.2_1.60.0.jar
[2026, 9, 25, 19, 53, 10] ;;; release; block_decay-neoforge-26.3_1.60.0.jar
[2026, 9, 25, 19, 53, 10] ;;; release; desire_paths-fabric-1.21.8_1.60.0.jar
[2026, 9, 25, 19, 53, 10] ;;; release; desire_paths-fabric-1.21.9_1.60.0.jar
[2026, 9, 25, 19, 53, 10] ;;; release; desire_paths-fabric-26.1_1.60.0.jar
[2026, 9, 25, 19, 53, 10] ;;; release; desire_paths-fabric-26.2_1.60.0.jar
[2026, 9, 25, 19, 53, 10] ;;; release; desire_paths-fabric-26.3_1.60.0.jar
[2026, 9, 25, 19, 53, 10] ;;; release; desire_paths-forge-1.19.4_1.60.0.jar
[2026, 9, 25, 19, 53, 10] ;;; release; desire_paths-forge-1.20.1_1.60.0.jar
[2026, 9, 25, 19, 53, 10] ;;; release; desire_paths-neoforge-1.20.4_1.60.0.jar
[2026, 9, 25, 19, 53, 10] ;;; release; desire_paths-neoforge-1.20.6_1.60.0.jar
[2026, 9, 25, 19, 53, 10] ;;; release; desire_paths-neoforge-1.21.1_1.60.0.jar
[2026, 9, 25, 19, 53, 10] ;;; release; desire_paths-neoforge-1.21.2_1.60.0.jar
[2026, 9, 25, 19, 53, 10] ;;; release; desire_paths-neoforge-1.21.4_1.60.0.jar
[2026, 9, 25, 19, 53, 10] ;;; release; desire_paths-neoforge-1.21.5_1.60.0.jar
[2026, 9, 25, 19, 53, 10] ;;; release; desire_paths-neoforge-1.21.8_1.60.0.jar
[2026, 9, 25, 19, 53, 10] ;;; release; desire_paths-neoforge-26.1_1.60.0.jar
[2026, 9, 25, 19, 53, 10] ;;; release; desire_paths-neoforge-26.2_1.60.0.jar
[2026, 9, 25, 19, 53, 10] ;;; release; desire_paths-neoforge-26.3_1.60.0.jar
[2026, 9, 25, 19, 53, 10] ;;; release; dynamic_dirt-fabric-1.21.8_1.60.0.jar
[2026, 9, 25, 19, 53, 10] ;;; release; dynamic_dirt-fabric-1.21.9_1.60.0.jar
[2026, 9, 25, 19, 53, 10] ;;; release; dynamic_dirt-fabric-26.1_1.60.0.jar
[2026, 9, 25, 19, 53, 10] ;;; release; dynamic_dirt-fabric-26.2_1.60.0.jar
[2026, 9, 25, 19, 53, 10] ;;; release; dynamic_dirt-fabric-26.3_1.60.0.jar
[2026, 9, 25, 19, 53, 10] ;;; release; dynamic_dirt-forge-1.19.4_1.60.0.jar
[2026, 9, 25, 19, 53, 10] ;;; release; dynamic_dirt-forge-1.20.1_1.60.0.jar
[2026, 9, 25, 19, 53, 10] ;;; release; dynamic_dirt-neoforge-1.20.4_1.60.0.jar
[2026, 9, 25, 19, 53, 10] ;;; release; dynamic_dirt-neoforge-1.20.6_1.60.0.jar
[2026, 9, 25, 19, 53, 10] ;;; release; dynamic_dirt-neoforge-1.21.1_1.60.0.jar
[2026, 9, 25, 19, 53, 10] ;;; release; dynamic_dirt-neoforge-1.21.2_1.60.0.jar
[2026, 9, 25, 19, 53, 10] ;;; release; dynamic_dirt-neoforge-1.21.4_1.60.0.jar
[2026, 9, 25, 19, 53, 10] ;;; release; dynamic_dirt-neoforge-1.21.5_1.60.0.jar
[2026, 9, 25, 19, 53, 10] ;;; release; dynamic_dirt-neoforge-1.21.8_1.60.0.jar
[2026, 9, 25, 19, 53, 10] ;;; release; dynamic_dirt-neoforge-26.1_1.60.0.jar
[2026, 9, 25, 19, 53, 10] ;;; release; dynamic_dirt-neoforge-26.2_1.60.0.jar
[2026, 9, 25, 19, 53, 10] ;;; release; dynamic_dirt-neoforge-26.3_1.60.0.jar
[2026, 9, 25, 19, 53, 10] ;;; release; dynamic_ecosystems-fabric-1.21.8_1.60.0.jar
[2026, 9, 25, 19, 53, 10] ;;; release; dynamic_ecosystems-fabric-1.21.9_1.60.0.jar
[2026, 9, 25, 19, 53, 10] ;;; release; dynamic_ecosystems-fabric-26.1_1.60.0.jar
[2026, 9, 25, 19, 53, 10] ;;; release; dynamic_ecosystems-fabric-26.2_1.60.0.jar
[2026, 9, 25, 19, 53, 10] ;;; release; dynamic_ecosystems-fabric-26.3_1.60.0.jar
[2026, 9, 25, 19, 53, 10] ;;; release; dynamic_ecosystems-forge-1.19.4_1.60.0.jar
[2026, 9, 25, 19, 53, 10] ;;; release; dynamic_ecosystems-forge-1.20.1_1.60.0.jar
[2026, 9, 25, 19, 53, 10] ;;; release; dynamic_ecosystems-neoforge-1.20.4_1.60.0.jar
[2026, 9, 25, 19, 53, 10] ;;; release; dynamic_ecosystems-neoforge-1.20.6_1.60.0.jar
[2026, 9, 25, 19, 53, 10] ;;; release; dynamic_ecosystems-neoforge-1.21.1_1.60.0.jar
[2026, 9, 25, 19, 53, 10] ;;; release; dynamic_ecosystems-neoforge-1.21.2_1.60.0.jar
[2026, 9, 25, 19, 53, 10] ;;; release; dynamic_ecosystems-neoforge-1.21.4_1.60.0.jar
[2026, 9, 25, 19, 53, 11] ;;; release; dynamic_ecosystems-neoforge-1.21.5_1.60.0.jar
[2026, 9, 25, 19, 53, 11] ;;; release; dynamic_ecosystems-neoforge-1.21.8_1.60.0.jar
[2026, 9, 25, 19, 53, 11] ;;; release; dynamic_ecosystems-neoforge-26.1_1.60.0.jar
[2026, 9, 25, 19, 53, 11] ;;; release; dynamic_ecosystems-neoforge-26.2_1.60.0.jar
[2026, 9, 25, 19, 53, 11] ;;; release; dynamic_ecosystems-neoforge-26.3_1.60.0.jar
[2026, 9, 25, 19, 53, 11] ;;; release; dynamic_monsters-fabric-1.21.8_1.60.0.jar
[2026, 9, 25, 19, 53, 11] ;;; release; dynamic_monsters-fabric-1.21.9_1.60.0.jar
[2026, 9, 25, 19, 53, 11] ;;; release; dynamic_monsters-fabric-26.1_1.60.0.jar
[2026, 9, 25, 19, 53, 11] ;;; release; dynamic_monsters-fabric-26.2_1.60.0.jar
[2026, 9, 25, 19, 53, 11] ;;; release; dynamic_monsters-fabric-26.3_1.60.0.jar
[2026, 9, 25, 19, 53, 11] ;;; release; dynamic_monsters-forge-1.19.4_1.60.0.jar
[2026, 9, 25, 19, 53, 11] ;;; release; dynamic_monsters-forge-1.20.1_1.60.0.jar
[2026, 9, 25, 19, 53, 11] ;;; release; dynamic_monsters-neoforge-1.20.4_1.60.0.jar
[2026, 9, 25, 19, 53, 11] ;;; release; dynamic_monsters-neoforge-1.20.6_1.60.0.jar
[2026, 9, 25, 19, 53, 11] ;;; release; dynamic_monsters-neoforge-1.21.1_1.60.0.jar
[2026, 9, 25, 19, 53, 11] ;;; release; dynamic_monsters-neoforge-1.21.2_1.60.0.jar
[2026, 9, 25, 19, 53, 11] ;;; release; dynamic_monsters-neoforge-1.21.4_1.60.0.jar
[2026, 9, 25, 19, 53, 11] ;;; release; dynamic_monsters-neoforge-1.21.5_1.60.0.jar
[2026, 9, 25, 19, 53, 11] ;;; release; dynamic_monsters-neoforge-1.21.8_1.60.0.jar
[2026, 9, 25, 19, 53, 11] ;;; release; dynamic_monsters-neoforge-26.1_1.60.0.jar
[2026, 9, 25, 19, 53, 11] ;;; release; dynamic_monsters-neoforge-26.2_1.60.0.jar
[2026, 9, 25, 19, 53, 11] ;;; release; dynamic_monsters-neoforge-26.3_1.60.0.jar
[2026, 9, 25, 19, 53, 11] ;;; release; enhanced_survival-fabric-1.21.8_1.60.0.jar
[2026, 9, 25, 19, 53, 11] ;;; release; enhanced_survival-fabric-1.21.9_1.60.0.jar
[2026, 9, 25, 19, 53, 11] ;;; release; enhanced_survival-fabric-26.1_1.60.0.jar
[2026, 9, 25, 19, 53, 11] ;;; release; enhanced_survival-fabric-26.2_1.60.0.jar
[2026, 9, 25, 19, 53, 11] ;;; release; enhanced_survival-fabric-26.3_1.60.0.jar
[2026, 9, 25, 19, 53, 11] ;;; release; enhanced_survival-forge-1.19.4_1.60.0.jar
[2026, 9, 25, 19, 53, 11] ;;; release; enhanced_survival-forge-1.20.1_1.60.0.jar
[2026, 9, 25, 19, 53, 11] ;;; release; enhanced_survival-neoforge-1.20.4_1.60.0.jar
[2026, 9, 25, 19, 53, 11] ;;; release; enhanced_survival-neoforge-1.20.6_1.60.0.jar
[2026, 9, 25, 19, 53, 11] ;;; release; enhanced_survival-neoforge-1.21.1_1.60.0.jar
[2026, 9, 25, 19, 53, 11] ;;; release; enhanced_survival-neoforge-1.21.2_1.60.0.jar
[2026, 9, 25, 19, 53, 11] ;;; release; enhanced_survival-neoforge-1.21.4_1.60.0.jar
[2026, 9, 25, 19, 53, 11] ;;; release; enhanced_survival-neoforge-1.21.5_1.60.0.jar
[2026, 9, 25, 19, 53, 11] ;;; release; enhanced_survival-neoforge-1.21.8_1.60.0.jar
[2026, 9, 25, 19, 53, 11] ;;; release; enhanced_survival-neoforge-26.1_1.60.0.jar
[2026, 9, 25, 19, 53, 11] ;;; release; enhanced_survival-neoforge-26.2_1.60.0.jar
[2026, 9, 25, 19, 53, 11] ;;; release; enhanced_survival-neoforge-26.3_1.60.0.jar
[2026, 9, 25, 19, 53, 11] ;;; release; ghosts_and_ghouls-fabric-1.21.8_1.60.0.jar
[2026, 9, 25, 19, 53, 11] ;;; release; ghosts_and_ghouls-fabric-1.21.9_1.60.0.jar
[2026, 9, 25, 19, 53, 11] ;;; release; ghosts_and_ghouls-fabric-26.1_1.60.0.jar
[2026, 9, 25, 19, 53, 11] ;;; release; ghosts_and_ghouls-fabric-26.2_1.60.0.jar
[2026, 9, 25, 19, 53, 11] ;;; release; ghosts_and_ghouls-fabric-26.3_1.60.0.jar
[2026, 9, 25, 19, 53, 11] ;;; release; ghosts_and_ghouls-forge-1.19.4_1.60.0.jar
[2026, 9, 25, 19, 53, 11] ;;; release; ghosts_and_ghouls-forge-1.20.1_1.60.0.jar
[2026, 9, 25, 19, 53, 11] ;;; release; ghosts_and_ghouls-neoforge-1.20.4_1.60.0.jar
[2026, 9, 25, 19, 53, 11] ;;; release; ghosts_and_ghouls-neoforge-1.20.6_1.60.0.jar
[2026, 9, 25, 19, 53, 11] ;;; release; ghosts_and_ghouls-neoforge-1.21.1_1.60.0.jar
[2026, 9, 25, 19, 53, 11] ;;; release; ghosts_and_ghouls-neoforge-1.21.2_1.60.0.jar
[2026, 9, 25, 19, 53, 11] ;;; release; ghosts_and_ghouls-neoforge-1.21.4_1.60.0.jar
[2026, 9, 25, 19, 53, 11] ;;; release; ghosts_and_ghouls-neoforge-1.21.5_1.60.0.jar
[2026, 9, 25, 19, 53, 11] ;;; release; ghosts_and_ghouls-neoforge-1.21.8_1.60.0.jar
[2026, 9, 25, 19, 53, 11] ;;; release; ghosts_and_ghouls-neoforge-26.1_1.60.0.jar
[2026, 9, 25, 19, 53, 11] ;;; release; ghosts_and_ghouls-neoforge-26.2_1.60.0.jar
[2026, 9, 25, 19, 53, 11] ;;; release; ghosts_and_ghouls-neoforge-26.3_1.60.0.jar
[2026, 9, 25, 19, 53, 11] ;;; release; gothic_horror-fabric-1.21.8_1.60.0.jar
[2026, 9, 25, 19, 53, 11] ;;; release; gothic_horror-fabric-1.21.9_1.60.0.jar
[2026, 9, 25, 19, 53, 11] ;;; release; gothic_horror-fabric-26.1_1.60.0.jar
[2026, 9, 25, 19, 53, 11] ;;; release; gothic_horror-fabric-26.2_1.60.0.jar
[2026, 9, 25, 19, 53, 11] ;;; release; gothic_horror-fabric-26.3_1.60.0.jar
[2026, 9, 25, 19, 53, 11] ;;; release; gothic_horror-forge-1.19.4_1.60.0.jar
[2026, 9, 25, 19, 53, 11] ;;; release; gothic_horror-forge-1.20.1_1.60.0.jar
[2026, 9, 25, 19, 53, 11] ;;; release; gothic_horror-neoforge-1.20.4_1.60.0.jar
[2026, 9, 25, 19, 53, 11] ;;; release; gothic_horror-neoforge-1.20.6_1.60.0.jar
[2026, 9, 25, 19, 53, 11] ;;; release; gothic_horror-neoforge-1.21.1_1.60.0.jar
[2026, 9, 25, 19, 53, 11] ;;; release; gothic_horror-neoforge-1.21.2_1.60.0.jar
[2026, 9, 25, 19, 53, 11] ;;; release; gothic_horror-neoforge-1.21.4_1.60.0.jar
[2026, 9, 25, 19, 53, 11] ;;; release; gothic_horror-neoforge-1.21.5_1.60.0.jar
[2026, 9, 25, 19, 53, 11] ;;; release; gothic_horror-neoforge-1.21.8_1.60.0.jar
[2026, 9, 25, 19, 53, 11] ;;; release; gothic_horror-neoforge-26.1_1.60.0.jar
[2026, 9, 25, 19, 53, 11] ;;; release; gothic_horror-neoforge-26.2_1.60.0.jar
[2026, 9, 25, 19, 53, 11] ;;; release; gothic_horror-neoforge-26.3_1.60.0.jar
[2026, 9, 25, 19, 53, 11] ;;; release; gstools-fabric-1.21.8_1.60.0.jar
[2026, 9, 25, 19, 53, 11] ;;; release; .\releases\1.60.0\gstools-fabric-1.21.8_1.60.0.jargstoolsfabric1.21.8gstools fabric 1.21.8 1.60.0
[2026, 9, 25, 20, 3, 18] ;;; release; Releasing scheduled mod version!
[2026, 9, 25, 20, 8, 4] ;;; release; Nothing to release.
[2026, 9, 25, 20, 18, 5] ;;; release; Nothing to release.
[2026, 9, 25, 20, 28, 7] ;;; release; Nothing to release.
[2026, 9, 25, 20, 38, 9] ;;; release; Nothing to release.
[2026, 9, 25, 20, 48, 10] ;;; release; Nothing to release.
[2026, 9, 25, 20, 58, 11] ;;; release; Nothing to release.
[2026, 9, 25, 21, 8, 12] ;;; release; Nothing to release.
[2026, 9, 25, 21, 18, 13] ;;; release; Nothing to release.
[2026, 9, 25, 21, 28, 14] ;;; release; Nothing to release.
[2026, 9, 25, 21, 38, 15] ;;; release; Nothing to release.
[2026, 9, 25, 21, 40, 14] ;;; release; Nothing to release.
[2026, 9, 25, 21, 50, 15] ;;; release; Nothing to release.
[2026, 9, 25, 22, 0, 16] ;;; release; Nothing to release.
[2026, 9, 25, 22, 10, 17] ;;; release; Nothing to release.
[2026, 9, 25, 22, 20, 18] ;;; release; Nothing to release.
[2026, 9, 25, 22, 30, 19] ;;; release; Nothing to release.
[2026, 9, 25, 22, 40, 20] ;;; release; Nothing to release.
[2026, 9, 25, 22, 50, 21] ;;; release; Nothing to release.
[2026, 9, 25, 23, 0, 22] ;;; release; Nothing to release.
[2026, 9, 25, 23, 10, 23] ;;; release; Nothing to release.
[2026, 9, 25, 23, 20, 24] ;;; release; Nothing to release.
[2026, 9, 25, 23, 30, 25] ;;; release; Nothing to release.
[2026, 9, 25, 23, 40, 26] ;;; release; Nothing to release.
[2026, 9, 25, 23, 50, 27] ;;; release; Nothing to release.